relative_path,file_name,extension,top_group,depth,package_state,korean_description
00_READ_ME_FIRST/ALGORITHM_AND_RESULT_GUIDE_KO.txt,ALGORITHM_AND_RESULT_GUIDE_KO.txt,.txt,00_READ_ME_FIRST,1,current_package_member_or_evidence,수정·구축한 알고리즘과 활용 결과를 한국어로 요약한 안내
00_READ_ME_FIRST/ALGORITHM_FILE_INDEX.csv,ALGORITHM_FILE_INDEX.csv,.csv,00_READ_ME_FIRST,1,current_package_member_or_evidence,재개에 유효한 알고리즘 파일별 경로·SHA·역할·실행 등급 목록
00_READ_ME_FIRST/ALGORITHM_PIPELINE_INDEX.csv,ALGORITHM_PIPELINE_INDEX.csv,.csv,00_READ_ME_FIRST,1,current_package_member_or_evidence,파이프라인별 목적·입력·출력·entrypoint·근거·재개 행동 목록
00_READ_ME_FIRST/ALL_FILES_DESCRIPTION_INDEX_KO.csv,ALL_FILES_DESCRIPTION_INDEX_KO.csv,.csv,00_READ_ME_FIRST,1,current_package_member_or_evidence,모든 파일의 상대경로·유형·상태·한국어 설명을 검색·필터하는 표
00_READ_ME_FIRST/ALL_FILES_DESCRIPTION_QA.json,ALL_FILES_DESCRIPTION_QA.json,.json,00_READ_ME_FIRST,1,current_package_member_or_evidence,00_READ_ME_FIRST 결과의 독립 재검사·무결성·계약 통과 여부를 기록한 QA 파일
00_READ_ME_FIRST/FINAL_SUBMISSION_REPORT.md,FINAL_SUBMISSION_REPORT.md,.md,00_READ_ME_FIRST,1,current_package_member_or_evidence,00_READ_ME_FIRST 작업의 목적·실행 결과·해석 경계를 기록한 보고서
00_READ_ME_FIRST/MERGE_PACKET.md,MERGE_PACKET.md,.md,00_READ_ME_FIRST,1,current_package_member_or_evidence,00_READ_ME_FIRST 작업의 QA·채택 범위·남은 제한을 요약한 merge packet
00_READ_ME_FIRST/README_ALL_FILES_TREE_AND_DESCRIPTION_KO.md,README_ALL_FILES_TREE_AND_DESCRIPTION_KO.md,.md,00_READ_ME_FIRST,1,current_package_member_or_evidence,ZIP 안 모든 파일의 상대경로를 트리로 나열하고 각 파일을 설명한 전수 목록
00_READ_ME_FIRST/README_FIRST.md,README_FIRST.md,.md,00_READ_ME_FIRST,1,current_package_member_or_evidence,"박사님용 한국어 첫 안내서: 읽는 순서, alias 뜻, 현재 가능한 기능과 한계"
01_PROJECT_MAP_AND_LEDGER/CLAIM_AND_LIMITATION_LEDGER.csv,CLAIM_AND_LIMITATION_LEDGER.csv,.csv,01_PROJECT_MAP_AND_LEDGER,1,current_package_member_or_evidence,01_PROJECT_MAP_AND_LEDGER 폴더의 계산값·registry·manifest·QA 표
01_PROJECT_MAP_AND_LEDGER/CONTEXT_AND_DECISION_LINEAGE.md,CONTEXT_AND_DECISION_LINEAGE.md,.md,01_PROJECT_MAP_AND_LEDGER,1,current_package_member_or_evidence,01_PROJECT_MAP_AND_LEDGER 폴더의 설명·보고·계약·의사결정 문서
01_PROJECT_MAP_AND_LEDGER/CONTEXT_LINEAGE_REGISTER.csv,CONTEXT_LINEAGE_REGISTER.csv,.csv,01_PROJECT_MAP_AND_LEDGER,1,current_package_member_or_evidence,01_PROJECT_MAP_AND_LEDGER 폴더의 계산값·registry·manifest·QA 표
01_PROJECT_MAP_AND_LEDGER/EVIDENCE_INDEX.csv,EVIDENCE_INDEX.csv,.csv,01_PROJECT_MAP_AND_LEDGER,1,current_package_member_or_evidence,작업 결론을 실제 근거 파일·SHA-256과 연결한 인덱스
01_PROJECT_MAP_AND_LEDGER/FILE_ALIAS_AND_PATH_INDEX.csv,FILE_ALIAS_AND_PATH_INDEX.csv,.csv,01_PROJECT_MAP_AND_LEDGER,1,current_package_member_or_evidence,HQ·Notebook·원본 파일의 alias와 실제 원본 경로·SHA 연결표
01_PROJECT_MAP_AND_LEDGER/FINAL_SUBMISSION_REPORT.md,FINAL_SUBMISSION_REPORT.md,.md,01_PROJECT_MAP_AND_LEDGER,1,current_package_member_or_evidence,01_PROJECT_MAP_AND_LEDGER 작업의 목적·실행 결과·해석 경계를 기록한 보고서
01_PROJECT_MAP_AND_LEDGER/HANDOFF_CUTOFF_MANIFEST.json,HANDOFF_CUTOFF_MANIFEST.json,.json,01_PROJECT_MAP_AND_LEDGER,1,current_package_member_or_evidence,cutoff에서 공식 근거로 등록한 파일·SHA·상태 manifest
01_PROJECT_MAP_AND_LEDGER/HQ_CELL_IMPLEMENTATION_MAP.csv,HQ_CELL_IMPLEMENTATION_MAP.csv,.csv,01_PROJECT_MAP_AND_LEDGER,1,current_package_member_or_evidence,01_PROJECT_MAP_AND_LEDGER 폴더의 계산값·registry·manifest·QA 표
01_PROJECT_MAP_AND_LEDGER/HQ_NOTEBOOK_CELL_TREE.csv,HQ_NOTEBOOK_CELL_TREE.csv,.csv,01_PROJECT_MAP_AND_LEDGER,1,current_package_member_or_evidence,01_PROJECT_MAP_AND_LEDGER 폴더의 계산값·registry·manifest·QA 표
01_PROJECT_MAP_AND_LEDGER/MANIFEST_SCOPE_AND_REVISION_MAP.csv,MANIFEST_SCOPE_AND_REVISION_MAP.csv,.csv,01_PROJECT_MAP_AND_LEDGER,1,current_package_member_or_evidence,01_PROJECT_MAP_AND_LEDGER 입력·출력·경로·SHA-256을 고정한 manifest
01_PROJECT_MAP_AND_LEDGER/MERGE_PACKET.md,MERGE_PACKET.md,.md,01_PROJECT_MAP_AND_LEDGER,1,current_package_member_or_evidence,01_PROJECT_MAP_AND_LEDGER 작업의 QA·채택 범위·남은 제한을 요약한 merge packet
01_PROJECT_MAP_AND_LEDGER/OPEN_GATES.csv,OPEN_GATES.csv,.csv,01_PROJECT_MAP_AND_LEDGER,1,current_package_member_or_evidence,현재 미완료·차단·다음 통과 조건 목록
01_PROJECT_MAP_AND_LEDGER/OPEN_ISSUES_AND_NEXT_GATES.md,OPEN_ISSUES_AND_NEXT_GATES.md,.md,01_PROJECT_MAP_AND_LEDGER,1,current_package_member_or_evidence,01_PROJECT_MAP_AND_LEDGER 폴더의 설명·보고·계약·의사결정 문서
01_PROJECT_MAP_AND_LEDGER/PACKAGE_VIEW_MANIFEST.json,PACKAGE_VIEW_MANIFEST.json,.json,01_PROJECT_MAP_AND_LEDGER,1,current_package_member_or_evidence,01_PROJECT_MAP_AND_LEDGER 입력·출력·경로·SHA-256을 고정한 manifest
01_PROJECT_MAP_AND_LEDGER/PROJECT_SCHEMA.json,PROJECT_SCHEMA.json,.json,01_PROJECT_MAP_AND_LEDGER,1,current_package_member_or_evidence,현재 프로젝트 상태를 기계가 읽는 single source of status truth
01_PROJECT_MAP_AND_LEDGER/PYTHON_MODULE_AUDIT.csv,PYTHON_MODULE_AUDIT.csv,.csv,01_PROJECT_MAP_AND_LEDGER,1,current_package_member_or_evidence,01_PROJECT_MAP_AND_LEDGER 폴더의 계산값·registry·manifest·QA 표
01_PROJECT_MAP_AND_LEDGER/RECONCILIATION_DISCREPANCIES.csv,RECONCILIATION_DISCREPANCIES.csv,.csv,01_PROJECT_MAP_AND_LEDGER,1,current_package_member_or_evidence,01_PROJECT_MAP_AND_LEDGER 폴더의 계산값·registry·manifest·QA 표
01_PROJECT_MAP_AND_LEDGER/REPRODUCTION_AND_RESUME_GUIDE.md,REPRODUCTION_AND_RESUME_GUIDE.md,.md,01_PROJECT_MAP_AND_LEDGER,1,current_package_member_or_evidence,01_PROJECT_MAP_AND_LEDGER 폴더의 설명·보고·계약·의사결정 문서
01_PROJECT_MAP_AND_LEDGER/SOURCE_CUTOFF_MANIFEST.json,SOURCE_CUTOFF_MANIFEST.json,.json,01_PROJECT_MAP_AND_LEDGER,1,current_package_member_or_evidence,01_PROJECT_MAP_AND_LEDGER 입력·출력·경로·SHA-256을 고정한 manifest
01_PROJECT_MAP_AND_LEDGER/SUBMISSION_REQUIREMENTS_CHECKLIST.csv,SUBMISSION_REQUIREMENTS_CHECKLIST.csv,.csv,01_PROJECT_MAP_AND_LEDGER,1,current_package_member_or_evidence,01_PROJECT_MAP_AND_LEDGER 폴더의 계산값·registry·manifest·QA 표
01_PROJECT_MAP_AND_LEDGER/URP4_1_HQ_21CELL_RAW_FLOW.svg,URP4_1_HQ_21CELL_RAW_FLOW.svg,.svg,01_PROJECT_MAP_AND_LEDGER,1,current_package_member_or_evidence,01_PROJECT_MAP_AND_LEDGER 폴더의 벡터 다이어그램·도식
01_PROJECT_MAP_AND_LEDGER/URP4_1_HQ_PROJECT_MAP.html,URP4_1_HQ_PROJECT_MAP.html,.html,01_PROJECT_MAP_AND_LEDGER,1,current_package_member_or_evidence,브라우저에서 보는 전체 파이프라인·상태·근거 연결 지도
01_PROJECT_MAP_AND_LEDGER/URP4_1_HQ_PROJECT_MAP.md,URP4_1_HQ_PROJECT_MAP.md,.md,01_PROJECT_MAP_AND_LEDGER,1,current_package_member_or_evidence,전체 파이프라인·상태·근거 연결 지도의 Markdown 버전
01_PROJECT_MAP_AND_LEDGER/URP4_1_HQ_PROJECT_MAP.svg,URP4_1_HQ_PROJECT_MAP.svg,.svg,01_PROJECT_MAP_AND_LEDGER,1,current_package_member_or_evidence,01_PROJECT_MAP_AND_LEDGER 폴더의 벡터 다이어그램·도식
01_PROJECT_MAP_AND_LEDGER/URP4_1_MASTER_HANDOFF_LEDGER.xlsx,URP4_1_MASTER_HANDOFF_LEDGER.xlsx,.xlsx,01_PROJECT_MAP_AND_LEDGER,1,current_package_member_or_evidence,박사님과 후속 담당자가 필터·검색하는 프로젝트 종합 원장
01_PROJECT_MAP_AND_LEDGER/WORK_PACKAGE_LEDGER.csv,WORK_PACKAGE_LEDGER.csv,.csv,01_PROJECT_MAP_AND_LEDGER,1,current_package_member_or_evidence,작업별 실행·과학·Notebook 통합·release 상태 원장
02_VERIFIED_CORE_HQ_NB_PY/00_PRIOR_CORE_RELEASE_RECEIPT.json,00_PRIOR_CORE_RELEASE_RECEIPT.json,.json,02_VERIFIED_CORE_HQ_NB_PY,1,current_package_member_or_evidence,02_VERIFIED_CORE_HQ_NB_PY 폴더의 설정·manifest·상태·QA 기계 판독 파일
02_VERIFIED_CORE_HQ_NB_PY/00_RUNNABLE_HQ_AND_ENGINE/config/HQ_BLUEPRINT_V0_2_STAGE_REGISTRY.json,HQ_BLUEPRINT_V0_2_STAGE_REGISTRY.json,.json,02_VERIFIED_CORE_HQ_NB_PY,3,current_package_member_or_evidence,config 폴더의 설정·manifest·상태·QA 기계 판독 파일
02_VERIFIED_CORE_HQ_NB_PY/00_RUNNABLE_HQ_AND_ENGINE/configs/default.json,default.json,.json,02_VERIFIED_CORE_HQ_NB_PY,3,current_package_member_or_evidence,configs 폴더의 설정·manifest·상태·QA 기계 판독 파일
02_VERIFIED_CORE_HQ_NB_PY/00_RUNNABLE_HQ_AND_ENGINE/configs/training_future_run_skeleton.json,training_future_run_skeleton.json,.json,02_VERIFIED_CORE_HQ_NB_PY,3,current_package_member_or_evidence,configs 폴더의 설정·manifest·상태·QA 기계 판독 파일
02_VERIFIED_CORE_HQ_NB_PY/00_RUNNABLE_HQ_AND_ENGINE/configs/training_method_availability.csv,training_method_availability.csv,.csv,02_VERIFIED_CORE_HQ_NB_PY,3,current_package_member_or_evidence,configs 폴더의 계산값·registry·manifest·QA 표
02_VERIFIED_CORE_HQ_NB_PY/00_RUNNABLE_HQ_AND_ENGINE/docs/HQ-INTAKE-001_AUDIT_REPORT_20260728.md,HQ-INTAKE-001_AUDIT_REPORT_20260728.md,.md,02_VERIFIED_CORE_HQ_NB_PY,3,current_package_member_or_evidence,docs 폴더의 설명·보고·계약·의사결정 문서
02_VERIFIED_CORE_HQ_NB_PY/00_RUNNABLE_HQ_AND_ENGINE/docs/HQ_SUBMISSION_READINESS_20260728.md,HQ_SUBMISSION_READINESS_20260728.md,.md,02_VERIFIED_CORE_HQ_NB_PY,3,current_package_member_or_evidence,docs 폴더의 설명·보고·계약·의사결정 문서
02_VERIFIED_CORE_HQ_NB_PY/00_RUNNABLE_HQ_AND_ENGINE/docs/submission_audit/URP4-1_HQ_GLOBAL_DEBUG_VALIDATION_AND_SUBMISSION_AUDIT_20260728.md,URP4-1_HQ_GLOBAL_DEBUG_VALIDATION_AND_SUBMISSION_AUDIT_20260728.md,.md,02_VERIFIED_CORE_HQ_NB_PY,4,current_package_member_or_evidence,submission_audit 폴더의 설명·보고·계약·의사결정 문서
02_VERIFIED_CORE_HQ_NB_PY/00_RUNNABLE_HQ_AND_ENGINE/docs/submission_audit/URP4-1_HQ_INCOMPLETE_WORK_QUEUE_20260728.csv,URP4-1_HQ_INCOMPLETE_WORK_QUEUE_20260728.csv,.csv,02_VERIFIED_CORE_HQ_NB_PY,4,current_package_member_or_evidence,submission_audit 폴더의 계산값·registry·manifest·QA 표
02_VERIFIED_CORE_HQ_NB_PY/00_RUNNABLE_HQ_AND_ENGINE/docs/submission_audit/URP4-1_HQ_SUBMISSION_REQUIREMENTS_CHECKLIST_20260728.csv,URP4-1_HQ_SUBMISSION_REQUIREMENTS_CHECKLIST_20260728.csv,.csv,02_VERIFIED_CORE_HQ_NB_PY,4,current_package_member_or_evidence,submission_audit 폴더의 계산값·registry·manifest·QA 표
02_VERIFIED_CORE_HQ_NB_PY/00_RUNNABLE_HQ_AND_ENGINE/docs/URP4-1_HQ_CONTROLLER_POLICY_20260728.csv,URP4-1_HQ_CONTROLLER_POLICY_20260728.csv,.csv,02_VERIFIED_CORE_HQ_NB_PY,3,current_package_member_or_evidence,docs 폴더의 계산값·registry·manifest·QA 표
02_VERIFIED_CORE_HQ_NB_PY/00_RUNNABLE_HQ_AND_ENGINE/docs/URP4-1_HQ_FINALIZATION_REPORT_20260728.md,URP4-1_HQ_FINALIZATION_REPORT_20260728.md,.md,02_VERIFIED_CORE_HQ_NB_PY,3,current_package_member_or_evidence,docs 폴더의 설명·보고·계약·의사결정 문서
02_VERIFIED_CORE_HQ_NB_PY/00_RUNNABLE_HQ_AND_ENGINE/docs/URP4-1_HQ_INTAKE_AUDIT_20260728.csv,URP4-1_HQ_INTAKE_AUDIT_20260728.csv,.csv,02_VERIFIED_CORE_HQ_NB_PY,3,current_package_member_or_evidence,docs 폴더의 계산값·registry·manifest·QA 표
02_VERIFIED_CORE_HQ_NB_PY/00_RUNNABLE_HQ_AND_ENGINE/docs/URP4-1_HQ_INTEGRATION_MANIFEST_20260728.csv,URP4-1_HQ_INTEGRATION_MANIFEST_20260728.csv,.csv,02_VERIFIED_CORE_HQ_NB_PY,3,current_package_member_or_evidence,docs 입력·출력·경로·SHA-256을 고정한 manifest
02_VERIFIED_CORE_HQ_NB_PY/00_RUNNABLE_HQ_AND_ENGINE/docs/URP4-1_HQ_MODULE_AUDIT_20260728.csv,URP4-1_HQ_MODULE_AUDIT_20260728.csv,.csv,02_VERIFIED_CORE_HQ_NB_PY,3,current_package_member_or_evidence,docs 폴더의 계산값·registry·manifest·QA 표
02_VERIFIED_CORE_HQ_NB_PY/00_RUNNABLE_HQ_AND_ENGINE/docs/URP4-1_HQ_SIDECHAT_CONFLICT_RESOLUTION_20260728.csv,URP4-1_HQ_SIDECHAT_CONFLICT_RESOLUTION_20260728.csv,.csv,02_VERIFIED_CORE_HQ_NB_PY,3,current_package_member_or_evidence,docs 폴더의 계산값·registry·manifest·QA 표
02_VERIFIED_CORE_HQ_NB_PY/00_RUNNABLE_HQ_AND_ENGINE/README_RUN.md,README_RUN.md,.md,02_VERIFIED_CORE_HQ_NB_PY,2,current_package_member_or_evidence,00_RUNNABLE_HQ_AND_ENGINE 폴더의 설명·보고·계약·의사결정 문서
02_VERIFIED_CORE_HQ_NB_PY/00_RUNNABLE_HQ_AND_ENGINE/tests/audit_deliverable.py,audit_deliverable.py,.py,02_VERIFIED_CORE_HQ_NB_PY,3,current_package_member_or_evidence,프로젝트 작업의 python_source 근거 파일
02_VERIFIED_CORE_HQ_NB_PY/00_RUNNABLE_HQ_AND_ENGINE/tests/controller_contract.py,controller_contract.py,.py,02_VERIFIED_CORE_HQ_NB_PY,3,current_package_member_or_evidence,프로젝트 작업의 python_source 근거 파일
02_VERIFIED_CORE_HQ_NB_PY/00_RUNNABLE_HQ_AND_ENGINE/tests/fixtures/generated_controlled_box_N40.stl,generated_controlled_box_N40.stl,.stl,02_VERIFIED_CORE_HQ_NB_PY,4,current_package_member_or_evidence,fixtures 검증·예제에 사용하는 geometry 파일(STL)
02_VERIFIED_CORE_HQ_NB_PY/00_RUNNABLE_HQ_AND_ENGINE/tests/fixtures/L28_UBCCz_VF30_imported.stl,L28_UBCCz_VF30_imported.stl,.stl,02_VERIFIED_CORE_HQ_NB_PY,4,current_package_member_or_evidence,fixtures 검증·예제에 사용하는 geometry 파일(STL)
02_VERIFIED_CORE_HQ_NB_PY/00_RUNNABLE_HQ_AND_ENGINE/tests/fixtures/L28_UBCCz_VF30_original.stp,L28_UBCCz_VF30_original.stp,.stp,02_VERIFIED_CORE_HQ_NB_PY,4,current_package_member_or_evidence,fixtures 검증·예제에 사용하는 geometry 파일(STP)
02_VERIFIED_CORE_HQ_NB_PY/00_RUNNABLE_HQ_AND_ENGINE/tests/fixtures/README.md,README.md,.md,02_VERIFIED_CORE_HQ_NB_PY,4,current_package_member_or_evidence,fixtures 폴더의 설명·보고·계약·의사결정 문서
02_VERIFIED_CORE_HQ_NB_PY/00_RUNNABLE_HQ_AND_ENGINE/tests/full_descriptor_smoke.py,full_descriptor_smoke.py,.py,02_VERIFIED_CORE_HQ_NB_PY,3,current_package_member_or_evidence,프로젝트 작업의 python_source 근거 파일
02_VERIFIED_CORE_HQ_NB_PY/00_RUNNABLE_HQ_AND_ENGINE/tests/resume_generated_fixture_descriptor.py,resume_generated_fixture_descriptor.py,.py,02_VERIFIED_CORE_HQ_NB_PY,3,current_package_member_or_evidence,프로젝트 작업의 python_source 근거 파일
02_VERIFIED_CORE_HQ_NB_PY/00_RUNNABLE_HQ_AND_ENGINE/tests/resume_voxel_smoke.py,resume_voxel_smoke.py,.py,02_VERIFIED_CORE_HQ_NB_PY,3,current_package_member_or_evidence,프로젝트 작업의 python_source 근거 파일
02_VERIFIED_CORE_HQ_NB_PY/00_RUNNABLE_HQ_AND_ENGINE/tests/smoke_hq.py,smoke_hq.py,.py,02_VERIFIED_CORE_HQ_NB_PY,3,current_package_member_or_evidence,프로젝트 작업의 python_source 근거 파일
02_VERIFIED_CORE_HQ_NB_PY/00_RUNNABLE_HQ_AND_ENGINE/urp4/__init__.py,__init__.py,.py,02_VERIFIED_CORE_HQ_NB_PY,3,current_package_member_or_evidence,프로젝트 작업의 python_source 근거 파일
02_VERIFIED_CORE_HQ_NB_PY/00_RUNNABLE_HQ_AND_ENGINE/urp4/contracts/__init__.py,__init__.py,.py,02_VERIFIED_CORE_HQ_NB_PY,4,current_package_member_or_evidence,프로젝트 작업의 python_source 근거 파일
02_VERIFIED_CORE_HQ_NB_PY/00_RUNNABLE_HQ_AND_ENGINE/urp4/contracts/v0_1/__init__.py,__init__.py,.py,02_VERIFIED_CORE_HQ_NB_PY,5,current_package_member_or_evidence,프로젝트 작업의 python_source 근거 파일
02_VERIFIED_CORE_HQ_NB_PY/00_RUNNABLE_HQ_AND_ENGINE/urp4/contracts/v0_1/canonical.py,canonical.py,.py,02_VERIFIED_CORE_HQ_NB_PY,5,current_package_member_or_evidence,프로젝트 작업의 python_source 근거 파일
02_VERIFIED_CORE_HQ_NB_PY/00_RUNNABLE_HQ_AND_ENGINE/urp4/contracts/v0_1/ids.py,ids.py,.py,02_VERIFIED_CORE_HQ_NB_PY,5,current_package_member_or_evidence,프로젝트 작업의 python_source 근거 파일
02_VERIFIED_CORE_HQ_NB_PY/00_RUNNABLE_HQ_AND_ENGINE/urp4/contracts/v0_1/models.py,models.py,.py,02_VERIFIED_CORE_HQ_NB_PY,5,current_package_member_or_evidence,프로젝트 작업의 python_source 근거 파일
02_VERIFIED_CORE_HQ_NB_PY/00_RUNNABLE_HQ_AND_ENGINE/urp4/contracts/v0_1/README.md,README.md,.md,02_VERIFIED_CORE_HQ_NB_PY,5,current_package_member_or_evidence,v0_1 폴더의 설명·보고·계약·의사결정 문서
02_VERIFIED_CORE_HQ_NB_PY/00_RUNNABLE_HQ_AND_ENGINE/urp4/contracts/v0_1/schemas/urp4_contracts_v0_1.schema.json,urp4_contracts_v0_1.schema.json,.json,02_VERIFIED_CORE_HQ_NB_PY,6,current_package_member_or_evidence,schemas 폴더의 설정·manifest·상태·QA 기계 판독 파일
02_VERIFIED_CORE_HQ_NB_PY/00_RUNNABLE_HQ_AND_ENGINE/urp4/contracts/v0_1/validation.py,validation.py,.py,02_VERIFIED_CORE_HQ_NB_PY,5,current_package_member_or_evidence,프로젝트 작업의 python_source 근거 파일
02_VERIFIED_CORE_HQ_NB_PY/00_RUNNABLE_HQ_AND_ENGINE/urp4/descriptor_service/__init__.py,__init__.py,.py,02_VERIFIED_CORE_HQ_NB_PY,4,current_package_member_or_evidence,프로젝트 작업의 python_source 근거 파일
02_VERIFIED_CORE_HQ_NB_PY/00_RUNNABLE_HQ_AND_ENGINE/urp4/descriptor_service/v0_1/__init__.py,__init__.py,.py,02_VERIFIED_CORE_HQ_NB_PY,5,current_package_member_or_evidence,프로젝트 작업의 python_source 근거 파일
02_VERIFIED_CORE_HQ_NB_PY/00_RUNNABLE_HQ_AND_ENGINE/urp4/descriptor_service/v0_1/component.py,component.py,.py,02_VERIFIED_CORE_HQ_NB_PY,5,current_package_member_or_evidence,프로젝트 작업의 python_source 근거 파일
02_VERIFIED_CORE_HQ_NB_PY/00_RUNNABLE_HQ_AND_ENGINE/urp4/descriptor_service/v0_1/config.py,config.py,.py,02_VERIFIED_CORE_HQ_NB_PY,5,current_package_member_or_evidence,프로젝트 작업의 python_source 근거 파일
02_VERIFIED_CORE_HQ_NB_PY/00_RUNNABLE_HQ_AND_ENGINE/urp4/descriptor_service/v0_1/contracts.py,contracts.py,.py,02_VERIFIED_CORE_HQ_NB_PY,5,current_package_member_or_evidence,프로젝트 작업의 python_source 근거 파일
02_VERIFIED_CORE_HQ_NB_PY/00_RUNNABLE_HQ_AND_ENGINE/urp4/descriptor_service/v0_1/formula.py,formula.py,.py,02_VERIFIED_CORE_HQ_NB_PY,5,current_package_member_or_evidence,프로젝트 작업의 python_source 근거 파일
02_VERIFIED_CORE_HQ_NB_PY/00_RUNNABLE_HQ_AND_ENGINE/urp4/descriptor_service/v0_1/geometry.py,geometry.py,.py,02_VERIFIED_CORE_HQ_NB_PY,5,current_package_member_or_evidence,프로젝트 작업의 python_source 근거 파일
02_VERIFIED_CORE_HQ_NB_PY/00_RUNNABLE_HQ_AND_ENGINE/urp4/descriptor_service/v0_1/models.py,models.py,.py,02_VERIFIED_CORE_HQ_NB_PY,5,current_package_member_or_evidence,프로젝트 작업의 python_source 근거 파일
02_VERIFIED_CORE_HQ_NB_PY/00_RUNNABLE_HQ_AND_ENGINE/urp4/descriptor_service/v0_1/pipeline.py,pipeline.py,.py,02_VERIFIED_CORE_HQ_NB_PY,5,current_package_member_or_evidence,프로젝트 작업의 python_source 근거 파일
02_VERIFIED_CORE_HQ_NB_PY/00_RUNNABLE_HQ_AND_ENGINE/urp4/descriptor_service/v0_1/pixel.py,pixel.py,.py,02_VERIFIED_CORE_HQ_NB_PY,5,current_package_member_or_evidence,프로젝트 작업의 python_source 근거 파일
02_VERIFIED_CORE_HQ_NB_PY/00_RUNNABLE_HQ_AND_ENGINE/urp4/descriptor_service/v0_1/population.py,population.py,.py,02_VERIFIED_CORE_HQ_NB_PY,5,current_package_member_or_evidence,프로젝트 작업의 python_source 근거 파일
02_VERIFIED_CORE_HQ_NB_PY/00_RUNNABLE_HQ_AND_ENGINE/urp4/descriptor_service/v0_1/qa.py,qa.py,.py,02_VERIFIED_CORE_HQ_NB_PY,5,current_package_member_or_evidence,프로젝트 작업의 python_source 근거 파일
02_VERIFIED_CORE_HQ_NB_PY/00_RUNNABLE_HQ_AND_ENGINE/urp4/descriptor_service/v0_1/run139.py,run139.py,.py,02_VERIFIED_CORE_HQ_NB_PY,5,current_package_member_or_evidence,프로젝트 작업의 python_source 근거 파일
02_VERIFIED_CORE_HQ_NB_PY/00_RUNNABLE_HQ_AND_ENGINE/urp4/descriptor_service/v0_1/service.py,service.py,.py,02_VERIFIED_CORE_HQ_NB_PY,5,current_package_member_or_evidence,프로젝트 작업의 python_source 근거 파일
02_VERIFIED_CORE_HQ_NB_PY/00_RUNNABLE_HQ_AND_ENGINE/urp4/descriptor_service/v0_1/slicing.py,slicing.py,.py,02_VERIFIED_CORE_HQ_NB_PY,5,current_package_member_or_evidence,프로젝트 작업의 python_source 근거 파일
02_VERIFIED_CORE_HQ_NB_PY/00_RUNNABLE_HQ_AND_ENGINE/urp4/generators/__init__.py,__init__.py,.py,02_VERIFIED_CORE_HQ_NB_PY,4,current_package_member_or_evidence,프로젝트 작업의 python_source 근거 파일
02_VERIFIED_CORE_HQ_NB_PY/00_RUNNABLE_HQ_AND_ENGINE/urp4/generators/lattice_typeab/__init__.py,__init__.py,.py,02_VERIFIED_CORE_HQ_NB_PY,5,current_package_member_or_evidence,프로젝트 작업의 python_source 근거 파일
02_VERIFIED_CORE_HQ_NB_PY/00_RUNNABLE_HQ_AND_ENGINE/urp4/generators/lattice_typeab/v0_1/__init__.py,__init__.py,.py,02_VERIFIED_CORE_HQ_NB_PY,6,current_package_member_or_evidence,프로젝트 작업의 python_source 근거 파일
02_VERIFIED_CORE_HQ_NB_PY/00_RUNNABLE_HQ_AND_ENGINE/urp4/generators/lattice_typeab/v0_1/contracts.py,contracts.py,.py,02_VERIFIED_CORE_HQ_NB_PY,6,current_package_member_or_evidence,프로젝트 작업의 python_source 근거 파일
02_VERIFIED_CORE_HQ_NB_PY/00_RUNNABLE_HQ_AND_ENGINE/urp4/generators/lattice_typeab/v0_1/descriptors.py,descriptors.py,.py,02_VERIFIED_CORE_HQ_NB_PY,6,current_package_member_or_evidence,프로젝트 작업의 python_source 근거 파일
02_VERIFIED_CORE_HQ_NB_PY/00_RUNNABLE_HQ_AND_ENGINE/urp4/generators/lattice_typeab/v0_1/exporters.py,exporters.py,.py,02_VERIFIED_CORE_HQ_NB_PY,6,current_package_member_or_evidence,프로젝트 작업의 python_source 근거 파일
02_VERIFIED_CORE_HQ_NB_PY/00_RUNNABLE_HQ_AND_ENGINE/urp4/generators/lattice_typeab/v0_1/graph.py,graph.py,.py,02_VERIFIED_CORE_HQ_NB_PY,6,current_package_member_or_evidence,프로젝트 작업의 python_source 근거 파일
02_VERIFIED_CORE_HQ_NB_PY/00_RUNNABLE_HQ_AND_ENGINE/urp4/generators/lattice_typeab/v0_1/models.py,models.py,.py,02_VERIFIED_CORE_HQ_NB_PY,6,current_package_member_or_evidence,프로젝트 작업의 python_source 근거 파일
02_VERIFIED_CORE_HQ_NB_PY/00_RUNNABLE_HQ_AND_ENGINE/urp4/generators/lattice_typeab/v0_1/plugin.py,plugin.py,.py,02_VERIFIED_CORE_HQ_NB_PY,6,current_package_member_or_evidence,프로젝트 작업의 python_source 근거 파일
02_VERIFIED_CORE_HQ_NB_PY/00_RUNNABLE_HQ_AND_ENGINE/urp4/generators/lattice_typeab/v0_1/type_b.py,type_b.py,.py,02_VERIFIED_CORE_HQ_NB_PY,6,current_package_member_or_evidence,프로젝트 작업의 python_source 근거 파일
02_VERIFIED_CORE_HQ_NB_PY/00_RUNNABLE_HQ_AND_ENGINE/urp4/generators/tpms_multiwall/__init__.py,__init__.py,.py,02_VERIFIED_CORE_HQ_NB_PY,5,current_package_member_or_evidence,프로젝트 작업의 python_source 근거 파일
02_VERIFIED_CORE_HQ_NB_PY/00_RUNNABLE_HQ_AND_ENGINE/urp4/generators/tpms_multiwall/v0_1/__init__.py,__init__.py,.py,02_VERIFIED_CORE_HQ_NB_PY,6,current_package_member_or_evidence,프로젝트 작업의 python_source 근거 파일
02_VERIFIED_CORE_HQ_NB_PY/00_RUNNABLE_HQ_AND_ENGINE/urp4/generators/tpms_multiwall/v0_1/contracts.py,contracts.py,.py,02_VERIFIED_CORE_HQ_NB_PY,6,current_package_member_or_evidence,프로젝트 작업의 python_source 근거 파일
02_VERIFIED_CORE_HQ_NB_PY/00_RUNNABLE_HQ_AND_ENGINE/urp4/generators/tpms_multiwall/v0_1/exporters.py,exporters.py,.py,02_VERIFIED_CORE_HQ_NB_PY,6,current_package_member_or_evidence,프로젝트 작업의 python_source 근거 파일
02_VERIFIED_CORE_HQ_NB_PY/00_RUNNABLE_HQ_AND_ENGINE/urp4/generators/tpms_multiwall/v0_1/fields.py,fields.py,.py,02_VERIFIED_CORE_HQ_NB_PY,6,current_package_member_or_evidence,프로젝트 작업의 python_source 근거 파일
02_VERIFIED_CORE_HQ_NB_PY/00_RUNNABLE_HQ_AND_ENGINE/urp4/generators/tpms_multiwall/v0_1/masking.py,masking.py,.py,02_VERIFIED_CORE_HQ_NB_PY,6,current_package_member_or_evidence,프로젝트 작업의 python_source 근거 파일
02_VERIFIED_CORE_HQ_NB_PY/00_RUNNABLE_HQ_AND_ENGINE/urp4/generators/tpms_multiwall/v0_1/models.py,models.py,.py,02_VERIFIED_CORE_HQ_NB_PY,6,current_package_member_or_evidence,프로젝트 작업의 python_source 근거 파일
02_VERIFIED_CORE_HQ_NB_PY/00_RUNNABLE_HQ_AND_ENGINE/urp4/generators/tpms_multiwall/v0_1/plugin.py,plugin.py,.py,02_VERIFIED_CORE_HQ_NB_PY,6,current_package_member_or_evidence,프로젝트 작업의 python_source 근거 파일
02_VERIFIED_CORE_HQ_NB_PY/00_RUNNABLE_HQ_AND_ENGINE/urp4/generators/tpms_multiwall/v0_1/registry.py,registry.py,.py,02_VERIFIED_CORE_HQ_NB_PY,6,current_package_member_or_evidence,프로젝트 작업의 python_source 근거 파일
02_VERIFIED_CORE_HQ_NB_PY/00_RUNNABLE_HQ_AND_ENGINE/urp4/generators/voxel/__init__.py,__init__.py,.py,02_VERIFIED_CORE_HQ_NB_PY,5,current_package_member_or_evidence,프로젝트 작업의 python_source 근거 파일
02_VERIFIED_CORE_HQ_NB_PY/00_RUNNABLE_HQ_AND_ENGINE/urp4/generators/voxel/v0_1/__init__.py,__init__.py,.py,02_VERIFIED_CORE_HQ_NB_PY,6,current_package_member_or_evidence,프로젝트 작업의 python_source 근거 파일
02_VERIFIED_CORE_HQ_NB_PY/00_RUNNABLE_HQ_AND_ENGINE/urp4/generators/voxel/v0_1/contracts.py,contracts.py,.py,02_VERIFIED_CORE_HQ_NB_PY,6,current_package_member_or_evidence,프로젝트 작업의 python_source 근거 파일
02_VERIFIED_CORE_HQ_NB_PY/00_RUNNABLE_HQ_AND_ENGINE/urp4/generators/voxel/v0_1/exporters.py,exporters.py,.py,02_VERIFIED_CORE_HQ_NB_PY,6,current_package_member_or_evidence,프로젝트 작업의 python_source 근거 파일
02_VERIFIED_CORE_HQ_NB_PY/00_RUNNABLE_HQ_AND_ENGINE/urp4/generators/voxel/v0_1/kernel.py,kernel.py,.py,02_VERIFIED_CORE_HQ_NB_PY,6,current_package_member_or_evidence,프로젝트 작업의 python_source 근거 파일
02_VERIFIED_CORE_HQ_NB_PY/00_RUNNABLE_HQ_AND_ENGINE/urp4/generators/voxel/v0_1/models.py,models.py,.py,02_VERIFIED_CORE_HQ_NB_PY,6,current_package_member_or_evidence,프로젝트 작업의 python_source 근거 파일
02_VERIFIED_CORE_HQ_NB_PY/00_RUNNABLE_HQ_AND_ENGINE/urp4/generators/voxel/v0_1/plugin.py,plugin.py,.py,02_VERIFIED_CORE_HQ_NB_PY,6,current_package_member_or_evidence,프로젝트 작업의 python_source 근거 파일
02_VERIFIED_CORE_HQ_NB_PY/00_RUNNABLE_HQ_AND_ENGINE/urp4/generators/voxel/v0_1/registry.py,registry.py,.py,02_VERIFIED_CORE_HQ_NB_PY,6,current_package_member_or_evidence,프로젝트 작업의 python_source 근거 파일
02_VERIFIED_CORE_HQ_NB_PY/00_RUNNABLE_HQ_AND_ENGINE/urp4/generators/voxel/v0_1/source_kernel.py,source_kernel.py,.py,02_VERIFIED_CORE_HQ_NB_PY,6,current_package_member_or_evidence,프로젝트 작업의 python_source 근거 파일
02_VERIFIED_CORE_HQ_NB_PY/00_RUNNABLE_HQ_AND_ENGINE/urp4/geometry_io/__init__.py,__init__.py,.py,02_VERIFIED_CORE_HQ_NB_PY,4,current_package_member_or_evidence,프로젝트 작업의 python_source 근거 파일
02_VERIFIED_CORE_HQ_NB_PY/00_RUNNABLE_HQ_AND_ENGINE/urp4/geometry_io/v0_1/__init__.py,__init__.py,.py,02_VERIFIED_CORE_HQ_NB_PY,5,current_package_member_or_evidence,프로젝트 작업의 python_source 근거 파일
02_VERIFIED_CORE_HQ_NB_PY/00_RUNNABLE_HQ_AND_ENGINE/urp4/geometry_io/v0_1/models.py,models.py,.py,02_VERIFIED_CORE_HQ_NB_PY,5,current_package_member_or_evidence,프로젝트 작업의 python_source 근거 파일
02_VERIFIED_CORE_HQ_NB_PY/00_RUNNABLE_HQ_AND_ENGINE/urp4/geometry_io/v0_1/routing.py,routing.py,.py,02_VERIFIED_CORE_HQ_NB_PY,5,current_package_member_or_evidence,프로젝트 작업의 python_source 근거 파일
02_VERIFIED_CORE_HQ_NB_PY/00_RUNNABLE_HQ_AND_ENGINE/urp4/geometry_io/v0_1/stl_import.py,stl_import.py,.py,02_VERIFIED_CORE_HQ_NB_PY,5,current_package_member_or_evidence,프로젝트 작업의 python_source 근거 파일
02_VERIFIED_CORE_HQ_NB_PY/00_RUNNABLE_HQ_AND_ENGINE/urp4/geometry_io/v0_2/__init__.py,__init__.py,.py,02_VERIFIED_CORE_HQ_NB_PY,5,current_package_member_or_evidence,프로젝트 작업의 python_source 근거 파일
02_VERIFIED_CORE_HQ_NB_PY/00_RUNNABLE_HQ_AND_ENGINE/urp4/geometry_io/v0_2/step_import.py,step_import.py,.py,02_VERIFIED_CORE_HQ_NB_PY,5,current_package_member_or_evidence,프로젝트 작업의 python_source 근거 파일
02_VERIFIED_CORE_HQ_NB_PY/00_RUNNABLE_HQ_AND_ENGINE/urp4/geometry_io/v0_3/__init__.py,__init__.py,.py,02_VERIFIED_CORE_HQ_NB_PY,5,current_package_member_or_evidence,프로젝트 작업의 python_source 근거 파일
02_VERIFIED_CORE_HQ_NB_PY/00_RUNNABLE_HQ_AND_ENGINE/urp4/geometry_io/v0_3/source_preflight.py,source_preflight.py,.py,02_VERIFIED_CORE_HQ_NB_PY,5,current_package_member_or_evidence,프로젝트 작업의 python_source 근거 파일
02_VERIFIED_CORE_HQ_NB_PY/00_RUNNABLE_HQ_AND_ENGINE/urp4/geometry_io/v0_4/__init__.py,__init__.py,.py,02_VERIFIED_CORE_HQ_NB_PY,5,current_package_member_or_evidence,프로젝트 작업의 python_source 근거 파일
02_VERIFIED_CORE_HQ_NB_PY/00_RUNNABLE_HQ_AND_ENGINE/urp4/geometry_io/v0_4/imported_winding.py,imported_winding.py,.py,02_VERIFIED_CORE_HQ_NB_PY,5,current_package_member_or_evidence,프로젝트 작업의 python_source 근거 파일
02_VERIFIED_CORE_HQ_NB_PY/00_RUNNABLE_HQ_AND_ENGINE/urp4/geometry_io/v0_5/__init__.py,__init__.py,.py,02_VERIFIED_CORE_HQ_NB_PY,5,current_package_member_or_evidence,프로젝트 작업의 python_source 근거 파일
02_VERIFIED_CORE_HQ_NB_PY/00_RUNNABLE_HQ_AND_ENGINE/urp4/geometry_io/v0_5/generated_normalization.py,generated_normalization.py,.py,02_VERIFIED_CORE_HQ_NB_PY,5,current_package_member_or_evidence,프로젝트 작업의 python_source 근거 파일
02_VERIFIED_CORE_HQ_NB_PY/00_RUNNABLE_HQ_AND_ENGINE/urp4/hq/__init__.py,__init__.py,.py,02_VERIFIED_CORE_HQ_NB_PY,4,current_package_member_or_evidence,프로젝트 작업의 python_source 근거 파일
02_VERIFIED_CORE_HQ_NB_PY/00_RUNNABLE_HQ_AND_ENGINE/urp4/hq/v0_1/__init__.py,__init__.py,.py,02_VERIFIED_CORE_HQ_NB_PY,5,current_package_member_or_evidence,프로젝트 작업의 python_source 근거 파일
02_VERIFIED_CORE_HQ_NB_PY/00_RUNNABLE_HQ_AND_ENGINE/urp4/hq/v0_1/controller.py,controller.py,.py,02_VERIFIED_CORE_HQ_NB_PY,5,current_package_member_or_evidence,프로젝트 작업의 python_source 근거 파일
02_VERIFIED_CORE_HQ_NB_PY/00_RUNNABLE_HQ_AND_ENGINE/urp4/hq/v0_1/engine.py,engine.py,.py,02_VERIFIED_CORE_HQ_NB_PY,5,current_package_member_or_evidence,프로젝트 작업의 python_source 근거 파일
02_VERIFIED_CORE_HQ_NB_PY/00_RUNNABLE_HQ_AND_ENGINE/urp4/hq/v0_1/imported_pipeline.py,imported_pipeline.py,.py,02_VERIFIED_CORE_HQ_NB_PY,5,current_package_member_or_evidence,프로젝트 작업의 python_source 근거 파일
02_VERIFIED_CORE_HQ_NB_PY/00_RUNNABLE_HQ_AND_ENGINE/urp4/hq/v0_2/__init__.py,__init__.py,.py,02_VERIFIED_CORE_HQ_NB_PY,5,current_package_member_or_evidence,프로젝트 작업의 python_source 근거 파일
02_VERIFIED_CORE_HQ_NB_PY/00_RUNNABLE_HQ_AND_ENGINE/urp4/hq/v0_2/models.py,models.py,.py,02_VERIFIED_CORE_HQ_NB_PY,5,current_package_member_or_evidence,프로젝트 작업의 python_source 근거 파일
02_VERIFIED_CORE_HQ_NB_PY/00_RUNNABLE_HQ_AND_ENGINE/urp4/hq/v0_2/runtime.py,runtime.py,.py,02_VERIFIED_CORE_HQ_NB_PY,5,current_package_member_or_evidence,프로젝트 작업의 python_source 근거 파일
02_VERIFIED_CORE_HQ_NB_PY/00_RUNNABLE_HQ_AND_ENGINE/urp4/hq/v0_3/__init__.py,__init__.py,.py,02_VERIFIED_CORE_HQ_NB_PY,5,current_package_member_or_evidence,프로젝트 작업의 python_source 근거 파일
02_VERIFIED_CORE_HQ_NB_PY/00_RUNNABLE_HQ_AND_ENGINE/urp4/hq/v0_3/generated_n40_development.py,generated_n40_development.py,.py,02_VERIFIED_CORE_HQ_NB_PY,5,current_package_member_or_evidence,프로젝트 작업의 python_source 근거 파일
02_VERIFIED_CORE_HQ_NB_PY/00_RUNNABLE_HQ_AND_ENGINE/urp4/route_policy/__init__.py,__init__.py,.py,02_VERIFIED_CORE_HQ_NB_PY,4,current_package_member_or_evidence,프로젝트 작업의 python_source 근거 파일
02_VERIFIED_CORE_HQ_NB_PY/00_RUNNABLE_HQ_AND_ENGINE/urp4/route_policy/v0_1/__init__.py,__init__.py,.py,02_VERIFIED_CORE_HQ_NB_PY,5,current_package_member_or_evidence,프로젝트 작업의 python_source 근거 파일
02_VERIFIED_CORE_HQ_NB_PY/00_RUNNABLE_HQ_AND_ENGINE/urp4/route_policy/v0_1/controller.py,controller.py,.py,02_VERIFIED_CORE_HQ_NB_PY,5,current_package_member_or_evidence,프로젝트 작업의 python_source 근거 파일
02_VERIFIED_CORE_HQ_NB_PY/00_RUNNABLE_HQ_AND_ENGINE/urp4/route_policy/v0_1/models.py,models.py,.py,02_VERIFIED_CORE_HQ_NB_PY,5,current_package_member_or_evidence,프로젝트 작업의 python_source 근거 파일
02_VERIFIED_CORE_HQ_NB_PY/00_RUNNABLE_HQ_AND_ENGINE/urp4/training/__init__.py,__init__.py,.py,02_VERIFIED_CORE_HQ_NB_PY,4,current_package_member_or_evidence,프로젝트 작업의 python_source 근거 파일
02_VERIFIED_CORE_HQ_NB_PY/00_RUNNABLE_HQ_AND_ENGINE/urp4/training/p1_adapter_v0_1/__init__.py,__init__.py,.py,02_VERIFIED_CORE_HQ_NB_PY,5,current_package_member_or_evidence,프로젝트 작업의 python_source 근거 파일
02_VERIFIED_CORE_HQ_NB_PY/00_RUNNABLE_HQ_AND_ENGINE/urp4/training/p1_adapter_v0_1/adapters.py,adapters.py,.py,02_VERIFIED_CORE_HQ_NB_PY,5,current_package_member_or_evidence,프로젝트 작업의 python_source 근거 파일
02_VERIFIED_CORE_HQ_NB_PY/00_RUNNABLE_HQ_AND_ENGINE/urp4/training/p1_adapter_v0_1/models.py,models.py,.py,02_VERIFIED_CORE_HQ_NB_PY,5,current_package_member_or_evidence,프로젝트 작업의 python_source 근거 파일
02_VERIFIED_CORE_HQ_NB_PY/00_RUNNABLE_HQ_AND_ENGINE/urp4/training/p1_adapter_v0_1/registry.py,registry.py,.py,02_VERIFIED_CORE_HQ_NB_PY,5,current_package_member_or_evidence,프로젝트 작업의 python_source 근거 파일
02_VERIFIED_CORE_HQ_NB_PY/00_RUNNABLE_HQ_AND_ENGINE/urp4/training/p1_exec_layer_v0_1/__init__.py,__init__.py,.py,02_VERIFIED_CORE_HQ_NB_PY,5,current_package_member_or_evidence,프로젝트 작업의 python_source 근거 파일
02_VERIFIED_CORE_HQ_NB_PY/00_RUNNABLE_HQ_AND_ENGINE/urp4/training/p1_exec_layer_v0_1/builders.py,builders.py,.py,02_VERIFIED_CORE_HQ_NB_PY,5,current_package_member_or_evidence,프로젝트 작업의 python_source 근거 파일
02_VERIFIED_CORE_HQ_NB_PY/00_RUNNABLE_HQ_AND_ENGINE/urp4/training/p1_exec_layer_v0_1/estimators.py,estimators.py,.py,02_VERIFIED_CORE_HQ_NB_PY,5,current_package_member_or_evidence,프로젝트 작업의 python_source 근거 파일
02_VERIFIED_CORE_HQ_NB_PY/00_RUNNABLE_HQ_AND_ENGINE/urp4/training/p1_exec_layer_v0_1/ledger.py,ledger.py,.py,02_VERIFIED_CORE_HQ_NB_PY,5,current_package_member_or_evidence,프로젝트 작업의 python_source 근거 파일
02_VERIFIED_CORE_HQ_NB_PY/00_RUNNABLE_HQ_AND_ENGINE/urp4/training/p1_exec_layer_v0_1/models.py,models.py,.py,02_VERIFIED_CORE_HQ_NB_PY,5,current_package_member_or_evidence,프로젝트 작업의 python_source 근거 파일
02_VERIFIED_CORE_HQ_NB_PY/00_RUNNABLE_HQ_AND_ENGINE/urp4/training/p1_exec_layer_v0_1/permit.py,permit.py,.py,02_VERIFIED_CORE_HQ_NB_PY,5,current_package_member_or_evidence,프로젝트 작업의 python_source 근거 파일
02_VERIFIED_CORE_HQ_NB_PY/00_RUNNABLE_HQ_AND_ENGINE/urp4/training/v0_1/__init__.py,__init__.py,.py,02_VERIFIED_CORE_HQ_NB_PY,5,current_package_member_or_evidence,프로젝트 작업의 python_source 근거 파일
02_VERIFIED_CORE_HQ_NB_PY/00_RUNNABLE_HQ_AND_ENGINE/urp4/training/v0_1/contracts.py,contracts.py,.py,02_VERIFIED_CORE_HQ_NB_PY,5,current_package_member_or_evidence,프로젝트 작업의 python_source 근거 파일
02_VERIFIED_CORE_HQ_NB_PY/00_RUNNABLE_HQ_AND_ENGINE/urp4/training/v0_1/models.py,models.py,.py,02_VERIFIED_CORE_HQ_NB_PY,5,current_package_member_or_evidence,프로젝트 작업의 python_source 근거 파일
02_VERIFIED_CORE_HQ_NB_PY/00_RUNNABLE_HQ_AND_ENGINE/urp4/training/v0_1/policy.py,policy.py,.py,02_VERIFIED_CORE_HQ_NB_PY,5,current_package_member_or_evidence,프로젝트 작업의 python_source 근거 파일
02_VERIFIED_CORE_HQ_NB_PY/00_RUNNABLE_HQ_AND_ENGINE/urp4/training/v0_1/registry.py,registry.py,.py,02_VERIFIED_CORE_HQ_NB_PY,5,current_package_member_or_evidence,프로젝트 작업의 python_source 근거 파일
02_VERIFIED_CORE_HQ_NB_PY/00_RUNNABLE_HQ_AND_ENGINE/urp4/training/v0_1/source_audit.py,source_audit.py,.py,02_VERIFIED_CORE_HQ_NB_PY,5,current_package_member_or_evidence,프로젝트 작업의 python_source 근거 파일
02_VERIFIED_CORE_HQ_NB_PY/00_RUNNABLE_HQ_AND_ENGINE/urp4/training/v0_2/__init__.py,__init__.py,.py,02_VERIFIED_CORE_HQ_NB_PY,5,current_package_member_or_evidence,프로젝트 작업의 python_source 근거 파일
02_VERIFIED_CORE_HQ_NB_PY/00_RUNNABLE_HQ_AND_ENGINE/urp4/training/v0_2/models.py,models.py,.py,02_VERIFIED_CORE_HQ_NB_PY,5,current_package_member_or_evidence,프로젝트 작업의 python_source 근거 파일
02_VERIFIED_CORE_HQ_NB_PY/00_RUNNABLE_HQ_AND_ENGINE/urp4/training/v0_2/policy.py,policy.py,.py,02_VERIFIED_CORE_HQ_NB_PY,5,current_package_member_or_evidence,프로젝트 작업의 python_source 근거 파일
02_VERIFIED_CORE_HQ_NB_PY/00_RUNNABLE_HQ_AND_ENGINE/urp4/training/v0_2/registry.py,registry.py,.py,02_VERIFIED_CORE_HQ_NB_PY,5,current_package_member_or_evidence,프로젝트 작업의 python_source 근거 파일
02_VERIFIED_CORE_HQ_NB_PY/00_RUNNABLE_HQ_AND_ENGINE/URP4_1_HQ.ipynb,URP4_1_HQ.ipynb,.ipynb,02_VERIFIED_CORE_HQ_NB_PY,2,current_package_member_or_evidence,메인 실행 Notebook(HQ): 전체 pipeline 설정·단계·실행 순서를 제어
02_VERIFIED_CORE_HQ_NB_PY/00_RUNNABLE_HQ_AND_ENGINE/URP4_1_HQ_BLUEPRINT_v0_2.ipynb,URP4_1_HQ_BLUEPRINT_v0_2.ipynb,.ipynb,02_VERIFIED_CORE_HQ_NB_PY,2,current_package_member_or_evidence,향후 21-cell 전체 HQ 구조를 정의한 설계 Notebook
02_VERIFIED_CORE_HQ_NB_PY/01_EXPERIMENTAL_TRAINING_ADAPTER/adapter_v0_1_1/__init__.py,__init__.py,.py,02_VERIFIED_CORE_HQ_NB_PY,3,current_package_member_or_evidence,adapter_v0_1_1 폴더의 Python 실행·계산·검증 스크립트
02_VERIFIED_CORE_HQ_NB_PY/01_EXPERIMENTAL_TRAINING_ADAPTER/adapter_v0_1_1/implementation/__init__.py,__init__.py,.py,02_VERIFIED_CORE_HQ_NB_PY,4,current_package_member_or_evidence,implementation 폴더의 Python 실행·계산·검증 스크립트
02_VERIFIED_CORE_HQ_NB_PY/01_EXPERIMENTAL_TRAINING_ADAPTER/adapter_v0_1_1/implementation/branches.py,branches.py,.py,02_VERIFIED_CORE_HQ_NB_PY,4,current_package_member_or_evidence,implementation 폴더의 Python 실행·계산·검증 스크립트
02_VERIFIED_CORE_HQ_NB_PY/01_EXPERIMENTAL_TRAINING_ADAPTER/adapter_v0_1_1/implementation/contracts.py,contracts.py,.py,02_VERIFIED_CORE_HQ_NB_PY,4,current_package_member_or_evidence,TRAIN-PARITY-003A 작업의 v1.1 authoritative evidence 근거 파일
02_VERIFIED_CORE_HQ_NB_PY/01_EXPERIMENTAL_TRAINING_ADAPTER/adapter_v0_1_1/implementation/hashing.py,hashing.py,.py,02_VERIFIED_CORE_HQ_NB_PY,4,current_package_member_or_evidence,implementation 폴더의 Python 실행·계산·검증 스크립트
02_VERIFIED_CORE_HQ_NB_PY/01_EXPERIMENTAL_TRAINING_ADAPTER/adapter_v0_1_1/implementation/instrumentation.py,instrumentation.py,.py,02_VERIFIED_CORE_HQ_NB_PY,4,current_package_member_or_evidence,implementation 폴더의 Python 실행·계산·검증 스크립트
02_VERIFIED_CORE_HQ_NB_PY/01_EXPERIMENTAL_TRAINING_ADAPTER/adapter_v0_1_1/implementation/ledgers.py,ledgers.py,.py,02_VERIFIED_CORE_HQ_NB_PY,4,current_package_member_or_evidence,"TRAIN-PARITY-002A, TRAIN-PARITY-003A 작업의 v1.1 authoritative evidence 근거 파일"
02_VERIFIED_CORE_HQ_NB_PY/01_EXPERIMENTAL_TRAINING_ADAPTER/adapter_v0_1_1/implementation/no_fit_guard.py,no_fit_guard.py,.py,02_VERIFIED_CORE_HQ_NB_PY,4,current_package_member_or_evidence,implementation 폴더의 Python 실행·계산·검증 스크립트
02_VERIFIED_CORE_HQ_NB_PY/01_EXPERIMENTAL_TRAINING_ADAPTER/adapter_v0_1_1/implementation/source_exact_runtime.py,source_exact_runtime.py,.py,02_VERIFIED_CORE_HQ_NB_PY,4,current_package_member_or_evidence,implementation 폴더의 Python 실행·계산·검증 스크립트
02_VERIFIED_CORE_HQ_NB_PY/01_EXPERIMENTAL_TRAINING_ADAPTER/source_reference_runner.py,source_reference_runner.py,.py,02_VERIFIED_CORE_HQ_NB_PY,2,current_package_member_or_evidence,01_EXPERIMENTAL_TRAINING_ADAPTER 폴더의 Python 실행·계산·검증 스크립트
02_VERIFIED_CORE_HQ_NB_PY/02_PROTECTED_REFERENCES_READ_ONLY/LEGACY-PY/1._parameter_rawdata_0726.py,1._parameter_rawdata_0726.py,.py,02_VERIFIED_CORE_HQ_NB_PY,3,protected_reference_read_only,읽기 전용 보호 원본: 프로젝트 작업의 python_source 근거 파일. 관련 ID: LEGACY-PY(박사님·조교님이 사용하던 검증 레거시 Python 코드)
02_VERIFIED_CORE_HQ_NB_PY/02_PROTECTED_REFERENCES_READ_ONLY/LEGACY-PY/2._Parameter_result_0727.py,2._Parameter_result_0727.py,.py,02_VERIFIED_CORE_HQ_NB_PY,3,protected_reference_read_only,"읽기 전용 보호 원본: 프로젝트 작업의 protected_asset, python_source 근거 파일. 관련 ID: LEGACY-PY(박사님·조교님이 사용하던 검증 레거시 Python 코드)"
02_VERIFIED_CORE_HQ_NB_PY/02_PROTECTED_REFERENCES_READ_ONLY/LEGACY-PY/3._parameter_angle_all_0727.py,3._parameter_angle_all_0727.py,.py,02_VERIFIED_CORE_HQ_NB_PY,3,protected_reference_read_only,"읽기 전용 보호 원본: 프로젝트 작업의 protected_asset, python_source 근거 파일. 관련 ID: LEGACY-PY(박사님·조교님이 사용하던 검증 레거시 Python 코드)"
02_VERIFIED_CORE_HQ_NB_PY/02_PROTECTED_REFERENCES_READ_ONLY/LEGACY-PY/Curvature_Extraction_New.py,Curvature_Extraction_New.py,.py,02_VERIFIED_CORE_HQ_NB_PY,3,protected_reference_read_only,읽기 전용 보호 원본: 프로젝트 작업의 python_source 근거 파일. 관련 ID: LEGACY-PY(박사님·조교님이 사용하던 검증 레거시 Python 코드)
02_VERIFIED_CORE_HQ_NB_PY/02_PROTECTED_REFERENCES_READ_ONLY/LEGACY-PY/Extract_structure_variable.py,Extract_structure_variable.py,.py,02_VERIFIED_CORE_HQ_NB_PY,3,protected_reference_read_only,읽기 전용 보호 원본: 프로젝트 작업의 python_source 근거 파일. 관련 ID: LEGACY-PY(박사님·조교님이 사용하던 검증 레거시 Python 코드)
02_VERIFIED_CORE_HQ_NB_PY/02_PROTECTED_REFERENCES_READ_ONLY/LEGACY-PY/Parameter_distribution_New.py,Parameter_distribution_New.py,.py,02_VERIFIED_CORE_HQ_NB_PY,3,protected_reference_read_only,읽기 전용 보호 원본: 프로젝트 작업의 python_source 근거 파일. 관련 ID: LEGACY-PY(박사님·조교님이 사용하던 검증 레거시 Python 코드)
02_VERIFIED_CORE_HQ_NB_PY/02_PROTECTED_REFERENCES_READ_ONLY/NB-CURRENT/R06V2_integrated_legacy_candidate_v0_2.ipynb,R06V2_integrated_legacy_candidate_v0_2.ipynb,.ipynb,02_VERIFIED_CORE_HQ_NB_PY,3,protected_reference_read_only,읽기 전용 보호 원본: 프로젝트 작업의 notebook_source 근거 파일. 관련 ID: NB-CURRENT(LEGACY-PY를 통합한 박사님 승인 기준 Notebook)
02_VERIFIED_CORE_HQ_NB_PY/02_PROTECTED_REFERENCES_READ_ONLY/NB-DEV/NB_DEV_v0_6_ROUTE_VALID_004_IMPORT_POLICY.ipynb,NB_DEV_v0_6_ROUTE_VALID_004_IMPORT_POLICY.ipynb,.ipynb,02_VERIFIED_CORE_HQ_NB_PY,3,protected_reference_read_only,읽기 전용 보호 원본: 프로젝트 작업의 notebook_source 근거 파일. 관련 ID: NB-DEV(Import route controller 개발·검증용 Notebook)
02_VERIFIED_CORE_HQ_NB_PY/02_PROTECTED_REFERENCES_READ_ONLY/NB-ORIG/Model_generator_260506_descriptor_v5_boundary_symmetry_perfboost.ipynb,Model_generator_260506_descriptor_v5_boundary_symmetry_perfboost.ipynb,.ipynb,02_VERIFIED_CORE_HQ_NB_PY,3,protected_reference_read_only,"읽기 전용 보호 원본: 프로젝트 작업의 notebook_source, protected_asset 근거 파일. 관련 ID: NB-ORIG(처음 받은 원본 통합 Notebook)"
02_VERIFIED_CORE_HQ_NB_PY/02_PROTECTED_REFERENCES_READ_ONLY/PROFESSOR_GENERATORS/Multiwall_model_generator_VF50.ipynb,Multiwall_model_generator_VF50.ipynb,.ipynb,02_VERIFIED_CORE_HQ_NB_PY,3,protected_reference_read_only,읽기 전용 보호 원본: 프로젝트 작업의 notebook_source 근거 파일. 관련 ID: PROFESSOR_GENERATORS(박사님 제공 generator 원본(과거 내부 alias 유지))
02_VERIFIED_CORE_HQ_NB_PY/02_PROTECTED_REFERENCES_READ_ONLY/PROFESSOR_GENERATORS/README.md,README.md,.md,02_VERIFIED_CORE_HQ_NB_PY,3,protected_reference_read_only,읽기 전용 보호 원본: PROFESSOR_GENERATORS 폴더의 설명·보고·계약·의사결정 문서. 관련 ID: PROFESSOR_GENERATORS(박사님 제공 generator 원본(과거 내부 alias 유지))
02_VERIFIED_CORE_HQ_NB_PY/02_PROTECTED_REFERENCES_READ_ONLY/PROFESSOR_GENERATORS/source_manifest_20260716.csv,source_manifest_20260716.csv,.csv,02_VERIFIED_CORE_HQ_NB_PY,3,protected_reference_read_only,읽기 전용 보호 원본: PROFESSOR_GENERATORS 입력·출력·경로·SHA-256을 고정한 manifest. 관련 ID: PROFESSOR_GENERATORS(박사님 제공 generator 원본(과거 내부 alias 유지))
02_VERIFIED_CORE_HQ_NB_PY/02_PROTECTED_REFERENCES_READ_ONLY/PROFESSOR_GENERATORS/Type A+B Gen. Image slicing.ipynb,Type A+B Gen. Image slicing.ipynb,.ipynb,02_VERIFIED_CORE_HQ_NB_PY,3,protected_reference_read_only,읽기 전용 보호 원본: 프로젝트 작업의 notebook_source 근거 파일. 관련 ID: PROFESSOR_GENERATORS(박사님 제공 generator 원본(과거 내부 alias 유지))
02_VERIFIED_CORE_HQ_NB_PY/02_PROTECTED_REFERENCES_READ_ONLY/PROFESSOR_TRAINING/Total data_260503.xlsx,Total data_260503.xlsx,.xlsx,02_VERIFIED_CORE_HQ_NB_PY,3,protected_reference_read_only,읽기 전용 보호 원본: PROFESSOR_TRAINING 폴더의 Excel 입력·원장·결과 workbook. 관련 ID: PROFESSOR_TRAINING(박사님 제공 Training 1–5 원본(과거 내부 alias 유지))
02_VERIFIED_CORE_HQ_NB_PY/02_PROTECTED_REFERENCES_READ_ONLY/PROFESSOR_TRAINING/Training_260418-1st method - New feature.ipynb,Training_260418-1st method - New feature.ipynb,.ipynb,02_VERIFIED_CORE_HQ_NB_PY,3,protected_reference_read_only,읽기 전용 보호 원본: 프로젝트 작업의 notebook_source 근거 파일. 관련 ID: PROFESSOR_TRAINING(박사님 제공 Training 1–5 원본(과거 내부 alias 유지))
02_VERIFIED_CORE_HQ_NB_PY/02_PROTECTED_REFERENCES_READ_ONLY/PROFESSOR_TRAINING/Training_260418-1st method.ipynb,Training_260418-1st method.ipynb,.ipynb,02_VERIFIED_CORE_HQ_NB_PY,3,protected_reference_read_only,읽기 전용 보호 원본: 프로젝트 작업의 notebook_source 근거 파일. 관련 ID: PROFESSOR_TRAINING(박사님 제공 Training 1–5 원본(과거 내부 alias 유지))
02_VERIFIED_CORE_HQ_NB_PY/02_PROTECTED_REFERENCES_READ_ONLY/PROFESSOR_TRAINING/Training_260419-2nd method - New feature - Good. vibration.ipynb,Training_260419-2nd method - New feature - Good. vibration.ipynb,.ipynb,02_VERIFIED_CORE_HQ_NB_PY,3,protected_reference_read_only,읽기 전용 보호 원본: 프로젝트 작업의 notebook_source 근거 파일. 관련 ID: PROFESSOR_TRAINING(박사님 제공 Training 1–5 원본(과거 내부 alias 유지))
02_VERIFIED_CORE_HQ_NB_PY/02_PROTECTED_REFERENCES_READ_ONLY/PROFESSOR_TRAINING/Training_260419-2nd method.ipynb,Training_260419-2nd method.ipynb,.ipynb,02_VERIFIED_CORE_HQ_NB_PY,3,protected_reference_read_only,읽기 전용 보호 원본: 프로젝트 작업의 notebook_source 근거 파일. 관련 ID: PROFESSOR_TRAINING(박사님 제공 Training 1–5 원본(과거 내부 alias 유지))
02_VERIFIED_CORE_HQ_NB_PY/02_PROTECTED_REFERENCES_READ_ONLY/PROFESSOR_TRAINING/Training_260420-3rd method - New feature - Good. h.ipynb,Training_260420-3rd method - New feature - Good. h.ipynb,.ipynb,02_VERIFIED_CORE_HQ_NB_PY,3,protected_reference_read_only,읽기 전용 보호 원본: 프로젝트 작업의 notebook_source 근거 파일. 관련 ID: PROFESSOR_TRAINING(박사님 제공 Training 1–5 원본(과거 내부 alias 유지))
02_VERIFIED_CORE_HQ_NB_PY/02_PROTECTED_REFERENCES_READ_ONLY/PROFESSOR_TRAINING/Training_260420-3rd method.ipynb,Training_260420-3rd method.ipynb,.ipynb,02_VERIFIED_CORE_HQ_NB_PY,3,protected_reference_read_only,읽기 전용 보호 원본: 프로젝트 작업의 notebook_source 근거 파일. 관련 ID: PROFESSOR_TRAINING(박사님 제공 Training 1–5 원본(과거 내부 alias 유지))
02_VERIFIED_CORE_HQ_NB_PY/02_PROTECTED_REFERENCES_READ_ONLY/PROFESSOR_TRAINING/Training_260503_Ensemble-4th method.ipynb,Training_260503_Ensemble-4th method.ipynb,.ipynb,02_VERIFIED_CORE_HQ_NB_PY,3,protected_reference_read_only,읽기 전용 보호 원본: 프로젝트 작업의 notebook_source 근거 파일. 관련 ID: PROFESSOR_TRAINING(박사님 제공 Training 1–5 원본(과거 내부 alias 유지))
02_VERIFIED_CORE_HQ_NB_PY/02_PROTECTED_REFERENCES_READ_ONLY/PROFESSOR_TRAINING/Training_260508_Alltogether-5th method.ipynb,Training_260508_Alltogether-5th method.ipynb,.ipynb,02_VERIFIED_CORE_HQ_NB_PY,3,protected_reference_read_only,읽기 전용 보호 원본: 프로젝트 작업의 notebook_source 근거 파일. 관련 ID: PROFESSOR_TRAINING(박사님 제공 Training 1–5 원본(과거 내부 alias 유지))
02_VERIFIED_CORE_HQ_NB_PY/02_PROTECTED_REFERENCES_READ_ONLY/PROFESSOR_TRAINING/Training_260508_Alltogether-5th_method_FIXED.ipynb,Training_260508_Alltogether-5th_method_FIXED.ipynb,.ipynb,02_VERIFIED_CORE_HQ_NB_PY,3,protected_reference_read_only,읽기 전용 보호 원본: 프로젝트 작업의 notebook_source 근거 파일. 관련 ID: PROFESSOR_TRAINING(박사님 제공 Training 1–5 원본(과거 내부 alias 유지))
02_VERIFIED_CORE_HQ_NB_PY/03_RESUMABLE_PROJECT_SNAPSHOT/00_VERIFY_RESUMABLE_HANDOFF.py,00_VERIFY_RESUMABLE_HANDOFF.py,.py,02_VERIFIED_CORE_HQ_NB_PY,2,current_package_member_or_evidence,압축 해제본에서 경로·필수 파일·SHA를 계산 없이 확인하는 read-only 검증기
02_VERIFIED_CORE_HQ_NB_PY/03_RESUMABLE_PROJECT_SNAPSHOT/configs/default.json,default.json,.json,02_VERIFIED_CORE_HQ_NB_PY,3,current_package_member_or_evidence,configs 폴더의 설정·manifest·상태·QA 기계 판독 파일
02_VERIFIED_CORE_HQ_NB_PY/03_RESUMABLE_PROJECT_SNAPSHOT/configs/training_future_run_skeleton.json,training_future_run_skeleton.json,.json,02_VERIFIED_CORE_HQ_NB_PY,3,current_package_member_or_evidence,configs 폴더의 설정·manifest·상태·QA 기계 판독 파일
02_VERIFIED_CORE_HQ_NB_PY/03_RESUMABLE_PROJECT_SNAPSHOT/configs/training_method_availability.csv,training_method_availability.csv,.csv,02_VERIFIED_CORE_HQ_NB_PY,3,current_package_member_or_evidence,configs 폴더의 계산값·registry·manifest·QA 표
02_VERIFIED_CORE_HQ_NB_PY/03_RESUMABLE_PROJECT_SNAPSHOT/experiments/lab_001_xy_connection_20260626/data/processed/n40_all58_20260715/stl/B3__a272cdb922__N40.stl,B3__a272cdb922__N40.stl,.stl,02_VERIFIED_CORE_HQ_NB_PY,8,current_package_member_or_evidence,stl 검증·예제에 사용하는 geometry 파일(STL)
02_VERIFIED_CORE_HQ_NB_PY/03_RESUMABLE_PROJECT_SNAPSHOT/experiments/lab_001_xy_connection_20260626/data/processed/n40_all58_20260715/stl/C1__7755dda7d0__N40.stl,C1__7755dda7d0__N40.stl,.stl,02_VERIFIED_CORE_HQ_NB_PY,8,current_package_member_or_evidence,stl 검증·예제에 사용하는 geometry 파일(STL)
02_VERIFIED_CORE_HQ_NB_PY/03_RESUMABLE_PROJECT_SNAPSHOT/experiments/lab_001_xy_connection_20260626/data/processed/n40_all58_20260715/stl/F1__0dff3c1b13__N40.stl,F1__0dff3c1b13__N40.stl,.stl,02_VERIFIED_CORE_HQ_NB_PY,8,current_package_member_or_evidence,stl 검증·예제에 사용하는 geometry 파일(STL)
02_VERIFIED_CORE_HQ_NB_PY/03_RESUMABLE_PROJECT_SNAPSHOT/experiments/lab_001_xy_connection_20260626/data/processed/n40_all58_20260715/stl/L1__412f5bec5e__N40.stl,L1__412f5bec5e__N40.stl,.stl,02_VERIFIED_CORE_HQ_NB_PY,8,current_package_member_or_evidence,stl 검증·예제에 사용하는 geometry 파일(STL)
02_VERIFIED_CORE_HQ_NB_PY/03_RESUMABLE_PROJECT_SNAPSHOT/experiments/lab_001_xy_connection_20260626/data/raw/notion_reference_models_20260701/stl/B1-Basic_Cubic-SC5.stl,B1-Basic_Cubic-SC5.stl,.stl,02_VERIFIED_CORE_HQ_NB_PY,8,current_package_member_or_evidence,stl 검증·예제에 사용하는 geometry 파일(STL)
02_VERIFIED_CORE_HQ_NB_PY/03_RESUMABLE_PROJECT_SNAPSHOT/experiments/lab_001_xy_connection_20260626/data/raw/notion_reference_models_20260701/stl/B3-Basic_Cubic-BCC_Lattice.stl,B3-Basic_Cubic-BCC_Lattice.stl,.stl,02_VERIFIED_CORE_HQ_NB_PY,8,current_package_member_or_evidence,stl 검증·예제에 사용하는 geometry 파일(STL)
02_VERIFIED_CORE_HQ_NB_PY/03_RESUMABLE_PROJECT_SNAPSHOT/experiments/lab_001_xy_connection_20260626/data/raw/notion_reference_models_20260701/stl/C1-Cubic_truss_lattice-SC-FCC.stl,C1-Cubic_truss_lattice-SC-FCC.stl,.stl,02_VERIFIED_CORE_HQ_NB_PY,8,current_package_member_or_evidence,stl 검증·예제에 사용하는 geometry 파일(STL)
02_VERIFIED_CORE_HQ_NB_PY/03_RESUMABLE_PROJECT_SNAPSHOT/experiments/lab_001_xy_connection_20260626/data/raw/notion_reference_models_20260701/stl/F1-Foam-Kelvin_foam.stl,F1-Foam-Kelvin_foam.stl,.stl,02_VERIFIED_CORE_HQ_NB_PY,8,current_package_member_or_evidence,stl 검증·예제에 사용하는 geometry 파일(STL)
02_VERIFIED_CORE_HQ_NB_PY/03_RESUMABLE_PROJECT_SNAPSHOT/experiments/lab_001_xy_connection_20260626/data/raw/notion_reference_models_20260701/stl/L1-Truss Lattice-Octahedron_lattice_New.stl,L1-Truss Lattice-Octahedron_lattice_New.stl,.stl,02_VERIFIED_CORE_HQ_NB_PY,8,current_package_member_or_evidence,stl 검증·예제에 사용하는 geometry 파일(STL)
02_VERIFIED_CORE_HQ_NB_PY/03_RESUMABLE_PROJECT_SNAPSHOT/experiments/lab_001_xy_connection_20260626/data/raw/notion_reference_models_20260701/stl/L7-Truss_Lattice-3D_chiral_metamaterial.stl,L7-Truss_Lattice-3D_chiral_metamaterial.stl,.stl,02_VERIFIED_CORE_HQ_NB_PY,8,current_package_member_or_evidence,stl 검증·예제에 사용하는 geometry 파일(STL)
02_VERIFIED_CORE_HQ_NB_PY/03_RESUMABLE_PROJECT_SNAPSHOT/experiments/lab_001_xy_connection_20260626/data/raw/notion_reference_models_20260701/stp/B1-Basic_Cubic-SC5.stp,B1-Basic_Cubic-SC5.stp,.stp,02_VERIFIED_CORE_HQ_NB_PY,8,current_package_member_or_evidence,stp 검증·예제에 사용하는 geometry 파일(STP)
02_VERIFIED_CORE_HQ_NB_PY/03_RESUMABLE_PROJECT_SNAPSHOT/experiments/lab_001_xy_connection_20260626/data/raw/notion_reference_models_20260701/stp/B3-Basic_Cubic-BCC_Lattice.stp,B3-Basic_Cubic-BCC_Lattice.stp,.stp,02_VERIFIED_CORE_HQ_NB_PY,8,current_package_member_or_evidence,stp 검증·예제에 사용하는 geometry 파일(STP)
02_VERIFIED_CORE_HQ_NB_PY/03_RESUMABLE_PROJECT_SNAPSHOT/experiments/lab_001_xy_connection_20260626/data/raw/notion_reference_models_20260701/stp/C1-Cubic_truss_lattice-SC-FCC.stp,C1-Cubic_truss_lattice-SC-FCC.stp,.stp,02_VERIFIED_CORE_HQ_NB_PY,8,current_package_member_or_evidence,stp 검증·예제에 사용하는 geometry 파일(STP)
02_VERIFIED_CORE_HQ_NB_PY/03_RESUMABLE_PROJECT_SNAPSHOT/experiments/lab_001_xy_connection_20260626/data/raw/notion_reference_models_20260701/stp/F1-Foam-Kelvin_foam.stp,F1-Foam-Kelvin_foam.stp,.stp,02_VERIFIED_CORE_HQ_NB_PY,8,current_package_member_or_evidence,stp 검증·예제에 사용하는 geometry 파일(STP)
02_VERIFIED_CORE_HQ_NB_PY/03_RESUMABLE_PROJECT_SNAPSHOT/experiments/lab_001_xy_connection_20260626/data/raw/notion_reference_models_20260701/stp/L1-Truss Lattice-Octahedron_lattice_New.stp,L1-Truss Lattice-Octahedron_lattice_New.stp,.stp,02_VERIFIED_CORE_HQ_NB_PY,8,current_package_member_or_evidence,stp 검증·예제에 사용하는 geometry 파일(STP)
02_VERIFIED_CORE_HQ_NB_PY/03_RESUMABLE_PROJECT_SNAPSHOT/experiments/lab_001_xy_connection_20260626/data/raw/notion_reference_models_20260701/stp/L7-Truss_Lattice-3D_chiral_metamaterial.stp,L7-Truss_Lattice-3D_chiral_metamaterial.stp,.stp,02_VERIFIED_CORE_HQ_NB_PY,8,current_package_member_or_evidence,stp 검증·예제에 사용하는 geometry 파일(STP)
02_VERIFIED_CORE_HQ_NB_PY/03_RESUMABLE_PROJECT_SNAPSHOT/experiments/lab_001_xy_connection_20260626/factories/IMSTL-006/contracts/IMSTL-006_SMALL_GENERALIZATION_v0_1_20260728.json,IMSTL-006_SMALL_GENERALIZATION_v0_1_20260728.json,.json,02_VERIFIED_CORE_HQ_NB_PY,7,current_package_member_or_evidence,contracts 폴더의 설정·manifest·상태·QA 기계 판독 파일
02_VERIFIED_CORE_HQ_NB_PY/03_RESUMABLE_PROJECT_SNAPSHOT/experiments/lab_001_xy_connection_20260626/factories/IMSTL-006/contracts/IMSTL-006_SMALL_GENERALIZATION_v0_2_20260728.json,IMSTL-006_SMALL_GENERALIZATION_v0_2_20260728.json,.json,02_VERIFIED_CORE_HQ_NB_PY,7,current_package_member_or_evidence,contracts 폴더의 설정·manifest·상태·QA 기계 판독 파일
02_VERIFIED_CORE_HQ_NB_PY/03_RESUMABLE_PROJECT_SNAPSHOT/experiments/lab_001_xy_connection_20260626/factories/IMSTL-006/contracts/IMSTL-006_SMALL_GENERALIZATION_v0_3_SELECTED_GATE_20260728.json,IMSTL-006_SMALL_GENERALIZATION_v0_3_SELECTED_GATE_20260728.json,.json,02_VERIFIED_CORE_HQ_NB_PY,7,current_package_member_or_evidence,contracts 폴더의 설정·manifest·상태·QA 기계 판독 파일
02_VERIFIED_CORE_HQ_NB_PY/03_RESUMABLE_PROJECT_SNAPSHOT/experiments/lab_001_xy_connection_20260626/factories/IMSTL-007/contracts/IMSTL-007_F1_RESOLUTION_PIXEL_PHASE_v0_1_20260728.json,IMSTL-007_F1_RESOLUTION_PIXEL_PHASE_v0_1_20260728.json,.json,02_VERIFIED_CORE_HQ_NB_PY,7,current_package_member_or_evidence,contracts 폴더의 설정·manifest·상태·QA 기계 판독 파일
02_VERIFIED_CORE_HQ_NB_PY/03_RESUMABLE_PROJECT_SNAPSHOT/experiments/lab_001_xy_connection_20260626/factories/IMSTL-007/contracts/IMSTL-007_F1_RESOLUTION_PIXEL_PHASE_v0_2_SHORTPATH_20260728.json,IMSTL-007_F1_RESOLUTION_PIXEL_PHASE_v0_2_SHORTPATH_20260728.json,.json,02_VERIFIED_CORE_HQ_NB_PY,7,current_package_member_or_evidence,contracts 폴더의 설정·manifest·상태·QA 기계 판독 파일
02_VERIFIED_CORE_HQ_NB_PY/03_RESUMABLE_PROJECT_SNAPSHOT/experiments/lab_001_xy_connection_20260626/factories/IMSTL-008/contracts/IMSTL-008_F1_FULL_P1000_Z801_NONREGRESSION_v0_1_20260728.json,IMSTL-008_F1_FULL_P1000_Z801_NONREGRESSION_v0_1_20260728.json,.json,02_VERIFIED_CORE_HQ_NB_PY,7,current_package_member_or_evidence,contracts 폴더의 설정·manifest·상태·QA 기계 판독 파일
02_VERIFIED_CORE_HQ_NB_PY/03_RESUMABLE_PROJECT_SNAPSHOT/experiments/lab_001_xy_connection_20260626/factories/IMSTL-008/contracts/IMSTL-008_F1_FULL_P1000_Z801_NONREGRESSION_v0_2_20260728.json,IMSTL-008_F1_FULL_P1000_Z801_NONREGRESSION_v0_2_20260728.json,.json,02_VERIFIED_CORE_HQ_NB_PY,7,current_package_member_or_evidence,contracts 폴더의 설정·manifest·상태·QA 기계 판독 파일
02_VERIFIED_CORE_HQ_NB_PY/03_RESUMABLE_PROJECT_SNAPSHOT/experiments/lab_001_xy_connection_20260626/factories/PRM-097/contracts/PRM-097_THIRD_WAVE_FORMULA_TEST_CONTRACT_20260723.json,PRM-097_THIRD_WAVE_FORMULA_TEST_CONTRACT_20260723.json,.json,02_VERIFIED_CORE_HQ_NB_PY,7,current_package_member_or_evidence,contracts 폴더의 설정·manifest·상태·QA 기계 판독 파일
02_VERIFIED_CORE_HQ_NB_PY/03_RESUMABLE_PROJECT_SNAPSHOT/experiments/lab_001_xy_connection_20260626/factories/PRM-098/contracts/PRM-098_BOUNDED_EXECUTION_PERMIT_20260723.json,PRM-098_BOUNDED_EXECUTION_PERMIT_20260723.json,.json,02_VERIFIED_CORE_HQ_NB_PY,7,current_package_member_or_evidence,contracts 폴더의 설정·manifest·상태·QA 기계 판독 파일
02_VERIFIED_CORE_HQ_NB_PY/03_RESUMABLE_PROJECT_SNAPSHOT/experiments/lab_001_xy_connection_20260626/factories/PRM-099/contracts/PRM-099_FULL58_PERMIT_DECISION_CONTRACT_20260723.json,PRM-099_FULL58_PERMIT_DECISION_CONTRACT_20260723.json,.json,02_VERIFIED_CORE_HQ_NB_PY,7,current_package_member_or_evidence,contracts 폴더의 설정·manifest·상태·QA 기계 판독 파일
02_VERIFIED_CORE_HQ_NB_PY/03_RESUMABLE_PROJECT_SNAPSHOT/experiments/lab_001_xy_connection_20260626/factories/PRM-099/contracts/PRM099_FULL58_SIX_OUTPUT_CONFIG_20260723.json,PRM099_FULL58_SIX_OUTPUT_CONFIG_20260723.json,.json,02_VERIFIED_CORE_HQ_NB_PY,7,current_package_member_or_evidence,contracts 실행 조건을 재현하기 위한 frozen configuration
02_VERIFIED_CORE_HQ_NB_PY/03_RESUMABLE_PROJECT_SNAPSHOT/experiments/lab_001_xy_connection_20260626/factories/PRM-101/contracts/PRM-101_XREG_V0_3_CONSOLIDATION_CONTRACT_20260723.json,PRM-101_XREG_V0_3_CONSOLIDATION_CONTRACT_20260723.json,.json,02_VERIFIED_CORE_HQ_NB_PY,7,current_package_member_or_evidence,contracts 폴더의 설정·manifest·상태·QA 기계 판독 파일
02_VERIFIED_CORE_HQ_NB_PY/03_RESUMABLE_PROJECT_SNAPSHOT/experiments/lab_001_xy_connection_20260626/factories/PRM-102/contracts/PRM-102_BC_RAW_TABLE_BATCH_CONTRACT_20260723.json,PRM-102_BC_RAW_TABLE_BATCH_CONTRACT_20260723.json,.json,02_VERIFIED_CORE_HQ_NB_PY,7,current_package_member_or_evidence,contracts 폴더의 설정·manifest·상태·QA 기계 판독 파일
02_VERIFIED_CORE_HQ_NB_PY/03_RESUMABLE_PROJECT_SNAPSHOT/experiments/lab_001_xy_connection_20260626/factories/PRM-103/contracts/PRM-103_XREG_V0_4_BC_COHORT_CONSOLIDATION_CONTRACT_20260723.json,PRM-103_XREG_V0_4_BC_COHORT_CONSOLIDATION_CONTRACT_20260723.json,.json,02_VERIFIED_CORE_HQ_NB_PY,7,current_package_member_or_evidence,contracts 폴더의 설정·manifest·상태·QA 기계 판독 파일
02_VERIFIED_CORE_HQ_NB_PY/03_RESUMABLE_PROJECT_SNAPSHOT/experiments/lab_001_xy_connection_20260626/factories/PRM-104/contracts/PRM-104_OVERLAY_PHASE_PROFILE_BATCH_CONTRACT_20260723.json,PRM-104_OVERLAY_PHASE_PROFILE_BATCH_CONTRACT_20260723.json,.json,02_VERIFIED_CORE_HQ_NB_PY,7,current_package_member_or_evidence,contracts 폴더의 설정·manifest·상태·QA 기계 판독 파일
02_VERIFIED_CORE_HQ_NB_PY/03_RESUMABLE_PROJECT_SNAPSHOT/experiments/lab_001_xy_connection_20260626/factories/PRM-105/contracts/PRM-105_XREG_V0_5_OVERLAY_PHASE_CONSOLIDATION_CONTRACT_20260723.json,PRM-105_XREG_V0_5_OVERLAY_PHASE_CONSOLIDATION_CONTRACT_20260723.json,.json,02_VERIFIED_CORE_HQ_NB_PY,7,current_package_member_or_evidence,contracts 폴더의 설정·manifest·상태·QA 기계 판독 파일
02_VERIFIED_CORE_HQ_NB_PY/03_RESUMABLE_PROJECT_SNAPSHOT/experiments/lab_001_xy_connection_20260626/factories/PRM-106/contracts/PRM-106_PROFILE_DYNAMICS_BATCH_CONTRACT_20260723.json,PRM-106_PROFILE_DYNAMICS_BATCH_CONTRACT_20260723.json,.json,02_VERIFIED_CORE_HQ_NB_PY,7,current_package_member_or_evidence,contracts 폴더의 설정·manifest·상태·QA 기계 판독 파일
02_VERIFIED_CORE_HQ_NB_PY/03_RESUMABLE_PROJECT_SNAPSHOT/experiments/lab_001_xy_connection_20260626/factories/PRM-107/contracts/PRM-107_XREG_V0_6_PROFILE_DYNAMICS_CONSOLIDATION_CONTRACT_20260723.json,PRM-107_XREG_V0_6_PROFILE_DYNAMICS_CONSOLIDATION_CONTRACT_20260723.json,.json,02_VERIFIED_CORE_HQ_NB_PY,7,current_package_member_or_evidence,contracts 폴더의 설정·manifest·상태·QA 기계 판독 파일
02_VERIFIED_CORE_HQ_NB_PY/03_RESUMABLE_PROJECT_SNAPSHOT/experiments/lab_001_xy_connection_20260626/factories/PRM-108/contracts/PRM-108_AXIAL_DISTRIBUTION_SYMMETRY_BATCH_CONTRACT_20260723.json,PRM-108_AXIAL_DISTRIBUTION_SYMMETRY_BATCH_CONTRACT_20260723.json,.json,02_VERIFIED_CORE_HQ_NB_PY,7,current_package_member_or_evidence,contracts 폴더의 설정·manifest·상태·QA 기계 판독 파일
02_VERIFIED_CORE_HQ_NB_PY/03_RESUMABLE_PROJECT_SNAPSHOT/experiments/lab_001_xy_connection_20260626/factories/PRM-109/contracts/PRM-109_XREG_V0_7_AXIAL_SYMMETRY_CONSOLIDATION_CONTRACT_20260723.json,PRM-109_XREG_V0_7_AXIAL_SYMMETRY_CONSOLIDATION_CONTRACT_20260723.json,.json,02_VERIFIED_CORE_HQ_NB_PY,7,current_package_member_or_evidence,contracts 폴더의 설정·manifest·상태·QA 기계 판독 파일
02_VERIFIED_CORE_HQ_NB_PY/03_RESUMABLE_PROJECT_SNAPSHOT/experiments/lab_001_xy_connection_20260626/factories/PRM-110/contracts/PRM-110_AXIAL_SHAPE_ENTROPY_BC_BATCH_CONTRACT_20260723.json,PRM-110_AXIAL_SHAPE_ENTROPY_BC_BATCH_CONTRACT_20260723.json,.json,02_VERIFIED_CORE_HQ_NB_PY,7,current_package_member_or_evidence,contracts 폴더의 설정·manifest·상태·QA 기계 판독 파일
02_VERIFIED_CORE_HQ_NB_PY/03_RESUMABLE_PROJECT_SNAPSHOT/experiments/lab_001_xy_connection_20260626/factories/PRM-111/contracts/PRM-111_XREG_V0_8_AXIAL_SHAPE_ENTROPY_CONSOLIDATION_CONTRACT_20260723.json,PRM-111_XREG_V0_8_AXIAL_SHAPE_ENTROPY_CONSOLIDATION_CONTRACT_20260723.json,.json,02_VERIFIED_CORE_HQ_NB_PY,7,current_package_member_or_evidence,contracts 폴더의 설정·manifest·상태·QA 기계 판독 파일
02_VERIFIED_CORE_HQ_NB_PY/03_RESUMABLE_PROJECT_SNAPSHOT/experiments/lab_001_xy_connection_20260626/factories/PRM-112/contracts/PRM-112_AXIAL_WEIGHTED_QUANTILE_LOCATION_B_BATCH_CONTRACT_20260723.json,PRM-112_AXIAL_WEIGHTED_QUANTILE_LOCATION_B_BATCH_CONTRACT_20260723.json,.json,02_VERIFIED_CORE_HQ_NB_PY,7,current_package_member_or_evidence,contracts 폴더의 설정·manifest·상태·QA 기계 판독 파일
02_VERIFIED_CORE_HQ_NB_PY/03_RESUMABLE_PROJECT_SNAPSHOT/experiments/lab_001_xy_connection_20260626/factories/PRM-113/contracts/PRM-113_XREG_V0_9_WEIGHTED_QUANTILE_LOCATION_CONSOLIDATION_CONTRACT_20260723.json,PRM-113_XREG_V0_9_WEIGHTED_QUANTILE_LOCATION_CONSOLIDATION_CONTRACT_20260723.json,.json,02_VERIFIED_CORE_HQ_NB_PY,7,current_package_member_or_evidence,contracts 폴더의 설정·manifest·상태·QA 기계 판독 파일
02_VERIFIED_CORE_HQ_NB_PY/03_RESUMABLE_PROJECT_SNAPSHOT/experiments/lab_001_xy_connection_20260626/factories/PRM-114/contracts/PRM-114_OVERLAY_COMPONENT_INEQUALITY_CONCENTRATION_BC_BATCH_CONTRACT_20260723.json,PRM-114_OVERLAY_COMPONENT_INEQUALITY_CONCENTRATION_BC_BATCH_CONTRACT_20260723.json,.json,02_VERIFIED_CORE_HQ_NB_PY,7,current_package_member_or_evidence,contracts 폴더의 설정·manifest·상태·QA 기계 판독 파일
02_VERIFIED_CORE_HQ_NB_PY/03_RESUMABLE_PROJECT_SNAPSHOT/experiments/lab_001_xy_connection_20260626/factories/PRM-115/contracts/PRM-115_XREG_V1_0_COMPONENT_INEQUALITY_CONSOLIDATION_CONTRACT_20260723.json,PRM-115_XREG_V1_0_COMPONENT_INEQUALITY_CONSOLIDATION_CONTRACT_20260723.json,.json,02_VERIFIED_CORE_HQ_NB_PY,7,current_package_member_or_evidence,contracts 폴더의 설정·manifest·상태·QA 기계 판독 파일
02_VERIFIED_CORE_HQ_NB_PY/03_RESUMABLE_PROJECT_SNAPSHOT/experiments/lab_001_xy_connection_20260626/factories/PRM-116/contracts/PRM-116_COMPONENT_FILTER_SENSITIVITY_BC_BATCH_CONTRACT_20260723.json,PRM-116_COMPONENT_FILTER_SENSITIVITY_BC_BATCH_CONTRACT_20260723.json,.json,02_VERIFIED_CORE_HQ_NB_PY,7,current_package_member_or_evidence,contracts 폴더의 설정·manifest·상태·QA 기계 판독 파일
02_VERIFIED_CORE_HQ_NB_PY/03_RESUMABLE_PROJECT_SNAPSHOT/experiments/lab_001_xy_connection_20260626/factories/PRM-117/contracts/PRM-117_XREG_V1_1_COMPONENT_FILTER_SENSITIVITY_CONSOLIDATION_CONTRACT_20260723.json,PRM-117_XREG_V1_1_COMPONENT_FILTER_SENSITIVITY_CONSOLIDATION_CONTRACT_20260723.json,.json,02_VERIFIED_CORE_HQ_NB_PY,7,current_package_member_or_evidence,contracts 폴더의 설정·manifest·상태·QA 기계 판독 파일
02_VERIFIED_CORE_HQ_NB_PY/03_RESUMABLE_PROJECT_SNAPSHOT/experiments/lab_001_xy_connection_20260626/factories/PRM-118/contracts/PRM-118_SLICE_COMPONENT_FILTER_SENSITIVITY_BC_BATCH_CONTRACT_20260723.json,PRM-118_SLICE_COMPONENT_FILTER_SENSITIVITY_BC_BATCH_CONTRACT_20260723.json,.json,02_VERIFIED_CORE_HQ_NB_PY,7,current_package_member_or_evidence,contracts 폴더의 설정·manifest·상태·QA 기계 판독 파일
02_VERIFIED_CORE_HQ_NB_PY/03_RESUMABLE_PROJECT_SNAPSHOT/experiments/lab_001_xy_connection_20260626/factories/PRM-119/contracts/PRM-119_XREG_V1_2_SLICE_COMPONENT_FILTER_SENSITIVITY_CONSOLIDATION_CONTRACT_20260723.json,PRM-119_XREG_V1_2_SLICE_COMPONENT_FILTER_SENSITIVITY_CONSOLIDATION_CONTRACT_20260723.json,.json,02_VERIFIED_CORE_HQ_NB_PY,7,current_package_member_or_evidence,contracts 폴더의 설정·manifest·상태·QA 기계 판독 파일
02_VERIFIED_CORE_HQ_NB_PY/03_RESUMABLE_PROJECT_SNAPSHOT/experiments/lab_001_xy_connection_20260626/factories/PRM-120/contracts/PRM-120_OVERLAY_PAIR_COMPONENT_COMPOSITION_BC_BATCH_CONTRACT_20260723.json,PRM-120_OVERLAY_PAIR_COMPONENT_COMPOSITION_BC_BATCH_CONTRACT_20260723.json,.json,02_VERIFIED_CORE_HQ_NB_PY,7,current_package_member_or_evidence,contracts 폴더의 설정·manifest·상태·QA 기계 판독 파일
02_VERIFIED_CORE_HQ_NB_PY/03_RESUMABLE_PROJECT_SNAPSHOT/experiments/lab_001_xy_connection_20260626/factories/PRM-121/contracts/PRM-121_XREG_V1_3_OVERLAY_PAIR_COMPONENT_COMPOSITION_CONSOLIDATION_CONTRACT_20260723.json,PRM-121_XREG_V1_3_OVERLAY_PAIR_COMPONENT_COMPOSITION_CONSOLIDATION_CONTRACT_20260723.json,.json,02_VERIFIED_CORE_HQ_NB_PY,7,current_package_member_or_evidence,contracts 폴더의 설정·manifest·상태·QA 기계 판독 파일
02_VERIFIED_CORE_HQ_NB_PY/03_RESUMABLE_PROJECT_SNAPSHOT/experiments/lab_001_xy_connection_20260626/factories/PRM-122/contracts/PRM-122_PROFILE_JUMP_AND_TURN_BC_BATCH_CONTRACT_20260723.json,PRM-122_PROFILE_JUMP_AND_TURN_BC_BATCH_CONTRACT_20260723.json,.json,02_VERIFIED_CORE_HQ_NB_PY,7,current_package_member_or_evidence,contracts 폴더의 설정·manifest·상태·QA 기계 판독 파일
02_VERIFIED_CORE_HQ_NB_PY/03_RESUMABLE_PROJECT_SNAPSHOT/experiments/lab_001_xy_connection_20260626/factories/TOUR-C001/contracts/PRM-069_SLICE005_RETURN_INTAKE_20260722.json,PRM-069_SLICE005_RETURN_INTAKE_20260722.json,.json,02_VERIFIED_CORE_HQ_NB_PY,7,current_package_member_or_evidence,contracts 폴더의 설정·manifest·상태·QA 기계 판독 파일
02_VERIFIED_CORE_HQ_NB_PY/03_RESUMABLE_PROJECT_SNAPSHOT/experiments/lab_001_xy_connection_20260626/factories/TOUR-C001/contracts/PRM-070_SLICE005_CONVERGENCE_CONTROL_PREREG_20260722.json,PRM-070_SLICE005_CONVERGENCE_CONTROL_PREREG_20260722.json,.json,02_VERIFIED_CORE_HQ_NB_PY,7,current_package_member_or_evidence,contracts 폴더의 설정·manifest·상태·QA 기계 판독 파일
02_VERIFIED_CORE_HQ_NB_PY/03_RESUMABLE_PROJECT_SNAPSHOT/experiments/lab_001_xy_connection_20260626/factories/TOUR-C001/contracts/TOUR-C001_T4R_SLICE_001_T8_T9_CONVERGENCE_PREREGISTRATION_20260720.json,TOUR-C001_T4R_SLICE_001_T8_T9_CONVERGENCE_PREREGISTRATION_20260720.json,.json,02_VERIFIED_CORE_HQ_NB_PY,7,current_package_member_or_evidence,contracts 폴더의 설정·manifest·상태·QA 기계 판독 파일
02_VERIFIED_CORE_HQ_NB_PY/03_RESUMABLE_PROJECT_SNAPSHOT/experiments/lab_001_xy_connection_20260626/factories/TOUR-C001/contracts/TOUR-C001_T4R_SLICE_003A_MATCHED_SOURCE_FIVE_MODEL_PREREGISTRATION_20260720.json,TOUR-C001_T4R_SLICE_003A_MATCHED_SOURCE_FIVE_MODEL_PREREGISTRATION_20260720.json,.json,02_VERIFIED_CORE_HQ_NB_PY,7,current_package_member_or_evidence,contracts 폴더의 설정·manifest·상태·QA 기계 판독 파일
02_VERIFIED_CORE_HQ_NB_PY/03_RESUMABLE_PROJECT_SNAPSHOT/experiments/lab_001_xy_connection_20260626/factories/TOUR-C001/contracts/TOUR-C001_T4R_SLICE_004_ALL58_SOURCE_MATCHED_EXACT_EXTRACTION_20260720.json,TOUR-C001_T4R_SLICE_004_ALL58_SOURCE_MATCHED_EXACT_EXTRACTION_20260720.json,.json,02_VERIFIED_CORE_HQ_NB_PY,7,current_package_member_or_evidence,contracts 폴더의 설정·manifest·상태·QA 기계 판독 파일
02_VERIFIED_CORE_HQ_NB_PY/03_RESUMABLE_PROJECT_SNAPSHOT/experiments/lab_001_xy_connection_20260626/reports/tables/CINT-02_golden_panel_input_manifest_20260718.csv,CINT-02_golden_panel_input_manifest_20260718.csv,.csv,02_VERIFIED_CORE_HQ_NB_PY,6,current_package_member_or_evidence,tables 입력·출력·경로·SHA-256을 고정한 manifest
02_VERIFIED_CORE_HQ_NB_PY/03_RESUMABLE_PROJECT_SNAPSHOT/experiments/lab_001_xy_connection_20260626/reports/tables/CINT-02_legacy_source_adapter_registry_20260718.csv,CINT-02_legacy_source_adapter_registry_20260718.csv,.csv,02_VERIFIED_CORE_HQ_NB_PY,6,current_package_member_or_evidence,tables 폴더의 계산값·registry·manifest·QA 표
02_VERIFIED_CORE_HQ_NB_PY/03_RESUMABLE_PROJECT_SNAPSHOT/experiments/lab_001_xy_connection_20260626/reports/tables/IMSTL-006-20260728-002_selected_slice_gate_detail.csv,IMSTL-006-20260728-002_selected_slice_gate_detail.csv,.csv,02_VERIFIED_CORE_HQ_NB_PY,6,current_package_member_or_evidence,tables 폴더의 계산값·registry·manifest·QA 표
02_VERIFIED_CORE_HQ_NB_PY/03_RESUMABLE_PROJECT_SNAPSHOT/experiments/lab_001_xy_connection_20260626/reports/tables/IMSTL-008-20260728-002_f1_run139_scalar_result.csv,IMSTL-008-20260728-002_f1_run139_scalar_result.csv,.csv,02_VERIFIED_CORE_HQ_NB_PY,6,current_package_member_or_evidence,tables 폴더의 계산값·registry·manifest·QA 표
02_VERIFIED_CORE_HQ_NB_PY/03_RESUMABLE_PROJECT_SNAPSHOT/experiments/lab_001_xy_connection_20260626/reports/tables/IMSTL-008-20260728-002_family_nonregression.csv,IMSTL-008-20260728-002_family_nonregression.csv,.csv,02_VERIFIED_CORE_HQ_NB_PY,6,current_package_member_or_evidence,tables 폴더의 계산값·registry·manifest·QA 표
02_VERIFIED_CORE_HQ_NB_PY/03_RESUMABLE_PROJECT_SNAPSHOT/experiments/lab_001_xy_connection_20260626/reports/tables/IMSTL-008-20260728-002_independent_scalar_replay.csv,IMSTL-008-20260728-002_independent_scalar_replay.csv,.csv,02_VERIFIED_CORE_HQ_NB_PY,6,current_package_member_or_evidence,tables 폴더의 계산값·registry·manifest·QA 표
02_VERIFIED_CORE_HQ_NB_PY/03_RESUMABLE_PROJECT_SNAPSHOT/experiments/lab_001_xy_connection_20260626/reports/tables/IMSTL-008-20260728-002_selected_mask_replay.csv,IMSTL-008-20260728-002_selected_mask_replay.csv,.csv,02_VERIFIED_CORE_HQ_NB_PY,6,current_package_member_or_evidence,tables 폴더의 계산값·registry·manifest·QA 표
02_VERIFIED_CORE_HQ_NB_PY/03_RESUMABLE_PROJECT_SNAPSHOT/experiments/lab_001_xy_connection_20260626/reports/tables/PRM101_unified_redundancy_block_registry.csv,PRM101_unified_redundancy_block_registry.csv,.csv,02_VERIFIED_CORE_HQ_NB_PY,6,current_package_member_or_evidence,tables 폴더의 계산값·registry·manifest·QA 표
02_VERIFIED_CORE_HQ_NB_PY/03_RESUMABLE_PROJECT_SNAPSHOT/experiments/lab_001_xy_connection_20260626/reports/tables/PRM101_unified_redundancy_edge_registry.csv,PRM101_unified_redundancy_edge_registry.csv,.csv,02_VERIFIED_CORE_HQ_NB_PY,6,current_package_member_or_evidence,tables 폴더의 계산값·registry·manifest·QA 표
02_VERIFIED_CORE_HQ_NB_PY/03_RESUMABLE_PROJECT_SNAPSHOT/experiments/lab_001_xy_connection_20260626/reports/tables/PRM101_xreg_v0_3_candidate_bank.csv,PRM101_xreg_v0_3_candidate_bank.csv,.csv,02_VERIFIED_CORE_HQ_NB_PY,6,current_package_member_or_evidence,tables 폴더의 계산값·registry·manifest·QA 표
02_VERIFIED_CORE_HQ_NB_PY/03_RESUMABLE_PROJECT_SNAPSHOT/experiments/lab_001_xy_connection_20260626/reports/tables/PRM101_xreg_v0_3_values_long.csv,PRM101_xreg_v0_3_values_long.csv,.csv,02_VERIFIED_CORE_HQ_NB_PY,6,current_package_member_or_evidence,tables 폴더의 계산값·registry·manifest·QA 표
02_VERIFIED_CORE_HQ_NB_PY/03_RESUMABLE_PROJECT_SNAPSHOT/experiments/lab_001_xy_connection_20260626/reports/tables/PRM101_xreg_v0_3_values_wide.csv,PRM101_xreg_v0_3_values_wide.csv,.csv,02_VERIFIED_CORE_HQ_NB_PY,6,current_package_member_or_evidence,tables 폴더의 계산값·registry·manifest·QA 표
02_VERIFIED_CORE_HQ_NB_PY/03_RESUMABLE_PROJECT_SNAPSHOT/experiments/lab_001_xy_connection_20260626/reports/tables/PRM149_unified_redundancy_block_registry.csv,PRM149_unified_redundancy_block_registry.csv,.csv,02_VERIFIED_CORE_HQ_NB_PY,6,current_package_member_or_evidence,tables 폴더의 계산값·registry·manifest·QA 표
02_VERIFIED_CORE_HQ_NB_PY/03_RESUMABLE_PROJECT_SNAPSHOT/experiments/lab_001_xy_connection_20260626/reports/tables/PRM149_unified_redundancy_edge_registry.csv,PRM149_unified_redundancy_edge_registry.csv,.csv,02_VERIFIED_CORE_HQ_NB_PY,6,current_package_member_or_evidence,tables 폴더의 계산값·registry·manifest·QA 표
02_VERIFIED_CORE_HQ_NB_PY/03_RESUMABLE_PROJECT_SNAPSHOT/experiments/lab_001_xy_connection_20260626/reports/tables/PRM149_xreg_v2_7_candidate_bank.csv,PRM149_xreg_v2_7_candidate_bank.csv,.csv,02_VERIFIED_CORE_HQ_NB_PY,6,current_package_member_or_evidence,tables 폴더의 계산값·registry·manifest·QA 표
02_VERIFIED_CORE_HQ_NB_PY/03_RESUMABLE_PROJECT_SNAPSHOT/experiments/lab_001_xy_connection_20260626/reports/tables/PRM149_xreg_v2_7_values_long.csv,PRM149_xreg_v2_7_values_long.csv,.csv,02_VERIFIED_CORE_HQ_NB_PY,6,current_package_member_or_evidence,tables 폴더의 계산값·registry·manifest·QA 표
02_VERIFIED_CORE_HQ_NB_PY/03_RESUMABLE_PROJECT_SNAPSHOT/experiments/lab_001_xy_connection_20260626/reports/tables/R09-20260715_final_canonical_geometry_registry.csv,R09-20260715_final_canonical_geometry_registry.csv,.csv,02_VERIFIED_CORE_HQ_NB_PY,6,current_package_member_or_evidence,tables 폴더의 계산값·registry·manifest·QA 표
02_VERIFIED_CORE_HQ_NB_PY/03_RESUMABLE_PROJECT_SNAPSHOT/experiments/lab_001_xy_connection_20260626/results/I008_F1/IMSTL-008-20260728-002/DECISION_PACKET.json,DECISION_PACKET.json,.json,02_VERIFIED_CORE_HQ_NB_PY,7,current_package_member_or_evidence,IMSTL-008-20260728-002 폴더의 설정·manifest·상태·QA 기계 판독 파일
02_VERIFIED_CORE_HQ_NB_PY/03_RESUMABLE_PROJECT_SNAPSHOT/experiments/lab_001_xy_connection_20260626/results/I008_F1/IMSTL-008-20260728-002/IMSTL_008_F1_FULL_P1000_Z801_NONREGRESSION_REPORT_20260728.md,IMSTL_008_F1_FULL_P1000_Z801_NONREGRESSION_REPORT_20260728.md,.md,02_VERIFIED_CORE_HQ_NB_PY,7,current_package_member_or_evidence,IMSTL-008-20260728-002 폴더의 설명·보고·계약·의사결정 문서
02_VERIFIED_CORE_HQ_NB_PY/03_RESUMABLE_PROJECT_SNAPSHOT/experiments/lab_001_xy_connection_20260626/results/I008_F1/IMSTL-008-20260728-002/INDEPENDENT_QA.json,INDEPENDENT_QA.json,.json,02_VERIFIED_CORE_HQ_NB_PY,7,current_package_member_or_evidence,IMSTL-008-20260728-002 결과의 독립 재검사·무결성·계약 통과 여부를 기록한 QA 파일
02_VERIFIED_CORE_HQ_NB_PY/03_RESUMABLE_PROJECT_SNAPSHOT/experiments/lab_001_xy_connection_20260626/results/I008_F1/IMSTL-008-20260728-002/MERGE_PACKET.md,MERGE_PACKET.md,.md,02_VERIFIED_CORE_HQ_NB_PY,7,current_package_member_or_evidence,IMSTL-008-20260728-002 작업의 QA·채택 범위·남은 제한을 요약한 merge packet
02_VERIFIED_CORE_HQ_NB_PY/03_RESUMABLE_PROJECT_SNAPSHOT/experiments/lab_001_xy_connection_20260626/results/I008_F1/IMSTL-008-20260728-002/PRODUCER_SUMMARY.json,PRODUCER_SUMMARY.json,.json,02_VERIFIED_CORE_HQ_NB_PY,7,current_package_member_or_evidence,IMSTL-008-20260728-002 폴더의 설정·manifest·상태·QA 기계 판독 파일
02_VERIFIED_CORE_HQ_NB_PY/03_RESUMABLE_PROJECT_SNAPSHOT/experiments/lab_001_xy_connection_20260626/results/I008_F1/IMSTL-008-20260728-002/PROTECTED_ASSET_POST_AUDIT.csv,PROTECTED_ASSET_POST_AUDIT.csv,.csv,02_VERIFIED_CORE_HQ_NB_PY,7,current_package_member_or_evidence,IMSTL-008-20260728-002 폴더의 계산값·registry·manifest·QA 표
02_VERIFIED_CORE_HQ_NB_PY/03_RESUMABLE_PROJECT_SNAPSHOT/experiments/lab_001_xy_connection_20260626/results/I008_F1/IMSTL-008-20260728-002/PROTECTED_ASSET_PRE_AUDIT.csv,PROTECTED_ASSET_PRE_AUDIT.csv,.csv,02_VERIFIED_CORE_HQ_NB_PY,7,current_package_member_or_evidence,IMSTL-008-20260728-002 폴더의 계산값·registry·manifest·QA 표
02_VERIFIED_CORE_HQ_NB_PY/03_RESUMABLE_PROJECT_SNAPSHOT/experiments/lab_001_xy_connection_20260626/results/IMSTL-006_SMALL_GENERALIZATION/IMSTL-006-20260728-002/DECISION_PACKET.json,DECISION_PACKET.json,.json,02_VERIFIED_CORE_HQ_NB_PY,7,current_package_member_or_evidence,IMSTL-006-20260728-002 폴더의 설정·manifest·상태·QA 기계 판독 파일
02_VERIFIED_CORE_HQ_NB_PY/03_RESUMABLE_PROJECT_SNAPSHOT/experiments/lab_001_xy_connection_20260626/results/IMSTL-006_SMALL_GENERALIZATION/IMSTL-006-20260728-002/IMSTL_006_SMALL_GENERALIZATION_REPORT_20260728.md,IMSTL_006_SMALL_GENERALIZATION_REPORT_20260728.md,.md,02_VERIFIED_CORE_HQ_NB_PY,7,current_package_member_or_evidence,IMSTL-006-20260728-002 폴더의 설명·보고·계약·의사결정 문서
02_VERIFIED_CORE_HQ_NB_PY/03_RESUMABLE_PROJECT_SNAPSHOT/experiments/lab_001_xy_connection_20260626/results/IMSTL-006_SMALL_GENERALIZATION/IMSTL-006-20260728-002/INDEPENDENT_QA.json,INDEPENDENT_QA.json,.json,02_VERIFIED_CORE_HQ_NB_PY,7,current_package_member_or_evidence,IMSTL-006-20260728-002 결과의 독립 재검사·무결성·계약 통과 여부를 기록한 QA 파일
02_VERIFIED_CORE_HQ_NB_PY/03_RESUMABLE_PROJECT_SNAPSHOT/experiments/lab_001_xy_connection_20260626/results/IMSTL-006_SMALL_GENERALIZATION/IMSTL-006-20260728-002/PRODUCER_QA.json,PRODUCER_QA.json,.json,02_VERIFIED_CORE_HQ_NB_PY,7,current_package_member_or_evidence,IMSTL-006-20260728-002 결과의 독립 재검사·무결성·계약 통과 여부를 기록한 QA 파일
02_VERIFIED_CORE_HQ_NB_PY/03_RESUMABLE_PROJECT_SNAPSHOT/experiments/lab_001_xy_connection_20260626/results/IMSTL-006_SMALL_GENERALIZATION/IMSTL-006-20260728-002/SELECTED_GATE_PACKET.json,SELECTED_GATE_PACKET.json,.json,02_VERIFIED_CORE_HQ_NB_PY,7,current_package_member_or_evidence,IMSTL-006-20260728-002 폴더의 설정·manifest·상태·QA 기계 판독 파일
02_VERIFIED_CORE_HQ_NB_PY/03_RESUMABLE_PROJECT_SNAPSHOT/experiments/lab_001_xy_connection_20260626/results/IMSTL-007_F1_RESOLUTION_PIXEL_PHASE/IMSTL-007-20260728-001/DECISION_PACKET.json,DECISION_PACKET.json,.json,02_VERIFIED_CORE_HQ_NB_PY,7,current_package_member_or_evidence,IMSTL-007-20260728-001 폴더의 설정·manifest·상태·QA 기계 판독 파일
02_VERIFIED_CORE_HQ_NB_PY/03_RESUMABLE_PROJECT_SNAPSHOT/experiments/lab_001_xy_connection_20260626/results/IMSTL-007_F1_RESOLUTION_PIXEL_PHASE/IMSTL-007-20260728-001/figures/F1_z0000_resolution_phase_grid.png,F1_z0000_resolution_phase_grid.png,.png,02_VERIFIED_CORE_HQ_NB_PY,8,current_package_member_or_evidence,figures 작업의 slice·overlay·진단·결과 시각 자료
02_VERIFIED_CORE_HQ_NB_PY/03_RESUMABLE_PROJECT_SNAPSHOT/experiments/lab_001_xy_connection_20260626/results/IMSTL-007_F1_RESOLUTION_PIXEL_PHASE/IMSTL-007-20260728-001/figures/F1_z0001_resolution_phase_grid.png,F1_z0001_resolution_phase_grid.png,.png,02_VERIFIED_CORE_HQ_NB_PY,8,current_package_member_or_evidence,figures 작업의 slice·overlay·진단·결과 시각 자료
02_VERIFIED_CORE_HQ_NB_PY/03_RESUMABLE_PROJECT_SNAPSHOT/experiments/lab_001_xy_connection_20260626/results/IMSTL-007_F1_RESOLUTION_PIXEL_PHASE/IMSTL-007-20260728-001/figures/F1_z0100_resolution_phase_grid.png,F1_z0100_resolution_phase_grid.png,.png,02_VERIFIED_CORE_HQ_NB_PY,8,current_package_member_or_evidence,figures 작업의 slice·overlay·진단·결과 시각 자료
02_VERIFIED_CORE_HQ_NB_PY/03_RESUMABLE_PROJECT_SNAPSHOT/experiments/lab_001_xy_connection_20260626/results/IMSTL-007_F1_RESOLUTION_PIXEL_PHASE/IMSTL-007-20260728-001/figures/F1_z0200_resolution_phase_grid.png,F1_z0200_resolution_phase_grid.png,.png,02_VERIFIED_CORE_HQ_NB_PY,8,current_package_member_or_evidence,figures 작업의 slice·overlay·진단·결과 시각 자료
02_VERIFIED_CORE_HQ_NB_PY/03_RESUMABLE_PROJECT_SNAPSHOT/experiments/lab_001_xy_connection_20260626/results/IMSTL-007_F1_RESOLUTION_PIXEL_PHASE/IMSTL-007-20260728-001/figures/F1_z0400_resolution_phase_grid.png,F1_z0400_resolution_phase_grid.png,.png,02_VERIFIED_CORE_HQ_NB_PY,8,current_package_member_or_evidence,figures 작업의 slice·overlay·진단·결과 시각 자료
02_VERIFIED_CORE_HQ_NB_PY/03_RESUMABLE_PROJECT_SNAPSHOT/experiments/lab_001_xy_connection_20260626/results/IMSTL-007_F1_RESOLUTION_PIXEL_PHASE/IMSTL-007-20260728-001/figures/F1_z0600_resolution_phase_grid.png,F1_z0600_resolution_phase_grid.png,.png,02_VERIFIED_CORE_HQ_NB_PY,8,current_package_member_or_evidence,figures 작업의 slice·overlay·진단·결과 시각 자료
02_VERIFIED_CORE_HQ_NB_PY/03_RESUMABLE_PROJECT_SNAPSHOT/experiments/lab_001_xy_connection_20260626/results/IMSTL-007_F1_RESOLUTION_PIXEL_PHASE/IMSTL-007-20260728-001/figures/F1_z0700_resolution_phase_grid.png,F1_z0700_resolution_phase_grid.png,.png,02_VERIFIED_CORE_HQ_NB_PY,8,current_package_member_or_evidence,figures 작업의 slice·overlay·진단·결과 시각 자료
02_VERIFIED_CORE_HQ_NB_PY/03_RESUMABLE_PROJECT_SNAPSHOT/experiments/lab_001_xy_connection_20260626/results/IMSTL-007_F1_RESOLUTION_PIXEL_PHASE/IMSTL-007-20260728-001/figures/F1_z0799_resolution_phase_grid.png,F1_z0799_resolution_phase_grid.png,.png,02_VERIFIED_CORE_HQ_NB_PY,8,current_package_member_or_evidence,figures 작업의 slice·overlay·진단·결과 시각 자료
02_VERIFIED_CORE_HQ_NB_PY/03_RESUMABLE_PROJECT_SNAPSHOT/experiments/lab_001_xy_connection_20260626/results/IMSTL-007_F1_RESOLUTION_PIXEL_PHASE/IMSTL-007-20260728-001/figures/F1_z0800_resolution_phase_grid.png,F1_z0800_resolution_phase_grid.png,.png,02_VERIFIED_CORE_HQ_NB_PY,8,current_package_member_or_evidence,figures 작업의 slice·overlay·진단·결과 시각 자료
02_VERIFIED_CORE_HQ_NB_PY/03_RESUMABLE_PROJECT_SNAPSHOT/experiments/lab_001_xy_connection_20260626/results/IMSTL-007_F1_RESOLUTION_PIXEL_PHASE/IMSTL-007-20260728-001/PRODUCER_QA.json,PRODUCER_QA.json,.json,02_VERIFIED_CORE_HQ_NB_PY,7,current_package_member_or_evidence,IMSTL-007-20260728-001 결과의 독립 재검사·무결성·계약 통과 여부를 기록한 QA 파일
02_VERIFIED_CORE_HQ_NB_PY/03_RESUMABLE_PROJECT_SNAPSHOT/experiments/lab_001_xy_connection_20260626/results/IMSTL-007_F1_RESOLUTION_PIXEL_PHASE/IMSTL-007-20260728-001/QUARANTINE.json,QUARANTINE.json,.json,02_VERIFIED_CORE_HQ_NB_PY,7,historical_or_quarantined,과거 실패·대체·격리 이력(현재 canonical 아님): IMSTL-007-20260728-001 폴더의 설정·manifest·상태·QA 기계 판독 파일
02_VERIFIED_CORE_HQ_NB_PY/03_RESUMABLE_PROJECT_SNAPSHOT/experiments/lab_001_xy_connection_20260626/results/POSTRUN-GATE-001/POSTRUN-GATE-001-20260801-001/C1_INDEPENDENT_QA_RESULT.json,C1_INDEPENDENT_QA_RESULT.json,.json,02_VERIFIED_CORE_HQ_NB_PY,7,current_package_member_or_evidence,POSTRUN-GATE-001-20260801-001 결과의 독립 재검사·무결성·계약 통과 여부를 기록한 QA 파일
02_VERIFIED_CORE_HQ_NB_PY/03_RESUMABLE_PROJECT_SNAPSHOT/experiments/lab_001_xy_connection_20260626/results/POSTRUN-GATE-001/POSTRUN-GATE-001-20260801-001/CLAIM_AND_STATUS_LEDGER.csv,CLAIM_AND_STATUS_LEDGER.csv,.csv,02_VERIFIED_CORE_HQ_NB_PY,7,current_package_member_or_evidence,STRICT-STEP-026 작업의 v1.1 authoritative evidence 근거 파일
02_VERIFIED_CORE_HQ_NB_PY/03_RESUMABLE_PROJECT_SNAPSHOT/experiments/lab_001_xy_connection_20260626/results/POSTRUN-GATE-001/POSTRUN-GATE-001-20260801-001/MERGE_PACKET.md,MERGE_PACKET.md,.md,02_VERIFIED_CORE_HQ_NB_PY,7,current_package_member_or_evidence,POSTRUN-GATE-001-20260801-001 작업의 QA·채택 범위·남은 제한을 요약한 merge packet
02_VERIFIED_CORE_HQ_NB_PY/03_RESUMABLE_PROJECT_SNAPSHOT/experiments/lab_001_xy_connection_20260626/results/POSTRUN-GATE-001/POSTRUN-GATE-001-20260801-001/NEXT_GATE_RECOMMENDATION.md,NEXT_GATE_RECOMMENDATION.md,.md,02_VERIFIED_CORE_HQ_NB_PY,7,current_package_member_or_evidence,POSTRUN-GATE-001-20260801-001 폴더의 설명·보고·계약·의사결정 문서
02_VERIFIED_CORE_HQ_NB_PY/03_RESUMABLE_PROJECT_SNAPSHOT/experiments/lab_001_xy_connection_20260626/results/POSTRUN-GATE-001/POSTRUN-GATE-001-20260801-001/REPORT.md,REPORT.md,.md,02_VERIFIED_CORE_HQ_NB_PY,7,current_package_member_or_evidence,POSTRUN-GATE-001-20260801-001 작업의 목적·실행 결과·해석 경계를 기록한 보고서
02_VERIFIED_CORE_HQ_NB_PY/03_RESUMABLE_PROJECT_SNAPSHOT/experiments/lab_001_xy_connection_20260626/results/POSTRUN-GATE-001/POSTRUN-GATE-001-20260801-001/TRAIN_REPLAY_LIFECYCLE_AWARE_QA_V2.json,TRAIN_REPLAY_LIFECYCLE_AWARE_QA_V2.json,.json,02_VERIFIED_CORE_HQ_NB_PY,7,current_package_member_or_evidence,POSTRUN-GATE-001-20260801-001 결과의 독립 재검사·무결성·계약 통과 여부를 기록한 QA 파일
02_VERIFIED_CORE_HQ_NB_PY/03_RESUMABLE_PROJECT_SNAPSHOT/experiments/lab_001_xy_connection_20260626/results/POSTRUN-GATE-001/POSTRUN-GATE-001-20260801-001/TRAIN_REPLAY_QA_FAILURE_DISPOSITION.csv,TRAIN_REPLAY_QA_FAILURE_DISPOSITION.csv,.csv,02_VERIFIED_CORE_HQ_NB_PY,7,current_package_member_or_evidence,POSTRUN-GATE-001-20260801-001 결과의 독립 재검사·무결성·계약 통과 여부를 기록한 QA 파일
02_VERIFIED_CORE_HQ_NB_PY/03_RESUMABLE_PROJECT_SNAPSHOT/experiments/lab_001_xy_connection_20260626/results/ROUTE-VALID-001/ROUTE-VALID-001-20260729-001/C1_ZMID_P1000_IMPORTED_STL_ROUTE_C.png,C1_ZMID_P1000_IMPORTED_STL_ROUTE_C.png,.png,02_VERIFIED_CORE_HQ_NB_PY,7,current_package_member_or_evidence,ROUTE-VALID-001-20260729-001 작업의 slice·overlay·진단·결과 시각 자료
02_VERIFIED_CORE_HQ_NB_PY/03_RESUMABLE_PROJECT_SNAPSHOT/experiments/lab_001_xy_connection_20260626/results/ROUTE-VALID-001/ROUTE-VALID-001-20260729-001/INDEPENDENT_QA.json,INDEPENDENT_QA.json,.json,02_VERIFIED_CORE_HQ_NB_PY,7,current_package_member_or_evidence,ROUTE-VALID-001-20260729-001 결과의 독립 재검사·무결성·계약 통과 여부를 기록한 QA 파일
02_VERIFIED_CORE_HQ_NB_PY/03_RESUMABLE_PROJECT_SNAPSHOT/experiments/lab_001_xy_connection_20260626/results/ROUTE-VALID-001/ROUTE-VALID-001-20260729-001/REPORT.md,REPORT.md,.md,02_VERIFIED_CORE_HQ_NB_PY,7,current_package_member_or_evidence,ROUTE-VALID-001-20260729-001 작업의 목적·실행 결과·해석 경계를 기록한 보고서
02_VERIFIED_CORE_HQ_NB_PY/03_RESUMABLE_PROJECT_SNAPSHOT/experiments/lab_001_xy_connection_20260626/results/ROUTE-VALID-001/ROUTE-VALID-001-20260729-001/ROUTE_VALID_001_C1_PACKET.json,ROUTE_VALID_001_C1_PACKET.json,.json,02_VERIFIED_CORE_HQ_NB_PY,7,current_package_member_or_evidence,ROUTE-VALID-001-20260729-001 폴더의 설정·manifest·상태·QA 기계 판독 파일
02_VERIFIED_CORE_HQ_NB_PY/03_RESUMABLE_PROJECT_SNAPSHOT/experiments/lab_001_xy_connection_20260626/results/ROUTE-VALID-002/ROUTE-VALID-002-20260729-001/B1_ZMID_P1000_ROUTE_A.png,B1_ZMID_P1000_ROUTE_A.png,.png,02_VERIFIED_CORE_HQ_NB_PY,7,current_package_member_or_evidence,ROUTE-VALID-002-20260729-001 작업의 slice·overlay·진단·결과 시각 자료
02_VERIFIED_CORE_HQ_NB_PY/03_RESUMABLE_PROJECT_SNAPSHOT/experiments/lab_001_xy_connection_20260626/results/ROUTE-VALID-002/ROUTE-VALID-002-20260729-001/B1_ZMID_P1000_ROUTE_B.png,B1_ZMID_P1000_ROUTE_B.png,.png,02_VERIFIED_CORE_HQ_NB_PY,7,current_package_member_or_evidence,ROUTE-VALID-002-20260729-001 작업의 slice·overlay·진단·결과 시각 자료
02_VERIFIED_CORE_HQ_NB_PY/03_RESUMABLE_PROJECT_SNAPSHOT/experiments/lab_001_xy_connection_20260626/results/ROUTE-VALID-002/ROUTE-VALID-002-20260729-001/B1_ZMID_P1000_ROUTE_C.png,B1_ZMID_P1000_ROUTE_C.png,.png,02_VERIFIED_CORE_HQ_NB_PY,7,current_package_member_or_evidence,ROUTE-VALID-002-20260729-001 작업의 slice·overlay·진단·결과 시각 자료
02_VERIFIED_CORE_HQ_NB_PY/03_RESUMABLE_PROJECT_SNAPSHOT/experiments/lab_001_xy_connection_20260626/results/ROUTE-VALID-002/ROUTE-VALID-002-20260729-001/B1_ZMID_P500_ROUTE_A.png,B1_ZMID_P500_ROUTE_A.png,.png,02_VERIFIED_CORE_HQ_NB_PY,7,current_package_member_or_evidence,ROUTE-VALID-002-20260729-001 작업의 slice·overlay·진단·결과 시각 자료
02_VERIFIED_CORE_HQ_NB_PY/03_RESUMABLE_PROJECT_SNAPSHOT/experiments/lab_001_xy_connection_20260626/results/ROUTE-VALID-002/ROUTE-VALID-002-20260729-001/B1_ZMID_P500_ROUTE_B.png,B1_ZMID_P500_ROUTE_B.png,.png,02_VERIFIED_CORE_HQ_NB_PY,7,current_package_member_or_evidence,ROUTE-VALID-002-20260729-001 작업의 slice·overlay·진단·결과 시각 자료
02_VERIFIED_CORE_HQ_NB_PY/03_RESUMABLE_PROJECT_SNAPSHOT/experiments/lab_001_xy_connection_20260626/results/ROUTE-VALID-002/ROUTE-VALID-002-20260729-001/B1_ZMID_P500_ROUTE_C.png,B1_ZMID_P500_ROUTE_C.png,.png,02_VERIFIED_CORE_HQ_NB_PY,7,current_package_member_or_evidence,ROUTE-VALID-002-20260729-001 작업의 slice·overlay·진단·결과 시각 자료
02_VERIFIED_CORE_HQ_NB_PY/03_RESUMABLE_PROJECT_SNAPSHOT/experiments/lab_001_xy_connection_20260626/results/ROUTE-VALID-002/ROUTE-VALID-002-20260729-001/INDEPENDENT_QA.json,INDEPENDENT_QA.json,.json,02_VERIFIED_CORE_HQ_NB_PY,7,current_package_member_or_evidence,ROUTE-VALID-002-20260729-001 결과의 독립 재검사·무결성·계약 통과 여부를 기록한 QA 파일
02_VERIFIED_CORE_HQ_NB_PY/03_RESUMABLE_PROJECT_SNAPSHOT/experiments/lab_001_xy_connection_20260626/results/ROUTE-VALID-002/ROUTE-VALID-002-20260729-001/L7_ZMID_P1000_ROUTE_A.png,L7_ZMID_P1000_ROUTE_A.png,.png,02_VERIFIED_CORE_HQ_NB_PY,7,current_package_member_or_evidence,ROUTE-VALID-002-20260729-001 작업의 slice·overlay·진단·결과 시각 자료
02_VERIFIED_CORE_HQ_NB_PY/03_RESUMABLE_PROJECT_SNAPSHOT/experiments/lab_001_xy_connection_20260626/results/ROUTE-VALID-002/ROUTE-VALID-002-20260729-001/L7_ZMID_P1000_ROUTE_B.png,L7_ZMID_P1000_ROUTE_B.png,.png,02_VERIFIED_CORE_HQ_NB_PY,7,current_package_member_or_evidence,ROUTE-VALID-002-20260729-001 작업의 slice·overlay·진단·결과 시각 자료
02_VERIFIED_CORE_HQ_NB_PY/03_RESUMABLE_PROJECT_SNAPSHOT/experiments/lab_001_xy_connection_20260626/results/ROUTE-VALID-002/ROUTE-VALID-002-20260729-001/L7_ZMID_P1000_ROUTE_C.png,L7_ZMID_P1000_ROUTE_C.png,.png,02_VERIFIED_CORE_HQ_NB_PY,7,current_package_member_or_evidence,ROUTE-VALID-002-20260729-001 작업의 slice·overlay·진단·결과 시각 자료
02_VERIFIED_CORE_HQ_NB_PY/03_RESUMABLE_PROJECT_SNAPSHOT/experiments/lab_001_xy_connection_20260626/results/ROUTE-VALID-002/ROUTE-VALID-002-20260729-001/L7_ZMID_P500_ROUTE_A.png,L7_ZMID_P500_ROUTE_A.png,.png,02_VERIFIED_CORE_HQ_NB_PY,7,current_package_member_or_evidence,ROUTE-VALID-002-20260729-001 작업의 slice·overlay·진단·결과 시각 자료
02_VERIFIED_CORE_HQ_NB_PY/03_RESUMABLE_PROJECT_SNAPSHOT/experiments/lab_001_xy_connection_20260626/results/ROUTE-VALID-002/ROUTE-VALID-002-20260729-001/L7_ZMID_P500_ROUTE_B.png,L7_ZMID_P500_ROUTE_B.png,.png,02_VERIFIED_CORE_HQ_NB_PY,7,current_package_member_or_evidence,ROUTE-VALID-002-20260729-001 작업의 slice·overlay·진단·결과 시각 자료
02_VERIFIED_CORE_HQ_NB_PY/03_RESUMABLE_PROJECT_SNAPSHOT/experiments/lab_001_xy_connection_20260626/results/ROUTE-VALID-002/ROUTE-VALID-002-20260729-001/L7_ZMID_P500_ROUTE_C.png,L7_ZMID_P500_ROUTE_C.png,.png,02_VERIFIED_CORE_HQ_NB_PY,7,current_package_member_or_evidence,ROUTE-VALID-002-20260729-001 작업의 slice·overlay·진단·결과 시각 자료
02_VERIFIED_CORE_HQ_NB_PY/03_RESUMABLE_PROJECT_SNAPSHOT/experiments/lab_001_xy_connection_20260626/results/ROUTE-VALID-002/ROUTE-VALID-002-20260729-001/MERGE_PACKET.md,MERGE_PACKET.md,.md,02_VERIFIED_CORE_HQ_NB_PY,7,current_package_member_or_evidence,ROUTE-VALID-002-20260729-001 작업의 QA·채택 범위·남은 제한을 요약한 merge packet
02_VERIFIED_CORE_HQ_NB_PY/03_RESUMABLE_PROJECT_SNAPSHOT/experiments/lab_001_xy_connection_20260626/results/ROUTE-VALID-002/ROUTE-VALID-002-20260729-001/REPORT.md,REPORT.md,.md,02_VERIFIED_CORE_HQ_NB_PY,7,current_package_member_or_evidence,ROUTE-VALID-002-20260729-001 작업의 목적·실행 결과·해석 경계를 기록한 보고서
02_VERIFIED_CORE_HQ_NB_PY/03_RESUMABLE_PROJECT_SNAPSHOT/experiments/lab_001_xy_connection_20260626/results/ROUTE-VALID-002/ROUTE-VALID-002-20260729-001/ROUTE_VALID_002_PACKET.json,ROUTE_VALID_002_PACKET.json,.json,02_VERIFIED_CORE_HQ_NB_PY,7,current_package_member_or_evidence,ROUTE-VALID-002-20260729-001 폴더의 설정·manifest·상태·QA 기계 판독 파일
02_VERIFIED_CORE_HQ_NB_PY/03_RESUMABLE_PROJECT_SNAPSHOT/experiments/lab_001_xy_connection_20260626/results/ROUTE-VALID-003/ROUTE-VALID-003-20260729-001/COMMON_RASTER_CONTRACT.json,COMMON_RASTER_CONTRACT.json,.json,02_VERIFIED_CORE_HQ_NB_PY,7,current_package_member_or_evidence,ROUTE-VALID-003-20260729-001 폴더의 설정·manifest·상태·QA 기계 판독 파일. 관련 ID: ROUTE-VALID-003(STEP·tessellation·imported STL selected-slice 비교 작업)
02_VERIFIED_CORE_HQ_NB_PY/03_RESUMABLE_PROJECT_SNAPSHOT/experiments/lab_001_xy_connection_20260626/results/ROUTE-VALID-003/ROUTE-VALID-003-20260729-002/COMMON_RASTER_CONTRACT.json,COMMON_RASTER_CONTRACT.json,.json,02_VERIFIED_CORE_HQ_NB_PY,7,current_package_member_or_evidence,ROUTE-VALID-003-20260729-002 폴더의 설정·manifest·상태·QA 기계 판독 파일. 관련 ID: ROUTE-VALID-003(STEP·tessellation·imported STL selected-slice 비교 작업)
02_VERIFIED_CORE_HQ_NB_PY/03_RESUMABLE_PROJECT_SNAPSHOT/experiments/lab_001_xy_connection_20260626/results/ROUTE-VALID-003/ROUTE-VALID-003-20260729-002/figures/AB_worst_01_z0400_P750_P50X.png,AB_worst_01_z0400_P750_P50X.png,.png,02_VERIFIED_CORE_HQ_NB_PY,8,current_package_member_or_evidence,figures 작업의 slice·overlay·진단·결과 시각 자료. 관련 ID: ROUTE-VALID-003(STEP·tessellation·imported STL selected-slice 비교 작업)
02_VERIFIED_CORE_HQ_NB_PY/03_RESUMABLE_PROJECT_SNAPSHOT/experiments/lab_001_xy_connection_20260626/results/ROUTE-VALID-003/ROUTE-VALID-003-20260729-002/figures/AB_worst_02_z0400_P750_P00.png,AB_worst_02_z0400_P750_P00.png,.png,02_VERIFIED_CORE_HQ_NB_PY,8,current_package_member_or_evidence,figures 작업의 slice·overlay·진단·결과 시각 자료. 관련 ID: ROUTE-VALID-003(STEP·tessellation·imported STL selected-slice 비교 작업)
02_VERIFIED_CORE_HQ_NB_PY/03_RESUMABLE_PROJECT_SNAPSHOT/experiments/lab_001_xy_connection_20260626/results/ROUTE-VALID-003/ROUTE-VALID-003-20260729-002/figures/AB_worst_03_z0400_P1000_P00.png,AB_worst_03_z0400_P1000_P00.png,.png,02_VERIFIED_CORE_HQ_NB_PY,8,current_package_member_or_evidence,figures 작업의 slice·overlay·진단·결과 시각 자료. 관련 ID: ROUTE-VALID-003(STEP·tessellation·imported STL selected-slice 비교 작업)
02_VERIFIED_CORE_HQ_NB_PY/03_RESUMABLE_PROJECT_SNAPSHOT/experiments/lab_001_xy_connection_20260626/results/ROUTE-VALID-003/ROUTE-VALID-003-20260729-002/figures/AB_worst_04_z0400_P1000_P50X.png,AB_worst_04_z0400_P1000_P50X.png,.png,02_VERIFIED_CORE_HQ_NB_PY,8,current_package_member_or_evidence,figures 작업의 slice·overlay·진단·결과 시각 자료. 관련 ID: ROUTE-VALID-003(STEP·tessellation·imported STL selected-slice 비교 작업)
02_VERIFIED_CORE_HQ_NB_PY/03_RESUMABLE_PROJECT_SNAPSHOT/experiments/lab_001_xy_connection_20260626/results/ROUTE-VALID-003/ROUTE-VALID-003-20260729-002/figures/AB_worst_05_z0400_P1500_P00.png,AB_worst_05_z0400_P1500_P00.png,.png,02_VERIFIED_CORE_HQ_NB_PY,8,current_package_member_or_evidence,figures 작업의 slice·overlay·진단·결과 시각 자료. 관련 ID: ROUTE-VALID-003(STEP·tessellation·imported STL selected-slice 비교 작업)
02_VERIFIED_CORE_HQ_NB_PY/03_RESUMABLE_PROJECT_SNAPSHOT/experiments/lab_001_xy_connection_20260626/results/ROUTE-VALID-003/ROUTE-VALID-003-20260729-002/figures/AB_worst_06_z0400_P1500_P50X.png,AB_worst_06_z0400_P1500_P50X.png,.png,02_VERIFIED_CORE_HQ_NB_PY,8,current_package_member_or_evidence,figures 작업의 slice·overlay·진단·결과 시각 자료. 관련 ID: ROUTE-VALID-003(STEP·tessellation·imported STL selected-slice 비교 작업)
02_VERIFIED_CORE_HQ_NB_PY/03_RESUMABLE_PROJECT_SNAPSHOT/experiments/lab_001_xy_connection_20260626/results/ROUTE-VALID-003/ROUTE-VALID-003-20260729-002/figures/AC_worst_01_z0400_P500_P50X.png,AC_worst_01_z0400_P500_P50X.png,.png,02_VERIFIED_CORE_HQ_NB_PY,8,current_package_member_or_evidence,figures 작업의 slice·overlay·진단·결과 시각 자료. 관련 ID: ROUTE-VALID-003(STEP·tessellation·imported STL selected-slice 비교 작업)
02_VERIFIED_CORE_HQ_NB_PY/03_RESUMABLE_PROJECT_SNAPSHOT/experiments/lab_001_xy_connection_20260626/results/ROUTE-VALID-003/ROUTE-VALID-003-20260729-002/figures/AC_worst_02_z0400_P500_P00.png,AC_worst_02_z0400_P500_P00.png,.png,02_VERIFIED_CORE_HQ_NB_PY,8,current_package_member_or_evidence,figures 작업의 slice·overlay·진단·결과 시각 자료. 관련 ID: ROUTE-VALID-003(STEP·tessellation·imported STL selected-slice 비교 작업)
02_VERIFIED_CORE_HQ_NB_PY/03_RESUMABLE_PROJECT_SNAPSHOT/experiments/lab_001_xy_connection_20260626/results/ROUTE-VALID-003/ROUTE-VALID-003-20260729-002/figures/AC_worst_03_z0400_P750_P00.png,AC_worst_03_z0400_P750_P00.png,.png,02_VERIFIED_CORE_HQ_NB_PY,8,current_package_member_or_evidence,figures 작업의 slice·overlay·진단·결과 시각 자료. 관련 ID: ROUTE-VALID-003(STEP·tessellation·imported STL selected-slice 비교 작업)
02_VERIFIED_CORE_HQ_NB_PY/03_RESUMABLE_PROJECT_SNAPSHOT/experiments/lab_001_xy_connection_20260626/results/ROUTE-VALID-003/ROUTE-VALID-003-20260729-002/figures/AC_worst_04_z0400_P750_P50X.png,AC_worst_04_z0400_P750_P50X.png,.png,02_VERIFIED_CORE_HQ_NB_PY,8,current_package_member_or_evidence,figures 작업의 slice·overlay·진단·결과 시각 자료. 관련 ID: ROUTE-VALID-003(STEP·tessellation·imported STL selected-slice 비교 작업)
02_VERIFIED_CORE_HQ_NB_PY/03_RESUMABLE_PROJECT_SNAPSHOT/experiments/lab_001_xy_connection_20260626/results/ROUTE-VALID-003/ROUTE-VALID-003-20260729-002/figures/AC_worst_05_z0400_P1000_P50X.png,AC_worst_05_z0400_P1000_P50X.png,.png,02_VERIFIED_CORE_HQ_NB_PY,8,current_package_member_or_evidence,figures 작업의 slice·overlay·진단·결과 시각 자료. 관련 ID: ROUTE-VALID-003(STEP·tessellation·imported STL selected-slice 비교 작업)
02_VERIFIED_CORE_HQ_NB_PY/03_RESUMABLE_PROJECT_SNAPSHOT/experiments/lab_001_xy_connection_20260626/results/ROUTE-VALID-003/ROUTE-VALID-003-20260729-002/figures/AC_worst_06_z0400_P1000_P00.png,AC_worst_06_z0400_P1000_P00.png,.png,02_VERIFIED_CORE_HQ_NB_PY,8,current_package_member_or_evidence,figures 작업의 slice·overlay·진단·결과 시각 자료. 관련 ID: ROUTE-VALID-003(STEP·tessellation·imported STL selected-slice 비교 작업)
02_VERIFIED_CORE_HQ_NB_PY/03_RESUMABLE_PROJECT_SNAPSHOT/experiments/lab_001_xy_connection_20260626/results/ROUTE-VALID-003/ROUTE-VALID-003-20260729-002/INDEPENDENT_QA.json,INDEPENDENT_QA.json,.json,02_VERIFIED_CORE_HQ_NB_PY,7,current_package_member_or_evidence,ROUTE-VALID-003-20260729-002 결과의 독립 재검사·무결성·계약 통과 여부를 기록한 QA 파일. 관련 ID: ROUTE-VALID-003(STEP·tessellation·imported STL selected-slice 비교 작업)
02_VERIFIED_CORE_HQ_NB_PY/03_RESUMABLE_PROJECT_SNAPSHOT/experiments/lab_001_xy_connection_20260626/results/ROUTE-VALID-003/ROUTE-VALID-003-20260729-002/MERGE_PACKET.md,MERGE_PACKET.md,.md,02_VERIFIED_CORE_HQ_NB_PY,7,current_package_member_or_evidence,ROUTE-VALID-003-20260729-002 작업의 QA·채택 범위·남은 제한을 요약한 merge packet. 관련 ID: ROUTE-VALID-003(STEP·tessellation·imported STL selected-slice 비교 작업)
02_VERIFIED_CORE_HQ_NB_PY/03_RESUMABLE_PROJECT_SNAPSHOT/experiments/lab_001_xy_connection_20260626/results/ROUTE-VALID-003/ROUTE-VALID-003-20260729-002/OUTPUT_MANIFEST.csv,OUTPUT_MANIFEST.csv,.csv,02_VERIFIED_CORE_HQ_NB_PY,7,current_package_member_or_evidence,ROUTE-VALID-003-20260729-002 입력·출력·경로·SHA-256을 고정한 manifest. 관련 ID: ROUTE-VALID-003(STEP·tessellation·imported STL selected-slice 비교 작업)
02_VERIFIED_CORE_HQ_NB_PY/03_RESUMABLE_PROJECT_SNAPSHOT/experiments/lab_001_xy_connection_20260626/results/ROUTE-VALID-003/ROUTE-VALID-003-20260729-002/PRODUCER_PACKET.json,PRODUCER_PACKET.json,.json,02_VERIFIED_CORE_HQ_NB_PY,7,current_package_member_or_evidence,ROUTE-VALID-003-20260729-002 폴더의 설정·manifest·상태·QA 기계 판독 파일. 관련 ID: ROUTE-VALID-003(STEP·tessellation·imported STL selected-slice 비교 작업)
02_VERIFIED_CORE_HQ_NB_PY/03_RESUMABLE_PROJECT_SNAPSHOT/experiments/lab_001_xy_connection_20260626/results/ROUTE-VALID-003/ROUTE-VALID-003-20260729-002/REPORT.md,REPORT.md,.md,02_VERIFIED_CORE_HQ_NB_PY,7,current_package_member_or_evidence,ROUTE-VALID-003-20260729-002 작업의 목적·실행 결과·해석 경계를 기록한 보고서. 관련 ID: ROUTE-VALID-003(STEP·tessellation·imported STL selected-slice 비교 작업)
02_VERIFIED_CORE_HQ_NB_PY/03_RESUMABLE_PROJECT_SNAPSHOT/experiments/lab_001_xy_connection_20260626/results/ROUTE-VALID-003/ROUTE-VALID-003-20260729-002/ROUTE_VALID_003_PACKET.json,ROUTE_VALID_003_PACKET.json,.json,02_VERIFIED_CORE_HQ_NB_PY,7,current_package_member_or_evidence,ROUTE-VALID-003-20260729-002 폴더의 설정·manifest·상태·QA 기계 판독 파일. 관련 ID: ROUTE-VALID-003(STEP·tessellation·imported STL selected-slice 비교 작업)
02_VERIFIED_CORE_HQ_NB_PY/03_RESUMABLE_PROJECT_SNAPSHOT/experiments/lab_001_xy_connection_20260626/results/ROUTE-VALID-004/ROUTE-VALID-004-20260729-001/FINAL_OUTPUT_MANIFEST.csv,FINAL_OUTPUT_MANIFEST.csv,.csv,02_VERIFIED_CORE_HQ_NB_PY,7,current_package_member_or_evidence,ROUTE-VALID-004-20260729-001 입력·출력·경로·SHA-256을 고정한 manifest. 관련 ID: ROUTE-VALID-004(source type별 허용·차단 route 정책 결정 작업)
02_VERIFIED_CORE_HQ_NB_PY/03_RESUMABLE_PROJECT_SNAPSHOT/experiments/lab_001_xy_connection_20260626/results/ROUTE-VALID-004/ROUTE-VALID-004-20260729-001/INDEPENDENT_QA.json,INDEPENDENT_QA.json,.json,02_VERIFIED_CORE_HQ_NB_PY,7,current_package_member_or_evidence,ROUTE-VALID-004-20260729-001 결과의 독립 재검사·무결성·계약 통과 여부를 기록한 QA 파일. 관련 ID: ROUTE-VALID-004(source type별 허용·차단 route 정책 결정 작업)
02_VERIFIED_CORE_HQ_NB_PY/03_RESUMABLE_PROJECT_SNAPSHOT/experiments/lab_001_xy_connection_20260626/results/ROUTE-VALID-004/ROUTE-VALID-004-20260729-001/MERGE_PACKET.md,MERGE_PACKET.md,.md,02_VERIFIED_CORE_HQ_NB_PY,7,current_package_member_or_evidence,ROUTE-VALID-004-20260729-001 작업의 QA·채택 범위·남은 제한을 요약한 merge packet. 관련 ID: ROUTE-VALID-004(source type별 허용·차단 route 정책 결정 작업)
02_VERIFIED_CORE_HQ_NB_PY/03_RESUMABLE_PROJECT_SNAPSHOT/experiments/lab_001_xy_connection_20260626/results/ROUTE-VALID-004/ROUTE-VALID-004-20260729-001/OUTPUT_MANIFEST.csv,OUTPUT_MANIFEST.csv,.csv,02_VERIFIED_CORE_HQ_NB_PY,7,current_package_member_or_evidence,ROUTE-VALID-004-20260729-001 입력·출력·경로·SHA-256을 고정한 manifest. 관련 ID: ROUTE-VALID-004(source type별 허용·차단 route 정책 결정 작업)
02_VERIFIED_CORE_HQ_NB_PY/03_RESUMABLE_PROJECT_SNAPSHOT/experiments/lab_001_xy_connection_20260626/results/ROUTE-VALID-004/ROUTE-VALID-004-20260729-001/POLICY_CONTRACT.json,POLICY_CONTRACT.json,.json,02_VERIFIED_CORE_HQ_NB_PY,7,current_package_member_or_evidence,ROUTE-VALID-004-20260729-001 폴더의 설정·manifest·상태·QA 기계 판독 파일. 관련 ID: ROUTE-VALID-004(source type별 허용·차단 route 정책 결정 작업)
02_VERIFIED_CORE_HQ_NB_PY/03_RESUMABLE_PROJECT_SNAPSHOT/experiments/lab_001_xy_connection_20260626/results/ROUTE-VALID-004/ROUTE-VALID-004-20260729-001/PROTECTED_ASSET_RECHECK.csv,PROTECTED_ASSET_RECHECK.csv,.csv,02_VERIFIED_CORE_HQ_NB_PY,7,current_package_member_or_evidence,ROUTE-VALID-004-20260729-001 폴더의 계산값·registry·manifest·QA 표. 관련 ID: ROUTE-VALID-004(source type별 허용·차단 route 정책 결정 작업)
02_VERIFIED_CORE_HQ_NB_PY/03_RESUMABLE_PROJECT_SNAPSHOT/experiments/lab_001_xy_connection_20260626/results/ROUTE-VALID-004/ROUTE-VALID-004-20260729-001/REPORT.md,REPORT.md,.md,02_VERIFIED_CORE_HQ_NB_PY,7,current_package_member_or_evidence,ROUTE-VALID-004-20260729-001 작업의 목적·실행 결과·해석 경계를 기록한 보고서. 관련 ID: ROUTE-VALID-004(source type별 허용·차단 route 정책 결정 작업)
02_VERIFIED_CORE_HQ_NB_PY/03_RESUMABLE_PROJECT_SNAPSHOT/experiments/lab_001_xy_connection_20260626/results/STRICT-STEP-026/STRICT-STEP-026-20260731-001/anchor_pngs/overlay_0199_0200.png,overlay_0199_0200.png,.png,02_VERIFIED_CORE_HQ_NB_PY,8,current_package_member_or_evidence,anchor_pngs 작업의 slice·overlay·진단·결과 시각 자료. 관련 ID: STRICT-STEP-026(C1 원본 STEP direct slicing·구조인자 40개 계산 작업)
02_VERIFIED_CORE_HQ_NB_PY/03_RESUMABLE_PROJECT_SNAPSHOT/experiments/lab_001_xy_connection_20260626/results/STRICT-STEP-026/STRICT-STEP-026-20260731-001/anchor_pngs/overlay_0399_0400.png,overlay_0399_0400.png,.png,02_VERIFIED_CORE_HQ_NB_PY,8,current_package_member_or_evidence,anchor_pngs 작업의 slice·overlay·진단·결과 시각 자료. 관련 ID: STRICT-STEP-026(C1 원본 STEP direct slicing·구조인자 40개 계산 작업)
02_VERIFIED_CORE_HQ_NB_PY/03_RESUMABLE_PROJECT_SNAPSHOT/experiments/lab_001_xy_connection_20260626/results/STRICT-STEP-026/STRICT-STEP-026-20260731-001/anchor_pngs/overlay_0599_0600.png,overlay_0599_0600.png,.png,02_VERIFIED_CORE_HQ_NB_PY,8,current_package_member_or_evidence,anchor_pngs 작업의 slice·overlay·진단·결과 시각 자료. 관련 ID: STRICT-STEP-026(C1 원본 STEP direct slicing·구조인자 40개 계산 작업)
02_VERIFIED_CORE_HQ_NB_PY/03_RESUMABLE_PROJECT_SNAPSHOT/experiments/lab_001_xy_connection_20260626/results/STRICT-STEP-026/STRICT-STEP-026-20260731-001/anchor_pngs/overlay_0799_0800.png,overlay_0799_0800.png,.png,02_VERIFIED_CORE_HQ_NB_PY,8,current_package_member_or_evidence,anchor_pngs 작업의 slice·overlay·진단·결과 시각 자료. 관련 ID: STRICT-STEP-026(C1 원본 STEP direct slicing·구조인자 40개 계산 작업)
02_VERIFIED_CORE_HQ_NB_PY/03_RESUMABLE_PROJECT_SNAPSHOT/experiments/lab_001_xy_connection_20260626/results/STRICT-STEP-026/STRICT-STEP-026-20260731-001/anchor_pngs/slice_0000.png,slice_0000.png,.png,02_VERIFIED_CORE_HQ_NB_PY,8,current_package_member_or_evidence,anchor_pngs 작업의 slice·overlay·진단·결과 시각 자료. 관련 ID: STRICT-STEP-026(C1 원본 STEP direct slicing·구조인자 40개 계산 작업)
02_VERIFIED_CORE_HQ_NB_PY/03_RESUMABLE_PROJECT_SNAPSHOT/experiments/lab_001_xy_connection_20260626/results/STRICT-STEP-026/STRICT-STEP-026-20260731-001/anchor_pngs/slice_0200.png,slice_0200.png,.png,02_VERIFIED_CORE_HQ_NB_PY,8,current_package_member_or_evidence,anchor_pngs 작업의 slice·overlay·진단·결과 시각 자료. 관련 ID: STRICT-STEP-026(C1 원본 STEP direct slicing·구조인자 40개 계산 작업)
02_VERIFIED_CORE_HQ_NB_PY/03_RESUMABLE_PROJECT_SNAPSHOT/experiments/lab_001_xy_connection_20260626/results/STRICT-STEP-026/STRICT-STEP-026-20260731-001/anchor_pngs/slice_0400.png,slice_0400.png,.png,02_VERIFIED_CORE_HQ_NB_PY,8,current_package_member_or_evidence,anchor_pngs 작업의 slice·overlay·진단·결과 시각 자료. 관련 ID: STRICT-STEP-026(C1 원본 STEP direct slicing·구조인자 40개 계산 작업)
02_VERIFIED_CORE_HQ_NB_PY/03_RESUMABLE_PROJECT_SNAPSHOT/experiments/lab_001_xy_connection_20260626/results/STRICT-STEP-026/STRICT-STEP-026-20260731-001/anchor_pngs/slice_0600.png,slice_0600.png,.png,02_VERIFIED_CORE_HQ_NB_PY,8,current_package_member_or_evidence,anchor_pngs 작업의 slice·overlay·진단·결과 시각 자료. 관련 ID: STRICT-STEP-026(C1 원본 STEP direct slicing·구조인자 40개 계산 작업)
02_VERIFIED_CORE_HQ_NB_PY/03_RESUMABLE_PROJECT_SNAPSHOT/experiments/lab_001_xy_connection_20260626/results/STRICT-STEP-026/STRICT-STEP-026-20260731-001/anchor_pngs/slice_0800.png,slice_0800.png,.png,02_VERIFIED_CORE_HQ_NB_PY,8,current_package_member_or_evidence,anchor_pngs 작업의 slice·overlay·진단·결과 시각 자료. 관련 ID: STRICT-STEP-026(C1 원본 STEP direct slicing·구조인자 40개 계산 작업)
02_VERIFIED_CORE_HQ_NB_PY/03_RESUMABLE_PROJECT_SNAPSHOT/experiments/lab_001_xy_connection_20260626/results/STRICT-STEP-026/STRICT-STEP-026-20260731-001/CONTRACT_MANIFEST.json,CONTRACT_MANIFEST.json,.json,02_VERIFIED_CORE_HQ_NB_PY,7,current_package_member_or_evidence,STRICT-STEP-026-20260731-001 입력·출력·경로·SHA-256을 고정한 manifest. 관련 ID: STRICT-STEP-026(C1 원본 STEP direct slicing·구조인자 40개 계산 작업)
02_VERIFIED_CORE_HQ_NB_PY/03_RESUMABLE_PROJECT_SNAPSHOT/experiments/lab_001_xy_connection_20260626/results/STRICT-STEP-026/STRICT-STEP-026-20260731-001/direct_legacy_scalar_table.csv,direct_legacy_scalar_table.csv,.csv,02_VERIFIED_CORE_HQ_NB_PY,7,current_package_member_or_evidence,STRICT-STEP-026 작업의 v1.1 authoritative evidence 근거 파일. 관련 ID: STRICT-STEP-026(C1 원본 STEP direct slicing·구조인자 40개 계산 작업)
02_VERIFIED_CORE_HQ_NB_PY/03_RESUMABLE_PROJECT_SNAPSHOT/experiments/lab_001_xy_connection_20260626/results/STRICT-STEP-026/STRICT-STEP-026-20260731-001/INDEPENDENT_QA.json,INDEPENDENT_QA.json,.json,02_VERIFIED_CORE_HQ_NB_PY,7,current_package_member_or_evidence,STRICT-STEP-026-20260731-001 결과의 독립 재검사·무결성·계약 통과 여부를 기록한 QA 파일. 관련 ID: STRICT-STEP-026(C1 원본 STEP direct slicing·구조인자 40개 계산 작업)
02_VERIFIED_CORE_HQ_NB_PY/03_RESUMABLE_PROJECT_SNAPSHOT/experiments/lab_001_xy_connection_20260626/results/STRICT-STEP-026/STRICT-STEP-026-20260731-001/overlay_png_manifest.csv,overlay_png_manifest.csv,.csv,02_VERIFIED_CORE_HQ_NB_PY,7,current_package_member_or_evidence,STRICT-STEP-026-20260731-001 입력·출력·경로·SHA-256을 고정한 manifest. 관련 ID: STRICT-STEP-026(C1 원본 STEP direct slicing·구조인자 40개 계산 작업)
02_VERIFIED_CORE_HQ_NB_PY/03_RESUMABLE_PROJECT_SNAPSHOT/experiments/lab_001_xy_connection_20260626/results/STRICT-STEP-026/STRICT-STEP-026-20260731-001/RUN_STATE.json,RUN_STATE.json,.json,02_VERIFIED_CORE_HQ_NB_PY,7,current_package_member_or_evidence,STRICT-STEP-026 작업의 terminal_snapshot_v1_1_r2 근거 파일. 관련 ID: STRICT-STEP-026(C1 원본 STEP direct slicing·구조인자 40개 계산 작업)
02_VERIFIED_CORE_HQ_NB_PY/03_RESUMABLE_PROJECT_SNAPSHOT/experiments/lab_001_xy_connection_20260626/results/STRICT-STEP-026/STRICT-STEP-026-20260731-001/slice_png_manifest.csv,slice_png_manifest.csv,.csv,02_VERIFIED_CORE_HQ_NB_PY,7,current_package_member_or_evidence,STRICT-STEP-026-20260731-001 입력·출력·경로·SHA-256을 고정한 manifest. 관련 ID: STRICT-STEP-026(C1 원본 STEP direct slicing·구조인자 40개 계산 작업)
02_VERIFIED_CORE_HQ_NB_PY/03_RESUMABLE_PROJECT_SNAPSHOT/experiments/lab_001_xy_connection_20260626/results/STRICT-STEP-026/worker_logs/STRICT-STEP-026-20260731-001.stderr.log,STRICT-STEP-026-20260731-001.stderr.log,.log,02_VERIFIED_CORE_HQ_NB_PY,7,current_package_member_or_evidence,worker_logs 폴더의 실행 로그. 관련 ID: STRICT-STEP-026(C1 원본 STEP direct slicing·구조인자 40개 계산 작업)
02_VERIFIED_CORE_HQ_NB_PY/03_RESUMABLE_PROJECT_SNAPSHOT/experiments/lab_001_xy_connection_20260626/results/STRICT-STEP-026/worker_logs/STRICT-STEP-026-20260731-001.stdout.log,STRICT-STEP-026-20260731-001.stdout.log,.log,02_VERIFIED_CORE_HQ_NB_PY,7,current_package_member_or_evidence,worker_logs 폴더의 실행 로그. 관련 ID: STRICT-STEP-026(C1 원본 STEP direct slicing·구조인자 40개 계산 작업)
02_VERIFIED_CORE_HQ_NB_PY/03_RESUMABLE_PROJECT_SNAPSHOT/experiments/lab_001_xy_connection_20260626/resume_evidence/I007_F1/IMSTL-007-20260728-002/DECISION_PACKET.json,DECISION_PACKET.json,.json,02_VERIFIED_CORE_HQ_NB_PY,7,current_package_member_or_evidence,IMSTL-007-20260728-002 폴더의 설정·manifest·상태·QA 기계 판독 파일
02_VERIFIED_CORE_HQ_NB_PY/03_RESUMABLE_PROJECT_SNAPSHOT/experiments/lab_001_xy_connection_20260626/resume_evidence/I007_F1/IMSTL-007-20260728-002/INDEPENDENT_QA.json,INDEPENDENT_QA.json,.json,02_VERIFIED_CORE_HQ_NB_PY,7,current_package_member_or_evidence,IMSTL-007-20260728-002 결과의 독립 재검사·무결성·계약 통과 여부를 기록한 QA 파일
02_VERIFIED_CORE_HQ_NB_PY/03_RESUMABLE_PROJECT_SNAPSHOT/experiments/lab_001_xy_connection_20260626/resume_evidence/I007_F1/IMSTL-007-20260728-002/OUTPUT_MANIFEST.csv,OUTPUT_MANIFEST.csv,.csv,02_VERIFIED_CORE_HQ_NB_PY,7,current_package_member_or_evidence,IMSTL-007-20260728-002 입력·출력·경로·SHA-256을 고정한 manifest
02_VERIFIED_CORE_HQ_NB_PY/03_RESUMABLE_PROJECT_SNAPSHOT/experiments/lab_001_xy_connection_20260626/resume_evidence/I007_F1/IMSTL-007-20260728-002/PRODUCER_QA.json,PRODUCER_QA.json,.json,02_VERIFIED_CORE_HQ_NB_PY,7,current_package_member_or_evidence,IMSTL-007-20260728-002 결과의 독립 재검사·무결성·계약 통과 여부를 기록한 QA 파일
02_VERIFIED_CORE_HQ_NB_PY/03_RESUMABLE_PROJECT_SNAPSHOT/experiments/lab_001_xy_connection_20260626/resume_evidence/I007_F1/IMSTL-007-20260728-002/REPORT.md,REPORT.md,.md,02_VERIFIED_CORE_HQ_NB_PY,7,current_package_member_or_evidence,IMSTL-007-20260728-002 작업의 목적·실행 결과·해석 경계를 기록한 보고서
02_VERIFIED_CORE_HQ_NB_PY/03_RESUMABLE_PROJECT_SNAPSHOT/experiments/lab_001_xy_connection_20260626/resume_evidence/IMSTL-006_SMALL_GENERALIZATION/IMSTL-006-20260728-002/DECISION_PACKET.json,DECISION_PACKET.json,.json,02_VERIFIED_CORE_HQ_NB_PY,7,current_package_member_or_evidence,IMSTL-006-20260728-002 폴더의 설정·manifest·상태·QA 기계 판독 파일
02_VERIFIED_CORE_HQ_NB_PY/03_RESUMABLE_PROJECT_SNAPSHOT/experiments/lab_001_xy_connection_20260626/resume_evidence/IMSTL-006_SMALL_GENERALIZATION/IMSTL-006-20260728-002/IMSTL_006_SMALL_GENERALIZATION_REPORT_20260728.md,IMSTL_006_SMALL_GENERALIZATION_REPORT_20260728.md,.md,02_VERIFIED_CORE_HQ_NB_PY,7,current_package_member_or_evidence,IMSTL-006-20260728-002 폴더의 설명·보고·계약·의사결정 문서
02_VERIFIED_CORE_HQ_NB_PY/03_RESUMABLE_PROJECT_SNAPSHOT/experiments/lab_001_xy_connection_20260626/resume_evidence/IMSTL-006_SMALL_GENERALIZATION/IMSTL-006-20260728-002/INDEPENDENT_QA.json,INDEPENDENT_QA.json,.json,02_VERIFIED_CORE_HQ_NB_PY,7,current_package_member_or_evidence,IMSTL-006-20260728-002 결과의 독립 재검사·무결성·계약 통과 여부를 기록한 QA 파일
02_VERIFIED_CORE_HQ_NB_PY/03_RESUMABLE_PROJECT_SNAPSHOT/experiments/lab_001_xy_connection_20260626/resume_evidence/IMSTL-006_SMALL_GENERALIZATION/IMSTL-006-20260728-002/PRODUCER_QA.json,PRODUCER_QA.json,.json,02_VERIFIED_CORE_HQ_NB_PY,7,current_package_member_or_evidence,IMSTL-006-20260728-002 결과의 독립 재검사·무결성·계약 통과 여부를 기록한 QA 파일
02_VERIFIED_CORE_HQ_NB_PY/03_RESUMABLE_PROJECT_SNAPSHOT/experiments/lab_001_xy_connection_20260626/resume_evidence/IMSTL-006_SMALL_GENERALIZATION/IMSTL-006-20260728-002/SELECTED_GATE_PACKET.json,SELECTED_GATE_PACKET.json,.json,02_VERIFIED_CORE_HQ_NB_PY,7,current_package_member_or_evidence,IMSTL-006-20260728-002 폴더의 설정·manifest·상태·QA 기계 판독 파일
02_VERIFIED_CORE_HQ_NB_PY/03_RESUMABLE_PROJECT_SNAPSHOT/experiments/lab_001_xy_connection_20260626/resume_evidence/ROUTE-VALID-001/ROUTE-VALID-001-20260729-001/C1_ZMID_P1000_IMPORTED_STL_ROUTE_C.png,C1_ZMID_P1000_IMPORTED_STL_ROUTE_C.png,.png,02_VERIFIED_CORE_HQ_NB_PY,7,current_package_member_or_evidence,ROUTE-VALID-001-20260729-001 작업의 slice·overlay·진단·결과 시각 자료
02_VERIFIED_CORE_HQ_NB_PY/03_RESUMABLE_PROJECT_SNAPSHOT/experiments/lab_001_xy_connection_20260626/resume_evidence/ROUTE-VALID-001/ROUTE-VALID-001-20260729-001/INDEPENDENT_QA.json,INDEPENDENT_QA.json,.json,02_VERIFIED_CORE_HQ_NB_PY,7,current_package_member_or_evidence,ROUTE-VALID-001-20260729-001 결과의 독립 재검사·무결성·계약 통과 여부를 기록한 QA 파일
02_VERIFIED_CORE_HQ_NB_PY/03_RESUMABLE_PROJECT_SNAPSHOT/experiments/lab_001_xy_connection_20260626/resume_evidence/ROUTE-VALID-001/ROUTE-VALID-001-20260729-001/REPORT.md,REPORT.md,.md,02_VERIFIED_CORE_HQ_NB_PY,7,current_package_member_or_evidence,ROUTE-VALID-001-20260729-001 작업의 목적·실행 결과·해석 경계를 기록한 보고서
02_VERIFIED_CORE_HQ_NB_PY/03_RESUMABLE_PROJECT_SNAPSHOT/experiments/lab_001_xy_connection_20260626/resume_evidence/ROUTE-VALID-001/ROUTE-VALID-001-20260729-001/ROUTE_VALID_001_C1_PACKET.json,ROUTE_VALID_001_C1_PACKET.json,.json,02_VERIFIED_CORE_HQ_NB_PY,7,current_package_member_or_evidence,ROUTE-VALID-001-20260729-001 폴더의 설정·manifest·상태·QA 기계 판독 파일
02_VERIFIED_CORE_HQ_NB_PY/03_RESUMABLE_PROJECT_SNAPSHOT/experiments/lab_001_xy_connection_20260626/resume_evidence/ROUTE-VALID-002/ROUTE-VALID-002-20260729-001/B1_ZMID_P1000_ROUTE_A.png,B1_ZMID_P1000_ROUTE_A.png,.png,02_VERIFIED_CORE_HQ_NB_PY,7,current_package_member_or_evidence,ROUTE-VALID-002-20260729-001 작업의 slice·overlay·진단·결과 시각 자료
02_VERIFIED_CORE_HQ_NB_PY/03_RESUMABLE_PROJECT_SNAPSHOT/experiments/lab_001_xy_connection_20260626/resume_evidence/ROUTE-VALID-002/ROUTE-VALID-002-20260729-001/B1_ZMID_P1000_ROUTE_B.png,B1_ZMID_P1000_ROUTE_B.png,.png,02_VERIFIED_CORE_HQ_NB_PY,7,current_package_member_or_evidence,ROUTE-VALID-002-20260729-001 작업의 slice·overlay·진단·결과 시각 자료
02_VERIFIED_CORE_HQ_NB_PY/03_RESUMABLE_PROJECT_SNAPSHOT/experiments/lab_001_xy_connection_20260626/resume_evidence/ROUTE-VALID-002/ROUTE-VALID-002-20260729-001/B1_ZMID_P1000_ROUTE_C.png,B1_ZMID_P1000_ROUTE_C.png,.png,02_VERIFIED_CORE_HQ_NB_PY,7,current_package_member_or_evidence,ROUTE-VALID-002-20260729-001 작업의 slice·overlay·진단·결과 시각 자료
02_VERIFIED_CORE_HQ_NB_PY/03_RESUMABLE_PROJECT_SNAPSHOT/experiments/lab_001_xy_connection_20260626/resume_evidence/ROUTE-VALID-002/ROUTE-VALID-002-20260729-001/B1_ZMID_P500_ROUTE_A.png,B1_ZMID_P500_ROUTE_A.png,.png,02_VERIFIED_CORE_HQ_NB_PY,7,current_package_member_or_evidence,ROUTE-VALID-002-20260729-001 작업의 slice·overlay·진단·결과 시각 자료
02_VERIFIED_CORE_HQ_NB_PY/03_RESUMABLE_PROJECT_SNAPSHOT/experiments/lab_001_xy_connection_20260626/resume_evidence/ROUTE-VALID-002/ROUTE-VALID-002-20260729-001/B1_ZMID_P500_ROUTE_B.png,B1_ZMID_P500_ROUTE_B.png,.png,02_VERIFIED_CORE_HQ_NB_PY,7,current_package_member_or_evidence,ROUTE-VALID-002-20260729-001 작업의 slice·overlay·진단·결과 시각 자료
02_VERIFIED_CORE_HQ_NB_PY/03_RESUMABLE_PROJECT_SNAPSHOT/experiments/lab_001_xy_connection_20260626/resume_evidence/ROUTE-VALID-002/ROUTE-VALID-002-20260729-001/B1_ZMID_P500_ROUTE_C.png,B1_ZMID_P500_ROUTE_C.png,.png,02_VERIFIED_CORE_HQ_NB_PY,7,current_package_member_or_evidence,ROUTE-VALID-002-20260729-001 작업의 slice·overlay·진단·결과 시각 자료
02_VERIFIED_CORE_HQ_NB_PY/03_RESUMABLE_PROJECT_SNAPSHOT/experiments/lab_001_xy_connection_20260626/resume_evidence/ROUTE-VALID-002/ROUTE-VALID-002-20260729-001/INDEPENDENT_QA.json,INDEPENDENT_QA.json,.json,02_VERIFIED_CORE_HQ_NB_PY,7,current_package_member_or_evidence,ROUTE-VALID-002-20260729-001 결과의 독립 재검사·무결성·계약 통과 여부를 기록한 QA 파일
02_VERIFIED_CORE_HQ_NB_PY/03_RESUMABLE_PROJECT_SNAPSHOT/experiments/lab_001_xy_connection_20260626/resume_evidence/ROUTE-VALID-002/ROUTE-VALID-002-20260729-001/L7_ZMID_P1000_ROUTE_A.png,L7_ZMID_P1000_ROUTE_A.png,.png,02_VERIFIED_CORE_HQ_NB_PY,7,current_package_member_or_evidence,ROUTE-VALID-002-20260729-001 작업의 slice·overlay·진단·결과 시각 자료
02_VERIFIED_CORE_HQ_NB_PY/03_RESUMABLE_PROJECT_SNAPSHOT/experiments/lab_001_xy_connection_20260626/resume_evidence/ROUTE-VALID-002/ROUTE-VALID-002-20260729-001/L7_ZMID_P1000_ROUTE_B.png,L7_ZMID_P1000_ROUTE_B.png,.png,02_VERIFIED_CORE_HQ_NB_PY,7,current_package_member_or_evidence,ROUTE-VALID-002-20260729-001 작업의 slice·overlay·진단·결과 시각 자료
02_VERIFIED_CORE_HQ_NB_PY/03_RESUMABLE_PROJECT_SNAPSHOT/experiments/lab_001_xy_connection_20260626/resume_evidence/ROUTE-VALID-002/ROUTE-VALID-002-20260729-001/L7_ZMID_P1000_ROUTE_C.png,L7_ZMID_P1000_ROUTE_C.png,.png,02_VERIFIED_CORE_HQ_NB_PY,7,current_package_member_or_evidence,ROUTE-VALID-002-20260729-001 작업의 slice·overlay·진단·결과 시각 자료
02_VERIFIED_CORE_HQ_NB_PY/03_RESUMABLE_PROJECT_SNAPSHOT/experiments/lab_001_xy_connection_20260626/resume_evidence/ROUTE-VALID-002/ROUTE-VALID-002-20260729-001/L7_ZMID_P500_ROUTE_A.png,L7_ZMID_P500_ROUTE_A.png,.png,02_VERIFIED_CORE_HQ_NB_PY,7,current_package_member_or_evidence,ROUTE-VALID-002-20260729-001 작업의 slice·overlay·진단·결과 시각 자료
02_VERIFIED_CORE_HQ_NB_PY/03_RESUMABLE_PROJECT_SNAPSHOT/experiments/lab_001_xy_connection_20260626/resume_evidence/ROUTE-VALID-002/ROUTE-VALID-002-20260729-001/L7_ZMID_P500_ROUTE_B.png,L7_ZMID_P500_ROUTE_B.png,.png,02_VERIFIED_CORE_HQ_NB_PY,7,current_package_member_or_evidence,ROUTE-VALID-002-20260729-001 작업의 slice·overlay·진단·결과 시각 자료
02_VERIFIED_CORE_HQ_NB_PY/03_RESUMABLE_PROJECT_SNAPSHOT/experiments/lab_001_xy_connection_20260626/resume_evidence/ROUTE-VALID-002/ROUTE-VALID-002-20260729-001/L7_ZMID_P500_ROUTE_C.png,L7_ZMID_P500_ROUTE_C.png,.png,02_VERIFIED_CORE_HQ_NB_PY,7,current_package_member_or_evidence,ROUTE-VALID-002-20260729-001 작업의 slice·overlay·진단·결과 시각 자료
02_VERIFIED_CORE_HQ_NB_PY/03_RESUMABLE_PROJECT_SNAPSHOT/experiments/lab_001_xy_connection_20260626/resume_evidence/ROUTE-VALID-002/ROUTE-VALID-002-20260729-001/MERGE_PACKET.md,MERGE_PACKET.md,.md,02_VERIFIED_CORE_HQ_NB_PY,7,current_package_member_or_evidence,ROUTE-VALID-002-20260729-001 작업의 QA·채택 범위·남은 제한을 요약한 merge packet
02_VERIFIED_CORE_HQ_NB_PY/03_RESUMABLE_PROJECT_SNAPSHOT/experiments/lab_001_xy_connection_20260626/resume_evidence/ROUTE-VALID-002/ROUTE-VALID-002-20260729-001/REPORT.md,REPORT.md,.md,02_VERIFIED_CORE_HQ_NB_PY,7,current_package_member_or_evidence,ROUTE-VALID-002-20260729-001 작업의 목적·실행 결과·해석 경계를 기록한 보고서
02_VERIFIED_CORE_HQ_NB_PY/03_RESUMABLE_PROJECT_SNAPSHOT/experiments/lab_001_xy_connection_20260626/resume_evidence/ROUTE-VALID-002/ROUTE-VALID-002-20260729-001/ROUTE_VALID_002_PACKET.json,ROUTE_VALID_002_PACKET.json,.json,02_VERIFIED_CORE_HQ_NB_PY,7,current_package_member_or_evidence,ROUTE-VALID-002-20260729-001 폴더의 설정·manifest·상태·QA 기계 판독 파일
02_VERIFIED_CORE_HQ_NB_PY/03_RESUMABLE_PROJECT_SNAPSHOT/experiments/lab_001_xy_connection_20260626/scripts/IMSTL_006_independent_qa.py,IMSTL_006_independent_qa.py,.py,02_VERIFIED_CORE_HQ_NB_PY,5,current_package_member_or_evidence,"IMPORTED_STL_AND_ROUTE_VALIDATION 파이프라인의 독립 QA/회귀검증. Imported-STL winding route, F1 stress tests and STEP/tessellation/STL comparison tools"
02_VERIFIED_CORE_HQ_NB_PY/03_RESUMABLE_PROJECT_SNAPSHOT/experiments/lab_001_xy_connection_20260626/scripts/IMSTL_006_small_generalization_factory.py,IMSTL_006_small_generalization_factory.py,.py,02_VERIFIED_CORE_HQ_NB_PY,5,current_package_member_or_evidence,"IMPORTED_STL_AND_ROUTE_VALIDATION 파이프라인의 계산 실행/후보 생성. Imported-STL winding route, F1 stress tests and STEP/tessellation/STL comparison tools"
02_VERIFIED_CORE_HQ_NB_PY/03_RESUMABLE_PROJECT_SNAPSHOT/experiments/lab_001_xy_connection_20260626/scripts/IMSTL_007_f1_resolution_pixel_phase_diagnosis.py,IMSTL_007_f1_resolution_pixel_phase_diagnosis.py,.py,02_VERIFIED_CORE_HQ_NB_PY,5,current_package_member_or_evidence,"IMPORTED_STL_AND_ROUTE_VALIDATION 파이프라인의 감사·진단·비교. Imported-STL winding route, F1 stress tests and STEP/tessellation/STL comparison tools"
02_VERIFIED_CORE_HQ_NB_PY/03_RESUMABLE_PROJECT_SNAPSHOT/experiments/lab_001_xy_connection_20260626/scripts/IMSTL_007_independent_qa.py,IMSTL_007_independent_qa.py,.py,02_VERIFIED_CORE_HQ_NB_PY,5,current_package_member_or_evidence,"IMPORTED_STL_AND_ROUTE_VALIDATION 파이프라인의 독립 QA/회귀검증. Imported-STL winding route, F1 stress tests and STEP/tessellation/STL comparison tools"
02_VERIFIED_CORE_HQ_NB_PY/03_RESUMABLE_PROJECT_SNAPSHOT/experiments/lab_001_xy_connection_20260626/scripts/IMSTL_008_f1_full_p1000_z801_nonregression.py,IMSTL_008_f1_full_p1000_z801_nonregression.py,.py,02_VERIFIED_CORE_HQ_NB_PY,5,current_package_member_or_evidence,"IMPORTED_STL_AND_ROUTE_VALIDATION 파이프라인의 계산 지원/변환. Imported-STL winding route, F1 stress tests and STEP/tessellation/STL comparison tools"
02_VERIFIED_CORE_HQ_NB_PY/03_RESUMABLE_PROJECT_SNAPSHOT/experiments/lab_001_xy_connection_20260626/scripts/IMSTL_008_independent_qa.py,IMSTL_008_independent_qa.py,.py,02_VERIFIED_CORE_HQ_NB_PY,5,current_package_member_or_evidence,"IMPORTED_STL_AND_ROUTE_VALIDATION 파이프라인의 독립 QA/회귀검증. Imported-STL winding route, F1 stress tests and STEP/tessellation/STL comparison tools"
02_VERIFIED_CORE_HQ_NB_PY/03_RESUMABLE_PROJECT_SNAPSHOT/experiments/lab_001_xy_connection_20260626/scripts/NB_INTEGRATE_001_build_development_notebook.py,NB_INTEGRATE_001_build_development_notebook.py,.py,02_VERIFIED_CORE_HQ_NB_PY,5,current_package_member_or_evidence,IMPORT_CONTROLLER_INTEGRATION 파이프라인의 계산 지원/변환. Fail-closed source/route controller integration and its regression QA
02_VERIFIED_CORE_HQ_NB_PY/03_RESUMABLE_PROJECT_SNAPSHOT/experiments/lab_001_xy_connection_20260626/scripts/NB_INTEGRATE_001_controller_smoke.py,NB_INTEGRATE_001_controller_smoke.py,.py,02_VERIFIED_CORE_HQ_NB_PY,5,current_package_member_or_evidence,IMPORT_CONTROLLER_INTEGRATION 파이프라인의 계산 지원/변환. Fail-closed source/route controller integration and its regression QA
02_VERIFIED_CORE_HQ_NB_PY/03_RESUMABLE_PROJECT_SNAPSHOT/experiments/lab_001_xy_connection_20260626/scripts/NB_INTEGRATE_001_finalize.py,NB_INTEGRATE_001_finalize.py,.py,02_VERIFIED_CORE_HQ_NB_PY,5,current_package_member_or_evidence,IMPORT_CONTROLLER_INTEGRATION 파이프라인의 결과·manifest 봉인/동기화. Fail-closed source/route controller integration and its regression QA
02_VERIFIED_CORE_HQ_NB_PY/03_RESUMABLE_PROJECT_SNAPSHOT/experiments/lab_001_xy_connection_20260626/scripts/NB_INTEGRATE_001_independent_regression_qa.py,NB_INTEGRATE_001_independent_regression_qa.py,.py,02_VERIFIED_CORE_HQ_NB_PY,5,current_package_member_or_evidence,IMPORT_CONTROLLER_INTEGRATION 파이프라인의 계산 지원/변환. Fail-closed source/route controller integration and its regression QA
02_VERIFIED_CORE_HQ_NB_PY/03_RESUMABLE_PROJECT_SNAPSHOT/experiments/lab_001_xy_connection_20260626/scripts/NB_INTEGRATE_001_notebook_static_qa.py,NB_INTEGRATE_001_notebook_static_qa.py,.py,02_VERIFIED_CORE_HQ_NB_PY,5,current_package_member_or_evidence,IMPORT_CONTROLLER_INTEGRATION 파이프라인의 계산 지원/변환. Fail-closed source/route controller integration and its regression QA
02_VERIFIED_CORE_HQ_NB_PY/03_RESUMABLE_PROJECT_SNAPSHOT/experiments/lab_001_xy_connection_20260626/scripts/PRM069_SLICE005_return_intake_audit.py,PRM069_SLICE005_return_intake_audit.py,.py,02_VERIFIED_CORE_HQ_NB_PY,5,current_package_member_or_evidence,RESOLUTION_OPTIMIZATION 파이프라인의 감사·진단·비교. Pixel resolution and slice-count/spacing convergence factory; continuation-only
02_VERIFIED_CORE_HQ_NB_PY/03_RESUMABLE_PROJECT_SNAPSHOT/experiments/lab_001_xy_connection_20260626/scripts/PRM069_SLICE005_return_postmerge_QA.py,PRM069_SLICE005_return_postmerge_QA.py,.py,02_VERIFIED_CORE_HQ_NB_PY,5,current_package_member_or_evidence,RESOLUTION_OPTIMIZATION 파이프라인의 결과·manifest 봉인/동기화. Pixel resolution and slice-count/spacing convergence factory; continuation-only
02_VERIFIED_CORE_HQ_NB_PY/03_RESUMABLE_PROJECT_SNAPSHOT/experiments/lab_001_xy_connection_20260626/scripts/PRM070_SLICE005_convergence_control.py,PRM070_SLICE005_convergence_control.py,.py,02_VERIFIED_CORE_HQ_NB_PY,5,current_package_member_or_evidence,RESOLUTION_OPTIMIZATION 파이프라인의 계산 지원/변환. Pixel resolution and slice-count/spacing convergence factory; continuation-only
02_VERIFIED_CORE_HQ_NB_PY/03_RESUMABLE_PROJECT_SNAPSHOT/experiments/lab_001_xy_connection_20260626/scripts/PRM070_SLICE005_independent_control_QA.py,PRM070_SLICE005_independent_control_QA.py,.py,02_VERIFIED_CORE_HQ_NB_PY,5,current_package_member_or_evidence,RESOLUTION_OPTIMIZATION 파이프라인의 계산 지원/변환. Pixel resolution and slice-count/spacing convergence factory; continuation-only
02_VERIFIED_CORE_HQ_NB_PY/03_RESUMABLE_PROJECT_SNAPSHOT/experiments/lab_001_xy_connection_20260626/scripts/PRM070_SLICE005_postmerge_sync_QA.py,PRM070_SLICE005_postmerge_sync_QA.py,.py,02_VERIFIED_CORE_HQ_NB_PY,5,current_package_member_or_evidence,RESOLUTION_OPTIMIZATION 파이프라인의 결과·manifest 봉인/동기화. Pixel resolution and slice-count/spacing convergence factory; continuation-only
02_VERIFIED_CORE_HQ_NB_PY/03_RESUMABLE_PROJECT_SNAPSHOT/experiments/lab_001_xy_connection_20260626/scripts/PRM097_finalize_manifest.py,PRM097_finalize_manifest.py,.py,02_VERIFIED_CORE_HQ_NB_PY,5,current_package_member_or_evidence,scripts 입력·출력·경로·SHA-256을 고정한 manifest
02_VERIFIED_CORE_HQ_NB_PY/03_RESUMABLE_PROJECT_SNAPSHOT/experiments/lab_001_xy_connection_20260626/scripts/PRM097_freeze_third_wave_formula_contracts.py,PRM097_freeze_third_wave_formula_contracts.py,.py,02_VERIFIED_CORE_HQ_NB_PY,5,current_package_member_or_evidence,SLICE004_AND_XREG 파이프라인의 실행 계약·사전등록. 58-model raw-table extraction plus no-y descriptor candidate/XREG construction and QA
02_VERIFIED_CORE_HQ_NB_PY/03_RESUMABLE_PROJECT_SNAPSHOT/experiments/lab_001_xy_connection_20260626/scripts/PRM097_independent_QA.py,PRM097_independent_QA.py,.py,02_VERIFIED_CORE_HQ_NB_PY,5,current_package_member_or_evidence,SLICE004_AND_XREG 파이프라인의 독립 QA/회귀검증. 58-model raw-table extraction plus no-y descriptor candidate/XREG construction and QA
02_VERIFIED_CORE_HQ_NB_PY/03_RESUMABLE_PROJECT_SNAPSHOT/experiments/lab_001_xy_connection_20260626/scripts/PRM097_make_preregistration_figure.py,PRM097_make_preregistration_figure.py,.py,02_VERIFIED_CORE_HQ_NB_PY,5,current_package_member_or_evidence,SLICE004_AND_XREG 파이프라인의 실행 계약·사전등록. 58-model raw-table extraction plus no-y descriptor candidate/XREG construction and QA
02_VERIFIED_CORE_HQ_NB_PY/03_RESUMABLE_PROJECT_SNAPSHOT/experiments/lab_001_xy_connection_20260626/scripts/PRM097_postmerge_sync_QA.py,PRM097_postmerge_sync_QA.py,.py,02_VERIFIED_CORE_HQ_NB_PY,5,current_package_member_or_evidence,SLICE004_AND_XREG 파이프라인의 결과·manifest 봉인/동기화. 58-model raw-table extraction plus no-y descriptor candidate/XREG construction and QA
02_VERIFIED_CORE_HQ_NB_PY/03_RESUMABLE_PROJECT_SNAPSHOT/experiments/lab_001_xy_connection_20260626/scripts/PRM098_C1_mask_alias_audit.py,PRM098_C1_mask_alias_audit.py,.py,02_VERIFIED_CORE_HQ_NB_PY,5,current_package_member_or_evidence,SLICE004_AND_XREG 파이프라인의 감사·진단·비교. 58-model raw-table extraction plus no-y descriptor candidate/XREG construction and QA
02_VERIFIED_CORE_HQ_NB_PY/03_RESUMABLE_PROJECT_SNAPSHOT/experiments/lab_001_xy_connection_20260626/scripts/PRM098_finalize_evidence.py,PRM098_finalize_evidence.py,.py,02_VERIFIED_CORE_HQ_NB_PY,5,current_package_member_or_evidence,SLICE004_AND_XREG 파이프라인의 결과·manifest 봉인/동기화. 58-model raw-table extraction plus no-y descriptor candidate/XREG construction and QA
02_VERIFIED_CORE_HQ_NB_PY/03_RESUMABLE_PROJECT_SNAPSHOT/experiments/lab_001_xy_connection_20260626/scripts/PRM098_finalize_manifest.py,PRM098_finalize_manifest.py,.py,02_VERIFIED_CORE_HQ_NB_PY,5,current_package_member_or_evidence,scripts 입력·출력·경로·SHA-256을 고정한 manifest
02_VERIFIED_CORE_HQ_NB_PY/03_RESUMABLE_PROJECT_SNAPSHOT/experiments/lab_001_xy_connection_20260626/scripts/PRM098_independent_QA.py,PRM098_independent_QA.py,.py,02_VERIFIED_CORE_HQ_NB_PY,5,current_package_member_or_evidence,SLICE004_AND_XREG 파이프라인의 독립 QA/회귀검증. 58-model raw-table extraction plus no-y descriptor candidate/XREG construction and QA
02_VERIFIED_CORE_HQ_NB_PY/03_RESUMABLE_PROJECT_SNAPSHOT/experiments/lab_001_xy_connection_20260626/scripts/PRM098_materialize_V192_panel_masks.py,PRM098_materialize_V192_panel_masks.py,.py,02_VERIFIED_CORE_HQ_NB_PY,5,current_package_member_or_evidence,SLICE004_AND_XREG 파이프라인의 계산 지원/변환. 58-model raw-table extraction plus no-y descriptor candidate/XREG construction and QA
02_VERIFIED_CORE_HQ_NB_PY/03_RESUMABLE_PROJECT_SNAPSHOT/experiments/lab_001_xy_connection_20260626/scripts/PRM098_postmerge_sync_QA.py,PRM098_postmerge_sync_QA.py,.py,02_VERIFIED_CORE_HQ_NB_PY,5,current_package_member_or_evidence,SLICE004_AND_XREG 파이프라인의 결과·manifest 봉인/동기화. 58-model raw-table extraction plus no-y descriptor candidate/XREG construction and QA
02_VERIFIED_CORE_HQ_NB_PY/03_RESUMABLE_PROJECT_SNAPSHOT/experiments/lab_001_xy_connection_20260626/scripts/PRM098_preflight_and_permit.py,PRM098_preflight_and_permit.py,.py,02_VERIFIED_CORE_HQ_NB_PY,5,current_package_member_or_evidence,SLICE004_AND_XREG 파이프라인의 실행 계약·사전등록. 58-model raw-table extraction plus no-y descriptor candidate/XREG construction and QA
02_VERIFIED_CORE_HQ_NB_PY/03_RESUMABLE_PROJECT_SNAPSHOT/experiments/lab_001_xy_connection_20260626/scripts/PRM098_run_cell.py,PRM098_run_cell.py,.py,02_VERIFIED_CORE_HQ_NB_PY,5,current_package_member_or_evidence,SLICE004_AND_XREG 파이프라인의 계산 지원/변환. 58-model raw-table extraction plus no-y descriptor candidate/XREG construction and QA
02_VERIFIED_CORE_HQ_NB_PY/03_RESUMABLE_PROJECT_SNAPSHOT/experiments/lab_001_xy_connection_20260626/scripts/PRM098_run_cost_canary.py,PRM098_run_cost_canary.py,.py,02_VERIFIED_CORE_HQ_NB_PY,5,current_package_member_or_evidence,SLICE004_AND_XREG 파이프라인의 계산 지원/변환. 58-model raw-table extraction plus no-y descriptor candidate/XREG construction and QA
02_VERIFIED_CORE_HQ_NB_PY/03_RESUMABLE_PROJECT_SNAPSHOT/experiments/lab_001_xy_connection_20260626/scripts/PRM098_run_progressive_panel.py,PRM098_run_progressive_panel.py,.py,02_VERIFIED_CORE_HQ_NB_PY,5,current_package_member_or_evidence,SLICE004_AND_XREG 파이프라인의 계산 지원/변환. 58-model raw-table extraction plus no-y descriptor candidate/XREG construction and QA
02_VERIFIED_CORE_HQ_NB_PY/03_RESUMABLE_PROJECT_SNAPSHOT/experiments/lab_001_xy_connection_20260626/scripts/PRM098_run_synthetic_truth.py,PRM098_run_synthetic_truth.py,.py,02_VERIFIED_CORE_HQ_NB_PY,5,current_package_member_or_evidence,SLICE004_AND_XREG 파이프라인의 계산 지원/변환. 58-model raw-table extraction plus no-y descriptor candidate/XREG construction and QA
02_VERIFIED_CORE_HQ_NB_PY/03_RESUMABLE_PROJECT_SNAPSHOT/experiments/lab_001_xy_connection_20260626/scripts/PRM098_technical_gate_analysis.py,PRM098_technical_gate_analysis.py,.py,02_VERIFIED_CORE_HQ_NB_PY,5,current_package_member_or_evidence,SLICE004_AND_XREG 파이프라인의 감사·진단·비교. 58-model raw-table extraction plus no-y descriptor candidate/XREG construction and QA
02_VERIFIED_CORE_HQ_NB_PY/03_RESUMABLE_PROJECT_SNAPSHOT/experiments/lab_001_xy_connection_20260626/scripts/PRM098_third_wave_formula_library.py,PRM098_third_wave_formula_library.py,.py,02_VERIFIED_CORE_HQ_NB_PY,5,current_package_member_or_evidence,SLICE004_AND_XREG 파이프라인의 계산 지원/변환. 58-model raw-table extraction plus no-y descriptor candidate/XREG construction and QA
02_VERIFIED_CORE_HQ_NB_PY/03_RESUMABLE_PROJECT_SNAPSHOT/experiments/lab_001_xy_connection_20260626/scripts/PRM099_finalize_manifest.py,PRM099_finalize_manifest.py,.py,02_VERIFIED_CORE_HQ_NB_PY,5,current_package_member_or_evidence,scripts 입력·출력·경로·SHA-256을 고정한 manifest
02_VERIFIED_CORE_HQ_NB_PY/03_RESUMABLE_PROJECT_SNAPSHOT/experiments/lab_001_xy_connection_20260626/scripts/PRM099_independent_permit_QA.py,PRM099_independent_permit_QA.py,.py,02_VERIFIED_CORE_HQ_NB_PY,5,current_package_member_or_evidence,SLICE004_AND_XREG 파이프라인의 실행 계약·사전등록. 58-model raw-table extraction plus no-y descriptor candidate/XREG construction and QA
02_VERIFIED_CORE_HQ_NB_PY/03_RESUMABLE_PROJECT_SNAPSHOT/experiments/lab_001_xy_connection_20260626/scripts/PRM099_postmerge_sync_QA.py,PRM099_postmerge_sync_QA.py,.py,02_VERIFIED_CORE_HQ_NB_PY,5,current_package_member_or_evidence,SLICE004_AND_XREG 파이프라인의 결과·manifest 봉인/동기화. 58-model raw-table extraction plus no-y descriptor candidate/XREG construction and QA
02_VERIFIED_CORE_HQ_NB_PY/03_RESUMABLE_PROJECT_SNAPSHOT/experiments/lab_001_xy_connection_20260626/scripts/PRM099_prepare_full58_permit_decision.py,PRM099_prepare_full58_permit_decision.py,.py,02_VERIFIED_CORE_HQ_NB_PY,5,current_package_member_or_evidence,SLICE004_AND_XREG 파이프라인의 실행 계약·사전등록. 58-model raw-table extraction plus no-y descriptor candidate/XREG construction and QA
02_VERIFIED_CORE_HQ_NB_PY/03_RESUMABLE_PROJECT_SNAPSHOT/experiments/lab_001_xy_connection_20260626/scripts/PRM099_render_permit_review.py,PRM099_render_permit_review.py,.py,02_VERIFIED_CORE_HQ_NB_PY,5,current_package_member_or_evidence,SLICE004_AND_XREG 파이프라인의 실행 계약·사전등록. 58-model raw-table extraction plus no-y descriptor candidate/XREG construction and QA
02_VERIFIED_CORE_HQ_NB_PY/03_RESUMABLE_PROJECT_SNAPSHOT/experiments/lab_001_xy_connection_20260626/scripts/PRM099_third_wave_full58_runner.py,PRM099_third_wave_full58_runner.py,.py,02_VERIFIED_CORE_HQ_NB_PY,5,current_package_member_or_evidence,SLICE004_AND_XREG 파이프라인의 계산 실행/후보 생성. 58-model raw-table extraction plus no-y descriptor candidate/XREG construction and QA
02_VERIFIED_CORE_HQ_NB_PY/03_RESUMABLE_PROJECT_SNAPSHOT/experiments/lab_001_xy_connection_20260626/scripts/PRM100_execute_serial_cells.py,PRM100_execute_serial_cells.py,.py,02_VERIFIED_CORE_HQ_NB_PY,5,current_package_member_or_evidence,SLICE004_AND_XREG 파이프라인의 계산 지원/변환. 58-model raw-table extraction plus no-y descriptor candidate/XREG construction and QA
02_VERIFIED_CORE_HQ_NB_PY/03_RESUMABLE_PROJECT_SNAPSHOT/experiments/lab_001_xy_connection_20260626/scripts/PRM100_finalize_manifest.py,PRM100_finalize_manifest.py,.py,02_VERIFIED_CORE_HQ_NB_PY,5,current_package_member_or_evidence,scripts 입력·출력·경로·SHA-256을 고정한 manifest
02_VERIFIED_CORE_HQ_NB_PY/03_RESUMABLE_PROJECT_SNAPSHOT/experiments/lab_001_xy_connection_20260626/scripts/PRM100_independent_xonly_QA.py,PRM100_independent_xonly_QA.py,.py,02_VERIFIED_CORE_HQ_NB_PY,5,current_package_member_or_evidence,SLICE004_AND_XREG 파이프라인의 계산 지원/변환. 58-model raw-table extraction plus no-y descriptor candidate/XREG construction and QA
02_VERIFIED_CORE_HQ_NB_PY/03_RESUMABLE_PROJECT_SNAPSHOT/experiments/lab_001_xy_connection_20260626/scripts/PRM100_postmerge_sync_QA.py,PRM100_postmerge_sync_QA.py,.py,02_VERIFIED_CORE_HQ_NB_PY,5,current_package_member_or_evidence,SLICE004_AND_XREG 파이프라인의 결과·manifest 봉인/동기화. 58-model raw-table extraction plus no-y descriptor candidate/XREG construction and QA
02_VERIFIED_CORE_HQ_NB_PY/03_RESUMABLE_PROJECT_SNAPSHOT/experiments/lab_001_xy_connection_20260626/scripts/PRM100_render_xonly_review.py,PRM100_render_xonly_review.py,.py,02_VERIFIED_CORE_HQ_NB_PY,5,current_package_member_or_evidence,SLICE004_AND_XREG 파이프라인의 감사·진단·비교. 58-model raw-table extraction plus no-y descriptor candidate/XREG construction and QA
02_VERIFIED_CORE_HQ_NB_PY/03_RESUMABLE_PROJECT_SNAPSHOT/experiments/lab_001_xy_connection_20260626/scripts/PRM100_xonly_technical_review.py,PRM100_xonly_technical_review.py,.py,02_VERIFIED_CORE_HQ_NB_PY,5,current_package_member_or_evidence,SLICE004_AND_XREG 파이프라인의 감사·진단·비교. 58-model raw-table extraction plus no-y descriptor candidate/XREG construction and QA
02_VERIFIED_CORE_HQ_NB_PY/03_RESUMABLE_PROJECT_SNAPSHOT/experiments/lab_001_xy_connection_20260626/scripts/PRM101_consolidate_xreg_v0_3.py,PRM101_consolidate_xreg_v0_3.py,.py,02_VERIFIED_CORE_HQ_NB_PY,5,current_package_member_or_evidence,SLICE004_AND_XREG 파이프라인의 계산 지원/변환. 58-model raw-table extraction plus no-y descriptor candidate/XREG construction and QA
02_VERIFIED_CORE_HQ_NB_PY/03_RESUMABLE_PROJECT_SNAPSHOT/experiments/lab_001_xy_connection_20260626/scripts/PRM101_finalize_manifest.py,PRM101_finalize_manifest.py,.py,02_VERIFIED_CORE_HQ_NB_PY,5,current_package_member_or_evidence,scripts 입력·출력·경로·SHA-256을 고정한 manifest
02_VERIFIED_CORE_HQ_NB_PY/03_RESUMABLE_PROJECT_SNAPSHOT/experiments/lab_001_xy_connection_20260626/scripts/PRM101_independent_consolidation_QA.py,PRM101_independent_consolidation_QA.py,.py,02_VERIFIED_CORE_HQ_NB_PY,5,current_package_member_or_evidence,SLICE004_AND_XREG 파이프라인의 계산 지원/변환. 58-model raw-table extraction plus no-y descriptor candidate/XREG construction and QA
02_VERIFIED_CORE_HQ_NB_PY/03_RESUMABLE_PROJECT_SNAPSHOT/experiments/lab_001_xy_connection_20260626/scripts/PRM101_postmerge_sync_QA.py,PRM101_postmerge_sync_QA.py,.py,02_VERIFIED_CORE_HQ_NB_PY,5,current_package_member_or_evidence,SLICE004_AND_XREG 파이프라인의 결과·manifest 봉인/동기화. 58-model raw-table extraction plus no-y descriptor candidate/XREG construction and QA
02_VERIFIED_CORE_HQ_NB_PY/03_RESUMABLE_PROJECT_SNAPSHOT/experiments/lab_001_xy_connection_20260626/scripts/PRM102_bc_raw_table_batch.py,PRM102_bc_raw_table_batch.py,.py,02_VERIFIED_CORE_HQ_NB_PY,5,current_package_member_or_evidence,SLICE004_AND_XREG 파이프라인의 계산 지원/변환. 58-model raw-table extraction plus no-y descriptor candidate/XREG construction and QA
02_VERIFIED_CORE_HQ_NB_PY/03_RESUMABLE_PROJECT_SNAPSHOT/experiments/lab_001_xy_connection_20260626/scripts/PRM102_independent_QA.py,PRM102_independent_QA.py,.py,02_VERIFIED_CORE_HQ_NB_PY,5,current_package_member_or_evidence,SLICE004_AND_XREG 파이프라인의 독립 QA/회귀검증. 58-model raw-table extraction plus no-y descriptor candidate/XREG construction and QA
02_VERIFIED_CORE_HQ_NB_PY/03_RESUMABLE_PROJECT_SNAPSHOT/experiments/lab_001_xy_connection_20260626/scripts/PRM102_postmerge_sync_QA.py,PRM102_postmerge_sync_QA.py,.py,02_VERIFIED_CORE_HQ_NB_PY,5,current_package_member_or_evidence,SLICE004_AND_XREG 파이프라인의 결과·manifest 봉인/동기화. 58-model raw-table extraction plus no-y descriptor candidate/XREG construction and QA
02_VERIFIED_CORE_HQ_NB_PY/03_RESUMABLE_PROJECT_SNAPSHOT/experiments/lab_001_xy_connection_20260626/scripts/PRM103_consolidate_bc_cohort_xreg_v0_4.py,PRM103_consolidate_bc_cohort_xreg_v0_4.py,.py,02_VERIFIED_CORE_HQ_NB_PY,5,current_package_member_or_evidence,SLICE004_AND_XREG 파이프라인의 계산 지원/변환. 58-model raw-table extraction plus no-y descriptor candidate/XREG construction and QA
02_VERIFIED_CORE_HQ_NB_PY/03_RESUMABLE_PROJECT_SNAPSHOT/experiments/lab_001_xy_connection_20260626/scripts/PRM103_independent_QA.py,PRM103_independent_QA.py,.py,02_VERIFIED_CORE_HQ_NB_PY,5,current_package_member_or_evidence,SLICE004_AND_XREG 파이프라인의 독립 QA/회귀검증. 58-model raw-table extraction plus no-y descriptor candidate/XREG construction and QA
02_VERIFIED_CORE_HQ_NB_PY/03_RESUMABLE_PROJECT_SNAPSHOT/experiments/lab_001_xy_connection_20260626/scripts/PRM104_independent_QA.py,PRM104_independent_QA.py,.py,02_VERIFIED_CORE_HQ_NB_PY,5,current_package_member_or_evidence,SLICE004_AND_XREG 파이프라인의 독립 QA/회귀검증. 58-model raw-table extraction plus no-y descriptor candidate/XREG construction and QA
02_VERIFIED_CORE_HQ_NB_PY/03_RESUMABLE_PROJECT_SNAPSHOT/experiments/lab_001_xy_connection_20260626/scripts/PRM104_overlay_phase_profile_batch.py,PRM104_overlay_phase_profile_batch.py,.py,02_VERIFIED_CORE_HQ_NB_PY,5,current_package_member_or_evidence,SLICE004_AND_XREG 파이프라인의 계산 지원/변환. 58-model raw-table extraction plus no-y descriptor candidate/XREG construction and QA
02_VERIFIED_CORE_HQ_NB_PY/03_RESUMABLE_PROJECT_SNAPSHOT/experiments/lab_001_xy_connection_20260626/scripts/PRM105_consolidate_overlay_phase_xreg_v0_5.py,PRM105_consolidate_overlay_phase_xreg_v0_5.py,.py,02_VERIFIED_CORE_HQ_NB_PY,5,current_package_member_or_evidence,SLICE004_AND_XREG 파이프라인의 계산 지원/변환. 58-model raw-table extraction plus no-y descriptor candidate/XREG construction and QA
02_VERIFIED_CORE_HQ_NB_PY/03_RESUMABLE_PROJECT_SNAPSHOT/experiments/lab_001_xy_connection_20260626/scripts/PRM105_independent_QA.py,PRM105_independent_QA.py,.py,02_VERIFIED_CORE_HQ_NB_PY,5,current_package_member_or_evidence,SLICE004_AND_XREG 파이프라인의 독립 QA/회귀검증. 58-model raw-table extraction plus no-y descriptor candidate/XREG construction and QA
02_VERIFIED_CORE_HQ_NB_PY/03_RESUMABLE_PROJECT_SNAPSHOT/experiments/lab_001_xy_connection_20260626/scripts/PRM106_independent_QA.py,PRM106_independent_QA.py,.py,02_VERIFIED_CORE_HQ_NB_PY,5,current_package_member_or_evidence,SLICE004_AND_XREG 파이프라인의 독립 QA/회귀검증. 58-model raw-table extraction plus no-y descriptor candidate/XREG construction and QA
02_VERIFIED_CORE_HQ_NB_PY/03_RESUMABLE_PROJECT_SNAPSHOT/experiments/lab_001_xy_connection_20260626/scripts/PRM106_profile_dynamics_batch.py,PRM106_profile_dynamics_batch.py,.py,02_VERIFIED_CORE_HQ_NB_PY,5,current_package_member_or_evidence,SLICE004_AND_XREG 파이프라인의 계산 지원/변환. 58-model raw-table extraction plus no-y descriptor candidate/XREG construction and QA
02_VERIFIED_CORE_HQ_NB_PY/03_RESUMABLE_PROJECT_SNAPSHOT/experiments/lab_001_xy_connection_20260626/scripts/PRM107_consolidate_profile_dynamics_xreg_v0_6.py,PRM107_consolidate_profile_dynamics_xreg_v0_6.py,.py,02_VERIFIED_CORE_HQ_NB_PY,5,current_package_member_or_evidence,SLICE004_AND_XREG 파이프라인의 계산 지원/변환. 58-model raw-table extraction plus no-y descriptor candidate/XREG construction and QA
02_VERIFIED_CORE_HQ_NB_PY/03_RESUMABLE_PROJECT_SNAPSHOT/experiments/lab_001_xy_connection_20260626/scripts/PRM107_independent_QA.py,PRM107_independent_QA.py,.py,02_VERIFIED_CORE_HQ_NB_PY,5,current_package_member_or_evidence,SLICE004_AND_XREG 파이프라인의 독립 QA/회귀검증. 58-model raw-table extraction plus no-y descriptor candidate/XREG construction and QA
02_VERIFIED_CORE_HQ_NB_PY/03_RESUMABLE_PROJECT_SNAPSHOT/experiments/lab_001_xy_connection_20260626/scripts/PRM108_axial_distribution_symmetry_batch.py,PRM108_axial_distribution_symmetry_batch.py,.py,02_VERIFIED_CORE_HQ_NB_PY,5,current_package_member_or_evidence,SLICE004_AND_XREG 파이프라인의 계산 지원/변환. 58-model raw-table extraction plus no-y descriptor candidate/XREG construction and QA
02_VERIFIED_CORE_HQ_NB_PY/03_RESUMABLE_PROJECT_SNAPSHOT/experiments/lab_001_xy_connection_20260626/scripts/PRM108_independent_QA.py,PRM108_independent_QA.py,.py,02_VERIFIED_CORE_HQ_NB_PY,5,current_package_member_or_evidence,SLICE004_AND_XREG 파이프라인의 독립 QA/회귀검증. 58-model raw-table extraction plus no-y descriptor candidate/XREG construction and QA
02_VERIFIED_CORE_HQ_NB_PY/03_RESUMABLE_PROJECT_SNAPSHOT/experiments/lab_001_xy_connection_20260626/scripts/PRM109_consolidate_axial_symmetry_xreg_v0_7.py,PRM109_consolidate_axial_symmetry_xreg_v0_7.py,.py,02_VERIFIED_CORE_HQ_NB_PY,5,current_package_member_or_evidence,SLICE004_AND_XREG 파이프라인의 계산 지원/변환. 58-model raw-table extraction plus no-y descriptor candidate/XREG construction and QA
02_VERIFIED_CORE_HQ_NB_PY/03_RESUMABLE_PROJECT_SNAPSHOT/experiments/lab_001_xy_connection_20260626/scripts/PRM109_independent_QA.py,PRM109_independent_QA.py,.py,02_VERIFIED_CORE_HQ_NB_PY,5,current_package_member_or_evidence,SLICE004_AND_XREG 파이프라인의 독립 QA/회귀검증. 58-model raw-table extraction plus no-y descriptor candidate/XREG construction and QA
02_VERIFIED_CORE_HQ_NB_PY/03_RESUMABLE_PROJECT_SNAPSHOT/experiments/lab_001_xy_connection_20260626/scripts/PRM110_axial_shape_entropy_batch.py,PRM110_axial_shape_entropy_batch.py,.py,02_VERIFIED_CORE_HQ_NB_PY,5,current_package_member_or_evidence,SLICE004_AND_XREG 파이프라인의 계산 지원/변환. 58-model raw-table extraction plus no-y descriptor candidate/XREG construction and QA
02_VERIFIED_CORE_HQ_NB_PY/03_RESUMABLE_PROJECT_SNAPSHOT/experiments/lab_001_xy_connection_20260626/scripts/PRM110_independent_QA.py,PRM110_independent_QA.py,.py,02_VERIFIED_CORE_HQ_NB_PY,5,current_package_member_or_evidence,SLICE004_AND_XREG 파이프라인의 독립 QA/회귀검증. 58-model raw-table extraction plus no-y descriptor candidate/XREG construction and QA
02_VERIFIED_CORE_HQ_NB_PY/03_RESUMABLE_PROJECT_SNAPSHOT/experiments/lab_001_xy_connection_20260626/scripts/PRM111_consolidate_axial_shape_entropy_xreg_v0_8.py,PRM111_consolidate_axial_shape_entropy_xreg_v0_8.py,.py,02_VERIFIED_CORE_HQ_NB_PY,5,current_package_member_or_evidence,SLICE004_AND_XREG 파이프라인의 계산 지원/변환. 58-model raw-table extraction plus no-y descriptor candidate/XREG construction and QA
02_VERIFIED_CORE_HQ_NB_PY/03_RESUMABLE_PROJECT_SNAPSHOT/experiments/lab_001_xy_connection_20260626/scripts/PRM111_independent_QA.py,PRM111_independent_QA.py,.py,02_VERIFIED_CORE_HQ_NB_PY,5,current_package_member_or_evidence,SLICE004_AND_XREG 파이프라인의 독립 QA/회귀검증. 58-model raw-table extraction plus no-y descriptor candidate/XREG construction and QA
02_VERIFIED_CORE_HQ_NB_PY/03_RESUMABLE_PROJECT_SNAPSHOT/experiments/lab_001_xy_connection_20260626/scripts/PRM112_axial_weighted_quantile_location_batch.py,PRM112_axial_weighted_quantile_location_batch.py,.py,02_VERIFIED_CORE_HQ_NB_PY,5,current_package_member_or_evidence,SLICE004_AND_XREG 파이프라인의 계산 지원/변환. 58-model raw-table extraction plus no-y descriptor candidate/XREG construction and QA
02_VERIFIED_CORE_HQ_NB_PY/03_RESUMABLE_PROJECT_SNAPSHOT/experiments/lab_001_xy_connection_20260626/scripts/PRM112_independent_QA.py,PRM112_independent_QA.py,.py,02_VERIFIED_CORE_HQ_NB_PY,5,current_package_member_or_evidence,SLICE004_AND_XREG 파이프라인의 독립 QA/회귀검증. 58-model raw-table extraction plus no-y descriptor candidate/XREG construction and QA
02_VERIFIED_CORE_HQ_NB_PY/03_RESUMABLE_PROJECT_SNAPSHOT/experiments/lab_001_xy_connection_20260626/scripts/PRM113_consolidate_weighted_quantile_location_xreg_v0_9.py,PRM113_consolidate_weighted_quantile_location_xreg_v0_9.py,.py,02_VERIFIED_CORE_HQ_NB_PY,5,current_package_member_or_evidence,SLICE004_AND_XREG 파이프라인의 계산 지원/변환. 58-model raw-table extraction plus no-y descriptor candidate/XREG construction and QA
02_VERIFIED_CORE_HQ_NB_PY/03_RESUMABLE_PROJECT_SNAPSHOT/experiments/lab_001_xy_connection_20260626/scripts/PRM113_independent_QA.py,PRM113_independent_QA.py,.py,02_VERIFIED_CORE_HQ_NB_PY,5,current_package_member_or_evidence,SLICE004_AND_XREG 파이프라인의 독립 QA/회귀검증. 58-model raw-table extraction plus no-y descriptor candidate/XREG construction and QA
02_VERIFIED_CORE_HQ_NB_PY/03_RESUMABLE_PROJECT_SNAPSHOT/experiments/lab_001_xy_connection_20260626/scripts/PRM114_independent_QA.py,PRM114_independent_QA.py,.py,02_VERIFIED_CORE_HQ_NB_PY,5,current_package_member_or_evidence,SLICE004_AND_XREG 파이프라인의 독립 QA/회귀검증. 58-model raw-table extraction plus no-y descriptor candidate/XREG construction and QA
02_VERIFIED_CORE_HQ_NB_PY/03_RESUMABLE_PROJECT_SNAPSHOT/experiments/lab_001_xy_connection_20260626/scripts/PRM114_overlay_component_inequality_concentration_batch.py,PRM114_overlay_component_inequality_concentration_batch.py,.py,02_VERIFIED_CORE_HQ_NB_PY,5,current_package_member_or_evidence,SLICE004_AND_XREG 파이프라인의 계산 지원/변환. 58-model raw-table extraction plus no-y descriptor candidate/XREG construction and QA
02_VERIFIED_CORE_HQ_NB_PY/03_RESUMABLE_PROJECT_SNAPSHOT/experiments/lab_001_xy_connection_20260626/scripts/PRM115_consolidate_component_inequality_xreg_v1_0.py,PRM115_consolidate_component_inequality_xreg_v1_0.py,.py,02_VERIFIED_CORE_HQ_NB_PY,5,current_package_member_or_evidence,SLICE004_AND_XREG 파이프라인의 계산 지원/변환. 58-model raw-table extraction plus no-y descriptor candidate/XREG construction and QA
02_VERIFIED_CORE_HQ_NB_PY/03_RESUMABLE_PROJECT_SNAPSHOT/experiments/lab_001_xy_connection_20260626/scripts/PRM115_independent_QA.py,PRM115_independent_QA.py,.py,02_VERIFIED_CORE_HQ_NB_PY,5,current_package_member_or_evidence,SLICE004_AND_XREG 파이프라인의 독립 QA/회귀검증. 58-model raw-table extraction plus no-y descriptor candidate/XREG construction and QA
02_VERIFIED_CORE_HQ_NB_PY/03_RESUMABLE_PROJECT_SNAPSHOT/experiments/lab_001_xy_connection_20260626/scripts/PRM116_component_filter_sensitivity_batch.py,PRM116_component_filter_sensitivity_batch.py,.py,02_VERIFIED_CORE_HQ_NB_PY,5,current_package_member_or_evidence,SLICE004_AND_XREG 파이프라인의 계산 지원/변환. 58-model raw-table extraction plus no-y descriptor candidate/XREG construction and QA
02_VERIFIED_CORE_HQ_NB_PY/03_RESUMABLE_PROJECT_SNAPSHOT/experiments/lab_001_xy_connection_20260626/scripts/PRM116_independent_QA.py,PRM116_independent_QA.py,.py,02_VERIFIED_CORE_HQ_NB_PY,5,current_package_member_or_evidence,SLICE004_AND_XREG 파이프라인의 독립 QA/회귀검증. 58-model raw-table extraction plus no-y descriptor candidate/XREG construction and QA
02_VERIFIED_CORE_HQ_NB_PY/03_RESUMABLE_PROJECT_SNAPSHOT/experiments/lab_001_xy_connection_20260626/scripts/PRM117_consolidate_component_filter_sensitivity_xreg_v1_1.py,PRM117_consolidate_component_filter_sensitivity_xreg_v1_1.py,.py,02_VERIFIED_CORE_HQ_NB_PY,5,current_package_member_or_evidence,SLICE004_AND_XREG 파이프라인의 계산 지원/변환. 58-model raw-table extraction plus no-y descriptor candidate/XREG construction and QA
02_VERIFIED_CORE_HQ_NB_PY/03_RESUMABLE_PROJECT_SNAPSHOT/experiments/lab_001_xy_connection_20260626/scripts/PRM117_independent_QA.py,PRM117_independent_QA.py,.py,02_VERIFIED_CORE_HQ_NB_PY,5,current_package_member_or_evidence,SLICE004_AND_XREG 파이프라인의 독립 QA/회귀검증. 58-model raw-table extraction plus no-y descriptor candidate/XREG construction and QA
02_VERIFIED_CORE_HQ_NB_PY/03_RESUMABLE_PROJECT_SNAPSHOT/experiments/lab_001_xy_connection_20260626/scripts/PRM118_independent_QA.py,PRM118_independent_QA.py,.py,02_VERIFIED_CORE_HQ_NB_PY,5,current_package_member_or_evidence,SLICE004_AND_XREG 파이프라인의 독립 QA/회귀검증. 58-model raw-table extraction plus no-y descriptor candidate/XREG construction and QA
02_VERIFIED_CORE_HQ_NB_PY/03_RESUMABLE_PROJECT_SNAPSHOT/experiments/lab_001_xy_connection_20260626/scripts/PRM118_slice_component_filter_sensitivity_batch.py,PRM118_slice_component_filter_sensitivity_batch.py,.py,02_VERIFIED_CORE_HQ_NB_PY,5,current_package_member_or_evidence,SLICE004_AND_XREG 파이프라인의 계산 지원/변환. 58-model raw-table extraction plus no-y descriptor candidate/XREG construction and QA
02_VERIFIED_CORE_HQ_NB_PY/03_RESUMABLE_PROJECT_SNAPSHOT/experiments/lab_001_xy_connection_20260626/scripts/PRM119_consolidate_slice_component_filter_sensitivity_xreg_v1_2.py,PRM119_consolidate_slice_component_filter_sensitivity_xreg_v1_2.py,.py,02_VERIFIED_CORE_HQ_NB_PY,5,current_package_member_or_evidence,SLICE004_AND_XREG 파이프라인의 계산 지원/변환. 58-model raw-table extraction plus no-y descriptor candidate/XREG construction and QA
02_VERIFIED_CORE_HQ_NB_PY/03_RESUMABLE_PROJECT_SNAPSHOT/experiments/lab_001_xy_connection_20260626/scripts/PRM119_independent_QA.py,PRM119_independent_QA.py,.py,02_VERIFIED_CORE_HQ_NB_PY,5,current_package_member_or_evidence,SLICE004_AND_XREG 파이프라인의 독립 QA/회귀검증. 58-model raw-table extraction plus no-y descriptor candidate/XREG construction and QA
02_VERIFIED_CORE_HQ_NB_PY/03_RESUMABLE_PROJECT_SNAPSHOT/experiments/lab_001_xy_connection_20260626/scripts/PRM120_independent_QA.py,PRM120_independent_QA.py,.py,02_VERIFIED_CORE_HQ_NB_PY,5,current_package_member_or_evidence,SLICE004_AND_XREG 파이프라인의 독립 QA/회귀검증. 58-model raw-table extraction plus no-y descriptor candidate/XREG construction and QA
02_VERIFIED_CORE_HQ_NB_PY/03_RESUMABLE_PROJECT_SNAPSHOT/experiments/lab_001_xy_connection_20260626/scripts/PRM120_overlay_pair_component_composition_batch.py,PRM120_overlay_pair_component_composition_batch.py,.py,02_VERIFIED_CORE_HQ_NB_PY,5,current_package_member_or_evidence,SLICE004_AND_XREG 파이프라인의 계산 지원/변환. 58-model raw-table extraction plus no-y descriptor candidate/XREG construction and QA
02_VERIFIED_CORE_HQ_NB_PY/03_RESUMABLE_PROJECT_SNAPSHOT/experiments/lab_001_xy_connection_20260626/scripts/PRM121_consolidate_overlay_pair_component_composition_xreg_v1_3.py,PRM121_consolidate_overlay_pair_component_composition_xreg_v1_3.py,.py,02_VERIFIED_CORE_HQ_NB_PY,5,current_package_member_or_evidence,SLICE004_AND_XREG 파이프라인의 계산 지원/변환. 58-model raw-table extraction plus no-y descriptor candidate/XREG construction and QA
02_VERIFIED_CORE_HQ_NB_PY/03_RESUMABLE_PROJECT_SNAPSHOT/experiments/lab_001_xy_connection_20260626/scripts/PRM121_independent_QA.py,PRM121_independent_QA.py,.py,02_VERIFIED_CORE_HQ_NB_PY,5,current_package_member_or_evidence,SLICE004_AND_XREG 파이프라인의 독립 QA/회귀검증. 58-model raw-table extraction plus no-y descriptor candidate/XREG construction and QA
02_VERIFIED_CORE_HQ_NB_PY/03_RESUMABLE_PROJECT_SNAPSHOT/experiments/lab_001_xy_connection_20260626/scripts/PRM122_independent_QA.py,PRM122_independent_QA.py,.py,02_VERIFIED_CORE_HQ_NB_PY,5,current_package_member_or_evidence,SLICE004_AND_XREG 파이프라인의 독립 QA/회귀검증. 58-model raw-table extraction plus no-y descriptor candidate/XREG construction and QA
02_VERIFIED_CORE_HQ_NB_PY/03_RESUMABLE_PROJECT_SNAPSHOT/experiments/lab_001_xy_connection_20260626/scripts/PRM122_profile_jump_and_turn_batch.py,PRM122_profile_jump_and_turn_batch.py,.py,02_VERIFIED_CORE_HQ_NB_PY,5,current_package_member_or_evidence,SLICE004_AND_XREG 파이프라인의 계산 지원/변환. 58-model raw-table extraction plus no-y descriptor candidate/XREG construction and QA
02_VERIFIED_CORE_HQ_NB_PY/03_RESUMABLE_PROJECT_SNAPSHOT/experiments/lab_001_xy_connection_20260626/scripts/PRM123_consolidate_profile_jump_turn_xreg_v1_4.py,PRM123_consolidate_profile_jump_turn_xreg_v1_4.py,.py,02_VERIFIED_CORE_HQ_NB_PY,5,current_package_member_or_evidence,SLICE004_AND_XREG 파이프라인의 계산 지원/변환. 58-model raw-table extraction plus no-y descriptor candidate/XREG construction and QA
02_VERIFIED_CORE_HQ_NB_PY/03_RESUMABLE_PROJECT_SNAPSHOT/experiments/lab_001_xy_connection_20260626/scripts/PRM123_finalize_and_independent_QA.py,PRM123_finalize_and_independent_QA.py,.py,02_VERIFIED_CORE_HQ_NB_PY,5,current_package_member_or_evidence,SLICE004_AND_XREG 파이프라인의 독립 QA/회귀검증. 58-model raw-table extraction plus no-y descriptor candidate/XREG construction and QA
02_VERIFIED_CORE_HQ_NB_PY/03_RESUMABLE_PROJECT_SNAPSHOT/experiments/lab_001_xy_connection_20260626/scripts/PRM124_overlay_phase_balance_batch.py,PRM124_overlay_phase_balance_batch.py,.py,02_VERIFIED_CORE_HQ_NB_PY,5,current_package_member_or_evidence,SLICE004_AND_XREG 파이프라인의 계산 지원/변환. 58-model raw-table extraction plus no-y descriptor candidate/XREG construction and QA
02_VERIFIED_CORE_HQ_NB_PY/03_RESUMABLE_PROJECT_SNAPSHOT/experiments/lab_001_xy_connection_20260626/scripts/PRM124_overlay_phase_balance_independent_qa.py,PRM124_overlay_phase_balance_independent_qa.py,.py,02_VERIFIED_CORE_HQ_NB_PY,5,current_package_member_or_evidence,SLICE004_AND_XREG 파이프라인의 독립 QA/회귀검증. 58-model raw-table extraction plus no-y descriptor candidate/XREG construction and QA
02_VERIFIED_CORE_HQ_NB_PY/03_RESUMABLE_PROJECT_SNAPSHOT/experiments/lab_001_xy_connection_20260626/scripts/PRM125_consolidate_overlay_phase_balance_xreg_v1_5.py,PRM125_consolidate_overlay_phase_balance_xreg_v1_5.py,.py,02_VERIFIED_CORE_HQ_NB_PY,5,current_package_member_or_evidence,SLICE004_AND_XREG 파이프라인의 계산 지원/변환. 58-model raw-table extraction plus no-y descriptor candidate/XREG construction and QA
02_VERIFIED_CORE_HQ_NB_PY/03_RESUMABLE_PROJECT_SNAPSHOT/experiments/lab_001_xy_connection_20260626/scripts/PRM125_finalize_and_independent_qa.py,PRM125_finalize_and_independent_qa.py,.py,02_VERIFIED_CORE_HQ_NB_PY,5,current_package_member_or_evidence,SLICE004_AND_XREG 파이프라인의 독립 QA/회귀검증. 58-model raw-table extraction plus no-y descriptor candidate/XREG construction and QA
02_VERIFIED_CORE_HQ_NB_PY/03_RESUMABLE_PROJECT_SNAPSHOT/experiments/lab_001_xy_connection_20260626/scripts/PRM126_overlay_component_density_batch.py,PRM126_overlay_component_density_batch.py,.py,02_VERIFIED_CORE_HQ_NB_PY,5,current_package_member_or_evidence,SLICE004_AND_XREG 파이프라인의 계산 지원/변환. 58-model raw-table extraction plus no-y descriptor candidate/XREG construction and QA
02_VERIFIED_CORE_HQ_NB_PY/03_RESUMABLE_PROJECT_SNAPSHOT/experiments/lab_001_xy_connection_20260626/scripts/PRM126_overlay_component_density_independent_qa.py,PRM126_overlay_component_density_independent_qa.py,.py,02_VERIFIED_CORE_HQ_NB_PY,5,current_package_member_or_evidence,SLICE004_AND_XREG 파이프라인의 독립 QA/회귀검증. 58-model raw-table extraction plus no-y descriptor candidate/XREG construction and QA
02_VERIFIED_CORE_HQ_NB_PY/03_RESUMABLE_PROJECT_SNAPSHOT/experiments/lab_001_xy_connection_20260626/scripts/PRM127_consolidate_overlay_component_density_xreg_v1_6.py,PRM127_consolidate_overlay_component_density_xreg_v1_6.py,.py,02_VERIFIED_CORE_HQ_NB_PY,5,current_package_member_or_evidence,SLICE004_AND_XREG 파이프라인의 계산 지원/변환. 58-model raw-table extraction plus no-y descriptor candidate/XREG construction and QA
02_VERIFIED_CORE_HQ_NB_PY/03_RESUMABLE_PROJECT_SNAPSHOT/experiments/lab_001_xy_connection_20260626/scripts/PRM127_independent_qa.py,PRM127_independent_qa.py,.py,02_VERIFIED_CORE_HQ_NB_PY,5,current_package_member_or_evidence,SLICE004_AND_XREG 파이프라인의 독립 QA/회귀검증. 58-model raw-table extraction plus no-y descriptor candidate/XREG construction and QA
02_VERIFIED_CORE_HQ_NB_PY/03_RESUMABLE_PROJECT_SNAPSHOT/experiments/lab_001_xy_connection_20260626/scripts/PRM128_independent_qa.py,PRM128_independent_qa.py,.py,02_VERIFIED_CORE_HQ_NB_PY,5,current_package_member_or_evidence,SLICE004_AND_XREG 파이프라인의 독립 QA/회귀검증. 58-model raw-table extraction plus no-y descriptor candidate/XREG construction and QA
02_VERIFIED_CORE_HQ_NB_PY/03_RESUMABLE_PROJECT_SNAPSHOT/experiments/lab_001_xy_connection_20260626/scripts/PRM128_overlay_phase_cross_correlation_batch.py,PRM128_overlay_phase_cross_correlation_batch.py,.py,02_VERIFIED_CORE_HQ_NB_PY,5,current_package_member_or_evidence,SLICE004_AND_XREG 파이프라인의 계산 지원/변환. 58-model raw-table extraction plus no-y descriptor candidate/XREG construction and QA
02_VERIFIED_CORE_HQ_NB_PY/03_RESUMABLE_PROJECT_SNAPSHOT/experiments/lab_001_xy_connection_20260626/scripts/PRM129_consolidate_phase_cross_correlation_xreg_v1_7.py,PRM129_consolidate_phase_cross_correlation_xreg_v1_7.py,.py,02_VERIFIED_CORE_HQ_NB_PY,5,current_package_member_or_evidence,SLICE004_AND_XREG 파이프라인의 계산 지원/변환. 58-model raw-table extraction plus no-y descriptor candidate/XREG construction and QA
02_VERIFIED_CORE_HQ_NB_PY/03_RESUMABLE_PROJECT_SNAPSHOT/experiments/lab_001_xy_connection_20260626/scripts/PRM129_independent_qa.py,PRM129_independent_qa.py,.py,02_VERIFIED_CORE_HQ_NB_PY,5,current_package_member_or_evidence,SLICE004_AND_XREG 파이프라인의 독립 QA/회귀검증. 58-model raw-table extraction plus no-y descriptor candidate/XREG construction and QA
02_VERIFIED_CORE_HQ_NB_PY/03_RESUMABLE_PROJECT_SNAPSHOT/experiments/lab_001_xy_connection_20260626/scripts/PRM130_independent_qa.py,PRM130_independent_qa.py,.py,02_VERIFIED_CORE_HQ_NB_PY,5,current_package_member_or_evidence,SLICE004_AND_XREG 파이프라인의 독립 QA/회귀검증. 58-model raw-table extraction plus no-y descriptor candidate/XREG construction and QA
02_VERIFIED_CORE_HQ_NB_PY/03_RESUMABLE_PROJECT_SNAPSHOT/experiments/lab_001_xy_connection_20260626/scripts/PRM130_overlay_fraction_quantile_batch.py,PRM130_overlay_fraction_quantile_batch.py,.py,02_VERIFIED_CORE_HQ_NB_PY,5,current_package_member_or_evidence,SLICE004_AND_XREG 파이프라인의 계산 지원/변환. 58-model raw-table extraction plus no-y descriptor candidate/XREG construction and QA
02_VERIFIED_CORE_HQ_NB_PY/03_RESUMABLE_PROJECT_SNAPSHOT/experiments/lab_001_xy_connection_20260626/scripts/PRM131_consolidate_overlay_fraction_quantile_xreg_v1_8.py,PRM131_consolidate_overlay_fraction_quantile_xreg_v1_8.py,.py,02_VERIFIED_CORE_HQ_NB_PY,5,current_package_member_or_evidence,SLICE004_AND_XREG 파이프라인의 계산 지원/변환. 58-model raw-table extraction plus no-y descriptor candidate/XREG construction and QA
02_VERIFIED_CORE_HQ_NB_PY/03_RESUMABLE_PROJECT_SNAPSHOT/experiments/lab_001_xy_connection_20260626/scripts/PRM132_137_fast_batch_autopilot.py,PRM132_137_fast_batch_autopilot.py,.py,02_VERIFIED_CORE_HQ_NB_PY,5,current_package_member_or_evidence,SLICE004_AND_XREG 파이프라인의 계산 지원/변환. 58-model raw-table extraction plus no-y descriptor candidate/XREG construction and QA
02_VERIFIED_CORE_HQ_NB_PY/03_RESUMABLE_PROJECT_SNAPSHOT/experiments/lab_001_xy_connection_20260626/scripts/PRM132_137_independent_qa.py,PRM132_137_independent_qa.py,.py,02_VERIFIED_CORE_HQ_NB_PY,5,current_package_member_or_evidence,SLICE004_AND_XREG 파이프라인의 독립 QA/회귀검증. 58-model raw-table extraction plus no-y descriptor candidate/XREG construction and QA
02_VERIFIED_CORE_HQ_NB_PY/03_RESUMABLE_PROJECT_SNAPSHOT/experiments/lab_001_xy_connection_20260626/scripts/PRM138_143_fast_batch_autopilot.py,PRM138_143_fast_batch_autopilot.py,.py,02_VERIFIED_CORE_HQ_NB_PY,5,current_package_member_or_evidence,SLICE004_AND_XREG 파이프라인의 계산 지원/변환. 58-model raw-table extraction plus no-y descriptor candidate/XREG construction and QA
02_VERIFIED_CORE_HQ_NB_PY/03_RESUMABLE_PROJECT_SNAPSHOT/experiments/lab_001_xy_connection_20260626/scripts/PRM138_143_independent_qa.py,PRM138_143_independent_qa.py,.py,02_VERIFIED_CORE_HQ_NB_PY,5,current_package_member_or_evidence,SLICE004_AND_XREG 파이프라인의 독립 QA/회귀검증. 58-model raw-table extraction plus no-y descriptor candidate/XREG construction and QA
02_VERIFIED_CORE_HQ_NB_PY/03_RESUMABLE_PROJECT_SNAPSHOT/experiments/lab_001_xy_connection_20260626/scripts/PRM144_149_fast_batch_autopilot.py,PRM144_149_fast_batch_autopilot.py,.py,02_VERIFIED_CORE_HQ_NB_PY,5,current_package_member_or_evidence,SLICE004_AND_XREG 파이프라인의 계산 지원/변환. 58-model raw-table extraction plus no-y descriptor candidate/XREG construction and QA
02_VERIFIED_CORE_HQ_NB_PY/03_RESUMABLE_PROJECT_SNAPSHOT/experiments/lab_001_xy_connection_20260626/scripts/PRM144_149_independent_qa.py,PRM144_149_independent_qa.py,.py,02_VERIFIED_CORE_HQ_NB_PY,5,current_package_member_or_evidence,SLICE004_AND_XREG 파이프라인의 독립 QA/회귀검증. 58-model raw-table extraction plus no-y descriptor candidate/XREG construction and QA
02_VERIFIED_CORE_HQ_NB_PY/03_RESUMABLE_PROJECT_SNAPSHOT/experiments/lab_001_xy_connection_20260626/scripts/R09_SLICE005_R2_repair_aggregate_verification.py,R09_SLICE005_R2_repair_aggregate_verification.py,.py,02_VERIFIED_CORE_HQ_NB_PY,5,current_package_member_or_evidence,RESOLUTION_OPTIMIZATION 파이프라인의 계산 지원/변환. Pixel resolution and slice-count/spacing convergence factory; continuation-only
02_VERIFIED_CORE_HQ_NB_PY/03_RESUMABLE_PROJECT_SNAPSHOT/experiments/lab_001_xy_connection_20260626/scripts/R09_SLICE_005_B3_coarse_canary_analyze.py,R09_SLICE_005_B3_coarse_canary_analyze.py,.py,02_VERIFIED_CORE_HQ_NB_PY,5,current_package_member_or_evidence,RESOLUTION_OPTIMIZATION 파이프라인의 감사·진단·비교. Pixel resolution and slice-count/spacing convergence factory; continuation-only
02_VERIFIED_CORE_HQ_NB_PY/03_RESUMABLE_PROJECT_SNAPSHOT/experiments/lab_001_xy_connection_20260626/scripts/R09_SLICE_005_B3_coarse_canary_control_review.py,R09_SLICE_005_B3_coarse_canary_control_review.py,.py,02_VERIFIED_CORE_HQ_NB_PY,5,current_package_member_or_evidence,RESOLUTION_OPTIMIZATION 파이프라인의 감사·진단·비교. Pixel resolution and slice-count/spacing convergence factory; continuation-only
02_VERIFIED_CORE_HQ_NB_PY/03_RESUMABLE_PROJECT_SNAPSHOT/experiments/lab_001_xy_connection_20260626/scripts/R09_SLICE_005_B3_coarse_canary_final_preregistration.py,R09_SLICE_005_B3_coarse_canary_final_preregistration.py,.py,02_VERIFIED_CORE_HQ_NB_PY,5,current_package_member_or_evidence,RESOLUTION_OPTIMIZATION 파이프라인의 실행 계약·사전등록. Pixel resolution and slice-count/spacing convergence factory; continuation-only
02_VERIFIED_CORE_HQ_NB_PY/03_RESUMABLE_PROJECT_SNAPSHOT/experiments/lab_001_xy_connection_20260626/scripts/R09_SLICE_005_B3_coarse_canary_independent_QA.py,R09_SLICE_005_B3_coarse_canary_independent_QA.py,.py,02_VERIFIED_CORE_HQ_NB_PY,5,current_package_member_or_evidence,RESOLUTION_OPTIMIZATION 파이프라인의 독립 QA/회귀검증. Pixel resolution and slice-count/spacing convergence factory; continuation-only
02_VERIFIED_CORE_HQ_NB_PY/03_RESUMABLE_PROJECT_SNAPSHOT/experiments/lab_001_xy_connection_20260626/scripts/R09_SLICE_005_B3_coarse_canary_official_sync_QA.py,R09_SLICE_005_B3_coarse_canary_official_sync_QA.py,.py,02_VERIFIED_CORE_HQ_NB_PY,5,current_package_member_or_evidence,RESOLUTION_OPTIMIZATION 파이프라인의 계산 지원/변환. Pixel resolution and slice-count/spacing convergence factory; continuation-only
02_VERIFIED_CORE_HQ_NB_PY/03_RESUMABLE_PROJECT_SNAPSHOT/experiments/lab_001_xy_connection_20260626/scripts/R09_SLICE_005_B3_coarse_canary_preregistration.py,R09_SLICE_005_B3_coarse_canary_preregistration.py,.py,02_VERIFIED_CORE_HQ_NB_PY,5,current_package_member_or_evidence,RESOLUTION_OPTIMIZATION 파이프라인의 실행 계약·사전등록. Pixel resolution and slice-count/spacing convergence factory; continuation-only
02_VERIFIED_CORE_HQ_NB_PY/03_RESUMABLE_PROJECT_SNAPSHOT/experiments/lab_001_xy_connection_20260626/scripts/R09_SLICE_005_B3_coarse_canary_repair_preregistration.py,R09_SLICE_005_B3_coarse_canary_repair_preregistration.py,.py,02_VERIFIED_CORE_HQ_NB_PY,5,current_package_member_or_evidence,RESOLUTION_OPTIMIZATION 파이프라인의 실행 계약·사전등록. Pixel resolution and slice-count/spacing convergence factory; continuation-only
02_VERIFIED_CORE_HQ_NB_PY/03_RESUMABLE_PROJECT_SNAPSHOT/experiments/lab_001_xy_connection_20260626/scripts/R09_SLICE_005_B3_coarse_canary_worker.py,R09_SLICE_005_B3_coarse_canary_worker.py,.py,02_VERIFIED_CORE_HQ_NB_PY,5,current_package_member_or_evidence,RESOLUTION_OPTIMIZATION 파이프라인의 계산 지원/변환. Pixel resolution and slice-count/spacing convergence factory; continuation-only
02_VERIFIED_CORE_HQ_NB_PY/03_RESUMABLE_PROJECT_SNAPSHOT/experiments/lab_001_xy_connection_20260626/scripts/R09_SLICE_005_build_labpc_gdrive_factory.py,R09_SLICE_005_build_labpc_gdrive_factory.py,.py,02_VERIFIED_CORE_HQ_NB_PY,5,current_package_member_or_evidence,RESOLUTION_OPTIMIZATION 파이프라인의 계산 실행/후보 생성. Pixel resolution and slice-count/spacing convergence factory; continuation-only
02_VERIFIED_CORE_HQ_NB_PY/03_RESUMABLE_PROJECT_SNAPSHOT/experiments/lab_001_xy_connection_20260626/scripts/R09_SLICE_005_build_labpc_usb_factory.py,R09_SLICE_005_build_labpc_usb_factory.py,.py,02_VERIFIED_CORE_HQ_NB_PY,5,current_package_member_or_evidence,RESOLUTION_OPTIMIZATION 파이프라인의 계산 실행/후보 생성. Pixel resolution and slice-count/spacing convergence factory; continuation-only
02_VERIFIED_CORE_HQ_NB_PY/03_RESUMABLE_PROJECT_SNAPSHOT/experiments/lab_001_xy_connection_20260626/scripts/R09_SLICE_005_labpc_collect.py,R09_SLICE_005_labpc_collect.py,.py,02_VERIFIED_CORE_HQ_NB_PY,5,current_package_member_or_evidence,RESOLUTION_OPTIMIZATION 파이프라인의 계산 지원/변환. Pixel resolution and slice-count/spacing convergence factory; continuation-only
02_VERIFIED_CORE_HQ_NB_PY/03_RESUMABLE_PROJECT_SNAPSHOT/experiments/lab_001_xy_connection_20260626/scripts/R09_SLICE_005_labpc_common.py,R09_SLICE_005_labpc_common.py,.py,02_VERIFIED_CORE_HQ_NB_PY,5,current_package_member_or_evidence,RESOLUTION_OPTIMIZATION 파이프라인의 계산 지원/변환. Pixel resolution and slice-count/spacing convergence factory; continuation-only
02_VERIFIED_CORE_HQ_NB_PY/03_RESUMABLE_PROJECT_SNAPSHOT/experiments/lab_001_xy_connection_20260626/scripts/R09_SLICE_005_labpc_doctor.py,R09_SLICE_005_labpc_doctor.py,.py,02_VERIFIED_CORE_HQ_NB_PY,5,current_package_member_or_evidence,RESOLUTION_OPTIMIZATION 파이프라인의 계산 지원/변환. Pixel resolution and slice-count/spacing convergence factory; continuation-only
02_VERIFIED_CORE_HQ_NB_PY/03_RESUMABLE_PROJECT_SNAPSHOT/experiments/lab_001_xy_connection_20260626/scripts/R09_SLICE_005_labpc_runner.py,R09_SLICE_005_labpc_runner.py,.py,02_VERIFIED_CORE_HQ_NB_PY,5,current_package_member_or_evidence,RESOLUTION_OPTIMIZATION 파이프라인의 계산 실행/후보 생성. Pixel resolution and slice-count/spacing convergence factory; continuation-only
02_VERIFIED_CORE_HQ_NB_PY/03_RESUMABLE_PROJECT_SNAPSHOT/experiments/lab_001_xy_connection_20260626/scripts/R09_SLICE_005_labpc_usb_prep_official_sync_QA.py,R09_SLICE_005_labpc_usb_prep_official_sync_QA.py,.py,02_VERIFIED_CORE_HQ_NB_PY,5,current_package_member_or_evidence,RESOLUTION_OPTIMIZATION 파이프라인의 계산 지원/변환. Pixel resolution and slice-count/spacing convergence factory; continuation-only
02_VERIFIED_CORE_HQ_NB_PY/03_RESUMABLE_PROJECT_SNAPSHOT/experiments/lab_001_xy_connection_20260626/scripts/R09_SLICE_005_labpc_verify.py,R09_SLICE_005_labpc_verify.py,.py,02_VERIFIED_CORE_HQ_NB_PY,5,current_package_member_or_evidence,RESOLUTION_OPTIMIZATION 파이프라인의 계산 지원/변환. Pixel resolution and slice-count/spacing convergence factory; continuation-only
02_VERIFIED_CORE_HQ_NB_PY/03_RESUMABLE_PROJECT_SNAPSHOT/experiments/lab_001_xy_connection_20260626/scripts/R09_SLICE_005_labpc_worker.py,R09_SLICE_005_labpc_worker.py,.py,02_VERIFIED_CORE_HQ_NB_PY,5,current_package_member_or_evidence,RESOLUTION_OPTIMIZATION 파이프라인의 계산 지원/변환. Pixel resolution and slice-count/spacing convergence factory; continuation-only
02_VERIFIED_CORE_HQ_NB_PY/03_RESUMABLE_PROJECT_SNAPSHOT/experiments/lab_001_xy_connection_20260626/scripts/R09_SLICE_005_official_sync_audit.py,R09_SLICE_005_official_sync_audit.py,.py,02_VERIFIED_CORE_HQ_NB_PY,5,current_package_member_or_evidence,RESOLUTION_OPTIMIZATION 파이프라인의 감사·진단·비교. Pixel resolution and slice-count/spacing convergence factory; continuation-only
02_VERIFIED_CORE_HQ_NB_PY/03_RESUMABLE_PROJECT_SNAPSHOT/experiments/lab_001_xy_connection_20260626/scripts/R09_SLICE_005_strict_convergence_control_review.py,R09_SLICE_005_strict_convergence_control_review.py,.py,02_VERIFIED_CORE_HQ_NB_PY,5,current_package_member_or_evidence,RESOLUTION_OPTIMIZATION 파이프라인의 감사·진단·비교. Pixel resolution and slice-count/spacing convergence factory; continuation-only
02_VERIFIED_CORE_HQ_NB_PY/03_RESUMABLE_PROJECT_SNAPSHOT/experiments/lab_001_xy_connection_20260626/scripts/R09_SLICE_005_strict_convergence_independent_QA.py,R09_SLICE_005_strict_convergence_independent_QA.py,.py,02_VERIFIED_CORE_HQ_NB_PY,5,current_package_member_or_evidence,RESOLUTION_OPTIMIZATION 파이프라인의 독립 QA/회귀검증. Pixel resolution and slice-count/spacing convergence factory; continuation-only
02_VERIFIED_CORE_HQ_NB_PY/03_RESUMABLE_PROJECT_SNAPSHOT/experiments/lab_001_xy_connection_20260626/scripts/R09_SLICE_005_strict_convergence_preregistration_noexec.py,R09_SLICE_005_strict_convergence_preregistration_noexec.py,.py,02_VERIFIED_CORE_HQ_NB_PY,5,current_package_member_or_evidence,RESOLUTION_OPTIMIZATION 파이프라인의 실행 계약·사전등록. Pixel resolution and slice-count/spacing convergence factory; continuation-only
02_VERIFIED_CORE_HQ_NB_PY/03_RESUMABLE_PROJECT_SNAPSHOT/experiments/lab_001_xy_connection_20260626/scripts/ROUTE_VALID_001_independent_qa.py,ROUTE_VALID_001_independent_qa.py,.py,02_VERIFIED_CORE_HQ_NB_PY,5,current_package_member_or_evidence,"IMPORTED_STL_AND_ROUTE_VALIDATION 파이프라인의 독립 QA/회귀검증. Imported-STL winding route, F1 stress tests and STEP/tessellation/STL comparison tools"
02_VERIFIED_CORE_HQ_NB_PY/03_RESUMABLE_PROJECT_SNAPSHOT/experiments/lab_001_xy_connection_20260626/scripts/ROUTE_VALID_001_source_eligibility_and_c1_three_route.py,ROUTE_VALID_001_source_eligibility_and_c1_three_route.py,.py,02_VERIFIED_CORE_HQ_NB_PY,5,current_package_member_or_evidence,"IMPORTED_STL_AND_ROUTE_VALIDATION 파이프라인의 계산 지원/변환. Imported-STL winding route, F1 stress tests and STEP/tessellation/STL comparison tools"
02_VERIFIED_CORE_HQ_NB_PY/03_RESUMABLE_PROJECT_SNAPSHOT/experiments/lab_001_xy_connection_20260626/scripts/ROUTE_VALID_002_b1_l7_cross_family_selected_slice.py,ROUTE_VALID_002_b1_l7_cross_family_selected_slice.py,.py,02_VERIFIED_CORE_HQ_NB_PY,5,current_package_member_or_evidence,"IMPORTED_STL_AND_ROUTE_VALIDATION 파이프라인의 계산 지원/변환. Imported-STL winding route, F1 stress tests and STEP/tessellation/STL comparison tools"
02_VERIFIED_CORE_HQ_NB_PY/03_RESUMABLE_PROJECT_SNAPSHOT/experiments/lab_001_xy_connection_20260626/scripts/ROUTE_VALID_002_independent_qa.py,ROUTE_VALID_002_independent_qa.py,.py,02_VERIFIED_CORE_HQ_NB_PY,5,current_package_member_or_evidence,"IMPORTED_STL_AND_ROUTE_VALIDATION 파이프라인의 독립 QA/회귀검증. Imported-STL winding route, F1 stress tests and STEP/tessellation/STL comparison tools"
02_VERIFIED_CORE_HQ_NB_PY/03_RESUMABLE_PROJECT_SNAPSHOT/experiments/lab_001_xy_connection_20260626/scripts/ROUTE_VALID_003_f1_step_reference_pixel_phase.py,ROUTE_VALID_003_f1_step_reference_pixel_phase.py,.py,02_VERIFIED_CORE_HQ_NB_PY,5,current_package_member_or_evidence,"IMPORTED_STL_AND_ROUTE_VALIDATION 파이프라인의 계산 지원/변환. Imported-STL winding route, F1 stress tests and STEP/tessellation/STL comparison tools"
02_VERIFIED_CORE_HQ_NB_PY/03_RESUMABLE_PROJECT_SNAPSHOT/experiments/lab_001_xy_connection_20260626/scripts/ROUTE_VALID_003_finalize.py,ROUTE_VALID_003_finalize.py,.py,02_VERIFIED_CORE_HQ_NB_PY,5,current_package_member_or_evidence,"IMPORTED_STL_AND_ROUTE_VALIDATION 파이프라인의 결과·manifest 봉인/동기화. Imported-STL winding route, F1 stress tests and STEP/tessellation/STL comparison tools"
02_VERIFIED_CORE_HQ_NB_PY/03_RESUMABLE_PROJECT_SNAPSHOT/experiments/lab_001_xy_connection_20260626/scripts/ROUTE_VALID_003_independent_qa.py,ROUTE_VALID_003_independent_qa.py,.py,02_VERIFIED_CORE_HQ_NB_PY,5,current_package_member_or_evidence,"IMPORTED_STL_AND_ROUTE_VALIDATION 파이프라인의 독립 QA/회귀검증. Imported-STL winding route, F1 stress tests and STEP/tessellation/STL comparison tools"
02_VERIFIED_CORE_HQ_NB_PY/03_RESUMABLE_PROJECT_SNAPSHOT/experiments/lab_001_xy_connection_20260626/scripts/ROUTE_VALID_003A_brep_curve_raster_adapter_probe.py,ROUTE_VALID_003A_brep_curve_raster_adapter_probe.py,.py,02_VERIFIED_CORE_HQ_NB_PY,5,current_package_member_or_evidence,"IMPORTED_STL_AND_ROUTE_VALIDATION 파이프라인의 감사·진단·비교. Imported-STL winding route, F1 stress tests and STEP/tessellation/STL comparison tools"
02_VERIFIED_CORE_HQ_NB_PY/03_RESUMABLE_PROJECT_SNAPSHOT/experiments/lab_001_xy_connection_20260626/scripts/ROUTE_VALID_003A_f1_z400_targeted_attribution_replay.py,ROUTE_VALID_003A_f1_z400_targeted_attribution_replay.py,.py,02_VERIFIED_CORE_HQ_NB_PY,5,current_package_member_or_evidence,"IMPORTED_STL_AND_ROUTE_VALIDATION 파이프라인의 계산 지원/변환. Imported-STL winding route, F1 stress tests and STEP/tessellation/STL comparison tools"
02_VERIFIED_CORE_HQ_NB_PY/03_RESUMABLE_PROJECT_SNAPSHOT/experiments/lab_001_xy_connection_20260626/scripts/ROUTE_VALID_003A_finalize.py,ROUTE_VALID_003A_finalize.py,.py,02_VERIFIED_CORE_HQ_NB_PY,5,current_package_member_or_evidence,"IMPORTED_STL_AND_ROUTE_VALIDATION 파이프라인의 결과·manifest 봉인/동기화. Imported-STL winding route, F1 stress tests and STEP/tessellation/STL comparison tools"
02_VERIFIED_CORE_HQ_NB_PY/03_RESUMABLE_PROJECT_SNAPSHOT/experiments/lab_001_xy_connection_20260626/scripts/ROUTE_VALID_003A_independent_qa.py,ROUTE_VALID_003A_independent_qa.py,.py,02_VERIFIED_CORE_HQ_NB_PY,5,current_package_member_or_evidence,"IMPORTED_STL_AND_ROUTE_VALIDATION 파이프라인의 독립 QA/회귀검증. Imported-STL winding route, F1 stress tests and STEP/tessellation/STL comparison tools"
02_VERIFIED_CORE_HQ_NB_PY/03_RESUMABLE_PROJECT_SNAPSHOT/experiments/lab_001_xy_connection_20260626/scripts/ROUTE_VALID_004_independent_policy_qa.py,ROUTE_VALID_004_independent_policy_qa.py,.py,02_VERIFIED_CORE_HQ_NB_PY,5,current_package_member_or_evidence,"IMPORTED_STL_AND_ROUTE_VALIDATION 파이프라인의 계산 지원/변환. Imported-STL winding route, F1 stress tests and STEP/tessellation/STL comparison tools"
02_VERIFIED_CORE_HQ_NB_PY/03_RESUMABLE_PROJECT_SNAPSHOT/experiments/lab_001_xy_connection_20260626/scripts/ROUTE_VALID_004_route_policy_and_nb_integration_gate.py,ROUTE_VALID_004_route_policy_and_nb_integration_gate.py,.py,02_VERIFIED_CORE_HQ_NB_PY,5,current_package_member_or_evidence,"IMPORTED_STL_AND_ROUTE_VALIDATION 파이프라인의 계산 지원/변환. Imported-STL winding route, F1 stress tests and STEP/tessellation/STL comparison tools"
02_VERIFIED_CORE_HQ_NB_PY/03_RESUMABLE_PROJECT_SNAPSHOT/experiments/lab_001_xy_connection_20260626/scripts/STRICT_GEOM_006_phase_a_face_rasterizer_fixtures.py,STRICT_GEOM_006_phase_a_face_rasterizer_fixtures.py,.py,02_VERIFIED_CORE_HQ_NB_PY,5,current_package_member_or_evidence,DIRECT_STEP_C1 파이프라인의 계산 지원/변환. Original STEP B-rep slicing and direct LEGACY-PY 40-scalar reproduction for C1
02_VERIFIED_CORE_HQ_NB_PY/03_RESUMABLE_PROJECT_SNAPSHOT/experiments/lab_001_xy_connection_20260626/scripts/STRICT_STEP_007_overlay_trace_execution.py,STRICT_STEP_007_overlay_trace_execution.py,.py,02_VERIFIED_CORE_HQ_NB_PY,5,current_package_member_or_evidence,DIRECT_STEP_C1 파이프라인의 계산 실행/후보 생성. Original STEP B-rep slicing and direct LEGACY-PY 40-scalar reproduction for C1
02_VERIFIED_CORE_HQ_NB_PY/03_RESUMABLE_PROJECT_SNAPSHOT/experiments/lab_001_xy_connection_20260626/scripts/STRICT_STEP_021_b3_route_a_z801_raw_primitives.py,STRICT_STEP_021_b3_route_a_z801_raw_primitives.py,.py,02_VERIFIED_CORE_HQ_NB_PY,5,current_package_member_or_evidence,DIRECT_STEP_C1 파이프라인의 계산 지원/변환. Original STEP B-rep slicing and direct LEGACY-PY 40-scalar reproduction for C1
02_VERIFIED_CORE_HQ_NB_PY/03_RESUMABLE_PROJECT_SNAPSHOT/experiments/lab_001_xy_connection_20260626/scripts/STRICT_STEP_026_c1_direct_legacy_py_xonly.py,STRICT_STEP_026_c1_direct_legacy_py_xonly.py,.py,02_VERIFIED_CORE_HQ_NB_PY,5,current_package_member_or_evidence,DIRECT_STEP_C1 파이프라인의 계산 실행/후보 생성. Original STEP B-rep slicing and direct LEGACY-PY 40-scalar reproduction for C1
02_VERIFIED_CORE_HQ_NB_PY/03_RESUMABLE_PROJECT_SNAPSHOT/experiments/lab_001_xy_connection_20260626/scripts/STRICT_STEP_026_c1_independent_qa.py,STRICT_STEP_026_c1_independent_qa.py,.py,02_VERIFIED_CORE_HQ_NB_PY,5,current_package_member_or_evidence,DIRECT_STEP_C1 파이프라인의 독립 QA/회귀검증. Original STEP B-rep slicing and direct LEGACY-PY 40-scalar reproduction for C1
02_VERIFIED_CORE_HQ_NB_PY/03_RESUMABLE_PROJECT_SNAPSHOT/experiments/lab_001_xy_connection_20260626/scripts/test_NB_INTEGRATE_001_route_policy.py,test_NB_INTEGRATE_001_route_policy.py,.py,02_VERIFIED_CORE_HQ_NB_PY,5,current_package_member_or_evidence,IMPORT_CONTROLLER_INTEGRATION 파이프라인의 독립 QA/회귀검증. Fail-closed source/route controller integration and its regression QA
02_VERIFIED_CORE_HQ_NB_PY/03_RESUMABLE_PROJECT_SNAPSHOT/experiments/lab_001_xy_connection_20260626/scripts/TOUR_C001_T4R_SLICE_001_t8_t9_legacy_detail_convergence.py,TOUR_C001_T4R_SLICE_001_t8_t9_legacy_detail_convergence.py,.py,02_VERIFIED_CORE_HQ_NB_PY,5,current_package_member_or_evidence,SLICE004_AND_XREG 파이프라인의 계산 지원/변환. 58-model raw-table extraction plus no-y descriptor candidate/XREG construction and QA
02_VERIFIED_CORE_HQ_NB_PY/03_RESUMABLE_PROJECT_SNAPSHOT/experiments/lab_001_xy_connection_20260626/scripts/TOUR_C001_T4R_SLICE_003A_matched_source_five_model_audit.py,TOUR_C001_T4R_SLICE_003A_matched_source_five_model_audit.py,.py,02_VERIFIED_CORE_HQ_NB_PY,5,current_package_member_or_evidence,SLICE004_AND_XREG 파이프라인의 감사·진단·비교. 58-model raw-table extraction plus no-y descriptor candidate/XREG construction and QA
02_VERIFIED_CORE_HQ_NB_PY/03_RESUMABLE_PROJECT_SNAPSHOT/experiments/lab_001_xy_connection_20260626/scripts/TOUR_C001_T4R_SLICE_004_all58_source_matched_exact_extraction.py,TOUR_C001_T4R_SLICE_004_all58_source_matched_exact_extraction.py,.py,02_VERIFIED_CORE_HQ_NB_PY,5,current_package_member_or_evidence,SLICE004_AND_XREG 파이프라인의 계산 지원/변환. 58-model raw-table extraction plus no-y descriptor candidate/XREG construction and QA
02_VERIFIED_CORE_HQ_NB_PY/03_RESUMABLE_PROJECT_SNAPSHOT/experiments/lab_001_xy_connection_20260626/scripts/TOUR_C001_T4R_SLICE_004_independent_QA_and_manifest.py,TOUR_C001_T4R_SLICE_004_independent_QA_and_manifest.py,.py,02_VERIFIED_CORE_HQ_NB_PY,5,current_package_member_or_evidence,scripts 입력·출력·경로·SHA-256을 고정한 manifest
02_VERIFIED_CORE_HQ_NB_PY/03_RESUMABLE_PROJECT_SNAPSHOT/outputs/IMSTL008/IMSTL-008-20260728-002/HQ-d7324dbb123f_20260728_212157_198620/descriptor/qa.json,qa.json,.json,02_VERIFIED_CORE_HQ_NB_PY,7,current_package_member_or_evidence,descriptor 결과의 독립 재검사·무결성·계약 통과 여부를 기록한 QA 파일
02_VERIFIED_CORE_HQ_NB_PY/03_RESUMABLE_PROJECT_SNAPSHOT/outputs/IMSTL008/IMSTL-008-20260728-002/HQ-d7324dbb123f_20260728_212157_198620/descriptor/tables/overlay_component_table.csv,overlay_component_table.csv,.csv,02_VERIFIED_CORE_HQ_NB_PY,8,current_package_member_or_evidence,tables 폴더의 계산값·registry·manifest·QA 표
02_VERIFIED_CORE_HQ_NB_PY/03_RESUMABLE_PROJECT_SNAPSHOT/outputs/IMSTL008/IMSTL-008-20260728-002/HQ-d7324dbb123f_20260728_212157_198620/descriptor/tables/overlay_pixel_table.csv,overlay_pixel_table.csv,.csv,02_VERIFIED_CORE_HQ_NB_PY,8,current_package_member_or_evidence,tables 폴더의 계산값·registry·manifest·QA 표
02_VERIFIED_CORE_HQ_NB_PY/03_RESUMABLE_PROJECT_SNAPSHOT/outputs/IMSTL008/IMSTL-008-20260728-002/HQ-d7324dbb123f_20260728_212157_198620/descriptor/tables/slice_component_table.csv,slice_component_table.csv,.csv,02_VERIFIED_CORE_HQ_NB_PY,8,current_package_member_or_evidence,tables 폴더의 계산값·registry·manifest·QA 표
02_VERIFIED_CORE_HQ_NB_PY/03_RESUMABLE_PROJECT_SNAPSHOT/outputs/IMSTL008/IMSTL-008-20260728-002/HQ-d7324dbb123f_20260728_212157_198620/descriptor/tables/slice_pixel_count_table.csv,slice_pixel_count_table.csv,.csv,02_VERIFIED_CORE_HQ_NB_PY,8,current_package_member_or_evidence,tables 폴더의 계산값·registry·manifest·QA 표
02_VERIFIED_CORE_HQ_NB_PY/03_RESUMABLE_PROJECT_SNAPSHOT/outputs/IMSTL008/IMSTL-008-20260728-002/HQ-d7324dbb123f_20260728_212157_198620/descriptor_result.csv,descriptor_result.csv,.csv,02_VERIFIED_CORE_HQ_NB_PY,6,current_package_member_or_evidence,HQ-d7324dbb123f_20260728_212157_198620 폴더의 계산값·registry·manifest·QA 표
02_VERIFIED_CORE_HQ_NB_PY/03_RESUMABLE_PROJECT_SNAPSHOT/outputs/IMSTL008/IMSTL-008-20260728-002/HQ-d7324dbb123f_20260728_212157_198620/descriptor_result.xlsx,descriptor_result.xlsx,.xlsx,02_VERIFIED_CORE_HQ_NB_PY,6,current_package_member_or_evidence,HQ-d7324dbb123f_20260728_212157_198620 폴더의 Excel 입력·원장·결과 workbook
02_VERIFIED_CORE_HQ_NB_PY/03_RESUMABLE_PROJECT_SNAPSHOT/outputs/IMSTL008/IMSTL-008-20260728-002/HQ-d7324dbb123f_20260728_212157_198620/frozen_run_config.json,frozen_run_config.json,.json,02_VERIFIED_CORE_HQ_NB_PY,6,current_package_member_or_evidence,HQ-d7324dbb123f_20260728_212157_198620 실행 조건을 재현하기 위한 frozen configuration
02_VERIFIED_CORE_HQ_NB_PY/03_RESUMABLE_PROJECT_SNAPSHOT/outputs/IMSTL008/IMSTL-008-20260728-002/HQ-d7324dbb123f_20260728_212157_198620/geometry_preflight.json,geometry_preflight.json,.json,02_VERIFIED_CORE_HQ_NB_PY,6,current_package_member_or_evidence,HQ-d7324dbb123f_20260728_212157_198620 폴더의 설정·manifest·상태·QA 기계 판독 파일
02_VERIFIED_CORE_HQ_NB_PY/03_RESUMABLE_PROJECT_SNAPSHOT/outputs/IMSTL008/IMSTL-008-20260728-002/HQ-d7324dbb123f_20260728_212157_198620/input_geometry_manifest.json,input_geometry_manifest.json,.json,02_VERIFIED_CORE_HQ_NB_PY,6,current_package_member_or_evidence,HQ-d7324dbb123f_20260728_212157_198620 입력·출력·경로·SHA-256을 고정한 manifest
02_VERIFIED_CORE_HQ_NB_PY/03_RESUMABLE_PROJECT_SNAPSHOT/outputs/IMSTL008/IMSTL-008-20260728-002/HQ-d7324dbb123f_20260728_212157_198620/output_manifest.csv,output_manifest.csv,.csv,02_VERIFIED_CORE_HQ_NB_PY,6,current_package_member_or_evidence,HQ-d7324dbb123f_20260728_212157_198620 입력·출력·경로·SHA-256을 고정한 manifest
02_VERIFIED_CORE_HQ_NB_PY/03_RESUMABLE_PROJECT_SNAPSHOT/outputs/IMSTL008/IMSTL-008-20260728-002/HQ-d7324dbb123f_20260728_212157_198620/run_manifest.json,run_manifest.json,.json,02_VERIFIED_CORE_HQ_NB_PY,6,current_package_member_or_evidence,HQ-d7324dbb123f_20260728_212157_198620 입력·출력·경로·SHA-256을 고정한 manifest
02_VERIFIED_CORE_HQ_NB_PY/03_RESUMABLE_PROJECT_SNAPSHOT/outputs/IMSTL008/IMSTL-008-20260728-002/HQ-d7324dbb123f_20260728_212157_198620/run_status.json,run_status.json,.json,02_VERIFIED_CORE_HQ_NB_PY,6,current_package_member_or_evidence,HQ-d7324dbb123f_20260728_212157_198620 폴더의 설정·manifest·상태·QA 기계 판독 파일
02_VERIFIED_CORE_HQ_NB_PY/03_RESUMABLE_PROJECT_SNAPSHOT/outputs/IMSTL008/IMSTL-008-20260728-002/HQ-d7324dbb123f_20260728_212157_198620/training_required_input_schema.json,training_required_input_schema.json,.json,02_VERIFIED_CORE_HQ_NB_PY,6,current_package_member_or_evidence,HQ-d7324dbb123f_20260728_212157_198620 폴더의 설정·manifest·상태·QA 기계 판독 파일
02_VERIFIED_CORE_HQ_NB_PY/03_RESUMABLE_PROJECT_SNAPSHOT/outputs/IMSTL008/IMSTL-008-20260728-002/HQ-d7324dbb123f_20260728_212157_198620/x_only_readiness.json,x_only_readiness.json,.json,02_VERIFIED_CORE_HQ_NB_PY,6,current_package_member_or_evidence,HQ-d7324dbb123f_20260728_212157_198620 폴더의 설정·manifest·상태·QA 기계 판독 파일
02_VERIFIED_CORE_HQ_NB_PY/03_RESUMABLE_PROJECT_SNAPSHOT/outputs/URP4-1/2._Parameter_result_0727.py,2._Parameter_result_0727.py,.py,02_VERIFIED_CORE_HQ_NB_PY,4,current_package_member_or_evidence,"프로젝트 작업의 protected_asset, python_source 근거 파일"
02_VERIFIED_CORE_HQ_NB_PY/03_RESUMABLE_PROJECT_SNAPSHOT/outputs/URP4-1/3._parameter_angle_all_0727.py,3._parameter_angle_all_0727.py,.py,02_VERIFIED_CORE_HQ_NB_PY,4,current_package_member_or_evidence,"프로젝트 작업의 protected_asset, python_source 근거 파일"
02_VERIFIED_CORE_HQ_NB_PY/03_RESUMABLE_PROJECT_SNAPSHOT/outputs/URP4-1/압축+열+진동+구조인자_260212.xlsx,압축+열+진동+구조인자_260212.xlsx,.xlsx,02_VERIFIED_CORE_HQ_NB_PY,4,current_package_member_or_evidence,프로젝트 작업의 protected_asset 근거 파일
02_VERIFIED_CORE_HQ_NB_PY/03_RESUMABLE_PROJECT_SNAPSHOT/RAW_SLICE_TABLE_MANIFEST.csv,RAW_SLICE_TABLE_MANIFEST.csv,.csv,02_VERIFIED_CORE_HQ_NB_PY,2,current_package_member_or_evidence,03_RESUMABLE_PROJECT_SNAPSHOT 입력·출력·경로·SHA-256을 고정한 manifest
02_VERIFIED_CORE_HQ_NB_PY/03_RESUMABLE_PROJECT_SNAPSHOT/RAW_SLICE_TABLES_XREG_V2_7.zip,RAW_SLICE_TABLES_XREG_V2_7.zip,.zip,02_VERIFIED_CORE_HQ_NB_PY,2,current_package_member_or_evidence,03_RESUMABLE_PROJECT_SNAPSHOT 폴더의 무결성 검증된 묶음 자산
02_VERIFIED_CORE_HQ_NB_PY/03_RESUMABLE_PROJECT_SNAPSHOT/README_HQ_ENGINE.md,README_HQ_ENGINE.md,.md,02_VERIFIED_CORE_HQ_NB_PY,2,current_package_member_or_evidence,03_RESUMABLE_PROJECT_SNAPSHOT 폴더의 설명·보고·계약·의사결정 문서
02_VERIFIED_CORE_HQ_NB_PY/03_RESUMABLE_PROJECT_SNAPSHOT/RESUME_RUNBOOK.md,RESUME_RUNBOOK.md,.md,02_VERIFIED_CORE_HQ_NB_PY,2,current_package_member_or_evidence,후속 담당자가 기존 결과를 덮어쓰지 않고 계산을 재개하는 절차
02_VERIFIED_CORE_HQ_NB_PY/03_RESUMABLE_PROJECT_SNAPSHOT/URP4-1_DELIVERABLE/urp4/__init__.py,__init__.py,.py,02_VERIFIED_CORE_HQ_NB_PY,4,current_package_member_or_evidence,프로젝트 작업의 python_source 근거 파일
02_VERIFIED_CORE_HQ_NB_PY/03_RESUMABLE_PROJECT_SNAPSHOT/URP4-1_DELIVERABLE/urp4/contracts/__init__.py,__init__.py,.py,02_VERIFIED_CORE_HQ_NB_PY,5,current_package_member_or_evidence,프로젝트 작업의 python_source 근거 파일
02_VERIFIED_CORE_HQ_NB_PY/03_RESUMABLE_PROJECT_SNAPSHOT/URP4-1_DELIVERABLE/urp4/contracts/v0_1/__init__.py,__init__.py,.py,02_VERIFIED_CORE_HQ_NB_PY,6,current_package_member_or_evidence,프로젝트 작업의 python_source 근거 파일
02_VERIFIED_CORE_HQ_NB_PY/03_RESUMABLE_PROJECT_SNAPSHOT/URP4-1_DELIVERABLE/urp4/contracts/v0_1/canonical.py,canonical.py,.py,02_VERIFIED_CORE_HQ_NB_PY,6,current_package_member_or_evidence,프로젝트 작업의 python_source 근거 파일
02_VERIFIED_CORE_HQ_NB_PY/03_RESUMABLE_PROJECT_SNAPSHOT/URP4-1_DELIVERABLE/urp4/contracts/v0_1/ids.py,ids.py,.py,02_VERIFIED_CORE_HQ_NB_PY,6,current_package_member_or_evidence,프로젝트 작업의 python_source 근거 파일
02_VERIFIED_CORE_HQ_NB_PY/03_RESUMABLE_PROJECT_SNAPSHOT/URP4-1_DELIVERABLE/urp4/contracts/v0_1/models.py,models.py,.py,02_VERIFIED_CORE_HQ_NB_PY,6,current_package_member_or_evidence,프로젝트 작업의 python_source 근거 파일
02_VERIFIED_CORE_HQ_NB_PY/03_RESUMABLE_PROJECT_SNAPSHOT/URP4-1_DELIVERABLE/urp4/contracts/v0_1/README.md,README.md,.md,02_VERIFIED_CORE_HQ_NB_PY,6,current_package_member_or_evidence,v0_1 폴더의 설명·보고·계약·의사결정 문서
02_VERIFIED_CORE_HQ_NB_PY/03_RESUMABLE_PROJECT_SNAPSHOT/URP4-1_DELIVERABLE/urp4/contracts/v0_1/schemas/urp4_contracts_v0_1.schema.json,urp4_contracts_v0_1.schema.json,.json,02_VERIFIED_CORE_HQ_NB_PY,7,current_package_member_or_evidence,schemas 폴더의 설정·manifest·상태·QA 기계 판독 파일
02_VERIFIED_CORE_HQ_NB_PY/03_RESUMABLE_PROJECT_SNAPSHOT/URP4-1_DELIVERABLE/urp4/contracts/v0_1/validation.py,validation.py,.py,02_VERIFIED_CORE_HQ_NB_PY,6,current_package_member_or_evidence,프로젝트 작업의 python_source 근거 파일
02_VERIFIED_CORE_HQ_NB_PY/03_RESUMABLE_PROJECT_SNAPSHOT/URP4-1_DELIVERABLE/urp4/descriptor_service/__init__.py,__init__.py,.py,02_VERIFIED_CORE_HQ_NB_PY,5,current_package_member_or_evidence,프로젝트 작업의 python_source 근거 파일
02_VERIFIED_CORE_HQ_NB_PY/03_RESUMABLE_PROJECT_SNAPSHOT/URP4-1_DELIVERABLE/urp4/descriptor_service/v0_1/__init__.py,__init__.py,.py,02_VERIFIED_CORE_HQ_NB_PY,6,current_package_member_or_evidence,프로젝트 작업의 python_source 근거 파일
02_VERIFIED_CORE_HQ_NB_PY/03_RESUMABLE_PROJECT_SNAPSHOT/URP4-1_DELIVERABLE/urp4/descriptor_service/v0_1/component.py,component.py,.py,02_VERIFIED_CORE_HQ_NB_PY,6,current_package_member_or_evidence,프로젝트 작업의 python_source 근거 파일
02_VERIFIED_CORE_HQ_NB_PY/03_RESUMABLE_PROJECT_SNAPSHOT/URP4-1_DELIVERABLE/urp4/descriptor_service/v0_1/config.py,config.py,.py,02_VERIFIED_CORE_HQ_NB_PY,6,current_package_member_or_evidence,프로젝트 작업의 python_source 근거 파일
02_VERIFIED_CORE_HQ_NB_PY/03_RESUMABLE_PROJECT_SNAPSHOT/URP4-1_DELIVERABLE/urp4/descriptor_service/v0_1/contracts.py,contracts.py,.py,02_VERIFIED_CORE_HQ_NB_PY,6,current_package_member_or_evidence,프로젝트 작업의 python_source 근거 파일
02_VERIFIED_CORE_HQ_NB_PY/03_RESUMABLE_PROJECT_SNAPSHOT/URP4-1_DELIVERABLE/urp4/descriptor_service/v0_1/formula.py,formula.py,.py,02_VERIFIED_CORE_HQ_NB_PY,6,current_package_member_or_evidence,프로젝트 작업의 python_source 근거 파일
02_VERIFIED_CORE_HQ_NB_PY/03_RESUMABLE_PROJECT_SNAPSHOT/URP4-1_DELIVERABLE/urp4/descriptor_service/v0_1/geometry.py,geometry.py,.py,02_VERIFIED_CORE_HQ_NB_PY,6,current_package_member_or_evidence,프로젝트 작업의 python_source 근거 파일
02_VERIFIED_CORE_HQ_NB_PY/03_RESUMABLE_PROJECT_SNAPSHOT/URP4-1_DELIVERABLE/urp4/descriptor_service/v0_1/models.py,models.py,.py,02_VERIFIED_CORE_HQ_NB_PY,6,current_package_member_or_evidence,프로젝트 작업의 python_source 근거 파일
02_VERIFIED_CORE_HQ_NB_PY/03_RESUMABLE_PROJECT_SNAPSHOT/URP4-1_DELIVERABLE/urp4/descriptor_service/v0_1/pipeline.py,pipeline.py,.py,02_VERIFIED_CORE_HQ_NB_PY,6,current_package_member_or_evidence,프로젝트 작업의 python_source 근거 파일
02_VERIFIED_CORE_HQ_NB_PY/03_RESUMABLE_PROJECT_SNAPSHOT/URP4-1_DELIVERABLE/urp4/descriptor_service/v0_1/pixel.py,pixel.py,.py,02_VERIFIED_CORE_HQ_NB_PY,6,current_package_member_or_evidence,프로젝트 작업의 python_source 근거 파일
02_VERIFIED_CORE_HQ_NB_PY/03_RESUMABLE_PROJECT_SNAPSHOT/URP4-1_DELIVERABLE/urp4/descriptor_service/v0_1/population.py,population.py,.py,02_VERIFIED_CORE_HQ_NB_PY,6,current_package_member_or_evidence,프로젝트 작업의 python_source 근거 파일
02_VERIFIED_CORE_HQ_NB_PY/03_RESUMABLE_PROJECT_SNAPSHOT/URP4-1_DELIVERABLE/urp4/descriptor_service/v0_1/qa.py,qa.py,.py,02_VERIFIED_CORE_HQ_NB_PY,6,current_package_member_or_evidence,프로젝트 작업의 python_source 근거 파일
02_VERIFIED_CORE_HQ_NB_PY/03_RESUMABLE_PROJECT_SNAPSHOT/URP4-1_DELIVERABLE/urp4/descriptor_service/v0_1/run139.py,run139.py,.py,02_VERIFIED_CORE_HQ_NB_PY,6,current_package_member_or_evidence,프로젝트 작업의 python_source 근거 파일
02_VERIFIED_CORE_HQ_NB_PY/03_RESUMABLE_PROJECT_SNAPSHOT/URP4-1_DELIVERABLE/urp4/descriptor_service/v0_1/service.py,service.py,.py,02_VERIFIED_CORE_HQ_NB_PY,6,current_package_member_or_evidence,프로젝트 작업의 python_source 근거 파일
02_VERIFIED_CORE_HQ_NB_PY/03_RESUMABLE_PROJECT_SNAPSHOT/URP4-1_DELIVERABLE/urp4/descriptor_service/v0_1/slicing.py,slicing.py,.py,02_VERIFIED_CORE_HQ_NB_PY,6,current_package_member_or_evidence,프로젝트 작업의 python_source 근거 파일
02_VERIFIED_CORE_HQ_NB_PY/03_RESUMABLE_PROJECT_SNAPSHOT/URP4-1_DELIVERABLE/urp4/generators/__init__.py,__init__.py,.py,02_VERIFIED_CORE_HQ_NB_PY,5,current_package_member_or_evidence,프로젝트 작업의 python_source 근거 파일
02_VERIFIED_CORE_HQ_NB_PY/03_RESUMABLE_PROJECT_SNAPSHOT/URP4-1_DELIVERABLE/urp4/generators/lattice_typeab/__init__.py,__init__.py,.py,02_VERIFIED_CORE_HQ_NB_PY,6,current_package_member_or_evidence,프로젝트 작업의 python_source 근거 파일
02_VERIFIED_CORE_HQ_NB_PY/03_RESUMABLE_PROJECT_SNAPSHOT/URP4-1_DELIVERABLE/urp4/generators/lattice_typeab/v0_1/__init__.py,__init__.py,.py,02_VERIFIED_CORE_HQ_NB_PY,7,current_package_member_or_evidence,프로젝트 작업의 python_source 근거 파일
02_VERIFIED_CORE_HQ_NB_PY/03_RESUMABLE_PROJECT_SNAPSHOT/URP4-1_DELIVERABLE/urp4/generators/lattice_typeab/v0_1/contracts.py,contracts.py,.py,02_VERIFIED_CORE_HQ_NB_PY,7,current_package_member_or_evidence,프로젝트 작업의 python_source 근거 파일
02_VERIFIED_CORE_HQ_NB_PY/03_RESUMABLE_PROJECT_SNAPSHOT/URP4-1_DELIVERABLE/urp4/generators/lattice_typeab/v0_1/descriptors.py,descriptors.py,.py,02_VERIFIED_CORE_HQ_NB_PY,7,current_package_member_or_evidence,프로젝트 작업의 python_source 근거 파일
02_VERIFIED_CORE_HQ_NB_PY/03_RESUMABLE_PROJECT_SNAPSHOT/URP4-1_DELIVERABLE/urp4/generators/lattice_typeab/v0_1/exporters.py,exporters.py,.py,02_VERIFIED_CORE_HQ_NB_PY,7,current_package_member_or_evidence,프로젝트 작업의 python_source 근거 파일
02_VERIFIED_CORE_HQ_NB_PY/03_RESUMABLE_PROJECT_SNAPSHOT/URP4-1_DELIVERABLE/urp4/generators/lattice_typeab/v0_1/graph.py,graph.py,.py,02_VERIFIED_CORE_HQ_NB_PY,7,current_package_member_or_evidence,프로젝트 작업의 python_source 근거 파일
02_VERIFIED_CORE_HQ_NB_PY/03_RESUMABLE_PROJECT_SNAPSHOT/URP4-1_DELIVERABLE/urp4/generators/lattice_typeab/v0_1/models.py,models.py,.py,02_VERIFIED_CORE_HQ_NB_PY,7,current_package_member_or_evidence,프로젝트 작업의 python_source 근거 파일
02_VERIFIED_CORE_HQ_NB_PY/03_RESUMABLE_PROJECT_SNAPSHOT/URP4-1_DELIVERABLE/urp4/generators/lattice_typeab/v0_1/plugin.py,plugin.py,.py,02_VERIFIED_CORE_HQ_NB_PY,7,current_package_member_or_evidence,프로젝트 작업의 python_source 근거 파일
02_VERIFIED_CORE_HQ_NB_PY/03_RESUMABLE_PROJECT_SNAPSHOT/URP4-1_DELIVERABLE/urp4/generators/lattice_typeab/v0_1/type_b.py,type_b.py,.py,02_VERIFIED_CORE_HQ_NB_PY,7,current_package_member_or_evidence,프로젝트 작업의 python_source 근거 파일
02_VERIFIED_CORE_HQ_NB_PY/03_RESUMABLE_PROJECT_SNAPSHOT/URP4-1_DELIVERABLE/urp4/generators/tpms_multiwall/__init__.py,__init__.py,.py,02_VERIFIED_CORE_HQ_NB_PY,6,current_package_member_or_evidence,프로젝트 작업의 python_source 근거 파일
02_VERIFIED_CORE_HQ_NB_PY/03_RESUMABLE_PROJECT_SNAPSHOT/URP4-1_DELIVERABLE/urp4/generators/tpms_multiwall/v0_1/__init__.py,__init__.py,.py,02_VERIFIED_CORE_HQ_NB_PY,7,current_package_member_or_evidence,프로젝트 작업의 python_source 근거 파일
02_VERIFIED_CORE_HQ_NB_PY/03_RESUMABLE_PROJECT_SNAPSHOT/URP4-1_DELIVERABLE/urp4/generators/tpms_multiwall/v0_1/contracts.py,contracts.py,.py,02_VERIFIED_CORE_HQ_NB_PY,7,current_package_member_or_evidence,프로젝트 작업의 python_source 근거 파일
02_VERIFIED_CORE_HQ_NB_PY/03_RESUMABLE_PROJECT_SNAPSHOT/URP4-1_DELIVERABLE/urp4/generators/tpms_multiwall/v0_1/exporters.py,exporters.py,.py,02_VERIFIED_CORE_HQ_NB_PY,7,current_package_member_or_evidence,프로젝트 작업의 python_source 근거 파일
02_VERIFIED_CORE_HQ_NB_PY/03_RESUMABLE_PROJECT_SNAPSHOT/URP4-1_DELIVERABLE/urp4/generators/tpms_multiwall/v0_1/fields.py,fields.py,.py,02_VERIFIED_CORE_HQ_NB_PY,7,current_package_member_or_evidence,프로젝트 작업의 python_source 근거 파일
02_VERIFIED_CORE_HQ_NB_PY/03_RESUMABLE_PROJECT_SNAPSHOT/URP4-1_DELIVERABLE/urp4/generators/tpms_multiwall/v0_1/masking.py,masking.py,.py,02_VERIFIED_CORE_HQ_NB_PY,7,current_package_member_or_evidence,프로젝트 작업의 python_source 근거 파일
02_VERIFIED_CORE_HQ_NB_PY/03_RESUMABLE_PROJECT_SNAPSHOT/URP4-1_DELIVERABLE/urp4/generators/tpms_multiwall/v0_1/models.py,models.py,.py,02_VERIFIED_CORE_HQ_NB_PY,7,current_package_member_or_evidence,프로젝트 작업의 python_source 근거 파일
02_VERIFIED_CORE_HQ_NB_PY/03_RESUMABLE_PROJECT_SNAPSHOT/URP4-1_DELIVERABLE/urp4/generators/tpms_multiwall/v0_1/plugin.py,plugin.py,.py,02_VERIFIED_CORE_HQ_NB_PY,7,current_package_member_or_evidence,프로젝트 작업의 python_source 근거 파일
02_VERIFIED_CORE_HQ_NB_PY/03_RESUMABLE_PROJECT_SNAPSHOT/URP4-1_DELIVERABLE/urp4/generators/tpms_multiwall/v0_1/registry.py,registry.py,.py,02_VERIFIED_CORE_HQ_NB_PY,7,current_package_member_or_evidence,프로젝트 작업의 python_source 근거 파일
02_VERIFIED_CORE_HQ_NB_PY/03_RESUMABLE_PROJECT_SNAPSHOT/URP4-1_DELIVERABLE/urp4/generators/voxel/__init__.py,__init__.py,.py,02_VERIFIED_CORE_HQ_NB_PY,6,current_package_member_or_evidence,프로젝트 작업의 python_source 근거 파일
02_VERIFIED_CORE_HQ_NB_PY/03_RESUMABLE_PROJECT_SNAPSHOT/URP4-1_DELIVERABLE/urp4/generators/voxel/v0_1/__init__.py,__init__.py,.py,02_VERIFIED_CORE_HQ_NB_PY,7,current_package_member_or_evidence,프로젝트 작업의 python_source 근거 파일
02_VERIFIED_CORE_HQ_NB_PY/03_RESUMABLE_PROJECT_SNAPSHOT/URP4-1_DELIVERABLE/urp4/generators/voxel/v0_1/contracts.py,contracts.py,.py,02_VERIFIED_CORE_HQ_NB_PY,7,current_package_member_or_evidence,프로젝트 작업의 python_source 근거 파일
02_VERIFIED_CORE_HQ_NB_PY/03_RESUMABLE_PROJECT_SNAPSHOT/URP4-1_DELIVERABLE/urp4/generators/voxel/v0_1/exporters.py,exporters.py,.py,02_VERIFIED_CORE_HQ_NB_PY,7,current_package_member_or_evidence,프로젝트 작업의 python_source 근거 파일
02_VERIFIED_CORE_HQ_NB_PY/03_RESUMABLE_PROJECT_SNAPSHOT/URP4-1_DELIVERABLE/urp4/generators/voxel/v0_1/kernel.py,kernel.py,.py,02_VERIFIED_CORE_HQ_NB_PY,7,current_package_member_or_evidence,프로젝트 작업의 python_source 근거 파일
02_VERIFIED_CORE_HQ_NB_PY/03_RESUMABLE_PROJECT_SNAPSHOT/URP4-1_DELIVERABLE/urp4/generators/voxel/v0_1/models.py,models.py,.py,02_VERIFIED_CORE_HQ_NB_PY,7,current_package_member_or_evidence,프로젝트 작업의 python_source 근거 파일
02_VERIFIED_CORE_HQ_NB_PY/03_RESUMABLE_PROJECT_SNAPSHOT/URP4-1_DELIVERABLE/urp4/generators/voxel/v0_1/plugin.py,plugin.py,.py,02_VERIFIED_CORE_HQ_NB_PY,7,current_package_member_or_evidence,프로젝트 작업의 python_source 근거 파일
02_VERIFIED_CORE_HQ_NB_PY/03_RESUMABLE_PROJECT_SNAPSHOT/URP4-1_DELIVERABLE/urp4/generators/voxel/v0_1/registry.py,registry.py,.py,02_VERIFIED_CORE_HQ_NB_PY,7,current_package_member_or_evidence,프로젝트 작업의 python_source 근거 파일
02_VERIFIED_CORE_HQ_NB_PY/03_RESUMABLE_PROJECT_SNAPSHOT/URP4-1_DELIVERABLE/urp4/generators/voxel/v0_1/source_kernel.py,source_kernel.py,.py,02_VERIFIED_CORE_HQ_NB_PY,7,current_package_member_or_evidence,프로젝트 작업의 python_source 근거 파일
02_VERIFIED_CORE_HQ_NB_PY/03_RESUMABLE_PROJECT_SNAPSHOT/URP4-1_DELIVERABLE/urp4/geometry_io/__init__.py,__init__.py,.py,02_VERIFIED_CORE_HQ_NB_PY,5,current_package_member_or_evidence,프로젝트 작업의 python_source 근거 파일
02_VERIFIED_CORE_HQ_NB_PY/03_RESUMABLE_PROJECT_SNAPSHOT/URP4-1_DELIVERABLE/urp4/geometry_io/v0_1/__init__.py,__init__.py,.py,02_VERIFIED_CORE_HQ_NB_PY,6,current_package_member_or_evidence,프로젝트 작업의 python_source 근거 파일
02_VERIFIED_CORE_HQ_NB_PY/03_RESUMABLE_PROJECT_SNAPSHOT/URP4-1_DELIVERABLE/urp4/geometry_io/v0_1/models.py,models.py,.py,02_VERIFIED_CORE_HQ_NB_PY,6,current_package_member_or_evidence,프로젝트 작업의 python_source 근거 파일
02_VERIFIED_CORE_HQ_NB_PY/03_RESUMABLE_PROJECT_SNAPSHOT/URP4-1_DELIVERABLE/urp4/geometry_io/v0_1/routing.py,routing.py,.py,02_VERIFIED_CORE_HQ_NB_PY,6,current_package_member_or_evidence,프로젝트 작업의 python_source 근거 파일
02_VERIFIED_CORE_HQ_NB_PY/03_RESUMABLE_PROJECT_SNAPSHOT/URP4-1_DELIVERABLE/urp4/geometry_io/v0_1/stl_import.py,stl_import.py,.py,02_VERIFIED_CORE_HQ_NB_PY,6,current_package_member_or_evidence,프로젝트 작업의 python_source 근거 파일
02_VERIFIED_CORE_HQ_NB_PY/03_RESUMABLE_PROJECT_SNAPSHOT/URP4-1_DELIVERABLE/urp4/geometry_io/v0_2/__init__.py,__init__.py,.py,02_VERIFIED_CORE_HQ_NB_PY,6,current_package_member_or_evidence,프로젝트 작업의 python_source 근거 파일
02_VERIFIED_CORE_HQ_NB_PY/03_RESUMABLE_PROJECT_SNAPSHOT/URP4-1_DELIVERABLE/urp4/geometry_io/v0_2/step_import.py,step_import.py,.py,02_VERIFIED_CORE_HQ_NB_PY,6,current_package_member_or_evidence,프로젝트 작업의 python_source 근거 파일
02_VERIFIED_CORE_HQ_NB_PY/03_RESUMABLE_PROJECT_SNAPSHOT/URP4-1_DELIVERABLE/urp4/geometry_io/v0_3/__init__.py,__init__.py,.py,02_VERIFIED_CORE_HQ_NB_PY,6,current_package_member_or_evidence,프로젝트 작업의 python_source 근거 파일
02_VERIFIED_CORE_HQ_NB_PY/03_RESUMABLE_PROJECT_SNAPSHOT/URP4-1_DELIVERABLE/urp4/geometry_io/v0_3/source_preflight.py,source_preflight.py,.py,02_VERIFIED_CORE_HQ_NB_PY,6,current_package_member_or_evidence,프로젝트 작업의 python_source 근거 파일
02_VERIFIED_CORE_HQ_NB_PY/03_RESUMABLE_PROJECT_SNAPSHOT/URP4-1_DELIVERABLE/urp4/geometry_io/v0_4/__init__.py,__init__.py,.py,02_VERIFIED_CORE_HQ_NB_PY,6,current_package_member_or_evidence,프로젝트 작업의 python_source 근거 파일
02_VERIFIED_CORE_HQ_NB_PY/03_RESUMABLE_PROJECT_SNAPSHOT/URP4-1_DELIVERABLE/urp4/geometry_io/v0_4/imported_winding.py,imported_winding.py,.py,02_VERIFIED_CORE_HQ_NB_PY,6,current_package_member_or_evidence,프로젝트 작업의 python_source 근거 파일
02_VERIFIED_CORE_HQ_NB_PY/03_RESUMABLE_PROJECT_SNAPSHOT/URP4-1_DELIVERABLE/urp4/geometry_io/v0_5/__init__.py,__init__.py,.py,02_VERIFIED_CORE_HQ_NB_PY,6,current_package_member_or_evidence,프로젝트 작업의 python_source 근거 파일
02_VERIFIED_CORE_HQ_NB_PY/03_RESUMABLE_PROJECT_SNAPSHOT/URP4-1_DELIVERABLE/urp4/geometry_io/v0_5/generated_normalization.py,generated_normalization.py,.py,02_VERIFIED_CORE_HQ_NB_PY,6,current_package_member_or_evidence,프로젝트 작업의 python_source 근거 파일
02_VERIFIED_CORE_HQ_NB_PY/03_RESUMABLE_PROJECT_SNAPSHOT/URP4-1_DELIVERABLE/urp4/hq/__init__.py,__init__.py,.py,02_VERIFIED_CORE_HQ_NB_PY,5,current_package_member_or_evidence,프로젝트 작업의 python_source 근거 파일
02_VERIFIED_CORE_HQ_NB_PY/03_RESUMABLE_PROJECT_SNAPSHOT/URP4-1_DELIVERABLE/urp4/hq/v0_1/__init__.py,__init__.py,.py,02_VERIFIED_CORE_HQ_NB_PY,6,current_package_member_or_evidence,프로젝트 작업의 python_source 근거 파일
02_VERIFIED_CORE_HQ_NB_PY/03_RESUMABLE_PROJECT_SNAPSHOT/URP4-1_DELIVERABLE/urp4/hq/v0_1/controller.py,controller.py,.py,02_VERIFIED_CORE_HQ_NB_PY,6,current_package_member_or_evidence,프로젝트 작업의 python_source 근거 파일
02_VERIFIED_CORE_HQ_NB_PY/03_RESUMABLE_PROJECT_SNAPSHOT/URP4-1_DELIVERABLE/urp4/hq/v0_1/engine.py,engine.py,.py,02_VERIFIED_CORE_HQ_NB_PY,6,current_package_member_or_evidence,프로젝트 작업의 python_source 근거 파일
02_VERIFIED_CORE_HQ_NB_PY/03_RESUMABLE_PROJECT_SNAPSHOT/URP4-1_DELIVERABLE/urp4/hq/v0_1/imported_pipeline.py,imported_pipeline.py,.py,02_VERIFIED_CORE_HQ_NB_PY,6,current_package_member_or_evidence,프로젝트 작업의 python_source 근거 파일
02_VERIFIED_CORE_HQ_NB_PY/03_RESUMABLE_PROJECT_SNAPSHOT/URP4-1_DELIVERABLE/urp4/hq/v0_2/__init__.py,__init__.py,.py,02_VERIFIED_CORE_HQ_NB_PY,6,current_package_member_or_evidence,프로젝트 작업의 python_source 근거 파일
02_VERIFIED_CORE_HQ_NB_PY/03_RESUMABLE_PROJECT_SNAPSHOT/URP4-1_DELIVERABLE/urp4/hq/v0_2/models.py,models.py,.py,02_VERIFIED_CORE_HQ_NB_PY,6,current_package_member_or_evidence,프로젝트 작업의 python_source 근거 파일
02_VERIFIED_CORE_HQ_NB_PY/03_RESUMABLE_PROJECT_SNAPSHOT/URP4-1_DELIVERABLE/urp4/hq/v0_2/runtime.py,runtime.py,.py,02_VERIFIED_CORE_HQ_NB_PY,6,current_package_member_or_evidence,프로젝트 작업의 python_source 근거 파일
02_VERIFIED_CORE_HQ_NB_PY/03_RESUMABLE_PROJECT_SNAPSHOT/URP4-1_DELIVERABLE/urp4/hq/v0_3/__init__.py,__init__.py,.py,02_VERIFIED_CORE_HQ_NB_PY,6,current_package_member_or_evidence,프로젝트 작업의 python_source 근거 파일
02_VERIFIED_CORE_HQ_NB_PY/03_RESUMABLE_PROJECT_SNAPSHOT/URP4-1_DELIVERABLE/urp4/hq/v0_3/generated_n40_development.py,generated_n40_development.py,.py,02_VERIFIED_CORE_HQ_NB_PY,6,current_package_member_or_evidence,프로젝트 작업의 python_source 근거 파일
02_VERIFIED_CORE_HQ_NB_PY/03_RESUMABLE_PROJECT_SNAPSHOT/URP4-1_DELIVERABLE/urp4/route_policy/__init__.py,__init__.py,.py,02_VERIFIED_CORE_HQ_NB_PY,5,current_package_member_or_evidence,프로젝트 작업의 python_source 근거 파일
02_VERIFIED_CORE_HQ_NB_PY/03_RESUMABLE_PROJECT_SNAPSHOT/URP4-1_DELIVERABLE/urp4/route_policy/v0_1/__init__.py,__init__.py,.py,02_VERIFIED_CORE_HQ_NB_PY,6,current_package_member_or_evidence,프로젝트 작업의 python_source 근거 파일
02_VERIFIED_CORE_HQ_NB_PY/03_RESUMABLE_PROJECT_SNAPSHOT/URP4-1_DELIVERABLE/urp4/route_policy/v0_1/controller.py,controller.py,.py,02_VERIFIED_CORE_HQ_NB_PY,6,current_package_member_or_evidence,프로젝트 작업의 python_source 근거 파일
02_VERIFIED_CORE_HQ_NB_PY/03_RESUMABLE_PROJECT_SNAPSHOT/URP4-1_DELIVERABLE/urp4/route_policy/v0_1/models.py,models.py,.py,02_VERIFIED_CORE_HQ_NB_PY,6,current_package_member_or_evidence,프로젝트 작업의 python_source 근거 파일
02_VERIFIED_CORE_HQ_NB_PY/03_RESUMABLE_PROJECT_SNAPSHOT/URP4-1_DELIVERABLE/urp4/training/__init__.py,__init__.py,.py,02_VERIFIED_CORE_HQ_NB_PY,5,current_package_member_or_evidence,프로젝트 작업의 python_source 근거 파일
02_VERIFIED_CORE_HQ_NB_PY/03_RESUMABLE_PROJECT_SNAPSHOT/URP4-1_DELIVERABLE/urp4/training/p1_adapter_v0_1/__init__.py,__init__.py,.py,02_VERIFIED_CORE_HQ_NB_PY,6,current_package_member_or_evidence,프로젝트 작업의 python_source 근거 파일
02_VERIFIED_CORE_HQ_NB_PY/03_RESUMABLE_PROJECT_SNAPSHOT/URP4-1_DELIVERABLE/urp4/training/p1_adapter_v0_1/adapters.py,adapters.py,.py,02_VERIFIED_CORE_HQ_NB_PY,6,current_package_member_or_evidence,프로젝트 작업의 python_source 근거 파일
02_VERIFIED_CORE_HQ_NB_PY/03_RESUMABLE_PROJECT_SNAPSHOT/URP4-1_DELIVERABLE/urp4/training/p1_adapter_v0_1/models.py,models.py,.py,02_VERIFIED_CORE_HQ_NB_PY,6,current_package_member_or_evidence,프로젝트 작업의 python_source 근거 파일
02_VERIFIED_CORE_HQ_NB_PY/03_RESUMABLE_PROJECT_SNAPSHOT/URP4-1_DELIVERABLE/urp4/training/p1_adapter_v0_1/registry.py,registry.py,.py,02_VERIFIED_CORE_HQ_NB_PY,6,current_package_member_or_evidence,프로젝트 작업의 python_source 근거 파일
02_VERIFIED_CORE_HQ_NB_PY/03_RESUMABLE_PROJECT_SNAPSHOT/URP4-1_DELIVERABLE/urp4/training/p1_exec_layer_v0_1/__init__.py,__init__.py,.py,02_VERIFIED_CORE_HQ_NB_PY,6,current_package_member_or_evidence,프로젝트 작업의 python_source 근거 파일
02_VERIFIED_CORE_HQ_NB_PY/03_RESUMABLE_PROJECT_SNAPSHOT/URP4-1_DELIVERABLE/urp4/training/p1_exec_layer_v0_1/builders.py,builders.py,.py,02_VERIFIED_CORE_HQ_NB_PY,6,current_package_member_or_evidence,프로젝트 작업의 python_source 근거 파일
02_VERIFIED_CORE_HQ_NB_PY/03_RESUMABLE_PROJECT_SNAPSHOT/URP4-1_DELIVERABLE/urp4/training/p1_exec_layer_v0_1/estimators.py,estimators.py,.py,02_VERIFIED_CORE_HQ_NB_PY,6,current_package_member_or_evidence,프로젝트 작업의 python_source 근거 파일
02_VERIFIED_CORE_HQ_NB_PY/03_RESUMABLE_PROJECT_SNAPSHOT/URP4-1_DELIVERABLE/urp4/training/p1_exec_layer_v0_1/ledger.py,ledger.py,.py,02_VERIFIED_CORE_HQ_NB_PY,6,current_package_member_or_evidence,프로젝트 작업의 python_source 근거 파일
02_VERIFIED_CORE_HQ_NB_PY/03_RESUMABLE_PROJECT_SNAPSHOT/URP4-1_DELIVERABLE/urp4/training/p1_exec_layer_v0_1/models.py,models.py,.py,02_VERIFIED_CORE_HQ_NB_PY,6,current_package_member_or_evidence,프로젝트 작업의 python_source 근거 파일
02_VERIFIED_CORE_HQ_NB_PY/03_RESUMABLE_PROJECT_SNAPSHOT/URP4-1_DELIVERABLE/urp4/training/p1_exec_layer_v0_1/permit.py,permit.py,.py,02_VERIFIED_CORE_HQ_NB_PY,6,current_package_member_or_evidence,프로젝트 작업의 python_source 근거 파일
02_VERIFIED_CORE_HQ_NB_PY/03_RESUMABLE_PROJECT_SNAPSHOT/URP4-1_DELIVERABLE/urp4/training/v0_1/__init__.py,__init__.py,.py,02_VERIFIED_CORE_HQ_NB_PY,6,current_package_member_or_evidence,프로젝트 작업의 python_source 근거 파일
02_VERIFIED_CORE_HQ_NB_PY/03_RESUMABLE_PROJECT_SNAPSHOT/URP4-1_DELIVERABLE/urp4/training/v0_1/contracts.py,contracts.py,.py,02_VERIFIED_CORE_HQ_NB_PY,6,current_package_member_or_evidence,프로젝트 작업의 python_source 근거 파일
02_VERIFIED_CORE_HQ_NB_PY/03_RESUMABLE_PROJECT_SNAPSHOT/URP4-1_DELIVERABLE/urp4/training/v0_1/models.py,models.py,.py,02_VERIFIED_CORE_HQ_NB_PY,6,current_package_member_or_evidence,프로젝트 작업의 python_source 근거 파일
02_VERIFIED_CORE_HQ_NB_PY/03_RESUMABLE_PROJECT_SNAPSHOT/URP4-1_DELIVERABLE/urp4/training/v0_1/policy.py,policy.py,.py,02_VERIFIED_CORE_HQ_NB_PY,6,current_package_member_or_evidence,프로젝트 작업의 python_source 근거 파일
02_VERIFIED_CORE_HQ_NB_PY/03_RESUMABLE_PROJECT_SNAPSHOT/URP4-1_DELIVERABLE/urp4/training/v0_1/registry.py,registry.py,.py,02_VERIFIED_CORE_HQ_NB_PY,6,current_package_member_or_evidence,프로젝트 작업의 python_source 근거 파일
02_VERIFIED_CORE_HQ_NB_PY/03_RESUMABLE_PROJECT_SNAPSHOT/URP4-1_DELIVERABLE/urp4/training/v0_1/source_audit.py,source_audit.py,.py,02_VERIFIED_CORE_HQ_NB_PY,6,current_package_member_or_evidence,프로젝트 작업의 python_source 근거 파일
02_VERIFIED_CORE_HQ_NB_PY/03_RESUMABLE_PROJECT_SNAPSHOT/URP4-1_DELIVERABLE/urp4/training/v0_2/__init__.py,__init__.py,.py,02_VERIFIED_CORE_HQ_NB_PY,6,current_package_member_or_evidence,프로젝트 작업의 python_source 근거 파일
02_VERIFIED_CORE_HQ_NB_PY/03_RESUMABLE_PROJECT_SNAPSHOT/URP4-1_DELIVERABLE/urp4/training/v0_2/models.py,models.py,.py,02_VERIFIED_CORE_HQ_NB_PY,6,current_package_member_or_evidence,프로젝트 작업의 python_source 근거 파일
02_VERIFIED_CORE_HQ_NB_PY/03_RESUMABLE_PROJECT_SNAPSHOT/URP4-1_DELIVERABLE/urp4/training/v0_2/policy.py,policy.py,.py,02_VERIFIED_CORE_HQ_NB_PY,6,current_package_member_or_evidence,프로젝트 작업의 python_source 근거 파일
02_VERIFIED_CORE_HQ_NB_PY/03_RESUMABLE_PROJECT_SNAPSHOT/URP4-1_DELIVERABLE/urp4/training/v0_2/registry.py,registry.py,.py,02_VERIFIED_CORE_HQ_NB_PY,6,current_package_member_or_evidence,프로젝트 작업의 python_source 근거 파일
02_VERIFIED_CORE_HQ_NB_PY/03_RESUMABLE_PROJECT_SNAPSHOT/URP4_1_HQ.ipynb,URP4_1_HQ.ipynb,.ipynb,02_VERIFIED_CORE_HQ_NB_PY,2,current_package_member_or_evidence,메인 실행 Notebook(HQ): 전체 pipeline 설정·단계·실행 순서를 제어
02_VERIFIED_CORE_HQ_NB_PY/03_RESUMABLE_PROJECT_SNAPSHOT/URP4_1_HQ_BLUEPRINT_v0_2.ipynb,URP4_1_HQ_BLUEPRINT_v0_2.ipynb,.ipynb,02_VERIFIED_CORE_HQ_NB_PY,2,current_package_member_or_evidence,향후 21-cell 전체 HQ 구조를 정의한 설계 Notebook
03_CONFIG_RUNTIME_AND_COMMANDS/CANONICAL_RUNTIME.json,CANONICAL_RUNTIME.json,.json,03_CONFIG_RUNTIME_AND_COMMANDS,1,current_package_member_or_evidence,03_CONFIG_RUNTIME_AND_COMMANDS 폴더의 설정·manifest·상태·QA 기계 판독 파일
03_CONFIG_RUNTIME_AND_COMMANDS/COMMANDS_AND_PATH_LENGTH.md,COMMANDS_AND_PATH_LENGTH.md,.md,03_CONFIG_RUNTIME_AND_COMMANDS,1,current_package_member_or_evidence,03_CONFIG_RUNTIME_AND_COMMANDS 폴더의 설명·보고·계약·의사결정 문서
03_CONFIG_RUNTIME_AND_COMMANDS/ENVIRONMENT_LOCK_SHA256.json,ENVIRONMENT_LOCK_SHA256.json,.json,03_CONFIG_RUNTIME_AND_COMMANDS,1,current_package_member_or_evidence,03_CONFIG_RUNTIME_AND_COMMANDS 폴더의 설정·manifest·상태·QA 기계 판독 파일
03_CONFIG_RUNTIME_AND_COMMANDS/KMK312_CONDA_EXPLICIT_LOCK.txt,KMK312_CONDA_EXPLICIT_LOCK.txt,.txt,03_CONFIG_RUNTIME_AND_COMMANDS,1,current_package_member_or_evidence,03_CONFIG_RUNTIME_AND_COMMANDS 폴더의 텍스트 안내·로그·환경 정보
03_CONFIG_RUNTIME_AND_COMMANDS/KMK312_CONDA_META_LOCK.json,KMK312_CONDA_META_LOCK.json,.json,03_CONFIG_RUNTIME_AND_COMMANDS,1,current_package_member_or_evidence,03_CONFIG_RUNTIME_AND_COMMANDS 폴더의 설정·manifest·상태·QA 기계 판독 파일
03_CONFIG_RUNTIME_AND_COMMANDS/KMK312_PIP_FREEZE.txt,KMK312_PIP_FREEZE.txt,.txt,03_CONFIG_RUNTIME_AND_COMMANDS,1,current_package_member_or_evidence,03_CONFIG_RUNTIME_AND_COMMANDS 폴더의 텍스트 안내·로그·환경 정보
03_CONFIG_RUNTIME_AND_COMMANDS/PORTABLE_PATH_MAP.json,PORTABLE_PATH_MAP.json,.json,03_CONFIG_RUNTIME_AND_COMMANDS,1,current_package_member_or_evidence,03_CONFIG_RUNTIME_AND_COMMANDS 폴더의 설정·manifest·상태·QA 기계 판독 파일
03_CONFIG_RUNTIME_AND_COMMANDS/README_PORTABLE_REPRODUCTION.md,README_PORTABLE_REPRODUCTION.md,.md,03_CONFIG_RUNTIME_AND_COMMANDS,1,current_package_member_or_evidence,03_CONFIG_RUNTIME_AND_COMMANDS 폴더의 설명·보고·계약·의사결정 문서
03_CONFIG_RUNTIME_AND_COMMANDS/README_RUN_SOURCE.md,README_RUN_SOURCE.md,.md,03_CONFIG_RUNTIME_AND_COMMANDS,1,current_package_member_or_evidence,03_CONFIG_RUNTIME_AND_COMMANDS 폴더의 설명·보고·계약·의사결정 문서
03_CONFIG_RUNTIME_AND_COMMANDS/VERIFY_READ_ONLY.cmd,VERIFY_READ_ONLY.cmd,.cmd,03_CONFIG_RUNTIME_AND_COMMANDS,1,current_package_member_or_evidence,03_CONFIG_RUNTIME_AND_COMMANDS 폴더의 Windows 명령 실행 launcher
03_CONFIG_RUNTIME_AND_COMMANDS/VERIFY_READ_ONLY.ps1,VERIFY_READ_ONLY.ps1,.ps1,03_CONFIG_RUNTIME_AND_COMMANDS,1,current_package_member_or_evidence,03_CONFIG_RUNTIME_AND_COMMANDS 폴더의 PowerShell 실행·검증 스크립트
04_REFERENCE_INPUTS/alias_registry/URP4-1_file_alias_registry_20260709_UPDATED.xlsx,URP4-1_file_alias_registry_20260709_UPDATED.xlsx,.xlsx,04_REFERENCE_INPUTS,2,current_package_member_or_evidence,alias_registry 폴더의 Excel 입력·원장·결과 workbook
04_REFERENCE_INPUTS/doctor_compression_data_20260731/01_structural_factors/Structural_Factors_All.xlsx,Structural_Factors_All.xlsx,.xlsx,04_REFERENCE_INPUTS,3,current_package_member_or_evidence,01_structural_factors 폴더의 Excel 입력·원장·결과 workbook
04_REFERENCE_INPUTS/doctor_compression_data_20260731/02_reference_strut_sources/AI lattice_1-150_30 mm_merge.xlsx,AI lattice_1-150_30 mm_merge.xlsx,.xlsx,04_REFERENCE_INPUTS,3,current_package_member_or_evidence,02_reference_strut_sources 폴더의 Excel 입력·원장·결과 workbook
"04_REFERENCE_INPUTS/doctor_compression_data_20260731/02_reference_strut_sources/B, C, L model_30 mm_merge.xlsx","B, C, L model_30 mm_merge.xlsx",.xlsx,04_REFERENCE_INPUTS,3,current_package_member_or_evidence,02_reference_strut_sources 폴더의 Excel 입력·원장·결과 workbook
04_REFERENCE_INPUTS/doctor_compression_data_20260731/02_reference_strut_sources/Voronoi_30 mm_merge.xlsx,Voronoi_30 mm_merge.xlsx,.xlsx,04_REFERENCE_INPUTS,3,current_package_member_or_evidence,02_reference_strut_sources 폴더의 Excel 입력·원장·결과 workbook
04_REFERENCE_INPUTS/doctor_compression_data_20260731/03_ai_lattice_summaries/Ai-Lattice_(1-50)_summary (1).xlsx,Ai-Lattice_(1-50)_summary (1).xlsx,.xlsx,04_REFERENCE_INPUTS,3,current_package_member_or_evidence,03_ai_lattice_summaries 폴더의 Excel 입력·원장·결과 workbook
04_REFERENCE_INPUTS/doctor_compression_data_20260731/03_ai_lattice_summaries/Ai-Lattice_(101-150)_summary.xlsx,Ai-Lattice_(101-150)_summary.xlsx,.xlsx,04_REFERENCE_INPUTS,3,current_package_member_or_evidence,03_ai_lattice_summaries 폴더의 Excel 입력·원장·결과 workbook
04_REFERENCE_INPUTS/doctor_compression_data_20260731/03_ai_lattice_summaries/Ai-Lattice_(51-100)_summary.xlsx,Ai-Lattice_(51-100)_summary.xlsx,.xlsx,04_REFERENCE_INPUTS,3,current_package_member_or_evidence,03_ai_lattice_summaries 폴더의 Excel 입력·원장·결과 workbook
04_REFERENCE_INPUTS/doctor_compression_data_20260731/04_bcl_summaries_pending/README.md,README.md,.md,04_REFERENCE_INPUTS,3,current_package_member_or_evidence,04_bcl_summaries_pending 폴더의 설명·보고·계약·의사결정 문서
04_REFERENCE_INPUTS/doctor_compression_data_20260731/05_voronoi_summaries_pending/README.md,README.md,.md,04_REFERENCE_INPUTS,3,current_package_member_or_evidence,05_voronoi_summaries_pending 폴더의 설명·보고·계약·의사결정 문서
04_REFERENCE_INPUTS/doctor_compression_data_20260731/FILE_MANIFEST.csv,FILE_MANIFEST.csv,.csv,04_REFERENCE_INPUTS,2,current_package_member_or_evidence,doctor_compression_data_20260731 입력·출력·경로·SHA-256을 고정한 manifest
04_REFERENCE_INPUTS/doctor_compression_data_20260731/README.md,README.md,.md,04_REFERENCE_INPUTS,2,current_package_member_or_evidence,doctor_compression_data_20260731 폴더의 설명·보고·계약·의사결정 문서
04_REFERENCE_INPUTS/doctor_compression_data_20260802/README.md,README.md,.md,04_REFERENCE_INPUTS,2,current_package_member_or_evidence,doctor_compression_data_20260802 폴더의 설명·보고·계약·의사결정 문서
04_REFERENCE_INPUTS/doctor_compression_data_20260802/small_reference_summaries/Compression_VF30_Summary.xlsx,Compression_VF30_Summary.xlsx,.xlsx,04_REFERENCE_INPUTS,3,current_package_member_or_evidence,small_reference_summaries 폴더의 Excel 입력·원장·결과 workbook
04_REFERENCE_INPUTS/doctor_compression_data_20260802/small_reference_summaries/Compression_VF45_Summary.xlsx,Compression_VF45_Summary.xlsx,.xlsx,04_REFERENCE_INPUTS,3,current_package_member_or_evidence,small_reference_summaries 폴더의 Excel 입력·원장·결과 workbook
04_REFERENCE_INPUTS/doctor_compression_data_20260802/small_reference_summaries/Compression_VF60_Summary.xlsx,Compression_VF60_Summary.xlsx,.xlsx,04_REFERENCE_INPUTS,3,current_package_member_or_evidence,small_reference_summaries 폴더의 Excel 입력·원장·결과 workbook
04_REFERENCE_INPUTS/doctor_compression_data_20260802/small_reference_summaries/Voronoi_Summary.xlsx,Voronoi_Summary.xlsx,.xlsx,04_REFERENCE_INPUTS,3,current_package_member_or_evidence,small_reference_summaries 폴더의 Excel 입력·원장·결과 workbook
04_REFERENCE_INPUTS/doctor_compression_data_20260802/SOURCE_MANIFEST.csv,SOURCE_MANIFEST.csv,.csv,04_REFERENCE_INPUTS,2,current_package_member_or_evidence,doctor_compression_data_20260802 입력·출력·경로·SHA-256을 고정한 manifest
04_REFERENCE_INPUTS/doctor_compression_data_20260802/SOURCE_MANIFEST.json,SOURCE_MANIFEST.json,.json,04_REFERENCE_INPUTS,2,current_package_member_or_evidence,doctor_compression_data_20260802 입력·출력·경로·SHA-256을 고정한 manifest
04_REFERENCE_INPUTS/geometry_drive_asset_pointer_only/R09_reference_model_manifest.csv,R09_reference_model_manifest.csv,.csv,04_REFERENCE_INPUTS,2,current_package_member_or_evidence,geometry_drive_asset_pointer_only 입력·출력·경로·SHA-256을 고정한 manifest
04_REFERENCE_INPUTS/geometry_drive_asset_pointer_only/R09_reference_model_manifest.json,R09_reference_model_manifest.json,.json,04_REFERENCE_INPUTS,2,current_package_member_or_evidence,geometry_drive_asset_pointer_only 입력·출력·경로·SHA-256을 고정한 manifest
04_REFERENCE_INPUTS/geometry_drive_asset_pointer_only/README.md,README.md,.md,04_REFERENCE_INPUTS,2,current_package_member_or_evidence,geometry_drive_asset_pointer_only 폴더의 설명·보고·계약·의사결정 문서
04_REFERENCE_INPUTS/legacy_reference/압축+열+진동+구조인자_260212.xlsx,압축+열+진동+구조인자_260212.xlsx,.xlsx,04_REFERENCE_INPUTS,2,current_package_member_or_evidence,프로젝트 작업의 protected_asset 근거 파일
05_DESCRIPTOR_XREG_GEOMETRY_EVIDENCE/HQ-GEOM-002/HQ_GEOM_002_VERSIONED_DEVELOPMENT_ROUTE_REPORT_20260728.md,HQ_GEOM_002_VERSIONED_DEVELOPMENT_ROUTE_REPORT_20260728.md,.md,05_DESCRIPTOR_XREG_GEOMETRY_EVIDENCE,2,current_package_member_or_evidence,HQ-GEOM-002 폴더의 설명·보고·계약·의사결정 문서
05_DESCRIPTOR_XREG_GEOMETRY_EVIDENCE/HQ-GEOM-002/INDEPENDENT_QA.json,INDEPENDENT_QA.json,.json,05_DESCRIPTOR_XREG_GEOMETRY_EVIDENCE,2,current_package_member_or_evidence,HQ-GEOM-002 결과의 독립 재검사·무결성·계약 통과 여부를 기록한 QA 파일
05_DESCRIPTOR_XREG_GEOMETRY_EVIDENCE/HQ-GEOM-002/MERGE_PACKET.md,MERGE_PACKET.md,.md,05_DESCRIPTOR_XREG_GEOMETRY_EVIDENCE,2,current_package_member_or_evidence,HQ-GEOM-002 작업의 QA·채택 범위·남은 제한을 요약한 merge packet
05_DESCRIPTOR_XREG_GEOMETRY_EVIDENCE/HQ-GEOM-002/PRODUCER_SUMMARY.json,PRODUCER_SUMMARY.json,.json,05_DESCRIPTOR_XREG_GEOMETRY_EVIDENCE,2,current_package_member_or_evidence,HQ-GEOM-002 폴더의 설정·manifest·상태·QA 기계 판독 파일
05_DESCRIPTOR_XREG_GEOMETRY_EVIDENCE/HQ-GEOM-002/PROTECTED_ASSET_AUDIT.csv,PROTECTED_ASSET_AUDIT.csv,.csv,05_DESCRIPTOR_XREG_GEOMETRY_EVIDENCE,2,current_package_member_or_evidence,HQ-GEOM-002 폴더의 계산값·registry·manifest·QA 표
05_DESCRIPTOR_XREG_GEOMETRY_EVIDENCE/HQ-GEOM-003/CHUCK_INPUT_PACKET_TOPOLOGY_POLICY_20260728.md,CHUCK_INPUT_PACKET_TOPOLOGY_POLICY_20260728.md,.md,05_DESCRIPTOR_XREG_GEOMETRY_EVIDENCE,2,current_package_member_or_evidence,HQ-GEOM-003 폴더의 설명·보고·계약·의사결정 문서
05_DESCRIPTOR_XREG_GEOMETRY_EVIDENCE/HQ-GEOM-003/HQ_GEOM_003_LATTICE_TPMS_TOPOLOGY_EXCEPTION_PREREGISTRATION_REPORT_20260728.md,HQ_GEOM_003_LATTICE_TPMS_TOPOLOGY_EXCEPTION_PREREGISTRATION_REPORT_20260728.md,.md,05_DESCRIPTOR_XREG_GEOMETRY_EVIDENCE,2,current_package_member_or_evidence,HQ-GEOM-003 폴더의 설명·보고·계약·의사결정 문서
05_DESCRIPTOR_XREG_GEOMETRY_EVIDENCE/HQ-GEOM-003/INDEPENDENT_PREREG_QA.json,INDEPENDENT_PREREG_QA.json,.json,05_DESCRIPTOR_XREG_GEOMETRY_EVIDENCE,2,current_package_member_or_evidence,HQ-GEOM-003 결과의 독립 재검사·무결성·계약 통과 여부를 기록한 QA 파일
05_DESCRIPTOR_XREG_GEOMETRY_EVIDENCE/HQ-GEOM-003/MERGE_PACKET.md,MERGE_PACKET.md,.md,05_DESCRIPTOR_XREG_GEOMETRY_EVIDENCE,2,current_package_member_or_evidence,HQ-GEOM-003 작업의 QA·채택 범위·남은 제한을 요약한 merge packet
05_DESCRIPTOR_XREG_GEOMETRY_EVIDENCE/HQ-GEOM-003/PROTECTED_ASSET_AUDIT.csv,PROTECTED_ASSET_AUDIT.csv,.csv,05_DESCRIPTOR_XREG_GEOMETRY_EVIDENCE,2,current_package_member_or_evidence,HQ-GEOM-003 폴더의 계산값·registry·manifest·QA 표
05_DESCRIPTOR_XREG_GEOMETRY_EVIDENCE/HQ-GEOM-003/REPORT.md,REPORT.md,.md,05_DESCRIPTOR_XREG_GEOMETRY_EVIDENCE,2,current_package_member_or_evidence,HQ-GEOM-003 작업의 목적·실행 결과·해석 경계를 기록한 보고서
05_DESCRIPTOR_XREG_GEOMETRY_EVIDENCE/HQ-GEOM-003/TOPOLOGY_EXCEPTION_CONTRACT.json,TOPOLOGY_EXCEPTION_CONTRACT.json,.json,05_DESCRIPTOR_XREG_GEOMETRY_EVIDENCE,2,current_package_member_or_evidence,HQ-GEOM-003 폴더의 설정·manifest·상태·QA 기계 판독 파일
05_DESCRIPTOR_XREG_GEOMETRY_EVIDENCE/L28-DESCVAL/INDEPENDENT_QA_REPORT.json,INDEPENDENT_QA_REPORT.json,.json,05_DESCRIPTOR_XREG_GEOMETRY_EVIDENCE,2,current_package_member_or_evidence,L28-DESCVAL 결과의 독립 재검사·무결성·계약 통과 여부를 기록한 QA 파일
05_DESCRIPTOR_XREG_GEOMETRY_EVIDENCE/L28-DESCVAL/INDEPENDENT_QA_REPORT.md,INDEPENDENT_QA_REPORT.md,.md,05_DESCRIPTOR_XREG_GEOMETRY_EVIDENCE,2,current_package_member_or_evidence,L28-DESCVAL 작업의 목적·실행 결과·해석 경계를 기록한 보고서
05_DESCRIPTOR_XREG_GEOMETRY_EVIDENCE/L28-DESCVAL/L28_ANOMALY_SHORTLIST.md,L28_ANOMALY_SHORTLIST.md,.md,05_DESCRIPTOR_XREG_GEOMETRY_EVIDENCE,2,current_package_member_or_evidence,L28-DESCVAL 폴더의 설명·보고·계약·의사결정 문서
05_DESCRIPTOR_XREG_GEOMETRY_EVIDENCE/L28-DESCVAL/L28_ARCHIVAL_AUDIT_REPORT.md,L28_ARCHIVAL_AUDIT_REPORT.md,.md,05_DESCRIPTOR_XREG_GEOMETRY_EVIDENCE,2,current_package_member_or_evidence,L28-DESCVAL 작업의 목적·실행 결과·해석 경계를 기록한 보고서
05_DESCRIPTOR_XREG_GEOMETRY_EVIDENCE/L28-DESCVAL/L28_FINAL_DESCRIPTOR_READINESS_REPORT.md,L28_FINAL_DESCRIPTOR_READINESS_REPORT.md,.md,05_DESCRIPTOR_XREG_GEOMETRY_EVIDENCE,2,current_package_member_or_evidence,L28-DESCVAL 작업의 목적·실행 결과·해석 경계를 기록한 보고서
05_DESCRIPTOR_XREG_GEOMETRY_EVIDENCE/L28-DESCVAL/L28_STATISTICAL_FLAG_INTERPRETATION_ADDENDUM.md,L28_STATISTICAL_FLAG_INTERPRETATION_ADDENDUM.md,.md,05_DESCRIPTOR_XREG_GEOMETRY_EVIDENCE,2,current_package_member_or_evidence,L28-DESCVAL 폴더의 설명·보고·계약·의사결정 문서
05_DESCRIPTOR_XREG_GEOMETRY_EVIDENCE/L28-DESCVAL/PACKAGE_MANIFEST.json,PACKAGE_MANIFEST.json,.json,05_DESCRIPTOR_XREG_GEOMETRY_EVIDENCE,2,current_package_member_or_evidence,L28-DESCVAL 입력·출력·경로·SHA-256을 고정한 manifest
05_DESCRIPTOR_XREG_GEOMETRY_EVIDENCE/L28-DESCVAL/PHASE1_QA.json,PHASE1_QA.json,.json,05_DESCRIPTOR_XREG_GEOMETRY_EVIDENCE,2,current_package_member_or_evidence,L28-DESCVAL 결과의 독립 재검사·무결성·계약 통과 여부를 기록한 QA 파일
05_DESCRIPTOR_XREG_GEOMETRY_EVIDENCE/L28-DESCVAL/PHASE2_3_QA.json,PHASE2_3_QA.json,.json,05_DESCRIPTOR_XREG_GEOMETRY_EVIDENCE,2,current_package_member_or_evidence,L28-DESCVAL 결과의 독립 재검사·무결성·계약 통과 여부를 기록한 QA 파일
05_DESCRIPTOR_XREG_GEOMETRY_EVIDENCE/LINK_TARGETS_R2/HQ-GEOM-003-20260728-001_policy_options.csv,HQ-GEOM-003-20260728-001_policy_options.csv,.csv,05_DESCRIPTOR_XREG_GEOMETRY_EVIDENCE,2,current_package_member_or_evidence,LINK_TARGETS_R2 폴더의 계산값·registry·manifest·QA 표
05_DESCRIPTOR_XREG_GEOMETRY_EVIDENCE/LINK_TARGETS_R2/HQ-GEOM-003-20260728-001_source_topology_evidence.csv,HQ-GEOM-003-20260728-001_source_topology_evidence.csv,.csv,05_DESCRIPTOR_XREG_GEOMETRY_EVIDENCE,2,current_package_member_or_evidence,LINK_TARGETS_R2 폴더의 계산값·registry·manifest·QA 표
05_DESCRIPTOR_XREG_GEOMETRY_EVIDENCE/LINK_TARGETS_R2/PRM144_149_fast_batch_autopilot.py,PRM144_149_fast_batch_autopilot.py,.py,05_DESCRIPTOR_XREG_GEOMETRY_EVIDENCE,2,current_package_member_or_evidence,SLICE004_AND_XREG 파이프라인의 계산 지원/변환. 58-model raw-table extraction plus no-y descriptor candidate/XREG construction and QA
05_DESCRIPTOR_XREG_GEOMETRY_EVIDENCE/LINK_TARGETS_R2/PRM144_149_independent_QA.csv,PRM144_149_independent_QA.csv,.csv,05_DESCRIPTOR_XREG_GEOMETRY_EVIDENCE,2,current_package_member_or_evidence,LINK_TARGETS_R2 결과의 독립 재검사·무결성·계약 통과 여부를 기록한 QA 파일
05_DESCRIPTOR_XREG_GEOMETRY_EVIDENCE/LINK_TARGETS_R2/ROUTE-VALID-004-20260729-001_fail_closed_fallback.csv,ROUTE-VALID-004-20260729-001_fail_closed_fallback.csv,.csv,05_DESCRIPTOR_XREG_GEOMETRY_EVIDENCE,2,current_package_member_or_evidence,LINK_TARGETS_R2 폴더의 계산값·registry·manifest·QA 표. 관련 ID: ROUTE-VALID-004(source type별 허용·차단 route 정책 결정 작업)
05_DESCRIPTOR_XREG_GEOMETRY_EVIDENCE/LINK_TARGETS_R2/ROUTE-VALID-004-20260729-001_source_type_route_policy.csv,ROUTE-VALID-004-20260729-001_source_type_route_policy.csv,.csv,05_DESCRIPTOR_XREG_GEOMETRY_EVIDENCE,2,current_package_member_or_evidence,LINK_TARGETS_R2 폴더의 계산값·registry·manifest·QA 표. 관련 ID: ROUTE-VALID-004(source type별 허용·차단 route 정책 결정 작업)
05_DESCRIPTOR_XREG_GEOMETRY_EVIDENCE/NB-INTEGRATE-001/FIXTURE_TEST_OUTPUT.txt,FIXTURE_TEST_OUTPUT.txt,.txt,05_DESCRIPTOR_XREG_GEOMETRY_EVIDENCE,2,current_package_member_or_evidence,NB-INTEGRATE-001 폴더의 텍스트 안내·로그·환경 정보. 관련 ID: NB-INTEGRATE-001(source type별 Import route controller 개발·QA 작업)
05_DESCRIPTOR_XREG_GEOMETRY_EVIDENCE/NB-INTEGRATE-001/INDEPENDENT_QA.csv,INDEPENDENT_QA.csv,.csv,05_DESCRIPTOR_XREG_GEOMETRY_EVIDENCE,2,current_package_member_or_evidence,NB-INTEGRATE-001 결과의 독립 재검사·무결성·계약 통과 여부를 기록한 QA 파일. 관련 ID: NB-INTEGRATE-001(source type별 Import route controller 개발·QA 작업)
05_DESCRIPTOR_XREG_GEOMETRY_EVIDENCE/NB-INTEGRATE-001/INDEPENDENT_QA.json,INDEPENDENT_QA.json,.json,05_DESCRIPTOR_XREG_GEOMETRY_EVIDENCE,2,current_package_member_or_evidence,NB-INTEGRATE-001 결과의 독립 재검사·무결성·계약 통과 여부를 기록한 QA 파일. 관련 ID: NB-INTEGRATE-001(source type별 Import route controller 개발·QA 작업)
05_DESCRIPTOR_XREG_GEOMETRY_EVIDENCE/NB-INTEGRATE-001/MERGE_PACKET.md,MERGE_PACKET.md,.md,05_DESCRIPTOR_XREG_GEOMETRY_EVIDENCE,2,current_package_member_or_evidence,NB-INTEGRATE-001 작업의 QA·채택 범위·남은 제한을 요약한 merge packet. 관련 ID: NB-INTEGRATE-001(source type별 Import route controller 개발·QA 작업)
05_DESCRIPTOR_XREG_GEOMETRY_EVIDENCE/NB-INTEGRATE-001/NOTEBOOK_STATIC_QA.json,NOTEBOOK_STATIC_QA.json,.json,05_DESCRIPTOR_XREG_GEOMETRY_EVIDENCE,2,current_package_member_or_evidence,NB-INTEGRATE-001 결과의 독립 재검사·무결성·계약 통과 여부를 기록한 QA 파일. 관련 ID: NB-INTEGRATE-001(source type별 Import route controller 개발·QA 작업)
05_DESCRIPTOR_XREG_GEOMETRY_EVIDENCE/NB-INTEGRATE-001/OUTPUT_MANIFEST.csv,OUTPUT_MANIFEST.csv,.csv,05_DESCRIPTOR_XREG_GEOMETRY_EVIDENCE,2,current_package_member_or_evidence,NB-INTEGRATE-001 입력·출력·경로·SHA-256을 고정한 manifest. 관련 ID: NB-INTEGRATE-001(source type별 Import route controller 개발·QA 작업)
05_DESCRIPTOR_XREG_GEOMETRY_EVIDENCE/NB-INTEGRATE-001/PROTECTED_ASSET_RECHECK.csv,PROTECTED_ASSET_RECHECK.csv,.csv,05_DESCRIPTOR_XREG_GEOMETRY_EVIDENCE,2,current_package_member_or_evidence,NB-INTEGRATE-001 폴더의 계산값·registry·manifest·QA 표. 관련 ID: NB-INTEGRATE-001(source type별 Import route controller 개발·QA 작업)
05_DESCRIPTOR_XREG_GEOMETRY_EVIDENCE/NB-INTEGRATE-001/REPORT.md,REPORT.md,.md,05_DESCRIPTOR_XREG_GEOMETRY_EVIDENCE,2,current_package_member_or_evidence,NB-INTEGRATE-001 작업의 목적·실행 결과·해석 경계를 기록한 보고서. 관련 ID: NB-INTEGRATE-001(source type별 Import route controller 개발·QA 작업)
05_DESCRIPTOR_XREG_GEOMETRY_EVIDENCE/NB-INTEGRATE-001/RUNTIME_PATH_DISCOVERY_CORRECTION.md,RUNTIME_PATH_DISCOVERY_CORRECTION.md,.md,05_DESCRIPTOR_XREG_GEOMETRY_EVIDENCE,2,current_package_member_or_evidence,NB-INTEGRATE-001 폴더의 설명·보고·계약·의사결정 문서. 관련 ID: NB-INTEGRATE-001(source type별 Import route controller 개발·QA 작업)
05_DESCRIPTOR_XREG_GEOMETRY_EVIDENCE/POSTRUN-GATE-001/C1_INDEPENDENT_QA_RESULT.json,C1_INDEPENDENT_QA_RESULT.json,.json,05_DESCRIPTOR_XREG_GEOMETRY_EVIDENCE,2,current_package_member_or_evidence,POSTRUN-GATE-001 결과의 독립 재검사·무결성·계약 통과 여부를 기록한 QA 파일
05_DESCRIPTOR_XREG_GEOMETRY_EVIDENCE/POSTRUN-GATE-001/CLAIM_AND_STATUS_LEDGER.csv,CLAIM_AND_STATUS_LEDGER.csv,.csv,05_DESCRIPTOR_XREG_GEOMETRY_EVIDENCE,2,current_package_member_or_evidence,STRICT-STEP-026 작업의 v1.1 authoritative evidence 근거 파일
05_DESCRIPTOR_XREG_GEOMETRY_EVIDENCE/POSTRUN-GATE-001/MERGE_PACKET.md,MERGE_PACKET.md,.md,05_DESCRIPTOR_XREG_GEOMETRY_EVIDENCE,2,current_package_member_or_evidence,POSTRUN-GATE-001 작업의 QA·채택 범위·남은 제한을 요약한 merge packet
05_DESCRIPTOR_XREG_GEOMETRY_EVIDENCE/POSTRUN-GATE-001/NEXT_GATE_RECOMMENDATION.md,NEXT_GATE_RECOMMENDATION.md,.md,05_DESCRIPTOR_XREG_GEOMETRY_EVIDENCE,2,current_package_member_or_evidence,POSTRUN-GATE-001 폴더의 설명·보고·계약·의사결정 문서
05_DESCRIPTOR_XREG_GEOMETRY_EVIDENCE/POSTRUN-GATE-001/REPORT.md,REPORT.md,.md,05_DESCRIPTOR_XREG_GEOMETRY_EVIDENCE,2,current_package_member_or_evidence,POSTRUN-GATE-001 작업의 목적·실행 결과·해석 경계를 기록한 보고서
05_DESCRIPTOR_XREG_GEOMETRY_EVIDENCE/POSTRUN-GATE-001/TRAIN_REPLAY_LIFECYCLE_AWARE_QA_V2.json,TRAIN_REPLAY_LIFECYCLE_AWARE_QA_V2.json,.json,05_DESCRIPTOR_XREG_GEOMETRY_EVIDENCE,2,current_package_member_or_evidence,POSTRUN-GATE-001 결과의 독립 재검사·무결성·계약 통과 여부를 기록한 QA 파일
05_DESCRIPTOR_XREG_GEOMETRY_EVIDENCE/POSTRUN-GATE-001/TRAIN_REPLAY_QA_FAILURE_DISPOSITION.csv,TRAIN_REPLAY_QA_FAILURE_DISPOSITION.csv,.csv,05_DESCRIPTOR_XREG_GEOMETRY_EVIDENCE,2,current_package_member_or_evidence,POSTRUN-GATE-001 결과의 독립 재검사·무결성·계약 통과 여부를 기록한 QA 파일
05_DESCRIPTOR_XREG_GEOMETRY_EVIDENCE/R09-20260720-TOUR-C001_T4R_SLICE_004_ALL58_SOURCE_MATCHED_EXACT_EXTRACTION_REPORT_20260720.md,R09-20260720-TOUR-C001_T4R_SLICE_004_ALL58_SOURCE_MATCHED_EXACT_EXTRACTION_REPORT_20260720.md,.md,05_DESCRIPTOR_XREG_GEOMETRY_EVIDENCE,1,current_package_member_or_evidence,05_DESCRIPTOR_XREG_GEOMETRY_EVIDENCE 폴더의 설명·보고·계약·의사결정 문서
05_DESCRIPTOR_XREG_GEOMETRY_EVIDENCE/R09-20260723-PRM144_149_BATCH_AUTOPILOT_REPORT.md,R09-20260723-PRM144_149_BATCH_AUTOPILOT_REPORT.md,.md,05_DESCRIPTOR_XREG_GEOMETRY_EVIDENCE,1,current_package_member_or_evidence,05_DESCRIPTOR_XREG_GEOMETRY_EVIDENCE 작업의 목적·실행 결과·해석 경계를 기록한 보고서
05_DESCRIPTOR_XREG_GEOMETRY_EVIDENCE/ROUTE-VALID-003/COMMON_RASTER_CONTRACT.json,COMMON_RASTER_CONTRACT.json,.json,05_DESCRIPTOR_XREG_GEOMETRY_EVIDENCE,2,current_package_member_or_evidence,ROUTE-VALID-003 폴더의 설정·manifest·상태·QA 기계 판독 파일. 관련 ID: ROUTE-VALID-003(STEP·tessellation·imported STL selected-slice 비교 작업)
05_DESCRIPTOR_XREG_GEOMETRY_EVIDENCE/ROUTE-VALID-003/figures/AB_worst_01_z0400_P750_P50X.png,AB_worst_01_z0400_P750_P50X.png,.png,05_DESCRIPTOR_XREG_GEOMETRY_EVIDENCE,3,current_package_member_or_evidence,figures 작업의 slice·overlay·진단·결과 시각 자료. 관련 ID: ROUTE-VALID-003(STEP·tessellation·imported STL selected-slice 비교 작업)
05_DESCRIPTOR_XREG_GEOMETRY_EVIDENCE/ROUTE-VALID-003/figures/AB_worst_02_z0400_P750_P00.png,AB_worst_02_z0400_P750_P00.png,.png,05_DESCRIPTOR_XREG_GEOMETRY_EVIDENCE,3,current_package_member_or_evidence,figures 작업의 slice·overlay·진단·결과 시각 자료. 관련 ID: ROUTE-VALID-003(STEP·tessellation·imported STL selected-slice 비교 작업)
05_DESCRIPTOR_XREG_GEOMETRY_EVIDENCE/ROUTE-VALID-003/figures/AB_worst_03_z0400_P1000_P00.png,AB_worst_03_z0400_P1000_P00.png,.png,05_DESCRIPTOR_XREG_GEOMETRY_EVIDENCE,3,current_package_member_or_evidence,figures 작업의 slice·overlay·진단·결과 시각 자료. 관련 ID: ROUTE-VALID-003(STEP·tessellation·imported STL selected-slice 비교 작업)
05_DESCRIPTOR_XREG_GEOMETRY_EVIDENCE/ROUTE-VALID-003/figures/AB_worst_04_z0400_P1000_P50X.png,AB_worst_04_z0400_P1000_P50X.png,.png,05_DESCRIPTOR_XREG_GEOMETRY_EVIDENCE,3,current_package_member_or_evidence,figures 작업의 slice·overlay·진단·결과 시각 자료. 관련 ID: ROUTE-VALID-003(STEP·tessellation·imported STL selected-slice 비교 작업)
05_DESCRIPTOR_XREG_GEOMETRY_EVIDENCE/ROUTE-VALID-003/figures/AB_worst_05_z0400_P1500_P00.png,AB_worst_05_z0400_P1500_P00.png,.png,05_DESCRIPTOR_XREG_GEOMETRY_EVIDENCE,3,current_package_member_or_evidence,figures 작업의 slice·overlay·진단·결과 시각 자료. 관련 ID: ROUTE-VALID-003(STEP·tessellation·imported STL selected-slice 비교 작업)
05_DESCRIPTOR_XREG_GEOMETRY_EVIDENCE/ROUTE-VALID-003/figures/AB_worst_06_z0400_P1500_P50X.png,AB_worst_06_z0400_P1500_P50X.png,.png,05_DESCRIPTOR_XREG_GEOMETRY_EVIDENCE,3,current_package_member_or_evidence,figures 작업의 slice·overlay·진단·결과 시각 자료. 관련 ID: ROUTE-VALID-003(STEP·tessellation·imported STL selected-slice 비교 작업)
05_DESCRIPTOR_XREG_GEOMETRY_EVIDENCE/ROUTE-VALID-003/figures/AC_worst_01_z0400_P500_P50X.png,AC_worst_01_z0400_P500_P50X.png,.png,05_DESCRIPTOR_XREG_GEOMETRY_EVIDENCE,3,current_package_member_or_evidence,figures 작업의 slice·overlay·진단·결과 시각 자료. 관련 ID: ROUTE-VALID-003(STEP·tessellation·imported STL selected-slice 비교 작업)
05_DESCRIPTOR_XREG_GEOMETRY_EVIDENCE/ROUTE-VALID-003/figures/AC_worst_02_z0400_P500_P00.png,AC_worst_02_z0400_P500_P00.png,.png,05_DESCRIPTOR_XREG_GEOMETRY_EVIDENCE,3,current_package_member_or_evidence,figures 작업의 slice·overlay·진단·결과 시각 자료. 관련 ID: ROUTE-VALID-003(STEP·tessellation·imported STL selected-slice 비교 작업)
05_DESCRIPTOR_XREG_GEOMETRY_EVIDENCE/ROUTE-VALID-003/figures/AC_worst_03_z0400_P750_P00.png,AC_worst_03_z0400_P750_P00.png,.png,05_DESCRIPTOR_XREG_GEOMETRY_EVIDENCE,3,current_package_member_or_evidence,figures 작업의 slice·overlay·진단·결과 시각 자료. 관련 ID: ROUTE-VALID-003(STEP·tessellation·imported STL selected-slice 비교 작업)
05_DESCRIPTOR_XREG_GEOMETRY_EVIDENCE/ROUTE-VALID-003/figures/AC_worst_04_z0400_P750_P50X.png,AC_worst_04_z0400_P750_P50X.png,.png,05_DESCRIPTOR_XREG_GEOMETRY_EVIDENCE,3,current_package_member_or_evidence,figures 작업의 slice·overlay·진단·결과 시각 자료. 관련 ID: ROUTE-VALID-003(STEP·tessellation·imported STL selected-slice 비교 작업)
05_DESCRIPTOR_XREG_GEOMETRY_EVIDENCE/ROUTE-VALID-003/figures/AC_worst_05_z0400_P1000_P50X.png,AC_worst_05_z0400_P1000_P50X.png,.png,05_DESCRIPTOR_XREG_GEOMETRY_EVIDENCE,3,current_package_member_or_evidence,figures 작업의 slice·overlay·진단·결과 시각 자료. 관련 ID: ROUTE-VALID-003(STEP·tessellation·imported STL selected-slice 비교 작업)
05_DESCRIPTOR_XREG_GEOMETRY_EVIDENCE/ROUTE-VALID-003/figures/AC_worst_06_z0400_P1000_P00.png,AC_worst_06_z0400_P1000_P00.png,.png,05_DESCRIPTOR_XREG_GEOMETRY_EVIDENCE,3,current_package_member_or_evidence,figures 작업의 slice·overlay·진단·결과 시각 자료. 관련 ID: ROUTE-VALID-003(STEP·tessellation·imported STL selected-slice 비교 작업)
05_DESCRIPTOR_XREG_GEOMETRY_EVIDENCE/ROUTE-VALID-003/INDEPENDENT_QA.json,INDEPENDENT_QA.json,.json,05_DESCRIPTOR_XREG_GEOMETRY_EVIDENCE,2,current_package_member_or_evidence,ROUTE-VALID-003 결과의 독립 재검사·무결성·계약 통과 여부를 기록한 QA 파일. 관련 ID: ROUTE-VALID-003(STEP·tessellation·imported STL selected-slice 비교 작업)
05_DESCRIPTOR_XREG_GEOMETRY_EVIDENCE/ROUTE-VALID-003/MERGE_PACKET.md,MERGE_PACKET.md,.md,05_DESCRIPTOR_XREG_GEOMETRY_EVIDENCE,2,current_package_member_or_evidence,ROUTE-VALID-003 작업의 QA·채택 범위·남은 제한을 요약한 merge packet. 관련 ID: ROUTE-VALID-003(STEP·tessellation·imported STL selected-slice 비교 작업)
05_DESCRIPTOR_XREG_GEOMETRY_EVIDENCE/ROUTE-VALID-003/OUTPUT_MANIFEST.csv,OUTPUT_MANIFEST.csv,.csv,05_DESCRIPTOR_XREG_GEOMETRY_EVIDENCE,2,current_package_member_or_evidence,ROUTE-VALID-003 입력·출력·경로·SHA-256을 고정한 manifest. 관련 ID: ROUTE-VALID-003(STEP·tessellation·imported STL selected-slice 비교 작업)
05_DESCRIPTOR_XREG_GEOMETRY_EVIDENCE/ROUTE-VALID-003/PRODUCER_PACKET.json,PRODUCER_PACKET.json,.json,05_DESCRIPTOR_XREG_GEOMETRY_EVIDENCE,2,current_package_member_or_evidence,ROUTE-VALID-003 폴더의 설정·manifest·상태·QA 기계 판독 파일. 관련 ID: ROUTE-VALID-003(STEP·tessellation·imported STL selected-slice 비교 작업)
05_DESCRIPTOR_XREG_GEOMETRY_EVIDENCE/ROUTE-VALID-003/REPORT.md,REPORT.md,.md,05_DESCRIPTOR_XREG_GEOMETRY_EVIDENCE,2,current_package_member_or_evidence,ROUTE-VALID-003 작업의 목적·실행 결과·해석 경계를 기록한 보고서. 관련 ID: ROUTE-VALID-003(STEP·tessellation·imported STL selected-slice 비교 작업)
05_DESCRIPTOR_XREG_GEOMETRY_EVIDENCE/ROUTE-VALID-003/ROUTE_VALID_003_PACKET.json,ROUTE_VALID_003_PACKET.json,.json,05_DESCRIPTOR_XREG_GEOMETRY_EVIDENCE,2,current_package_member_or_evidence,ROUTE-VALID-003 폴더의 설정·manifest·상태·QA 기계 판독 파일. 관련 ID: ROUTE-VALID-003(STEP·tessellation·imported STL selected-slice 비교 작업)
05_DESCRIPTOR_XREG_GEOMETRY_EVIDENCE/ROUTE-VALID-004/FINAL_OUTPUT_MANIFEST.csv,FINAL_OUTPUT_MANIFEST.csv,.csv,05_DESCRIPTOR_XREG_GEOMETRY_EVIDENCE,2,current_package_member_or_evidence,ROUTE-VALID-004 입력·출력·경로·SHA-256을 고정한 manifest. 관련 ID: ROUTE-VALID-004(source type별 허용·차단 route 정책 결정 작업)
05_DESCRIPTOR_XREG_GEOMETRY_EVIDENCE/ROUTE-VALID-004/INDEPENDENT_QA.json,INDEPENDENT_QA.json,.json,05_DESCRIPTOR_XREG_GEOMETRY_EVIDENCE,2,current_package_member_or_evidence,ROUTE-VALID-004 결과의 독립 재검사·무결성·계약 통과 여부를 기록한 QA 파일. 관련 ID: ROUTE-VALID-004(source type별 허용·차단 route 정책 결정 작업)
05_DESCRIPTOR_XREG_GEOMETRY_EVIDENCE/ROUTE-VALID-004/MERGE_PACKET.md,MERGE_PACKET.md,.md,05_DESCRIPTOR_XREG_GEOMETRY_EVIDENCE,2,current_package_member_or_evidence,ROUTE-VALID-004 작업의 QA·채택 범위·남은 제한을 요약한 merge packet. 관련 ID: ROUTE-VALID-004(source type별 허용·차단 route 정책 결정 작업)
05_DESCRIPTOR_XREG_GEOMETRY_EVIDENCE/ROUTE-VALID-004/OUTPUT_MANIFEST.csv,OUTPUT_MANIFEST.csv,.csv,05_DESCRIPTOR_XREG_GEOMETRY_EVIDENCE,2,current_package_member_or_evidence,ROUTE-VALID-004 입력·출력·경로·SHA-256을 고정한 manifest. 관련 ID: ROUTE-VALID-004(source type별 허용·차단 route 정책 결정 작업)
05_DESCRIPTOR_XREG_GEOMETRY_EVIDENCE/ROUTE-VALID-004/POLICY_CONTRACT.json,POLICY_CONTRACT.json,.json,05_DESCRIPTOR_XREG_GEOMETRY_EVIDENCE,2,current_package_member_or_evidence,ROUTE-VALID-004 폴더의 설정·manifest·상태·QA 기계 판독 파일. 관련 ID: ROUTE-VALID-004(source type별 허용·차단 route 정책 결정 작업)
05_DESCRIPTOR_XREG_GEOMETRY_EVIDENCE/ROUTE-VALID-004/PROTECTED_ASSET_RECHECK.csv,PROTECTED_ASSET_RECHECK.csv,.csv,05_DESCRIPTOR_XREG_GEOMETRY_EVIDENCE,2,current_package_member_or_evidence,ROUTE-VALID-004 폴더의 계산값·registry·manifest·QA 표. 관련 ID: ROUTE-VALID-004(source type별 허용·차단 route 정책 결정 작업)
05_DESCRIPTOR_XREG_GEOMETRY_EVIDENCE/ROUTE-VALID-004/REPORT.md,REPORT.md,.md,05_DESCRIPTOR_XREG_GEOMETRY_EVIDENCE,2,current_package_member_or_evidence,ROUTE-VALID-004 작업의 목적·실행 결과·해석 경계를 기록한 보고서. 관련 ID: ROUTE-VALID-004(source type별 허용·차단 route 정책 결정 작업)
05_DESCRIPTOR_XREG_GEOMETRY_EVIDENCE/STRICT-STEP-026/anchor_pngs/overlay_0199_0200.png,overlay_0199_0200.png,.png,05_DESCRIPTOR_XREG_GEOMETRY_EVIDENCE,3,current_package_member_or_evidence,anchor_pngs 작업의 slice·overlay·진단·결과 시각 자료. 관련 ID: STRICT-STEP-026(C1 원본 STEP direct slicing·구조인자 40개 계산 작업)
05_DESCRIPTOR_XREG_GEOMETRY_EVIDENCE/STRICT-STEP-026/anchor_pngs/overlay_0399_0400.png,overlay_0399_0400.png,.png,05_DESCRIPTOR_XREG_GEOMETRY_EVIDENCE,3,current_package_member_or_evidence,anchor_pngs 작업의 slice·overlay·진단·결과 시각 자료. 관련 ID: STRICT-STEP-026(C1 원본 STEP direct slicing·구조인자 40개 계산 작업)
05_DESCRIPTOR_XREG_GEOMETRY_EVIDENCE/STRICT-STEP-026/anchor_pngs/overlay_0599_0600.png,overlay_0599_0600.png,.png,05_DESCRIPTOR_XREG_GEOMETRY_EVIDENCE,3,current_package_member_or_evidence,anchor_pngs 작업의 slice·overlay·진단·결과 시각 자료. 관련 ID: STRICT-STEP-026(C1 원본 STEP direct slicing·구조인자 40개 계산 작업)
05_DESCRIPTOR_XREG_GEOMETRY_EVIDENCE/STRICT-STEP-026/anchor_pngs/overlay_0799_0800.png,overlay_0799_0800.png,.png,05_DESCRIPTOR_XREG_GEOMETRY_EVIDENCE,3,current_package_member_or_evidence,anchor_pngs 작업의 slice·overlay·진단·결과 시각 자료. 관련 ID: STRICT-STEP-026(C1 원본 STEP direct slicing·구조인자 40개 계산 작업)
05_DESCRIPTOR_XREG_GEOMETRY_EVIDENCE/STRICT-STEP-026/anchor_pngs/slice_0000.png,slice_0000.png,.png,05_DESCRIPTOR_XREG_GEOMETRY_EVIDENCE,3,current_package_member_or_evidence,anchor_pngs 작업의 slice·overlay·진단·결과 시각 자료. 관련 ID: STRICT-STEP-026(C1 원본 STEP direct slicing·구조인자 40개 계산 작업)
05_DESCRIPTOR_XREG_GEOMETRY_EVIDENCE/STRICT-STEP-026/anchor_pngs/slice_0200.png,slice_0200.png,.png,05_DESCRIPTOR_XREG_GEOMETRY_EVIDENCE,3,current_package_member_or_evidence,anchor_pngs 작업의 slice·overlay·진단·결과 시각 자료. 관련 ID: STRICT-STEP-026(C1 원본 STEP direct slicing·구조인자 40개 계산 작업)
05_DESCRIPTOR_XREG_GEOMETRY_EVIDENCE/STRICT-STEP-026/anchor_pngs/slice_0400.png,slice_0400.png,.png,05_DESCRIPTOR_XREG_GEOMETRY_EVIDENCE,3,current_package_member_or_evidence,anchor_pngs 작업의 slice·overlay·진단·결과 시각 자료. 관련 ID: STRICT-STEP-026(C1 원본 STEP direct slicing·구조인자 40개 계산 작업)
05_DESCRIPTOR_XREG_GEOMETRY_EVIDENCE/STRICT-STEP-026/anchor_pngs/slice_0600.png,slice_0600.png,.png,05_DESCRIPTOR_XREG_GEOMETRY_EVIDENCE,3,current_package_member_or_evidence,anchor_pngs 작업의 slice·overlay·진단·결과 시각 자료. 관련 ID: STRICT-STEP-026(C1 원본 STEP direct slicing·구조인자 40개 계산 작업)
05_DESCRIPTOR_XREG_GEOMETRY_EVIDENCE/STRICT-STEP-026/anchor_pngs/slice_0800.png,slice_0800.png,.png,05_DESCRIPTOR_XREG_GEOMETRY_EVIDENCE,3,current_package_member_or_evidence,anchor_pngs 작업의 slice·overlay·진단·결과 시각 자료. 관련 ID: STRICT-STEP-026(C1 원본 STEP direct slicing·구조인자 40개 계산 작업)
05_DESCRIPTOR_XREG_GEOMETRY_EVIDENCE/STRICT-STEP-026/CONTRACT_MANIFEST.json,CONTRACT_MANIFEST.json,.json,05_DESCRIPTOR_XREG_GEOMETRY_EVIDENCE,2,current_package_member_or_evidence,STRICT-STEP-026 입력·출력·경로·SHA-256을 고정한 manifest. 관련 ID: STRICT-STEP-026(C1 원본 STEP direct slicing·구조인자 40개 계산 작업)
05_DESCRIPTOR_XREG_GEOMETRY_EVIDENCE/STRICT-STEP-026/direct_legacy_scalar_table.csv,direct_legacy_scalar_table.csv,.csv,05_DESCRIPTOR_XREG_GEOMETRY_EVIDENCE,2,current_package_member_or_evidence,STRICT-STEP-026 작업의 v1.1 authoritative evidence 근거 파일. 관련 ID: STRICT-STEP-026(C1 원본 STEP direct slicing·구조인자 40개 계산 작업)
05_DESCRIPTOR_XREG_GEOMETRY_EVIDENCE/STRICT-STEP-026/INDEPENDENT_QA.json,INDEPENDENT_QA.json,.json,05_DESCRIPTOR_XREG_GEOMETRY_EVIDENCE,2,current_package_member_or_evidence,STRICT-STEP-026 결과의 독립 재검사·무결성·계약 통과 여부를 기록한 QA 파일. 관련 ID: STRICT-STEP-026(C1 원본 STEP direct slicing·구조인자 40개 계산 작업)
05_DESCRIPTOR_XREG_GEOMETRY_EVIDENCE/STRICT-STEP-026/overlay_png_manifest.csv,overlay_png_manifest.csv,.csv,05_DESCRIPTOR_XREG_GEOMETRY_EVIDENCE,2,current_package_member_or_evidence,STRICT-STEP-026 입력·출력·경로·SHA-256을 고정한 manifest. 관련 ID: STRICT-STEP-026(C1 원본 STEP direct slicing·구조인자 40개 계산 작업)
05_DESCRIPTOR_XREG_GEOMETRY_EVIDENCE/STRICT-STEP-026/RUN_STATE.json,RUN_STATE.json,.json,05_DESCRIPTOR_XREG_GEOMETRY_EVIDENCE,2,current_package_member_or_evidence,STRICT-STEP-026 작업의 terminal_snapshot_v1_1_r2 근거 파일. 관련 ID: STRICT-STEP-026(C1 원본 STEP direct slicing·구조인자 40개 계산 작업)
05_DESCRIPTOR_XREG_GEOMETRY_EVIDENCE/STRICT-STEP-026/slice_png_manifest.csv,slice_png_manifest.csv,.csv,05_DESCRIPTOR_XREG_GEOMETRY_EVIDENCE,2,current_package_member_or_evidence,STRICT-STEP-026 입력·출력·경로·SHA-256을 고정한 manifest. 관련 ID: STRICT-STEP-026(C1 원본 STEP direct slicing·구조인자 40개 계산 작업)
05_DESCRIPTOR_XREG_GEOMETRY_EVIDENCE/XREG-v2.7/PRM149_unified_redundancy_block_registry.csv,PRM149_unified_redundancy_block_registry.csv,.csv,05_DESCRIPTOR_XREG_GEOMETRY_EVIDENCE,2,current_package_member_or_evidence,XREG-v2.7 폴더의 계산값·registry·manifest·QA 표. 관련 ID: XREG-v2.7(구조인자 후보은행(기존 구조인자 + 새로 추가한 구조인자 후보 542개))
05_DESCRIPTOR_XREG_GEOMETRY_EVIDENCE/XREG-v2.7/PRM149_unified_redundancy_edge_registry.csv,PRM149_unified_redundancy_edge_registry.csv,.csv,05_DESCRIPTOR_XREG_GEOMETRY_EVIDENCE,2,current_package_member_or_evidence,XREG-v2.7 폴더의 계산값·registry·manifest·QA 표. 관련 ID: XREG-v2.7(구조인자 후보은행(기존 구조인자 + 새로 추가한 구조인자 후보 542개))
05_DESCRIPTOR_XREG_GEOMETRY_EVIDENCE/XREG-v2.7/PRM149_xreg_v2_7_candidate_bank.csv,PRM149_xreg_v2_7_candidate_bank.csv,.csv,05_DESCRIPTOR_XREG_GEOMETRY_EVIDENCE,2,current_package_member_or_evidence,XREG-v2.7 폴더의 계산값·registry·manifest·QA 표. 관련 ID: XREG-v2.7(구조인자 후보은행(기존 구조인자 + 새로 추가한 구조인자 후보 542개))
05_DESCRIPTOR_XREG_GEOMETRY_EVIDENCE/XREG-v2.7/PRM149_xreg_v2_7_values_long.csv,PRM149_xreg_v2_7_values_long.csv,.csv,05_DESCRIPTOR_XREG_GEOMETRY_EVIDENCE,2,current_package_member_or_evidence,XREG-v2.7 폴더의 계산값·registry·manifest·QA 표. 관련 ID: XREG-v2.7(구조인자 후보은행(기존 구조인자 + 새로 추가한 구조인자 후보 542개))
06_TRAINING_EVIDENCE/TRAIN-AUDIT-001/MERGE_PACKET.md,MERGE_PACKET.md,.md,06_TRAINING_EVIDENCE,2,current_package_member_or_evidence,TRAIN-AUDIT-001 작업의 QA·채택 범위·남은 제한을 요약한 merge packet. 관련 ID: TRAIN-AUDIT-001(박사님 제공 Training Notebook 9개 구조·입출력 감사)
06_TRAINING_EVIDENCE/TRAIN-AUDIT-001/NEXT_ACTION_RECOMMENDATION.md,NEXT_ACTION_RECOMMENDATION.md,.md,06_TRAINING_EVIDENCE,2,current_package_member_or_evidence,TRAIN-AUDIT-001 폴더의 설명·보고·계약·의사결정 문서. 관련 ID: TRAIN-AUDIT-001(박사님 제공 Training Notebook 9개 구조·입출력 감사)
06_TRAINING_EVIDENCE/TRAIN-AUDIT-001/REPORT.md,REPORT.md,.md,06_TRAINING_EVIDENCE,2,current_package_member_or_evidence,TRAIN-AUDIT-001 작업의 목적·실행 결과·해석 경계를 기록한 보고서. 관련 ID: TRAIN-AUDIT-001(박사님 제공 Training Notebook 9개 구조·입출력 감사)
06_TRAINING_EVIDENCE/TRAIN-AUDIT-001/TRAINING_EXISTING_EVIDENCE_INDEX.csv,TRAINING_EXISTING_EVIDENCE_INDEX.csv,.csv,06_TRAINING_EVIDENCE,2,current_package_member_or_evidence,TRAIN-AUDIT-001 폴더의 계산값·registry·manifest·QA 표. 관련 ID: TRAIN-AUDIT-001(박사님 제공 Training Notebook 9개 구조·입출력 감사)
06_TRAINING_EVIDENCE/TRAIN-AUDIT-001/TRAINING_FIRST_UNFINISHED_GATE.md,TRAINING_FIRST_UNFINISHED_GATE.md,.md,06_TRAINING_EVIDENCE,2,current_package_member_or_evidence,TRAIN-AUDIT-001 폴더의 설명·보고·계약·의사결정 문서. 관련 ID: TRAIN-AUDIT-001(박사님 제공 Training Notebook 9개 구조·입출력 감사)
06_TRAINING_EVIDENCE/TRAIN-AUDIT-001/TRAINING_NINE_NOTEBOOK_STATUS_MATRIX.csv,TRAINING_NINE_NOTEBOOK_STATUS_MATRIX.csv,.csv,06_TRAINING_EVIDENCE,2,current_package_member_or_evidence,TRAIN-AUDIT-001 폴더의 계산값·registry·manifest·QA 표. 관련 ID: TRAIN-AUDIT-001(박사님 제공 Training Notebook 9개 구조·입출력 감사)
06_TRAINING_EVIDENCE/TRAIN-AUDIT-001/TRAINING_SOURCE_AND_MODULE_LINEAGE.csv,TRAINING_SOURCE_AND_MODULE_LINEAGE.csv,.csv,06_TRAINING_EVIDENCE,2,current_package_member_or_evidence,TRAIN-AUDIT-001 폴더의 계산값·registry·manifest·QA 표. 관련 ID: TRAIN-AUDIT-001(박사님 제공 Training Notebook 9개 구조·입출력 감사)
06_TRAINING_EVIDENCE/TRAIN-PARITY-001/ADAPTER_GAP_AND_READINESS_MATRIX.csv,ADAPTER_GAP_AND_READINESS_MATRIX.csv,.csv,06_TRAINING_EVIDENCE,2,current_package_member_or_evidence,TRAIN-PARITY-001 폴더의 계산값·registry·manifest·QA 표. 관련 ID: TRAIN-PARITY(Training 원본 branch와 adapter의 수치 동등성 검증 작업군)
06_TRAINING_EVIDENCE/TRAIN-PARITY-001/CONTROLLED_PARITY_EXECUTION_PREREQUISITES.md,CONTROLLED_PARITY_EXECUTION_PREREQUISITES.md,.md,06_TRAINING_EVIDENCE,2,current_package_member_or_evidence,TRAIN-PARITY-001 폴더의 설명·보고·계약·의사결정 문서. 관련 ID: TRAIN-PARITY(Training 원본 branch와 adapter의 수치 동등성 검증 작업군)
06_TRAINING_EVIDENCE/TRAIN-PARITY-001/DATASET_AND_GROUP_PARITY_CONTRACT.csv,DATASET_AND_GROUP_PARITY_CONTRACT.csv,.csv,06_TRAINING_EVIDENCE,2,current_package_member_or_evidence,TRAIN-PARITY-001 작업의 v1.1 authoritative evidence 근거 파일. 관련 ID: TRAIN-PARITY(Training 원본 branch와 adapter의 수치 동등성 검증 작업군)
06_TRAINING_EVIDENCE/TRAIN-PARITY-001/DETERMINISM_AND_RANDOMNESS_REGISTER.csv,DETERMINISM_AND_RANDOMNESS_REGISTER.csv,.csv,06_TRAINING_EVIDENCE,2,current_package_member_or_evidence,TRAIN-PARITY-001 폴더의 계산값·registry·manifest·QA 표. 관련 ID: TRAIN-PARITY(Training 원본 branch와 adapter의 수치 동등성 검증 작업군)
06_TRAINING_EVIDENCE/TRAIN-PARITY-001/FEATURE_METHOD_MODEL_PARITY_CONTRACT.csv,FEATURE_METHOD_MODEL_PARITY_CONTRACT.csv,.csv,06_TRAINING_EVIDENCE,2,current_package_member_or_evidence,TRAIN-PARITY-001 작업의 v1.1 authoritative evidence 근거 파일. 관련 ID: TRAIN-PARITY(Training 원본 branch와 adapter의 수치 동등성 검증 작업군)
06_TRAINING_EVIDENCE/TRAIN-PARITY-001/FOLD_MANIFEST_SCHEMA.csv,FOLD_MANIFEST_SCHEMA.csv,.csv,06_TRAINING_EVIDENCE,2,current_package_member_or_evidence,TRAIN-PARITY-001 입력·출력·경로·SHA-256을 고정한 manifest. 관련 ID: TRAIN-PARITY(Training 원본 branch와 adapter의 수치 동등성 검증 작업군)
06_TRAINING_EVIDENCE/TRAIN-PARITY-001/FROZEN_SOURCE_EXECUTION_CONTRACT.json,FROZEN_SOURCE_EXECUTION_CONTRACT.json,.json,06_TRAINING_EVIDENCE,2,current_package_member_or_evidence,TRAIN-PARITY-001 작업의 v1.1 authoritative evidence 근거 파일. 관련 ID: TRAIN-PARITY(Training 원본 branch와 adapter의 수치 동등성 검증 작업군)
06_TRAINING_EVIDENCE/TRAIN-PARITY-001/MERGE_PACKET.md,MERGE_PACKET.md,.md,06_TRAINING_EVIDENCE,2,current_package_member_or_evidence,TRAIN-PARITY-001 작업의 QA·채택 범위·남은 제한을 요약한 merge packet. 관련 ID: TRAIN-PARITY(Training 원본 branch와 adapter의 수치 동등성 검증 작업군)
06_TRAINING_EVIDENCE/TRAIN-PARITY-001/PREDICTION_METRIC_TOLERANCE_REGISTRY.csv,PREDICTION_METRIC_TOLERANCE_REGISTRY.csv,.csv,06_TRAINING_EVIDENCE,2,current_package_member_or_evidence,TRAIN-PARITY-001 폴더의 계산값·registry·manifest·QA 표. 관련 ID: TRAIN-PARITY(Training 원본 branch와 adapter의 수치 동등성 검증 작업군)
06_TRAINING_EVIDENCE/TRAIN-PARITY-001/REPORT.md,REPORT.md,.md,06_TRAINING_EVIDENCE,2,current_package_member_or_evidence,TRAIN-PARITY-001 작업의 목적·실행 결과·해석 경계를 기록한 보고서. 관련 ID: TRAIN-PARITY(Training 원본 branch와 adapter의 수치 동등성 검증 작업군)
06_TRAINING_EVIDENCE/TRAIN-PARITY-001/SOURCE_ADAPTER_LINEAGE_MATRIX.csv,SOURCE_ADAPTER_LINEAGE_MATRIX.csv,.csv,06_TRAINING_EVIDENCE,2,current_package_member_or_evidence,TRAIN-PARITY-001 폴더의 계산값·registry·manifest·QA 표. 관련 ID: TRAIN-PARITY(Training 원본 branch와 adapter의 수치 동등성 검증 작업군)
06_TRAINING_EVIDENCE/TRAIN-PARITY-001/TARGET_ELIGIBILITY_AND_HOLD_POLICY.csv,TARGET_ELIGIBILITY_AND_HOLD_POLICY.csv,.csv,06_TRAINING_EVIDENCE,2,current_package_member_or_evidence,TRAIN-PARITY-001 폴더의 계산값·registry·manifest·QA 표. 관련 ID: TRAIN-PARITY(Training 원본 branch와 adapter의 수치 동등성 검증 작업군)
06_TRAINING_EVIDENCE/TRAIN-PARITY-002/artifacts/COLUMN_IDENTITY_LEDGER.csv,COLUMN_IDENTITY_LEDGER.csv,.csv,06_TRAINING_EVIDENCE,3,current_package_member_or_evidence,TRAIN-PARITY-002 작업의 v1.1 authoritative evidence 근거 파일. 관련 ID: TRAIN-PARITY(Training 원본 branch와 adapter의 수치 동등성 검증 작업군)
06_TRAINING_EVIDENCE/TRAIN-PARITY-002/artifacts/DATASET_MANIFEST.json,DATASET_MANIFEST.json,.json,06_TRAINING_EVIDENCE,3,current_package_member_or_evidence,artifacts 입력·출력·경로·SHA-256을 고정한 manifest. 관련 ID: TRAIN-PARITY(Training 원본 branch와 adapter의 수치 동등성 검증 작업군)
06_TRAINING_EVIDENCE/TRAIN-PARITY-002/artifacts/METRIC_LEDGER_EMPTY.csv,METRIC_LEDGER_EMPTY.csv,.csv,06_TRAINING_EVIDENCE,3,current_package_member_or_evidence,"TRAIN-PARITY-002, TRAIN-PARITY-002A 작업의 v1.1 authoritative evidence 근거 파일. 관련 ID: TRAIN-PARITY(Training 원본 branch와 adapter의 수치 동등성 검증 작업군)"
06_TRAINING_EVIDENCE/TRAIN-PARITY-002/artifacts/PREDICTION_LEDGER_EMPTY.csv,PREDICTION_LEDGER_EMPTY.csv,.csv,06_TRAINING_EVIDENCE,3,current_package_member_or_evidence,"TRAIN-PARITY-002, TRAIN-PARITY-002A 작업의 v1.1 authoritative evidence 근거 파일. 관련 ID: TRAIN-PARITY(Training 원본 branch와 adapter의 수치 동등성 검증 작업군)"
06_TRAINING_EVIDENCE/TRAIN-PARITY-002/artifacts/ROW_IDENTITY_LEDGER.csv,ROW_IDENTITY_LEDGER.csv,.csv,06_TRAINING_EVIDENCE,3,current_package_member_or_evidence,TRAIN-PARITY-002 작업의 v1.1 authoritative evidence 근거 파일. 관련 ID: TRAIN-PARITY(Training 원본 branch와 adapter의 수치 동등성 검증 작업군)
06_TRAINING_EVIDENCE/TRAIN-PARITY-002/artifacts/SHARED_FOLD_MANIFEST.csv,SHARED_FOLD_MANIFEST.csv,.csv,06_TRAINING_EVIDENCE,3,current_package_member_or_evidence,artifacts 입력·출력·경로·SHA-256을 고정한 manifest. 관련 ID: TRAIN-PARITY(Training 원본 branch와 adapter의 수치 동등성 검증 작업군)
06_TRAINING_EVIDENCE/TRAIN-PARITY-002/artifacts/SHARED_FOLD_MANIFEST.meta.json,SHARED_FOLD_MANIFEST.meta.json,.json,06_TRAINING_EVIDENCE,3,current_package_member_or_evidence,artifacts 입력·출력·경로·SHA-256을 고정한 manifest. 관련 ID: TRAIN-PARITY(Training 원본 branch와 adapter의 수치 동등성 검증 작업군)
06_TRAINING_EVIDENCE/TRAIN-PARITY-002/artifacts/TARGET_SAMPLE_LEDGER.csv,TARGET_SAMPLE_LEDGER.csv,.csv,06_TRAINING_EVIDENCE,3,current_package_member_or_evidence,TRAIN-PARITY-002 작업의 v1.1 authoritative evidence 근거 파일. 관련 ID: TRAIN-PARITY(Training 원본 branch와 adapter의 수치 동등성 검증 작업군)
06_TRAINING_EVIDENCE/TRAIN-PARITY-002/DATASET_EXTRACTOR_QA.csv,DATASET_EXTRACTOR_QA.csv,.csv,06_TRAINING_EVIDENCE,2,current_package_member_or_evidence,TRAIN-PARITY-002 결과의 독립 재검사·무결성·계약 통과 여부를 기록한 QA 파일. 관련 ID: TRAIN-PARITY(Training 원본 branch와 adapter의 수치 동등성 검증 작업군)
06_TRAINING_EVIDENCE/TRAIN-PARITY-002/GROUP_AND_FOLD_MANIFEST_QA.csv,GROUP_AND_FOLD_MANIFEST_QA.csv,.csv,06_TRAINING_EVIDENCE,2,current_package_member_or_evidence,TRAIN-PARITY-002 결과의 독립 재검사·무결성·계약 통과 여부를 기록한 QA 파일. 관련 ID: TRAIN-PARITY(Training 원본 branch와 adapter의 수치 동등성 검증 작업군)
06_TRAINING_EVIDENCE/TRAIN-PARITY-002/implementation/__init__.py,__init__.py,.py,06_TRAINING_EVIDENCE,3,current_package_member_or_evidence,implementation 폴더의 Python 실행·계산·검증 스크립트. 관련 ID: TRAIN-PARITY(Training 원본 branch와 adapter의 수치 동등성 검증 작업군)
06_TRAINING_EVIDENCE/TRAIN-PARITY-002/implementation/contracts.py,contracts.py,.py,06_TRAINING_EVIDENCE,3,current_package_member_or_evidence,TRAIN-PARITY-002 작업의 v1.1 authoritative evidence 근거 파일. 관련 ID: TRAIN-PARITY(Training 원본 branch와 adapter의 수치 동등성 검증 작업군)
06_TRAINING_EVIDENCE/TRAIN-PARITY-002/implementation/extractor.py,extractor.py,.py,06_TRAINING_EVIDENCE,3,current_package_member_or_evidence,implementation 폴더의 Python 실행·계산·검증 스크립트. 관련 ID: TRAIN-PARITY(Training 원본 branch와 adapter의 수치 동등성 검증 작업군)
06_TRAINING_EVIDENCE/TRAIN-PARITY-002/implementation/folds.py,folds.py,.py,06_TRAINING_EVIDENCE,3,current_package_member_or_evidence,implementation 폴더의 Python 실행·계산·검증 스크립트. 관련 ID: TRAIN-PARITY(Training 원본 branch와 adapter의 수치 동등성 검증 작업군)
06_TRAINING_EVIDENCE/TRAIN-PARITY-002/implementation/guards.py,guards.py,.py,06_TRAINING_EVIDENCE,3,current_package_member_or_evidence,implementation 폴더의 Python 실행·계산·검증 스크립트. 관련 ID: TRAIN-PARITY(Training 원본 branch와 adapter의 수치 동등성 검증 작업군)
06_TRAINING_EVIDENCE/TRAIN-PARITY-002/implementation/hashing.py,hashing.py,.py,06_TRAINING_EVIDENCE,3,current_package_member_or_evidence,implementation 폴더의 Python 실행·계산·검증 스크립트. 관련 ID: TRAIN-PARITY(Training 원본 branch와 adapter의 수치 동등성 검증 작업군)
06_TRAINING_EVIDENCE/TRAIN-PARITY-002/implementation/ledgers.py,ledgers.py,.py,06_TRAINING_EVIDENCE,3,current_package_member_or_evidence,TRAIN-PARITY-002 작업의 v1.1 authoritative evidence 근거 파일. 관련 ID: TRAIN-PARITY(Training 원본 branch와 adapter의 수치 동등성 검증 작업군)
06_TRAINING_EVIDENCE/TRAIN-PARITY-002/implementation/observability.py,observability.py,.py,06_TRAINING_EVIDENCE,3,current_package_member_or_evidence,implementation 폴더의 Python 실행·계산·검증 스크립트. 관련 ID: TRAIN-PARITY(Training 원본 branch와 adapter의 수치 동등성 검증 작업군)
06_TRAINING_EVIDENCE/TRAIN-PARITY-002/implementation/source_ast.py,source_ast.py,.py,06_TRAINING_EVIDENCE,3,current_package_member_or_evidence,implementation 폴더의 Python 실행·계산·검증 스크립트. 관련 ID: TRAIN-PARITY(Training 원본 branch와 adapter의 수치 동등성 검증 작업군)
06_TRAINING_EVIDENCE/TRAIN-PARITY-002/implementation/stage_graph.py,stage_graph.py,.py,06_TRAINING_EVIDENCE,3,current_package_member_or_evidence,implementation 폴더의 Python 실행·계산·검증 스크립트. 관련 ID: TRAIN-PARITY(Training 원본 branch와 adapter의 수치 동등성 검증 작업군)
06_TRAINING_EVIDENCE/TRAIN-PARITY-002/IMPLEMENTATION_MANIFEST.json,IMPLEMENTATION_MANIFEST.json,.json,06_TRAINING_EVIDENCE,2,current_package_member_or_evidence,TRAIN-PARITY-002 입력·출력·경로·SHA-256을 고정한 manifest. 관련 ID: TRAIN-PARITY(Training 원본 branch와 adapter의 수치 동등성 검증 작업군)
06_TRAINING_EVIDENCE/TRAIN-PARITY-002/INDEPENDENT_QA.json,INDEPENDENT_QA.json,.json,06_TRAINING_EVIDENCE,2,current_package_member_or_evidence,TRAIN-PARITY-002 결과의 독립 재검사·무결성·계약 통과 여부를 기록한 QA 파일. 관련 ID: TRAIN-PARITY(Training 원본 branch와 adapter의 수치 동등성 검증 작업군)
06_TRAINING_EVIDENCE/TRAIN-PARITY-002/independent_qa.py,independent_qa.py,.py,06_TRAINING_EVIDENCE,2,current_package_member_or_evidence,TRAIN-PARITY-002 작업의 v1.1 authoritative evidence 근거 파일. 관련 ID: TRAIN-PARITY(Training 원본 branch와 adapter의 수치 동등성 검증 작업군)
06_TRAINING_EVIDENCE/TRAIN-PARITY-002/MERGE_PACKET.md,MERGE_PACKET.md,.md,06_TRAINING_EVIDENCE,2,current_package_member_or_evidence,TRAIN-PARITY-002 작업의 QA·채택 범위·남은 제한을 요약한 merge packet. 관련 ID: TRAIN-PARITY(Training 원본 branch와 adapter의 수치 동등성 검증 작업군)
06_TRAINING_EVIDENCE/TRAIN-PARITY-002/NEGATIVE_FAIL_CLOSED_QA.csv,NEGATIVE_FAIL_CLOSED_QA.csv,.csv,06_TRAINING_EVIDENCE,2,current_package_member_or_evidence,TRAIN-PARITY-002 결과의 독립 재검사·무결성·계약 통과 여부를 기록한 QA 파일. 관련 ID: TRAIN-PARITY(Training 원본 branch와 adapter의 수치 동등성 검증 작업군)
06_TRAINING_EVIDENCE/TRAIN-PARITY-002/NO_FIT_PROOF.json,NO_FIT_PROOF.json,.json,06_TRAINING_EVIDENCE,2,current_package_member_or_evidence,TRAIN-PARITY-002 폴더의 설정·manifest·상태·QA 기계 판독 파일. 관련 ID: TRAIN-PARITY(Training 원본 branch와 adapter의 수치 동등성 검증 작업군)
06_TRAINING_EVIDENCE/TRAIN-PARITY-002/OBSERVABILITY_EVENT_SCHEMA.csv,OBSERVABILITY_EVENT_SCHEMA.csv,.csv,06_TRAINING_EVIDENCE,2,current_package_member_or_evidence,TRAIN-PARITY-002 폴더의 계산값·registry·manifest·QA 표. 관련 ID: TRAIN-PARITY(Training 원본 branch와 adapter의 수치 동등성 검증 작업군)
06_TRAINING_EVIDENCE/TRAIN-PARITY-002/PREDICTION_METRIC_LEDGER_SCHEMA.csv,PREDICTION_METRIC_LEDGER_SCHEMA.csv,.csv,06_TRAINING_EVIDENCE,2,current_package_member_or_evidence,TRAIN-PARITY-002 작업의 v1.1 authoritative evidence 근거 파일. 관련 ID: TRAIN-PARITY(Training 원본 branch와 adapter의 수치 동등성 검증 작업군)
06_TRAINING_EVIDENCE/TRAIN-PARITY-002/PROTECTED_ASSET_HASH_AUDIT.csv,PROTECTED_ASSET_HASH_AUDIT.csv,.csv,06_TRAINING_EVIDENCE,2,current_package_member_or_evidence,TRAIN-PARITY-002 폴더의 계산값·registry·manifest·QA 표. 관련 ID: TRAIN-PARITY(Training 원본 branch와 adapter의 수치 동등성 검증 작업군)
06_TRAINING_EVIDENCE/TRAIN-PARITY-002/REPORT.md,REPORT.md,.md,06_TRAINING_EVIDENCE,2,current_package_member_or_evidence,TRAIN-PARITY-002 작업의 목적·실행 결과·해석 경계를 기록한 보고서. 관련 ID: TRAIN-PARITY(Training 원본 branch와 adapter의 수치 동등성 검증 작업군)
06_TRAINING_EVIDENCE/TRAIN-PARITY-002/run_no_fit_implementation.py,run_no_fit_implementation.py,.py,06_TRAINING_EVIDENCE,2,current_package_member_or_evidence,TRAIN-PARITY-002 폴더의 Python 실행·계산·검증 스크립트. 관련 ID: TRAIN-PARITY(Training 원본 branch와 adapter의 수치 동등성 검증 작업군)
06_TRAINING_EVIDENCE/TRAIN-PARITY-002/SOURCE_FUNCTION_LINEAGE.csv,SOURCE_FUNCTION_LINEAGE.csv,.csv,06_TRAINING_EVIDENCE,2,current_package_member_or_evidence,TRAIN-PARITY-002 폴더의 계산값·registry·manifest·QA 표. 관련 ID: TRAIN-PARITY(Training 원본 branch와 adapter의 수치 동등성 검증 작업군)
06_TRAINING_EVIDENCE/TRAIN-PARITY-002/STAGE_GRAPH_COVERAGE.csv,STAGE_GRAPH_COVERAGE.csv,.csv,06_TRAINING_EVIDENCE,2,current_package_member_or_evidence,TRAIN-PARITY-002 폴더의 계산값·registry·manifest·QA 표. 관련 ID: TRAIN-PARITY(Training 원본 branch와 adapter의 수치 동등성 검증 작업군)
06_TRAINING_EVIDENCE/TRAIN-PARITY-002A/artifacts/FIXTURE_OBSERVABILITY_EVENTS.jsonl,FIXTURE_OBSERVABILITY_EVENTS.jsonl,.jsonl,06_TRAINING_EVIDENCE,3,current_package_member_or_evidence,artifacts 폴더의 연구 패키지 보조 파일. 관련 ID: TRAIN-PARITY(Training 원본 branch와 adapter의 수치 동등성 검증 작업군)
06_TRAINING_EVIDENCE/TRAIN-PARITY-002A/artifacts/METRIC_LEDGER_EMPTY.csv,METRIC_LEDGER_EMPTY.csv,.csv,06_TRAINING_EVIDENCE,3,current_package_member_or_evidence,"TRAIN-PARITY-002, TRAIN-PARITY-002A 작업의 v1.1 authoritative evidence 근거 파일. 관련 ID: TRAIN-PARITY(Training 원본 branch와 adapter의 수치 동등성 검증 작업군)"
06_TRAINING_EVIDENCE/TRAIN-PARITY-002A/artifacts/PREDICTION_LEDGER_EMPTY.csv,PREDICTION_LEDGER_EMPTY.csv,.csv,06_TRAINING_EVIDENCE,3,current_package_member_or_evidence,"TRAIN-PARITY-002, TRAIN-PARITY-002A 작업의 v1.1 authoritative evidence 근거 파일. 관련 ID: TRAIN-PARITY(Training 원본 branch와 adapter의 수치 동등성 검증 작업군)"
06_TRAINING_EVIDENCE/TRAIN-PARITY-002A/BRANCH_IMPLEMENTATION_STATUS.csv,BRANCH_IMPLEMENTATION_STATUS.csv,.csv,06_TRAINING_EVIDENCE,2,current_package_member_or_evidence,TRAIN-PARITY-002A 폴더의 계산값·registry·manifest·QA 표. 관련 ID: TRAIN-PARITY(Training 원본 branch와 adapter의 수치 동등성 검증 작업군)
06_TRAINING_EVIDENCE/TRAIN-PARITY-002A/BRANCH_STAGE_AND_OBJECTIVE_MATRIX.csv,BRANCH_STAGE_AND_OBJECTIVE_MATRIX.csv,.csv,06_TRAINING_EVIDENCE,2,current_package_member_or_evidence,TRAIN-PARITY-002A 폴더의 계산값·registry·manifest·QA 표. 관련 ID: TRAIN-PARITY(Training 원본 branch와 adapter의 수치 동등성 검증 작업군)
06_TRAINING_EVIDENCE/TRAIN-PARITY-002A/implementation/__init__.py,__init__.py,.py,06_TRAINING_EVIDENCE,3,current_package_member_or_evidence,implementation 폴더의 Python 실행·계산·검증 스크립트. 관련 ID: TRAIN-PARITY(Training 원본 branch와 adapter의 수치 동등성 검증 작업군)
06_TRAINING_EVIDENCE/TRAIN-PARITY-002A/implementation/branches.py,branches.py,.py,06_TRAINING_EVIDENCE,3,current_package_member_or_evidence,implementation 폴더의 Python 실행·계산·검증 스크립트. 관련 ID: TRAIN-PARITY(Training 원본 branch와 adapter의 수치 동등성 검증 작업군)
06_TRAINING_EVIDENCE/TRAIN-PARITY-002A/implementation/contracts.py,contracts.py,.py,06_TRAINING_EVIDENCE,3,current_package_member_or_evidence,TRAIN-PARITY-002A 작업의 v1.1 authoritative evidence 근거 파일. 관련 ID: TRAIN-PARITY(Training 원본 branch와 adapter의 수치 동등성 검증 작업군)
06_TRAINING_EVIDENCE/TRAIN-PARITY-002A/implementation/hashing.py,hashing.py,.py,06_TRAINING_EVIDENCE,3,current_package_member_or_evidence,implementation 폴더의 Python 실행·계산·검증 스크립트. 관련 ID: TRAIN-PARITY(Training 원본 branch와 adapter의 수치 동등성 검증 작업군)
06_TRAINING_EVIDENCE/TRAIN-PARITY-002A/implementation/instrumentation.py,instrumentation.py,.py,06_TRAINING_EVIDENCE,3,current_package_member_or_evidence,implementation 폴더의 Python 실행·계산·검증 스크립트. 관련 ID: TRAIN-PARITY(Training 원본 branch와 adapter의 수치 동등성 검증 작업군)
06_TRAINING_EVIDENCE/TRAIN-PARITY-002A/implementation/ledgers.py,ledgers.py,.py,06_TRAINING_EVIDENCE,3,current_package_member_or_evidence,"TRAIN-PARITY-002A, TRAIN-PARITY-003A 작업의 v1.1 authoritative evidence 근거 파일. 관련 ID: TRAIN-PARITY(Training 원본 branch와 adapter의 수치 동등성 검증 작업군)"
06_TRAINING_EVIDENCE/TRAIN-PARITY-002A/implementation/no_fit_guard.py,no_fit_guard.py,.py,06_TRAINING_EVIDENCE,3,current_package_member_or_evidence,implementation 폴더의 Python 실행·계산·검증 스크립트. 관련 ID: TRAIN-PARITY(Training 원본 branch와 adapter의 수치 동등성 검증 작업군)
06_TRAINING_EVIDENCE/TRAIN-PARITY-002A/implementation/source_exact_runtime.py,source_exact_runtime.py,.py,06_TRAINING_EVIDENCE,3,current_package_member_or_evidence,implementation 폴더의 Python 실행·계산·검증 스크립트. 관련 ID: TRAIN-PARITY(Training 원본 branch와 adapter의 수치 동등성 검증 작업군)
06_TRAINING_EVIDENCE/TRAIN-PARITY-002A/IMPLEMENTATION_MANIFEST.json,IMPLEMENTATION_MANIFEST.json,.json,06_TRAINING_EVIDENCE,2,current_package_member_or_evidence,TRAIN-PARITY-002A 입력·출력·경로·SHA-256을 고정한 manifest. 관련 ID: TRAIN-PARITY(Training 원본 branch와 adapter의 수치 동등성 검증 작업군)
06_TRAINING_EVIDENCE/TRAIN-PARITY-002A/INDEPENDENT_QA.json,INDEPENDENT_QA.json,.json,06_TRAINING_EVIDENCE,2,current_package_member_or_evidence,TRAIN-PARITY-002A 결과의 독립 재검사·무결성·계약 통과 여부를 기록한 QA 파일. 관련 ID: TRAIN-PARITY(Training 원본 branch와 adapter의 수치 동등성 검증 작업군)
06_TRAINING_EVIDENCE/TRAIN-PARITY-002A/independent_qa.py,independent_qa.py,.py,06_TRAINING_EVIDENCE,2,current_package_member_or_evidence,TRAIN-PARITY-002A 작업의 v1.1 authoritative evidence 근거 파일. 관련 ID: TRAIN-PARITY(Training 원본 branch와 adapter의 수치 동등성 검증 작업군)
06_TRAINING_EVIDENCE/TRAIN-PARITY-002A/MERGE_PACKET.md,MERGE_PACKET.md,.md,06_TRAINING_EVIDENCE,2,current_package_member_or_evidence,TRAIN-PARITY-002A 작업의 QA·채택 범위·남은 제한을 요약한 merge packet. 관련 ID: TRAIN-PARITY(Training 원본 branch와 adapter의 수치 동등성 검증 작업군)
06_TRAINING_EVIDENCE/TRAIN-PARITY-002A/NO_FIT_PROOF.json,NO_FIT_PROOF.json,.json,06_TRAINING_EVIDENCE,2,current_package_member_or_evidence,TRAIN-PARITY-002A 폴더의 설정·manifest·상태·QA 기계 판독 파일. 관련 ID: TRAIN-PARITY(Training 원본 branch와 adapter의 수치 동등성 검증 작업군)
06_TRAINING_EVIDENCE/TRAIN-PARITY-002A/NONDETERMINISM_AND_FALLBACK_INSTRUMENTATION.csv,NONDETERMINISM_AND_FALLBACK_INSTRUMENTATION.csv,.csv,06_TRAINING_EVIDENCE,2,current_package_member_or_evidence,TRAIN-PARITY-002A 폴더의 계산값·registry·manifest·QA 표. 관련 ID: TRAIN-PARITY(Training 원본 branch와 adapter의 수치 동등성 검증 작업군)
06_TRAINING_EVIDENCE/TRAIN-PARITY-002A/PROTECTED_ASSET_HASH_AUDIT.csv,PROTECTED_ASSET_HASH_AUDIT.csv,.csv,06_TRAINING_EVIDENCE,2,current_package_member_or_evidence,TRAIN-PARITY-002A 폴더의 계산값·registry·manifest·QA 표. 관련 ID: TRAIN-PARITY(Training 원본 branch와 adapter의 수치 동등성 검증 작업군)
06_TRAINING_EVIDENCE/TRAIN-PARITY-002A/REPORT.md,REPORT.md,.md,06_TRAINING_EVIDENCE,2,current_package_member_or_evidence,TRAIN-PARITY-002A 작업의 목적·실행 결과·해석 경계를 기록한 보고서. 관련 ID: TRAIN-PARITY(Training 원본 branch와 adapter의 수치 동등성 검증 작업군)
06_TRAINING_EVIDENCE/TRAIN-PARITY-002A/run_static_fixture_batch.py,run_static_fixture_batch.py,.py,06_TRAINING_EVIDENCE,2,current_package_member_or_evidence,TRAIN-PARITY-002A 폴더의 Python 실행·계산·검증 스크립트. 관련 ID: TRAIN-PARITY(Training 원본 branch와 adapter의 수치 동등성 검증 작업군)
06_TRAINING_EVIDENCE/TRAIN-PARITY-002A/SOURCE_TO_ADAPTER_NUMERICAL_LINEAGE.csv,SOURCE_TO_ADAPTER_NUMERICAL_LINEAGE.csv,.csv,06_TRAINING_EVIDENCE,2,current_package_member_or_evidence,TRAIN-PARITY-002A 폴더의 계산값·registry·manifest·QA 표. 관련 ID: TRAIN-PARITY(Training 원본 branch와 adapter의 수치 동등성 검증 작업군)
06_TRAINING_EVIDENCE/TRAIN-PARITY-002A/STATIC_AND_FIXTURE_QA.csv,STATIC_AND_FIXTURE_QA.csv,.csv,06_TRAINING_EVIDENCE,2,current_package_member_or_evidence,TRAIN-PARITY-002A 결과의 독립 재검사·무결성·계약 통과 여부를 기록한 QA 파일. 관련 ID: TRAIN-PARITY(Training 원본 branch와 adapter의 수치 동등성 검증 작업군)
06_TRAINING_EVIDENCE/TRAIN-PARITY-003/build_preregistration_packet.py,build_preregistration_packet.py,.py,06_TRAINING_EVIDENCE,2,current_package_member_or_evidence,TRAIN-PARITY-003 폴더의 Python 실행·계산·검증 스크립트. 관련 ID: TRAIN-PARITY(Training 원본 branch와 adapter의 수치 동등성 검증 작업군)
06_TRAINING_EVIDENCE/TRAIN-PARITY-003/BUILD_STATE.json,BUILD_STATE.json,.json,06_TRAINING_EVIDENCE,2,current_package_member_or_evidence,TRAIN-PARITY-003 작업의 v1.1 authoritative evidence 근거 파일. 관련 ID: TRAIN-PARITY(Training 원본 branch와 adapter의 수치 동등성 검증 작업군)
06_TRAINING_EVIDENCE/TRAIN-PARITY-003/CONTROLLED_EXECUTION_CONTRACT.json,CONTROLLED_EXECUTION_CONTRACT.json,.json,06_TRAINING_EVIDENCE,2,current_package_member_or_evidence,TRAIN-PARITY-003 작업의 v1.1 authoritative evidence 근거 파일. 관련 ID: TRAIN-PARITY(Training 원본 branch와 adapter의 수치 동등성 검증 작업군)
06_TRAINING_EVIDENCE/TRAIN-PARITY-003/EXECUTION_PERMIT_DRAFT.json,EXECUTION_PERMIT_DRAFT.json,.json,06_TRAINING_EVIDENCE,2,current_package_member_or_evidence,TRAIN-PARITY-003 폴더의 설정·manifest·상태·QA 기계 판독 파일. 관련 ID: TRAIN-PARITY(Training 원본 branch와 adapter의 수치 동등성 검증 작업군)
06_TRAINING_EVIDENCE/TRAIN-PARITY-003/FAIL_CLOSED_STOP_CONDITIONS.csv,FAIL_CLOSED_STOP_CONDITIONS.csv,.csv,06_TRAINING_EVIDENCE,2,current_package_member_or_evidence,TRAIN-PARITY-003 폴더의 계산값·registry·manifest·QA 표. 관련 ID: TRAIN-PARITY(Training 원본 branch와 adapter의 수치 동등성 검증 작업군)
06_TRAINING_EVIDENCE/TRAIN-PARITY-003/independent_preregistration_qa.py,independent_preregistration_qa.py,.py,06_TRAINING_EVIDENCE,2,current_package_member_or_evidence,TRAIN-PARITY-003 작업의 v1.1 authoritative evidence 근거 파일. 관련 ID: TRAIN-PARITY(Training 원본 branch와 adapter의 수치 동등성 검증 작업군)
06_TRAINING_EVIDENCE/TRAIN-PARITY-003/MERGE_PACKET.md,MERGE_PACKET.md,.md,06_TRAINING_EVIDENCE,2,current_package_member_or_evidence,TRAIN-PARITY-003 작업의 QA·채택 범위·남은 제한을 요약한 merge packet. 관련 ID: TRAIN-PARITY(Training 원본 branch와 adapter의 수치 동등성 검증 작업군)
06_TRAINING_EVIDENCE/TRAIN-PARITY-003/PREREGISTRATION_QA.json,PREREGISTRATION_QA.json,.json,06_TRAINING_EVIDENCE,2,current_package_member_or_evidence,TRAIN-PARITY-003 결과의 독립 재검사·무결성·계약 통과 여부를 기록한 QA 파일. 관련 ID: TRAIN-PARITY(Training 원본 branch와 adapter의 수치 동등성 검증 작업군)
06_TRAINING_EVIDENCE/TRAIN-PARITY-003/REPORT.md,REPORT.md,.md,06_TRAINING_EVIDENCE,2,current_package_member_or_evidence,TRAIN-PARITY-003 작업의 목적·실행 결과·해석 경계를 기록한 보고서. 관련 ID: TRAIN-PARITY(Training 원본 branch와 adapter의 수치 동등성 검증 작업군)
06_TRAINING_EVIDENCE/TRAIN-PARITY-003/RESOURCE_AND_RUNTIME_ESTIMATE.csv,RESOURCE_AND_RUNTIME_ESTIMATE.csv,.csv,06_TRAINING_EVIDENCE,2,current_package_member_or_evidence,TRAIN-PARITY-003 폴더의 계산값·registry·manifest·QA 표. 관련 ID: TRAIN-PARITY(Training 원본 branch와 adapter의 수치 동등성 검증 작업군)
06_TRAINING_EVIDENCE/TRAIN-PARITY-003/SENTINEL_TARGET_SELECTION.csv,SENTINEL_TARGET_SELECTION.csv,.csv,06_TRAINING_EVIDENCE,2,current_package_member_or_evidence,TRAIN-PARITY-003 폴더의 계산값·registry·manifest·QA 표. 관련 ID: TRAIN-PARITY(Training 원본 branch와 adapter의 수치 동등성 검증 작업군)
06_TRAINING_EVIDENCE/TRAIN-PARITY-003/SOURCE_REFERENCE_ADAPTER_BINDING.csv,SOURCE_REFERENCE_ADAPTER_BINDING.csv,.csv,06_TRAINING_EVIDENCE,2,current_package_member_or_evidence,TRAIN-PARITY-003 폴더의 계산값·registry·manifest·QA 표. 관련 ID: TRAIN-PARITY(Training 원본 branch와 adapter의 수치 동등성 검증 작업군)
06_TRAINING_EVIDENCE/TRAIN-PARITY-003/STAGE_PARITY_LEDGER_SCHEMA.csv,STAGE_PARITY_LEDGER_SCHEMA.csv,.csv,06_TRAINING_EVIDENCE,2,current_package_member_or_evidence,TRAIN-PARITY-003 작업의 v1.1 authoritative evidence 근거 파일. 관련 ID: TRAIN-PARITY(Training 원본 branch와 adapter의 수치 동등성 검증 작업군)
06_TRAINING_EVIDENCE/TRAIN-PARITY-003A/ADAPTER_BRANCH_NO_FIT_QA.csv,ADAPTER_BRANCH_NO_FIT_QA.csv,.csv,06_TRAINING_EVIDENCE,2,current_package_member_or_evidence,TRAIN-PARITY-003A 결과의 독립 재검사·무결성·계약 통과 여부를 기록한 QA 파일. 관련 ID: TRAIN-PARITY(Training 원본 branch와 adapter의 수치 동등성 검증 작업군)
06_TRAINING_EVIDENCE/TRAIN-PARITY-003A/adapter_v0_1_1/__init__.py,__init__.py,.py,06_TRAINING_EVIDENCE,3,current_package_member_or_evidence,adapter_v0_1_1 폴더의 Python 실행·계산·검증 스크립트. 관련 ID: TRAIN-PARITY(Training 원본 branch와 adapter의 수치 동등성 검증 작업군)
06_TRAINING_EVIDENCE/TRAIN-PARITY-003A/adapter_v0_1_1/implementation/__init__.py,__init__.py,.py,06_TRAINING_EVIDENCE,4,current_package_member_or_evidence,implementation 폴더의 Python 실행·계산·검증 스크립트. 관련 ID: TRAIN-PARITY(Training 원본 branch와 adapter의 수치 동등성 검증 작업군)
06_TRAINING_EVIDENCE/TRAIN-PARITY-003A/adapter_v0_1_1/implementation/branches.py,branches.py,.py,06_TRAINING_EVIDENCE,4,current_package_member_or_evidence,implementation 폴더의 Python 실행·계산·검증 스크립트. 관련 ID: TRAIN-PARITY(Training 원본 branch와 adapter의 수치 동등성 검증 작업군)
06_TRAINING_EVIDENCE/TRAIN-PARITY-003A/adapter_v0_1_1/implementation/contracts.py,contracts.py,.py,06_TRAINING_EVIDENCE,4,current_package_member_or_evidence,TRAIN-PARITY-003A 작업의 v1.1 authoritative evidence 근거 파일. 관련 ID: TRAIN-PARITY(Training 원본 branch와 adapter의 수치 동등성 검증 작업군)
06_TRAINING_EVIDENCE/TRAIN-PARITY-003A/adapter_v0_1_1/implementation/hashing.py,hashing.py,.py,06_TRAINING_EVIDENCE,4,current_package_member_or_evidence,implementation 폴더의 Python 실행·계산·검증 스크립트. 관련 ID: TRAIN-PARITY(Training 원본 branch와 adapter의 수치 동등성 검증 작업군)
06_TRAINING_EVIDENCE/TRAIN-PARITY-003A/adapter_v0_1_1/implementation/instrumentation.py,instrumentation.py,.py,06_TRAINING_EVIDENCE,4,current_package_member_or_evidence,implementation 폴더의 Python 실행·계산·검증 스크립트. 관련 ID: TRAIN-PARITY(Training 원본 branch와 adapter의 수치 동등성 검증 작업군)
06_TRAINING_EVIDENCE/TRAIN-PARITY-003A/adapter_v0_1_1/implementation/ledgers.py,ledgers.py,.py,06_TRAINING_EVIDENCE,4,current_package_member_or_evidence,"TRAIN-PARITY-002A, TRAIN-PARITY-003A 작업의 v1.1 authoritative evidence 근거 파일. 관련 ID: TRAIN-PARITY(Training 원본 branch와 adapter의 수치 동등성 검증 작업군)"
06_TRAINING_EVIDENCE/TRAIN-PARITY-003A/adapter_v0_1_1/implementation/no_fit_guard.py,no_fit_guard.py,.py,06_TRAINING_EVIDENCE,4,current_package_member_or_evidence,implementation 폴더의 Python 실행·계산·검증 스크립트. 관련 ID: TRAIN-PARITY(Training 원본 branch와 adapter의 수치 동등성 검증 작업군)
06_TRAINING_EVIDENCE/TRAIN-PARITY-003A/adapter_v0_1_1/implementation/source_exact_runtime.py,source_exact_runtime.py,.py,06_TRAINING_EVIDENCE,4,current_package_member_or_evidence,implementation 폴더의 Python 실행·계산·검증 스크립트. 관련 ID: TRAIN-PARITY(Training 원본 branch와 adapter의 수치 동등성 검증 작업군)
06_TRAINING_EVIDENCE/TRAIN-PARITY-003A/ADAPTER_V0_1_1_CHANGE_MANIFEST.json,ADAPTER_V0_1_1_CHANGE_MANIFEST.json,.json,06_TRAINING_EVIDENCE,2,current_package_member_or_evidence,TRAIN-PARITY-003A 입력·출력·경로·SHA-256을 고정한 manifest. 관련 ID: TRAIN-PARITY(Training 원본 branch와 adapter의 수치 동등성 검증 작업군)
06_TRAINING_EVIDENCE/TRAIN-PARITY-003A/AFFECTED_CONTRACT_QA.json,AFFECTED_CONTRACT_QA.json,.json,06_TRAINING_EVIDENCE,2,current_package_member_or_evidence,TRAIN-PARITY-003A 결과의 독립 재검사·무결성·계약 통과 여부를 기록한 QA 파일. 관련 ID: TRAIN-PARITY(Training 원본 branch와 adapter의 수치 동등성 검증 작업군)
06_TRAINING_EVIDENCE/TRAIN-PARITY-003A/build_train_parity_003a.py,build_train_parity_003a.py,.py,06_TRAINING_EVIDENCE,2,current_package_member_or_evidence,TRAIN-PARITY-003A 폴더의 Python 실행·계산·검증 스크립트. 관련 ID: TRAIN-PARITY(Training 원본 branch와 adapter의 수치 동등성 검증 작업군)
06_TRAINING_EVIDENCE/TRAIN-PARITY-003A/EXECUTION_PERMIT.json,EXECUTION_PERMIT.json,.json,06_TRAINING_EVIDENCE,2,current_package_member_or_evidence,TRAIN-PARITY-003A 폴더의 설정·manifest·상태·QA 기계 판독 파일. 관련 ID: TRAIN-PARITY(Training 원본 branch와 adapter의 수치 동등성 검증 작업군)
06_TRAINING_EVIDENCE/TRAIN-PARITY-003A/FIT_PREDICT_COUNTERS.json,FIT_PREDICT_COUNTERS.json,.json,06_TRAINING_EVIDENCE,2,current_package_member_or_evidence,TRAIN-PARITY-003A 폴더의 설정·manifest·상태·QA 기계 판독 파일. 관련 ID: TRAIN-PARITY(Training 원본 branch와 adapter의 수치 동등성 검증 작업군)
06_TRAINING_EVIDENCE/TRAIN-PARITY-003A/FOLD_POLICY_REBIND_QA.csv,FOLD_POLICY_REBIND_QA.csv,.csv,06_TRAINING_EVIDENCE,2,current_package_member_or_evidence,TRAIN-PARITY-003A 결과의 독립 재검사·무결성·계약 통과 여부를 기록한 QA 파일. 관련 ID: TRAIN-PARITY(Training 원본 branch와 adapter의 수치 동등성 검증 작업군)
06_TRAINING_EVIDENCE/TRAIN-PARITY-003A/INDEPENDENT_QA.json,INDEPENDENT_QA.json,.json,06_TRAINING_EVIDENCE,2,current_package_member_or_evidence,TRAIN-PARITY-003A 결과의 독립 재검사·무결성·계약 통과 여부를 기록한 QA 파일. 관련 ID: TRAIN-PARITY(Training 원본 branch와 adapter의 수치 동등성 검증 작업군)
06_TRAINING_EVIDENCE/TRAIN-PARITY-003A/independent_qa.py,independent_qa.py,.py,06_TRAINING_EVIDENCE,2,current_package_member_or_evidence,TRAIN-PARITY-003A 작업의 v1.1 authoritative evidence 근거 파일. 관련 ID: TRAIN-PARITY(Training 원본 branch와 adapter의 수치 동등성 검증 작업군)
06_TRAINING_EVIDENCE/TRAIN-PARITY-003A/INDEPENDENT_QA_EXECUTION_ATTEMPT_LOG.json,INDEPENDENT_QA_EXECUTION_ATTEMPT_LOG.json,.json,06_TRAINING_EVIDENCE,2,current_package_member_or_evidence,TRAIN-PARITY-003A 결과의 독립 재검사·무결성·계약 통과 여부를 기록한 QA 파일. 관련 ID: TRAIN-PARITY(Training 원본 branch와 adapter의 수치 동등성 검증 작업군)
06_TRAINING_EVIDENCE/TRAIN-PARITY-003A/MERGE_PACKET.md,MERGE_PACKET.md,.md,06_TRAINING_EVIDENCE,2,current_package_member_or_evidence,TRAIN-PARITY-003A 작업의 QA·채택 범위·남은 제한을 요약한 merge packet. 관련 ID: TRAIN-PARITY(Training 원본 branch와 adapter의 수치 동등성 검증 작업군)
06_TRAINING_EVIDENCE/TRAIN-PARITY-003A/PREDECESSOR_POLICY_SUPERSESSION.csv,PREDECESSOR_POLICY_SUPERSESSION.csv,.csv,06_TRAINING_EVIDENCE,2,current_package_member_or_evidence,TRAIN-PARITY-003A 폴더의 계산값·registry·manifest·QA 표. 관련 ID: TRAIN-PARITY(Training 원본 branch와 adapter의 수치 동등성 검증 작업군)
06_TRAINING_EVIDENCE/TRAIN-PARITY-003A/PREREGISTRATION_READJUDICATION.json,PREREGISTRATION_READJUDICATION.json,.json,06_TRAINING_EVIDENCE,2,current_package_member_or_evidence,TRAIN-PARITY-003A 폴더의 설정·manifest·상태·QA 기계 판독 파일. 관련 ID: TRAIN-PARITY(Training 원본 branch와 adapter의 수치 동등성 검증 작업군)
06_TRAINING_EVIDENCE/TRAIN-PARITY-003A/REPLAY_REFIT_HOLD_PROVENANCE.csv,REPLAY_REFIT_HOLD_PROVENANCE.csv,.csv,06_TRAINING_EVIDENCE,2,current_package_member_or_evidence,TRAIN-PARITY-003A 폴더의 계산값·registry·manifest·QA 표. 관련 ID: TRAIN-PARITY(Training 원본 branch와 adapter의 수치 동등성 검증 작업군)
06_TRAINING_EVIDENCE/TRAIN-PARITY-003A/REPORT.md,REPORT.md,.md,06_TRAINING_EVIDENCE,2,current_package_member_or_evidence,TRAIN-PARITY-003A 작업의 목적·실행 결과·해석 경계를 기록한 보고서. 관련 ID: TRAIN-PARITY(Training 원본 branch와 adapter의 수치 동등성 검증 작업군)
06_TRAINING_EVIDENCE/TRAIN-PARITY-003A/run_affected_contract_qa.py,run_affected_contract_qa.py,.py,06_TRAINING_EVIDENCE,2,current_package_member_or_evidence,TRAIN-PARITY-003A 작업의 v1.1 authoritative evidence 근거 파일. 관련 ID: TRAIN-PARITY(Training 원본 branch와 adapter의 수치 동등성 검증 작업군)
06_TRAINING_EVIDENCE/TRAIN-PARITY-003A/source_reference_runner.py,source_reference_runner.py,.py,06_TRAINING_EVIDENCE,2,current_package_member_or_evidence,TRAIN-PARITY-003A 폴더의 Python 실행·계산·검증 스크립트. 관련 ID: TRAIN-PARITY(Training 원본 branch와 adapter의 수치 동등성 검증 작업군)
06_TRAINING_EVIDENCE/TRAIN-PARITY-003A/SOURCE_REFERENCE_RUNNER_PREFLIGHT.csv,SOURCE_REFERENCE_RUNNER_PREFLIGHT.csv,.csv,06_TRAINING_EVIDENCE,2,current_package_member_or_evidence,TRAIN-PARITY-003A 폴더의 계산값·registry·manifest·QA 표. 관련 ID: TRAIN-PARITY(Training 원본 branch와 adapter의 수치 동등성 검증 작업군)
06_TRAINING_EVIDENCE/TRAIN-PARITY-003A/TARGET_HEADER_AND_VALUE_HASH_PROOF.csv,TARGET_HEADER_AND_VALUE_HASH_PROOF.csv,.csv,06_TRAINING_EVIDENCE,2,current_package_member_or_evidence,TRAIN-PARITY-003A 폴더의 계산값·registry·manifest·QA 표. 관련 ID: TRAIN-PARITY(Training 원본 branch와 adapter의 수치 동등성 검증 작업군)
06_TRAINING_EVIDENCE/TRAIN-PARITY-003A/TARGET_IDENTITY_CROSSWALK_V0_2.csv,TARGET_IDENTITY_CROSSWALK_V0_2.csv,.csv,06_TRAINING_EVIDENCE,2,current_package_member_or_evidence,TRAIN-PARITY-003A 작업의 v1.1 authoritative evidence 근거 파일. 관련 ID: TRAIN-PARITY(Training 원본 branch와 adapter의 수치 동등성 검증 작업군)
06_TRAINING_EVIDENCE/TRAIN-PARITY-003A/TARGET_POLICY_NEGATIVE_QA.csv,TARGET_POLICY_NEGATIVE_QA.csv,.csv,06_TRAINING_EVIDENCE,2,current_package_member_or_evidence,TRAIN-PARITY-003A 결과의 독립 재검사·무결성·계약 통과 여부를 기록한 QA 파일. 관련 ID: TRAIN-PARITY(Training 원본 branch와 adapter의 수치 동등성 검증 작업군)
06_TRAINING_EVIDENCE/TRAIN-PARITY-003A/TRAIN_TARGET_POLICY_V0_2.json,TRAIN_TARGET_POLICY_V0_2.json,.json,06_TRAINING_EVIDENCE,2,current_package_member_or_evidence,TRAIN-PARITY-003A 폴더의 설정·manifest·상태·QA 기계 판독 파일. 관련 ID: TRAIN-PARITY(Training 원본 branch와 adapter의 수치 동등성 검증 작업군)
06_TRAINING_EVIDENCE/TRAIN-PARITY-004/ADAPTER_EXECUTION_MANIFEST.json,ADAPTER_EXECUTION_MANIFEST.json,.json,06_TRAINING_EVIDENCE,2,current_package_member_or_evidence,TRAIN-PARITY-004 입력·출력·경로·SHA-256을 고정한 manifest. 관련 ID: TRAIN-PARITY(Training 원본 branch와 adapter의 수치 동등성 검증 작업군)
06_TRAINING_EVIDENCE/TRAIN-PARITY-004/ADAPTER_PREDICTION_LEDGER.csv,ADAPTER_PREDICTION_LEDGER.csv,.csv,06_TRAINING_EVIDENCE,2,current_package_member_or_evidence,TRAIN-PARITY-004 작업의 v1.1 authoritative evidence 근거 파일. 관련 ID: TRAIN-PARITY(Training 원본 branch와 adapter의 수치 동등성 검증 작업군)
06_TRAINING_EVIDENCE/TRAIN-PARITY-004/CHECKPOINT_AND_RESUME_MANIFEST.json,CHECKPOINT_AND_RESUME_MANIFEST.json,.json,06_TRAINING_EVIDENCE,2,current_package_member_or_evidence,TRAIN-PARITY-004 입력·출력·경로·SHA-256을 고정한 manifest. 관련 ID: TRAIN-PARITY(Training 원본 branch와 adapter의 수치 동등성 검증 작업군)
06_TRAINING_EVIDENCE/TRAIN-PARITY-004/EXECUTION_AUTHORIZATION.json,EXECUTION_AUTHORIZATION.json,.json,06_TRAINING_EVIDENCE,2,current_package_member_or_evidence,TRAIN-PARITY-004 폴더의 설정·manifest·상태·QA 기계 판독 파일. 관련 ID: TRAIN-PARITY(Training 원본 branch와 adapter의 수치 동등성 검증 작업군)
06_TRAINING_EVIDENCE/TRAIN-PARITY-004/FIRST_MISMATCH_REPORT.md,FIRST_MISMATCH_REPORT.md,.md,06_TRAINING_EVIDENCE,2,current_package_member_or_evidence,TRAIN-PARITY-004 작업의 목적·실행 결과·해석 경계를 기록한 보고서. 관련 ID: TRAIN-PARITY(Training 원본 branch와 adapter의 수치 동등성 검증 작업군)
06_TRAINING_EVIDENCE/TRAIN-PARITY-004/INDEPENDENT_QA.json,INDEPENDENT_QA.json,.json,06_TRAINING_EVIDENCE,2,current_package_member_or_evidence,TRAIN-PARITY-004 결과의 독립 재검사·무결성·계약 통과 여부를 기록한 QA 파일. 관련 ID: TRAIN-PARITY(Training 원본 branch와 adapter의 수치 동등성 검증 작업군)
06_TRAINING_EVIDENCE/TRAIN-PARITY-004/logs/source.stderr.log,source.stderr.log,.log,06_TRAINING_EVIDENCE,3,current_package_member_or_evidence,프로젝트 작업의 python_source 근거 파일. 관련 ID: TRAIN-PARITY(Training 원본 branch와 adapter의 수치 동등성 검증 작업군)
06_TRAINING_EVIDENCE/TRAIN-PARITY-004/logs/source.stdout.log,source.stdout.log,.log,06_TRAINING_EVIDENCE,3,current_package_member_or_evidence,프로젝트 작업의 python_source 근거 파일. 관련 ID: TRAIN-PARITY(Training 원본 branch와 adapter의 수치 동등성 검증 작업군)
06_TRAINING_EVIDENCE/TRAIN-PARITY-004/MERGE_PACKET.md,MERGE_PACKET.md,.md,06_TRAINING_EVIDENCE,2,current_package_member_or_evidence,TRAIN-PARITY-004 작업의 QA·채택 범위·남은 제한을 요약한 merge packet. 관련 ID: TRAIN-PARITY(Training 원본 branch와 adapter의 수치 동등성 검증 작업군)
06_TRAINING_EVIDENCE/TRAIN-PARITY-004/METRIC_COMPARISON.csv,METRIC_COMPARISON.csv,.csv,06_TRAINING_EVIDENCE,2,current_package_member_or_evidence,TRAIN-PARITY-004 작업의 v1.1 authoritative evidence 근거 파일. 관련 ID: TRAIN-PARITY(Training 원본 branch와 adapter의 수치 동등성 검증 작업군)
06_TRAINING_EVIDENCE/TRAIN-PARITY-004/PREDICTION_COMPARISON.csv,PREDICTION_COMPARISON.csv,.csv,06_TRAINING_EVIDENCE,2,current_package_member_or_evidence,TRAIN-PARITY-004 작업의 v1.1 authoritative evidence 근거 파일. 관련 ID: TRAIN-PARITY(Training 원본 branch와 adapter의 수치 동등성 검증 작업군)
06_TRAINING_EVIDENCE/TRAIN-PARITY-004/PRODUCER_FINAL_STATE.json,PRODUCER_FINAL_STATE.json,.json,06_TRAINING_EVIDENCE,2,current_package_member_or_evidence,TRAIN-PARITY-004 작업의 v1.1 authoritative evidence 근거 파일. 관련 ID: TRAIN-PARITY(Training 원본 branch와 adapter의 수치 동등성 검증 작업군)
06_TRAINING_EVIDENCE/TRAIN-PARITY-004/PROTECTED_ASSET_HASH_AUDIT.csv,PROTECTED_ASSET_HASH_AUDIT.csv,.csv,06_TRAINING_EVIDENCE,2,current_package_member_or_evidence,TRAIN-PARITY-004 폴더의 계산값·registry·manifest·QA 표. 관련 ID: TRAIN-PARITY(Training 원본 branch와 adapter의 수치 동등성 검증 작업군)
06_TRAINING_EVIDENCE/TRAIN-PARITY-004/qa/PREFLIGHT.csv,PREFLIGHT.csv,.csv,06_TRAINING_EVIDENCE,3,current_package_member_or_evidence,qa 폴더의 계산값·registry·manifest·QA 표. 관련 ID: TRAIN-PARITY(Training 원본 branch와 adapter의 수치 동등성 검증 작업군)
06_TRAINING_EVIDENCE/TRAIN-PARITY-004/REPORT.md,REPORT.md,.md,06_TRAINING_EVIDENCE,2,current_package_member_or_evidence,TRAIN-PARITY-004 작업의 목적·실행 결과·해석 경계를 기록한 보고서. 관련 ID: TRAIN-PARITY(Training 원본 branch와 adapter의 수치 동등성 검증 작업군)
06_TRAINING_EVIDENCE/TRAIN-PARITY-004/RUNTIME_ENVIRONMENT.json,RUNTIME_ENVIRONMENT.json,.json,06_TRAINING_EVIDENCE,2,current_package_member_or_evidence,TRAIN-PARITY-004 폴더의 설정·manifest·상태·QA 기계 판독 파일. 관련 ID: TRAIN-PARITY(Training 원본 branch와 adapter의 수치 동등성 검증 작업군)
06_TRAINING_EVIDENCE/TRAIN-PARITY-004/SOURCE_EXECUTION_MANIFEST.json,SOURCE_EXECUTION_MANIFEST.json,.json,06_TRAINING_EVIDENCE,2,current_package_member_or_evidence,TRAIN-PARITY-004 입력·출력·경로·SHA-256을 고정한 manifest. 관련 ID: TRAIN-PARITY(Training 원본 branch와 adapter의 수치 동등성 검증 작업군)
06_TRAINING_EVIDENCE/TRAIN-PARITY-004/SOURCE_PREDICTION_LEDGER.csv,SOURCE_PREDICTION_LEDGER.csv,.csv,06_TRAINING_EVIDENCE,2,current_package_member_or_evidence,TRAIN-PARITY-004 작업의 v1.1 authoritative evidence 근거 파일. 관련 ID: TRAIN-PARITY(Training 원본 branch와 adapter의 수치 동등성 검증 작업군)
06_TRAINING_EVIDENCE/TRAIN-PARITY-004/source_reference/stage_P0_dataset.json,stage_P0_dataset.json,.json,06_TRAINING_EVIDENCE,3,current_package_member_or_evidence,source_reference 폴더의 설정·manifest·상태·QA 기계 판독 파일. 관련 ID: TRAIN-PARITY(Training 원본 branch와 adapter의 수치 동등성 검증 작업군)
06_TRAINING_EVIDENCE/TRAIN-PARITY-004/source_reference/stage_P1_split.json,stage_P1_split.json,.json,06_TRAINING_EVIDENCE,3,current_package_member_or_evidence,source_reference 폴더의 설정·manifest·상태·QA 기계 판독 파일. 관련 ID: TRAIN-PARITY(Training 원본 branch와 adapter의 수치 동등성 검증 작업군)
06_TRAINING_EVIDENCE/TRAIN-PARITY-004/source_reference/stage_P2_preprocessing.json,stage_P2_preprocessing.json,.json,06_TRAINING_EVIDENCE,3,current_package_member_or_evidence,source_reference 폴더의 설정·manifest·상태·QA 기계 판독 파일. 관련 ID: TRAIN-PARITY(Training 원본 branch와 adapter의 수치 동등성 검증 작업군)
06_TRAINING_EVIDENCE/TRAIN-PARITY-004/source_reference/stage_P3_features.json,stage_P3_features.json,.json,06_TRAINING_EVIDENCE,3,current_package_member_or_evidence,source_reference 폴더의 설정·manifest·상태·QA 기계 판독 파일. 관련 ID: TRAIN-PARITY(Training 원본 branch와 adapter의 수치 동등성 검증 작업군)
06_TRAINING_EVIDENCE/TRAIN-PARITY-004/source_reference/stage_P4_contract_pre_fit.json,stage_P4_contract_pre_fit.json,.json,06_TRAINING_EVIDENCE,3,current_package_member_or_evidence,TRAIN-PARITY-004 작업의 v1.1 authoritative evidence 근거 파일. 관련 ID: TRAIN-PARITY(Training 원본 branch와 adapter의 수치 동등성 검증 작업군)
06_TRAINING_EVIDENCE/TRAIN-PARITY-004/STAGE_PARITY_LEDGER.csv,STAGE_PARITY_LEDGER.csv,.csv,06_TRAINING_EVIDENCE,2,current_package_member_or_evidence,TRAIN-PARITY-004 작업의 v1.1 authoritative evidence 근거 파일. 관련 ID: TRAIN-PARITY(Training 원본 branch와 adapter의 수치 동등성 검증 작업군)
06_TRAINING_EVIDENCE/TRAIN-REPLAY-001/actual_input_manifest.csv,actual_input_manifest.csv,.csv,06_TRAINING_EVIDENCE,2,current_package_member_or_evidence,TRAIN-REPLAY-001 입력·출력·경로·SHA-256을 고정한 manifest. 관련 ID: TRAIN-REPLAY-001(Training 원본 Notebook 실행 재현 작업)
06_TRAINING_EVIDENCE/TRAIN-REPLAY-001/cell_execution_status.csv,cell_execution_status.csv,.csv,06_TRAINING_EVIDENCE,2,current_package_member_or_evidence,TRAIN-REPLAY-001 폴더의 계산값·registry·manifest·QA 표. 관련 ID: TRAIN-REPLAY-001(Training 원본 Notebook 실행 재현 작업)
06_TRAINING_EVIDENCE/TRAIN-REPLAY-001/extracted_training_contract.json,extracted_training_contract.json,.json,06_TRAINING_EVIDENCE,2,current_package_member_or_evidence,TRAIN-REPLAY-001 작업의 v1.1 authoritative evidence 근거 파일. 관련 ID: TRAIN-REPLAY-001(Training 원본 Notebook 실행 재현 작업)
06_TRAINING_EVIDENCE/TRAIN-REPLAY-001/generated_output_manifest.csv,generated_output_manifest.csv,.csv,06_TRAINING_EVIDENCE,2,current_package_member_or_evidence,TRAIN-REPLAY-001 입력·출력·경로·SHA-256을 고정한 manifest. 관련 ID: TRAIN-REPLAY-001(Training 원본 Notebook 실행 재현 작업)
06_TRAINING_EVIDENCE/TRAIN-REPLAY-001/independent_qa.json,independent_qa.json,.json,06_TRAINING_EVIDENCE,2,current_package_member_or_evidence,TRAIN-REPLAY-001 결과의 독립 재검사·무결성·계약 통과 여부를 기록한 QA 파일. 관련 ID: TRAIN-REPLAY-001(Training 원본 Notebook 실행 재현 작업)
06_TRAINING_EVIDENCE/TRAIN-REPLAY-001/independent_qa_checks.csv,independent_qa_checks.csv,.csv,06_TRAINING_EVIDENCE,2,current_package_member_or_evidence,TRAIN-REPLAY-001 결과의 독립 재검사·무결성·계약 통과 여부를 기록한 QA 파일. 관련 ID: TRAIN-REPLAY-001(Training 원본 Notebook 실행 재현 작업)
06_TRAINING_EVIDENCE/TRAIN-REPLAY-001/MERGE_PACKET.md,MERGE_PACKET.md,.md,06_TRAINING_EVIDENCE,2,current_package_member_or_evidence,TRAIN-REPLAY-001 작업의 QA·채택 범위·남은 제한을 요약한 merge packet. 관련 ID: TRAIN-REPLAY-001(Training 원본 Notebook 실행 재현 작업)
06_TRAINING_EVIDENCE/TRAIN-REPLAY-001/model_comparison/final_refit_summary.csv,final_refit_summary.csv,.csv,06_TRAINING_EVIDENCE,3,current_package_member_or_evidence,TRAIN-REPLAY-001 작업의 v1.1 authoritative evidence 근거 파일. 관련 ID: TRAIN-REPLAY-001(Training 원본 Notebook 실행 재현 작업)
06_TRAINING_EVIDENCE/TRAIN-REPLAY-001/model_comparison/final_summary_merged.csv,final_summary_merged.csv,.csv,06_TRAINING_EVIDENCE,3,current_package_member_or_evidence,TRAIN-REPLAY-001 작업의 v1.1 authoritative evidence 근거 파일. 관련 ID: TRAIN-REPLAY-001(Training 원본 Notebook 실행 재현 작업)
06_TRAINING_EVIDENCE/TRAIN-REPLAY-001/prediction_and_metric_inventory.csv,prediction_and_metric_inventory.csv,.csv,06_TRAINING_EVIDENCE,2,current_package_member_or_evidence,TRAIN-REPLAY-001 폴더의 계산값·registry·manifest·QA 표. 관련 ID: TRAIN-REPLAY-001(Training 원본 Notebook 실행 재현 작업)
06_TRAINING_EVIDENCE/TRAIN-REPLAY-001/replay_state.json,replay_state.json,.json,06_TRAINING_EVIDENCE,2,current_package_member_or_evidence,TRAIN-REPLAY-001 작업의 v1.1 authoritative evidence 근거 파일. 관련 ID: TRAIN-REPLAY-001(Training 원본 Notebook 실행 재현 작업)
06_TRAINING_EVIDENCE/TRAIN-REPLAY-001/REPORT.md,REPORT.md,.md,06_TRAINING_EVIDENCE,2,current_package_member_or_evidence,TRAIN-REPLAY-001 작업의 목적·실행 결과·해석 경계를 기록한 보고서. 관련 ID: TRAIN-REPLAY-001(Training 원본 Notebook 실행 재현 작업)
06_TRAINING_EVIDENCE/TRAIN-REPLAY-001/runtime_environment.json,runtime_environment.json,.json,06_TRAINING_EVIDENCE,2,current_package_member_or_evidence,TRAIN-REPLAY-001 폴더의 설정·manifest·상태·QA 기계 판독 파일. 관련 ID: TRAIN-REPLAY-001(Training 원본 Notebook 실행 재현 작업)
06_TRAINING_EVIDENCE/TRAIN-REPLAY-001/TRAIN-2ND-NEWFEATURE_EXECUTED_ISOLATED.ipynb,TRAIN-2ND-NEWFEATURE_EXECUTED_ISOLATED.ipynb,.ipynb,06_TRAINING_EVIDENCE,2,current_package_member_or_evidence,TRAIN-REPLAY-001 폴더의 Jupyter Notebook. 관련 ID: TRAIN-REPLAY-001(Training 원본 Notebook 실행 재현 작업)
06_TRAINING_EVIDENCE/TRAIN-REPLAY-001/warnings_and_errors.md,warnings_and_errors.md,.md,06_TRAINING_EVIDENCE,2,current_package_member_or_evidence,TRAIN-REPLAY-001 폴더의 설명·보고·계약·의사결정 문서. 관련 ID: TRAIN-REPLAY-001(Training 원본 Notebook 실행 재현 작업)
07_COMPRESSION_DATA_AND_PILOT/COMP-FACTORY-001/ai_lattice_x_wide.csv,ai_lattice_x_wide.csv,.csv,07_COMPRESSION_DATA_AND_PILOT,2,current_package_member_or_evidence,COMP-FACTORY-001 폴더의 계산값·registry·manifest·QA 표. 관련 ID: COMP-FACTORY-001(AI Lattice 압축 데이터 인입·정합 작업)
07_COMPRESSION_DATA_AND_PILOT/COMP-FACTORY-001/ai_lattice_xy_all150_trace.csv,ai_lattice_xy_all150_trace.csv,.csv,07_COMPRESSION_DATA_AND_PILOT,2,current_package_member_or_evidence,COMP-FACTORY-001 폴더의 계산값·registry·manifest·QA 표. 관련 ID: COMP-FACTORY-001(AI Lattice 압축 데이터 인입·정합 작업)
07_COMPRESSION_DATA_AND_PILOT/COMP-FACTORY-001/ai_lattice_xy_eligible149.csv,ai_lattice_xy_eligible149.csv,.csv,07_COMPRESSION_DATA_AND_PILOT,2,current_package_member_or_evidence,COMP-FACTORY-001 폴더의 계산값·registry·manifest·QA 표. 관련 ID: COMP-FACTORY-001(AI Lattice 압축 데이터 인입·정합 작업)
07_COMPRESSION_DATA_AND_PILOT/COMP-FACTORY-001/ai_lattice_y_long.csv,ai_lattice_y_long.csv,.csv,07_COMPRESSION_DATA_AND_PILOT,2,current_package_member_or_evidence,COMP-FACTORY-001 폴더의 계산값·registry·manifest·QA 표. 관련 ID: COMP-FACTORY-001(AI Lattice 압축 데이터 인입·정합 작업)
07_COMPRESSION_DATA_AND_PILOT/COMP-FACTORY-001/ai_lattice_y_wide.csv,ai_lattice_y_wide.csv,.csv,07_COMPRESSION_DATA_AND_PILOT,2,current_package_member_or_evidence,COMP-FACTORY-001 폴더의 계산값·registry·manifest·QA 표. 관련 ID: COMP-FACTORY-001(AI Lattice 압축 데이터 인입·정합 작업)
07_COMPRESSION_DATA_AND_PILOT/COMP-FACTORY-001/excluded_non_model_rows.csv,excluded_non_model_rows.csv,.csv,07_COMPRESSION_DATA_AND_PILOT,2,current_package_member_or_evidence,COMP-FACTORY-001 폴더의 계산값·registry·manifest·QA 표. 관련 ID: COMP-FACTORY-001(AI Lattice 압축 데이터 인입·정합 작업)
07_COMPRESSION_DATA_AND_PILOT/COMP-FACTORY-001/feature_registry.csv,feature_registry.csv,.csv,07_COMPRESSION_DATA_AND_PILOT,2,current_package_member_or_evidence,COMP-FACTORY-001 폴더의 계산값·registry·manifest·QA 표. 관련 ID: COMP-FACTORY-001(AI Lattice 압축 데이터 인입·정합 작업)
07_COMPRESSION_DATA_AND_PILOT/COMP-FACTORY-001/INDEPENDENT_QA.csv,INDEPENDENT_QA.csv,.csv,07_COMPRESSION_DATA_AND_PILOT,2,current_package_member_or_evidence,COMP-FACTORY-001 결과의 독립 재검사·무결성·계약 통과 여부를 기록한 QA 파일. 관련 ID: COMP-FACTORY-001(AI Lattice 압축 데이터 인입·정합 작업)
07_COMPRESSION_DATA_AND_PILOT/COMP-FACTORY-001/INDEPENDENT_QA_SUMMARY.json,INDEPENDENT_QA_SUMMARY.json,.json,07_COMPRESSION_DATA_AND_PILOT,2,current_package_member_or_evidence,COMP-FACTORY-001 결과의 독립 재검사·무결성·계약 통과 여부를 기록한 QA 파일. 관련 ID: COMP-FACTORY-001(AI Lattice 압축 데이터 인입·정합 작업)
07_COMPRESSION_DATA_AND_PILOT/COMP-FACTORY-001/MANIFEST.json,MANIFEST.json,.json,07_COMPRESSION_DATA_AND_PILOT,2,current_package_member_or_evidence,COMP-FACTORY-001 입력·출력·경로·SHA-256을 고정한 manifest. 관련 ID: COMP-FACTORY-001(AI Lattice 압축 데이터 인입·정합 작업)
07_COMPRESSION_DATA_AND_PILOT/COMP-FACTORY-001/producer_QA.csv,producer_QA.csv,.csv,07_COMPRESSION_DATA_AND_PILOT,2,current_package_member_or_evidence,COMP-FACTORY-001 결과의 독립 재검사·무결성·계약 통과 여부를 기록한 QA 파일. 관련 ID: COMP-FACTORY-001(AI Lattice 압축 데이터 인입·정합 작업)
07_COMPRESSION_DATA_AND_PILOT/COMP-FACTORY-001/REPORT.md,REPORT.md,.md,07_COMPRESSION_DATA_AND_PILOT,2,current_package_member_or_evidence,COMP-FACTORY-001 작업의 목적·실행 결과·해석 경계를 기록한 보고서. 관련 ID: COMP-FACTORY-001(AI Lattice 압축 데이터 인입·정합 작업)
07_COMPRESSION_DATA_AND_PILOT/COMP-FACTORY-001/row_registry.csv,row_registry.csv,.csv,07_COMPRESSION_DATA_AND_PILOT,2,current_package_member_or_evidence,COMP-FACTORY-001 폴더의 계산값·registry·manifest·QA 표. 관련 ID: COMP-FACTORY-001(AI Lattice 압축 데이터 인입·정합 작업)
07_COMPRESSION_DATA_AND_PILOT/COMP-FACTORY-001/source_audit.csv,source_audit.csv,.csv,07_COMPRESSION_DATA_AND_PILOT,2,current_package_member_or_evidence,COMP-FACTORY-001 폴더의 계산값·registry·manifest·QA 표. 관련 ID: COMP-FACTORY-001(AI Lattice 압축 데이터 인입·정합 작업)
07_COMPRESSION_DATA_AND_PILOT/COMP-FACTORY-001/target_registry.csv,target_registry.csv,.csv,07_COMPRESSION_DATA_AND_PILOT,2,current_package_member_or_evidence,COMP-FACTORY-001 폴더의 계산값·registry·manifest·QA 표. 관련 ID: COMP-FACTORY-001(AI Lattice 압축 데이터 인입·정합 작업)
07_COMPRESSION_DATA_AND_PILOT/COMP-FACTORY-001_HANDOFF.md,COMP-FACTORY-001_HANDOFF.md,.md,07_COMPRESSION_DATA_AND_PILOT,1,current_package_member_or_evidence,07_COMPRESSION_DATA_AND_PILOT 폴더의 설명·보고·계약·의사결정 문서. 관련 ID: COMP-FACTORY-001(AI Lattice 압축 데이터 인입·정합 작업)
07_COMPRESSION_DATA_AND_PILOT/COMP-FACTORY-002/feature_redundancy_edges.csv,feature_redundancy_edges.csv,.csv,07_COMPRESSION_DATA_AND_PILOT,2,current_package_member_or_evidence,COMP-FACTORY-002 폴더의 계산값·registry·manifest·QA 표. 관련 ID: COMP-FACTORY-002(AI Lattice 네 가지 Feature Selection technical pilot)
07_COMPRESSION_DATA_AND_PILOT/COMP-FACTORY-002/feature_selection_frequency.csv,feature_selection_frequency.csv,.csv,07_COMPRESSION_DATA_AND_PILOT,2,current_package_member_or_evidence,COMP-FACTORY-002 폴더의 계산값·registry·manifest·QA 표. 관련 ID: COMP-FACTORY-002(AI Lattice 네 가지 Feature Selection technical pilot)
07_COMPRESSION_DATA_AND_PILOT/COMP-FACTORY-002/feature_x_only_census.csv,feature_x_only_census.csv,.csv,07_COMPRESSION_DATA_AND_PILOT,2,current_package_member_or_evidence,COMP-FACTORY-002 폴더의 계산값·registry·manifest·QA 표. 관련 ID: COMP-FACTORY-002(AI Lattice 네 가지 Feature Selection technical pilot)
07_COMPRESSION_DATA_AND_PILOT/COMP-FACTORY-002/figures/f1_yx.png,f1_yx.png,.png,07_COMPRESSION_DATA_AND_PILOT,3,current_package_member_or_evidence,figures 작업의 slice·overlay·진단·결과 시각 자료. 관련 ID: COMP-FACTORY-002(AI Lattice 네 가지 Feature Selection technical pilot)
07_COMPRESSION_DATA_AND_PILOT/COMP-FACTORY-002/figures/f2_r2.png,f2_r2.png,.png,07_COMPRESSION_DATA_AND_PILOT,3,current_package_member_or_evidence,figures 작업의 slice·overlay·진단·결과 시각 자료. 관련 ID: COMP-FACTORY-002(AI Lattice 네 가지 Feature Selection technical pilot)
07_COMPRESSION_DATA_AND_PILOT/COMP-FACTORY-002/figures/f3_block.png,f3_block.png,.png,07_COMPRESSION_DATA_AND_PILOT,3,current_package_member_or_evidence,figures 작업의 slice·overlay·진단·결과 시각 자료. 관련 ID: COMP-FACTORY-002(AI Lattice 네 가지 Feature Selection technical pilot)
07_COMPRESSION_DATA_AND_PILOT/COMP-FACTORY-002/fold_local_feature_selection.csv,fold_local_feature_selection.csv,.csv,07_COMPRESSION_DATA_AND_PILOT,2,current_package_member_or_evidence,COMP-FACTORY-002 폴더의 계산값·registry·manifest·QA 표. 관련 ID: COMP-FACTORY-002(AI Lattice 네 가지 Feature Selection technical pilot)
07_COMPRESSION_DATA_AND_PILOT/COMP-FACTORY-002/INDEPENDENT_QA.csv,INDEPENDENT_QA.csv,.csv,07_COMPRESSION_DATA_AND_PILOT,2,current_package_member_or_evidence,COMP-FACTORY-002 결과의 독립 재검사·무결성·계약 통과 여부를 기록한 QA 파일. 관련 ID: COMP-FACTORY-002(AI Lattice 네 가지 Feature Selection technical pilot)
07_COMPRESSION_DATA_AND_PILOT/COMP-FACTORY-002/INDEPENDENT_QA_SUMMARY.json,INDEPENDENT_QA_SUMMARY.json,.json,07_COMPRESSION_DATA_AND_PILOT,2,current_package_member_or_evidence,COMP-FACTORY-002 결과의 독립 재검사·무결성·계약 통과 여부를 기록한 QA 파일. 관련 ID: COMP-FACTORY-002(AI Lattice 네 가지 Feature Selection technical pilot)
07_COMPRESSION_DATA_AND_PILOT/COMP-FACTORY-002/MANIFEST.json,MANIFEST.json,.json,07_COMPRESSION_DATA_AND_PILOT,2,current_package_member_or_evidence,COMP-FACTORY-002 입력·출력·경로·SHA-256을 고정한 manifest. 관련 ID: COMP-FACTORY-002(AI Lattice 네 가지 Feature Selection technical pilot)
07_COMPRESSION_DATA_AND_PILOT/COMP-FACTORY-002/method_execution_details.csv,method_execution_details.csv,.csv,07_COMPRESSION_DATA_AND_PILOT,2,current_package_member_or_evidence,COMP-FACTORY-002 폴더의 계산값·registry·manifest·QA 표. 관련 ID: COMP-FACTORY-002(AI Lattice 네 가지 Feature Selection technical pilot)
07_COMPRESSION_DATA_AND_PILOT/COMP-FACTORY-002/metrics.csv,metrics.csv,.csv,07_COMPRESSION_DATA_AND_PILOT,2,current_package_member_or_evidence,COMP-FACTORY-002 폴더의 계산값·registry·manifest·QA 표. 관련 ID: COMP-FACTORY-002(AI Lattice 네 가지 Feature Selection technical pilot)
07_COMPRESSION_DATA_AND_PILOT/COMP-FACTORY-002/nearest_neighbor_collision_audit.csv,nearest_neighbor_collision_audit.csv,.csv,07_COMPRESSION_DATA_AND_PILOT,2,current_package_member_or_evidence,COMP-FACTORY-002 폴더의 계산값·registry·manifest·QA 표. 관련 ID: COMP-FACTORY-002(AI Lattice 네 가지 Feature Selection technical pilot)
07_COMPRESSION_DATA_AND_PILOT/COMP-FACTORY-002/oof_predictions.csv,oof_predictions.csv,.csv,07_COMPRESSION_DATA_AND_PILOT,2,current_package_member_or_evidence,COMP-FACTORY-002 폴더의 계산값·registry·manifest·QA 표. 관련 ID: COMP-FACTORY-002(AI Lattice 네 가지 Feature Selection technical pilot)
07_COMPRESSION_DATA_AND_PILOT/COMP-FACTORY-002/outer_fold_registry.csv,outer_fold_registry.csv,.csv,07_COMPRESSION_DATA_AND_PILOT,2,current_package_member_or_evidence,COMP-FACTORY-002 폴더의 계산값·registry·manifest·QA 표. 관련 ID: COMP-FACTORY-002(AI Lattice 네 가지 Feature Selection technical pilot)
07_COMPRESSION_DATA_AND_PILOT/COMP-FACTORY-002/producer_QA.csv,producer_QA.csv,.csv,07_COMPRESSION_DATA_AND_PILOT,2,current_package_member_or_evidence,COMP-FACTORY-002 결과의 독립 재검사·무결성·계약 통과 여부를 기록한 QA 파일. 관련 ID: COMP-FACTORY-002(AI Lattice 네 가지 Feature Selection technical pilot)
07_COMPRESSION_DATA_AND_PILOT/COMP-FACTORY-002/REPORT.md,REPORT.md,.md,07_COMPRESSION_DATA_AND_PILOT,2,current_package_member_or_evidence,COMP-FACTORY-002 작업의 목적·실행 결과·해석 경계를 기록한 보고서. 관련 ID: COMP-FACTORY-002(AI Lattice 네 가지 Feature Selection technical pilot)
07_COMPRESSION_DATA_AND_PILOT/COMP-FACTORY-002/source_hash_audit.csv,source_hash_audit.csv,.csv,07_COMPRESSION_DATA_AND_PILOT,2,current_package_member_or_evidence,COMP-FACTORY-002 폴더의 계산값·registry·manifest·QA 표. 관련 ID: COMP-FACTORY-002(AI Lattice 네 가지 Feature Selection technical pilot)
07_COMPRESSION_DATA_AND_PILOT/COMP-FACTORY-002/target_screening_summary.csv,target_screening_summary.csv,.csv,07_COMPRESSION_DATA_AND_PILOT,2,current_package_member_or_evidence,COMP-FACTORY-002 작업의 v1.1 authoritative evidence 근거 파일. 관련 ID: COMP-FACTORY-002(AI Lattice 네 가지 Feature Selection technical pilot)
07_COMPRESSION_DATA_AND_PILOT/COMP-FACTORY-002/target_y_census.csv,target_y_census.csv,.csv,07_COMPRESSION_DATA_AND_PILOT,2,current_package_member_or_evidence,COMP-FACTORY-002 폴더의 계산값·registry·manifest·QA 표. 관련 ID: COMP-FACTORY-002(AI Lattice 네 가지 Feature Selection technical pilot)
07_COMPRESSION_DATA_AND_PILOT/COMP-FACTORY-002/target_y_redundancy_edges.csv,target_y_redundancy_edges.csv,.csv,07_COMPRESSION_DATA_AND_PILOT,2,current_package_member_or_evidence,COMP-FACTORY-002 폴더의 계산값·registry·manifest·QA 표. 관련 ID: COMP-FACTORY-002(AI Lattice 네 가지 Feature Selection technical pilot)
07_COMPRESSION_DATA_AND_PILOT/COMP-FACTORY-002/target_y_source_block_summary.csv,target_y_source_block_summary.csv,.csv,07_COMPRESSION_DATA_AND_PILOT,2,current_package_member_or_evidence,COMP-FACTORY-002 작업의 v1.1 authoritative evidence 근거 파일. 관련 ID: COMP-FACTORY-002(AI Lattice 네 가지 Feature Selection technical pilot)
07_COMPRESSION_DATA_AND_PILOT/COMP-FACTORY-002_HANDOFF.md,COMP-FACTORY-002_HANDOFF.md,.md,07_COMPRESSION_DATA_AND_PILOT,1,current_package_member_or_evidence,07_COMPRESSION_DATA_AND_PILOT 폴더의 설명·보고·계약·의사결정 문서. 관련 ID: COMP-FACTORY-002(AI Lattice 네 가지 Feature Selection technical pilot)
07_COMPRESSION_DATA_AND_PILOT/COMP-FACTORY-003_BCL_VORONOI_INTAKE/cell_lineage.csv,cell_lineage.csv,.csv,07_COMPRESSION_DATA_AND_PILOT,2,current_package_member_or_evidence,COMP-FACTORY-003_BCL_VORONOI_INTAKE 폴더의 계산값·registry·manifest·QA 표. 관련 ID: COMP-FACTORY-003(B/C/L·Voronoi 압축 데이터 인입·crosswalk 작업)
07_COMPRESSION_DATA_AND_PILOT/COMP-FACTORY-003_BCL_VORONOI_INTAKE/feature_registry.csv,feature_registry.csv,.csv,07_COMPRESSION_DATA_AND_PILOT,2,current_package_member_or_evidence,COMP-FACTORY-003_BCL_VORONOI_INTAKE 폴더의 계산값·registry·manifest·QA 표. 관련 ID: COMP-FACTORY-003(B/C/L·Voronoi 압축 데이터 인입·crosswalk 작업)
07_COMPRESSION_DATA_AND_PILOT/COMP-FACTORY-003_BCL_VORONOI_INTAKE/independent_QA.csv,independent_QA.csv,.csv,07_COMPRESSION_DATA_AND_PILOT,2,current_package_member_or_evidence,COMP-FACTORY-003_BCL_VORONOI_INTAKE 결과의 독립 재검사·무결성·계약 통과 여부를 기록한 QA 파일. 관련 ID: COMP-FACTORY-003(B/C/L·Voronoi 압축 데이터 인입·crosswalk 작업)
07_COMPRESSION_DATA_AND_PILOT/COMP-FACTORY-003_BCL_VORONOI_INTAKE/independent_QA.json,independent_QA.json,.json,07_COMPRESSION_DATA_AND_PILOT,2,current_package_member_or_evidence,COMP-FACTORY-003_BCL_VORONOI_INTAKE 결과의 독립 재검사·무결성·계약 통과 여부를 기록한 QA 파일. 관련 ID: COMP-FACTORY-003(B/C/L·Voronoi 압축 데이터 인입·crosswalk 작업)
07_COMPRESSION_DATA_AND_PILOT/COMP-FACTORY-003_BCL_VORONOI_INTAKE/MANIFEST.json,MANIFEST.json,.json,07_COMPRESSION_DATA_AND_PILOT,2,current_package_member_or_evidence,COMP-FACTORY-003_BCL_VORONOI_INTAKE 입력·출력·경로·SHA-256을 고정한 manifest. 관련 ID: COMP-FACTORY-003(B/C/L·Voronoi 압축 데이터 인입·crosswalk 작업)
07_COMPRESSION_DATA_AND_PILOT/COMP-FACTORY-003_BCL_VORONOI_INTAKE/performance_y_wide_all.csv,performance_y_wide_all.csv,.csv,07_COMPRESSION_DATA_AND_PILOT,2,current_package_member_or_evidence,COMP-FACTORY-003_BCL_VORONOI_INTAKE 폴더의 계산값·registry·manifest·QA 표. 관련 ID: COMP-FACTORY-003(B/C/L·Voronoi 압축 데이터 인입·crosswalk 작업)
07_COMPRESSION_DATA_AND_PILOT/COMP-FACTORY-003_BCL_VORONOI_INTAKE/producer_QA.csv,producer_QA.csv,.csv,07_COMPRESSION_DATA_AND_PILOT,2,current_package_member_or_evidence,COMP-FACTORY-003_BCL_VORONOI_INTAKE 결과의 독립 재검사·무결성·계약 통과 여부를 기록한 QA 파일. 관련 ID: COMP-FACTORY-003(B/C/L·Voronoi 압축 데이터 인입·crosswalk 작업)
07_COMPRESSION_DATA_AND_PILOT/COMP-FACTORY-003_BCL_VORONOI_INTAKE/REPORT.md,REPORT.md,.md,07_COMPRESSION_DATA_AND_PILOT,2,current_package_member_or_evidence,COMP-FACTORY-003_BCL_VORONOI_INTAKE 작업의 목적·실행 결과·해석 경계를 기록한 보고서. 관련 ID: COMP-FACTORY-003(B/C/L·Voronoi 압축 데이터 인입·crosswalk 작업)
07_COMPRESSION_DATA_AND_PILOT/COMP-FACTORY-003_BCL_VORONOI_INTAKE/row_registry.csv,row_registry.csv,.csv,07_COMPRESSION_DATA_AND_PILOT,2,current_package_member_or_evidence,COMP-FACTORY-003_BCL_VORONOI_INTAKE 폴더의 계산값·registry·manifest·QA 표. 관련 ID: COMP-FACTORY-003(B/C/L·Voronoi 압축 데이터 인입·crosswalk 작업)
07_COMPRESSION_DATA_AND_PILOT/COMP-FACTORY-003_BCL_VORONOI_INTAKE/source_audit.csv,source_audit.csv,.csv,07_COMPRESSION_DATA_AND_PILOT,2,current_package_member_or_evidence,COMP-FACTORY-003_BCL_VORONOI_INTAKE 폴더의 계산값·registry·manifest·QA 표. 관련 ID: COMP-FACTORY-003(B/C/L·Voronoi 압축 데이터 인입·crosswalk 작업)
07_COMPRESSION_DATA_AND_PILOT/COMP-FACTORY-003_BCL_VORONOI_INTAKE/structural_x_wide_relevant.csv,structural_x_wide_relevant.csv,.csv,07_COMPRESSION_DATA_AND_PILOT,2,current_package_member_or_evidence,COMP-FACTORY-003_BCL_VORONOI_INTAKE 폴더의 계산값·registry·manifest·QA 표. 관련 ID: COMP-FACTORY-003(B/C/L·Voronoi 압축 데이터 인입·crosswalk 작업)
07_COMPRESSION_DATA_AND_PILOT/COMP-FACTORY-003_BCL_VORONOI_INTAKE/target_registry.csv,target_registry.csv,.csv,07_COMPRESSION_DATA_AND_PILOT,2,current_package_member_or_evidence,COMP-FACTORY-003_BCL_VORONOI_INTAKE 폴더의 계산값·registry·manifest·QA 표. 관련 ID: COMP-FACTORY-003(B/C/L·Voronoi 압축 데이터 인입·crosswalk 작업)
07_COMPRESSION_DATA_AND_PILOT/COMP-FACTORY-003_BCL_VORONOI_INTAKE/xy_eligible_exact_join.csv,xy_eligible_exact_join.csv,.csv,07_COMPRESSION_DATA_AND_PILOT,2,current_package_member_or_evidence,COMP-FACTORY-003_BCL_VORONOI_INTAKE 폴더의 계산값·registry·manifest·QA 표. 관련 ID: COMP-FACTORY-003(B/C/L·Voronoi 압축 데이터 인입·crosswalk 작업)
07_COMPRESSION_DATA_AND_PILOT/COMP-FACTORY-004_BCL/best_target_y_vs_oof_prediction.png,best_target_y_vs_oof_prediction.png,.png,07_COMPRESSION_DATA_AND_PILOT,2,current_package_member_or_evidence,COMP-FACTORY-004_BCL 작업의 slice·overlay·진단·결과 시각 자료. 관련 ID: COMP-FACTORY-004(B/C/L·Voronoi grouped Feature Selection technical pilot)
07_COMPRESSION_DATA_AND_PILOT/COMP-FACTORY-004_BCL/feature_redundancy_edges.csv,feature_redundancy_edges.csv,.csv,07_COMPRESSION_DATA_AND_PILOT,2,current_package_member_or_evidence,COMP-FACTORY-004_BCL 폴더의 계산값·registry·manifest·QA 표. 관련 ID: COMP-FACTORY-004(B/C/L·Voronoi grouped Feature Selection technical pilot)
07_COMPRESSION_DATA_AND_PILOT/COMP-FACTORY-004_BCL/feature_selection_frequency.csv,feature_selection_frequency.csv,.csv,07_COMPRESSION_DATA_AND_PILOT,2,current_package_member_or_evidence,COMP-FACTORY-004_BCL 폴더의 계산값·registry·manifest·QA 표. 관련 ID: COMP-FACTORY-004(B/C/L·Voronoi grouped Feature Selection technical pilot)
07_COMPRESSION_DATA_AND_PILOT/COMP-FACTORY-004_BCL/feature_x_only_census.csv,feature_x_only_census.csv,.csv,07_COMPRESSION_DATA_AND_PILOT,2,current_package_member_or_evidence,COMP-FACTORY-004_BCL 폴더의 계산값·registry·manifest·QA 표. 관련 ID: COMP-FACTORY-004(B/C/L·Voronoi grouped Feature Selection technical pilot)
07_COMPRESSION_DATA_AND_PILOT/COMP-FACTORY-004_BCL/fold_local_feature_selection.csv,fold_local_feature_selection.csv,.csv,07_COMPRESSION_DATA_AND_PILOT,2,current_package_member_or_evidence,COMP-FACTORY-004_BCL 폴더의 계산값·registry·manifest·QA 표. 관련 ID: COMP-FACTORY-004(B/C/L·Voronoi grouped Feature Selection technical pilot)
07_COMPRESSION_DATA_AND_PILOT/COMP-FACTORY-004_BCL/independent_QA.csv,independent_QA.csv,.csv,07_COMPRESSION_DATA_AND_PILOT,2,current_package_member_or_evidence,COMP-FACTORY-004_BCL 결과의 독립 재검사·무결성·계약 통과 여부를 기록한 QA 파일. 관련 ID: COMP-FACTORY-004(B/C/L·Voronoi grouped Feature Selection technical pilot)
07_COMPRESSION_DATA_AND_PILOT/COMP-FACTORY-004_BCL/independent_QA.json,independent_QA.json,.json,07_COMPRESSION_DATA_AND_PILOT,2,current_package_member_or_evidence,COMP-FACTORY-004_BCL 결과의 독립 재검사·무결성·계약 통과 여부를 기록한 QA 파일. 관련 ID: COMP-FACTORY-004(B/C/L·Voronoi grouped Feature Selection technical pilot)
07_COMPRESSION_DATA_AND_PILOT/COMP-FACTORY-004_BCL/independent_QA_v2.csv,independent_QA_v2.csv,.csv,07_COMPRESSION_DATA_AND_PILOT,2,current_package_member_or_evidence,COMP-FACTORY-004_BCL 결과의 독립 재검사·무결성·계약 통과 여부를 기록한 QA 파일. 관련 ID: COMP-FACTORY-004(B/C/L·Voronoi grouped Feature Selection technical pilot)
07_COMPRESSION_DATA_AND_PILOT/COMP-FACTORY-004_BCL/independent_QA_v2.json,independent_QA_v2.json,.json,07_COMPRESSION_DATA_AND_PILOT,2,current_package_member_or_evidence,COMP-FACTORY-004_BCL 결과의 독립 재검사·무결성·계약 통과 여부를 기록한 QA 파일. 관련 ID: COMP-FACTORY-004(B/C/L·Voronoi grouped Feature Selection technical pilot)
07_COMPRESSION_DATA_AND_PILOT/COMP-FACTORY-004_BCL/MANIFEST.json,MANIFEST.json,.json,07_COMPRESSION_DATA_AND_PILOT,2,current_package_member_or_evidence,COMP-FACTORY-004_BCL 입력·출력·경로·SHA-256을 고정한 manifest. 관련 ID: COMP-FACTORY-004(B/C/L·Voronoi grouped Feature Selection technical pilot)
07_COMPRESSION_DATA_AND_PILOT/COMP-FACTORY-004_BCL/method_execution_details.csv,method_execution_details.csv,.csv,07_COMPRESSION_DATA_AND_PILOT,2,current_package_member_or_evidence,COMP-FACTORY-004_BCL 폴더의 계산값·registry·manifest·QA 표. 관련 ID: COMP-FACTORY-004(B/C/L·Voronoi grouped Feature Selection technical pilot)
07_COMPRESSION_DATA_AND_PILOT/COMP-FACTORY-004_BCL/metrics.csv,metrics.csv,.csv,07_COMPRESSION_DATA_AND_PILOT,2,current_package_member_or_evidence,COMP-FACTORY-004_BCL 폴더의 계산값·registry·manifest·QA 표. 관련 ID: COMP-FACTORY-004(B/C/L·Voronoi grouped Feature Selection technical pilot)
07_COMPRESSION_DATA_AND_PILOT/COMP-FACTORY-004_BCL/oof_predictions.csv,oof_predictions.csv,.csv,07_COMPRESSION_DATA_AND_PILOT,2,current_package_member_or_evidence,COMP-FACTORY-004_BCL 폴더의 계산값·registry·manifest·QA 표. 관련 ID: COMP-FACTORY-004(B/C/L·Voronoi grouped Feature Selection technical pilot)
07_COMPRESSION_DATA_AND_PILOT/COMP-FACTORY-004_BCL/outer_fold_registry.csv,outer_fold_registry.csv,.csv,07_COMPRESSION_DATA_AND_PILOT,2,current_package_member_or_evidence,COMP-FACTORY-004_BCL 폴더의 계산값·registry·manifest·QA 표. 관련 ID: COMP-FACTORY-004(B/C/L·Voronoi grouped Feature Selection technical pilot)
07_COMPRESSION_DATA_AND_PILOT/COMP-FACTORY-004_BCL/producer_QA.csv,producer_QA.csv,.csv,07_COMPRESSION_DATA_AND_PILOT,2,current_package_member_or_evidence,COMP-FACTORY-004_BCL 결과의 독립 재검사·무결성·계약 통과 여부를 기록한 QA 파일. 관련 ID: COMP-FACTORY-004(B/C/L·Voronoi grouped Feature Selection technical pilot)
07_COMPRESSION_DATA_AND_PILOT/COMP-FACTORY-004_BCL/REPORT.md,REPORT.md,.md,07_COMPRESSION_DATA_AND_PILOT,2,current_package_member_or_evidence,COMP-FACTORY-004_BCL 작업의 목적·실행 결과·해석 경계를 기록한 보고서. 관련 ID: COMP-FACTORY-004(B/C/L·Voronoi grouped Feature Selection technical pilot)
07_COMPRESSION_DATA_AND_PILOT/COMP-FACTORY-004_BCL/source_hash_audit.csv,source_hash_audit.csv,.csv,07_COMPRESSION_DATA_AND_PILOT,2,current_package_member_or_evidence,COMP-FACTORY-004_BCL 폴더의 계산값·registry·manifest·QA 표. 관련 ID: COMP-FACTORY-004(B/C/L·Voronoi grouped Feature Selection technical pilot)
07_COMPRESSION_DATA_AND_PILOT/COMP-FACTORY-004_BCL/target_screening_pooled_r2.png,target_screening_pooled_r2.png,.png,07_COMPRESSION_DATA_AND_PILOT,2,current_package_member_or_evidence,COMP-FACTORY-004_BCL 작업의 slice·overlay·진단·결과 시각 자료. 관련 ID: COMP-FACTORY-004(B/C/L·Voronoi grouped Feature Selection technical pilot)
07_COMPRESSION_DATA_AND_PILOT/COMP-FACTORY-004_BCL/target_screening_summary.csv,target_screening_summary.csv,.csv,07_COMPRESSION_DATA_AND_PILOT,2,current_package_member_or_evidence,COMP-FACTORY-004_BCL 폴더의 계산값·registry·manifest·QA 표. 관련 ID: COMP-FACTORY-004(B/C/L·Voronoi grouped Feature Selection technical pilot)
07_COMPRESSION_DATA_AND_PILOT/COMP-FACTORY-004_BCL/WARNING_AND_LIMITATION_REGISTER.csv,WARNING_AND_LIMITATION_REGISTER.csv,.csv,07_COMPRESSION_DATA_AND_PILOT,2,current_package_member_or_evidence,COMP-FACTORY-004_BCL 폴더의 계산값·registry·manifest·QA 표. 관련 ID: COMP-FACTORY-004(B/C/L·Voronoi grouped Feature Selection technical pilot)
07_COMPRESSION_DATA_AND_PILOT/COMP-FACTORY-004_BCL/WARNING_AND_LIMITATION_REGISTER_v2.csv,WARNING_AND_LIMITATION_REGISTER_v2.csv,.csv,07_COMPRESSION_DATA_AND_PILOT,2,current_package_member_or_evidence,COMP-FACTORY-004_BCL 폴더의 계산값·registry·manifest·QA 표. 관련 ID: COMP-FACTORY-004(B/C/L·Voronoi grouped Feature Selection technical pilot)
07_COMPRESSION_DATA_AND_PILOT/COMP-FACTORY-004_HANDOFF/MERGE_PACKET.md,MERGE_PACKET.md,.md,07_COMPRESSION_DATA_AND_PILOT,2,current_package_member_or_evidence,COMP-FACTORY-004_HANDOFF 작업의 QA·채택 범위·남은 제한을 요약한 merge packet. 관련 ID: COMP-FACTORY-004(B/C/L·Voronoi grouped Feature Selection technical pilot)
07_COMPRESSION_DATA_AND_PILOT/COMP-FACTORY-004_HANDOFF/REPORT.md,REPORT.md,.md,07_COMPRESSION_DATA_AND_PILOT,2,current_package_member_or_evidence,COMP-FACTORY-004_HANDOFF 작업의 목적·실행 결과·해석 경계를 기록한 보고서. 관련 ID: COMP-FACTORY-004(B/C/L·Voronoi grouped Feature Selection technical pilot)
07_COMPRESSION_DATA_AND_PILOT/COMP-FACTORY-004_HANDOFF/RESULT_INDEX.csv,RESULT_INDEX.csv,.csv,07_COMPRESSION_DATA_AND_PILOT,2,current_package_member_or_evidence,COMP-FACTORY-004_HANDOFF 폴더의 계산값·registry·manifest·QA 표. 관련 ID: COMP-FACTORY-004(B/C/L·Voronoi grouped Feature Selection technical pilot)
07_COMPRESSION_DATA_AND_PILOT/COMP-FACTORY-004_PIPELINE_SOURCE/PIPELINE_REPRODUCTION_GUIDE.md,PIPELINE_REPRODUCTION_GUIDE.md,.md,07_COMPRESSION_DATA_AND_PILOT,2,current_package_member_or_evidence,COMP-FACTORY-004_PIPELINE_SOURCE 폴더의 설명·보고·계약·의사결정 문서. 관련 ID: COMP-FACTORY-004(B/C/L·Voronoi grouped Feature Selection technical pilot)
07_COMPRESSION_DATA_AND_PILOT/COMP-FACTORY-004_PIPELINE_SOURCE/project_snapshot/experiments/lab_001_xy_connection_20260626/data/processed/COMP-FACTORY-003/COMP-FACTORY-003-BCL-VORONOI-20260802-001/cell_lineage.csv,cell_lineage.csv,.csv,07_COMPRESSION_DATA_AND_PILOT,9,current_package_member_or_evidence,COMP-FACTORY-003-BCL-VORONOI-20260802-001 폴더의 계산값·registry·manifest·QA 표. 관련 ID: COMP-FACTORY-003(B/C/L·Voronoi 압축 데이터 인입·crosswalk 작업); COMP-FACTORY-004(B/C/L·Voronoi grouped Feature Selection technical pilot)
07_COMPRESSION_DATA_AND_PILOT/COMP-FACTORY-004_PIPELINE_SOURCE/project_snapshot/experiments/lab_001_xy_connection_20260626/data/processed/COMP-FACTORY-003/COMP-FACTORY-003-BCL-VORONOI-20260802-001/feature_registry.csv,feature_registry.csv,.csv,07_COMPRESSION_DATA_AND_PILOT,9,current_package_member_or_evidence,COMP-FACTORY-003-BCL-VORONOI-20260802-001 폴더의 계산값·registry·manifest·QA 표. 관련 ID: COMP-FACTORY-003(B/C/L·Voronoi 압축 데이터 인입·crosswalk 작업); COMP-FACTORY-004(B/C/L·Voronoi grouped Feature Selection technical pilot)
07_COMPRESSION_DATA_AND_PILOT/COMP-FACTORY-004_PIPELINE_SOURCE/project_snapshot/experiments/lab_001_xy_connection_20260626/data/processed/COMP-FACTORY-003/COMP-FACTORY-003-BCL-VORONOI-20260802-001/independent_QA.csv,independent_QA.csv,.csv,07_COMPRESSION_DATA_AND_PILOT,9,current_package_member_or_evidence,COMP-FACTORY-003-BCL-VORONOI-20260802-001 결과의 독립 재검사·무결성·계약 통과 여부를 기록한 QA 파일. 관련 ID: COMP-FACTORY-003(B/C/L·Voronoi 압축 데이터 인입·crosswalk 작업); COMP-FACTORY-004(B/C/L·Voronoi grouped Feature Selection technical pilot)
07_COMPRESSION_DATA_AND_PILOT/COMP-FACTORY-004_PIPELINE_SOURCE/project_snapshot/experiments/lab_001_xy_connection_20260626/data/processed/COMP-FACTORY-003/COMP-FACTORY-003-BCL-VORONOI-20260802-001/independent_QA.json,independent_QA.json,.json,07_COMPRESSION_DATA_AND_PILOT,9,current_package_member_or_evidence,COMP-FACTORY-003-BCL-VORONOI-20260802-001 결과의 독립 재검사·무결성·계약 통과 여부를 기록한 QA 파일. 관련 ID: COMP-FACTORY-003(B/C/L·Voronoi 압축 데이터 인입·crosswalk 작업); COMP-FACTORY-004(B/C/L·Voronoi grouped Feature Selection technical pilot)
07_COMPRESSION_DATA_AND_PILOT/COMP-FACTORY-004_PIPELINE_SOURCE/project_snapshot/experiments/lab_001_xy_connection_20260626/data/processed/COMP-FACTORY-003/COMP-FACTORY-003-BCL-VORONOI-20260802-001/MANIFEST.json,MANIFEST.json,.json,07_COMPRESSION_DATA_AND_PILOT,9,current_package_member_or_evidence,COMP-FACTORY-003-BCL-VORONOI-20260802-001 입력·출력·경로·SHA-256을 고정한 manifest. 관련 ID: COMP-FACTORY-003(B/C/L·Voronoi 압축 데이터 인입·crosswalk 작업); COMP-FACTORY-004(B/C/L·Voronoi grouped Feature Selection technical pilot)
07_COMPRESSION_DATA_AND_PILOT/COMP-FACTORY-004_PIPELINE_SOURCE/project_snapshot/experiments/lab_001_xy_connection_20260626/data/processed/COMP-FACTORY-003/COMP-FACTORY-003-BCL-VORONOI-20260802-001/performance_y_wide_all.csv,performance_y_wide_all.csv,.csv,07_COMPRESSION_DATA_AND_PILOT,9,current_package_member_or_evidence,COMP-FACTORY-003-BCL-VORONOI-20260802-001 폴더의 계산값·registry·manifest·QA 표. 관련 ID: COMP-FACTORY-003(B/C/L·Voronoi 압축 데이터 인입·crosswalk 작업); COMP-FACTORY-004(B/C/L·Voronoi grouped Feature Selection technical pilot)
07_COMPRESSION_DATA_AND_PILOT/COMP-FACTORY-004_PIPELINE_SOURCE/project_snapshot/experiments/lab_001_xy_connection_20260626/data/processed/COMP-FACTORY-003/COMP-FACTORY-003-BCL-VORONOI-20260802-001/producer_QA.csv,producer_QA.csv,.csv,07_COMPRESSION_DATA_AND_PILOT,9,current_package_member_or_evidence,COMP-FACTORY-003-BCL-VORONOI-20260802-001 결과의 독립 재검사·무결성·계약 통과 여부를 기록한 QA 파일. 관련 ID: COMP-FACTORY-003(B/C/L·Voronoi 압축 데이터 인입·crosswalk 작업); COMP-FACTORY-004(B/C/L·Voronoi grouped Feature Selection technical pilot)
07_COMPRESSION_DATA_AND_PILOT/COMP-FACTORY-004_PIPELINE_SOURCE/project_snapshot/experiments/lab_001_xy_connection_20260626/data/processed/COMP-FACTORY-003/COMP-FACTORY-003-BCL-VORONOI-20260802-001/REPORT.md,REPORT.md,.md,07_COMPRESSION_DATA_AND_PILOT,9,current_package_member_or_evidence,COMP-FACTORY-003-BCL-VORONOI-20260802-001 작업의 목적·실행 결과·해석 경계를 기록한 보고서. 관련 ID: COMP-FACTORY-003(B/C/L·Voronoi 압축 데이터 인입·crosswalk 작업); COMP-FACTORY-004(B/C/L·Voronoi grouped Feature Selection technical pilot)
07_COMPRESSION_DATA_AND_PILOT/COMP-FACTORY-004_PIPELINE_SOURCE/project_snapshot/experiments/lab_001_xy_connection_20260626/data/processed/COMP-FACTORY-003/COMP-FACTORY-003-BCL-VORONOI-20260802-001/row_registry.csv,row_registry.csv,.csv,07_COMPRESSION_DATA_AND_PILOT,9,current_package_member_or_evidence,COMP-FACTORY-003-BCL-VORONOI-20260802-001 폴더의 계산값·registry·manifest·QA 표. 관련 ID: COMP-FACTORY-003(B/C/L·Voronoi 압축 데이터 인입·crosswalk 작업); COMP-FACTORY-004(B/C/L·Voronoi grouped Feature Selection technical pilot)
07_COMPRESSION_DATA_AND_PILOT/COMP-FACTORY-004_PIPELINE_SOURCE/project_snapshot/experiments/lab_001_xy_connection_20260626/data/processed/COMP-FACTORY-003/COMP-FACTORY-003-BCL-VORONOI-20260802-001/source_audit.csv,source_audit.csv,.csv,07_COMPRESSION_DATA_AND_PILOT,9,current_package_member_or_evidence,COMP-FACTORY-003-BCL-VORONOI-20260802-001 폴더의 계산값·registry·manifest·QA 표. 관련 ID: COMP-FACTORY-003(B/C/L·Voronoi 압축 데이터 인입·crosswalk 작업); COMP-FACTORY-004(B/C/L·Voronoi grouped Feature Selection technical pilot)
07_COMPRESSION_DATA_AND_PILOT/COMP-FACTORY-004_PIPELINE_SOURCE/project_snapshot/experiments/lab_001_xy_connection_20260626/data/processed/COMP-FACTORY-003/COMP-FACTORY-003-BCL-VORONOI-20260802-001/structural_x_wide_relevant.csv,structural_x_wide_relevant.csv,.csv,07_COMPRESSION_DATA_AND_PILOT,9,current_package_member_or_evidence,COMP-FACTORY-003-BCL-VORONOI-20260802-001 폴더의 계산값·registry·manifest·QA 표. 관련 ID: COMP-FACTORY-003(B/C/L·Voronoi 압축 데이터 인입·crosswalk 작업); COMP-FACTORY-004(B/C/L·Voronoi grouped Feature Selection technical pilot)
07_COMPRESSION_DATA_AND_PILOT/COMP-FACTORY-004_PIPELINE_SOURCE/project_snapshot/experiments/lab_001_xy_connection_20260626/data/processed/COMP-FACTORY-003/COMP-FACTORY-003-BCL-VORONOI-20260802-001/target_registry.csv,target_registry.csv,.csv,07_COMPRESSION_DATA_AND_PILOT,9,current_package_member_or_evidence,COMP-FACTORY-003-BCL-VORONOI-20260802-001 폴더의 계산값·registry·manifest·QA 표. 관련 ID: COMP-FACTORY-003(B/C/L·Voronoi 압축 데이터 인입·crosswalk 작업); COMP-FACTORY-004(B/C/L·Voronoi grouped Feature Selection technical pilot)
07_COMPRESSION_DATA_AND_PILOT/COMP-FACTORY-004_PIPELINE_SOURCE/project_snapshot/experiments/lab_001_xy_connection_20260626/data/processed/COMP-FACTORY-003/COMP-FACTORY-003-BCL-VORONOI-20260802-001/xy_eligible_exact_join.csv,xy_eligible_exact_join.csv,.csv,07_COMPRESSION_DATA_AND_PILOT,9,current_package_member_or_evidence,COMP-FACTORY-003-BCL-VORONOI-20260802-001 폴더의 계산값·registry·manifest·QA 표. 관련 ID: COMP-FACTORY-003(B/C/L·Voronoi 압축 데이터 인입·crosswalk 작업); COMP-FACTORY-004(B/C/L·Voronoi grouped Feature Selection technical pilot)
07_COMPRESSION_DATA_AND_PILOT/COMP-FACTORY-004_PIPELINE_SOURCE/project_snapshot/experiments/lab_001_xy_connection_20260626/data/raw/doctor_compression_data_20260731/01_structural_factors/Structural_Factors_All.xlsx,Structural_Factors_All.xlsx,.xlsx,07_COMPRESSION_DATA_AND_PILOT,9,current_package_member_or_evidence,01_structural_factors 폴더의 Excel 입력·원장·결과 workbook. 관련 ID: COMP-FACTORY-004(B/C/L·Voronoi grouped Feature Selection technical pilot)
07_COMPRESSION_DATA_AND_PILOT/COMP-FACTORY-004_PIPELINE_SOURCE/project_snapshot/experiments/lab_001_xy_connection_20260626/factories/COMP-FACTORY-001/config/compression_groups_v0_2.json,compression_groups_v0_2.json,.json,07_COMPRESSION_DATA_AND_PILOT,8,current_package_member_or_evidence,config 폴더의 설정·manifest·상태·QA 기계 판독 파일. 관련 ID: COMP-FACTORY-001(AI Lattice 압축 데이터 인입·정합 작업); COMP-FACTORY-004(B/C/L·Voronoi grouped Feature Selection technical pilot)
07_COMPRESSION_DATA_AND_PILOT/COMP-FACTORY-004_PIPELINE_SOURCE/project_snapshot/experiments/lab_001_xy_connection_20260626/factories/COMP-FACTORY-001/FACTORY_STATUS.json,FACTORY_STATUS.json,.json,07_COMPRESSION_DATA_AND_PILOT,7,current_package_member_or_evidence,COMP-FACTORY-001 폴더의 설정·manifest·상태·QA 기계 판독 파일. 관련 ID: COMP-FACTORY-001(AI Lattice 압축 데이터 인입·정합 작업); COMP-FACTORY-004(B/C/L·Voronoi grouped Feature Selection technical pilot)
07_COMPRESSION_DATA_AND_PILOT/COMP-FACTORY-004_PIPELINE_SOURCE/project_snapshot/experiments/lab_001_xy_connection_20260626/factories/COMP-FACTORY-001/README.md,README.md,.md,07_COMPRESSION_DATA_AND_PILOT,7,current_package_member_or_evidence,COMP-FACTORY-001 폴더의 설명·보고·계약·의사결정 문서. 관련 ID: COMP-FACTORY-001(AI Lattice 압축 데이터 인입·정합 작업); COMP-FACTORY-004(B/C/L·Voronoi grouped Feature Selection technical pilot)
07_COMPRESSION_DATA_AND_PILOT/COMP-FACTORY-004_PIPELINE_SOURCE/project_snapshot/experiments/lab_001_xy_connection_20260626/scripts/COMP002_ai_lattice_fs4_pilot.py,COMP002_ai_lattice_fs4_pilot.py,.py,07_COMPRESSION_DATA_AND_PILOT,6,current_package_member_or_evidence,scripts 폴더의 Python 실행·계산·검증 스크립트. 관련 ID: COMP-FACTORY-004(B/C/L·Voronoi grouped Feature Selection technical pilot)
07_COMPRESSION_DATA_AND_PILOT/COMP-FACTORY-004_PIPELINE_SOURCE/project_snapshot/experiments/lab_001_xy_connection_20260626/scripts/COMP003_xlsx_structure_probe.py,COMP003_xlsx_structure_probe.py,.py,07_COMPRESSION_DATA_AND_PILOT,6,current_package_member_or_evidence,scripts 폴더의 Python 실행·계산·검증 스크립트. 관련 ID: COMP-FACTORY-004(B/C/L·Voronoi grouped Feature Selection technical pilot)
07_COMPRESSION_DATA_AND_PILOT/COMP-FACTORY-004_PIPELINE_SOURCE/project_snapshot/experiments/lab_001_xy_connection_20260626/scripts/COMP004_bcl_voronoi_independent_qa.py,COMP004_bcl_voronoi_independent_qa.py,.py,07_COMPRESSION_DATA_AND_PILOT,6,current_package_member_or_evidence,scripts 폴더의 Python 실행·계산·검증 스크립트. 관련 ID: COMP-FACTORY-004(B/C/L·Voronoi grouped Feature Selection technical pilot)
07_COMPRESSION_DATA_AND_PILOT/COMP-FACTORY-004_PIPELINE_SOURCE/project_snapshot/experiments/lab_001_xy_connection_20260626/scripts/COMP004_bcl_voronoi_intake.py,COMP004_bcl_voronoi_intake.py,.py,07_COMPRESSION_DATA_AND_PILOT,6,current_package_member_or_evidence,scripts 폴더의 Python 실행·계산·검증 스크립트. 관련 ID: COMP-FACTORY-004(B/C/L·Voronoi grouped Feature Selection technical pilot)
07_COMPRESSION_DATA_AND_PILOT/COMP-FACTORY-004_PIPELINE_SOURCE/project_snapshot/experiments/lab_001_xy_connection_20260626/scripts/COMP005_multigroup_fs4_pilot.py,COMP005_multigroup_fs4_pilot.py,.py,07_COMPRESSION_DATA_AND_PILOT,6,current_package_member_or_evidence,scripts 폴더의 Python 실행·계산·검증 스크립트. 관련 ID: COMP-FACTORY-004(B/C/L·Voronoi grouped Feature Selection technical pilot)
07_COMPRESSION_DATA_AND_PILOT/COMP-FACTORY-004_PIPELINE_SOURCE/project_snapshot/experiments/lab_001_xy_connection_20260626/scripts/COMP005_multigroup_independent_qa.py,COMP005_multigroup_independent_qa.py,.py,07_COMPRESSION_DATA_AND_PILOT,6,current_package_member_or_evidence,scripts 폴더의 Python 실행·계산·검증 스크립트. 관련 ID: COMP-FACTORY-004(B/C/L·Voronoi grouped Feature Selection technical pilot)
07_COMPRESSION_DATA_AND_PILOT/COMP-FACTORY-004_PIPELINE_SOURCE/project_snapshot/experiments/lab_001_xy_connection_20260626/scripts/COMP006_artifact_output_validation.mjs,COMP006_artifact_output_validation.mjs,.mjs,07_COMPRESSION_DATA_AND_PILOT,6,current_package_member_or_evidence,scripts 폴더의 연구 패키지 보조 파일. 관련 ID: COMP-FACTORY-004(B/C/L·Voronoi grouped Feature Selection technical pilot)
07_COMPRESSION_DATA_AND_PILOT/COMP-FACTORY-004_PIPELINE_SOURCE/SOURCE_CODE_SHA256.csv,SOURCE_CODE_SHA256.csv,.csv,07_COMPRESSION_DATA_AND_PILOT,2,current_package_member_or_evidence,COMP-FACTORY-004_PIPELINE_SOURCE 폴더의 계산값·registry·manifest·QA 표. 관련 ID: COMP-FACTORY-004(B/C/L·Voronoi grouped Feature Selection technical pilot)
07_COMPRESSION_DATA_AND_PILOT/COMP-FACTORY-004_VORONOI/best_target_y_vs_oof_prediction.png,best_target_y_vs_oof_prediction.png,.png,07_COMPRESSION_DATA_AND_PILOT,2,current_package_member_or_evidence,COMP-FACTORY-004_VORONOI 작업의 slice·overlay·진단·결과 시각 자료. 관련 ID: COMP-FACTORY-004(B/C/L·Voronoi grouped Feature Selection technical pilot)
07_COMPRESSION_DATA_AND_PILOT/COMP-FACTORY-004_VORONOI/feature_redundancy_edges.csv,feature_redundancy_edges.csv,.csv,07_COMPRESSION_DATA_AND_PILOT,2,current_package_member_or_evidence,COMP-FACTORY-004_VORONOI 폴더의 계산값·registry·manifest·QA 표. 관련 ID: COMP-FACTORY-004(B/C/L·Voronoi grouped Feature Selection technical pilot)
07_COMPRESSION_DATA_AND_PILOT/COMP-FACTORY-004_VORONOI/feature_selection_frequency.csv,feature_selection_frequency.csv,.csv,07_COMPRESSION_DATA_AND_PILOT,2,current_package_member_or_evidence,COMP-FACTORY-004_VORONOI 폴더의 계산값·registry·manifest·QA 표. 관련 ID: COMP-FACTORY-004(B/C/L·Voronoi grouped Feature Selection technical pilot)
07_COMPRESSION_DATA_AND_PILOT/COMP-FACTORY-004_VORONOI/feature_x_only_census.csv,feature_x_only_census.csv,.csv,07_COMPRESSION_DATA_AND_PILOT,2,current_package_member_or_evidence,COMP-FACTORY-004_VORONOI 폴더의 계산값·registry·manifest·QA 표. 관련 ID: COMP-FACTORY-004(B/C/L·Voronoi grouped Feature Selection technical pilot)
07_COMPRESSION_DATA_AND_PILOT/COMP-FACTORY-004_VORONOI/fold_local_feature_selection.csv,fold_local_feature_selection.csv,.csv,07_COMPRESSION_DATA_AND_PILOT,2,current_package_member_or_evidence,COMP-FACTORY-004_VORONOI 폴더의 계산값·registry·manifest·QA 표. 관련 ID: COMP-FACTORY-004(B/C/L·Voronoi grouped Feature Selection technical pilot)
07_COMPRESSION_DATA_AND_PILOT/COMP-FACTORY-004_VORONOI/independent_QA.csv,independent_QA.csv,.csv,07_COMPRESSION_DATA_AND_PILOT,2,current_package_member_or_evidence,COMP-FACTORY-004_VORONOI 결과의 독립 재검사·무결성·계약 통과 여부를 기록한 QA 파일. 관련 ID: COMP-FACTORY-004(B/C/L·Voronoi grouped Feature Selection technical pilot)
07_COMPRESSION_DATA_AND_PILOT/COMP-FACTORY-004_VORONOI/independent_QA.json,independent_QA.json,.json,07_COMPRESSION_DATA_AND_PILOT,2,current_package_member_or_evidence,COMP-FACTORY-004_VORONOI 결과의 독립 재검사·무결성·계약 통과 여부를 기록한 QA 파일. 관련 ID: COMP-FACTORY-004(B/C/L·Voronoi grouped Feature Selection technical pilot)
07_COMPRESSION_DATA_AND_PILOT/COMP-FACTORY-004_VORONOI/independent_QA_v2.csv,independent_QA_v2.csv,.csv,07_COMPRESSION_DATA_AND_PILOT,2,current_package_member_or_evidence,COMP-FACTORY-004_VORONOI 결과의 독립 재검사·무결성·계약 통과 여부를 기록한 QA 파일. 관련 ID: COMP-FACTORY-004(B/C/L·Voronoi grouped Feature Selection technical pilot)
07_COMPRESSION_DATA_AND_PILOT/COMP-FACTORY-004_VORONOI/independent_QA_v2.json,independent_QA_v2.json,.json,07_COMPRESSION_DATA_AND_PILOT,2,current_package_member_or_evidence,COMP-FACTORY-004_VORONOI 결과의 독립 재검사·무결성·계약 통과 여부를 기록한 QA 파일. 관련 ID: COMP-FACTORY-004(B/C/L·Voronoi grouped Feature Selection technical pilot)
07_COMPRESSION_DATA_AND_PILOT/COMP-FACTORY-004_VORONOI/MANIFEST.json,MANIFEST.json,.json,07_COMPRESSION_DATA_AND_PILOT,2,current_package_member_or_evidence,COMP-FACTORY-004_VORONOI 입력·출력·경로·SHA-256을 고정한 manifest. 관련 ID: COMP-FACTORY-004(B/C/L·Voronoi grouped Feature Selection technical pilot)
07_COMPRESSION_DATA_AND_PILOT/COMP-FACTORY-004_VORONOI/method_execution_details.csv,method_execution_details.csv,.csv,07_COMPRESSION_DATA_AND_PILOT,2,current_package_member_or_evidence,COMP-FACTORY-004_VORONOI 폴더의 계산값·registry·manifest·QA 표. 관련 ID: COMP-FACTORY-004(B/C/L·Voronoi grouped Feature Selection technical pilot)
07_COMPRESSION_DATA_AND_PILOT/COMP-FACTORY-004_VORONOI/metrics.csv,metrics.csv,.csv,07_COMPRESSION_DATA_AND_PILOT,2,current_package_member_or_evidence,COMP-FACTORY-004_VORONOI 폴더의 계산값·registry·manifest·QA 표. 관련 ID: COMP-FACTORY-004(B/C/L·Voronoi grouped Feature Selection technical pilot)
07_COMPRESSION_DATA_AND_PILOT/COMP-FACTORY-004_VORONOI/oof_predictions.csv,oof_predictions.csv,.csv,07_COMPRESSION_DATA_AND_PILOT,2,current_package_member_or_evidence,COMP-FACTORY-004_VORONOI 폴더의 계산값·registry·manifest·QA 표. 관련 ID: COMP-FACTORY-004(B/C/L·Voronoi grouped Feature Selection technical pilot)
07_COMPRESSION_DATA_AND_PILOT/COMP-FACTORY-004_VORONOI/outer_fold_registry.csv,outer_fold_registry.csv,.csv,07_COMPRESSION_DATA_AND_PILOT,2,current_package_member_or_evidence,COMP-FACTORY-004_VORONOI 폴더의 계산값·registry·manifest·QA 표. 관련 ID: COMP-FACTORY-004(B/C/L·Voronoi grouped Feature Selection technical pilot)
07_COMPRESSION_DATA_AND_PILOT/COMP-FACTORY-004_VORONOI/producer_QA.csv,producer_QA.csv,.csv,07_COMPRESSION_DATA_AND_PILOT,2,current_package_member_or_evidence,COMP-FACTORY-004_VORONOI 결과의 독립 재검사·무결성·계약 통과 여부를 기록한 QA 파일. 관련 ID: COMP-FACTORY-004(B/C/L·Voronoi grouped Feature Selection technical pilot)
07_COMPRESSION_DATA_AND_PILOT/COMP-FACTORY-004_VORONOI/REPORT.md,REPORT.md,.md,07_COMPRESSION_DATA_AND_PILOT,2,current_package_member_or_evidence,COMP-FACTORY-004_VORONOI 작업의 목적·실행 결과·해석 경계를 기록한 보고서. 관련 ID: COMP-FACTORY-004(B/C/L·Voronoi grouped Feature Selection technical pilot)
07_COMPRESSION_DATA_AND_PILOT/COMP-FACTORY-004_VORONOI/source_hash_audit.csv,source_hash_audit.csv,.csv,07_COMPRESSION_DATA_AND_PILOT,2,current_package_member_or_evidence,COMP-FACTORY-004_VORONOI 폴더의 계산값·registry·manifest·QA 표. 관련 ID: COMP-FACTORY-004(B/C/L·Voronoi grouped Feature Selection technical pilot)
07_COMPRESSION_DATA_AND_PILOT/COMP-FACTORY-004_VORONOI/target_screening_pooled_r2.png,target_screening_pooled_r2.png,.png,07_COMPRESSION_DATA_AND_PILOT,2,current_package_member_or_evidence,COMP-FACTORY-004_VORONOI 작업의 slice·overlay·진단·결과 시각 자료. 관련 ID: COMP-FACTORY-004(B/C/L·Voronoi grouped Feature Selection technical pilot)
07_COMPRESSION_DATA_AND_PILOT/COMP-FACTORY-004_VORONOI/target_screening_summary.csv,target_screening_summary.csv,.csv,07_COMPRESSION_DATA_AND_PILOT,2,current_package_member_or_evidence,COMP-FACTORY-004_VORONOI 폴더의 계산값·registry·manifest·QA 표. 관련 ID: COMP-FACTORY-004(B/C/L·Voronoi grouped Feature Selection technical pilot)
07_COMPRESSION_DATA_AND_PILOT/COMP-FACTORY-004_VORONOI/WARNING_AND_LIMITATION_REGISTER.csv,WARNING_AND_LIMITATION_REGISTER.csv,.csv,07_COMPRESSION_DATA_AND_PILOT,2,current_package_member_or_evidence,COMP-FACTORY-004_VORONOI 폴더의 계산값·registry·manifest·QA 표. 관련 ID: COMP-FACTORY-004(B/C/L·Voronoi grouped Feature Selection technical pilot)
07_COMPRESSION_DATA_AND_PILOT/COMP-FACTORY-004_VORONOI/WARNING_AND_LIMITATION_REGISTER_v2.csv,WARNING_AND_LIMITATION_REGISTER_v2.csv,.csv,07_COMPRESSION_DATA_AND_PILOT,2,current_package_member_or_evidence,COMP-FACTORY-004_VORONOI 폴더의 계산값·registry·manifest·QA 표. 관련 ID: COMP-FACTORY-004(B/C/L·Voronoi grouped Feature Selection technical pilot)
08_OPTIONAL_UI_DEMO/README_BOUNDARY.md,README_BOUNDARY.md,.md,08_OPTIONAL_UI_DEMO,1,optional_demo_not_scientific_authority,08_OPTIONAL_UI_DEMO 폴더의 설명·보고·계약·의사결정 문서
08_OPTIONAL_UI_DEMO/UI_FACTORY_003_PROFESSOR_COLD_START_ACCEPTANCE_20260731.md,UI_FACTORY_003_PROFESSOR_COLD_START_ACCEPTANCE_20260731.md,.md,08_OPTIONAL_UI_DEMO,1,optional_demo_not_scientific_authority,08_OPTIONAL_UI_DEMO 폴더의 설명·보고·계약·의사결정 문서
08_OPTIONAL_UI_DEMO/URP4-1_FACTORY_v1_3.zip,URP4-1_FACTORY_v1_3.zip,.zip,08_OPTIONAL_UI_DEMO,1,optional_demo_not_scientific_authority,08_OPTIONAL_UI_DEMO 폴더의 무결성 검증된 묶음 자산
09_LIMITATIONS_AND_RESUME/AI_START_HERE_SOURCE_POINTER.md,AI_START_HERE_SOURCE_POINTER.md,.md,09_LIMITATIONS_AND_RESUME,1,current_package_member_or_evidence,09_LIMITATIONS_AND_RESUME 폴더의 설명·보고·계약·의사결정 문서
09_LIMITATIONS_AND_RESUME/KNOWN_LIMITATIONS_AND_BLOCKERS.md,KNOWN_LIMITATIONS_AND_BLOCKERS.md,.md,09_LIMITATIONS_AND_RESUME,1,current_package_member_or_evidence,제출 시점의 과학적 미완료·차단·금지 주장과 다음 gate
09_LIMITATIONS_AND_RESUME/R09_blackbox_decision_register_20260703.md,R09_blackbox_decision_register_20260703.md,.md,09_LIMITATIONS_AND_RESUME,1,current_package_member_or_evidence,09_LIMITATIONS_AND_RESUME 폴더의 설명·보고·계약·의사결정 문서
09_LIMITATIONS_AND_RESUME/URP4-1_PROFESSOR_PROJECT_ROADMAP_20260629.md,URP4-1_PROFESSOR_PROJECT_ROADMAP_20260629.md,.md,09_LIMITATIONS_AND_RESUME,1,current_package_member_or_evidence,09_LIMITATIONS_AND_RESUME 폴더의 설명·보고·계약·의사결정 문서
09_LIMITATIONS_AND_RESUME/URP4-1_ROADMAP.md,URP4-1_ROADMAP.md,.md,09_LIMITATIONS_AND_RESUME,1,current_package_member_or_evidence,09_LIMITATIONS_AND_RESUME 폴더의 설명·보고·계약·의사결정 문서
10_MANIFEST_SHA256_AND_QA/attempts/INDEPENDENT_CONTENT_QA_ATTEMPT_001_FAIL.json,INDEPENDENT_CONTENT_QA_ATTEMPT_001_FAIL.json,.json,10_MANIFEST_SHA256_AND_QA,2,historical_or_quarantined,과거 실패·대체·격리 이력(현재 canonical 아님): attempts 결과의 독립 재검사·무결성·계약 통과 여부를 기록한 QA 파일
10_MANIFEST_SHA256_AND_QA/CLAIM_AND_LIMITATION_LEDGER.csv,CLAIM_AND_LIMITATION_LEDGER.csv,.csv,10_MANIFEST_SHA256_AND_QA,1,current_package_member_or_evidence,10_MANIFEST_SHA256_AND_QA 폴더의 계산값·registry·manifest·QA 표
10_MANIFEST_SHA256_AND_QA/DRIVE_DELIVERY_CONTRACT.md,DRIVE_DELIVERY_CONTRACT.md,.md,10_MANIFEST_SHA256_AND_QA,1,current_package_member_or_evidence,10_MANIFEST_SHA256_AND_QA 폴더의 설명·보고·계약·의사결정 문서
10_MANIFEST_SHA256_AND_QA/INCLUDED_EXCLUDED_FILE_MANIFEST.csv,INCLUDED_EXCLUDED_FILE_MANIFEST.csv,.csv,10_MANIFEST_SHA256_AND_QA,1,current_package_member_or_evidence,10_MANIFEST_SHA256_AND_QA 입력·출력·경로·SHA-256을 고정한 manifest
10_MANIFEST_SHA256_AND_QA/INDEPENDENT_CONTENT_QA.json,INDEPENDENT_CONTENT_QA.json,.json,10_MANIFEST_SHA256_AND_QA,1,current_package_member_or_evidence,10_MANIFEST_SHA256_AND_QA 결과의 독립 재검사·무결성·계약 통과 여부를 기록한 QA 파일
10_MANIFEST_SHA256_AND_QA/MANIFEST_SCOPE_AND_REVISION_MAP.csv,MANIFEST_SCOPE_AND_REVISION_MAP.csv,.csv,10_MANIFEST_SHA256_AND_QA,1,current_package_member_or_evidence,10_MANIFEST_SHA256_AND_QA 입력·출력·경로·SHA-256을 고정한 manifest
10_MANIFEST_SHA256_AND_QA/MASTER_LEDGER_PREVIEWS/00_README_after.png,00_README_after.png,.png,10_MANIFEST_SHA256_AND_QA,2,current_package_member_or_evidence,MASTER_LEDGER_PREVIEWS 작업의 slice·overlay·진단·결과 시각 자료
10_MANIFEST_SHA256_AND_QA/MASTER_LEDGER_PREVIEWS/00_README_v1_2.png,00_README_v1_2.png,.png,10_MANIFEST_SHA256_AND_QA,2,current_package_member_or_evidence,MASTER_LEDGER_PREVIEWS 작업의 slice·overlay·진단·결과 시각 자료
10_MANIFEST_SHA256_AND_QA/MASTER_LEDGER_PREVIEWS/02_TRACK_STATUS_after.png,02_TRACK_STATUS_after.png,.png,10_MANIFEST_SHA256_AND_QA,2,current_package_member_or_evidence,MASTER_LEDGER_PREVIEWS 작업의 slice·overlay·진단·결과 시각 자료
10_MANIFEST_SHA256_AND_QA/MASTER_LEDGER_PREVIEWS/02_TRACK_STATUS_v1_2.png,02_TRACK_STATUS_v1_2.png,.png,10_MANIFEST_SHA256_AND_QA,2,current_package_member_or_evidence,MASTER_LEDGER_PREVIEWS 작업의 slice·overlay·진단·결과 시각 자료
10_MANIFEST_SHA256_AND_QA/MASTER_LEDGER_PREVIEWS/11_REQUIREMENTS_after.png,11_REQUIREMENTS_after.png,.png,10_MANIFEST_SHA256_AND_QA,2,current_package_member_or_evidence,MASTER_LEDGER_PREVIEWS 작업의 slice·overlay·진단·결과 시각 자료
10_MANIFEST_SHA256_AND_QA/MASTER_LEDGER_PREVIEWS/11_REQUIREMENTS_v1_2.png,11_REQUIREMENTS_v1_2.png,.png,10_MANIFEST_SHA256_AND_QA,2,current_package_member_or_evidence,MASTER_LEDGER_PREVIEWS 작업의 slice·overlay·진단·결과 시각 자료
10_MANIFEST_SHA256_AND_QA/MASTER_LEDGER_VISUAL_AND_FORMULA_QA.json,MASTER_LEDGER_VISUAL_AND_FORMULA_QA.json,.json,10_MANIFEST_SHA256_AND_QA,1,current_package_member_or_evidence,10_MANIFEST_SHA256_AND_QA 결과의 독립 재검사·무결성·계약 통과 여부를 기록한 QA 파일
10_MANIFEST_SHA256_AND_QA/PACKAGE_CONTENT_SHA256.csv,PACKAGE_CONTENT_SHA256.csv,.csv,10_MANIFEST_SHA256_AND_QA,1,current_package_member_or_evidence,패키지 파일별 SHA-256과 byte 수를 기록한 무결성 목록
10_MANIFEST_SHA256_AND_QA/PACKAGE_MEMBER_MANIFEST.csv,PACKAGE_MEMBER_MANIFEST.csv,.csv,10_MANIFEST_SHA256_AND_QA,1,current_package_member_or_evidence,최종 ZIP member별 상대경로·크기·SHA-256 manifest
10_MANIFEST_SHA256_AND_QA/PACKAGE_REVISION_v1_1_r2.md,PACKAGE_REVISION_v1_1_r2.md,.md,10_MANIFEST_SHA256_AND_QA,1,current_package_member_or_evidence,10_MANIFEST_SHA256_AND_QA 폴더의 설명·보고·계약·의사결정 문서
10_MANIFEST_SHA256_AND_QA/PACKAGE_REVISION_v1_2_r1.md,PACKAGE_REVISION_v1_2_r1.md,.md,10_MANIFEST_SHA256_AND_QA,1,current_package_member_or_evidence,10_MANIFEST_SHA256_AND_QA 폴더의 설명·보고·계약·의사결정 문서
10_MANIFEST_SHA256_AND_QA/PACKAGE_REVISION_v1_3_R1.md,PACKAGE_REVISION_v1_3_R1.md,.md,10_MANIFEST_SHA256_AND_QA,1,current_package_member_or_evidence,10_MANIFEST_SHA256_AND_QA 폴더의 설명·보고·계약·의사결정 문서
10_MANIFEST_SHA256_AND_QA/PACKAGE_REVISION_v1_3_R2.md,PACKAGE_REVISION_v1_3_R2.md,.md,10_MANIFEST_SHA256_AND_QA,1,current_package_member_or_evidence,10_MANIFEST_SHA256_AND_QA 폴더의 설명·보고·계약·의사결정 문서
10_MANIFEST_SHA256_AND_QA/PACKAGE_REVISION_v1_3_R3.md,PACKAGE_REVISION_v1_3_R3.md,.md,10_MANIFEST_SHA256_AND_QA,1,current_package_member_or_evidence,10_MANIFEST_SHA256_AND_QA 폴더의 설명·보고·계약·의사결정 문서
10_MANIFEST_SHA256_AND_QA/PACKAGE_REVISION_v1_4_R1.md,PACKAGE_REVISION_v1_4_R1.md,.md,10_MANIFEST_SHA256_AND_QA,1,current_package_member_or_evidence,10_MANIFEST_SHA256_AND_QA 폴더의 설명·보고·계약·의사결정 문서
10_MANIFEST_SHA256_AND_QA/PACKAGE_REVISION_v1_4_R2.md,PACKAGE_REVISION_v1_4_R2.md,.md,10_MANIFEST_SHA256_AND_QA,1,current_package_member_or_evidence,10_MANIFEST_SHA256_AND_QA 폴더의 설명·보고·계약·의사결정 문서
10_MANIFEST_SHA256_AND_QA/PROTECTED_ASSET_SNAPSHOT.csv,PROTECTED_ASSET_SNAPSHOT.csv,.csv,10_MANIFEST_SHA256_AND_QA,1,current_package_member_or_evidence,10_MANIFEST_SHA256_AND_QA 폴더의 계산값·registry·manifest·QA 표
10_MANIFEST_SHA256_AND_QA/R2_PREREGISTRATION.md,R2_PREREGISTRATION.md,.md,10_MANIFEST_SHA256_AND_QA,1,current_package_member_or_evidence,10_MANIFEST_SHA256_AND_QA 폴더의 설명·보고·계약·의사결정 문서
10_MANIFEST_SHA256_AND_QA/R2_REPAIR_SCOPE.csv,R2_REPAIR_SCOPE.csv,.csv,10_MANIFEST_SHA256_AND_QA,1,current_package_member_or_evidence,10_MANIFEST_SHA256_AND_QA 폴더의 계산값·registry·manifest·QA 표
10_MANIFEST_SHA256_AND_QA/REPRODUCTION_AND_RESUME_GUIDE.md,REPRODUCTION_AND_RESUME_GUIDE.md,.md,10_MANIFEST_SHA256_AND_QA,1,current_package_member_or_evidence,10_MANIFEST_SHA256_AND_QA 폴더의 설명·보고·계약·의사결정 문서
10_MANIFEST_SHA256_AND_QA/SUBMISSION_REQUIREMENTS_CHECKLIST.csv,SUBMISSION_REQUIREMENTS_CHECKLIST.csv,.csv,10_MANIFEST_SHA256_AND_QA,1,current_package_member_or_evidence,10_MANIFEST_SHA256_AND_QA 폴더의 계산값·registry·manifest·QA 표
10_MANIFEST_SHA256_AND_QA/SUPERSEDED_OR_QUARANTINED_ATTEMPTS.md,SUPERSEDED_OR_QUARANTINED_ATTEMPTS.md,.md,10_MANIFEST_SHA256_AND_QA,1,historical_or_quarantined,과거 실패·대체·격리 이력(현재 canonical 아님): 10_MANIFEST_SHA256_AND_QA 폴더의 설명·보고·계약·의사결정 문서
10_MANIFEST_SHA256_AND_QA/verify_package_read_only.py,verify_package_read_only.py,.py,10_MANIFEST_SHA256_AND_QA,1,current_package_member_or_evidence,10_MANIFEST_SHA256_AND_QA 폴더의 Python 실행·계산·검증 스크립트
SOURCE_CUTOFF_SNAPSHOT/CLAIM_AND_LIMITATION_LEDGER.csv,CLAIM_AND_LIMITATION_LEDGER.csv,.csv,SOURCE_CUTOFF_SNAPSHOT,1,historical_cutoff_snapshot,과거 cutoff 보존본(현재 상태 아님): SOURCE_CUTOFF_SNAPSHOT 폴더의 계산값·registry·manifest·QA 표
SOURCE_CUTOFF_SNAPSHOT/CONTEXT_AND_DECISION_LINEAGE.md,CONTEXT_AND_DECISION_LINEAGE.md,.md,SOURCE_CUTOFF_SNAPSHOT,1,historical_cutoff_snapshot,과거 cutoff 보존본(현재 상태 아님): SOURCE_CUTOFF_SNAPSHOT 폴더의 설명·보고·계약·의사결정 문서
SOURCE_CUTOFF_SNAPSHOT/CONTEXT_LINEAGE_REGISTER.csv,CONTEXT_LINEAGE_REGISTER.csv,.csv,SOURCE_CUTOFF_SNAPSHOT,1,historical_cutoff_snapshot,과거 cutoff 보존본(현재 상태 아님): SOURCE_CUTOFF_SNAPSHOT 폴더의 계산값·registry·manifest·QA 표
SOURCE_CUTOFF_SNAPSHOT/EVIDENCE_INDEX.csv,EVIDENCE_INDEX.csv,.csv,SOURCE_CUTOFF_SNAPSHOT,1,historical_cutoff_snapshot,과거 cutoff 보존본(현재 상태 아님): 작업 결론을 실제 근거 파일·SHA-256과 연결한 인덱스
SOURCE_CUTOFF_SNAPSHOT/FILE_ALIAS_AND_PATH_INDEX.csv,FILE_ALIAS_AND_PATH_INDEX.csv,.csv,SOURCE_CUTOFF_SNAPSHOT,1,historical_cutoff_snapshot,과거 cutoff 보존본(현재 상태 아님): HQ·Notebook·원본 파일의 alias와 실제 원본 경로·SHA 연결표
SOURCE_CUTOFF_SNAPSHOT/FINAL_SUBMISSION_REPORT.md,FINAL_SUBMISSION_REPORT.md,.md,SOURCE_CUTOFF_SNAPSHOT,1,historical_cutoff_snapshot,과거 cutoff 보존본(현재 상태 아님): SOURCE_CUTOFF_SNAPSHOT 작업의 목적·실행 결과·해석 경계를 기록한 보고서
SOURCE_CUTOFF_SNAPSHOT/HQ_CELL_IMPLEMENTATION_MAP.csv,HQ_CELL_IMPLEMENTATION_MAP.csv,.csv,SOURCE_CUTOFF_SNAPSHOT,1,historical_cutoff_snapshot,과거 cutoff 보존본(현재 상태 아님): SOURCE_CUTOFF_SNAPSHOT 폴더의 계산값·registry·manifest·QA 표
SOURCE_CUTOFF_SNAPSHOT/HQ_NOTEBOOK_CELL_TREE.csv,HQ_NOTEBOOK_CELL_TREE.csv,.csv,SOURCE_CUTOFF_SNAPSHOT,1,historical_cutoff_snapshot,과거 cutoff 보존본(현재 상태 아님): SOURCE_CUTOFF_SNAPSHOT 폴더의 계산값·registry·manifest·QA 표
SOURCE_CUTOFF_SNAPSHOT/MERGE_PACKET.md,MERGE_PACKET.md,.md,SOURCE_CUTOFF_SNAPSHOT,1,historical_cutoff_snapshot,과거 cutoff 보존본(현재 상태 아님): SOURCE_CUTOFF_SNAPSHOT 작업의 QA·채택 범위·남은 제한을 요약한 merge packet
SOURCE_CUTOFF_SNAPSHOT/OPEN_GATES.csv,OPEN_GATES.csv,.csv,SOURCE_CUTOFF_SNAPSHOT,1,historical_cutoff_snapshot,과거 cutoff 보존본(현재 상태 아님): 현재 미완료·차단·다음 통과 조건 목록
SOURCE_CUTOFF_SNAPSHOT/OPEN_ISSUES_AND_NEXT_GATES.md,OPEN_ISSUES_AND_NEXT_GATES.md,.md,SOURCE_CUTOFF_SNAPSHOT,1,historical_cutoff_snapshot,과거 cutoff 보존본(현재 상태 아님): SOURCE_CUTOFF_SNAPSHOT 폴더의 설명·보고·계약·의사결정 문서
SOURCE_CUTOFF_SNAPSHOT/PROJECT_SCHEMA.json,PROJECT_SCHEMA.json,.json,SOURCE_CUTOFF_SNAPSHOT,1,historical_cutoff_snapshot,과거 cutoff 보존본(현재 상태 아님): 현재 프로젝트 상태를 기계가 읽는 single source of status truth
SOURCE_CUTOFF_SNAPSHOT/PYTHON_MODULE_AUDIT.csv,PYTHON_MODULE_AUDIT.csv,.csv,SOURCE_CUTOFF_SNAPSHOT,1,historical_cutoff_snapshot,과거 cutoff 보존본(현재 상태 아님): SOURCE_CUTOFF_SNAPSHOT 폴더의 계산값·registry·manifest·QA 표
SOURCE_CUTOFF_SNAPSHOT/RECONCILIATION_DISCREPANCIES.csv,RECONCILIATION_DISCREPANCIES.csv,.csv,SOURCE_CUTOFF_SNAPSHOT,1,historical_cutoff_snapshot,과거 cutoff 보존본(현재 상태 아님): SOURCE_CUTOFF_SNAPSHOT 폴더의 계산값·registry·manifest·QA 표
SOURCE_CUTOFF_SNAPSHOT/REPRODUCTION_AND_RESUME_GUIDE.md,REPRODUCTION_AND_RESUME_GUIDE.md,.md,SOURCE_CUTOFF_SNAPSHOT,1,historical_cutoff_snapshot,과거 cutoff 보존본(현재 상태 아님): SOURCE_CUTOFF_SNAPSHOT 폴더의 설명·보고·계약·의사결정 문서
SOURCE_CUTOFF_SNAPSHOT/SUBMISSION_REQUIREMENTS_CHECKLIST.csv,SUBMISSION_REQUIREMENTS_CHECKLIST.csv,.csv,SOURCE_CUTOFF_SNAPSHOT,1,historical_cutoff_snapshot,과거 cutoff 보존본(현재 상태 아님): SOURCE_CUTOFF_SNAPSHOT 폴더의 계산값·registry·manifest·QA 표
SOURCE_CUTOFF_SNAPSHOT/URP4_1_HQ_21CELL_RAW_FLOW.svg,URP4_1_HQ_21CELL_RAW_FLOW.svg,.svg,SOURCE_CUTOFF_SNAPSHOT,1,historical_cutoff_snapshot,과거 cutoff 보존본(현재 상태 아님): SOURCE_CUTOFF_SNAPSHOT 폴더의 벡터 다이어그램·도식
SOURCE_CUTOFF_SNAPSHOT/URP4_1_HQ_PROJECT_MAP.html,URP4_1_HQ_PROJECT_MAP.html,.html,SOURCE_CUTOFF_SNAPSHOT,1,historical_cutoff_snapshot,과거 cutoff 보존본(현재 상태 아님): 브라우저에서 보는 전체 파이프라인·상태·근거 연결 지도
SOURCE_CUTOFF_SNAPSHOT/URP4_1_HQ_PROJECT_MAP.md,URP4_1_HQ_PROJECT_MAP.md,.md,SOURCE_CUTOFF_SNAPSHOT,1,historical_cutoff_snapshot,과거 cutoff 보존본(현재 상태 아님): 전체 파이프라인·상태·근거 연결 지도의 Markdown 버전
SOURCE_CUTOFF_SNAPSHOT/URP4_1_HQ_PROJECT_MAP.svg,URP4_1_HQ_PROJECT_MAP.svg,.svg,SOURCE_CUTOFF_SNAPSHOT,1,historical_cutoff_snapshot,과거 cutoff 보존본(현재 상태 아님): SOURCE_CUTOFF_SNAPSHOT 폴더의 벡터 다이어그램·도식
SOURCE_CUTOFF_SNAPSHOT/URP4_1_MASTER_HANDOFF_LEDGER.xlsx,URP4_1_MASTER_HANDOFF_LEDGER.xlsx,.xlsx,SOURCE_CUTOFF_SNAPSHOT,1,historical_cutoff_snapshot,과거 cutoff 보존본(현재 상태 아님): 박사님과 후속 담당자가 필터·검색하는 프로젝트 종합 원장
SOURCE_CUTOFF_SNAPSHOT/WORK_PACKAGE_LEDGER.csv,WORK_PACKAGE_LEDGER.csv,.csv,SOURCE_CUTOFF_SNAPSHOT,1,historical_cutoff_snapshot,과거 cutoff 보존본(현재 상태 아님): 작업별 실행·과학·Notebook 통합·release 상태 원장
