bank_version,candidate_id,candidate_group_id,descriptor_family,output_name,unit,source_population,aggregation_formula,applicable_family,direct_or_derived,source_bank,source_value_table,technical_role,qualification_status,confidence_status,later_evaluation_role,active_feature,promoted,y_evidence,notes,model_count,finite_count,unique_count,unified_block_id,unified_block_member_count,unified_edge_degree,operational_grade,literature_anchor,anchor_scope,predecessor_unified_block_id
XREG-v2.7-TECHNICAL,LIT-X001::solid_chord_x_count,LIT-X001,directional_solid_chord,solid_chord_x_count,count,directional phase chord run-length distribution on fixed V128 voxel mask,directional phase chord run-length distribution on fixed V128 voxel mask,B|C|F|L|T,direct_from_mask_formula,PRM082_existing,PRM082_full58_all89_values_long.csv,diagnostic_trace_only,full58_technical_census_not_scientifically_selected,confirmed_lineage,existing_bank_reference_diagnostic_trace_only,False,False,False,raw value is persisted even when held or diagnostic,58,58,58,U096-BLK-001,1,0,legacy_pregrade,prior_registry,prior_registry,U096-BLK-001
XREG-v2.7-TECHNICAL,LIT-X001::solid_chord_x_mean_mm,LIT-X001,directional_solid_chord,solid_chord_x_mean_mm,mm,directional phase chord run-length distribution on fixed V128 voxel mask,directional phase chord run-length distribution on fixed V128 voxel mask,B|C|F|L|T,direct_from_mask_formula,PRM082_existing,PRM082_full58_all89_values_long.csv,census_primary,full58_technical_census_not_scientifically_selected,confirmed_lineage,existing_bank_reference_census_primary,False,False,False,raw value is persisted even when held or diagnostic,58,58,58,U096-BLK-002,2,1,legacy_pregrade,prior_registry,prior_registry,U096-BLK-002
XREG-v2.7-TECHNICAL,LIT-X001::solid_chord_x_population_std_mm,LIT-X001,directional_solid_chord,solid_chord_x_population_std_mm,mm,directional phase chord run-length distribution on fixed V128 voxel mask,directional phase chord run-length distribution on fixed V128 voxel mask,B|C|F|L|T,direct_from_mask_formula,PRM082_existing,PRM082_full58_all89_values_long.csv,census_primary,full58_technical_census_not_scientifically_selected,confirmed_lineage,existing_bank_reference_census_primary,False,False,False,raw value is persisted even when held or diagnostic,58,58,58,U096-BLK-003,2,1,legacy_pregrade,prior_registry,prior_registry,U096-BLK-003
XREG-v2.7-TECHNICAL,LIT-X001::solid_chord_x_q10_mm,LIT-X001,directional_solid_chord,solid_chord_x_q10_mm,mm,directional phase chord run-length distribution on fixed V128 voxel mask,directional phase chord run-length distribution on fixed V128 voxel mask,B|C|F|L|T,direct_from_mask_formula,PRM082_existing,PRM082_full58_all89_values_long.csv,retained_sensitivity_trace,full58_technical_census_not_scientifically_selected,likely_or_hold_by_existing_policy,existing_bank_reference_retained_sensitivity_trace,False,False,False,raw value is persisted even when held or diagnostic,58,58,5,U096-BLK-004,1,0,legacy_pregrade,prior_registry,prior_registry,U096-BLK-004
XREG-v2.7-TECHNICAL,LIT-X001::solid_chord_x_q50_mm,LIT-X001,directional_solid_chord,solid_chord_x_q50_mm,mm,directional phase chord run-length distribution on fixed V128 voxel mask,directional phase chord run-length distribution on fixed V128 voxel mask,B|C|F|L|T,direct_from_mask_formula,PRM082_existing,PRM082_full58_all89_values_long.csv,retained_sensitivity_trace,full58_technical_census_not_scientifically_selected,likely_or_hold_by_existing_policy,existing_bank_reference_retained_sensitivity_trace,False,False,False,raw value is persisted even when held or diagnostic,58,58,9,U096-BLK-005,1,0,legacy_pregrade,prior_registry,prior_registry,U096-BLK-005
XREG-v2.7-TECHNICAL,LIT-X001::solid_chord_x_q90_mm,LIT-X001,directional_solid_chord,solid_chord_x_q90_mm,mm,directional phase chord run-length distribution on fixed V128 voxel mask,directional phase chord run-length distribution on fixed V128 voxel mask,B|C|F|L|T,direct_from_mask_formula,PRM082_existing,PRM082_full58_all89_values_long.csv,retained_sensitivity_trace,full58_technical_census_not_scientifically_selected,likely_or_hold_by_existing_policy,existing_bank_reference_retained_sensitivity_trace,False,False,False,raw value is persisted even when held or diagnostic,58,58,15,U096-BLK-006,1,0,legacy_pregrade,prior_registry,prior_registry,U096-BLK-006
XREG-v2.7-TECHNICAL,LIT-X001::solid_chord_x_spanning_line_fraction,LIT-X001,directional_solid_chord,solid_chord_x_spanning_line_fraction,dimensionless,directional phase chord run-length distribution on fixed V128 voxel mask,directional phase chord run-length distribution on fixed V128 voxel mask,B|C|F|L|T,direct_from_mask_formula,PRM082_existing,PRM082_full58_all89_values_long.csv,retained_sensitivity_trace,full58_technical_census_not_scientifically_selected,likely_or_hold_by_existing_policy,existing_bank_reference_retained_sensitivity_trace,False,False,False,raw value is persisted even when held or diagnostic,58,58,33,U096-BLK-007,1,0,legacy_pregrade,prior_registry,prior_registry,U096-BLK-007
XREG-v2.7-TECHNICAL,LIT-X001::solid_chord_y_count,LIT-X001,directional_solid_chord,solid_chord_y_count,count,directional phase chord run-length distribution on fixed V128 voxel mask,directional phase chord run-length distribution on fixed V128 voxel mask,B|C|F|L|T,direct_from_mask_formula,PRM082_existing,PRM082_full58_all89_values_long.csv,diagnostic_trace_only,full58_technical_census_not_scientifically_selected,confirmed_lineage,existing_bank_reference_diagnostic_trace_only,False,False,False,raw value is persisted even when held or diagnostic,58,58,58,U096-BLK-008,1,0,legacy_pregrade,prior_registry,prior_registry,U096-BLK-008
XREG-v2.7-TECHNICAL,LIT-X001::solid_chord_y_mean_mm,LIT-X001,directional_solid_chord,solid_chord_y_mean_mm,mm,directional phase chord run-length distribution on fixed V128 voxel mask,directional phase chord run-length distribution on fixed V128 voxel mask,B|C|F|L|T,direct_from_mask_formula,PRM082_existing,PRM082_full58_all89_values_long.csv,census_primary,full58_technical_census_not_scientifically_selected,confirmed_lineage,existing_bank_reference_census_primary,False,False,False,raw value is persisted even when held or diagnostic,58,58,58,U096-BLK-002,2,1,legacy_pregrade,prior_registry,prior_registry,U096-BLK-002
XREG-v2.7-TECHNICAL,LIT-X001::solid_chord_y_population_std_mm,LIT-X001,directional_solid_chord,solid_chord_y_population_std_mm,mm,directional phase chord run-length distribution on fixed V128 voxel mask,directional phase chord run-length distribution on fixed V128 voxel mask,B|C|F|L|T,direct_from_mask_formula,PRM082_existing,PRM082_full58_all89_values_long.csv,census_primary,full58_technical_census_not_scientifically_selected,confirmed_lineage,existing_bank_reference_census_primary,False,False,False,raw value is persisted even when held or diagnostic,58,58,58,U096-BLK-003,2,1,legacy_pregrade,prior_registry,prior_registry,U096-BLK-003
XREG-v2.7-TECHNICAL,LIT-X001::solid_chord_y_q10_mm,LIT-X001,directional_solid_chord,solid_chord_y_q10_mm,mm,directional phase chord run-length distribution on fixed V128 voxel mask,directional phase chord run-length distribution on fixed V128 voxel mask,B|C|F|L|T,direct_from_mask_formula,PRM082_existing,PRM082_full58_all89_values_long.csv,retained_sensitivity_trace,full58_technical_census_not_scientifically_selected,likely_or_hold_by_existing_policy,existing_bank_reference_retained_sensitivity_trace,False,False,False,raw value is persisted even when held or diagnostic,58,58,5,U096-BLK-009,1,0,legacy_pregrade,prior_registry,prior_registry,U096-BLK-009
XREG-v2.7-TECHNICAL,LIT-X001::solid_chord_y_q50_mm,LIT-X001,directional_solid_chord,solid_chord_y_q50_mm,mm,directional phase chord run-length distribution on fixed V128 voxel mask,directional phase chord run-length distribution on fixed V128 voxel mask,B|C|F|L|T,direct_from_mask_formula,PRM082_existing,PRM082_full58_all89_values_long.csv,retained_sensitivity_trace,full58_technical_census_not_scientifically_selected,likely_or_hold_by_existing_policy,existing_bank_reference_retained_sensitivity_trace,False,False,False,raw value is persisted even when held or diagnostic,58,58,9,U096-BLK-010,1,0,legacy_pregrade,prior_registry,prior_registry,U096-BLK-010
XREG-v2.7-TECHNICAL,LIT-X001::solid_chord_y_q90_mm,LIT-X001,directional_solid_chord,solid_chord_y_q90_mm,mm,directional phase chord run-length distribution on fixed V128 voxel mask,directional phase chord run-length distribution on fixed V128 voxel mask,B|C|F|L|T,direct_from_mask_formula,PRM082_existing,PRM082_full58_all89_values_long.csv,retained_sensitivity_trace,full58_technical_census_not_scientifically_selected,likely_or_hold_by_existing_policy,existing_bank_reference_retained_sensitivity_trace,False,False,False,raw value is persisted even when held or diagnostic,58,58,15,U096-BLK-011,1,0,legacy_pregrade,prior_registry,prior_registry,U096-BLK-011
XREG-v2.7-TECHNICAL,LIT-X001::solid_chord_y_spanning_line_fraction,LIT-X001,directional_solid_chord,solid_chord_y_spanning_line_fraction,dimensionless,directional phase chord run-length distribution on fixed V128 voxel mask,directional phase chord run-length distribution on fixed V128 voxel mask,B|C|F|L|T,direct_from_mask_formula,PRM082_existing,PRM082_full58_all89_values_long.csv,retained_sensitivity_trace,full58_technical_census_not_scientifically_selected,likely_or_hold_by_existing_policy,existing_bank_reference_retained_sensitivity_trace,False,False,False,raw value is persisted even when held or diagnostic,58,58,32,U096-BLK-012,1,0,legacy_pregrade,prior_registry,prior_registry,U096-BLK-012
XREG-v2.7-TECHNICAL,LIT-X001::solid_chord_z_count,LIT-X001,directional_solid_chord,solid_chord_z_count,count,directional phase chord run-length distribution on fixed V128 voxel mask,directional phase chord run-length distribution on fixed V128 voxel mask,B|C|F|L|T,direct_from_mask_formula,PRM082_existing,PRM082_full58_all89_values_long.csv,diagnostic_trace_only,full58_technical_census_not_scientifically_selected,confirmed_lineage,existing_bank_reference_diagnostic_trace_only,False,False,False,raw value is persisted even when held or diagnostic,58,58,58,U096-BLK-013,1,0,legacy_pregrade,prior_registry,prior_registry,U096-BLK-013
XREG-v2.7-TECHNICAL,LIT-X001::solid_chord_z_mean_mm,LIT-X001,directional_solid_chord,solid_chord_z_mean_mm,mm,directional phase chord run-length distribution on fixed V128 voxel mask,directional phase chord run-length distribution on fixed V128 voxel mask,B|C|F|L|T,direct_from_mask_formula,PRM082_existing,PRM082_full58_all89_values_long.csv,census_hold_resolution,full58_technical_census_not_scientifically_selected,likely_or_hold_by_existing_policy,existing_bank_reference_census_hold_resolution,False,False,False,raw value is persisted even when held or diagnostic,58,58,58,U096-BLK-014,1,0,legacy_pregrade,prior_registry,prior_registry,U096-BLK-014
XREG-v2.7-TECHNICAL,LIT-X001::solid_chord_z_population_std_mm,LIT-X001,directional_solid_chord,solid_chord_z_population_std_mm,mm,directional phase chord run-length distribution on fixed V128 voxel mask,directional phase chord run-length distribution on fixed V128 voxel mask,B|C|F|L|T,direct_from_mask_formula,PRM082_existing,PRM082_full58_all89_values_long.csv,census_primary,full58_technical_census_not_scientifically_selected,confirmed_lineage,existing_bank_reference_census_primary,False,False,False,raw value is persisted even when held or diagnostic,58,58,58,U096-BLK-015,1,0,legacy_pregrade,prior_registry,prior_registry,U096-BLK-015
XREG-v2.7-TECHNICAL,LIT-X001::solid_chord_z_q10_mm,LIT-X001,directional_solid_chord,solid_chord_z_q10_mm,mm,directional phase chord run-length distribution on fixed V128 voxel mask,directional phase chord run-length distribution on fixed V128 voxel mask,B|C|F|L|T,direct_from_mask_formula,PRM082_existing,PRM082_full58_all89_values_long.csv,retained_sensitivity_trace,full58_technical_census_not_scientifically_selected,likely_or_hold_by_existing_policy,existing_bank_reference_retained_sensitivity_trace,False,False,False,raw value is persisted even when held or diagnostic,58,58,6,U096-BLK-016,1,0,legacy_pregrade,prior_registry,prior_registry,U096-BLK-016
XREG-v2.7-TECHNICAL,LIT-X001::solid_chord_z_q50_mm,LIT-X001,directional_solid_chord,solid_chord_z_q50_mm,mm,directional phase chord run-length distribution on fixed V128 voxel mask,directional phase chord run-length distribution on fixed V128 voxel mask,B|C|F|L|T,direct_from_mask_formula,PRM082_existing,PRM082_full58_all89_values_long.csv,retained_sensitivity_trace,full58_technical_census_not_scientifically_selected,likely_or_hold_by_existing_policy,existing_bank_reference_retained_sensitivity_trace,False,False,False,raw value is persisted even when held or diagnostic,58,58,9,U096-BLK-017,1,0,legacy_pregrade,prior_registry,prior_registry,U096-BLK-017
XREG-v2.7-TECHNICAL,LIT-X001::solid_chord_z_q90_mm,LIT-X001,directional_solid_chord,solid_chord_z_q90_mm,mm,directional phase chord run-length distribution on fixed V128 voxel mask,directional phase chord run-length distribution on fixed V128 voxel mask,B|C|F|L|T,direct_from_mask_formula,PRM082_existing,PRM082_full58_all89_values_long.csv,retained_sensitivity_trace,full58_technical_census_not_scientifically_selected,likely_or_hold_by_existing_policy,existing_bank_reference_retained_sensitivity_trace,False,False,False,raw value is persisted even when held or diagnostic,58,58,17,U096-BLK-018,1,0,legacy_pregrade,prior_registry,prior_registry,U096-BLK-018
XREG-v2.7-TECHNICAL,LIT-X001::solid_chord_z_spanning_line_fraction,LIT-X001,directional_solid_chord,solid_chord_z_spanning_line_fraction,dimensionless,directional phase chord run-length distribution on fixed V128 voxel mask,directional phase chord run-length distribution on fixed V128 voxel mask,B|C|F|L|T,direct_from_mask_formula,PRM082_existing,PRM082_full58_all89_values_long.csv,retained_sensitivity_trace,full58_technical_census_not_scientifically_selected,likely_or_hold_by_existing_policy,existing_bank_reference_retained_sensitivity_trace,False,False,False,raw value is persisted even when held or diagnostic,58,58,29,U096-BLK-019,1,0,legacy_pregrade,prior_registry,prior_registry,U096-BLK-019
XREG-v2.7-TECHNICAL,LIT-X002::C2_x_efold_mm,LIT-X002,directional_two_point_correlation_physical_lag,C2_x_efold_mm,mm,S2_i(r)=mean(I(x)I(x+r)); C2=(S2-phi^2)/(phi(1-phi)); fixed 0:2.5:20 mm physical lags,S2_i(r)=mean(I(x)I(x+r)); C2=(S2-phi^2)/(phi(1-phi)); fixed 0:2.5:20 mm physical lags,B|C|F|L|T,direct_from_mask_formula,PRM082_existing,PRM082_full58_all89_values_long.csv,retained_sensitivity_trace,full58_technical_census_not_scientifically_selected,likely_or_hold_by_existing_policy,existing_bank_reference_retained_sensitivity_trace,False,False,False,raw value is persisted even when held or diagnostic,58,57,57,U096-BLK-020,1,0,legacy_pregrade,prior_registry,prior_registry,U096-BLK-020
XREG-v2.7-TECHNICAL,LIT-X002::C2_x_positive_auc_0_20_mm,LIT-X002,directional_two_point_correlation_physical_lag,C2_x_positive_auc_0_20_mm,mm,S2_i(r)=mean(I(x)I(x+r)); C2=(S2-phi^2)/(phi(1-phi)); fixed 0:2.5:20 mm physical lags,S2_i(r)=mean(I(x)I(x+r)); C2=(S2-phi^2)/(phi(1-phi)); fixed 0:2.5:20 mm physical lags,B|C|F|L|T,direct_from_mask_formula,PRM082_existing,PRM082_full58_all89_values_long.csv,census_primary,full58_technical_census_not_scientifically_selected,confirmed_lineage,existing_bank_reference_census_primary,False,False,False,raw value is persisted even when held or diagnostic,58,58,58,U096-BLK-021,2,1,legacy_pregrade,prior_registry,prior_registry,U096-BLK-021
XREG-v2.7-TECHNICAL,LIT-X002::C2_y_efold_mm,LIT-X002,directional_two_point_correlation_physical_lag,C2_y_efold_mm,mm,S2_i(r)=mean(I(x)I(x+r)); C2=(S2-phi^2)/(phi(1-phi)); fixed 0:2.5:20 mm physical lags,S2_i(r)=mean(I(x)I(x+r)); C2=(S2-phi^2)/(phi(1-phi)); fixed 0:2.5:20 mm physical lags,B|C|F|L|T,direct_from_mask_formula,PRM082_existing,PRM082_full58_all89_values_long.csv,retained_sensitivity_trace,full58_technical_census_not_scientifically_selected,likely_or_hold_by_existing_policy,existing_bank_reference_retained_sensitivity_trace,False,False,False,raw value is persisted even when held or diagnostic,58,57,57,U096-BLK-022,1,0,legacy_pregrade,prior_registry,prior_registry,U096-BLK-022
XREG-v2.7-TECHNICAL,LIT-X002::C2_y_positive_auc_0_20_mm,LIT-X002,directional_two_point_correlation_physical_lag,C2_y_positive_auc_0_20_mm,mm,S2_i(r)=mean(I(x)I(x+r)); C2=(S2-phi^2)/(phi(1-phi)); fixed 0:2.5:20 mm physical lags,S2_i(r)=mean(I(x)I(x+r)); C2=(S2-phi^2)/(phi(1-phi)); fixed 0:2.5:20 mm physical lags,B|C|F|L|T,direct_from_mask_formula,PRM082_existing,PRM082_full58_all89_values_long.csv,census_primary,full58_technical_census_not_scientifically_selected,confirmed_lineage,existing_bank_reference_census_primary,False,False,False,raw value is persisted even when held or diagnostic,58,58,58,U096-BLK-021,2,1,legacy_pregrade,prior_registry,prior_registry,U096-BLK-021
XREG-v2.7-TECHNICAL,LIT-X002::C2_z_efold_mm,LIT-X002,directional_two_point_correlation_physical_lag,C2_z_efold_mm,mm,S2_i(r)=mean(I(x)I(x+r)); C2=(S2-phi^2)/(phi(1-phi)); fixed 0:2.5:20 mm physical lags,S2_i(r)=mean(I(x)I(x+r)); C2=(S2-phi^2)/(phi(1-phi)); fixed 0:2.5:20 mm physical lags,B|C|F|L|T,direct_from_mask_formula,PRM082_existing,PRM082_full58_all89_values_long.csv,retained_sensitivity_trace,full58_technical_census_not_scientifically_selected,likely_or_hold_by_existing_policy,existing_bank_reference_retained_sensitivity_trace,False,False,False,raw value is persisted even when held or diagnostic,58,58,58,U096-BLK-023,1,0,legacy_pregrade,prior_registry,prior_registry,U096-BLK-023
XREG-v2.7-TECHNICAL,LIT-X002::C2_z_positive_auc_0_20_mm,LIT-X002,directional_two_point_correlation_physical_lag,C2_z_positive_auc_0_20_mm,mm,S2_i(r)=mean(I(x)I(x+r)); C2=(S2-phi^2)/(phi(1-phi)); fixed 0:2.5:20 mm physical lags,S2_i(r)=mean(I(x)I(x+r)); C2=(S2-phi^2)/(phi(1-phi)); fixed 0:2.5:20 mm physical lags,B|C|F|L|T,direct_from_mask_formula,PRM082_existing,PRM082_full58_all89_values_long.csv,census_primary,full58_technical_census_not_scientifically_selected,confirmed_lineage,existing_bank_reference_census_primary,False,False,False,raw value is persisted even when held or diagnostic,58,58,58,U096-BLK-024,1,0,legacy_pregrade,prior_registry,prior_registry,U096-BLK-024
XREG-v2.7-TECHNICAL,LIT-X002::S2_x_r10p0_probability,LIT-X002,directional_two_point_correlation_physical_lag,S2_x_r10p0_probability,dimensionless,S2_i(r)=mean(I(x)I(x+r)); C2=(S2-phi^2)/(phi(1-phi)); fixed 0:2.5:20 mm physical lags,S2_i(r)=mean(I(x)I(x+r)); C2=(S2-phi^2)/(phi(1-phi)); fixed 0:2.5:20 mm physical lags,B|C|F|L|T,direct_from_mask_formula,PRM082_existing,PRM082_full58_all89_values_long.csv,census_primary,full58_technical_census_not_scientifically_selected,confirmed_lineage,existing_bank_reference_census_primary,False,False,False,raw value is persisted even when held or diagnostic,58,58,58,U096-BLK-025,4,3,legacy_pregrade,prior_registry,prior_registry,U096-BLK-025
XREG-v2.7-TECHNICAL,LIT-X002::S2_x_r20p0_probability,LIT-X002,directional_two_point_correlation_physical_lag,S2_x_r20p0_probability,dimensionless,S2_i(r)=mean(I(x)I(x+r)); C2=(S2-phi^2)/(phi(1-phi)); fixed 0:2.5:20 mm physical lags,S2_i(r)=mean(I(x)I(x+r)); C2=(S2-phi^2)/(phi(1-phi)); fixed 0:2.5:20 mm physical lags,B|C|F|L|T,direct_from_mask_formula,PRM082_existing,PRM082_full58_all89_values_long.csv,census_hold_resolution,full58_technical_census_not_scientifically_selected,likely_or_hold_by_existing_policy,existing_bank_reference_census_hold_resolution,False,False,False,raw value is persisted even when held or diagnostic,58,58,56,U096-BLK-026,2,1,legacy_pregrade,prior_registry,prior_registry,U096-BLK-026
XREG-v2.7-TECHNICAL,LIT-X002::S2_x_r2p5_probability,LIT-X002,directional_two_point_correlation_physical_lag,S2_x_r2p5_probability,dimensionless,S2_i(r)=mean(I(x)I(x+r)); C2=(S2-phi^2)/(phi(1-phi)); fixed 0:2.5:20 mm physical lags,S2_i(r)=mean(I(x)I(x+r)); C2=(S2-phi^2)/(phi(1-phi)); fixed 0:2.5:20 mm physical lags,B|C|F|L|T,direct_from_mask_formula,PRM082_existing,PRM082_full58_all89_values_long.csv,census_primary,full58_technical_census_not_scientifically_selected,confirmed_lineage,existing_bank_reference_census_primary,False,False,False,raw value is persisted even when held or diagnostic,58,58,58,U096-BLK-027,4,3,legacy_pregrade,prior_registry,prior_registry,U096-BLK-027
XREG-v2.7-TECHNICAL,LIT-X002::S2_x_r5p0_probability,LIT-X002,directional_two_point_correlation_physical_lag,S2_x_r5p0_probability,dimensionless,S2_i(r)=mean(I(x)I(x+r)); C2=(S2-phi^2)/(phi(1-phi)); fixed 0:2.5:20 mm physical lags,S2_i(r)=mean(I(x)I(x+r)); C2=(S2-phi^2)/(phi(1-phi)); fixed 0:2.5:20 mm physical lags,B|C|F|L|T,direct_from_mask_formula,PRM082_existing,PRM082_full58_all89_values_long.csv,census_primary,full58_technical_census_not_scientifically_selected,confirmed_lineage,existing_bank_reference_census_primary,False,False,False,raw value is persisted even when held or diagnostic,58,58,58,U096-BLK-028,2,1,legacy_pregrade,prior_registry,prior_registry,U096-BLK-028
XREG-v2.7-TECHNICAL,LIT-X002::S2_y_r10p0_probability,LIT-X002,directional_two_point_correlation_physical_lag,S2_y_r10p0_probability,dimensionless,S2_i(r)=mean(I(x)I(x+r)); C2=(S2-phi^2)/(phi(1-phi)); fixed 0:2.5:20 mm physical lags,S2_i(r)=mean(I(x)I(x+r)); C2=(S2-phi^2)/(phi(1-phi)); fixed 0:2.5:20 mm physical lags,B|C|F|L|T,direct_from_mask_formula,PRM082_existing,PRM082_full58_all89_values_long.csv,census_primary,full58_technical_census_not_scientifically_selected,confirmed_lineage,existing_bank_reference_census_primary,False,False,False,raw value is persisted even when held or diagnostic,58,58,58,U096-BLK-025,4,3,legacy_pregrade,prior_registry,prior_registry,U096-BLK-025
XREG-v2.7-TECHNICAL,LIT-X002::S2_y_r20p0_probability,LIT-X002,directional_two_point_correlation_physical_lag,S2_y_r20p0_probability,dimensionless,S2_i(r)=mean(I(x)I(x+r)); C2=(S2-phi^2)/(phi(1-phi)); fixed 0:2.5:20 mm physical lags,S2_i(r)=mean(I(x)I(x+r)); C2=(S2-phi^2)/(phi(1-phi)); fixed 0:2.5:20 mm physical lags,B|C|F|L|T,direct_from_mask_formula,PRM082_existing,PRM082_full58_all89_values_long.csv,census_hold_resolution,full58_technical_census_not_scientifically_selected,likely_or_hold_by_existing_policy,existing_bank_reference_census_hold_resolution,False,False,False,raw value is persisted even when held or diagnostic,58,58,56,U096-BLK-026,2,1,legacy_pregrade,prior_registry,prior_registry,U096-BLK-026
XREG-v2.7-TECHNICAL,LIT-X002::S2_y_r2p5_probability,LIT-X002,directional_two_point_correlation_physical_lag,S2_y_r2p5_probability,dimensionless,S2_i(r)=mean(I(x)I(x+r)); C2=(S2-phi^2)/(phi(1-phi)); fixed 0:2.5:20 mm physical lags,S2_i(r)=mean(I(x)I(x+r)); C2=(S2-phi^2)/(phi(1-phi)); fixed 0:2.5:20 mm physical lags,B|C|F|L|T,direct_from_mask_formula,PRM082_existing,PRM082_full58_all89_values_long.csv,census_primary,full58_technical_census_not_scientifically_selected,confirmed_lineage,existing_bank_reference_census_primary,False,False,False,raw value is persisted even when held or diagnostic,58,58,58,U096-BLK-027,4,3,legacy_pregrade,prior_registry,prior_registry,U096-BLK-027
XREG-v2.7-TECHNICAL,LIT-X002::S2_y_r5p0_probability,LIT-X002,directional_two_point_correlation_physical_lag,S2_y_r5p0_probability,dimensionless,S2_i(r)=mean(I(x)I(x+r)); C2=(S2-phi^2)/(phi(1-phi)); fixed 0:2.5:20 mm physical lags,S2_i(r)=mean(I(x)I(x+r)); C2=(S2-phi^2)/(phi(1-phi)); fixed 0:2.5:20 mm physical lags,B|C|F|L|T,direct_from_mask_formula,PRM082_existing,PRM082_full58_all89_values_long.csv,census_primary,full58_technical_census_not_scientifically_selected,confirmed_lineage,existing_bank_reference_census_primary,False,False,False,raw value is persisted even when held or diagnostic,58,58,58,U096-BLK-028,2,1,legacy_pregrade,prior_registry,prior_registry,U096-BLK-028
XREG-v2.7-TECHNICAL,LIT-X002::S2_z_r10p0_probability,LIT-X002,directional_two_point_correlation_physical_lag,S2_z_r10p0_probability,dimensionless,S2_i(r)=mean(I(x)I(x+r)); C2=(S2-phi^2)/(phi(1-phi)); fixed 0:2.5:20 mm physical lags,S2_i(r)=mean(I(x)I(x+r)); C2=(S2-phi^2)/(phi(1-phi)); fixed 0:2.5:20 mm physical lags,B|C|F|L|T,direct_from_mask_formula,PRM082_existing,PRM082_full58_all89_values_long.csv,census_primary,full58_technical_census_not_scientifically_selected,confirmed_lineage,existing_bank_reference_census_primary,False,False,False,raw value is persisted even when held or diagnostic,58,58,58,U096-BLK-029,2,1,legacy_pregrade,prior_registry,prior_registry,U096-BLK-029
XREG-v2.7-TECHNICAL,LIT-X002::S2_z_r20p0_probability,LIT-X002,directional_two_point_correlation_physical_lag,S2_z_r20p0_probability,dimensionless,S2_i(r)=mean(I(x)I(x+r)); C2=(S2-phi^2)/(phi(1-phi)); fixed 0:2.5:20 mm physical lags,S2_i(r)=mean(I(x)I(x+r)); C2=(S2-phi^2)/(phi(1-phi)); fixed 0:2.5:20 mm physical lags,B|C|F|L|T,direct_from_mask_formula,PRM082_existing,PRM082_full58_all89_values_long.csv,census_primary,full58_technical_census_not_scientifically_selected,confirmed_lineage,existing_bank_reference_census_primary,False,False,False,raw value is persisted even when held or diagnostic,58,58,56,U096-BLK-030,1,0,legacy_pregrade,prior_registry,prior_registry,U096-BLK-030
XREG-v2.7-TECHNICAL,LIT-X002::S2_z_r2p5_probability,LIT-X002,directional_two_point_correlation_physical_lag,S2_z_r2p5_probability,dimensionless,S2_i(r)=mean(I(x)I(x+r)); C2=(S2-phi^2)/(phi(1-phi)); fixed 0:2.5:20 mm physical lags,S2_i(r)=mean(I(x)I(x+r)); C2=(S2-phi^2)/(phi(1-phi)); fixed 0:2.5:20 mm physical lags,B|C|F|L|T,direct_from_mask_formula,PRM082_existing,PRM082_full58_all89_values_long.csv,census_hold_resolution,full58_technical_census_not_scientifically_selected,likely_or_hold_by_existing_policy,existing_bank_reference_census_hold_resolution,False,False,False,raw value is persisted even when held or diagnostic,58,58,58,U096-BLK-031,2,1,legacy_pregrade,prior_registry,prior_registry,U096-BLK-031
XREG-v2.7-TECHNICAL,LIT-X002::S2_z_r5p0_probability,LIT-X002,directional_two_point_correlation_physical_lag,S2_z_r5p0_probability,dimensionless,S2_i(r)=mean(I(x)I(x+r)); C2=(S2-phi^2)/(phi(1-phi)); fixed 0:2.5:20 mm physical lags,S2_i(r)=mean(I(x)I(x+r)); C2=(S2-phi^2)/(phi(1-phi)); fixed 0:2.5:20 mm physical lags,B|C|F|L|T,direct_from_mask_formula,PRM082_existing,PRM082_full58_all89_values_long.csv,census_primary,full58_technical_census_not_scientifically_selected,confirmed_lineage,existing_bank_reference_census_primary,False,False,False,raw value is persisted even when held or diagnostic,58,58,57,U096-BLK-032,1,0,legacy_pregrade,prior_registry,prior_registry,U096-BLK-032
XREG-v2.7-TECHNICAL,LIT-X003::L_x_auc_mm,LIT-X003,directional_lineal_path,L_x_auc_mm,mm,directional lineal-path probability from complete phase runs; physical-mm trapezoidal integral,directional lineal-path probability from complete phase runs; physical-mm trapezoidal integral,B|C|F|L|T,direct_from_mask_formula,PRM082_existing,PRM082_full58_all89_values_long.csv,census_primary,full58_technical_census_not_scientifically_selected,confirmed_lineage,existing_bank_reference_census_primary,False,False,False,raw value is persisted even when held or diagnostic,58,58,58,U096-BLK-033,2,1,legacy_pregrade,prior_registry,prior_registry,U096-BLK-033
XREG-v2.7-TECHNICAL,LIT-X003::L_x_half_decay_mm,LIT-X003,directional_lineal_path,L_x_half_decay_mm,mm,directional lineal-path probability from complete phase runs; physical-mm trapezoidal integral,directional lineal-path probability from complete phase runs; physical-mm trapezoidal integral,B|C|F|L|T,direct_from_mask_formula,PRM082_existing,PRM082_full58_all89_values_long.csv,retained_sensitivity_trace,full58_technical_census_not_scientifically_selected,likely_or_hold_by_existing_policy,existing_bank_reference_retained_sensitivity_trace,False,False,False,raw value is persisted even when held or diagnostic,58,58,7,U096-BLK-034,1,0,legacy_pregrade,prior_registry,prior_registry,U096-BLK-034
XREG-v2.7-TECHNICAL,LIT-X003::L_x_k0,LIT-X003,directional_lineal_path,L_x_k0,dimensionless,directional lineal-path probability from complete phase runs; physical-mm trapezoidal integral,directional lineal-path probability from complete phase runs; physical-mm trapezoidal integral,B|C|F|L|T,direct_from_mask_formula,PRM082_existing,PRM082_full58_all89_values_long.csv,diagnostic_trace_only,full58_technical_census_not_scientifically_selected,confirmed_lineage,existing_bank_reference_diagnostic_trace_only,False,False,False,raw value is persisted even when held or diagnostic,58,58,58,U096-BLK-035,1,0,legacy_pregrade,prior_registry,prior_registry,U096-BLK-035
XREG-v2.7-TECHNICAL,LIT-X003::L_x_k1,LIT-X003,directional_lineal_path,L_x_k1,dimensionless,directional lineal-path probability from complete phase runs; physical-mm trapezoidal integral,directional lineal-path probability from complete phase runs; physical-mm trapezoidal integral,B|C|F|L|T,direct_from_mask_formula,PRM082_existing,PRM082_full58_all89_values_long.csv,diagnostic_trace_only,full58_technical_census_not_scientifically_selected,confirmed_lineage,existing_bank_reference_diagnostic_trace_only,False,False,False,raw value is persisted even when held or diagnostic,58,58,58,U096-BLK-036,1,0,legacy_pregrade,prior_registry,prior_registry,U096-BLK-036
XREG-v2.7-TECHNICAL,LIT-X003::L_y_auc_mm,LIT-X003,directional_lineal_path,L_y_auc_mm,mm,directional lineal-path probability from complete phase runs; physical-mm trapezoidal integral,directional lineal-path probability from complete phase runs; physical-mm trapezoidal integral,B|C|F|L|T,direct_from_mask_formula,PRM082_existing,PRM082_full58_all89_values_long.csv,census_primary,full58_technical_census_not_scientifically_selected,confirmed_lineage,existing_bank_reference_census_primary,False,False,False,raw value is persisted even when held or diagnostic,58,58,58,U096-BLK-033,2,1,legacy_pregrade,prior_registry,prior_registry,U096-BLK-033
XREG-v2.7-TECHNICAL,LIT-X003::L_y_half_decay_mm,LIT-X003,directional_lineal_path,L_y_half_decay_mm,mm,directional lineal-path probability from complete phase runs; physical-mm trapezoidal integral,directional lineal-path probability from complete phase runs; physical-mm trapezoidal integral,B|C|F|L|T,direct_from_mask_formula,PRM082_existing,PRM082_full58_all89_values_long.csv,retained_sensitivity_trace,full58_technical_census_not_scientifically_selected,likely_or_hold_by_existing_policy,existing_bank_reference_retained_sensitivity_trace,False,False,False,raw value is persisted even when held or diagnostic,58,58,7,U096-BLK-037,1,0,legacy_pregrade,prior_registry,prior_registry,U096-BLK-037
XREG-v2.7-TECHNICAL,LIT-X003::L_y_k0,LIT-X003,directional_lineal_path,L_y_k0,dimensionless,directional lineal-path probability from complete phase runs; physical-mm trapezoidal integral,directional lineal-path probability from complete phase runs; physical-mm trapezoidal integral,B|C|F|L|T,direct_from_mask_formula,PRM082_existing,PRM082_full58_all89_values_long.csv,diagnostic_trace_only,full58_technical_census_not_scientifically_selected,confirmed_lineage,existing_bank_reference_diagnostic_trace_only,False,False,False,raw value is persisted even when held or diagnostic,58,58,58,U096-BLK-038,1,0,legacy_pregrade,prior_registry,prior_registry,U096-BLK-038
XREG-v2.7-TECHNICAL,LIT-X003::L_y_k1,LIT-X003,directional_lineal_path,L_y_k1,dimensionless,directional lineal-path probability from complete phase runs; physical-mm trapezoidal integral,directional lineal-path probability from complete phase runs; physical-mm trapezoidal integral,B|C|F|L|T,direct_from_mask_formula,PRM082_existing,PRM082_full58_all89_values_long.csv,diagnostic_trace_only,full58_technical_census_not_scientifically_selected,confirmed_lineage,existing_bank_reference_diagnostic_trace_only,False,False,False,raw value is persisted even when held or diagnostic,58,58,58,U096-BLK-039,1,0,legacy_pregrade,prior_registry,prior_registry,U096-BLK-039
XREG-v2.7-TECHNICAL,LIT-X003::L_z_auc_mm,LIT-X003,directional_lineal_path,L_z_auc_mm,mm,directional lineal-path probability from complete phase runs; physical-mm trapezoidal integral,directional lineal-path probability from complete phase runs; physical-mm trapezoidal integral,B|C|F|L|T,direct_from_mask_formula,PRM082_existing,PRM082_full58_all89_values_long.csv,census_primary,full58_technical_census_not_scientifically_selected,confirmed_lineage,existing_bank_reference_census_primary,False,False,False,raw value is persisted even when held or diagnostic,58,58,58,U096-BLK-040,1,0,legacy_pregrade,prior_registry,prior_registry,U096-BLK-040
XREG-v2.7-TECHNICAL,LIT-X003::L_z_half_decay_mm,LIT-X003,directional_lineal_path,L_z_half_decay_mm,mm,directional lineal-path probability from complete phase runs; physical-mm trapezoidal integral,directional lineal-path probability from complete phase runs; physical-mm trapezoidal integral,B|C|F|L|T,direct_from_mask_formula,PRM082_existing,PRM082_full58_all89_values_long.csv,retained_sensitivity_trace,full58_technical_census_not_scientifically_selected,likely_or_hold_by_existing_policy,existing_bank_reference_retained_sensitivity_trace,False,False,False,raw value is persisted even when held or diagnostic,58,58,8,U096-BLK-041,1,0,legacy_pregrade,prior_registry,prior_registry,U096-BLK-041
XREG-v2.7-TECHNICAL,LIT-X003::L_z_k0,LIT-X003,directional_lineal_path,L_z_k0,dimensionless,directional lineal-path probability from complete phase runs; physical-mm trapezoidal integral,directional lineal-path probability from complete phase runs; physical-mm trapezoidal integral,B|C|F|L|T,direct_from_mask_formula,PRM082_existing,PRM082_full58_all89_values_long.csv,diagnostic_trace_only,full58_technical_census_not_scientifically_selected,confirmed_lineage,existing_bank_reference_diagnostic_trace_only,False,False,False,raw value is persisted even when held or diagnostic,58,58,58,U096-BLK-042,1,0,legacy_pregrade,prior_registry,prior_registry,U096-BLK-042
XREG-v2.7-TECHNICAL,LIT-X003::L_z_k1,LIT-X003,directional_lineal_path,L_z_k1,dimensionless,directional lineal-path probability from complete phase runs; physical-mm trapezoidal integral,directional lineal-path probability from complete phase runs; physical-mm trapezoidal integral,B|C|F|L|T,direct_from_mask_formula,PRM082_existing,PRM082_full58_all89_values_long.csv,diagnostic_trace_only,full58_technical_census_not_scientifically_selected,confirmed_lineage,existing_bank_reference_diagnostic_trace_only,False,False,False,raw value is persisted even when held or diagnostic,58,58,58,U096-BLK-043,1,0,legacy_pregrade,prior_registry,prior_registry,U096-BLK-043
XREG-v2.7-TECHNICAL,LIT-X004::chi_solid_26,LIT-X004,voxel_euler_topology,chi_solid_26,count,voxel Euler characteristic with solid-26 and void-6 connectivity; optional division by 40^3 mm^3,voxel Euler characteristic with solid-26 and void-6 connectivity; optional division by 40^3 mm^3,B|C|F|L|T,direct_from_mask_formula,PRM082_existing,PRM082_full58_all89_values_long.csv,census_primary,full58_technical_census_not_scientifically_selected,confirmed_lineage,existing_bank_reference_census_primary,False,False,False,v0.3 block expanded with X024 absolute-AUC; no selection; block-aware later evaluation only,58,58,49,U096-BLK-044,3,2,legacy_pregrade,prior_registry,prior_registry,U096-BLK-044
XREG-v2.7-TECHNICAL,LIT-X004::chi_solid_26_per_mm3,LIT-X004,voxel_euler_topology,chi_solid_26_per_mm3,1/mm^3,voxel Euler characteristic with solid-26 and void-6 connectivity; optional division by 40^3 mm^3,voxel Euler characteristic with solid-26 and void-6 connectivity; optional division by 40^3 mm^3,B|C|F|L|T,direct_from_mask_formula,PRM082_existing,PRM082_full58_all89_values_long.csv,census_primary,full58_technical_census_not_scientifically_selected,confirmed_lineage,existing_bank_reference_census_primary,False,False,False,v0.3 block expanded with X024 absolute-AUC; no selection; block-aware later evaluation only,58,58,49,U096-BLK-044,3,2,legacy_pregrade,prior_registry,prior_registry,U096-BLK-044
XREG-v2.7-TECHNICAL,LIT-X004::chi_void_6,LIT-X004,voxel_euler_topology,chi_void_6,count,voxel Euler characteristic with solid-26 and void-6 connectivity; optional division by 40^3 mm^3,voxel Euler characteristic with solid-26 and void-6 connectivity; optional division by 40^3 mm^3,B|C|F|L|T,direct_from_mask_formula,PRM082_existing,PRM082_full58_all89_values_long.csv,census_primary,full58_technical_census_not_scientifically_selected,confirmed_lineage,existing_bank_reference_census_primary,False,False,False,raw value is persisted even when held or diagnostic,58,58,51,U096-BLK-045,2,1,legacy_pregrade,prior_registry,prior_registry,U096-BLK-045
XREG-v2.7-TECHNICAL,LIT-X004::chi_void_6_per_mm3,LIT-X004,voxel_euler_topology,chi_void_6_per_mm3,1/mm^3,voxel Euler characteristic with solid-26 and void-6 connectivity; optional division by 40^3 mm^3,voxel Euler characteristic with solid-26 and void-6 connectivity; optional division by 40^3 mm^3,B|C|F|L|T,direct_from_mask_formula,PRM082_existing,PRM082_full58_all89_values_long.csv,census_primary,full58_technical_census_not_scientifically_selected,confirmed_lineage,existing_bank_reference_census_primary,False,False,False,raw value is persisted even when held or diagnostic,58,58,51,U096-BLK-045,2,1,legacy_pregrade,prior_registry,prior_registry,U096-BLK-045
XREG-v2.7-TECHNICAL,LIT-X005::A_xx,LIT-X005,surface_normal_fabric,A_xx,dimensionless,area-weighted surface-normal second-order fabric tensor from marching-cubes interface,area-weighted surface-normal second-order fabric tensor from marching-cubes interface,B|C|F|L|T,direct_from_mask_formula,PRM082_existing,PRM082_full58_all89_values_long.csv,retained_sensitivity_trace,full58_technical_census_not_scientifically_selected,likely_or_hold_by_existing_policy,existing_bank_reference_retained_sensitivity_trace,False,False,False,raw value is persisted even when held or diagnostic,58,58,58,U096-BLK-046,1,0,legacy_pregrade,prior_registry,prior_registry,U096-BLK-046
XREG-v2.7-TECHNICAL,LIT-X005::A_xy,LIT-X005,surface_normal_fabric,A_xy,dimensionless,area-weighted surface-normal second-order fabric tensor from marching-cubes interface,area-weighted surface-normal second-order fabric tensor from marching-cubes interface,B|C|F|L|T,direct_from_mask_formula,PRM082_existing,PRM082_full58_all89_values_long.csv,diagnostic_trace_only,full58_technical_census_not_scientifically_selected,confirmed_lineage,existing_bank_reference_diagnostic_trace_only,False,False,False,raw value is persisted even when held or diagnostic,58,58,58,U096-BLK-047,1,0,legacy_pregrade,prior_registry,prior_registry,U096-BLK-047
XREG-v2.7-TECHNICAL,LIT-X005::A_xz,LIT-X005,surface_normal_fabric,A_xz,dimensionless,area-weighted surface-normal second-order fabric tensor from marching-cubes interface,area-weighted surface-normal second-order fabric tensor from marching-cubes interface,B|C|F|L|T,direct_from_mask_formula,PRM082_existing,PRM082_full58_all89_values_long.csv,diagnostic_trace_only,full58_technical_census_not_scientifically_selected,confirmed_lineage,existing_bank_reference_diagnostic_trace_only,False,False,False,raw value is persisted even when held or diagnostic,58,58,58,U096-BLK-048,1,0,legacy_pregrade,prior_registry,prior_registry,U096-BLK-048
XREG-v2.7-TECHNICAL,LIT-X005::A_yy,LIT-X005,surface_normal_fabric,A_yy,dimensionless,area-weighted surface-normal second-order fabric tensor from marching-cubes interface,area-weighted surface-normal second-order fabric tensor from marching-cubes interface,B|C|F|L|T,direct_from_mask_formula,PRM082_existing,PRM082_full58_all89_values_long.csv,retained_sensitivity_trace,full58_technical_census_not_scientifically_selected,likely_or_hold_by_existing_policy,existing_bank_reference_retained_sensitivity_trace,False,False,False,raw value is persisted even when held or diagnostic,58,58,58,U096-BLK-049,1,0,legacy_pregrade,prior_registry,prior_registry,U096-BLK-049
XREG-v2.7-TECHNICAL,LIT-X005::A_yz,LIT-X005,surface_normal_fabric,A_yz,dimensionless,area-weighted surface-normal second-order fabric tensor from marching-cubes interface,area-weighted surface-normal second-order fabric tensor from marching-cubes interface,B|C|F|L|T,direct_from_mask_formula,PRM082_existing,PRM082_full58_all89_values_long.csv,diagnostic_trace_only,full58_technical_census_not_scientifically_selected,confirmed_lineage,existing_bank_reference_diagnostic_trace_only,False,False,False,raw value is persisted even when held or diagnostic,58,58,58,U096-BLK-050,1,0,legacy_pregrade,prior_registry,prior_registry,U096-BLK-050
XREG-v2.7-TECHNICAL,LIT-X005::A_zz,LIT-X005,surface_normal_fabric,A_zz,dimensionless,area-weighted surface-normal second-order fabric tensor from marching-cubes interface,area-weighted surface-normal second-order fabric tensor from marching-cubes interface,B|C|F|L|T,direct_from_mask_formula,PRM082_existing,PRM082_full58_all89_values_long.csv,retained_sensitivity_trace,full58_technical_census_not_scientifically_selected,likely_or_hold_by_existing_policy,existing_bank_reference_retained_sensitivity_trace,False,False,False,raw value is persisted even when held or diagnostic,58,58,58,U096-BLK-051,1,0,legacy_pregrade,prior_registry,prior_registry,U096-BLK-051
XREG-v2.7-TECHNICAL,LIT-X005::DA,LIT-X005,surface_normal_fabric,DA,dimensionless,area-weighted surface-normal second-order fabric tensor from marching-cubes interface,area-weighted surface-normal second-order fabric tensor from marching-cubes interface,B|C|F|L|T,direct_from_mask_formula,PRM082_existing,PRM082_full58_all89_values_long.csv,retained_sensitivity_trace,full58_technical_census_not_scientifically_selected,likely_or_hold_by_existing_policy,existing_bank_reference_retained_sensitivity_trace,False,False,False,raw value is persisted even when held or diagnostic,58,58,58,U096-BLK-052,1,0,legacy_pregrade,prior_registry,prior_registry,U096-BLK-052
XREG-v2.7-TECHNICAL,LIT-X005::FA,LIT-X005,surface_normal_fabric,FA,dimensionless,area-weighted surface-normal second-order fabric tensor from marching-cubes interface,area-weighted surface-normal second-order fabric tensor from marching-cubes interface,B|C|F|L|T,direct_from_mask_formula,PRM082_existing,PRM082_full58_all89_values_long.csv,census_hold_group,full58_technical_census_not_scientifically_selected,likely_or_hold_by_existing_policy,existing_bank_reference_census_hold_group,False,False,False,raw value is persisted even when held or diagnostic,58,58,58,U096-BLK-053,1,0,legacy_pregrade,prior_registry,prior_registry,U096-BLK-053
XREG-v2.7-TECHNICAL,LIT-X005::lambda1,LIT-X005,surface_normal_fabric,lambda1,dimensionless,area-weighted surface-normal second-order fabric tensor from marching-cubes interface,area-weighted surface-normal second-order fabric tensor from marching-cubes interface,B|C|F|L|T,direct_from_mask_formula,PRM082_existing,PRM082_full58_all89_values_long.csv,census_hold_group,full58_technical_census_not_scientifically_selected,likely_or_hold_by_existing_policy,existing_bank_reference_census_hold_group,False,False,False,raw value is persisted even when held or diagnostic,58,58,58,U096-BLK-054,1,0,legacy_pregrade,prior_registry,prior_registry,U096-BLK-054
XREG-v2.7-TECHNICAL,LIT-X005::lambda2,LIT-X005,surface_normal_fabric,lambda2,dimensionless,area-weighted surface-normal second-order fabric tensor from marching-cubes interface,area-weighted surface-normal second-order fabric tensor from marching-cubes interface,B|C|F|L|T,direct_from_mask_formula,PRM082_existing,PRM082_full58_all89_values_long.csv,census_hold_group,full58_technical_census_not_scientifically_selected,likely_or_hold_by_existing_policy,existing_bank_reference_census_hold_group,False,False,False,raw value is persisted even when held or diagnostic,58,58,58,U096-BLK-055,1,0,legacy_pregrade,prior_registry,prior_registry,U096-BLK-055
XREG-v2.7-TECHNICAL,LIT-X005::lambda3,LIT-X005,surface_normal_fabric,lambda3,dimensionless,area-weighted surface-normal second-order fabric tensor from marching-cubes interface,area-weighted surface-normal second-order fabric tensor from marching-cubes interface,B|C|F|L|T,direct_from_mask_formula,PRM082_existing,PRM082_full58_all89_values_long.csv,census_hold_group,full58_technical_census_not_scientifically_selected,likely_or_hold_by_existing_policy,existing_bank_reference_census_hold_group,False,False,False,raw value is persisted even when held or diagnostic,58,58,58,U096-BLK-056,1,0,legacy_pregrade,prior_registry,prior_registry,U096-BLK-056
XREG-v2.7-TECHNICAL,LIT-X005::trace,LIT-X005,surface_normal_fabric,trace,dimensionless,area-weighted surface-normal second-order fabric tensor from marching-cubes interface,area-weighted surface-normal second-order fabric tensor from marching-cubes interface,B|C|F|L|T,direct_from_mask_formula,PRM082_existing,PRM082_full58_all89_values_long.csv,diagnostic_trace_only,full58_technical_census_not_scientifically_selected,confirmed_lineage,existing_bank_reference_diagnostic_trace_only,False,False,False,raw value is persisted even when held or diagnostic,58,58,58,U096-BLK-057,1,0,legacy_pregrade,prior_registry,prior_registry,U096-BLK-057
XREG-v2.7-TECHNICAL,LIT-X005::v1_z_alignment,LIT-X005,surface_normal_fabric,v1_z_alignment,dimensionless,area-weighted surface-normal second-order fabric tensor from marching-cubes interface,area-weighted surface-normal second-order fabric tensor from marching-cubes interface,B|C|F|L|T,direct_from_mask_formula,PRM082_existing,PRM082_full58_all89_values_long.csv,diagnostic_trace_only,full58_technical_census_not_scientifically_selected,confirmed_lineage,existing_bank_reference_diagnostic_trace_only,False,False,False,raw value is persisted even when held or diagnostic,58,58,50,U096-BLK-058,1,0,legacy_pregrade,prior_registry,prior_registry,U096-BLK-058
XREG-v2.7-TECHNICAL,LIT-X009::C2_x_10mm,LIT-X009,same_cluster_correlation,C2_x_10mm,dimensionless,all_nonwrapped_voxel_pairs_at_physical_lag,mean(I(x)*I(x+10.0mm*e_x)*1[label_same_positive]),"B,C,L,F,T",direct_formula_output,PRM094_second_wave,PRM092_second_wave_full58_V128_values_long.csv,likely_full58_technical_candidate_not_selected,not_qualified_requires_full58_CQ01_to_CQ09,likely,later_nested_block_challenger_against_existing_primary,False,False,False,variable_on_panel,58,58,58,U096-BLK-025,4,2,legacy_pregrade,prior_registry,prior_registry,U096-BLK-025
XREG-v2.7-TECHNICAL,LIT-X009::C2_x_2p5mm,LIT-X009,same_cluster_correlation,C2_x_2p5mm,dimensionless,all_nonwrapped_voxel_pairs_at_physical_lag,mean(I(x)*I(x+2.5mm*e_x)*1[label_same_positive]),"B,C,L,F,T",direct_formula_output,PRM094_second_wave,PRM092_second_wave_full58_V128_values_long.csv,likely_full58_technical_candidate_not_selected,not_qualified_requires_full58_CQ01_to_CQ09,likely,later_nested_block_challenger_against_existing_primary,False,False,False,variable_on_panel,58,58,58,U096-BLK-027,4,2,legacy_pregrade,prior_registry,prior_registry,U096-BLK-027
XREG-v2.7-TECHNICAL,LIT-X009::C2_y_10mm,LIT-X009,same_cluster_correlation,C2_y_10mm,dimensionless,all_nonwrapped_voxel_pairs_at_physical_lag,mean(I(x)*I(x+10.0mm*e_y)*1[label_same_positive]),"B,C,L,F,T",direct_formula_output,PRM094_second_wave,PRM092_second_wave_full58_V128_values_long.csv,likely_full58_technical_candidate_not_selected,not_qualified_requires_full58_CQ01_to_CQ09,likely,later_nested_block_challenger_against_existing_primary,False,False,False,variable_on_panel,58,58,58,U096-BLK-025,4,2,legacy_pregrade,prior_registry,prior_registry,U096-BLK-025
XREG-v2.7-TECHNICAL,LIT-X009::C2_y_2p5mm,LIT-X009,same_cluster_correlation,C2_y_2p5mm,dimensionless,all_nonwrapped_voxel_pairs_at_physical_lag,mean(I(x)*I(x+2.5mm*e_y)*1[label_same_positive]),"B,C,L,F,T",direct_formula_output,PRM094_second_wave,PRM092_second_wave_full58_V128_values_long.csv,likely_full58_technical_candidate_not_selected,not_qualified_requires_full58_CQ01_to_CQ09,likely,later_nested_block_challenger_against_existing_primary,False,False,False,variable_on_panel,58,58,58,U096-BLK-027,4,2,legacy_pregrade,prior_registry,prior_registry,U096-BLK-027
XREG-v2.7-TECHNICAL,LIT-X009::C2_z_10mm,LIT-X009,same_cluster_correlation,C2_z_10mm,dimensionless,all_nonwrapped_voxel_pairs_at_physical_lag,mean(I(x)*I(x+10.0mm*e_z)*1[label_same_positive]),"B,C,L,F,T",direct_formula_output,PRM094_second_wave,PRM092_second_wave_full58_V128_values_long.csv,likely_full58_technical_candidate_not_selected,not_qualified_requires_full58_CQ01_to_CQ09,likely,later_nested_block_challenger_against_existing_primary,False,False,False,variable_on_panel,58,58,58,U096-BLK-029,2,1,legacy_pregrade,prior_registry,prior_registry,U096-BLK-029
XREG-v2.7-TECHNICAL,LIT-X009::C2_z_2p5mm,LIT-X009,same_cluster_correlation,C2_z_2p5mm,dimensionless,all_nonwrapped_voxel_pairs_at_physical_lag,mean(I(x)*I(x+2.5mm*e_z)*1[label_same_positive]),"B,C,L,F,T",direct_formula_output,PRM094_second_wave,PRM092_second_wave_full58_V128_values_long.csv,likely_full58_technical_candidate_not_selected,not_qualified_requires_full58_CQ01_to_CQ09,likely,later_nested_block_challenger_against_existing_nonprimary,False,False,False,variable_on_panel,58,58,58,U096-BLK-031,2,1,legacy_pregrade,prior_registry,prior_registry,U096-BLK-031
XREG-v2.7-TECHNICAL,LIT-X012::lacunarity_10mm,LIT-X012,multiscale_lacunarity,lacunarity_10mm,dimensionless,all_valid_sliding_3D_cubic_windows,E[M_b^2]/E[M_b]^2 for b=10.0mm,"B,C,L,F,T",direct_formula_output,PRM094_second_wave,PRM092_second_wave_full58_V128_values_long.csv,likely_full58_technical_candidate_not_selected,not_qualified_requires_full58_CQ01_to_CQ09,likely,later_nested_standalone_challenger,False,False,False,variable_on_panel,58,58,58,U096-BLK-059,1,0,legacy_pregrade,prior_registry,prior_registry,U096-BLK-059
XREG-v2.7-TECHNICAL,LIT-X012::lacunarity_2p5mm,LIT-X012,multiscale_lacunarity,lacunarity_2p5mm,dimensionless,all_valid_sliding_3D_cubic_windows,E[M_b^2]/E[M_b]^2 for b=2.5mm,"B,C,L,F,T",direct_formula_output,PRM094_second_wave,PRM092_second_wave_full58_V128_values_long.csv,likely_full58_technical_candidate_not_selected,not_qualified_requires_full58_CQ01_to_CQ09,likely,later_nested_standalone_challenger,False,False,False,variable_on_panel,58,58,58,U096-BLK-060,1,0,legacy_pregrade,prior_registry,prior_registry,U096-BLK-060
XREG-v2.7-TECHNICAL,LIT-X012::lacunarity_5mm,LIT-X012,multiscale_lacunarity,lacunarity_5mm,dimensionless,all_valid_sliding_3D_cubic_windows,E[M_b^2]/E[M_b]^2 for b=5.0mm,"B,C,L,F,T",direct_formula_output,PRM094_second_wave,PRM092_second_wave_full58_V128_values_long.csv,likely_full58_technical_candidate_not_selected,not_qualified_requires_full58_CQ01_to_CQ09,likely,later_nested_standalone_challenger,False,False,False,variable_on_panel,58,58,58,U096-BLK-061,1,0,legacy_pregrade,prior_registry,prior_registry,U096-BLK-061
XREG-v2.7-TECHNICAL,LIT-X012::loglog_slope_2p5_to_10mm,LIT-X012,multiscale_lacunarity,loglog_slope_2p5_to_10mm,dimensionless,all_valid_sliding_3D_cubic_windows,(log(Lambda_10)-log(Lambda_2.5))/(log(10)-log(2.5)),"B,C,L,F,T",direct_formula_output,PRM094_second_wave,PRM092_second_wave_full58_V128_values_long.csv,likely_full58_technical_candidate_not_selected,not_qualified_requires_full58_CQ01_to_CQ09,likely,later_nested_standalone_challenger,False,False,False,variable_on_panel,58,58,58,U096-BLK-062,1,0,legacy_pregrade,prior_registry,prior_registry,U096-BLK-062
XREG-v2.7-TECHNICAL,LIT-X012::logscale_auc_2p5_to_10mm,LIT-X012,multiscale_lacunarity,logscale_auc_2p5_to_10mm,dimensionless,all_valid_sliding_3D_cubic_windows,"trapezoid(log(b),Lambda(b)) for b={2.5,5,10}mm","B,C,L,F,T",direct_formula_output,PRM094_second_wave,PRM092_second_wave_full58_V128_values_long.csv,likely_full58_technical_candidate_not_selected,not_qualified_requires_full58_CQ01_to_CQ09,likely,later_nested_standalone_challenger,False,False,False,variable_on_panel,58,58,58,U096-BLK-063,1,0,legacy_pregrade,prior_registry,prior_registry,U096-BLK-063
XREG-v2.7-TECHNICAL,LIT-X016::void_chord_x_count,LIT-X016,directional_void_chord,void_chord_x_count,count,directional phase chord run-length distribution on fixed V128 voxel mask,directional phase chord run-length distribution on fixed V128 voxel mask,B|C|F|L|T,direct_from_mask_formula,PRM082_existing,PRM082_full58_all89_values_long.csv,diagnostic_trace_only,full58_technical_census_not_scientifically_selected,confirmed_lineage,existing_bank_reference_diagnostic_trace_only,False,False,False,raw value is persisted even when held or diagnostic,58,58,58,U096-BLK-064,1,0,legacy_pregrade,prior_registry,prior_registry,U096-BLK-064
XREG-v2.7-TECHNICAL,LIT-X016::void_chord_x_mean_mm,LIT-X016,directional_void_chord,void_chord_x_mean_mm,mm,directional phase chord run-length distribution on fixed V128 voxel mask,directional phase chord run-length distribution on fixed V128 voxel mask,B|C|F|L|T,direct_from_mask_formula,PRM082_existing,PRM082_full58_all89_values_long.csv,census_primary,full58_technical_census_not_scientifically_selected,confirmed_lineage,existing_bank_reference_census_primary,False,False,False,raw value is persisted even when held or diagnostic,58,58,58,U096-BLK-065,2,1,legacy_pregrade,prior_registry,prior_registry,U096-BLK-065
XREG-v2.7-TECHNICAL,LIT-X016::void_chord_x_population_std_mm,LIT-X016,directional_void_chord,void_chord_x_population_std_mm,mm,directional phase chord run-length distribution on fixed V128 voxel mask,directional phase chord run-length distribution on fixed V128 voxel mask,B|C|F|L|T,direct_from_mask_formula,PRM082_existing,PRM082_full58_all89_values_long.csv,census_primary,full58_technical_census_not_scientifically_selected,confirmed_lineage,existing_bank_reference_census_primary,False,False,False,raw value is persisted even when held or diagnostic,58,58,58,U096-BLK-066,2,1,legacy_pregrade,prior_registry,prior_registry,U096-BLK-066
XREG-v2.7-TECHNICAL,LIT-X016::void_chord_x_q10_mm,LIT-X016,directional_void_chord,void_chord_x_q10_mm,mm,directional phase chord run-length distribution on fixed V128 voxel mask,directional phase chord run-length distribution on fixed V128 voxel mask,B|C|F|L|T,direct_from_mask_formula,PRM082_existing,PRM082_full58_all89_values_long.csv,retained_sensitivity_trace,full58_technical_census_not_scientifically_selected,likely_or_hold_by_existing_policy,existing_bank_reference_retained_sensitivity_trace,False,False,False,raw value is persisted even when held or diagnostic,58,58,9,U096-BLK-067,1,0,legacy_pregrade,prior_registry,prior_registry,U096-BLK-067
XREG-v2.7-TECHNICAL,LIT-X016::void_chord_x_q50_mm,LIT-X016,directional_void_chord,void_chord_x_q50_mm,mm,directional phase chord run-length distribution on fixed V128 voxel mask,directional phase chord run-length distribution on fixed V128 voxel mask,B|C|F|L|T,direct_from_mask_formula,PRM082_existing,PRM082_full58_all89_values_long.csv,retained_sensitivity_trace,full58_technical_census_not_scientifically_selected,likely_or_hold_by_existing_policy,existing_bank_reference_retained_sensitivity_trace,False,False,False,raw value is persisted even when held or diagnostic,58,58,15,U096-BLK-068,1,0,legacy_pregrade,prior_registry,prior_registry,U096-BLK-068
XREG-v2.7-TECHNICAL,LIT-X016::void_chord_x_q90_mm,LIT-X016,directional_void_chord,void_chord_x_q90_mm,mm,directional phase chord run-length distribution on fixed V128 voxel mask,directional phase chord run-length distribution on fixed V128 voxel mask,B|C|F|L|T,direct_from_mask_formula,PRM082_existing,PRM082_full58_all89_values_long.csv,retained_sensitivity_trace,full58_technical_census_not_scientifically_selected,likely_or_hold_by_existing_policy,existing_bank_reference_retained_sensitivity_trace,False,False,False,raw value is persisted even when held or diagnostic,58,58,19,U096-BLK-069,1,0,legacy_pregrade,prior_registry,prior_registry,U096-BLK-069
XREG-v2.7-TECHNICAL,LIT-X016::void_chord_x_spanning_line_fraction,LIT-X016,directional_void_chord,void_chord_x_spanning_line_fraction,dimensionless,directional phase chord run-length distribution on fixed V128 voxel mask,directional phase chord run-length distribution on fixed V128 voxel mask,B|C|F|L|T,direct_from_mask_formula,PRM082_existing,PRM082_full58_all89_values_long.csv,retained_sensitivity_trace,full58_technical_census_not_scientifically_selected,likely_or_hold_by_existing_policy,existing_bank_reference_retained_sensitivity_trace,False,False,False,raw value is persisted even when held or diagnostic,58,58,56,U096-BLK-070,1,0,legacy_pregrade,prior_registry,prior_registry,U096-BLK-070
XREG-v2.7-TECHNICAL,LIT-X016::void_chord_y_count,LIT-X016,directional_void_chord,void_chord_y_count,count,directional phase chord run-length distribution on fixed V128 voxel mask,directional phase chord run-length distribution on fixed V128 voxel mask,B|C|F|L|T,direct_from_mask_formula,PRM082_existing,PRM082_full58_all89_values_long.csv,diagnostic_trace_only,full58_technical_census_not_scientifically_selected,confirmed_lineage,existing_bank_reference_diagnostic_trace_only,False,False,False,raw value is persisted even when held or diagnostic,58,58,58,U096-BLK-071,1,0,legacy_pregrade,prior_registry,prior_registry,U096-BLK-071
XREG-v2.7-TECHNICAL,LIT-X016::void_chord_y_mean_mm,LIT-X016,directional_void_chord,void_chord_y_mean_mm,mm,directional phase chord run-length distribution on fixed V128 voxel mask,directional phase chord run-length distribution on fixed V128 voxel mask,B|C|F|L|T,direct_from_mask_formula,PRM082_existing,PRM082_full58_all89_values_long.csv,census_primary,full58_technical_census_not_scientifically_selected,confirmed_lineage,existing_bank_reference_census_primary,False,False,False,raw value is persisted even when held or diagnostic,58,58,58,U096-BLK-065,2,1,legacy_pregrade,prior_registry,prior_registry,U096-BLK-065
XREG-v2.7-TECHNICAL,LIT-X016::void_chord_y_population_std_mm,LIT-X016,directional_void_chord,void_chord_y_population_std_mm,mm,directional phase chord run-length distribution on fixed V128 voxel mask,directional phase chord run-length distribution on fixed V128 voxel mask,B|C|F|L|T,direct_from_mask_formula,PRM082_existing,PRM082_full58_all89_values_long.csv,census_primary,full58_technical_census_not_scientifically_selected,confirmed_lineage,existing_bank_reference_census_primary,False,False,False,raw value is persisted even when held or diagnostic,58,58,58,U096-BLK-066,2,1,legacy_pregrade,prior_registry,prior_registry,U096-BLK-066
XREG-v2.7-TECHNICAL,LIT-X016::void_chord_y_q10_mm,LIT-X016,directional_void_chord,void_chord_y_q10_mm,mm,directional phase chord run-length distribution on fixed V128 voxel mask,directional phase chord run-length distribution on fixed V128 voxel mask,B|C|F|L|T,direct_from_mask_formula,PRM082_existing,PRM082_full58_all89_values_long.csv,retained_sensitivity_trace,full58_technical_census_not_scientifically_selected,likely_or_hold_by_existing_policy,existing_bank_reference_retained_sensitivity_trace,False,False,False,raw value is persisted even when held or diagnostic,58,58,9,U096-BLK-072,1,0,legacy_pregrade,prior_registry,prior_registry,U096-BLK-072
XREG-v2.7-TECHNICAL,LIT-X016::void_chord_y_q50_mm,LIT-X016,directional_void_chord,void_chord_y_q50_mm,mm,directional phase chord run-length distribution on fixed V128 voxel mask,directional phase chord run-length distribution on fixed V128 voxel mask,B|C|F|L|T,direct_from_mask_formula,PRM082_existing,PRM082_full58_all89_values_long.csv,retained_sensitivity_trace,full58_technical_census_not_scientifically_selected,likely_or_hold_by_existing_policy,existing_bank_reference_retained_sensitivity_trace,False,False,False,raw value is persisted even when held or diagnostic,58,58,14,U096-BLK-073,1,0,legacy_pregrade,prior_registry,prior_registry,U096-BLK-073
XREG-v2.7-TECHNICAL,LIT-X016::void_chord_y_q90_mm,LIT-X016,directional_void_chord,void_chord_y_q90_mm,mm,directional phase chord run-length distribution on fixed V128 voxel mask,directional phase chord run-length distribution on fixed V128 voxel mask,B|C|F|L|T,direct_from_mask_formula,PRM082_existing,PRM082_full58_all89_values_long.csv,retained_sensitivity_trace,full58_technical_census_not_scientifically_selected,likely_or_hold_by_existing_policy,existing_bank_reference_retained_sensitivity_trace,False,False,False,raw value is persisted even when held or diagnostic,58,58,19,U096-BLK-074,1,0,legacy_pregrade,prior_registry,prior_registry,U096-BLK-074
XREG-v2.7-TECHNICAL,LIT-X016::void_chord_y_spanning_line_fraction,LIT-X016,directional_void_chord,void_chord_y_spanning_line_fraction,dimensionless,directional phase chord run-length distribution on fixed V128 voxel mask,directional phase chord run-length distribution on fixed V128 voxel mask,B|C|F|L|T,direct_from_mask_formula,PRM082_existing,PRM082_full58_all89_values_long.csv,retained_sensitivity_trace,full58_technical_census_not_scientifically_selected,likely_or_hold_by_existing_policy,existing_bank_reference_retained_sensitivity_trace,False,False,False,raw value is persisted even when held or diagnostic,58,58,56,U096-BLK-075,1,0,legacy_pregrade,prior_registry,prior_registry,U096-BLK-075
XREG-v2.7-TECHNICAL,LIT-X016::void_chord_z_count,LIT-X016,directional_void_chord,void_chord_z_count,count,directional phase chord run-length distribution on fixed V128 voxel mask,directional phase chord run-length distribution on fixed V128 voxel mask,B|C|F|L|T,direct_from_mask_formula,PRM082_existing,PRM082_full58_all89_values_long.csv,diagnostic_trace_only,full58_technical_census_not_scientifically_selected,confirmed_lineage,existing_bank_reference_diagnostic_trace_only,False,False,False,raw value is persisted even when held or diagnostic,58,58,58,U096-BLK-076,1,0,legacy_pregrade,prior_registry,prior_registry,U096-BLK-076
XREG-v2.7-TECHNICAL,LIT-X016::void_chord_z_mean_mm,LIT-X016,directional_void_chord,void_chord_z_mean_mm,mm,directional phase chord run-length distribution on fixed V128 voxel mask,directional phase chord run-length distribution on fixed V128 voxel mask,B|C|F|L|T,direct_from_mask_formula,PRM082_existing,PRM082_full58_all89_values_long.csv,census_primary,full58_technical_census_not_scientifically_selected,confirmed_lineage,existing_bank_reference_census_primary,False,False,False,raw value is persisted even when held or diagnostic,58,58,58,U096-BLK-077,1,0,legacy_pregrade,prior_registry,prior_registry,U096-BLK-077
XREG-v2.7-TECHNICAL,LIT-X016::void_chord_z_population_std_mm,LIT-X016,directional_void_chord,void_chord_z_population_std_mm,mm,directional phase chord run-length distribution on fixed V128 voxel mask,directional phase chord run-length distribution on fixed V128 voxel mask,B|C|F|L|T,direct_from_mask_formula,PRM082_existing,PRM082_full58_all89_values_long.csv,census_primary,full58_technical_census_not_scientifically_selected,confirmed_lineage,existing_bank_reference_census_primary,False,False,False,raw value is persisted even when held or diagnostic,58,58,58,U096-BLK-078,1,0,legacy_pregrade,prior_registry,prior_registry,U096-BLK-078
XREG-v2.7-TECHNICAL,LIT-X016::void_chord_z_q10_mm,LIT-X016,directional_void_chord,void_chord_z_q10_mm,mm,directional phase chord run-length distribution on fixed V128 voxel mask,directional phase chord run-length distribution on fixed V128 voxel mask,B|C|F|L|T,direct_from_mask_formula,PRM082_existing,PRM082_full58_all89_values_long.csv,retained_sensitivity_trace,full58_technical_census_not_scientifically_selected,likely_or_hold_by_existing_policy,existing_bank_reference_retained_sensitivity_trace,False,False,False,raw value is persisted even when held or diagnostic,58,58,9,U096-BLK-079,1,0,legacy_pregrade,prior_registry,prior_registry,U096-BLK-079
XREG-v2.7-TECHNICAL,LIT-X016::void_chord_z_q50_mm,LIT-X016,directional_void_chord,void_chord_z_q50_mm,mm,directional phase chord run-length distribution on fixed V128 voxel mask,directional phase chord run-length distribution on fixed V128 voxel mask,B|C|F|L|T,direct_from_mask_formula,PRM082_existing,PRM082_full58_all89_values_long.csv,retained_sensitivity_trace,full58_technical_census_not_scientifically_selected,likely_or_hold_by_existing_policy,existing_bank_reference_retained_sensitivity_trace,False,False,False,raw value is persisted even when held or diagnostic,58,58,16,U096-BLK-080,1,0,legacy_pregrade,prior_registry,prior_registry,U096-BLK-080
XREG-v2.7-TECHNICAL,LIT-X016::void_chord_z_q90_mm,LIT-X016,directional_void_chord,void_chord_z_q90_mm,mm,directional phase chord run-length distribution on fixed V128 voxel mask,directional phase chord run-length distribution on fixed V128 voxel mask,B|C|F|L|T,direct_from_mask_formula,PRM082_existing,PRM082_full58_all89_values_long.csv,retained_sensitivity_trace,full58_technical_census_not_scientifically_selected,likely_or_hold_by_existing_policy,existing_bank_reference_retained_sensitivity_trace,False,False,False,raw value is persisted even when held or diagnostic,58,58,22,U096-BLK-081,1,0,legacy_pregrade,prior_registry,prior_registry,U096-BLK-081
XREG-v2.7-TECHNICAL,LIT-X016::void_chord_z_spanning_line_fraction,LIT-X016,directional_void_chord,void_chord_z_spanning_line_fraction,dimensionless,directional phase chord run-length distribution on fixed V128 voxel mask,directional phase chord run-length distribution on fixed V128 voxel mask,B|C|F|L|T,direct_from_mask_formula,PRM082_existing,PRM082_full58_all89_values_long.csv,retained_sensitivity_trace,full58_technical_census_not_scientifically_selected,likely_or_hold_by_existing_policy,existing_bank_reference_retained_sensitivity_trace,False,False,False,raw value is persisted even when held or diagnostic,58,58,53,U096-BLK-082,1,0,legacy_pregrade,prior_registry,prior_registry,U096-BLK-082
XREG-v2.7-TECHNICAL,LIT-X017::beta0_count,LIT-X017,topology_terms,beta0_count,count,fixed_40mm_binary_volume,count_26_connected_solid_components,"B,C,L,F,T",direct_formula_output,PRM094_second_wave,PRM092_second_wave_full58_V128_values_long.csv,hold_low_variation_trace_only,not_qualified_requires_full58_CQ01_to_CQ09,unresolved,hold_low_variation_trace_only,False,False,False,constant_on_panel,58,58,2,U096-BLK-083,2,1,legacy_pregrade,prior_registry,prior_registry,U096-BLK-083
XREG-v2.7-TECHNICAL,LIT-X017::beta0_density,LIT-X017,topology_terms,beta0_density,1/mm^3,fixed_40mm_binary_volume,beta0/64000,"B,C,L,F,T",direct_formula_output,PRM094_second_wave,PRM092_second_wave_full58_V128_values_long.csv,hold_low_variation_trace_only,not_qualified_requires_full58_CQ01_to_CQ09,unresolved,hold_low_variation_trace_only,False,False,False,constant_on_panel,58,58,2,U096-BLK-083,2,1,legacy_pregrade,prior_registry,prior_registry,U096-BLK-083
XREG-v2.7-TECHNICAL,LIT-X023::axis_power_fraction_x,LIT-X023,structure_factor,axis_power_fraction_x,dimensionless,mean_subtracted_fixed_40mm_binary_volume,sum(nonzero_x_axis_line_power)/sum(nonzero_3D_power),"B,C,L,F,T",direct_formula_output,PRM094_second_wave,PRM092_second_wave_full58_V128_values_long.csv,likely_full58_technical_candidate_not_selected,not_qualified_requires_full58_CQ01_to_CQ09,likely,later_nested_standalone_challenger,False,False,False,variable_on_panel,58,58,58,U096-BLK-084,1,0,legacy_pregrade,prior_registry,prior_registry,U096-BLK-084
XREG-v2.7-TECHNICAL,LIT-X023::axis_power_fraction_y,LIT-X023,structure_factor,axis_power_fraction_y,dimensionless,mean_subtracted_fixed_40mm_binary_volume,sum(nonzero_y_axis_line_power)/sum(nonzero_3D_power),"B,C,L,F,T",direct_formula_output,PRM094_second_wave,PRM092_second_wave_full58_V128_values_long.csv,likely_full58_technical_candidate_not_selected,not_qualified_requires_full58_CQ01_to_CQ09,likely,later_nested_standalone_challenger,False,False,False,variable_on_panel,58,58,58,U096-BLK-085,1,0,legacy_pregrade,prior_registry,prior_registry,U096-BLK-085
XREG-v2.7-TECHNICAL,LIT-X023::axis_power_fraction_z,LIT-X023,structure_factor,axis_power_fraction_z,dimensionless,mean_subtracted_fixed_40mm_binary_volume,sum(nonzero_z_axis_line_power)/sum(nonzero_3D_power),"B,C,L,F,T",direct_formula_output,PRM094_second_wave,PRM092_second_wave_full58_V128_values_long.csv,likely_full58_technical_candidate_not_selected,not_qualified_requires_full58_CQ01_to_CQ09,likely,later_nested_standalone_challenger,False,False,False,variable_on_panel,58,58,58,U111-BLK-001,4,3,legacy_pregrade,prior_registry,prior_registry,U111-BLK-001
XREG-v2.7-TECHNICAL,LIT-X023::peak_wavelength_x,LIT-X023,structure_factor,peak_wavelength_x,mm,mean_subtracted_fixed_40mm_binary_volume,1/argmax_nonzero_axisline_frequency_x; longest_wavelength_tie,"B,C,L,F,T",direct_formula_output,PRM094_second_wave,PRM092_second_wave_full58_V128_values_long.csv,likely_full58_technical_candidate_not_selected,not_qualified_requires_full58_CQ01_to_CQ09,likely,later_nested_standalone_challenger,False,False,False,variable_on_panel,58,58,9,U096-BLK-087,1,0,legacy_pregrade,prior_registry,prior_registry,U096-BLK-087
XREG-v2.7-TECHNICAL,LIT-X023::peak_wavelength_y,LIT-X023,structure_factor,peak_wavelength_y,mm,mean_subtracted_fixed_40mm_binary_volume,1/argmax_nonzero_axisline_frequency_y; longest_wavelength_tie,"B,C,L,F,T",direct_formula_output,PRM094_second_wave,PRM092_second_wave_full58_V128_values_long.csv,likely_full58_technical_candidate_not_selected,not_qualified_requires_full58_CQ01_to_CQ09,likely,later_nested_standalone_challenger,False,False,False,variable_on_panel,58,58,8,U096-BLK-088,1,0,legacy_pregrade,prior_registry,prior_registry,U096-BLK-088
XREG-v2.7-TECHNICAL,LIT-X023::peak_wavelength_z,LIT-X023,structure_factor,peak_wavelength_z,mm,mean_subtracted_fixed_40mm_binary_volume,1/argmax_nonzero_axisline_frequency_z; longest_wavelength_tie,"B,C,L,F,T",direct_formula_output,PRM094_second_wave,PRM092_second_wave_full58_V128_values_long.csv,likely_full58_technical_candidate_not_selected,not_qualified_requires_full58_CQ01_to_CQ09,likely,later_nested_standalone_challenger,False,False,False,variable_on_panel,58,58,8,U096-BLK-089,1,0,legacy_pregrade,prior_registry,prior_registry,U096-BLK-089
XREG-v2.7-TECHNICAL,LIT-X019::solid_void_chord_q50_geomean_ratio,LIT-X019,phase_scale_ratio,solid_void_chord_q50_geomean_ratio,ratio,matched fixed-V128 solid/void directional q50 chord summaries,geometric mean of matched x/y/z q50 solid-to-void chord ratios,B|C|F|L|T,derived_from_existing_X001_X016_parents,PRM100_full58_exact_permit,PRM099_third_wave_full58_six_values_long.csv,sensitivity_candidate,full58_resolution_qualified_not_selected,likely_resolution_qualified_confirmed_lineage,third_wave_likely_unselected,False,False,False,PRM100 exact execution; source filename retains PRM099 prefix by permit-runner compatibility; no y/selection/promotion,58,58,40,U101-BLK-090,1,0,legacy_pregrade,prior_registry,prior_registry,U101-BLK-090
XREG-v2.7-TECHNICAL,LIT-X019::solid_void_chord_x_q50_ratio,LIT-X019,phase_scale_ratio,solid_void_chord_x_q50_ratio,ratio,matched fixed-V128 solid/void x-direction q50 chord summaries,"solid q50 / void q50, same x axis/stat/resolution",B|C|F|L|T,derived_from_existing_X001_X016_parents,PRM100_full58_exact_permit,PRM099_third_wave_full58_six_values_long.csv,sensitivity_candidate,full58_resolution_qualified_not_selected,likely_resolution_qualified_confirmed_lineage,third_wave_likely_unselected,False,False,False,PRM100 exact execution; source filename retains PRM099 prefix by permit-runner compatibility; no y/selection/promotion,58,58,31,U101-BLK-091,1,0,legacy_pregrade,prior_registry,prior_registry,U101-BLK-091
XREG-v2.7-TECHNICAL,LIT-X019::solid_void_chord_y_q50_ratio,LIT-X019,phase_scale_ratio,solid_void_chord_y_q50_ratio,ratio,matched fixed-V128 solid/void y-direction q50 chord summaries,"solid q50 / void q50, same y axis/stat/resolution",B|C|F|L|T,derived_from_existing_X001_X016_parents,PRM100_full58_exact_permit,PRM099_third_wave_full58_six_values_long.csv,sensitivity_candidate,full58_resolution_qualified_not_selected,likely_resolution_qualified_confirmed_lineage,third_wave_likely_unselected,False,False,False,PRM100 exact execution; source filename retains PRM099 prefix by permit-runner compatibility; no y/selection/promotion,58,58,33,U101-BLK-092,1,0,legacy_pregrade,prior_registry,prior_registry,U101-BLK-092
XREG-v2.7-TECHNICAL,LIT-X019::solid_void_chord_z_q50_ratio,LIT-X019,phase_scale_ratio,solid_void_chord_z_q50_ratio,ratio,matched fixed-V128 solid/void z-direction q50 chord summaries,"solid q50 / void q50, same z axis/stat/resolution",B|C|F|L|T,derived_from_existing_X001_X016_parents,PRM100_full58_exact_permit,PRM099_third_wave_full58_six_values_long.csv,sensitivity_candidate,full58_resolution_qualified_not_selected,likely_resolution_qualified_confirmed_lineage,third_wave_likely_unselected,False,False,False,PRM100 exact execution; source filename retains PRM099 prefix by permit-runner compatibility; no y/selection/promotion,58,58,34,U101-BLK-093,1,0,legacy_pregrade,prior_registry,prior_registry,U101-BLK-093
XREG-v2.7-TECHNICAL,LIT-X024::ect_abs_auc_direction_mean_per_mm3,LIT-X024,euler_characteristic_transform,ect_abs_auc_direction_mean_per_mm3,1/mm3,fixed-V128 solid-26 ECT curves over 26 directions and 129 projection heights,mean direction-normalized absolute ECT area under curve / specimen volume,B|C|F|L|T,direct_from_existing_V128_mask_formula,PRM100_full58_exact_permit,PRM099_third_wave_full58_six_values_long.csv,diagnostic_blocked_by_X004_redundancy,full58_resolution_qualified_not_selected,likely_resolution_qualified_confirmed_lineage,blocked_diagnostic_not_selected,False,False,False,PRM100 exact execution; source filename retains PRM099 prefix by permit-runner compatibility; no y/selection/promotion,58,58,58,U096-BLK-044,3,2,legacy_pregrade,prior_registry,prior_registry,U096-BLK-044
XREG-v2.7-TECHNICAL,LIT-X024::ect_total_variation_direction_mean_per_mm3,LIT-X024,euler_characteristic_transform,ect_total_variation_direction_mean_per_mm3,1/mm3,fixed-V128 solid-26 ECT curves over 26 directions and 129 projection heights,mean direction-normalized total variation / specimen volume,B|C|F|L|T,direct_from_existing_V128_mask_formula,PRM100_full58_exact_permit,PRM099_third_wave_full58_six_values_long.csv,sensitivity_candidate,full58_resolution_qualified_not_selected,likely_resolution_qualified_confirmed_lineage,third_wave_likely_unselected,False,False,False,PRM100 exact execution; source filename retains PRM099 prefix by permit-runner compatibility; no y/selection/promotion,58,58,58,U101-BLK-094,1,0,legacy_pregrade,prior_registry,prior_registry,U101-BLK-094
XREG-v2.7-TECHNICAL,RAW-X034::slice_component_count_iqr,RAW-X034,slice_profile_distribution,slice_component_count_iqr,count,801-slice connected-component-count profile,population iqr (ddof=0 for std),B|C|F|L|T,direct_from_verified_SLICE004_raw_table,PRM102_BC_raw_table_batch,PRM102_BC_raw_table_values_long.csv,batch_BC_candidate,full58_raw_table_batch_not_selected,confirmed_raw_table_lineage,batch_BC_unselected_block_aware,False,False,False,"PRM102 B/C batch; no y, selection or promotion",58,58,38,U119-BLK-001,2,1,B,LIT-X033,component/population distribution analogue only; not a full 3D estimator,U119-BLK-001
XREG-v2.7-TECHNICAL,RAW-X034::slice_component_count_lag1_autocorr,RAW-X034,slice_profile_distribution,slice_component_count_lag1_autocorr,dimensionless,801-slice connected-component-count profile,lag-1 Pearson autocorrelation; constant-profile fallback=0,B|C|F|L|T,derived_from_verified_SLICE004_profile,PRM102_BC_raw_table_batch,PRM102_BC_raw_table_values_long.csv,batch_BC_candidate,full58_raw_table_batch_not_selected,confirmed_raw_table_lineage,batch_BC_unselected_block_aware,False,False,False,"PRM102 B/C batch; no y, selection or promotion",58,58,58,U103-BLK-098,1,0,C,LIT-X033,component/population distribution analogue only; not a full 3D estimator,U103-BLK-098
XREG-v2.7-TECHNICAL,RAW-X034::slice_component_count_mad,RAW-X034,slice_profile_distribution,slice_component_count_mad,count,801-slice connected-component-count profile,population mad (ddof=0 for std),B|C|F|L|T,direct_from_verified_SLICE004_raw_table,PRM102_BC_raw_table_batch,PRM102_BC_raw_table_values_long.csv,batch_BC_candidate,full58_raw_table_batch_not_selected,confirmed_raw_table_lineage,batch_BC_unselected_block_aware,False,False,False,"PRM102 B/C batch; no y, selection or promotion",58,58,28,U119-BLK-002,2,1,B,LIT-X033,component/population distribution analogue only; not a full 3D estimator,U119-BLK-002
XREG-v2.7-TECHNICAL,RAW-X034::slice_component_count_mean,RAW-X034,slice_profile_distribution,slice_component_count_mean,count,801-slice connected-component-count profile,population mean (ddof=0 for std),B|C|F|L|T,direct_from_verified_SLICE004_raw_table,PRM102_BC_raw_table_batch,PRM102_BC_raw_table_values_long.csv,batch_BC_candidate,full58_raw_table_batch_not_selected,confirmed_raw_table_lineage,batch_BC_unselected_block_aware,False,False,False,"PRM102 B/C batch; no y, selection or promotion",58,58,57,U119-BLK-003,4,3,B,LIT-X033,component/population distribution analogue only; not a full 3D estimator,U119-BLK-003
XREG-v2.7-TECHNICAL,RAW-X034::slice_component_count_normalized_total_variation,RAW-X034,slice_profile_distribution,slice_component_count_normalized_total_variation,dimensionless,801-slice connected-component-count profile,mean absolute adjacent step / mean absolute profile value,B|C|F|L|T,derived_from_verified_SLICE004_profile,PRM102_BC_raw_table_batch,PRM102_BC_raw_table_values_long.csv,batch_BC_candidate,full58_raw_table_batch_not_selected,confirmed_raw_table_lineage,batch_BC_unselected_block_aware,False,False,False,"PRM102 B/C batch; no y, selection or promotion",58,58,58,U135-BLK-001,4,3,C,LIT-X033,component/population distribution analogue only; not a full 3D estimator,U135-BLK-001
XREG-v2.7-TECHNICAL,RAW-X034::slice_component_count_population_std,RAW-X034,slice_profile_distribution,slice_component_count_population_std,count,801-slice connected-component-count profile,population population_std (ddof=0 for std),B|C|F|L|T,direct_from_verified_SLICE004_raw_table,PRM102_BC_raw_table_batch,PRM102_BC_raw_table_values_long.csv,batch_BC_candidate,full58_raw_table_batch_not_selected,confirmed_raw_table_lineage,batch_BC_unselected_block_aware,False,False,False,"PRM102 B/C batch; no y, selection or promotion",58,58,57,U119-BLK-004,3,2,B,LIT-X033,component/population distribution analogue only; not a full 3D estimator,U119-BLK-004
XREG-v2.7-TECHNICAL,RAW-X034::slice_component_count_q10,RAW-X034,slice_profile_distribution,slice_component_count_q10,count,801-slice connected-component-count profile,population q10 (ddof=0 for std),B|C|F|L|T,direct_from_verified_SLICE004_raw_table,PRM102_BC_raw_table_batch,PRM102_BC_raw_table_values_long.csv,batch_BC_candidate,full58_raw_table_batch_not_selected,confirmed_raw_table_lineage,batch_BC_unselected_block_aware,False,False,False,"PRM102 B/C batch; no y, selection or promotion",58,58,13,U119-BLK-005,3,2,B,LIT-X033,component/population distribution analogue only; not a full 3D estimator,U119-BLK-005
XREG-v2.7-TECHNICAL,RAW-X034::slice_component_count_q50,RAW-X034,slice_profile_distribution,slice_component_count_q50,count,801-slice connected-component-count profile,population q50 (ddof=0 for std),B|C|F|L|T,direct_from_verified_SLICE004_raw_table,PRM102_BC_raw_table_batch,PRM102_BC_raw_table_values_long.csv,batch_BC_candidate,full58_raw_table_batch_not_selected,confirmed_raw_table_lineage,batch_BC_unselected_block_aware,False,False,False,"PRM102 B/C batch; no y, selection or promotion",58,58,24,U103-BLK-096,2,1,B,LIT-X033,component/population distribution analogue only; not a full 3D estimator,U103-BLK-096
XREG-v2.7-TECHNICAL,RAW-X034::slice_component_count_q90,RAW-X034,slice_profile_distribution,slice_component_count_q90,count,801-slice connected-component-count profile,population q90 (ddof=0 for std),B|C|F|L|T,direct_from_verified_SLICE004_raw_table,PRM102_BC_raw_table_batch,PRM102_BC_raw_table_values_long.csv,batch_BC_candidate,full58_raw_table_batch_not_selected,confirmed_raw_table_lineage,batch_BC_unselected_block_aware,False,False,False,"PRM102 B/C batch; no y, selection or promotion",58,58,32,U149-BLK-001,9,5,B,LIT-X033,component/population distribution analogue only; not a full 3D estimator,U135-BLK-002
XREG-v2.7-TECHNICAL,RAW-X034::slice_material_area_iqr,RAW-X034,slice_profile_distribution,slice_material_area_iqr,mm2,801-slice material-area profile,population iqr (ddof=0 for std),B|C|F|L|T,direct_from_verified_SLICE004_raw_table,PRM102_BC_raw_table_batch,PRM102_BC_raw_table_values_long.csv,batch_BC_candidate,full58_raw_table_batch_not_selected,confirmed_raw_table_lineage,batch_BC_unselected_block_aware,False,False,False,"PRM102 B/C batch; no y, selection or promotion",58,58,58,U103-BLK-104,1,0,B,LIT-X033,component/population distribution analogue only; not a full 3D estimator,U103-BLK-104
XREG-v2.7-TECHNICAL,RAW-X034::slice_material_area_lag1_autocorr,RAW-X034,slice_profile_distribution,slice_material_area_lag1_autocorr,dimensionless,801-slice material-area profile,lag-1 Pearson autocorrelation; constant-profile fallback=0,B|C|F|L|T,derived_from_verified_SLICE004_profile,PRM102_BC_raw_table_batch,PRM102_BC_raw_table_values_long.csv,batch_BC_candidate,full58_raw_table_batch_not_selected,confirmed_raw_table_lineage,batch_BC_unselected_block_aware,False,False,False,"PRM102 B/C batch; no y, selection or promotion",58,58,58,U103-BLK-105,1,0,C,LIT-X033,component/population distribution analogue only; not a full 3D estimator,U103-BLK-105
XREG-v2.7-TECHNICAL,RAW-X034::slice_material_area_mad,RAW-X034,slice_profile_distribution,slice_material_area_mad,mm2,801-slice material-area profile,population mad (ddof=0 for std),B|C|F|L|T,direct_from_verified_SLICE004_raw_table,PRM102_BC_raw_table_batch,PRM102_BC_raw_table_values_long.csv,batch_BC_candidate,full58_raw_table_batch_not_selected,confirmed_raw_table_lineage,batch_BC_unselected_block_aware,False,False,False,"PRM102 B/C batch; no y, selection or promotion",58,58,56,U105-BLK-001,2,1,B,LIT-X033,component/population distribution analogue only; not a full 3D estimator,U105-BLK-001
XREG-v2.7-TECHNICAL,RAW-X034::slice_material_area_mean,RAW-X034,slice_profile_distribution,slice_material_area_mean,mm2,801-slice material-area profile,population mean (ddof=0 for std),B|C|F|L|T,direct_from_verified_SLICE004_raw_table,PRM102_BC_raw_table_batch,PRM102_BC_raw_table_values_long.csv,batch_BC_candidate,full58_raw_table_batch_not_selected,confirmed_raw_table_lineage,batch_BC_unselected_block_aware,False,False,False,"PRM102 B/C batch; no y, selection or promotion",58,58,58,U103-BLK-107,1,0,B,LIT-X033,component/population distribution analogue only; not a full 3D estimator,U103-BLK-107
XREG-v2.7-TECHNICAL,RAW-X034::slice_material_area_normalized_total_variation,RAW-X034,slice_profile_distribution,slice_material_area_normalized_total_variation,dimensionless,801-slice material-area profile,mean absolute adjacent step / mean absolute profile value,B|C|F|L|T,derived_from_verified_SLICE004_profile,PRM102_BC_raw_table_batch,PRM102_BC_raw_table_values_long.csv,batch_BC_candidate,full58_raw_table_batch_not_selected,confirmed_raw_table_lineage,batch_BC_unselected_block_aware,False,False,False,"PRM102 B/C batch; no y, selection or promotion",58,58,58,U133-BLK-003,2,1,C,LIT-X033,component/population distribution analogue only; not a full 3D estimator,U133-BLK-003
XREG-v2.7-TECHNICAL,RAW-X034::slice_material_area_population_std,RAW-X034,slice_profile_distribution,slice_material_area_population_std,mm2,801-slice material-area profile,population population_std (ddof=0 for std),B|C|F|L|T,direct_from_verified_SLICE004_raw_table,PRM102_BC_raw_table_batch,PRM102_BC_raw_table_values_long.csv,batch_BC_candidate,full58_raw_table_batch_not_selected,confirmed_raw_table_lineage,batch_BC_unselected_block_aware,False,False,False,"PRM102 B/C batch; no y, selection or promotion",58,58,58,U133-BLK-004,4,3,B,LIT-X033,component/population distribution analogue only; not a full 3D estimator,U133-BLK-004
XREG-v2.7-TECHNICAL,RAW-X034::slice_material_area_q10,RAW-X034,slice_profile_distribution,slice_material_area_q10,mm2,801-slice material-area profile,population q10 (ddof=0 for std),B|C|F|L|T,direct_from_verified_SLICE004_raw_table,PRM102_BC_raw_table_batch,PRM102_BC_raw_table_values_long.csv,batch_BC_candidate,full58_raw_table_batch_not_selected,confirmed_raw_table_lineage,batch_BC_unselected_block_aware,False,False,False,"PRM102 B/C batch; no y, selection or promotion",58,58,58,U105-BLK-003,2,1,B,LIT-X033,component/population distribution analogue only; not a full 3D estimator,U105-BLK-003
XREG-v2.7-TECHNICAL,RAW-X034::slice_material_area_q50,RAW-X034,slice_profile_distribution,slice_material_area_q50,mm2,801-slice material-area profile,population q50 (ddof=0 for std),B|C|F|L|T,direct_from_verified_SLICE004_raw_table,PRM102_BC_raw_table_batch,PRM102_BC_raw_table_values_long.csv,batch_BC_candidate,full58_raw_table_batch_not_selected,confirmed_raw_table_lineage,batch_BC_unselected_block_aware,False,False,False,"PRM102 B/C batch; no y, selection or promotion",58,58,58,U105-BLK-004,2,1,B,LIT-X033,component/population distribution analogue only; not a full 3D estimator,U105-BLK-004
XREG-v2.7-TECHNICAL,RAW-X034::slice_material_area_q90,RAW-X034,slice_profile_distribution,slice_material_area_q90,mm2,801-slice material-area profile,population q90 (ddof=0 for std),B|C|F|L|T,direct_from_verified_SLICE004_raw_table,PRM102_BC_raw_table_batch,PRM102_BC_raw_table_values_long.csv,batch_BC_candidate,full58_raw_table_batch_not_selected,confirmed_raw_table_lineage,batch_BC_unselected_block_aware,False,False,False,"PRM102 B/C batch; no y, selection or promotion",58,58,58,U105-BLK-005,2,1,B,LIT-X033,component/population distribution analogue only; not a full 3D estimator,U105-BLK-005
XREG-v2.7-TECHNICAL,RAW-X035::overlay_component_area_iqr,RAW-X035,overlay_component_distribution,overlay_component_area_iqr,mm2,all kept overlay connected-component areas across 800 layer pairs,population iqr (ddof=0 for std),B|C|F|L|T,direct_from_verified_SLICE004_raw_table,PRM102_BC_raw_table_batch,PRM102_BC_raw_table_values_long.csv,batch_BC_candidate,full58_raw_table_batch_not_selected,confirmed_raw_table_lineage,batch_BC_unselected_block_aware,False,False,False,"PRM102 B/C batch; no y, selection or promotion",58,58,57,U103-BLK-113,1,0,B,LIT-X033,component/population distribution analogue only; not a full 3D estimator,U103-BLK-113
XREG-v2.7-TECHNICAL,RAW-X035::overlay_component_area_mad,RAW-X035,overlay_component_distribution,overlay_component_area_mad,mm2,all kept overlay connected-component areas across 800 layer pairs,population mad (ddof=0 for std),B|C|F|L|T,direct_from_verified_SLICE004_raw_table,PRM102_BC_raw_table_batch,PRM102_BC_raw_table_values_long.csv,batch_BC_candidate,full58_raw_table_batch_not_selected,confirmed_raw_table_lineage,batch_BC_unselected_block_aware,False,False,False,"PRM102 B/C batch; no y, selection or promotion",58,58,58,U103-BLK-114,1,0,B,LIT-X033,component/population distribution analogue only; not a full 3D estimator,U103-BLK-114
XREG-v2.7-TECHNICAL,RAW-X035::overlay_component_area_mean,RAW-X035,overlay_component_distribution,overlay_component_area_mean,mm2,all kept overlay connected-component areas across 800 layer pairs,population mean (ddof=0 for std),B|C|F|L|T,direct_from_verified_SLICE004_raw_table,PRM102_BC_raw_table_batch,PRM102_BC_raw_table_values_long.csv,batch_BC_candidate,full58_raw_table_batch_not_selected,confirmed_raw_table_lineage,batch_BC_unselected_block_aware,False,False,False,"PRM102 B/C batch; no y, selection or promotion",58,58,58,U103-BLK-115,1,0,B,LIT-X033,component/population distribution analogue only; not a full 3D estimator,U103-BLK-115
XREG-v2.7-TECHNICAL,RAW-X035::overlay_component_area_population_std,RAW-X035,overlay_component_distribution,overlay_component_area_population_std,mm2,all kept overlay connected-component areas across 800 layer pairs,population population_std (ddof=0 for std),B|C|F|L|T,direct_from_verified_SLICE004_raw_table,PRM102_BC_raw_table_batch,PRM102_BC_raw_table_values_long.csv,batch_BC_candidate,full58_raw_table_batch_not_selected,confirmed_raw_table_lineage,batch_BC_unselected_block_aware,False,False,False,"PRM102 B/C batch; no y, selection or promotion",58,58,58,U103-BLK-116,1,0,B,LIT-X033,component/population distribution analogue only; not a full 3D estimator,U103-BLK-116
XREG-v2.7-TECHNICAL,RAW-X035::overlay_component_area_q10,RAW-X035,overlay_component_distribution,overlay_component_area_q10,mm2,all kept overlay connected-component areas across 800 layer pairs,population q10 (ddof=0 for std),B|C|F|L|T,direct_from_verified_SLICE004_raw_table,PRM102_BC_raw_table_batch,PRM102_BC_raw_table_values_long.csv,batch_BC_candidate,full58_raw_table_batch_not_selected,confirmed_raw_table_lineage,batch_BC_unselected_block_aware,False,False,False,"PRM102 B/C batch; no y, selection or promotion",58,58,57,U103-BLK-117,1,0,B,LIT-X033,component/population distribution analogue only; not a full 3D estimator,U103-BLK-117
XREG-v2.7-TECHNICAL,RAW-X035::overlay_component_area_q50,RAW-X035,overlay_component_distribution,overlay_component_area_q50,mm2,all kept overlay connected-component areas across 800 layer pairs,population q50 (ddof=0 for std),B|C|F|L|T,direct_from_verified_SLICE004_raw_table,PRM102_BC_raw_table_batch,PRM102_BC_raw_table_values_long.csv,batch_BC_candidate,full58_raw_table_batch_not_selected,confirmed_raw_table_lineage,batch_BC_unselected_block_aware,False,False,False,"PRM102 B/C batch; no y, selection or promotion",58,58,57,U103-BLK-118,1,0,B,LIT-X033,component/population distribution analogue only; not a full 3D estimator,U103-BLK-118
XREG-v2.7-TECHNICAL,RAW-X035::overlay_component_area_q90,RAW-X035,overlay_component_distribution,overlay_component_area_q90,mm2,all kept overlay connected-component areas across 800 layer pairs,population q90 (ddof=0 for std),B|C|F|L|T,direct_from_verified_SLICE004_raw_table,PRM102_BC_raw_table_batch,PRM102_BC_raw_table_values_long.csv,batch_BC_candidate,full58_raw_table_batch_not_selected,confirmed_raw_table_lineage,batch_BC_unselected_block_aware,False,False,False,"PRM102 B/C batch; no y, selection or promotion",58,58,58,U103-BLK-119,1,0,B,LIT-X033,component/population distribution analogue only; not a full 3D estimator,U103-BLK-119
XREG-v2.7-TECHNICAL,RAW-X035::overlay_pair_component_count_mean,RAW-X035,overlay_component_distribution,overlay_pair_component_count_mean,count,800-pair overlay component-count profile,population mean,B|C|F|L|T,direct_from_verified_SLICE004_raw_table,PRM102_BC_raw_table_batch,PRM102_BC_raw_table_values_long.csv,batch_BC_candidate,full58_raw_table_batch_not_selected,confirmed_raw_table_lineage,batch_BC_unselected_block_aware,False,False,False,"PRM102 B/C batch; no y, selection or promotion",58,58,58,U119-BLK-003,4,3,B,LIT-X033,component/population distribution analogue only; not a full 3D estimator,U119-BLK-003
XREG-v2.7-TECHNICAL,RAW-X035::overlay_pair_component_count_q50,RAW-X035,overlay_component_distribution,overlay_pair_component_count_q50,count,800-pair overlay component-count profile,population q50,B|C|F|L|T,direct_from_verified_SLICE004_raw_table,PRM102_BC_raw_table_batch,PRM102_BC_raw_table_values_long.csv,batch_BC_candidate,full58_raw_table_batch_not_selected,confirmed_raw_table_lineage,batch_BC_unselected_block_aware,False,False,False,"PRM102 B/C batch; no y, selection or promotion",58,58,24,U103-BLK-096,2,1,B,LIT-X033,component/population distribution analogue only; not a full 3D estimator,U103-BLK-096
XREG-v2.7-TECHNICAL,RAW-X035::overlay_pair_total_area_lag1_autocorr,RAW-X035,overlay_component_distribution,overlay_pair_total_area_lag1_autocorr,dimensionless,800-pair total-overlay-area profile,lag-1 Pearson autocorrelation; constant-profile fallback=0,B|C|F|L|T,derived_from_verified_SLICE004_profile,PRM102_BC_raw_table_batch,PRM102_BC_raw_table_values_long.csv,batch_BC_candidate,full58_raw_table_batch_not_selected,confirmed_raw_table_lineage,batch_BC_unselected_block_aware,False,False,False,"PRM102 B/C batch; no y, selection or promotion",58,58,58,U107-BLK-001,2,1,C,LIT-X033,component/population distribution analogue only; not a full 3D estimator,U107-BLK-001
XREG-v2.7-TECHNICAL,RAW-X035::overlay_pair_total_area_normalized_total_variation,RAW-X035,overlay_component_distribution,overlay_pair_total_area_normalized_total_variation,dimensionless,800-pair total-overlay-area profile,mean absolute adjacent step / mean absolute profile value,B|C|F|L|T,derived_from_verified_SLICE004_profile,PRM102_BC_raw_table_batch,PRM102_BC_raw_table_values_long.csv,batch_BC_candidate,full58_raw_table_batch_not_selected,confirmed_raw_table_lineage,batch_BC_unselected_block_aware,False,False,False,"PRM102 B/C batch; no y, selection or promotion",58,58,58,U107-BLK-002,2,1,C,LIT-X033,component/population distribution analogue only; not a full 3D estimator,U107-BLK-002
XREG-v2.7-TECHNICAL,RAW-X036::overlay_blue_pixel_count_iqr,RAW-X036,overlay_color_phase_profile,overlay_blue_pixel_count_iqr,pixel_count,800-pair overlay blue-pixel-count profile,population iqr across 800 pairs (ddof=0 for population_std),B|C|F|L|T,direct_from_verified_SLICE004_raw_table,PRM104_overlay_phase_profile_batch,PRM104_overlay_phase_profile_values_long.csv,batch_BC_candidate,full58_raw_table_batch_not_selected,confirmed_raw_table_lineage,batch_BC_unselected_block_aware,False,False,False,"PRM104 overlay phase-profile cohort; no y, selection or promotion",58,58,57,U105-BLK-006,2,1,B,LIT-X028,overlay phase-profile/composition analogue only; not a GLCM or full 3D estimator,U105-BLK-006
XREG-v2.7-TECHNICAL,RAW-X036::overlay_blue_pixel_count_mad,RAW-X036,overlay_color_phase_profile,overlay_blue_pixel_count_mad,pixel_count,800-pair overlay blue-pixel-count profile,population mad across 800 pairs (ddof=0 for population_std),B|C|F|L|T,direct_from_verified_SLICE004_raw_table,PRM104_overlay_phase_profile_batch,PRM104_overlay_phase_profile_values_long.csv,batch_BC_candidate,full58_raw_table_batch_not_selected,confirmed_raw_table_lineage,batch_BC_unselected_block_aware,False,False,False,"PRM104 overlay phase-profile cohort; no y, selection or promotion",58,58,55,U105-BLK-007,2,1,B,LIT-X028,overlay phase-profile/composition analogue only; not a GLCM or full 3D estimator,U105-BLK-007
XREG-v2.7-TECHNICAL,RAW-X036::overlay_blue_pixel_count_mean,RAW-X036,overlay_color_phase_profile,overlay_blue_pixel_count_mean,pixel_count,800-pair overlay blue-pixel-count profile,population mean across 800 pairs (ddof=0 for population_std),B|C|F|L|T,direct_from_verified_SLICE004_raw_table,PRM104_overlay_phase_profile_batch,PRM104_overlay_phase_profile_values_long.csv,batch_BC_candidate,full58_raw_table_batch_not_selected,confirmed_raw_table_lineage,batch_BC_unselected_block_aware,False,False,False,"PRM104 overlay phase-profile cohort; no y, selection or promotion",58,58,58,U105-BLK-008,2,1,B,LIT-X028,overlay phase-profile/composition analogue only; not a GLCM or full 3D estimator,U105-BLK-008
XREG-v2.7-TECHNICAL,RAW-X036::overlay_blue_pixel_count_population_std,RAW-X036,overlay_color_phase_profile,overlay_blue_pixel_count_population_std,pixel_count,800-pair overlay blue-pixel-count profile,population population_std across 800 pairs (ddof=0 for population_std),B|C|F|L|T,direct_from_verified_SLICE004_raw_table,PRM104_overlay_phase_profile_batch,PRM104_overlay_phase_profile_values_long.csv,batch_BC_candidate,full58_raw_table_batch_not_selected,confirmed_raw_table_lineage,batch_BC_unselected_block_aware,False,False,False,"PRM104 overlay phase-profile cohort; no y, selection or promotion",58,58,58,U123-BLK-001,3,1,B,LIT-X028,overlay phase-profile/composition analogue only; not a GLCM or full 3D estimator,U123-BLK-001
XREG-v2.7-TECHNICAL,RAW-X036::overlay_blue_pixel_count_q10,RAW-X036,overlay_color_phase_profile,overlay_blue_pixel_count_q10,pixel_count,800-pair overlay blue-pixel-count profile,population q10 across 800 pairs (ddof=0 for population_std),B|C|F|L|T,direct_from_verified_SLICE004_raw_table,PRM104_overlay_phase_profile_batch,PRM104_overlay_phase_profile_values_long.csv,batch_BC_candidate,full58_raw_table_batch_not_selected,confirmed_raw_table_lineage,batch_BC_unselected_block_aware,False,False,False,"PRM104 overlay phase-profile cohort; no y, selection or promotion",58,58,49,U105-BLK-010,2,1,B,LIT-X028,overlay phase-profile/composition analogue only; not a GLCM or full 3D estimator,U105-BLK-010
XREG-v2.7-TECHNICAL,RAW-X036::overlay_blue_pixel_count_q50,RAW-X036,overlay_color_phase_profile,overlay_blue_pixel_count_q50,pixel_count,800-pair overlay blue-pixel-count profile,population q50 across 800 pairs (ddof=0 for population_std),B|C|F|L|T,direct_from_verified_SLICE004_raw_table,PRM104_overlay_phase_profile_batch,PRM104_overlay_phase_profile_values_long.csv,batch_BC_candidate,full58_raw_table_batch_not_selected,confirmed_raw_table_lineage,batch_BC_unselected_block_aware,False,False,False,"PRM104 overlay phase-profile cohort; no y, selection or promotion",58,58,56,U105-BLK-011,2,1,B,LIT-X028,overlay phase-profile/composition analogue only; not a GLCM or full 3D estimator,U105-BLK-011
XREG-v2.7-TECHNICAL,RAW-X036::overlay_blue_pixel_count_q90,RAW-X036,overlay_color_phase_profile,overlay_blue_pixel_count_q90,pixel_count,800-pair overlay blue-pixel-count profile,population q90 across 800 pairs (ddof=0 for population_std),B|C|F|L|T,direct_from_verified_SLICE004_raw_table,PRM104_overlay_phase_profile_batch,PRM104_overlay_phase_profile_values_long.csv,batch_BC_candidate,full58_raw_table_batch_not_selected,confirmed_raw_table_lineage,batch_BC_unselected_block_aware,False,False,False,"PRM104 overlay phase-profile cohort; no y, selection or promotion",58,58,57,U105-BLK-012,2,1,B,LIT-X028,overlay phase-profile/composition analogue only; not a GLCM or full 3D estimator,U105-BLK-012
XREG-v2.7-TECHNICAL,RAW-X036::overlay_purple_pixel_count_iqr,RAW-X036,overlay_color_phase_profile,overlay_purple_pixel_count_iqr,pixel_count,800-pair overlay purple-pixel-count profile,population iqr across 800 pairs (ddof=0 for population_std),B|C|F|L|T,direct_from_verified_SLICE004_raw_table,PRM104_overlay_phase_profile_batch,PRM104_overlay_phase_profile_values_long.csv,batch_BC_candidate,full58_raw_table_batch_not_selected,confirmed_raw_table_lineage,batch_BC_unselected_block_aware,False,False,False,"PRM104 overlay phase-profile cohort; no y, selection or promotion",58,58,58,U105-BLK-013,1,0,B,LIT-X028,overlay phase-profile/composition analogue only; not a GLCM or full 3D estimator,U105-BLK-013
XREG-v2.7-TECHNICAL,RAW-X036::overlay_purple_pixel_count_mad,RAW-X036,overlay_color_phase_profile,overlay_purple_pixel_count_mad,pixel_count,800-pair overlay purple-pixel-count profile,population mad across 800 pairs (ddof=0 for population_std),B|C|F|L|T,direct_from_verified_SLICE004_raw_table,PRM104_overlay_phase_profile_batch,PRM104_overlay_phase_profile_values_long.csv,batch_BC_candidate,full58_raw_table_batch_not_selected,confirmed_raw_table_lineage,batch_BC_unselected_block_aware,False,False,False,"PRM104 overlay phase-profile cohort; no y, selection or promotion",58,58,57,U105-BLK-001,2,1,B,LIT-X028,overlay phase-profile/composition analogue only; not a GLCM or full 3D estimator,U105-BLK-001
XREG-v2.7-TECHNICAL,RAW-X036::overlay_purple_pixel_count_mean,RAW-X036,overlay_color_phase_profile,overlay_purple_pixel_count_mean,pixel_count,800-pair overlay purple-pixel-count profile,population mean across 800 pairs (ddof=0 for population_std),B|C|F|L|T,direct_from_verified_SLICE004_raw_table,PRM104_overlay_phase_profile_batch,PRM104_overlay_phase_profile_values_long.csv,batch_BC_candidate,full58_raw_table_batch_not_selected,confirmed_raw_table_lineage,batch_BC_unselected_block_aware,False,False,False,"PRM104 overlay phase-profile cohort; no y, selection or promotion",58,58,58,U105-BLK-014,1,0,B,LIT-X028,overlay phase-profile/composition analogue only; not a GLCM or full 3D estimator,U105-BLK-014
XREG-v2.7-TECHNICAL,RAW-X036::overlay_purple_pixel_count_population_std,RAW-X036,overlay_color_phase_profile,overlay_purple_pixel_count_population_std,pixel_count,800-pair overlay purple-pixel-count profile,population population_std across 800 pairs (ddof=0 for population_std),B|C|F|L|T,direct_from_verified_SLICE004_raw_table,PRM104_overlay_phase_profile_batch,PRM104_overlay_phase_profile_values_long.csv,batch_BC_candidate,full58_raw_table_batch_not_selected,confirmed_raw_table_lineage,batch_BC_unselected_block_aware,False,False,False,"PRM104 overlay phase-profile cohort; no y, selection or promotion",58,58,58,U133-BLK-004,4,3,B,LIT-X028,overlay phase-profile/composition analogue only; not a GLCM or full 3D estimator,U133-BLK-004
XREG-v2.7-TECHNICAL,RAW-X036::overlay_purple_pixel_count_q10,RAW-X036,overlay_color_phase_profile,overlay_purple_pixel_count_q10,pixel_count,800-pair overlay purple-pixel-count profile,population q10 across 800 pairs (ddof=0 for population_std),B|C|F|L|T,direct_from_verified_SLICE004_raw_table,PRM104_overlay_phase_profile_batch,PRM104_overlay_phase_profile_values_long.csv,batch_BC_candidate,full58_raw_table_batch_not_selected,confirmed_raw_table_lineage,batch_BC_unselected_block_aware,False,False,False,"PRM104 overlay phase-profile cohort; no y, selection or promotion",58,58,58,U105-BLK-003,2,1,B,LIT-X028,overlay phase-profile/composition analogue only; not a GLCM or full 3D estimator,U105-BLK-003
XREG-v2.7-TECHNICAL,RAW-X036::overlay_purple_pixel_count_q50,RAW-X036,overlay_color_phase_profile,overlay_purple_pixel_count_q50,pixel_count,800-pair overlay purple-pixel-count profile,population q50 across 800 pairs (ddof=0 for population_std),B|C|F|L|T,direct_from_verified_SLICE004_raw_table,PRM104_overlay_phase_profile_batch,PRM104_overlay_phase_profile_values_long.csv,batch_BC_candidate,full58_raw_table_batch_not_selected,confirmed_raw_table_lineage,batch_BC_unselected_block_aware,False,False,False,"PRM104 overlay phase-profile cohort; no y, selection or promotion",58,58,58,U105-BLK-004,2,1,B,LIT-X028,overlay phase-profile/composition analogue only; not a GLCM or full 3D estimator,U105-BLK-004
XREG-v2.7-TECHNICAL,RAW-X036::overlay_purple_pixel_count_q90,RAW-X036,overlay_color_phase_profile,overlay_purple_pixel_count_q90,pixel_count,800-pair overlay purple-pixel-count profile,population q90 across 800 pairs (ddof=0 for population_std),B|C|F|L|T,direct_from_verified_SLICE004_raw_table,PRM104_overlay_phase_profile_batch,PRM104_overlay_phase_profile_values_long.csv,batch_BC_candidate,full58_raw_table_batch_not_selected,confirmed_raw_table_lineage,batch_BC_unselected_block_aware,False,False,False,"PRM104 overlay phase-profile cohort; no y, selection or promotion",58,58,58,U105-BLK-005,2,1,B,LIT-X028,overlay phase-profile/composition analogue only; not a GLCM or full 3D estimator,U105-BLK-005
XREG-v2.7-TECHNICAL,RAW-X036::overlay_red_pixel_count_iqr,RAW-X036,overlay_color_phase_profile,overlay_red_pixel_count_iqr,pixel_count,800-pair overlay red-pixel-count profile,population iqr across 800 pairs (ddof=0 for population_std),B|C|F|L|T,direct_from_verified_SLICE004_raw_table,PRM104_overlay_phase_profile_batch,PRM104_overlay_phase_profile_values_long.csv,batch_BC_candidate,full58_raw_table_batch_not_selected,confirmed_raw_table_lineage,batch_BC_unselected_block_aware,False,False,False,"PRM104 overlay phase-profile cohort; no y, selection or promotion",58,58,57,U105-BLK-006,2,1,B,LIT-X028,overlay phase-profile/composition analogue only; not a GLCM or full 3D estimator,U105-BLK-006
XREG-v2.7-TECHNICAL,RAW-X036::overlay_red_pixel_count_mad,RAW-X036,overlay_color_phase_profile,overlay_red_pixel_count_mad,pixel_count,800-pair overlay red-pixel-count profile,population mad across 800 pairs (ddof=0 for population_std),B|C|F|L|T,direct_from_verified_SLICE004_raw_table,PRM104_overlay_phase_profile_batch,PRM104_overlay_phase_profile_values_long.csv,batch_BC_candidate,full58_raw_table_batch_not_selected,confirmed_raw_table_lineage,batch_BC_unselected_block_aware,False,False,False,"PRM104 overlay phase-profile cohort; no y, selection or promotion",58,58,56,U105-BLK-007,2,1,B,LIT-X028,overlay phase-profile/composition analogue only; not a GLCM or full 3D estimator,U105-BLK-007
XREG-v2.7-TECHNICAL,RAW-X036::overlay_red_pixel_count_mean,RAW-X036,overlay_color_phase_profile,overlay_red_pixel_count_mean,pixel_count,800-pair overlay red-pixel-count profile,population mean across 800 pairs (ddof=0 for population_std),B|C|F|L|T,direct_from_verified_SLICE004_raw_table,PRM104_overlay_phase_profile_batch,PRM104_overlay_phase_profile_values_long.csv,batch_BC_candidate,full58_raw_table_batch_not_selected,confirmed_raw_table_lineage,batch_BC_unselected_block_aware,False,False,False,"PRM104 overlay phase-profile cohort; no y, selection or promotion",58,58,58,U105-BLK-008,2,1,B,LIT-X028,overlay phase-profile/composition analogue only; not a GLCM or full 3D estimator,U105-BLK-008
XREG-v2.7-TECHNICAL,RAW-X036::overlay_red_pixel_count_population_std,RAW-X036,overlay_color_phase_profile,overlay_red_pixel_count_population_std,pixel_count,800-pair overlay red-pixel-count profile,population population_std across 800 pairs (ddof=0 for population_std),B|C|F|L|T,direct_from_verified_SLICE004_raw_table,PRM104_overlay_phase_profile_batch,PRM104_overlay_phase_profile_values_long.csv,batch_BC_candidate,full58_raw_table_batch_not_selected,confirmed_raw_table_lineage,batch_BC_unselected_block_aware,False,False,False,"PRM104 overlay phase-profile cohort; no y, selection or promotion",58,58,58,U123-BLK-001,3,1,B,LIT-X028,overlay phase-profile/composition analogue only; not a GLCM or full 3D estimator,U123-BLK-001
XREG-v2.7-TECHNICAL,RAW-X036::overlay_red_pixel_count_q10,RAW-X036,overlay_color_phase_profile,overlay_red_pixel_count_q10,pixel_count,800-pair overlay red-pixel-count profile,population q10 across 800 pairs (ddof=0 for population_std),B|C|F|L|T,direct_from_verified_SLICE004_raw_table,PRM104_overlay_phase_profile_batch,PRM104_overlay_phase_profile_values_long.csv,batch_BC_candidate,full58_raw_table_batch_not_selected,confirmed_raw_table_lineage,batch_BC_unselected_block_aware,False,False,False,"PRM104 overlay phase-profile cohort; no y, selection or promotion",58,58,49,U105-BLK-010,2,1,B,LIT-X028,overlay phase-profile/composition analogue only; not a GLCM or full 3D estimator,U105-BLK-010
XREG-v2.7-TECHNICAL,RAW-X036::overlay_red_pixel_count_q50,RAW-X036,overlay_color_phase_profile,overlay_red_pixel_count_q50,pixel_count,800-pair overlay red-pixel-count profile,population q50 across 800 pairs (ddof=0 for population_std),B|C|F|L|T,direct_from_verified_SLICE004_raw_table,PRM104_overlay_phase_profile_batch,PRM104_overlay_phase_profile_values_long.csv,batch_BC_candidate,full58_raw_table_batch_not_selected,confirmed_raw_table_lineage,batch_BC_unselected_block_aware,False,False,False,"PRM104 overlay phase-profile cohort; no y, selection or promotion",58,58,56,U105-BLK-011,2,1,B,LIT-X028,overlay phase-profile/composition analogue only; not a GLCM or full 3D estimator,U105-BLK-011
XREG-v2.7-TECHNICAL,RAW-X036::overlay_red_pixel_count_q90,RAW-X036,overlay_color_phase_profile,overlay_red_pixel_count_q90,pixel_count,800-pair overlay red-pixel-count profile,population q90 across 800 pairs (ddof=0 for population_std),B|C|F|L|T,direct_from_verified_SLICE004_raw_table,PRM104_overlay_phase_profile_batch,PRM104_overlay_phase_profile_values_long.csv,batch_BC_candidate,full58_raw_table_batch_not_selected,confirmed_raw_table_lineage,batch_BC_unselected_block_aware,False,False,False,"PRM104 overlay phase-profile cohort; no y, selection or promotion",58,58,57,U105-BLK-012,2,1,B,LIT-X028,overlay phase-profile/composition analogue only; not a GLCM or full 3D estimator,U105-BLK-012
XREG-v2.7-TECHNICAL,RAW-X036::overlay_union_pixel_count_iqr,RAW-X036,overlay_color_phase_profile,overlay_union_pixel_count_iqr,pixel_count,800-pair overlay union-pixel-count profile,population iqr across 800 pairs (ddof=0 for population_std),B|C|F|L|T,direct_from_verified_SLICE004_raw_table,PRM104_overlay_phase_profile_batch,PRM104_overlay_phase_profile_values_long.csv,batch_BC_candidate,full58_raw_table_batch_not_selected,confirmed_raw_table_lineage,batch_BC_unselected_block_aware,False,False,False,"PRM104 overlay phase-profile cohort; no y, selection or promotion",58,58,58,U105-BLK-016,1,0,B,LIT-X028,overlay phase-profile/composition analogue only; not a GLCM or full 3D estimator,U105-BLK-016
XREG-v2.7-TECHNICAL,RAW-X036::overlay_union_pixel_count_mean,RAW-X036,overlay_color_phase_profile,overlay_union_pixel_count_mean,pixel_count,800-pair overlay union-pixel-count profile,population mean across 800 pairs (ddof=0 for population_std),B|C|F|L|T,direct_from_verified_SLICE004_raw_table,PRM104_overlay_phase_profile_batch,PRM104_overlay_phase_profile_values_long.csv,batch_BC_candidate,full58_raw_table_batch_not_selected,confirmed_raw_table_lineage,batch_BC_unselected_block_aware,False,False,False,"PRM104 overlay phase-profile cohort; no y, selection or promotion",58,58,58,U105-BLK-017,1,0,B,LIT-X028,overlay phase-profile/composition analogue only; not a GLCM or full 3D estimator,U105-BLK-017
XREG-v2.7-TECHNICAL,RAW-X036::overlay_union_pixel_count_population_std,RAW-X036,overlay_color_phase_profile,overlay_union_pixel_count_population_std,pixel_count,800-pair overlay union-pixel-count profile,population population_std across 800 pairs (ddof=0 for population_std),B|C|F|L|T,direct_from_verified_SLICE004_raw_table,PRM104_overlay_phase_profile_batch,PRM104_overlay_phase_profile_values_long.csv,batch_BC_candidate,full58_raw_table_batch_not_selected,confirmed_raw_table_lineage,batch_BC_unselected_block_aware,False,False,False,"PRM104 overlay phase-profile cohort; no y, selection or promotion",58,58,58,U133-BLK-004,4,3,B,LIT-X028,overlay phase-profile/composition analogue only; not a GLCM or full 3D estimator,U133-BLK-004
XREG-v2.7-TECHNICAL,RAW-X036::overlay_union_pixel_count_q50,RAW-X036,overlay_color_phase_profile,overlay_union_pixel_count_q50,pixel_count,800-pair overlay union-pixel-count profile,population q50 across 800 pairs (ddof=0 for population_std),B|C|F|L|T,direct_from_verified_SLICE004_raw_table,PRM104_overlay_phase_profile_batch,PRM104_overlay_phase_profile_values_long.csv,batch_BC_candidate,full58_raw_table_batch_not_selected,confirmed_raw_table_lineage,batch_BC_unselected_block_aware,False,False,False,"PRM104 overlay phase-profile cohort; no y, selection or promotion",58,58,58,U105-BLK-018,1,0,B,LIT-X028,overlay phase-profile/composition analogue only; not a GLCM or full 3D estimator,U105-BLK-018
XREG-v2.7-TECHNICAL,RAW-X037::overlay_blue_fraction_mean,RAW-X037,overlay_color_phase_composition,overlay_blue_fraction_mean,dimensionless_fraction,800-pair overlay blue/union phase-fraction profile,mean(blue_pixel_count / union_pixel_count) across 800 pairs; positive denominator verified,B|C|F|L|T,derived_from_verified_SLICE004_profile,PRM104_overlay_phase_profile_batch,PRM104_overlay_phase_profile_values_long.csv,batch_BC_candidate,full58_raw_table_batch_not_selected,confirmed_raw_table_lineage,batch_BC_unselected_block_aware,False,False,False,"PRM104 overlay phase-profile cohort; no y, selection or promotion",58,58,58,U105-BLK-019,3,2,C,LIT-X028,overlay phase-profile/composition analogue only; not a GLCM or full 3D estimator,U105-BLK-019
XREG-v2.7-TECHNICAL,RAW-X037::overlay_purple_fraction_mean,RAW-X037,overlay_color_phase_composition,overlay_purple_fraction_mean,dimensionless_fraction,800-pair overlay purple/union phase-fraction profile,mean(purple_pixel_count / union_pixel_count) across 800 pairs; positive denominator verified,B|C|F|L|T,derived_from_verified_SLICE004_profile,PRM104_overlay_phase_profile_batch,PRM104_overlay_phase_profile_values_long.csv,batch_BC_candidate,full58_raw_table_batch_not_selected,confirmed_raw_table_lineage,batch_BC_unselected_block_aware,False,False,False,"PRM104 overlay phase-profile cohort; no y, selection or promotion",58,58,58,U105-BLK-019,3,2,C,LIT-X028,overlay phase-profile/composition analogue only; not a GLCM or full 3D estimator,U105-BLK-019
XREG-v2.7-TECHNICAL,RAW-X037::overlay_red_fraction_mean,RAW-X037,overlay_color_phase_composition,overlay_red_fraction_mean,dimensionless_fraction,800-pair overlay red/union phase-fraction profile,mean(red_pixel_count / union_pixel_count) across 800 pairs; positive denominator verified,B|C|F|L|T,derived_from_verified_SLICE004_profile,PRM104_overlay_phase_profile_batch,PRM104_overlay_phase_profile_values_long.csv,batch_BC_candidate,full58_raw_table_batch_not_selected,confirmed_raw_table_lineage,batch_BC_unselected_block_aware,False,False,False,"PRM104 overlay phase-profile cohort; no y, selection or promotion",58,58,58,U105-BLK-019,3,2,C,LIT-X028,overlay phase-profile/composition analogue only; not a GLCM or full 3D estimator,U105-BLK-019
XREG-v2.7-TECHNICAL,RAW-X038::slice_component_count_excess_kurtosis,RAW-X038,slice_profile_shape,slice_component_count_excess_kurtosis,dimensionless,801-slice connected-component-count profile,fourth central moment / population variance^2 - 3,B|C|F|L|T,direct_from_verified_SLICE004_raw_table,PRM106_profile_dynamics_batch,PRM106_profile_dynamics_values_long.csv,batch_BC_candidate,full58_raw_table_batch_not_selected,confirmed_raw_table_lineage,batch_BC_unselected_block_aware,False,False,False,"PRM106 profile-dynamics cohort; no y, selection or promotion",58,58,57,U135-BLK-003,4,3,B,LIT-X033,1D slice/overlay profile dynamics analogue only; not a full 3D estimator,U135-BLK-003
XREG-v2.7-TECHNICAL,RAW-X038::slice_component_count_moment_skewness,RAW-X038,slice_profile_shape,slice_component_count_moment_skewness,dimensionless,801-slice connected-component-count profile,third central moment / population std^3,B|C|F|L|T,direct_from_verified_SLICE004_raw_table,PRM106_profile_dynamics_batch,PRM106_profile_dynamics_values_long.csv,batch_BC_candidate,full58_raw_table_batch_not_selected,confirmed_raw_table_lineage,batch_BC_unselected_block_aware,False,False,False,"PRM106 profile-dynamics cohort; no y, selection or promotion",58,58,57,U135-BLK-004,4,3,B,LIT-X033,1D slice/overlay profile dynamics analogue only; not a full 3D estimator,U135-BLK-004
XREG-v2.7-TECHNICAL,RAW-X038::slice_component_count_peak_to_mean,RAW-X038,slice_profile_shape,slice_component_count_peak_to_mean,dimensionless,801-slice connected-component-count profile,max(profile) / mean(profile),B|C|F|L|T,derived_from_verified_SLICE004_profile,PRM106_profile_dynamics_batch,PRM106_profile_dynamics_values_long.csv,batch_BC_candidate,full58_raw_table_batch_not_selected,confirmed_raw_table_lineage,batch_BC_unselected_block_aware,False,False,False,"PRM106 profile-dynamics cohort; no y, selection or promotion",58,58,57,U107-BLK-005,2,1,C,LIT-X033,1D slice/overlay profile dynamics analogue only; not a full 3D estimator,U107-BLK-005
XREG-v2.7-TECHNICAL,RAW-X038::slice_component_count_range_over_mean,RAW-X038,slice_profile_shape,slice_component_count_range_over_mean,dimensionless,801-slice connected-component-count profile,(max(profile) - min(profile)) / mean(profile),B|C|F|L|T,derived_from_verified_SLICE004_profile,PRM106_profile_dynamics_batch,PRM106_profile_dynamics_values_long.csv,batch_BC_candidate,full58_raw_table_batch_not_selected,confirmed_raw_table_lineage,batch_BC_unselected_block_aware,False,False,False,"PRM106 profile-dynamics cohort; no y, selection or promotion",58,58,57,U107-BLK-005,2,1,C,LIT-X033,1D slice/overlay profile dynamics analogue only; not a full 3D estimator,U107-BLK-005
XREG-v2.7-TECHNICAL,RAW-X038::slice_material_area_excess_kurtosis,RAW-X038,slice_profile_shape,slice_material_area_excess_kurtosis,dimensionless,801-slice material-area profile,fourth central moment / population variance^2 - 3,B|C|F|L|T,direct_from_verified_SLICE004_raw_table,PRM106_profile_dynamics_batch,PRM106_profile_dynamics_values_long.csv,batch_BC_candidate,full58_raw_table_batch_not_selected,confirmed_raw_table_lineage,batch_BC_unselected_block_aware,False,False,False,"PRM106 profile-dynamics cohort; no y, selection or promotion",58,58,58,U133-BLK-007,2,1,B,LIT-X033,1D slice/overlay profile dynamics analogue only; not a full 3D estimator,U133-BLK-007
XREG-v2.7-TECHNICAL,RAW-X038::slice_material_area_moment_skewness,RAW-X038,slice_profile_shape,slice_material_area_moment_skewness,dimensionless,801-slice material-area profile,third central moment / population std^3,B|C|F|L|T,direct_from_verified_SLICE004_raw_table,PRM106_profile_dynamics_batch,PRM106_profile_dynamics_values_long.csv,batch_BC_candidate,full58_raw_table_batch_not_selected,confirmed_raw_table_lineage,batch_BC_unselected_block_aware,False,False,False,"PRM106 profile-dynamics cohort; no y, selection or promotion",58,58,58,U133-BLK-008,2,1,B,LIT-X033,1D slice/overlay profile dynamics analogue only; not a full 3D estimator,U133-BLK-008
XREG-v2.7-TECHNICAL,RAW-X038::slice_material_area_peak_to_mean,RAW-X038,slice_profile_shape,slice_material_area_peak_to_mean,dimensionless,801-slice material-area profile,max(profile) / mean(profile),B|C|F|L|T,derived_from_verified_SLICE004_profile,PRM106_profile_dynamics_batch,PRM106_profile_dynamics_values_long.csv,batch_BC_candidate,full58_raw_table_batch_not_selected,confirmed_raw_table_lineage,batch_BC_unselected_block_aware,False,False,False,"PRM106 profile-dynamics cohort; no y, selection or promotion",58,58,58,U107-BLK-008,2,1,C,LIT-X033,1D slice/overlay profile dynamics analogue only; not a full 3D estimator,U107-BLK-008
XREG-v2.7-TECHNICAL,RAW-X038::slice_material_area_range_over_mean,RAW-X038,slice_profile_shape,slice_material_area_range_over_mean,dimensionless,801-slice material-area profile,(max(profile) - min(profile)) / mean(profile),B|C|F|L|T,derived_from_verified_SLICE004_profile,PRM106_profile_dynamics_batch,PRM106_profile_dynamics_values_long.csv,batch_BC_candidate,full58_raw_table_batch_not_selected,confirmed_raw_table_lineage,batch_BC_unselected_block_aware,False,False,False,"PRM106 profile-dynamics cohort; no y, selection or promotion",58,58,58,U107-BLK-008,2,1,C,LIT-X033,1D slice/overlay profile dynamics analogue only; not a full 3D estimator,U107-BLK-008
XREG-v2.7-TECHNICAL,RAW-X039::overlay_blue_pixel_count_lag1_autocorr,RAW-X039,overlay_phase_profile_dynamics,overlay_blue_pixel_count_lag1_autocorr,dimensionless,800-pair overlay blue-pixel-count profile,lag-1 Pearson autocorrelation across consecutive overlay pairs,B|C|F|L|T,derived_from_verified_SLICE004_profile,PRM106_profile_dynamics_batch,PRM106_profile_dynamics_values_long.csv,batch_BC_candidate,full58_raw_table_batch_not_selected,confirmed_raw_table_lineage,batch_BC_unselected_block_aware,False,False,False,"PRM106 profile-dynamics cohort; no y, selection or promotion",58,58,58,U107-BLK-009,1,0,C,LIT-X028,1D slice/overlay profile dynamics analogue only; not a full 3D estimator,U107-BLK-009
XREG-v2.7-TECHNICAL,RAW-X039::overlay_blue_pixel_count_normalized_total_variation,RAW-X039,overlay_phase_profile_dynamics,overlay_blue_pixel_count_normalized_total_variation,dimensionless,800-pair overlay blue-pixel-count profile,mean(abs(adjacent difference)) / mean(abs(profile)),B|C|F|L|T,derived_from_verified_SLICE004_profile,PRM106_profile_dynamics_batch,PRM106_profile_dynamics_values_long.csv,batch_BC_candidate,full58_raw_table_batch_not_selected,confirmed_raw_table_lineage,batch_BC_unselected_block_aware,False,False,False,"PRM106 profile-dynamics cohort; no y, selection or promotion",58,58,58,U107-BLK-010,2,1,C,LIT-X028,1D slice/overlay profile dynamics analogue only; not a full 3D estimator,U107-BLK-010
XREG-v2.7-TECHNICAL,RAW-X039::overlay_purple_pixel_count_lag1_autocorr,RAW-X039,overlay_phase_profile_dynamics,overlay_purple_pixel_count_lag1_autocorr,dimensionless,800-pair overlay purple-pixel-count profile,lag-1 Pearson autocorrelation across consecutive overlay pairs,B|C|F|L|T,derived_from_verified_SLICE004_profile,PRM106_profile_dynamics_batch,PRM106_profile_dynamics_values_long.csv,batch_BC_candidate,full58_raw_table_batch_not_selected,confirmed_raw_table_lineage,batch_BC_unselected_block_aware,False,False,False,"PRM106 profile-dynamics cohort; no y, selection or promotion",58,58,58,U107-BLK-011,1,0,C,LIT-X028,1D slice/overlay profile dynamics analogue only; not a full 3D estimator,U107-BLK-011
XREG-v2.7-TECHNICAL,RAW-X039::overlay_purple_pixel_count_normalized_total_variation,RAW-X039,overlay_phase_profile_dynamics,overlay_purple_pixel_count_normalized_total_variation,dimensionless,800-pair overlay purple-pixel-count profile,mean(abs(adjacent difference)) / mean(abs(profile)),B|C|F|L|T,derived_from_verified_SLICE004_profile,PRM106_profile_dynamics_batch,PRM106_profile_dynamics_values_long.csv,batch_BC_candidate,full58_raw_table_batch_not_selected,confirmed_raw_table_lineage,batch_BC_unselected_block_aware,False,False,False,"PRM106 profile-dynamics cohort; no y, selection or promotion",58,58,58,U107-BLK-012,1,0,C,LIT-X028,1D slice/overlay profile dynamics analogue only; not a full 3D estimator,U107-BLK-012
XREG-v2.7-TECHNICAL,RAW-X039::overlay_red_pixel_count_lag1_autocorr,RAW-X039,overlay_phase_profile_dynamics,overlay_red_pixel_count_lag1_autocorr,dimensionless,800-pair overlay red-pixel-count profile,lag-1 Pearson autocorrelation across consecutive overlay pairs,B|C|F|L|T,derived_from_verified_SLICE004_profile,PRM106_profile_dynamics_batch,PRM106_profile_dynamics_values_long.csv,batch_BC_candidate,full58_raw_table_batch_not_selected,confirmed_raw_table_lineage,batch_BC_unselected_block_aware,False,False,False,"PRM106 profile-dynamics cohort; no y, selection or promotion",58,58,58,U107-BLK-013,1,0,C,LIT-X028,1D slice/overlay profile dynamics analogue only; not a full 3D estimator,U107-BLK-013
XREG-v2.7-TECHNICAL,RAW-X039::overlay_red_pixel_count_normalized_total_variation,RAW-X039,overlay_phase_profile_dynamics,overlay_red_pixel_count_normalized_total_variation,dimensionless,800-pair overlay red-pixel-count profile,mean(abs(adjacent difference)) / mean(abs(profile)),B|C|F|L|T,derived_from_verified_SLICE004_profile,PRM106_profile_dynamics_batch,PRM106_profile_dynamics_values_long.csv,batch_BC_candidate,full58_raw_table_batch_not_selected,confirmed_raw_table_lineage,batch_BC_unselected_block_aware,False,False,False,"PRM106 profile-dynamics cohort; no y, selection or promotion",58,58,58,U107-BLK-010,2,1,C,LIT-X028,1D slice/overlay profile dynamics analogue only; not a full 3D estimator,U107-BLK-010
XREG-v2.7-TECHNICAL,RAW-X039::overlay_union_pixel_count_lag1_autocorr,RAW-X039,overlay_phase_profile_dynamics,overlay_union_pixel_count_lag1_autocorr,dimensionless,800-pair overlay union-pixel-count profile,lag-1 Pearson autocorrelation across consecutive overlay pairs,B|C|F|L|T,derived_from_verified_SLICE004_profile,PRM106_profile_dynamics_batch,PRM106_profile_dynamics_values_long.csv,batch_BC_candidate,full58_raw_table_batch_not_selected,confirmed_raw_table_lineage,batch_BC_unselected_block_aware,False,False,False,"PRM106 profile-dynamics cohort; no y, selection or promotion",58,58,58,U107-BLK-001,2,1,C,LIT-X028,1D slice/overlay profile dynamics analogue only; not a full 3D estimator,U107-BLK-001
XREG-v2.7-TECHNICAL,RAW-X039::overlay_union_pixel_count_normalized_total_variation,RAW-X039,overlay_phase_profile_dynamics,overlay_union_pixel_count_normalized_total_variation,dimensionless,800-pair overlay union-pixel-count profile,mean(abs(adjacent difference)) / mean(abs(profile)),B|C|F|L|T,derived_from_verified_SLICE004_profile,PRM106_profile_dynamics_batch,PRM106_profile_dynamics_values_long.csv,batch_BC_candidate,full58_raw_table_batch_not_selected,confirmed_raw_table_lineage,batch_BC_unselected_block_aware,False,False,False,"PRM106 profile-dynamics cohort; no y, selection or promotion",58,58,58,U107-BLK-002,2,1,C,LIT-X028,1D slice/overlay profile dynamics analogue only; not a full 3D estimator,U107-BLK-002
XREG-v2.7-TECHNICAL,RAW-X040::overlay_blue_fraction_lag1_autocorr,RAW-X040,overlay_phase_fraction_dynamics,overlay_blue_fraction_lag1_autocorr,dimensionless,800-pair overlay blue/union phase-fraction profile,lag-1 Pearson autocorrelation across consecutive phase fractions,B|C|F|L|T,derived_from_verified_SLICE004_profile,PRM106_profile_dynamics_batch,PRM106_profile_dynamics_values_long.csv,batch_BC_candidate,full58_raw_table_batch_not_selected,confirmed_raw_table_lineage,batch_BC_unselected_block_aware,False,False,False,"PRM106 profile-dynamics cohort; no y, selection or promotion",58,58,58,U107-BLK-014,1,0,C,LIT-X028,1D slice/overlay profile dynamics analogue only; not a full 3D estimator,U107-BLK-014
XREG-v2.7-TECHNICAL,RAW-X040::overlay_blue_fraction_population_std,RAW-X040,overlay_phase_fraction_dynamics,overlay_blue_fraction_population_std,dimensionless,800-pair overlay blue/union phase-fraction profile,population std across 800 phase fractions (ddof=0),B|C|F|L|T,derived_from_verified_SLICE004_profile,PRM106_profile_dynamics_batch,PRM106_profile_dynamics_values_long.csv,batch_BC_candidate,full58_raw_table_batch_not_selected,confirmed_raw_table_lineage,batch_BC_unselected_block_aware,False,False,False,"PRM106 profile-dynamics cohort; no y, selection or promotion",58,58,58,U107-BLK-015,1,0,C,LIT-X028,1D slice/overlay profile dynamics analogue only; not a full 3D estimator,U107-BLK-015
XREG-v2.7-TECHNICAL,RAW-X040::overlay_purple_fraction_lag1_autocorr,RAW-X040,overlay_phase_fraction_dynamics,overlay_purple_fraction_lag1_autocorr,dimensionless,800-pair overlay purple/union phase-fraction profile,lag-1 Pearson autocorrelation across consecutive phase fractions,B|C|F|L|T,derived_from_verified_SLICE004_profile,PRM106_profile_dynamics_batch,PRM106_profile_dynamics_values_long.csv,batch_BC_candidate,full58_raw_table_batch_not_selected,confirmed_raw_table_lineage,batch_BC_unselected_block_aware,False,False,False,"PRM106 profile-dynamics cohort; no y, selection or promotion",58,58,58,U107-BLK-016,1,0,C,LIT-X028,1D slice/overlay profile dynamics analogue only; not a full 3D estimator,U107-BLK-016
XREG-v2.7-TECHNICAL,RAW-X040::overlay_purple_fraction_population_std,RAW-X040,overlay_phase_fraction_dynamics,overlay_purple_fraction_population_std,dimensionless,800-pair overlay purple/union phase-fraction profile,population std across 800 phase fractions (ddof=0),B|C|F|L|T,derived_from_verified_SLICE004_profile,PRM106_profile_dynamics_batch,PRM106_profile_dynamics_values_long.csv,batch_BC_candidate,full58_raw_table_batch_not_selected,confirmed_raw_table_lineage,batch_BC_unselected_block_aware,False,False,False,"PRM106 profile-dynamics cohort; no y, selection or promotion",58,58,58,U147-BLK-001,3,2,C,LIT-X028,1D slice/overlay profile dynamics analogue only; not a full 3D estimator,U147-BLK-001
XREG-v2.7-TECHNICAL,RAW-X040::overlay_red_fraction_lag1_autocorr,RAW-X040,overlay_phase_fraction_dynamics,overlay_red_fraction_lag1_autocorr,dimensionless,800-pair overlay red/union phase-fraction profile,lag-1 Pearson autocorrelation across consecutive phase fractions,B|C|F|L|T,derived_from_verified_SLICE004_profile,PRM106_profile_dynamics_batch,PRM106_profile_dynamics_values_long.csv,batch_BC_candidate,full58_raw_table_batch_not_selected,confirmed_raw_table_lineage,batch_BC_unselected_block_aware,False,False,False,"PRM106 profile-dynamics cohort; no y, selection or promotion",58,58,58,U107-BLK-018,1,0,C,LIT-X028,1D slice/overlay profile dynamics analogue only; not a full 3D estimator,U107-BLK-018
XREG-v2.7-TECHNICAL,RAW-X040::overlay_red_fraction_population_std,RAW-X040,overlay_phase_fraction_dynamics,overlay_red_fraction_population_std,dimensionless,800-pair overlay red/union phase-fraction profile,population std across 800 phase fractions (ddof=0),B|C|F|L|T,derived_from_verified_SLICE004_profile,PRM106_profile_dynamics_batch,PRM106_profile_dynamics_values_long.csv,batch_BC_candidate,full58_raw_table_batch_not_selected,confirmed_raw_table_lineage,batch_BC_unselected_block_aware,False,False,False,"PRM106 profile-dynamics cohort; no y, selection or promotion",58,58,58,U107-BLK-019,1,0,C,LIT-X028,1D slice/overlay profile dynamics analogue only; not a full 3D estimator,U107-BLK-019
XREG-v2.7-TECHNICAL,RAW-X041::slice_component_count_normalized_axial_centroid,RAW-X041,slice_axial_distribution,slice_component_count_normalized_axial_centroid,dimensionless,801-row slice_component_count ordered profile,"sum(weight*z_norm)/sum(weight), z_norm in [0,1]",B|C|F|L|T,direct_from_verified_SLICE004_raw_table,PRM108_axial_distribution_symmetry_batch,PRM108_axial_distribution_symmetry_values_long.csv,batch_BC_candidate,full58_raw_table_batch_not_selected,confirmed_raw_table_lineage,batch_BC_unselected_block_aware,False,False,False,"PRM108 axial distribution/reflection-symmetry cohort; no y, selection or promotion",58,58,58,U109-BLK-001,1,0,B,LIT-X033,normalized 1D axial distribution/symmetry analogue only; not a full 3D estimator,U109-BLK-001
XREG-v2.7-TECHNICAL,RAW-X041::slice_component_count_normalized_axial_spread,RAW-X041,slice_axial_distribution,slice_component_count_normalized_axial_spread,dimensionless,801-row slice_component_count ordered profile,sqrt(sum(weight*(z_norm-centroid)^2)/sum(weight)),B|C|F|L|T,direct_from_verified_SLICE004_raw_table,PRM108_axial_distribution_symmetry_batch,PRM108_axial_distribution_symmetry_values_long.csv,batch_BC_candidate,full58_raw_table_batch_not_selected,confirmed_raw_table_lineage,batch_BC_unselected_block_aware,False,False,False,"PRM108 axial distribution/reflection-symmetry cohort; no y, selection or promotion",58,58,58,U109-BLK-002,1,0,B,LIT-X033,normalized 1D axial distribution/symmetry analogue only; not a full 3D estimator,U109-BLK-002
XREG-v2.7-TECHNICAL,RAW-X041::slice_material_area_normalized_axial_centroid,RAW-X041,slice_axial_distribution,slice_material_area_normalized_axial_centroid,dimensionless,801-row slice_material_area ordered profile,"sum(weight*z_norm)/sum(weight), z_norm in [0,1]",B|C|F|L|T,direct_from_verified_SLICE004_raw_table,PRM108_axial_distribution_symmetry_batch,PRM108_axial_distribution_symmetry_values_long.csv,batch_BC_candidate,full58_raw_table_batch_not_selected,confirmed_raw_table_lineage,batch_BC_unselected_block_aware,False,False,False,"PRM108 axial distribution/reflection-symmetry cohort; no y, selection or promotion",58,58,58,U109-BLK-003,1,0,B,LIT-X033,normalized 1D axial distribution/symmetry analogue only; not a full 3D estimator,U109-BLK-003
XREG-v2.7-TECHNICAL,RAW-X041::slice_material_area_normalized_axial_spread,RAW-X041,slice_axial_distribution,slice_material_area_normalized_axial_spread,dimensionless,801-row slice_material_area ordered profile,sqrt(sum(weight*(z_norm-centroid)^2)/sum(weight)),B|C|F|L|T,direct_from_verified_SLICE004_raw_table,PRM108_axial_distribution_symmetry_batch,PRM108_axial_distribution_symmetry_values_long.csv,batch_BC_candidate,full58_raw_table_batch_not_selected,confirmed_raw_table_lineage,batch_BC_unselected_block_aware,False,False,False,"PRM108 axial distribution/reflection-symmetry cohort; no y, selection or promotion",58,58,58,U109-BLK-004,1,0,B,LIT-X033,normalized 1D axial distribution/symmetry analogue only; not a full 3D estimator,U109-BLK-004
XREG-v2.7-TECHNICAL,RAW-X042::overlay_blue_pixel_count_normalized_axial_centroid,RAW-X042,overlay_axial_distribution,overlay_blue_pixel_count_normalized_axial_centroid,dimensionless,800-pair overlay blue-pixel-count ordered profile,"sum(weight*z_norm)/sum(weight), z_norm in [0,1]",B|C|F|L|T,direct_from_verified_SLICE004_raw_table,PRM108_axial_distribution_symmetry_batch,PRM108_axial_distribution_symmetry_values_long.csv,batch_BC_candidate,full58_raw_table_batch_not_selected,confirmed_raw_table_lineage,batch_BC_unselected_block_aware,False,False,False,"PRM108 axial distribution/reflection-symmetry cohort; no y, selection or promotion",58,58,58,U109-BLK-005,1,0,B,LIT-X028,normalized 1D axial distribution/symmetry analogue only; not a full 3D estimator,U109-BLK-005
XREG-v2.7-TECHNICAL,RAW-X042::overlay_blue_pixel_count_normalized_axial_spread,RAW-X042,overlay_axial_distribution,overlay_blue_pixel_count_normalized_axial_spread,dimensionless,800-pair overlay blue-pixel-count ordered profile,sqrt(sum(weight*(z_norm-centroid)^2)/sum(weight)),B|C|F|L|T,direct_from_verified_SLICE004_raw_table,PRM108_axial_distribution_symmetry_batch,PRM108_axial_distribution_symmetry_values_long.csv,batch_BC_candidate,full58_raw_table_batch_not_selected,confirmed_raw_table_lineage,batch_BC_unselected_block_aware,False,False,False,"PRM108 axial distribution/reflection-symmetry cohort; no y, selection or promotion",58,58,58,U109-BLK-006,1,0,B,LIT-X028,normalized 1D axial distribution/symmetry analogue only; not a full 3D estimator,U109-BLK-006
XREG-v2.7-TECHNICAL,RAW-X042::overlay_purple_pixel_count_normalized_axial_centroid,RAW-X042,overlay_axial_distribution,overlay_purple_pixel_count_normalized_axial_centroid,dimensionless,800-pair overlay purple-pixel-count ordered profile,"sum(weight*z_norm)/sum(weight), z_norm in [0,1]",B|C|F|L|T,direct_from_verified_SLICE004_raw_table,PRM108_axial_distribution_symmetry_batch,PRM108_axial_distribution_symmetry_values_long.csv,batch_BC_candidate,full58_raw_table_batch_not_selected,confirmed_raw_table_lineage,batch_BC_unselected_block_aware,False,False,False,"PRM108 axial distribution/reflection-symmetry cohort; no y, selection or promotion",58,58,58,U109-BLK-007,1,0,B,LIT-X028,normalized 1D axial distribution/symmetry analogue only; not a full 3D estimator,U109-BLK-007
XREG-v2.7-TECHNICAL,RAW-X042::overlay_purple_pixel_count_normalized_axial_spread,RAW-X042,overlay_axial_distribution,overlay_purple_pixel_count_normalized_axial_spread,dimensionless,800-pair overlay purple-pixel-count ordered profile,sqrt(sum(weight*(z_norm-centroid)^2)/sum(weight)),B|C|F|L|T,direct_from_verified_SLICE004_raw_table,PRM108_axial_distribution_symmetry_batch,PRM108_axial_distribution_symmetry_values_long.csv,batch_BC_candidate,full58_raw_table_batch_not_selected,confirmed_raw_table_lineage,batch_BC_unselected_block_aware,False,False,False,"PRM108 axial distribution/reflection-symmetry cohort; no y, selection or promotion",58,58,58,U109-BLK-008,1,0,B,LIT-X028,normalized 1D axial distribution/symmetry analogue only; not a full 3D estimator,U109-BLK-008
XREG-v2.7-TECHNICAL,RAW-X042::overlay_red_pixel_count_normalized_axial_centroid,RAW-X042,overlay_axial_distribution,overlay_red_pixel_count_normalized_axial_centroid,dimensionless,800-pair overlay red-pixel-count ordered profile,"sum(weight*z_norm)/sum(weight), z_norm in [0,1]",B|C|F|L|T,direct_from_verified_SLICE004_raw_table,PRM108_axial_distribution_symmetry_batch,PRM108_axial_distribution_symmetry_values_long.csv,batch_BC_candidate,full58_raw_table_batch_not_selected,confirmed_raw_table_lineage,batch_BC_unselected_block_aware,False,False,False,"PRM108 axial distribution/reflection-symmetry cohort; no y, selection or promotion",58,58,58,U109-BLK-009,1,0,B,LIT-X028,normalized 1D axial distribution/symmetry analogue only; not a full 3D estimator,U109-BLK-009
XREG-v2.7-TECHNICAL,RAW-X042::overlay_red_pixel_count_normalized_axial_spread,RAW-X042,overlay_axial_distribution,overlay_red_pixel_count_normalized_axial_spread,dimensionless,800-pair overlay red-pixel-count ordered profile,sqrt(sum(weight*(z_norm-centroid)^2)/sum(weight)),B|C|F|L|T,direct_from_verified_SLICE004_raw_table,PRM108_axial_distribution_symmetry_batch,PRM108_axial_distribution_symmetry_values_long.csv,batch_BC_candidate,full58_raw_table_batch_not_selected,confirmed_raw_table_lineage,batch_BC_unselected_block_aware,False,False,False,"PRM108 axial distribution/reflection-symmetry cohort; no y, selection or promotion",58,58,58,U109-BLK-010,1,0,B,LIT-X028,normalized 1D axial distribution/symmetry analogue only; not a full 3D estimator,U109-BLK-010
XREG-v2.7-TECHNICAL,RAW-X042::overlay_union_pixel_count_normalized_axial_centroid,RAW-X042,overlay_axial_distribution,overlay_union_pixel_count_normalized_axial_centroid,dimensionless,800-pair overlay union-pixel-count ordered profile,"sum(weight*z_norm)/sum(weight), z_norm in [0,1]",B|C|F|L|T,direct_from_verified_SLICE004_raw_table,PRM108_axial_distribution_symmetry_batch,PRM108_axial_distribution_symmetry_values_long.csv,batch_BC_candidate,full58_raw_table_batch_not_selected,confirmed_raw_table_lineage,batch_BC_unselected_block_aware,False,False,False,"PRM108 axial distribution/reflection-symmetry cohort; no y, selection or promotion",58,58,58,U109-BLK-011,1,0,B,LIT-X028,normalized 1D axial distribution/symmetry analogue only; not a full 3D estimator,U109-BLK-011
XREG-v2.7-TECHNICAL,RAW-X042::overlay_union_pixel_count_normalized_axial_spread,RAW-X042,overlay_axial_distribution,overlay_union_pixel_count_normalized_axial_spread,dimensionless,800-pair overlay union-pixel-count ordered profile,sqrt(sum(weight*(z_norm-centroid)^2)/sum(weight)),B|C|F|L|T,direct_from_verified_SLICE004_raw_table,PRM108_axial_distribution_symmetry_batch,PRM108_axial_distribution_symmetry_values_long.csv,batch_BC_candidate,full58_raw_table_batch_not_selected,confirmed_raw_table_lineage,batch_BC_unselected_block_aware,False,False,False,"PRM108 axial distribution/reflection-symmetry cohort; no y, selection or promotion",58,58,58,U109-BLK-012,1,0,B,LIT-X028,normalized 1D axial distribution/symmetry analogue only; not a full 3D estimator,U109-BLK-012
XREG-v2.7-TECHNICAL,RAW-X043::overlay_blue_fraction_normalized_axial_centroid,RAW-X043,overlay_fraction_axial_distribution,overlay_blue_fraction_normalized_axial_centroid,dimensionless,800-pair overlay blue/union phase-fraction ordered profile,"sum(fraction*z_norm)/sum(fraction), z_norm in [0,1]",B|C|F|L|T,derived_from_verified_SLICE004_profile,PRM108_axial_distribution_symmetry_batch,PRM108_axial_distribution_symmetry_values_long.csv,batch_BC_candidate,full58_raw_table_batch_not_selected,confirmed_raw_table_lineage,batch_BC_unselected_block_aware,False,False,False,"PRM108 axial distribution/reflection-symmetry cohort; no y, selection or promotion",58,58,58,U109-BLK-013,1,0,C,LIT-X028,normalized 1D axial distribution/symmetry analogue only; not a full 3D estimator,U109-BLK-013
XREG-v2.7-TECHNICAL,RAW-X043::overlay_blue_fraction_normalized_axial_spread,RAW-X043,overlay_fraction_axial_distribution,overlay_blue_fraction_normalized_axial_spread,dimensionless,800-pair overlay blue/union phase-fraction ordered profile,sqrt(sum(fraction*(z_norm-centroid)^2)/sum(fraction)),B|C|F|L|T,derived_from_verified_SLICE004_profile,PRM108_axial_distribution_symmetry_batch,PRM108_axial_distribution_symmetry_values_long.csv,batch_BC_candidate,full58_raw_table_batch_not_selected,confirmed_raw_table_lineage,batch_BC_unselected_block_aware,False,False,False,"PRM108 axial distribution/reflection-symmetry cohort; no y, selection or promotion",58,58,58,U109-BLK-014,1,0,C,LIT-X028,normalized 1D axial distribution/symmetry analogue only; not a full 3D estimator,U109-BLK-014
XREG-v2.7-TECHNICAL,RAW-X043::overlay_purple_fraction_normalized_axial_centroid,RAW-X043,overlay_fraction_axial_distribution,overlay_purple_fraction_normalized_axial_centroid,dimensionless,800-pair overlay purple/union phase-fraction ordered profile,"sum(fraction*z_norm)/sum(fraction), z_norm in [0,1]",B|C|F|L|T,derived_from_verified_SLICE004_profile,PRM108_axial_distribution_symmetry_batch,PRM108_axial_distribution_symmetry_values_long.csv,batch_BC_candidate,full58_raw_table_batch_not_selected,confirmed_raw_table_lineage,batch_BC_unselected_block_aware,False,False,False,"PRM108 axial distribution/reflection-symmetry cohort; no y, selection or promotion",58,58,58,U109-BLK-015,1,0,C,LIT-X028,normalized 1D axial distribution/symmetry analogue only; not a full 3D estimator,U109-BLK-015
XREG-v2.7-TECHNICAL,RAW-X043::overlay_purple_fraction_normalized_axial_spread,RAW-X043,overlay_fraction_axial_distribution,overlay_purple_fraction_normalized_axial_spread,dimensionless,800-pair overlay purple/union phase-fraction ordered profile,sqrt(sum(fraction*(z_norm-centroid)^2)/sum(fraction)),B|C|F|L|T,derived_from_verified_SLICE004_profile,PRM108_axial_distribution_symmetry_batch,PRM108_axial_distribution_symmetry_values_long.csv,batch_BC_candidate,full58_raw_table_batch_not_selected,confirmed_raw_table_lineage,batch_BC_unselected_block_aware,False,False,False,"PRM108 axial distribution/reflection-symmetry cohort; no y, selection or promotion",58,58,58,U109-BLK-016,1,0,C,LIT-X028,normalized 1D axial distribution/symmetry analogue only; not a full 3D estimator,U109-BLK-016
XREG-v2.7-TECHNICAL,RAW-X043::overlay_red_fraction_normalized_axial_centroid,RAW-X043,overlay_fraction_axial_distribution,overlay_red_fraction_normalized_axial_centroid,dimensionless,800-pair overlay red/union phase-fraction ordered profile,"sum(fraction*z_norm)/sum(fraction), z_norm in [0,1]",B|C|F|L|T,derived_from_verified_SLICE004_profile,PRM108_axial_distribution_symmetry_batch,PRM108_axial_distribution_symmetry_values_long.csv,batch_BC_candidate,full58_raw_table_batch_not_selected,confirmed_raw_table_lineage,batch_BC_unselected_block_aware,False,False,False,"PRM108 axial distribution/reflection-symmetry cohort; no y, selection or promotion",58,58,58,U109-BLK-017,1,0,C,LIT-X028,normalized 1D axial distribution/symmetry analogue only; not a full 3D estimator,U109-BLK-017
XREG-v2.7-TECHNICAL,RAW-X043::overlay_red_fraction_normalized_axial_spread,RAW-X043,overlay_fraction_axial_distribution,overlay_red_fraction_normalized_axial_spread,dimensionless,800-pair overlay red/union phase-fraction ordered profile,sqrt(sum(fraction*(z_norm-centroid)^2)/sum(fraction)),B|C|F|L|T,derived_from_verified_SLICE004_profile,PRM108_axial_distribution_symmetry_batch,PRM108_axial_distribution_symmetry_values_long.csv,batch_BC_candidate,full58_raw_table_batch_not_selected,confirmed_raw_table_lineage,batch_BC_unselected_block_aware,False,False,False,"PRM108 axial distribution/reflection-symmetry cohort; no y, selection or promotion",58,58,58,U109-BLK-018,1,0,C,LIT-X028,normalized 1D axial distribution/symmetry analogue only; not a full 3D estimator,U109-BLK-018
XREG-v2.7-TECHNICAL,RAW-X044::overlay_blue_pixel_count_reflection_asymmetry,RAW-X044,profile_reflection_asymmetry,overlay_blue_pixel_count_reflection_asymmetry,dimensionless,800-pair overlay blue-pixel-count ordered profile,mean(abs(profile-reverse(profile)))/mean(abs(profile)),B|C|F|L|T,derived_from_verified_SLICE004_profile,PRM108_axial_distribution_symmetry_batch,PRM108_axial_distribution_symmetry_values_long.csv,batch_BC_candidate,full58_raw_table_batch_not_selected,confirmed_raw_table_lineage,batch_BC_unselected_block_aware,False,False,False,"PRM108 axial distribution/reflection-symmetry cohort; no y, selection or promotion",58,58,58,U109-BLK-019,2,1,C,LIT-X028,normalized 1D axial distribution/symmetry analogue only; not a full 3D estimator,U109-BLK-019
XREG-v2.7-TECHNICAL,RAW-X044::overlay_purple_pixel_count_reflection_asymmetry,RAW-X044,profile_reflection_asymmetry,overlay_purple_pixel_count_reflection_asymmetry,dimensionless,800-pair overlay purple-pixel-count ordered profile,mean(abs(profile-reverse(profile)))/mean(abs(profile)),B|C|F|L|T,derived_from_verified_SLICE004_profile,PRM108_axial_distribution_symmetry_batch,PRM108_axial_distribution_symmetry_values_long.csv,batch_BC_candidate,full58_raw_table_batch_not_selected,confirmed_raw_table_lineage,batch_BC_unselected_block_aware,False,False,False,"PRM108 axial distribution/reflection-symmetry cohort; no y, selection or promotion",58,58,58,U109-BLK-020,1,0,C,LIT-X028,normalized 1D axial distribution/symmetry analogue only; not a full 3D estimator,U109-BLK-020
XREG-v2.7-TECHNICAL,RAW-X044::overlay_red_pixel_count_reflection_asymmetry,RAW-X044,profile_reflection_asymmetry,overlay_red_pixel_count_reflection_asymmetry,dimensionless,800-pair overlay red-pixel-count ordered profile,mean(abs(profile-reverse(profile)))/mean(abs(profile)),B|C|F|L|T,derived_from_verified_SLICE004_profile,PRM108_axial_distribution_symmetry_batch,PRM108_axial_distribution_symmetry_values_long.csv,batch_BC_candidate,full58_raw_table_batch_not_selected,confirmed_raw_table_lineage,batch_BC_unselected_block_aware,False,False,False,"PRM108 axial distribution/reflection-symmetry cohort; no y, selection or promotion",58,58,58,U109-BLK-019,2,1,C,LIT-X028,normalized 1D axial distribution/symmetry analogue only; not a full 3D estimator,U109-BLK-019
XREG-v2.7-TECHNICAL,RAW-X044::overlay_union_pixel_count_reflection_asymmetry,RAW-X044,profile_reflection_asymmetry,overlay_union_pixel_count_reflection_asymmetry,dimensionless,800-pair overlay union-pixel-count ordered profile,mean(abs(profile-reverse(profile)))/mean(abs(profile)),B|C|F|L|T,derived_from_verified_SLICE004_profile,PRM108_axial_distribution_symmetry_batch,PRM108_axial_distribution_symmetry_values_long.csv,batch_BC_candidate,full58_raw_table_batch_not_selected,confirmed_raw_table_lineage,batch_BC_unselected_block_aware,False,False,False,"PRM108 axial distribution/reflection-symmetry cohort; no y, selection or promotion",58,58,58,U109-BLK-021,1,0,C,LIT-X028,normalized 1D axial distribution/symmetry analogue only; not a full 3D estimator,U109-BLK-021
XREG-v2.7-TECHNICAL,RAW-X044::slice_component_count_reflection_asymmetry,RAW-X044,profile_reflection_asymmetry,slice_component_count_reflection_asymmetry,dimensionless,801-row slice_component_count ordered profile,mean(abs(profile-reverse(profile)))/mean(abs(profile)),B|C|F|L|T,derived_from_verified_SLICE004_profile,PRM108_axial_distribution_symmetry_batch,PRM108_axial_distribution_symmetry_values_long.csv,batch_BC_candidate,full58_raw_table_batch_not_selected,confirmed_raw_table_lineage,batch_BC_unselected_block_aware,False,False,False,"PRM108 axial distribution/reflection-symmetry cohort; no y, selection or promotion",58,58,57,U109-BLK-022,1,0,C,LIT-X033,normalized 1D axial distribution/symmetry analogue only; not a full 3D estimator,U109-BLK-022
XREG-v2.7-TECHNICAL,RAW-X044::slice_material_area_reflection_asymmetry,RAW-X044,profile_reflection_asymmetry,slice_material_area_reflection_asymmetry,dimensionless,801-row slice_material_area ordered profile,mean(abs(profile-reverse(profile)))/mean(abs(profile)),B|C|F|L|T,derived_from_verified_SLICE004_profile,PRM108_axial_distribution_symmetry_batch,PRM108_axial_distribution_symmetry_values_long.csv,batch_BC_candidate,full58_raw_table_batch_not_selected,confirmed_raw_table_lineage,batch_BC_unselected_block_aware,False,False,False,"PRM108 axial distribution/reflection-symmetry cohort; no y, selection or promotion",58,58,58,U109-BLK-023,1,0,C,LIT-X033,normalized 1D axial distribution/symmetry analogue only; not a full 3D estimator,U109-BLK-023
XREG-v2.7-TECHNICAL,RAW-X045::slice_component_count_axial_position_excess_kurtosis,RAW-X045,slice_axial_position_shape,slice_component_count_axial_position_excess_kurtosis,dimensionless,801-row slice min2-component-count ordered profile,sum(p*((z_norm-mu)/sigma)^4)-3,B|C|F|L|T,direct_statistic_from_verified_SLICE004_profile,PRM110_axial_shape_entropy_batch,PRM110_axial_shape_entropy_values_long.csv,batch_BC_candidate,full58_raw_table_batch_not_selected,confirmed_raw_table_lineage,batch_BC_unselected_block_aware,False,False,False,"PRM110 axial-position shape/entropy cohort; no y, selection or promotion",58,58,58,U111-BLK-002,1,0,B,LIT-X033,normalized 1D axial distribution statistic only; not a full 3D topology estimator,U111-BLK-002
XREG-v2.7-TECHNICAL,RAW-X045::slice_component_count_axial_position_skewness,RAW-X045,slice_axial_position_shape,slice_component_count_axial_position_skewness,dimensionless,801-row slice min2-component-count ordered profile,sum(p*((z_norm-mu)/sigma)^3),B|C|F|L|T,direct_statistic_from_verified_SLICE004_profile,PRM110_axial_shape_entropy_batch,PRM110_axial_shape_entropy_values_long.csv,batch_BC_candidate,full58_raw_table_batch_not_selected,confirmed_raw_table_lineage,batch_BC_unselected_block_aware,False,False,False,"PRM110 axial-position shape/entropy cohort; no y, selection or promotion",58,58,58,U111-BLK-003,1,0,B,LIT-X033,normalized 1D axial distribution statistic only; not a full 3D topology estimator,U111-BLK-003
XREG-v2.7-TECHNICAL,RAW-X045::slice_component_count_center_edge_mass_contrast,RAW-X045,slice_axial_position_shape,slice_component_count_center_edge_mass_contrast,dimensionless,801-row slice min2-component-count ordered profile,"(mass(z in [0.25,0.75])-mass(edges))/total_mass",B|C|F|L|T,derived_normalized_contrast_from_verified_SLICE004_profile,PRM110_axial_shape_entropy_batch,PRM110_axial_shape_entropy_values_long.csv,batch_BC_candidate,full58_raw_table_batch_not_selected,confirmed_raw_table_lineage,batch_BC_unselected_block_aware,False,False,False,"PRM110 axial-position shape/entropy cohort; no y, selection or promotion",58,58,57,U111-BLK-004,1,0,C,LIT-X033,normalized 1D axial distribution statistic only; not a full 3D topology estimator,U111-BLK-004
XREG-v2.7-TECHNICAL,RAW-X045::slice_component_count_normalized_profile_entropy,RAW-X045,slice_axial_position_shape,slice_component_count_normalized_profile_entropy,dimensionless,801-row slice min2-component-count ordered profile,-sum(p*ln(p))/ln(number_of_ordered_rows),B|C|F|L|T,direct_statistic_from_verified_SLICE004_profile,PRM110_axial_shape_entropy_batch,PRM110_axial_shape_entropy_values_long.csv,batch_BC_candidate,full58_raw_table_batch_not_selected,confirmed_raw_table_lineage,batch_BC_unselected_block_aware,False,False,False,"PRM110 axial-position shape/entropy cohort; no y, selection or promotion",58,58,58,U111-BLK-005,1,0,B,LIT-X033,normalized 1D axial distribution statistic only; not a full 3D topology estimator,U111-BLK-005
XREG-v2.7-TECHNICAL,RAW-X045::slice_material_area_axial_position_excess_kurtosis,RAW-X045,slice_axial_position_shape,slice_material_area_axial_position_excess_kurtosis,dimensionless,801-row slice material-area ordered profile,sum(p*((z_norm-mu)/sigma)^4)-3,B|C|F|L|T,direct_statistic_from_verified_SLICE004_profile,PRM110_axial_shape_entropy_batch,PRM110_axial_shape_entropy_values_long.csv,batch_BC_candidate,full58_raw_table_batch_not_selected,confirmed_raw_table_lineage,batch_BC_unselected_block_aware,False,False,False,"PRM110 axial-position shape/entropy cohort; no y, selection or promotion",58,58,58,U111-BLK-006,3,2,B,LIT-X033,normalized 1D axial distribution statistic only; not a full 3D topology estimator,U111-BLK-006
XREG-v2.7-TECHNICAL,RAW-X045::slice_material_area_axial_position_skewness,RAW-X045,slice_axial_position_shape,slice_material_area_axial_position_skewness,dimensionless,801-row slice material-area ordered profile,sum(p*((z_norm-mu)/sigma)^3),B|C|F|L|T,direct_statistic_from_verified_SLICE004_profile,PRM110_axial_shape_entropy_batch,PRM110_axial_shape_entropy_values_long.csv,batch_BC_candidate,full58_raw_table_batch_not_selected,confirmed_raw_table_lineage,batch_BC_unselected_block_aware,False,False,False,"PRM110 axial-position shape/entropy cohort; no y, selection or promotion",58,58,58,U111-BLK-007,1,0,B,LIT-X033,normalized 1D axial distribution statistic only; not a full 3D topology estimator,U111-BLK-007
XREG-v2.7-TECHNICAL,RAW-X045::slice_material_area_center_edge_mass_contrast,RAW-X045,slice_axial_position_shape,slice_material_area_center_edge_mass_contrast,dimensionless,801-row slice material-area ordered profile,"(mass(z in [0.25,0.75])-mass(edges))/total_mass",B|C|F|L|T,derived_normalized_contrast_from_verified_SLICE004_profile,PRM110_axial_shape_entropy_batch,PRM110_axial_shape_entropy_values_long.csv,batch_BC_candidate,full58_raw_table_batch_not_selected,confirmed_raw_table_lineage,batch_BC_unselected_block_aware,False,False,False,"PRM110 axial-position shape/entropy cohort; no y, selection or promotion",58,58,58,U111-BLK-008,1,0,C,LIT-X033,normalized 1D axial distribution statistic only; not a full 3D topology estimator,U111-BLK-008
XREG-v2.7-TECHNICAL,RAW-X045::slice_material_area_normalized_profile_entropy,RAW-X045,slice_axial_position_shape,slice_material_area_normalized_profile_entropy,dimensionless,801-row slice material-area ordered profile,-sum(p*ln(p))/ln(number_of_ordered_rows),B|C|F|L|T,direct_statistic_from_verified_SLICE004_profile,PRM110_axial_shape_entropy_batch,PRM110_axial_shape_entropy_values_long.csv,batch_BC_candidate,full58_raw_table_batch_not_selected,confirmed_raw_table_lineage,batch_BC_unselected_block_aware,False,False,False,"PRM110 axial-position shape/entropy cohort; no y, selection or promotion",58,58,58,U111-BLK-001,4,3,B,LIT-X033,normalized 1D axial distribution statistic only; not a full 3D topology estimator,U111-BLK-001
XREG-v2.7-TECHNICAL,RAW-X046::overlay_blue_pixel_count_axial_position_excess_kurtosis,RAW-X046,overlay_axial_position_shape,overlay_blue_pixel_count_axial_position_excess_kurtosis,dimensionless,800-pair overlay blue-pixel-count ordered profile,sum(p*((z_norm-mu)/sigma)^4)-3,B|C|F|L|T,direct_statistic_from_verified_SLICE004_profile,PRM110_axial_shape_entropy_batch,PRM110_axial_shape_entropy_values_long.csv,batch_BC_candidate,full58_raw_table_batch_not_selected,confirmed_raw_table_lineage,batch_BC_unselected_block_aware,False,False,False,"PRM110 axial-position shape/entropy cohort; no y, selection or promotion",58,58,58,U111-BLK-009,1,0,B,LIT-X028,normalized 1D axial distribution statistic only; not a full 3D topology estimator,U111-BLK-009
XREG-v2.7-TECHNICAL,RAW-X046::overlay_blue_pixel_count_axial_position_skewness,RAW-X046,overlay_axial_position_shape,overlay_blue_pixel_count_axial_position_skewness,dimensionless,800-pair overlay blue-pixel-count ordered profile,sum(p*((z_norm-mu)/sigma)^3),B|C|F|L|T,direct_statistic_from_verified_SLICE004_profile,PRM110_axial_shape_entropy_batch,PRM110_axial_shape_entropy_values_long.csv,batch_BC_candidate,full58_raw_table_batch_not_selected,confirmed_raw_table_lineage,batch_BC_unselected_block_aware,False,False,False,"PRM110 axial-position shape/entropy cohort; no y, selection or promotion",58,58,58,U111-BLK-010,1,0,B,LIT-X028,normalized 1D axial distribution statistic only; not a full 3D topology estimator,U111-BLK-010
XREG-v2.7-TECHNICAL,RAW-X046::overlay_blue_pixel_count_center_edge_mass_contrast,RAW-X046,overlay_axial_position_shape,overlay_blue_pixel_count_center_edge_mass_contrast,dimensionless,800-pair overlay blue-pixel-count ordered profile,"(mass(z in [0.25,0.75])-mass(edges))/total_mass",B|C|F|L|T,derived_normalized_contrast_from_verified_SLICE004_profile,PRM110_axial_shape_entropy_batch,PRM110_axial_shape_entropy_values_long.csv,batch_BC_candidate,full58_raw_table_batch_not_selected,confirmed_raw_table_lineage,batch_BC_unselected_block_aware,False,False,False,"PRM110 axial-position shape/entropy cohort; no y, selection or promotion",58,58,58,U111-BLK-011,1,0,C,LIT-X028,normalized 1D axial distribution statistic only; not a full 3D topology estimator,U111-BLK-011
XREG-v2.7-TECHNICAL,RAW-X046::overlay_blue_pixel_count_normalized_profile_entropy,RAW-X046,overlay_axial_position_shape,overlay_blue_pixel_count_normalized_profile_entropy,dimensionless,800-pair overlay blue-pixel-count ordered profile,-sum(p*ln(p))/ln(number_of_ordered_rows),B|C|F|L|T,direct_statistic_from_verified_SLICE004_profile,PRM110_axial_shape_entropy_batch,PRM110_axial_shape_entropy_values_long.csv,batch_BC_candidate,full58_raw_table_batch_not_selected,confirmed_raw_table_lineage,batch_BC_unselected_block_aware,False,False,False,"PRM110 axial-position shape/entropy cohort; no y, selection or promotion",58,58,58,U111-BLK-012,2,1,B,LIT-X028,normalized 1D axial distribution statistic only; not a full 3D topology estimator,U111-BLK-012
XREG-v2.7-TECHNICAL,RAW-X046::overlay_purple_pixel_count_axial_position_excess_kurtosis,RAW-X046,overlay_axial_position_shape,overlay_purple_pixel_count_axial_position_excess_kurtosis,dimensionless,800-pair overlay purple-pixel-count ordered profile,sum(p*((z_norm-mu)/sigma)^4)-3,B|C|F|L|T,direct_statistic_from_verified_SLICE004_profile,PRM110_axial_shape_entropy_batch,PRM110_axial_shape_entropy_values_long.csv,batch_BC_candidate,full58_raw_table_batch_not_selected,confirmed_raw_table_lineage,batch_BC_unselected_block_aware,False,False,False,"PRM110 axial-position shape/entropy cohort; no y, selection or promotion",58,58,58,U111-BLK-006,3,2,B,LIT-X028,normalized 1D axial distribution statistic only; not a full 3D topology estimator,U111-BLK-006
XREG-v2.7-TECHNICAL,RAW-X046::overlay_purple_pixel_count_axial_position_skewness,RAW-X046,overlay_axial_position_shape,overlay_purple_pixel_count_axial_position_skewness,dimensionless,800-pair overlay purple-pixel-count ordered profile,sum(p*((z_norm-mu)/sigma)^3),B|C|F|L|T,direct_statistic_from_verified_SLICE004_profile,PRM110_axial_shape_entropy_batch,PRM110_axial_shape_entropy_values_long.csv,batch_BC_candidate,full58_raw_table_batch_not_selected,confirmed_raw_table_lineage,batch_BC_unselected_block_aware,False,False,False,"PRM110 axial-position shape/entropy cohort; no y, selection or promotion",58,58,58,U111-BLK-013,1,0,B,LIT-X028,normalized 1D axial distribution statistic only; not a full 3D topology estimator,U111-BLK-013
XREG-v2.7-TECHNICAL,RAW-X046::overlay_purple_pixel_count_center_edge_mass_contrast,RAW-X046,overlay_axial_position_shape,overlay_purple_pixel_count_center_edge_mass_contrast,dimensionless,800-pair overlay purple-pixel-count ordered profile,"(mass(z in [0.25,0.75])-mass(edges))/total_mass",B|C|F|L|T,derived_normalized_contrast_from_verified_SLICE004_profile,PRM110_axial_shape_entropy_batch,PRM110_axial_shape_entropy_values_long.csv,batch_BC_candidate,full58_raw_table_batch_not_selected,confirmed_raw_table_lineage,batch_BC_unselected_block_aware,False,False,False,"PRM110 axial-position shape/entropy cohort; no y, selection or promotion",58,58,58,U111-BLK-014,1,0,C,LIT-X028,normalized 1D axial distribution statistic only; not a full 3D topology estimator,U111-BLK-014
XREG-v2.7-TECHNICAL,RAW-X046::overlay_purple_pixel_count_normalized_profile_entropy,RAW-X046,overlay_axial_position_shape,overlay_purple_pixel_count_normalized_profile_entropy,dimensionless,800-pair overlay purple-pixel-count ordered profile,-sum(p*ln(p))/ln(number_of_ordered_rows),B|C|F|L|T,direct_statistic_from_verified_SLICE004_profile,PRM110_axial_shape_entropy_batch,PRM110_axial_shape_entropy_values_long.csv,batch_BC_candidate,full58_raw_table_batch_not_selected,confirmed_raw_table_lineage,batch_BC_unselected_block_aware,False,False,False,"PRM110 axial-position shape/entropy cohort; no y, selection or promotion",58,58,58,U111-BLK-001,4,3,B,LIT-X028,normalized 1D axial distribution statistic only; not a full 3D topology estimator,U111-BLK-001
XREG-v2.7-TECHNICAL,RAW-X046::overlay_red_pixel_count_axial_position_excess_kurtosis,RAW-X046,overlay_axial_position_shape,overlay_red_pixel_count_axial_position_excess_kurtosis,dimensionless,800-pair overlay red-pixel-count ordered profile,sum(p*((z_norm-mu)/sigma)^4)-3,B|C|F|L|T,direct_statistic_from_verified_SLICE004_profile,PRM110_axial_shape_entropy_batch,PRM110_axial_shape_entropy_values_long.csv,batch_BC_candidate,full58_raw_table_batch_not_selected,confirmed_raw_table_lineage,batch_BC_unselected_block_aware,False,False,False,"PRM110 axial-position shape/entropy cohort; no y, selection or promotion",58,58,58,U111-BLK-015,1,0,B,LIT-X028,normalized 1D axial distribution statistic only; not a full 3D topology estimator,U111-BLK-015
XREG-v2.7-TECHNICAL,RAW-X046::overlay_red_pixel_count_axial_position_skewness,RAW-X046,overlay_axial_position_shape,overlay_red_pixel_count_axial_position_skewness,dimensionless,800-pair overlay red-pixel-count ordered profile,sum(p*((z_norm-mu)/sigma)^3),B|C|F|L|T,direct_statistic_from_verified_SLICE004_profile,PRM110_axial_shape_entropy_batch,PRM110_axial_shape_entropy_values_long.csv,batch_BC_candidate,full58_raw_table_batch_not_selected,confirmed_raw_table_lineage,batch_BC_unselected_block_aware,False,False,False,"PRM110 axial-position shape/entropy cohort; no y, selection or promotion",58,58,58,U111-BLK-016,1,0,B,LIT-X028,normalized 1D axial distribution statistic only; not a full 3D topology estimator,U111-BLK-016
XREG-v2.7-TECHNICAL,RAW-X046::overlay_red_pixel_count_center_edge_mass_contrast,RAW-X046,overlay_axial_position_shape,overlay_red_pixel_count_center_edge_mass_contrast,dimensionless,800-pair overlay red-pixel-count ordered profile,"(mass(z in [0.25,0.75])-mass(edges))/total_mass",B|C|F|L|T,derived_normalized_contrast_from_verified_SLICE004_profile,PRM110_axial_shape_entropy_batch,PRM110_axial_shape_entropy_values_long.csv,batch_BC_candidate,full58_raw_table_batch_not_selected,confirmed_raw_table_lineage,batch_BC_unselected_block_aware,False,False,False,"PRM110 axial-position shape/entropy cohort; no y, selection or promotion",58,58,58,U111-BLK-017,1,0,C,LIT-X028,normalized 1D axial distribution statistic only; not a full 3D topology estimator,U111-BLK-017
XREG-v2.7-TECHNICAL,RAW-X046::overlay_red_pixel_count_normalized_profile_entropy,RAW-X046,overlay_axial_position_shape,overlay_red_pixel_count_normalized_profile_entropy,dimensionless,800-pair overlay red-pixel-count ordered profile,-sum(p*ln(p))/ln(number_of_ordered_rows),B|C|F|L|T,direct_statistic_from_verified_SLICE004_profile,PRM110_axial_shape_entropy_batch,PRM110_axial_shape_entropy_values_long.csv,batch_BC_candidate,full58_raw_table_batch_not_selected,confirmed_raw_table_lineage,batch_BC_unselected_block_aware,False,False,False,"PRM110 axial-position shape/entropy cohort; no y, selection or promotion",58,58,58,U111-BLK-012,2,1,B,LIT-X028,normalized 1D axial distribution statistic only; not a full 3D topology estimator,U111-BLK-012
XREG-v2.7-TECHNICAL,RAW-X046::overlay_union_pixel_count_axial_position_excess_kurtosis,RAW-X046,overlay_axial_position_shape,overlay_union_pixel_count_axial_position_excess_kurtosis,dimensionless,800-pair overlay union-pixel-count ordered profile,sum(p*((z_norm-mu)/sigma)^4)-3,B|C|F|L|T,direct_statistic_from_verified_SLICE004_profile,PRM110_axial_shape_entropy_batch,PRM110_axial_shape_entropy_values_long.csv,batch_BC_candidate,full58_raw_table_batch_not_selected,confirmed_raw_table_lineage,batch_BC_unselected_block_aware,False,False,False,"PRM110 axial-position shape/entropy cohort; no y, selection or promotion",58,58,58,U111-BLK-006,3,2,B,LIT-X028,normalized 1D axial distribution statistic only; not a full 3D topology estimator,U111-BLK-006
XREG-v2.7-TECHNICAL,RAW-X046::overlay_union_pixel_count_axial_position_skewness,RAW-X046,overlay_axial_position_shape,overlay_union_pixel_count_axial_position_skewness,dimensionless,800-pair overlay union-pixel-count ordered profile,sum(p*((z_norm-mu)/sigma)^3),B|C|F|L|T,direct_statistic_from_verified_SLICE004_profile,PRM110_axial_shape_entropy_batch,PRM110_axial_shape_entropy_values_long.csv,batch_BC_candidate,full58_raw_table_batch_not_selected,confirmed_raw_table_lineage,batch_BC_unselected_block_aware,False,False,False,"PRM110 axial-position shape/entropy cohort; no y, selection or promotion",58,58,58,U111-BLK-018,1,0,B,LIT-X028,normalized 1D axial distribution statistic only; not a full 3D topology estimator,U111-BLK-018
XREG-v2.7-TECHNICAL,RAW-X046::overlay_union_pixel_count_center_edge_mass_contrast,RAW-X046,overlay_axial_position_shape,overlay_union_pixel_count_center_edge_mass_contrast,dimensionless,800-pair overlay union-pixel-count ordered profile,"(mass(z in [0.25,0.75])-mass(edges))/total_mass",B|C|F|L|T,derived_normalized_contrast_from_verified_SLICE004_profile,PRM110_axial_shape_entropy_batch,PRM110_axial_shape_entropy_values_long.csv,batch_BC_candidate,full58_raw_table_batch_not_selected,confirmed_raw_table_lineage,batch_BC_unselected_block_aware,False,False,False,"PRM110 axial-position shape/entropy cohort; no y, selection or promotion",58,58,58,U111-BLK-019,1,0,C,LIT-X028,normalized 1D axial distribution statistic only; not a full 3D topology estimator,U111-BLK-019
XREG-v2.7-TECHNICAL,RAW-X046::overlay_union_pixel_count_normalized_profile_entropy,RAW-X046,overlay_axial_position_shape,overlay_union_pixel_count_normalized_profile_entropy,dimensionless,800-pair overlay union-pixel-count ordered profile,-sum(p*ln(p))/ln(number_of_ordered_rows),B|C|F|L|T,direct_statistic_from_verified_SLICE004_profile,PRM110_axial_shape_entropy_batch,PRM110_axial_shape_entropy_values_long.csv,batch_BC_candidate,full58_raw_table_batch_not_selected,confirmed_raw_table_lineage,batch_BC_unselected_block_aware,False,False,False,"PRM110 axial-position shape/entropy cohort; no y, selection or promotion",58,58,58,U111-BLK-001,4,3,B,LIT-X028,normalized 1D axial distribution statistic only; not a full 3D topology estimator,U111-BLK-001
XREG-v2.7-TECHNICAL,RAW-X047::overlay_blue_pixel_count_weighted_axial_q10_position,RAW-X047,axial_weighted_quantile_location,overlay_blue_pixel_count_weighted_axial_q10_position,dimensionless,800-pair overlay blue-pixel-count ordered profile,min z_norm where cumulative(profile)/sum(profile) >= 0.10,B|C|F|L|T,direct_statistic_from_verified_SLICE004_profile,PRM112_axial_weighted_quantile_location_batch,PRM112_axial_weighted_quantile_location_values_long.csv,batch_B_candidate,full58_raw_table_batch_not_selected,confirmed_raw_table_lineage,batch_B_unselected_block_aware,False,False,False,"PRM112 weighted axial quantile-location cohort; no y, selection or promotion",58,58,39,U113-BLK-001,1,0,B,LIT-X033,robust normalized 1D axial distribution-location statistic only; not a full 3D topology estimator,U113-BLK-001
XREG-v2.7-TECHNICAL,RAW-X047::overlay_blue_pixel_count_weighted_axial_q25_position,RAW-X047,axial_weighted_quantile_location,overlay_blue_pixel_count_weighted_axial_q25_position,dimensionless,800-pair overlay blue-pixel-count ordered profile,min z_norm where cumulative(profile)/sum(profile) >= 0.25,B|C|F|L|T,direct_statistic_from_verified_SLICE004_profile,PRM112_axial_weighted_quantile_location_batch,PRM112_axial_weighted_quantile_location_values_long.csv,batch_B_candidate,full58_raw_table_batch_not_selected,confirmed_raw_table_lineage,batch_B_unselected_block_aware,False,False,False,"PRM112 weighted axial quantile-location cohort; no y, selection or promotion",58,58,41,U113-BLK-002,1,0,B,LIT-X033,robust normalized 1D axial distribution-location statistic only; not a full 3D topology estimator,U113-BLK-002
XREG-v2.7-TECHNICAL,RAW-X047::overlay_blue_pixel_count_weighted_axial_q75_position,RAW-X047,axial_weighted_quantile_location,overlay_blue_pixel_count_weighted_axial_q75_position,dimensionless,800-pair overlay blue-pixel-count ordered profile,min z_norm where cumulative(profile)/sum(profile) >= 0.75,B|C|F|L|T,direct_statistic_from_verified_SLICE004_profile,PRM112_axial_weighted_quantile_location_batch,PRM112_axial_weighted_quantile_location_values_long.csv,batch_B_candidate,full58_raw_table_batch_not_selected,confirmed_raw_table_lineage,batch_B_unselected_block_aware,False,False,False,"PRM112 weighted axial quantile-location cohort; no y, selection or promotion",58,58,41,U113-BLK-003,1,0,B,LIT-X033,robust normalized 1D axial distribution-location statistic only; not a full 3D topology estimator,U113-BLK-003
XREG-v2.7-TECHNICAL,RAW-X047::overlay_blue_pixel_count_weighted_axial_q90_position,RAW-X047,axial_weighted_quantile_location,overlay_blue_pixel_count_weighted_axial_q90_position,dimensionless,800-pair overlay blue-pixel-count ordered profile,min z_norm where cumulative(profile)/sum(profile) >= 0.90,B|C|F|L|T,direct_statistic_from_verified_SLICE004_profile,PRM112_axial_weighted_quantile_location_batch,PRM112_axial_weighted_quantile_location_values_long.csv,batch_B_candidate,full58_raw_table_batch_not_selected,confirmed_raw_table_lineage,batch_B_unselected_block_aware,False,False,False,"PRM112 weighted axial quantile-location cohort; no y, selection or promotion",58,58,40,U113-BLK-004,1,0,B,LIT-X033,robust normalized 1D axial distribution-location statistic only; not a full 3D topology estimator,U113-BLK-004
XREG-v2.7-TECHNICAL,RAW-X047::overlay_purple_pixel_count_weighted_axial_q10_position,RAW-X047,axial_weighted_quantile_location,overlay_purple_pixel_count_weighted_axial_q10_position,dimensionless,800-pair overlay purple-pixel-count ordered profile,min z_norm where cumulative(profile)/sum(profile) >= 0.10,B|C|F|L|T,direct_statistic_from_verified_SLICE004_profile,PRM112_axial_weighted_quantile_location_batch,PRM112_axial_weighted_quantile_location_values_long.csv,batch_B_candidate,full58_raw_table_batch_not_selected,confirmed_raw_table_lineage,batch_B_unselected_block_aware,False,False,False,"PRM112 weighted axial quantile-location cohort; no y, selection or promotion",58,58,11,U113-BLK-005,1,0,B,LIT-X033,robust normalized 1D axial distribution-location statistic only; not a full 3D topology estimator,U113-BLK-005
XREG-v2.7-TECHNICAL,RAW-X047::overlay_purple_pixel_count_weighted_axial_q25_position,RAW-X047,axial_weighted_quantile_location,overlay_purple_pixel_count_weighted_axial_q25_position,dimensionless,800-pair overlay purple-pixel-count ordered profile,min z_norm where cumulative(profile)/sum(profile) >= 0.25,B|C|F|L|T,direct_statistic_from_verified_SLICE004_profile,PRM112_axial_weighted_quantile_location_batch,PRM112_axial_weighted_quantile_location_values_long.csv,batch_B_candidate,full58_raw_table_batch_not_selected,confirmed_raw_table_lineage,batch_B_unselected_block_aware,False,False,False,"PRM112 weighted axial quantile-location cohort; no y, selection or promotion",58,58,25,U113-BLK-006,1,0,B,LIT-X033,robust normalized 1D axial distribution-location statistic only; not a full 3D topology estimator,U113-BLK-006
XREG-v2.7-TECHNICAL,RAW-X047::overlay_purple_pixel_count_weighted_axial_q75_position,RAW-X047,axial_weighted_quantile_location,overlay_purple_pixel_count_weighted_axial_q75_position,dimensionless,800-pair overlay purple-pixel-count ordered profile,min z_norm where cumulative(profile)/sum(profile) >= 0.75,B|C|F|L|T,direct_statistic_from_verified_SLICE004_profile,PRM112_axial_weighted_quantile_location_batch,PRM112_axial_weighted_quantile_location_values_long.csv,batch_B_candidate,full58_raw_table_batch_not_selected,confirmed_raw_table_lineage,batch_B_unselected_block_aware,False,False,False,"PRM112 weighted axial quantile-location cohort; no y, selection or promotion",58,58,23,U113-BLK-007,2,1,B,LIT-X033,robust normalized 1D axial distribution-location statistic only; not a full 3D topology estimator,U113-BLK-007
XREG-v2.7-TECHNICAL,RAW-X047::overlay_purple_pixel_count_weighted_axial_q90_position,RAW-X047,axial_weighted_quantile_location,overlay_purple_pixel_count_weighted_axial_q90_position,dimensionless,800-pair overlay purple-pixel-count ordered profile,min z_norm where cumulative(profile)/sum(profile) >= 0.90,B|C|F|L|T,direct_statistic_from_verified_SLICE004_profile,PRM112_axial_weighted_quantile_location_batch,PRM112_axial_weighted_quantile_location_values_long.csv,batch_B_candidate,full58_raw_table_batch_not_selected,confirmed_raw_table_lineage,batch_B_unselected_block_aware,False,False,False,"PRM112 weighted axial quantile-location cohort; no y, selection or promotion",58,58,10,U113-BLK-008,1,0,B,LIT-X033,robust normalized 1D axial distribution-location statistic only; not a full 3D topology estimator,U113-BLK-008
XREG-v2.7-TECHNICAL,RAW-X047::overlay_red_pixel_count_weighted_axial_q10_position,RAW-X047,axial_weighted_quantile_location,overlay_red_pixel_count_weighted_axial_q10_position,dimensionless,800-pair overlay red-pixel-count ordered profile,min z_norm where cumulative(profile)/sum(profile) >= 0.10,B|C|F|L|T,direct_statistic_from_verified_SLICE004_profile,PRM112_axial_weighted_quantile_location_batch,PRM112_axial_weighted_quantile_location_values_long.csv,batch_B_candidate,full58_raw_table_batch_not_selected,confirmed_raw_table_lineage,batch_B_unselected_block_aware,False,False,False,"PRM112 weighted axial quantile-location cohort; no y, selection or promotion",58,58,35,U113-BLK-009,1,0,B,LIT-X033,robust normalized 1D axial distribution-location statistic only; not a full 3D topology estimator,U113-BLK-009
XREG-v2.7-TECHNICAL,RAW-X047::overlay_red_pixel_count_weighted_axial_q25_position,RAW-X047,axial_weighted_quantile_location,overlay_red_pixel_count_weighted_axial_q25_position,dimensionless,800-pair overlay red-pixel-count ordered profile,min z_norm where cumulative(profile)/sum(profile) >= 0.25,B|C|F|L|T,direct_statistic_from_verified_SLICE004_profile,PRM112_axial_weighted_quantile_location_batch,PRM112_axial_weighted_quantile_location_values_long.csv,batch_B_candidate,full58_raw_table_batch_not_selected,confirmed_raw_table_lineage,batch_B_unselected_block_aware,False,False,False,"PRM112 weighted axial quantile-location cohort; no y, selection or promotion",58,58,36,U113-BLK-010,1,0,B,LIT-X033,robust normalized 1D axial distribution-location statistic only; not a full 3D topology estimator,U113-BLK-010
XREG-v2.7-TECHNICAL,RAW-X047::overlay_red_pixel_count_weighted_axial_q75_position,RAW-X047,axial_weighted_quantile_location,overlay_red_pixel_count_weighted_axial_q75_position,dimensionless,800-pair overlay red-pixel-count ordered profile,min z_norm where cumulative(profile)/sum(profile) >= 0.75,B|C|F|L|T,direct_statistic_from_verified_SLICE004_profile,PRM112_axial_weighted_quantile_location_batch,PRM112_axial_weighted_quantile_location_values_long.csv,batch_B_candidate,full58_raw_table_batch_not_selected,confirmed_raw_table_lineage,batch_B_unselected_block_aware,False,False,False,"PRM112 weighted axial quantile-location cohort; no y, selection or promotion",58,58,35,U113-BLK-011,1,0,B,LIT-X033,robust normalized 1D axial distribution-location statistic only; not a full 3D topology estimator,U113-BLK-011
XREG-v2.7-TECHNICAL,RAW-X047::overlay_red_pixel_count_weighted_axial_q90_position,RAW-X047,axial_weighted_quantile_location,overlay_red_pixel_count_weighted_axial_q90_position,dimensionless,800-pair overlay red-pixel-count ordered profile,min z_norm where cumulative(profile)/sum(profile) >= 0.90,B|C|F|L|T,direct_statistic_from_verified_SLICE004_profile,PRM112_axial_weighted_quantile_location_batch,PRM112_axial_weighted_quantile_location_values_long.csv,batch_B_candidate,full58_raw_table_batch_not_selected,confirmed_raw_table_lineage,batch_B_unselected_block_aware,False,False,False,"PRM112 weighted axial quantile-location cohort; no y, selection or promotion",58,58,31,U113-BLK-012,1,0,B,LIT-X033,robust normalized 1D axial distribution-location statistic only; not a full 3D topology estimator,U113-BLK-012
XREG-v2.7-TECHNICAL,RAW-X047::overlay_union_pixel_count_weighted_axial_q10_position,RAW-X047,axial_weighted_quantile_location,overlay_union_pixel_count_weighted_axial_q10_position,dimensionless,800-pair overlay union-pixel-count ordered profile,min z_norm where cumulative(profile)/sum(profile) >= 0.10,B|C|F|L|T,direct_statistic_from_verified_SLICE004_profile,PRM112_axial_weighted_quantile_location_batch,PRM112_axial_weighted_quantile_location_values_long.csv,batch_B_candidate,full58_raw_table_batch_not_selected,confirmed_raw_table_lineage,batch_B_unselected_block_aware,False,False,False,"PRM112 weighted axial quantile-location cohort; no y, selection or promotion",58,58,11,U113-BLK-013,1,0,B,LIT-X033,robust normalized 1D axial distribution-location statistic only; not a full 3D topology estimator,U113-BLK-013
XREG-v2.7-TECHNICAL,RAW-X047::overlay_union_pixel_count_weighted_axial_q25_position,RAW-X047,axial_weighted_quantile_location,overlay_union_pixel_count_weighted_axial_q25_position,dimensionless,800-pair overlay union-pixel-count ordered profile,min z_norm where cumulative(profile)/sum(profile) >= 0.25,B|C|F|L|T,direct_statistic_from_verified_SLICE004_profile,PRM112_axial_weighted_quantile_location_batch,PRM112_axial_weighted_quantile_location_values_long.csv,batch_B_candidate,full58_raw_table_batch_not_selected,confirmed_raw_table_lineage,batch_B_unselected_block_aware,False,False,False,"PRM112 weighted axial quantile-location cohort; no y, selection or promotion",58,58,24,U113-BLK-014,1,0,B,LIT-X033,robust normalized 1D axial distribution-location statistic only; not a full 3D topology estimator,U113-BLK-014
XREG-v2.7-TECHNICAL,RAW-X047::overlay_union_pixel_count_weighted_axial_q75_position,RAW-X047,axial_weighted_quantile_location,overlay_union_pixel_count_weighted_axial_q75_position,dimensionless,800-pair overlay union-pixel-count ordered profile,min z_norm where cumulative(profile)/sum(profile) >= 0.75,B|C|F|L|T,direct_statistic_from_verified_SLICE004_profile,PRM112_axial_weighted_quantile_location_batch,PRM112_axial_weighted_quantile_location_values_long.csv,batch_B_candidate,full58_raw_table_batch_not_selected,confirmed_raw_table_lineage,batch_B_unselected_block_aware,False,False,False,"PRM112 weighted axial quantile-location cohort; no y, selection or promotion",58,58,22,U113-BLK-015,1,0,B,LIT-X033,robust normalized 1D axial distribution-location statistic only; not a full 3D topology estimator,U113-BLK-015
XREG-v2.7-TECHNICAL,RAW-X047::overlay_union_pixel_count_weighted_axial_q90_position,RAW-X047,axial_weighted_quantile_location,overlay_union_pixel_count_weighted_axial_q90_position,dimensionless,800-pair overlay union-pixel-count ordered profile,min z_norm where cumulative(profile)/sum(profile) >= 0.90,B|C|F|L|T,direct_statistic_from_verified_SLICE004_profile,PRM112_axial_weighted_quantile_location_batch,PRM112_axial_weighted_quantile_location_values_long.csv,batch_B_candidate,full58_raw_table_batch_not_selected,confirmed_raw_table_lineage,batch_B_unselected_block_aware,False,False,False,"PRM112 weighted axial quantile-location cohort; no y, selection or promotion",58,58,11,U113-BLK-016,1,0,B,LIT-X033,robust normalized 1D axial distribution-location statistic only; not a full 3D topology estimator,U113-BLK-016
XREG-v2.7-TECHNICAL,RAW-X047::slice_component_count_weighted_axial_q10_position,RAW-X047,axial_weighted_quantile_location,slice_component_count_weighted_axial_q10_position,dimensionless,801-row slice min2-component-count ordered profile,min z_norm where cumulative(profile)/sum(profile) >= 0.10,B|C|F|L|T,direct_statistic_from_verified_SLICE004_profile,PRM112_axial_weighted_quantile_location_batch,PRM112_axial_weighted_quantile_location_values_long.csv,batch_B_candidate,full58_raw_table_batch_not_selected,confirmed_raw_table_lineage,batch_B_unselected_block_aware,False,False,False,"PRM112 weighted axial quantile-location cohort; no y, selection or promotion",58,58,18,U113-BLK-017,1,0,B,LIT-X033,robust normalized 1D axial distribution-location statistic only; not a full 3D topology estimator,U113-BLK-017
XREG-v2.7-TECHNICAL,RAW-X047::slice_component_count_weighted_axial_q25_position,RAW-X047,axial_weighted_quantile_location,slice_component_count_weighted_axial_q25_position,dimensionless,801-row slice min2-component-count ordered profile,min z_norm where cumulative(profile)/sum(profile) >= 0.25,B|C|F|L|T,direct_statistic_from_verified_SLICE004_profile,PRM112_axial_weighted_quantile_location_batch,PRM112_axial_weighted_quantile_location_values_long.csv,batch_B_candidate,full58_raw_table_batch_not_selected,confirmed_raw_table_lineage,batch_B_unselected_block_aware,False,False,False,"PRM112 weighted axial quantile-location cohort; no y, selection or promotion",58,58,22,U113-BLK-018,1,0,B,LIT-X033,robust normalized 1D axial distribution-location statistic only; not a full 3D topology estimator,U113-BLK-018
XREG-v2.7-TECHNICAL,RAW-X047::slice_component_count_weighted_axial_q75_position,RAW-X047,axial_weighted_quantile_location,slice_component_count_weighted_axial_q75_position,dimensionless,801-row slice min2-component-count ordered profile,min z_norm where cumulative(profile)/sum(profile) >= 0.75,B|C|F|L|T,direct_statistic_from_verified_SLICE004_profile,PRM112_axial_weighted_quantile_location_batch,PRM112_axial_weighted_quantile_location_values_long.csv,batch_B_candidate,full58_raw_table_batch_not_selected,confirmed_raw_table_lineage,batch_B_unselected_block_aware,False,False,False,"PRM112 weighted axial quantile-location cohort; no y, selection or promotion",58,58,24,U113-BLK-019,1,0,B,LIT-X033,robust normalized 1D axial distribution-location statistic only; not a full 3D topology estimator,U113-BLK-019
XREG-v2.7-TECHNICAL,RAW-X047::slice_component_count_weighted_axial_q90_position,RAW-X047,axial_weighted_quantile_location,slice_component_count_weighted_axial_q90_position,dimensionless,801-row slice min2-component-count ordered profile,min z_norm where cumulative(profile)/sum(profile) >= 0.90,B|C|F|L|T,direct_statistic_from_verified_SLICE004_profile,PRM112_axial_weighted_quantile_location_batch,PRM112_axial_weighted_quantile_location_values_long.csv,batch_B_candidate,full58_raw_table_batch_not_selected,confirmed_raw_table_lineage,batch_B_unselected_block_aware,False,False,False,"PRM112 weighted axial quantile-location cohort; no y, selection or promotion",58,58,15,U113-BLK-020,1,0,B,LIT-X033,robust normalized 1D axial distribution-location statistic only; not a full 3D topology estimator,U113-BLK-020
XREG-v2.7-TECHNICAL,RAW-X047::slice_material_area_weighted_axial_q10_position,RAW-X047,axial_weighted_quantile_location,slice_material_area_weighted_axial_q10_position,dimensionless,801-row slice material-area ordered profile,min z_norm where cumulative(profile)/sum(profile) >= 0.10,B|C|F|L|T,direct_statistic_from_verified_SLICE004_profile,PRM112_axial_weighted_quantile_location_batch,PRM112_axial_weighted_quantile_location_values_long.csv,batch_B_candidate,full58_raw_table_batch_not_selected,confirmed_raw_table_lineage,batch_B_unselected_block_aware,False,False,False,"PRM112 weighted axial quantile-location cohort; no y, selection or promotion",58,58,13,U113-BLK-021,1,0,B,LIT-X033,robust normalized 1D axial distribution-location statistic only; not a full 3D topology estimator,U113-BLK-021
XREG-v2.7-TECHNICAL,RAW-X047::slice_material_area_weighted_axial_q25_position,RAW-X047,axial_weighted_quantile_location,slice_material_area_weighted_axial_q25_position,dimensionless,801-row slice material-area ordered profile,min z_norm where cumulative(profile)/sum(profile) >= 0.25,B|C|F|L|T,direct_statistic_from_verified_SLICE004_profile,PRM112_axial_weighted_quantile_location_batch,PRM112_axial_weighted_quantile_location_values_long.csv,batch_B_candidate,full58_raw_table_batch_not_selected,confirmed_raw_table_lineage,batch_B_unselected_block_aware,False,False,False,"PRM112 weighted axial quantile-location cohort; no y, selection or promotion",58,58,23,U113-BLK-022,1,0,B,LIT-X033,robust normalized 1D axial distribution-location statistic only; not a full 3D topology estimator,U113-BLK-022
XREG-v2.7-TECHNICAL,RAW-X047::slice_material_area_weighted_axial_q75_position,RAW-X047,axial_weighted_quantile_location,slice_material_area_weighted_axial_q75_position,dimensionless,801-row slice material-area ordered profile,min z_norm where cumulative(profile)/sum(profile) >= 0.75,B|C|F|L|T,direct_statistic_from_verified_SLICE004_profile,PRM112_axial_weighted_quantile_location_batch,PRM112_axial_weighted_quantile_location_values_long.csv,batch_B_candidate,full58_raw_table_batch_not_selected,confirmed_raw_table_lineage,batch_B_unselected_block_aware,False,False,False,"PRM112 weighted axial quantile-location cohort; no y, selection or promotion",58,58,25,U113-BLK-007,2,1,B,LIT-X033,robust normalized 1D axial distribution-location statistic only; not a full 3D topology estimator,U113-BLK-007
XREG-v2.7-TECHNICAL,RAW-X047::slice_material_area_weighted_axial_q90_position,RAW-X047,axial_weighted_quantile_location,slice_material_area_weighted_axial_q90_position,dimensionless,801-row slice material-area ordered profile,min z_norm where cumulative(profile)/sum(profile) >= 0.90,B|C|F|L|T,direct_statistic_from_verified_SLICE004_profile,PRM112_axial_weighted_quantile_location_batch,PRM112_axial_weighted_quantile_location_values_long.csv,batch_B_candidate,full58_raw_table_batch_not_selected,confirmed_raw_table_lineage,batch_B_unselected_block_aware,False,False,False,"PRM112 weighted axial quantile-location cohort; no y, selection or promotion",58,58,9,U113-BLK-023,1,0,B,LIT-X033,robust normalized 1D axial distribution-location statistic only; not a full 3D topology estimator,U113-BLK-023
XREG-v2.7-TECHNICAL,RAW-X048::component_area_cv,RAW-X048,overlay_component_inequality_concentration,component_area_cv,dimensionless,all kept overlay connected-component areas across 800 layer pairs,population q95/q99; Gini; normalized Shannon entropy; HHI; or population CV,B|C|F|L|T,derived_normalized_concentration_from_verified_SLICE004_component_table,PRM114_overlay_component_inequality_concentration_batch,PRM114_overlay_component_inequality_concentration_values_long.csv,batch_BC_candidate,full58_raw_table_batch_not_selected,confirmed_raw_table_lineage,batch_BC_unselected_block_aware,False,False,False,"PRM114 overlay component inequality/concentration cohort; no y, selection or promotion",58,58,58,U139-BLK-001,3,2,C,LIT-X035,connected-component area distribution statistic only; not a full 3D topology estimator,U139-BLK-001
XREG-v2.7-TECHNICAL,RAW-X048::component_area_gini,RAW-X048,overlay_component_inequality_concentration,component_area_gini,dimensionless,all kept overlay connected-component areas across 800 layer pairs,population q95/q99; Gini; normalized Shannon entropy; HHI; or population CV,B|C|F|L|T,derived_normalized_concentration_from_verified_SLICE004_component_table,PRM114_overlay_component_inequality_concentration_batch,PRM114_overlay_component_inequality_concentration_values_long.csv,batch_BC_candidate,full58_raw_table_batch_not_selected,confirmed_raw_table_lineage,batch_BC_unselected_block_aware,False,False,False,"PRM114 overlay component inequality/concentration cohort; no y, selection or promotion",58,58,58,U115-BLK-002,1,0,C,LIT-X035,connected-component area distribution statistic only; not a full 3D topology estimator,U115-BLK-002
XREG-v2.7-TECHNICAL,RAW-X048::component_area_hhi,RAW-X048,overlay_component_inequality_concentration,component_area_hhi,dimensionless,all kept overlay connected-component areas across 800 layer pairs,population q95/q99; Gini; normalized Shannon entropy; HHI; or population CV,B|C|F|L|T,derived_normalized_concentration_from_verified_SLICE004_component_table,PRM114_overlay_component_inequality_concentration_batch,PRM114_overlay_component_inequality_concentration_values_long.csv,batch_BC_candidate,full58_raw_table_batch_not_selected,confirmed_raw_table_lineage,batch_BC_unselected_block_aware,False,False,False,"PRM114 overlay component inequality/concentration cohort; no y, selection or promotion",58,58,58,U115-BLK-003,1,0,C,LIT-X035,connected-component area distribution statistic only; not a full 3D topology estimator,U115-BLK-003
XREG-v2.7-TECHNICAL,RAW-X048::component_area_normalized_entropy,RAW-X048,overlay_component_inequality_concentration,component_area_normalized_entropy,dimensionless,all kept overlay connected-component areas across 800 layer pairs,population q95/q99; Gini; normalized Shannon entropy; HHI; or population CV,B|C|F|L|T,derived_normalized_concentration_from_verified_SLICE004_component_table,PRM114_overlay_component_inequality_concentration_batch,PRM114_overlay_component_inequality_concentration_values_long.csv,batch_BC_candidate,full58_raw_table_batch_not_selected,confirmed_raw_table_lineage,batch_BC_unselected_block_aware,False,False,False,"PRM114 overlay component inequality/concentration cohort; no y, selection or promotion",58,58,58,U115-BLK-004,1,0,C,LIT-X035,connected-component area distribution statistic only; not a full 3D topology estimator,U115-BLK-004
XREG-v2.7-TECHNICAL,RAW-X048::component_area_q95_mm2,RAW-X048,overlay_component_inequality_concentration,component_area_q95_mm2,mm2,all kept overlay connected-component areas across 800 layer pairs,population q95/q99; Gini; normalized Shannon entropy; HHI; or population CV,B|C|F|L|T,direct_statistic_from_verified_SLICE004_component_table,PRM114_overlay_component_inequality_concentration_batch,PRM114_overlay_component_inequality_concentration_values_long.csv,batch_BC_candidate,full58_raw_table_batch_not_selected,confirmed_raw_table_lineage,batch_BC_unselected_block_aware,False,False,False,"PRM114 overlay component inequality/concentration cohort; no y, selection or promotion",58,58,58,U139-BLK-002,3,2,B,LIT-X035,connected-component area distribution statistic only; not a full 3D topology estimator,U139-BLK-002
XREG-v2.7-TECHNICAL,RAW-X048::component_area_q99_mm2,RAW-X048,overlay_component_inequality_concentration,component_area_q99_mm2,mm2,all kept overlay connected-component areas across 800 layer pairs,population q95/q99; Gini; normalized Shannon entropy; HHI; or population CV,B|C|F|L|T,direct_statistic_from_verified_SLICE004_component_table,PRM114_overlay_component_inequality_concentration_batch,PRM114_overlay_component_inequality_concentration_values_long.csv,batch_BC_candidate,full58_raw_table_batch_not_selected,confirmed_raw_table_lineage,batch_BC_unselected_block_aware,False,False,False,"PRM114 overlay component inequality/concentration cohort; no y, selection or promotion",58,58,58,U115-BLK-006,1,0,B,LIT-X035,connected-component area distribution statistic only; not a full 3D topology estimator,U115-BLK-006
XREG-v2.7-TECHNICAL,RAW-X048::pair_largest_component_share_iqr,RAW-X048,overlay_component_inequality_concentration,pair_largest_component_share_iqr,dimensionless,800 pairwise largest kept-component area shares,population statistic across max(component area)/sum(component area) for each pair,B|C|F|L|T,derived_normalized_concentration_from_verified_SLICE004_component_table,PRM114_overlay_component_inequality_concentration_batch,PRM114_overlay_component_inequality_concentration_values_long.csv,batch_BC_candidate,full58_raw_table_batch_not_selected,confirmed_raw_table_lineage,batch_BC_unselected_block_aware,False,False,False,"PRM114 overlay component inequality/concentration cohort; no y, selection or promotion",58,58,58,U121-BLK-002,2,1,C,LIT-X035,connected-component area distribution statistic only; not a full 3D topology estimator,U121-BLK-002
XREG-v2.7-TECHNICAL,RAW-X048::pair_largest_component_share_mean,RAW-X048,overlay_component_inequality_concentration,pair_largest_component_share_mean,dimensionless,800 pairwise largest kept-component area shares,population statistic across max(component area)/sum(component area) for each pair,B|C|F|L|T,direct_statistic_from_verified_SLICE004_component_table,PRM114_overlay_component_inequality_concentration_batch,PRM114_overlay_component_inequality_concentration_values_long.csv,batch_BC_candidate,full58_raw_table_batch_not_selected,confirmed_raw_table_lineage,batch_BC_unselected_block_aware,False,False,False,"PRM114 overlay component inequality/concentration cohort; no y, selection or promotion",58,58,58,U115-BLK-008,1,0,B,LIT-X035,connected-component area distribution statistic only; not a full 3D topology estimator,U115-BLK-008
XREG-v2.7-TECHNICAL,RAW-X048::pair_largest_component_share_population_std,RAW-X048,overlay_component_inequality_concentration,pair_largest_component_share_population_std,dimensionless,800 pairwise largest kept-component area shares,population statistic across max(component area)/sum(component area) for each pair,B|C|F|L|T,direct_statistic_from_verified_SLICE004_component_table,PRM114_overlay_component_inequality_concentration_batch,PRM114_overlay_component_inequality_concentration_values_long.csv,batch_BC_candidate,full58_raw_table_batch_not_selected,confirmed_raw_table_lineage,batch_BC_unselected_block_aware,False,False,False,"PRM114 overlay component inequality/concentration cohort; no y, selection or promotion",58,58,58,U115-BLK-009,1,0,B,LIT-X035,connected-component area distribution statistic only; not a full 3D topology estimator,U115-BLK-009
XREG-v2.7-TECHNICAL,RAW-X048::pair_largest_component_share_q10,RAW-X048,overlay_component_inequality_concentration,pair_largest_component_share_q10,dimensionless,800 pairwise largest kept-component area shares,population statistic across max(component area)/sum(component area) for each pair,B|C|F|L|T,derived_normalized_concentration_from_verified_SLICE004_component_table,PRM114_overlay_component_inequality_concentration_batch,PRM114_overlay_component_inequality_concentration_values_long.csv,batch_BC_candidate,full58_raw_table_batch_not_selected,confirmed_raw_table_lineage,batch_BC_unselected_block_aware,False,False,False,"PRM114 overlay component inequality/concentration cohort; no y, selection or promotion",58,58,58,U121-BLK-003,2,1,C,LIT-X035,connected-component area distribution statistic only; not a full 3D topology estimator,U121-BLK-003
XREG-v2.7-TECHNICAL,RAW-X048::pair_largest_component_share_q50,RAW-X048,overlay_component_inequality_concentration,pair_largest_component_share_q50,dimensionless,800 pairwise largest kept-component area shares,population statistic across max(component area)/sum(component area) for each pair,B|C|F|L|T,direct_statistic_from_verified_SLICE004_component_table,PRM114_overlay_component_inequality_concentration_batch,PRM114_overlay_component_inequality_concentration_values_long.csv,batch_BC_candidate,full58_raw_table_batch_not_selected,confirmed_raw_table_lineage,batch_BC_unselected_block_aware,False,False,False,"PRM114 overlay component inequality/concentration cohort; no y, selection or promotion",58,58,58,U115-BLK-011,1,0,B,LIT-X035,connected-component area distribution statistic only; not a full 3D topology estimator,U115-BLK-011
XREG-v2.7-TECHNICAL,RAW-X048::pair_largest_component_share_q90,RAW-X048,overlay_component_inequality_concentration,pair_largest_component_share_q90,dimensionless,800 pairwise largest kept-component area shares,population statistic across max(component area)/sum(component area) for each pair,B|C|F|L|T,derived_normalized_concentration_from_verified_SLICE004_component_table,PRM114_overlay_component_inequality_concentration_batch,PRM114_overlay_component_inequality_concentration_values_long.csv,batch_BC_candidate,full58_raw_table_batch_not_selected,confirmed_raw_table_lineage,batch_BC_unselected_block_aware,False,False,False,"PRM114 overlay component inequality/concentration cohort; no y, selection or promotion",58,58,23,U115-BLK-012,1,0,C,LIT-X035,connected-component area distribution statistic only; not a full 3D topology estimator,U115-BLK-012
XREG-v2.7-TECHNICAL,RAW-X049::filter_removed_component_delta_mean,RAW-X049,overlay_component_filter_sensitivity,filter_removed_component_delta_mean,count,800-pair overlay component_count_raw and component_count_min2 profiles,"population raw-count statistic, raw-minus-min2 delta statistic, or normalized removed-fraction statistic",B|C|F|L|T,direct_statistic_from_verified_SLICE004_profile,PRM116_component_filter_sensitivity_batch,PRM116_component_filter_sensitivity_values_long.csv,batch_BC_candidate,full58_raw_table_batch_not_selected,confirmed_raw_table_lineage,batch_BC_unselected_block_aware,False,False,False,"PRM116 component filter sensitivity cohort; no y, selection or promotion",58,58,14,U117-BLK-005,1,0,B,LIT-X035,2D overlay connected-component and threshold-sensitivity statistic only; not a full 3D topology estimator,U117-BLK-005
XREG-v2.7-TECHNICAL,RAW-X049::filter_removed_component_delta_population_std,RAW-X049,overlay_component_filter_sensitivity,filter_removed_component_delta_population_std,count,800-pair overlay component_count_raw and component_count_min2 profiles,"population raw-count statistic, raw-minus-min2 delta statistic, or normalized removed-fraction statistic",B|C|F|L|T,direct_statistic_from_verified_SLICE004_profile,PRM116_component_filter_sensitivity_batch,PRM116_component_filter_sensitivity_values_long.csv,batch_BC_candidate,full58_raw_table_batch_not_selected,confirmed_raw_table_lineage,batch_BC_unselected_block_aware,False,False,False,"PRM116 component filter sensitivity cohort; no y, selection or promotion",58,58,18,U117-BLK-006,1,0,B,LIT-X035,2D overlay connected-component and threshold-sensitivity statistic only; not a full 3D topology estimator,U117-BLK-006
XREG-v2.7-TECHNICAL,RAW-X049::filter_removed_component_fraction_lag1_autocorr,RAW-X049,overlay_component_filter_sensitivity,filter_removed_component_fraction_lag1_autocorr,dimensionless,800-pair overlay component_count_raw and component_count_min2 profiles,"population raw-count statistic, raw-minus-min2 delta statistic, or normalized removed-fraction statistic",B|C|F|L|T,derived_filter_sensitivity_from_verified_SLICE004_profile,PRM116_component_filter_sensitivity_batch,PRM116_component_filter_sensitivity_values_long.csv,batch_BC_candidate,full58_raw_table_batch_not_selected,confirmed_raw_table_lineage,batch_BC_unselected_block_aware,False,False,False,"PRM116 component filter sensitivity cohort; no y, selection or promotion",58,58,18,U117-BLK-007,1,0,C,LIT-X035,2D overlay connected-component and threshold-sensitivity statistic only; not a full 3D topology estimator,U117-BLK-007
XREG-v2.7-TECHNICAL,RAW-X049::filter_removed_component_fraction_mean,RAW-X049,overlay_component_filter_sensitivity,filter_removed_component_fraction_mean,dimensionless,800-pair overlay component_count_raw and component_count_min2 profiles,"population raw-count statistic, raw-minus-min2 delta statistic, or normalized removed-fraction statistic",B|C|F|L|T,derived_filter_sensitivity_from_verified_SLICE004_profile,PRM116_component_filter_sensitivity_batch,PRM116_component_filter_sensitivity_values_long.csv,batch_BC_candidate,full58_raw_table_batch_not_selected,confirmed_raw_table_lineage,batch_BC_unselected_block_aware,False,False,False,"PRM116 component filter sensitivity cohort; no y, selection or promotion",58,58,18,U117-BLK-008,1,0,C,LIT-X035,2D overlay connected-component and threshold-sensitivity statistic only; not a full 3D topology estimator,U117-BLK-008
XREG-v2.7-TECHNICAL,RAW-X049::filter_removed_component_fraction_q90,RAW-X049,overlay_component_filter_sensitivity,filter_removed_component_fraction_q90,dimensionless,800-pair overlay component_count_raw and component_count_min2 profiles,"population raw-count statistic, raw-minus-min2 delta statistic, or normalized removed-fraction statistic",B|C|F|L|T,derived_filter_sensitivity_from_verified_SLICE004_profile,PRM116_component_filter_sensitivity_batch,PRM116_component_filter_sensitivity_values_long.csv,batch_BC_candidate,full58_raw_table_batch_not_selected,confirmed_raw_table_lineage,batch_BC_unselected_block_aware,False,False,False,"PRM116 component filter sensitivity cohort; no y, selection or promotion",58,58,1,U117-BLK-009,1,0,C,LIT-X035,2D overlay connected-component and threshold-sensitivity statistic only; not a full 3D topology estimator,U117-BLK-009
XREG-v2.7-TECHNICAL,RAW-X049::raw_component_count_iqr,RAW-X049,overlay_component_filter_sensitivity,raw_component_count_iqr,count,800-pair overlay component_count_raw and component_count_min2 profiles,"population raw-count statistic, raw-minus-min2 delta statistic, or normalized removed-fraction statistic",B|C|F|L|T,direct_statistic_from_verified_SLICE004_profile,PRM116_component_filter_sensitivity_batch,PRM116_component_filter_sensitivity_values_long.csv,batch_BC_candidate,full58_raw_table_batch_not_selected,confirmed_raw_table_lineage,batch_BC_unselected_block_aware,False,False,False,"PRM116 component filter sensitivity cohort; no y, selection or promotion",58,58,39,U117-BLK-010,1,0,B,LIT-X035,2D overlay connected-component and threshold-sensitivity statistic only; not a full 3D topology estimator,U117-BLK-010
XREG-v2.7-TECHNICAL,RAW-X049::raw_component_count_mad,RAW-X049,overlay_component_filter_sensitivity,raw_component_count_mad,count,800-pair overlay component_count_raw and component_count_min2 profiles,"population raw-count statistic, raw-minus-min2 delta statistic, or normalized removed-fraction statistic",B|C|F|L|T,direct_statistic_from_verified_SLICE004_profile,PRM116_component_filter_sensitivity_batch,PRM116_component_filter_sensitivity_values_long.csv,batch_BC_candidate,full58_raw_table_batch_not_selected,confirmed_raw_table_lineage,batch_BC_unselected_block_aware,False,False,False,"PRM116 component filter sensitivity cohort; no y, selection or promotion",58,58,30,U117-BLK-011,1,0,B,LIT-X035,2D overlay connected-component and threshold-sensitivity statistic only; not a full 3D topology estimator,U117-BLK-011
XREG-v2.7-TECHNICAL,RAW-X049::raw_component_count_mean,RAW-X049,overlay_component_filter_sensitivity,raw_component_count_mean,count,800-pair overlay component_count_raw and component_count_min2 profiles,"population raw-count statistic, raw-minus-min2 delta statistic, or normalized removed-fraction statistic",B|C|F|L|T,direct_statistic_from_verified_SLICE004_profile,PRM116_component_filter_sensitivity_batch,PRM116_component_filter_sensitivity_values_long.csv,batch_BC_candidate,full58_raw_table_batch_not_selected,confirmed_raw_table_lineage,batch_BC_unselected_block_aware,False,False,False,"PRM116 component filter sensitivity cohort; no y, selection or promotion",58,58,58,U119-BLK-003,4,3,B,LIT-X035,2D overlay connected-component and threshold-sensitivity statistic only; not a full 3D topology estimator,U119-BLK-003
XREG-v2.7-TECHNICAL,RAW-X049::raw_component_count_population_std,RAW-X049,overlay_component_filter_sensitivity,raw_component_count_population_std,count,800-pair overlay component_count_raw and component_count_min2 profiles,"population raw-count statistic, raw-minus-min2 delta statistic, or normalized removed-fraction statistic",B|C|F|L|T,direct_statistic_from_verified_SLICE004_profile,PRM116_component_filter_sensitivity_batch,PRM116_component_filter_sensitivity_values_long.csv,batch_BC_candidate,full58_raw_table_batch_not_selected,confirmed_raw_table_lineage,batch_BC_unselected_block_aware,False,False,False,"PRM116 component filter sensitivity cohort; no y, selection or promotion",58,58,58,U119-BLK-004,3,2,B,LIT-X035,2D overlay connected-component and threshold-sensitivity statistic only; not a full 3D topology estimator,U119-BLK-004
XREG-v2.7-TECHNICAL,RAW-X049::raw_component_count_q10,RAW-X049,overlay_component_filter_sensitivity,raw_component_count_q10,count,800-pair overlay component_count_raw and component_count_min2 profiles,"population raw-count statistic, raw-minus-min2 delta statistic, or normalized removed-fraction statistic",B|C|F|L|T,direct_statistic_from_verified_SLICE004_profile,PRM116_component_filter_sensitivity_batch,PRM116_component_filter_sensitivity_values_long.csv,batch_BC_candidate,full58_raw_table_batch_not_selected,confirmed_raw_table_lineage,batch_BC_unselected_block_aware,False,False,False,"PRM116 component filter sensitivity cohort; no y, selection or promotion",58,58,15,U119-BLK-005,3,2,B,LIT-X035,2D overlay connected-component and threshold-sensitivity statistic only; not a full 3D topology estimator,U119-BLK-005
XREG-v2.7-TECHNICAL,RAW-X049::raw_component_count_q90,RAW-X049,overlay_component_filter_sensitivity,raw_component_count_q90,count,800-pair overlay component_count_raw and component_count_min2 profiles,"population raw-count statistic, raw-minus-min2 delta statistic, or normalized removed-fraction statistic",B|C|F|L|T,direct_statistic_from_verified_SLICE004_profile,PRM116_component_filter_sensitivity_batch,PRM116_component_filter_sensitivity_values_long.csv,batch_BC_candidate,full58_raw_table_batch_not_selected,confirmed_raw_table_lineage,batch_BC_unselected_block_aware,False,False,False,"PRM116 component filter sensitivity cohort; no y, selection or promotion",58,58,31,U149-BLK-001,9,3,B,LIT-X035,2D overlay connected-component and threshold-sensitivity statistic only; not a full 3D topology estimator,U135-BLK-002
XREG-v2.7-TECHNICAL,RAW-X050::filter_removed_component_delta_mean,RAW-X050,slice_component_filter_sensitivity,filter_removed_component_delta_mean,count,801-slice component_count_raw and component_count_min2 profiles,"population raw-count statistic, raw-minus-min2 delta statistic, or normalized removed-fraction statistic",B|C|F|L|T,direct_statistic_from_verified_SLICE004_profile,PRM118_slice_component_filter_sensitivity_batch,PRM118_slice_component_filter_sensitivity_values_long.csv,batch_BC_candidate,full58_raw_table_batch_not_selected,confirmed_raw_table_lineage,batch_BC_unselected_block_aware,False,False,False,"PRM118 slice component filter sensitivity cohort; no y, selection or promotion",58,58,17,U119-BLK-007,1,0,B,LIT-X034,2D slice connected-component threshold statistic only,U119-BLK-007
XREG-v2.7-TECHNICAL,RAW-X050::filter_removed_component_delta_population_std,RAW-X050,slice_component_filter_sensitivity,filter_removed_component_delta_population_std,count,801-slice component_count_raw and component_count_min2 profiles,"population raw-count statistic, raw-minus-min2 delta statistic, or normalized removed-fraction statistic",B|C|F|L|T,direct_statistic_from_verified_SLICE004_profile,PRM118_slice_component_filter_sensitivity_batch,PRM118_slice_component_filter_sensitivity_values_long.csv,batch_BC_candidate,full58_raw_table_batch_not_selected,confirmed_raw_table_lineage,batch_BC_unselected_block_aware,False,False,False,"PRM118 slice component filter sensitivity cohort; no y, selection or promotion",58,58,18,U119-BLK-008,1,0,B,LIT-X034,2D slice connected-component threshold statistic only,U119-BLK-008
XREG-v2.7-TECHNICAL,RAW-X050::filter_removed_component_fraction_lag1_autocorr,RAW-X050,slice_component_filter_sensitivity,filter_removed_component_fraction_lag1_autocorr,dimensionless,801-slice component_count_raw and component_count_min2 profiles,"population raw-count statistic, raw-minus-min2 delta statistic, or normalized removed-fraction statistic",B|C|F|L|T,derived_filter_sensitivity_from_verified_SLICE004_profile,PRM118_slice_component_filter_sensitivity_batch,PRM118_slice_component_filter_sensitivity_values_long.csv,batch_BC_candidate,full58_raw_table_batch_not_selected,confirmed_raw_table_lineage,batch_BC_unselected_block_aware,False,False,False,"PRM118 slice component filter sensitivity cohort; no y, selection or promotion",58,58,20,U119-BLK-009,1,0,C,LIT-X034,2D slice connected-component threshold statistic only,U119-BLK-009
XREG-v2.7-TECHNICAL,RAW-X050::filter_removed_component_fraction_mean,RAW-X050,slice_component_filter_sensitivity,filter_removed_component_fraction_mean,dimensionless,801-slice component_count_raw and component_count_min2 profiles,"population raw-count statistic, raw-minus-min2 delta statistic, or normalized removed-fraction statistic",B|C|F|L|T,derived_filter_sensitivity_from_verified_SLICE004_profile,PRM118_slice_component_filter_sensitivity_batch,PRM118_slice_component_filter_sensitivity_values_long.csv,batch_BC_candidate,full58_raw_table_batch_not_selected,confirmed_raw_table_lineage,batch_BC_unselected_block_aware,False,False,False,"PRM118 slice component filter sensitivity cohort; no y, selection or promotion",58,58,20,U119-BLK-010,1,0,C,LIT-X034,2D slice connected-component threshold statistic only,U119-BLK-010
XREG-v2.7-TECHNICAL,RAW-X050::filter_removed_component_fraction_q90,RAW-X050,slice_component_filter_sensitivity,filter_removed_component_fraction_q90,dimensionless,801-slice component_count_raw and component_count_min2 profiles,"population raw-count statistic, raw-minus-min2 delta statistic, or normalized removed-fraction statistic",B|C|F|L|T,derived_filter_sensitivity_from_verified_SLICE004_profile,PRM118_slice_component_filter_sensitivity_batch,PRM118_slice_component_filter_sensitivity_values_long.csv,batch_BC_candidate,full58_raw_table_batch_not_selected,confirmed_raw_table_lineage,batch_BC_unselected_block_aware,False,False,False,"PRM118 slice component filter sensitivity cohort; no y, selection or promotion",58,58,1,U119-BLK-011,1,0,C,LIT-X034,2D slice connected-component threshold statistic only,U119-BLK-011
XREG-v2.7-TECHNICAL,RAW-X050::raw_component_count_iqr,RAW-X050,slice_component_filter_sensitivity,raw_component_count_iqr,count,801-slice component_count_raw and component_count_min2 profiles,"population raw-count statistic, raw-minus-min2 delta statistic, or normalized removed-fraction statistic",B|C|F|L|T,direct_statistic_from_verified_SLICE004_profile,PRM118_slice_component_filter_sensitivity_batch,PRM118_slice_component_filter_sensitivity_values_long.csv,batch_BC_candidate,full58_raw_table_batch_not_selected,confirmed_raw_table_lineage,batch_BC_unselected_block_aware,False,False,False,"PRM118 slice component filter sensitivity cohort; no y, selection or promotion",58,58,38,U119-BLK-001,2,1,B,LIT-X034,2D slice connected-component threshold statistic only,U119-BLK-001
XREG-v2.7-TECHNICAL,RAW-X050::raw_component_count_mad,RAW-X050,slice_component_filter_sensitivity,raw_component_count_mad,count,801-slice component_count_raw and component_count_min2 profiles,"population raw-count statistic, raw-minus-min2 delta statistic, or normalized removed-fraction statistic",B|C|F|L|T,direct_statistic_from_verified_SLICE004_profile,PRM118_slice_component_filter_sensitivity_batch,PRM118_slice_component_filter_sensitivity_values_long.csv,batch_BC_candidate,full58_raw_table_batch_not_selected,confirmed_raw_table_lineage,batch_BC_unselected_block_aware,False,False,False,"PRM118 slice component filter sensitivity cohort; no y, selection or promotion",58,58,28,U119-BLK-002,2,1,B,LIT-X034,2D slice connected-component threshold statistic only,U119-BLK-002
XREG-v2.7-TECHNICAL,RAW-X050::raw_component_count_mean,RAW-X050,slice_component_filter_sensitivity,raw_component_count_mean,count,801-slice component_count_raw and component_count_min2 profiles,"population raw-count statistic, raw-minus-min2 delta statistic, or normalized removed-fraction statistic",B|C|F|L|T,direct_statistic_from_verified_SLICE004_profile,PRM118_slice_component_filter_sensitivity_batch,PRM118_slice_component_filter_sensitivity_values_long.csv,batch_BC_candidate,full58_raw_table_batch_not_selected,confirmed_raw_table_lineage,batch_BC_unselected_block_aware,False,False,False,"PRM118 slice component filter sensitivity cohort; no y, selection or promotion",58,58,58,U119-BLK-003,4,3,B,LIT-X034,2D slice connected-component threshold statistic only,U119-BLK-003
XREG-v2.7-TECHNICAL,RAW-X050::raw_component_count_population_std,RAW-X050,slice_component_filter_sensitivity,raw_component_count_population_std,count,801-slice component_count_raw and component_count_min2 profiles,"population raw-count statistic, raw-minus-min2 delta statistic, or normalized removed-fraction statistic",B|C|F|L|T,direct_statistic_from_verified_SLICE004_profile,PRM118_slice_component_filter_sensitivity_batch,PRM118_slice_component_filter_sensitivity_values_long.csv,batch_BC_candidate,full58_raw_table_batch_not_selected,confirmed_raw_table_lineage,batch_BC_unselected_block_aware,False,False,False,"PRM118 slice component filter sensitivity cohort; no y, selection or promotion",58,58,58,U119-BLK-004,3,2,B,LIT-X034,2D slice connected-component threshold statistic only,U119-BLK-004
XREG-v2.7-TECHNICAL,RAW-X050::raw_component_count_q10,RAW-X050,slice_component_filter_sensitivity,raw_component_count_q10,count,801-slice component_count_raw and component_count_min2 profiles,"population raw-count statistic, raw-minus-min2 delta statistic, or normalized removed-fraction statistic",B|C|F|L|T,direct_statistic_from_verified_SLICE004_profile,PRM118_slice_component_filter_sensitivity_batch,PRM118_slice_component_filter_sensitivity_values_long.csv,batch_BC_candidate,full58_raw_table_batch_not_selected,confirmed_raw_table_lineage,batch_BC_unselected_block_aware,False,False,False,"PRM118 slice component filter sensitivity cohort; no y, selection or promotion",58,58,14,U119-BLK-005,3,2,B,LIT-X034,2D slice connected-component threshold statistic only,U119-BLK-005
XREG-v2.7-TECHNICAL,RAW-X050::raw_component_count_q90,RAW-X050,slice_component_filter_sensitivity,raw_component_count_q90,count,801-slice component_count_raw and component_count_min2 profiles,"population raw-count statistic, raw-minus-min2 delta statistic, or normalized removed-fraction statistic",B|C|F|L|T,direct_statistic_from_verified_SLICE004_profile,PRM118_slice_component_filter_sensitivity_batch,PRM118_slice_component_filter_sensitivity_values_long.csv,batch_BC_candidate,full58_raw_table_batch_not_selected,confirmed_raw_table_lineage,batch_BC_unselected_block_aware,False,False,False,"PRM118 slice component filter sensitivity cohort; no y, selection or promotion",58,58,32,U149-BLK-001,9,5,B,LIT-X034,2D slice connected-component threshold statistic only,U135-BLK-002
XREG-v2.7-TECHNICAL,RAW-X051::pair_component_area_cv_iqr,RAW-X051,overlay_pair_component_composition_profile,pair_component_area_cv_iqr,dimensionless,800 overlay-pair kept connected-component area compositions,"per-pair inverse-HHI effective count, top-two area share, area CV, or area Gini; then full-pair population mean/std/q10/q50/q90/IQR",B|C|F|L|T,derived_pair_composition_statistic_from_verified_SLICE004_component_table,PRM120_overlay_pair_component_composition_batch,PRM120_overlay_pair_component_composition_values_long.csv,batch_BC_candidate,full58_raw_table_batch_not_selected,confirmed_raw_table_lineage,batch_BC_unselected_block_aware,False,False,False,"PRM120 overlay pair component composition cohort; no y, selection or promotion",58,58,57,U121-BLK-004,1,0,C,LIT-X035,2D overlay connected-component area composition only; not a 3D topology estimator,U121-BLK-004
XREG-v2.7-TECHNICAL,RAW-X051::pair_component_area_cv_mean,RAW-X051,overlay_pair_component_composition_profile,pair_component_area_cv_mean,dimensionless,800 overlay-pair kept connected-component area compositions,"per-pair inverse-HHI effective count, top-two area share, area CV, or area Gini; then full-pair population mean/std/q10/q50/q90/IQR",B|C|F|L|T,derived_pair_composition_statistic_from_verified_SLICE004_component_table,PRM120_overlay_pair_component_composition_batch,PRM120_overlay_pair_component_composition_values_long.csv,batch_BC_candidate,full58_raw_table_batch_not_selected,confirmed_raw_table_lineage,batch_BC_unselected_block_aware,False,False,False,"PRM120 overlay pair component composition cohort; no y, selection or promotion",58,58,58,U121-BLK-005,1,0,C,LIT-X035,2D overlay connected-component area composition only; not a 3D topology estimator,U121-BLK-005
XREG-v2.7-TECHNICAL,RAW-X051::pair_component_area_cv_population_std,RAW-X051,overlay_pair_component_composition_profile,pair_component_area_cv_population_std,dimensionless,800 overlay-pair kept connected-component area compositions,"per-pair inverse-HHI effective count, top-two area share, area CV, or area Gini; then full-pair population mean/std/q10/q50/q90/IQR",B|C|F|L|T,derived_pair_composition_statistic_from_verified_SLICE004_component_table,PRM120_overlay_pair_component_composition_batch,PRM120_overlay_pair_component_composition_values_long.csv,batch_BC_candidate,full58_raw_table_batch_not_selected,confirmed_raw_table_lineage,batch_BC_unselected_block_aware,False,False,False,"PRM120 overlay pair component composition cohort; no y, selection or promotion",58,58,58,U121-BLK-006,1,0,C,LIT-X035,2D overlay connected-component area composition only; not a 3D topology estimator,U121-BLK-006
XREG-v2.7-TECHNICAL,RAW-X051::pair_component_area_cv_q10,RAW-X051,overlay_pair_component_composition_profile,pair_component_area_cv_q10,dimensionless,800 overlay-pair kept connected-component area compositions,"per-pair inverse-HHI effective count, top-two area share, area CV, or area Gini; then full-pair population mean/std/q10/q50/q90/IQR",B|C|F|L|T,derived_pair_composition_statistic_from_verified_SLICE004_component_table,PRM120_overlay_pair_component_composition_batch,PRM120_overlay_pair_component_composition_values_long.csv,batch_BC_candidate,full58_raw_table_batch_not_selected,confirmed_raw_table_lineage,batch_BC_unselected_block_aware,False,False,False,"PRM120 overlay pair component composition cohort; no y, selection or promotion",58,58,23,U121-BLK-007,2,1,C,LIT-X035,2D overlay connected-component area composition only; not a 3D topology estimator,U121-BLK-007
XREG-v2.7-TECHNICAL,RAW-X051::pair_component_area_cv_q50,RAW-X051,overlay_pair_component_composition_profile,pair_component_area_cv_q50,dimensionless,800 overlay-pair kept connected-component area compositions,"per-pair inverse-HHI effective count, top-two area share, area CV, or area Gini; then full-pair population mean/std/q10/q50/q90/IQR",B|C|F|L|T,derived_pair_composition_statistic_from_verified_SLICE004_component_table,PRM120_overlay_pair_component_composition_batch,PRM120_overlay_pair_component_composition_values_long.csv,batch_BC_candidate,full58_raw_table_batch_not_selected,confirmed_raw_table_lineage,batch_BC_unselected_block_aware,False,False,False,"PRM120 overlay pair component composition cohort; no y, selection or promotion",58,58,58,U121-BLK-008,2,1,C,LIT-X035,2D overlay connected-component area composition only; not a 3D topology estimator,U121-BLK-008
XREG-v2.7-TECHNICAL,RAW-X051::pair_component_area_cv_q90,RAW-X051,overlay_pair_component_composition_profile,pair_component_area_cv_q90,dimensionless,800 overlay-pair kept connected-component area compositions,"per-pair inverse-HHI effective count, top-two area share, area CV, or area Gini; then full-pair population mean/std/q10/q50/q90/IQR",B|C|F|L|T,derived_pair_composition_statistic_from_verified_SLICE004_component_table,PRM120_overlay_pair_component_composition_batch,PRM120_overlay_pair_component_composition_values_long.csv,batch_BC_candidate,full58_raw_table_batch_not_selected,confirmed_raw_table_lineage,batch_BC_unselected_block_aware,False,False,False,"PRM120 overlay pair component composition cohort; no y, selection or promotion",58,58,58,U121-BLK-009,1,0,C,LIT-X035,2D overlay connected-component area composition only; not a 3D topology estimator,U121-BLK-009
XREG-v2.7-TECHNICAL,RAW-X051::pair_component_area_gini_iqr,RAW-X051,overlay_pair_component_composition_profile,pair_component_area_gini_iqr,dimensionless,800 overlay-pair kept connected-component area compositions,"per-pair inverse-HHI effective count, top-two area share, area CV, or area Gini; then full-pair population mean/std/q10/q50/q90/IQR",B|C|F|L|T,derived_pair_composition_statistic_from_verified_SLICE004_component_table,PRM120_overlay_pair_component_composition_batch,PRM120_overlay_pair_component_composition_values_long.csv,batch_BC_candidate,full58_raw_table_batch_not_selected,confirmed_raw_table_lineage,batch_BC_unselected_block_aware,False,False,False,"PRM120 overlay pair component composition cohort; no y, selection or promotion",58,58,57,U121-BLK-010,1,0,C,LIT-X035,2D overlay connected-component area composition only; not a 3D topology estimator,U121-BLK-010
XREG-v2.7-TECHNICAL,RAW-X051::pair_component_area_gini_mean,RAW-X051,overlay_pair_component_composition_profile,pair_component_area_gini_mean,dimensionless,800 overlay-pair kept connected-component area compositions,"per-pair inverse-HHI effective count, top-two area share, area CV, or area Gini; then full-pair population mean/std/q10/q50/q90/IQR",B|C|F|L|T,derived_pair_composition_statistic_from_verified_SLICE004_component_table,PRM120_overlay_pair_component_composition_batch,PRM120_overlay_pair_component_composition_values_long.csv,batch_BC_candidate,full58_raw_table_batch_not_selected,confirmed_raw_table_lineage,batch_BC_unselected_block_aware,False,False,False,"PRM120 overlay pair component composition cohort; no y, selection or promotion",58,58,58,U121-BLK-011,1,0,C,LIT-X035,2D overlay connected-component area composition only; not a 3D topology estimator,U121-BLK-011
XREG-v2.7-TECHNICAL,RAW-X051::pair_component_area_gini_population_std,RAW-X051,overlay_pair_component_composition_profile,pair_component_area_gini_population_std,dimensionless,800 overlay-pair kept connected-component area compositions,"per-pair inverse-HHI effective count, top-two area share, area CV, or area Gini; then full-pair population mean/std/q10/q50/q90/IQR",B|C|F|L|T,derived_pair_composition_statistic_from_verified_SLICE004_component_table,PRM120_overlay_pair_component_composition_batch,PRM120_overlay_pair_component_composition_values_long.csv,batch_BC_candidate,full58_raw_table_batch_not_selected,confirmed_raw_table_lineage,batch_BC_unselected_block_aware,False,False,False,"PRM120 overlay pair component composition cohort; no y, selection or promotion",58,58,58,U121-BLK-012,1,0,C,LIT-X035,2D overlay connected-component area composition only; not a 3D topology estimator,U121-BLK-012
XREG-v2.7-TECHNICAL,RAW-X051::pair_component_area_gini_q10,RAW-X051,overlay_pair_component_composition_profile,pair_component_area_gini_q10,dimensionless,800 overlay-pair kept connected-component area compositions,"per-pair inverse-HHI effective count, top-two area share, area CV, or area Gini; then full-pair population mean/std/q10/q50/q90/IQR",B|C|F|L|T,derived_pair_composition_statistic_from_verified_SLICE004_component_table,PRM120_overlay_pair_component_composition_batch,PRM120_overlay_pair_component_composition_values_long.csv,batch_BC_candidate,full58_raw_table_batch_not_selected,confirmed_raw_table_lineage,batch_BC_unselected_block_aware,False,False,False,"PRM120 overlay pair component composition cohort; no y, selection or promotion",58,58,23,U121-BLK-007,2,1,C,LIT-X035,2D overlay connected-component area composition only; not a 3D topology estimator,U121-BLK-007
XREG-v2.7-TECHNICAL,RAW-X051::pair_component_area_gini_q50,RAW-X051,overlay_pair_component_composition_profile,pair_component_area_gini_q50,dimensionless,800 overlay-pair kept connected-component area compositions,"per-pair inverse-HHI effective count, top-two area share, area CV, or area Gini; then full-pair population mean/std/q10/q50/q90/IQR",B|C|F|L|T,derived_pair_composition_statistic_from_verified_SLICE004_component_table,PRM120_overlay_pair_component_composition_batch,PRM120_overlay_pair_component_composition_values_long.csv,batch_BC_candidate,full58_raw_table_batch_not_selected,confirmed_raw_table_lineage,batch_BC_unselected_block_aware,False,False,False,"PRM120 overlay pair component composition cohort; no y, selection or promotion",58,58,58,U121-BLK-008,2,1,C,LIT-X035,2D overlay connected-component area composition only; not a 3D topology estimator,U121-BLK-008
XREG-v2.7-TECHNICAL,RAW-X051::pair_component_area_gini_q90,RAW-X051,overlay_pair_component_composition_profile,pair_component_area_gini_q90,dimensionless,800 overlay-pair kept connected-component area compositions,"per-pair inverse-HHI effective count, top-two area share, area CV, or area Gini; then full-pair population mean/std/q10/q50/q90/IQR",B|C|F|L|T,derived_pair_composition_statistic_from_verified_SLICE004_component_table,PRM120_overlay_pair_component_composition_batch,PRM120_overlay_pair_component_composition_values_long.csv,batch_BC_candidate,full58_raw_table_batch_not_selected,confirmed_raw_table_lineage,batch_BC_unselected_block_aware,False,False,False,"PRM120 overlay pair component composition cohort; no y, selection or promotion",58,58,58,U121-BLK-013,1,0,C,LIT-X035,2D overlay connected-component area composition only; not a 3D topology estimator,U121-BLK-013
XREG-v2.7-TECHNICAL,RAW-X051::pair_effective_component_count_iqr,RAW-X051,overlay_pair_component_composition_profile,pair_effective_component_count_iqr,dimensionless,800 overlay-pair kept connected-component area compositions,"per-pair inverse-HHI effective count, top-two area share, area CV, or area Gini; then full-pair population mean/std/q10/q50/q90/IQR",B|C|F|L|T,direct_statistic_from_verified_SLICE004_component_table,PRM120_overlay_pair_component_composition_batch,PRM120_overlay_pair_component_composition_values_long.csv,batch_BC_candidate,full58_raw_table_batch_not_selected,confirmed_raw_table_lineage,batch_BC_unselected_block_aware,False,False,False,"PRM120 overlay pair component composition cohort; no y, selection or promotion",58,58,58,U121-BLK-014,1,0,B,LIT-X035,2D overlay connected-component area composition only; not a 3D topology estimator,U121-BLK-014
XREG-v2.7-TECHNICAL,RAW-X051::pair_effective_component_count_mean,RAW-X051,overlay_pair_component_composition_profile,pair_effective_component_count_mean,dimensionless,800 overlay-pair kept connected-component area compositions,"per-pair inverse-HHI effective count, top-two area share, area CV, or area Gini; then full-pair population mean/std/q10/q50/q90/IQR",B|C|F|L|T,direct_statistic_from_verified_SLICE004_component_table,PRM120_overlay_pair_component_composition_batch,PRM120_overlay_pair_component_composition_values_long.csv,batch_BC_candidate,full58_raw_table_batch_not_selected,confirmed_raw_table_lineage,batch_BC_unselected_block_aware,False,False,False,"PRM120 overlay pair component composition cohort; no y, selection or promotion",58,58,58,U121-BLK-015,1,0,B,LIT-X035,2D overlay connected-component area composition only; not a 3D topology estimator,U121-BLK-015
XREG-v2.7-TECHNICAL,RAW-X051::pair_effective_component_count_population_std,RAW-X051,overlay_pair_component_composition_profile,pair_effective_component_count_population_std,dimensionless,800 overlay-pair kept connected-component area compositions,"per-pair inverse-HHI effective count, top-two area share, area CV, or area Gini; then full-pair population mean/std/q10/q50/q90/IQR",B|C|F|L|T,direct_statistic_from_verified_SLICE004_component_table,PRM120_overlay_pair_component_composition_batch,PRM120_overlay_pair_component_composition_values_long.csv,batch_BC_candidate,full58_raw_table_batch_not_selected,confirmed_raw_table_lineage,batch_BC_unselected_block_aware,False,False,False,"PRM120 overlay pair component composition cohort; no y, selection or promotion",58,58,58,U149-BLK-001,9,1,B,LIT-X035,2D overlay connected-component area composition only; not a 3D topology estimator,U121-BLK-016
XREG-v2.7-TECHNICAL,RAW-X051::pair_effective_component_count_q10,RAW-X051,overlay_pair_component_composition_profile,pair_effective_component_count_q10,dimensionless,800 overlay-pair kept connected-component area compositions,"per-pair inverse-HHI effective count, top-two area share, area CV, or area Gini; then full-pair population mean/std/q10/q50/q90/IQR",B|C|F|L|T,direct_statistic_from_verified_SLICE004_component_table,PRM120_overlay_pair_component_composition_batch,PRM120_overlay_pair_component_composition_values_long.csv,batch_BC_candidate,full58_raw_table_batch_not_selected,confirmed_raw_table_lineage,batch_BC_unselected_block_aware,False,False,False,"PRM120 overlay pair component composition cohort; no y, selection or promotion",58,58,23,U121-BLK-017,1,0,B,LIT-X035,2D overlay connected-component area composition only; not a 3D topology estimator,U121-BLK-017
XREG-v2.7-TECHNICAL,RAW-X051::pair_effective_component_count_q50,RAW-X051,overlay_pair_component_composition_profile,pair_effective_component_count_q50,dimensionless,800 overlay-pair kept connected-component area compositions,"per-pair inverse-HHI effective count, top-two area share, area CV, or area Gini; then full-pair population mean/std/q10/q50/q90/IQR",B|C|F|L|T,direct_statistic_from_verified_SLICE004_component_table,PRM120_overlay_pair_component_composition_batch,PRM120_overlay_pair_component_composition_values_long.csv,batch_BC_candidate,full58_raw_table_batch_not_selected,confirmed_raw_table_lineage,batch_BC_unselected_block_aware,False,False,False,"PRM120 overlay pair component composition cohort; no y, selection or promotion",58,58,58,U121-BLK-018,1,0,B,LIT-X035,2D overlay connected-component area composition only; not a 3D topology estimator,U121-BLK-018
XREG-v2.7-TECHNICAL,RAW-X051::pair_effective_component_count_q90,RAW-X051,overlay_pair_component_composition_profile,pair_effective_component_count_q90,dimensionless,800 overlay-pair kept connected-component area compositions,"per-pair inverse-HHI effective count, top-two area share, area CV, or area Gini; then full-pair population mean/std/q10/q50/q90/IQR",B|C|F|L|T,direct_statistic_from_verified_SLICE004_component_table,PRM120_overlay_pair_component_composition_batch,PRM120_overlay_pair_component_composition_values_long.csv,batch_BC_candidate,full58_raw_table_batch_not_selected,confirmed_raw_table_lineage,batch_BC_unselected_block_aware,False,False,False,"PRM120 overlay pair component composition cohort; no y, selection or promotion",58,58,58,U149-BLK-001,9,2,B,LIT-X035,2D overlay connected-component area composition only; not a 3D topology estimator,U135-BLK-002
XREG-v2.7-TECHNICAL,RAW-X051::pair_top2_component_area_share_iqr,RAW-X051,overlay_pair_component_composition_profile,pair_top2_component_area_share_iqr,dimensionless,800 overlay-pair kept connected-component area compositions,"per-pair inverse-HHI effective count, top-two area share, area CV, or area Gini; then full-pair population mean/std/q10/q50/q90/IQR",B|C|F|L|T,direct_statistic_from_verified_SLICE004_component_table,PRM120_overlay_pair_component_composition_batch,PRM120_overlay_pair_component_composition_values_long.csv,batch_BC_candidate,full58_raw_table_batch_not_selected,confirmed_raw_table_lineage,batch_BC_unselected_block_aware,False,False,False,"PRM120 overlay pair component composition cohort; no y, selection or promotion",58,58,58,U121-BLK-002,2,1,B,LIT-X035,2D overlay connected-component area composition only; not a 3D topology estimator,U121-BLK-002
XREG-v2.7-TECHNICAL,RAW-X051::pair_top2_component_area_share_mean,RAW-X051,overlay_pair_component_composition_profile,pair_top2_component_area_share_mean,dimensionless,800 overlay-pair kept connected-component area compositions,"per-pair inverse-HHI effective count, top-two area share, area CV, or area Gini; then full-pair population mean/std/q10/q50/q90/IQR",B|C|F|L|T,direct_statistic_from_verified_SLICE004_component_table,PRM120_overlay_pair_component_composition_batch,PRM120_overlay_pair_component_composition_values_long.csv,batch_BC_candidate,full58_raw_table_batch_not_selected,confirmed_raw_table_lineage,batch_BC_unselected_block_aware,False,False,False,"PRM120 overlay pair component composition cohort; no y, selection or promotion",58,58,58,U121-BLK-019,1,0,B,LIT-X035,2D overlay connected-component area composition only; not a 3D topology estimator,U121-BLK-019
XREG-v2.7-TECHNICAL,RAW-X051::pair_top2_component_area_share_population_std,RAW-X051,overlay_pair_component_composition_profile,pair_top2_component_area_share_population_std,dimensionless,800 overlay-pair kept connected-component area compositions,"per-pair inverse-HHI effective count, top-two area share, area CV, or area Gini; then full-pair population mean/std/q10/q50/q90/IQR",B|C|F|L|T,direct_statistic_from_verified_SLICE004_component_table,PRM120_overlay_pair_component_composition_batch,PRM120_overlay_pair_component_composition_values_long.csv,batch_BC_candidate,full58_raw_table_batch_not_selected,confirmed_raw_table_lineage,batch_BC_unselected_block_aware,False,False,False,"PRM120 overlay pair component composition cohort; no y, selection or promotion",58,58,58,U121-BLK-020,1,0,B,LIT-X035,2D overlay connected-component area composition only; not a 3D topology estimator,U121-BLK-020
XREG-v2.7-TECHNICAL,RAW-X051::pair_top2_component_area_share_q10,RAW-X051,overlay_pair_component_composition_profile,pair_top2_component_area_share_q10,dimensionless,800 overlay-pair kept connected-component area compositions,"per-pair inverse-HHI effective count, top-two area share, area CV, or area Gini; then full-pair population mean/std/q10/q50/q90/IQR",B|C|F|L|T,direct_statistic_from_verified_SLICE004_component_table,PRM120_overlay_pair_component_composition_batch,PRM120_overlay_pair_component_composition_values_long.csv,batch_BC_candidate,full58_raw_table_batch_not_selected,confirmed_raw_table_lineage,batch_BC_unselected_block_aware,False,False,False,"PRM120 overlay pair component composition cohort; no y, selection or promotion",58,58,58,U121-BLK-003,2,1,B,LIT-X035,2D overlay connected-component area composition only; not a 3D topology estimator,U121-BLK-003
XREG-v2.7-TECHNICAL,RAW-X051::pair_top2_component_area_share_q50,RAW-X051,overlay_pair_component_composition_profile,pair_top2_component_area_share_q50,dimensionless,800 overlay-pair kept connected-component area compositions,"per-pair inverse-HHI effective count, top-two area share, area CV, or area Gini; then full-pair population mean/std/q10/q50/q90/IQR",B|C|F|L|T,direct_statistic_from_verified_SLICE004_component_table,PRM120_overlay_pair_component_composition_batch,PRM120_overlay_pair_component_composition_values_long.csv,batch_BC_candidate,full58_raw_table_batch_not_selected,confirmed_raw_table_lineage,batch_BC_unselected_block_aware,False,False,False,"PRM120 overlay pair component composition cohort; no y, selection or promotion",58,58,58,U121-BLK-021,1,0,B,LIT-X035,2D overlay connected-component area composition only; not a 3D topology estimator,U121-BLK-021
XREG-v2.7-TECHNICAL,RAW-X051::pair_top2_component_area_share_q90,RAW-X051,overlay_pair_component_composition_profile,pair_top2_component_area_share_q90,dimensionless,800 overlay-pair kept connected-component area compositions,"per-pair inverse-HHI effective count, top-two area share, area CV, or area Gini; then full-pair population mean/std/q10/q50/q90/IQR",B|C|F|L|T,direct_statistic_from_verified_SLICE004_component_table,PRM120_overlay_pair_component_composition_batch,PRM120_overlay_pair_component_composition_values_long.csv,batch_BC_candidate,full58_raw_table_batch_not_selected,confirmed_raw_table_lineage,batch_BC_unselected_block_aware,False,False,False,"PRM120 overlay pair component composition cohort; no y, selection or promotion",58,58,20,U121-BLK-022,1,0,B,LIT-X035,2D overlay connected-component area composition only; not a 3D topology estimator,U121-BLK-022
XREG-v2.7-TECHNICAL,RAW-X052::overlay_blue_pixel_count_adjacent_gradient_turn_rate,RAW-X052,ordered_profile_jump_turn,overlay_blue_pixel_count_adjacent_gradient_turn_rate,dimensionless,ordered 801-slice or 800-overlay-pair verified profile,normalized RMS/q90/max adjacent jump or nonzero adjacent-gradient sign-turn rate,B|C|F|L|T,derived_profile_turn_statistic_from_verified_SLICE004_profile,PRM122_profile_jump_and_turn_batch,PRM122_profile_jump_and_turn_values_long.csv,batch_BC_candidate,full58_raw_table_batch_not_selected,confirmed_raw_table_lineage,batch_BC_unselected_block_aware,False,False,False,PRM122 no y,58,58,55,U123-BLK-002,1,0,C,LIT-X023,ordered 2D slice/overlay profile continuity only,U123-BLK-002
XREG-v2.7-TECHNICAL,RAW-X052::overlay_blue_pixel_count_normalized_max_adjacent_jump,RAW-X052,ordered_profile_jump_turn,overlay_blue_pixel_count_normalized_max_adjacent_jump,dimensionless,ordered 801-slice or 800-overlay-pair verified profile,normalized RMS/q90/max adjacent jump or nonzero adjacent-gradient sign-turn rate,B|C|F|L|T,direct_statistic_from_verified_SLICE004_profile,PRM122_profile_jump_and_turn_batch,PRM122_profile_jump_and_turn_values_long.csv,batch_BC_candidate,full58_raw_table_batch_not_selected,confirmed_raw_table_lineage,batch_BC_unselected_block_aware,False,False,False,PRM122 no y,58,58,58,U123-BLK-003,1,0,B,LIT-X023,ordered 2D slice/overlay profile continuity only,U123-BLK-003
XREG-v2.7-TECHNICAL,RAW-X052::overlay_blue_pixel_count_normalized_q90_adjacent_jump,RAW-X052,ordered_profile_jump_turn,overlay_blue_pixel_count_normalized_q90_adjacent_jump,dimensionless,ordered 801-slice or 800-overlay-pair verified profile,normalized RMS/q90/max adjacent jump or nonzero adjacent-gradient sign-turn rate,B|C|F|L|T,direct_statistic_from_verified_SLICE004_profile,PRM122_profile_jump_and_turn_batch,PRM122_profile_jump_and_turn_values_long.csv,batch_BC_candidate,full58_raw_table_batch_not_selected,confirmed_raw_table_lineage,batch_BC_unselected_block_aware,False,False,False,PRM122 no y,58,58,57,U123-BLK-004,2,1,B,LIT-X023,ordered 2D slice/overlay profile continuity only,U123-BLK-004
XREG-v2.7-TECHNICAL,RAW-X052::overlay_blue_pixel_count_normalized_rms_adjacent_gradient,RAW-X052,ordered_profile_jump_turn,overlay_blue_pixel_count_normalized_rms_adjacent_gradient,dimensionless,ordered 801-slice or 800-overlay-pair verified profile,normalized RMS/q90/max adjacent jump or nonzero adjacent-gradient sign-turn rate,B|C|F|L|T,direct_statistic_from_verified_SLICE004_profile,PRM122_profile_jump_and_turn_batch,PRM122_profile_jump_and_turn_values_long.csv,batch_BC_candidate,full58_raw_table_batch_not_selected,confirmed_raw_table_lineage,batch_BC_unselected_block_aware,False,False,False,PRM122 no y,58,58,58,U123-BLK-005,1,0,B,LIT-X023,ordered 2D slice/overlay profile continuity only,U123-BLK-005
XREG-v2.7-TECHNICAL,RAW-X052::overlay_purple_pixel_count_adjacent_gradient_turn_rate,RAW-X052,ordered_profile_jump_turn,overlay_purple_pixel_count_adjacent_gradient_turn_rate,dimensionless,ordered 801-slice or 800-overlay-pair verified profile,normalized RMS/q90/max adjacent jump or nonzero adjacent-gradient sign-turn rate,B|C|F|L|T,derived_profile_turn_statistic_from_verified_SLICE004_profile,PRM122_profile_jump_and_turn_batch,PRM122_profile_jump_and_turn_values_long.csv,batch_BC_candidate,full58_raw_table_batch_not_selected,confirmed_raw_table_lineage,batch_BC_unselected_block_aware,False,False,False,PRM122 no y,58,58,58,U123-BLK-006,1,0,C,LIT-X023,ordered 2D slice/overlay profile continuity only,U123-BLK-006
XREG-v2.7-TECHNICAL,RAW-X052::overlay_purple_pixel_count_normalized_max_adjacent_jump,RAW-X052,ordered_profile_jump_turn,overlay_purple_pixel_count_normalized_max_adjacent_jump,dimensionless,ordered 801-slice or 800-overlay-pair verified profile,normalized RMS/q90/max adjacent jump or nonzero adjacent-gradient sign-turn rate,B|C|F|L|T,direct_statistic_from_verified_SLICE004_profile,PRM122_profile_jump_and_turn_batch,PRM122_profile_jump_and_turn_values_long.csv,batch_BC_candidate,full58_raw_table_batch_not_selected,confirmed_raw_table_lineage,batch_BC_unselected_block_aware,False,False,False,PRM122 no y,58,58,58,U123-BLK-007,2,1,B,LIT-X023,ordered 2D slice/overlay profile continuity only,U123-BLK-007
XREG-v2.7-TECHNICAL,RAW-X052::overlay_purple_pixel_count_normalized_q90_adjacent_jump,RAW-X052,ordered_profile_jump_turn,overlay_purple_pixel_count_normalized_q90_adjacent_jump,dimensionless,ordered 801-slice or 800-overlay-pair verified profile,normalized RMS/q90/max adjacent jump or nonzero adjacent-gradient sign-turn rate,B|C|F|L|T,direct_statistic_from_verified_SLICE004_profile,PRM122_profile_jump_and_turn_batch,PRM122_profile_jump_and_turn_values_long.csv,batch_BC_candidate,full58_raw_table_batch_not_selected,confirmed_raw_table_lineage,batch_BC_unselected_block_aware,False,False,False,PRM122 no y,58,58,57,U123-BLK-008,2,1,B,LIT-X023,ordered 2D slice/overlay profile continuity only,U123-BLK-008
XREG-v2.7-TECHNICAL,RAW-X052::overlay_purple_pixel_count_normalized_rms_adjacent_gradient,RAW-X052,ordered_profile_jump_turn,overlay_purple_pixel_count_normalized_rms_adjacent_gradient,dimensionless,ordered 801-slice or 800-overlay-pair verified profile,normalized RMS/q90/max adjacent jump or nonzero adjacent-gradient sign-turn rate,B|C|F|L|T,direct_statistic_from_verified_SLICE004_profile,PRM122_profile_jump_and_turn_batch,PRM122_profile_jump_and_turn_values_long.csv,batch_BC_candidate,full58_raw_table_batch_not_selected,confirmed_raw_table_lineage,batch_BC_unselected_block_aware,False,False,False,PRM122 no y,58,58,58,U123-BLK-001,3,2,B,LIT-X023,ordered 2D slice/overlay profile continuity only,U123-BLK-001
XREG-v2.7-TECHNICAL,RAW-X052::overlay_red_pixel_count_adjacent_gradient_turn_rate,RAW-X052,ordered_profile_jump_turn,overlay_red_pixel_count_adjacent_gradient_turn_rate,dimensionless,ordered 801-slice or 800-overlay-pair verified profile,normalized RMS/q90/max adjacent jump or nonzero adjacent-gradient sign-turn rate,B|C|F|L|T,derived_profile_turn_statistic_from_verified_SLICE004_profile,PRM122_profile_jump_and_turn_batch,PRM122_profile_jump_and_turn_values_long.csv,batch_BC_candidate,full58_raw_table_batch_not_selected,confirmed_raw_table_lineage,batch_BC_unselected_block_aware,False,False,False,PRM122 no y,58,58,55,U123-BLK-009,1,0,C,LIT-X023,ordered 2D slice/overlay profile continuity only,U123-BLK-009
XREG-v2.7-TECHNICAL,RAW-X052::overlay_red_pixel_count_normalized_max_adjacent_jump,RAW-X052,ordered_profile_jump_turn,overlay_red_pixel_count_normalized_max_adjacent_jump,dimensionless,ordered 801-slice or 800-overlay-pair verified profile,normalized RMS/q90/max adjacent jump or nonzero adjacent-gradient sign-turn rate,B|C|F|L|T,direct_statistic_from_verified_SLICE004_profile,PRM122_profile_jump_and_turn_batch,PRM122_profile_jump_and_turn_values_long.csv,batch_BC_candidate,full58_raw_table_batch_not_selected,confirmed_raw_table_lineage,batch_BC_unselected_block_aware,False,False,False,PRM122 no y,58,58,58,U123-BLK-010,1,0,B,LIT-X023,ordered 2D slice/overlay profile continuity only,U123-BLK-010
XREG-v2.7-TECHNICAL,RAW-X052::overlay_red_pixel_count_normalized_q90_adjacent_jump,RAW-X052,ordered_profile_jump_turn,overlay_red_pixel_count_normalized_q90_adjacent_jump,dimensionless,ordered 801-slice or 800-overlay-pair verified profile,normalized RMS/q90/max adjacent jump or nonzero adjacent-gradient sign-turn rate,B|C|F|L|T,direct_statistic_from_verified_SLICE004_profile,PRM122_profile_jump_and_turn_batch,PRM122_profile_jump_and_turn_values_long.csv,batch_BC_candidate,full58_raw_table_batch_not_selected,confirmed_raw_table_lineage,batch_BC_unselected_block_aware,False,False,False,PRM122 no y,58,58,57,U123-BLK-004,2,1,B,LIT-X023,ordered 2D slice/overlay profile continuity only,U123-BLK-004
XREG-v2.7-TECHNICAL,RAW-X052::overlay_red_pixel_count_normalized_rms_adjacent_gradient,RAW-X052,ordered_profile_jump_turn,overlay_red_pixel_count_normalized_rms_adjacent_gradient,dimensionless,ordered 801-slice or 800-overlay-pair verified profile,normalized RMS/q90/max adjacent jump or nonzero adjacent-gradient sign-turn rate,B|C|F|L|T,direct_statistic_from_verified_SLICE004_profile,PRM122_profile_jump_and_turn_batch,PRM122_profile_jump_and_turn_values_long.csv,batch_BC_candidate,full58_raw_table_batch_not_selected,confirmed_raw_table_lineage,batch_BC_unselected_block_aware,False,False,False,PRM122 no y,58,58,58,U123-BLK-011,1,0,B,LIT-X023,ordered 2D slice/overlay profile continuity only,U123-BLK-011
XREG-v2.7-TECHNICAL,RAW-X052::overlay_union_pixel_count_adjacent_gradient_turn_rate,RAW-X052,ordered_profile_jump_turn,overlay_union_pixel_count_adjacent_gradient_turn_rate,dimensionless,ordered 801-slice or 800-overlay-pair verified profile,normalized RMS/q90/max adjacent jump or nonzero adjacent-gradient sign-turn rate,B|C|F|L|T,derived_profile_turn_statistic_from_verified_SLICE004_profile,PRM122_profile_jump_and_turn_batch,PRM122_profile_jump_and_turn_values_long.csv,batch_BC_candidate,full58_raw_table_batch_not_selected,confirmed_raw_table_lineage,batch_BC_unselected_block_aware,False,False,False,PRM122 no y,58,58,57,U123-BLK-012,1,0,C,LIT-X023,ordered 2D slice/overlay profile continuity only,U123-BLK-012
XREG-v2.7-TECHNICAL,RAW-X052::overlay_union_pixel_count_normalized_max_adjacent_jump,RAW-X052,ordered_profile_jump_turn,overlay_union_pixel_count_normalized_max_adjacent_jump,dimensionless,ordered 801-slice or 800-overlay-pair verified profile,normalized RMS/q90/max adjacent jump or nonzero adjacent-gradient sign-turn rate,B|C|F|L|T,direct_statistic_from_verified_SLICE004_profile,PRM122_profile_jump_and_turn_batch,PRM122_profile_jump_and_turn_values_long.csv,batch_BC_candidate,full58_raw_table_batch_not_selected,confirmed_raw_table_lineage,batch_BC_unselected_block_aware,False,False,False,PRM122 no y,58,58,58,U123-BLK-013,1,0,B,LIT-X023,ordered 2D slice/overlay profile continuity only,U123-BLK-013
XREG-v2.7-TECHNICAL,RAW-X052::overlay_union_pixel_count_normalized_q90_adjacent_jump,RAW-X052,ordered_profile_jump_turn,overlay_union_pixel_count_normalized_q90_adjacent_jump,dimensionless,ordered 801-slice or 800-overlay-pair verified profile,normalized RMS/q90/max adjacent jump or nonzero adjacent-gradient sign-turn rate,B|C|F|L|T,direct_statistic_from_verified_SLICE004_profile,PRM122_profile_jump_and_turn_batch,PRM122_profile_jump_and_turn_values_long.csv,batch_BC_candidate,full58_raw_table_batch_not_selected,confirmed_raw_table_lineage,batch_BC_unselected_block_aware,False,False,False,PRM122 no y,58,58,57,U123-BLK-008,2,1,B,LIT-X023,ordered 2D slice/overlay profile continuity only,U123-BLK-008
XREG-v2.7-TECHNICAL,RAW-X052::overlay_union_pixel_count_normalized_rms_adjacent_gradient,RAW-X052,ordered_profile_jump_turn,overlay_union_pixel_count_normalized_rms_adjacent_gradient,dimensionless,ordered 801-slice or 800-overlay-pair verified profile,normalized RMS/q90/max adjacent jump or nonzero adjacent-gradient sign-turn rate,B|C|F|L|T,direct_statistic_from_verified_SLICE004_profile,PRM122_profile_jump_and_turn_batch,PRM122_profile_jump_and_turn_values_long.csv,batch_BC_candidate,full58_raw_table_batch_not_selected,confirmed_raw_table_lineage,batch_BC_unselected_block_aware,False,False,False,PRM122 no y,58,58,58,U123-BLK-014,1,0,B,LIT-X023,ordered 2D slice/overlay profile continuity only,U123-BLK-014
XREG-v2.7-TECHNICAL,RAW-X052::slice_component_count_adjacent_gradient_turn_rate,RAW-X052,ordered_profile_jump_turn,slice_component_count_adjacent_gradient_turn_rate,dimensionless,ordered 801-slice or 800-overlay-pair verified profile,normalized RMS/q90/max adjacent jump or nonzero adjacent-gradient sign-turn rate,B|C|F|L|T,derived_profile_turn_statistic_from_verified_SLICE004_profile,PRM122_profile_jump_and_turn_batch,PRM122_profile_jump_and_turn_values_long.csv,batch_BC_candidate,full58_raw_table_batch_not_selected,confirmed_raw_table_lineage,batch_BC_unselected_block_aware,False,False,False,PRM122 no y,58,58,18,U123-BLK-015,1,0,C,LIT-X023,ordered 2D slice/overlay profile continuity only,U123-BLK-015
XREG-v2.7-TECHNICAL,RAW-X052::slice_component_count_normalized_max_adjacent_jump,RAW-X052,ordered_profile_jump_turn,slice_component_count_normalized_max_adjacent_jump,dimensionless,ordered 801-slice or 800-overlay-pair verified profile,normalized RMS/q90/max adjacent jump or nonzero adjacent-gradient sign-turn rate,B|C|F|L|T,direct_statistic_from_verified_SLICE004_profile,PRM122_profile_jump_and_turn_batch,PRM122_profile_jump_and_turn_values_long.csv,batch_BC_candidate,full58_raw_table_batch_not_selected,confirmed_raw_table_lineage,batch_BC_unselected_block_aware,False,False,False,PRM122 no y,58,58,57,U123-BLK-016,1,0,B,LIT-X023,ordered 2D slice/overlay profile continuity only,U123-BLK-016
XREG-v2.7-TECHNICAL,RAW-X052::slice_component_count_normalized_q90_adjacent_jump,RAW-X052,ordered_profile_jump_turn,slice_component_count_normalized_q90_adjacent_jump,dimensionless,ordered 801-slice or 800-overlay-pair verified profile,normalized RMS/q90/max adjacent jump or nonzero adjacent-gradient sign-turn rate,B|C|F|L|T,direct_statistic_from_verified_SLICE004_profile,PRM122_profile_jump_and_turn_batch,PRM122_profile_jump_and_turn_values_long.csv,batch_BC_candidate,full58_raw_table_batch_not_selected,confirmed_raw_table_lineage,batch_BC_unselected_block_aware,False,False,False,PRM122 no y,58,58,18,U123-BLK-017,1,0,B,LIT-X023,ordered 2D slice/overlay profile continuity only,U123-BLK-017
XREG-v2.7-TECHNICAL,RAW-X052::slice_component_count_normalized_rms_adjacent_gradient,RAW-X052,ordered_profile_jump_turn,slice_component_count_normalized_rms_adjacent_gradient,dimensionless,ordered 801-slice or 800-overlay-pair verified profile,normalized RMS/q90/max adjacent jump or nonzero adjacent-gradient sign-turn rate,B|C|F|L|T,direct_statistic_from_verified_SLICE004_profile,PRM122_profile_jump_and_turn_batch,PRM122_profile_jump_and_turn_values_long.csv,batch_BC_candidate,full58_raw_table_batch_not_selected,confirmed_raw_table_lineage,batch_BC_unselected_block_aware,False,False,False,PRM122 no y,58,58,58,U123-BLK-018,1,0,B,LIT-X023,ordered 2D slice/overlay profile continuity only,U123-BLK-018
XREG-v2.7-TECHNICAL,RAW-X052::slice_material_area_adjacent_gradient_turn_rate,RAW-X052,ordered_profile_jump_turn,slice_material_area_adjacent_gradient_turn_rate,dimensionless,ordered 801-slice or 800-overlay-pair verified profile,normalized RMS/q90/max adjacent jump or nonzero adjacent-gradient sign-turn rate,B|C|F|L|T,derived_profile_turn_statistic_from_verified_SLICE004_profile,PRM122_profile_jump_and_turn_batch,PRM122_profile_jump_and_turn_values_long.csv,batch_BC_candidate,full58_raw_table_batch_not_selected,confirmed_raw_table_lineage,batch_BC_unselected_block_aware,False,False,False,PRM122 no y,58,58,52,U123-BLK-019,1,0,C,LIT-X023,ordered 2D slice/overlay profile continuity only,U123-BLK-019
XREG-v2.7-TECHNICAL,RAW-X052::slice_material_area_normalized_max_adjacent_jump,RAW-X052,ordered_profile_jump_turn,slice_material_area_normalized_max_adjacent_jump,dimensionless,ordered 801-slice or 800-overlay-pair verified profile,normalized RMS/q90/max adjacent jump or nonzero adjacent-gradient sign-turn rate,B|C|F|L|T,direct_statistic_from_verified_SLICE004_profile,PRM122_profile_jump_and_turn_batch,PRM122_profile_jump_and_turn_values_long.csv,batch_BC_candidate,full58_raw_table_batch_not_selected,confirmed_raw_table_lineage,batch_BC_unselected_block_aware,False,False,False,PRM122 no y,58,58,58,U123-BLK-007,2,1,B,LIT-X023,ordered 2D slice/overlay profile continuity only,U123-BLK-007
XREG-v2.7-TECHNICAL,RAW-X052::slice_material_area_normalized_q90_adjacent_jump,RAW-X052,ordered_profile_jump_turn,slice_material_area_normalized_q90_adjacent_jump,dimensionless,ordered 801-slice or 800-overlay-pair verified profile,normalized RMS/q90/max adjacent jump or nonzero adjacent-gradient sign-turn rate,B|C|F|L|T,direct_statistic_from_verified_SLICE004_profile,PRM122_profile_jump_and_turn_batch,PRM122_profile_jump_and_turn_values_long.csv,batch_BC_candidate,full58_raw_table_batch_not_selected,confirmed_raw_table_lineage,batch_BC_unselected_block_aware,False,False,False,PRM122 no y,58,58,57,U123-BLK-020,1,0,B,LIT-X023,ordered 2D slice/overlay profile continuity only,U123-BLK-020
XREG-v2.7-TECHNICAL,RAW-X052::slice_material_area_normalized_rms_adjacent_gradient,RAW-X052,ordered_profile_jump_turn,slice_material_area_normalized_rms_adjacent_gradient,dimensionless,ordered 801-slice or 800-overlay-pair verified profile,normalized RMS/q90/max adjacent jump or nonzero adjacent-gradient sign-turn rate,B|C|F|L|T,direct_statistic_from_verified_SLICE004_profile,PRM122_profile_jump_and_turn_batch,PRM122_profile_jump_and_turn_values_long.csv,batch_BC_candidate,full58_raw_table_batch_not_selected,confirmed_raw_table_lineage,batch_BC_unselected_block_aware,False,False,False,PRM122 no y,58,58,58,U123-BLK-021,1,0,B,LIT-X023,ordered 2D slice/overlay profile continuity only,U123-BLK-021
XREG-v2.7-TECHNICAL,RAW-X053::phase_composition_entropy_iqr,RAW-X053,overlay_phase_balance_profile,phase_composition_entropy_iqr,dimensionless,800-pair verified overlay color counts; entropy uses red+blue+purple-normalized composition,pairwise red-blue balance or normalized three-phase composition entropy followed by profile statistic,B|C|F|L|T,derived_phase_composition_statistic_from_verified_SLICE004_profile,PRM124_overlay_phase_balance_batch,PRM124_overlay_phase_balance_values_long.csv,batch_BC_candidate,full58_raw_table_batch_not_selected,confirmed_raw_table_lineage,batch_BC_unselected_block_aware,False,False,False,PRM124 no y,58,58,57,U125-BLK-001,1,0,C,LIT-X035,2D overlay phase balance only,U125-BLK-001
XREG-v2.7-TECHNICAL,RAW-X053::phase_composition_entropy_mean,RAW-X053,overlay_phase_balance_profile,phase_composition_entropy_mean,dimensionless,800-pair verified overlay color counts; entropy uses red+blue+purple-normalized composition,pairwise red-blue balance or normalized three-phase composition entropy followed by profile statistic,B|C|F|L|T,derived_phase_composition_statistic_from_verified_SLICE004_profile,PRM124_overlay_phase_balance_batch,PRM124_overlay_phase_balance_values_long.csv,batch_BC_candidate,full58_raw_table_batch_not_selected,confirmed_raw_table_lineage,batch_BC_unselected_block_aware,False,False,False,PRM124 no y,58,58,58,U125-BLK-002,1,0,C,LIT-X035,2D overlay phase balance only,U125-BLK-002
XREG-v2.7-TECHNICAL,RAW-X053::phase_composition_entropy_population_std,RAW-X053,overlay_phase_balance_profile,phase_composition_entropy_population_std,dimensionless,800-pair verified overlay color counts; entropy uses red+blue+purple-normalized composition,pairwise red-blue balance or normalized three-phase composition entropy followed by profile statistic,B|C|F|L|T,derived_phase_composition_statistic_from_verified_SLICE004_profile,PRM124_overlay_phase_balance_batch,PRM124_overlay_phase_balance_values_long.csv,batch_BC_candidate,full58_raw_table_batch_not_selected,confirmed_raw_table_lineage,batch_BC_unselected_block_aware,False,False,False,PRM124 no y,58,58,58,U125-BLK-003,1,0,C,LIT-X035,2D overlay phase balance only,U125-BLK-003
XREG-v2.7-TECHNICAL,RAW-X053::phase_composition_entropy_q10,RAW-X053,overlay_phase_balance_profile,phase_composition_entropy_q10,dimensionless,800-pair verified overlay color counts; entropy uses red+blue+purple-normalized composition,pairwise red-blue balance or normalized three-phase composition entropy followed by profile statistic,B|C|F|L|T,derived_phase_composition_statistic_from_verified_SLICE004_profile,PRM124_overlay_phase_balance_batch,PRM124_overlay_phase_balance_values_long.csv,batch_BC_candidate,full58_raw_table_batch_not_selected,confirmed_raw_table_lineage,batch_BC_unselected_block_aware,False,False,False,PRM124 no y,58,58,54,U131-BLK-001,2,1,C,LIT-X035,2D overlay phase balance only,U131-BLK-001
XREG-v2.7-TECHNICAL,RAW-X053::phase_composition_entropy_q50,RAW-X053,overlay_phase_balance_profile,phase_composition_entropy_q50,dimensionless,800-pair verified overlay color counts; entropy uses red+blue+purple-normalized composition,pairwise red-blue balance or normalized three-phase composition entropy followed by profile statistic,B|C|F|L|T,derived_phase_composition_statistic_from_verified_SLICE004_profile,PRM124_overlay_phase_balance_batch,PRM124_overlay_phase_balance_values_long.csv,batch_BC_candidate,full58_raw_table_batch_not_selected,confirmed_raw_table_lineage,batch_BC_unselected_block_aware,False,False,False,PRM124 no y,58,58,57,U131-BLK-002,2,1,C,LIT-X035,2D overlay phase balance only,U131-BLK-002
XREG-v2.7-TECHNICAL,RAW-X053::phase_composition_entropy_q90,RAW-X053,overlay_phase_balance_profile,phase_composition_entropy_q90,dimensionless,800-pair verified overlay color counts; entropy uses red+blue+purple-normalized composition,pairwise red-blue balance or normalized three-phase composition entropy followed by profile statistic,B|C|F|L|T,derived_phase_composition_statistic_from_verified_SLICE004_profile,PRM124_overlay_phase_balance_batch,PRM124_overlay_phase_balance_values_long.csv,batch_BC_candidate,full58_raw_table_batch_not_selected,confirmed_raw_table_lineage,batch_BC_unselected_block_aware,False,False,False,PRM124 no y,58,58,57,U125-BLK-006,1,0,C,LIT-X035,2D overlay phase balance only,U125-BLK-006
XREG-v2.7-TECHNICAL,RAW-X053::red_blue_absolute_balance_iqr,RAW-X053,overlay_phase_balance_profile,red_blue_absolute_balance_iqr,dimensionless,800-pair verified overlay color counts; entropy uses red+blue+purple-normalized composition,pairwise red-blue balance or normalized three-phase composition entropy followed by profile statistic,B|C|F|L|T,direct_statistic_from_verified_SLICE004_profile,PRM124_overlay_phase_balance_batch,PRM124_overlay_phase_balance_values_long.csv,batch_BC_candidate,full58_raw_table_batch_not_selected,confirmed_raw_table_lineage,batch_BC_unselected_block_aware,False,False,False,PRM124 no y,58,58,57,U125-BLK-007,1,0,B,LIT-X035,2D overlay phase balance only,U125-BLK-007
XREG-v2.7-TECHNICAL,RAW-X053::red_blue_absolute_balance_mean,RAW-X053,overlay_phase_balance_profile,red_blue_absolute_balance_mean,dimensionless,800-pair verified overlay color counts; entropy uses red+blue+purple-normalized composition,pairwise red-blue balance or normalized three-phase composition entropy followed by profile statistic,B|C|F|L|T,direct_statistic_from_verified_SLICE004_profile,PRM124_overlay_phase_balance_batch,PRM124_overlay_phase_balance_values_long.csv,batch_BC_candidate,full58_raw_table_batch_not_selected,confirmed_raw_table_lineage,batch_BC_unselected_block_aware,False,False,False,PRM124 no y,58,58,58,U125-BLK-008,1,0,B,LIT-X035,2D overlay phase balance only,U125-BLK-008
XREG-v2.7-TECHNICAL,RAW-X053::red_blue_absolute_balance_population_std,RAW-X053,overlay_phase_balance_profile,red_blue_absolute_balance_population_std,dimensionless,800-pair verified overlay color counts; entropy uses red+blue+purple-normalized composition,pairwise red-blue balance or normalized three-phase composition entropy followed by profile statistic,B|C|F|L|T,direct_statistic_from_verified_SLICE004_profile,PRM124_overlay_phase_balance_batch,PRM124_overlay_phase_balance_values_long.csv,batch_BC_candidate,full58_raw_table_batch_not_selected,confirmed_raw_table_lineage,batch_BC_unselected_block_aware,False,False,False,PRM124 no y,58,58,58,U125-BLK-009,1,0,B,LIT-X035,2D overlay phase balance only,U125-BLK-009
XREG-v2.7-TECHNICAL,RAW-X053::red_blue_absolute_balance_q10,RAW-X053,overlay_phase_balance_profile,red_blue_absolute_balance_q10,dimensionless,800-pair verified overlay color counts; entropy uses red+blue+purple-normalized composition,pairwise red-blue balance or normalized three-phase composition entropy followed by profile statistic,B|C|F|L|T,direct_statistic_from_verified_SLICE004_profile,PRM124_overlay_phase_balance_batch,PRM124_overlay_phase_balance_values_long.csv,batch_BC_candidate,full58_raw_table_batch_not_selected,confirmed_raw_table_lineage,batch_BC_unselected_block_aware,False,False,False,PRM124 no y,58,58,51,U125-BLK-010,1,0,B,LIT-X035,2D overlay phase balance only,U125-BLK-010
XREG-v2.7-TECHNICAL,RAW-X053::red_blue_absolute_balance_q50,RAW-X053,overlay_phase_balance_profile,red_blue_absolute_balance_q50,dimensionless,800-pair verified overlay color counts; entropy uses red+blue+purple-normalized composition,pairwise red-blue balance or normalized three-phase composition entropy followed by profile statistic,B|C|F|L|T,direct_statistic_from_verified_SLICE004_profile,PRM124_overlay_phase_balance_batch,PRM124_overlay_phase_balance_values_long.csv,batch_BC_candidate,full58_raw_table_batch_not_selected,confirmed_raw_table_lineage,batch_BC_unselected_block_aware,False,False,False,PRM124 no y,58,58,54,U125-BLK-011,2,1,B,LIT-X035,2D overlay phase balance only,U125-BLK-011
XREG-v2.7-TECHNICAL,RAW-X053::red_blue_absolute_balance_q90,RAW-X053,overlay_phase_balance_profile,red_blue_absolute_balance_q90,dimensionless,800-pair verified overlay color counts; entropy uses red+blue+purple-normalized composition,pairwise red-blue balance or normalized three-phase composition entropy followed by profile statistic,B|C|F|L|T,direct_statistic_from_verified_SLICE004_profile,PRM124_overlay_phase_balance_batch,PRM124_overlay_phase_balance_values_long.csv,batch_BC_candidate,full58_raw_table_batch_not_selected,confirmed_raw_table_lineage,batch_BC_unselected_block_aware,False,False,False,PRM124 no y,58,58,45,U147-BLK-002,2,1,B,LIT-X035,2D overlay phase balance only,U147-BLK-002
XREG-v2.7-TECHNICAL,RAW-X053::red_blue_signed_balance_iqr,RAW-X053,overlay_phase_balance_profile,red_blue_signed_balance_iqr,dimensionless,800-pair verified overlay color counts; entropy uses red+blue+purple-normalized composition,pairwise red-blue balance or normalized three-phase composition entropy followed by profile statistic,B|C|F|L|T,direct_statistic_from_verified_SLICE004_profile,PRM124_overlay_phase_balance_batch,PRM124_overlay_phase_balance_values_long.csv,batch_BC_candidate,full58_raw_table_batch_not_selected,confirmed_raw_table_lineage,batch_BC_unselected_block_aware,False,False,False,PRM124 no y,58,58,54,U125-BLK-011,2,1,B,LIT-X035,2D overlay phase balance only,U125-BLK-011
XREG-v2.7-TECHNICAL,RAW-X053::red_blue_signed_balance_mean,RAW-X053,overlay_phase_balance_profile,red_blue_signed_balance_mean,dimensionless,800-pair verified overlay color counts; entropy uses red+blue+purple-normalized composition,pairwise red-blue balance or normalized three-phase composition entropy followed by profile statistic,B|C|F|L|T,direct_statistic_from_verified_SLICE004_profile,PRM124_overlay_phase_balance_batch,PRM124_overlay_phase_balance_values_long.csv,batch_BC_candidate,full58_raw_table_batch_not_selected,confirmed_raw_table_lineage,batch_BC_unselected_block_aware,False,False,False,PRM124 no y,58,58,58,U125-BLK-013,1,0,B,LIT-X035,2D overlay phase balance only,U125-BLK-013
XREG-v2.7-TECHNICAL,RAW-X053::red_blue_signed_balance_population_std,RAW-X053,overlay_phase_balance_profile,red_blue_signed_balance_population_std,dimensionless,800-pair verified overlay color counts; entropy uses red+blue+purple-normalized composition,pairwise red-blue balance or normalized three-phase composition entropy followed by profile statistic,B|C|F|L|T,direct_statistic_from_verified_SLICE004_profile,PRM124_overlay_phase_balance_batch,PRM124_overlay_phase_balance_values_long.csv,batch_BC_candidate,full58_raw_table_batch_not_selected,confirmed_raw_table_lineage,batch_BC_unselected_block_aware,False,False,False,PRM124 no y,58,58,58,U125-BLK-014,1,0,B,LIT-X035,2D overlay phase balance only,U125-BLK-014
XREG-v2.7-TECHNICAL,RAW-X053::red_blue_signed_balance_q10,RAW-X053,overlay_phase_balance_profile,red_blue_signed_balance_q10,dimensionless,800-pair verified overlay color counts; entropy uses red+blue+purple-normalized composition,pairwise red-blue balance or normalized three-phase composition entropy followed by profile statistic,B|C|F|L|T,direct_statistic_from_verified_SLICE004_profile,PRM124_overlay_phase_balance_batch,PRM124_overlay_phase_balance_values_long.csv,batch_BC_candidate,full58_raw_table_batch_not_selected,confirmed_raw_table_lineage,batch_BC_unselected_block_aware,False,False,False,PRM124 no y,58,58,51,U125-BLK-015,2,1,B,LIT-X035,2D overlay phase balance only,U125-BLK-015
XREG-v2.7-TECHNICAL,RAW-X053::red_blue_signed_balance_q50,RAW-X053,overlay_phase_balance_profile,red_blue_signed_balance_q50,dimensionless,800-pair verified overlay color counts; entropy uses red+blue+purple-normalized composition,pairwise red-blue balance or normalized three-phase composition entropy followed by profile statistic,B|C|F|L|T,direct_statistic_from_verified_SLICE004_profile,PRM124_overlay_phase_balance_batch,PRM124_overlay_phase_balance_values_long.csv,batch_BC_candidate,full58_raw_table_batch_not_selected,confirmed_raw_table_lineage,batch_BC_unselected_block_aware,False,False,False,PRM124 no y,58,58,46,U125-BLK-016,1,0,B,LIT-X035,2D overlay phase balance only,U125-BLK-016
XREG-v2.7-TECHNICAL,RAW-X053::red_blue_signed_balance_q90,RAW-X053,overlay_phase_balance_profile,red_blue_signed_balance_q90,dimensionless,800-pair verified overlay color counts; entropy uses red+blue+purple-normalized composition,pairwise red-blue balance or normalized three-phase composition entropy followed by profile statistic,B|C|F|L|T,direct_statistic_from_verified_SLICE004_profile,PRM124_overlay_phase_balance_batch,PRM124_overlay_phase_balance_values_long.csv,batch_BC_candidate,full58_raw_table_batch_not_selected,confirmed_raw_table_lineage,batch_BC_unselected_block_aware,False,False,False,PRM124 no y,58,58,51,U125-BLK-015,2,1,B,LIT-X035,2D overlay phase balance only,U125-BLK-015
XREG-v2.7-TECHNICAL,RAW-X054::kept_component_density_per_mpx_iqr,RAW-X054,overlay_component_density_profile,kept_component_density_per_mpx_iqr,components_per_Mpx,800-pair verified overlay pixel readback component counts normalized by union-pixel area,"per-overlay raw/kept/removed component density or raw-to-kept ratio, summarized across 800 pairs",B|C|F|L|T,derived_statistic_from_verified_SLICE004_profile,PRM126_overlay_component_density_batch,PRM126_overlay_component_density_values_long.csv,batch_BC_candidate,full58_raw_table_batch_not_selected,confirmed_raw_table_lineage,batch_BC_unselected_block_aware,False,False,False,PRM126 no y,58,58,58,U127-BLK-001,2,1,B,LIT-X017,2D overlay component-density only,U127-BLK-001
XREG-v2.7-TECHNICAL,RAW-X054::kept_component_density_per_mpx_mean,RAW-X054,overlay_component_density_profile,kept_component_density_per_mpx_mean,components_per_Mpx,800-pair verified overlay pixel readback component counts normalized by union-pixel area,"per-overlay raw/kept/removed component density or raw-to-kept ratio, summarized across 800 pairs",B|C|F|L|T,derived_statistic_from_verified_SLICE004_profile,PRM126_overlay_component_density_batch,PRM126_overlay_component_density_values_long.csv,batch_BC_candidate,full58_raw_table_batch_not_selected,confirmed_raw_table_lineage,batch_BC_unselected_block_aware,False,False,False,PRM126 no y,58,58,58,U127-BLK-002,2,1,B,LIT-X017,2D overlay component-density only,U127-BLK-002
XREG-v2.7-TECHNICAL,RAW-X054::kept_component_density_per_mpx_population_std,RAW-X054,overlay_component_density_profile,kept_component_density_per_mpx_population_std,components_per_Mpx,800-pair verified overlay pixel readback component counts normalized by union-pixel area,"per-overlay raw/kept/removed component density or raw-to-kept ratio, summarized across 800 pairs",B|C|F|L|T,derived_statistic_from_verified_SLICE004_profile,PRM126_overlay_component_density_batch,PRM126_overlay_component_density_values_long.csv,batch_BC_candidate,full58_raw_table_batch_not_selected,confirmed_raw_table_lineage,batch_BC_unselected_block_aware,False,False,False,PRM126 no y,58,58,58,U127-BLK-003,2,1,B,LIT-X017,2D overlay component-density only,U127-BLK-003
XREG-v2.7-TECHNICAL,RAW-X054::kept_component_density_per_mpx_q10,RAW-X054,overlay_component_density_profile,kept_component_density_per_mpx_q10,components_per_Mpx,800-pair verified overlay pixel readback component counts normalized by union-pixel area,"per-overlay raw/kept/removed component density or raw-to-kept ratio, summarized across 800 pairs",B|C|F|L|T,derived_statistic_from_verified_SLICE004_profile,PRM126_overlay_component_density_batch,PRM126_overlay_component_density_values_long.csv,batch_BC_candidate,full58_raw_table_batch_not_selected,confirmed_raw_table_lineage,batch_BC_unselected_block_aware,False,False,False,PRM126 no y,58,58,58,U127-BLK-004,2,1,B,LIT-X017,2D overlay component-density only,U127-BLK-004
XREG-v2.7-TECHNICAL,RAW-X054::kept_component_density_per_mpx_q50,RAW-X054,overlay_component_density_profile,kept_component_density_per_mpx_q50,components_per_Mpx,800-pair verified overlay pixel readback component counts normalized by union-pixel area,"per-overlay raw/kept/removed component density or raw-to-kept ratio, summarized across 800 pairs",B|C|F|L|T,derived_statistic_from_verified_SLICE004_profile,PRM126_overlay_component_density_batch,PRM126_overlay_component_density_values_long.csv,batch_BC_candidate,full58_raw_table_batch_not_selected,confirmed_raw_table_lineage,batch_BC_unselected_block_aware,False,False,False,PRM126 no y,58,58,58,U127-BLK-005,2,1,B,LIT-X017,2D overlay component-density only,U127-BLK-005
XREG-v2.7-TECHNICAL,RAW-X054::kept_component_density_per_mpx_q90,RAW-X054,overlay_component_density_profile,kept_component_density_per_mpx_q90,components_per_Mpx,800-pair verified overlay pixel readback component counts normalized by union-pixel area,"per-overlay raw/kept/removed component density or raw-to-kept ratio, summarized across 800 pairs",B|C|F|L|T,derived_statistic_from_verified_SLICE004_profile,PRM126_overlay_component_density_batch,PRM126_overlay_component_density_values_long.csv,batch_BC_candidate,full58_raw_table_batch_not_selected,confirmed_raw_table_lineage,batch_BC_unselected_block_aware,False,False,False,PRM126 no y,58,58,58,U127-BLK-006,2,1,B,LIT-X017,2D overlay component-density only,U127-BLK-006
XREG-v2.7-TECHNICAL,RAW-X054::raw_component_density_per_mpx_iqr,RAW-X054,overlay_component_density_profile,raw_component_density_per_mpx_iqr,components_per_Mpx,800-pair verified overlay pixel readback component counts normalized by union-pixel area,"per-overlay raw/kept/removed component density or raw-to-kept ratio, summarized across 800 pairs",B|C|F|L|T,derived_statistic_from_verified_SLICE004_profile,PRM126_overlay_component_density_batch,PRM126_overlay_component_density_values_long.csv,batch_BC_candidate,full58_raw_table_batch_not_selected,confirmed_raw_table_lineage,batch_BC_unselected_block_aware,False,False,False,PRM126 no y,58,58,58,U127-BLK-001,2,1,B,LIT-X017,2D overlay component-density only,U127-BLK-001
XREG-v2.7-TECHNICAL,RAW-X054::raw_component_density_per_mpx_mean,RAW-X054,overlay_component_density_profile,raw_component_density_per_mpx_mean,components_per_Mpx,800-pair verified overlay pixel readback component counts normalized by union-pixel area,"per-overlay raw/kept/removed component density or raw-to-kept ratio, summarized across 800 pairs",B|C|F|L|T,derived_statistic_from_verified_SLICE004_profile,PRM126_overlay_component_density_batch,PRM126_overlay_component_density_values_long.csv,batch_BC_candidate,full58_raw_table_batch_not_selected,confirmed_raw_table_lineage,batch_BC_unselected_block_aware,False,False,False,PRM126 no y,58,58,58,U127-BLK-002,2,1,B,LIT-X017,2D overlay component-density only,U127-BLK-002
XREG-v2.7-TECHNICAL,RAW-X054::raw_component_density_per_mpx_population_std,RAW-X054,overlay_component_density_profile,raw_component_density_per_mpx_population_std,components_per_Mpx,800-pair verified overlay pixel readback component counts normalized by union-pixel area,"per-overlay raw/kept/removed component density or raw-to-kept ratio, summarized across 800 pairs",B|C|F|L|T,derived_statistic_from_verified_SLICE004_profile,PRM126_overlay_component_density_batch,PRM126_overlay_component_density_values_long.csv,batch_BC_candidate,full58_raw_table_batch_not_selected,confirmed_raw_table_lineage,batch_BC_unselected_block_aware,False,False,False,PRM126 no y,58,58,58,U127-BLK-003,2,1,B,LIT-X017,2D overlay component-density only,U127-BLK-003
XREG-v2.7-TECHNICAL,RAW-X054::raw_component_density_per_mpx_q10,RAW-X054,overlay_component_density_profile,raw_component_density_per_mpx_q10,components_per_Mpx,800-pair verified overlay pixel readback component counts normalized by union-pixel area,"per-overlay raw/kept/removed component density or raw-to-kept ratio, summarized across 800 pairs",B|C|F|L|T,derived_statistic_from_verified_SLICE004_profile,PRM126_overlay_component_density_batch,PRM126_overlay_component_density_values_long.csv,batch_BC_candidate,full58_raw_table_batch_not_selected,confirmed_raw_table_lineage,batch_BC_unselected_block_aware,False,False,False,PRM126 no y,58,58,58,U127-BLK-004,2,1,B,LIT-X017,2D overlay component-density only,U127-BLK-004
XREG-v2.7-TECHNICAL,RAW-X054::raw_component_density_per_mpx_q50,RAW-X054,overlay_component_density_profile,raw_component_density_per_mpx_q50,components_per_Mpx,800-pair verified overlay pixel readback component counts normalized by union-pixel area,"per-overlay raw/kept/removed component density or raw-to-kept ratio, summarized across 800 pairs",B|C|F|L|T,derived_statistic_from_verified_SLICE004_profile,PRM126_overlay_component_density_batch,PRM126_overlay_component_density_values_long.csv,batch_BC_candidate,full58_raw_table_batch_not_selected,confirmed_raw_table_lineage,batch_BC_unselected_block_aware,False,False,False,PRM126 no y,58,58,58,U127-BLK-005,2,1,B,LIT-X017,2D overlay component-density only,U127-BLK-005
XREG-v2.7-TECHNICAL,RAW-X054::raw_component_density_per_mpx_q90,RAW-X054,overlay_component_density_profile,raw_component_density_per_mpx_q90,components_per_Mpx,800-pair verified overlay pixel readback component counts normalized by union-pixel area,"per-overlay raw/kept/removed component density or raw-to-kept ratio, summarized across 800 pairs",B|C|F|L|T,derived_statistic_from_verified_SLICE004_profile,PRM126_overlay_component_density_batch,PRM126_overlay_component_density_values_long.csv,batch_BC_candidate,full58_raw_table_batch_not_selected,confirmed_raw_table_lineage,batch_BC_unselected_block_aware,False,False,False,PRM126 no y,58,58,58,U127-BLK-006,2,1,B,LIT-X017,2D overlay component-density only,U127-BLK-006
XREG-v2.7-TECHNICAL,RAW-X054::raw_to_kept_component_ratio_iqr,RAW-X054,overlay_component_density_profile,raw_to_kept_component_ratio_iqr,ratio,800-pair verified overlay pixel readback component counts normalized by union-pixel area,"per-overlay raw/kept/removed component density or raw-to-kept ratio, summarized across 800 pairs",B|C|F|L|T,derived_statistic_from_verified_SLICE004_profile,PRM126_overlay_component_density_batch,PRM126_overlay_component_density_values_long.csv,batch_BC_candidate,full58_raw_table_batch_not_selected,confirmed_raw_table_lineage,batch_BC_unselected_block_aware,False,False,False,PRM126 no y,58,58,1,U127-BLK-007,1,0,C,LIT-X017,2D overlay component-density only,U127-BLK-007
XREG-v2.7-TECHNICAL,RAW-X054::raw_to_kept_component_ratio_mean,RAW-X054,overlay_component_density_profile,raw_to_kept_component_ratio_mean,ratio,800-pair verified overlay pixel readback component counts normalized by union-pixel area,"per-overlay raw/kept/removed component density or raw-to-kept ratio, summarized across 800 pairs",B|C|F|L|T,derived_statistic_from_verified_SLICE004_profile,PRM126_overlay_component_density_batch,PRM126_overlay_component_density_values_long.csv,batch_BC_candidate,full58_raw_table_batch_not_selected,confirmed_raw_table_lineage,batch_BC_unselected_block_aware,False,False,False,PRM126 no y,58,58,17,U127-BLK-008,1,0,C,LIT-X017,2D overlay component-density only,U127-BLK-008
XREG-v2.7-TECHNICAL,RAW-X054::raw_to_kept_component_ratio_population_std,RAW-X054,overlay_component_density_profile,raw_to_kept_component_ratio_population_std,ratio,800-pair verified overlay pixel readback component counts normalized by union-pixel area,"per-overlay raw/kept/removed component density or raw-to-kept ratio, summarized across 800 pairs",B|C|F|L|T,derived_statistic_from_verified_SLICE004_profile,PRM126_overlay_component_density_batch,PRM126_overlay_component_density_values_long.csv,batch_BC_candidate,full58_raw_table_batch_not_selected,confirmed_raw_table_lineage,batch_BC_unselected_block_aware,False,False,False,PRM126 no y,58,58,18,U127-BLK-009,1,0,C,LIT-X017,2D overlay component-density only,U127-BLK-009
XREG-v2.7-TECHNICAL,RAW-X054::raw_to_kept_component_ratio_q10,RAW-X054,overlay_component_density_profile,raw_to_kept_component_ratio_q10,ratio,800-pair verified overlay pixel readback component counts normalized by union-pixel area,"per-overlay raw/kept/removed component density or raw-to-kept ratio, summarized across 800 pairs",B|C|F|L|T,derived_statistic_from_verified_SLICE004_profile,PRM126_overlay_component_density_batch,PRM126_overlay_component_density_values_long.csv,batch_BC_candidate,full58_raw_table_batch_not_selected,confirmed_raw_table_lineage,batch_BC_unselected_block_aware,False,False,False,PRM126 no y,58,58,1,U127-BLK-010,1,0,C,LIT-X017,2D overlay component-density only,U127-BLK-010
XREG-v2.7-TECHNICAL,RAW-X054::raw_to_kept_component_ratio_q50,RAW-X054,overlay_component_density_profile,raw_to_kept_component_ratio_q50,ratio,800-pair verified overlay pixel readback component counts normalized by union-pixel area,"per-overlay raw/kept/removed component density or raw-to-kept ratio, summarized across 800 pairs",B|C|F|L|T,derived_statistic_from_verified_SLICE004_profile,PRM126_overlay_component_density_batch,PRM126_overlay_component_density_values_long.csv,batch_BC_candidate,full58_raw_table_batch_not_selected,confirmed_raw_table_lineage,batch_BC_unselected_block_aware,False,False,False,PRM126 no y,58,58,1,U127-BLK-011,1,0,C,LIT-X017,2D overlay component-density only,U127-BLK-011
XREG-v2.7-TECHNICAL,RAW-X054::raw_to_kept_component_ratio_q90,RAW-X054,overlay_component_density_profile,raw_to_kept_component_ratio_q90,ratio,800-pair verified overlay pixel readback component counts normalized by union-pixel area,"per-overlay raw/kept/removed component density or raw-to-kept ratio, summarized across 800 pairs",B|C|F|L|T,derived_statistic_from_verified_SLICE004_profile,PRM126_overlay_component_density_batch,PRM126_overlay_component_density_values_long.csv,batch_BC_candidate,full58_raw_table_batch_not_selected,confirmed_raw_table_lineage,batch_BC_unselected_block_aware,False,False,False,PRM126 no y,58,58,1,U127-BLK-012,1,0,C,LIT-X017,2D overlay component-density only,U127-BLK-012
XREG-v2.7-TECHNICAL,RAW-X054::removed_component_density_per_mpx_iqr,RAW-X054,overlay_component_density_profile,removed_component_density_per_mpx_iqr,components_per_Mpx,800-pair verified overlay pixel readback component counts normalized by union-pixel area,"per-overlay raw/kept/removed component density or raw-to-kept ratio, summarized across 800 pairs",B|C|F|L|T,derived_statistic_from_verified_SLICE004_profile,PRM126_overlay_component_density_batch,PRM126_overlay_component_density_values_long.csv,batch_BC_candidate,full58_raw_table_batch_not_selected,confirmed_raw_table_lineage,batch_BC_unselected_block_aware,False,False,False,PRM126 no y,58,58,1,U127-BLK-013,1,0,B,LIT-X017,2D overlay component-density only,U127-BLK-013
XREG-v2.7-TECHNICAL,RAW-X054::removed_component_density_per_mpx_mean,RAW-X054,overlay_component_density_profile,removed_component_density_per_mpx_mean,components_per_Mpx,800-pair verified overlay pixel readback component counts normalized by union-pixel area,"per-overlay raw/kept/removed component density or raw-to-kept ratio, summarized across 800 pairs",B|C|F|L|T,derived_statistic_from_verified_SLICE004_profile,PRM126_overlay_component_density_batch,PRM126_overlay_component_density_values_long.csv,batch_BC_candidate,full58_raw_table_batch_not_selected,confirmed_raw_table_lineage,batch_BC_unselected_block_aware,False,False,False,PRM126 no y,58,58,18,U127-BLK-014,2,1,B,LIT-X017,2D overlay component-density only,U127-BLK-014
XREG-v2.7-TECHNICAL,RAW-X054::removed_component_density_per_mpx_population_std,RAW-X054,overlay_component_density_profile,removed_component_density_per_mpx_population_std,components_per_Mpx,800-pair verified overlay pixel readback component counts normalized by union-pixel area,"per-overlay raw/kept/removed component density or raw-to-kept ratio, summarized across 800 pairs",B|C|F|L|T,derived_statistic_from_verified_SLICE004_profile,PRM126_overlay_component_density_batch,PRM126_overlay_component_density_values_long.csv,batch_BC_candidate,full58_raw_table_batch_not_selected,confirmed_raw_table_lineage,batch_BC_unselected_block_aware,False,False,False,PRM126 no y,58,58,18,U127-BLK-014,2,1,B,LIT-X017,2D overlay component-density only,U127-BLK-014
XREG-v2.7-TECHNICAL,RAW-X054::removed_component_density_per_mpx_q10,RAW-X054,overlay_component_density_profile,removed_component_density_per_mpx_q10,components_per_Mpx,800-pair verified overlay pixel readback component counts normalized by union-pixel area,"per-overlay raw/kept/removed component density or raw-to-kept ratio, summarized across 800 pairs",B|C|F|L|T,derived_statistic_from_verified_SLICE004_profile,PRM126_overlay_component_density_batch,PRM126_overlay_component_density_values_long.csv,batch_BC_candidate,full58_raw_table_batch_not_selected,confirmed_raw_table_lineage,batch_BC_unselected_block_aware,False,False,False,PRM126 no y,58,58,1,U127-BLK-015,1,0,B,LIT-X017,2D overlay component-density only,U127-BLK-015
XREG-v2.7-TECHNICAL,RAW-X054::removed_component_density_per_mpx_q50,RAW-X054,overlay_component_density_profile,removed_component_density_per_mpx_q50,components_per_Mpx,800-pair verified overlay pixel readback component counts normalized by union-pixel area,"per-overlay raw/kept/removed component density or raw-to-kept ratio, summarized across 800 pairs",B|C|F|L|T,derived_statistic_from_verified_SLICE004_profile,PRM126_overlay_component_density_batch,PRM126_overlay_component_density_values_long.csv,batch_BC_candidate,full58_raw_table_batch_not_selected,confirmed_raw_table_lineage,batch_BC_unselected_block_aware,False,False,False,PRM126 no y,58,58,1,U127-BLK-016,1,0,B,LIT-X017,2D overlay component-density only,U127-BLK-016
XREG-v2.7-TECHNICAL,RAW-X054::removed_component_density_per_mpx_q90,RAW-X054,overlay_component_density_profile,removed_component_density_per_mpx_q90,components_per_Mpx,800-pair verified overlay pixel readback component counts normalized by union-pixel area,"per-overlay raw/kept/removed component density or raw-to-kept ratio, summarized across 800 pairs",B|C|F|L|T,derived_statistic_from_verified_SLICE004_profile,PRM126_overlay_component_density_batch,PRM126_overlay_component_density_values_long.csv,batch_BC_candidate,full58_raw_table_batch_not_selected,confirmed_raw_table_lineage,batch_BC_unselected_block_aware,False,False,False,PRM126 no y,58,58,1,U127-BLK-017,1,0,B,LIT-X017,2D overlay component-density only,U127-BLK-017
XREG-v2.7-TECHNICAL,RAW-X055::blue_purple_lag0_pearson_correlation,RAW-X055,overlay_phase_cross_correlation,blue_purple_lag0_pearson_correlation,correlation,800-pair verified red/blue/purple overlay fraction profiles,within-model pairwise phase cross-correlation at lag 0 or one overlay-pair shift,B|C|F|L|T,derived_statistic_from_verified_SLICE004_profile,PRM128_overlay_phase_cross_correlation_batch,PRM128_overlay_phase_cross_correlation_values_long.csv,batch_BC_candidate,full58_raw_table_batch_not_selected,confirmed_raw_table_lineage,batch_BC_unselected_block_aware,False,False,False,PRM128 no y,58,58,58,U129-BLK-001,1,0,C,LIT-X035,2D overlay phase synchronization only,U129-BLK-001
XREG-v2.7-TECHNICAL,RAW-X055::blue_purple_lag0_spearman_correlation,RAW-X055,overlay_phase_cross_correlation,blue_purple_lag0_spearman_correlation,correlation,800-pair verified red/blue/purple overlay fraction profiles,within-model pairwise phase cross-correlation at lag 0 or one overlay-pair shift,B|C|F|L|T,derived_statistic_from_verified_SLICE004_profile,PRM128_overlay_phase_cross_correlation_batch,PRM128_overlay_phase_cross_correlation_values_long.csv,batch_BC_candidate,full58_raw_table_batch_not_selected,confirmed_raw_table_lineage,batch_BC_unselected_block_aware,False,False,False,PRM128 no y,58,58,58,U129-BLK-002,2,1,C,LIT-X035,2D overlay phase synchronization only,U129-BLK-002
XREG-v2.7-TECHNICAL,RAW-X055::blue_purple_lag1_pearson_correlation,RAW-X055,overlay_phase_cross_correlation,blue_purple_lag1_pearson_correlation,correlation,800-pair verified red/blue/purple overlay fraction profiles,within-model pairwise phase cross-correlation at lag 0 or one overlay-pair shift,B|C|F|L|T,derived_statistic_from_verified_SLICE004_profile,PRM128_overlay_phase_cross_correlation_batch,PRM128_overlay_phase_cross_correlation_values_long.csv,batch_BC_candidate,full58_raw_table_batch_not_selected,confirmed_raw_table_lineage,batch_BC_unselected_block_aware,False,False,False,PRM128 no y,58,58,58,U129-BLK-003,1,0,C,LIT-X035,2D overlay phase synchronization only,U129-BLK-003
XREG-v2.7-TECHNICAL,RAW-X055::blue_purple_lag1_spearman_correlation,RAW-X055,overlay_phase_cross_correlation,blue_purple_lag1_spearman_correlation,correlation,800-pair verified red/blue/purple overlay fraction profiles,within-model pairwise phase cross-correlation at lag 0 or one overlay-pair shift,B|C|F|L|T,derived_statistic_from_verified_SLICE004_profile,PRM128_overlay_phase_cross_correlation_batch,PRM128_overlay_phase_cross_correlation_values_long.csv,batch_BC_candidate,full58_raw_table_batch_not_selected,confirmed_raw_table_lineage,batch_BC_unselected_block_aware,False,False,False,PRM128 no y,58,58,58,U129-BLK-004,1,0,C,LIT-X035,2D overlay phase synchronization only,U129-BLK-004
XREG-v2.7-TECHNICAL,RAW-X055::red_blue_lag0_pearson_correlation,RAW-X055,overlay_phase_cross_correlation,red_blue_lag0_pearson_correlation,correlation,800-pair verified red/blue/purple overlay fraction profiles,within-model pairwise phase cross-correlation at lag 0 or one overlay-pair shift,B|C|F|L|T,derived_statistic_from_verified_SLICE004_profile,PRM128_overlay_phase_cross_correlation_batch,PRM128_overlay_phase_cross_correlation_values_long.csv,batch_BC_candidate,full58_raw_table_batch_not_selected,confirmed_raw_table_lineage,batch_BC_unselected_block_aware,False,False,False,PRM128 no y,58,58,58,U129-BLK-005,1,0,C,LIT-X035,2D overlay phase synchronization only,U129-BLK-005
XREG-v2.7-TECHNICAL,RAW-X055::red_blue_lag0_spearman_correlation,RAW-X055,overlay_phase_cross_correlation,red_blue_lag0_spearman_correlation,correlation,800-pair verified red/blue/purple overlay fraction profiles,within-model pairwise phase cross-correlation at lag 0 or one overlay-pair shift,B|C|F|L|T,derived_statistic_from_verified_SLICE004_profile,PRM128_overlay_phase_cross_correlation_batch,PRM128_overlay_phase_cross_correlation_values_long.csv,batch_BC_candidate,full58_raw_table_batch_not_selected,confirmed_raw_table_lineage,batch_BC_unselected_block_aware,False,False,False,PRM128 no y,58,58,58,U129-BLK-006,1,0,C,LIT-X035,2D overlay phase synchronization only,U129-BLK-006
XREG-v2.7-TECHNICAL,RAW-X055::red_blue_lag1_pearson_correlation,RAW-X055,overlay_phase_cross_correlation,red_blue_lag1_pearson_correlation,correlation,800-pair verified red/blue/purple overlay fraction profiles,within-model pairwise phase cross-correlation at lag 0 or one overlay-pair shift,B|C|F|L|T,derived_statistic_from_verified_SLICE004_profile,PRM128_overlay_phase_cross_correlation_batch,PRM128_overlay_phase_cross_correlation_values_long.csv,batch_BC_candidate,full58_raw_table_batch_not_selected,confirmed_raw_table_lineage,batch_BC_unselected_block_aware,False,False,False,PRM128 no y,58,58,58,U129-BLK-007,1,0,C,LIT-X035,2D overlay phase synchronization only,U129-BLK-007
XREG-v2.7-TECHNICAL,RAW-X055::red_blue_lag1_spearman_correlation,RAW-X055,overlay_phase_cross_correlation,red_blue_lag1_spearman_correlation,correlation,800-pair verified red/blue/purple overlay fraction profiles,within-model pairwise phase cross-correlation at lag 0 or one overlay-pair shift,B|C|F|L|T,derived_statistic_from_verified_SLICE004_profile,PRM128_overlay_phase_cross_correlation_batch,PRM128_overlay_phase_cross_correlation_values_long.csv,batch_BC_candidate,full58_raw_table_batch_not_selected,confirmed_raw_table_lineage,batch_BC_unselected_block_aware,False,False,False,PRM128 no y,58,58,58,U129-BLK-008,1,0,C,LIT-X035,2D overlay phase synchronization only,U129-BLK-008
XREG-v2.7-TECHNICAL,RAW-X055::red_purple_lag0_pearson_correlation,RAW-X055,overlay_phase_cross_correlation,red_purple_lag0_pearson_correlation,correlation,800-pair verified red/blue/purple overlay fraction profiles,within-model pairwise phase cross-correlation at lag 0 or one overlay-pair shift,B|C|F|L|T,derived_statistic_from_verified_SLICE004_profile,PRM128_overlay_phase_cross_correlation_batch,PRM128_overlay_phase_cross_correlation_values_long.csv,batch_BC_candidate,full58_raw_table_batch_not_selected,confirmed_raw_table_lineage,batch_BC_unselected_block_aware,False,False,False,PRM128 no y,58,58,58,U129-BLK-009,1,0,C,LIT-X035,2D overlay phase synchronization only,U129-BLK-009
XREG-v2.7-TECHNICAL,RAW-X055::red_purple_lag0_spearman_correlation,RAW-X055,overlay_phase_cross_correlation,red_purple_lag0_spearman_correlation,correlation,800-pair verified red/blue/purple overlay fraction profiles,within-model pairwise phase cross-correlation at lag 0 or one overlay-pair shift,B|C|F|L|T,derived_statistic_from_verified_SLICE004_profile,PRM128_overlay_phase_cross_correlation_batch,PRM128_overlay_phase_cross_correlation_values_long.csv,batch_BC_candidate,full58_raw_table_batch_not_selected,confirmed_raw_table_lineage,batch_BC_unselected_block_aware,False,False,False,PRM128 no y,58,58,58,U129-BLK-002,2,1,C,LIT-X035,2D overlay phase synchronization only,U129-BLK-002
XREG-v2.7-TECHNICAL,RAW-X055::red_purple_lag1_pearson_correlation,RAW-X055,overlay_phase_cross_correlation,red_purple_lag1_pearson_correlation,correlation,800-pair verified red/blue/purple overlay fraction profiles,within-model pairwise phase cross-correlation at lag 0 or one overlay-pair shift,B|C|F|L|T,derived_statistic_from_verified_SLICE004_profile,PRM128_overlay_phase_cross_correlation_batch,PRM128_overlay_phase_cross_correlation_values_long.csv,batch_BC_candidate,full58_raw_table_batch_not_selected,confirmed_raw_table_lineage,batch_BC_unselected_block_aware,False,False,False,PRM128 no y,58,58,58,U129-BLK-010,1,0,C,LIT-X035,2D overlay phase synchronization only,U129-BLK-010
XREG-v2.7-TECHNICAL,RAW-X055::red_purple_lag1_spearman_correlation,RAW-X055,overlay_phase_cross_correlation,red_purple_lag1_spearman_correlation,correlation,800-pair verified red/blue/purple overlay fraction profiles,within-model pairwise phase cross-correlation at lag 0 or one overlay-pair shift,B|C|F|L|T,derived_statistic_from_verified_SLICE004_profile,PRM128_overlay_phase_cross_correlation_batch,PRM128_overlay_phase_cross_correlation_values_long.csv,batch_BC_candidate,full58_raw_table_batch_not_selected,confirmed_raw_table_lineage,batch_BC_unselected_block_aware,False,False,False,PRM128 no y,58,58,58,U129-BLK-011,1,0,C,LIT-X035,2D overlay phase synchronization only,U129-BLK-011
XREG-v2.7-TECHNICAL,RAW-X056::blue_fraction_iqr,RAW-X056,overlay_phase_fraction_distribution,blue_fraction_iqr,dimensionless_fraction,800-pair verified red/blue/purple overlay fractions,"profile quantile, IQR, or range of each overlay colour fraction",B|C|F|L|T,derived_statistic_from_verified_SLICE004_profile,PRM130_overlay_fraction_quantile_batch,PRM130_overlay_fraction_quantile_values_long.csv,batch_BC_candidate,full58_raw_table_batch_not_selected,confirmed_raw_table_lineage,batch_BC_unselected_block_aware,False,False,False,PRM130 no y,58,58,57,U131-BLK-003,2,1,C,LIT-X035,2D overlay phase distribution only,U131-BLK-003
XREG-v2.7-TECHNICAL,RAW-X056::blue_fraction_q10,RAW-X056,overlay_phase_fraction_distribution,blue_fraction_q10,dimensionless_fraction,800-pair verified red/blue/purple overlay fractions,"profile quantile, IQR, or range of each overlay colour fraction",B|C|F|L|T,derived_statistic_from_verified_SLICE004_profile,PRM130_overlay_fraction_quantile_batch,PRM130_overlay_fraction_quantile_values_long.csv,batch_BC_candidate,full58_raw_table_batch_not_selected,confirmed_raw_table_lineage,batch_BC_unselected_block_aware,False,False,False,PRM130 no y,58,58,49,U131-BLK-004,2,1,B,LIT-X035,2D overlay phase distribution only,U131-BLK-004
XREG-v2.7-TECHNICAL,RAW-X056::blue_fraction_q50,RAW-X056,overlay_phase_fraction_distribution,blue_fraction_q50,dimensionless_fraction,800-pair verified red/blue/purple overlay fractions,"profile quantile, IQR, or range of each overlay colour fraction",B|C|F|L|T,derived_statistic_from_verified_SLICE004_profile,PRM130_overlay_fraction_quantile_batch,PRM130_overlay_fraction_quantile_values_long.csv,batch_BC_candidate,full58_raw_table_batch_not_selected,confirmed_raw_table_lineage,batch_BC_unselected_block_aware,False,False,False,PRM130 no y,58,58,56,U131-BLK-005,2,1,B,LIT-X035,2D overlay phase distribution only,U131-BLK-005
XREG-v2.7-TECHNICAL,RAW-X056::blue_fraction_q90,RAW-X056,overlay_phase_fraction_distribution,blue_fraction_q90,dimensionless_fraction,800-pair verified red/blue/purple overlay fractions,"profile quantile, IQR, or range of each overlay colour fraction",B|C|F|L|T,derived_statistic_from_verified_SLICE004_profile,PRM130_overlay_fraction_quantile_batch,PRM130_overlay_fraction_quantile_values_long.csv,batch_BC_candidate,full58_raw_table_batch_not_selected,confirmed_raw_table_lineage,batch_BC_unselected_block_aware,False,False,False,PRM130 no y,58,58,57,U131-BLK-006,2,1,B,LIT-X035,2D overlay phase distribution only,U131-BLK-006
XREG-v2.7-TECHNICAL,RAW-X056::blue_fraction_range,RAW-X056,overlay_phase_fraction_distribution,blue_fraction_range,dimensionless_fraction,800-pair verified red/blue/purple overlay fractions,"profile quantile, IQR, or range of each overlay colour fraction",B|C|F|L|T,derived_statistic_from_verified_SLICE004_profile,PRM130_overlay_fraction_quantile_batch,PRM130_overlay_fraction_quantile_values_long.csv,batch_BC_candidate,full58_raw_table_batch_not_selected,confirmed_raw_table_lineage,batch_BC_unselected_block_aware,False,False,False,PRM130 no y,58,58,33,U131-BLK-007,1,0,C,LIT-X035,2D overlay phase distribution only,U131-BLK-007
XREG-v2.7-TECHNICAL,RAW-X056::purple_fraction_iqr,RAW-X056,overlay_phase_fraction_distribution,purple_fraction_iqr,dimensionless_fraction,800-pair verified red/blue/purple overlay fractions,"profile quantile, IQR, or range of each overlay colour fraction",B|C|F|L|T,derived_statistic_from_verified_SLICE004_profile,PRM130_overlay_fraction_quantile_batch,PRM130_overlay_fraction_quantile_values_long.csv,batch_BC_candidate,full58_raw_table_batch_not_selected,confirmed_raw_table_lineage,batch_BC_unselected_block_aware,False,False,False,PRM130 no y,58,58,57,U131-BLK-008,1,0,C,LIT-X035,2D overlay phase distribution only,U131-BLK-008
XREG-v2.7-TECHNICAL,RAW-X056::purple_fraction_q10,RAW-X056,overlay_phase_fraction_distribution,purple_fraction_q10,dimensionless_fraction,800-pair verified red/blue/purple overlay fractions,"profile quantile, IQR, or range of each overlay colour fraction",B|C|F|L|T,derived_statistic_from_verified_SLICE004_profile,PRM130_overlay_fraction_quantile_batch,PRM130_overlay_fraction_quantile_values_long.csv,batch_BC_candidate,full58_raw_table_batch_not_selected,confirmed_raw_table_lineage,batch_BC_unselected_block_aware,False,False,False,PRM130 no y,58,58,57,U131-BLK-009,1,0,B,LIT-X035,2D overlay phase distribution only,U131-BLK-009
XREG-v2.7-TECHNICAL,RAW-X056::purple_fraction_q50,RAW-X056,overlay_phase_fraction_distribution,purple_fraction_q50,dimensionless_fraction,800-pair verified red/blue/purple overlay fractions,"profile quantile, IQR, or range of each overlay colour fraction",B|C|F|L|T,derived_statistic_from_verified_SLICE004_profile,PRM130_overlay_fraction_quantile_batch,PRM130_overlay_fraction_quantile_values_long.csv,batch_BC_candidate,full58_raw_table_batch_not_selected,confirmed_raw_table_lineage,batch_BC_unselected_block_aware,False,False,False,PRM130 no y,58,58,57,U131-BLK-002,2,1,B,LIT-X035,2D overlay phase distribution only,U131-BLK-002
XREG-v2.7-TECHNICAL,RAW-X056::purple_fraction_q90,RAW-X056,overlay_phase_fraction_distribution,purple_fraction_q90,dimensionless_fraction,800-pair verified red/blue/purple overlay fractions,"profile quantile, IQR, or range of each overlay colour fraction",B|C|F|L|T,derived_statistic_from_verified_SLICE004_profile,PRM130_overlay_fraction_quantile_batch,PRM130_overlay_fraction_quantile_values_long.csv,batch_BC_candidate,full58_raw_table_batch_not_selected,confirmed_raw_table_lineage,batch_BC_unselected_block_aware,False,False,False,PRM130 no y,58,58,54,U131-BLK-001,2,1,B,LIT-X035,2D overlay phase distribution only,U131-BLK-001
XREG-v2.7-TECHNICAL,RAW-X056::purple_fraction_range,RAW-X056,overlay_phase_fraction_distribution,purple_fraction_range,dimensionless_fraction,800-pair verified red/blue/purple overlay fractions,"profile quantile, IQR, or range of each overlay colour fraction",B|C|F|L|T,derived_statistic_from_verified_SLICE004_profile,PRM130_overlay_fraction_quantile_batch,PRM130_overlay_fraction_quantile_values_long.csv,batch_BC_candidate,full58_raw_table_batch_not_selected,confirmed_raw_table_lineage,batch_BC_unselected_block_aware,False,False,False,PRM130 no y,58,58,54,U131-BLK-010,1,0,C,LIT-X035,2D overlay phase distribution only,U131-BLK-010
XREG-v2.7-TECHNICAL,RAW-X056::red_fraction_iqr,RAW-X056,overlay_phase_fraction_distribution,red_fraction_iqr,dimensionless_fraction,800-pair verified red/blue/purple overlay fractions,"profile quantile, IQR, or range of each overlay colour fraction",B|C|F|L|T,derived_statistic_from_verified_SLICE004_profile,PRM130_overlay_fraction_quantile_batch,PRM130_overlay_fraction_quantile_values_long.csv,batch_BC_candidate,full58_raw_table_batch_not_selected,confirmed_raw_table_lineage,batch_BC_unselected_block_aware,False,False,False,PRM130 no y,58,58,57,U131-BLK-003,2,1,C,LIT-X035,2D overlay phase distribution only,U131-BLK-003
XREG-v2.7-TECHNICAL,RAW-X056::red_fraction_q10,RAW-X056,overlay_phase_fraction_distribution,red_fraction_q10,dimensionless_fraction,800-pair verified red/blue/purple overlay fractions,"profile quantile, IQR, or range of each overlay colour fraction",B|C|F|L|T,derived_statistic_from_verified_SLICE004_profile,PRM130_overlay_fraction_quantile_batch,PRM130_overlay_fraction_quantile_values_long.csv,batch_BC_candidate,full58_raw_table_batch_not_selected,confirmed_raw_table_lineage,batch_BC_unselected_block_aware,False,False,False,PRM130 no y,58,58,49,U131-BLK-004,2,1,B,LIT-X035,2D overlay phase distribution only,U131-BLK-004
XREG-v2.7-TECHNICAL,RAW-X056::red_fraction_q50,RAW-X056,overlay_phase_fraction_distribution,red_fraction_q50,dimensionless_fraction,800-pair verified red/blue/purple overlay fractions,"profile quantile, IQR, or range of each overlay colour fraction",B|C|F|L|T,derived_statistic_from_verified_SLICE004_profile,PRM130_overlay_fraction_quantile_batch,PRM130_overlay_fraction_quantile_values_long.csv,batch_BC_candidate,full58_raw_table_batch_not_selected,confirmed_raw_table_lineage,batch_BC_unselected_block_aware,False,False,False,PRM130 no y,58,58,56,U131-BLK-005,2,1,B,LIT-X035,2D overlay phase distribution only,U131-BLK-005
XREG-v2.7-TECHNICAL,RAW-X056::red_fraction_q90,RAW-X056,overlay_phase_fraction_distribution,red_fraction_q90,dimensionless_fraction,800-pair verified red/blue/purple overlay fractions,"profile quantile, IQR, or range of each overlay colour fraction",B|C|F|L|T,derived_statistic_from_verified_SLICE004_profile,PRM130_overlay_fraction_quantile_batch,PRM130_overlay_fraction_quantile_values_long.csv,batch_BC_candidate,full58_raw_table_batch_not_selected,confirmed_raw_table_lineage,batch_BC_unselected_block_aware,False,False,False,PRM130 no y,58,58,57,U131-BLK-006,2,1,B,LIT-X035,2D overlay phase distribution only,U131-BLK-006
XREG-v2.7-TECHNICAL,RAW-X056::red_fraction_range,RAW-X056,overlay_phase_fraction_distribution,red_fraction_range,dimensionless_fraction,800-pair verified red/blue/purple overlay fractions,"profile quantile, IQR, or range of each overlay colour fraction",B|C|F|L|T,derived_statistic_from_verified_SLICE004_profile,PRM130_overlay_fraction_quantile_batch,PRM130_overlay_fraction_quantile_values_long.csv,batch_BC_candidate,full58_raw_table_batch_not_selected,confirmed_raw_table_lineage,batch_BC_unselected_block_aware,False,False,False,PRM130 no y,58,58,11,U131-BLK-011,1,0,C,LIT-X035,2D overlay phase distribution only,U131-BLK-011
XREG-v2.7-TECHNICAL,RAW-X057::slice_component_raw_count_coefficient_variation,RAW-X057,slice_profile_shape,slice_component_raw_count_coefficient_variation,dimensionless,verified SLICE-004 pixel readback profile,profile shape statistic from frozen raw table,B|C|F|L|T,derived_statistic_from_verified_SLICE004_profile,PRM132_batch_autopilot,PRM132_values_long.csv,batch_BC_candidate,full58_raw_table_batch_not_selected,confirmed_raw_table_lineage,batch_BC_unselected_block_aware,False,False,False,PRM132 no y,58,58,58,U135-BLK-005,3,2,B,LIT-X035,2D profile summary only,U135-BLK-005
XREG-v2.7-TECHNICAL,RAW-X057::slice_component_raw_count_excess_kurtosis,RAW-X057,slice_profile_shape,slice_component_raw_count_excess_kurtosis,dimensionless,verified SLICE-004 pixel readback profile,profile shape statistic from frozen raw table,B|C|F|L|T,derived_statistic_from_verified_SLICE004_profile,PRM132_batch_autopilot,PRM132_values_long.csv,batch_BC_candidate,full58_raw_table_batch_not_selected,confirmed_raw_table_lineage,batch_BC_unselected_block_aware,False,False,False,PRM132 no y,58,58,58,U135-BLK-003,4,3,C,LIT-X035,2D profile summary only,U135-BLK-003
XREG-v2.7-TECHNICAL,RAW-X057::slice_component_raw_count_normalized_total_variation,RAW-X057,slice_profile_shape,slice_component_raw_count_normalized_total_variation,dimensionless,verified SLICE-004 pixel readback profile,profile shape statistic from frozen raw table,B|C|F|L|T,derived_statistic_from_verified_SLICE004_profile,PRM132_batch_autopilot,PRM132_values_long.csv,batch_BC_candidate,full58_raw_table_batch_not_selected,confirmed_raw_table_lineage,batch_BC_unselected_block_aware,False,False,False,PRM132 no y,58,58,58,U135-BLK-001,4,3,C,LIT-X035,2D profile summary only,U135-BLK-001
XREG-v2.7-TECHNICAL,RAW-X057::slice_component_raw_count_q95_q05_span,RAW-X057,slice_profile_shape,slice_component_raw_count_q95_q05_span,dimensionless,verified SLICE-004 pixel readback profile,profile shape statistic from frozen raw table,B|C|F|L|T,derived_statistic_from_verified_SLICE004_profile,PRM132_batch_autopilot,PRM132_values_long.csv,batch_BC_candidate,full58_raw_table_batch_not_selected,confirmed_raw_table_lineage,batch_BC_unselected_block_aware,False,False,False,PRM132 no y,58,58,40,U149-BLK-001,9,5,B,LIT-X035,2D profile summary only,U135-BLK-002
XREG-v2.7-TECHNICAL,RAW-X057::slice_component_raw_count_skewness,RAW-X057,slice_profile_shape,slice_component_raw_count_skewness,dimensionless,verified SLICE-004 pixel readback profile,profile shape statistic from frozen raw table,B|C|F|L|T,derived_statistic_from_verified_SLICE004_profile,PRM132_batch_autopilot,PRM132_values_long.csv,batch_BC_candidate,full58_raw_table_batch_not_selected,confirmed_raw_table_lineage,batch_BC_unselected_block_aware,False,False,False,PRM132 no y,58,58,58,U135-BLK-004,4,3,C,LIT-X035,2D profile summary only,U135-BLK-004
XREG-v2.7-TECHNICAL,RAW-X057::slice_component_raw_count_zero_fraction,RAW-X057,slice_profile_shape,slice_component_raw_count_zero_fraction,dimensionless,verified SLICE-004 pixel readback profile,profile shape statistic from frozen raw table,B|C|F|L|T,derived_statistic_from_verified_SLICE004_profile,PRM132_batch_autopilot,PRM132_values_long.csv,batch_BC_candidate,full58_raw_table_batch_not_selected,confirmed_raw_table_lineage,batch_BC_unselected_block_aware,False,False,False,PRM132 no y,58,58,2,U133-BLK-010,1,0,C,LIT-X035,2D profile summary only,U133-BLK-010
XREG-v2.7-TECHNICAL,RAW-X057::slice_material_fraction_coefficient_variation,RAW-X057,slice_profile_shape,slice_material_fraction_coefficient_variation,dimensionless,verified SLICE-004 pixel readback profile,profile shape statistic from frozen raw table,B|C|F|L|T,derived_statistic_from_verified_SLICE004_profile,PRM132_batch_autopilot,PRM132_values_long.csv,batch_BC_candidate,full58_raw_table_batch_not_selected,confirmed_raw_table_lineage,batch_BC_unselected_block_aware,False,False,False,PRM132 no y,58,58,58,U133-BLK-004,4,3,B,LIT-X035,2D profile summary only,U133-BLK-004
XREG-v2.7-TECHNICAL,RAW-X057::slice_material_fraction_excess_kurtosis,RAW-X057,slice_profile_shape,slice_material_fraction_excess_kurtosis,dimensionless,verified SLICE-004 pixel readback profile,profile shape statistic from frozen raw table,B|C|F|L|T,derived_statistic_from_verified_SLICE004_profile,PRM132_batch_autopilot,PRM132_values_long.csv,batch_BC_candidate,full58_raw_table_batch_not_selected,confirmed_raw_table_lineage,batch_BC_unselected_block_aware,False,False,False,PRM132 no y,58,58,58,U133-BLK-007,2,1,C,LIT-X035,2D profile summary only,U133-BLK-007
XREG-v2.7-TECHNICAL,RAW-X057::slice_material_fraction_normalized_total_variation,RAW-X057,slice_profile_shape,slice_material_fraction_normalized_total_variation,dimensionless,verified SLICE-004 pixel readback profile,profile shape statistic from frozen raw table,B|C|F|L|T,derived_statistic_from_verified_SLICE004_profile,PRM132_batch_autopilot,PRM132_values_long.csv,batch_BC_candidate,full58_raw_table_batch_not_selected,confirmed_raw_table_lineage,batch_BC_unselected_block_aware,False,False,False,PRM132 no y,58,58,58,U133-BLK-003,2,1,C,LIT-X035,2D profile summary only,U133-BLK-003
XREG-v2.7-TECHNICAL,RAW-X057::slice_material_fraction_q95_q05_span,RAW-X057,slice_profile_shape,slice_material_fraction_q95_q05_span,dimensionless,verified SLICE-004 pixel readback profile,profile shape statistic from frozen raw table,B|C|F|L|T,derived_statistic_from_verified_SLICE004_profile,PRM132_batch_autopilot,PRM132_values_long.csv,batch_BC_candidate,full58_raw_table_batch_not_selected,confirmed_raw_table_lineage,batch_BC_unselected_block_aware,False,False,False,PRM132 no y,58,58,58,U133-BLK-011,1,0,B,LIT-X035,2D profile summary only,U133-BLK-011
XREG-v2.7-TECHNICAL,RAW-X057::slice_material_fraction_skewness,RAW-X057,slice_profile_shape,slice_material_fraction_skewness,dimensionless,verified SLICE-004 pixel readback profile,profile shape statistic from frozen raw table,B|C|F|L|T,derived_statistic_from_verified_SLICE004_profile,PRM132_batch_autopilot,PRM132_values_long.csv,batch_BC_candidate,full58_raw_table_batch_not_selected,confirmed_raw_table_lineage,batch_BC_unselected_block_aware,False,False,False,PRM132 no y,58,58,58,U133-BLK-008,2,1,C,LIT-X035,2D profile summary only,U133-BLK-008
XREG-v2.7-TECHNICAL,RAW-X057::slice_material_fraction_zero_fraction,RAW-X057,slice_profile_shape,slice_material_fraction_zero_fraction,dimensionless,verified SLICE-004 pixel readback profile,profile shape statistic from frozen raw table,B|C|F|L|T,derived_statistic_from_verified_SLICE004_profile,PRM132_batch_autopilot,PRM132_values_long.csv,batch_BC_candidate,full58_raw_table_batch_not_selected,confirmed_raw_table_lineage,batch_BC_unselected_block_aware,False,False,False,PRM132 no y,58,58,2,U133-BLK-012,1,0,C,LIT-X035,2D profile summary only,U133-BLK-012
XREG-v2.7-TECHNICAL,RAW-X058::overlay_component_kept_count_coefficient_variation,RAW-X058,overlay_count_profile_shape,overlay_component_kept_count_coefficient_variation,dimensionless,verified SLICE-004 pixel readback profile,profile shape statistic from frozen raw table,B|C|F|L|T,derived_statistic_from_verified_SLICE004_profile,PRM134_batch_autopilot,PRM134_values_long.csv,batch_BC_candidate,full58_raw_table_batch_not_selected,confirmed_raw_table_lineage,batch_BC_unselected_block_aware,False,False,False,PRM134 no y,58,58,58,U135-BLK-005,3,2,B,LIT-X035,2D profile summary only,U135-BLK-005
XREG-v2.7-TECHNICAL,RAW-X058::overlay_component_kept_count_excess_kurtosis,RAW-X058,overlay_count_profile_shape,overlay_component_kept_count_excess_kurtosis,dimensionless,verified SLICE-004 pixel readback profile,profile shape statistic from frozen raw table,B|C|F|L|T,derived_statistic_from_verified_SLICE004_profile,PRM134_batch_autopilot,PRM134_values_long.csv,batch_BC_candidate,full58_raw_table_batch_not_selected,confirmed_raw_table_lineage,batch_BC_unselected_block_aware,False,False,False,PRM134 no y,58,58,57,U135-BLK-003,4,3,C,LIT-X035,2D profile summary only,U135-BLK-003
XREG-v2.7-TECHNICAL,RAW-X058::overlay_component_kept_count_normalized_total_variation,RAW-X058,overlay_count_profile_shape,overlay_component_kept_count_normalized_total_variation,dimensionless,verified SLICE-004 pixel readback profile,profile shape statistic from frozen raw table,B|C|F|L|T,derived_statistic_from_verified_SLICE004_profile,PRM134_batch_autopilot,PRM134_values_long.csv,batch_BC_candidate,full58_raw_table_batch_not_selected,confirmed_raw_table_lineage,batch_BC_unselected_block_aware,False,False,False,PRM134 no y,58,58,58,U135-BLK-001,4,3,C,LIT-X035,2D profile summary only,U135-BLK-001
XREG-v2.7-TECHNICAL,RAW-X058::overlay_component_kept_count_q95_q05_span,RAW-X058,overlay_count_profile_shape,overlay_component_kept_count_q95_q05_span,dimensionless,verified SLICE-004 pixel readback profile,profile shape statistic from frozen raw table,B|C|F|L|T,derived_statistic_from_verified_SLICE004_profile,PRM134_batch_autopilot,PRM134_values_long.csv,batch_BC_candidate,full58_raw_table_batch_not_selected,confirmed_raw_table_lineage,batch_BC_unselected_block_aware,False,False,False,PRM134 no y,58,58,38,U149-BLK-001,9,5,B,LIT-X035,2D profile summary only,U135-BLK-002
XREG-v2.7-TECHNICAL,RAW-X058::overlay_component_kept_count_skewness,RAW-X058,overlay_count_profile_shape,overlay_component_kept_count_skewness,dimensionless,verified SLICE-004 pixel readback profile,profile shape statistic from frozen raw table,B|C|F|L|T,derived_statistic_from_verified_SLICE004_profile,PRM134_batch_autopilot,PRM134_values_long.csv,batch_BC_candidate,full58_raw_table_batch_not_selected,confirmed_raw_table_lineage,batch_BC_unselected_block_aware,False,False,False,PRM134 no y,58,58,58,U135-BLK-004,4,3,C,LIT-X035,2D profile summary only,U135-BLK-004
XREG-v2.7-TECHNICAL,RAW-X058::overlay_component_kept_count_zero_fraction,RAW-X058,overlay_count_profile_shape,overlay_component_kept_count_zero_fraction,dimensionless,verified SLICE-004 pixel readback profile,profile shape statistic from frozen raw table,B|C|F|L|T,derived_statistic_from_verified_SLICE004_profile,PRM134_batch_autopilot,PRM134_values_long.csv,batch_BC_candidate,full58_raw_table_batch_not_selected,confirmed_raw_table_lineage,batch_BC_unselected_block_aware,False,False,False,PRM134 no y,58,58,1,U135-BLK-006,1,0,C,LIT-X035,2D profile summary only,U135-BLK-006
XREG-v2.7-TECHNICAL,RAW-X058::overlay_component_raw_count_coefficient_variation,RAW-X058,overlay_count_profile_shape,overlay_component_raw_count_coefficient_variation,dimensionless,verified SLICE-004 pixel readback profile,profile shape statistic from frozen raw table,B|C|F|L|T,derived_statistic_from_verified_SLICE004_profile,PRM134_batch_autopilot,PRM134_values_long.csv,batch_BC_candidate,full58_raw_table_batch_not_selected,confirmed_raw_table_lineage,batch_BC_unselected_block_aware,False,False,False,PRM134 no y,58,58,58,U135-BLK-005,3,2,B,LIT-X035,2D profile summary only,U135-BLK-005
XREG-v2.7-TECHNICAL,RAW-X058::overlay_component_raw_count_excess_kurtosis,RAW-X058,overlay_count_profile_shape,overlay_component_raw_count_excess_kurtosis,dimensionless,verified SLICE-004 pixel readback profile,profile shape statistic from frozen raw table,B|C|F|L|T,derived_statistic_from_verified_SLICE004_profile,PRM134_batch_autopilot,PRM134_values_long.csv,batch_BC_candidate,full58_raw_table_batch_not_selected,confirmed_raw_table_lineage,batch_BC_unselected_block_aware,False,False,False,PRM134 no y,58,58,57,U135-BLK-003,4,3,C,LIT-X035,2D profile summary only,U135-BLK-003
XREG-v2.7-TECHNICAL,RAW-X058::overlay_component_raw_count_normalized_total_variation,RAW-X058,overlay_count_profile_shape,overlay_component_raw_count_normalized_total_variation,dimensionless,verified SLICE-004 pixel readback profile,profile shape statistic from frozen raw table,B|C|F|L|T,derived_statistic_from_verified_SLICE004_profile,PRM134_batch_autopilot,PRM134_values_long.csv,batch_BC_candidate,full58_raw_table_batch_not_selected,confirmed_raw_table_lineage,batch_BC_unselected_block_aware,False,False,False,PRM134 no y,58,58,58,U135-BLK-001,4,3,C,LIT-X035,2D profile summary only,U135-BLK-001
XREG-v2.7-TECHNICAL,RAW-X058::overlay_component_raw_count_q95_q05_span,RAW-X058,overlay_count_profile_shape,overlay_component_raw_count_q95_q05_span,dimensionless,verified SLICE-004 pixel readback profile,profile shape statistic from frozen raw table,B|C|F|L|T,derived_statistic_from_verified_SLICE004_profile,PRM134_batch_autopilot,PRM134_values_long.csv,batch_BC_candidate,full58_raw_table_batch_not_selected,confirmed_raw_table_lineage,batch_BC_unselected_block_aware,False,False,False,PRM134 no y,58,58,38,U149-BLK-001,9,5,B,LIT-X035,2D profile summary only,U135-BLK-002
XREG-v2.7-TECHNICAL,RAW-X058::overlay_component_raw_count_skewness,RAW-X058,overlay_count_profile_shape,overlay_component_raw_count_skewness,dimensionless,verified SLICE-004 pixel readback profile,profile shape statistic from frozen raw table,B|C|F|L|T,derived_statistic_from_verified_SLICE004_profile,PRM134_batch_autopilot,PRM134_values_long.csv,batch_BC_candidate,full58_raw_table_batch_not_selected,confirmed_raw_table_lineage,batch_BC_unselected_block_aware,False,False,False,PRM134 no y,58,58,58,U135-BLK-004,4,3,C,LIT-X035,2D profile summary only,U135-BLK-004
XREG-v2.7-TECHNICAL,RAW-X058::overlay_component_raw_count_zero_fraction,RAW-X058,overlay_count_profile_shape,overlay_component_raw_count_zero_fraction,dimensionless,verified SLICE-004 pixel readback profile,profile shape statistic from frozen raw table,B|C|F|L|T,derived_statistic_from_verified_SLICE004_profile,PRM134_batch_autopilot,PRM134_values_long.csv,batch_BC_candidate,full58_raw_table_batch_not_selected,confirmed_raw_table_lineage,batch_BC_unselected_block_aware,False,False,False,PRM134 no y,58,58,1,U135-BLK-007,1,0,C,LIT-X035,2D profile summary only,U135-BLK-007
XREG-v2.7-TECHNICAL,RAW-X059::blue_fraction_coefficient_variation,RAW-X059,phase_profile_shape,blue_fraction_coefficient_variation,dimensionless,verified SLICE-004 pixel readback profile,profile shape statistic from frozen raw table,B|C|F|L|T,derived_statistic_from_verified_SLICE004_profile,PRM136_batch_autopilot,PRM136_values_long.csv,batch_BC_candidate,full58_raw_table_batch_not_selected,confirmed_raw_table_lineage,batch_BC_unselected_block_aware,False,False,False,PRM136 no y,58,58,58,U137-BLK-002,1,0,B,LIT-X035,2D profile summary only,U137-BLK-002
XREG-v2.7-TECHNICAL,RAW-X059::blue_fraction_mean_abs_adjacent_change,RAW-X059,phase_profile_shape,blue_fraction_mean_abs_adjacent_change,dimensionless,verified SLICE-004 pixel readback profile,profile shape statistic from frozen raw table,B|C|F|L|T,derived_statistic_from_verified_SLICE004_profile,PRM136_batch_autopilot,PRM136_values_long.csv,batch_BC_candidate,full58_raw_table_batch_not_selected,confirmed_raw_table_lineage,batch_BC_unselected_block_aware,False,False,False,PRM136 no y,58,58,58,U147-BLK-003,4,3,C,LIT-X035,2D profile summary only,U147-BLK-003
XREG-v2.7-TECHNICAL,RAW-X059::blue_fraction_q95_q05_span,RAW-X059,phase_profile_shape,blue_fraction_q95_q05_span,dimensionless,verified SLICE-004 pixel readback profile,profile shape statistic from frozen raw table,B|C|F|L|T,derived_statistic_from_verified_SLICE004_profile,PRM136_batch_autopilot,PRM136_values_long.csv,batch_BC_candidate,full58_raw_table_batch_not_selected,confirmed_raw_table_lineage,batch_BC_unselected_block_aware,False,False,False,PRM136 no y,58,58,58,U137-BLK-004,2,1,B,LIT-X035,2D profile summary only,U137-BLK-004
XREG-v2.7-TECHNICAL,RAW-X059::blue_fraction_rms_adjacent_change,RAW-X059,phase_profile_shape,blue_fraction_rms_adjacent_change,dimensionless,verified SLICE-004 pixel readback profile,profile shape statistic from frozen raw table,B|C|F|L|T,derived_statistic_from_verified_SLICE004_profile,PRM136_batch_autopilot,PRM136_values_long.csv,batch_BC_candidate,full58_raw_table_batch_not_selected,confirmed_raw_table_lineage,batch_BC_unselected_block_aware,False,False,False,PRM136 no y,58,58,58,U137-BLK-005,1,0,C,LIT-X035,2D profile summary only,U137-BLK-005
XREG-v2.7-TECHNICAL,RAW-X059::purple_fraction_coefficient_variation,RAW-X059,phase_profile_shape,purple_fraction_coefficient_variation,dimensionless,verified SLICE-004 pixel readback profile,profile shape statistic from frozen raw table,B|C|F|L|T,derived_statistic_from_verified_SLICE004_profile,PRM136_batch_autopilot,PRM136_values_long.csv,batch_BC_candidate,full58_raw_table_batch_not_selected,confirmed_raw_table_lineage,batch_BC_unselected_block_aware,False,False,False,PRM136 no y,58,58,58,U147-BLK-001,3,2,B,LIT-X035,2D profile summary only,U147-BLK-001
XREG-v2.7-TECHNICAL,RAW-X059::purple_fraction_mean_abs_adjacent_change,RAW-X059,phase_profile_shape,purple_fraction_mean_abs_adjacent_change,dimensionless,verified SLICE-004 pixel readback profile,profile shape statistic from frozen raw table,B|C|F|L|T,derived_statistic_from_verified_SLICE004_profile,PRM136_batch_autopilot,PRM136_values_long.csv,batch_BC_candidate,full58_raw_table_batch_not_selected,confirmed_raw_table_lineage,batch_BC_unselected_block_aware,False,False,False,PRM136 no y,58,58,58,U147-BLK-003,4,3,C,LIT-X035,2D profile summary only,U147-BLK-003
XREG-v2.7-TECHNICAL,RAW-X059::purple_fraction_q95_q05_span,RAW-X059,phase_profile_shape,purple_fraction_q95_q05_span,dimensionless,verified SLICE-004 pixel readback profile,profile shape statistic from frozen raw table,B|C|F|L|T,derived_statistic_from_verified_SLICE004_profile,PRM136_batch_autopilot,PRM136_values_long.csv,batch_BC_candidate,full58_raw_table_batch_not_selected,confirmed_raw_table_lineage,batch_BC_unselected_block_aware,False,False,False,PRM136 no y,58,58,58,U147-BLK-004,2,1,B,LIT-X035,2D profile summary only,U147-BLK-004
XREG-v2.7-TECHNICAL,RAW-X059::purple_fraction_rms_adjacent_change,RAW-X059,phase_profile_shape,purple_fraction_rms_adjacent_change,dimensionless,verified SLICE-004 pixel readback profile,profile shape statistic from frozen raw table,B|C|F|L|T,derived_statistic_from_verified_SLICE004_profile,PRM136_batch_autopilot,PRM136_values_long.csv,batch_BC_candidate,full58_raw_table_batch_not_selected,confirmed_raw_table_lineage,batch_BC_unselected_block_aware,False,False,False,PRM136 no y,58,58,58,U137-BLK-007,1,0,C,LIT-X035,2D profile summary only,U137-BLK-007
XREG-v2.7-TECHNICAL,RAW-X059::red_fraction_coefficient_variation,RAW-X059,phase_profile_shape,red_fraction_coefficient_variation,dimensionless,verified SLICE-004 pixel readback profile,profile shape statistic from frozen raw table,B|C|F|L|T,derived_statistic_from_verified_SLICE004_profile,PRM136_batch_autopilot,PRM136_values_long.csv,batch_BC_candidate,full58_raw_table_batch_not_selected,confirmed_raw_table_lineage,batch_BC_unselected_block_aware,False,False,False,PRM136 no y,58,58,58,U137-BLK-008,1,0,B,LIT-X035,2D profile summary only,U137-BLK-008
XREG-v2.7-TECHNICAL,RAW-X059::red_fraction_mean_abs_adjacent_change,RAW-X059,phase_profile_shape,red_fraction_mean_abs_adjacent_change,dimensionless,verified SLICE-004 pixel readback profile,profile shape statistic from frozen raw table,B|C|F|L|T,derived_statistic_from_verified_SLICE004_profile,PRM136_batch_autopilot,PRM136_values_long.csv,batch_BC_candidate,full58_raw_table_batch_not_selected,confirmed_raw_table_lineage,batch_BC_unselected_block_aware,False,False,False,PRM136 no y,58,58,58,U147-BLK-003,4,3,C,LIT-X035,2D profile summary only,U147-BLK-003
XREG-v2.7-TECHNICAL,RAW-X059::red_fraction_q95_q05_span,RAW-X059,phase_profile_shape,red_fraction_q95_q05_span,dimensionless,verified SLICE-004 pixel readback profile,profile shape statistic from frozen raw table,B|C|F|L|T,derived_statistic_from_verified_SLICE004_profile,PRM136_batch_autopilot,PRM136_values_long.csv,batch_BC_candidate,full58_raw_table_batch_not_selected,confirmed_raw_table_lineage,batch_BC_unselected_block_aware,False,False,False,PRM136 no y,58,58,58,U137-BLK-004,2,1,B,LIT-X035,2D profile summary only,U137-BLK-004
XREG-v2.7-TECHNICAL,RAW-X059::red_fraction_rms_adjacent_change,RAW-X059,phase_profile_shape,red_fraction_rms_adjacent_change,dimensionless,verified SLICE-004 pixel readback profile,profile shape statistic from frozen raw table,B|C|F|L|T,derived_statistic_from_verified_SLICE004_profile,PRM136_batch_autopilot,PRM136_values_long.csv,batch_BC_candidate,full58_raw_table_batch_not_selected,confirmed_raw_table_lineage,batch_BC_unselected_block_aware,False,False,False,PRM136 no y,58,58,58,U137-BLK-009,1,0,C,LIT-X035,2D profile summary only,U137-BLK-009
XREG-v2.7-TECHNICAL,RAW-X060::all_component_area_coefficient_variation,RAW-X060,raw_component_area_profile_shape,all_component_area_coefficient_variation,mm2,verified SLICE-004 overlay component table,profile shape statistic from frozen raw table,B|C|F|L|T,derived_statistic_from_verified_SLICE004_profile,PRM138_batch_autopilot,PRM138_values_long.csv,batch_BC_candidate,full58_raw_table_batch_not_selected,confirmed_raw_table_lineage,batch_BC_unselected_block_aware,False,False,False,PRM138 no y,58,58,58,U139-BLK-001,3,2,B,LIT-X035,2D profile summary only,U139-BLK-001
XREG-v2.7-TECHNICAL,RAW-X060::all_component_area_excess_kurtosis,RAW-X060,raw_component_area_profile_shape,all_component_area_excess_kurtosis,mm2,verified SLICE-004 overlay component table,profile shape statistic from frozen raw table,B|C|F|L|T,derived_statistic_from_verified_SLICE004_profile,PRM138_batch_autopilot,PRM138_values_long.csv,batch_BC_candidate,full58_raw_table_batch_not_selected,confirmed_raw_table_lineage,batch_BC_unselected_block_aware,False,False,False,PRM138 no y,58,58,58,U139-BLK-003,2,1,C,LIT-X035,2D profile summary only,U139-BLK-003
XREG-v2.7-TECHNICAL,RAW-X060::all_component_area_normalized_total_variation,RAW-X060,raw_component_area_profile_shape,all_component_area_normalized_total_variation,mm2,verified SLICE-004 overlay component table,profile shape statistic from frozen raw table,B|C|F|L|T,derived_statistic_from_verified_SLICE004_profile,PRM138_batch_autopilot,PRM138_values_long.csv,batch_BC_candidate,full58_raw_table_batch_not_selected,confirmed_raw_table_lineage,batch_BC_unselected_block_aware,False,False,False,PRM138 no y,58,58,58,U139-BLK-004,2,1,C,LIT-X035,2D profile summary only,U139-BLK-004
XREG-v2.7-TECHNICAL,RAW-X060::all_component_area_q95_q05_span,RAW-X060,raw_component_area_profile_shape,all_component_area_q95_q05_span,mm2,verified SLICE-004 overlay component table,profile shape statistic from frozen raw table,B|C|F|L|T,derived_statistic_from_verified_SLICE004_profile,PRM138_batch_autopilot,PRM138_values_long.csv,batch_BC_candidate,full58_raw_table_batch_not_selected,confirmed_raw_table_lineage,batch_BC_unselected_block_aware,False,False,False,PRM138 no y,58,58,58,U139-BLK-002,3,2,B,LIT-X035,2D profile summary only,U139-BLK-002
XREG-v2.7-TECHNICAL,RAW-X060::all_component_area_skewness,RAW-X060,raw_component_area_profile_shape,all_component_area_skewness,mm2,verified SLICE-004 overlay component table,profile shape statistic from frozen raw table,B|C|F|L|T,derived_statistic_from_verified_SLICE004_profile,PRM138_batch_autopilot,PRM138_values_long.csv,batch_BC_candidate,full58_raw_table_batch_not_selected,confirmed_raw_table_lineage,batch_BC_unselected_block_aware,False,False,False,PRM138 no y,58,58,58,U139-BLK-005,2,1,C,LIT-X035,2D profile summary only,U139-BLK-005
XREG-v2.7-TECHNICAL,RAW-X060::all_component_area_zero_fraction,RAW-X060,raw_component_area_profile_shape,all_component_area_zero_fraction,mm2,verified SLICE-004 overlay component table,profile shape statistic from frozen raw table,B|C|F|L|T,derived_statistic_from_verified_SLICE004_profile,PRM138_batch_autopilot,PRM138_values_long.csv,batch_BC_candidate,full58_raw_table_batch_not_selected,confirmed_raw_table_lineage,batch_BC_unselected_block_aware,False,False,False,PRM138 no y,58,58,1,U139-BLK-006,1,0,C,LIT-X035,2D profile summary only,U139-BLK-006
XREG-v2.7-TECHNICAL,RAW-X060::kept_component_area_coefficient_variation,RAW-X060,raw_component_area_profile_shape,kept_component_area_coefficient_variation,mm2,verified SLICE-004 overlay component table,profile shape statistic from frozen raw table,B|C|F|L|T,derived_statistic_from_verified_SLICE004_profile,PRM138_batch_autopilot,PRM138_values_long.csv,batch_BC_candidate,full58_raw_table_batch_not_selected,confirmed_raw_table_lineage,batch_BC_unselected_block_aware,False,False,False,PRM138 no y,58,58,58,U139-BLK-001,3,2,B,LIT-X035,2D profile summary only,U139-BLK-001
XREG-v2.7-TECHNICAL,RAW-X060::kept_component_area_excess_kurtosis,RAW-X060,raw_component_area_profile_shape,kept_component_area_excess_kurtosis,mm2,verified SLICE-004 overlay component table,profile shape statistic from frozen raw table,B|C|F|L|T,derived_statistic_from_verified_SLICE004_profile,PRM138_batch_autopilot,PRM138_values_long.csv,batch_BC_candidate,full58_raw_table_batch_not_selected,confirmed_raw_table_lineage,batch_BC_unselected_block_aware,False,False,False,PRM138 no y,58,58,58,U139-BLK-003,2,1,C,LIT-X035,2D profile summary only,U139-BLK-003
XREG-v2.7-TECHNICAL,RAW-X060::kept_component_area_normalized_total_variation,RAW-X060,raw_component_area_profile_shape,kept_component_area_normalized_total_variation,mm2,verified SLICE-004 overlay component table,profile shape statistic from frozen raw table,B|C|F|L|T,derived_statistic_from_verified_SLICE004_profile,PRM138_batch_autopilot,PRM138_values_long.csv,batch_BC_candidate,full58_raw_table_batch_not_selected,confirmed_raw_table_lineage,batch_BC_unselected_block_aware,False,False,False,PRM138 no y,58,58,58,U139-BLK-004,2,1,C,LIT-X035,2D profile summary only,U139-BLK-004
XREG-v2.7-TECHNICAL,RAW-X060::kept_component_area_q95_q05_span,RAW-X060,raw_component_area_profile_shape,kept_component_area_q95_q05_span,mm2,verified SLICE-004 overlay component table,profile shape statistic from frozen raw table,B|C|F|L|T,derived_statistic_from_verified_SLICE004_profile,PRM138_batch_autopilot,PRM138_values_long.csv,batch_BC_candidate,full58_raw_table_batch_not_selected,confirmed_raw_table_lineage,batch_BC_unselected_block_aware,False,False,False,PRM138 no y,58,58,58,U139-BLK-002,3,2,B,LIT-X035,2D profile summary only,U139-BLK-002
XREG-v2.7-TECHNICAL,RAW-X060::kept_component_area_skewness,RAW-X060,raw_component_area_profile_shape,kept_component_area_skewness,mm2,verified SLICE-004 overlay component table,profile shape statistic from frozen raw table,B|C|F|L|T,derived_statistic_from_verified_SLICE004_profile,PRM138_batch_autopilot,PRM138_values_long.csv,batch_BC_candidate,full58_raw_table_batch_not_selected,confirmed_raw_table_lineage,batch_BC_unselected_block_aware,False,False,False,PRM138 no y,58,58,58,U139-BLK-005,2,1,C,LIT-X035,2D profile summary only,U139-BLK-005
XREG-v2.7-TECHNICAL,RAW-X060::kept_component_area_zero_fraction,RAW-X060,raw_component_area_profile_shape,kept_component_area_zero_fraction,mm2,verified SLICE-004 overlay component table,profile shape statistic from frozen raw table,B|C|F|L|T,derived_statistic_from_verified_SLICE004_profile,PRM138_batch_autopilot,PRM138_values_long.csv,batch_BC_candidate,full58_raw_table_batch_not_selected,confirmed_raw_table_lineage,batch_BC_unselected_block_aware,False,False,False,PRM138 no y,58,58,1,U139-BLK-007,1,0,C,LIT-X035,2D profile summary only,U139-BLK-007
XREG-v2.7-TECHNICAL,RAW-X061::slice_kept_component_density_coefficient_variation,RAW-X061,slice_density_profile_shape,slice_kept_component_density_coefficient_variation,dimensionless,verified SLICE-004 pixel readback profile,profile shape statistic from frozen raw table,B|C|F|L|T,derived_statistic_from_verified_SLICE004_profile,PRM140_batch_autopilot,PRM140_values_long.csv,batch_BC_candidate,full58_raw_table_batch_not_selected,confirmed_raw_table_lineage,batch_BC_unselected_block_aware,False,False,False,PRM140 no y,58,58,58,U141-BLK-001,2,1,B,LIT-X035,2D profile summary only,U141-BLK-001
XREG-v2.7-TECHNICAL,RAW-X061::slice_kept_component_density_excess_kurtosis,RAW-X061,slice_density_profile_shape,slice_kept_component_density_excess_kurtosis,dimensionless,verified SLICE-004 pixel readback profile,profile shape statistic from frozen raw table,B|C|F|L|T,derived_statistic_from_verified_SLICE004_profile,PRM140_batch_autopilot,PRM140_values_long.csv,batch_BC_candidate,full58_raw_table_batch_not_selected,confirmed_raw_table_lineage,batch_BC_unselected_block_aware,False,False,False,PRM140 no y,58,58,58,U141-BLK-002,2,1,C,LIT-X035,2D profile summary only,U141-BLK-002
XREG-v2.7-TECHNICAL,RAW-X061::slice_kept_component_density_normalized_total_variation,RAW-X061,slice_density_profile_shape,slice_kept_component_density_normalized_total_variation,dimensionless,verified SLICE-004 pixel readback profile,profile shape statistic from frozen raw table,B|C|F|L|T,derived_statistic_from_verified_SLICE004_profile,PRM140_batch_autopilot,PRM140_values_long.csv,batch_BC_candidate,full58_raw_table_batch_not_selected,confirmed_raw_table_lineage,batch_BC_unselected_block_aware,False,False,False,PRM140 no y,58,58,58,U141-BLK-003,2,1,C,LIT-X035,2D profile summary only,U141-BLK-003
XREG-v2.7-TECHNICAL,RAW-X061::slice_kept_component_density_q95_q05_span,RAW-X061,slice_density_profile_shape,slice_kept_component_density_q95_q05_span,dimensionless,verified SLICE-004 pixel readback profile,profile shape statistic from frozen raw table,B|C|F|L|T,derived_statistic_from_verified_SLICE004_profile,PRM140_batch_autopilot,PRM140_values_long.csv,batch_BC_candidate,full58_raw_table_batch_not_selected,confirmed_raw_table_lineage,batch_BC_unselected_block_aware,False,False,False,PRM140 no y,58,58,58,U141-BLK-004,2,1,B,LIT-X035,2D profile summary only,U141-BLK-004
XREG-v2.7-TECHNICAL,RAW-X061::slice_kept_component_density_skewness,RAW-X061,slice_density_profile_shape,slice_kept_component_density_skewness,dimensionless,verified SLICE-004 pixel readback profile,profile shape statistic from frozen raw table,B|C|F|L|T,derived_statistic_from_verified_SLICE004_profile,PRM140_batch_autopilot,PRM140_values_long.csv,batch_BC_candidate,full58_raw_table_batch_not_selected,confirmed_raw_table_lineage,batch_BC_unselected_block_aware,False,False,False,PRM140 no y,58,58,58,U141-BLK-005,2,1,C,LIT-X035,2D profile summary only,U141-BLK-005
XREG-v2.7-TECHNICAL,RAW-X061::slice_kept_component_density_zero_fraction,RAW-X061,slice_density_profile_shape,slice_kept_component_density_zero_fraction,dimensionless,verified SLICE-004 pixel readback profile,profile shape statistic from frozen raw table,B|C|F|L|T,derived_statistic_from_verified_SLICE004_profile,PRM140_batch_autopilot,PRM140_values_long.csv,batch_BC_candidate,full58_raw_table_batch_not_selected,confirmed_raw_table_lineage,batch_BC_unselected_block_aware,False,False,False,PRM140 no y,58,58,2,U141-BLK-006,1,0,C,LIT-X035,2D profile summary only,U141-BLK-006
XREG-v2.7-TECHNICAL,RAW-X061::slice_raw_component_density_coefficient_variation,RAW-X061,slice_density_profile_shape,slice_raw_component_density_coefficient_variation,dimensionless,verified SLICE-004 pixel readback profile,profile shape statistic from frozen raw table,B|C|F|L|T,derived_statistic_from_verified_SLICE004_profile,PRM140_batch_autopilot,PRM140_values_long.csv,batch_BC_candidate,full58_raw_table_batch_not_selected,confirmed_raw_table_lineage,batch_BC_unselected_block_aware,False,False,False,PRM140 no y,58,58,58,U141-BLK-001,2,1,B,LIT-X035,2D profile summary only,U141-BLK-001
XREG-v2.7-TECHNICAL,RAW-X061::slice_raw_component_density_excess_kurtosis,RAW-X061,slice_density_profile_shape,slice_raw_component_density_excess_kurtosis,dimensionless,verified SLICE-004 pixel readback profile,profile shape statistic from frozen raw table,B|C|F|L|T,derived_statistic_from_verified_SLICE004_profile,PRM140_batch_autopilot,PRM140_values_long.csv,batch_BC_candidate,full58_raw_table_batch_not_selected,confirmed_raw_table_lineage,batch_BC_unselected_block_aware,False,False,False,PRM140 no y,58,58,58,U141-BLK-002,2,1,C,LIT-X035,2D profile summary only,U141-BLK-002
XREG-v2.7-TECHNICAL,RAW-X061::slice_raw_component_density_normalized_total_variation,RAW-X061,slice_density_profile_shape,slice_raw_component_density_normalized_total_variation,dimensionless,verified SLICE-004 pixel readback profile,profile shape statistic from frozen raw table,B|C|F|L|T,derived_statistic_from_verified_SLICE004_profile,PRM140_batch_autopilot,PRM140_values_long.csv,batch_BC_candidate,full58_raw_table_batch_not_selected,confirmed_raw_table_lineage,batch_BC_unselected_block_aware,False,False,False,PRM140 no y,58,58,58,U141-BLK-003,2,1,C,LIT-X035,2D profile summary only,U141-BLK-003
XREG-v2.7-TECHNICAL,RAW-X061::slice_raw_component_density_q95_q05_span,RAW-X061,slice_density_profile_shape,slice_raw_component_density_q95_q05_span,dimensionless,verified SLICE-004 pixel readback profile,profile shape statistic from frozen raw table,B|C|F|L|T,derived_statistic_from_verified_SLICE004_profile,PRM140_batch_autopilot,PRM140_values_long.csv,batch_BC_candidate,full58_raw_table_batch_not_selected,confirmed_raw_table_lineage,batch_BC_unselected_block_aware,False,False,False,PRM140 no y,58,58,58,U141-BLK-004,2,1,B,LIT-X035,2D profile summary only,U141-BLK-004
XREG-v2.7-TECHNICAL,RAW-X061::slice_raw_component_density_skewness,RAW-X061,slice_density_profile_shape,slice_raw_component_density_skewness,dimensionless,verified SLICE-004 pixel readback profile,profile shape statistic from frozen raw table,B|C|F|L|T,derived_statistic_from_verified_SLICE004_profile,PRM140_batch_autopilot,PRM140_values_long.csv,batch_BC_candidate,full58_raw_table_batch_not_selected,confirmed_raw_table_lineage,batch_BC_unselected_block_aware,False,False,False,PRM140 no y,58,58,58,U141-BLK-005,2,1,C,LIT-X035,2D profile summary only,U141-BLK-005
XREG-v2.7-TECHNICAL,RAW-X061::slice_raw_component_density_zero_fraction,RAW-X061,slice_density_profile_shape,slice_raw_component_density_zero_fraction,dimensionless,verified SLICE-004 pixel readback profile,profile shape statistic from frozen raw table,B|C|F|L|T,derived_statistic_from_verified_SLICE004_profile,PRM140_batch_autopilot,PRM140_values_long.csv,batch_BC_candidate,full58_raw_table_batch_not_selected,confirmed_raw_table_lineage,batch_BC_unselected_block_aware,False,False,False,PRM140 no y,58,58,2,U141-BLK-007,1,0,C,LIT-X035,2D profile summary only,U141-BLK-007
XREG-v2.7-TECHNICAL,RAW-X062::pair_component_area_max_coefficient_variation,RAW-X062,pair_area_profile_shape,pair_component_area_max_coefficient_variation,mm2,verified SLICE-004 overlay component table,profile shape statistic from frozen raw table,B|C|F|L|T,derived_statistic_from_verified_SLICE004_profile,PRM142_batch_autopilot,PRM142_values_long.csv,batch_BC_candidate,full58_raw_table_batch_not_selected,confirmed_raw_table_lineage,batch_BC_unselected_block_aware,False,False,False,PRM142 no y,58,58,58,U143-BLK-001,1,0,B,LIT-X035,2D profile summary only,U143-BLK-001
XREG-v2.7-TECHNICAL,RAW-X062::pair_component_area_max_excess_kurtosis,RAW-X062,pair_area_profile_shape,pair_component_area_max_excess_kurtosis,mm2,verified SLICE-004 overlay component table,profile shape statistic from frozen raw table,B|C|F|L|T,derived_statistic_from_verified_SLICE004_profile,PRM142_batch_autopilot,PRM142_values_long.csv,batch_BC_candidate,full58_raw_table_batch_not_selected,confirmed_raw_table_lineage,batch_BC_unselected_block_aware,False,False,False,PRM142 no y,58,58,58,U143-BLK-002,1,0,C,LIT-X035,2D profile summary only,U143-BLK-002
XREG-v2.7-TECHNICAL,RAW-X062::pair_component_area_max_normalized_total_variation,RAW-X062,pair_area_profile_shape,pair_component_area_max_normalized_total_variation,mm2,verified SLICE-004 overlay component table,profile shape statistic from frozen raw table,B|C|F|L|T,derived_statistic_from_verified_SLICE004_profile,PRM142_batch_autopilot,PRM142_values_long.csv,batch_BC_candidate,full58_raw_table_batch_not_selected,confirmed_raw_table_lineage,batch_BC_unselected_block_aware,False,False,False,PRM142 no y,58,58,58,U143-BLK-003,1,0,C,LIT-X035,2D profile summary only,U143-BLK-003
XREG-v2.7-TECHNICAL,RAW-X062::pair_component_area_max_q95_q05_span,RAW-X062,pair_area_profile_shape,pair_component_area_max_q95_q05_span,mm2,verified SLICE-004 overlay component table,profile shape statistic from frozen raw table,B|C|F|L|T,derived_statistic_from_verified_SLICE004_profile,PRM142_batch_autopilot,PRM142_values_long.csv,batch_BC_candidate,full58_raw_table_batch_not_selected,confirmed_raw_table_lineage,batch_BC_unselected_block_aware,False,False,False,PRM142 no y,58,58,58,U143-BLK-004,1,0,B,LIT-X035,2D profile summary only,U143-BLK-004
XREG-v2.7-TECHNICAL,RAW-X062::pair_component_area_max_skewness,RAW-X062,pair_area_profile_shape,pair_component_area_max_skewness,mm2,verified SLICE-004 overlay component table,profile shape statistic from frozen raw table,B|C|F|L|T,derived_statistic_from_verified_SLICE004_profile,PRM142_batch_autopilot,PRM142_values_long.csv,batch_BC_candidate,full58_raw_table_batch_not_selected,confirmed_raw_table_lineage,batch_BC_unselected_block_aware,False,False,False,PRM142 no y,58,58,58,U143-BLK-005,1,0,C,LIT-X035,2D profile summary only,U143-BLK-005
XREG-v2.7-TECHNICAL,RAW-X062::pair_component_area_max_zero_fraction,RAW-X062,pair_area_profile_shape,pair_component_area_max_zero_fraction,mm2,verified SLICE-004 overlay component table,profile shape statistic from frozen raw table,B|C|F|L|T,derived_statistic_from_verified_SLICE004_profile,PRM142_batch_autopilot,PRM142_values_long.csv,batch_BC_candidate,full58_raw_table_batch_not_selected,confirmed_raw_table_lineage,batch_BC_unselected_block_aware,False,False,False,PRM142 no y,58,58,1,U143-BLK-006,1,0,C,LIT-X035,2D profile summary only,U143-BLK-006
XREG-v2.7-TECHNICAL,RAW-X062::pair_component_area_median_coefficient_variation,RAW-X062,pair_area_profile_shape,pair_component_area_median_coefficient_variation,mm2,verified SLICE-004 overlay component table,profile shape statistic from frozen raw table,B|C|F|L|T,derived_statistic_from_verified_SLICE004_profile,PRM142_batch_autopilot,PRM142_values_long.csv,batch_BC_candidate,full58_raw_table_batch_not_selected,confirmed_raw_table_lineage,batch_BC_unselected_block_aware,False,False,False,PRM142 no y,58,58,58,U143-BLK-007,1,0,B,LIT-X035,2D profile summary only,U143-BLK-007
XREG-v2.7-TECHNICAL,RAW-X062::pair_component_area_median_excess_kurtosis,RAW-X062,pair_area_profile_shape,pair_component_area_median_excess_kurtosis,mm2,verified SLICE-004 overlay component table,profile shape statistic from frozen raw table,B|C|F|L|T,derived_statistic_from_verified_SLICE004_profile,PRM142_batch_autopilot,PRM142_values_long.csv,batch_BC_candidate,full58_raw_table_batch_not_selected,confirmed_raw_table_lineage,batch_BC_unselected_block_aware,False,False,False,PRM142 no y,58,58,58,U143-BLK-008,1,0,C,LIT-X035,2D profile summary only,U143-BLK-008
XREG-v2.7-TECHNICAL,RAW-X062::pair_component_area_median_normalized_total_variation,RAW-X062,pair_area_profile_shape,pair_component_area_median_normalized_total_variation,mm2,verified SLICE-004 overlay component table,profile shape statistic from frozen raw table,B|C|F|L|T,derived_statistic_from_verified_SLICE004_profile,PRM142_batch_autopilot,PRM142_values_long.csv,batch_BC_candidate,full58_raw_table_batch_not_selected,confirmed_raw_table_lineage,batch_BC_unselected_block_aware,False,False,False,PRM142 no y,58,58,58,U143-BLK-009,1,0,C,LIT-X035,2D profile summary only,U143-BLK-009
XREG-v2.7-TECHNICAL,RAW-X062::pair_component_area_median_q95_q05_span,RAW-X062,pair_area_profile_shape,pair_component_area_median_q95_q05_span,mm2,verified SLICE-004 overlay component table,profile shape statistic from frozen raw table,B|C|F|L|T,derived_statistic_from_verified_SLICE004_profile,PRM142_batch_autopilot,PRM142_values_long.csv,batch_BC_candidate,full58_raw_table_batch_not_selected,confirmed_raw_table_lineage,batch_BC_unselected_block_aware,False,False,False,PRM142 no y,58,58,58,U143-BLK-010,1,0,B,LIT-X035,2D profile summary only,U143-BLK-010
XREG-v2.7-TECHNICAL,RAW-X062::pair_component_area_median_skewness,RAW-X062,pair_area_profile_shape,pair_component_area_median_skewness,mm2,verified SLICE-004 overlay component table,profile shape statistic from frozen raw table,B|C|F|L|T,derived_statistic_from_verified_SLICE004_profile,PRM142_batch_autopilot,PRM142_values_long.csv,batch_BC_candidate,full58_raw_table_batch_not_selected,confirmed_raw_table_lineage,batch_BC_unselected_block_aware,False,False,False,PRM142 no y,58,58,58,U143-BLK-011,1,0,C,LIT-X035,2D profile summary only,U143-BLK-011
XREG-v2.7-TECHNICAL,RAW-X062::pair_component_area_median_zero_fraction,RAW-X062,pair_area_profile_shape,pair_component_area_median_zero_fraction,mm2,verified SLICE-004 overlay component table,profile shape statistic from frozen raw table,B|C|F|L|T,derived_statistic_from_verified_SLICE004_profile,PRM142_batch_autopilot,PRM142_values_long.csv,batch_BC_candidate,full58_raw_table_batch_not_selected,confirmed_raw_table_lineage,batch_BC_unselected_block_aware,False,False,False,PRM142 no y,58,58,1,U143-BLK-012,1,0,C,LIT-X035,2D profile summary only,U143-BLK-012
XREG-v2.7-TECHNICAL,RAW-X062::pair_component_area_q90_coefficient_variation,RAW-X062,pair_area_profile_shape,pair_component_area_q90_coefficient_variation,mm2,verified SLICE-004 overlay component table,profile shape statistic from frozen raw table,B|C|F|L|T,derived_statistic_from_verified_SLICE004_profile,PRM142_batch_autopilot,PRM142_values_long.csv,batch_BC_candidate,full58_raw_table_batch_not_selected,confirmed_raw_table_lineage,batch_BC_unselected_block_aware,False,False,False,PRM142 no y,58,58,58,U143-BLK-013,1,0,B,LIT-X035,2D profile summary only,U143-BLK-013
XREG-v2.7-TECHNICAL,RAW-X062::pair_component_area_q90_excess_kurtosis,RAW-X062,pair_area_profile_shape,pair_component_area_q90_excess_kurtosis,mm2,verified SLICE-004 overlay component table,profile shape statistic from frozen raw table,B|C|F|L|T,derived_statistic_from_verified_SLICE004_profile,PRM142_batch_autopilot,PRM142_values_long.csv,batch_BC_candidate,full58_raw_table_batch_not_selected,confirmed_raw_table_lineage,batch_BC_unselected_block_aware,False,False,False,PRM142 no y,58,58,58,U143-BLK-014,1,0,C,LIT-X035,2D profile summary only,U143-BLK-014
XREG-v2.7-TECHNICAL,RAW-X062::pair_component_area_q90_normalized_total_variation,RAW-X062,pair_area_profile_shape,pair_component_area_q90_normalized_total_variation,mm2,verified SLICE-004 overlay component table,profile shape statistic from frozen raw table,B|C|F|L|T,derived_statistic_from_verified_SLICE004_profile,PRM142_batch_autopilot,PRM142_values_long.csv,batch_BC_candidate,full58_raw_table_batch_not_selected,confirmed_raw_table_lineage,batch_BC_unselected_block_aware,False,False,False,PRM142 no y,58,58,58,U143-BLK-015,1,0,C,LIT-X035,2D profile summary only,U143-BLK-015
XREG-v2.7-TECHNICAL,RAW-X062::pair_component_area_q90_q95_q05_span,RAW-X062,pair_area_profile_shape,pair_component_area_q90_q95_q05_span,mm2,verified SLICE-004 overlay component table,profile shape statistic from frozen raw table,B|C|F|L|T,derived_statistic_from_verified_SLICE004_profile,PRM142_batch_autopilot,PRM142_values_long.csv,batch_BC_candidate,full58_raw_table_batch_not_selected,confirmed_raw_table_lineage,batch_BC_unselected_block_aware,False,False,False,PRM142 no y,58,58,58,U143-BLK-016,1,0,B,LIT-X035,2D profile summary only,U143-BLK-016
XREG-v2.7-TECHNICAL,RAW-X062::pair_component_area_q90_skewness,RAW-X062,pair_area_profile_shape,pair_component_area_q90_skewness,mm2,verified SLICE-004 overlay component table,profile shape statistic from frozen raw table,B|C|F|L|T,derived_statistic_from_verified_SLICE004_profile,PRM142_batch_autopilot,PRM142_values_long.csv,batch_BC_candidate,full58_raw_table_batch_not_selected,confirmed_raw_table_lineage,batch_BC_unselected_block_aware,False,False,False,PRM142 no y,58,58,58,U143-BLK-017,1,0,C,LIT-X035,2D profile summary only,U143-BLK-017
XREG-v2.7-TECHNICAL,RAW-X062::pair_component_area_q90_zero_fraction,RAW-X062,pair_area_profile_shape,pair_component_area_q90_zero_fraction,mm2,verified SLICE-004 overlay component table,profile shape statistic from frozen raw table,B|C|F|L|T,derived_statistic_from_verified_SLICE004_profile,PRM142_batch_autopilot,PRM142_values_long.csv,batch_BC_candidate,full58_raw_table_batch_not_selected,confirmed_raw_table_lineage,batch_BC_unselected_block_aware,False,False,False,PRM142 no y,58,58,1,U143-BLK-018,1,0,C,LIT-X035,2D profile summary only,U143-BLK-018
XREG-v2.7-TECHNICAL,RAW-X063::slice_kept_mean_piece_area_coefficient_variation,RAW-X063,slice_piece_area_profile_shape,slice_kept_mean_piece_area_coefficient_variation,mm2,verified SLICE-004 pixel readback profile,profile shape statistic from frozen raw table,B|C|F|L|T,derived_statistic_from_verified_SLICE004_profile,PRM144_batch_autopilot,PRM144_values_long.csv,batch_BC_candidate,full58_raw_table_batch_not_selected,confirmed_raw_table_lineage,batch_BC_unselected_block_aware,False,False,False,PRM144 no y,58,58,58,U145-BLK-001,2,1,B,LIT-X035,2D profile summary only,U145-BLK-001
XREG-v2.7-TECHNICAL,RAW-X063::slice_kept_mean_piece_area_excess_kurtosis,RAW-X063,slice_piece_area_profile_shape,slice_kept_mean_piece_area_excess_kurtosis,mm2,verified SLICE-004 pixel readback profile,profile shape statistic from frozen raw table,B|C|F|L|T,derived_statistic_from_verified_SLICE004_profile,PRM144_batch_autopilot,PRM144_values_long.csv,batch_BC_candidate,full58_raw_table_batch_not_selected,confirmed_raw_table_lineage,batch_BC_unselected_block_aware,False,False,False,PRM144 no y,58,58,58,U145-BLK-002,2,1,C,LIT-X035,2D profile summary only,U145-BLK-002
XREG-v2.7-TECHNICAL,RAW-X063::slice_kept_mean_piece_area_normalized_total_variation,RAW-X063,slice_piece_area_profile_shape,slice_kept_mean_piece_area_normalized_total_variation,mm2,verified SLICE-004 pixel readback profile,profile shape statistic from frozen raw table,B|C|F|L|T,derived_statistic_from_verified_SLICE004_profile,PRM144_batch_autopilot,PRM144_values_long.csv,batch_BC_candidate,full58_raw_table_batch_not_selected,confirmed_raw_table_lineage,batch_BC_unselected_block_aware,False,False,False,PRM144 no y,58,58,58,U145-BLK-003,2,1,C,LIT-X035,2D profile summary only,U145-BLK-003
XREG-v2.7-TECHNICAL,RAW-X063::slice_kept_mean_piece_area_q95_q05_span,RAW-X063,slice_piece_area_profile_shape,slice_kept_mean_piece_area_q95_q05_span,mm2,verified SLICE-004 pixel readback profile,profile shape statistic from frozen raw table,B|C|F|L|T,derived_statistic_from_verified_SLICE004_profile,PRM144_batch_autopilot,PRM144_values_long.csv,batch_BC_candidate,full58_raw_table_batch_not_selected,confirmed_raw_table_lineage,batch_BC_unselected_block_aware,False,False,False,PRM144 no y,58,58,58,U145-BLK-004,2,1,B,LIT-X035,2D profile summary only,U145-BLK-004
XREG-v2.7-TECHNICAL,RAW-X063::slice_kept_mean_piece_area_skewness,RAW-X063,slice_piece_area_profile_shape,slice_kept_mean_piece_area_skewness,mm2,verified SLICE-004 pixel readback profile,profile shape statistic from frozen raw table,B|C|F|L|T,derived_statistic_from_verified_SLICE004_profile,PRM144_batch_autopilot,PRM144_values_long.csv,batch_BC_candidate,full58_raw_table_batch_not_selected,confirmed_raw_table_lineage,batch_BC_unselected_block_aware,False,False,False,PRM144 no y,58,58,58,U145-BLK-005,2,1,C,LIT-X035,2D profile summary only,U145-BLK-005
XREG-v2.7-TECHNICAL,RAW-X063::slice_kept_mean_piece_area_zero_fraction,RAW-X063,slice_piece_area_profile_shape,slice_kept_mean_piece_area_zero_fraction,mm2,verified SLICE-004 pixel readback profile,profile shape statistic from frozen raw table,B|C|F|L|T,derived_statistic_from_verified_SLICE004_profile,PRM144_batch_autopilot,PRM144_values_long.csv,batch_BC_candidate,full58_raw_table_batch_not_selected,confirmed_raw_table_lineage,batch_BC_unselected_block_aware,False,False,False,PRM144 no y,58,58,2,U145-BLK-006,1,0,C,LIT-X035,2D profile summary only,U145-BLK-006
XREG-v2.7-TECHNICAL,RAW-X063::slice_raw_mean_piece_area_coefficient_variation,RAW-X063,slice_piece_area_profile_shape,slice_raw_mean_piece_area_coefficient_variation,mm2,verified SLICE-004 pixel readback profile,profile shape statistic from frozen raw table,B|C|F|L|T,derived_statistic_from_verified_SLICE004_profile,PRM144_batch_autopilot,PRM144_values_long.csv,batch_BC_candidate,full58_raw_table_batch_not_selected,confirmed_raw_table_lineage,batch_BC_unselected_block_aware,False,False,False,PRM144 no y,58,58,58,U145-BLK-001,2,1,B,LIT-X035,2D profile summary only,U145-BLK-001
XREG-v2.7-TECHNICAL,RAW-X063::slice_raw_mean_piece_area_excess_kurtosis,RAW-X063,slice_piece_area_profile_shape,slice_raw_mean_piece_area_excess_kurtosis,mm2,verified SLICE-004 pixel readback profile,profile shape statistic from frozen raw table,B|C|F|L|T,derived_statistic_from_verified_SLICE004_profile,PRM144_batch_autopilot,PRM144_values_long.csv,batch_BC_candidate,full58_raw_table_batch_not_selected,confirmed_raw_table_lineage,batch_BC_unselected_block_aware,False,False,False,PRM144 no y,58,58,58,U145-BLK-002,2,1,C,LIT-X035,2D profile summary only,U145-BLK-002
XREG-v2.7-TECHNICAL,RAW-X063::slice_raw_mean_piece_area_normalized_total_variation,RAW-X063,slice_piece_area_profile_shape,slice_raw_mean_piece_area_normalized_total_variation,mm2,verified SLICE-004 pixel readback profile,profile shape statistic from frozen raw table,B|C|F|L|T,derived_statistic_from_verified_SLICE004_profile,PRM144_batch_autopilot,PRM144_values_long.csv,batch_BC_candidate,full58_raw_table_batch_not_selected,confirmed_raw_table_lineage,batch_BC_unselected_block_aware,False,False,False,PRM144 no y,58,58,58,U145-BLK-003,2,1,C,LIT-X035,2D profile summary only,U145-BLK-003
XREG-v2.7-TECHNICAL,RAW-X063::slice_raw_mean_piece_area_q95_q05_span,RAW-X063,slice_piece_area_profile_shape,slice_raw_mean_piece_area_q95_q05_span,mm2,verified SLICE-004 pixel readback profile,profile shape statistic from frozen raw table,B|C|F|L|T,derived_statistic_from_verified_SLICE004_profile,PRM144_batch_autopilot,PRM144_values_long.csv,batch_BC_candidate,full58_raw_table_batch_not_selected,confirmed_raw_table_lineage,batch_BC_unselected_block_aware,False,False,False,PRM144 no y,58,58,58,U145-BLK-004,2,1,B,LIT-X035,2D profile summary only,U145-BLK-004
XREG-v2.7-TECHNICAL,RAW-X063::slice_raw_mean_piece_area_skewness,RAW-X063,slice_piece_area_profile_shape,slice_raw_mean_piece_area_skewness,mm2,verified SLICE-004 pixel readback profile,profile shape statistic from frozen raw table,B|C|F|L|T,derived_statistic_from_verified_SLICE004_profile,PRM144_batch_autopilot,PRM144_values_long.csv,batch_BC_candidate,full58_raw_table_batch_not_selected,confirmed_raw_table_lineage,batch_BC_unselected_block_aware,False,False,False,PRM144 no y,58,58,58,U145-BLK-005,2,1,C,LIT-X035,2D profile summary only,U145-BLK-005
XREG-v2.7-TECHNICAL,RAW-X063::slice_raw_mean_piece_area_zero_fraction,RAW-X063,slice_piece_area_profile_shape,slice_raw_mean_piece_area_zero_fraction,mm2,verified SLICE-004 pixel readback profile,profile shape statistic from frozen raw table,B|C|F|L|T,derived_statistic_from_verified_SLICE004_profile,PRM144_batch_autopilot,PRM144_values_long.csv,batch_BC_candidate,full58_raw_table_batch_not_selected,confirmed_raw_table_lineage,batch_BC_unselected_block_aware,False,False,False,PRM144 no y,58,58,2,U145-BLK-007,1,0,C,LIT-X035,2D profile summary only,U145-BLK-007
XREG-v2.7-TECHNICAL,RAW-X064::purple_share_coefficient_variation,RAW-X064,phase_balance_shape_profile_shape,purple_share_coefficient_variation,dimensionless,verified SLICE-004 pixel readback profile,profile shape statistic from frozen raw table,B|C|F|L|T,derived_statistic_from_verified_SLICE004_profile,PRM146_batch_autopilot,PRM146_values_long.csv,batch_BC_candidate,full58_raw_table_batch_not_selected,confirmed_raw_table_lineage,batch_BC_unselected_block_aware,False,False,False,PRM146 no y,58,58,58,U147-BLK-001,3,2,B,LIT-X035,2D profile summary only,U147-BLK-001
XREG-v2.7-TECHNICAL,RAW-X064::purple_share_excess_kurtosis,RAW-X064,phase_balance_shape_profile_shape,purple_share_excess_kurtosis,dimensionless,verified SLICE-004 pixel readback profile,profile shape statistic from frozen raw table,B|C|F|L|T,derived_statistic_from_verified_SLICE004_profile,PRM146_batch_autopilot,PRM146_values_long.csv,batch_BC_candidate,full58_raw_table_batch_not_selected,confirmed_raw_table_lineage,batch_BC_unselected_block_aware,False,False,False,PRM146 no y,58,58,58,U147-BLK-005,1,0,C,LIT-X035,2D profile summary only,U147-BLK-005
XREG-v2.7-TECHNICAL,RAW-X064::purple_share_normalized_total_variation,RAW-X064,phase_balance_shape_profile_shape,purple_share_normalized_total_variation,dimensionless,verified SLICE-004 pixel readback profile,profile shape statistic from frozen raw table,B|C|F|L|T,derived_statistic_from_verified_SLICE004_profile,PRM146_batch_autopilot,PRM146_values_long.csv,batch_BC_candidate,full58_raw_table_batch_not_selected,confirmed_raw_table_lineage,batch_BC_unselected_block_aware,False,False,False,PRM146 no y,58,58,58,U147-BLK-003,4,3,C,LIT-X035,2D profile summary only,U147-BLK-003
XREG-v2.7-TECHNICAL,RAW-X064::purple_share_q95_q05_span,RAW-X064,phase_balance_shape_profile_shape,purple_share_q95_q05_span,dimensionless,verified SLICE-004 pixel readback profile,profile shape statistic from frozen raw table,B|C|F|L|T,derived_statistic_from_verified_SLICE004_profile,PRM146_batch_autopilot,PRM146_values_long.csv,batch_BC_candidate,full58_raw_table_batch_not_selected,confirmed_raw_table_lineage,batch_BC_unselected_block_aware,False,False,False,PRM146 no y,58,58,58,U147-BLK-004,2,1,B,LIT-X035,2D profile summary only,U147-BLK-004
XREG-v2.7-TECHNICAL,RAW-X064::purple_share_skewness,RAW-X064,phase_balance_shape_profile_shape,purple_share_skewness,dimensionless,verified SLICE-004 pixel readback profile,profile shape statistic from frozen raw table,B|C|F|L|T,derived_statistic_from_verified_SLICE004_profile,PRM146_batch_autopilot,PRM146_values_long.csv,batch_BC_candidate,full58_raw_table_batch_not_selected,confirmed_raw_table_lineage,batch_BC_unselected_block_aware,False,False,False,PRM146 no y,58,58,58,U147-BLK-006,1,0,C,LIT-X035,2D profile summary only,U147-BLK-006
XREG-v2.7-TECHNICAL,RAW-X064::purple_share_zero_fraction,RAW-X064,phase_balance_shape_profile_shape,purple_share_zero_fraction,dimensionless,verified SLICE-004 pixel readback profile,profile shape statistic from frozen raw table,B|C|F|L|T,derived_statistic_from_verified_SLICE004_profile,PRM146_batch_autopilot,PRM146_values_long.csv,batch_BC_candidate,full58_raw_table_batch_not_selected,confirmed_raw_table_lineage,batch_BC_unselected_block_aware,False,False,False,PRM146 no y,58,58,5,U147-BLK-007,1,0,C,LIT-X035,2D profile summary only,U147-BLK-007
XREG-v2.7-TECHNICAL,RAW-X064::red_blue_absolute_balance_coefficient_variation,RAW-X064,phase_balance_shape_profile_shape,red_blue_absolute_balance_coefficient_variation,dimensionless,verified SLICE-004 pixel readback profile,profile shape statistic from frozen raw table,B|C|F|L|T,derived_statistic_from_verified_SLICE004_profile,PRM146_batch_autopilot,PRM146_values_long.csv,batch_BC_candidate,full58_raw_table_batch_not_selected,confirmed_raw_table_lineage,batch_BC_unselected_block_aware,False,False,False,PRM146 no y,58,58,58,U147-BLK-008,1,0,B,LIT-X035,2D profile summary only,U147-BLK-008
XREG-v2.7-TECHNICAL,RAW-X064::red_blue_absolute_balance_excess_kurtosis,RAW-X064,phase_balance_shape_profile_shape,red_blue_absolute_balance_excess_kurtosis,dimensionless,verified SLICE-004 pixel readback profile,profile shape statistic from frozen raw table,B|C|F|L|T,derived_statistic_from_verified_SLICE004_profile,PRM146_batch_autopilot,PRM146_values_long.csv,batch_BC_candidate,full58_raw_table_batch_not_selected,confirmed_raw_table_lineage,batch_BC_unselected_block_aware,False,False,False,PRM146 no y,58,58,58,U147-BLK-009,1,0,C,LIT-X035,2D profile summary only,U147-BLK-009
XREG-v2.7-TECHNICAL,RAW-X064::red_blue_absolute_balance_normalized_total_variation,RAW-X064,phase_balance_shape_profile_shape,red_blue_absolute_balance_normalized_total_variation,dimensionless,verified SLICE-004 pixel readback profile,profile shape statistic from frozen raw table,B|C|F|L|T,derived_statistic_from_verified_SLICE004_profile,PRM146_batch_autopilot,PRM146_values_long.csv,batch_BC_candidate,full58_raw_table_batch_not_selected,confirmed_raw_table_lineage,batch_BC_unselected_block_aware,False,False,False,PRM146 no y,58,58,58,U147-BLK-010,1,0,C,LIT-X035,2D profile summary only,U147-BLK-010
XREG-v2.7-TECHNICAL,RAW-X064::red_blue_absolute_balance_q95_q05_span,RAW-X064,phase_balance_shape_profile_shape,red_blue_absolute_balance_q95_q05_span,dimensionless,verified SLICE-004 pixel readback profile,profile shape statistic from frozen raw table,B|C|F|L|T,derived_statistic_from_verified_SLICE004_profile,PRM146_batch_autopilot,PRM146_values_long.csv,batch_BC_candidate,full58_raw_table_batch_not_selected,confirmed_raw_table_lineage,batch_BC_unselected_block_aware,False,False,False,PRM146 no y,58,58,52,U147-BLK-011,1,0,B,LIT-X035,2D profile summary only,U147-BLK-011
XREG-v2.7-TECHNICAL,RAW-X064::red_blue_absolute_balance_skewness,RAW-X064,phase_balance_shape_profile_shape,red_blue_absolute_balance_skewness,dimensionless,verified SLICE-004 pixel readback profile,profile shape statistic from frozen raw table,B|C|F|L|T,derived_statistic_from_verified_SLICE004_profile,PRM146_batch_autopilot,PRM146_values_long.csv,batch_BC_candidate,full58_raw_table_batch_not_selected,confirmed_raw_table_lineage,batch_BC_unselected_block_aware,False,False,False,PRM146 no y,58,58,58,U147-BLK-012,1,0,C,LIT-X035,2D profile summary only,U147-BLK-012
XREG-v2.7-TECHNICAL,RAW-X064::red_blue_absolute_balance_zero_fraction,RAW-X064,phase_balance_shape_profile_shape,red_blue_absolute_balance_zero_fraction,dimensionless,verified SLICE-004 pixel readback profile,profile shape statistic from frozen raw table,B|C|F|L|T,derived_statistic_from_verified_SLICE004_profile,PRM146_batch_autopilot,PRM146_values_long.csv,batch_BC_candidate,full58_raw_table_batch_not_selected,confirmed_raw_table_lineage,batch_BC_unselected_block_aware,False,False,False,PRM146 no y,58,58,14,U147-BLK-013,2,1,C,LIT-X035,2D profile summary only,U147-BLK-013
XREG-v2.7-TECHNICAL,RAW-X064::red_blue_signed_balance_coefficient_variation,RAW-X064,phase_balance_shape_profile_shape,red_blue_signed_balance_coefficient_variation,dimensionless,verified SLICE-004 pixel readback profile,profile shape statistic from frozen raw table,B|C|F|L|T,derived_statistic_from_verified_SLICE004_profile,PRM146_batch_autopilot,PRM146_values_long.csv,batch_BC_candidate,full58_raw_table_batch_not_selected,confirmed_raw_table_lineage,batch_BC_unselected_block_aware,False,False,False,PRM146 no y,58,58,58,U147-BLK-014,1,0,B,LIT-X035,2D profile summary only,U147-BLK-014
XREG-v2.7-TECHNICAL,RAW-X064::red_blue_signed_balance_excess_kurtosis,RAW-X064,phase_balance_shape_profile_shape,red_blue_signed_balance_excess_kurtosis,dimensionless,verified SLICE-004 pixel readback profile,profile shape statistic from frozen raw table,B|C|F|L|T,derived_statistic_from_verified_SLICE004_profile,PRM146_batch_autopilot,PRM146_values_long.csv,batch_BC_candidate,full58_raw_table_batch_not_selected,confirmed_raw_table_lineage,batch_BC_unselected_block_aware,False,False,False,PRM146 no y,58,58,58,U147-BLK-015,1,0,C,LIT-X035,2D profile summary only,U147-BLK-015
XREG-v2.7-TECHNICAL,RAW-X064::red_blue_signed_balance_normalized_total_variation,RAW-X064,phase_balance_shape_profile_shape,red_blue_signed_balance_normalized_total_variation,dimensionless,verified SLICE-004 pixel readback profile,profile shape statistic from frozen raw table,B|C|F|L|T,derived_statistic_from_verified_SLICE004_profile,PRM146_batch_autopilot,PRM146_values_long.csv,batch_BC_candidate,full58_raw_table_batch_not_selected,confirmed_raw_table_lineage,batch_BC_unselected_block_aware,False,False,False,PRM146 no y,58,58,58,U147-BLK-016,1,0,C,LIT-X035,2D profile summary only,U147-BLK-016
XREG-v2.7-TECHNICAL,RAW-X064::red_blue_signed_balance_q95_q05_span,RAW-X064,phase_balance_shape_profile_shape,red_blue_signed_balance_q95_q05_span,dimensionless,verified SLICE-004 pixel readback profile,profile shape statistic from frozen raw table,B|C|F|L|T,derived_statistic_from_verified_SLICE004_profile,PRM146_batch_autopilot,PRM146_values_long.csv,batch_BC_candidate,full58_raw_table_batch_not_selected,confirmed_raw_table_lineage,batch_BC_unselected_block_aware,False,False,False,PRM146 no y,58,58,45,U147-BLK-002,2,1,B,LIT-X035,2D profile summary only,U147-BLK-002
XREG-v2.7-TECHNICAL,RAW-X064::red_blue_signed_balance_skewness,RAW-X064,phase_balance_shape_profile_shape,red_blue_signed_balance_skewness,dimensionless,verified SLICE-004 pixel readback profile,profile shape statistic from frozen raw table,B|C|F|L|T,derived_statistic_from_verified_SLICE004_profile,PRM146_batch_autopilot,PRM146_values_long.csv,batch_BC_candidate,full58_raw_table_batch_not_selected,confirmed_raw_table_lineage,batch_BC_unselected_block_aware,False,False,False,PRM146 no y,58,58,58,U147-BLK-017,1,0,C,LIT-X035,2D profile summary only,U147-BLK-017
XREG-v2.7-TECHNICAL,RAW-X064::red_blue_signed_balance_zero_fraction,RAW-X064,phase_balance_shape_profile_shape,red_blue_signed_balance_zero_fraction,dimensionless,verified SLICE-004 pixel readback profile,profile shape statistic from frozen raw table,B|C|F|L|T,derived_statistic_from_verified_SLICE004_profile,PRM146_batch_autopilot,PRM146_values_long.csv,batch_BC_candidate,full58_raw_table_batch_not_selected,confirmed_raw_table_lineage,batch_BC_unselected_block_aware,False,False,False,PRM146 no y,58,58,14,U147-BLK-013,2,1,C,LIT-X035,2D profile summary only,U147-BLK-013
XREG-v2.7-TECHNICAL,RAW-X065::pair_area_gini_coefficient_variation,RAW-X065,pair_inequality_shape_profile_shape,pair_area_gini_coefficient_variation,mm2,verified SLICE-004 pixel readback profile,profile shape statistic from frozen raw table,B|C|F|L|T,derived_statistic_from_verified_SLICE004_profile,PRM148_batch_autopilot,PRM148_values_long.csv,batch_BC_candidate,full58_raw_table_batch_not_selected,confirmed_raw_table_lineage,batch_BC_unselected_block_aware,False,False,False,PRM148 no y,58,58,57,U149-BLK-002,1,0,B,LIT-X035,2D profile summary only,
XREG-v2.7-TECHNICAL,RAW-X065::pair_area_gini_excess_kurtosis,RAW-X065,pair_inequality_shape_profile_shape,pair_area_gini_excess_kurtosis,mm2,verified SLICE-004 pixel readback profile,profile shape statistic from frozen raw table,B|C|F|L|T,derived_statistic_from_verified_SLICE004_profile,PRM148_batch_autopilot,PRM148_values_long.csv,batch_BC_candidate,full58_raw_table_batch_not_selected,confirmed_raw_table_lineage,batch_BC_unselected_block_aware,False,False,False,PRM148 no y,58,58,57,U149-BLK-003,1,0,C,LIT-X035,2D profile summary only,
XREG-v2.7-TECHNICAL,RAW-X065::pair_area_gini_normalized_total_variation,RAW-X065,pair_inequality_shape_profile_shape,pair_area_gini_normalized_total_variation,mm2,verified SLICE-004 pixel readback profile,profile shape statistic from frozen raw table,B|C|F|L|T,derived_statistic_from_verified_SLICE004_profile,PRM148_batch_autopilot,PRM148_values_long.csv,batch_BC_candidate,full58_raw_table_batch_not_selected,confirmed_raw_table_lineage,batch_BC_unselected_block_aware,False,False,False,PRM148 no y,58,58,58,U149-BLK-004,1,0,C,LIT-X035,2D profile summary only,
XREG-v2.7-TECHNICAL,RAW-X065::pair_area_gini_q95_q05_span,RAW-X065,pair_inequality_shape_profile_shape,pair_area_gini_q95_q05_span,mm2,verified SLICE-004 pixel readback profile,profile shape statistic from frozen raw table,B|C|F|L|T,derived_statistic_from_verified_SLICE004_profile,PRM148_batch_autopilot,PRM148_values_long.csv,batch_BC_candidate,full58_raw_table_batch_not_selected,confirmed_raw_table_lineage,batch_BC_unselected_block_aware,False,False,False,PRM148 no y,58,58,58,U149-BLK-005,1,0,B,LIT-X035,2D profile summary only,
XREG-v2.7-TECHNICAL,RAW-X065::pair_area_gini_skewness,RAW-X065,pair_inequality_shape_profile_shape,pair_area_gini_skewness,mm2,verified SLICE-004 pixel readback profile,profile shape statistic from frozen raw table,B|C|F|L|T,derived_statistic_from_verified_SLICE004_profile,PRM148_batch_autopilot,PRM148_values_long.csv,batch_BC_candidate,full58_raw_table_batch_not_selected,confirmed_raw_table_lineage,batch_BC_unselected_block_aware,False,False,False,PRM148 no y,58,58,58,U149-BLK-006,1,0,C,LIT-X035,2D profile summary only,
XREG-v2.7-TECHNICAL,RAW-X065::pair_area_gini_zero_fraction,RAW-X065,pair_inequality_shape_profile_shape,pair_area_gini_zero_fraction,mm2,verified SLICE-004 pixel readback profile,profile shape statistic from frozen raw table,B|C|F|L|T,derived_statistic_from_verified_SLICE004_profile,PRM148_batch_autopilot,PRM148_values_long.csv,batch_BC_candidate,full58_raw_table_batch_not_selected,confirmed_raw_table_lineage,batch_BC_unselected_block_aware,False,False,False,PRM148 no y,58,58,35,U149-BLK-007,1,0,C,LIT-X035,2D profile summary only,
XREG-v2.7-TECHNICAL,RAW-X065::pair_effective_count_coefficient_variation,RAW-X065,pair_inequality_shape_profile_shape,pair_effective_count_coefficient_variation,dimensionless,verified SLICE-004 pixel readback profile,profile shape statistic from frozen raw table,B|C|F|L|T,derived_statistic_from_verified_SLICE004_profile,PRM148_batch_autopilot,PRM148_values_long.csv,batch_BC_candidate,full58_raw_table_batch_not_selected,confirmed_raw_table_lineage,batch_BC_unselected_block_aware,False,False,False,PRM148 no y,58,58,58,U149-BLK-008,1,0,B,LIT-X035,2D profile summary only,
XREG-v2.7-TECHNICAL,RAW-X065::pair_effective_count_excess_kurtosis,RAW-X065,pair_inequality_shape_profile_shape,pair_effective_count_excess_kurtosis,dimensionless,verified SLICE-004 pixel readback profile,profile shape statistic from frozen raw table,B|C|F|L|T,derived_statistic_from_verified_SLICE004_profile,PRM148_batch_autopilot,PRM148_values_long.csv,batch_BC_candidate,full58_raw_table_batch_not_selected,confirmed_raw_table_lineage,batch_BC_unselected_block_aware,False,False,False,PRM148 no y,58,58,58,U149-BLK-009,1,0,C,LIT-X035,2D profile summary only,
XREG-v2.7-TECHNICAL,RAW-X065::pair_effective_count_normalized_total_variation,RAW-X065,pair_inequality_shape_profile_shape,pair_effective_count_normalized_total_variation,dimensionless,verified SLICE-004 pixel readback profile,profile shape statistic from frozen raw table,B|C|F|L|T,derived_statistic_from_verified_SLICE004_profile,PRM148_batch_autopilot,PRM148_values_long.csv,batch_BC_candidate,full58_raw_table_batch_not_selected,confirmed_raw_table_lineage,batch_BC_unselected_block_aware,False,False,False,PRM148 no y,58,58,58,U149-BLK-010,1,0,C,LIT-X035,2D profile summary only,
XREG-v2.7-TECHNICAL,RAW-X065::pair_effective_count_q95_q05_span,RAW-X065,pair_inequality_shape_profile_shape,pair_effective_count_q95_q05_span,dimensionless,verified SLICE-004 pixel readback profile,profile shape statistic from frozen raw table,B|C|F|L|T,derived_statistic_from_verified_SLICE004_profile,PRM148_batch_autopilot,PRM148_values_long.csv,batch_BC_candidate,full58_raw_table_batch_not_selected,confirmed_raw_table_lineage,batch_BC_unselected_block_aware,False,False,False,PRM148 no y,58,58,58,U149-BLK-001,9,5,B,LIT-X035,2D profile summary only,
XREG-v2.7-TECHNICAL,RAW-X065::pair_effective_count_skewness,RAW-X065,pair_inequality_shape_profile_shape,pair_effective_count_skewness,dimensionless,verified SLICE-004 pixel readback profile,profile shape statistic from frozen raw table,B|C|F|L|T,derived_statistic_from_verified_SLICE004_profile,PRM148_batch_autopilot,PRM148_values_long.csv,batch_BC_candidate,full58_raw_table_batch_not_selected,confirmed_raw_table_lineage,batch_BC_unselected_block_aware,False,False,False,PRM148 no y,58,58,58,U149-BLK-011,1,0,C,LIT-X035,2D profile summary only,
XREG-v2.7-TECHNICAL,RAW-X065::pair_effective_count_zero_fraction,RAW-X065,pair_inequality_shape_profile_shape,pair_effective_count_zero_fraction,dimensionless,verified SLICE-004 pixel readback profile,profile shape statistic from frozen raw table,B|C|F|L|T,derived_statistic_from_verified_SLICE004_profile,PRM148_batch_autopilot,PRM148_values_long.csv,batch_BC_candidate,full58_raw_table_batch_not_selected,confirmed_raw_table_lineage,batch_BC_unselected_block_aware,False,False,False,PRM148 no y,58,58,1,U149-BLK-012,1,0,C,LIT-X035,2D profile summary only,
XREG-v2.7-TECHNICAL,RAW-X065::pair_top1_share_coefficient_variation,RAW-X065,pair_inequality_shape_profile_shape,pair_top1_share_coefficient_variation,dimensionless,verified SLICE-004 pixel readback profile,profile shape statistic from frozen raw table,B|C|F|L|T,derived_statistic_from_verified_SLICE004_profile,PRM148_batch_autopilot,PRM148_values_long.csv,batch_BC_candidate,full58_raw_table_batch_not_selected,confirmed_raw_table_lineage,batch_BC_unselected_block_aware,False,False,False,PRM148 no y,58,58,58,U149-BLK-013,1,0,B,LIT-X035,2D profile summary only,
XREG-v2.7-TECHNICAL,RAW-X065::pair_top1_share_excess_kurtosis,RAW-X065,pair_inequality_shape_profile_shape,pair_top1_share_excess_kurtosis,dimensionless,verified SLICE-004 pixel readback profile,profile shape statistic from frozen raw table,B|C|F|L|T,derived_statistic_from_verified_SLICE004_profile,PRM148_batch_autopilot,PRM148_values_long.csv,batch_BC_candidate,full58_raw_table_batch_not_selected,confirmed_raw_table_lineage,batch_BC_unselected_block_aware,False,False,False,PRM148 no y,58,58,58,U149-BLK-014,1,0,C,LIT-X035,2D profile summary only,
XREG-v2.7-TECHNICAL,RAW-X065::pair_top1_share_normalized_total_variation,RAW-X065,pair_inequality_shape_profile_shape,pair_top1_share_normalized_total_variation,dimensionless,verified SLICE-004 pixel readback profile,profile shape statistic from frozen raw table,B|C|F|L|T,derived_statistic_from_verified_SLICE004_profile,PRM148_batch_autopilot,PRM148_values_long.csv,batch_BC_candidate,full58_raw_table_batch_not_selected,confirmed_raw_table_lineage,batch_BC_unselected_block_aware,False,False,False,PRM148 no y,58,58,58,U149-BLK-015,1,0,C,LIT-X035,2D profile summary only,
XREG-v2.7-TECHNICAL,RAW-X065::pair_top1_share_q95_q05_span,RAW-X065,pair_inequality_shape_profile_shape,pair_top1_share_q95_q05_span,dimensionless,verified SLICE-004 pixel readback profile,profile shape statistic from frozen raw table,B|C|F|L|T,derived_statistic_from_verified_SLICE004_profile,PRM148_batch_autopilot,PRM148_values_long.csv,batch_BC_candidate,full58_raw_table_batch_not_selected,confirmed_raw_table_lineage,batch_BC_unselected_block_aware,False,False,False,PRM148 no y,58,58,58,U149-BLK-016,1,0,B,LIT-X035,2D profile summary only,
XREG-v2.7-TECHNICAL,RAW-X065::pair_top1_share_skewness,RAW-X065,pair_inequality_shape_profile_shape,pair_top1_share_skewness,dimensionless,verified SLICE-004 pixel readback profile,profile shape statistic from frozen raw table,B|C|F|L|T,derived_statistic_from_verified_SLICE004_profile,PRM148_batch_autopilot,PRM148_values_long.csv,batch_BC_candidate,full58_raw_table_batch_not_selected,confirmed_raw_table_lineage,batch_BC_unselected_block_aware,False,False,False,PRM148 no y,58,58,58,U149-BLK-017,1,0,C,LIT-X035,2D profile summary only,
XREG-v2.7-TECHNICAL,RAW-X065::pair_top1_share_zero_fraction,RAW-X065,pair_inequality_shape_profile_shape,pair_top1_share_zero_fraction,dimensionless,verified SLICE-004 pixel readback profile,profile shape statistic from frozen raw table,B|C|F|L|T,derived_statistic_from_verified_SLICE004_profile,PRM148_batch_autopilot,PRM148_values_long.csv,batch_BC_candidate,full58_raw_table_batch_not_selected,confirmed_raw_table_lineage,batch_BC_unselected_block_aware,False,False,False,PRM148 no y,58,58,1,U149-BLK-018,1,0,C,LIT-X035,2D profile summary only,
