row_id,row_position,original_excel_row,x_raw_value_hash,y_raw_value_hash,x_nan_mask_hash,y_nan_mask_hash,x_key,x_key_hash,group_id
EXCEL-ROW-0007,0,7,5a6754e9a33c122a4f1120ad3309b9e2b8045db50981f6d9af0a0bc3dc248c7b,ff0cd5cc2ee9eec94feeae9979ea8526c1852eb99eed59fa64d25b8f8c5b9ae6,65e00f60fd84999d2c3302c0e9c54f6389ea802dec92a29e1139e280a3387e18,822beeddb26e880162defdd0d197cf4652a8ff3031424d89a75a2b4089979205,216.0||540.0||-102.0||5.0||0.818393||2.7087975||0.0||8.0||0.0||30.0||42.426407||2.7087975||0.0||8.0||0.0||30.0||7.567372||20.80159342||117.90434259||352.71191011||453.17831086||479.81303371||355.8700846||22.9908||12.5252||4.79487226||0.99965027||0.0149567||0.992||0.07110556||0.992||0.07110556||0.9904||0.0779||0.0141861||0.60669425||0.32450704||2.88428168||3.39411255||30.16753222||0.39||3.1581||89.95142261||2.07749992||88.88879224||9.8766306||88.88879224||9.8766306||88.681||10.68||0.07162145||0.01956829||0.04797707||0.03192018||0.04797707||0.03192018||0.0228||0.0274||944.64||0.25892412||0.14740904||0.25835444||0.14716972||0.25851967||0.14737365||0.39438031||0.14710963||0.39404768||0.14725413||0.39450094||0.14728051||0.49505711||0.14369042||0.06643921||0.02639744||0.06554172||0.02663187||0.06566318||0.02666801||0.09897623||0.01787942||0.09858468||0.01757474||0.0990336||0.01806031||0.12226464||0.01378987||89.54245279||262.74180197||697.6939632||517.33286426||881.99316||276.19904573||27.0058||11.5164||0.99954099||0.01275245||0.99555861||0.03944466||0.99555861||0.03944466||0.9959||0.0377||0.01830532||0.50857017||0.17712333||1.57306065||2.99548301||26.60336339||0.1619||1.5049||89.88617056||3.16248228||88.89857989||9.78188803||88.89857989||9.78188803||89.0162||9.1433||0.05400779||0.05786987||0.02419491||0.02501819||0.02419491||0.02501819||0.0114||0.0129||520.6192||111.99358381||331.4972711||880.02719001||654.30360251||1105.25503121||360.11766591||30.408||13.0364||0.99952306||0.01327757||0.99537364||0.04111998||0.99537364||0.04111998||0.9958||0.0393||0.01877819||0.52276267||0.18214844||1.61897073||3.41430813||30.34703445||0.166||1.5465||89.88655309||3.15822822||88.89956501||9.78088018||88.89956501||9.78088018||89.0193||9.1349||0.02982448||0.00632492||0.01522994||0.01227035||0.01522994||0.01227035||0.0114||0.0104||634.88,1bba41acd0117ab5da9d465f728fce66dab45b5d80f4e90a666b63f5bc8e496c,0
EXCEL-ROW-0008,1,8,5f490b4daca96d37feeeb3d96143ca04fb991f579afbf0a31e99d4c92c2e7e9d,7c0e5dc8b5e2cca37644018502b8095474cb7603713e2524b19d836e0b618be3,65e00f60fd84999d2c3302c0e9c54f6389ea802dec92a29e1139e280a3387e18,822beeddb26e880162defdd0d197cf4652a8ff3031424d89a75a2b4089979205,1331.0||3630.0||-357.0||5.454545||0.668294||2.57021176||0.0||4.0||0.0||30.0||42.426407||2.57021176||0.0||4.0||0.0||30.0||5.95358||6.13931775||64.44917715||344.27495218||453.49949408||475.21078652||354.59411169||22.4653||13.0896||4.73975738||0.99978947||0.01160571||0.984||0.09991997||0.984||0.09991997||0.9806||0.1098||0.00433083||0.23874605||0.32914286||2.05549648||6.7882251||42.39245216||0.3994||2.2582||89.97111016||1.59261357||87.80437253||13.71168914||87.80437253||13.71168914||87.4012||14.6918||0.12640909||0.02947682||0.08191458||0.05820806||0.08191458||0.05820806||0.0379||0.0514||944.64||0.25403355||0.1476484||0.25424359||0.14771809||0.25436675||0.14765161||0.38949054||0.14522621||0.38973109||0.14516732||0.3894948||0.14536278||0.48910533||0.14167903||0.0498879||0.03462632||0.05054805||0.03462103||0.05033699||0.03491605||0.07904605||0.03454312||0.07966723||0.03405578||0.07920868||0.03415718||0.10063701||0.03265947||26.62958617||149.03820677||691.06177341||516.91780489||866.46016||284.31674825||26.7555||12.1054||0.99969928||0.01063825||0.99056913||0.05884854||0.99056913||0.05884854||0.9915||0.0561||0.00583372||0.20637704||0.18295438||1.14163385||6.08938308||37.99770163||0.1657||1.0877||89.93126918||2.43145908||87.84449817||13.45031417||87.84449817||13.45031417||88.1361||12.2374||0.07302476||0.03107633||0.02960708||0.03283568||0.02960708||0.03283568||0.0181||0.0258||489.4192||29.61702128||177.30884421||873.8545618||655.44505333||1094.83146067||362.90491118||30.0846||13.7043||0.99973321||0.01007117||0.99048887||0.059397||0.99048887||0.059397||0.9914||0.0566||0.00516743||0.19506607||0.18421875||1.15044573||6.86731389||42.88636147||0.1668||1.0959||89.93960856||2.27972693||87.8470451||13.44519902||87.8470451||13.44519902||88.138||12.2361||0.06249648||0.00766957||0.0262808||0.027342||0.0262808||0.027342||0.0179||0.0231||614.4,c25f851c7d4dc9c179e93dda8ba2a17ca0280678ce3b0ee4eb09f2a15dd4e6e7,1
EXCEL-ROW-0009,2,9,f4bb56e62ac6dca2afa61864afcd10dbea3d48c9850eccb32bca3baf448cde57,aa70a9dfaa1a3289f185f21496bf360fbca7cfd32ebf2c9e68e1340988c40f23,65e00f60fd84999d2c3302c0e9c54f6389ea802dec92a29e1139e280a3387e18,822beeddb26e880162defdd0d197cf4652a8ff3031424d89a75a2b4089979205,341.0||1000.0||-17.0||5.865103||2.486312||3.12701106||0.0||6.9282032||0.0||35.26439||0.0||3.12701106||0.0||6.9282032||0.0||35.26439||0.0||9.87318722||5.7897797||12.26977434||5.57302503||463.9658427||136.02723806||3.5528||0.9533||1.88488726||0.97758552||0.00442784||0.97881171||0.00494589||0.97881186||0.00494509||0.9793||0.0046||0.49495601||0.13093543||0.43402788||0.12059114||52.15859079||16.8270038||0.4612||0.123||46.30493481||8.09718366||49.94296438||7.64490988||49.94296438||7.64490988||65.5081||5.7657||0.05839224||0.00844203||0.05542149||0.00699505||0.05542149||0.00699505||0.0549||0.0082||217.76||0.25100648||0.14414443||0.25095122||0.14411934||0.25041356||0.14413316||0.38363757||0.14265686||0.38335846||0.14235347||0.38325477||0.14275494||0.4813658||0.13891383||0.04980101||0.0250942||0.04984757||0.02473337||0.04982347||0.02494322||0.07246135||0.03091493||0.07251853||0.03069407||0.07244293||0.03108737||0.08958335||0.0358573||268.5004093||405.49172117||773.62516189||300.8022392||865.91382||116.70418481||29.605||2.0637||0.49890772||0.3982095||0.83370289||0.30102609||0.99056805||0.00437124||0.9911||0.0083||0.44016398||0.40312211||0.38014336||0.19072981||46.25209476||14.82486259||0.4139||0.1247||56.82469036||25.73876998||55.67888751||13.86105997||55.67888751||13.86105997||67.7849||5.8968||0.32687225||0.33059102||0.08127592||0.19181926||0.08127592||0.19181926||0.0109||0.0092||1083.3712||274.08926134||483.54748691||1016.48666842||355.36280699||1109.01784769||145.40824709||33.4931||2.2829||0.58830512||0.32897936||0.9393189||0.17589884||0.99079399||0.00423068||0.9913||0.0083||0.56489728||0.32447257||0.4395492||0.17482212||51.78515105||16.65143612||0.4136||0.1242||47.29897244||22.40836168||50.51332618||11.21578489||50.51332618||11.21578489||67.798||5.8865||0.41841461||0.29590641||0.05863061||0.16254711||0.05863061||0.16254711||0.0078||0.0098||1368.608,7fc3707e1a464b18b7a7017ade04b977e839d25a922b43fa8183eb8c491dcaab,2
EXCEL-ROW-0010,3,10,e1af8a45bc0c15db660f4104d3b16839747307e9bf5fb6b3671f0bb67a389db0,ac4812e6ef798b187563fa506f6929eee47b77701f28c07827785fa842fd606e,65e00f60fd84999d2c3302c0e9c54f6389ea802dec92a29e1139e280a3387e18,822beeddb26e880162defdd0d197cf4652a8ff3031424d89a75a2b4089979205,881.0||2500.0||-137.0||5.675369||6.059849||4.04813486||0.40902659||6.1653936||0.622956||32.366289||15.955794||3.96627019||0.35111011||6.040712||0.534748||31.626441||16.765616||4.62533519||27.03341719||115.99219892||243.18660962||460.22951311||117.49811933||7.9798||9.9473||2.82485398||0.96996259||0.01054875||0.97113702||0.04972637||0.97085263||0.0497324||0.9722||0.051||0.79692346||0.36176915||0.96998876||2.6387985||56.73416273||30.83067239||0.9757||2.6821||34.10065141||9.27032917||38.9569482||12.6194929||38.9569482||12.6194929||56.8308||12.6199||0.09545618||0.01402811||0.07257678||0.033028||0.07257678||0.033028||0.0681||0.0359||214.88||0.25058941||0.14469964||0.25006453||0.14468106||0.25040566||0.1444488||0.38318845||0.14270432||0.38306839||0.14244975||0.38339918||0.14250105||0.48101851||0.13923919||0.0483983||0.02760921||0.04788205||0.02776359||0.04812264||0.02785546||0.07308236||0.02876005||0.07306236||0.02858521||0.07329642||0.02870565||0.09067616||0.03221366||58.71899219||204.21636019||592.71806002||419.29077603||854.72833||102.82624908||26.2939||8.9551||0.91477893||0.21223306||0.94347933||0.16024289||0.98775199||0.02320351||0.9878||0.024||0.45399018||0.36122412||0.70319807||0.81414618||50.09618903||27.64363904||0.6936||0.8046||52.82086369||18.45718748||44.1408392||15.38758198||44.1408392||15.38758198||60.1214||12.9959||0.18215792||0.24493974||0.09088122||0.17630157||0.09088122||0.17630157||0.015||0.017||1071.5696||71.43568237||254.93632851||755.68014341||532.43752919||1093.92019975||126.69124316||29.6452||10.295||0.90507704||0.22314982||0.93607527||0.17063258||0.98798272||0.02302139||0.988||0.0239||0.49411586||0.34368018||0.7323233||0.83032748||56.00356268||31.21768864||0.6945||0.8192||49.48628823||15.38677936||42.16296838||15.41803336||42.16296838||15.41803336||60.1727||13.0278||0.12624803||0.19147194||0.06760361||0.15534715||0.06760361||0.15534715||0.0123||0.0154||1350.88,7d8a6371697b0ef278cd86ba8b69aa9092ff1644a4eef8db344bbd418ac7e458,3
EXCEL-ROW-0011,4,11,193df3e140bb7263c95ed94779c759b76edcb4dad43ffba4482296863c455983,b5f0e00f6af60e749cf8801389dc82b2eb8c232a9fe914f1a33da60b41376199,65e00f60fd84999d2c3302c0e9c54f6389ea802dec92a29e1139e280a3387e18,822beeddb26e880162defdd0d197cf4652a8ff3031424d89a75a2b4089979205,666.0||2800.0||808.0||8.408408||2.30883||3.7746828||0.0||5.6568544||0.0||35.357143||18.464666||3.7746828||0.0||5.6568544||0.0||36.193694||8.524843||5.49859417||38.87158393||202.97274567||294.19854054||460.07650437||124.66958016||12.2102||11.4325||3.49430966||0.97101275||0.00941026||0.96979026||0.06547312||0.96979026||0.06547311||0.9717||0.0674||0.7704981||0.27631673||0.91044909||1.83542853||53.72090988||35.40603239||0.8839||1.8849||34.25413342||7.05767353||41.08525867||15.03495466||41.08525867||15.03495466||59.7869||14.5291||0.11365946||0.02755276||0.07609484||0.04504918||0.07609484||0.04504918||0.0635||0.0477||614.08||0.25253772||0.14608785||0.25253268||0.14594695||0.25255147||0.14586921||0.3865403||0.14414169||0.38654187||0.14394001||0.386604||0.14392491||0.48531673||0.14042069||0.04983665||0.02967605||0.04953793||0.02937584||0.04948431||0.02974694||0.07642417||0.02899401||0.07618004||0.02910543||0.07645783||0.0291914||0.09674239||0.02560847||30.43705001||140.05356564||373.20184417||447.13546846||868.02662||94.77345693||23.4547||11.5449||0.85928574||0.24549312||0.89921559||0.20151152||0.98825568||0.03012295||0.9881||0.0322||0.59236466||0.59150727||0.77672853||1.00628524||47.04185589||33.02346026||0.6609||0.9318||47.40415078||16.58234475||42.89592738||16.25209986||42.89592738||16.25209986||62.3117||13.1088||0.19114081||0.24642288||0.12537594||0.19511714||0.12537594||0.19511714||0.0178||0.023||747.008||29.19737614||155.03590498||469.15077352||569.84707383||1101.37168539||118.71468928||26.2126||13.2684||0.85287718||0.24750651||0.90326926||0.20177149||0.98824692||0.02986884||0.9881||0.032||0.60831251||0.60466333||0.77750011||1.01024732||53.14947036||37.15778972||0.661||0.9339||46.91232216||16.71432618||42.81156706||16.341092||42.81156706||16.341092||62.3215||13.1304||0.19763911||0.23435987||0.12191138||0.19716132||0.12191138||0.19716132||0.0176||0.023||960.352,fca9fea5474e61f65353eeceb0a71fe6a37a5be1dbbe1b6ad6257701cabfca51,4
EXCEL-ROW-0012,5,12,4487a42addd3d2099c575798af98757b34fac96407f123507077698f881f1e81,160d6b9783a68ea8cf9750450cab2752796abbe9cbb131eb048bcf89d29e3b19,65e00f60fd84999d2c3302c0e9c54f6389ea802dec92a29e1139e280a3387e18,822beeddb26e880162defdd0d197cf4652a8ff3031424d89a75a2b4089979205,666.0||3340.0||1348.0||10.03003||3.497668||4.59722836||0.65714777||6.0356864||0.8627672||34.209138||25.660152||4.53268162||0.32683879||5.9509432||0.4291056||36.193694||8.841569||4.02362923||37.74545406||135.39978737||315.98043971||469.6293633||203.08033352||13.639||12.9751||3.69310168||0.97550483||0.01607348||0.97598958||0.06497307||0.96806131||0.07864684||0.9704||0.0862||0.70650223||0.48423735||0.72920139||1.80683882||51.60742668||38.86127365||0.9568||2.379||43.50727275||24.97372932||51.90513167||19.46843862||51.90513167||19.46843862||60.9714||17.0448||0.13449566||0.04026876||0.11561533||0.05073871||0.11561533||0.05073871||0.0666||0.0567||892.8||0.2533741||0.14661404||0.25369861||0.14657852||0.25401844||0.14656025||0.3879454||0.14505421||0.38832548||0.14510978||0.38815038||0.14504713||0.48730841||0.1416974||0.05363062||0.03077125||0.05316449||0.0309058||0.05301276||0.0309195||0.08187645||0.03001652||0.08150978||0.03006918||0.08179694||0.02997904||0.10311944||0.02715684||28.60419996||143.04843998||405.56908509||458.76836655||861.8803||159.18036708||25.038||11.0899||0.87978708||0.25163236||0.88619029||0.23316426||0.98699095||0.04383541||0.9871||0.0433||0.45001991||0.32946237||0.71236124||0.87209798||45.91514611||36.09488186||0.6644||0.84||52.45418599||16.71965655||44.12046784||17.09424064||44.12046784||17.09424064||61.4984||12.9173||0.17563965||0.21908585||0.13136092||0.21008295||0.13136092||0.21008295||0.0184||0.0262||526.0224||29.66806194||164.40723327||509.31682539||583.05066816||1088.38451935||202.64817741||28.0677||12.6545||0.87136418||0.25847586||0.88550243||0.2346034||0.98690737||0.04404212||0.987||0.0436||0.46633529||0.31812496||0.7178835||0.87516962||51.72094041||40.80186286||0.6662||0.8443||51.11120694||15.52923316||43.71701314||16.99297038||43.71701314||16.99297038||61.4518||12.9222||0.18017225||0.22784874||0.13201449||0.21396679||0.13201449||0.21396679||0.0185||0.0255||665.12,6b439a6a33c0cfc103dada653fb2f46837eb7cfe6152166c9afbee850eb2bd48,5
EXCEL-ROW-0013,6,13,6e792de642ac3ae2a839332ef1f98b8c9c0ce2e174643350d8ca6c1983611bec,6ae30403fdd2d5c106bc4982f3d464d19676fc01915a6411852adbfd4c1af824,65e00f60fd84999d2c3302c0e9c54f6389ea802dec92a29e1139e280a3387e18,4f7b605b91c7e2fce4a58b80df8e05c57d1c90748bb2c3c253fae8135cdaa191,791.0||4090.0||1723.0||10.34134||3.484838||4.62333198||0.90500474||5.6623944||1.1083984||33.663894||28.430904||4.48042594||0.6721311||5.4873712||0.823188||34.05213||5.341095||3.32506646||36.43056654||118.33283331||288.73988103||468.17018727||235.39180627||14.5733||13.6031||3.81749918||0.97613662||0.01812126||0.97588681||0.06780841||0.96658795||0.08853807||0.9688||0.0984||0.59471414||0.44238584||0.64325085||1.67099758||49.27541338||41.65739519||0.8803||2.2202||48.55941132||26.39763906||55.22912844||17.90670479||55.22912844||17.90670479||63.1867||17.1493||0.14473897||0.04037888||0.12562882||0.05267051||0.12562882||0.05267051||0.0698||0.0626||849.12||0.25288053||0.14684967||0.25335594||0.14689625||0.25368332||0.14698377||0.38763578||0.14498149||0.38820388||0.14499979||0.38787921||0.14499158||0.48703866||0.14154124||0.04940832||0.03167534||0.04925564||0.03134465||0.04919099||0.03133108||0.07609787||0.03259185||0.07593246||0.03231497||0.07604552||0.03260336||0.09623081||0.03152994||26.00523196||142.20486443||586.27548336||470.90990866||858.49772||187.00632969||26.4337||10.4128||0.92617634||0.20730795||0.93604249||0.17877619||0.98600007||0.05057526||0.9862||0.0494||0.30229688||0.36024664||0.69891104||0.90801748||43.99547449||37.45459285||0.7114||0.8721||65.22542782||22.85726224||47.23829076||20.35284462||47.23829076||20.35284462||60.6202||14.7594||0.15701905||0.17931771||0.08463798||0.1654421||0.08463798||0.1654421||0.0185||0.03||558.8256||27.16134955||163.93235261||741.58948713||599.13697733||1087.47126092||236.86640187||29.6591||11.8852||0.91739283||0.21799124||0.9357529||0.17971635||0.98600442||0.05038262||0.9862||0.0492||0.31955673||0.35766432||0.70692537||0.91328886||49.60125053||42.17738873||0.7151||0.8804||63.82233848||22.79311423||46.68856065||20.00772472||46.68856065||20.00772472||60.5496||14.7401||0.16215449||0.19063971||0.08436443||0.16972689||0.08436443||0.16972689||0.0187||0.0291||706.88,5dd9d9c57a4e27fe2e50d59398ed18061c94b334d6f9fe5d8c55fcb3b4674418,6
EXCEL-ROW-0014,7,14,33677f29b6fed8dbaf27e93b0d161cc9f021d0461f88594c869ff203ca8c6ede,8341e745c31d94e9dbce39fb71435d44d4d2a7c86108fe83fad2ce508a251cbc,65e00f60fd84999d2c3302c0e9c54f6389ea802dec92a29e1139e280a3387e18,4f7b605b91c7e2fce4a58b80df8e05c57d1c90748bb2c3c253fae8135cdaa191,1331.0||6430.0||2443.0||9.661908||4.680295||4.41494308||0.76821916||4.721492||0.82156||32.794963||32.340889||4.204354||0.46659655||4.4962808||0.4989944||32.015555||6.784613||2.37421262||34.65098407||233.7226256||415.17490542||447.57612984||296.86906128||16.7171||14.8392||4.08865504||0.97645184||0.02112428||0.96847689||0.10033904||0.96402378||0.0998279||0.9657||0.1159||0.45088733||0.41645707||0.59560283||1.82491699||44.4849064||44.38010754||0.6451||2.1102||56.80756453||27.07252692||65.17406595||17.5715355||65.17406595||17.5715355||74.8099||21.1281||0.17409164||0.04646077||0.13031501||0.07166351||0.13031501||0.07166351||0.0761||0.077||975.68||0.2531323||0.14707148||0.25292253||0.14699866||0.25331438||0.14675196||0.38770874||0.14479753||0.38775369||0.14467136||0.38789279||0.14473935||0.48687218||0.14122387||0.05048032||0.03299718||0.05026496||0.03273473||0.05020061||0.0330708||0.07876659||0.03210964||0.07853578||0.0323116||0.07867916||0.03256448||0.09971662||0.03009284||21.12633971||135.22471274||766.56464724||427.42923203||869.0848||244.53018641||28.2227||9.5134||0.9996114||0.01087838||0.98491833||0.06611519||0.98491833||0.06611519||0.9857||0.0617||0.01646238||0.16957847||0.6389155||0.84757136||38.0038675||40.73799403||0.6991||0.8089||89.00012011||7.2826798||51.19401987||24.31694307||51.19401987||24.31694307||61.191||16.918||0.12095537||0.03816693||0.03258039||0.0487124||0.03258039||0.0487124||0.0196||0.036||428.624||22.68264056||157.95002332||969.26525643||542.11413784||1099.01782772||311.18575119||31.7313||10.7663||0.99966893||0.01006015||0.98484537||0.06639341||0.98484537||0.06639341||0.9856||0.062||0.01396039||0.1566172||0.63903692||0.85050903||42.89006051||45.94441332||0.7001||0.8117||89.15317772||6.71287812||51.23671029||24.35117191||51.23671029||24.35117191||61.1762||16.9238||0.11206673||0.01376932||0.03115894||0.04456913||0.03115894||0.04456913||0.0198||0.0344||546.88,feee6fa46d64c3c068f9c2040e9566985adaff955d522d503e84b6507909dee6,7
EXCEL-ROW-0015,8,15,15fc3928646f63ef918b1e3daf7adaece6d1280bf32a2d72d514fc1d3c97e0ea,352d7a44bec6ee48ffef44cc740d7b823e068fd6804a2c4205551e836ec30ce2,65e00f60fd84999d2c3302c0e9c54f6389ea802dec92a29e1139e280a3387e18,822beeddb26e880162defdd0d197cf4652a8ff3031424d89a75a2b4089979205,666.0||2340.0||348.0||7.027027||4.819995||3.93785769||0.62740386||6.19758||0.9874368||30.0||29.191472||3.78114804||0.27264784||5.9509432||0.4291056||30.0||17.75869||5.13841575||50.69148505||233.71691475||418.77812274||456.91485643||297.69455882||16.7736||14.7961||4.09555857||0.97186109||0.01978408||0.97228178||0.07148778||0.97264997||0.07143049||0.9766||0.0833||0.60972125||0.49849653||0.72268111||2.537179||41.22222758||36.23062625||0.6625||2.9344||47.81307923||25.37353069||57.23350532||20.15584073||57.23350532||20.15584073||75.1673||20.311||0.10950376||0.02502238||0.08008891||0.04351108||0.08008891||0.04351108||0.0519||0.0491||995.2||0.25658396||0.14731323||0.25684414||0.14741391||0.25693406||0.14741406||0.39194785||0.1470142||0.3922658||0.14687861||0.39203082||0.14695021||0.49225214||0.14377112||0.06078023||0.02920382||0.06141498||0.02899766||0.06084264||0.02910426||0.09218266||0.02573172||0.09224928||0.02552683||0.09180738||0.02583388||0.1154647||0.01940495||39.98262954||185.32555104||780.90166565||426.62992311||881.36709||244.16906612||28.5021||9.3359||0.99954944||0.010367||0.99037405||0.0469876||0.99037405||0.0469876||0.9905||0.0437||0.03282252||0.2675889||0.70124104||1.03008095||34.64318132||32.62682364||0.777||1.0148||88.10966546||10.082889||49.61369778||24.84588672||49.61369778||24.84588672||59.412||17.3076||0.09279554||0.0427011||0.02648879||0.03735739||0.02648879||0.03735739||0.0154||0.0255||439.2192||46.11988551||223.67298629||980.56453433||537.56709715||1106.35905119||309.80307779||31.9451||10.5271||0.99957562||0.01005243||0.99012246||0.04752469||0.99012247||0.04752469||0.9902||0.0443||0.03026846||0.25859961||0.70449849||1.03994842||39.61290669||37.01904782||0.7814||1.0241||88.2656003||9.6778822||49.63184696||24.90774799||49.63184696||24.90774799||59.3577||17.3548||0.07861625||0.01316077||0.02421335||0.03064014||0.02421335||0.03064014||0.0161||0.0233||547.2,2a4e7385f0554e0397174969359e9aef1ceddb898eba85fb3a8ed3f25cdbcdc2,8
EXCEL-ROW-0016,9,16,2b401e57e8dd6defb7262d076103f2a61aaf4cc795e82634d130bfdecac94805,20c8e0629481f7149f69d89ddb4a035560c56989ca8d5fc35f7ab9d5d7509f47,65e00f60fd84999d2c3302c0e9c54f6389ea802dec92a29e1139e280a3387e18,822beeddb26e880162defdd0d197cf4652a8ff3031424d89a75a2b4089979205,3096.0||7020.0||-2262.0||4.534884||0.778182||1.67873026||0.51514323||2.549352||0.7823064||30.0||27.854527||1.70694062||0.19939535||2.5921928||0.3028056||30.0||22.212038||4.73061071||49.61241455||230.9945272||433.92587813||466.86580175||319.87797602||16.958||15.2619||4.11800923||0.955584||0.11853972||0.96473736||0.09442158||0.97058355||0.06541276||0.9747||0.0791||0.5978501||0.40154811||0.59697501||1.17466122||44.84023539||36.63642639||0.5201||1.4191||46.29735785||21.64639097||54.8275543||21.01485388||54.8275543||21.01485388||72.6864||20.3137||0.11977503||0.08532538||0.09223323||0.04812937||0.09223323||0.04812937||0.0563||0.0528||1034.2||0.25560999||0.14706814||0.25520777||0.14699129||0.25574352||0.1471491||0.39026582||0.14627216||0.39041477||0.14618946||0.39063363||0.1463847||0.49010914||0.14336521||0.05834315||0.03140109||0.05835051||0.03142714||0.0599964||0.03170952||0.09032844||0.0249634||0.09161729||0.02457194||0.0915229||0.02487109||0.11436859||0.0175296||21.05638981||136.8265182||709.38428975||432.57317506||873.182165||258.5111718||28.8351||8.8952||0.97979831||0.12330596||0.93616439||0.17889812||0.98895924||0.04917138||0.9895||0.0446||0.06124709||0.31277779||0.67184067||0.75273894||38.0312456||32.38734421||0.799||0.7476||86.84344619||13.99166295||48.54570669||24.34435983||48.54570669||24.34435983||56.4095||16.0047||0.22009901||0.17256154||0.11595125||0.2064045||0.11595125||0.2064045||0.0157||0.0335||411.8048||21.81388641||156.53932244||987.31017817||528.48805153||1095.46015081||328.36477756||32.3235||10.0238||0.98362875||0.10930636||0.9756618||0.11872141||0.9886717||0.04963007||0.9892||0.045||0.05610085||0.29840608||0.72204192||0.82077792||43.44325347||36.63870738||0.8081||0.7683||87.13481649||13.45692386||46.6276392||24.90800767||46.6276392||24.90800767||56.2621||16.0841||0.21875594||0.16564341||0.05393641||0.08875486||0.05393641||0.08875486||0.0164||0.0322||511.96,8d3b62992eaf193e030234377a16305add9b689b22e6f3a402f9475183cad0a2,9
EXCEL-ROW-0017,10,17,833e7369389f83d17338a1071b4dfbc69b42e502cb7cf87ca473b96bd5a911d6,b9369cb716ae6b96b350e9e8d30752bb81e200b186226196ca4e10ef7b49ccc3,65e00f60fd84999d2c3302c0e9c54f6389ea802dec92a29e1139e280a3387e18,822beeddb26e880162defdd0d197cf4652a8ff3031424d89a75a2b4089979205,2376.0||3420.0||-3702.0||2.878788||1.799777||1.43239595||0.24280579||3.2488608||0.5507152||30.0||31.228676||1.34567078||0.18457634||3.0521568||0.4186432||30.0||30.835177||9.75067549||72.35711906||264.68635616||426.59411537||463.50401998||325.53699585||18.6244||14.1282||4.31559961||0.97801344||0.01678246||0.982223||0.04195942||0.98240289||0.04192209||0.9842||0.0511||0.56588548||0.42081445||0.39036321||0.66878229||27.2258441||33.72302915||0.3379||0.8131||49.94508525||25.54753009||63.91442769||24.1609396||63.91442769||24.1609396||77.2102||18.8952||0.08908328||0.02396418||0.06211154||0.03635669||0.06211154||0.03635669||0.0372||0.0377||966.72||0.25678555||0.14631727||0.2566784||0.14631262||0.25629365||0.14612665||0.39110571||0.14722456||0.39061885||0.14747046||0.39082029||0.1471275||0.49056313||0.14500343||0.06742823||0.02422168||0.06688095||0.02440356||0.06754121||0.02419835||0.09946903||0.01754318||0.09949825||0.01777833||0.09983114||0.01773061||0.12309535||0.01402714||31.89042188||165.45688411||756.46463871||464.98407214||888.94551||254.63242645||28.1894||9.877||0.9997541||0.00615885||0.99332774||0.0314066||0.99332774||0.0314066||0.9938||0.0278||0.01556213||0.17749134||0.4222719||0.82648864||22.76644232||28.7295077||0.4327||0.7563||89.02187696||6.99223364||63.45903693||25.45945021||63.45903693||25.45945021||71.6815||17.6184||0.34168347||0.17130034||0.09627198||0.15156598||0.09627198||0.15156598||0.0113||0.028||497.8816||32.35309625||188.11824681||951.49625528||587.91581282||1114.18247191||330.6331949||31.6707||11.1869||0.99979355||0.00574555||0.99307382||0.03257279||0.99307382||0.03257279||0.9936||0.0287||0.01262033||0.15991101||0.42341194||0.82703735||25.97234761||32.71356583||0.4343||0.7551||89.20856775||6.30661604||63.44744797||25.50243699||63.44744797||25.50243699||71.6153||17.6329||0.34650957||0.16810885||0.09822422||0.15268572||0.09822422||0.15268572||0.0119||0.0278||608.16,e03d91dcc0ccf0c589185c291a726d08e7f237cefa4c643d5d82e5957eae8b19,10
EXCEL-ROW-0018,11,18,8fbfc9d2ca9b6ab8df958f3f96bd96fc837cbeffa26e7a75e6c424f7ebbb9d26,8cfe3a29d153712b978a6ec0a75a77cfaddb78b7c086cdb47e9d1931985e6af7,65e00f60fd84999d2c3302c0e9c54f6389ea802dec92a29e1139e280a3387e18,4f7b605b91c7e2fce4a58b80df8e05c57d1c90748bb2c3c253fae8135cdaa191,791.0||4340.0||1973.0||10.973451||5.507008||5.6130386||0.75997666||6.2413352||0.8450448||34.479042||22.141451||5.51366159||0.49698723||6.1308344||0.5526176||36.408791||7.635166||2.34046457||23.09526558||97.59068573||255.45574069||457.12399501||147.33276882||9.6887||11.5405||3.11266767||0.96338938||0.01866924||0.96390036||0.06202005||0.95910617||0.07346488||0.9616||0.0825||0.72725762||0.37054032||0.79975646||1.73987156||65.53841662||37.46992416||0.9556||2.2493||39.54843456||20.50387254||45.12383713||14.14915812||45.12383713||14.14915812||58.9581||15.5431||0.14706758||0.04065046||0.12350848||0.04870314||0.12350848||0.04870314||0.0894||0.0617||782.4||0.25387733||0.1464712||0.25410472||0.14646887||0.25423742||0.14656109||0.38849666||0.14491445||0.38871091||0.145062||0.38855644||0.14508005||0.48778711||0.14181114||0.05162483||0.02956673||0.05118848||0.02974725||0.05112274||0.0296234||0.07805983||0.03084049||0.07757637||0.03127533||0.07791206||0.03098558||0.09788314||0.03089409||34.23595484||155.68386113||478.8534643||447.4675416||860.39234||114.45380716||25.3482||10.3065||0.86613315||0.26564872||0.89178397||0.22664766||0.98358095||0.03608535||0.9834||0.0368||0.46299559||0.34877438||0.71655722||0.66176639||58.61776997||33.98395696||0.8192||1.0176||51.78568176||17.47036521||41.96089102||16.49633334||41.96089102||16.49633334||56.9779||13.418||0.1849968||0.23435608||0.11842725||0.20988525||0.11842725||0.20988525||0.0171||0.024||610.7616||35.66432973||179.77140994||604.59733303||570.86381715||1091.07915106||147.143437||28.4748||11.7937||0.85688294||0.27263859||0.89132224||0.22809746||0.98365949||0.0363129||0.9834||0.037||0.4772297||0.33203845||0.71979188||0.66462407||65.60443702||38.47602767||0.8204||1.0193||50.54165433||16.34937349||41.69561162||16.42732404||41.69561162||16.42732404||56.9589||13.43||0.19147519||0.24350251||0.11908922||0.2138401||0.11908922||0.2138401||0.0172||0.0233||772.32,bf8e744627f9939d2564c4c13cbe30ca244a2ac60eb9b8fc46628119bdf01a60,11
EXCEL-ROW-0019,12,19,6642512cea0b7e46c1de329c856ed2f91603c479007365e6c98ce078b818d17c,851edea49cc7c3319b299e6800b3ca7fb94daa0a53a279efe189f43c6b8980ca,65e00f60fd84999d2c3302c0e9c54f6389ea802dec92a29e1139e280a3387e18,822beeddb26e880162defdd0d197cf4652a8ff3031424d89a75a2b4089979205,341.0||1540.0||523.0||9.032258||2.632738||4.0789914||0.28570656||7.304028||0.5115992||33.242541||26.41716||4.07757068||0.16506136||7.301484||0.2955664||33.317393||4.144715||8.04847807||49.16033281||194.00156899||319.54718492||459.70776529||171.09198304||12.7319||12.056||3.56817881||0.97996812||0.01707789||0.97971297||0.04999002||0.97781656||0.04985671||0.9792||0.0559||0.59841364||0.48541137||0.71078022||1.40249846||46.1348588||29.80621657||0.7758||1.5482||49.80129226||27.91234299||48.55085977||16.12051739||48.55085977||16.12051739||60.5002||15.5479||0.08801877||0.0198185||0.0656719||0.03449138||0.0656719||0.03449138||0.0512||0.0371||700.64||0.25440561||0.14626922||0.25451965||0.1464263||0.25437876||0.14629907||0.38878591||0.14554493||0.38874037||0.14564961||0.38866517||0.14549313||0.4879951||0.14251513||0.05451975||0.02753075||0.05465829||0.02739635||0.05444718||0.0276009||0.08070262||0.03091152||0.08062185||0.03105658||0.08059074||0.03101263||0.09958592||0.03574051||113.85404183||272.49137315||643.2186431||424.3044304||870.98342||129.33938154||25.9023||9.9009||0.95657036||0.16045123||0.95180526||0.15015401||0.99114318||0.02714228||0.9913||0.0262||0.61326933||0.73593149||0.94431188||1.88274198||40.22032173||25.99998524||0.948||1.844||43.16150856||11.08071994||39.79085108||12.69264153||39.79085108||12.69264153||56.2368||12.356||0.10615186||0.25447048||0.08044194||0.21567623||0.08044194||0.21567623||0.0139||0.0113||691.5056||153.7095631||356.39003259||900.14660874||513.35433709||1102.44873908||176.17989323||29.2536||11.2919||0.99598509||0.011195||0.99114697||0.02855801||0.99114697||0.02855801||0.9913||0.0273||0.59661691||0.74036156||0.95495021||1.89136262||44.76739511||29.55009188||0.9488||1.8543||43.20259267||9.10300021||38.56996676||11.88449716||38.56996676||11.88449716||56.2677||12.4023||0.02614217||0.00623903||0.01348653||0.00895471||0.01348653||0.00895471||0.0124||0.0083||852.64,a85ce48c9e2de37e20a5d1efdc082312eb0fac83cbe438d8a933dbe20666cebf,12
EXCEL-ROW-0020,13,20,51b2ef8b7b9448f2da277e19d8fbd7fac3bfe6d3a60c68fe059aefbbbb6e9a63,6cc01e46317884f6c2d7c9cd84e03ca3105d8727d9bf2cf004ce418adbdaf466,65e00f60fd84999d2c3302c0e9c54f6389ea802dec92a29e1139e280a3387e18,822beeddb26e880162defdd0d197cf4652a8ff3031424d89a75a2b4089979205,791.0||2290.0||-77.0||5.790139||5.217687||3.96128613||1.0229103||6.2219224||1.6066672||32.559815||30.523293||3.32654953||0.9710643||5.2249528||1.5252336||31.178747||32.153059||6.75860936||45.22768906||11.36924406||9.06972786||457.24818976||171.03323668||13.8253||10.8918||3.71823883||0.98321085||0.02329298||0.98923256||0.01099009||0.97433993||0.06394055||0.9771||0.0716||0.41699031||0.62357819||0.29255633||0.27275035||44.00654841||34.92808162||0.952||2.4932||62.47670461||29.70121364||71.26425515||16.06744571||71.26425515||16.06744571||63.4108||17.8124||0.1099881||0.0244454||0.10838341||0.01251476||0.10838341||0.01251476||0.055||0.0445||643.72||0.25257797||0.14635352||0.25237569||0.146236||0.25258025||0.14636849||0.38669449||0.14408614||0.38672097||0.14403425||0.3869104||0.14399947||0.48561185||0.14033919||0.04762907||0.03051432||0.04803154||0.02979966||0.04722293||0.03044127||0.07239727||0.03396081||0.0720026||0.03416651||0.07166763||0.03492964||0.09051344||0.03686046||69.17071301||198.18499645||507.45250378||470.63283155||870.68635||129.08146896||22.4605||11.8531||0.97034197||0.11909966||0.95464309||0.13566933||0.99027965||0.02822345||0.9902||0.0279||0.53385542||0.87851917||0.96988909||1.74155435||40.28101847||31.57805516||1.0151||1.7577||49.70154866||13.24190675||40.05642564||14.0653781||40.05642564||14.0653781||55.0989||13.52||0.10686409||0.21515806||0.09815289||0.2247095||0.09815289||0.2247095||0.0172||0.0152||742.2816||89.23560745||253.41417098||718.54731663||597.44233669||1106.81118602||168.560652||25.1164||13.7114||0.99654323||0.01221484||0.99032535||0.02891589||0.9903248||0.02891457||0.9902||0.0285||0.51699743||0.86016347||0.99384261||1.77860753||44.93337667||35.81918242||1.0132||1.7531||50.21500732||12.31651396||38.98803772||13.60131572||38.98803772||13.60131572||55.147||13.5797||0.03211602||0.01054918||0.01800239||0.01261031||0.01800239||0.01261031||0.0159||0.0117||924.28,5772529e586dae9f806fa384ca150694a2dd5f4ef44d1db4f22ff7f1d0766c17,13
EXCEL-ROW-0021,14,21,8f66a2ae048e7d7cfa3190792ddff6d24ccb71037ada6a328887302e2d0c1b8d,7b22e5ea7c32cc20a8f64dd30efa0c349f8b376a68e9946e7656a9011462c802,65e00f60fd84999d2c3302c0e9c54f6389ea802dec92a29e1139e280a3387e18,822beeddb26e880162defdd0d197cf4652a8ff3031424d89a75a2b4089979205,1331.0||4630.0||643.0||6.957175||3.053724||3.67979319||0.9572689||4.6324416||1.2050928||31.700504||34.994628||3.47216969||0.51475717||4.3710672||0.6480208||30.841884||5.512556||3.85695849||44.52182608||274.4804311||403.82539873||461.29897628||277.79076374||18.0294||13.7014||4.2461041||0.98026033||0.02735492||0.97327039||0.08958324||0.97078503||0.08911709||0.9725||0.1007||0.31924301||0.44212194||0.57605194||1.59308747||43.69137049||40.54754388||0.7015||1.7702||67.72158441||28.34208327||63.07795166||15.42921361||63.07795166||15.42921361||68.08||17.9187||0.13902349||0.02626645||0.09605846||0.06167802||0.09605846||0.06167802||0.0582||0.0626||860.32||0.25380193||0.14705868||0.25377805||0.14730425||0.25395825||0.1472834||0.38869424||0.14512167||0.38888794||0.1451041||0.38883359||0.14504241||0.48815521||0.14154573||0.05038733||0.03244143||0.04971987||0.03237568||0.0503867||0.03247787||0.07779649||0.03254668||0.07773091||0.03273816||0.07829566||0.03247693||0.09840783||0.03195482||30.63640829||155.33574698||678.82982541||472.82909637||868.15922||219.00825983||26.2742||11.4302||0.99121732||0.07292271||0.96786599||0.13297515||0.98765006||0.05224734||0.9882||0.0497||0.38066559||0.30278507||0.78884584||1.07664598||39.47480466||36.25317632||0.812||1.0097||55.58397672||14.03478667||41.43373101||14.27625188||41.43373101||14.27625188||56.2454||11.6935||0.07568019||0.0920813||0.04859358||0.14389261||0.04859358||0.14389261||0.0184||0.0237||554.008||34.34534425||185.84542094||887.72700125||595.2082674||1099.82282147||281.46201642||29.5816||12.9639||0.99729881||0.00981303||0.98767176||0.05277483||0.98767176||0.05277483||0.9882||0.0502||0.3980161||0.25121363||0.79101842||1.06982926||43.9837647||40.96423498||0.8136||1.0127||53.37944347||10.68595461||40.21093652||12.97129493||40.21093652||12.97129493||56.1761||11.5112||0.05933937||0.00801598||0.02320577||0.0244869||0.02320577||0.0244869||0.0177||0.0212||696.16,6abc50d8af0d1d0b4549020277e31d718083bf12e81305a2f69c53f9c1424d85,14
EXCEL-ROW-0022,15,22,8c2b32c598202b26afa863d99b27b2ffd339ab3fef2df75a231b92654b3a2d7f,f7a136ba76272695833fb2c8518e535eab0aa2e2e08228dc747606e8ae90a5f7,65e00f60fd84999d2c3302c0e9c54f6389ea802dec92a29e1139e280a3387e18,4f7b605b91c7e2fce4a58b80df8e05c57d1c90748bb2c3c253fae8135cdaa191,791.0||3340.0||973.0||8.445006||6.750092||5.05271818||0.70214811||6.4163296||0.8916416||31.701906||24.139575||4.82789701||0.43517418||6.1308344||0.5526176||31.193873||16.288621||3.19893927||36.1942162||207.58501682||385.6988742||466.86541823||251.56211421||14.2878||14.3007||3.77992063||0.95827757||0.02347664||0.96292401||0.06842693||0.96468713||0.06818192||0.9703||0.0779||0.74774452||0.46706428||0.83272268||2.6517829||52.22347168||38.8531721||0.7521||2.9704||40.6611884||22.79397619||52.14640931||21.99355765||52.14640931||21.99355765||71.1301||21.6979||0.12907358||0.02599479||0.09311033||0.05092866||0.09311033||0.05092866||0.0673||0.0583||934.4||0.25474395||0.14633679||0.25472898||0.14643653||0.25466688||0.14656595||0.38918876||0.14550448||0.38916776||0.14565634||0.38916821||0.14558106||0.4886586||0.14208808||0.05846393||0.02900433||0.05892992||0.02879858||0.05829782||0.02884204||0.087863||0.02900809||0.08771229||0.02896803||0.08739685||0.02918168||0.10962746||0.02781536||41.47972066||183.12063682||758.85802087||400.64313495||867.18541||197.97423381||27.609||9.4315||0.99939306||0.00937102||0.9877245||0.04040883||0.9877245||0.04040883||0.9873||0.0385||0.03365642||0.24335619||0.68071303||0.87024751||45.65452608||34.79915545||0.7383||0.8545||87.94349747||10.49029909||48.40651212||24.10903483||48.40651212||24.10903483||59.5813||16.6057||0.08596967||0.03703733||0.02426222||0.03360788||0.02426222||0.03360788||0.0161||0.0246||500.6528||48.00583813||221.84975718||956.35611486||506.75555506||1092.26766542||253.25139733||31.0015||10.6542||0.99943647||0.0090987||0.98758114||0.04095332||0.98758114||0.04095332||0.9872||0.039||0.03097398||0.23467605||0.68258904||0.87685949||51.51337735||39.35774879||0.7414||0.8609||88.11340388||10.06919779||48.42413808||24.17103673||48.42413808||24.17103673||59.5201||16.6249||0.07350855||0.01261603||0.02241947||0.0278103||0.02241947||0.0278103||0.0165||0.0225||624.8,06f6b7811add4fe2e530cb7a00c8080f6e0dc81dc67fec8e9bdfe0d633b73e04,15
EXCEL-ROW-0023,16,23,fa4024ab145dc9ba72cc262c5a6ccf8a13e9481525e44b3875bb1c112a7d4c65,583b3ec08cbdf7f69684d51db8db94debb9a0f111293c6667d99cd104cf7820e,65e00f60fd84999d2c3302c0e9c54f6389ea802dec92a29e1139e280a3387e18,4f7b605b91c7e2fce4a58b80df8e05c57d1c90748bb2c3c253fae8135cdaa191,791.0||4090.0||1723.0||10.34134||6.33114||5.01364921||1.0360955||5.9732376||1.2343992||31.492917||27.064916||4.75091389||0.53829258||5.660216||0.6413192||30.942492||6.408108||3.21969933||29.66080313||95.10796169||257.40977211||453.73642946||149.39151019||11.9165||11.6405||3.45202839||0.95767063||0.09419581||0.96802716||0.07027549||0.96073633||0.02189299||0.9617||0.0326||0.47555548||0.37585208||0.51370299||1.44025168||75.6732949||18.90550933||0.9311||2.1019||53.09308185||23.93031969||61.30290033||18.34626599||61.30290033||18.34626599||60.6177||15.9055||0.17688161||0.18144176||0.15933177||0.13661281||0.15933177||0.13661281||0.0754||0.0756||736.0||0.2531114||0.14615518||0.25332262||0.14601646||0.25365776||0.14601089||0.3872051||0.14488645||0.38749453||0.14492267||0.38735806||0.14505822||0.48633576||0.14162924||0.05454653||0.03021535||0.05452158||0.02981131||0.05448882||0.02989613||0.08173273||0.03270121||0.08163277||0.03256097||0.08164436||0.03294389||0.1021477||0.03432584||27.87900348||127.52357918||484.65859782||445.82206772||861.11272||117.2877255||22.0769||11.7218||0.80188366||0.29751677||0.86445575||0.24668056||0.9830138||0.02048023||0.9839||0.0243||0.66036981||0.40696704||0.64279247||0.41241141||67.25963836||17.06032571||0.6546||0.3516||42.75656283||19.00394606||43.02709463||15.46394182||43.02709463||15.46394182||58.4029||9.1028||0.36904316||0.53765358||0.13724029||0.28776543||0.13724029||0.28776543||0.0226||0.0376||614.752||28.53651453||145.93867006||614.35776331||568.69687641||1091.22776529||153.78859833||24.6971||13.4968||0.789916||0.29244143||0.92326375||0.16736406||0.98292411||0.020305||0.9839||0.0242||0.66920328||0.39777851||0.67909552||0.38975573||75.7060842||19.15664557||0.6564||0.3492||42.19881005||18.63946394||40.02948335||11.87625122||40.02948335||11.87625122||58.3137||9.0555||0.42867341||0.56318212||0.13852252||0.29318537||0.13852252||0.29318537||0.0222||0.0411||772.96,26a99308259b207f67540eed439632cfdffc15ec4ee8550dfe4b26f7179ac099,16
EXCEL-ROW-0024,17,24,17b969794e40817f83e4b621534f905adc505974f8f07777747a512036126666,2581449bbb8c49f72411c17e9d9be55eb93e72dd8db49c83629276b3fcd3d230,65e00f60fd84999d2c3302c0e9c54f6389ea802dec92a29e1139e280a3387e18,822beeddb26e880162defdd0d197cf4652a8ff3031424d89a75a2b4089979205,1331.0||7430.0||3443.0||11.164538||5.751297||5.25085274||1.12269929||5.018492||1.0730176||33.253796||29.197868||4.99571854||0.53409727||4.774648||0.5104624||32.82432||8.246093||1.85825222||27.5617852||183.6351043||348.57789935||443.73253433||220.93299142||15.5112||13.0219||3.93842608||0.94781819||0.03722032||0.95775474||0.04511362||0.94835833||0.04705907||0.9517||0.0615||0.52029691||0.42496309||0.59330466||1.2235296||78.05755459||32.95372014||0.8155||1.5949||52.66581008||26.21202986||58.0996469||19.72133457||58.0996469||19.72133457||62.9847||20.7422||0.20414432||0.05024696||0.15324558||0.08174157||0.15324558||0.08174157||0.0847||0.0879||687.68||0.25176872||0.14601074||0.25288216||0.14650253||0.25389763||0.14634091||0.38643537||0.14417597||0.3879708||0.14412046||0.38706555||0.14410604||0.48605493||0.14053213||0.04966303||0.03123008||0.0498953||0.03171186||0.05038878||0.03163109||0.07665467||0.03257268||0.07722209||0.03273358||0.07685696||0.03277648||0.09670375||0.03353889||13.1256032||92.77125794||486.42737965||476.66202176||860.54736||175.84472459||22.9577||12.463||0.8722515||0.24634989||0.92817706||0.11570684||0.97863005||0.03918844||0.9801||0.0396||0.92385836||4.74041386||0.78358877||0.99542306||69.34244038||29.69751436||0.744||0.8208||51.04949144||24.19492717||42.15579578||15.32622405||42.15579578||15.32622405||56.7127||11.8662||0.26645568||0.38263184||0.13419947||0.22870931||0.13419947||0.22870931||0.0284||0.0461||664.0352||13.24925167||105.1297476||616.25211252||607.14388212||1091.03700375||224.83136465||25.716||14.2557||0.86363162||0.24533055||0.9321351||0.11303515||0.97845421||0.0394116||0.98||0.0399||0.91098858||4.4550316||0.7865476||0.92741145||78.26153115||33.57076298||0.7475||0.7926||48.78960781||23.11652505||41.51898697||15.38912029||41.51898697||15.38912029||56.5492||11.7833||0.29301531||0.39564456||0.13741843||0.23557507||0.13741843||0.23557507||0.0296||0.0469||840.32,cbd1e33f8750fa6b3232ba286af50f1881b23ecaa119dec774f1de01c99fdf0b,17
EXCEL-ROW-0025,18,25,dc04aa07a634f7cccecf07f98cbfbff63c88aadfca62ee4cb9f8fffee18d94f1,847b67e8bd620cf48e381b9c2ef349f54d4ec63ec2ca242ee3d7324ea83b8390,65e00f60fd84999d2c3302c0e9c54f6389ea802dec92a29e1139e280a3387e18,4f7b605b91c7e2fce4a58b80df8e05c57d1c90748bb2c3c253fae8135cdaa191,1331.0||8430.0||4443.0||12.667168||5.902055||5.69265614||1.14908895||5.0942168||1.0282912||34.801071||27.495417||5.44627452||0.57406441||4.873736||0.513716||34.839875||5.483993||1.78872152||26.77076378||197.77436174||377.01297882||451.53717853||247.25584244||13.8227||14.3016||3.71788919||0.96560796||0.02508441||0.96086139||0.09476886||0.9553294||0.09424439||0.9585||0.1082||0.56820116||0.44386387||0.72109901||1.71975215||60.40930996||44.4298313||0.8137||1.9477||50.51332244||26.63137705||55.53782081||16.4685487||55.53782081||16.4685487||65.3199||20.0189||0.18155443||0.04925553||0.13922297||0.07168197||0.13922297||0.07168197||0.0924||0.081||913.28||0.25313841||0.14672563||0.25354966||0.14690944||0.25341616||0.1468582||0.38799254||0.14470338||0.3882234||0.14470482||0.38791177||0.14463404||0.4871819||0.1411317||0.05013965||0.03153311||0.05064646||0.03154382||0.05005005||0.03174482||0.07774407||0.03200401||0.07777565||0.03199633||0.07730394||0.03232898||0.09794957||0.03141687||23.30524565||138.54629013||757.20440661||393.5994433||860.25488||197.01367544||27.606||9.297||0.99764602||0.01092293||0.98206988||0.05844398||0.98208393||0.05844702||0.9824||0.0553||0.1228644||0.24930906||0.70638828||0.7185475||52.91822996||39.78519381||0.7473||0.6866||79.22682493||18.54503335||44.95416811||20.95598703||44.95416811||20.95598703||57.8886||15.463||0.11391079||0.03364247||0.02869085||0.04369095||0.02869085||0.04369095||0.0197||0.0342||489.7184||25.08320413||162.2947141||959.97574032||500.72919516||1090.69662921||252.06820245||31.078||10.5398||0.99776075||0.01016477||0.98211963||0.05875273||0.98213163||0.05875535||0.9825||0.0556||0.12064262||0.24284769||0.70732072||0.728133||59.25983926||44.91351753||0.7493||0.6967||79.34771143||18.40173144||45.06459177||21.08151088||45.06459177||21.08151088||57.9066||15.5327||0.10605369||0.01418852||0.02750867||0.04026869||0.02750867||0.04026869||0.0196||0.0327||624.0,f87b3bf7132aebf6775319e13cd8653bb2be8a07c8e7bebf6d71fd58f92704cb,18
EXCEL-ROW-0026,19,26,1ebaae3c30f5fb3ac6ae7b7ca1981a7791059ac2939965eeff531d15cd1b2243,38ef6e0b2ba7d20845b9e49d100e4262184da76e99c90afbe5d136d817538964,07d5016722c617bc3f9e838e676650dceff59b2861360a07d22fed0619f558a7,822beeddb26e880162defdd0d197cf4652a8ff3031424d89a75a2b4089979205,1800.0||4500.0||-894.0||nan||nan||nan||nan||nan||nan||nan||nan||nan||nan||nan||nan||nan||nan||8.98868192||6.03100438||12.32123113||6.61311804||456.16719101||153.81477622||3.5258||1.0073||1.87771137||0.97288464||0.00886514||0.97309024||0.01003588||0.97309024||0.01003588||0.9731||0.0097||0.57859277||0.17284044||0.58031473||0.20023609||60.49198307||22.81948608||0.6019||0.196||42.27650138||9.77545479||42.74550187||12.11699187||42.74550187||12.11699187||59.6275||8.4069||0.06769331||0.01749649||0.0587726||0.01691565||0.0587726||0.01691565||0.0594||0.0175||176.16||0.24561411||0.14195442||0.24578379||0.14190907||0.24919567||0.14451055||0.37628826||0.13939995||0.3794015||0.13994335||0.37921826||0.14018788||0.4748595||0.13607148||0.04320141||0.0238923||0.04322756||0.02403819||0.04128359||0.02739031||0.06593533||0.02315582||0.0666121||0.02153713||0.06652784||0.02158271||0.08459081||0.01351364||59.44338422||208.06552263||316.84980635||371.44565427||861.55755||120.43795593||27.3291||6.9558||0.96319026||0.13729216||0.92706765||0.17876027||0.98774598||0.00637674||0.9885||0.0099||0.27407585||0.42639932||0.36883487||0.38382676||54.26072||19.10093443||0.5328||0.2513||69.48889368||24.81291861||61.40094985||23.39188556||61.40094985||23.39188556||63.0141||9.9965||0.12898021||0.15202109||0.10832846||0.19664761||0.10832846||0.19664761||0.015||0.0186||1094.1296||66.90283463||252.29748245||411.80564295||477.27241747||1102.60214732||163.85414786||31.0841||7.8035||0.9813079||0.04821746||0.98261717||0.03733079||0.98790849||0.00659657||0.9887||0.0096||0.27313127||0.43232347||0.40553226||0.40766682||60.58872458||21.6669172||0.531||0.2531||69.77262378||25.01045851||58.86907026||24.10431772||58.86907026||24.10431772||63.1034||10.0337||0.11775904||0.05290071||0.07531231||0.0651483||0.07531231||0.0651483||0.0105||0.0175||1404.0,2a0ed86de8094d78a8eba3a197feaea69bb2513e77ac9e7c145ce69cd355e96c,19
EXCEL-ROW-0027,20,27,cd9c89c18d9c36c2970e0651b266f5b6cf992e492aa762dcdbb2261ac8d30c1f,b0f031b18fdbf49a2d0bde50d82369486acf38e83050cde0b392db979c319f65,b47d13a16676b9ebcf2fba250a941603ecc19ab1bb078eab6968a462aa9828dc,822beeddb26e880162defdd0d197cf4652a8ff3031424d89a75a2b4089979205,nan||nan||nan||nan||nan||nan||nan||nan||nan||nan||nan||nan||nan||nan||nan||nan||nan||19.623403||55.74336325||153.03999959||230.31332924||460.32926642||111.87803325||10.1698||9.0266||3.18901239||0.97231518||0.01865689||0.9760709||0.01717278||0.97606094||0.01720712||0.9735||0.0167||0.64711055||0.38261077||0.57579368||0.34904523||58.23039296||34.10865522||0.6274||0.3373||44.11381364||20.78330377||46.57818029||19.0757122||46.57818029||19.0757122||59.8163||13.6301||0.0587576||0.01605545||0.04691985||0.01902592||0.04691985||0.01902592||0.0432||0.0214||317.6||0.25087576||0.14476558||0.25058583||0.14443598||0.25106603||0.14458468||0.38378199||0.14234504||0.38401823||0.14185869||0.38416244||0.14231591||0.48195635||0.13859179||0.04721432||0.02650218||0.04790359||0.02658968||0.04798868||0.02635113||0.07417115||0.02078373||0.07464715||0.02066066||0.07420259||0.0205628||0.09319599||0.01565644||27.96929284||105.91131866||31.4987835||10.36058291||866.1740375||89.19763537||17.335||11.4998||0.95981747||0.14225194||0.9700474||0.04256102||0.98840126||0.00919747||0.9891||0.011||0.28623797||0.20634115||0.28927163||0.21133288||51.04272758||29.50020498||0.3157||0.188||62.98518422||17.39615795||63.19483275||17.70267535||63.19483275||17.70267535||72.9852||9.526||0.09603718||0.23245754||0.0803859||0.05354096||0.0803859||0.05354096||0.0247||0.0211||975.0864||26.94535752||118.05656122||30.2149971||11.31738897||1102.06848639||117.40130003||19.2603||13.3515||0.98458726||0.01382922||0.98450723||0.01433191||0.98825233||0.00933263||0.9891||0.011||0.31057266||0.20494601||0.2942527||0.21208729||57.76943044||33.35418765||0.317||0.1877||60.89402333||16.97790104||62.74873439||17.74210181||62.74873439||17.74210181||72.9172||9.5039||0.05563787||0.02556135||0.05740271||0.01966199||0.05740271||0.01966199||0.0238||0.0199||1250.24,df5fa92963861732556f8882ec1feae9915335adb5271b1b4183c4e68310d05b,20
EXCEL-ROW-0028,21,28,8b74a2b94a26a5cb52c2ba04c9d2e37d2e4043e94494499681a6d875e3eca28c,bc4422f88a1212f94c117e54001d5eda50948901efa0ad6f624f8092ea898843,65e00f60fd84999d2c3302c0e9c54f6389ea802dec92a29e1139e280a3387e18,4f7b605b91c7e2fce4a58b80df8e05c57d1c90748bb2c3c253fae8135cdaa191,450.0||1500.0||156.0||6.666667||1.887717||2.61455841||0.0||5.6568544||0.0||30.0||21.213203||2.61455841||0.0||5.6568544||0.0||30.0||10.618407||8.95426476||53.50876382||174.77630236||312.46692022||394.44598252||207.69160061||13.3026||12.3845||3.64727295||0.97659829||0.00457573||0.97535547||0.01973051||0.97535607||0.01973036||0.9766||0.0215||0.44241618||0.10494926||0.46802885||0.3634681||50.05328833||24.24935329||0.5045||0.3555||49.1144667||6.80193375||50.4244821||11.42975648||50.4244821||11.42975648||64.812||9.7655||0.07364071||0.00992216||0.05460023||0.02599637||0.05460023||0.02599637||0.0446||0.0307||115.6||0.24833711||0.14478448||0.24808479||0.14460976||0.24808937||0.14460932||0.38129441||0.14037977||0.3810762||0.14035374||0.38122518||0.14057532||0.47853583||0.13621881||0.03712827||0.026907||0.03820202||0.02746577||0.03877696||0.02718693||0.06113262||0.02406368||0.06255789||0.02330355||0.06168856||0.02323356||0.07968824||0.01445076||71.92251442||235.23557601||696.13296293||459.79794755||922.4062475||161.50606669||27.2354||10.2171||0.88158057||0.26620794||0.88170356||0.26341703||0.9910631||0.0097954||0.9917||0.0106||0.46398321||0.3671321||0.39835244||0.26839916||45.72648757||21.15185933||0.4003||0.2016||53.79750021||21.28725286||55.75980983||15.32539962||55.75980983||15.32539962||68.8542||8.4335||0.1202634||0.24478634||0.06458942||0.1641171||0.06458942||0.1641171||0.0132||0.0161||1154.1728||70.50775614||267.11105571||902.54951868||589.38866849||1179.61852684||213.70776863||30.8453||11.7154||0.92174147||0.19720332||0.95214639||0.15775246||0.9911998||0.00991589||0.9919||0.0105||0.46306583||0.35943959||0.42343908||0.25504028||50.91089293||23.92760458||0.3979||0.1995||53.57518539||20.63935018||53.31955973||13.44720369||53.31955973||13.44720369||68.957||8.4057||0.11047129||0.19170198||0.05824554||0.15960193||0.05824554||0.15960193||0.012||0.0169||1475.48,8cc749153d17082cccb37d3bdfc2a9f7b4484128fbc9c973574a6cb77b8c106b,21
EXCEL-ROW-0029,22,29,28e8abcbe8aa0b56b3f209f119eeb326f910b69554b8a60e1c71b3f667661954,e8f95f7e24f11957f2e09c302a0fdba79f506e4380a867f82c0549d930e2a35a,65e00f60fd84999d2c3302c0e9c54f6389ea802dec92a29e1139e280a3387e18,822beeddb26e880162defdd0d197cf4652a8ff3031424d89a75a2b4089979205,540.0||1800.0||186.0||6.666667||1.33457||2.93819707||0.0||5.6568544||0.0||30.0||21.213203||2.93819707||0.0||5.6568544||0.0||30.0||11.375689||9.93799508||54.96391602||209.77344231||310.01515255||452.61922397||167.93586998||13.3983||11.6412||3.66036883||0.97292449||0.00891242||0.97646169||0.03457486||0.97646165||0.03457486||0.9787||0.0394||0.93466072||0.26919769||0.83854987||0.93553449||48.30867929||27.50159365||0.8193||1.0706||29.45620633||6.77454198||36.90686221||13.20258769||36.90686221||13.20258769||56.3759||13.81||0.08049261||0.01961548||0.0563712||0.03053689||0.0563712||0.03053689||0.0447||0.0328||631.2||0.25478516||0.14551505||0.25436353||0.14552446||0.25433351||0.14546104||0.38849203||0.14505937||0.388247||0.14486851||0.38847915||0.1449776||0.48750017||0.14197292||0.05834339||0.02637623||0.05865862||0.02671697||0.05861156||0.02645324||0.08892305||0.01862737||0.08914851||0.01850034||0.08877989||0.01878502||0.11067966||0.01180632||43.0398389||170.48753096||419.6721207||470.58235294||882.3166975||135.21017109||24.2514||11.6178||0.94059321||0.15140631||0.93737624||0.13885146||0.9913992||0.01998377||0.9916||0.0204||0.37872277||0.37244901||0.63314272||0.74931668||42.15367186||24.41696962||0.5893||0.7338||59.30709003||23.1349381||47.81938787||17.92503018||47.81938787||17.92503018||63.9211||14.749||0.10746412||0.17979954||0.09010856||0.14106656||0.09010856||0.14106656||0.0161||0.0191||738.1952||37.78656723||180.56531903||520.03436928||598.93552833||1110.52881298||171.7423196||26.9922||13.3308||0.93566412||0.15304296||0.94484408||0.13549371||0.99112621||0.0201242||0.9913||0.0205||0.40269557||0.33623944||0.63870931||0.75140826||48.28283506||27.65827577||0.5928||0.7362||56.9232317||22.18206463||47.03134521||17.31231672||47.03134521||17.31231672||63.7682||14.6285||0.11980264||0.17523137||0.08848047||0.15601136||0.08848047||0.15601136||0.0173||0.0199||930.8272,f6e13ef3b5b7fa671ed5d1169b13c2d71e161b40b9f42509a56ca950fa7d5135,22
EXCEL-ROW-0030,23,30,f5ad97be643cce6dea1a72eac34237090e6980a10d77d5f8793da38d6083ec74,f4a5d6d1468426e071835cfc77a9aaade0ba55ceb773c4b410e882a425d62255,65e00f60fd84999d2c3302c0e9c54f6389ea802dec92a29e1139e280a3387e18,822beeddb26e880162defdd0d197cf4652a8ff3031424d89a75a2b4089979205,990.0||3600.0||636.0||7.272727||3.334467||3.30170541||0.56656191||4.8284272||0.8285424||30.0||31.767724||3.14721021||0.37628179||4.6024928||0.550276||30.0||14.903134||3.07121719||34.19018755||182.00541757||343.21667183||444.50596754||214.87804279||14.5803||13.0802||3.8184159||0.95700089||0.03215764||0.96379186||0.03795776||0.94172173||0.04158071||0.9473||0.0543||0.32700912||0.24093556||0.29111594||0.27111118||82.36978014||35.41061714||0.4091||0.3752||60.63245853||21.28206286||65.46557435||14.92249904||65.46557435||14.92249904||69.8578||14.9611||0.17644701||0.04306436||0.13916153||0.07429595||0.13916153||0.07429595||0.0828||0.0766||524.8||0.25098582||0.1458966||0.25068253||0.14570147||0.25106776||0.14531215||0.38441888||0.14343107||0.38436773||0.1431179||0.38466016||0.14306256||0.48268656||0.13969492||0.04668039||0.03077686||0.04787378||0.03066955||0.04684862||0.03082309||0.0739057||0.02994564||0.07406097||0.02987221||0.073393||0.02974218||0.09278973||0.02989507||12.90685088||92.91171942||314.90061539||429.81937888||852.336165||178.1381331||23.455||12.128||0.82011049||0.28593163||0.87047959||0.19060111||0.97714435||0.03877856||0.978||0.0439||1.737424||10.88688221||0.97366743||4.79905168||72.78129277||32.03193119||0.5267||1.3547||57.81071025||24.99851916||53.45937395||15.31846935||53.45937395||15.31846935||64.5739||9.3519||0.39354076||0.56466984||0.27034583||0.35616539||0.27034583||0.35616539||0.029||0.0747||777.2736||12.85031486||104.40234979||394.08020789||548.55810973||1082.02538826||224.8314582||26.2204||13.8926||0.82110625||0.27814789||0.88250467||0.18780978||0.97713813||0.03881343||0.978||0.0438||1.85279857||11.40150272||1.02574109||5.28774139||82.12889277||36.10169993||0.527||1.4236||56.78162551||24.326095||53.48990363||15.58304176||53.48990363||15.58304176||64.6344||9.3668||0.39789353||0.55268751||0.26254693||0.35197973||0.26254693||0.35197973||0.0305||0.0739||990.88,e73b7c2c7497ff8399d01b1bf30b98661e9c413a5e270a4c8841e9af3ac4874a,23
EXCEL-ROW-0031,24,31,3c4abf042f006017ce30ee019230249030481e76de7cb54dd6843d9497d340b8,80ad4bb521bb982885d17d8b1e0e20952e6efc6ee7e617c677d532708f02f0fa,65e00f60fd84999d2c3302c0e9c54f6389ea802dec92a29e1139e280a3387e18,5a005caa537ab76ae2410d9a7d2114da4b04be7ec6b9cc37d5883b435731f605,906.0||2385.0||-327.0||5.264901||5.057069||3.77019369||1.03929983||5.9405464||1.637584||32.489572||30.407552||3.09482955||0.74791833||4.8764016||1.1784656||29.956813||33.438061||6.33996189||38.2033619||10.07654651||6.81247129||459.39791261||95.4084728||11.5915||10.1762||3.4046292||0.98516959||0.01616661||0.99024843||0.00796287||0.9727955||0.02695655||0.974||0.0291||0.27888888||0.34483754||0.19629142||0.1436363||61.09812183||24.08085701||0.7407||1.3755||66.38160947||23.9052897||73.62928671||12.48136991||73.62928671||12.48136991||61.4089||15.3096||0.10587636||0.03235723||0.11089691||0.01144005||0.11089691||0.01144005||0.0572||0.0389||604.4||0.25181392||0.14566043||0.25245888||0.14581977||0.25229599||0.14583907||0.38600523||0.14361778||0.38621714||0.14407467||0.38594963||0.14350051||0.48464597||0.14023797||0.05036013||0.02973694||0.04977317||0.02968847||0.04975315||0.02952223||0.07861982||0.02445662||0.07459835||0.03377569||0.07845089||0.02475527||0.09730947||0.02563213||81.5686028||208.90363143||573.90066625||435.933427||872.78405||75.93372964||22.1946||11.6359||0.97738172||0.09959135||0.95369335||0.14548748||0.98905112||0.01101315||0.989||0.0113||0.74755666||0.35105674||0.65747588||0.47962899||54.15031663||22.24776546||0.6741||0.4796||37.45044526||12.9008403||42.12108826||12.44833153||42.12108826||12.44833153||58.6507||10.6345||0.03577429||0.03689026||0.02355112||0.04774499||0.02355112||0.04774499||0.0162||0.0127||762.9712||89.97859552||248.66688393||730.86645027||556.61533617||1103.10837453||97.08609332||24.7397||13.3936||0.98788132||0.00926005||0.98898562||0.01111605||0.98898508||0.01113816||0.989||0.0114||0.7572452||0.3422401||0.67900833||0.47045664||61.15624846||24.9825051||0.6762||0.4827||36.85784711||12.07292862||40.38643844||10.03833592||40.38643844||10.03833592||58.5871||10.6677||0.03061325||0.00891092||0.01698292||0.01162638||0.01698292||0.01162638||0.0159||0.0113||963.6,2ea9263c3c386d0fc58f10f34c11efe32a47708889ce317c2183c1a6077a2357,24
EXCEL-ROW-0032,25,32,7c353f001a696b398baf230bdcef3f9d5b61267d2a6e708d89c21899beeeb4c6,5c8733783502af680c26858fdd28c03e711f7d42db677e51ac66b9f18f97ac4c,65e00f60fd84999d2c3302c0e9c54f6389ea802dec92a29e1139e280a3387e18,822beeddb26e880162defdd0d197cf4652a8ff3031424d89a75a2b4089979205,906.0||2385.0||-327.0||5.264901||5.057069||3.77019369||1.03929983||5.9405464||1.637584||32.743662||30.510854||3.09482955||0.74791833||4.8764016||1.1784656||33.243388||34.876967||6.34078895||38.208169||10.07788621||6.81316352||459.4578417||95.40526031||11.5924||10.1769||3.40476137||0.9851652||0.01615396||0.99025892||0.00796793||0.97280497||0.0270038||0.974||0.0291||0.27944802||0.34383617||0.19581476||0.14398796||61.09851755||24.12859764||0.7415||1.3762||66.29169167||23.80804173||73.66448972||12.51899006||73.66448972||12.51899006||61.368||15.2561||0.10585458||0.03232618||0.1108703||0.01146049||0.1108703||0.01146049||0.0572||0.0389||604.4||0.25229599||0.14583907||0.25245888||0.14581977||0.25181392||0.14566043||0.38621714||0.14407467||0.38600523||0.14361778||0.38594963||0.14350051||0.48464597||0.14023797||0.04975315||0.02952223||0.04977317||0.02968847||0.05036013||0.02973694||0.07459835||0.03377569||0.07861982||0.02445662||0.07845089||0.02475527||0.09730947||0.02563213||81.52385126||208.85631605||571.09135202||435.26250673||872.8147325||75.91717784||22.1947||11.636||0.97752195||0.09887966||0.95394766||0.14451632||0.9890497||0.01100795||0.989||0.0113||0.74722556||0.35360679||0.657649||0.47973883||54.15639549||22.25736683||0.6744||0.4797||37.54617001||13.13704743||42.13364582||12.49903014||42.13364582||12.49903014||58.6468||10.6769||0.03634292||0.04377539||0.02588189||0.05560176||0.02588189||0.05560176||0.0162||0.0127||762.9712||89.98190827||248.6729462||730.88551058||556.62871622||1103.14898777||97.06709663||24.7397||13.3938||0.98787534||0.00927914||0.98898421||0.0111102||0.98898363||0.01113256||0.989||0.0114||0.75683633||0.34493805||0.67918163||0.47076455||61.16044161||24.99518193||0.6764||0.4828||36.96013799||12.34356595||40.40429344||10.14683942||40.40429344||10.14683942||58.5823||10.7085||0.03057728||0.00890109||0.01696899||0.01160713||0.01696899||0.01160713||0.0159||0.0112||963.6,3d48671f7ac46443f8c1ff29963d41ef82c8a474454a1e5d40c39688af882494,25
EXCEL-ROW-0033,26,33,c4855d7bfdce4012990e0f7ff2c4ad339664a75b8af6d7406ad613519503b98a,9d04f2fbdb0736af7c177889a3b31709c9c37b567b7b41abaad89a17403d12a4,65e00f60fd84999d2c3302c0e9c54f6389ea802dec92a29e1139e280a3387e18,822beeddb26e880162defdd0d197cf4652a8ff3031424d89a75a2b4089979205,791.0||3550.0||1183.0||8.97598||2.744971||3.84922186||0.49064317||5.3068144||0.676436||34.504058||24.023529||3.80058259||0.40011896||5.2397568||0.5516328||34.05213||4.888478||4.9741561||45.01030982||246.93278996||356.66903496||458.17504519||217.36814283||15.6011||13.017||3.94982278||0.97159328||0.01210086||0.96588336||0.04550085||0.96559299||0.04540103||0.9686||0.0433||0.41374783||0.21086084||0.68202982||1.41491857||63.6023392||28.63286485||0.6628||1.2514||52.00116173||13.1077263||48.64634075||12.1059115||48.64634075||12.1059115||63.4822||12.0291||0.117847||0.03102444||0.07913938||0.04918171||0.07913938||0.04918171||0.0564||0.0507||664.16||0.25111894||0.14603679||0.25190948||0.1451613||0.2511695||0.14587924||0.38518383||0.14335646||0.38517233||0.14331551||0.3850133||0.14324487||0.48352797||0.1395895||0.04619295||0.03146008||0.05249869||0.02876697||0.04542556||0.0315091||0.07545304||0.03184361||0.07483449||0.03224523||0.07102351||0.03369704||0.09359548||0.03167596||29.34345317||144.00336679||552.42564686||474.537647||867.69508||177.32164117||24.679||11.7439||0.91971771||0.18249786||0.86478745||0.24729657||0.98568555||0.01956658||0.9866||0.0213||0.53610036||0.37294695||0.53365893||0.45092683||56.96833768||25.84401185||0.5148||0.3278||48.02893013||17.55881443||49.66386462||15.40288341||49.66386462||15.40288341||64.256||9.1008||0.13605258||0.17774797||0.10398778||0.20652757||0.10398778||0.20652757||0.0183||0.0273||689.3312||29.78108892||163.56507933||704.67603036||608.12823801||1102.38362846||221.16231711||27.5655||13.4915||0.91118408||0.19298272||0.92243882||0.19721456||0.98577564||0.01925665||0.9866||0.0211||0.56263612||0.3906957||0.57081753||0.43660647||64.37403509||29.00166556||0.5158||0.3257||46.92629102||17.57666959||46.56623936||13.83174061||46.56623936||13.83174061||64.1991||9.1022||0.1520212||0.21552414||0.10252345||0.22404361||0.10252345||0.22404361||0.0182||0.0268||888.0,299798e0079d822b372318f658dd2960f9d74ed978de2399700175d8fa3d257b,26
EXCEL-ROW-0034,27,34,a8d4ec725810f7c86b6240dafac6ec7958049207c8cae2d5010e47b51a27bd5c,7d09123b4e0815c2a33f2956351c8cc3112c74474109feb98d91dafdc09b33fa,65e00f60fd84999d2c3302c0e9c54f6389ea802dec92a29e1139e280a3387e18,5a005caa537ab76ae2410d9a7d2114da4b04be7ec6b9cc37d5883b435731f605,666.0||2100.0||108.0||6.306306||3.348777||3.2221479||0.0||5.6568544||0.0||34.285714||19.166297||3.2221479||0.0||5.6568544||0.0||36.835586||9.528084||9.38049209||19.62556258||28.44131069||96.58014603||458.60183571||47.46711368||5.9481||4.7639||2.43887269||0.98266741||0.01314389||0.98368542||0.00977766||0.97714487||0.01177414||0.9765||0.013||0.4906864||0.51859304||0.45124774||0.29298181||59.86669687||21.21746788||0.7648||0.7198||54.64938498||22.46794005||56.94498832||15.81434933||56.94498832||15.81434933||57.6084||15.4329||0.0997865||0.03296222||0.09903537||0.02351708||0.09903537||0.02351708||0.0715||0.0232||326.24||0.2532899||0.14633623||0.2520037||0.14517866||0.25240504||0.14504291||0.38664449||0.14373173||0.38585906||0.14297289||0.38686427||0.14370752||0.48508913||0.13995376||0.05112096||0.03121164||0.05018492||0.02648282||0.05045725||0.02647288||0.0797707||0.0210718||0.07578456||0.02689448||0.07994664||0.02104284||0.09894943||0.01622166||122.20471113||227.19185805||446.98713135||345.81187645||873.19085||43.94074089||22.0962||8.6438||0.92507063||0.19946781||0.92775135||0.15564824||0.99008435||0.00524512||0.9903||0.0085||0.61390172||0.63063141||0.72975584||0.60926795||52.68857256||19.58159442||0.8301||0.9367||44.48048603||15.08729057||42.6066538||14.52704829||42.6066538||14.52704829||56.4794||15.5374||0.14639018||0.30219314||0.1395147||0.25834127||0.1395147||0.25834127||0.0178||0.0129||972.392||125.04588477||262.81398358||609.85207054||469.06856026||1103.86947715||54.499131||24.5212||9.9773||0.93525637||0.17445682||0.95282068||0.11897603||0.98996339||0.00521014||0.9902||0.0085||0.6456245||0.59730049||0.73424729||0.60289459||59.9165826||21.5058198||0.8708||0.9564||42.6454711||14.26272154||41.07305953||13.83078653||41.07305953||13.83078653||55.4299||15.6411||0.14211467||0.30717978||0.10544684||0.2427848||0.10544684||0.2427848||0.0178||0.0144||1241.856,f41df48a5de09b594ada5563342a53387811469e94318a7bce6caaa6fac240ad,27
EXCEL-ROW-0035,28,35,0d7d00697e30599bc631f1125a880bbc30ef47befbea8a03a0f60d7b82500158,bcbcd364cd96b89e1e0ad3600d5895ec90695c2601ceaa3c28d45e5c92be6a39,65e00f60fd84999d2c3302c0e9c54f6389ea802dec92a29e1139e280a3387e18,822beeddb26e880162defdd0d197cf4652a8ff3031424d89a75a2b4089979205,666.0||2100.0||108.0||6.306306||3.348777||3.2221479||0.0||5.6568544||0.0||21.428571||22.474475||3.2221479||0.0||5.6568544||0.0||16.328829||11.608364||10.8552325||66.75740635||272.03738949||351.46806074||472.03321248||201.20529276||16.5097||12.1312||4.06321301||0.97267197||0.01491293||0.97209351||0.0736488||0.97206629||0.07370706||0.9763||0.0765||0.88823966||0.40666528||0.76766743||1.46695176||38.79876295||42.37935324||0.62||1.5304||31.81537364||9.93099615||52.29676671||28.79551449||52.29676671||28.79551449||71.1358||22.7039||0.08477019||0.0104118||0.05477208||0.03489636||0.05477208||0.03489636||0.0411||0.0357||740.2672||0.25240504||0.14504291||0.2520037||0.14517866||0.2532899||0.14633623||0.38585906||0.14297289||0.38664449||0.14373173||0.38686427||0.14370752||0.48508913||0.13995376||0.05045725||0.02647288||0.05018492||0.02648282||0.05112096||0.03121164||0.07578456||0.02689448||0.0797707||0.0210718||0.07994664||0.02104284||0.09894943||0.01622166||62.41871149||201.95000908||367.10366117||426.44972825||865.669505||157.19357837||24.3328||11.4244||0.90395616||0.24368113||0.93011295||0.20199167||0.9900079||0.03427043||0.9896||0.038||0.23173905||0.75077624||0.55004233||1.24182311||35.37274764||37.09409618||0.6926||1.377||77.94822815||23.03049064||62.06363113||28.19093765||62.06363113||28.19093765||64.6918||18.6443||0.17916444||0.27317496||0.19217823||0.25415179||0.19217823||0.25415179||0.0147||0.0151||642.5456||50.89365555||209.21618336||430.78329672||566.27096554||1104.34784919||202.51887247||27.264||13.2696||0.91195519||0.24058151||0.93144211||0.19804172||0.99002006||0.03497983||0.9896||0.0387||0.19566544||0.70815982||0.53822916||1.21873449||39.73027028||42.8991791||0.6892||1.3565||80.62465992||21.22665935||62.93351097||29.01703276||62.93351097||29.01703276||64.7299||18.6278||0.17418239||0.18517978||0.13610476||0.16180557||0.13610476||0.16180557||0.0136||0.0186||835.2064,78eb78bd31add702e5387036fc110fd78a08de40b3e1b66c16dbb8ea00d5b7b3,28
EXCEL-ROW-0036,29,36,b41762fe2e1af22513439883e68619e0f512266eda488890685c21d245737c96,58cc07124a96dc606f4ad03a3e9a6cf0752b6a10b8af1be58bb3aa2027a55ac9,65e00f60fd84999d2c3302c0e9c54f6389ea802dec92a29e1139e280a3387e18,822beeddb26e880162defdd0d197cf4652a8ff3031424d89a75a2b4089979205,2016.0||3600.0||-2442.0||3.571429||1.879459||2.26525534||0.62072877||3.693584||1.0121216||30.0||25.281803||2.17312572||0.29687092||3.5433632||0.4840592||29.910132||21.679492||5.57838527||41.12746862||197.19475542||319.75661043||462.24687141||170.21561008||12.7455||12.1246||3.57008403||0.80459113||0.3707567||0.95930857||0.10804025||0.9730586||0.05314754||0.9737||0.061||0.61948336||0.69734711||1.15128097||3.44477452||50.41081414||37.36232586||1.2886||3.8378||50.2490831||24.94324966||42.29608534||19.05314062||42.29608534||19.05314062||55.7581||19.3383||0.1709424||0.3019243||0.08502772||0.05846851||0.08502772||0.05846851||0.0601||0.0454||701.92||0.25440263||0.14591559||0.25388124||0.14603721||0.25433498||0.14585909||0.3882255||0.14517427||0.38817802||0.14512592||0.38845814||0.1451671||0.48740574||0.14209647||0.05785401||0.02822742||0.05732947||0.02862468||0.05837097||0.02832543||0.08722278||0.02533971||0.08774894||0.02481258||0.08807749||0.02440759||0.11004922||0.01867041||38.1934559||166.34817636||641.01386467||444.33046605||866.0366125||146.38939385||25.5072||10.815||0.93880111||0.21480701||0.96336609||0.13595237||0.9882465||0.03560157||0.9889||0.0356||0.35538306||0.67777569||0.81223661||0.84310701||43.30269388||33.5165143||0.8923||0.9088||66.29708753||26.59329769||43.51093123||21.14764501||43.51093123||21.14764501||54.4602||16.9716||0.15550028||0.30087725||0.05859167||0.12049446||0.05859167||0.12049446||0.0181||0.024||659.4496||40.61946693||192.51736162||804.33484614||561.20033388||1094.59574732||176.82152587||28.3638||12.4266||0.92551918||0.23120357||0.96287433||0.13794087||0.9881267||0.03413388||0.9887||0.0344||0.4495001||0.60788409||0.84432411||0.83351394||49.38499081||37.22839382||0.8976||0.8838||60.66898607||27.252062||41.77547213||20.1920247||41.77547213||20.1920247||54.2303||17.0441||0.11509392||0.19705273||0.0439353||0.11313304||0.0439353||0.11313304||0.0184||0.0227||851.152,2adeb1239aee348b21658180058273ceb6db8f358a09ec656837b86048aa1ba3,29
EXCEL-ROW-0037,30,37,64a08dbf6b8091c3e3533b54587b5ff10c5a1b9258bf8b860879312ccea7ea95,adb7775e1ffd92be58dbd39c1404830dac50765372acb5756c874a85cbf40833,65e00f60fd84999d2c3302c0e9c54f6389ea802dec92a29e1139e280a3387e18,5a005caa537ab76ae2410d9a7d2114da4b04be7ec6b9cc37d5883b435731f605,726.0||1820.0||-352.0||5.013774||2.518309||3.30515782||1.79609255||6.0092608||3.2655592||33.362355||36.957695||2.85776195||1.03442715||5.1958296||1.88074||39.854406||10.230034||8.73459354||55.6669826||253.26256268||320.23102615||468.4184769||161.76870867||15.3685||11.2944||3.92026785||0.98671842||0.01878748||0.98017992||0.06221306||0.98032234||0.0645254||0.9817||0.0668||0.56661043||0.72672563||1.06423849||2.76353374||36.10429722||31.1183107||1.066||2.8508||56.44442138||31.42131527||46.96742937||16.57117203||46.96742937||16.57117203||60.7982||19.6987||0.10062014||0.02572421||0.06658157||0.0409668||0.06658157||0.0409668||0.0487||0.0386||288.0||0.25937945||0.14858372||0.25666375||0.14770566||0.25678307||0.1474438||0.39412528||0.14735445||0.39249128||0.14601732||0.39415646||0.14721661||0.49408876||0.14353254||0.06221195||0.02968314||0.05462349||0.02986492||0.05462374||0.02980285||0.0883745||0.02858326||0.08449273||0.02466944||0.08829591||0.02876127||0.10963105||0.02191007||72.62183382||182.7199965||466.68024421||456.44522372||869.64646||131.40799765||20.1154||11.6612||0.99668527||0.01327372||0.99209607||0.02967135||0.9919679||0.02965289||0.9919||0.0295||0.48697691||0.49060484||0.86216292||1.00230535||31.72517868||29.01834946||0.9168||0.9988||51.62527169||18.2429914||40.40202695||16.12618965||40.40202695||16.12618965||54.1124||15.2452||0.06225422||0.1286279||0.04305852||0.06848955||0.04305852||0.06848955||0.0198||0.0169||1030.7024||86.50834894||223.43560799||587.82614399||573.88561361||1095.66441948||162.42774033||22.2883||13.31||0.99647021||0.01258527||0.99194828||0.02924277||0.9919482||0.02924276||0.9919||0.0291||0.53861548||0.44411134||0.89007937||0.99154508||35.9476682||32.50094258||0.9164||0.995||46.58302724||11.14989032||37.95546097||14.98682985||37.95546097||14.98682985||54.0701||15.0736||0.03806501||0.01156208||0.021469||0.01549226||0.021469||0.01549226||0.0192||0.0145||1296.0,96efaf1ff4f5ff2aaa03734a2cdd2763c5dc2d15dc1bed5c9fbbbfaaa95008bf,30
EXCEL-ROW-0038,31,38,6f05171feb2c21b96a2d2199510ec7d055524c8e169b5c63b5d0ea8b0966b728,cdf5cfacde209376612d1cd22fb3f43182e1303f447f17bc36d4a811a7e2f92d,65e00f60fd84999d2c3302c0e9c54f6389ea802dec92a29e1139e280a3387e18,822beeddb26e880162defdd0d197cf4652a8ff3031424d89a75a2b4089979205,726.0||1820.0||-352.0||5.013774||2.518309||3.30515782||1.79609255||6.0092608||3.2655592||23.275289||22.486639||2.85776195||1.03442715||5.1958296||1.88074||10.291188||15.928614||5.66464686||60.65540366||237.49441958||497.10165141||464.24645194||390.05451297||18.8902||17.0347||4.34628577||0.97628575||0.00891038||0.97268049||0.07040775||0.97268042||0.07040775||0.9747||0.0922||0.86585861||0.27050541||0.90844424||1.78467012||45.4963756||36.50127048||0.7723||2.3441||30.89375916||5.38440799||40.77317705||23.27572911||40.77317705||23.27572911||68.3538||22.4501||0.09375922||0.00430524||0.07727489||0.0347427||0.07727489||0.0347427||0.0495||0.0449||1290.4||0.25678307||0.1474438||0.25666375||0.14770566||0.25937945||0.14858372||0.39249128||0.14601732||0.39412528||0.14735445||0.39415646||0.14721661||0.49408876||0.14353254||0.05462374||0.02980285||0.05462349||0.02986492||0.06221195||0.02968314||0.08449273||0.02466944||0.0883745||0.02858326||0.08829591||0.02876127||0.10963105||0.02191007||51.66407254||217.49978114||810.93271587||394.95040454||868.92512||306.53748221||30.4423||6.2472||0.99923198||0.01800766||0.98768395||0.07137382||0.98759629||0.07136388||0.9893||0.06||0.05065718||0.47071247||0.80567||1.71921332||40.97702886||32.37903934||0.8618||1.4264||87.09580673||12.56723137||43.95928282||22.26667999||43.95928282||22.26667999||54.1349||9.8293||0.10672217||0.09721843||0.05288256||0.18070387||0.05288256||0.18070387||0.0112||0.0202||217.4288||57.5842255||259.17083589||1048.15465868||493.59193697||1096.68833958||390.79410128||34.2442||7.0193||0.99931279||0.01705132||0.98740684||0.07195842||0.98740684||0.07195842||0.9891||0.0604||0.04487153||0.4546222||0.82227088||1.77431755||46.66507042||36.59731587||0.8649||1.472||87.44664064||11.81678863||43.20968979||22.112849||43.20968979||22.112849||54.1648||9.7892||0.09192322||0.01888099||0.02089909||0.03459941||0.02089909||0.03459941||0.009||0.0188||268.96,720d7651ec878ebdd183f26dd6b0fb0af10d102f3894a3e50d14932d10601c2d,31
EXCEL-ROW-0039,32,39,3eb367236b7979b7eb78da8c0ddf407d2c9fe77bccb2f0f11b8d6a3db5015b4b,c1f59cd40034d7241c1a3f1237bcc830e58e3f798dbcc43f233409a3427df457,65e00f60fd84999d2c3302c0e9c54f6389ea802dec92a29e1139e280a3387e18,5a005caa537ab76ae2410d9a7d2114da4b04be7ec6b9cc37d5883b435731f605,1576.0||3110.0||-1612.0||3.946701||1.361494||2.79985996||0.57382529||4.42422||0.9067344||22.378193||29.576282||2.65803816||0.48699952||4.2001192||0.769536||18.481889||11.019458||6.86768368||65.35221756||337.8676291||421.70680457||464.79900125||320.59159821||21.6461||12.4533||4.65253694||0.97831296||0.01353943||0.97189848||0.09327422||0.97189848||0.09327422||0.9765||0.1013||0.51630814||0.3096223||0.66717273||2.20806435||29.04077994||41.48244105||0.5562||2.3992||45.69442644||9.17306403||61.07543171||24.30947779||61.07543171||24.30947779||80.2571||18.0697||0.11538159||0.02170016||0.075233||0.04992597||0.075233||0.04992597||0.0414||0.0449||867.2||0.25035971||0.14275877||0.25100451||0.14612336||0.251265||0.14600672||0.38352471||0.1425628||0.38483197||0.14391566||0.38369828||0.14243504||0.48206171||0.13958483||0.05029881||0.02116876||0.0502494||0.03390971||0.05019863||0.03370699||0.07671342||0.02771298||0.07891585||0.0332148||0.07662421||0.0276203||0.09718188||0.02940585||39.85117561||175.9989151||660.98881565||517.86548157||866.01586||260.11025157||25.8357||12.3482||0.99951718||0.0113891||0.98976345||0.05148091||0.98976345||0.05148091||0.9899||0.0496||0.02111553||0.21992774||0.44768892||0.91352325||24.89794688||38.61455127||0.5096||0.8733||88.73683475||8.11570128||63.21852455||26.70272207||63.21852455||26.70272207||69.0789||18.0503||0.10034729||0.0867689||0.04179588||0.0484932||0.04179588||0.0484932||0.0215||0.0296||542.4464||45.64555918||212.70079448||838.49861509||658.99128315||1100.10926342||330.61544006||28.9953||14.1242||0.99956141||0.01084443||0.98977543||0.05139583||0.98977543||0.05139583||0.9899||0.0495||0.01923182||0.2110867||0.44834169||0.91997883||28.08390505||43.51659772||0.5103||0.8796||88.85262893||7.74457758||63.25191189||26.71101131||63.25191189||26.71101131||69.0905||18.0635||0.07250892||0.01814364||0.0313409||0.03331593||0.0313409||0.03331593||0.0213||0.0285||685.12,3c10d1e03c7df6f95ce31699b6b717ca78a9dbae939a6104d91e5dc7d396a44c,32
EXCEL-ROW-0040,33,40,cd35f247e998a8ab488cf7512b4c950e42e6853e814b5b6934da70f0b88d3009,32a91db12b7d167a08ba8ec2f9f21a848f0c67e3d5465cbe6308716967fc07c6,65e00f60fd84999d2c3302c0e9c54f6389ea802dec92a29e1139e280a3387e18,4f7b605b91c7e2fce4a58b80df8e05c57d1c90748bb2c3c253fae8135cdaa191,1576.0||3110.0||-1612.0||3.946701||1.361494||2.79985996||0.57382529||4.42422||0.9067344||45.243613||27.348597||2.65803816||0.48699952||4.2001192||0.769536||53.036222||20.675289||4.35860167||11.10446352||15.65141085||104.47187711||451.40094881||276.53245887||4.1061||6.2363||2.0263514||0.97088734||0.12072178||0.97492922||0.07701733||0.97276195||0.05496852||0.9767||0.0579||0.32330489||0.404313||0.28373074||0.19132651||38.85027827||24.36915835||0.5847||0.3658||66.6864933||28.067318||69.29760301||12.99344269||69.29760301||12.99344269||61.8788||16.5092||0.10872158||0.03387333||0.108525||0.01947291||0.108525||0.01947291||0.0822||0.0284||103.36||0.251265||0.14600672||0.25100451||0.14612336||0.25035971||0.14275877||0.38483197||0.14391566||0.38352471||0.1425628||0.38369828||0.14243504||0.48206171||0.13958483||0.05019863||0.03370699||0.0502494||0.03390971||0.05029881||0.02116876||0.07891585||0.0332148||0.07671342||0.02771298||0.07662421||0.0276203||0.09718188||0.02940585||192.29944986||375.98310982||841.64118144||308.8269079||877.36624||230.76187595||30.0963||4.9361||0.99686395||0.00682135||0.98969929||0.00881028||0.98910514||0.0087662||0.9903||0.0093||0.20971067||0.65073284||0.64724779||0.86037884||34.3227309||22.89825565||0.6427||0.9424||78.17938843||23.32060151||51.00432735||26.42419827||51.00432735||26.42419827||64.962||20.4086||0.0643232||0.04862236||0.01649316||0.02883931||0.01649316||0.02883931||0.0101||0.0107||1168.7728||235.84865553||470.88848896||1087.53881648||350.56407508||1110.34367041||294.85409612||33.8947||5.5369||0.99683091||0.006914||0.98898743||0.00892972||0.98898743||0.00892972||0.9902||0.0095||0.21066206||0.65760931||0.73205065||1.05881107||38.73102823||25.95202213||0.6446||0.9544||78.17803967||23.33030233||48.91868784||26.25719677||48.91868784||26.25719677||64.9992||20.4609||0.04828611||0.02441811||0.01069224||0.00936059||0.01069224||0.00936059||0.0095||0.0087||1484.48,34e013ddd81b4e9bdbda1e430b34208faeebc30bf7010928f062705c0ba8e227,33
EXCEL-ROW-0041,34,41,d9294aed28eb64d70c2b9610c16035a654ea9a6953eb4e85751d9572e7246bd9,2e14895f8d0f9e8167dc74976bacc6a16aebabd5c4ea71a3ecc113cb04d892b9,65e00f60fd84999d2c3302c0e9c54f6389ea802dec92a29e1139e280a3387e18,5a005caa537ab76ae2410d9a7d2114da4b04be7ec6b9cc37d5883b435731f605,1151.0||3420.0||-27.0||5.942659||3.280007||3.14970838||0.54538326||4.7751368||0.826832||37.206265||34.53517||3.01955177||0.2481411||4.577812||0.376196||39.705364||24.632509||5.51172548||34.60427833||114.59214824||277.27150811||452.98676654||160.06596609||10.3133||10.7376||3.2114327||0.97729087||0.06829333||0.97670021||0.06717781||0.98034699||0.06312806||0.981||0.0697||0.42780698||0.53265593||0.53121884||2.0542632||35.04693039||32.08287874||0.7065||2.3048||60.69113337||28.31964893||68.21068679||14.93255502||68.21068679||14.93255502||69.8119||19.8235||0.11300079||0.04598389||0.10245486||0.04099795||0.10245486||0.04099795||0.0615||0.0408||447.04||0.25765119||0.14760519||0.25048871||0.14557084||0.25030466||0.14554149||0.38840373||0.14577186||0.38390489||0.14278391||0.38827007||0.14578247||0.48569089||0.14158389||0.06766233||0.02866718||0.04639776||0.02996988||0.04681208||0.03082669||0.08672971||0.03047788||0.07399164||0.0267925||0.0868485||0.03160683||0.10375901||0.02875183||75.98462993||211.94593699||616.55062449||411.22515379||875.72286||129.72791769||24.07||9.687||0.99912154||0.01026534||0.99197802||0.03345795||0.99197041||0.03345653||0.992||0.0323||0.12578696||0.4918896||0.86011422||1.35519713||31.2696536||28.77075781||0.8924||1.3539||81.60552229||19.08187859||43.28240639||21.5856745||43.28240639||21.5856745||57.0156||16.9432||0.11187734||0.1350133||0.02618151||0.04036043||0.02618151||0.04036043||0.0156||0.0187||891.4128||84.21974249||252.12067249||776.65215187||519.3950691||1102.42696629||165.22635577||26.9333||10.998||0.99921064||0.00980372||0.99189675||0.03383781||0.99189675||0.03383781||0.992||0.0326||0.11241058||0.47171156||0.86237365||1.37802477||35.15541259||32.53353403||0.8956||1.3777||82.51477524||18.2107423||43.32440475||21.61452853||43.32440475||21.61452853||57.0161||16.9536||0.07929137||0.03919792||0.02123813||0.02677266||0.02123813||0.02677266||0.0158||0.0175||1118.4,c21dcd72c84323a9ddb74b0f51c1d7a508e1c6ef0e354c0c72b16ac42ee777f0,34
EXCEL-ROW-0042,35,42,c96b2e31e8d7a06b647a3f68a135ab9792bd361a49f1f73bf4094c1e0b0da5a8,c84769761911e102999b8c67873058fd50aa4f5db1be64f2b631467d571aea4a,65e00f60fd84999d2c3302c0e9c54f6389ea802dec92a29e1139e280a3387e18,822beeddb26e880162defdd0d197cf4652a8ff3031424d89a75a2b4089979205,1151.0||3420.0||-27.0||5.942659||3.280007||3.14970838||0.54538326||4.7751368||0.826832||15.587469||21.411841||3.01955177||0.2481411||4.577812||0.376196||10.589271||13.006172||6.81131117||83.13882253||358.59021024||587.11284377||463.57732834||527.82544651||28.1778||14.7197||5.30827656||0.95961802||0.04924845||0.95964783||0.10562547||0.95964783||0.10562544||0.9751||0.1217||0.67388399||0.7784908||0.84637279||3.09498214||32.31482304||42.18507098||0.6879||3.803||40.88794177||11.1641326||53.6508442||23.99489419||53.6508442||23.99489419||81.7524||17.3344||0.13918203||0.01958507||0.1000778||0.06128359||0.1000778||0.06128359||0.0329||0.0531||1324.8||0.25030466||0.14554149||0.25048871||0.14557084||0.25765119||0.14760519||0.38390489||0.14278391||0.38840373||0.14577186||0.38827007||0.14578247||0.48569089||0.14158389||0.04681208||0.03082669||0.04639776||0.02996988||0.06766233||0.02866718||0.07399164||0.0267925||0.08672971||0.03047788||0.0868485||0.03160683||0.10375901||0.02875183||18.14868716||138.02439839||823.78099648||502.17896936||871.70413||423.76173594||31.7559||7.5117||0.99974371||0.01205449||0.98802231||0.08155233||0.98802231||0.08155233||0.9894||0.0717||0.01317621||0.20712318||0.61579729||1.27822618||28.40568823||37.62083101||0.7298||1.1431||89.23267108||6.27800405||54.13848084||24.15516286||54.13848084||24.15516286||60.4991||13.8062||0.19252475||0.05911948||0.05541389||0.08334914||0.05541389||0.08334914||0.0155||0.0407||179.3376||20.25256138||164.67135137||1046.74704619||639.4913859||1107.06416979||540.98486222||35.8283||8.4627||0.99977488||0.01132714||0.98801527||0.08179032||0.98801528||0.08179032||0.9894||0.0718||0.01161091||0.19677614||0.61813566||1.298648||31.85760475||42.44635461||0.7325||1.1607||89.32751131||5.88270814||54.19838358||24.17996993||54.19838358||24.17996993||60.496||13.8104||0.17401366||0.02005695||0.05009785||0.07535872||0.05009785||0.07535872||0.0144||0.0389||224.8,775da2798e4837205c23ba6e6c8a521982e5c63d1175d4936f9b5b98de1204e6,35
EXCEL-ROW-0043,36,43,f4d83dc21bbb3429268a9733911fdb3e724a28fc43b29703407c61f6fd0b5c52,fa6fe14612e276fae4488c524c3f7e0c5f45a3942fe8f098781244e21b4cab72,65e00f60fd84999d2c3302c0e9c54f6389ea802dec92a29e1139e280a3387e18,5a005caa537ab76ae2410d9a7d2114da4b04be7ec6b9cc37d5883b435731f605,641.0||2380.0||463.0||7.425897||4.38405||4.13677916||0.49834197||6.3682472||0.7671584||26.197064||18.320629||4.01721114||0.33719885||6.1841816||0.5190912||25.292436||16.270118||4.70112342||33.52687706||126.1494619||275.26926235||380.73230662||172.42669207||10.151||11.8077||3.1860634||0.96604058||0.00633641||0.96499029||0.03625168||0.96464461||0.03625536||0.9671||0.0356||0.55146809||0.28146111||0.75159437||2.29292748||60.57639845||23.03743666||0.7031||2.1495||43.06293277||6.5873296||46.33086188||11.69041308||46.33086188||11.69041308||64.3744||11.2911||0.10239184||0.02725728||0.08246088||0.03459059||0.08246088||0.03459059||0.0666||0.0423||848.8||0.25419489||0.14589018||0.24848697||0.14359038||0.25413194||0.14620155||0.38431252||0.14341144||0.38434748||0.14352325||0.38816536||0.14554922||0.4841186||0.1408903||0.05919896||0.02819917||0.04484472||0.02458246||0.0567133||0.02850191||0.07695264||0.03151742||0.07481334||0.03235843||0.08601299||0.03049973||0.09901844||0.03375149||64.80565364||229.07000933||715.44258513||422.41705636||930.366165||141.36542659||28.3249||8.8331||0.86199883||0.30308042||0.80940471||0.30591795||0.98830634||0.0127545||0.9887||0.0137||0.45510669||0.5012603||0.50826057||0.43314191||55.27920432||20.84934373||0.5172||0.2506||56.65790398||22.96247917||52.4610476||16.26097851||52.4610476||16.26097851||63.5387||7.853||0.16428708||0.3099237||0.12852938||0.29373662||0.12852938||0.29373662||0.0131||0.0185||546.4208||73.53779515||276.42575497||971.88149937||524.13940258||1184.77558851||180.01222585||31.8933||10.1298||0.87474848||0.28733013||0.93354885||0.20494286||0.98847716||0.0125156||0.9889||0.0134||0.47080842||0.4902268||0.53957931||0.36298213||62.02793994||23.43736216||0.5158||0.251||55.62996412||22.91916754||47.1563734||13.79909106||47.1563734||13.79909106||63.603||7.8821||0.17321603||0.34891736||0.07704985||0.24800954||0.07704985||0.24800954||0.0119||0.0174||699.2,fd0ab301574727947eedc46a5599f8fa78dca578622414c5bbfaad6b2d40fb84,36
EXCEL-ROW-0044,37,44,3aff22ddab20c5d072fcad488689762184f78e6c541f7f80753b057b0a1a92d3,3603913f44d4e31d29c80132ba3c624fc245bb3898f6b6bc393b1d1d95204ada,65e00f60fd84999d2c3302c0e9c54f6389ea802dec92a29e1139e280a3387e18,822beeddb26e880162defdd0d197cf4652a8ff3031424d89a75a2b4089979205,641.0||2380.0||463.0||7.425897||4.38405||4.13677916||0.49834197||6.3682472||0.7671584||44.825138||15.352172||4.01721114||0.33719885||6.1841816||0.5190912||44.618704||5.331726||2.87885553||2.84051128||4.72349019||3.62583157||379.42309513||125.33678292||2.2063||0.9803||1.48536191||0.9719254||0.01333974||0.97258463||0.00762039||0.97016954||0.00686988||0.9707||0.0097||0.41216305||0.20201425||0.38771283||0.09871505||58.65152154||19.48192417||0.4401||0.149||53.15256669||16.94409209||54.1976364||7.25207145||54.1976364||7.25207145||66.5965||7.4715||0.11647789||0.04102102||0.10334628||0.02326334||0.10334628||0.02326334||0.0941||0.0314||101.792||0.25413194||0.14620155||0.24848697||0.14359038||0.25419489||0.14589018||0.38434748||0.14352325||0.38431252||0.14341144||0.38816536||0.14554922||0.4841186||0.1408903||0.0567133||0.02850191||0.04484472||0.02458246||0.05919896||0.02819917||0.07481334||0.03235843||0.07695264||0.03151742||0.08601299||0.03049973||0.09901844||0.03375149||100.20259397||291.25928194||820.90355402||329.27092595||935.015455||111.40636795||30.7013||2.0212||0.44785467||0.37083261||0.86488438||0.27510557||0.98979287||0.00488361||0.9903||0.009||0.51583864||0.67398868||0.42548922||0.25733696||52.57795885||17.43897316||0.4302||0.091||56.70950595||26.21276872||52.53123411||12.99008148||52.53123411||12.99008148||66.8654||4.3674||0.69380242||0.54698161||0.105465||0.28273084||0.105465||0.28273084||0.0084||0.0158||1176.7504||103.72817889||337.01250268||1064.7623563||396.60059972||1183.74442347||141.06779539||34.5459||2.277||0.45203732||0.36330759||0.9235018||0.20927392||0.98978208||0.00488498||0.9903||0.009||0.52974896||0.66109305||0.45261449||0.23985968||59.19576291||19.64262859||0.4275||0.0912||55.7728856||26.14329292||50.0150212||10.8320679||50.0150212||10.8320679||66.9971||4.4073||0.73886902||0.54379281||0.0933999||0.2824272||0.0933999||0.2824272||0.0079||0.0155||1489.088,ecfeeb6e75211a0998afcd11ed678cf4c1a6ddbc275a3a31be895b6048452e69,37
EXCEL-ROW-0045,38,45,315473f87d537d7566509ab877e273862bc4a7dca3df86e57f6463e3ae59578a,2b877a307529bcd25fcbfb9df37fcb7d48e47410080630467eb5c3b7d65cbae2,65e00f60fd84999d2c3302c0e9c54f6389ea802dec92a29e1139e280a3387e18,5a005caa537ab76ae2410d9a7d2114da4b04be7ec6b9cc37d5883b435731f605,6510.0||11650.0||-7874.0||3.579109||0.686409||1.36772231||0.24755984||1.7930544||0.3245456||33.728257||26.251113||1.35928464||0.13408856||1.7819928||0.1757872||35.787754||13.225311||5.08690925||28.25692936||92.91053372||224.61115132||457.44079101||165.73197384||8.9061||10.0019||2.98430897||0.96467916||0.07128204||0.96598071||0.02292126||0.96861402||0.01568987||0.9687||0.0184||0.41439609||0.33371951||0.48501234||0.21952823||68.82787097||20.34684446||0.5561||0.2496||55.70663487||20.03126336||50.54417679||13.69918428||50.54417679||13.69918428||61.9599||10.2607||0.12009153||0.05965786||0.09545199||0.04106026||0.09545199||0.04106026||0.0756||0.0395||338.768||0.24975566||0.14317446||0.24884093||0.14314814||0.24984891||0.14337148||0.38124137||0.1412269||0.38131628||0.14138937||0.38206986||0.14099395||0.4789035||0.13755476||0.04980193||0.02500648||0.04891239||0.02515955||0.04916299||0.02561586||0.07440028||0.02440449||0.07407208||0.02473709||0.0746113||0.02473625||0.09285602||0.02412288||41.85550037||174.07123999||500.91209195||441.69889416||854.898595||135.98272017||26.0768||9.6335||0.93395632||0.13924094||0.93378929||0.10324084||0.98493564||0.01109745||0.9864||0.0135||0.62517071||0.37042479||0.45621214||0.22287678||61.7639997||19.06662695||0.5231||0.2232||43.56027735||15.91446014||51.64732812||11.64001508||51.64732812||11.64001508||63.2375||8.6513||0.18008787||0.2786324||0.20341463||0.26289469||0.20341463||0.26289469||0.0198||0.0276||964.024||51.98498569||219.77245577||902.44676237||504.02928868||1096.87670811||173.04680463||29.4566||11.0625||0.9656586||0.02635496||0.98472365||0.01167472||0.98530385||0.01057229||0.9867||0.0128||0.68216649||0.34430016||0.53400282||0.19636588||69.14354676||21.14957025||0.5198||0.2231||40.00981437||12.39203366||45.4132373||9.19562177||45.4132373||9.19562177||63.3846||8.6378||0.0680558||0.01975214||0.02076759||0.02577149||0.02076759||0.02577149||0.0175||0.0234||1228.144,7a360f3ed304e233b0cc650257ee29cbc068dbddd396e02f52e999b792d00fed,38
EXCEL-ROW-0046,39,46,5906835e1ccff8a82c0e14042833305f9e51f528081bd3635b35ee9c77d0de58,78a0a5566fedeb7f3a0b49cec7ad9c3eca7de0070a904289d90b11dfc9c00d6b,65e00f60fd84999d2c3302c0e9c54f6389ea802dec92a29e1139e280a3387e18,4f7b605b91c7e2fce4a58b80df8e05c57d1c90748bb2c3c253fae8135cdaa191,6510.0||11650.0||-7874.0||3.579109||0.686409||1.36772231||0.24755984||1.7930544||0.3245456||30.972671||24.887892||1.35928464||0.13408856||1.7819928||0.1757872||29.607814||9.23641||5.66581516||27.65578848||23.1602919||36.82225838||457.72147216||152.93762662||8.6855||9.4968||2.94711724||0.9413184||0.12803173||0.94754201||0.08076147||0.96439695||0.02334533||0.9666||0.0279||0.4747731||0.32391022||0.46300843||0.16355794||71.4055594||19.02612089||0.5738||0.2746||51.19583434||17.93176431||50.98043894||12.3023903||50.98043894||12.3023903||61.305||9.4859||0.12146418||0.06240088||0.11488786||0.03855683||0.11488786||0.03855683||0.0698||0.0374||373.76||0.24984891||0.14337148||0.24884093||0.14314814||0.24975566||0.14317446||0.38131628||0.14138937||0.38124137||0.1412269||0.38206986||0.14099395||0.4789035||0.13755476||0.04916299||0.02561586||0.04891239||0.02515955||0.04980193||0.02500648||0.07407208||0.02473709||0.07440028||0.02440449||0.0746113||0.02473625||0.09285602||0.02412288||40.19786366||162.50957296||407.9497306||435.90517048||858.7268625||119.14669714||24.6197||10.1336||0.93226627||0.18001782||0.91547544||0.17700096||0.98471049||0.0094594||0.9855||0.0131||0.55094047||0.35868206||0.52011617||0.30642534||64.19034788||17.91111516||0.5612||0.3042||47.33047477||17.74618096||48.89639125||14.70757646||48.89639125||14.70757646||62.0805||9.5296||0.09589687||0.17443633||0.07258125||0.11295431||0.07258125||0.11295431||0.0224||0.0234||930.096||43.3677981||193.20281853||560.6074067||571.72226441||1097.51390162||160.13715022||28.0171||11.5284||0.97004037||0.02137446||0.97886153||0.01386882||0.9848235||0.00958783||0.9857||0.0127||0.56354764||0.32079345||0.53500474||0.29361311||71.89662948||20.2913021||0.558||0.3009||45.86673594||15.96757045||46.61797668||13.22438513||46.61797668||13.22438513||62.1959||9.473||0.07177973||0.02329552||0.04136063||0.03150879||0.04136063||0.03150879||0.0203||0.0248||1201.44,04a4dbf7a0311218ca10872c2be96168ba8dfe1a7121fe5752ed2606cdc152a9,39
EXCEL-ROW-0047,40,47,311033f9b919976464fdf02b47f996f9af711d83e1f00e8583fb393903261258,457415f76f587cde00da3b507c28f471e90be25bea065e54c02bcad77043e12f,65e00f60fd84999d2c3302c0e9c54f6389ea802dec92a29e1139e280a3387e18,4f7b605b91c7e2fce4a58b80df8e05c57d1c90748bb2c3c253fae8135cdaa191,1162.0||2000.0||-1480.0||3.442341||0.969224||1.50023716||0.0||3.4641016||0.0||35.26439||0.0||1.50023716||0.0||3.4641016||0.0||35.26439||0.0||11.51406069||14.87273145||22.43262358||20.86163015||466.2835216||45.1959926||4.9451||2.7913||2.22375808||0.97410534||0.025576||0.97497122||0.01954391||0.9790211||0.00766353||0.9797||0.0079||0.69255544||0.15287684||0.61260088||0.17697169||59.29232114||10.02329092||0.5916||0.1875||36.83364823||7.38432727||40.88097036||8.78979421||40.88097036||8.78979421||60.0356||7.9914||0.06022326||0.02210043||0.06079998||0.01450014||0.06079998||0.01450014||0.0552||0.0073||306.0832||0.2510204||0.14481249||0.25030658||0.14496438||0.25030785||0.1446364||0.38371361||0.14287694||0.38312052||0.14303997||0.38369221||0.14260396||0.48146771||0.13932877||0.04948777||0.02887181||0.05041018||0.02877356||0.04963785||0.02920149||0.07634677||0.02868618||0.07673597||0.02823717||0.07595345||0.02881557||0.0966658||0.02498183||278.0222592||323.36090009||632.81409286||365.89890768||868.81956||36.50886149||24.465||8.5043||0.94880898||0.20490659||0.95733998||0.14195317||0.99117325||0.0023756||0.9911||0.0024||0.42000987||0.16580153||0.55808786||0.18453449||53.67006271||9.20457311||0.5861||0.1696||51.59805757||11.12550296||43.94725426||10.97466034||43.94725426||10.97466034||60.1527||7.3868||0.02951046||0.06380673||0.01912884||0.05284974||0.01912884||0.05284974||0.0144||0.01||995.4704||256.91517404||382.36501191||715.23689882||487.76131311||1106.88422672||45.49383872||27.3227||10.0592||0.97862039||0.10039038||0.97140352||0.09418882||0.99123781||0.00240388||0.9912||0.0025||0.43764959||0.16816148||0.58317624||0.19321405||60.33486113||10.4774395||0.5864||0.1665||50.21657458||8.51507563||42.53188213||9.8731346||42.53188213||9.8731346||60.1204||7.2373||0.05508095||0.13560721||0.04982112||0.12786906||0.04982112||0.12786906||0.0143||0.0102||1271.712,c8a53d1639c9fecdcaf85dc8193f998730f79d05e4b1fe024b48dfa8056a20d9,40
EXCEL-ROW-0048,41,48,ae16d04ddcac8bd88623607b530c75934453695edab05ba75db870054ef2904d,490ca7e0e0ca25eac9f21e0ed76f420db3d887834cfc69ffed6a3aba56ab5244,65e00f60fd84999d2c3302c0e9c54f6389ea802dec92a29e1139e280a3387e18,4f7b605b91c7e2fce4a58b80df8e05c57d1c90748bb2c3c253fae8135cdaa191,1666.0||4000.0||-992.0||4.801921||1.735798||2.13908115||0.0||3.4641016||0.0||35.26439||0.0||2.13908115||0.0||3.4641016||0.0||35.26439||0.0||5.96367256||11.22624166||21.29122387||95.65078455||460.75885144||112.36741411||3.9935||5.5831||1.99837434||0.97006674||0.00745936||0.97049329||0.00727077||0.97049329||0.00727143||0.9716||0.0069||0.50984932||0.16865307||0.48201502||0.16074775||63.1043385||15.43902592||0.4911||0.1527||45.93934078||8.98840293||47.45864601||8.78272724||47.45864601||8.78272724||64.2652||6.7307||0.07653147||0.00868837||0.07317182||0.0141733||0.07317182||0.0141733||0.0731||0.0131||207.68||0.24843983||0.14349009||0.24855796||0.1432992||0.24916098||0.1437639||0.38012926||0.14187749||0.38072073||0.14183336||0.38084198||0.14149344||0.47773437||0.13837126||0.0503106||0.02851117||0.04941874||0.02851978||0.04921213||0.0286865||0.07623223||0.02807633||0.07524562||0.02895577||0.0760464||0.02838553||0.09633169||0.02376109||127.91740037||303.00247898||781.88385651||277.25374833||865.04142||96.79126612||29.0533||4.0193||0.52459516||0.40049917||0.85413506||0.28075362||0.98725744||0.0033429||0.9875||0.0082||0.64792691||0.59341096||0.43983118||0.25599751||57.42717545||13.14494654||0.4634||0.1518||50.02001964||27.23045902||52.52505543||13.92858569||52.52505543||13.92858569||65.5513||6.8259||0.41437308||0.40775846||0.07144594||0.20907894||0.07144594||0.20907894||0.0112||0.0128||1078.8944||130.23776458||350.91398573||1031.68286408||311.36799863||1100.92372534||121.38896322||32.762||4.5928||0.52613945||0.38263276||0.94053131||0.1845114||0.98732344||0.00333237||0.9876||0.0083||0.81291825||0.78969746||0.50062164||0.28724292||64.607536||14.81991507||0.463||0.1524||45.44638153||27.00043602||48.18734752||11.92832883||48.18734752||11.92832883||65.5711||6.8556||0.46522927||0.37559738||0.05299626||0.17741311||0.05299626||0.17741311||0.0095||0.0129||1372.448,ff6e080e1d61e1192ed7f8d88782b439e3970213c75e4f8c3241eeeab7c1c07d,41
EXCEL-ROW-0049,42,49,9ed8a3cfeac7a6f8621b2330c34dfa3e7bdd4918b6c5a3612cbab5e5e805fe74,88e2ac891fcfb910ec0083fc966aad7b16beae471d80233824234352f561758a,65e00f60fd84999d2c3302c0e9c54f6389ea802dec92a29e1139e280a3387e18,5a005caa537ab76ae2410d9a7d2114da4b04be7ec6b9cc37d5883b435731f605,2416.0||4900.0||-2342.0||4.056291||0.928131||1.62337807||0.01849681||2.733644||0.0311472||31.878819||20.015278||1.62264977||0.0112922||2.7324176||0.0190152||32.139644||6.646213||9.35038013||44.14214252||153.53228527||264.42788962||463.38662871||202.27749182||11.3312||10.4343||3.36618478||0.9647735||0.07002528||0.96958012||0.03057292||0.97559803||0.01351951||0.9742||0.0135||0.49037754||0.47198479||0.525934||0.29609431||55.77770991||28.69421599||0.6032||0.3054||53.00180829||23.06375081||48.90547061||17.93026853||48.90547061||17.93026853||60.0969||10.1859||0.09277298||0.04771507||0.07097452||0.04194475||0.07097452||0.04194475||0.0527||0.0306||407.9536||0.25170153||0.14395074||0.24985035||0.14444945||0.25173166||0.14400752||0.38323453||0.14316987||0.38320446||0.1433603||0.38406153||0.14380267||0.48138501||0.14050547||0.05797379||0.02587438||0.05228504||0.02951199||0.05873269||0.02633157||0.08397085||0.02416655||0.0847487||0.0237744||0.08624622||0.0271093||0.1068763||0.01885377||53.96364586||189.33880413||536.42806209||468.92430069||867.80288||166.05044076||24.7068||11.0742||0.88213384||0.27998887||0.8657097||0.22941177||0.98790786||0.00784149||0.989||0.0095||0.4903545||0.30373437||0.45173767||0.28414303||49.57422037||25.83894691||0.5116||0.3198||49.50346733||16.60030754||54.23793067||18.11674392||54.23793067||18.11674392||64.5323||13.7786||0.16949113||0.33659867||0.13741014||0.22358442||0.13741014||0.22358442||0.0176||0.0202||906.2512||59.29792137||225.08482571||813.03677097||575.89463377||1103.48915855||212.41539082||27.7986||12.6347||0.93886193||0.21096614||0.97589551||0.07347658||0.9878433||0.00786684||0.989||0.0091||0.47264585||0.19617684||0.49921897||0.27292531||56.19517424||28.89993593||0.5048||0.3084||48.77488058||12.96255361||49.26886034||17.48495795||49.26886034||17.48495795||64.7401||13.5761||0.09738818||0.17409774||0.03346019||0.06990237||0.03346019||0.06990237||0.0168||0.0192||1159.68,d93bbed38f34ad07a880cdc0382ffb913ba8e366b36081cd6de27a1856cfe79f,42
EXCEL-ROW-0050,43,50,086f4e4885eec7c32f5c5372fa9ff542ddb5ed7c918e0306783f0589f3eab76a,595afd8634d949475a98bee1aacecdbc7caf60c9c6ea0f39efca17ee34051857,65e00f60fd84999d2c3302c0e9c54f6389ea802dec92a29e1139e280a3387e18,4f7b605b91c7e2fce4a58b80df8e05c57d1c90748bb2c3c253fae8135cdaa191,2416.0||4900.0||-2342.0||4.056291||0.928131||1.62337807||0.01849681||2.733644||0.0311472||38.322918||17.910256||1.62264977||0.0112922||2.7324176||0.0190152||37.560779||10.762195||7.02918722||8.76329798||14.33982385||55.55466364||462.21513109||78.92355281||3.9463||3.8929||1.98652964||0.97617023||0.00798783||0.97679368||0.01027113||0.97710268||0.01127072||0.9773||0.0122||0.46648955||0.15881869||0.48500349||0.25275929||59.91163653||15.85681522||0.5211||0.305||48.36179726||8.88477641||48.50202705||8.37803292||48.50202705||8.37803292||63.8804||9.7514||0.07730154||0.01886648||0.07300624||0.01278678||0.07300624||0.01278678||0.0665||0.0184||531.36||0.25173166||0.14400752||0.24985035||0.14444945||0.25170153||0.14395074||0.38320446||0.1433603||0.38323453||0.14316987||0.38406153||0.14380267||0.48138501||0.14050547||0.05873269||0.02633157||0.05228504||0.02951199||0.05797379||0.02587438||0.0847487||0.0237744||0.08397085||0.02416655||0.08624622||0.0271093||0.1068763||0.01885377||72.08764482||230.60666838||481.26896046||429.68072279||864.60119||70.41176709||28.3816||4.6788||0.87105673||0.26801641||0.88596936||0.22635857||0.98980054||0.00716025||0.9901||0.0102||0.37964846||0.33009758||0.44646686||0.30236455||53.60790819||15.55231202||0.513||0.2359||58.32885913||19.97443739||53.06491255||16.89694801||53.06491255||16.89694801||63.7719||8.631||0.15520293||0.18806086||0.09813559||0.16053557||0.09813559||0.16053557||0.014||0.0172||795.2576||70.62410499||260.59802241||660.52265548||554.22435113||1101.85947566||82.68961672||32.021||5.2917||0.90113579||0.20092299||0.9542145||0.1294667||0.99005781||0.0064142||0.9903||0.0095||0.39424089||0.30738147||0.47378309||0.27930053||60.26970931||16.33667646||0.5051||0.2233||56.53910296||18.23395775||50.14748721||15.02616351||50.14748721||15.02616351||64.04||8.261||0.19673533||0.23105523||0.08570204||0.16094783||0.08570204||0.16094783||0.0121||0.0184||1028.16,a461d03b3ccf59b463eb0ba05f5f9443a458f3277771ed9342d3e1db2598da2e,43
EXCEL-ROW-0051,44,51,dd2647349dd2f1d4d786cc77098592f353321b1ff5d4217a308a3c90fff1d597,3c032a44a2ff1bb87b0cda5a3ee48c6511366698f4c89e5a30ecab66168cc35e,65e00f60fd84999d2c3302c0e9c54f6389ea802dec92a29e1139e280a3387e18,26de0f71ca8ae9942c68c112feebe4bfcbc0a39e8c84bc95d63d22982bac6003,633.0||1206.0||-687.0||3.810427||0.597001||1.59474873||0.75769146||4.370192||2.0763504||31.260837||29.598322||1.60505042||0.43265552||4.3984224||1.1856336||31.566378||13.398996||16.70295028||44.25487379||62.67226823||138.25590703||378.5192223||121.24349958||9.4357||6.9917||3.07175845||0.98581124||0.01770729||0.98338131||0.01576404||0.98299337||0.01527426||0.9831||0.0147||0.45594587||0.33967402||0.51185099||0.48212508||46.68650373||13.74079483||0.6136||0.4148||51.73325663||14.72154572||49.47604094||9.24097045||49.47604094||9.24097045||59.9604||10.1235||0.07405055||0.02660456||0.06817978||0.01495672||0.06817978||0.01495672||0.0462||0.0196||623.7776||0.24060868||0.14164088||0.2395326||0.14161326||0.23813485||0.14122706||0.36836433||0.14033023||0.36659882||0.14031668||0.36709844||0.14087831||0.46196772||0.13646967||0.03521357||0.02713915||0.04946481||0.03024409||0.05313119||0.02851637||0.06613231||0.0310567||0.07883281||0.02798156||0.06818279||0.03104422||0.08970705||0.03044263||190.94895198||344.22396176||478.60166471||380.67488709||923.3992241||92.31544154||27.5916||7.6368||0.91968299||0.22871406||0.92325096||0.13840411||0.99326187||0.0162737||0.9935||0.0152||0.5352844||0.7451899||0.55118352||0.37551862||44.38153167||16.23185659||0.624||0.743||48.80754589||16.69287724||46.74105014||9.36889158||46.74105014||9.36889158||59.5129||7.0675||0.10404619||0.25022202||0.08920035||0.13944545||0.08920035||0.13944545||0.0129||0.0102||707.0048||239.91673074||435.27971958||629.27191201||507.62328612||1202.49173527||124.39532197||30.8115||9.5239||0.94090477||0.19962317||0.94069295||0.12501763||0.99437062||0.00344283||0.9946||0.0046||0.54103589||0.52972638||0.55921607||0.25531274||47.17188944||13.84601091||0.6046||0.1904||47.69823531||16.01925765||45.47307104||9.44945632||45.47307104||9.44945632||59.4468||7.3809||0.06950894||0.21195932||0.06580032||0.12847094||0.06580032||0.12847094||0.0119||0.0078||954.464,c32cfd00ec22216385fd48dfd71a26f491f574ab4ffe9e047f2c1e91318faee4,44
EXCEL-ROW-0052,45,52,2fe4333f6f83b7eb3f5be4f77c26ac0815507d3d3f74c9a65071125f19309292,05eff3002c5dd2aa804e56b1c7222c6e10048b476f59589c012a80258e9d595a,65e00f60fd84999d2c3302c0e9c54f6389ea802dec92a29e1139e280a3387e18,4f7b605b91c7e2fce4a58b80df8e05c57d1c90748bb2c3c253fae8135cdaa191,633.0||1206.0||-687.0||3.810427||0.597001||1.59474873||0.75769146||4.370192||2.0763504||31.565246||29.894228||1.60505042||0.43265552||4.3984224||1.1856336||31.712117||13.321244||15.77265173||45.17841287||62.38156958||145.15687018||379.59515152||131.17491663||9.8235||7.3239||3.13424632||0.98643941||0.0213963||0.98385921||0.01620426||0.98339382||0.01553599||0.9833||0.0146||0.44017515||0.42523885||0.49500255||0.45869||45.92704605||14.34231472||0.6058||0.4168||52.64251545||14.37808754||50.44951903||8.93002431||50.44951903||8.93002431||60.2419||10.0487||0.07408158||0.02678146||0.06858437||0.01489063||0.06858437||0.01489063||0.0463||0.0199||616.3808||0.23813485||0.14122706||0.2395326||0.14161326||0.24060868||0.14164088||0.36659882||0.14031668||0.36836433||0.14033023||0.36709844||0.14087831||0.46196772||0.13646967||0.05313119||0.02851637||0.04946481||0.03024409||0.03521357||0.02713915||0.07883281||0.02798156||0.06613231||0.0310567||0.06818279||0.03104422||0.08970705||0.03044263||162.6151819||319.21867067||424.55209523||382.30819267||920.0982506||95.37690854||27.1508||7.8105||0.90368499||0.24194975||0.90664728||0.14959916||0.99326272||0.01489564||0.9935||0.0141||0.53027001||0.60206239||0.55593721||0.46436916||44.50251423||15.33785462||0.6182||0.6938||49.00117792||17.18705639||47.04460991||9.20634121||47.04460991||9.20634121||59.6111||6.4192||0.14411716||0.30195515||0.12044947||0.15221636||0.12044947||0.15221636||0.0133||0.0117||694.4608||210.75921906||410.3984753||612.29661213||528.6862706||1201.19981576||134.7167414||30.393||9.8108||0.92712372||0.22173877||0.92534038||0.14124642||0.99439204||0.00369175||0.9946||0.005||0.53689666||0.45103541||0.55716051||0.3481928||46.40248475||14.45336869||0.5813||0.1924||47.94041289||16.60264602||46.25707662||10.16589745||46.25707662||10.16589745||60.4514||7.6391||0.08193821||0.22395407||0.07163828||0.11496824||0.07163828||0.11496824||0.0119||0.0089||962.576,09acba8f9dba68cc012428cac16c7b2600f9de5c531ef311972a7cc61e173fd4,45
EXCEL-ROW-0053,46,53,dd583f8f498d015cd93849259a87910ee88d9fc4e8a57a3516d0466fb26f75e7,3c032a44a2ff1bb87b0cda5a3ee48c6511366698f4c89e5a30ecab66168cc35e,65e00f60fd84999d2c3302c0e9c54f6389ea802dec92a29e1139e280a3387e18,26de0f71ca8ae9942c68c112feebe4bfcbc0a39e8c84bc95d63d22982bac6003,2177.0||4272.0||-2253.0||3.924667||0.439149||1.56691344||0.71295819||2.785848||1.2675832||31.850795||27.35813||1.57189634||0.39249307||2.7947072||0.6978216||31.906844||10.832095||7.714707||28.47299204||49.28157611||142.49524138||448.98822328||121.08844919||8.0888||7.522||2.84408157||0.97831065||0.02371572||0.97436005||0.01683||0.97317614||0.01591402||0.9728||0.0189||0.46267101||0.41736385||0.52086727||0.30434968||65.43448878||17.45841579||0.6298||0.3847||51.82028643||15.32289493||48.92470973||8.39557287||48.92470973||8.39557287||59.1996||9.9057||0.09821461||0.02088345||0.08981832||0.01906093||0.08981832||0.01906093||0.068||0.0246||248.6896||0.24306015||0.14234166||0.24674382||0.14338225||0.24577427||0.14360593||0.37538714||0.14094276||0.37722168||0.14202972||0.37472576||0.14123614||0.47211037||0.13754933||0.05354152||0.0277342||0.04841423||0.02963749||0.05382773||0.02706648||0.07811696||0.02749435||0.07758584||0.02885782||0.08162074||0.02457545||0.09903392||0.0260864||73.68129399||225.0321414||208.22399247||294.3625317||870.5692795||82.50699268||26.8645||7.3769||0.86529096||0.27388437||0.84901091||0.12421862||0.98792753||0.00520895||0.9882||0.0078||0.51254738||0.48181039||0.52634727||0.21416101||61.31857536||12.93593508||0.6091||0.1372||49.91622305||17.87562701||49.14694974||8.12067437||49.14694974||8.12067437||58.9721||5.6235||0.19878426||0.33711996||0.20437609||0.1530846||0.20437609||0.1530846||0.0204||0.0183||1000.3792||69.99863736||246.95224112||269.16386717||414.93806893||1113.75804355||125.99795721||29.4714||9.6468||0.87056593||0.2460478||0.85448866||0.11504489||0.98827189||0.00612832||0.9887||0.0094||0.55993573||1.08863141||0.58082812||0.53667962||66.34069923||17.60017547||0.6101||0.1794||49.59877555||17.15739838||49.18008013||7.90548066||49.18008013||7.90548066||59.126||6.9884||0.28676785||0.45652275||0.30737914||0.19744157||0.30737914||0.19744157||0.0212||0.0233||1303.7424,12117dc0f27e228de48373d2db28756885c48d79b6fc6c98437667c306650bdb,46
EXCEL-ROW-0054,47,54,3ae96cc39fe0e9acad5fab5d3689a64c305fe61c0a1f530f43b091b57428d691,0e224720a0034db790c5a912c26934aa5c109dddf9459c757ec50070cb6eae17,65e00f60fd84999d2c3302c0e9c54f6389ea802dec92a29e1139e280a3387e18,4f7b605b91c7e2fce4a58b80df8e05c57d1c90748bb2c3c253fae8135cdaa191,2177.0||4272.0||-2253.0||3.924667||0.439149||1.56691344||0.71295819||2.785848||1.2675832||31.679603||27.212834||1.57189634||0.39249307||2.7947072||0.6978216||31.882623||10.866408||7.9964805||32.39436324||67.79661649||182.29750898||447.8629567||122.31464069||8.925||8.2756||2.98747385||0.97652696||0.03056177||0.97392284||0.01730777||0.97356951||0.01341521||0.9738||0.0182||0.45145634||0.35331326||0.47653315||0.25413242||63.45179385||21.98723984||0.5726||0.3174||51.92693136||14.49937953||51.4089231||11.86569214||51.4089231||11.86569214||61.6347||12.2598||0.09945546||0.02545483||0.08972909||0.0224893||0.08972909||0.0224893||0.0661||0.0268||657.8192||0.24577427||0.14360593||0.24674382||0.14338225||0.24306015||0.14234166||0.37722168||0.14202972||0.37538714||0.14094276||0.37472576||0.14123614||0.47211037||0.13754933||0.05382773||0.02706648||0.04841423||0.02963749||0.05354152||0.0277342||0.07758584||0.02885782||0.07811696||0.02749435||0.08162074||0.02457545||0.09903392||0.0260864||67.47176382||215.32614726||167.99536276||250.70451765||871.9590385||82.46767748||26.7205||7.6206||0.85078739||0.29746354||0.81945495||0.13736822||0.98837899||0.00476732||0.9885||0.0074||0.42782643||0.68561632||0.50483276||0.52669331||60.28957906||16.14180536||0.6057||0.1582||57.53454168||22.40955987||52.70430312||10.2962869||52.70430312||10.2962869||59.2216||7.2807||0.2290814||0.38220179||0.2485726||0.16268915||0.2485726||0.16268915||0.0204||0.0189||665.76||53.81477437||215.41519652||189.67828547||334.40315245||1114.01297622||126.93376079||28.8052||10.3892||0.87182812||0.23980481||0.84346351||0.10013487||0.98888514||0.00594727||0.9892||0.0095||0.44740555||0.80143983||0.50376052||0.26930317||64.34800648||22.29861017||0.5827||0.1952||57.30322007||21.98886664||52.7240716||10.98317117||52.7240716||10.98317117||60.4067||8.9559||0.34281963||0.49376734||0.40960397||0.20902137||0.40960397||0.20902137||0.0226||0.0285||902.7232,e7b348ebb8e1ddc038ac776652618da02eeaf4aadab8a4bee4daa06ed9850daa,47
EXCEL-ROW-0055,48,55,91ddbbb4bc7857b10ec5b719ea973deda00a92de81493ecaba237d5946ebc171,3c032a44a2ff1bb87b0cda5a3ee48c6511366698f4c89e5a30ecab66168cc35e,65e00f60fd84999d2c3302c0e9c54f6389ea802dec92a29e1139e280a3387e18,26de0f71ca8ae9942c68c112feebe4bfcbc0a39e8c84bc95d63d22982bac6003,1145.0||2155.0||-1274.0||3.764192||0.712238||4.92496501||2.93514047||3.4748448||1.7314496||31.554697||28.167811||4.932899||2.084776||3.4424528||1.0012904||30.842028||14.465119||8.53435938||35.3846865||59.22202112||163.16850672||468.141616||128.58482679||9.4944||8.7317||3.08129843||0.97972983||0.0266244||0.9741572||0.03803386||0.97264079||0.03746673||0.9734||0.0259||0.44721129||1.01334159||0.50599081||0.28754038||65.80672687||16.66270705||0.6254||0.3746||53.03978399||15.36153465||49.75330981||8.08811637||49.75330981||8.08811637||59.2867||10.078||0.09696846||0.02269103||0.08770102||0.01984943||0.08770102||0.01984943||0.0632||0.0261||275.6144||0.25478669||0.14153431||0.26106142||0.14346601||0.2583444||0.14302369||0.39415851||0.13536192||0.39692801||0.13557774||0.39207763||0.13572382||0.4948||0.12670573||0.04475137||0.02974079||0.04347593||0.02864663||0.05565639||0.02683748||0.06834121||0.0304543||0.07613546||0.02705664||0.07699474||0.02787281||0.09265444||0.02882749||60.6445175||205.47208659||146.94087464||214.55661462||879.39295649||90.11010733||26.6226||7.9263||0.86482728||0.27478381||0.84319824||0.11865139||0.98863442||0.00558165||0.989||0.0089||0.52905496||0.56336764||0.53999547||0.21613929||59.61496836||12.02796809||0.6249||0.1476||49.4269725||18.15640115||49.12203498||7.75690993||49.12203498||7.75690993||58.3625||5.9919||0.20703766||0.34861462||0.22943903||0.13846409||0.22943903||0.13846409||0.021||0.0199||978.8752||51.18654926||206.25982432||171.50621367||285.26019922||1094.624356||132.95169156||28.1686||10.4923||0.8684996||0.25039471||0.84034936||0.10560915||0.9879023||0.0074007||0.9884||0.0119||0.53693864||0.7043719||0.54055951||0.23430164||66.6242783||16.78393731||0.6238||0.1896||49.52209501||17.36311065||49.6475747||7.85689203||49.6475747||7.85689203||58.6147||7.076||0.29565163||0.46571279||0.35299224||0.19061712||0.35299224||0.19061712||0.0234||0.0262||1273.4912,e264809d6b148d929a7811115c7f986bea6fc770b3133ceadc7cfeba985e29f8,48
EXCEL-ROW-0056,49,56,c0fb4a2956379f1b066392738f9b9088a83b6dfb4069d1a84ec1c4ad7f215798,9c868ba702799ec1ad7c81ea7891b826cfa90b29bbdb0b665655878b59a79c57,65e00f60fd84999d2c3302c0e9c54f6389ea802dec92a29e1139e280a3387e18,4f7b605b91c7e2fce4a58b80df8e05c57d1c90748bb2c3c253fae8135cdaa191,1145.0||2155.0||-1274.0||3.764192||0.712238||4.92496501||2.93514047||3.4748448||1.7314496||31.908347||28.431284||4.932899||2.084776||3.4424528||1.0012904||32.477421||14.126127||8.47298182||34.24996745||59.85555561||173.24220854||467.47741877||122.55905495||9.1752||8.5223||3.02905926||0.97862947||0.02907224||0.97552969||0.01510228||0.97456191||0.01312007||0.9747||0.0175||0.43797251||0.32098307||0.4800686||0.26117087||64.617754||18.47888266||0.5913||0.3165||52.90694523||14.7170064||50.97114822||9.19020189||50.97114822||9.19020189||60.7349||10.8908||0.09650174||0.02125552||0.08808973||0.01946953||0.08808973||0.01946953||0.0635||0.0259||712.9776||0.2583444||0.14302369||0.26106142||0.14346601||0.25478669||0.14153431||0.39692801||0.13557774||0.39415851||0.13536192||0.39207763||0.13572382||0.4948||0.12670573||0.05565639||0.02683748||0.04347593||0.02864663||0.04475137||0.02974079||0.07613546||0.02705664||0.06834121||0.0304543||0.07699474||0.02787281||0.09265444||0.02882749||57.68701361||202.5830314||157.76404255||243.25120956||878.03426354||92.51316933||26.859||7.7665||0.84166165||0.29447355||0.8169145||0.12807963||0.98900252||0.00533936||0.9893||0.009||0.50081089||0.57292033||0.5261534||0.21147965||58.74386252||13.76904836||0.6187||0.1587||52.68436322||21.10328349||50.72916586||9.72031452||50.72916586||9.72031452||58.6735||6.6781||0.26751287||0.42453704||0.27897149||0.15964742||0.27897149||0.15964742||0.0208||0.0213||622.1952||44.38367691||194.90494599||137.18704372||258.52917721||1094.31593892||126.79290876||28.5248||10.2483||0.86337676||0.23840365||0.83564059||0.10093355||0.98859623||0.00613793||0.989||0.0108||0.48767012||0.6479979||0.509461||0.21032899||65.40355482||18.59491604||0.5979||0.1879||53.35436923||19.36377969||51.92854945||9.05123358||51.92854945||9.05123358||59.7005||7.8313||0.37869139||0.50598054||0.4383708||0.1985594||0.4383708||0.1985594||0.0244||0.0318||843.9616,f983fe3b45cea7c98c8cfc35177fce343829ea5e1a7b70ba76dccbc8ce7321a9,49
EXCEL-ROW-0057,50,57,c9fec455f61183a02f224380bcd29dec77e82def0f28342506dcd098c6c9b79d,3c032a44a2ff1bb87b0cda5a3ee48c6511366698f4c89e5a30ecab66168cc35e,65e00f60fd84999d2c3302c0e9c54f6389ea802dec92a29e1139e280a3387e18,26de0f71ca8ae9942c68c112feebe4bfcbc0a39e8c84bc95d63d22982bac6003,1700.0||2958.0||-2136.0||3.48||1.106011||2.07070366||1.36423876||3.7261832||2.454916||16.821818||20.3587||1.98941826||0.76867187||3.579912||1.3832072||17.606609||11.873273||42.06051925||100.17235287||132.40582985||202.9557387||513.55894||129.20920139||14.9034||8.2122||3.8604922||0.98314434||0.02597813||0.98214362||0.01298102||0.98178429||0.01182275||0.9823||0.0127||0.59361631||0.4316016||0.63622747||0.40280326||56.27282314||13.22496853||0.7822||0.3756||45.85670501||17.77174785||44.44224714||9.09557121||44.44224714||9.09557121||53.4716||10.2616||0.05613025||0.02346115||0.04901683||0.01554034||0.04901683||0.01554034||0.0351||0.0144||242.2848||0.28435776||0.15372573||0.24309642||0.14257034||0.24443103||0.14338686||0.40248299||0.1480559||0.37489139||0.1385097||0.4037335||0.14763645||0.4942048||0.14135434||0.05042116||0.02892157||0.05099426||0.02805885||0.04807631||0.02810638||0.07777551||0.02678497||0.07473771||0.03005475||0.07522237||0.02866437||0.09531136||0.02799124||134.18620405||264.23613411||302.58950264||315.66490781||879.1293025||103.68328354||24.3313||8.6591||0.86163571||0.2930106||0.87923284||0.14400325||0.99112729||0.0038365||0.9913||0.0069||0.63702262||0.73814146||0.6833021||0.33205101||52.13623797||10.94905521||0.8273||0.2177||45.58578955||19.59146929||42.71865802||10.22405035||42.71865802||10.22405035||51.1722||7.8474||0.21347105||0.41521698||0.18763392||0.20649615||0.18763392||0.20649615||0.0175||0.0154||1053.2304||126.6313589||281.24019985||283.04605108||348.95471742||1063.861704||132.98677207||25.7539||10.1663||0.87877143||0.25982092||0.87983649||0.12500564||0.99106501||0.00418886||0.9913||0.0083||0.65442283||0.94302518||0.67762193||0.50768489||56.81478784||13.33768563||0.7892||0.2365||45.37176441||18.08321771||44.45495681||9.30906493||44.45495681||9.30906493||52.6315||8.6566||0.25289002||0.45714206||0.25144255||0.21539908||0.25144255||0.21539908||0.0184||0.021||1329.7312,ac982047305fa841e082ea3e1f7b373ffeb82707e68b1c54603c2bb0ee7c856c,50
EXCEL-ROW-0058,51,58,2349b8f70bbe0201a5397643a1a8c729d2bc734c4b4bc294675412bd74f54fb1,97aaf5053442eb4b2b0298ffc69000a5334741ecff1ab6c90bc4729f469d7abb,65e00f60fd84999d2c3302c0e9c54f6389ea802dec92a29e1139e280a3387e18,4f7b605b91c7e2fce4a58b80df8e05c57d1c90748bb2c3c253fae8135cdaa191,1700.0||2958.0||-2136.0||3.48||1.106011||2.07070366||1.36423876||3.7261832||2.454916||60.661675||27.028624||1.98941826||0.76867187||3.579912||1.3832072||59.352547||15.497829||10.18666442||59.57272769||149.20640222||394.60262055||510.950354||266.63577782||12.2804||14.3203||3.50434017||0.99302227||0.01043585||0.99224453||0.01314302||0.99096777||0.01305022||0.9915||0.0152||0.28784298||0.14807235||0.30651666||0.33291796||36.60782191||14.32350804||0.3431||0.372||61.24618184||8.81997244||61.55257206||8.79771086||61.55257206||8.79771086||72.4842||10.9029||0.06625368||0.00979934||0.05921702||0.01968835||0.05921702||0.01968835||0.0443||0.0265||1274.9456||0.24443103||0.14338686||0.24309642||0.14257034||0.28435776||0.15372573||0.37489139||0.1385097||0.40248299||0.1480559||0.4037335||0.14763645||0.4942048||0.14135434||0.04807631||0.02810638||0.05099426||0.02805885||0.05042116||0.02892157||0.07473771||0.03005475||0.07777551||0.02678497||0.07522237||0.02866437||0.09531136||0.02799124||144.23001066||323.13423787||445.9440661||272.2464133||846.87167449||165.54809444||29.1948||4.0858||0.77651185||0.35793649||0.8006685||0.21352513||0.99572639||0.00822468||0.9961||0.0099||0.51324666||1.88568874||0.31861675||0.29983683||33.50685678||9.93777873||0.3639||0.1141||62.90382894||24.76183848||62.84081636||11.38535305||62.84081636||11.38535305||70.1442||3.5061||0.30233226||0.42557142||0.27176891||0.24239183||0.27176891||0.24239183||0.0116||0.0139||216.6336||84.2975077||292.81959144||307.23357473||271.79830822||1061.305622||265.63970221||32.6609||6.0708||0.84431529||0.28274413||0.85131732||0.14944126||0.99525694||0.01040199||0.9959||0.0125||0.46438322||1.58411565||0.34518299||0.27299623||36.75255996||14.46391086||0.3736||0.1417||62.33952508||23.49240061||61.25283772||10.25191247||61.25283772||10.25191247||69.7495||4.5631||0.39011852||0.45617434||0.45609243||0.23777562||0.45609243||0.23777562||0.0149||0.0244||303.1376,4ebbe13e8fc993e7deb849543f31b3eeb4f282816cc6427fded13b2c307de528,51
EXCEL-ROW-0059,52,59,38deea21bcb36d59d62fd4fdb54d26983efafe87ea075645c096d17b7e139dfa,3c032a44a2ff1bb87b0cda5a3ee48c6511366698f4c89e5a30ecab66168cc35e,65e00f60fd84999d2c3302c0e9c54f6389ea802dec92a29e1139e280a3387e18,26de0f71ca8ae9942c68c112feebe4bfcbc0a39e8c84bc95d63d22982bac6003,6092.0||11254.0||-7016.0||3.694682||0.938785||2.12618286||1.34724037||2.3991184||1.520184||16.721391||19.752918||2.07873667||0.66725985||2.3455816||0.7529152||17.192684||8.942929||12.09504533||36.64411363||47.39020386||132.90912035||459.9144771||111.61395279||9.4597||6.9053||3.07566253||0.95150764||0.09290245||0.94724872||0.03115449||0.95947586||0.01822637||0.9603||0.0231||0.67244603||1.3574582||0.71120772||0.26539289||82.06513097||15.15807901||0.8356||0.3555||43.02440748||18.21858659||41.30046423||7.1700562||41.30046423||7.1700562||51.1681||8.7867||0.11408029||0.07700479||0.10732643||0.0310587||0.10732643||0.0310587||0.0724||0.0258||272.5792||0.26036698||0.14885985||0.24745274||0.14305802||0.2463718||0.14365733||0.38840431||0.14419005||0.37831277||0.14111838||0.38781261||0.14452714||0.48317876||0.13972635||0.05022769||0.02876458||0.05142578||0.03027696||0.04901155||0.02951393||0.07803599||0.02866901||0.07731108||0.02928322||0.07648489||0.02781164||0.0969764||0.02793402||59.29365256||192.7962447||119.64280523||200.49718818||875.578882||81.53764669||25.5805||7.9642||0.75394915||0.36662438||0.75292058||0.13878168||0.98216627||0.0054235||0.9825||0.0105||0.60398866||0.77039184||0.61469516||0.22261822||76.19862949||11.60663228||0.8688||0.1577||49.33569848||22.62804186||48.49844643||7.80608267||48.49844643||7.80608267||49.4248||5.9031||0.30888159||0.44443658||0.31071695||0.15988509||0.31071695||0.15988509||0.0271||0.024||995.352||47.6164208||191.6464784||81.31723675||104.17987406||1096.72714894||118.74589189||27.5951||9.9692||0.76340148||0.34992061||0.75635942||0.11205359||0.98214459||0.0064602||0.9825||0.0139||0.60179092||1.15207623||0.58872671||0.27836416||84.0346644||15.31023467||0.8473||0.185||52.44679561||24.57594015||53.69821129||7.82285293||53.69821129||7.82285293||50.2548||6.7746||0.46515789||0.53992344||0.52041169||0.175035||0.52041169||0.175035||0.0279||0.0306||1269.84,005b8983ab0bd6456078f7d41ba40f337e06282afd16f91b1fdfcc6ecb57511f,52
EXCEL-ROW-0060,53,60,496166ea41380e26706a8a99c0773b2914a066cde43eac92d3ecc2db28730543,4cc734e8426208f6e9dbc6e558246302093a0d29663989d60284e2f38fa283ac,65e00f60fd84999d2c3302c0e9c54f6389ea802dec92a29e1139e280a3387e18,4f7b605b91c7e2fce4a58b80df8e05c57d1c90748bb2c3c253fae8135cdaa191,6092.0||11254.0||-7016.0||3.694682||0.938785||2.12618286||1.34724037||2.3991184||1.520184||61.020136||25.919758||2.07873667||0.66725985||2.3455816||0.7529152||59.776161||12.972993||2.31279065||16.58709753||5.69966032||14.36935311||452.821282||126.91067405||5.4568||9.5778||2.33597945||0.98646865||0.01073048||0.98653877||0.00225351||0.98324992||0.01649922||0.9832||0.0221||0.27951931||0.13659227||0.27805287||0.02926098||52.23459613||11.62155869||0.3462||0.2871||61.84598381||8.96980847||62.02404009||1.75850571||62.02404009||1.75850571||71.8001||7.483||0.12581471||0.01775504||0.12579878||0.00147376||0.12579878||0.00147376||0.1007||0.0408||890.1616||0.2463718||0.14365733||0.24745274||0.14305802||0.26036698||0.14885985||0.37831277||0.14111838||0.38840431||0.14419005||0.38781261||0.14452714||0.48317876||0.13972635||0.04901155||0.02951393||0.05142578||0.03027696||0.05022769||0.02876458||0.07731108||0.02928322||0.07803599||0.02866901||0.07648489||0.02781164||0.0969764||0.02793402||107.55818729||283.45348942||279.39399086||202.45451065||863.49530642||73.4892342||28.9624||4.1153||0.69866742||0.41115225||0.60504521||0.19242464||0.993327||0.00491977||0.9935||0.0063||0.30465938||0.63496516||0.26340287||0.19443962||46.5775093||6.35325228||0.3463||0.0618||66.32837072||20.54731195||68.46731602||8.52775506||68.46731602||8.52775506||70.9577||2.2605||0.35211527||0.48795964||0.37020062||0.21977821||0.37020062||0.21977821||0.0125||0.0166||510.4912||60.59342317||248.12129089||137.61325131||90.11224651||1091.060326||128.1599755||32.3254||5.7999||0.77205285||0.34123437||0.69975049||0.13329168||0.99257064||0.01327478||0.9929||0.0136||0.35433039||0.9931224||0.32135388||0.20073208||52.66615176||11.73015269||0.3563||0.1562||63.05764473||19.43386419||63.9756728||6.66036089||63.9756728||6.66036089||70.641||3.3949||0.53226227||0.54201129||0.62994183||0.17705577||0.62994183||0.17705577||0.0164||0.0284||649.3696,0809155071614fc23c3480313ad7f33170a883f4d48dd1c604f9c0ae65825179,53
EXCEL-ROW-0061,54,61,77c02a65117a60ad0c427a0267ccca9d57d5594720cb8bf88e3729dbcc258e26,f4156fcbafa7fd11d96716d50656373b835f115a117fde6ecfbf670f0a996d97,83e137f55eba021ff8c49150488fa2b750f9711d6858e2fd48146650177a7e12,822beeddb26e880162defdd0d197cf4652a8ff3031424d89a75a2b4089979205,nan||nan||nan||nan||nan||nan||nan||nan||nan||nan||nan||nan||nan||0.0||0.0||nan||nan||23.41054064||76.54725205||219.48997154||274.29335535||463.82681648||95.86045631||13.2834||10.1742||3.6446399||0.98019297||0.01136355||0.97540547||0.01155903||0.97540547||0.01155903||0.9738||0.0109||0.40339239||0.13775365||0.49963703||0.16965924||64.98264639||22.76697199||0.5298||0.1643||52.33943195||9.32477534||46.71341562||10.56803575||46.71341562||10.56803575||62.5696||7.6375||0.05761778||0.0203652||0.04034576||0.02265408||0.04034576||0.02265408||0.0351||0.0226||362.08||0.25112308||0.14452604||0.25064137||0.1444854||0.25098625||0.14477824||0.38363885||0.1430697||0.38373468||0.14282736||0.38406281||0.14283267||0.48162394||0.14014609||0.04889399||0.02773381||0.04889866||0.02765388||0.05147612||0.02770866||0.07687889||0.02013054||0.07850281||0.02026539||0.07845913||0.02053074||0.09808287||0.01062613||27.53494489||109.31803339||31.24885892||10.90819834||869.932165||73.05708465||18.0092||11.9163||0.97924129||0.04649412||0.98112711||0.01077844||0.98866524||0.00680461||0.9892||0.0079||0.27538824||0.09231891||0.25240859||0.08808985||57.33001731||19.84330549||0.2495||0.1004||61.76137296||8.31612549||63.81087798||8.15896648||63.81087798||8.15896648||76.1166||5.3692||0.064553||0.13858832||0.06417226||0.02749333||0.06417226||0.02749333||0.0231||0.0212||938.8592||26.18471804||121.5425987||30.35361107||12.04480039||1104.30207241||98.73280236||20.195||13.7382||0.98307961||0.00528941||0.98374746||0.00564756||0.98855183||0.00693648||0.9891||0.0075||0.2762777||0.09158134||0.25329809||0.08908524||64.66441838||22.51389596||0.2496||0.1014||61.67557502||8.26481097||63.7294131||8.24944352||63.7294131||8.24944352||76.1133||5.4161||0.05560428||0.02380619||0.05834138||0.01578047||0.05834138||0.01578047||0.0226||0.0209||1210.88,ba3e43ddfe9d5db1bb8535b306c89a53fbb210f4fd6f1d0fec42381ec790ba6e,54
EXCEL-ROW-0062,55,62,0828e6cdcfd81cef0f0d05147fb14e9df2d5adc34ddd71a2ee6ec5557df38580,bddae01ec16d2054b0fcb505e7a29223e6144b540608b3861d5aac22b4cdbcc8,83e137f55eba021ff8c49150488fa2b750f9711d6858e2fd48146650177a7e12,4f7b605b91c7e2fce4a58b80df8e05c57d1c90748bb2c3c253fae8135cdaa191,nan||nan||nan||nan||nan||nan||nan||nan||nan||nan||nan||nan||nan||0.0||0.0||nan||nan||17.42727953||90.1433266||246.03759617||404.68115986||470.51479051||326.66953118||17.5481||13.4847||4.18904524||0.98033309||0.00550595||0.98372158||0.00796691||0.98372158||0.00796687||0.9877||0.0079||0.2858688||0.07128283||0.26483176||0.08409978||31.96401295||11.47464864||0.2558||0.0917||60.60859596||6.58554787||62.59650852||7.80971561||62.59650852||7.80971561||75.7561||4.9527||0.07089884||0.03378364||0.05456177||0.03582985||0.05456177||0.03582985||0.028||0.0266||995.84||0.25675383||0.14673361||0.25765325||0.1464662||0.25789394||0.14704322||0.39227831||0.1463166||0.39308928||0.14645599||0.39250464||0.14671189||0.49276722||0.14353495||0.06378885||0.027762||0.06338043||0.02761775||0.06468163||0.02781766||0.09650691||0.01749234||0.09705318||0.01783357||0.0974499||0.0173436||0.12023315||0.01100418||135.12421293||318.27932794||759.09756183||454.52264502||888.4417||255.61709032||28.1197||9.875||0.97419692||0.09783103||0.98933622||0.017114||0.9942433||0.00420373||0.9949||0.0044||0.22508311||0.1634896||0.25786376||0.0802246||28.26042034||10.21800724||0.2559||0.0786||66.99142413||9.03495199||63.3688366||7.5039149||63.3688366||7.5039149||75.7195||4.2661||0.11807865||0.3862579||0.03589934||0.0727214||0.03589934||0.0727214||0.0095||0.0142||478.1248||155.36864641||386.93491855||954.39130287||576.12046292||1114.3481568||331.26126341||31.5797||11.2144||0.99266632||0.00488973||0.99402036||0.00439271||0.99402036||0.00439271||0.9948||0.0041||0.20813906||0.08140424||0.25556831||0.0809334||32.15549849||11.61137014||0.2569||0.0792||67.85821201||7.59194897||63.39121894||7.60287912||63.39121894||7.60287912||75.6702||4.2988||0.0272921||0.0073525||0.01218007||0.01027643||0.01218007||0.01027643||0.0096||0.0085||583.2,c41b4322d8f9f9fa4814589ccf6e16036057b9c27cb96c4e1a85f5b9eea1cf74,55
EXCEL-ROW-0063,56,63,79d93a4c2035a6d1e3681e6abbd6f43fe6e729f14cb7f966d5827fafbc343b72,67cf2dcbee69f052386f2b9a7e1718f1d342672a66e32ae689dc0094bd0490b0,83e137f55eba021ff8c49150488fa2b750f9711d6858e2fd48146650177a7e12,4f7b605b91c7e2fce4a58b80df8e05c57d1c90748bb2c3c253fae8135cdaa191,nan||nan||nan||nan||nan||nan||nan||nan||nan||nan||nan||nan||nan||0.0||0.0||nan||nan||24.88981164||106.88959495||247.62014538||402.28570265||469.36405094||326.44065701||17.7715||13.2503||4.21562569||0.98039004||0.00557294||0.98372158||0.00796679||0.98372158||0.00796679||0.9877||0.0079||0.2855162||0.07156549||0.2648327||0.08409809||31.9640463||11.47455575||0.2558||0.0917||60.64189612||6.61260456||62.59640299||7.80952257||62.59640299||7.80952257||75.756||4.9527||0.05030342||0.01903937||0.03986285||0.02438848||0.03986285||0.02438848||0.0241||0.0183||73.92||0.24749789||0.1446864||0.24756847||0.14461018||0.24661265||0.14475059||0.38055587||0.13988866||0.37981776||0.14039676||0.3798028||0.14039132||0.47724855||0.13563171||0.03547236||0.02634871||0.03543777||0.02656303||0.03480986||0.02644707||0.05751214||0.0246237||0.05716227||0.02459835||0.05714065||0.02446761||0.07442105||0.01693089||124.88882818||305.78871155||734.17807167||450.48034617||864.07458||262.73627429||27.9235||9.7832||0.94361189||0.21494836||0.95087335||0.18752652||0.99386314||0.00436928||0.9946||0.0041||0.19713716||0.089834||0.2414297||0.09083481||28.79355202||10.09346155||0.257||0.0791||69.00464557||8.71307165||64.82138775||8.8012998||64.82138775||8.8012998||75.6609||4.2932||0.0384794||0.08351189||0.01865225||0.03626564||0.01865225||0.03626564||0.0108||0.0108||1190.0912||112.02705236||335.97898885||954.22984136||578.80017222||1115.51531785||331.03476781||31.4959||11.4162||0.99260267||0.00490267||0.99402036||0.0043927||0.99402036||0.0043927||0.9948||0.0041||0.20590952||0.0807435||0.25556866||0.08093247||32.1555151||11.61132414||0.2569||0.0792||68.06819448||7.526466||63.39117622||7.60279702||63.39117622||7.60279702||75.6702||4.2988||0.03996657||0.01609734||0.01459115||0.01635901||0.01459115||0.01635901||0.0099||0.0124||1518.24,fb8bf729ff6dcbe72cf53b64cb2229b134e528c9c560bd4954c3ff0db42929f7,56
EXCEL-ROW-0064,57,64,328f501dd3ca2fe30219a1717dff462bc25aa72626278352b807719462ae66c2,e7573af289dcadca8e1b1a060257b059162895cea1920a79ccdfa076dfd4f7ab,83e137f55eba021ff8c49150488fa2b750f9711d6858e2fd48146650177a7e12,4f7b605b91c7e2fce4a58b80df8e05c57d1c90748bb2c3c253fae8135cdaa191,nan||nan||nan||nan||nan||nan||nan||nan||nan||nan||nan||nan||nan||0.0||0.0||nan||nan||49.00449207||105.78455933||240.29433586||245.47139128||455.84578077||63.63657809||14.7393||8.3965||3.8391796||0.95617514||0.06562488||0.96192053||0.01260675||0.9655793||0.00677948||0.9659||0.0071||0.52754613||0.12541845||0.57117446||0.10279303||77.57015204||6.68444868||0.5804||0.0989||44.13080772||5.95704329||41.81201032||4.69541459||41.81201032||4.69541459||60.0471||4.0387||0.12265124||0.11650804||0.07667379||0.05111054||0.07667379||0.05111054||0.0636||0.0385||383.36||0.24973811||0.14438965||0.2494517||0.14446991||0.24931332||0.1438778||0.38203715||0.14269833||0.38165682||0.14245606||0.38184325||0.14237689||0.47936431||0.13922289||0.04994866||0.0286155||0.04973399||0.02890617||0.05020274||0.02890122||0.07629677||0.02831174||0.07631928||0.02898273||0.07688475||0.02753262||0.09613312||0.02714352||29.72773662||32.82146299||49.44920073||29.35157567||866.5635225||49.86188612||7.7119||2.8554||0.95132045||0.16165288||0.94544999||0.06062689||0.98591678||0.00332244||0.986||0.0051||0.58226207||0.26807534||0.55245678||0.10063009||68.46258448||6.11529137||0.5772||0.1074||41.98534072||9.23966472||43.71393838||4.47938907||43.71393838||4.47938907||60.2166||4.3327||0.08728522||0.19641323||0.08955325||0.0601032||0.08955325||0.0601032||0.0398||0.0148||928.7408||29.88101521||36.53438419||53.36173058||36.98521681||1101.60596654||63.18451744||8.1761||3.1107||0.9802925||0.03362362||0.98159724||0.00479995||0.98591564||0.00330348||0.986||0.0038||0.5688501||0.10642798||0.54709862||0.09666403||77.20774821||6.85284443||0.5768||0.1061||41.87519353||5.51779315||43.10679099||4.57067893||43.10679099||4.57067893||60.2309||4.3026||0.07074819||0.08521389||0.07359008||0.03198749||0.07359008||0.03198749||0.0399||0.014||1178.24,58fd8b5fdd7d1e989aa82a1915a9bd1fb28f7ee93934477bf711a5b7454e640f,57
EXCEL-ROW-0065,58,65,1c0883ee27da0b5839da5e8af254a40278c0de9a8f3cef9dcc3565d45859a181,003d554ccf1391ad35110b9fad8cc2c0f889be4f546ceca076c95c4b20968c49,83e137f55eba021ff8c49150488fa2b750f9711d6858e2fd48146650177a7e12,4f7b605b91c7e2fce4a58b80df8e05c57d1c90748bb2c3c253fae8135cdaa191,nan||nan||nan||nan||nan||nan||nan||nan||nan||nan||nan||nan||nan||0.0||0.0||nan||nan||21.27025287||26.16041617||38.22879912||31.86780745||470.41514307||30.68901402||6.8033||2.9883||2.60831363||0.97962458||0.03107956||0.97972084||0.0051743||0.98421773||0.00324396||0.9842||0.004||0.54187024||0.10093492||0.54419753||0.08967756||53.57306343||4.87320562||0.5793||0.0984||43.21951605||5.38267151||43.23677433||4.16716956||43.23677433||4.16716956||60.0919||3.8933||0.07694678||0.09166977||0.08380349||0.04300263||0.08380349||0.04300263||0.0446||0.0161||514.24||0.25097412||0.14489759||0.25166829||0.14540922||0.25204898||0.14556894||0.38452597||0.14354048||0.38554108||0.14338008||0.38495523||0.14321939||0.48331502||0.13996313||0.04877174||0.02908239||0.04955703||0.02891646||0.04989576||0.02868315||0.07530816||0.02907249||0.07609199||0.02853734||0.07571001||0.0283685||0.09503322||0.02824049||245.32676626||294.52081247||520.05350883||363.17330139||872.4433125||25.94593698||23.437||8.184||0.91970884||0.24115951||0.94457989||0.12903385||0.99319362||0.00152098||0.9932||0.0022||0.52843261||0.17142363||0.54556113||0.11830159||47.79986285||4.13494298||0.5699||0.085||45.03000694||12.38584273||43.79926321||7.65416004||43.79926321||7.65416004||60.4538||3.4855||0.10014871||0.28142143||0.07116729||0.14815525||0.07116729||0.14815525||0.0143||0.0097||836.8832||266.27534916||359.19885434||672.10394304||476.29403846||1108.98197853||31.75305676||26.1142||9.5577||0.97777344||0.06999825||0.97351777||0.06672539||0.99319171||0.00150897||0.9932||0.0019||0.5600714||0.10358665||0.55813975||0.08670014||53.91562282||4.65064435||0.5693||0.0854||42.32829748||6.13088219||42.50274334||4.68225322||42.50274334||4.68225322||60.4829||3.5074||0.06877193||0.14712977||0.06319472||0.12613699||0.06319472||0.12613699||0.0141||0.0087||1065.424,6537804a933ea25bb6d1752342e8dc245b390d213ccecd7008044a4b9c05a0f6,58
EXCEL-ROW-0066,59,66,d997a9892eb585da090fee905f5328bda22e7b3096bb826d7bea49ceeae40410,966978ba5b91f60abb6f8841b896a9061768cc891154fdc66ee9aa590f61f7da,83e137f55eba021ff8c49150488fa2b750f9711d6858e2fd48146650177a7e12,4f7b605b91c7e2fce4a58b80df8e05c57d1c90748bb2c3c253fae8135cdaa191,nan||nan||nan||nan||nan||nan||nan||nan||nan||nan||nan||nan||nan||0.0||0.0||nan||nan||32.23152774||84.49969733||199.88316975||260.73949245||451.92545318||91.95337809||13.3117||9.4115||3.64852025||0.95053059||0.05115039||0.95332412||0.01330396||0.95718234||0.01018322||0.9575||0.0109||0.49078887||0.11191661||0.57554414||0.1622211||85.30990293||10.58861238||0.6003||0.1613||46.18878618||5.94220608||42.21342365||7.39285323||42.21342365||7.39285323||59.4952||6.501||0.13892028||0.09767238||0.09842433||0.06171711||0.09842433||0.06171711||0.083||0.0545||368.0||0.25063305||0.14457943||0.25062234||0.14467441||0.25062804||0.1446931||0.38351062||0.14276549||0.38356897||0.14271506||0.38349801||0.14282829||0.48146059||0.13931471||0.05016741||0.02829048||0.05005346||0.02802276||0.05042869||0.02808461||0.07633804||0.02793292||0.07655279||0.02760603||0.07665387||0.02780471||0.09590115||0.02724906||20.67764872||25.46392025||42.15361456||24.67590192||861.48254||74.86028069||6.8588||2.4768||0.94885593||0.15069||0.94650119||0.06996128||0.98234013||0.00616253||0.9827||0.0072||0.63784045||0.18898311||0.55014627||0.15684018||75.12017722||9.38135358||0.5772||0.1807||39.79800107||11.18280072||44.37995285||7.5038896||44.37995285||7.5038896||60.5892||7.0661||0.11055018||0.24284097||0.11339615||0.10069489||0.11339615||0.10069489||0.0485||0.0162||944.88||20.60679709||27.59318944||40.59300088||22.69715487||1095.68475406||94.72881797||7.1046||2.8951||0.97666608||0.02997657||0.9783545||0.0121372||0.98235871||0.0061228||0.9827||0.0068||0.66854524||0.15122787||0.58377351||0.17609982||84.70309259||10.51018701||0.5767||0.18||37.71520497||6.69335542||42.04454682||7.60185583||42.04454682||7.60185583||60.6056||7.0373||0.06817736||0.06230617||0.06391157||0.01482989||0.06391157||0.01482989||0.0486||0.013||1200.0,b1c260da2e28d7d3e2b540f1d6f8817a9605368f7e30be8d0487c60c6780f1b3,59
EXCEL-ROW-0067,60,67,b3321ba5ca9cd01874ba15be2340bf11187f5e51f920dc7ab398d60fa8ccfd5b,91a3a937affbeddd3b13f9e6e24dede5f22115bd638bb051726e8b051a4f89b7,83e137f55eba021ff8c49150488fa2b750f9711d6858e2fd48146650177a7e12,4f7b605b91c7e2fce4a58b80df8e05c57d1c90748bb2c3c253fae8135cdaa191,nan||nan||nan||nan||nan||nan||nan||nan||nan||nan||nan||nan||nan||0.0||0.0||nan||nan||14.79528901||21.23031024||31.4142872||21.24705807||466.48567291||50.83743326||6.1852||2.8486||2.48700623||0.9761321||0.02874713||0.97796141||0.00684148||0.98029741||0.00607982||0.9805||0.007||0.61476824||0.11817797||0.58223019||0.13743391||58.44996458||6.83658826||0.5771||0.1423||39.70373285||5.18910515||41.61785978||6.12184657||41.61785978||6.12184657||60.3773||5.7452||0.07662572||0.063627||0.06935914||0.0130738||0.06935914||0.0130738||0.0544||0.0162||536.0||0.25160616||0.14541726||0.25142316||0.14557401||0.25141076||0.14521998||0.38493289||0.14381901||0.38491765||0.14331788||0.38495838||0.1433705||0.48328804||0.13995041||0.0488867||0.02865635||0.04911544||0.02898666||0.04895638||0.02906253||0.07513353||0.02861124||0.07525002||0.02883308||0.07492236||0.02896713||0.09435948||0.02830719||176.64366582||231.18626985||442.80951877||394.56155549||872.1781||40.19790317||20.168||9.5784||0.94219351||0.21192168||0.92308744||0.17981215||0.99162406||0.00255761||0.9916||0.0029||0.5035944||0.15982821||0.52885824||0.15358762||52.39459918||6.3333612||0.5716||0.1191||46.25889946||11.29511828||45.34698444||10.10837668||45.34698444||10.10837668||60.5064||4.9716||0.04887636||0.1434725||0.03428381||0.0526435||0.03428381||0.0526435||0.0183||0.0122||823.9488||167.93135346||268.5041263||551.290906||525.95188973||1108.22114157||50.71708057||22.2193||11.3312||0.98306951||0.05782778||0.98175886||0.05581138||0.99162185||0.00253655||0.9916||0.0027||0.52480851||0.12602809||0.56409717||0.11882559||59.08930804||7.08865626||0.5714||0.119||44.41971943||6.58671551||42.39844131||6.03957141||42.39844131||6.03957141||60.5163||4.969||0.05018453||0.10929323||0.03237298||0.02994258||0.03237298||0.02994258||0.0181||0.0105||1048.0,fb6f458758ad69be7f2c3b2299d2084dac8f814fcfb66658e184369b15f4088c,60
EXCEL-ROW-0068,61,68,8c85ecb456ba546be0a3344ac04f9be69eb428eec50f1f1673312642bdae0665,9c0d5ea63965083b2efdf3ed8572388e6bc5bdc6e621c54eb723d004bcf97b77,83e137f55eba021ff8c49150488fa2b750f9711d6858e2fd48146650177a7e12,4f7b605b91c7e2fce4a58b80df8e05c57d1c90748bb2c3c253fae8135cdaa191,nan||nan||nan||nan||nan||nan||nan||nan||nan||nan||nan||nan||nan||0.0||0.0||nan||nan||14.79528901||21.23031024||31.4142872||21.24705807||466.48567291||50.83743326||6.1852||2.8486||2.48700623||0.9761321||0.02874713||0.97796141||0.00684148||0.98029741||0.00607982||0.9805||0.007||0.61476824||0.11817797||0.58223019||0.13743391||58.44996458||6.83658826||0.5771||0.1423||39.70373285||5.18910515||41.61785978||6.12184657||41.61785978||6.12184657||60.3773||5.7452||0.07662572||0.063627||0.06935914||0.0130738||0.06935914||0.0130738||0.0544||0.0162||536.0||0.25157195||0.14552295||0.25218656||0.14543697||0.25149702||0.14529623||0.38551345||0.14350863||0.38541268||0.14341823||0.38497131||0.14361131||0.48369665||0.14005229||0.05008572||0.02873272||0.05005336||0.02849358||0.04964223||0.02854057||0.07651883||0.02821772||0.07624175||0.0279881||0.07627326||0.02820379||0.09579541||0.02745044||176.64366582||231.18626985||442.80951877||394.56155549||872.1781||40.19790317||20.168||9.5784||0.94219328||0.21192164||0.9230873||0.17981209||0.99162406||0.0025576||0.9916||0.0029||0.50359419||0.15982832||0.52885811||0.15358774||52.39462302||6.3333293||0.5716||0.1191||46.25891323||11.29512271||45.34699296||10.10838215||45.34699296||10.10838215||60.5064||4.9716||0.04887776||0.14347379||0.03428468||0.05264369||0.03428468||0.05264369||0.0183||0.0122||823.9488||167.93135225||268.50412187||551.29089801||525.95188063||1108.22113358||50.71707395||22.2193||11.3312||0.98306951||0.05782778||0.98175886||0.05581138||0.99162185||0.00253654||0.9916||0.0027||0.52480852||0.12602807||0.56409718||0.11882543||59.08930938||7.08865147||0.5714||0.119||44.41971911||6.58671514||42.39843921||6.03956814||42.39843921||6.03956814||60.5163||4.9689||0.05018453||0.10929323||0.03237298||0.02994258||0.03237298||0.02994258||0.0181||0.0105||1048.0,a7f0955307c2aea2259a6ca686c61b528af474eb7c3ee4601a9b736f4acb0a60,61
EXCEL-ROW-0069,62,69,3b972901ccadcd12994f74706aafb123230f1d1332cfdc898ddf6283e7b7f590,38f33d0facf7347f266e0f03a746ed50dc1d10ccd2b2f577399df261af3ca633,83e137f55eba021ff8c49150488fa2b750f9711d6858e2fd48146650177a7e12,4f7b605b91c7e2fce4a58b80df8e05c57d1c90748bb2c3c253fae8135cdaa191,nan||nan||nan||nan||nan||nan||nan||nan||nan||nan||nan||nan||nan||0.0||0.0||nan||nan||5.39120797||12.10432573||17.06767368||42.60035812||458.96612035||37.25389817||4.5944||5.1626||2.14345515||0.97168758||0.0849149||0.94139||0.09708209||0.97059912||0.02050044||0.9694||0.0223||0.46220703||0.32499246||0.57208709||0.32921776||68.82785523||26.60177105||0.6038||0.3496||51.40866345||12.51353301||46.43469871||13.56333423||46.43469871||13.56333423||60.9606||13.0521||0.09152415||0.07036189||0.11756267||0.07687798||0.11756267||0.07687798||0.0833||0.0186||451.84||0.25232094||0.14513956||0.25154029||0.14499853||0.25166198||0.14502186||0.38529223||0.14345151||0.38484057||0.14338731||0.38540535||0.14338466||0.4834939||0.14009703||0.04998445||0.02792942||0.04915536||0.02784065||0.04963433||0.02787106||0.07547907||0.02779853||0.07530188||0.0275924||0.07552808||0.02853718||0.09462884||0.02748808||124.8584574||262.38598002||621.50365157||375.27360993||864.6448175||34.4582969||24.8983||8.7241||0.81620865||0.33759288||0.8450665||0.24267903||0.98632973||0.01079436||0.9867||0.0109||0.6929256||0.48879206||0.49782795||0.3056221||62.30837013||24.01792651||0.5445||0.283||41.90469624||20.91990569||51.04835064||16.89664518||51.04835064||16.89664518||62.8645||11.6387||0.16069265||0.32159233||0.07824398||0.13450486||0.07824398||0.13450486||0.0189||0.02||878.3232||128.99824401||306.34153304||828.88650528||478.4728686||1098.49815531||43.55589357||27.9252||10.0988||0.96729292||0.06583254||0.98455572||0.01469013||0.98632781||0.01083404||0.9867||0.0107||0.76494477||0.19469999||0.53812568||0.27125131||70.19622236||27.15080185||0.5442||0.2833||34.65783893||9.36983828||46.49930694||13.13570562||46.49930694||13.13570562||62.8814||11.6506||0.07138539||0.09471239||0.02528263||0.03303718||0.02528263||0.03303718||0.0184||0.02||1109.12,df4c4c1294ccb5ae582f0e61fb1ca3d4e5e60ce0dfef2834ea7b5c085ad03f3e,62
EXCEL-ROW-0070,63,70,1f426e638c2764ca2ccdd69e4710b896f52000208549bbb1140c9d903793e0da,534852e90415d6a32491271e8b6d8726e57b1da9b4f731187fa866bad043fc1e,83e137f55eba021ff8c49150488fa2b750f9711d6858e2fd48146650177a7e12,4f7b605b91c7e2fce4a58b80df8e05c57d1c90748bb2c3c253fae8135cdaa191,nan||nan||nan||nan||nan||nan||nan||nan||nan||nan||nan||nan||nan||0.0||0.0||nan||nan||8.56018911||10.03404222||13.90049217||14.3729588||461.13877653||55.60971958||4.1344||2.0642||2.0333224||0.96827494||0.02673327||0.96902989||0.0057124||0.97202383||0.00375626||0.9721||0.0051||0.54322939||0.12208988||0.53462297||0.08177258||70.37934811||5.13567959||0.5824||0.0766||43.50760076||8.28806071||44.22472612||5.13008803||44.22472612||5.13008803||59.8933||3.1669||0.12710389||0.13720632||0.13983487||0.07186446||0.13983487||0.07186446||0.0767||0.0222||560.64||0.25204073||0.14518572||0.25155202||0.14524049||0.2516752||0.14517493||0.38534804||0.1431207||0.38514261||0.14301941||0.38546679||0.14295084||0.48363605||0.13960293||0.05015707||0.0291586||0.04879727||0.02898791||0.04907157||0.0293236||0.07612894||0.02813915||0.07541074||0.02832993||0.07633724||0.02839846||0.09540105||0.02745831||234.04130995||338.70217256||623.01416593||349.74831998||867.415605||47.55710345||26.036||8.0003||0.85697112||0.32368919||0.85818391||0.22201783||0.98796875||0.00293087||0.9881||0.0032||0.48240719||0.36511769||0.48676006||0.15657037||62.91109727||4.89740087||0.5771||0.0578||49.32201698||17.02219921||48.80394033||12.37597768||48.80394033||12.37597768||60.0725||2.3669||0.09670171||0.25695236||0.07227063||0.14290669||0.07227063||0.14290669||0.0178||0.0146||779.5136||222.44971524||393.13615489||508.22966194||279.120411||1102.80626617||60.78700615||29.2136||9.2846||0.96878265||0.09284623||0.94546472||0.09210864||0.98796071||0.00293575||0.9881||0.0031||0.50085664||0.13390124||0.49853049||0.11477589||70.94856171||5.53138494||0.5769||0.0582||45.99206215||8.85336252||46.93053339||6.81414544||46.93053339||6.81414544||60.0817||2.3986||0.08997014||0.15387533||0.1323169||0.13457921||0.1323169||0.13457921||0.0181||0.0138||996.48,1a5133c8e47ae1600ac514e5e5733d344dd3a29182ec2dff6e3e7d5286677343,63
EXCEL-ROW-0071,64,71,7edf9efb920de3dda831cbcef03cc817a981599b781374cd9d74416824822002,319143b50cf9bd25a77b4c4e1d4505e3077512ecb738c6b4c8ce4409f92703fc,83e137f55eba021ff8c49150488fa2b750f9711d6858e2fd48146650177a7e12,4f7b605b91c7e2fce4a58b80df8e05c57d1c90748bb2c3c253fae8135cdaa191,nan||nan||nan||nan||nan||nan||nan||nan||nan||nan||nan||nan||nan||0.0||0.0||nan||nan||10.13917237||46.70399375||96.2293524||122.98490732||444.17423021||92.23729024||11.8103||9.9446||3.4366117||0.93744195||0.0296595||0.93161736||0.04824579||0.94301722||0.01034231||0.9443||0.0106||0.5824371||0.16349063||0.54805612||0.10387875||97.82526446||8.16709425||0.655||0.1489||41.92877488||8.4395411||44.05115226||5.28560699||44.05115226||5.28560699||57.1711||5.7445||0.16096029||0.17034273||0.19233537||0.09744798||0.19233537||0.09744798||0.076||0.0451||429.44||0.25106445||0.14454364||0.25055821||0.14456281||0.25127807||0.14479381||0.38373802||0.14265055||0.38393734||0.14274402||0.38422025||0.14285286||0.48199319||0.13925707||0.05002428||0.0272209||0.05007362||0.02753645||0.05021859||0.02762019||0.07610837||0.02676836||0.07629303||0.0270144||0.07618018||0.02692151||0.09540662||0.02629426||10.06568899||51.69084709||11.7068692||5.24544143||851.9976625||72.79601196||13.0129||10.9286||0.95664793||0.11186473||0.96019467||0.01752709||0.97720684||0.00503911||0.9775||0.0111||0.47715951||0.43533979||0.47089801||0.10973438||86.03546055||6.72141762||0.5426||0.1703||48.16826372||9.34511858||48.36369671||6.03428491||48.36369671||6.03428491||62.0294||6.998||0.11359329||0.1584569||0.10848802||0.02285362||0.10848802||0.02285362||0.0479||0.0333||862.9216||10.16585458||58.71391009||12.17212419||5.89290931||1084.37051286||92.20443295||14.478||12.5159||0.96199554||0.080254||0.96426892||0.02474767||0.97723556||0.00500517||0.9776||0.011||0.47029174||0.13933809||0.46791852||0.1114098||97.03727133||7.51204898||0.5416||0.1676||47.87746006||8.49860467||48.00411506||6.4246221||48.00411506||6.4246221||62.0683||7.0077||0.10675904||0.142481||0.1025424||0.04204018||0.1025424||0.04204018||0.0476||0.0319||1098.88,643fc9532fc8b3736eac70153fb51785c5745df08ea4efc0d83138aa0438a464,64
EXCEL-ROW-0072,65,72,2d3ae6b6e5d2cf6e6c70db5840ff0afc20bff7b8b65e2e35fbf373b67ae52613,74363bc53a08a36a031153e765192dd9161dc7fc1405583571e9dd3d58aade98,83e137f55eba021ff8c49150488fa2b750f9711d6858e2fd48146650177a7e12,4f7b605b91c7e2fce4a58b80df8e05c57d1c90748bb2c3c253fae8135cdaa191,nan||nan||nan||nan||nan||nan||nan||nan||nan||nan||nan||nan||nan||0.0||0.0||nan||nan||7.85300007||48.58962079||102.94949368||153.63340118||462.26817278||231.05061851||14.1742||11.4147||3.76486388||0.95838593||0.07902664||0.96038062||0.0208609||0.9713928||0.01248478||0.9743||0.0122||0.4008964||0.13478643||0.42009381||0.08835853||58.14455867||16.07295036||0.5017||0.0919||52.41205608||8.84628475||51.14353379||5.61122297||51.14353379||5.61122297||63.507||4.2205||0.12802263||0.12465524||0.13230619||0.03963138||0.13230619||0.03963138||0.0561||0.0382||714.88||0.25152148||0.14604153||0.25162098||0.1459206||0.25140325||0.14592482||0.38531047||0.14398947||0.38520222||0.1439543||0.3851406||0.14406786||0.48361416||0.14075551||0.04935968||0.0307592||0.05059842||0.03106221||0.04903272||0.03088762||0.07745974||0.03012568||0.07709544||0.03065302||0.07621231||0.03053593||0.09700425||0.02925744||54.3474887||190.13922467||595.28740995||472.94856908||871.59785||187.07740895||24.1243||12.0952||0.96789046||0.10728867||0.91551809||0.1677886||0.98810572||0.00584165||0.9892||0.0062||0.49488834||0.10011922||0.41829802||0.12714045||51.38374821||14.3964684||0.4308||0.1144||45.89626209||7.05399858||51.69438871||9.70751075||51.69438871||9.70751075||66.9243||5.4338||0.08898076||0.16152265||0.08247854||0.17975329||0.08247854||0.17975329||0.0198||0.0208||667.0704||53.07933021||213.37779348||747.1510412||603.62996382||1103.33439201||238.85151073||27.0432||13.7964||0.97367123||0.04660131||0.95947693||0.0910262||0.98800759||0.00585623||0.9891||0.0063||0.47397612||0.10549971||0.43425598||0.10194992||58.06049958||16.14848448||0.4305||0.1145||47.21179628||6.89201275||50.12700968||6.91874599||50.12700968||6.91874599||66.9383||5.4385||0.11350363||0.15859145||0.09755521||0.16686968||0.09755521||0.16686968||0.0196||0.0213||842.24,0ea7a071fad90f9ec6c18ea06edcd138c8ffb7517c4af35ea71bd0a533453684,65
EXCEL-ROW-0073,66,73,fb23fe1650a5cc087416de52c48020476d7eb9500bc7d6530ef57ab67b6f8876,2833db0cde1655ec9d858a6d5013a06c9e242c966c58a5ed0b8973afed44cee1,83e137f55eba021ff8c49150488fa2b750f9711d6858e2fd48146650177a7e12,4f7b605b91c7e2fce4a58b80df8e05c57d1c90748bb2c3c253fae8135cdaa191,nan||nan||nan||nan||nan||nan||nan||nan||nan||nan||nan||nan||nan||0.0||0.0||nan||nan||7.40664665||30.69975983||87.23848209||226.75474989||461.32035156||144.49038893||7.4601||9.5128||2.73131836||0.96238045||0.07477936||0.96310003||0.02419637||0.97456527||0.01129553||0.975||0.0132||0.52187673||0.15079947||0.57006696||0.22435412||61.67022197||18.43473824||0.602||0.2603||44.99572356||8.53683952||43.52287484||10.03061334||43.52287484||10.03061334||60.1488||10.0924||0.09812896||0.14234159||0.08770001||0.05353588||0.08770001||0.05353588||0.0604||0.0258||246.4||0.25089966||0.14406529||0.25112629||0.14430558||0.25073411||0.14414456||0.38382996||0.14236755||0.38379085||0.14226155||0.38359936||0.14213454||0.4816812||0.13864499||0.05027189||0.02491385||0.05034838||0.02524692||0.04995803||0.0254382||0.07568781||0.02432458||0.07560161||0.02448814||0.07546407||0.024414||0.09429055||0.02392756||111.91283228||283.368827||749.125221||326.07669445||866.624995||118.36872112||28.0331||7.0464||0.89583333||0.24894951||0.89264684||0.19539245||0.98822514||0.00916411||0.9892||0.0084||0.83033805||0.33055138||0.4720776||0.20667722||55.61381654||16.41120066||0.5299||0.2039||35.19559539||17.65932498||50.00658714||11.98214545||50.00658714||11.98214545||62.8201||8.2016||0.13734428||0.32174593||0.06974364||0.17038715||0.06974364||0.17038715||0.0132||0.0146||1041.3088||117.31093128||331.94884317||793.48054782||440.88477749||1104.42163895||151.04053553||31.6076||8.0909||0.97004172||0.00995025||0.98398183||0.00909359||0.98829268||0.00908255||0.9892||0.0082||0.88787701||0.27051932||0.48216654||0.20973249||62.59908059||18.40697293||0.5293||0.2028||31.76908595||11.64835151||48.99325727||10.68192427||48.99325727||10.68192427||62.8412||8.1627||0.07317351||0.0736988||0.08184797||0.07943633||0.08184797||0.07943633||0.0132||0.0148||1327.04,c0be4626171e2c59f3ba2259e64ea72c9eadeb0f67fbe2ea6896bded101811b9,66
EXCEL-ROW-0074,67,74,775021544cc863da0aa21bc234ac824acc778590dc973b96e05b7701ebdc0b4e,e1776fa21cbbc4e53b82e90dd1b80ac3148ec27d3464f010f86601967352548b,83e137f55eba021ff8c49150488fa2b750f9711d6858e2fd48146650177a7e12,4f7b605b91c7e2fce4a58b80df8e05c57d1c90748bb2c3c253fae8135cdaa191,nan||nan||nan||nan||nan||nan||nan||nan||nan||nan||nan||nan||nan||0.0||0.0||nan||nan||65.28150318||113.947438||209.99212464||254.81080281||468.70652285||96.94718804||14.0665||8.4977||3.7505333||0.97825342||0.0061655||0.97924792||0.00994401||0.97924874||0.00994312||0.9793||0.011||0.52843874||0.19437944||0.59443505||0.28490052||58.84269197||13.03106083||0.6212||0.3057||44.85856648||7.27079434||42.56821984||9.21776944||42.56821984||9.21776944||59.5788||9.4743||0.0620909||0.01180854||0.04835406||0.02323096||0.04835406||0.02323096||0.0443||0.0239||464.08||0.25121243||0.1456817||0.25142952||0.14570874||0.25143983||0.14576614||0.38508073||0.14314857||0.38525727||0.14315876||0.38514111||0.14306265||0.48347785||0.13963383||0.04825169||0.03052926||0.04816917||0.03040323||0.04739278||0.03038123||0.077055||0.02382043||0.07636829||0.02411648||0.07648025||0.02408583||0.09739703||0.01370402||60.16261294||54.33418015||94.68358653||47.61163715||870.57181||73.87160271||10.1209||2.8036||0.92488587||0.23037678||0.95023947||0.08851053||0.99111275||0.00570973||0.9913||0.0142||0.56166486||0.3192311||0.54552141||0.23195949||52.16269967||11.00884087||0.5838||0.2722||45.43476782||15.14392507||45.6124778||7.68975338||45.6124778||7.68975338||60.8775||8.6446||0.09270867||0.24212031||0.06983565||0.08537498||0.06983565||0.08537498||0.0259||0.013||856.9392||61.41379971||59.94577126||81.71388814||34.60300341||1104.14498077||97.26257584||10.4184||3.5492||0.96448508||0.1575897||0.98064618||0.06684743||0.99108727||0.00607411||0.9913||0.0148||0.57067146||0.29419376||0.5523487||0.28513643||58.60180103||12.88513117||0.5788||0.274||44.55310491||13.49649051||45.43815298||9.51956977||45.43815298||9.51956977||61.1097||8.8041||0.03983104||0.04428957||0.0392879||0.01597611||0.0392879||0.01597611||0.0263||0.0076||1106.0928,4ed328303cc471fd8d75d6e03b8137f05b1dcda98604905bf9f4c2f88de5ab8b,67
EXCEL-ROW-0075,68,75,d8fe4e02ab4449e39c1957139408ea554e67dca7e6069b2d5211970eeb711adc,f0722389759551b3eca6eb83e67f6001c1862534bc8456f59f42eb79dba5ed03,65e00f60fd84999d2c3302c0e9c54f6389ea802dec92a29e1139e280a3387e18,4f7b605b91c7e2fce4a58b80df8e05c57d1c90748bb2c3c253fae8135cdaa191,1109.0||2107.0||-1214.0||3.79982||0.656514||4.71473386||2.34729637||3.5320928||1.6765728||31.911337||28.309387||4.672334||1.456701||3.521312||1.0089768||32.398333||13.186601||9.76759769||32.51873703||49.76362001||140.30683371||467.36734||120.44974684||9.0694||6.8863||3.01154445||0.97855369||0.02546588||0.97666451||0.01700544||0.97565618||0.01607928||0.9754||0.017||0.45377941||0.33938701||0.4821577||0.38348365||63.81965484||19.48611532||0.5959||0.3489||51.79301713||14.66075328||51.22114648||10.011594||51.22114648||10.011594||60.4667||10.2739||0.09236967||0.01969725||0.085747||0.01811273||0.085747||0.01811273||0.0628||0.022||565.5248||0.22900867||0.14224103||0.22876383||0.14244934||0.22578398||0.14003036||0.35214041||0.14594285||0.34966664||0.14472337||0.34969352||0.14484072||0.44121959||0.14565153||0.04890492||0.0292754||0.05065157||0.02835099||0.04880192||0.02814948||0.07612547||0.0286882||0.07574339||0.02839575||0.07485696||0.02862162||0.09493899||0.02790535||68.33091577||211.75118314||174.51601077||279.06413926||852.3720338||86.94849824||26.3593||7.2696||0.82984841||0.30211857||0.82426734||0.12043943||0.98789207||0.00453791||0.9882||0.0079||0.4794474||0.60355234||0.48844633||0.22598468||61.17573258||14.25280601||0.6031||0.1454||53.50420002||20.5062691||52.67859839||9.72680423||52.67859839||9.72680423||59.2508||6.1632||0.25498157||0.38637506||0.25126671||0.15620072||0.25126671||0.15620072||0.0212||0.0198||768.3616||65.20621197||239.09506493||228.24925436||399.33537533||1132.631902||120.45000093||29.6595||9.4666||0.85578874||0.24922578||0.84493468||0.11103954||0.98951254||0.00506186||0.9898||0.0087||0.4890202||0.78114843||0.51351085||0.25365544||63.81965484||19.48611532||0.5845||0.1817||54.34851565||19.67600531||52.12699412||9.19331542||52.12699412||9.19331542||60.2268||7.7231||0.40964298||0.53145179||0.41458269||0.24210336||0.41458269||0.24210336||0.0211||0.0289||1034.4752,37cae5532526152267be0104203356e024d6684e3a3bc04e69852058d466936b,68
EXCEL-ROW-0076,69,76,917d64a268081073238b760bdf24c2f64e22c800f1c4f0cea5d5b3ac42f942eb,8a4242e5fb276e720ff4022eab5537f312dce407ddea84af78637f849550413b,b47d13a16676b9ebcf2fba250a941603ecc19ab1bb078eab6968a462aa9828dc,5a005caa537ab76ae2410d9a7d2114da4b04be7ec6b9cc37d5883b435731f605,nan||nan||nan||nan||nan||nan||nan||nan||nan||nan||nan||nan||nan||nan||nan||nan||nan||21.27025179||26.16040795||38.22879552||31.86780544||470.4151191||30.68893841||6.8033||2.9883||2.60831363||0.97962458||0.03107956||0.97972084||0.00517427||0.98421773||0.00324395||0.9842||0.004||0.54187024||0.10093483||0.54419756||0.08967723||53.57306429||4.87318292||0.5793||0.0984||43.21951511||5.38266715||43.23677194||4.16713832||43.23677194||4.16713832||60.0919||3.8932||0.07694678||0.09166977||0.08380349||0.04300264||0.08380349||0.04300264||0.0446||0.0161||514.24||0.25184902||0.14584965||0.25147221||0.1454606||0.25157032||0.14538319||0.3852126||0.143904||0.38495557||0.14363205||0.38518178||0.14407965||0.48345046||0.14070059||0.04862094||0.02864734||0.05036578||0.02931377||0.04975235||0.02972931||0.0759161||0.02859056||0.07675515||0.02939022||0.07553786||0.02894521||0.0955639||0.02841382||247.54003759||294.95386395||519.89174631||360.58201931||872.5786325||25.93094707||23.4387||8.1843||0.93461734||0.21356007||0.94987399||0.12003271||0.99319617||0.00152083||0.9932||0.0021||0.54221103||0.21919469||0.54965006||0.11765537||47.79483262||4.1379465||0.5701||0.0851||44.23218531||11.09819032||43.56745505||7.34228778||43.56745505||7.34228778||60.4472||3.4896||0.08835162||0.24508689||0.0650506||0.11422238||0.0650506||0.11422238||0.0143||0.0097||837.2928||266.27535444||359.19886673||672.10396501||476.29405865||1108.9820005||31.75305732||26.1142||9.5577||0.97777344||0.06999825||0.97351777||0.06672539||0.99319171||0.00150895||0.9932||0.0019||0.56007162||0.10358675||0.55814064||0.08670062||53.91562645||4.65057191||0.5693||0.0854||42.32828718||6.1308875||42.50270215||4.68228256||42.50270215||4.68228256||60.4829||3.5074||0.06877193||0.14712977||0.06319472||0.12613699||0.06319472||0.12613699||0.0141||0.0087||1065.424,6e6790becdd9f3e604e21d778ef4691d3198fb51dfa4c176f84de45839d1c828,69
EXCEL-ROW-0077,70,77,b419fad9f8b774457858ac251ea431dffd4458095bb7bc863362f700ee157ec1,c27b810aef403c2027818c3fbdf17f635a3fe74f1fc7d72b08a5c7fe8e71e45f,b47d13a16676b9ebcf2fba250a941603ecc19ab1bb078eab6968a462aa9828dc,621dd6d141b5aeaf2d0af3fb9e76ef7e31c25d457e52f451763c759713b23beb,nan||nan||nan||nan||nan||nan||nan||nan||nan||nan||nan||nan||nan||nan||nan||nan||nan||20.80159342||117.90434259||352.71191011||453.17831086||479.81303371||355.8700846||22.9908||12.5252||4.79487226||0.99965027||0.0149567||0.992||0.07110556||0.992||0.07110556||0.9904||0.0779||0.0141861||0.60669425||0.32450704||2.88428168||3.39411255||30.16753222||0.39||3.1581||89.95142261||2.07749992||88.88879224||9.8766306||88.88879224||9.8766306||88.681||10.68||0.07162145||0.01956829||0.04797707||0.03192018||0.04797707||0.03192018||0.0228||0.0274||944.64||0.25892412||0.14740904||0.25835444||0.14716972||0.25851967||0.14737365||0.39438031||0.14710963||0.39404768||0.14725413||0.39450094||0.14728051||0.49505711||0.14369042||0.06643921||0.02639744||0.06554172||0.02663187||0.06566318||0.02666801||0.09897623||0.01787942||0.09858468||0.01757474||0.0990336||0.01806031||0.12226464||0.01378987||89.54245279||262.74180197||697.6939632||517.33286426||881.99316||276.19904573||27.0058||11.5164||0.99954099||0.01275245||0.99555861||0.03944466||0.99555861||0.03944466||0.9959||0.0377||0.01830532||0.50857017||0.17712333||1.57306065||2.99548301||26.60336339||0.1619||1.5049||89.88617056||3.16248228||88.89857989||9.78188803||88.89857989||9.78188803||89.0162||9.1433||0.05400779||0.05786987||0.02419491||0.02501819||0.02419491||0.02501819||0.0114||0.0129||520.6192||111.99358381||331.4972711||880.02719001||654.30360251||1105.25503121||360.11766591||30.408||13.0364||0.99952306||0.01327757||0.99537364||0.04111998||0.99537364||0.04111998||0.9958||0.0393||0.01877819||0.52276267||0.18214844||1.61897073||3.41430813||30.34703445||0.166||1.5465||89.88655309||3.15822822||88.89956501||9.78088018||88.89956501||9.78088018||89.0193||9.1349||0.02982448||0.00632492||0.01522994||0.01227035||0.01522994||0.01227035||0.0114||0.0104||634.88,8155b51f6852eef36a27ac4f2f3f844a2b7e3d6aaf07c426eacc16520c4137e7,70
EXCEL-ROW-0078,71,78,b419fad9f8b774457858ac251ea431dffd4458095bb7bc863362f700ee157ec1,df167caa0509236dd565dcac51d29d5494dd656aff0ce306b600f04756e7947e,b47d13a16676b9ebcf2fba250a941603ecc19ab1bb078eab6968a462aa9828dc,621dd6d141b5aeaf2d0af3fb9e76ef7e31c25d457e52f451763c759713b23beb,nan||nan||nan||nan||nan||nan||nan||nan||nan||nan||nan||nan||nan||nan||nan||nan||nan||20.80159342||117.90434259||352.71191011||453.17831086||479.81303371||355.8700846||22.9908||12.5252||4.79487226||0.99965027||0.0149567||0.992||0.07110556||0.992||0.07110556||0.9904||0.0779||0.0141861||0.60669425||0.32450704||2.88428168||3.39411255||30.16753222||0.39||3.1581||89.95142261||2.07749992||88.88879224||9.8766306||88.88879224||9.8766306||88.681||10.68||0.07162145||0.01956829||0.04797707||0.03192018||0.04797707||0.03192018||0.0228||0.0274||944.64||0.25892412||0.14740904||0.25835444||0.14716972||0.25851967||0.14737365||0.39438031||0.14710963||0.39404768||0.14725413||0.39450094||0.14728051||0.49505711||0.14369042||0.06643921||0.02639744||0.06554172||0.02663187||0.06566318||0.02666801||0.09897623||0.01787942||0.09858468||0.01757474||0.0990336||0.01806031||0.12226464||0.01378987||89.54245279||262.74180197||697.6939632||517.33286426||881.99316||276.19904573||27.0058||11.5164||0.99954099||0.01275245||0.99555861||0.03944466||0.99555861||0.03944466||0.9959||0.0377||0.01830532||0.50857017||0.17712333||1.57306065||2.99548301||26.60336339||0.1619||1.5049||89.88617056||3.16248228||88.89857989||9.78188803||88.89857989||9.78188803||89.0162||9.1433||0.05400779||0.05786987||0.02419491||0.02501819||0.02419491||0.02501819||0.0114||0.0129||520.6192||111.99358381||331.4972711||880.02719001||654.30360251||1105.25503121||360.11766591||30.408||13.0364||0.99952306||0.01327757||0.99537364||0.04111998||0.99537364||0.04111998||0.9958||0.0393||0.01877819||0.52276267||0.18214844||1.61897073||3.41430813||30.34703445||0.166||1.5465||89.88655309||3.15822822||88.89956501||9.78088018||88.89956501||9.78088018||89.0193||9.1349||0.02982448||0.00632492||0.01522994||0.01227035||0.01522994||0.01227035||0.0114||0.0104||634.88,8155b51f6852eef36a27ac4f2f3f844a2b7e3d6aaf07c426eacc16520c4137e7,70
EXCEL-ROW-0079,72,79,4eb020b6381853abad6225e0ace9991fa1753666813532f375114be5dad0a66d,7b2e3a79eee06acf94cf4cb9fdd2f2feca6e707a2008128edfe8293712b5f05c,b47d13a16676b9ebcf2fba250a941603ecc19ab1bb078eab6968a462aa9828dc,621dd6d141b5aeaf2d0af3fb9e76ef7e31c25d457e52f451763c759713b23beb,nan||nan||nan||nan||nan||nan||nan||nan||nan||nan||nan||nan||nan||nan||nan||nan||nan||6.13931775||64.44917715||344.27495218||453.49949408||475.21078652||354.59411169||22.4653||13.0896||4.73975738||0.99978947||0.01160571||0.984||0.09991997||0.984||0.09991997||0.9806||0.1098||0.00433083||0.23874605||0.32914286||2.05549648||6.7882251||42.39245216||0.3994||2.2582||89.97111016||1.59261357||87.80437253||13.71168914||87.80437253||13.71168914||87.4012||14.6918||0.12640909||0.02947682||0.08191458||0.05820806||0.08191458||0.05820806||0.0379||0.0514||944.64||0.25403355||0.1476484||0.25424359||0.14771809||0.25436675||0.14765161||0.38949054||0.14522621||0.38973109||0.14516732||0.3894948||0.14536278||0.48910533||0.14167903||0.0498879||0.03462632||0.05054805||0.03462103||0.05033699||0.03491605||0.07904605||0.03454312||0.07966723||0.03405578||0.07920868||0.03415718||0.10063701||0.03265947||26.62958617||149.03820677||691.06177341||516.91780489||866.46016||284.31674825||26.7555||12.1054||0.99969928||0.01063825||0.99056913||0.05884854||0.99056913||0.05884854||0.9915||0.0561||0.00583372||0.20637704||0.18295438||1.14163385||6.08938308||37.99770163||0.1657||1.0877||89.93126918||2.43145908||87.84449817||13.45031417||87.84449817||13.45031417||88.1361||12.2374||0.07302476||0.03107633||0.02960708||0.03283568||0.02960708||0.03283568||0.0181||0.0258||489.4192||29.61702128||177.30884421||873.8545618||655.44505333||1094.83146067||362.90491118||30.0846||13.7043||0.99973321||0.01007117||0.99048887||0.059397||0.99048887||0.059397||0.9914||0.0566||0.00516743||0.19506607||0.18421875||1.15044573||6.86731389||42.88636147||0.1668||1.0959||89.93960856||2.27972693||87.8470451||13.44519902||87.8470451||13.44519902||88.138||12.2361||0.06249648||0.00766957||0.0262808||0.027342||0.0262808||0.027342||0.0179||0.0231||614.4,3f7bd9ef2fc2c76aeba44020e36eb98f491a0e7b280343a761fd2ff8a01708d1,71
EXCEL-ROW-0080,73,80,4eb020b6381853abad6225e0ace9991fa1753666813532f375114be5dad0a66d,931f7331b00b415aead7b4f19f7cc51477ce6ece015c77c4a9ca66688d4e4308,b47d13a16676b9ebcf2fba250a941603ecc19ab1bb078eab6968a462aa9828dc,621dd6d141b5aeaf2d0af3fb9e76ef7e31c25d457e52f451763c759713b23beb,nan||nan||nan||nan||nan||nan||nan||nan||nan||nan||nan||nan||nan||nan||nan||nan||nan||6.13931775||64.44917715||344.27495218||453.49949408||475.21078652||354.59411169||22.4653||13.0896||4.73975738||0.99978947||0.01160571||0.984||0.09991997||0.984||0.09991997||0.9806||0.1098||0.00433083||0.23874605||0.32914286||2.05549648||6.7882251||42.39245216||0.3994||2.2582||89.97111016||1.59261357||87.80437253||13.71168914||87.80437253||13.71168914||87.4012||14.6918||0.12640909||0.02947682||0.08191458||0.05820806||0.08191458||0.05820806||0.0379||0.0514||944.64||0.25403355||0.1476484||0.25424359||0.14771809||0.25436675||0.14765161||0.38949054||0.14522621||0.38973109||0.14516732||0.3894948||0.14536278||0.48910533||0.14167903||0.0498879||0.03462632||0.05054805||0.03462103||0.05033699||0.03491605||0.07904605||0.03454312||0.07966723||0.03405578||0.07920868||0.03415718||0.10063701||0.03265947||26.62958617||149.03820677||691.06177341||516.91780489||866.46016||284.31674825||26.7555||12.1054||0.99969928||0.01063825||0.99056913||0.05884854||0.99056913||0.05884854||0.9915||0.0561||0.00583372||0.20637704||0.18295438||1.14163385||6.08938308||37.99770163||0.1657||1.0877||89.93126918||2.43145908||87.84449817||13.45031417||87.84449817||13.45031417||88.1361||12.2374||0.07302476||0.03107633||0.02960708||0.03283568||0.02960708||0.03283568||0.0181||0.0258||489.4192||29.61702128||177.30884421||873.8545618||655.44505333||1094.83146067||362.90491118||30.0846||13.7043||0.99973321||0.01007117||0.99048887||0.059397||0.99048887||0.059397||0.9914||0.0566||0.00516743||0.19506607||0.18421875||1.15044573||6.86731389||42.88636147||0.1668||1.0959||89.93960856||2.27972693||87.8470451||13.44519902||87.8470451||13.44519902||88.138||12.2361||0.06249648||0.00766957||0.0262808||0.027342||0.0262808||0.027342||0.0179||0.0231||614.4,3f7bd9ef2fc2c76aeba44020e36eb98f491a0e7b280343a761fd2ff8a01708d1,71
EXCEL-ROW-0081,74,81,a758a629863454b6cd5bb71b69055dd5d1b0881179e731cb14b925c5ca77b9b7,5adf02f23ddf297fe357c58ee0c3e4fc504258a1503cb42d41c3d3e221e98661,b47d13a16676b9ebcf2fba250a941603ecc19ab1bb078eab6968a462aa9828dc,621dd6d141b5aeaf2d0af3fb9e76ef7e31c25d457e52f451763c759713b23beb,nan||nan||nan||nan||nan||nan||nan||nan||nan||nan||nan||nan||nan||nan||nan||nan||nan||9.87318722||5.7897797||12.26977434||5.57302503||463.9658427||136.02723806||3.5528||0.9533||1.88488726||0.97758552||0.00442784||0.97881171||0.00494589||0.97881186||0.00494509||0.9793||0.0046||0.49495601||0.13093543||0.43402788||0.12059114||52.15859079||16.8270038||0.4612||0.123||46.30493481||8.09718366||49.94296438||7.64490988||49.94296438||7.64490988||65.5081||5.7657||0.05839224||0.00844203||0.05542149||0.00699505||0.05542149||0.00699505||0.0549||0.0082||217.76||0.25100648||0.14414443||0.25095122||0.14411934||0.25041356||0.14413316||0.38363757||0.14265686||0.38335846||0.14235347||0.38325477||0.14275494||0.4813658||0.13891383||0.04980101||0.0250942||0.04984757||0.02473337||0.04982347||0.02494322||0.07246135||0.03091493||0.07251853||0.03069407||0.07244293||0.03108737||0.08958335||0.0358573||268.5004093||405.49172117||773.62516189||300.8022392||865.91382||116.70418481||29.605||2.0637||0.49890772||0.3982095||0.83370289||0.30102609||0.99056805||0.00437124||0.9911||0.0083||0.44016398||0.40312211||0.38014336||0.19072981||46.25209476||14.82486259||0.4139||0.1247||56.82469036||25.73876998||55.67888751||13.86105997||55.67888751||13.86105997||67.7849||5.8968||0.32687225||0.33059102||0.08127592||0.19181926||0.08127592||0.19181926||0.0109||0.0092||1083.3712||274.08926134||483.54748691||1016.48666842||355.36280699||1109.01784769||145.40824709||33.4931||2.2829||0.58830512||0.32897936||0.9393189||0.17589884||0.99079399||0.00423068||0.9913||0.0083||0.56489728||0.32447257||0.4395492||0.17482212||51.78515105||16.65143612||0.4136||0.1242||47.29897244||22.40836168||50.51332618||11.21578489||50.51332618||11.21578489||67.798||5.8865||0.41841461||0.29590641||0.05863061||0.16254711||0.05863061||0.16254711||0.0078||0.0098||1368.608,6ee2a37634c3b0358336fdb4db73ecca8434b2c81f289811f43d5c83c4e29347,72
EXCEL-ROW-0082,75,82,a758a629863454b6cd5bb71b69055dd5d1b0881179e731cb14b925c5ca77b9b7,4bbbaaf07b81229407cc37587e2e5dd7141212825133c355acb6331253543305,b47d13a16676b9ebcf2fba250a941603ecc19ab1bb078eab6968a462aa9828dc,621dd6d141b5aeaf2d0af3fb9e76ef7e31c25d457e52f451763c759713b23beb,nan||nan||nan||nan||nan||nan||nan||nan||nan||nan||nan||nan||nan||nan||nan||nan||nan||9.87318722||5.7897797||12.26977434||5.57302503||463.9658427||136.02723806||3.5528||0.9533||1.88488726||0.97758552||0.00442784||0.97881171||0.00494589||0.97881186||0.00494509||0.9793||0.0046||0.49495601||0.13093543||0.43402788||0.12059114||52.15859079||16.8270038||0.4612||0.123||46.30493481||8.09718366||49.94296438||7.64490988||49.94296438||7.64490988||65.5081||5.7657||0.05839224||0.00844203||0.05542149||0.00699505||0.05542149||0.00699505||0.0549||0.0082||217.76||0.25100648||0.14414443||0.25095122||0.14411934||0.25041356||0.14413316||0.38363757||0.14265686||0.38335846||0.14235347||0.38325477||0.14275494||0.4813658||0.13891383||0.04980101||0.0250942||0.04984757||0.02473337||0.04982347||0.02494322||0.07246135||0.03091493||0.07251853||0.03069407||0.07244293||0.03108737||0.08958335||0.0358573||268.5004093||405.49172117||773.62516189||300.8022392||865.91382||116.70418481||29.605||2.0637||0.49890772||0.3982095||0.83370289||0.30102609||0.99056805||0.00437124||0.9911||0.0083||0.44016398||0.40312211||0.38014336||0.19072981||46.25209476||14.82486259||0.4139||0.1247||56.82469036||25.73876998||55.67888751||13.86105997||55.67888751||13.86105997||67.7849||5.8968||0.32687225||0.33059102||0.08127592||0.19181926||0.08127592||0.19181926||0.0109||0.0092||1083.3712||274.08926134||483.54748691||1016.48666842||355.36280699||1109.01784769||145.40824709||33.4931||2.2829||0.58830512||0.32897936||0.9393189||0.17589884||0.99079399||0.00423068||0.9913||0.0083||0.56489728||0.32447257||0.4395492||0.17482212||51.78515105||16.65143612||0.4136||0.1242||47.29897244||22.40836168||50.51332618||11.21578489||50.51332618||11.21578489||67.798||5.8865||0.41841461||0.29590641||0.05863061||0.16254711||0.05863061||0.16254711||0.0078||0.0098||1368.608,6ee2a37634c3b0358336fdb4db73ecca8434b2c81f289811f43d5c83c4e29347,72
EXCEL-ROW-0083,76,83,2e3353ec66a664b3877612519c23793785558d3f225aff30a2d065865e9182f7,109c4f9b0f6f66165f89646e001ca0b67c715891b2b6f0f5e9ed079d3f7c334a,b47d13a16676b9ebcf2fba250a941603ecc19ab1bb078eab6968a462aa9828dc,621dd6d141b5aeaf2d0af3fb9e76ef7e31c25d457e52f451763c759713b23beb,nan||nan||nan||nan||nan||nan||nan||nan||nan||nan||nan||nan||nan||nan||nan||nan||nan||4.62533519||27.03341719||115.99219892||243.18660962||460.22951311||117.49811933||7.9798||9.9473||2.82485398||0.96996259||0.01054875||0.97113702||0.04972637||0.97085263||0.0497324||0.9722||0.051||0.79692346||0.36176915||0.96998876||2.6387985||56.73416273||30.83067239||0.9757||2.6821||34.10065141||9.27032917||38.9569482||12.6194929||38.9569482||12.6194929||56.8308||12.6199||0.09545618||0.01402811||0.07257678||0.033028||0.07257678||0.033028||0.0681||0.0359||214.88||0.25058941||0.14469964||0.25006453||0.14468106||0.25040566||0.1444488||0.38318845||0.14270432||0.38306839||0.14244975||0.38339918||0.14250105||0.48101851||0.13923919||0.0483983||0.02760921||0.04788205||0.02776359||0.04812264||0.02785546||0.07308236||0.02876005||0.07306236||0.02858521||0.07329642||0.02870565||0.09067616||0.03221366||58.71899219||204.21636019||592.71806002||419.29077603||854.72833||102.82624908||26.2939||8.9551||0.91477893||0.21223306||0.94347933||0.16024289||0.98775199||0.02320351||0.9878||0.024||0.45399018||0.36122412||0.70319807||0.81414618||50.09618903||27.64363904||0.6936||0.8046||52.82086369||18.45718748||44.1408392||15.38758198||44.1408392||15.38758198||60.1214||12.9959||0.18215792||0.24493974||0.09088122||0.17630157||0.09088122||0.17630157||0.015||0.017||1071.5696||71.43568237||254.93632851||755.68014341||532.43752919||1093.92019975||126.69124316||29.6452||10.295||0.90507704||0.22314982||0.93607527||0.17063258||0.98798272||0.02302139||0.988||0.0239||0.49411586||0.34368018||0.7323233||0.83032748||56.00356268||31.21768864||0.6945||0.8192||49.48628823||15.38677936||42.16296838||15.41803336||42.16296838||15.41803336||60.1727||13.0278||0.12624803||0.19147194||0.06760361||0.15534715||0.06760361||0.15534715||0.0123||0.0154||1350.88,c0337b9bce5b4a2d20e0423cd78b3dc0202139db53d9b1ab703c38e26f781adf,73
EXCEL-ROW-0084,77,84,2e3353ec66a664b3877612519c23793785558d3f225aff30a2d065865e9182f7,7b6ad21b801ff81f427046940979d2cdb807fadcf1c4f5a55f64cd80a45def52,b47d13a16676b9ebcf2fba250a941603ecc19ab1bb078eab6968a462aa9828dc,621dd6d141b5aeaf2d0af3fb9e76ef7e31c25d457e52f451763c759713b23beb,nan||nan||nan||nan||nan||nan||nan||nan||nan||nan||nan||nan||nan||nan||nan||nan||nan||4.62533519||27.03341719||115.99219892||243.18660962||460.22951311||117.49811933||7.9798||9.9473||2.82485398||0.96996259||0.01054875||0.97113702||0.04972637||0.97085263||0.0497324||0.9722||0.051||0.79692346||0.36176915||0.96998876||2.6387985||56.73416273||30.83067239||0.9757||2.6821||34.10065141||9.27032917||38.9569482||12.6194929||38.9569482||12.6194929||56.8308||12.6199||0.09545618||0.01402811||0.07257678||0.033028||0.07257678||0.033028||0.0681||0.0359||214.88||0.25058941||0.14469964||0.25006453||0.14468106||0.25040566||0.1444488||0.38318845||0.14270432||0.38306839||0.14244975||0.38339918||0.14250105||0.48101851||0.13923919||0.0483983||0.02760921||0.04788205||0.02776359||0.04812264||0.02785546||0.07308236||0.02876005||0.07306236||0.02858521||0.07329642||0.02870565||0.09067616||0.03221366||58.71899219||204.21636019||592.71806002||419.29077603||854.72833||102.82624908||26.2939||8.9551||0.91477893||0.21223306||0.94347933||0.16024289||0.98775199||0.02320351||0.9878||0.024||0.45399018||0.36122412||0.70319807||0.81414618||50.09618903||27.64363904||0.6936||0.8046||52.82086369||18.45718748||44.1408392||15.38758198||44.1408392||15.38758198||60.1214||12.9959||0.18215792||0.24493974||0.09088122||0.17630157||0.09088122||0.17630157||0.015||0.017||1071.5696||71.43568237||254.93632851||755.68014341||532.43752919||1093.92019975||126.69124316||29.6452||10.295||0.90507704||0.22314982||0.93607527||0.17063258||0.98798272||0.02302139||0.988||0.0239||0.49411586||0.34368018||0.7323233||0.83032748||56.00356268||31.21768864||0.6945||0.8192||49.48628823||15.38677936||42.16296838||15.41803336||42.16296838||15.41803336||60.1727||13.0278||0.12624803||0.19147194||0.06760361||0.15534715||0.06760361||0.15534715||0.0123||0.0154||1350.88,c0337b9bce5b4a2d20e0423cd78b3dc0202139db53d9b1ab703c38e26f781adf,73
EXCEL-ROW-0085,78,85,a423e8e29a9a30b1270a9f658aeedd2a0dfe40e70011c545435c9dddf99b1c03,5518f33c88c2d82e7d229c4025cd6244d59c6e0df0c0fa58b6d84e325cf2cdf3,b47d13a16676b9ebcf2fba250a941603ecc19ab1bb078eab6968a462aa9828dc,621dd6d141b5aeaf2d0af3fb9e76ef7e31c25d457e52f451763c759713b23beb,nan||nan||nan||nan||nan||nan||nan||nan||nan||nan||nan||nan||nan||nan||nan||nan||nan||5.49859417||38.87158393||202.97274567||294.19854054||460.07650437||124.66958016||12.2102||11.4325||3.49430966||0.97101275||0.00941026||0.96979026||0.06547312||0.96979026||0.06547311||0.9717||0.0674||0.7704981||0.27631673||0.91044909||1.83542853||53.72090988||35.40603239||0.8839||1.8849||34.25413342||7.05767353||41.08525867||15.03495466||41.08525867||15.03495466||59.7869||14.5291||0.11365946||0.02755276||0.07609484||0.04504918||0.07609484||0.04504918||0.0635||0.0477||614.08||0.25253772||0.14608785||0.25253268||0.14594695||0.25255147||0.14586921||0.3865403||0.14414169||0.38654187||0.14394001||0.386604||0.14392491||0.48531673||0.14042069||0.04983665||0.02967605||0.04953793||0.02937584||0.04948431||0.02974694||0.07642417||0.02899401||0.07618004||0.02910543||0.07645783||0.0291914||0.09674239||0.02560847||30.43705001||140.05356564||373.20184417||447.13546846||868.02662||94.77345693||23.4547||11.5449||0.85928574||0.24549312||0.89921559||0.20151152||0.98825568||0.03012295||0.9881||0.0322||0.59236466||0.59150727||0.77672853||1.00628524||47.04185589||33.02346026||0.6609||0.9318||47.40415078||16.58234475||42.89592738||16.25209986||42.89592738||16.25209986||62.3117||13.1088||0.19114081||0.24642288||0.12537594||0.19511714||0.12537594||0.19511714||0.0178||0.023||747.008||29.19737614||155.03590498||469.15077352||569.84707383||1101.37168539||118.71468928||26.2126||13.2684||0.85287718||0.24750651||0.90326926||0.20177149||0.98824692||0.02986884||0.9881||0.032||0.60831251||0.60466333||0.77750011||1.01024732||53.14947036||37.15778972||0.661||0.9339||46.91232216||16.71432618||42.81156706||16.341092||42.81156706||16.341092||62.3215||13.1304||0.19763911||0.23435987||0.12191138||0.19716132||0.12191138||0.19716132||0.0176||0.023||960.352,f03da1f71439330d3651ae9e1266031435bdc2adfd99c8dadc87330fe0f2808e,74
EXCEL-ROW-0086,79,86,a423e8e29a9a30b1270a9f658aeedd2a0dfe40e70011c545435c9dddf99b1c03,7359d599058a034129a64ceea8f53a9bf0e27d3f4cb5d08674cf42fe457d13c0,b47d13a16676b9ebcf2fba250a941603ecc19ab1bb078eab6968a462aa9828dc,621dd6d141b5aeaf2d0af3fb9e76ef7e31c25d457e52f451763c759713b23beb,nan||nan||nan||nan||nan||nan||nan||nan||nan||nan||nan||nan||nan||nan||nan||nan||nan||5.49859417||38.87158393||202.97274567||294.19854054||460.07650437||124.66958016||12.2102||11.4325||3.49430966||0.97101275||0.00941026||0.96979026||0.06547312||0.96979026||0.06547311||0.9717||0.0674||0.7704981||0.27631673||0.91044909||1.83542853||53.72090988||35.40603239||0.8839||1.8849||34.25413342||7.05767353||41.08525867||15.03495466||41.08525867||15.03495466||59.7869||14.5291||0.11365946||0.02755276||0.07609484||0.04504918||0.07609484||0.04504918||0.0635||0.0477||614.08||0.25253772||0.14608785||0.25253268||0.14594695||0.25255147||0.14586921||0.3865403||0.14414169||0.38654187||0.14394001||0.386604||0.14392491||0.48531673||0.14042069||0.04983665||0.02967605||0.04953793||0.02937584||0.04948431||0.02974694||0.07642417||0.02899401||0.07618004||0.02910543||0.07645783||0.0291914||0.09674239||0.02560847||30.43705001||140.05356564||373.20184417||447.13546846||868.02662||94.77345693||23.4547||11.5449||0.85928574||0.24549312||0.89921559||0.20151152||0.98825568||0.03012295||0.9881||0.0322||0.59236466||0.59150727||0.77672853||1.00628524||47.04185589||33.02346026||0.6609||0.9318||47.40415078||16.58234475||42.89592738||16.25209986||42.89592738||16.25209986||62.3117||13.1088||0.19114081||0.24642288||0.12537594||0.19511714||0.12537594||0.19511714||0.0178||0.023||747.008||29.19737614||155.03590498||469.15077352||569.84707383||1101.37168539||118.71468928||26.2126||13.2684||0.85287718||0.24750651||0.90326926||0.20177149||0.98824692||0.02986884||0.9881||0.032||0.60831251||0.60466333||0.77750011||1.01024732||53.14947036||37.15778972||0.661||0.9339||46.91232216||16.71432618||42.81156706||16.341092||42.81156706||16.341092||62.3215||13.1304||0.19763911||0.23435987||0.12191138||0.19716132||0.12191138||0.19716132||0.0176||0.023||960.352,f03da1f71439330d3651ae9e1266031435bdc2adfd99c8dadc87330fe0f2808e,74
EXCEL-ROW-0087,80,87,d6624a5e304f588ef6cb9605e8e614f9ea26ddbb5bb4070882af3d8da16df748,9031fcdfbab4b6478f470bec1a0973f8b04dd16e73080083760d35789bdfe68a,b47d13a16676b9ebcf2fba250a941603ecc19ab1bb078eab6968a462aa9828dc,621dd6d141b5aeaf2d0af3fb9e76ef7e31c25d457e52f451763c759713b23beb,nan||nan||nan||nan||nan||nan||nan||nan||nan||nan||nan||nan||nan||nan||nan||nan||nan||4.02362923||37.74545406||135.39978737||315.98043971||469.6293633||203.08033352||13.639||12.9751||3.69310168||0.97550483||0.01607348||0.97598958||0.06497307||0.96806131||0.07864684||0.9704||0.0862||0.70650223||0.48423735||0.72920139||1.80683882||51.60742668||38.86127365||0.9568||2.379||43.50727275||24.97372932||51.90513167||19.46843862||51.90513167||19.46843862||60.9714||17.0448||0.13449566||0.04026876||0.11561533||0.05073871||0.11561533||0.05073871||0.0666||0.0567||892.8||0.2533741||0.14661404||0.25369861||0.14657852||0.25401844||0.14656025||0.3879454||0.14505421||0.38832548||0.14510978||0.38815038||0.14504713||0.48730841||0.1416974||0.05363062||0.03077125||0.05316449||0.0309058||0.05301276||0.0309195||0.08187645||0.03001652||0.08150978||0.03006918||0.08179694||0.02997904||0.10311944||0.02715684||28.60419996||143.04843998||405.56908509||458.76836655||861.8803||159.18036708||25.038||11.0899||0.87978708||0.25163236||0.88619029||0.23316426||0.98699095||0.04383541||0.9871||0.0433||0.45001991||0.32946237||0.71236124||0.87209798||45.91514611||36.09488186||0.6644||0.84||52.45418599||16.71965655||44.12046784||17.09424064||44.12046784||17.09424064||61.4984||12.9173||0.17563965||0.21908585||0.13136092||0.21008295||0.13136092||0.21008295||0.0184||0.0262||526.0224||29.66806194||164.40723327||509.31682539||583.05066816||1088.38451935||202.64817741||28.0677||12.6545||0.87136418||0.25847586||0.88550243||0.2346034||0.98690737||0.04404212||0.987||0.0436||0.46633529||0.31812496||0.7178835||0.87516962||51.72094041||40.80186286||0.6662||0.8443||51.11120694||15.52923316||43.71701314||16.99297038||43.71701314||16.99297038||61.4518||12.9222||0.18017225||0.22784874||0.13201449||0.21396679||0.13201449||0.21396679||0.0185||0.0255||665.12,dbb583836756b3e84defe8cdecf89efdb01266a1f005d50635ca0fd9bbb11321,75
EXCEL-ROW-0088,81,88,d6624a5e304f588ef6cb9605e8e614f9ea26ddbb5bb4070882af3d8da16df748,0825a49d7d2f6055c52abb7d374ab51aa4db22396b1079829c7f30775b8a4c72,b47d13a16676b9ebcf2fba250a941603ecc19ab1bb078eab6968a462aa9828dc,621dd6d141b5aeaf2d0af3fb9e76ef7e31c25d457e52f451763c759713b23beb,nan||nan||nan||nan||nan||nan||nan||nan||nan||nan||nan||nan||nan||nan||nan||nan||nan||4.02362923||37.74545406||135.39978737||315.98043971||469.6293633||203.08033352||13.639||12.9751||3.69310168||0.97550483||0.01607348||0.97598958||0.06497307||0.96806131||0.07864684||0.9704||0.0862||0.70650223||0.48423735||0.72920139||1.80683882||51.60742668||38.86127365||0.9568||2.379||43.50727275||24.97372932||51.90513167||19.46843862||51.90513167||19.46843862||60.9714||17.0448||0.13449566||0.04026876||0.11561533||0.05073871||0.11561533||0.05073871||0.0666||0.0567||892.8||0.2533741||0.14661404||0.25369861||0.14657852||0.25401844||0.14656025||0.3879454||0.14505421||0.38832548||0.14510978||0.38815038||0.14504713||0.48730841||0.1416974||0.05363062||0.03077125||0.05316449||0.0309058||0.05301276||0.0309195||0.08187645||0.03001652||0.08150978||0.03006918||0.08179694||0.02997904||0.10311944||0.02715684||28.60419996||143.04843998||405.56908509||458.76836655||861.8803||159.18036708||25.038||11.0899||0.87978708||0.25163236||0.88619029||0.23316426||0.98699095||0.04383541||0.9871||0.0433||0.45001991||0.32946237||0.71236124||0.87209798||45.91514611||36.09488186||0.6644||0.84||52.45418599||16.71965655||44.12046784||17.09424064||44.12046784||17.09424064||61.4984||12.9173||0.17563965||0.21908585||0.13136092||0.21008295||0.13136092||0.21008295||0.0184||0.0262||526.0224||29.66806194||164.40723327||509.31682539||583.05066816||1088.38451935||202.64817741||28.0677||12.6545||0.87136418||0.25847586||0.88550243||0.2346034||0.98690737||0.04404212||0.987||0.0436||0.46633529||0.31812496||0.7178835||0.87516962||51.72094041||40.80186286||0.6662||0.8443||51.11120694||15.52923316||43.71701314||16.99297038||43.71701314||16.99297038||61.4518||12.9222||0.18017225||0.22784874||0.13201449||0.21396679||0.13201449||0.21396679||0.0185||0.0255||665.12,dbb583836756b3e84defe8cdecf89efdb01266a1f005d50635ca0fd9bbb11321,75
EXCEL-ROW-0089,82,89,64f7766cee4bcd3c2a335b9a458998fb4b0f76bd055cdde0b17bc39c2179e6a7,e6aa93572b8a2b73a0dc3a9c1a4e09f29919da4ca8aed4073a6db497a59f3425,b47d13a16676b9ebcf2fba250a941603ecc19ab1bb078eab6968a462aa9828dc,621dd6d141b5aeaf2d0af3fb9e76ef7e31c25d457e52f451763c759713b23beb,nan||nan||nan||nan||nan||nan||nan||nan||nan||nan||nan||nan||nan||nan||nan||nan||nan||3.32506646||36.43056654||118.33283331||288.73988103||468.17018727||235.39180627||14.5733||13.6031||3.81749918||0.97613662||0.01812126||0.97588681||0.06780841||0.96658795||0.08853807||0.9688||0.0984||0.59471414||0.44238584||0.64325085||1.67099758||49.27541338||41.65739519||0.8803||2.2202||48.55941132||26.39763906||55.22912844||17.90670479||55.22912844||17.90670479||63.1867||17.1493||0.14473897||0.04037888||0.12562882||0.05267051||0.12562882||0.05267051||0.0698||0.0626||849.12||0.25288053||0.14684967||0.25335594||0.14689625||0.25368332||0.14698377||0.38763578||0.14498149||0.38820388||0.14499979||0.38787921||0.14499158||0.48703866||0.14154124||0.04940832||0.03167534||0.04925564||0.03134465||0.04919099||0.03133108||0.07609787||0.03259185||0.07593246||0.03231497||0.07604552||0.03260336||0.09623081||0.03152994||26.00523196||142.20486443||586.27548336||470.90990866||858.49772||187.00632969||26.4337||10.4128||0.92617634||0.20730795||0.93604249||0.17877619||0.98600007||0.05057526||0.9862||0.0494||0.30229688||0.36024664||0.69891104||0.90801748||43.99547449||37.45459285||0.7114||0.8721||65.22542782||22.85726224||47.23829076||20.35284462||47.23829076||20.35284462||60.6202||14.7594||0.15701905||0.17931771||0.08463798||0.1654421||0.08463798||0.1654421||0.0185||0.03||558.8256||27.16134955||163.93235261||741.58948713||599.13697733||1087.47126092||236.86640187||29.6591||11.8852||0.91739283||0.21799124||0.9357529||0.17971635||0.98600442||0.05038262||0.9862||0.0492||0.31955673||0.35766432||0.70692537||0.91328886||49.60125053||42.17738873||0.7151||0.8804||63.82233848||22.79311423||46.68856065||20.00772472||46.68856065||20.00772472||60.5496||14.7401||0.16215449||0.19063971||0.08436443||0.16972689||0.08436443||0.16972689||0.0187||0.0291||706.88,1a1a90152f3d594aeb7e21fe641f83a6170e5009331ba908ad523c9d0aed66ba,76
EXCEL-ROW-0090,83,90,ae4cc7fe91a4b12ebd02d5e3866939c398f831c5b2db35d807270e88da207730,dac5cab0ea4df46c5527b13b18cd89a46f7f97bb3d5da8bc679390814cce3acb,b47d13a16676b9ebcf2fba250a941603ecc19ab1bb078eab6968a462aa9828dc,621dd6d141b5aeaf2d0af3fb9e76ef7e31c25d457e52f451763c759713b23beb,nan||nan||nan||nan||nan||nan||nan||nan||nan||nan||nan||nan||nan||nan||nan||nan||nan||2.37421262||34.65098407||233.7226256||415.17490542||447.57612984||296.86906128||16.7171||14.8392||4.08865504||0.97645184||0.02112428||0.96847689||0.10033904||0.96402378||0.0998279||0.9657||0.1159||0.45088733||0.41645707||0.59560283||1.82491699||44.4849064||44.38010754||0.6451||2.1102||56.80756453||27.07252692||65.17406595||17.5715355||65.17406595||17.5715355||74.8099||21.1281||0.17409164||0.04646077||0.13031501||0.07166351||0.13031501||0.07166351||0.0761||0.077||975.68||0.2531323||0.14707148||0.25292253||0.14699866||0.25331438||0.14675196||0.38770874||0.14479753||0.38775369||0.14467136||0.38789279||0.14473935||0.48687218||0.14122387||0.05048032||0.03299718||0.05026496||0.03273473||0.05020061||0.0330708||0.07876659||0.03210964||0.07853578||0.0323116||0.07867916||0.03256448||0.09971662||0.03009284||21.12633971||135.22471274||766.56464724||427.42923203||869.0848||244.53018641||28.2227||9.5134||0.9996114||0.01087838||0.98491833||0.06611519||0.98491833||0.06611519||0.9857||0.0617||0.01646238||0.16957847||0.6389155||0.84757136||38.0038675||40.73799403||0.6991||0.8089||89.00012011||7.2826798||51.19401987||24.31694307||51.19401987||24.31694307||61.191||16.918||0.12095537||0.03816693||0.03258039||0.0487124||0.03258039||0.0487124||0.0196||0.036||428.624||22.68264056||157.95002332||969.26525643||542.11413784||1099.01782772||311.18575119||31.7313||10.7663||0.99966893||0.01006015||0.98484537||0.06639341||0.98484537||0.06639341||0.9856||0.062||0.01396039||0.1566172||0.63903692||0.85050903||42.89006051||45.94441332||0.7001||0.8117||89.15317772||6.71287812||51.23671029||24.35117191||51.23671029||24.35117191||61.1762||16.9238||0.11206673||0.01376932||0.03115894||0.04456913||0.03115894||0.04456913||0.0198||0.0344||546.88,baad91d8315b9bca940885bb069d08ab2c85e162039940fb0945167743e309bd,77
EXCEL-ROW-0091,84,91,ae4cc7fe91a4b12ebd02d5e3866939c398f831c5b2db35d807270e88da207730,c036d9befa875463b421fdf0ae9752f67bad4c288128b6235b31872c35f552be,b47d13a16676b9ebcf2fba250a941603ecc19ab1bb078eab6968a462aa9828dc,621dd6d141b5aeaf2d0af3fb9e76ef7e31c25d457e52f451763c759713b23beb,nan||nan||nan||nan||nan||nan||nan||nan||nan||nan||nan||nan||nan||nan||nan||nan||nan||2.37421262||34.65098407||233.7226256||415.17490542||447.57612984||296.86906128||16.7171||14.8392||4.08865504||0.97645184||0.02112428||0.96847689||0.10033904||0.96402378||0.0998279||0.9657||0.1159||0.45088733||0.41645707||0.59560283||1.82491699||44.4849064||44.38010754||0.6451||2.1102||56.80756453||27.07252692||65.17406595||17.5715355||65.17406595||17.5715355||74.8099||21.1281||0.17409164||0.04646077||0.13031501||0.07166351||0.13031501||0.07166351||0.0761||0.077||975.68||0.2531323||0.14707148||0.25292253||0.14699866||0.25331438||0.14675196||0.38770874||0.14479753||0.38775369||0.14467136||0.38789279||0.14473935||0.48687218||0.14122387||0.05048032||0.03299718||0.05026496||0.03273473||0.05020061||0.0330708||0.07876659||0.03210964||0.07853578||0.0323116||0.07867916||0.03256448||0.09971662||0.03009284||21.12633971||135.22471274||766.56464724||427.42923203||869.0848||244.53018641||28.2227||9.5134||0.9996114||0.01087838||0.98491833||0.06611519||0.98491833||0.06611519||0.9857||0.0617||0.01646238||0.16957847||0.6389155||0.84757136||38.0038675||40.73799403||0.6991||0.8089||89.00012011||7.2826798||51.19401987||24.31694307||51.19401987||24.31694307||61.191||16.918||0.12095537||0.03816693||0.03258039||0.0487124||0.03258039||0.0487124||0.0196||0.036||428.624||22.68264056||157.95002332||969.26525643||542.11413784||1099.01782772||311.18575119||31.7313||10.7663||0.99966893||0.01006015||0.98484537||0.06639341||0.98484537||0.06639341||0.9856||0.062||0.01396039||0.1566172||0.63903692||0.85050903||42.89006051||45.94441332||0.7001||0.8117||89.15317772||6.71287812||51.23671029||24.35117191||51.23671029||24.35117191||61.1762||16.9238||0.11206673||0.01376932||0.03115894||0.04456913||0.03115894||0.04456913||0.0198||0.0344||546.88,baad91d8315b9bca940885bb069d08ab2c85e162039940fb0945167743e309bd,77
EXCEL-ROW-0092,85,92,bbd7a796a009edd551c262250ae33faaf76217e4663a7a26fabaa25f3dff5887,5ad56f465004ccbaa21b2f4c855e93ca1333d8b8cf4322eac755a5ffef5288f2,b47d13a16676b9ebcf2fba250a941603ecc19ab1bb078eab6968a462aa9828dc,621dd6d141b5aeaf2d0af3fb9e76ef7e31c25d457e52f451763c759713b23beb,nan||nan||nan||nan||nan||nan||nan||nan||nan||nan||nan||nan||nan||nan||nan||nan||nan||5.13841575||50.69148505||233.71691475||418.77812274||456.91485643||297.69455882||16.7736||14.7961||4.09555857||0.97186109||0.01978408||0.97228178||0.07148778||0.97264997||0.07143049||0.9766||0.0833||0.60972125||0.49849653||0.72268111||2.537179||41.22222758||36.23062625||0.6625||2.9344||47.81307923||25.37353069||57.23350532||20.15584073||57.23350532||20.15584073||75.1673||20.311||0.10950376||0.02502238||0.08008891||0.04351108||0.08008891||0.04351108||0.0519||0.0491||995.2||0.25658396||0.14731323||0.25684414||0.14741391||0.25693406||0.14741406||0.39194785||0.1470142||0.3922658||0.14687861||0.39203082||0.14695021||0.49225214||0.14377112||0.06078023||0.02920382||0.06141498||0.02899766||0.06084264||0.02910426||0.09218266||0.02573172||0.09224928||0.02552683||0.09180738||0.02583388||0.1154647||0.01940495||39.98262954||185.32555104||780.90166565||426.62992311||881.36709||244.16906612||28.5021||9.3359||0.99954944||0.010367||0.99037405||0.0469876||0.99037405||0.0469876||0.9905||0.0437||0.03282252||0.2675889||0.70124104||1.03008095||34.64318132||32.62682364||0.777||1.0148||88.10966546||10.082889||49.61369778||24.84588672||49.61369778||24.84588672||59.412||17.3076||0.09279554||0.0427011||0.02648879||0.03735739||0.02648879||0.03735739||0.0154||0.0255||439.2192||46.11988551||223.67298629||980.56453433||537.56709715||1106.35905119||309.80307779||31.9451||10.5271||0.99957562||0.01005243||0.99012246||0.04752469||0.99012247||0.04752469||0.9902||0.0443||0.03026846||0.25859961||0.70449849||1.03994842||39.61290669||37.01904782||0.7814||1.0241||88.2656003||9.6778822||49.63184696||24.90774799||49.63184696||24.90774799||59.3577||17.3548||0.07861625||0.01316077||0.02421335||0.03064014||0.02421335||0.03064014||0.0161||0.0233||547.2,66501836296be5d7f217b2a4bb2bbf4ed8e7b091ff03b05c425e7c14ac052c4e,78
EXCEL-ROW-0093,86,93,bbd7a796a009edd551c262250ae33faaf76217e4663a7a26fabaa25f3dff5887,4c46273abdf3062d3678f7dafd95d3cd5de8d8235d64ef34c6d3992d8c34d013,b47d13a16676b9ebcf2fba250a941603ecc19ab1bb078eab6968a462aa9828dc,621dd6d141b5aeaf2d0af3fb9e76ef7e31c25d457e52f451763c759713b23beb,nan||nan||nan||nan||nan||nan||nan||nan||nan||nan||nan||nan||nan||nan||nan||nan||nan||5.13841575||50.69148505||233.71691475||418.77812274||456.91485643||297.69455882||16.7736||14.7961||4.09555857||0.97186109||0.01978408||0.97228178||0.07148778||0.97264997||0.07143049||0.9766||0.0833||0.60972125||0.49849653||0.72268111||2.537179||41.22222758||36.23062625||0.6625||2.9344||47.81307923||25.37353069||57.23350532||20.15584073||57.23350532||20.15584073||75.1673||20.311||0.10950376||0.02502238||0.08008891||0.04351108||0.08008891||0.04351108||0.0519||0.0491||995.2||0.25658396||0.14731323||0.25684414||0.14741391||0.25693406||0.14741406||0.39194785||0.1470142||0.3922658||0.14687861||0.39203082||0.14695021||0.49225214||0.14377112||0.06078023||0.02920382||0.06141498||0.02899766||0.06084264||0.02910426||0.09218266||0.02573172||0.09224928||0.02552683||0.09180738||0.02583388||0.1154647||0.01940495||39.98262954||185.32555104||780.90166565||426.62992311||881.36709||244.16906612||28.5021||9.3359||0.99954944||0.010367||0.99037405||0.0469876||0.99037405||0.0469876||0.9905||0.0437||0.03282252||0.2675889||0.70124104||1.03008095||34.64318132||32.62682364||0.777||1.0148||88.10966546||10.082889||49.61369778||24.84588672||49.61369778||24.84588672||59.412||17.3076||0.09279554||0.0427011||0.02648879||0.03735739||0.02648879||0.03735739||0.0154||0.0255||439.2192||46.11988551||223.67298629||980.56453433||537.56709715||1106.35905119||309.80307779||31.9451||10.5271||0.99957562||0.01005243||0.99012246||0.04752469||0.99012247||0.04752469||0.9902||0.0443||0.03026846||0.25859961||0.70449849||1.03994842||39.61290669||37.01904782||0.7814||1.0241||88.2656003||9.6778822||49.63184696||24.90774799||49.63184696||24.90774799||59.3577||17.3548||0.07861625||0.01316077||0.02421335||0.03064014||0.02421335||0.03064014||0.0161||0.0233||547.2,66501836296be5d7f217b2a4bb2bbf4ed8e7b091ff03b05c425e7c14ac052c4e,78
EXCEL-ROW-0094,87,94,f51ce95f6008eb96b651f56d6b92e7c27b436892230af621a42ead91ea84960b,0b3372ed3cb660a66692b93abca2a8aa03f618c2390f4c552605a5896011af93,b47d13a16676b9ebcf2fba250a941603ecc19ab1bb078eab6968a462aa9828dc,621dd6d141b5aeaf2d0af3fb9e76ef7e31c25d457e52f451763c759713b23beb,nan||nan||nan||nan||nan||nan||nan||nan||nan||nan||nan||nan||nan||nan||nan||nan||nan||4.73061071||49.61241455||230.9945272||433.92587813||466.86580175||319.87797602||16.958||15.2619||4.11800923||0.955584||0.11853972||0.96473736||0.09442158||0.97058355||0.06541276||0.9747||0.0791||0.5978501||0.40154811||0.59697501||1.17466122||44.84023539||36.63642639||0.5201||1.4191||46.29735785||21.64639097||54.8275543||21.01485388||54.8275543||21.01485388||72.6864||20.3137||0.11977503||0.08532538||0.09223323||0.04812937||0.09223323||0.04812937||0.0563||0.0528||1034.2||0.25560999||0.14706814||0.25520777||0.14699129||0.25574352||0.1471491||0.39026582||0.14627216||0.39041477||0.14618946||0.39063363||0.1463847||0.49010914||0.14336521||0.05834315||0.03140109||0.05835051||0.03142714||0.0599964||0.03170952||0.09032844||0.0249634||0.09161729||0.02457194||0.0915229||0.02487109||0.11436859||0.0175296||21.05638981||136.8265182||709.38428975||432.57317506||873.182165||258.5111718||28.8351||8.8952||0.97979831||0.12330596||0.93616439||0.17889812||0.98895924||0.04917138||0.9895||0.0446||0.06124709||0.31277779||0.67184067||0.75273894||38.0312456||32.38734421||0.799||0.7476||86.84344619||13.99166295||48.54570669||24.34435983||48.54570669||24.34435983||56.4095||16.0047||0.22009901||0.17256154||0.11595125||0.2064045||0.11595125||0.2064045||0.0157||0.0335||411.8048||21.81388641||156.53932244||987.31017817||528.48805153||1095.46015081||328.36477756||32.3235||10.0238||0.98362875||0.10930636||0.9756618||0.11872141||0.9886717||0.04963007||0.9892||0.045||0.05610085||0.29840608||0.72204192||0.82077792||43.44325347||36.63870738||0.8081||0.7683||87.13481649||13.45692386||46.6276392||24.90800767||46.6276392||24.90800767||56.2621||16.0841||0.21875594||0.16564341||0.05393641||0.08875486||0.05393641||0.08875486||0.0164||0.0322||511.96,8dfa4dc2f2bdc464d3b5c4210b092b54e26e2bfddd370ff251d3240c10df89b6,79
EXCEL-ROW-0095,88,95,f51ce95f6008eb96b651f56d6b92e7c27b436892230af621a42ead91ea84960b,28faffd1238dc8387b1e7b8a71a270d1b2eb9630e9a20e89f24c6f1c8ae91b12,b47d13a16676b9ebcf2fba250a941603ecc19ab1bb078eab6968a462aa9828dc,621dd6d141b5aeaf2d0af3fb9e76ef7e31c25d457e52f451763c759713b23beb,nan||nan||nan||nan||nan||nan||nan||nan||nan||nan||nan||nan||nan||nan||nan||nan||nan||4.73061071||49.61241455||230.9945272||433.92587813||466.86580175||319.87797602||16.958||15.2619||4.11800923||0.955584||0.11853972||0.96473736||0.09442158||0.97058355||0.06541276||0.9747||0.0791||0.5978501||0.40154811||0.59697501||1.17466122||44.84023539||36.63642639||0.5201||1.4191||46.29735785||21.64639097||54.8275543||21.01485388||54.8275543||21.01485388||72.6864||20.3137||0.11977503||0.08532538||0.09223323||0.04812937||0.09223323||0.04812937||0.0563||0.0528||1034.2||0.25560999||0.14706814||0.25520777||0.14699129||0.25574352||0.1471491||0.39026582||0.14627216||0.39041477||0.14618946||0.39063363||0.1463847||0.49010914||0.14336521||0.05834315||0.03140109||0.05835051||0.03142714||0.0599964||0.03170952||0.09032844||0.0249634||0.09161729||0.02457194||0.0915229||0.02487109||0.11436859||0.0175296||21.05638981||136.8265182||709.38428975||432.57317506||873.182165||258.5111718||28.8351||8.8952||0.97979831||0.12330596||0.93616439||0.17889812||0.98895924||0.04917138||0.9895||0.0446||0.06124709||0.31277779||0.67184067||0.75273894||38.0312456||32.38734421||0.799||0.7476||86.84344619||13.99166295||48.54570669||24.34435983||48.54570669||24.34435983||56.4095||16.0047||0.22009901||0.17256154||0.11595125||0.2064045||0.11595125||0.2064045||0.0157||0.0335||411.8048||21.81388641||156.53932244||987.31017817||528.48805153||1095.46015081||328.36477756||32.3235||10.0238||0.98362875||0.10930636||0.9756618||0.11872141||0.9886717||0.04963007||0.9892||0.045||0.05610085||0.29840608||0.72204192||0.82077792||43.44325347||36.63870738||0.8081||0.7683||87.13481649||13.45692386||46.6276392||24.90800767||46.6276392||24.90800767||56.2621||16.0841||0.21875594||0.16564341||0.05393641||0.08875486||0.05393641||0.08875486||0.0164||0.0322||511.96,8dfa4dc2f2bdc464d3b5c4210b092b54e26e2bfddd370ff251d3240c10df89b6,79
EXCEL-ROW-0096,89,96,9294eb2664632531066317210e7e490901fe8b4553e74c496f063ce7bf6976bf,112b7bc68fb0526a776ac51ba80a16dc564af00a65ed045de48f4d3a9bc13a8b,b47d13a16676b9ebcf2fba250a941603ecc19ab1bb078eab6968a462aa9828dc,621dd6d141b5aeaf2d0af3fb9e76ef7e31c25d457e52f451763c759713b23beb,nan||nan||nan||nan||nan||nan||nan||nan||nan||nan||nan||nan||nan||nan||nan||nan||nan||9.75067549||72.35711906||264.68635616||426.59411537||463.50401998||325.53699585||18.6244||14.1282||4.31559961||0.97801344||0.01678246||0.982223||0.04195942||0.98240289||0.04192209||0.9842||0.0511||0.56588548||0.42081445||0.39036321||0.66878229||27.2258441||33.72302915||0.3379||0.8131||49.94508525||25.54753009||63.91442769||24.1609396||63.91442769||24.1609396||77.2102||18.8952||0.08908328||0.02396418||0.06211154||0.03635669||0.06211154||0.03635669||0.0372||0.0377||966.72||0.25678555||0.14631727||0.2566784||0.14631262||0.25629365||0.14612665||0.39110571||0.14722456||0.39061885||0.14747046||0.39082029||0.1471275||0.49056313||0.14500343||0.06742823||0.02422168||0.06688095||0.02440356||0.06754121||0.02419835||0.09946903||0.01754318||0.09949825||0.01777833||0.09983114||0.01773061||0.12309535||0.01402714||31.89042188||165.45688411||756.46463871||464.98407214||888.94551||254.63242645||28.1894||9.877||0.9997541||0.00615885||0.99332774||0.0314066||0.99332774||0.0314066||0.9938||0.0278||0.01556213||0.17749134||0.4222719||0.82648864||22.76644232||28.7295077||0.4327||0.7563||89.02187696||6.99223364||63.45903693||25.45945021||63.45903693||25.45945021||71.6815||17.6184||0.34168347||0.17130034||0.09627198||0.15156598||0.09627198||0.15156598||0.0113||0.028||497.8816||32.35309625||188.11824681||951.49625528||587.91581282||1114.18247191||330.6331949||31.6707||11.1869||0.99979355||0.00574555||0.99307382||0.03257279||0.99307382||0.03257279||0.9936||0.0287||0.01262033||0.15991101||0.42341194||0.82703735||25.97234761||32.71356583||0.4343||0.7551||89.20856775||6.30661604||63.44744797||25.50243699||63.44744797||25.50243699||71.6153||17.6329||0.34650957||0.16810885||0.09822422||0.15268572||0.09822422||0.15268572||0.0119||0.0278||608.16,02db3e6eddee672216db475d298218f9f63718dcb560faeaf0e8b3d66fa584c9,80
EXCEL-ROW-0097,90,97,9294eb2664632531066317210e7e490901fe8b4553e74c496f063ce7bf6976bf,4eab94f53e83b6e160617f67a04af362c6f21dd1f4e5c50df66110a7c16c493a,b47d13a16676b9ebcf2fba250a941603ecc19ab1bb078eab6968a462aa9828dc,621dd6d141b5aeaf2d0af3fb9e76ef7e31c25d457e52f451763c759713b23beb,nan||nan||nan||nan||nan||nan||nan||nan||nan||nan||nan||nan||nan||nan||nan||nan||nan||9.75067549||72.35711906||264.68635616||426.59411537||463.50401998||325.53699585||18.6244||14.1282||4.31559961||0.97801344||0.01678246||0.982223||0.04195942||0.98240289||0.04192209||0.9842||0.0511||0.56588548||0.42081445||0.39036321||0.66878229||27.2258441||33.72302915||0.3379||0.8131||49.94508525||25.54753009||63.91442769||24.1609396||63.91442769||24.1609396||77.2102||18.8952||0.08908328||0.02396418||0.06211154||0.03635669||0.06211154||0.03635669||0.0372||0.0377||966.72||0.25678555||0.14631727||0.2566784||0.14631262||0.25629365||0.14612665||0.39110571||0.14722456||0.39061885||0.14747046||0.39082029||0.1471275||0.49056313||0.14500343||0.06742823||0.02422168||0.06688095||0.02440356||0.06754121||0.02419835||0.09946903||0.01754318||0.09949825||0.01777833||0.09983114||0.01773061||0.12309535||0.01402714||31.89042188||165.45688411||756.46463871||464.98407214||888.94551||254.63242645||28.1894||9.877||0.9997541||0.00615885||0.99332774||0.0314066||0.99332774||0.0314066||0.9938||0.0278||0.01556213||0.17749134||0.4222719||0.82648864||22.76644232||28.7295077||0.4327||0.7563||89.02187696||6.99223364||63.45903693||25.45945021||63.45903693||25.45945021||71.6815||17.6184||0.34168347||0.17130034||0.09627198||0.15156598||0.09627198||0.15156598||0.0113||0.028||497.8816||32.35309625||188.11824681||951.49625528||587.91581282||1114.18247191||330.6331949||31.6707||11.1869||0.99979355||0.00574555||0.99307382||0.03257279||0.99307382||0.03257279||0.9936||0.0287||0.01262033||0.15991101||0.42341194||0.82703735||25.97234761||32.71356583||0.4343||0.7551||89.20856775||6.30661604||63.44744797||25.50243699||63.44744797||25.50243699||71.6153||17.6329||0.34650957||0.16810885||0.09822422||0.15268572||0.09822422||0.15268572||0.0119||0.0278||608.16,02db3e6eddee672216db475d298218f9f63718dcb560faeaf0e8b3d66fa584c9,80
EXCEL-ROW-0098,91,98,cd11a4bc8d8dee7c558f4820bc01b9a3eb715f3d856722a14449d98e641285e7,2ed4a6ebde08491e3c9160258b9f43e79e7462fea186b1e42544aafeb16448b3,b47d13a16676b9ebcf2fba250a941603ecc19ab1bb078eab6968a462aa9828dc,621dd6d141b5aeaf2d0af3fb9e76ef7e31c25d457e52f451763c759713b23beb,nan||nan||nan||nan||nan||nan||nan||nan||nan||nan||nan||nan||nan||nan||nan||nan||nan||2.34046457||23.09526558||97.59068573||255.45574069||457.12399501||147.33276882||9.6887||11.5405||3.11266767||0.96338938||0.01866924||0.96390036||0.06202005||0.95910617||0.07346488||0.9616||0.0825||0.72725762||0.37054032||0.79975646||1.73987156||65.53841662||37.46992416||0.9556||2.2493||39.54843456||20.50387254||45.12383713||14.14915812||45.12383713||14.14915812||58.9581||15.5431||0.14706758||0.04065046||0.12350848||0.04870314||0.12350848||0.04870314||0.0894||0.0617||782.4||0.25387733||0.1464712||0.25410472||0.14646887||0.25423742||0.14656109||0.38849666||0.14491445||0.38871091||0.145062||0.38855644||0.14508005||0.48778711||0.14181114||0.05162483||0.02956673||0.05118848||0.02974725||0.05112274||0.0296234||0.07805983||0.03084049||0.07757637||0.03127533||0.07791206||0.03098558||0.09788314||0.03089409||34.23595484||155.68386113||478.8534643||447.4675416||860.39234||114.45380716||25.3482||10.3065||0.86613315||0.26564872||0.89178397||0.22664766||0.98358095||0.03608535||0.9834||0.0368||0.46299559||0.34877438||0.71655722||0.66176639||58.61776997||33.98395696||0.8192||1.0176||51.78568176||17.47036521||41.96089102||16.49633334||41.96089102||16.49633334||56.9779||13.418||0.1849968||0.23435608||0.11842725||0.20988525||0.11842725||0.20988525||0.0171||0.024||610.7616||35.66432973||179.77140994||604.59733303||570.86381715||1091.07915106||147.143437||28.4748||11.7937||0.85688294||0.27263859||0.89132224||0.22809746||0.98365949||0.0363129||0.9834||0.037||0.4772297||0.33203845||0.71979188||0.66462407||65.60443702||38.47602767||0.8204||1.0193||50.54165433||16.34937349||41.69561162||16.42732404||41.69561162||16.42732404||56.9589||13.43||0.19147519||0.24350251||0.11908922||0.2138401||0.11908922||0.2138401||0.0172||0.0233||772.32,fa048f15dcefc50a16f2da962f5f4aa8127989b78fd2ac2abbba913ba0388741,81
EXCEL-ROW-0099,92,99,cd11a4bc8d8dee7c558f4820bc01b9a3eb715f3d856722a14449d98e641285e7,a4dd2234cff2174dbd8a5e8a2e95580f905910ac5523779bec3cc5c01b8bd7d4,b47d13a16676b9ebcf2fba250a941603ecc19ab1bb078eab6968a462aa9828dc,621dd6d141b5aeaf2d0af3fb9e76ef7e31c25d457e52f451763c759713b23beb,nan||nan||nan||nan||nan||nan||nan||nan||nan||nan||nan||nan||nan||nan||nan||nan||nan||2.34046457||23.09526558||97.59068573||255.45574069||457.12399501||147.33276882||9.6887||11.5405||3.11266767||0.96338938||0.01866924||0.96390036||0.06202005||0.95910617||0.07346488||0.9616||0.0825||0.72725762||0.37054032||0.79975646||1.73987156||65.53841662||37.46992416||0.9556||2.2493||39.54843456||20.50387254||45.12383713||14.14915812||45.12383713||14.14915812||58.9581||15.5431||0.14706758||0.04065046||0.12350848||0.04870314||0.12350848||0.04870314||0.0894||0.0617||782.4||0.25387733||0.1464712||0.25410472||0.14646887||0.25423742||0.14656109||0.38849666||0.14491445||0.38871091||0.145062||0.38855644||0.14508005||0.48778711||0.14181114||0.05162483||0.02956673||0.05118848||0.02974725||0.05112274||0.0296234||0.07805983||0.03084049||0.07757637||0.03127533||0.07791206||0.03098558||0.09788314||0.03089409||34.23595484||155.68386113||478.8534643||447.4675416||860.39234||114.45380716||25.3482||10.3065||0.86613315||0.26564872||0.89178397||0.22664766||0.98358095||0.03608535||0.9834||0.0368||0.46299559||0.34877438||0.71655722||0.66176639||58.61776997||33.98395696||0.8192||1.0176||51.78568176||17.47036521||41.96089102||16.49633334||41.96089102||16.49633334||56.9779||13.418||0.1849968||0.23435608||0.11842725||0.20988525||0.11842725||0.20988525||0.0171||0.024||610.7616||35.66432973||179.77140994||604.59733303||570.86381715||1091.07915106||147.143437||28.4748||11.7937||0.85688294||0.27263859||0.89132224||0.22809746||0.98365949||0.0363129||0.9834||0.037||0.4772297||0.33203845||0.71979188||0.66462407||65.60443702||38.47602767||0.8204||1.0193||50.54165433||16.34937349||41.69561162||16.42732404||41.69561162||16.42732404||56.9589||13.43||0.19147519||0.24350251||0.11908922||0.2138401||0.11908922||0.2138401||0.0172||0.0233||772.32,fa048f15dcefc50a16f2da962f5f4aa8127989b78fd2ac2abbba913ba0388741,81
EXCEL-ROW-0100,93,100,9092fff44376cf25381137187a375748b1ec71be754ed3c4d095dafb8f7a334a,5e5b63e9b4ee1cd860d3dbd0b58c16c0a288893dd2e5820683ed3973e6b9336d,b47d13a16676b9ebcf2fba250a941603ecc19ab1bb078eab6968a462aa9828dc,621dd6d141b5aeaf2d0af3fb9e76ef7e31c25d457e52f451763c759713b23beb,nan||nan||nan||nan||nan||nan||nan||nan||nan||nan||nan||nan||nan||nan||nan||nan||nan||8.04847807||49.16033281||194.00156899||319.54718492||459.70776529||171.09198304||12.7319||12.056||3.56817881||0.97996812||0.01707789||0.97971297||0.04999002||0.97781656||0.04985671||0.9792||0.0559||0.59841364||0.48541137||0.71078022||1.40249846||46.1348588||29.80621657||0.7758||1.5482||49.80129226||27.91234299||48.55085977||16.12051739||48.55085977||16.12051739||60.5002||15.5479||0.08801877||0.0198185||0.0656719||0.03449138||0.0656719||0.03449138||0.0512||0.0371||700.64||0.25440561||0.14626922||0.25451965||0.1464263||0.25437876||0.14629907||0.38878591||0.14554493||0.38874037||0.14564961||0.38866517||0.14549313||0.4879951||0.14251513||0.05451975||0.02753075||0.05465829||0.02739635||0.05444718||0.0276009||0.08070262||0.03091152||0.08062185||0.03105658||0.08059074||0.03101263||0.09958592||0.03574051||113.85404183||272.49137315||643.2186431||424.3044304||870.98342||129.33938154||25.9023||9.9009||0.95657036||0.16045123||0.95180526||0.15015401||0.99114318||0.02714228||0.9913||0.0262||0.61326933||0.73593149||0.94431188||1.88274198||40.22032173||25.99998524||0.948||1.844||43.16150856||11.08071994||39.79085108||12.69264153||39.79085108||12.69264153||56.2368||12.356||0.10615186||0.25447048||0.08044194||0.21567623||0.08044194||0.21567623||0.0139||0.0113||691.5056||153.7095631||356.39003259||900.14660874||513.35433709||1102.44873908||176.17989323||29.2536||11.2919||0.99598509||0.011195||0.99114697||0.02855801||0.99114697||0.02855801||0.9913||0.0273||0.59661691||0.74036156||0.95495021||1.89136262||44.76739511||29.55009188||0.9488||1.8543||43.20259267||9.10300021||38.56996676||11.88449716||38.56996676||11.88449716||56.2677||12.4023||0.02614217||0.00623903||0.01348653||0.00895471||0.01348653||0.00895471||0.0124||0.0083||852.64,65d23a42bed0dc888b06999cb6ca67b259cd7bbbec704e2b4ae4c0b49d6f7bf7,82
EXCEL-ROW-0101,94,101,9092fff44376cf25381137187a375748b1ec71be754ed3c4d095dafb8f7a334a,8e4071e255f6d544c52db13af84f4f0484ec13b28734c4ea41dd9558fd0d0385,b47d13a16676b9ebcf2fba250a941603ecc19ab1bb078eab6968a462aa9828dc,621dd6d141b5aeaf2d0af3fb9e76ef7e31c25d457e52f451763c759713b23beb,nan||nan||nan||nan||nan||nan||nan||nan||nan||nan||nan||nan||nan||nan||nan||nan||nan||8.04847807||49.16033281||194.00156899||319.54718492||459.70776529||171.09198304||12.7319||12.056||3.56817881||0.97996812||0.01707789||0.97971297||0.04999002||0.97781656||0.04985671||0.9792||0.0559||0.59841364||0.48541137||0.71078022||1.40249846||46.1348588||29.80621657||0.7758||1.5482||49.80129226||27.91234299||48.55085977||16.12051739||48.55085977||16.12051739||60.5002||15.5479||0.08801877||0.0198185||0.0656719||0.03449138||0.0656719||0.03449138||0.0512||0.0371||700.64||0.25440561||0.14626922||0.25451965||0.1464263||0.25437876||0.14629907||0.38878591||0.14554493||0.38874037||0.14564961||0.38866517||0.14549313||0.4879951||0.14251513||0.05451975||0.02753075||0.05465829||0.02739635||0.05444718||0.0276009||0.08070262||0.03091152||0.08062185||0.03105658||0.08059074||0.03101263||0.09958592||0.03574051||113.85404183||272.49137315||643.2186431||424.3044304||870.98342||129.33938154||25.9023||9.9009||0.95657036||0.16045123||0.95180526||0.15015401||0.99114318||0.02714228||0.9913||0.0262||0.61326933||0.73593149||0.94431188||1.88274198||40.22032173||25.99998524||0.948||1.844||43.16150856||11.08071994||39.79085108||12.69264153||39.79085108||12.69264153||56.2368||12.356||0.10615186||0.25447048||0.08044194||0.21567623||0.08044194||0.21567623||0.0139||0.0113||691.5056||153.7095631||356.39003259||900.14660874||513.35433709||1102.44873908||176.17989323||29.2536||11.2919||0.99598509||0.011195||0.99114697||0.02855801||0.99114697||0.02855801||0.9913||0.0273||0.59661691||0.74036156||0.95495021||1.89136262||44.76739511||29.55009188||0.9488||1.8543||43.20259267||9.10300021||38.56996676||11.88449716||38.56996676||11.88449716||56.2677||12.4023||0.02614217||0.00623903||0.01348653||0.00895471||0.01348653||0.00895471||0.0124||0.0083||852.64,65d23a42bed0dc888b06999cb6ca67b259cd7bbbec704e2b4ae4c0b49d6f7bf7,82
EXCEL-ROW-0102,95,102,98e000c425477ce3d5e0b8558081fabee614d1c618edaa88f86901ae4b3fe64b,1fb4819b4b4ae42217ccc54e7fec5f0cafce623976ec56a0a1719309d9560226,b47d13a16676b9ebcf2fba250a941603ecc19ab1bb078eab6968a462aa9828dc,621dd6d141b5aeaf2d0af3fb9e76ef7e31c25d457e52f451763c759713b23beb,nan||nan||nan||nan||nan||nan||nan||nan||nan||nan||nan||nan||nan||nan||nan||nan||nan||6.75860936||45.22768906||11.36924406||9.06972786||457.24818976||171.03323668||13.8253||10.8918||3.71823883||0.98321085||0.02329298||0.98923256||0.01099009||0.97433993||0.06394055||0.9771||0.0716||0.41699031||0.62357819||0.29255633||0.27275035||44.00654841||34.92808162||0.952||2.4932||62.47670461||29.70121364||71.26425515||16.06744571||71.26425515||16.06744571||63.4108||17.8124||0.1099881||0.0244454||0.10838341||0.01251476||0.10838341||0.01251476||0.055||0.0445||643.72||0.25257797||0.14635352||0.25237569||0.146236||0.25258025||0.14636849||0.38669449||0.14408614||0.38672097||0.14403425||0.3869104||0.14399947||0.48561185||0.14033919||0.04762907||0.03051432||0.04803154||0.02979966||0.04722293||0.03044127||0.07239727||0.03396081||0.0720026||0.03416651||0.07166763||0.03492964||0.09051344||0.03686046||69.17071301||198.18499645||507.45250378||470.63283155||870.68635||129.08146896||22.4605||11.8531||0.97034197||0.11909966||0.95464309||0.13566933||0.99027965||0.02822345||0.9902||0.0279||0.53385542||0.87851917||0.96988909||1.74155435||40.28101847||31.57805516||1.0151||1.7577||49.70154866||13.24190675||40.05642564||14.0653781||40.05642564||14.0653781||55.0989||13.52||0.10686409||0.21515806||0.09815289||0.2247095||0.09815289||0.2247095||0.0172||0.0152||742.2816||89.23560745||253.41417098||718.54731663||597.44233669||1106.81118602||168.560652||25.1164||13.7114||0.99654323||0.01221484||0.99032535||0.02891589||0.9903248||0.02891457||0.9902||0.0285||0.51699743||0.86016347||0.99384261||1.77860753||44.93337667||35.81918242||1.0132||1.7531||50.21500732||12.31651396||38.98803772||13.60131572||38.98803772||13.60131572||55.147||13.5797||0.03211602||0.01054918||0.01800239||0.01261031||0.01800239||0.01261031||0.0159||0.0117||924.28,d82d9424bf4bb684b3ab536569fc78649287dccdd871f7e6278496c3c74142ff,83
EXCEL-ROW-0103,96,103,98e000c425477ce3d5e0b8558081fabee614d1c618edaa88f86901ae4b3fe64b,4e206c10b2106c2792672b9d07c11d7b53ca5b62d7c3e5d1603b84037a699aa0,b47d13a16676b9ebcf2fba250a941603ecc19ab1bb078eab6968a462aa9828dc,621dd6d141b5aeaf2d0af3fb9e76ef7e31c25d457e52f451763c759713b23beb,nan||nan||nan||nan||nan||nan||nan||nan||nan||nan||nan||nan||nan||nan||nan||nan||nan||6.75860936||45.22768906||11.36924406||9.06972786||457.24818976||171.03323668||13.8253||10.8918||3.71823883||0.98321085||0.02329298||0.98923256||0.01099009||0.97433993||0.06394055||0.9771||0.0716||0.41699031||0.62357819||0.29255633||0.27275035||44.00654841||34.92808162||0.952||2.4932||62.47670461||29.70121364||71.26425515||16.06744571||71.26425515||16.06744571||63.4108||17.8124||0.1099881||0.0244454||0.10838341||0.01251476||0.10838341||0.01251476||0.055||0.0445||643.72||0.25257797||0.14635352||0.25237569||0.146236||0.25258025||0.14636849||0.38669449||0.14408614||0.38672097||0.14403425||0.3869104||0.14399947||0.48561185||0.14033919||0.04762907||0.03051432||0.04803154||0.02979966||0.04722293||0.03044127||0.07239727||0.03396081||0.0720026||0.03416651||0.07166763||0.03492964||0.09051344||0.03686046||69.17071301||198.18499645||507.45250378||470.63283155||870.68635||129.08146896||22.4605||11.8531||0.97034197||0.11909966||0.95464309||0.13566933||0.99027965||0.02822345||0.9902||0.0279||0.53385542||0.87851917||0.96988909||1.74155435||40.28101847||31.57805516||1.0151||1.7577||49.70154866||13.24190675||40.05642564||14.0653781||40.05642564||14.0653781||55.0989||13.52||0.10686409||0.21515806||0.09815289||0.2247095||0.09815289||0.2247095||0.0172||0.0152||742.2816||89.23560745||253.41417098||718.54731663||597.44233669||1106.81118602||168.560652||25.1164||13.7114||0.99654323||0.01221484||0.99032535||0.02891589||0.9903248||0.02891457||0.9902||0.0285||0.51699743||0.86016347||0.99384261||1.77860753||44.93337667||35.81918242||1.0132||1.7531||50.21500732||12.31651396||38.98803772||13.60131572||38.98803772||13.60131572||55.147||13.5797||0.03211602||0.01054918||0.01800239||0.01261031||0.01800239||0.01261031||0.0159||0.0117||924.28,d82d9424bf4bb684b3ab536569fc78649287dccdd871f7e6278496c3c74142ff,83
EXCEL-ROW-0104,97,104,f58dfac83f40efb31b7f6474b5f3001c9ce336cfdea3e97ac668c29db4f2cba9,1337be1bed5c429d884487b803a55fdb13f55f49ed0b19ebafc8b23e514969c9,b47d13a16676b9ebcf2fba250a941603ecc19ab1bb078eab6968a462aa9828dc,621dd6d141b5aeaf2d0af3fb9e76ef7e31c25d457e52f451763c759713b23beb,nan||nan||nan||nan||nan||nan||nan||nan||nan||nan||nan||nan||nan||nan||nan||nan||nan||3.85695849||44.52182608||274.4804311||403.82539873||461.29897628||277.79076374||18.0294||13.7014||4.2461041||0.98026033||0.02735492||0.97327039||0.08958324||0.97078503||0.08911709||0.9725||0.1007||0.31924301||0.44212194||0.57605194||1.59308747||43.69137049||40.54754388||0.7015||1.7702||67.72158441||28.34208327||63.07795166||15.42921361||63.07795166||15.42921361||68.08||17.9187||0.13902349||0.02626645||0.09605846||0.06167802||0.09605846||0.06167802||0.0582||0.0626||860.32||0.25380193||0.14705868||0.25377805||0.14730425||0.25395825||0.1472834||0.38869424||0.14512167||0.38888794||0.1451041||0.38883359||0.14504241||0.48815521||0.14154573||0.05038733||0.03244143||0.04971987||0.03237568||0.0503867||0.03247787||0.07779649||0.03254668||0.07773091||0.03273816||0.07829566||0.03247693||0.09840783||0.03195482||30.63640829||155.33574698||678.82982541||472.82909637||868.15922||219.00825983||26.2742||11.4302||0.99121732||0.07292271||0.96786599||0.13297515||0.98765006||0.05224734||0.9882||0.0497||0.38066559||0.30278507||0.78884584||1.07664598||39.47480466||36.25317632||0.812||1.0097||55.58397672||14.03478667||41.43373101||14.27625188||41.43373101||14.27625188||56.2454||11.6935||0.07568019||0.0920813||0.04859358||0.14389261||0.04859358||0.14389261||0.0184||0.0237||554.008||34.34534425||185.84542094||887.72700125||595.2082674||1099.82282147||281.46201642||29.5816||12.9639||0.99729881||0.00981303||0.98767176||0.05277483||0.98767176||0.05277483||0.9882||0.0502||0.3980161||0.25121363||0.79101842||1.06982926||43.9837647||40.96423498||0.8136||1.0127||53.37944347||10.68595461||40.21093652||12.97129493||40.21093652||12.97129493||56.1761||11.5112||0.05933937||0.00801598||0.02320577||0.0244869||0.02320577||0.0244869||0.0177||0.0212||696.16,8452c84201b946f0571c99d7063ed26b84e97f6aedef0d4a0f369e2aacae3922,84
EXCEL-ROW-0105,98,105,d90c68ce026041fc398b6cd97add28392d2ce2abac07ee97bf9ad6cbcbba26a8,1c6f5e8dbc2d081dfb477ae85906293a0f382e7397b255d1c0cbb038815ca73e,b47d13a16676b9ebcf2fba250a941603ecc19ab1bb078eab6968a462aa9828dc,621dd6d141b5aeaf2d0af3fb9e76ef7e31c25d457e52f451763c759713b23beb,nan||nan||nan||nan||nan||nan||nan||nan||nan||nan||nan||nan||nan||nan||nan||nan||nan||3.19893927||36.1942162||207.58501682||385.6988742||466.86541823||251.56211421||14.2878||14.3007||3.77992063||0.95827757||0.02347664||0.96292401||0.06842693||0.96468713||0.06818192||0.9703||0.0779||0.74774452||0.46706428||0.83272268||2.6517829||52.22347168||38.8531721||0.7521||2.9704||40.6611884||22.79397619||52.14640931||21.99355765||52.14640931||21.99355765||71.1301||21.6979||0.12907358||0.02599479||0.09311033||0.05092866||0.09311033||0.05092866||0.0673||0.0583||934.4||0.25474395||0.14633679||0.25472898||0.14643653||0.25466688||0.14656595||0.38918876||0.14550448||0.38916776||0.14565634||0.38916821||0.14558106||0.4886586||0.14208808||0.05846393||0.02900433||0.05892992||0.02879858||0.05829782||0.02884204||0.087863||0.02900809||0.08771229||0.02896803||0.08739685||0.02918168||0.10962746||0.02781536||41.47972066||183.12063682||758.85802087||400.64313495||867.18541||197.97423381||27.609||9.4315||0.99939306||0.00937102||0.9877245||0.04040883||0.9877245||0.04040883||0.9873||0.0385||0.03365642||0.24335619||0.68071303||0.87024751||45.65452608||34.79915545||0.7383||0.8545||87.94349747||10.49029909||48.40651212||24.10903483||48.40651212||24.10903483||59.5813||16.6057||0.08596967||0.03703733||0.02426222||0.03360788||0.02426222||0.03360788||0.0161||0.0246||500.6528||48.00583813||221.84975718||956.35611486||506.75555506||1092.26766542||253.25139733||31.0015||10.6542||0.99943647||0.0090987||0.98758114||0.04095332||0.98758114||0.04095332||0.9872||0.039||0.03097398||0.23467605||0.68258904||0.87685949||51.51337735||39.35774879||0.7414||0.8609||88.11340388||10.06919779||48.42413808||24.17103673||48.42413808||24.17103673||59.5201||16.6249||0.07350855||0.01261603||0.02241947||0.0278103||0.02241947||0.0278103||0.0165||0.0225||624.8,d97c24d11771c1e66772fc15037e24913ac6e7eaa06513c3ac64e85668fad869,85
EXCEL-ROW-0106,99,106,d90c68ce026041fc398b6cd97add28392d2ce2abac07ee97bf9ad6cbcbba26a8,267a19ab24bcfdb119bddc833e90b2e1f92417398646326bc184da619c2d0994,b47d13a16676b9ebcf2fba250a941603ecc19ab1bb078eab6968a462aa9828dc,621dd6d141b5aeaf2d0af3fb9e76ef7e31c25d457e52f451763c759713b23beb,nan||nan||nan||nan||nan||nan||nan||nan||nan||nan||nan||nan||nan||nan||nan||nan||nan||3.19893927||36.1942162||207.58501682||385.6988742||466.86541823||251.56211421||14.2878||14.3007||3.77992063||0.95827757||0.02347664||0.96292401||0.06842693||0.96468713||0.06818192||0.9703||0.0779||0.74774452||0.46706428||0.83272268||2.6517829||52.22347168||38.8531721||0.7521||2.9704||40.6611884||22.79397619||52.14640931||21.99355765||52.14640931||21.99355765||71.1301||21.6979||0.12907358||0.02599479||0.09311033||0.05092866||0.09311033||0.05092866||0.0673||0.0583||934.4||0.25474395||0.14633679||0.25472898||0.14643653||0.25466688||0.14656595||0.38918876||0.14550448||0.38916776||0.14565634||0.38916821||0.14558106||0.4886586||0.14208808||0.05846393||0.02900433||0.05892992||0.02879858||0.05829782||0.02884204||0.087863||0.02900809||0.08771229||0.02896803||0.08739685||0.02918168||0.10962746||0.02781536||41.47972066||183.12063682||758.85802087||400.64313495||867.18541||197.97423381||27.609||9.4315||0.99939306||0.00937102||0.9877245||0.04040883||0.9877245||0.04040883||0.9873||0.0385||0.03365642||0.24335619||0.68071303||0.87024751||45.65452608||34.79915545||0.7383||0.8545||87.94349747||10.49029909||48.40651212||24.10903483||48.40651212||24.10903483||59.5813||16.6057||0.08596967||0.03703733||0.02426222||0.03360788||0.02426222||0.03360788||0.0161||0.0246||500.6528||48.00583813||221.84975718||956.35611486||506.75555506||1092.26766542||253.25139733||31.0015||10.6542||0.99943647||0.0090987||0.98758114||0.04095332||0.98758114||0.04095332||0.9872||0.039||0.03097398||0.23467605||0.68258904||0.87685949||51.51337735||39.35774879||0.7414||0.8609||88.11340388||10.06919779||48.42413808||24.17103673||48.42413808||24.17103673||59.5201||16.6249||0.07350855||0.01261603||0.02241947||0.0278103||0.02241947||0.0278103||0.0165||0.0225||624.8,d97c24d11771c1e66772fc15037e24913ac6e7eaa06513c3ac64e85668fad869,85
EXCEL-ROW-0107,100,107,bf469b1a8c4c68e900cbaf7def4c8b0eb2dbc9c879e108855686635b5f124b6b,1d4595ab2996fa31777860b773dd2b7dd3e2df3347a4eba5930b841c72571113,b47d13a16676b9ebcf2fba250a941603ecc19ab1bb078eab6968a462aa9828dc,621dd6d141b5aeaf2d0af3fb9e76ef7e31c25d457e52f451763c759713b23beb,nan||nan||nan||nan||nan||nan||nan||nan||nan||nan||nan||nan||nan||nan||nan||nan||nan||3.21969933||29.66080313||95.10796169||257.40977211||453.73642946||149.39151019||11.9165||11.6405||3.45202839||0.95767063||0.09419581||0.96802716||0.07027549||0.96073633||0.02189299||0.9617||0.0326||0.47555548||0.37585208||0.51370299||1.44025168||75.6732949||18.90550933||0.9311||2.1019||53.09308185||23.93031969||61.30290033||18.34626599||61.30290033||18.34626599||60.6177||15.9055||0.17688161||0.18144176||0.15933177||0.13661281||0.15933177||0.13661281||0.0754||0.0756||736.0||0.2531114||0.14615518||0.25332262||0.14601646||0.25365776||0.14601089||0.3872051||0.14488645||0.38749453||0.14492267||0.38735806||0.14505822||0.48633576||0.14162924||0.05454653||0.03021535||0.05452158||0.02981131||0.05448882||0.02989613||0.08173273||0.03270121||0.08163277||0.03256097||0.08164436||0.03294389||0.1021477||0.03432584||27.87900348||127.52357918||484.65859782||445.82206772||861.11272||117.2877255||22.0769||11.7218||0.80188366||0.29751677||0.86445575||0.24668056||0.9830138||0.02048023||0.9839||0.0243||0.66036981||0.40696704||0.64279247||0.41241141||67.25963836||17.06032571||0.6546||0.3516||42.75656283||19.00394606||43.02709463||15.46394182||43.02709463||15.46394182||58.4029||9.1028||0.36904316||0.53765358||0.13724029||0.28776543||0.13724029||0.28776543||0.0226||0.0376||614.752||28.53651453||145.93867006||614.35776331||568.69687641||1091.22776529||153.78859833||24.6971||13.4968||0.789916||0.29244143||0.92326375||0.16736406||0.98292411||0.020305||0.9839||0.0242||0.66920328||0.39777851||0.67909552||0.38975573||75.7060842||19.15664557||0.6564||0.3492||42.19881005||18.63946394||40.02948335||11.87625122||40.02948335||11.87625122||58.3137||9.0555||0.42867341||0.56318212||0.13852252||0.29318537||0.13852252||0.29318537||0.0222||0.0411||772.96,9bfdd6956ff247c7d0a6c62261d6b2c2719a4b9e698ade55ec8e63e3ace1c407,86
EXCEL-ROW-0108,101,108,bf469b1a8c4c68e900cbaf7def4c8b0eb2dbc9c879e108855686635b5f124b6b,8e75f964d9f8e932202837c4df4f5f516cfcdae9eb101c9a21bddd758d49f73e,b47d13a16676b9ebcf2fba250a941603ecc19ab1bb078eab6968a462aa9828dc,621dd6d141b5aeaf2d0af3fb9e76ef7e31c25d457e52f451763c759713b23beb,nan||nan||nan||nan||nan||nan||nan||nan||nan||nan||nan||nan||nan||nan||nan||nan||nan||3.21969933||29.66080313||95.10796169||257.40977211||453.73642946||149.39151019||11.9165||11.6405||3.45202839||0.95767063||0.09419581||0.96802716||0.07027549||0.96073633||0.02189299||0.9617||0.0326||0.47555548||0.37585208||0.51370299||1.44025168||75.6732949||18.90550933||0.9311||2.1019||53.09308185||23.93031969||61.30290033||18.34626599||61.30290033||18.34626599||60.6177||15.9055||0.17688161||0.18144176||0.15933177||0.13661281||0.15933177||0.13661281||0.0754||0.0756||736.0||0.2531114||0.14615518||0.25332262||0.14601646||0.25365776||0.14601089||0.3872051||0.14488645||0.38749453||0.14492267||0.38735806||0.14505822||0.48633576||0.14162924||0.05454653||0.03021535||0.05452158||0.02981131||0.05448882||0.02989613||0.08173273||0.03270121||0.08163277||0.03256097||0.08164436||0.03294389||0.1021477||0.03432584||27.87900348||127.52357918||484.65859782||445.82206772||861.11272||117.2877255||22.0769||11.7218||0.80188366||0.29751677||0.86445575||0.24668056||0.9830138||0.02048023||0.9839||0.0243||0.66036981||0.40696704||0.64279247||0.41241141||67.25963836||17.06032571||0.6546||0.3516||42.75656283||19.00394606||43.02709463||15.46394182||43.02709463||15.46394182||58.4029||9.1028||0.36904316||0.53765358||0.13724029||0.28776543||0.13724029||0.28776543||0.0226||0.0376||614.752||28.53651453||145.93867006||614.35776331||568.69687641||1091.22776529||153.78859833||24.6971||13.4968||0.789916||0.29244143||0.92326375||0.16736406||0.98292411||0.020305||0.9839||0.0242||0.66920328||0.39777851||0.67909552||0.38975573||75.7060842||19.15664557||0.6564||0.3492||42.19881005||18.63946394||40.02948335||11.87625122||40.02948335||11.87625122||58.3137||9.0555||0.42867341||0.56318212||0.13852252||0.29318537||0.13852252||0.29318537||0.0222||0.0411||772.96,9bfdd6956ff247c7d0a6c62261d6b2c2719a4b9e698ade55ec8e63e3ace1c407,86
EXCEL-ROW-0109,102,109,dca35b33083e67282757e5b6d90c4b0186eb25b343c6415db198f08512e28748,2bcafb21a7bf1ba01a1556a81e20ce0d119afea3a4557db6e42e16974ac7e220,b47d13a16676b9ebcf2fba250a941603ecc19ab1bb078eab6968a462aa9828dc,621dd6d141b5aeaf2d0af3fb9e76ef7e31c25d457e52f451763c759713b23beb,nan||nan||nan||nan||nan||nan||nan||nan||nan||nan||nan||nan||nan||nan||nan||nan||nan||1.85825222||27.5617852||183.6351043||348.57789935||443.73253433||220.93299142||15.5112||13.0219||3.93842608||0.94781819||0.03722032||0.95775474||0.04511362||0.94835833||0.04705907||0.9517||0.0615||0.52029691||0.42496309||0.59330466||1.2235296||78.05755459||32.95372014||0.8155||1.5949||52.66581008||26.21202986||58.0996469||19.72133457||58.0996469||19.72133457||62.9847||20.7422||0.20414432||0.05024696||0.15324558||0.08174157||0.15324558||0.08174157||0.0847||0.0879||687.68||0.25176872||0.14601074||0.25288216||0.14650253||0.25389763||0.14634091||0.38643537||0.14417597||0.3879708||0.14412046||0.38706555||0.14410604||0.48605493||0.14053213||0.04966303||0.03123008||0.0498953||0.03171186||0.05038878||0.03163109||0.07665467||0.03257268||0.07722209||0.03273358||0.07685696||0.03277648||0.09670375||0.03353889||13.1256032||92.77125794||486.42737965||476.66202176||860.54736||175.84472459||22.9577||12.463||0.8722515||0.24634989||0.92817706||0.11570684||0.97863005||0.03918844||0.9801||0.0396||0.92385836||4.74041386||0.78358877||0.99542306||69.34244038||29.69751436||0.744||0.8208||51.04949144||24.19492717||42.15579578||15.32622405||42.15579578||15.32622405||56.7127||11.8662||0.26645568||0.38263184||0.13419947||0.22870931||0.13419947||0.22870931||0.0284||0.0461||664.0352||13.24925167||105.1297476||616.25211252||607.14388212||1091.03700375||224.83136465||25.716||14.2557||0.86363162||0.24533055||0.9321351||0.11303515||0.97845421||0.0394116||0.98||0.0399||0.91098858||4.4550316||0.7865476||0.92741145||78.26153115||33.57076298||0.7475||0.7926||48.78960781||23.11652505||41.51898697||15.38912029||41.51898697||15.38912029||56.5492||11.7833||0.29301531||0.39564456||0.13741843||0.23557507||0.13741843||0.23557507||0.0296||0.0469||840.32,be0edc8c3f0700183947144b645bfbecca81496bf90b22eb9c21ba69187c60e9,87
EXCEL-ROW-0110,103,110,dca35b33083e67282757e5b6d90c4b0186eb25b343c6415db198f08512e28748,42b8114a987b64b4612e7fbe23839ac251b8707388cf1c94f72748eb7d588586,b47d13a16676b9ebcf2fba250a941603ecc19ab1bb078eab6968a462aa9828dc,621dd6d141b5aeaf2d0af3fb9e76ef7e31c25d457e52f451763c759713b23beb,nan||nan||nan||nan||nan||nan||nan||nan||nan||nan||nan||nan||nan||nan||nan||nan||nan||1.85825222||27.5617852||183.6351043||348.57789935||443.73253433||220.93299142||15.5112||13.0219||3.93842608||0.94781819||0.03722032||0.95775474||0.04511362||0.94835833||0.04705907||0.9517||0.0615||0.52029691||0.42496309||0.59330466||1.2235296||78.05755459||32.95372014||0.8155||1.5949||52.66581008||26.21202986||58.0996469||19.72133457||58.0996469||19.72133457||62.9847||20.7422||0.20414432||0.05024696||0.15324558||0.08174157||0.15324558||0.08174157||0.0847||0.0879||687.68||0.25176872||0.14601074||0.25288216||0.14650253||0.25389763||0.14634091||0.38643537||0.14417597||0.3879708||0.14412046||0.38706555||0.14410604||0.48605493||0.14053213||0.04966303||0.03123008||0.0498953||0.03171186||0.05038878||0.03163109||0.07665467||0.03257268||0.07722209||0.03273358||0.07685696||0.03277648||0.09670375||0.03353889||13.1256032||92.77125794||486.42737965||476.66202176||860.54736||175.84472459||22.9577||12.463||0.8722515||0.24634989||0.92817706||0.11570684||0.97863005||0.03918844||0.9801||0.0396||0.92385836||4.74041386||0.78358877||0.99542306||69.34244038||29.69751436||0.744||0.8208||51.04949144||24.19492717||42.15579578||15.32622405||42.15579578||15.32622405||56.7127||11.8662||0.26645568||0.38263184||0.13419947||0.22870931||0.13419947||0.22870931||0.0284||0.0461||664.0352||13.24925167||105.1297476||616.25211252||607.14388212||1091.03700375||224.83136465||25.716||14.2557||0.86363162||0.24533055||0.9321351||0.11303515||0.97845421||0.0394116||0.98||0.0399||0.91098858||4.4550316||0.7865476||0.92741145||78.26153115||33.57076298||0.7475||0.7926||48.78960781||23.11652505||41.51898697||15.38912029||41.51898697||15.38912029||56.5492||11.7833||0.29301531||0.39564456||0.13741843||0.23557507||0.13741843||0.23557507||0.0296||0.0469||840.32,be0edc8c3f0700183947144b645bfbecca81496bf90b22eb9c21ba69187c60e9,87
EXCEL-ROW-0111,104,111,6055dd8bed21736036838ced6e22d4665742123d15fca7a8d3669e98b4f15257,dc2ff73c297ad0263815fb579700c85ab92fb59ad789dc3b5d5052d6b08e0335,b47d13a16676b9ebcf2fba250a941603ecc19ab1bb078eab6968a462aa9828dc,621dd6d141b5aeaf2d0af3fb9e76ef7e31c25d457e52f451763c759713b23beb,nan||nan||nan||nan||nan||nan||nan||nan||nan||nan||nan||nan||nan||nan||nan||nan||nan||1.78872152||26.77076378||197.77436174||377.01297882||451.53717853||247.25584244||13.8227||14.3016||3.71788919||0.96560796||0.02508441||0.96086139||0.09476886||0.9553294||0.09424439||0.9585||0.1082||0.56820116||0.44386387||0.72109901||1.71975215||60.40930996||44.4298313||0.8137||1.9477||50.51332244||26.63137705||55.53782081||16.4685487||55.53782081||16.4685487||65.3199||20.0189||0.18155443||0.04925553||0.13922297||0.07168197||0.13922297||0.07168197||0.0924||0.081||913.28||0.25313841||0.14672563||0.25354966||0.14690944||0.25341616||0.1468582||0.38799254||0.14470338||0.3882234||0.14470482||0.38791177||0.14463404||0.4871819||0.1411317||0.05013965||0.03153311||0.05064646||0.03154382||0.05005005||0.03174482||0.07774407||0.03200401||0.07777565||0.03199633||0.07730394||0.03232898||0.09794957||0.03141687||23.30524565||138.54629013||757.20440661||393.5994433||860.25488||197.01367544||27.606||9.297||0.99764602||0.01092293||0.98206988||0.05844398||0.98208393||0.05844702||0.9824||0.0553||0.1228644||0.24930906||0.70638828||0.7185475||52.91822996||39.78519381||0.7473||0.6866||79.22682493||18.54503335||44.95416811||20.95598703||44.95416811||20.95598703||57.8886||15.463||0.11391079||0.03364247||0.02869085||0.04369095||0.02869085||0.04369095||0.0197||0.0342||489.7184||25.08320413||162.2947141||959.97574032||500.72919516||1090.69662921||252.06820245||31.078||10.5398||0.99776075||0.01016477||0.98211963||0.05875273||0.98213163||0.05875535||0.9825||0.0556||0.12064262||0.24284769||0.70732072||0.728133||59.25983926||44.91351753||0.7493||0.6967||79.34771143||18.40173144||45.06459177||21.08151088||45.06459177||21.08151088||57.9066||15.5327||0.10605369||0.01418852||0.02750867||0.04026869||0.02750867||0.04026869||0.0196||0.0327||624.0,29cbcc223085df7d588294ebc310f2d702db1fe6c81c70518bf10ac9ea1c5c92,88
EXCEL-ROW-0112,105,112,6055dd8bed21736036838ced6e22d4665742123d15fca7a8d3669e98b4f15257,e685875b01d3028b353170ba8f7e6b2610ab198fa329d1b3e4dc9b942910df38,b47d13a16676b9ebcf2fba250a941603ecc19ab1bb078eab6968a462aa9828dc,621dd6d141b5aeaf2d0af3fb9e76ef7e31c25d457e52f451763c759713b23beb,nan||nan||nan||nan||nan||nan||nan||nan||nan||nan||nan||nan||nan||nan||nan||nan||nan||1.78872152||26.77076378||197.77436174||377.01297882||451.53717853||247.25584244||13.8227||14.3016||3.71788919||0.96560796||0.02508441||0.96086139||0.09476886||0.9553294||0.09424439||0.9585||0.1082||0.56820116||0.44386387||0.72109901||1.71975215||60.40930996||44.4298313||0.8137||1.9477||50.51332244||26.63137705||55.53782081||16.4685487||55.53782081||16.4685487||65.3199||20.0189||0.18155443||0.04925553||0.13922297||0.07168197||0.13922297||0.07168197||0.0924||0.081||913.28||0.25313841||0.14672563||0.25354966||0.14690944||0.25341616||0.1468582||0.38799254||0.14470338||0.3882234||0.14470482||0.38791177||0.14463404||0.4871819||0.1411317||0.05013965||0.03153311||0.05064646||0.03154382||0.05005005||0.03174482||0.07774407||0.03200401||0.07777565||0.03199633||0.07730394||0.03232898||0.09794957||0.03141687||23.30524565||138.54629013||757.20440661||393.5994433||860.25488||197.01367544||27.606||9.297||0.99764602||0.01092293||0.98206988||0.05844398||0.98208393||0.05844702||0.9824||0.0553||0.1228644||0.24930906||0.70638828||0.7185475||52.91822996||39.78519381||0.7473||0.6866||79.22682493||18.54503335||44.95416811||20.95598703||44.95416811||20.95598703||57.8886||15.463||0.11391079||0.03364247||0.02869085||0.04369095||0.02869085||0.04369095||0.0197||0.0342||489.7184||25.08320413||162.2947141||959.97574032||500.72919516||1090.69662921||252.06820245||31.078||10.5398||0.99776075||0.01016477||0.98211963||0.05875273||0.98213163||0.05875535||0.9825||0.0556||0.12064262||0.24284769||0.70732072||0.728133||59.25983926||44.91351753||0.7493||0.6967||79.34771143||18.40173144||45.06459177||21.08151088||45.06459177||21.08151088||57.9066||15.5327||0.10605369||0.01418852||0.02750867||0.04026869||0.02750867||0.04026869||0.0196||0.0327||624.0,29cbcc223085df7d588294ebc310f2d702db1fe6c81c70518bf10ac9ea1c5c92,88
EXCEL-ROW-0113,106,113,76499c1ad58fc932076e5d63e5a2c6e3945568d969a7115bc90ec3c5fcc39a11,2371988dc736ca65a9ba70919722c0131cd9a530c4224726795caa6b517bcabd,b47d13a16676b9ebcf2fba250a941603ecc19ab1bb078eab6968a462aa9828dc,621dd6d141b5aeaf2d0af3fb9e76ef7e31c25d457e52f451763c759713b23beb,nan||nan||nan||nan||nan||nan||nan||nan||nan||nan||nan||nan||nan||nan||nan||nan||nan||8.98868192||6.03100438||12.32123113||6.61311804||456.16719101||153.81477622||3.5258||1.0073||1.87771137||0.97288464||0.00886514||0.97309024||0.01003588||0.97309024||0.01003588||0.9731||0.0097||0.57859277||0.17284044||0.58031473||0.20023609||60.49198307||22.81948608||0.6019||0.196||42.27650138||9.77545479||42.74550187||12.11699187||42.74550187||12.11699187||59.6275||8.4069||0.06769331||0.01749649||0.0587726||0.01691565||0.0587726||0.01691565||0.0594||0.0175||176.16||0.24561411||0.14195442||0.24578379||0.14190907||0.24919567||0.14451055||0.37628826||0.13939995||0.3794015||0.13994335||0.37921826||0.14018788||0.4748595||0.13607148||0.04320141||0.0238923||0.04322756||0.02403819||0.04128359||0.02739031||0.06593533||0.02315582||0.0666121||0.02153713||0.06652784||0.02158271||0.08459081||0.01351364||59.44338422||208.06552263||316.84980635||371.44565427||861.55755||120.43795593||27.3291||6.9558||0.96319026||0.13729216||0.92706765||0.17876027||0.98774598||0.00637674||0.9885||0.0099||0.27407585||0.42639932||0.36883487||0.38382676||54.26072||19.10093443||0.5328||0.2513||69.48889368||24.81291861||61.40094985||23.39188556||61.40094985||23.39188556||63.0141||9.9965||0.12898021||0.15202109||0.10832846||0.19664761||0.10832846||0.19664761||0.015||0.0186||1094.1296||66.90283463||252.29748245||411.80564295||477.27241747||1102.60214732||163.85414786||31.0841||7.8035||0.9813079||0.04821746||0.98261717||0.03733079||0.98790849||0.00659657||0.9887||0.0096||0.27313127||0.43232347||0.40553226||0.40766682||60.58872458||21.6669172||0.531||0.2531||69.77262378||25.01045851||58.86907026||24.10431772||58.86907026||24.10431772||63.1034||10.0337||0.11775904||0.05290071||0.07531231||0.0651483||0.07531231||0.0651483||0.0105||0.0175||1404.0,871f8df2bb75d63aad8432e9b57fdbcb7fdcd0e49f15339107ce0b74e72c0d5c,89
EXCEL-ROW-0114,107,114,76499c1ad58fc932076e5d63e5a2c6e3945568d969a7115bc90ec3c5fcc39a11,83dc158522d56a935bbce471eb3586aa7c9d3c3a976fb67590b58e3b15505025,b47d13a16676b9ebcf2fba250a941603ecc19ab1bb078eab6968a462aa9828dc,621dd6d141b5aeaf2d0af3fb9e76ef7e31c25d457e52f451763c759713b23beb,nan||nan||nan||nan||nan||nan||nan||nan||nan||nan||nan||nan||nan||nan||nan||nan||nan||8.98868192||6.03100438||12.32123113||6.61311804||456.16719101||153.81477622||3.5258||1.0073||1.87771137||0.97288464||0.00886514||0.97309024||0.01003588||0.97309024||0.01003588||0.9731||0.0097||0.57859277||0.17284044||0.58031473||0.20023609||60.49198307||22.81948608||0.6019||0.196||42.27650138||9.77545479||42.74550187||12.11699187||42.74550187||12.11699187||59.6275||8.4069||0.06769331||0.01749649||0.0587726||0.01691565||0.0587726||0.01691565||0.0594||0.0175||176.16||0.24561411||0.14195442||0.24578379||0.14190907||0.24919567||0.14451055||0.37628826||0.13939995||0.3794015||0.13994335||0.37921826||0.14018788||0.4748595||0.13607148||0.04320141||0.0238923||0.04322756||0.02403819||0.04128359||0.02739031||0.06593533||0.02315582||0.0666121||0.02153713||0.06652784||0.02158271||0.08459081||0.01351364||59.44338422||208.06552263||316.84980635||371.44565427||861.55755||120.43795593||27.3291||6.9558||0.96319026||0.13729216||0.92706765||0.17876027||0.98774598||0.00637674||0.9885||0.0099||0.27407585||0.42639932||0.36883487||0.38382676||54.26072||19.10093443||0.5328||0.2513||69.48889368||24.81291861||61.40094985||23.39188556||61.40094985||23.39188556||63.0141||9.9965||0.12898021||0.15202109||0.10832846||0.19664761||0.10832846||0.19664761||0.015||0.0186||1094.1296||66.90283463||252.29748245||411.80564295||477.27241747||1102.60214732||163.85414786||31.0841||7.8035||0.9813079||0.04821746||0.98261717||0.03733079||0.98790849||0.00659657||0.9887||0.0096||0.27313127||0.43232347||0.40553226||0.40766682||60.58872458||21.6669172||0.531||0.2531||69.77262378||25.01045851||58.86907026||24.10431772||58.86907026||24.10431772||63.1034||10.0337||0.11775904||0.05290071||0.07531231||0.0651483||0.07531231||0.0651483||0.0105||0.0175||1404.0,871f8df2bb75d63aad8432e9b57fdbcb7fdcd0e49f15339107ce0b74e72c0d5c,89
EXCEL-ROW-0115,108,115,cd9c89c18d9c36c2970e0651b266f5b6cf992e492aa762dcdbb2261ac8d30c1f,5ce427163488de19e9ab7072221f9699f848cb7a1000ecdeac20c5f1cfe6815d,b47d13a16676b9ebcf2fba250a941603ecc19ab1bb078eab6968a462aa9828dc,621dd6d141b5aeaf2d0af3fb9e76ef7e31c25d457e52f451763c759713b23beb,nan||nan||nan||nan||nan||nan||nan||nan||nan||nan||nan||nan||nan||nan||nan||nan||nan||19.623403||55.74336325||153.03999959||230.31332924||460.32926642||111.87803325||10.1698||9.0266||3.18901239||0.97231518||0.01865689||0.9760709||0.01717278||0.97606094||0.01720712||0.9735||0.0167||0.64711055||0.38261077||0.57579368||0.34904523||58.23039296||34.10865522||0.6274||0.3373||44.11381364||20.78330377||46.57818029||19.0757122||46.57818029||19.0757122||59.8163||13.6301||0.0587576||0.01605545||0.04691985||0.01902592||0.04691985||0.01902592||0.0432||0.0214||317.6||0.25087576||0.14476558||0.25058583||0.14443598||0.25106603||0.14458468||0.38378199||0.14234504||0.38401823||0.14185869||0.38416244||0.14231591||0.48195635||0.13859179||0.04721432||0.02650218||0.04790359||0.02658968||0.04798868||0.02635113||0.07417115||0.02078373||0.07464715||0.02066066||0.07420259||0.0205628||0.09319599||0.01565644||27.96929284||105.91131866||31.4987835||10.36058291||866.1740375||89.19763537||17.335||11.4998||0.95981747||0.14225194||0.9700474||0.04256102||0.98840126||0.00919747||0.9891||0.011||0.28623797||0.20634115||0.28927163||0.21133288||51.04272758||29.50020498||0.3157||0.188||62.98518422||17.39615795||63.19483275||17.70267535||63.19483275||17.70267535||72.9852||9.526||0.09603718||0.23245754||0.0803859||0.05354096||0.0803859||0.05354096||0.0247||0.0211||975.0864||26.94535752||118.05656122||30.2149971||11.31738897||1102.06848639||117.40130003||19.2603||13.3515||0.98458726||0.01382922||0.98450723||0.01433191||0.98825233||0.00933263||0.9891||0.011||0.31057266||0.20494601||0.2942527||0.21208729||57.76943044||33.35418765||0.317||0.1877||60.89402333||16.97790104||62.74873439||17.74210181||62.74873439||17.74210181||72.9172||9.5039||0.05563787||0.02556135||0.05740271||0.01966199||0.05740271||0.01966199||0.0238||0.0199||1250.24,df5fa92963861732556f8882ec1feae9915335adb5271b1b4183c4e68310d05b,20
EXCEL-ROW-0116,109,116,cd9c89c18d9c36c2970e0651b266f5b6cf992e492aa762dcdbb2261ac8d30c1f,e5d6eeeac74b6ff158c3f020f45cba05ea7a0aeb1f10aa608b2fdce42bedb97f,b47d13a16676b9ebcf2fba250a941603ecc19ab1bb078eab6968a462aa9828dc,621dd6d141b5aeaf2d0af3fb9e76ef7e31c25d457e52f451763c759713b23beb,nan||nan||nan||nan||nan||nan||nan||nan||nan||nan||nan||nan||nan||nan||nan||nan||nan||19.623403||55.74336325||153.03999959||230.31332924||460.32926642||111.87803325||10.1698||9.0266||3.18901239||0.97231518||0.01865689||0.9760709||0.01717278||0.97606094||0.01720712||0.9735||0.0167||0.64711055||0.38261077||0.57579368||0.34904523||58.23039296||34.10865522||0.6274||0.3373||44.11381364||20.78330377||46.57818029||19.0757122||46.57818029||19.0757122||59.8163||13.6301||0.0587576||0.01605545||0.04691985||0.01902592||0.04691985||0.01902592||0.0432||0.0214||317.6||0.25087576||0.14476558||0.25058583||0.14443598||0.25106603||0.14458468||0.38378199||0.14234504||0.38401823||0.14185869||0.38416244||0.14231591||0.48195635||0.13859179||0.04721432||0.02650218||0.04790359||0.02658968||0.04798868||0.02635113||0.07417115||0.02078373||0.07464715||0.02066066||0.07420259||0.0205628||0.09319599||0.01565644||27.96929284||105.91131866||31.4987835||10.36058291||866.1740375||89.19763537||17.335||11.4998||0.95981747||0.14225194||0.9700474||0.04256102||0.98840126||0.00919747||0.9891||0.011||0.28623797||0.20634115||0.28927163||0.21133288||51.04272758||29.50020498||0.3157||0.188||62.98518422||17.39615795||63.19483275||17.70267535||63.19483275||17.70267535||72.9852||9.526||0.09603718||0.23245754||0.0803859||0.05354096||0.0803859||0.05354096||0.0247||0.0211||975.0864||26.94535752||118.05656122||30.2149971||11.31738897||1102.06848639||117.40130003||19.2603||13.3515||0.98458726||0.01382922||0.98450723||0.01433191||0.98825233||0.00933263||0.9891||0.011||0.31057266||0.20494601||0.2942527||0.21208729||57.76943044||33.35418765||0.317||0.1877||60.89402333||16.97790104||62.74873439||17.74210181||62.74873439||17.74210181||72.9172||9.5039||0.05563787||0.02556135||0.05740271||0.01966199||0.05740271||0.01966199||0.0238||0.0199||1250.24,df5fa92963861732556f8882ec1feae9915335adb5271b1b4183c4e68310d05b,20
EXCEL-ROW-0117,110,117,63185d4b8ee2986b222d6660c89c95ecfa86fd0ea61a73fab95b4f16a68ec6e4,6094c46beaf53ae49ee8b33bbb296a139007761a944a9491cecd3f2ffd31f3c1,b47d13a16676b9ebcf2fba250a941603ecc19ab1bb078eab6968a462aa9828dc,621dd6d141b5aeaf2d0af3fb9e76ef7e31c25d457e52f451763c759713b23beb,nan||nan||nan||nan||nan||nan||nan||nan||nan||nan||nan||nan||nan||nan||nan||nan||nan||8.95426476||53.50876382||174.77630236||312.46692022||394.44598252||207.69160061||13.3026||12.3845||3.64727295||0.97659829||0.00457573||0.97535547||0.01973051||0.97535607||0.01973036||0.9766||0.0215||0.44241618||0.10494926||0.46802885||0.3634681||50.05328833||24.24935329||0.5045||0.3555||49.1144667||6.80193375||50.4244821||11.42975648||50.4244821||11.42975648||64.812||9.7655||0.07364071||0.00992216||0.05460023||0.02599637||0.05460023||0.02599637||0.0446||0.0307||115.6||0.24833711||0.14478448||0.24808479||0.14460976||0.24808937||0.14460932||0.38129441||0.14037977||0.3810762||0.14035374||0.38122518||0.14057532||0.47853583||0.13621881||0.03712827||0.026907||0.03820202||0.02746577||0.03877696||0.02718693||0.06113262||0.02406368||0.06255789||0.02330355||0.06168856||0.02323356||0.07968824||0.01445076||71.92251442||235.23557601||696.13296293||459.79794755||922.4062475||161.50606669||27.2354||10.2171||0.88158057||0.26620794||0.88170356||0.26341703||0.9910631||0.0097954||0.9917||0.0106||0.46398321||0.3671321||0.39835244||0.26839916||45.72648757||21.15185933||0.4003||0.2016||53.79750021||21.28725286||55.75980983||15.32539962||55.75980983||15.32539962||68.8542||8.4335||0.1202634||0.24478634||0.06458942||0.1641171||0.06458942||0.1641171||0.0132||0.0161||1154.1728||70.50775614||267.11105571||902.54951868||589.38866849||1179.61852684||213.70776863||30.8453||11.7154||0.92174147||0.19720332||0.95214639||0.15775246||0.9911998||0.00991589||0.9919||0.0105||0.46306583||0.35943959||0.42343908||0.25504028||50.91089293||23.92760458||0.3979||0.1995||53.57518539||20.63935018||53.31955973||13.44720369||53.31955973||13.44720369||68.957||8.4057||0.11047129||0.19170198||0.05824554||0.15960193||0.05824554||0.15960193||0.012||0.0169||1475.48,d8ecbc6382cc2813632fa66bf6000a715b52a14010df84936335538f2f68be20,90
EXCEL-ROW-0118,111,118,adffc81653416f57d21c17b9cb4ace753a30cca94ab5a2fde9a6d72197d24926,f1b8e570139739d10a52d5f13549197767742cd15bae6043763d99f069266d36,b47d13a16676b9ebcf2fba250a941603ecc19ab1bb078eab6968a462aa9828dc,621dd6d141b5aeaf2d0af3fb9e76ef7e31c25d457e52f451763c759713b23beb,nan||nan||nan||nan||nan||nan||nan||nan||nan||nan||nan||nan||nan||nan||nan||nan||nan||9.93799508||54.96391602||209.77344231||310.01515255||452.61922397||167.93586998||13.3983||11.6412||3.66036883||0.97292449||0.00891242||0.97646169||0.03457486||0.97646165||0.03457486||0.9787||0.0394||0.93466072||0.26919769||0.83854987||0.93553449||48.30867929||27.50159365||0.8193||1.0706||29.45620633||6.77454198||36.90686221||13.20258769||36.90686221||13.20258769||56.3759||13.81||0.08049261||0.01961548||0.0563712||0.03053689||0.0563712||0.03053689||0.0447||0.0328||631.2||0.25478516||0.14551505||0.25436353||0.14552446||0.25433351||0.14546104||0.38849203||0.14505937||0.388247||0.14486851||0.38847915||0.1449776||0.48750017||0.14197292||0.05834339||0.02637623||0.05865862||0.02671697||0.05861156||0.02645324||0.08892305||0.01862737||0.08914851||0.01850034||0.08877989||0.01878502||0.11067966||0.01180632||43.0398389||170.48753096||419.6721207||470.58235294||882.3166975||135.21017109||24.2514||11.6178||0.94059321||0.15140631||0.93737624||0.13885146||0.9913992||0.01998377||0.9916||0.0204||0.37872277||0.37244901||0.63314272||0.74931668||42.15367186||24.41696962||0.5893||0.7338||59.30709003||23.1349381||47.81938787||17.92503018||47.81938787||17.92503018||63.9211||14.749||0.10746412||0.17979954||0.09010856||0.14106656||0.09010856||0.14106656||0.0161||0.0191||738.1952||37.78656723||180.56531903||520.03436928||598.93552833||1110.52881298||171.7423196||26.9922||13.3308||0.93566412||0.15304296||0.94484408||0.13549371||0.99112621||0.0201242||0.9913||0.0205||0.40269557||0.33623944||0.63870931||0.75140826||48.28283506||27.65827577||0.5928||0.7362||56.9232317||22.18206463||47.03134521||17.31231672||47.03134521||17.31231672||63.7682||14.6285||0.11980264||0.17523137||0.08848047||0.15601136||0.08848047||0.15601136||0.0173||0.0199||930.8272,e0e582296c45ff3597422097c2deb365d981e5a1e1faa7aa749d69b95686d78a,91
EXCEL-ROW-0119,112,119,6bff707c16c2c85775331f3069848e215fa5bfba8d4b2bf912818119d8eaf4f8,ae73eed6345f03d547d3789ebba97f6e223e888ba6767938ef1fd680b233bcb5,b47d13a16676b9ebcf2fba250a941603ecc19ab1bb078eab6968a462aa9828dc,621dd6d141b5aeaf2d0af3fb9e76ef7e31c25d457e52f451763c759713b23beb,nan||nan||nan||nan||nan||nan||nan||nan||nan||nan||nan||nan||nan||nan||nan||nan||nan||3.07121719||34.19018755||182.00541757||343.21667183||444.50596754||214.87804279||14.5803||13.0802||3.8184159||0.95700089||0.03215764||0.96379186||0.03795776||0.94172173||0.04158071||0.9473||0.0543||0.32700912||0.24093556||0.29111594||0.27111118||82.36978014||35.41061714||0.4091||0.3752||60.63245853||21.28206286||65.46557435||14.92249904||65.46557435||14.92249904||69.8578||14.9611||0.17644701||0.04306436||0.13916153||0.07429595||0.13916153||0.07429595||0.0828||0.0766||524.8||0.25098582||0.1458966||0.25068253||0.14570147||0.25106776||0.14531215||0.38441888||0.14343107||0.38436773||0.1431179||0.38466016||0.14306256||0.48268656||0.13969492||0.04668039||0.03077686||0.04787378||0.03066955||0.04684862||0.03082309||0.0739057||0.02994564||0.07406097||0.02987221||0.073393||0.02974218||0.09278973||0.02989507||12.90685088||92.91171942||314.90061539||429.81937888||852.336165||178.1381331||23.455||12.128||0.82011049||0.28593163||0.87047959||0.19060111||0.97714435||0.03877856||0.978||0.0439||1.737424||10.88688221||0.97366743||4.79905168||72.78129277||32.03193119||0.5267||1.3547||57.81071025||24.99851916||53.45937395||15.31846935||53.45937395||15.31846935||64.5739||9.3519||0.39354076||0.56466984||0.27034583||0.35616539||0.27034583||0.35616539||0.029||0.0747||777.2736||12.85031486||104.40234979||394.08020789||548.55810973||1082.02538826||224.8314582||26.2204||13.8926||0.82110625||0.27814789||0.88250467||0.18780978||0.97713813||0.03881343||0.978||0.0438||1.85279857||11.40150272||1.02574109||5.28774139||82.12889277||36.10169993||0.527||1.4236||56.78162551||24.326095||53.48990363||15.58304176||53.48990363||15.58304176||64.6344||9.3668||0.39789353||0.55268751||0.26254693||0.35197973||0.26254693||0.35197973||0.0305||0.0739||990.88,528eb956b641a3bdf899e29ec3f7ef178ceef2ec3d35e9df4b44a2355fcb7ac9,92
EXCEL-ROW-0120,113,120,69e70121d2570061fb0615831b6cc9f9493123cd8ef18e418326cab4de673294,c61fdc4e1af34cddc0f1daa026a7895b4729d9b3656f5375df8718d110fcba7b,b47d13a16676b9ebcf2fba250a941603ecc19ab1bb078eab6968a462aa9828dc,621dd6d141b5aeaf2d0af3fb9e76ef7e31c25d457e52f451763c759713b23beb,nan||nan||nan||nan||nan||nan||nan||nan||nan||nan||nan||nan||nan||nan||nan||nan||nan||6.34078895||38.208169||10.07788621||6.81316352||459.4578417||95.40526031||11.5924||10.1769||3.40476137||0.9851652||0.01615396||0.99025892||0.00796793||0.97280497||0.0270038||0.974||0.0291||0.27944802||0.34383617||0.19581476||0.14398796||61.09851755||24.12859764||0.7415||1.3762||66.29169167||23.80804173||73.66448972||12.51899006||73.66448972||12.51899006||61.368||15.2561||0.10585458||0.03232618||0.1108703||0.01146049||0.1108703||0.01146049||0.0572||0.0389||604.4||0.25229599||0.14583907||0.25245888||0.14581977||0.25181392||0.14566043||0.38621714||0.14407467||0.38600523||0.14361778||0.38594963||0.14350051||0.48464597||0.14023797||0.04975315||0.02952223||0.04977317||0.02968847||0.05036013||0.02973694||0.07459835||0.03377569||0.07861982||0.02445662||0.07845089||0.02475527||0.09730947||0.02563213||81.52385126||208.85631605||571.09135202||435.26250673||872.8147325||75.91717784||22.1947||11.636||0.97752195||0.09887966||0.95394766||0.14451632||0.9890497||0.01100795||0.989||0.0113||0.74722556||0.35360679||0.657649||0.47973883||54.15639549||22.25736683||0.6744||0.4797||37.54617001||13.13704743||42.13364582||12.49903014||42.13364582||12.49903014||58.6468||10.6769||0.03634292||0.04377539||0.02588189||0.05560176||0.02588189||0.05560176||0.0162||0.0127||762.9712||89.98190827||248.6729462||730.88551058||556.62871622||1103.14898777||97.06709663||24.7397||13.3938||0.98787534||0.00927914||0.98898421||0.0111102||0.98898363||0.01113256||0.989||0.0114||0.75683633||0.34493805||0.67918163||0.47076455||61.16044161||24.99518193||0.6764||0.4828||36.96013799||12.34356595||40.40429344||10.14683942||40.40429344||10.14683942||58.5823||10.7085||0.03057728||0.00890109||0.01696899||0.01160713||0.01696899||0.01160713||0.0159||0.0112||963.6,92239550815a0e9e154d7073f418e35e0586d9abe62be27c1cfe74f02eae1eff,93
EXCEL-ROW-0121,114,121,69e70121d2570061fb0615831b6cc9f9493123cd8ef18e418326cab4de673294,fc2db61fe2771e6cc1055a1507c6b59c6f26b830855f1bad0d0986cfea440a5d,b47d13a16676b9ebcf2fba250a941603ecc19ab1bb078eab6968a462aa9828dc,621dd6d141b5aeaf2d0af3fb9e76ef7e31c25d457e52f451763c759713b23beb,nan||nan||nan||nan||nan||nan||nan||nan||nan||nan||nan||nan||nan||nan||nan||nan||nan||6.34078895||38.208169||10.07788621||6.81316352||459.4578417||95.40526031||11.5924||10.1769||3.40476137||0.9851652||0.01615396||0.99025892||0.00796793||0.97280497||0.0270038||0.974||0.0291||0.27944802||0.34383617||0.19581476||0.14398796||61.09851755||24.12859764||0.7415||1.3762||66.29169167||23.80804173||73.66448972||12.51899006||73.66448972||12.51899006||61.368||15.2561||0.10585458||0.03232618||0.1108703||0.01146049||0.1108703||0.01146049||0.0572||0.0389||604.4||0.25229599||0.14583907||0.25245888||0.14581977||0.25181392||0.14566043||0.38621714||0.14407467||0.38600523||0.14361778||0.38594963||0.14350051||0.48464597||0.14023797||0.04975315||0.02952223||0.04977317||0.02968847||0.05036013||0.02973694||0.07459835||0.03377569||0.07861982||0.02445662||0.07845089||0.02475527||0.09730947||0.02563213||81.52385126||208.85631605||571.09135202||435.26250673||872.8147325||75.91717784||22.1947||11.636||0.97752195||0.09887966||0.95394766||0.14451632||0.9890497||0.01100795||0.989||0.0113||0.74722556||0.35360679||0.657649||0.47973883||54.15639549||22.25736683||0.6744||0.4797||37.54617001||13.13704743||42.13364582||12.49903014||42.13364582||12.49903014||58.6468||10.6769||0.03634292||0.04377539||0.02588189||0.05560176||0.02588189||0.05560176||0.0162||0.0127||762.9712||89.98190827||248.6729462||730.88551058||556.62871622||1103.14898777||97.06709663||24.7397||13.3938||0.98787534||0.00927914||0.98898421||0.0111102||0.98898363||0.01113256||0.989||0.0114||0.75683633||0.34493805||0.67918163||0.47076455||61.16044161||24.99518193||0.6764||0.4828||36.96013799||12.34356595||40.40429344||10.14683942||40.40429344||10.14683942||58.5823||10.7085||0.03057728||0.00890109||0.01696899||0.01160713||0.01696899||0.01160713||0.0159||0.0112||963.6,92239550815a0e9e154d7073f418e35e0586d9abe62be27c1cfe74f02eae1eff,93
EXCEL-ROW-0122,115,122,0a23335987287789d64e0ac3063140ba96efcca70e17143b685288e0c69b30d4,e187bde935b44c631095a7c671ad57f083cbc4fc66e3a12cffe50d4d3251b89e,b47d13a16676b9ebcf2fba250a941603ecc19ab1bb078eab6968a462aa9828dc,621dd6d141b5aeaf2d0af3fb9e76ef7e31c25d457e52f451763c759713b23beb,nan||nan||nan||nan||nan||nan||nan||nan||nan||nan||nan||nan||nan||nan||nan||nan||nan||6.33996189||38.2033619||10.07654651||6.81247129||459.39791261||95.4084728||11.5915||10.1762||3.4046292||0.98516959||0.01616661||0.99024843||0.00796287||0.9727955||0.02695655||0.974||0.0291||0.27888888||0.34483754||0.19629142||0.1436363||61.09812183||24.08085701||0.7407||1.3755||66.38160947||23.9052897||73.62928671||12.48136991||73.62928671||12.48136991||61.4089||15.3096||0.10587636||0.03235723||0.11089691||0.01144005||0.11089691||0.01144005||0.0572||0.0389||604.4||0.25181392||0.14566043||0.25245888||0.14581977||0.25229599||0.14583907||0.38600523||0.14361778||0.38621714||0.14407467||0.38594963||0.14350051||0.48464597||0.14023797||0.05036013||0.02973694||0.04977317||0.02968847||0.04975315||0.02952223||0.07861982||0.02445662||0.07459835||0.03377569||0.07845089||0.02475527||0.09730947||0.02563213||81.5686028||208.90363143||573.90066625||435.933427||872.78405||75.93372964||22.1946||11.6359||0.97738172||0.09959135||0.95369335||0.14548748||0.98905112||0.01101315||0.989||0.0113||0.74755666||0.35105674||0.65747588||0.47962899||54.15031663||22.24776546||0.6741||0.4796||37.45044526||12.9008403||42.12108826||12.44833153||42.12108826||12.44833153||58.6507||10.6345||0.03577429||0.03689026||0.02355112||0.04774499||0.02355112||0.04774499||0.0162||0.0127||762.9712||89.97859552||248.66688393||730.86645027||556.61533617||1103.10837453||97.08609332||24.7397||13.3936||0.98788132||0.00926005||0.98898562||0.01111605||0.98898508||0.01113816||0.989||0.0114||0.7572452||0.3422401||0.67900833||0.47045664||61.15624846||24.9825051||0.6762||0.4827||36.85784711||12.07292862||40.38643844||10.03833592||40.38643844||10.03833592||58.5871||10.6677||0.03061325||0.00891092||0.01698292||0.01162638||0.01698292||0.01162638||0.0159||0.0113||963.6,0a1911a3c41edd354cb822e0185860015dc95341b6beaf93ba8c1c353f2be6c7,94
EXCEL-ROW-0123,116,123,0a23335987287789d64e0ac3063140ba96efcca70e17143b685288e0c69b30d4,a09895cff4e2fa82d7ae59bdecd1b740d141a981b23b3655746f996a8d8d810e,b47d13a16676b9ebcf2fba250a941603ecc19ab1bb078eab6968a462aa9828dc,621dd6d141b5aeaf2d0af3fb9e76ef7e31c25d457e52f451763c759713b23beb,nan||nan||nan||nan||nan||nan||nan||nan||nan||nan||nan||nan||nan||nan||nan||nan||nan||6.33996189||38.2033619||10.07654651||6.81247129||459.39791261||95.4084728||11.5915||10.1762||3.4046292||0.98516959||0.01616661||0.99024843||0.00796287||0.9727955||0.02695655||0.974||0.0291||0.27888888||0.34483754||0.19629142||0.1436363||61.09812183||24.08085701||0.7407||1.3755||66.38160947||23.9052897||73.62928671||12.48136991||73.62928671||12.48136991||61.4089||15.3096||0.10587636||0.03235723||0.11089691||0.01144005||0.11089691||0.01144005||0.0572||0.0389||604.4||0.25181392||0.14566043||0.25245888||0.14581977||0.25229599||0.14583907||0.38600523||0.14361778||0.38621714||0.14407467||0.38594963||0.14350051||0.48464597||0.14023797||0.05036013||0.02973694||0.04977317||0.02968847||0.04975315||0.02952223||0.07861982||0.02445662||0.07459835||0.03377569||0.07845089||0.02475527||0.09730947||0.02563213||81.5686028||208.90363143||573.90066625||435.933427||872.78405||75.93372964||22.1946||11.6359||0.97738172||0.09959135||0.95369335||0.14548748||0.98905112||0.01101315||0.989||0.0113||0.74755666||0.35105674||0.65747588||0.47962899||54.15031663||22.24776546||0.6741||0.4796||37.45044526||12.9008403||42.12108826||12.44833153||42.12108826||12.44833153||58.6507||10.6345||0.03577429||0.03689026||0.02355112||0.04774499||0.02355112||0.04774499||0.0162||0.0127||762.9712||89.97859552||248.66688393||730.86645027||556.61533617||1103.10837453||97.08609332||24.7397||13.3936||0.98788132||0.00926005||0.98898562||0.01111605||0.98898508||0.01113816||0.989||0.0114||0.7572452||0.3422401||0.67900833||0.47045664||61.15624846||24.9825051||0.6762||0.4827||36.85784711||12.07292862||40.38643844||10.03833592||40.38643844||10.03833592||58.5871||10.6677||0.03061325||0.00891092||0.01698292||0.01162638||0.01698292||0.01162638||0.0159||0.0113||963.6,0a1911a3c41edd354cb822e0185860015dc95341b6beaf93ba8c1c353f2be6c7,94
EXCEL-ROW-0124,117,124,0a23335987287789d64e0ac3063140ba96efcca70e17143b685288e0c69b30d4,f3a1620f8d2e4946c51f2ed6b644e1e6c461e76d238963dec074fe84c93d4b37,b47d13a16676b9ebcf2fba250a941603ecc19ab1bb078eab6968a462aa9828dc,621dd6d141b5aeaf2d0af3fb9e76ef7e31c25d457e52f451763c759713b23beb,nan||nan||nan||nan||nan||nan||nan||nan||nan||nan||nan||nan||nan||nan||nan||nan||nan||6.33996189||38.2033619||10.07654651||6.81247129||459.39791261||95.4084728||11.5915||10.1762||3.4046292||0.98516959||0.01616661||0.99024843||0.00796287||0.9727955||0.02695655||0.974||0.0291||0.27888888||0.34483754||0.19629142||0.1436363||61.09812183||24.08085701||0.7407||1.3755||66.38160947||23.9052897||73.62928671||12.48136991||73.62928671||12.48136991||61.4089||15.3096||0.10587636||0.03235723||0.11089691||0.01144005||0.11089691||0.01144005||0.0572||0.0389||604.4||0.25181392||0.14566043||0.25245888||0.14581977||0.25229599||0.14583907||0.38600523||0.14361778||0.38621714||0.14407467||0.38594963||0.14350051||0.48464597||0.14023797||0.05036013||0.02973694||0.04977317||0.02968847||0.04975315||0.02952223||0.07861982||0.02445662||0.07459835||0.03377569||0.07845089||0.02475527||0.09730947||0.02563213||81.5686028||208.90363143||573.90066625||435.933427||872.78405||75.93372964||22.1946||11.6359||0.97738172||0.09959135||0.95369335||0.14548748||0.98905112||0.01101315||0.989||0.0113||0.74755666||0.35105674||0.65747588||0.47962899||54.15031663||22.24776546||0.6741||0.4796||37.45044526||12.9008403||42.12108826||12.44833153||42.12108826||12.44833153||58.6507||10.6345||0.03577429||0.03689026||0.02355112||0.04774499||0.02355112||0.04774499||0.0162||0.0127||762.9712||89.97859552||248.66688393||730.86645027||556.61533617||1103.10837453||97.08609332||24.7397||13.3936||0.98788132||0.00926005||0.98898562||0.01111605||0.98898508||0.01113816||0.989||0.0114||0.7572452||0.3422401||0.67900833||0.47045664||61.15624846||24.9825051||0.6762||0.4827||36.85784711||12.07292862||40.38643844||10.03833592||40.38643844||10.03833592||58.5871||10.6677||0.03061325||0.00891092||0.01698292||0.01162638||0.01698292||0.01162638||0.0159||0.0113||963.6,0a1911a3c41edd354cb822e0185860015dc95341b6beaf93ba8c1c353f2be6c7,94
EXCEL-ROW-0125,118,125,e182cf2ccc55d5700bf77db0c51280afa86ac3c523a4c03e2654593b41e6bbf4,e11284baf912bbe0e2c345b85032c03329585fa0e28986101dd78420d819b7f6,b47d13a16676b9ebcf2fba250a941603ecc19ab1bb078eab6968a462aa9828dc,621dd6d141b5aeaf2d0af3fb9e76ef7e31c25d457e52f451763c759713b23beb,nan||nan||nan||nan||nan||nan||nan||nan||nan||nan||nan||nan||nan||nan||nan||nan||nan||4.9741561||45.01030982||246.93278996||356.66903496||458.17504519||217.36814283||15.6011||13.017||3.94982278||0.97159328||0.01210086||0.96588336||0.04550085||0.96559299||0.04540103||0.9686||0.0433||0.41374783||0.21086084||0.68202982||1.41491857||63.6023392||28.63286485||0.6628||1.2514||52.00116173||13.1077263||48.64634075||12.1059115||48.64634075||12.1059115||63.4822||12.0291||0.117847||0.03102444||0.07913938||0.04918171||0.07913938||0.04918171||0.0564||0.0507||664.16||0.25111894||0.14603679||0.25190948||0.1451613||0.2511695||0.14587924||0.38518383||0.14335646||0.38517233||0.14331551||0.3850133||0.14324487||0.48352797||0.1395895||0.04619295||0.03146008||0.05249869||0.02876697||0.04542556||0.0315091||0.07545304||0.03184361||0.07483449||0.03224523||0.07102351||0.03369704||0.09359548||0.03167596||29.34345317||144.00336679||552.42564686||474.537647||867.69508||177.32164117||24.679||11.7439||0.91971771||0.18249786||0.86478745||0.24729657||0.98568555||0.01956658||0.9866||0.0213||0.53610036||0.37294695||0.53365893||0.45092683||56.96833768||25.84401185||0.5148||0.3278||48.02893013||17.55881443||49.66386462||15.40288341||49.66386462||15.40288341||64.256||9.1008||0.13605258||0.17774797||0.10398778||0.20652757||0.10398778||0.20652757||0.0183||0.0273||689.3312||29.78108892||163.56507933||704.67603036||608.12823801||1102.38362846||221.16231711||27.5655||13.4915||0.91118408||0.19298272||0.92243882||0.19721456||0.98577564||0.01925665||0.9866||0.0211||0.56263612||0.3906957||0.57081753||0.43660647||64.37403509||29.00166556||0.5158||0.3257||46.92629102||17.57666959||46.56623936||13.83174061||46.56623936||13.83174061||64.1991||9.1022||0.1520212||0.21552414||0.10252345||0.22404361||0.10252345||0.22404361||0.0182||0.0268||888.0,f8cb660dda77c06950662e1f2deccb3dfb5171acadcd5f68430fb64b7dfe94d0,95
EXCEL-ROW-0126,119,126,aa620c605d0ffeded6dd5c1950b2b40cd4f6caba1dabf831b56825d9252685d9,d9ad4525d95ad2b1b5be4c9664e5ea2d1a3ae211567b12433848e7ccb41484a5,b47d13a16676b9ebcf2fba250a941603ecc19ab1bb078eab6968a462aa9828dc,621dd6d141b5aeaf2d0af3fb9e76ef7e31c25d457e52f451763c759713b23beb,nan||nan||nan||nan||nan||nan||nan||nan||nan||nan||nan||nan||nan||nan||nan||nan||nan||10.8552325||66.75740635||272.03738949||351.46806074||472.03321248||201.20529276||16.5097||12.1312||4.06321301||0.97267197||0.01491293||0.97209351||0.0736488||0.97206629||0.07370706||0.9763||0.0765||0.88823966||0.40666528||0.76766743||1.46695176||38.79876295||42.37935324||0.62||1.5304||31.81537364||9.93099615||52.29676671||28.79551449||52.29676671||28.79551449||71.1358||22.7039||0.08477019||0.0104118||0.05477208||0.03489636||0.05477208||0.03489636||0.0411||0.0357||740.2672||0.25240504||0.14504291||0.2520037||0.14517866||0.2532899||0.14633623||0.38585906||0.14297289||0.38664449||0.14373173||0.38686427||0.14370752||0.48508913||0.13995376||0.05045725||0.02647288||0.05018492||0.02648282||0.05112096||0.03121164||0.07578456||0.02689448||0.0797707||0.0210718||0.07994664||0.02104284||0.09894943||0.01622166||62.41871149||201.95000908||367.10366117||426.44972825||865.669505||157.19357837||24.3328||11.4244||0.90395616||0.24368113||0.93011295||0.20199167||0.9900079||0.03427043||0.9896||0.038||0.23173905||0.75077624||0.55004233||1.24182311||35.37274764||37.09409618||0.6926||1.377||77.94822815||23.03049064||62.06363113||28.19093765||62.06363113||28.19093765||64.6918||18.6443||0.17916444||0.27317496||0.19217823||0.25415179||0.19217823||0.25415179||0.0147||0.0151||642.5456||50.89365555||209.21618336||430.78329672||566.27096554||1104.34784919||202.51887247||27.264||13.2696||0.91195519||0.24058151||0.93144211||0.19804172||0.99002006||0.03497983||0.9896||0.0387||0.19566544||0.70815982||0.53822916||1.21873449||39.73027028||42.8991791||0.6892||1.3565||80.62465992||21.22665935||62.93351097||29.01703276||62.93351097||29.01703276||64.7299||18.6278||0.17418239||0.18517978||0.13610476||0.16180557||0.13610476||0.16180557||0.0136||0.0186||835.2064,71e965d590b784d4ef04361f73d8bc2d82931a270d53a66261c5116f003124d3,96
EXCEL-ROW-0127,120,127,cfd4d0fa482dd0c125f19c63804096001de5b433e109eca70587b6aeb6596f54,ca3e38ea786231078291ad72e0753374c4f4fc2db2c8689b263d8713103f2dfa,b47d13a16676b9ebcf2fba250a941603ecc19ab1bb078eab6968a462aa9828dc,621dd6d141b5aeaf2d0af3fb9e76ef7e31c25d457e52f451763c759713b23beb,nan||nan||nan||nan||nan||nan||nan||nan||nan||nan||nan||nan||nan||nan||nan||nan||nan||9.38049209||19.62556258||28.44131069||96.58014603||458.60183571||47.46711368||5.9481||4.7639||2.43887269||0.98266741||0.01314389||0.98368542||0.00977766||0.97714487||0.01177414||0.9765||0.013||0.4906864||0.51859304||0.45124774||0.29298181||59.86669687||21.21746788||0.7648||0.7198||54.64938498||22.46794005||56.94498832||15.81434933||56.94498832||15.81434933||57.6084||15.4329||0.0997865||0.03296222||0.09903537||0.02351708||0.09903537||0.02351708||0.0715||0.0232||326.24||0.2532899||0.14633623||0.2520037||0.14517866||0.25240504||0.14504291||0.38664449||0.14373173||0.38585906||0.14297289||0.38686427||0.14370752||0.48508913||0.13995376||0.05112096||0.03121164||0.05018492||0.02648282||0.05045725||0.02647288||0.0797707||0.0210718||0.07578456||0.02689448||0.07994664||0.02104284||0.09894943||0.01622166||122.20471113||227.19185805||446.98713135||345.81187645||873.19085||43.94074089||22.0962||8.6438||0.92507063||0.19946781||0.92775135||0.15564824||0.99008435||0.00524512||0.9903||0.0085||0.61390172||0.63063141||0.72975584||0.60926795||52.68857256||19.58159442||0.8301||0.9367||44.48048603||15.08729057||42.6066538||14.52704829||42.6066538||14.52704829||56.4794||15.5374||0.14639018||0.30219314||0.1395147||0.25834127||0.1395147||0.25834127||0.0178||0.0129||972.392||125.04588477||262.81398358||609.85207054||469.06856026||1103.86947715||54.499131||24.5212||9.9773||0.93525637||0.17445682||0.95282068||0.11897603||0.98996339||0.00521014||0.9902||0.0085||0.6456245||0.59730049||0.73424729||0.60289459||59.9165826||21.5058198||0.8708||0.9564||42.6454711||14.26272154||41.07305953||13.83078653||41.07305953||13.83078653||55.4299||15.6411||0.14211467||0.30717978||0.10544684||0.2427848||0.10544684||0.2427848||0.0178||0.0144||1241.856,1a8eca542c19efb74a2786cb678803a92c5fb1b9fdd60089c8996d5798ec0d75,97
EXCEL-ROW-0128,121,128,cfd4d0fa482dd0c125f19c63804096001de5b433e109eca70587b6aeb6596f54,c6d19db78257b03329e7730dd4ea52da3588236b5f964ea95ff303df733259c9,b47d13a16676b9ebcf2fba250a941603ecc19ab1bb078eab6968a462aa9828dc,621dd6d141b5aeaf2d0af3fb9e76ef7e31c25d457e52f451763c759713b23beb,nan||nan||nan||nan||nan||nan||nan||nan||nan||nan||nan||nan||nan||nan||nan||nan||nan||9.38049209||19.62556258||28.44131069||96.58014603||458.60183571||47.46711368||5.9481||4.7639||2.43887269||0.98266741||0.01314389||0.98368542||0.00977766||0.97714487||0.01177414||0.9765||0.013||0.4906864||0.51859304||0.45124774||0.29298181||59.86669687||21.21746788||0.7648||0.7198||54.64938498||22.46794005||56.94498832||15.81434933||56.94498832||15.81434933||57.6084||15.4329||0.0997865||0.03296222||0.09903537||0.02351708||0.09903537||0.02351708||0.0715||0.0232||326.24||0.2532899||0.14633623||0.2520037||0.14517866||0.25240504||0.14504291||0.38664449||0.14373173||0.38585906||0.14297289||0.38686427||0.14370752||0.48508913||0.13995376||0.05112096||0.03121164||0.05018492||0.02648282||0.05045725||0.02647288||0.0797707||0.0210718||0.07578456||0.02689448||0.07994664||0.02104284||0.09894943||0.01622166||122.20471113||227.19185805||446.98713135||345.81187645||873.19085||43.94074089||22.0962||8.6438||0.92507063||0.19946781||0.92775135||0.15564824||0.99008435||0.00524512||0.9903||0.0085||0.61390172||0.63063141||0.72975584||0.60926795||52.68857256||19.58159442||0.8301||0.9367||44.48048603||15.08729057||42.6066538||14.52704829||42.6066538||14.52704829||56.4794||15.5374||0.14639018||0.30219314||0.1395147||0.25834127||0.1395147||0.25834127||0.0178||0.0129||972.392||125.04588477||262.81398358||609.85207054||469.06856026||1103.86947715||54.499131||24.5212||9.9773||0.93525637||0.17445682||0.95282068||0.11897603||0.98996339||0.00521014||0.9902||0.0085||0.6456245||0.59730049||0.73424729||0.60289459||59.9165826||21.5058198||0.8708||0.9564||42.6454711||14.26272154||41.07305953||13.83078653||41.07305953||13.83078653||55.4299||15.6411||0.14211467||0.30717978||0.10544684||0.2427848||0.10544684||0.2427848||0.0178||0.0144||1241.856,1a8eca542c19efb74a2786cb678803a92c5fb1b9fdd60089c8996d5798ec0d75,97
EXCEL-ROW-0129,122,129,cfd4d0fa482dd0c125f19c63804096001de5b433e109eca70587b6aeb6596f54,c42e5b9c6c330440455e82baa322ec0da5955814f112202ec242a129e620ec73,b47d13a16676b9ebcf2fba250a941603ecc19ab1bb078eab6968a462aa9828dc,621dd6d141b5aeaf2d0af3fb9e76ef7e31c25d457e52f451763c759713b23beb,nan||nan||nan||nan||nan||nan||nan||nan||nan||nan||nan||nan||nan||nan||nan||nan||nan||9.38049209||19.62556258||28.44131069||96.58014603||458.60183571||47.46711368||5.9481||4.7639||2.43887269||0.98266741||0.01314389||0.98368542||0.00977766||0.97714487||0.01177414||0.9765||0.013||0.4906864||0.51859304||0.45124774||0.29298181||59.86669687||21.21746788||0.7648||0.7198||54.64938498||22.46794005||56.94498832||15.81434933||56.94498832||15.81434933||57.6084||15.4329||0.0997865||0.03296222||0.09903537||0.02351708||0.09903537||0.02351708||0.0715||0.0232||326.24||0.2532899||0.14633623||0.2520037||0.14517866||0.25240504||0.14504291||0.38664449||0.14373173||0.38585906||0.14297289||0.38686427||0.14370752||0.48508913||0.13995376||0.05112096||0.03121164||0.05018492||0.02648282||0.05045725||0.02647288||0.0797707||0.0210718||0.07578456||0.02689448||0.07994664||0.02104284||0.09894943||0.01622166||122.20471113||227.19185805||446.98713135||345.81187645||873.19085||43.94074089||22.0962||8.6438||0.92507063||0.19946781||0.92775135||0.15564824||0.99008435||0.00524512||0.9903||0.0085||0.61390172||0.63063141||0.72975584||0.60926795||52.68857256||19.58159442||0.8301||0.9367||44.48048603||15.08729057||42.6066538||14.52704829||42.6066538||14.52704829||56.4794||15.5374||0.14639018||0.30219314||0.1395147||0.25834127||0.1395147||0.25834127||0.0178||0.0129||972.392||125.04588477||262.81398358||609.85207054||469.06856026||1103.86947715||54.499131||24.5212||9.9773||0.93525637||0.17445682||0.95282068||0.11897603||0.98996339||0.00521014||0.9902||0.0085||0.6456245||0.59730049||0.73424729||0.60289459||59.9165826||21.5058198||0.8708||0.9564||42.6454711||14.26272154||41.07305953||13.83078653||41.07305953||13.83078653||55.4299||15.6411||0.14211467||0.30717978||0.10544684||0.2427848||0.10544684||0.2427848||0.0178||0.0144||1241.856,1a8eca542c19efb74a2786cb678803a92c5fb1b9fdd60089c8996d5798ec0d75,97
EXCEL-ROW-0130,123,130,16bcaead29803682d2166bb154e0864ecbe6aa233e318085a20107378a2d1c38,f21dbc7dae9eef76d1be7779ef17f268a6335a472cc0cce4ef52fa636be6aaeb,b47d13a16676b9ebcf2fba250a941603ecc19ab1bb078eab6968a462aa9828dc,621dd6d141b5aeaf2d0af3fb9e76ef7e31c25d457e52f451763c759713b23beb,nan||nan||nan||nan||nan||nan||nan||nan||nan||nan||nan||nan||nan||nan||nan||nan||nan||5.57838527||41.12746862||197.19475542||319.75661043||462.24687141||170.21561008||12.7455||12.1246||3.57008403||0.80459113||0.3707567||0.95930857||0.10804025||0.9730586||0.05314754||0.9737||0.061||0.61948336||0.69734711||1.15128097||3.44477452||50.41081414||37.36232586||1.2886||3.8378||50.2490831||24.94324966||42.29608534||19.05314062||42.29608534||19.05314062||55.7581||19.3383||0.1709424||0.3019243||0.08502772||0.05846851||0.08502772||0.05846851||0.0601||0.0454||701.92||0.25440263||0.14591559||0.25388124||0.14603721||0.25433498||0.14585909||0.3882255||0.14517427||0.38817802||0.14512592||0.38845814||0.1451671||0.48740574||0.14209647||0.05785401||0.02822742||0.05732947||0.02862468||0.05837097||0.02832543||0.08722278||0.02533971||0.08774894||0.02481258||0.08807749||0.02440759||0.11004922||0.01867041||38.1934559||166.34817636||641.01386467||444.33046605||866.0366125||146.38939385||25.5072||10.815||0.93880111||0.21480701||0.96336609||0.13595237||0.9882465||0.03560157||0.9889||0.0356||0.35538306||0.67777569||0.81223661||0.84310701||43.30269388||33.5165143||0.8923||0.9088||66.29708753||26.59329769||43.51093123||21.14764501||43.51093123||21.14764501||54.4602||16.9716||0.15550028||0.30087725||0.05859167||0.12049446||0.05859167||0.12049446||0.0181||0.024||659.4496||40.61946693||192.51736162||804.33484614||561.20033388||1094.59574732||176.82152587||28.3638||12.4266||0.92551918||0.23120357||0.96287433||0.13794087||0.9881267||0.03413388||0.9887||0.0344||0.4495001||0.60788409||0.84432411||0.83351394||49.38499081||37.22839382||0.8976||0.8838||60.66898607||27.252062||41.77547213||20.1920247||41.77547213||20.1920247||54.2303||17.0441||0.11509392||0.19705273||0.0439353||0.11313304||0.0439353||0.11313304||0.0184||0.0227||851.152,eb42a74e6882a83308c760a87ba7359784283691e5c04fb5835b2889fdd572c5,98
EXCEL-ROW-0131,124,131,16bcaead29803682d2166bb154e0864ecbe6aa233e318085a20107378a2d1c38,7a214d11f6c22c841637a17c0b71a25130b3beb034f117191cabb14aaf7d4a92,b47d13a16676b9ebcf2fba250a941603ecc19ab1bb078eab6968a462aa9828dc,621dd6d141b5aeaf2d0af3fb9e76ef7e31c25d457e52f451763c759713b23beb,nan||nan||nan||nan||nan||nan||nan||nan||nan||nan||nan||nan||nan||nan||nan||nan||nan||5.57838527||41.12746862||197.19475542||319.75661043||462.24687141||170.21561008||12.7455||12.1246||3.57008403||0.80459113||0.3707567||0.95930857||0.10804025||0.9730586||0.05314754||0.9737||0.061||0.61948336||0.69734711||1.15128097||3.44477452||50.41081414||37.36232586||1.2886||3.8378||50.2490831||24.94324966||42.29608534||19.05314062||42.29608534||19.05314062||55.7581||19.3383||0.1709424||0.3019243||0.08502772||0.05846851||0.08502772||0.05846851||0.0601||0.0454||701.92||0.25440263||0.14591559||0.25388124||0.14603721||0.25433498||0.14585909||0.3882255||0.14517427||0.38817802||0.14512592||0.38845814||0.1451671||0.48740574||0.14209647||0.05785401||0.02822742||0.05732947||0.02862468||0.05837097||0.02832543||0.08722278||0.02533971||0.08774894||0.02481258||0.08807749||0.02440759||0.11004922||0.01867041||38.1934559||166.34817636||641.01386467||444.33046605||866.0366125||146.38939385||25.5072||10.815||0.93880111||0.21480701||0.96336609||0.13595237||0.9882465||0.03560157||0.9889||0.0356||0.35538306||0.67777569||0.81223661||0.84310701||43.30269388||33.5165143||0.8923||0.9088||66.29708753||26.59329769||43.51093123||21.14764501||43.51093123||21.14764501||54.4602||16.9716||0.15550028||0.30087725||0.05859167||0.12049446||0.05859167||0.12049446||0.0181||0.024||659.4496||40.61946693||192.51736162||804.33484614||561.20033388||1094.59574732||176.82152587||28.3638||12.4266||0.92551918||0.23120357||0.96287433||0.13794087||0.9881267||0.03413388||0.9887||0.0344||0.4495001||0.60788409||0.84432411||0.83351394||49.38499081||37.22839382||0.8976||0.8838||60.66898607||27.252062||41.77547213||20.1920247||41.77547213||20.1920247||54.2303||17.0441||0.11509392||0.19705273||0.0439353||0.11313304||0.0439353||0.11313304||0.0184||0.0227||851.152,eb42a74e6882a83308c760a87ba7359784283691e5c04fb5835b2889fdd572c5,98
EXCEL-ROW-0132,125,132,513542462dc174207d332ce7b0c6de0c982733cc1c6fcb2ed058fb2c901a919d,b4112a57911bcfbdb71f7d3cecefeb0a5a8fb29abfb63de31c56cbe469b3dd2a,b47d13a16676b9ebcf2fba250a941603ecc19ab1bb078eab6968a462aa9828dc,621dd6d141b5aeaf2d0af3fb9e76ef7e31c25d457e52f451763c759713b23beb,nan||nan||nan||nan||nan||nan||nan||nan||nan||nan||nan||nan||nan||nan||nan||nan||nan||5.66464686||60.65540366||237.49441958||497.10165141||464.24645194||390.05451297||18.8902||17.0347||4.34628577||0.97628575||0.00891038||0.97268049||0.07040775||0.97268042||0.07040775||0.9747||0.0922||0.86585861||0.27050541||0.90844424||1.78467012||45.4963756||36.50127048||0.7723||2.3441||30.89375916||5.38440799||40.77317705||23.27572911||40.77317705||23.27572911||68.3538||22.4501||0.09375922||0.00430524||0.07727489||0.0347427||0.07727489||0.0347427||0.0495||0.0449||1290.4||0.25678307||0.1474438||0.25666375||0.14770566||0.25937945||0.14858372||0.39249128||0.14601732||0.39412528||0.14735445||0.39415646||0.14721661||0.49408876||0.14353254||0.05462374||0.02980285||0.05462349||0.02986492||0.06221195||0.02968314||0.08449273||0.02466944||0.0883745||0.02858326||0.08829591||0.02876127||0.10963105||0.02191007||51.66407254||217.49978114||810.93271587||394.95040454||868.92512||306.53748221||30.4423||6.2472||0.99923198||0.01800766||0.98768395||0.07137382||0.98759629||0.07136388||0.9893||0.06||0.05065718||0.47071247||0.80567||1.71921332||40.97702886||32.37903934||0.8618||1.4264||87.09580673||12.56723137||43.95928282||22.26667999||43.95928282||22.26667999||54.1349||9.8293||0.10672217||0.09721843||0.05288256||0.18070387||0.05288256||0.18070387||0.0112||0.0202||217.4288||57.5842255||259.17083589||1048.15465868||493.59193697||1096.68833958||390.79410128||34.2442||7.0193||0.99931279||0.01705132||0.98740684||0.07195842||0.98740684||0.07195842||0.9891||0.0604||0.04487153||0.4546222||0.82227088||1.77431755||46.66507042||36.59731587||0.8649||1.472||87.44664064||11.81678863||43.20968979||22.112849||43.20968979||22.112849||54.1648||9.7892||0.09192322||0.01888099||0.02089909||0.03459941||0.02089909||0.03459941||0.009||0.0188||268.96,b7672afc7bcc8627a1e9a2711d9f75266b90f0b8a779fc64e528235ffde35ce7,99
EXCEL-ROW-0133,126,133,513542462dc174207d332ce7b0c6de0c982733cc1c6fcb2ed058fb2c901a919d,79b5da51aa9d3d2e5779020fba83e271f398186b071a41d9b2eacbd2c578bbcf,b47d13a16676b9ebcf2fba250a941603ecc19ab1bb078eab6968a462aa9828dc,621dd6d141b5aeaf2d0af3fb9e76ef7e31c25d457e52f451763c759713b23beb,nan||nan||nan||nan||nan||nan||nan||nan||nan||nan||nan||nan||nan||nan||nan||nan||nan||5.66464686||60.65540366||237.49441958||497.10165141||464.24645194||390.05451297||18.8902||17.0347||4.34628577||0.97628575||0.00891038||0.97268049||0.07040775||0.97268042||0.07040775||0.9747||0.0922||0.86585861||0.27050541||0.90844424||1.78467012||45.4963756||36.50127048||0.7723||2.3441||30.89375916||5.38440799||40.77317705||23.27572911||40.77317705||23.27572911||68.3538||22.4501||0.09375922||0.00430524||0.07727489||0.0347427||0.07727489||0.0347427||0.0495||0.0449||1290.4||0.25678307||0.1474438||0.25666375||0.14770566||0.25937945||0.14858372||0.39249128||0.14601732||0.39412528||0.14735445||0.39415646||0.14721661||0.49408876||0.14353254||0.05462374||0.02980285||0.05462349||0.02986492||0.06221195||0.02968314||0.08449273||0.02466944||0.0883745||0.02858326||0.08829591||0.02876127||0.10963105||0.02191007||51.66407254||217.49978114||810.93271587||394.95040454||868.92512||306.53748221||30.4423||6.2472||0.99923198||0.01800766||0.98768395||0.07137382||0.98759629||0.07136388||0.9893||0.06||0.05065718||0.47071247||0.80567||1.71921332||40.97702886||32.37903934||0.8618||1.4264||87.09580673||12.56723137||43.95928282||22.26667999||43.95928282||22.26667999||54.1349||9.8293||0.10672217||0.09721843||0.05288256||0.18070387||0.05288256||0.18070387||0.0112||0.0202||217.4288||57.5842255||259.17083589||1048.15465868||493.59193697||1096.68833958||390.79410128||34.2442||7.0193||0.99931279||0.01705132||0.98740684||0.07195842||0.98740684||0.07195842||0.9891||0.0604||0.04487153||0.4546222||0.82227088||1.77431755||46.66507042||36.59731587||0.8649||1.472||87.44664064||11.81678863||43.20968979||22.112849||43.20968979||22.112849||54.1648||9.7892||0.09192322||0.01888099||0.02089909||0.03459941||0.02089909||0.03459941||0.009||0.0188||268.96,b7672afc7bcc8627a1e9a2711d9f75266b90f0b8a779fc64e528235ffde35ce7,99
EXCEL-ROW-0134,127,134,513542462dc174207d332ce7b0c6de0c982733cc1c6fcb2ed058fb2c901a919d,c181d56d5c0fe57fd67e879b257e6a2beee0102fa541316e1e524b03d2e69dbb,b47d13a16676b9ebcf2fba250a941603ecc19ab1bb078eab6968a462aa9828dc,621dd6d141b5aeaf2d0af3fb9e76ef7e31c25d457e52f451763c759713b23beb,nan||nan||nan||nan||nan||nan||nan||nan||nan||nan||nan||nan||nan||nan||nan||nan||nan||5.66464686||60.65540366||237.49441958||497.10165141||464.24645194||390.05451297||18.8902||17.0347||4.34628577||0.97628575||0.00891038||0.97268049||0.07040775||0.97268042||0.07040775||0.9747||0.0922||0.86585861||0.27050541||0.90844424||1.78467012||45.4963756||36.50127048||0.7723||2.3441||30.89375916||5.38440799||40.77317705||23.27572911||40.77317705||23.27572911||68.3538||22.4501||0.09375922||0.00430524||0.07727489||0.0347427||0.07727489||0.0347427||0.0495||0.0449||1290.4||0.25678307||0.1474438||0.25666375||0.14770566||0.25937945||0.14858372||0.39249128||0.14601732||0.39412528||0.14735445||0.39415646||0.14721661||0.49408876||0.14353254||0.05462374||0.02980285||0.05462349||0.02986492||0.06221195||0.02968314||0.08449273||0.02466944||0.0883745||0.02858326||0.08829591||0.02876127||0.10963105||0.02191007||51.66407254||217.49978114||810.93271587||394.95040454||868.92512||306.53748221||30.4423||6.2472||0.99923198||0.01800766||0.98768395||0.07137382||0.98759629||0.07136388||0.9893||0.06||0.05065718||0.47071247||0.80567||1.71921332||40.97702886||32.37903934||0.8618||1.4264||87.09580673||12.56723137||43.95928282||22.26667999||43.95928282||22.26667999||54.1349||9.8293||0.10672217||0.09721843||0.05288256||0.18070387||0.05288256||0.18070387||0.0112||0.0202||217.4288||57.5842255||259.17083589||1048.15465868||493.59193697||1096.68833958||390.79410128||34.2442||7.0193||0.99931279||0.01705132||0.98740684||0.07195842||0.98740684||0.07195842||0.9891||0.0604||0.04487153||0.4546222||0.82227088||1.77431755||46.66507042||36.59731587||0.8649||1.472||87.44664064||11.81678863||43.20968979||22.112849||43.20968979||22.112849||54.1648||9.7892||0.09192322||0.01888099||0.02089909||0.03459941||0.02089909||0.03459941||0.009||0.0188||268.96,b7672afc7bcc8627a1e9a2711d9f75266b90f0b8a779fc64e528235ffde35ce7,99
EXCEL-ROW-0135,128,135,baf224803b9d21a5d2152a19e7a3ef4f6e7f199029463d75a03905c15cd7c778,dc6f0018cea38364cd60b40e97ab0845c46d56a1664392214575c032a0e323e0,b47d13a16676b9ebcf2fba250a941603ecc19ab1bb078eab6968a462aa9828dc,621dd6d141b5aeaf2d0af3fb9e76ef7e31c25d457e52f451763c759713b23beb,nan||nan||nan||nan||nan||nan||nan||nan||nan||nan||nan||nan||nan||nan||nan||nan||nan||8.73459354||55.6669826||253.26256268||320.23102615||468.4184769||161.76870867||15.3685||11.2944||3.92026785||0.98671842||0.01878748||0.98017992||0.06221306||0.98032234||0.0645254||0.9817||0.0668||0.56661043||0.72672563||1.06423849||2.76353374||36.10429722||31.1183107||1.066||2.8508||56.44442138||31.42131527||46.96742937||16.57117203||46.96742937||16.57117203||60.7982||19.6987||0.10062014||0.02572421||0.06658157||0.0409668||0.06658157||0.0409668||0.0487||0.0386||288.0||0.25937945||0.14858372||0.25666375||0.14770566||0.25678307||0.1474438||0.39412528||0.14735445||0.39249128||0.14601732||0.39415646||0.14721661||0.49408876||0.14353254||0.06221195||0.02968314||0.05462349||0.02986492||0.05462374||0.02980285||0.0883745||0.02858326||0.08449273||0.02466944||0.08829591||0.02876127||0.10963105||0.02191007||72.62183382||182.7199965||466.68024421||456.44522372||869.64646||131.40799765||20.1154||11.6612||0.99668527||0.01327372||0.99209607||0.02967135||0.9919679||0.02965289||0.9919||0.0295||0.48697691||0.49060484||0.86216292||1.00230535||31.72517868||29.01834946||0.9168||0.9988||51.62527169||18.2429914||40.40202695||16.12618965||40.40202695||16.12618965||54.1124||15.2452||0.06225422||0.1286279||0.04305852||0.06848955||0.04305852||0.06848955||0.0198||0.0169||1030.7024||86.50834894||223.43560799||587.82614399||573.88561361||1095.66441948||162.42774033||22.2883||13.31||0.99647021||0.01258527||0.99194828||0.02924277||0.9919482||0.02924276||0.9919||0.0291||0.53861548||0.44411134||0.89007937||0.99154508||35.9476682||32.50094258||0.9164||0.995||46.58302724||11.14989032||37.95546097||14.98682985||37.95546097||14.98682985||54.0701||15.0736||0.03806501||0.01156208||0.021469||0.01549226||0.021469||0.01549226||0.0192||0.0145||1296.0,c6d9848057f376563784d955d08bb89da1458303987be7b39b8808cfb65cf4cb,100
EXCEL-ROW-0136,129,136,baf224803b9d21a5d2152a19e7a3ef4f6e7f199029463d75a03905c15cd7c778,0a183ebad1c46d9764d320dc484d971ee0b9088985dfd32e8e1607f2ac76db3a,b47d13a16676b9ebcf2fba250a941603ecc19ab1bb078eab6968a462aa9828dc,621dd6d141b5aeaf2d0af3fb9e76ef7e31c25d457e52f451763c759713b23beb,nan||nan||nan||nan||nan||nan||nan||nan||nan||nan||nan||nan||nan||nan||nan||nan||nan||8.73459354||55.6669826||253.26256268||320.23102615||468.4184769||161.76870867||15.3685||11.2944||3.92026785||0.98671842||0.01878748||0.98017992||0.06221306||0.98032234||0.0645254||0.9817||0.0668||0.56661043||0.72672563||1.06423849||2.76353374||36.10429722||31.1183107||1.066||2.8508||56.44442138||31.42131527||46.96742937||16.57117203||46.96742937||16.57117203||60.7982||19.6987||0.10062014||0.02572421||0.06658157||0.0409668||0.06658157||0.0409668||0.0487||0.0386||288.0||0.25937945||0.14858372||0.25666375||0.14770566||0.25678307||0.1474438||0.39412528||0.14735445||0.39249128||0.14601732||0.39415646||0.14721661||0.49408876||0.14353254||0.06221195||0.02968314||0.05462349||0.02986492||0.05462374||0.02980285||0.0883745||0.02858326||0.08449273||0.02466944||0.08829591||0.02876127||0.10963105||0.02191007||72.62183382||182.7199965||466.68024421||456.44522372||869.64646||131.40799765||20.1154||11.6612||0.99668527||0.01327372||0.99209607||0.02967135||0.9919679||0.02965289||0.9919||0.0295||0.48697691||0.49060484||0.86216292||1.00230535||31.72517868||29.01834946||0.9168||0.9988||51.62527169||18.2429914||40.40202695||16.12618965||40.40202695||16.12618965||54.1124||15.2452||0.06225422||0.1286279||0.04305852||0.06848955||0.04305852||0.06848955||0.0198||0.0169||1030.7024||86.50834894||223.43560799||587.82614399||573.88561361||1095.66441948||162.42774033||22.2883||13.31||0.99647021||0.01258527||0.99194828||0.02924277||0.9919482||0.02924276||0.9919||0.0291||0.53861548||0.44411134||0.89007937||0.99154508||35.9476682||32.50094258||0.9164||0.995||46.58302724||11.14989032||37.95546097||14.98682985||37.95546097||14.98682985||54.0701||15.0736||0.03806501||0.01156208||0.021469||0.01549226||0.021469||0.01549226||0.0192||0.0145||1296.0,c6d9848057f376563784d955d08bb89da1458303987be7b39b8808cfb65cf4cb,100
EXCEL-ROW-0137,130,137,b1dfea0bffaafa7b5504de3b81df0a43efdc6ffc9f720536c329db83803f3d52,01c010963013d06d09188484651a185312264634e4726dbfca43ca768cbc3ada,b47d13a16676b9ebcf2fba250a941603ecc19ab1bb078eab6968a462aa9828dc,621dd6d141b5aeaf2d0af3fb9e76ef7e31c25d457e52f451763c759713b23beb,nan||nan||nan||nan||nan||nan||nan||nan||nan||nan||nan||nan||nan||nan||nan||nan||nan||4.35860167||11.10446352||15.65141085||104.47187711||451.40094881||276.53245887||4.1061||6.2363||2.0263514||0.97088734||0.12072178||0.97492922||0.07701733||0.97276195||0.05496852||0.9767||0.0579||0.32330489||0.404313||0.28373074||0.19132651||38.85027827||24.36915835||0.5847||0.3658||66.6864933||28.067318||69.29760301||12.99344269||69.29760301||12.99344269||61.8788||16.5092||0.10872158||0.03387333||0.108525||0.01947291||0.108525||0.01947291||0.0822||0.0284||103.36||0.251265||0.14600672||0.25100451||0.14612336||0.25035971||0.14275877||0.38483197||0.14391566||0.38352471||0.1425628||0.38369828||0.14243504||0.48206171||0.13958483||0.05019863||0.03370699||0.0502494||0.03390971||0.05029881||0.02116876||0.07891585||0.0332148||0.07671342||0.02771298||0.07662421||0.0276203||0.09718188||0.02940585||192.29944986||375.98310982||841.64118144||308.8269079||877.36624||230.76187595||30.0963||4.9361||0.99686395||0.00682135||0.98969929||0.00881028||0.98910514||0.0087662||0.9903||0.0093||0.20971067||0.65073284||0.64724779||0.86037884||34.3227309||22.89825565||0.6427||0.9424||78.17938843||23.32060151||51.00432735||26.42419827||51.00432735||26.42419827||64.962||20.4086||0.0643232||0.04862236||0.01649316||0.02883931||0.01649316||0.02883931||0.0101||0.0107||1168.7728||235.84865553||470.88848896||1087.53881648||350.56407508||1110.34367041||294.85409612||33.8947||5.5369||0.99683091||0.006914||0.98898743||0.00892972||0.98898743||0.00892972||0.9902||0.0095||0.21066206||0.65760931||0.73205065||1.05881107||38.73102823||25.95202213||0.6446||0.9544||78.17803967||23.33030233||48.91868784||26.25719677||48.91868784||26.25719677||64.9992||20.4609||0.04828611||0.02441811||0.01069224||0.00936059||0.01069224||0.00936059||0.0095||0.0087||1484.48,ff532890335202bdff71f1e44dfb96f94ac2525a3cbbd718434ff914607a9ffb,101
EXCEL-ROW-0138,131,138,b1dfea0bffaafa7b5504de3b81df0a43efdc6ffc9f720536c329db83803f3d52,13176f9ad7f3f00cb58ff34135b85d58efba2c27a553e3611ec1f31b86d745c8,b47d13a16676b9ebcf2fba250a941603ecc19ab1bb078eab6968a462aa9828dc,621dd6d141b5aeaf2d0af3fb9e76ef7e31c25d457e52f451763c759713b23beb,nan||nan||nan||nan||nan||nan||nan||nan||nan||nan||nan||nan||nan||nan||nan||nan||nan||4.35860167||11.10446352||15.65141085||104.47187711||451.40094881||276.53245887||4.1061||6.2363||2.0263514||0.97088734||0.12072178||0.97492922||0.07701733||0.97276195||0.05496852||0.9767||0.0579||0.32330489||0.404313||0.28373074||0.19132651||38.85027827||24.36915835||0.5847||0.3658||66.6864933||28.067318||69.29760301||12.99344269||69.29760301||12.99344269||61.8788||16.5092||0.10872158||0.03387333||0.108525||0.01947291||0.108525||0.01947291||0.0822||0.0284||103.36||0.251265||0.14600672||0.25100451||0.14612336||0.25035971||0.14275877||0.38483197||0.14391566||0.38352471||0.1425628||0.38369828||0.14243504||0.48206171||0.13958483||0.05019863||0.03370699||0.0502494||0.03390971||0.05029881||0.02116876||0.07891585||0.0332148||0.07671342||0.02771298||0.07662421||0.0276203||0.09718188||0.02940585||192.29944986||375.98310982||841.64118144||308.8269079||877.36624||230.76187595||30.0963||4.9361||0.99686395||0.00682135||0.98969929||0.00881028||0.98910514||0.0087662||0.9903||0.0093||0.20971067||0.65073284||0.64724779||0.86037884||34.3227309||22.89825565||0.6427||0.9424||78.17938843||23.32060151||51.00432735||26.42419827||51.00432735||26.42419827||64.962||20.4086||0.0643232||0.04862236||0.01649316||0.02883931||0.01649316||0.02883931||0.0101||0.0107||1168.7728||235.84865553||470.88848896||1087.53881648||350.56407508||1110.34367041||294.85409612||33.8947||5.5369||0.99683091||0.006914||0.98898743||0.00892972||0.98898743||0.00892972||0.9902||0.0095||0.21066206||0.65760931||0.73205065||1.05881107||38.73102823||25.95202213||0.6446||0.9544||78.17803967||23.33030233||48.91868784||26.25719677||48.91868784||26.25719677||64.9992||20.4609||0.04828611||0.02441811||0.01069224||0.00936059||0.01069224||0.00936059||0.0095||0.0087||1484.48,ff532890335202bdff71f1e44dfb96f94ac2525a3cbbd718434ff914607a9ffb,101
EXCEL-ROW-0139,132,139,b1dfea0bffaafa7b5504de3b81df0a43efdc6ffc9f720536c329db83803f3d52,be3cf030108255130c613c0b53fe2da68c86e3cdfa5ca04563dd7cd47e61345c,b47d13a16676b9ebcf2fba250a941603ecc19ab1bb078eab6968a462aa9828dc,621dd6d141b5aeaf2d0af3fb9e76ef7e31c25d457e52f451763c759713b23beb,nan||nan||nan||nan||nan||nan||nan||nan||nan||nan||nan||nan||nan||nan||nan||nan||nan||4.35860167||11.10446352||15.65141085||104.47187711||451.40094881||276.53245887||4.1061||6.2363||2.0263514||0.97088734||0.12072178||0.97492922||0.07701733||0.97276195||0.05496852||0.9767||0.0579||0.32330489||0.404313||0.28373074||0.19132651||38.85027827||24.36915835||0.5847||0.3658||66.6864933||28.067318||69.29760301||12.99344269||69.29760301||12.99344269||61.8788||16.5092||0.10872158||0.03387333||0.108525||0.01947291||0.108525||0.01947291||0.0822||0.0284||103.36||0.251265||0.14600672||0.25100451||0.14612336||0.25035971||0.14275877||0.38483197||0.14391566||0.38352471||0.1425628||0.38369828||0.14243504||0.48206171||0.13958483||0.05019863||0.03370699||0.0502494||0.03390971||0.05029881||0.02116876||0.07891585||0.0332148||0.07671342||0.02771298||0.07662421||0.0276203||0.09718188||0.02940585||192.29944986||375.98310982||841.64118144||308.8269079||877.36624||230.76187595||30.0963||4.9361||0.99686395||0.00682135||0.98969929||0.00881028||0.98910514||0.0087662||0.9903||0.0093||0.20971067||0.65073284||0.64724779||0.86037884||34.3227309||22.89825565||0.6427||0.9424||78.17938843||23.32060151||51.00432735||26.42419827||51.00432735||26.42419827||64.962||20.4086||0.0643232||0.04862236||0.01649316||0.02883931||0.01649316||0.02883931||0.0101||0.0107||1168.7728||235.84865553||470.88848896||1087.53881648||350.56407508||1110.34367041||294.85409612||33.8947||5.5369||0.99683091||0.006914||0.98898743||0.00892972||0.98898743||0.00892972||0.9902||0.0095||0.21066206||0.65760931||0.73205065||1.05881107||38.73102823||25.95202213||0.6446||0.9544||78.17803967||23.33030233||48.91868784||26.25719677||48.91868784||26.25719677||64.9992||20.4609||0.04828611||0.02441811||0.01069224||0.00936059||0.01069224||0.00936059||0.0095||0.0087||1484.48,ff532890335202bdff71f1e44dfb96f94ac2525a3cbbd718434ff914607a9ffb,101
EXCEL-ROW-0140,133,140,3b8d7671f17751541d843bef855d8993a67e1f43e3ab3ec404e29454aecea890,1c251911201cb16a5f2a77c6e4b47edd82d38945ffc49e13f103a649f6ab1d5e,b47d13a16676b9ebcf2fba250a941603ecc19ab1bb078eab6968a462aa9828dc,621dd6d141b5aeaf2d0af3fb9e76ef7e31c25d457e52f451763c759713b23beb,nan||nan||nan||nan||nan||nan||nan||nan||nan||nan||nan||nan||nan||nan||nan||nan||nan||6.86768368||65.35221756||337.8676291||421.70680457||464.79900125||320.59159821||21.6461||12.4533||4.65253694||0.97831296||0.01353943||0.97189848||0.09327422||0.97189848||0.09327422||0.9765||0.1013||0.51630814||0.3096223||0.66717273||2.20806435||29.04077994||41.48244105||0.5562||2.3992||45.69442644||9.17306403||61.07543171||24.30947779||61.07543171||24.30947779||80.2571||18.0697||0.11538159||0.02170016||0.075233||0.04992597||0.075233||0.04992597||0.0414||0.0449||867.2||0.25035971||0.14275877||0.25100451||0.14612336||0.251265||0.14600672||0.38352471||0.1425628||0.38483197||0.14391566||0.38369828||0.14243504||0.48206171||0.13958483||0.05029881||0.02116876||0.0502494||0.03390971||0.05019863||0.03370699||0.07671342||0.02771298||0.07891585||0.0332148||0.07662421||0.0276203||0.09718188||0.02940585||39.85117561||175.9989151||660.98881565||517.86548157||866.01586||260.11025157||25.8357||12.3482||0.99951718||0.0113891||0.98976345||0.05148091||0.98976345||0.05148091||0.9899||0.0496||0.02111553||0.21992774||0.44768892||0.91352325||24.89794688||38.61455127||0.5096||0.8733||88.73683475||8.11570128||63.21852455||26.70272207||63.21852455||26.70272207||69.0789||18.0503||0.10034729||0.0867689||0.04179588||0.0484932||0.04179588||0.0484932||0.0215||0.0296||542.4464||45.64555918||212.70079448||838.49861509||658.99128315||1100.10926342||330.61544006||28.9953||14.1242||0.99956141||0.01084443||0.98977543||0.05139583||0.98977543||0.05139583||0.9899||0.0495||0.01923182||0.2110867||0.44834169||0.91997883||28.08390505||43.51659772||0.5103||0.8796||88.85262893||7.74457758||63.25191189||26.71101131||63.25191189||26.71101131||69.0905||18.0635||0.07250892||0.01814364||0.0313409||0.03331593||0.0313409||0.03331593||0.0213||0.0285||685.12,9c67b44e792b2af508f71561b309756997aa89c022e5ba418b5c4dfbed5a5667,102
EXCEL-ROW-0141,134,141,ebdb81b0dca30b041dda0b7f06d1a20c934596757fbae8161a5187f3bddcb9ea,829db02fe8c6f476efdb3ea37483722feff8d23f20fe3538e1d5cdcd5a83f2fc,b47d13a16676b9ebcf2fba250a941603ecc19ab1bb078eab6968a462aa9828dc,621dd6d141b5aeaf2d0af3fb9e76ef7e31c25d457e52f451763c759713b23beb,nan||nan||nan||nan||nan||nan||nan||nan||nan||nan||nan||nan||nan||nan||nan||nan||nan||6.81131117||83.13882253||358.59021024||587.11284377||463.57732834||527.82544651||28.1778||14.7197||5.30827656||0.95961802||0.04924845||0.95964783||0.10562547||0.95964783||0.10562544||0.9751||0.1217||0.67388399||0.7784908||0.84637279||3.09498214||32.31482304||42.18507098||0.6879||3.803||40.88794177||11.1641326||53.6508442||23.99489419||53.6508442||23.99489419||81.7524||17.3344||0.13918203||0.01958507||0.1000778||0.06128359||0.1000778||0.06128359||0.0329||0.0531||1324.8||0.25030466||0.14554149||0.25048871||0.14557084||0.25765119||0.14760519||0.38390489||0.14278391||0.38840373||0.14577186||0.38827007||0.14578247||0.48569089||0.14158389||0.04681208||0.03082669||0.04639776||0.02996988||0.06766233||0.02866718||0.07399164||0.0267925||0.08672971||0.03047788||0.0868485||0.03160683||0.10375901||0.02875183||18.14868716||138.02439839||823.78099648||502.17896936||871.70413||423.76173594||31.7559||7.5117||0.99974371||0.01205449||0.98802231||0.08155233||0.98802231||0.08155233||0.9894||0.0717||0.01317621||0.20712318||0.61579729||1.27822618||28.40568823||37.62083101||0.7298||1.1431||89.23267108||6.27800405||54.13848084||24.15516286||54.13848084||24.15516286||60.4991||13.8062||0.19252475||0.05911948||0.05541389||0.08334914||0.05541389||0.08334914||0.0155||0.0407||179.3376||20.25256138||164.67135137||1046.74704619||639.4913859||1107.06416979||540.98486222||35.8283||8.4627||0.99977488||0.01132714||0.98801527||0.08179032||0.98801528||0.08179032||0.9894||0.0718||0.01161091||0.19677614||0.61813566||1.298648||31.85760475||42.44635461||0.7325||1.1607||89.32751131||5.88270814||54.19838358||24.17996993||54.19838358||24.17996993||60.496||13.8104||0.17401366||0.02005695||0.05009785||0.07535872||0.05009785||0.07535872||0.0144||0.0389||224.8,ded8a99afa86b6aba40f85e0e944c99654dbdee770e8bfe7fa74e10c62020f9e,103
EXCEL-ROW-0142,135,142,058a96a7ab4b1f3b3f7d08131259f123de0b77df1e390caf0383f79b26889dec,79b0579317d33af27d8f6609de11bdbfc6e7ee8837441fdf27f248b3bd8d20b5,b47d13a16676b9ebcf2fba250a941603ecc19ab1bb078eab6968a462aa9828dc,621dd6d141b5aeaf2d0af3fb9e76ef7e31c25d457e52f451763c759713b23beb,nan||nan||nan||nan||nan||nan||nan||nan||nan||nan||nan||nan||nan||nan||nan||nan||nan||5.51172548||34.60427833||114.59214824||277.27150811||452.98676654||160.06596609||10.3133||10.7376||3.2114327||0.97729087||0.06829333||0.97670021||0.06717781||0.98034699||0.06312806||0.981||0.0697||0.42780698||0.53265593||0.53121884||2.0542632||35.04693039||32.08287874||0.7065||2.3048||60.69113337||28.31964893||68.21068679||14.93255502||68.21068679||14.93255502||69.8119||19.8235||0.11300079||0.04598389||0.10245486||0.04099795||0.10245486||0.04099795||0.0615||0.0408||447.04||0.25765119||0.14760519||0.25048871||0.14557084||0.25030466||0.14554149||0.38840373||0.14577186||0.38390489||0.14278391||0.38827007||0.14578247||0.48569089||0.14158389||0.06766233||0.02866718||0.04639776||0.02996988||0.04681208||0.03082669||0.08672971||0.03047788||0.07399164||0.0267925||0.0868485||0.03160683||0.10375901||0.02875183||75.98462993||211.94593699||616.55062449||411.22515379||875.72286||129.72791769||24.07||9.687||0.99912154||0.01026534||0.99197802||0.03345795||0.99197041||0.03345653||0.992||0.0323||0.12578696||0.4918896||0.86011422||1.35519713||31.2696536||28.77075781||0.8924||1.3539||81.60552229||19.08187859||43.28240639||21.5856745||43.28240639||21.5856745||57.0156||16.9432||0.11187734||0.1350133||0.02618151||0.04036043||0.02618151||0.04036043||0.0156||0.0187||891.4128||84.21974249||252.12067249||776.65215187||519.3950691||1102.42696629||165.22635577||26.9333||10.998||0.99921064||0.00980372||0.99189675||0.03383781||0.99189675||0.03383781||0.992||0.0326||0.11241058||0.47171156||0.86237365||1.37802477||35.15541259||32.53353403||0.8956||1.3777||82.51477524||18.2107423||43.32440475||21.61452853||43.32440475||21.61452853||57.0161||16.9536||0.07929137||0.03919792||0.02123813||0.02677266||0.02123813||0.02677266||0.0158||0.0175||1118.4,9ab91acba396a85a987a3bc73666383de3487f1ec7b3bb3c1e47f7d8507ad09a,104
EXCEL-ROW-0143,136,143,058a96a7ab4b1f3b3f7d08131259f123de0b77df1e390caf0383f79b26889dec,9f4cdf18431041e5117063ceec6c26036d954162c86e864cdbb61124afa0f4fe,b47d13a16676b9ebcf2fba250a941603ecc19ab1bb078eab6968a462aa9828dc,621dd6d141b5aeaf2d0af3fb9e76ef7e31c25d457e52f451763c759713b23beb,nan||nan||nan||nan||nan||nan||nan||nan||nan||nan||nan||nan||nan||nan||nan||nan||nan||5.51172548||34.60427833||114.59214824||277.27150811||452.98676654||160.06596609||10.3133||10.7376||3.2114327||0.97729087||0.06829333||0.97670021||0.06717781||0.98034699||0.06312806||0.981||0.0697||0.42780698||0.53265593||0.53121884||2.0542632||35.04693039||32.08287874||0.7065||2.3048||60.69113337||28.31964893||68.21068679||14.93255502||68.21068679||14.93255502||69.8119||19.8235||0.11300079||0.04598389||0.10245486||0.04099795||0.10245486||0.04099795||0.0615||0.0408||447.04||0.25765119||0.14760519||0.25048871||0.14557084||0.25030466||0.14554149||0.38840373||0.14577186||0.38390489||0.14278391||0.38827007||0.14578247||0.48569089||0.14158389||0.06766233||0.02866718||0.04639776||0.02996988||0.04681208||0.03082669||0.08672971||0.03047788||0.07399164||0.0267925||0.0868485||0.03160683||0.10375901||0.02875183||75.98462993||211.94593699||616.55062449||411.22515379||875.72286||129.72791769||24.07||9.687||0.99912154||0.01026534||0.99197802||0.03345795||0.99197041||0.03345653||0.992||0.0323||0.12578696||0.4918896||0.86011422||1.35519713||31.2696536||28.77075781||0.8924||1.3539||81.60552229||19.08187859||43.28240639||21.5856745||43.28240639||21.5856745||57.0156||16.9432||0.11187734||0.1350133||0.02618151||0.04036043||0.02618151||0.04036043||0.0156||0.0187||891.4128||84.21974249||252.12067249||776.65215187||519.3950691||1102.42696629||165.22635577||26.9333||10.998||0.99921064||0.00980372||0.99189675||0.03383781||0.99189675||0.03383781||0.992||0.0326||0.11241058||0.47171156||0.86237365||1.37802477||35.15541259||32.53353403||0.8956||1.3777||82.51477524||18.2107423||43.32440475||21.61452853||43.32440475||21.61452853||57.0161||16.9536||0.07929137||0.03919792||0.02123813||0.02677266||0.02123813||0.02677266||0.0158||0.0175||1118.4,9ab91acba396a85a987a3bc73666383de3487f1ec7b3bb3c1e47f7d8507ad09a,104
EXCEL-ROW-0144,137,144,058a96a7ab4b1f3b3f7d08131259f123de0b77df1e390caf0383f79b26889dec,03236827956491b27620a841d81288dc966c44bff0a03f61614cfa4f817c285f,b47d13a16676b9ebcf2fba250a941603ecc19ab1bb078eab6968a462aa9828dc,621dd6d141b5aeaf2d0af3fb9e76ef7e31c25d457e52f451763c759713b23beb,nan||nan||nan||nan||nan||nan||nan||nan||nan||nan||nan||nan||nan||nan||nan||nan||nan||5.51172548||34.60427833||114.59214824||277.27150811||452.98676654||160.06596609||10.3133||10.7376||3.2114327||0.97729087||0.06829333||0.97670021||0.06717781||0.98034699||0.06312806||0.981||0.0697||0.42780698||0.53265593||0.53121884||2.0542632||35.04693039||32.08287874||0.7065||2.3048||60.69113337||28.31964893||68.21068679||14.93255502||68.21068679||14.93255502||69.8119||19.8235||0.11300079||0.04598389||0.10245486||0.04099795||0.10245486||0.04099795||0.0615||0.0408||447.04||0.25765119||0.14760519||0.25048871||0.14557084||0.25030466||0.14554149||0.38840373||0.14577186||0.38390489||0.14278391||0.38827007||0.14578247||0.48569089||0.14158389||0.06766233||0.02866718||0.04639776||0.02996988||0.04681208||0.03082669||0.08672971||0.03047788||0.07399164||0.0267925||0.0868485||0.03160683||0.10375901||0.02875183||75.98462993||211.94593699||616.55062449||411.22515379||875.72286||129.72791769||24.07||9.687||0.99912154||0.01026534||0.99197802||0.03345795||0.99197041||0.03345653||0.992||0.0323||0.12578696||0.4918896||0.86011422||1.35519713||31.2696536||28.77075781||0.8924||1.3539||81.60552229||19.08187859||43.28240639||21.5856745||43.28240639||21.5856745||57.0156||16.9432||0.11187734||0.1350133||0.02618151||0.04036043||0.02618151||0.04036043||0.0156||0.0187||891.4128||84.21974249||252.12067249||776.65215187||519.3950691||1102.42696629||165.22635577||26.9333||10.998||0.99921064||0.00980372||0.99189675||0.03383781||0.99189675||0.03383781||0.992||0.0326||0.11241058||0.47171156||0.86237365||1.37802477||35.15541259||32.53353403||0.8956||1.3777||82.51477524||18.2107423||43.32440475||21.61452853||43.32440475||21.61452853||57.0161||16.9536||0.07929137||0.03919792||0.02123813||0.02677266||0.02123813||0.02677266||0.0158||0.0175||1118.4,9ab91acba396a85a987a3bc73666383de3487f1ec7b3bb3c1e47f7d8507ad09a,104
EXCEL-ROW-0145,138,145,9be1c29db9cb8b6442e71f14a2442b36dc9a02ef4b2345cd928e3be1cc6a099b,6446d6680392dece5edb2d06f12d56f1d5acae9a15a05a6039b6ba9c3b22adfa,b47d13a16676b9ebcf2fba250a941603ecc19ab1bb078eab6968a462aa9828dc,621dd6d141b5aeaf2d0af3fb9e76ef7e31c25d457e52f451763c759713b23beb,nan||nan||nan||nan||nan||nan||nan||nan||nan||nan||nan||nan||nan||nan||nan||nan||nan||2.87885553||2.84051128||4.72349019||3.62583157||379.42309513||125.33678292||2.2063||0.9803||1.48536191||0.9719254||0.01333974||0.97258463||0.00762039||0.97016954||0.00686988||0.9707||0.0097||0.41216305||0.20201425||0.38771283||0.09871505||58.65152154||19.48192417||0.4401||0.149||53.15256669||16.94409209||54.1976364||7.25207145||54.1976364||7.25207145||66.5965||7.4715||0.11647789||0.04102102||0.10334628||0.02326334||0.10334628||0.02326334||0.0941||0.0314||101.792||0.25413194||0.14620155||0.24848697||0.14359038||0.25419489||0.14589018||0.38434748||0.14352325||0.38431252||0.14341144||0.38816536||0.14554922||0.4841186||0.1408903||0.0567133||0.02850191||0.04484472||0.02458246||0.05919896||0.02819917||0.07481334||0.03235843||0.07695264||0.03151742||0.08601299||0.03049973||0.09901844||0.03375149||100.20259397||291.25928194||820.90355402||329.27092595||935.015455||111.40636795||30.7013||2.0212||0.44785467||0.37083261||0.86488438||0.27510557||0.98979287||0.00488361||0.9903||0.009||0.51583864||0.67398868||0.42548922||0.25733696||52.57795885||17.43897316||0.4302||0.091||56.70950595||26.21276872||52.53123411||12.99008148||52.53123411||12.99008148||66.8654||4.3674||0.69380242||0.54698161||0.105465||0.28273084||0.105465||0.28273084||0.0084||0.0158||1176.7504||103.72817889||337.01250268||1064.7623563||396.60059972||1183.74442347||141.06779539||34.5459||2.277||0.45203732||0.36330759||0.9235018||0.20927392||0.98978208||0.00488498||0.9903||0.009||0.52974896||0.66109305||0.45261449||0.23985968||59.19576291||19.64262859||0.4275||0.0912||55.7728856||26.14329292||50.0150212||10.8320679||50.0150212||10.8320679||66.9971||4.4073||0.73886902||0.54379281||0.0933999||0.2824272||0.0933999||0.2824272||0.0079||0.0155||1489.088,754ab49b1d0db20cbc758146de9775901964a8630df0581732e4d2fa1a4e5208,105
EXCEL-ROW-0146,139,146,9be1c29db9cb8b6442e71f14a2442b36dc9a02ef4b2345cd928e3be1cc6a099b,b4ac1bf5eea59287076369cb9dc5a39a52819129c8a91683cf9903dda6115c6c,b47d13a16676b9ebcf2fba250a941603ecc19ab1bb078eab6968a462aa9828dc,621dd6d141b5aeaf2d0af3fb9e76ef7e31c25d457e52f451763c759713b23beb,nan||nan||nan||nan||nan||nan||nan||nan||nan||nan||nan||nan||nan||nan||nan||nan||nan||2.87885553||2.84051128||4.72349019||3.62583157||379.42309513||125.33678292||2.2063||0.9803||1.48536191||0.9719254||0.01333974||0.97258463||0.00762039||0.97016954||0.00686988||0.9707||0.0097||0.41216305||0.20201425||0.38771283||0.09871505||58.65152154||19.48192417||0.4401||0.149||53.15256669||16.94409209||54.1976364||7.25207145||54.1976364||7.25207145||66.5965||7.4715||0.11647789||0.04102102||0.10334628||0.02326334||0.10334628||0.02326334||0.0941||0.0314||101.792||0.25413194||0.14620155||0.24848697||0.14359038||0.25419489||0.14589018||0.38434748||0.14352325||0.38431252||0.14341144||0.38816536||0.14554922||0.4841186||0.1408903||0.0567133||0.02850191||0.04484472||0.02458246||0.05919896||0.02819917||0.07481334||0.03235843||0.07695264||0.03151742||0.08601299||0.03049973||0.09901844||0.03375149||100.20259397||291.25928194||820.90355402||329.27092595||935.015455||111.40636795||30.7013||2.0212||0.44785467||0.37083261||0.86488438||0.27510557||0.98979287||0.00488361||0.9903||0.009||0.51583864||0.67398868||0.42548922||0.25733696||52.57795885||17.43897316||0.4302||0.091||56.70950595||26.21276872||52.53123411||12.99008148||52.53123411||12.99008148||66.8654||4.3674||0.69380242||0.54698161||0.105465||0.28273084||0.105465||0.28273084||0.0084||0.0158||1176.7504||103.72817889||337.01250268||1064.7623563||396.60059972||1183.74442347||141.06779539||34.5459||2.277||0.45203732||0.36330759||0.9235018||0.20927392||0.98978208||0.00488498||0.9903||0.009||0.52974896||0.66109305||0.45261449||0.23985968||59.19576291||19.64262859||0.4275||0.0912||55.7728856||26.14329292||50.0150212||10.8320679||50.0150212||10.8320679||66.9971||4.4073||0.73886902||0.54379281||0.0933999||0.2824272||0.0933999||0.2824272||0.0079||0.0155||1489.088,754ab49b1d0db20cbc758146de9775901964a8630df0581732e4d2fa1a4e5208,105
EXCEL-ROW-0147,140,147,b7041d8999443f46e9fd8cb603d01b49381c68f04ba42670c9207635475a29e5,4d39ead2d6768ad5fa9bd48fcde99181a7cca26557037732d70f0da684f2a1e7,b47d13a16676b9ebcf2fba250a941603ecc19ab1bb078eab6968a462aa9828dc,621dd6d141b5aeaf2d0af3fb9e76ef7e31c25d457e52f451763c759713b23beb,nan||nan||nan||nan||nan||nan||nan||nan||nan||nan||nan||nan||nan||nan||nan||nan||nan||4.70112342||33.52687706||126.1494619||275.26926235||380.73230662||172.42669207||10.151||11.8077||3.1860634||0.96604058||0.00633641||0.96499029||0.03625168||0.96464461||0.03625536||0.9671||0.0356||0.55146809||0.28146111||0.75159437||2.29292748||60.57639845||23.03743666||0.7031||2.1495||43.06293277||6.5873296||46.33086188||11.69041308||46.33086188||11.69041308||64.3744||11.2911||0.10239184||0.02725728||0.08246088||0.03459059||0.08246088||0.03459059||0.0666||0.0423||848.8||0.25419489||0.14589018||0.24848697||0.14359038||0.25413194||0.14620155||0.38431252||0.14341144||0.38434748||0.14352325||0.38816536||0.14554922||0.4841186||0.1408903||0.05919896||0.02819917||0.04484472||0.02458246||0.0567133||0.02850191||0.07695264||0.03151742||0.07481334||0.03235843||0.08601299||0.03049973||0.09901844||0.03375149||64.80565364||229.07000933||715.44258513||422.41705636||930.366165||141.36542659||28.3249||8.8331||0.86199883||0.30308042||0.80940471||0.30591795||0.98830634||0.0127545||0.9887||0.0137||0.45510669||0.5012603||0.50826057||0.43314191||55.27920432||20.84934373||0.5172||0.2506||56.65790398||22.96247917||52.4610476||16.26097851||52.4610476||16.26097851||63.5387||7.853||0.16428708||0.3099237||0.12852938||0.29373662||0.12852938||0.29373662||0.0131||0.0185||546.4208||73.53779515||276.42575497||971.88149937||524.13940258||1184.77558851||180.01222585||31.8933||10.1298||0.87474848||0.28733013||0.93354885||0.20494286||0.98847716||0.0125156||0.9889||0.0134||0.47080842||0.4902268||0.53957931||0.36298213||62.02793994||23.43736216||0.5158||0.251||55.62996412||22.91916754||47.1563734||13.79909106||47.1563734||13.79909106||63.603||7.8821||0.17321603||0.34891736||0.07704985||0.24800954||0.07704985||0.24800954||0.0119||0.0174||699.2,0b2b21b0afc2260461283b4ee682f525470c8dbdf77797cfd5a12602ce9a51d4,106
EXCEL-ROW-0148,141,148,b7041d8999443f46e9fd8cb603d01b49381c68f04ba42670c9207635475a29e5,c08193fb4e7831c799d1b11c1dc4f9af5f15dc4958eb4715a28d82eb4c32e7ab,b47d13a16676b9ebcf2fba250a941603ecc19ab1bb078eab6968a462aa9828dc,621dd6d141b5aeaf2d0af3fb9e76ef7e31c25d457e52f451763c759713b23beb,nan||nan||nan||nan||nan||nan||nan||nan||nan||nan||nan||nan||nan||nan||nan||nan||nan||4.70112342||33.52687706||126.1494619||275.26926235||380.73230662||172.42669207||10.151||11.8077||3.1860634||0.96604058||0.00633641||0.96499029||0.03625168||0.96464461||0.03625536||0.9671||0.0356||0.55146809||0.28146111||0.75159437||2.29292748||60.57639845||23.03743666||0.7031||2.1495||43.06293277||6.5873296||46.33086188||11.69041308||46.33086188||11.69041308||64.3744||11.2911||0.10239184||0.02725728||0.08246088||0.03459059||0.08246088||0.03459059||0.0666||0.0423||848.8||0.25419489||0.14589018||0.24848697||0.14359038||0.25413194||0.14620155||0.38431252||0.14341144||0.38434748||0.14352325||0.38816536||0.14554922||0.4841186||0.1408903||0.05919896||0.02819917||0.04484472||0.02458246||0.0567133||0.02850191||0.07695264||0.03151742||0.07481334||0.03235843||0.08601299||0.03049973||0.09901844||0.03375149||64.80565364||229.07000933||715.44258513||422.41705636||930.366165||141.36542659||28.3249||8.8331||0.86199883||0.30308042||0.80940471||0.30591795||0.98830634||0.0127545||0.9887||0.0137||0.45510669||0.5012603||0.50826057||0.43314191||55.27920432||20.84934373||0.5172||0.2506||56.65790398||22.96247917||52.4610476||16.26097851||52.4610476||16.26097851||63.5387||7.853||0.16428708||0.3099237||0.12852938||0.29373662||0.12852938||0.29373662||0.0131||0.0185||546.4208||73.53779515||276.42575497||971.88149937||524.13940258||1184.77558851||180.01222585||31.8933||10.1298||0.87474848||0.28733013||0.93354885||0.20494286||0.98847716||0.0125156||0.9889||0.0134||0.47080842||0.4902268||0.53957931||0.36298213||62.02793994||23.43736216||0.5158||0.251||55.62996412||22.91916754||47.1563734||13.79909106||47.1563734||13.79909106||63.603||7.8821||0.17321603||0.34891736||0.07704985||0.24800954||0.07704985||0.24800954||0.0119||0.0174||699.2,0b2b21b0afc2260461283b4ee682f525470c8dbdf77797cfd5a12602ce9a51d4,106
EXCEL-ROW-0149,142,149,b7041d8999443f46e9fd8cb603d01b49381c68f04ba42670c9207635475a29e5,c90d74339fb29b9c6d80da185a9f87617be6c27ba32d55b6233b4e8d43340a68,b47d13a16676b9ebcf2fba250a941603ecc19ab1bb078eab6968a462aa9828dc,621dd6d141b5aeaf2d0af3fb9e76ef7e31c25d457e52f451763c759713b23beb,nan||nan||nan||nan||nan||nan||nan||nan||nan||nan||nan||nan||nan||nan||nan||nan||nan||4.70112342||33.52687706||126.1494619||275.26926235||380.73230662||172.42669207||10.151||11.8077||3.1860634||0.96604058||0.00633641||0.96499029||0.03625168||0.96464461||0.03625536||0.9671||0.0356||0.55146809||0.28146111||0.75159437||2.29292748||60.57639845||23.03743666||0.7031||2.1495||43.06293277||6.5873296||46.33086188||11.69041308||46.33086188||11.69041308||64.3744||11.2911||0.10239184||0.02725728||0.08246088||0.03459059||0.08246088||0.03459059||0.0666||0.0423||848.8||0.25419489||0.14589018||0.24848697||0.14359038||0.25413194||0.14620155||0.38431252||0.14341144||0.38434748||0.14352325||0.38816536||0.14554922||0.4841186||0.1408903||0.05919896||0.02819917||0.04484472||0.02458246||0.0567133||0.02850191||0.07695264||0.03151742||0.07481334||0.03235843||0.08601299||0.03049973||0.09901844||0.03375149||64.80565364||229.07000933||715.44258513||422.41705636||930.366165||141.36542659||28.3249||8.8331||0.86199883||0.30308042||0.80940471||0.30591795||0.98830634||0.0127545||0.9887||0.0137||0.45510669||0.5012603||0.50826057||0.43314191||55.27920432||20.84934373||0.5172||0.2506||56.65790398||22.96247917||52.4610476||16.26097851||52.4610476||16.26097851||63.5387||7.853||0.16428708||0.3099237||0.12852938||0.29373662||0.12852938||0.29373662||0.0131||0.0185||546.4208||73.53779515||276.42575497||971.88149937||524.13940258||1184.77558851||180.01222585||31.8933||10.1298||0.87474848||0.28733013||0.93354885||0.20494286||0.98847716||0.0125156||0.9889||0.0134||0.47080842||0.4902268||0.53957931||0.36298213||62.02793994||23.43736216||0.5158||0.251||55.62996412||22.91916754||47.1563734||13.79909106||47.1563734||13.79909106||63.603||7.8821||0.17321603||0.34891736||0.07704985||0.24800954||0.07704985||0.24800954||0.0119||0.0174||699.2,0b2b21b0afc2260461283b4ee682f525470c8dbdf77797cfd5a12602ce9a51d4,106
EXCEL-ROW-0150,143,150,04ea530a4f923beb53d9da1f0c801f088bf0020cf1e133261414c814c0e5ff9a,1b3fa2bf011d9d2cc2e8bf578b2b14a739662e052ebcefc4561ac29357a1f13c,b47d13a16676b9ebcf2fba250a941603ecc19ab1bb078eab6968a462aa9828dc,621dd6d141b5aeaf2d0af3fb9e76ef7e31c25d457e52f451763c759713b23beb,nan||nan||nan||nan||nan||nan||nan||nan||nan||nan||nan||nan||nan||nan||nan||nan||nan||5.66581516||27.65578848||23.1602919||36.82225838||457.72147216||152.93762662||8.6855||9.4968||2.94711724||0.9413184||0.12803173||0.94754201||0.08076147||0.96439695||0.02334533||0.9666||0.0279||0.4747731||0.32391022||0.46300843||0.16355794||71.4055594||19.02612089||0.5738||0.2746||51.19583434||17.93176431||50.98043894||12.3023903||50.98043894||12.3023903||61.305||9.4859||0.12146418||0.06240088||0.11488786||0.03855683||0.11488786||0.03855683||0.0698||0.0374||373.76||0.24984891||0.14337148||0.24884093||0.14314814||0.24975566||0.14317446||0.38131628||0.14138937||0.38124137||0.1412269||0.38206986||0.14099395||0.4789035||0.13755476||0.04916299||0.02561586||0.04891239||0.02515955||0.04980193||0.02500648||0.07407208||0.02473709||0.07440028||0.02440449||0.0746113||0.02473625||0.09285602||0.02412288||40.19786366||162.50957296||407.9497306||435.90517048||858.7268625||119.14669714||24.6197||10.1336||0.93226627||0.18001782||0.91547544||0.17700096||0.98471049||0.0094594||0.9855||0.0131||0.55094047||0.35868206||0.52011617||0.30642534||64.19034788||17.91111516||0.5612||0.3042||47.33047477||17.74618096||48.89639125||14.70757646||48.89639125||14.70757646||62.0805||9.5296||0.09589687||0.17443633||0.07258125||0.11295431||0.07258125||0.11295431||0.0224||0.0234||930.096||43.3677981||193.20281853||560.6074067||571.72226441||1097.51390162||160.13715022||28.0171||11.5284||0.97004037||0.02137446||0.97886153||0.01386882||0.9848235||0.00958783||0.9857||0.0127||0.56354764||0.32079345||0.53500474||0.29361311||71.89662948||20.2913021||0.558||0.3009||45.86673594||15.96757045||46.61797668||13.22438513||46.61797668||13.22438513||62.1959||9.473||0.07177973||0.02329552||0.04136063||0.03150879||0.04136063||0.03150879||0.0203||0.0248||1201.44,75c4e0887a59b8a456d477249d6df443b569244591b6811c8aeb475f28c35e07,107
EXCEL-ROW-0151,144,151,04ea530a4f923beb53d9da1f0c801f088bf0020cf1e133261414c814c0e5ff9a,a60f1337339834f281e21c4169948123503f32b1ff7a6779eb315af1341c40e1,b47d13a16676b9ebcf2fba250a941603ecc19ab1bb078eab6968a462aa9828dc,621dd6d141b5aeaf2d0af3fb9e76ef7e31c25d457e52f451763c759713b23beb,nan||nan||nan||nan||nan||nan||nan||nan||nan||nan||nan||nan||nan||nan||nan||nan||nan||5.66581516||27.65578848||23.1602919||36.82225838||457.72147216||152.93762662||8.6855||9.4968||2.94711724||0.9413184||0.12803173||0.94754201||0.08076147||0.96439695||0.02334533||0.9666||0.0279||0.4747731||0.32391022||0.46300843||0.16355794||71.4055594||19.02612089||0.5738||0.2746||51.19583434||17.93176431||50.98043894||12.3023903||50.98043894||12.3023903||61.305||9.4859||0.12146418||0.06240088||0.11488786||0.03855683||0.11488786||0.03855683||0.0698||0.0374||373.76||0.24984891||0.14337148||0.24884093||0.14314814||0.24975566||0.14317446||0.38131628||0.14138937||0.38124137||0.1412269||0.38206986||0.14099395||0.4789035||0.13755476||0.04916299||0.02561586||0.04891239||0.02515955||0.04980193||0.02500648||0.07407208||0.02473709||0.07440028||0.02440449||0.0746113||0.02473625||0.09285602||0.02412288||40.19786366||162.50957296||407.9497306||435.90517048||858.7268625||119.14669714||24.6197||10.1336||0.93226627||0.18001782||0.91547544||0.17700096||0.98471049||0.0094594||0.9855||0.0131||0.55094047||0.35868206||0.52011617||0.30642534||64.19034788||17.91111516||0.5612||0.3042||47.33047477||17.74618096||48.89639125||14.70757646||48.89639125||14.70757646||62.0805||9.5296||0.09589687||0.17443633||0.07258125||0.11295431||0.07258125||0.11295431||0.0224||0.0234||930.096||43.3677981||193.20281853||560.6074067||571.72226441||1097.51390162||160.13715022||28.0171||11.5284||0.97004037||0.02137446||0.97886153||0.01386882||0.9848235||0.00958783||0.9857||0.0127||0.56354764||0.32079345||0.53500474||0.29361311||71.89662948||20.2913021||0.558||0.3009||45.86673594||15.96757045||46.61797668||13.22438513||46.61797668||13.22438513||62.1959||9.473||0.07177973||0.02329552||0.04136063||0.03150879||0.04136063||0.03150879||0.0203||0.0248||1201.44,75c4e0887a59b8a456d477249d6df443b569244591b6811c8aeb475f28c35e07,107
EXCEL-ROW-0152,145,152,4fa4f6a39765d53f24b2b92e6dbfe126b546d51ceea1e66436d6ab3d4f96590a,4a6cb92ec2a2efe2c359392beb73e9faa1cce9e5b735a9ba5daceb6f56a7c425,b47d13a16676b9ebcf2fba250a941603ecc19ab1bb078eab6968a462aa9828dc,621dd6d141b5aeaf2d0af3fb9e76ef7e31c25d457e52f451763c759713b23beb,nan||nan||nan||nan||nan||nan||nan||nan||nan||nan||nan||nan||nan||nan||nan||nan||nan||5.08690925||28.25692936||92.91053372||224.61115132||457.44079101||165.73197384||8.9061||10.0019||2.98430897||0.96467916||0.07128204||0.96598071||0.02292126||0.96861402||0.01568987||0.9687||0.0184||0.41439609||0.33371951||0.48501234||0.21952823||68.82787097||20.34684446||0.5561||0.2496||55.70663487||20.03126336||50.54417679||13.69918428||50.54417679||13.69918428||61.9599||10.2607||0.12009153||0.05965786||0.09545199||0.04106026||0.09545199||0.04106026||0.0756||0.0395||338.768||0.24975566||0.14317446||0.24884093||0.14314814||0.24984891||0.14337148||0.38124137||0.1412269||0.38131628||0.14138937||0.38206986||0.14099395||0.4789035||0.13755476||0.04980193||0.02500648||0.04891239||0.02515955||0.04916299||0.02561586||0.07440028||0.02440449||0.07407208||0.02473709||0.0746113||0.02473625||0.09285602||0.02412288||41.85550037||174.07123999||500.91209195||441.69889416||854.898595||135.98272017||26.0768||9.6335||0.93395632||0.13924094||0.93378929||0.10324084||0.98493564||0.01109745||0.9864||0.0135||0.62517071||0.37042479||0.45621214||0.22287678||61.7639997||19.06662695||0.5231||0.2232||43.56027735||15.91446014||51.64732812||11.64001508||51.64732812||11.64001508||63.2375||8.6513||0.18008787||0.2786324||0.20341463||0.26289469||0.20341463||0.26289469||0.0198||0.0276||964.024||51.98498569||219.77245577||902.44676237||504.02928868||1096.87670811||173.04680463||29.4566||11.0625||0.9656586||0.02635496||0.98472365||0.01167472||0.98530385||0.01057229||0.9867||0.0128||0.68216649||0.34430016||0.53400282||0.19636588||69.14354676||21.14957025||0.5198||0.2231||40.00981437||12.39203366||45.4132373||9.19562177||45.4132373||9.19562177||63.3846||8.6378||0.0680558||0.01975214||0.02076759||0.02577149||0.02076759||0.02577149||0.0175||0.0234||1228.144,48fd087793ea75cb1647db147aa2741d0ff8ed900bbd3405912ce2b102966af1,108
EXCEL-ROW-0153,146,153,4fa4f6a39765d53f24b2b92e6dbfe126b546d51ceea1e66436d6ab3d4f96590a,b560723bea1c984d1806a6f8ecec613da3979fa5c41cd2fbb93087fa0e46d136,b47d13a16676b9ebcf2fba250a941603ecc19ab1bb078eab6968a462aa9828dc,621dd6d141b5aeaf2d0af3fb9e76ef7e31c25d457e52f451763c759713b23beb,nan||nan||nan||nan||nan||nan||nan||nan||nan||nan||nan||nan||nan||nan||nan||nan||nan||5.08690925||28.25692936||92.91053372||224.61115132||457.44079101||165.73197384||8.9061||10.0019||2.98430897||0.96467916||0.07128204||0.96598071||0.02292126||0.96861402||0.01568987||0.9687||0.0184||0.41439609||0.33371951||0.48501234||0.21952823||68.82787097||20.34684446||0.5561||0.2496||55.70663487||20.03126336||50.54417679||13.69918428||50.54417679||13.69918428||61.9599||10.2607||0.12009153||0.05965786||0.09545199||0.04106026||0.09545199||0.04106026||0.0756||0.0395||338.768||0.24975566||0.14317446||0.24884093||0.14314814||0.24984891||0.14337148||0.38124137||0.1412269||0.38131628||0.14138937||0.38206986||0.14099395||0.4789035||0.13755476||0.04980193||0.02500648||0.04891239||0.02515955||0.04916299||0.02561586||0.07440028||0.02440449||0.07407208||0.02473709||0.0746113||0.02473625||0.09285602||0.02412288||41.85550037||174.07123999||500.91209195||441.69889416||854.898595||135.98272017||26.0768||9.6335||0.93395632||0.13924094||0.93378929||0.10324084||0.98493564||0.01109745||0.9864||0.0135||0.62517071||0.37042479||0.45621214||0.22287678||61.7639997||19.06662695||0.5231||0.2232||43.56027735||15.91446014||51.64732812||11.64001508||51.64732812||11.64001508||63.2375||8.6513||0.18008787||0.2786324||0.20341463||0.26289469||0.20341463||0.26289469||0.0198||0.0276||964.024||51.98498569||219.77245577||902.44676237||504.02928868||1096.87670811||173.04680463||29.4566||11.0625||0.9656586||0.02635496||0.98472365||0.01167472||0.98530385||0.01057229||0.9867||0.0128||0.68216649||0.34430016||0.53400282||0.19636588||69.14354676||21.14957025||0.5198||0.2231||40.00981437||12.39203366||45.4132373||9.19562177||45.4132373||9.19562177||63.3846||8.6378||0.0680558||0.01975214||0.02076759||0.02577149||0.02076759||0.02577149||0.0175||0.0234||1228.144,48fd087793ea75cb1647db147aa2741d0ff8ed900bbd3405912ce2b102966af1,108
EXCEL-ROW-0154,147,154,4fa4f6a39765d53f24b2b92e6dbfe126b546d51ceea1e66436d6ab3d4f96590a,ae62a90a975e2439d7169bb3db041d21bf1d4bca676655eb7d0983e3d66a44ad,b47d13a16676b9ebcf2fba250a941603ecc19ab1bb078eab6968a462aa9828dc,621dd6d141b5aeaf2d0af3fb9e76ef7e31c25d457e52f451763c759713b23beb,nan||nan||nan||nan||nan||nan||nan||nan||nan||nan||nan||nan||nan||nan||nan||nan||nan||5.08690925||28.25692936||92.91053372||224.61115132||457.44079101||165.73197384||8.9061||10.0019||2.98430897||0.96467916||0.07128204||0.96598071||0.02292126||0.96861402||0.01568987||0.9687||0.0184||0.41439609||0.33371951||0.48501234||0.21952823||68.82787097||20.34684446||0.5561||0.2496||55.70663487||20.03126336||50.54417679||13.69918428||50.54417679||13.69918428||61.9599||10.2607||0.12009153||0.05965786||0.09545199||0.04106026||0.09545199||0.04106026||0.0756||0.0395||338.768||0.24975566||0.14317446||0.24884093||0.14314814||0.24984891||0.14337148||0.38124137||0.1412269||0.38131628||0.14138937||0.38206986||0.14099395||0.4789035||0.13755476||0.04980193||0.02500648||0.04891239||0.02515955||0.04916299||0.02561586||0.07440028||0.02440449||0.07407208||0.02473709||0.0746113||0.02473625||0.09285602||0.02412288||41.85550037||174.07123999||500.91209195||441.69889416||854.898595||135.98272017||26.0768||9.6335||0.93395632||0.13924094||0.93378929||0.10324084||0.98493564||0.01109745||0.9864||0.0135||0.62517071||0.37042479||0.45621214||0.22287678||61.7639997||19.06662695||0.5231||0.2232||43.56027735||15.91446014||51.64732812||11.64001508||51.64732812||11.64001508||63.2375||8.6513||0.18008787||0.2786324||0.20341463||0.26289469||0.20341463||0.26289469||0.0198||0.0276||964.024||51.98498569||219.77245577||902.44676237||504.02928868||1096.87670811||173.04680463||29.4566||11.0625||0.9656586||0.02635496||0.98472365||0.01167472||0.98530385||0.01057229||0.9867||0.0128||0.68216649||0.34430016||0.53400282||0.19636588||69.14354676||21.14957025||0.5198||0.2231||40.00981437||12.39203366||45.4132373||9.19562177||45.4132373||9.19562177||63.3846||8.6378||0.0680558||0.01975214||0.02076759||0.02577149||0.02076759||0.02577149||0.0175||0.0234||1228.144,48fd087793ea75cb1647db147aa2741d0ff8ed900bbd3405912ce2b102966af1,108
EXCEL-ROW-0155,148,155,4fa4f6a39765d53f24b2b92e6dbfe126b546d51ceea1e66436d6ab3d4f96590a,6e096efb506111d9ff4723936cbca0f90a3860ca1b7d356b54dcf1f270ce5a47,b47d13a16676b9ebcf2fba250a941603ecc19ab1bb078eab6968a462aa9828dc,621dd6d141b5aeaf2d0af3fb9e76ef7e31c25d457e52f451763c759713b23beb,nan||nan||nan||nan||nan||nan||nan||nan||nan||nan||nan||nan||nan||nan||nan||nan||nan||5.08690925||28.25692936||92.91053372||224.61115132||457.44079101||165.73197384||8.9061||10.0019||2.98430897||0.96467916||0.07128204||0.96598071||0.02292126||0.96861402||0.01568987||0.9687||0.0184||0.41439609||0.33371951||0.48501234||0.21952823||68.82787097||20.34684446||0.5561||0.2496||55.70663487||20.03126336||50.54417679||13.69918428||50.54417679||13.69918428||61.9599||10.2607||0.12009153||0.05965786||0.09545199||0.04106026||0.09545199||0.04106026||0.0756||0.0395||338.768||0.24975566||0.14317446||0.24884093||0.14314814||0.24984891||0.14337148||0.38124137||0.1412269||0.38131628||0.14138937||0.38206986||0.14099395||0.4789035||0.13755476||0.04980193||0.02500648||0.04891239||0.02515955||0.04916299||0.02561586||0.07440028||0.02440449||0.07407208||0.02473709||0.0746113||0.02473625||0.09285602||0.02412288||41.85550037||174.07123999||500.91209195||441.69889416||854.898595||135.98272017||26.0768||9.6335||0.93395632||0.13924094||0.93378929||0.10324084||0.98493564||0.01109745||0.9864||0.0135||0.62517071||0.37042479||0.45621214||0.22287678||61.7639997||19.06662695||0.5231||0.2232||43.56027735||15.91446014||51.64732812||11.64001508||51.64732812||11.64001508||63.2375||8.6513||0.18008787||0.2786324||0.20341463||0.26289469||0.20341463||0.26289469||0.0198||0.0276||964.024||51.98498569||219.77245577||902.44676237||504.02928868||1096.87670811||173.04680463||29.4566||11.0625||0.9656586||0.02635496||0.98472365||0.01167472||0.98530385||0.01057229||0.9867||0.0128||0.68216649||0.34430016||0.53400282||0.19636588||69.14354676||21.14957025||0.5198||0.2231||40.00981437||12.39203366||45.4132373||9.19562177||45.4132373||9.19562177||63.3846||8.6378||0.0680558||0.01975214||0.02076759||0.02577149||0.02076759||0.02577149||0.0175||0.0234||1228.144,48fd087793ea75cb1647db147aa2741d0ff8ed900bbd3405912ce2b102966af1,108
EXCEL-ROW-0156,149,156,4fa4f6a39765d53f24b2b92e6dbfe126b546d51ceea1e66436d6ab3d4f96590a,a90b19c2a56a3eaac79870e8570ba0a1e8984894eec1286a832e7f12caf9a527,b47d13a16676b9ebcf2fba250a941603ecc19ab1bb078eab6968a462aa9828dc,621dd6d141b5aeaf2d0af3fb9e76ef7e31c25d457e52f451763c759713b23beb,nan||nan||nan||nan||nan||nan||nan||nan||nan||nan||nan||nan||nan||nan||nan||nan||nan||5.08690925||28.25692936||92.91053372||224.61115132||457.44079101||165.73197384||8.9061||10.0019||2.98430897||0.96467916||0.07128204||0.96598071||0.02292126||0.96861402||0.01568987||0.9687||0.0184||0.41439609||0.33371951||0.48501234||0.21952823||68.82787097||20.34684446||0.5561||0.2496||55.70663487||20.03126336||50.54417679||13.69918428||50.54417679||13.69918428||61.9599||10.2607||0.12009153||0.05965786||0.09545199||0.04106026||0.09545199||0.04106026||0.0756||0.0395||338.768||0.24975566||0.14317446||0.24884093||0.14314814||0.24984891||0.14337148||0.38124137||0.1412269||0.38131628||0.14138937||0.38206986||0.14099395||0.4789035||0.13755476||0.04980193||0.02500648||0.04891239||0.02515955||0.04916299||0.02561586||0.07440028||0.02440449||0.07407208||0.02473709||0.0746113||0.02473625||0.09285602||0.02412288||41.85550037||174.07123999||500.91209195||441.69889416||854.898595||135.98272017||26.0768||9.6335||0.93395632||0.13924094||0.93378929||0.10324084||0.98493564||0.01109745||0.9864||0.0135||0.62517071||0.37042479||0.45621214||0.22287678||61.7639997||19.06662695||0.5231||0.2232||43.56027735||15.91446014||51.64732812||11.64001508||51.64732812||11.64001508||63.2375||8.6513||0.18008787||0.2786324||0.20341463||0.26289469||0.20341463||0.26289469||0.0198||0.0276||964.024||51.98498569||219.77245577||902.44676237||504.02928868||1096.87670811||173.04680463||29.4566||11.0625||0.9656586||0.02635496||0.98472365||0.01167472||0.98530385||0.01057229||0.9867||0.0128||0.68216649||0.34430016||0.53400282||0.19636588||69.14354676||21.14957025||0.5198||0.2231||40.00981437||12.39203366||45.4132373||9.19562177||45.4132373||9.19562177||63.3846||8.6378||0.0680558||0.01975214||0.02076759||0.02577149||0.02076759||0.02577149||0.0175||0.0234||1228.144,48fd087793ea75cb1647db147aa2741d0ff8ed900bbd3405912ce2b102966af1,108
EXCEL-ROW-0157,150,157,4fa4f6a39765d53f24b2b92e6dbfe126b546d51ceea1e66436d6ab3d4f96590a,f3e0855023f4c3f7d53e2ad2715891e1a4b473b5a3f755301b36906a7d6bc8a4,b47d13a16676b9ebcf2fba250a941603ecc19ab1bb078eab6968a462aa9828dc,621dd6d141b5aeaf2d0af3fb9e76ef7e31c25d457e52f451763c759713b23beb,nan||nan||nan||nan||nan||nan||nan||nan||nan||nan||nan||nan||nan||nan||nan||nan||nan||5.08690925||28.25692936||92.91053372||224.61115132||457.44079101||165.73197384||8.9061||10.0019||2.98430897||0.96467916||0.07128204||0.96598071||0.02292126||0.96861402||0.01568987||0.9687||0.0184||0.41439609||0.33371951||0.48501234||0.21952823||68.82787097||20.34684446||0.5561||0.2496||55.70663487||20.03126336||50.54417679||13.69918428||50.54417679||13.69918428||61.9599||10.2607||0.12009153||0.05965786||0.09545199||0.04106026||0.09545199||0.04106026||0.0756||0.0395||338.768||0.24975566||0.14317446||0.24884093||0.14314814||0.24984891||0.14337148||0.38124137||0.1412269||0.38131628||0.14138937||0.38206986||0.14099395||0.4789035||0.13755476||0.04980193||0.02500648||0.04891239||0.02515955||0.04916299||0.02561586||0.07440028||0.02440449||0.07407208||0.02473709||0.0746113||0.02473625||0.09285602||0.02412288||41.85550037||174.07123999||500.91209195||441.69889416||854.898595||135.98272017||26.0768||9.6335||0.93395632||0.13924094||0.93378929||0.10324084||0.98493564||0.01109745||0.9864||0.0135||0.62517071||0.37042479||0.45621214||0.22287678||61.7639997||19.06662695||0.5231||0.2232||43.56027735||15.91446014||51.64732812||11.64001508||51.64732812||11.64001508||63.2375||8.6513||0.18008787||0.2786324||0.20341463||0.26289469||0.20341463||0.26289469||0.0198||0.0276||964.024||51.98498569||219.77245577||902.44676237||504.02928868||1096.87670811||173.04680463||29.4566||11.0625||0.9656586||0.02635496||0.98472365||0.01167472||0.98530385||0.01057229||0.9867||0.0128||0.68216649||0.34430016||0.53400282||0.19636588||69.14354676||21.14957025||0.5198||0.2231||40.00981437||12.39203366||45.4132373||9.19562177||45.4132373||9.19562177||63.3846||8.6378||0.0680558||0.01975214||0.02076759||0.02577149||0.02076759||0.02577149||0.0175||0.0234||1228.144,48fd087793ea75cb1647db147aa2741d0ff8ed900bbd3405912ce2b102966af1,108
EXCEL-ROW-0158,151,158,8aa0c6ddd8842c7ac08e296689103e7b2974fc5b318eac5ffea6b36dd0cd38df,1f91f33f980679935273bf306ad05a44282944fade91fd550b67dcb23f63655e,b47d13a16676b9ebcf2fba250a941603ecc19ab1bb078eab6968a462aa9828dc,621dd6d141b5aeaf2d0af3fb9e76ef7e31c25d457e52f451763c759713b23beb,nan||nan||nan||nan||nan||nan||nan||nan||nan||nan||nan||nan||nan||nan||nan||nan||nan||11.51406069||14.87273145||22.43262358||20.86163015||466.2835216||45.1959926||4.9451||2.7913||2.22375808||0.97410534||0.025576||0.97497122||0.01954391||0.9790211||0.00766353||0.9797||0.0079||0.69255544||0.15287684||0.61260088||0.17697169||59.29232114||10.02329092||0.5916||0.1875||36.83364823||7.38432727||40.88097036||8.78979421||40.88097036||8.78979421||60.0356||7.9914||0.06022326||0.02210043||0.06079998||0.01450014||0.06079998||0.01450014||0.0552||0.0073||306.0832||0.2510204||0.14481249||0.25030658||0.14496438||0.25030785||0.1446364||0.38371361||0.14287694||0.38312052||0.14303997||0.38369221||0.14260396||0.48146771||0.13932877||0.04948777||0.02887181||0.05041018||0.02877356||0.04963785||0.02920149||0.07634677||0.02868618||0.07673597||0.02823717||0.07595345||0.02881557||0.0966658||0.02498183||278.0222592||323.36090009||632.81409286||365.89890768||868.81956||36.50886149||24.465||8.5043||0.94880898||0.20490659||0.95733998||0.14195317||0.99117325||0.0023756||0.9911||0.0024||0.42000987||0.16580153||0.55808786||0.18453449||53.67006271||9.20457311||0.5861||0.1696||51.59805757||11.12550296||43.94725426||10.97466034||43.94725426||10.97466034||60.1527||7.3868||0.02951046||0.06380673||0.01912884||0.05284974||0.01912884||0.05284974||0.0144||0.01||995.4704||256.91517404||382.36501191||715.23689882||487.76131311||1106.88422672||45.49383872||27.3227||10.0592||0.97862039||0.10039038||0.97140352||0.09418882||0.99123781||0.00240388||0.9912||0.0025||0.43764959||0.16816148||0.58317624||0.19321405||60.33486113||10.4774395||0.5864||0.1665||50.21657458||8.51507563||42.53188213||9.8731346||42.53188213||9.8731346||60.1204||7.2373||0.05508095||0.13560721||0.04982112||0.12786906||0.04982112||0.12786906||0.0143||0.0102||1271.712,7931a7f0287e135c931a71b0d5b9d20baf452c5f73233368240f52b9460c9532,109
EXCEL-ROW-0159,152,159,8aa0c6ddd8842c7ac08e296689103e7b2974fc5b318eac5ffea6b36dd0cd38df,50ce6c2911daa1a6fa589f7f1bff63842d30b2e6b89192fb878228d747b59c8e,b47d13a16676b9ebcf2fba250a941603ecc19ab1bb078eab6968a462aa9828dc,621dd6d141b5aeaf2d0af3fb9e76ef7e31c25d457e52f451763c759713b23beb,nan||nan||nan||nan||nan||nan||nan||nan||nan||nan||nan||nan||nan||nan||nan||nan||nan||11.51406069||14.87273145||22.43262358||20.86163015||466.2835216||45.1959926||4.9451||2.7913||2.22375808||0.97410534||0.025576||0.97497122||0.01954391||0.9790211||0.00766353||0.9797||0.0079||0.69255544||0.15287684||0.61260088||0.17697169||59.29232114||10.02329092||0.5916||0.1875||36.83364823||7.38432727||40.88097036||8.78979421||40.88097036||8.78979421||60.0356||7.9914||0.06022326||0.02210043||0.06079998||0.01450014||0.06079998||0.01450014||0.0552||0.0073||306.0832||0.2510204||0.14481249||0.25030658||0.14496438||0.25030785||0.1446364||0.38371361||0.14287694||0.38312052||0.14303997||0.38369221||0.14260396||0.48146771||0.13932877||0.04948777||0.02887181||0.05041018||0.02877356||0.04963785||0.02920149||0.07634677||0.02868618||0.07673597||0.02823717||0.07595345||0.02881557||0.0966658||0.02498183||278.0222592||323.36090009||632.81409286||365.89890768||868.81956||36.50886149||24.465||8.5043||0.94880898||0.20490659||0.95733998||0.14195317||0.99117325||0.0023756||0.9911||0.0024||0.42000987||0.16580153||0.55808786||0.18453449||53.67006271||9.20457311||0.5861||0.1696||51.59805757||11.12550296||43.94725426||10.97466034||43.94725426||10.97466034||60.1527||7.3868||0.02951046||0.06380673||0.01912884||0.05284974||0.01912884||0.05284974||0.0144||0.01||995.4704||256.91517404||382.36501191||715.23689882||487.76131311||1106.88422672||45.49383872||27.3227||10.0592||0.97862039||0.10039038||0.97140352||0.09418882||0.99123781||0.00240388||0.9912||0.0025||0.43764959||0.16816148||0.58317624||0.19321405||60.33486113||10.4774395||0.5864||0.1665||50.21657458||8.51507563||42.53188213||9.8731346||42.53188213||9.8731346||60.1204||7.2373||0.05508095||0.13560721||0.04982112||0.12786906||0.04982112||0.12786906||0.0143||0.0102||1271.712,7931a7f0287e135c931a71b0d5b9d20baf452c5f73233368240f52b9460c9532,109
EXCEL-ROW-0160,153,160,1501ffcb7a1abcfca73aa57a26be0fd602ecab3210cecb4ba9e91ede958752ff,cb5840740ce25d427cf4e708072af68ac57594a6d94f17fb66cdb9ceefec7709,b47d13a16676b9ebcf2fba250a941603ecc19ab1bb078eab6968a462aa9828dc,621dd6d141b5aeaf2d0af3fb9e76ef7e31c25d457e52f451763c759713b23beb,nan||nan||nan||nan||nan||nan||nan||nan||nan||nan||nan||nan||nan||nan||nan||nan||nan||5.96367256||11.22624166||21.29122387||95.65078455||460.75885144||112.36741411||3.9935||5.5831||1.99837434||0.97006674||0.00745936||0.97049329||0.00727077||0.97049329||0.00727143||0.9716||0.0069||0.50984932||0.16865307||0.48201502||0.16074775||63.1043385||15.43902592||0.4911||0.1527||45.93934078||8.98840293||47.45864601||8.78272724||47.45864601||8.78272724||64.2652||6.7307||0.07653147||0.00868837||0.07317182||0.0141733||0.07317182||0.0141733||0.0731||0.0131||207.68||0.24843983||0.14349009||0.24855796||0.1432992||0.24916098||0.1437639||0.38012926||0.14187749||0.38072073||0.14183336||0.38084198||0.14149344||0.47773437||0.13837126||0.0503106||0.02851117||0.04941874||0.02851978||0.04921213||0.0286865||0.07623223||0.02807633||0.07524562||0.02895577||0.0760464||0.02838553||0.09633169||0.02376109||127.91740037||303.00247898||781.88385651||277.25374833||865.04142||96.79126612||29.0533||4.0193||0.52459516||0.40049917||0.85413506||0.28075362||0.98725744||0.0033429||0.9875||0.0082||0.64792691||0.59341096||0.43983118||0.25599751||57.42717545||13.14494654||0.4634||0.1518||50.02001964||27.23045902||52.52505543||13.92858569||52.52505543||13.92858569||65.5513||6.8259||0.41437308||0.40775846||0.07144594||0.20907894||0.07144594||0.20907894||0.0112||0.0128||1078.8944||130.23776458||350.91398573||1031.68286408||311.36799863||1100.92372534||121.38896322||32.762||4.5928||0.52613945||0.38263276||0.94053131||0.1845114||0.98732344||0.00333237||0.9876||0.0083||0.81291825||0.78969746||0.50062164||0.28724292||64.607536||14.81991507||0.463||0.1524||45.44638153||27.00043602||48.18734752||11.92832883||48.18734752||11.92832883||65.5711||6.8556||0.46522927||0.37559738||0.05299626||0.17741311||0.05299626||0.17741311||0.0095||0.0129||1372.448,89e96fd684bb5d49cf254fef3bf9dfff8e669bfee792268dfae361c2748e2c57,110
EXCEL-ROW-0161,154,161,1501ffcb7a1abcfca73aa57a26be0fd602ecab3210cecb4ba9e91ede958752ff,fb0e134c786fdbb00f1f7c1d904fcb3d2cd1dd0ffbc682d512a99371f20a579e,b47d13a16676b9ebcf2fba250a941603ecc19ab1bb078eab6968a462aa9828dc,621dd6d141b5aeaf2d0af3fb9e76ef7e31c25d457e52f451763c759713b23beb,nan||nan||nan||nan||nan||nan||nan||nan||nan||nan||nan||nan||nan||nan||nan||nan||nan||5.96367256||11.22624166||21.29122387||95.65078455||460.75885144||112.36741411||3.9935||5.5831||1.99837434||0.97006674||0.00745936||0.97049329||0.00727077||0.97049329||0.00727143||0.9716||0.0069||0.50984932||0.16865307||0.48201502||0.16074775||63.1043385||15.43902592||0.4911||0.1527||45.93934078||8.98840293||47.45864601||8.78272724||47.45864601||8.78272724||64.2652||6.7307||0.07653147||0.00868837||0.07317182||0.0141733||0.07317182||0.0141733||0.0731||0.0131||207.68||0.24843983||0.14349009||0.24855796||0.1432992||0.24916098||0.1437639||0.38012926||0.14187749||0.38072073||0.14183336||0.38084198||0.14149344||0.47773437||0.13837126||0.0503106||0.02851117||0.04941874||0.02851978||0.04921213||0.0286865||0.07623223||0.02807633||0.07524562||0.02895577||0.0760464||0.02838553||0.09633169||0.02376109||127.91740037||303.00247898||781.88385651||277.25374833||865.04142||96.79126612||29.0533||4.0193||0.52459516||0.40049917||0.85413506||0.28075362||0.98725744||0.0033429||0.9875||0.0082||0.64792691||0.59341096||0.43983118||0.25599751||57.42717545||13.14494654||0.4634||0.1518||50.02001964||27.23045902||52.52505543||13.92858569||52.52505543||13.92858569||65.5513||6.8259||0.41437308||0.40775846||0.07144594||0.20907894||0.07144594||0.20907894||0.0112||0.0128||1078.8944||130.23776458||350.91398573||1031.68286408||311.36799863||1100.92372534||121.38896322||32.762||4.5928||0.52613945||0.38263276||0.94053131||0.1845114||0.98732344||0.00333237||0.9876||0.0083||0.81291825||0.78969746||0.50062164||0.28724292||64.607536||14.81991507||0.463||0.1524||45.44638153||27.00043602||48.18734752||11.92832883||48.18734752||11.92832883||65.5711||6.8556||0.46522927||0.37559738||0.05299626||0.17741311||0.05299626||0.17741311||0.0095||0.0129||1372.448,89e96fd684bb5d49cf254fef3bf9dfff8e669bfee792268dfae361c2748e2c57,110
EXCEL-ROW-0162,155,162,e0d18b8adadc59ab7c7c75fefae4dc0a512be830d1b51b82b6c550f32c5dbce7,7f1234e92239702d304d66fab47d9367b4bd69b1af9c23e3b4a4df37e22bd764,b47d13a16676b9ebcf2fba250a941603ecc19ab1bb078eab6968a462aa9828dc,621dd6d141b5aeaf2d0af3fb9e76ef7e31c25d457e52f451763c759713b23beb,nan||nan||nan||nan||nan||nan||nan||nan||nan||nan||nan||nan||nan||nan||nan||nan||nan||7.02918722||8.76329798||14.33982385||55.55466364||462.21513109||78.92355281||3.9463||3.8929||1.98652964||0.97617023||0.00798783||0.97679368||0.01027113||0.97710268||0.01127072||0.9773||0.0122||0.46648955||0.15881869||0.48500349||0.25275929||59.91163653||15.85681522||0.5211||0.305||48.36179726||8.88477641||48.50202705||8.37803292||48.50202705||8.37803292||63.8804||9.7514||0.07730154||0.01886648||0.07300624||0.01278678||0.07300624||0.01278678||0.0665||0.0184||531.36||0.25173166||0.14400752||0.24985035||0.14444945||0.25170153||0.14395074||0.38320446||0.1433603||0.38323453||0.14316987||0.38406153||0.14380267||0.48138501||0.14050547||0.05873269||0.02633157||0.05228504||0.02951199||0.05797379||0.02587438||0.0847487||0.0237744||0.08397085||0.02416655||0.08624622||0.0271093||0.1068763||0.01885377||72.08764482||230.60666838||481.26896046||429.68072279||864.60119||70.41176709||28.3816||4.6788||0.87105673||0.26801641||0.88596936||0.22635857||0.98980054||0.00716025||0.9901||0.0102||0.37964846||0.33009758||0.44646686||0.30236455||53.60790819||15.55231202||0.513||0.2359||58.32885913||19.97443739||53.06491255||16.89694801||53.06491255||16.89694801||63.7719||8.631||0.15520293||0.18806086||0.09813559||0.16053557||0.09813559||0.16053557||0.014||0.0172||795.2576||70.62410499||260.59802241||660.52265548||554.22435113||1101.85947566||82.68961672||32.021||5.2917||0.90113579||0.20092299||0.9542145||0.1294667||0.99005781||0.0064142||0.9903||0.0095||0.39424089||0.30738147||0.47378309||0.27930053||60.26970931||16.33667646||0.5051||0.2233||56.53910296||18.23395775||50.14748721||15.02616351||50.14748721||15.02616351||64.04||8.261||0.19673533||0.23105523||0.08570204||0.16094783||0.08570204||0.16094783||0.0121||0.0184||1028.16,5cb09b56f58459ab62c95f68317e3b1bb6a559eb3b2da6a7c6caceb3a3f53425,111
EXCEL-ROW-0163,156,163,e0d18b8adadc59ab7c7c75fefae4dc0a512be830d1b51b82b6c550f32c5dbce7,da6d6d4340398e32972208fa1783b6ceaad48241d9f8de42288147b89907f01e,b47d13a16676b9ebcf2fba250a941603ecc19ab1bb078eab6968a462aa9828dc,621dd6d141b5aeaf2d0af3fb9e76ef7e31c25d457e52f451763c759713b23beb,nan||nan||nan||nan||nan||nan||nan||nan||nan||nan||nan||nan||nan||nan||nan||nan||nan||7.02918722||8.76329798||14.33982385||55.55466364||462.21513109||78.92355281||3.9463||3.8929||1.98652964||0.97617023||0.00798783||0.97679368||0.01027113||0.97710268||0.01127072||0.9773||0.0122||0.46648955||0.15881869||0.48500349||0.25275929||59.91163653||15.85681522||0.5211||0.305||48.36179726||8.88477641||48.50202705||8.37803292||48.50202705||8.37803292||63.8804||9.7514||0.07730154||0.01886648||0.07300624||0.01278678||0.07300624||0.01278678||0.0665||0.0184||531.36||0.25173166||0.14400752||0.24985035||0.14444945||0.25170153||0.14395074||0.38320446||0.1433603||0.38323453||0.14316987||0.38406153||0.14380267||0.48138501||0.14050547||0.05873269||0.02633157||0.05228504||0.02951199||0.05797379||0.02587438||0.0847487||0.0237744||0.08397085||0.02416655||0.08624622||0.0271093||0.1068763||0.01885377||72.08764482||230.60666838||481.26896046||429.68072279||864.60119||70.41176709||28.3816||4.6788||0.87105673||0.26801641||0.88596936||0.22635857||0.98980054||0.00716025||0.9901||0.0102||0.37964846||0.33009758||0.44646686||0.30236455||53.60790819||15.55231202||0.513||0.2359||58.32885913||19.97443739||53.06491255||16.89694801||53.06491255||16.89694801||63.7719||8.631||0.15520293||0.18806086||0.09813559||0.16053557||0.09813559||0.16053557||0.014||0.0172||795.2576||70.62410499||260.59802241||660.52265548||554.22435113||1101.85947566||82.68961672||32.021||5.2917||0.90113579||0.20092299||0.9542145||0.1294667||0.99005781||0.0064142||0.9903||0.0095||0.39424089||0.30738147||0.47378309||0.27930053||60.26970931||16.33667646||0.5051||0.2233||56.53910296||18.23395775||50.14748721||15.02616351||50.14748721||15.02616351||64.04||8.261||0.19673533||0.23105523||0.08570204||0.16094783||0.08570204||0.16094783||0.0121||0.0184||1028.16,5cb09b56f58459ab62c95f68317e3b1bb6a559eb3b2da6a7c6caceb3a3f53425,111
EXCEL-ROW-0164,157,164,79d74a52e4e6873213b22a0c0034092d0ad11a676e281c5887ad0940a4336092,f2985ee6a5407e19e775ebfaab7173afa8c4d41e18710e7007530413c0349295,b47d13a16676b9ebcf2fba250a941603ecc19ab1bb078eab6968a462aa9828dc,621dd6d141b5aeaf2d0af3fb9e76ef7e31c25d457e52f451763c759713b23beb,nan||nan||nan||nan||nan||nan||nan||nan||nan||nan||nan||nan||nan||nan||nan||nan||nan||9.35038013||44.14214252||153.53228527||264.42788962||463.38662871||202.27749182||11.3312||10.4343||3.36618478||0.9647735||0.07002528||0.96958012||0.03057292||0.97559803||0.01351951||0.9742||0.0135||0.49037754||0.47198479||0.525934||0.29609431||55.77770991||28.69421599||0.6032||0.3054||53.00180829||23.06375081||48.90547061||17.93026853||48.90547061||17.93026853||60.0969||10.1859||0.09277298||0.04771507||0.07097452||0.04194475||0.07097452||0.04194475||0.0527||0.0306||407.9536||0.25170153||0.14395074||0.24985035||0.14444945||0.25173166||0.14400752||0.38323453||0.14316987||0.38320446||0.1433603||0.38406153||0.14380267||0.48138501||0.14050547||0.05797379||0.02587438||0.05228504||0.02951199||0.05873269||0.02633157||0.08397085||0.02416655||0.0847487||0.0237744||0.08624622||0.0271093||0.1068763||0.01885377||53.96364586||189.33880413||536.42806209||468.92430069||867.80288||166.05044076||24.7068||11.0742||0.88213384||0.27998887||0.8657097||0.22941177||0.98790786||0.00784149||0.989||0.0095||0.4903545||0.30373437||0.45173767||0.28414303||49.57422037||25.83894691||0.5116||0.3198||49.50346733||16.60030754||54.23793067||18.11674392||54.23793067||18.11674392||64.5323||13.7786||0.16949113||0.33659867||0.13741014||0.22358442||0.13741014||0.22358442||0.0176||0.0202||906.2512||59.29792137||225.08482571||813.03677097||575.89463377||1103.48915855||212.41539082||27.7986||12.6347||0.93886193||0.21096614||0.97589551||0.07347658||0.9878433||0.00786684||0.989||0.0091||0.47264585||0.19617684||0.49921897||0.27292531||56.19517424||28.89993593||0.5048||0.3084||48.77488058||12.96255361||49.26886034||17.48495795||49.26886034||17.48495795||64.7401||13.5761||0.09738818||0.17409774||0.03346019||0.06990237||0.03346019||0.06990237||0.0168||0.0192||1159.68,7c16cf5fd4f158ff39d4a19905f4873bff7458b1fc75ba90cc92b236461bb288,112
EXCEL-ROW-0165,158,165,79d74a52e4e6873213b22a0c0034092d0ad11a676e281c5887ad0940a4336092,02598969da3cd1a129e81ec95e72d3d31b4fa122fb48a4b6a50dd1bbc13b0c7e,b47d13a16676b9ebcf2fba250a941603ecc19ab1bb078eab6968a462aa9828dc,621dd6d141b5aeaf2d0af3fb9e76ef7e31c25d457e52f451763c759713b23beb,nan||nan||nan||nan||nan||nan||nan||nan||nan||nan||nan||nan||nan||nan||nan||nan||nan||9.35038013||44.14214252||153.53228527||264.42788962||463.38662871||202.27749182||11.3312||10.4343||3.36618478||0.9647735||0.07002528||0.96958012||0.03057292||0.97559803||0.01351951||0.9742||0.0135||0.49037754||0.47198479||0.525934||0.29609431||55.77770991||28.69421599||0.6032||0.3054||53.00180829||23.06375081||48.90547061||17.93026853||48.90547061||17.93026853||60.0969||10.1859||0.09277298||0.04771507||0.07097452||0.04194475||0.07097452||0.04194475||0.0527||0.0306||407.9536||0.25170153||0.14395074||0.24985035||0.14444945||0.25173166||0.14400752||0.38323453||0.14316987||0.38320446||0.1433603||0.38406153||0.14380267||0.48138501||0.14050547||0.05797379||0.02587438||0.05228504||0.02951199||0.05873269||0.02633157||0.08397085||0.02416655||0.0847487||0.0237744||0.08624622||0.0271093||0.1068763||0.01885377||53.96364586||189.33880413||536.42806209||468.92430069||867.80288||166.05044076||24.7068||11.0742||0.88213384||0.27998887||0.8657097||0.22941177||0.98790786||0.00784149||0.989||0.0095||0.4903545||0.30373437||0.45173767||0.28414303||49.57422037||25.83894691||0.5116||0.3198||49.50346733||16.60030754||54.23793067||18.11674392||54.23793067||18.11674392||64.5323||13.7786||0.16949113||0.33659867||0.13741014||0.22358442||0.13741014||0.22358442||0.0176||0.0202||906.2512||59.29792137||225.08482571||813.03677097||575.89463377||1103.48915855||212.41539082||27.7986||12.6347||0.93886193||0.21096614||0.97589551||0.07347658||0.9878433||0.00786684||0.989||0.0091||0.47264585||0.19617684||0.49921897||0.27292531||56.19517424||28.89993593||0.5048||0.3084||48.77488058||12.96255361||49.26886034||17.48495795||49.26886034||17.48495795||64.7401||13.5761||0.09738818||0.17409774||0.03346019||0.06990237||0.03346019||0.06990237||0.0168||0.0192||1159.68,7c16cf5fd4f158ff39d4a19905f4873bff7458b1fc75ba90cc92b236461bb288,112
EXCEL-ROW-0166,159,166,79d74a52e4e6873213b22a0c0034092d0ad11a676e281c5887ad0940a4336092,249cbc5c3c3166f68345268e4d2a11f4a81c7b81724cb454218cb5e0e8098ae1,b47d13a16676b9ebcf2fba250a941603ecc19ab1bb078eab6968a462aa9828dc,621dd6d141b5aeaf2d0af3fb9e76ef7e31c25d457e52f451763c759713b23beb,nan||nan||nan||nan||nan||nan||nan||nan||nan||nan||nan||nan||nan||nan||nan||nan||nan||9.35038013||44.14214252||153.53228527||264.42788962||463.38662871||202.27749182||11.3312||10.4343||3.36618478||0.9647735||0.07002528||0.96958012||0.03057292||0.97559803||0.01351951||0.9742||0.0135||0.49037754||0.47198479||0.525934||0.29609431||55.77770991||28.69421599||0.6032||0.3054||53.00180829||23.06375081||48.90547061||17.93026853||48.90547061||17.93026853||60.0969||10.1859||0.09277298||0.04771507||0.07097452||0.04194475||0.07097452||0.04194475||0.0527||0.0306||407.9536||0.25170153||0.14395074||0.24985035||0.14444945||0.25173166||0.14400752||0.38323453||0.14316987||0.38320446||0.1433603||0.38406153||0.14380267||0.48138501||0.14050547||0.05797379||0.02587438||0.05228504||0.02951199||0.05873269||0.02633157||0.08397085||0.02416655||0.0847487||0.0237744||0.08624622||0.0271093||0.1068763||0.01885377||53.96364586||189.33880413||536.42806209||468.92430069||867.80288||166.05044076||24.7068||11.0742||0.88213384||0.27998887||0.8657097||0.22941177||0.98790786||0.00784149||0.989||0.0095||0.4903545||0.30373437||0.45173767||0.28414303||49.57422037||25.83894691||0.5116||0.3198||49.50346733||16.60030754||54.23793067||18.11674392||54.23793067||18.11674392||64.5323||13.7786||0.16949113||0.33659867||0.13741014||0.22358442||0.13741014||0.22358442||0.0176||0.0202||906.2512||59.29792137||225.08482571||813.03677097||575.89463377||1103.48915855||212.41539082||27.7986||12.6347||0.93886193||0.21096614||0.97589551||0.07347658||0.9878433||0.00786684||0.989||0.0091||0.47264585||0.19617684||0.49921897||0.27292531||56.19517424||28.89993593||0.5048||0.3084||48.77488058||12.96255361||49.26886034||17.48495795||49.26886034||17.48495795||64.7401||13.5761||0.09738818||0.17409774||0.03346019||0.06990237||0.03346019||0.06990237||0.0168||0.0192||1159.68,7c16cf5fd4f158ff39d4a19905f4873bff7458b1fc75ba90cc92b236461bb288,112
EXCEL-ROW-0167,160,167,56d65d2404e4394e9ecf60a73ffba1faabd21cbbe66ff0d0cde4d5a59f6cbb85,95f168584f853ed90501e5c2db163136c10dd4232b2c515b0f3d2fe545265d58,b47d13a16676b9ebcf2fba250a941603ecc19ab1bb078eab6968a462aa9828dc,621dd6d141b5aeaf2d0af3fb9e76ef7e31c25d457e52f451763c759713b23beb,nan||nan||nan||nan||nan||nan||nan||nan||nan||nan||nan||nan||nan||nan||nan||nan||nan||15.77265173||45.17841287||62.38156958||145.15687018||379.59515152||131.17491663||9.8235||7.3239||3.13424632||0.98643941||0.0213963||0.98385921||0.01620426||0.98339382||0.01553599||0.9833||0.0146||0.44017515||0.42523885||0.49500255||0.45869||45.92704605||14.34231472||0.6058||0.4168||52.64251545||14.37808754||50.44951903||8.93002431||50.44951903||8.93002431||60.2419||10.0487||0.07408158||0.02678146||0.06858437||0.01489063||0.06858437||0.01489063||0.0463||0.0199||616.3808||0.23813485||0.14122706||0.2395326||0.14161326||0.24060868||0.14164088||0.36659882||0.14031668||0.36836433||0.14033023||0.36709844||0.14087831||0.46196772||0.13646967||0.05313119||0.02851637||0.04946481||0.03024409||0.03521357||0.02713915||0.07883281||0.02798156||0.06613231||0.0310567||0.06818279||0.03104422||0.08970705||0.03044263||162.6151819||319.21867067||424.55209523||382.30819267||920.0982506||95.37690854||27.1508||7.8105||0.90368499||0.24194975||0.90664728||0.14959916||0.99326272||0.01489564||0.9935||0.0141||0.53027001||0.60206239||0.55593721||0.46436916||44.50251423||15.33785462||0.6182||0.6938||49.00117792||17.18705639||47.04460991||9.20634121||47.04460991||9.20634121||59.6111||6.4192||0.14411716||0.30195515||0.12044947||0.15221636||0.12044947||0.15221636||0.0133||0.0117||694.4608||210.75921906||410.3984753||612.29661213||528.6862706||1201.19981576||134.7167414||30.393||9.8108||0.92712372||0.22173877||0.92534038||0.14124642||0.99439204||0.00369175||0.9946||0.005||0.53689666||0.45103541||0.55716051||0.3481928||46.40248475||14.45336869||0.5813||0.1924||47.94041289||16.60264602||46.25707662||10.16589745||46.25707662||10.16589745||60.4514||7.6391||0.08193821||0.22395407||0.07163828||0.11496824||0.07163828||0.11496824||0.0119||0.0089||962.576,ef59e050fa470ba31dd75682067b2af31b218ff187b3ec522130d0bad443d639,113
EXCEL-ROW-0168,161,168,a91394ffa41b32cc029daf9401a238ff93b088c6fca62dcc51099778559c3e72,3152c1e70858588b2c4a7f0500c25045876833f52b02c39e9755277e0e608c35,b47d13a16676b9ebcf2fba250a941603ecc19ab1bb078eab6968a462aa9828dc,621dd6d141b5aeaf2d0af3fb9e76ef7e31c25d457e52f451763c759713b23beb,nan||nan||nan||nan||nan||nan||nan||nan||nan||nan||nan||nan||nan||nan||nan||nan||nan||7.9964805||32.39436324||67.79661649||182.29750898||447.8629567||122.31464069||8.925||8.2756||2.98747385||0.97652696||0.03056177||0.97392284||0.01730777||0.97356951||0.01341521||0.9738||0.0182||0.45145634||0.35331326||0.47653315||0.25413242||63.45179385||21.98723984||0.5726||0.3174||51.92693136||14.49937953||51.4089231||11.86569214||51.4089231||11.86569214||61.6347||12.2598||0.09945546||0.02545483||0.08972909||0.0224893||0.08972909||0.0224893||0.0661||0.0268||657.8192||0.24577427||0.14360593||0.24674382||0.14338225||0.24306015||0.14234166||0.37722168||0.14202972||0.37538714||0.14094276||0.37472576||0.14123614||0.47211037||0.13754933||0.05382773||0.02706648||0.04841423||0.02963749||0.05354152||0.0277342||0.07758584||0.02885782||0.07811696||0.02749435||0.08162074||0.02457545||0.09903392||0.0260864||67.47176382||215.32614726||167.99536276||250.70451765||871.9590385||82.46767748||26.7205||7.6206||0.85078739||0.29746354||0.81945495||0.13736822||0.98837899||0.00476732||0.9885||0.0074||0.42782643||0.68561632||0.50483276||0.52669331||60.28957906||16.14180536||0.6057||0.1582||57.53454168||22.40955987||52.70430312||10.2962869||52.70430312||10.2962869||59.2216||7.2807||0.2290814||0.38220179||0.2485726||0.16268915||0.2485726||0.16268915||0.0204||0.0189||665.76||53.81477437||215.41519652||189.67828547||334.40315245||1114.01297622||126.93376079||28.8052||10.3892||0.87182812||0.23980481||0.84346351||0.10013487||0.98888514||0.00594727||0.9892||0.0095||0.44740555||0.80143983||0.50376052||0.26930317||64.34800648||22.29861017||0.5827||0.1952||57.30322007||21.98886664||52.7240716||10.98317117||52.7240716||10.98317117||60.4067||8.9559||0.34281963||0.49376734||0.40960397||0.20902137||0.40960397||0.20902137||0.0226||0.0285||902.7232,6040566e3b0326961209dda1fb5ac2c4c0fc6349f1235ceff967b704ee8b7647,114
EXCEL-ROW-0169,162,169,a91394ffa41b32cc029daf9401a238ff93b088c6fca62dcc51099778559c3e72,c526b24c382d4626370aacad2687094aac69ba29ec9b07d8346d3ec45bc826f0,b47d13a16676b9ebcf2fba250a941603ecc19ab1bb078eab6968a462aa9828dc,621dd6d141b5aeaf2d0af3fb9e76ef7e31c25d457e52f451763c759713b23beb,nan||nan||nan||nan||nan||nan||nan||nan||nan||nan||nan||nan||nan||nan||nan||nan||nan||7.9964805||32.39436324||67.79661649||182.29750898||447.8629567||122.31464069||8.925||8.2756||2.98747385||0.97652696||0.03056177||0.97392284||0.01730777||0.97356951||0.01341521||0.9738||0.0182||0.45145634||0.35331326||0.47653315||0.25413242||63.45179385||21.98723984||0.5726||0.3174||51.92693136||14.49937953||51.4089231||11.86569214||51.4089231||11.86569214||61.6347||12.2598||0.09945546||0.02545483||0.08972909||0.0224893||0.08972909||0.0224893||0.0661||0.0268||657.8192||0.24577427||0.14360593||0.24674382||0.14338225||0.24306015||0.14234166||0.37722168||0.14202972||0.37538714||0.14094276||0.37472576||0.14123614||0.47211037||0.13754933||0.05382773||0.02706648||0.04841423||0.02963749||0.05354152||0.0277342||0.07758584||0.02885782||0.07811696||0.02749435||0.08162074||0.02457545||0.09903392||0.0260864||67.47176382||215.32614726||167.99536276||250.70451765||871.9590385||82.46767748||26.7205||7.6206||0.85078739||0.29746354||0.81945495||0.13736822||0.98837899||0.00476732||0.9885||0.0074||0.42782643||0.68561632||0.50483276||0.52669331||60.28957906||16.14180536||0.6057||0.1582||57.53454168||22.40955987||52.70430312||10.2962869||52.70430312||10.2962869||59.2216||7.2807||0.2290814||0.38220179||0.2485726||0.16268915||0.2485726||0.16268915||0.0204||0.0189||665.76||53.81477437||215.41519652||189.67828547||334.40315245||1114.01297622||126.93376079||28.8052||10.3892||0.87182812||0.23980481||0.84346351||0.10013487||0.98888514||0.00594727||0.9892||0.0095||0.44740555||0.80143983||0.50376052||0.26930317||64.34800648||22.29861017||0.5827||0.1952||57.30322007||21.98886664||52.7240716||10.98317117||52.7240716||10.98317117||60.4067||8.9559||0.34281963||0.49376734||0.40960397||0.20902137||0.40960397||0.20902137||0.0226||0.0285||902.7232,6040566e3b0326961209dda1fb5ac2c4c0fc6349f1235ceff967b704ee8b7647,114
EXCEL-ROW-0170,163,170,030e678a71cbd4d128ce638db3e6b53e5f981f016c1f8b4c11c26377793f6cf4,e9f8e37ddf59cf8396c2df02d0127a0432555d9bf12f32cdb0d9257242f4a6a0,b47d13a16676b9ebcf2fba250a941603ecc19ab1bb078eab6968a462aa9828dc,621dd6d141b5aeaf2d0af3fb9e76ef7e31c25d457e52f451763c759713b23beb,nan||nan||nan||nan||nan||nan||nan||nan||nan||nan||nan||nan||nan||nan||nan||nan||nan||8.47298182||34.24996745||59.85555561||173.24220854||467.47741877||122.55905495||9.1752||8.5223||3.02905926||0.97862947||0.02907224||0.97552969||0.01510228||0.97456191||0.01312007||0.9747||0.0175||0.43797251||0.32098307||0.4800686||0.26117087||64.617754||18.47888266||0.5913||0.3165||52.90694523||14.7170064||50.97114822||9.19020189||50.97114822||9.19020189||60.7349||10.8908||0.09650174||0.02125552||0.08808973||0.01946953||0.08808973||0.01946953||0.0635||0.0259||712.9776||0.2583444||0.14302369||0.26106142||0.14346601||0.25478669||0.14153431||0.39692801||0.13557774||0.39415851||0.13536192||0.39207763||0.13572382||0.4948||0.12670573||0.05565639||0.02683748||0.04347593||0.02864663||0.04475137||0.02974079||0.07613546||0.02705664||0.06834121||0.0304543||0.07699474||0.02787281||0.09265444||0.02882749||57.68701361||202.5830314||157.76404255||243.25120956||878.03426354||92.51316933||26.859||7.7665||0.84166165||0.29447355||0.8169145||0.12807963||0.98900252||0.00533936||0.9893||0.009||0.50081089||0.57292033||0.5261534||0.21147965||58.74386252||13.76904836||0.6187||0.1587||52.68436322||21.10328349||50.72916586||9.72031452||50.72916586||9.72031452||58.6735||6.6781||0.26751287||0.42453704||0.27897149||0.15964742||0.27897149||0.15964742||0.0208||0.0213||622.1952||44.38367691||194.90494599||137.18704372||258.52917721||1094.31593892||126.79290876||28.5248||10.2483||0.86337676||0.23840365||0.83564059||0.10093355||0.98859623||0.00613793||0.989||0.0108||0.48767012||0.6479979||0.509461||0.21032899||65.40355482||18.59491604||0.5979||0.1879||53.35436923||19.36377969||51.92854945||9.05123358||51.92854945||9.05123358||59.7005||7.8313||0.37869139||0.50598054||0.4383708||0.1985594||0.4383708||0.1985594||0.0244||0.0318||843.9616,a0d999f66f9eb2015dc16437c4220debf23c93362906572b9717fe2a2fd211e6,115
EXCEL-ROW-0171,164,171,ce9b73461d03fa6cd6f7ad21474f024e58023975f6fdb7c92f66f6b2b2b1c4e6,2d610588bdb586f221f094f5596f58a76b63d4a92799f380ae4a4419beff20f4,b47d13a16676b9ebcf2fba250a941603ecc19ab1bb078eab6968a462aa9828dc,621dd6d141b5aeaf2d0af3fb9e76ef7e31c25d457e52f451763c759713b23beb,nan||nan||nan||nan||nan||nan||nan||nan||nan||nan||nan||nan||nan||nan||nan||nan||nan||9.76759769||32.51873703||49.76362001||140.30683371||467.36734||120.44974684||9.0694||6.8863||3.01154445||0.97855369||0.02546588||0.97666451||0.01700544||0.97565618||0.01607928||0.9754||0.017||0.45377941||0.33938701||0.4821577||0.38348365||63.81965484||19.48611532||0.5959||0.3489||51.79301713||14.66075328||51.22114648||10.011594||51.22114648||10.011594||60.4667||10.2739||0.09236967||0.01969725||0.085747||0.01811273||0.085747||0.01811273||0.0628||0.022||565.5248||0.22900867||0.14224103||0.22876383||0.14244934||0.22578398||0.14003036||0.35214041||0.14594285||0.34966664||0.14472337||0.34969352||0.14484072||0.44121959||0.14565153||0.04890492||0.0292754||0.05065157||0.02835099||0.04880192||0.02814948||0.07612547||0.0286882||0.07574339||0.02839575||0.07485696||0.02862162||0.09493899||0.02790535||68.33091577||211.75118314||174.51601077||279.06413926||852.3720338||86.94849824||26.3593||7.2696||0.82984841||0.30211857||0.82426734||0.12043943||0.98789207||0.00453791||0.9882||0.0079||0.4794474||0.60355234||0.48844633||0.22598468||61.17573258||14.25280601||0.6031||0.1454||53.50420002||20.5062691||52.67859839||9.72680423||52.67859839||9.72680423||59.2508||6.1632||0.25498157||0.38637506||0.25126671||0.15620072||0.25126671||0.15620072||0.0212||0.0198||768.3616||65.20621197||239.09506493||228.24925436||399.33537533||1132.631902||120.45000093||29.6595||9.4666||0.85578874||0.24922578||0.84493468||0.11103954||0.98951254||0.00506186||0.9898||0.0087||0.4890202||0.78114843||0.51351085||0.25365544||63.81965484||19.48611532||0.5845||0.1817||54.34851565||19.67600531||52.12699412||9.19331542||52.12699412||9.19331542||60.2268||7.7231||0.40964298||0.53145179||0.41458269||0.24210336||0.41458269||0.24210336||0.0211||0.0289||1034.4752,7b0ff222fae87eb6c58f51737d38be55c145fc59d9f26ce83870385c5c731662,116
EXCEL-ROW-0172,165,172,ce9b73461d03fa6cd6f7ad21474f024e58023975f6fdb7c92f66f6b2b2b1c4e6,3e3984166fefe0e320cda0199aa81f2cd68ae73647b40e01dc2e71ddea0c9453,b47d13a16676b9ebcf2fba250a941603ecc19ab1bb078eab6968a462aa9828dc,621dd6d141b5aeaf2d0af3fb9e76ef7e31c25d457e52f451763c759713b23beb,nan||nan||nan||nan||nan||nan||nan||nan||nan||nan||nan||nan||nan||nan||nan||nan||nan||9.76759769||32.51873703||49.76362001||140.30683371||467.36734||120.44974684||9.0694||6.8863||3.01154445||0.97855369||0.02546588||0.97666451||0.01700544||0.97565618||0.01607928||0.9754||0.017||0.45377941||0.33938701||0.4821577||0.38348365||63.81965484||19.48611532||0.5959||0.3489||51.79301713||14.66075328||51.22114648||10.011594||51.22114648||10.011594||60.4667||10.2739||0.09236967||0.01969725||0.085747||0.01811273||0.085747||0.01811273||0.0628||0.022||565.5248||0.22900867||0.14224103||0.22876383||0.14244934||0.22578398||0.14003036||0.35214041||0.14594285||0.34966664||0.14472337||0.34969352||0.14484072||0.44121959||0.14565153||0.04890492||0.0292754||0.05065157||0.02835099||0.04880192||0.02814948||0.07612547||0.0286882||0.07574339||0.02839575||0.07485696||0.02862162||0.09493899||0.02790535||68.33091577||211.75118314||174.51601077||279.06413926||852.3720338||86.94849824||26.3593||7.2696||0.82984841||0.30211857||0.82426734||0.12043943||0.98789207||0.00453791||0.9882||0.0079||0.4794474||0.60355234||0.48844633||0.22598468||61.17573258||14.25280601||0.6031||0.1454||53.50420002||20.5062691||52.67859839||9.72680423||52.67859839||9.72680423||59.2508||6.1632||0.25498157||0.38637506||0.25126671||0.15620072||0.25126671||0.15620072||0.0212||0.0198||768.3616||65.20621197||239.09506493||228.24925436||399.33537533||1132.631902||120.45000093||29.6595||9.4666||0.85578874||0.24922578||0.84493468||0.11103954||0.98951254||0.00506186||0.9898||0.0087||0.4890202||0.78114843||0.51351085||0.25365544||63.81965484||19.48611532||0.5845||0.1817||54.34851565||19.67600531||52.12699412||9.19331542||52.12699412||9.19331542||60.2268||7.7231||0.40964298||0.53145179||0.41458269||0.24210336||0.41458269||0.24210336||0.0211||0.0289||1034.4752,7b0ff222fae87eb6c58f51737d38be55c145fc59d9f26ce83870385c5c731662,116
EXCEL-ROW-0173,166,173,ce9b73461d03fa6cd6f7ad21474f024e58023975f6fdb7c92f66f6b2b2b1c4e6,517ef09119d91505308b4b445f157ece233f6990af64b0fca404cce15db64210,b47d13a16676b9ebcf2fba250a941603ecc19ab1bb078eab6968a462aa9828dc,621dd6d141b5aeaf2d0af3fb9e76ef7e31c25d457e52f451763c759713b23beb,nan||nan||nan||nan||nan||nan||nan||nan||nan||nan||nan||nan||nan||nan||nan||nan||nan||9.76759769||32.51873703||49.76362001||140.30683371||467.36734||120.44974684||9.0694||6.8863||3.01154445||0.97855369||0.02546588||0.97666451||0.01700544||0.97565618||0.01607928||0.9754||0.017||0.45377941||0.33938701||0.4821577||0.38348365||63.81965484||19.48611532||0.5959||0.3489||51.79301713||14.66075328||51.22114648||10.011594||51.22114648||10.011594||60.4667||10.2739||0.09236967||0.01969725||0.085747||0.01811273||0.085747||0.01811273||0.0628||0.022||565.5248||0.22900867||0.14224103||0.22876383||0.14244934||0.22578398||0.14003036||0.35214041||0.14594285||0.34966664||0.14472337||0.34969352||0.14484072||0.44121959||0.14565153||0.04890492||0.0292754||0.05065157||0.02835099||0.04880192||0.02814948||0.07612547||0.0286882||0.07574339||0.02839575||0.07485696||0.02862162||0.09493899||0.02790535||68.33091577||211.75118314||174.51601077||279.06413926||852.3720338||86.94849824||26.3593||7.2696||0.82984841||0.30211857||0.82426734||0.12043943||0.98789207||0.00453791||0.9882||0.0079||0.4794474||0.60355234||0.48844633||0.22598468||61.17573258||14.25280601||0.6031||0.1454||53.50420002||20.5062691||52.67859839||9.72680423||52.67859839||9.72680423||59.2508||6.1632||0.25498157||0.38637506||0.25126671||0.15620072||0.25126671||0.15620072||0.0212||0.0198||768.3616||65.20621197||239.09506493||228.24925436||399.33537533||1132.631902||120.45000093||29.6595||9.4666||0.85578874||0.24922578||0.84493468||0.11103954||0.98951254||0.00506186||0.9898||0.0087||0.4890202||0.78114843||0.51351085||0.25365544||63.81965484||19.48611532||0.5845||0.1817||54.34851565||19.67600531||52.12699412||9.19331542||52.12699412||9.19331542||60.2268||7.7231||0.40964298||0.53145179||0.41458269||0.24210336||0.41458269||0.24210336||0.0211||0.0289||1034.4752,7b0ff222fae87eb6c58f51737d38be55c145fc59d9f26ce83870385c5c731662,116
EXCEL-ROW-0174,167,174,6ba66a3b53dca8e836010f5ae8b108f59a493e7d045a8f9985a2ddd449aaf624,bd5679414f95bb4e1aad7f64556e3fec9fb6c9c10da0346028f012bf60d64a3e,b47d13a16676b9ebcf2fba250a941603ecc19ab1bb078eab6968a462aa9828dc,621dd6d141b5aeaf2d0af3fb9e76ef7e31c25d457e52f451763c759713b23beb,nan||nan||nan||nan||nan||nan||nan||nan||nan||nan||nan||nan||nan||nan||nan||nan||nan||10.18666442||59.57272769||149.20640222||394.60262055||510.950354||266.63577782||12.2804||14.3203||3.50434017||0.99302227||0.01043585||0.99224453||0.01314302||0.99096777||0.01305022||0.9915||0.0152||0.28784298||0.14807235||0.30651666||0.33291796||36.60782191||14.32350804||0.3431||0.372||61.24618184||8.81997244||61.55257206||8.79771086||61.55257206||8.79771086||72.4842||10.9029||0.06625368||0.00979934||0.05921702||0.01968835||0.05921702||0.01968835||0.0443||0.0265||1274.9456||0.24443103||0.14338686||0.24309642||0.14257034||0.28435776||0.15372573||0.37489139||0.1385097||0.40248299||0.1480559||0.4037335||0.14763645||0.4942048||0.14135434||0.04807631||0.02810638||0.05099426||0.02805885||0.05042116||0.02892157||0.07473771||0.03005475||0.07777551||0.02678497||0.07522237||0.02866437||0.09531136||0.02799124||144.23001066||323.13423787||445.9440661||272.2464133||846.87167449||165.54809444||29.1948||4.0858||0.77651185||0.35793649||0.8006685||0.21352513||0.99572639||0.00822468||0.9961||0.0099||0.51324666||1.88568874||0.31861675||0.29983683||33.50685678||9.93777873||0.3639||0.1141||62.90382894||24.76183848||62.84081636||11.38535305||62.84081636||11.38535305||70.1442||3.5061||0.30233226||0.42557142||0.27176891||0.24239183||0.27176891||0.24239183||0.0116||0.0139||216.6336||84.2975077||292.81959144||307.23357473||271.79830822||1061.305622||265.63970221||32.6609||6.0708||0.84431529||0.28274413||0.85131732||0.14944126||0.99525694||0.01040199||0.9959||0.0125||0.46438322||1.58411565||0.34518299||0.27299623||36.75255996||14.46391086||0.3736||0.1417||62.33952508||23.49240061||61.25283772||10.25191247||61.25283772||10.25191247||69.7495||4.5631||0.39011852||0.45617434||0.45609243||0.23777562||0.45609243||0.23777562||0.0149||0.0244||303.1376,2fd3c8ae8110e02a9bb222c3e4cdf3fd2542e38b58a0eaf65d9d2a2968efc84a,117
EXCEL-ROW-0175,168,175,6ba66a3b53dca8e836010f5ae8b108f59a493e7d045a8f9985a2ddd449aaf624,f310dec58bb6f1a2abc44e9fd31c7a9781e1ce672fc4ccf1f45d0fcf11b94bdc,b47d13a16676b9ebcf2fba250a941603ecc19ab1bb078eab6968a462aa9828dc,621dd6d141b5aeaf2d0af3fb9e76ef7e31c25d457e52f451763c759713b23beb,nan||nan||nan||nan||nan||nan||nan||nan||nan||nan||nan||nan||nan||nan||nan||nan||nan||10.18666442||59.57272769||149.20640222||394.60262055||510.950354||266.63577782||12.2804||14.3203||3.50434017||0.99302227||0.01043585||0.99224453||0.01314302||0.99096777||0.01305022||0.9915||0.0152||0.28784298||0.14807235||0.30651666||0.33291796||36.60782191||14.32350804||0.3431||0.372||61.24618184||8.81997244||61.55257206||8.79771086||61.55257206||8.79771086||72.4842||10.9029||0.06625368||0.00979934||0.05921702||0.01968835||0.05921702||0.01968835||0.0443||0.0265||1274.9456||0.24443103||0.14338686||0.24309642||0.14257034||0.28435776||0.15372573||0.37489139||0.1385097||0.40248299||0.1480559||0.4037335||0.14763645||0.4942048||0.14135434||0.04807631||0.02810638||0.05099426||0.02805885||0.05042116||0.02892157||0.07473771||0.03005475||0.07777551||0.02678497||0.07522237||0.02866437||0.09531136||0.02799124||144.23001066||323.13423787||445.9440661||272.2464133||846.87167449||165.54809444||29.1948||4.0858||0.77651185||0.35793649||0.8006685||0.21352513||0.99572639||0.00822468||0.9961||0.0099||0.51324666||1.88568874||0.31861675||0.29983683||33.50685678||9.93777873||0.3639||0.1141||62.90382894||24.76183848||62.84081636||11.38535305||62.84081636||11.38535305||70.1442||3.5061||0.30233226||0.42557142||0.27176891||0.24239183||0.27176891||0.24239183||0.0116||0.0139||216.6336||84.2975077||292.81959144||307.23357473||271.79830822||1061.305622||265.63970221||32.6609||6.0708||0.84431529||0.28274413||0.85131732||0.14944126||0.99525694||0.01040199||0.9959||0.0125||0.46438322||1.58411565||0.34518299||0.27299623||36.75255996||14.46391086||0.3736||0.1417||62.33952508||23.49240061||61.25283772||10.25191247||61.25283772||10.25191247||69.7495||4.5631||0.39011852||0.45617434||0.45609243||0.23777562||0.45609243||0.23777562||0.0149||0.0244||303.1376,2fd3c8ae8110e02a9bb222c3e4cdf3fd2542e38b58a0eaf65d9d2a2968efc84a,117
EXCEL-ROW-0176,169,176,81b80ed58b667a3eea1e2cbb3f488bd547140dbb0da8e8156c5150c4e3711605,2b807a77497a128f78639f2e42c1fa897855d0ac156e7fd5a828428dd1cc0a28,b47d13a16676b9ebcf2fba250a941603ecc19ab1bb078eab6968a462aa9828dc,621dd6d141b5aeaf2d0af3fb9e76ef7e31c25d457e52f451763c759713b23beb,nan||nan||nan||nan||nan||nan||nan||nan||nan||nan||nan||nan||nan||nan||nan||nan||nan||2.31279065||16.58709753||5.69966032||14.36935311||452.821282||126.91067405||5.4568||9.5778||2.33597945||0.98646865||0.01073048||0.98653877||0.00225351||0.98324992||0.01649922||0.9832||0.0221||0.27951931||0.13659227||0.27805287||0.02926098||52.23459613||11.62155869||0.3462||0.2871||61.84598381||8.96980847||62.02404009||1.75850571||62.02404009||1.75850571||71.8001||7.483||0.12581471||0.01775504||0.12579878||0.00147376||0.12579878||0.00147376||0.1007||0.0408||890.1616||0.2463718||0.14365733||0.24745274||0.14305802||0.26036698||0.14885985||0.37831277||0.14111838||0.38840431||0.14419005||0.38781261||0.14452714||0.48317876||0.13972635||0.04901155||0.02951393||0.05142578||0.03027696||0.05022769||0.02876458||0.07731108||0.02928322||0.07803599||0.02866901||0.07648489||0.02781164||0.0969764||0.02793402||107.55818729||283.45348942||279.39399086||202.45451065||863.49530642||73.4892342||28.9624||4.1153||0.69866742||0.41115225||0.60504521||0.19242464||0.993327||0.00491977||0.9935||0.0063||0.30465938||0.63496516||0.26340287||0.19443962||46.5775093||6.35325228||0.3463||0.0618||66.32837072||20.54731195||68.46731602||8.52775506||68.46731602||8.52775506||70.9577||2.2605||0.35211527||0.48795964||0.37020062||0.21977821||0.37020062||0.21977821||0.0125||0.0166||510.4912||60.59342317||248.12129089||137.61325131||90.11224651||1091.060326||128.1599755||32.3254||5.7999||0.77205285||0.34123437||0.69975049||0.13329168||0.99257064||0.01327478||0.9929||0.0136||0.35433039||0.9931224||0.32135388||0.20073208||52.66615176||11.73015269||0.3563||0.1562||63.05764473||19.43386419||63.9756728||6.66036089||63.9756728||6.66036089||70.641||3.3949||0.53226227||0.54201129||0.62994183||0.17705577||0.62994183||0.17705577||0.0164||0.0284||649.3696,1ae2ff571651034e783bcda6151ab771e5e0d7141ee4b421067632b71e43eb01,118
EXCEL-ROW-0177,170,177,ffcca6b53f3c14648bcfdffe1841c9be507d6010d1098f3a1f211e9c6a20c39a,e0bc1886ce441927c480ee10bf6e98eaf29331035c570d653a82c60a2c4b35fd,b47d13a16676b9ebcf2fba250a941603ecc19ab1bb078eab6968a462aa9828dc,621dd6d141b5aeaf2d0af3fb9e76ef7e31c25d457e52f451763c759713b23beb,nan||nan||nan||nan||nan||nan||nan||nan||nan||nan||nan||nan||nan||nan||nan||nan||nan||23.41054064||76.54725205||219.48997154||274.29335535||463.82681648||95.86045631||13.2834||10.1742||3.6446399||0.98019297||0.01136355||0.97540547||0.01155903||0.97540547||0.01155903||0.9738||0.0109||0.40339239||0.13775365||0.49963703||0.16965924||64.98264639||22.76697199||0.5298||0.1643||52.33943195||9.32477534||46.71341562||10.56803575||46.71341562||10.56803575||62.5696||7.6375||0.05761778||0.0203652||0.04034576||0.02265408||0.04034576||0.02265408||0.0351||0.0226||362.08||0.25112308||0.14452604||0.25064137||0.1444854||0.25098625||0.14477824||0.38363885||0.1430697||0.38373468||0.14282736||0.38406281||0.14283267||0.48162394||0.14014609||0.04889399||0.02773381||0.04889866||0.02765388||0.05147612||0.02770866||0.07687889||0.02013054||0.07850281||0.02026539||0.07845913||0.02053074||0.09808287||0.01062613||27.53494489||109.31803339||31.24885892||10.90819834||869.932165||73.05708465||18.0092||11.9163||0.97924129||0.04649412||0.98112711||0.01077844||0.98866524||0.00680461||0.9892||0.0079||0.27538824||0.09231891||0.25240859||0.08808985||57.33001731||19.84330549||0.2495||0.1004||61.76137296||8.31612549||63.81087798||8.15896648||63.81087798||8.15896648||76.1166||5.3692||0.064553||0.13858832||0.06417226||0.02749333||0.06417226||0.02749333||0.0231||0.0212||938.8592||26.18471804||121.5425987||30.35361107||12.04480039||1104.30207241||98.73280236||20.195||13.7382||0.98307961||0.00528941||0.98374746||0.00564756||0.98855183||0.00693648||0.9891||0.0075||0.2762777||0.09158134||0.25329809||0.08908524||64.66441838||22.51389596||0.2496||0.1014||61.67557502||8.26481097||63.7294131||8.24944352||63.7294131||8.24944352||76.1133||5.4161||0.05560428||0.02380619||0.05834138||0.01578047||0.05834138||0.01578047||0.0226||0.0209||1210.88,59c7c2d0a659ff0531ce7f0a471cb0d839bb42c4f51ff70e901a8c3b4344b1b9,119
EXCEL-ROW-0178,171,178,ffcca6b53f3c14648bcfdffe1841c9be507d6010d1098f3a1f211e9c6a20c39a,909aa925447eeb80abf4ebd4156998d88c41a80412669e5ff658500e00561e70,b47d13a16676b9ebcf2fba250a941603ecc19ab1bb078eab6968a462aa9828dc,621dd6d141b5aeaf2d0af3fb9e76ef7e31c25d457e52f451763c759713b23beb,nan||nan||nan||nan||nan||nan||nan||nan||nan||nan||nan||nan||nan||nan||nan||nan||nan||23.41054064||76.54725205||219.48997154||274.29335535||463.82681648||95.86045631||13.2834||10.1742||3.6446399||0.98019297||0.01136355||0.97540547||0.01155903||0.97540547||0.01155903||0.9738||0.0109||0.40339239||0.13775365||0.49963703||0.16965924||64.98264639||22.76697199||0.5298||0.1643||52.33943195||9.32477534||46.71341562||10.56803575||46.71341562||10.56803575||62.5696||7.6375||0.05761778||0.0203652||0.04034576||0.02265408||0.04034576||0.02265408||0.0351||0.0226||362.08||0.25112308||0.14452604||0.25064137||0.1444854||0.25098625||0.14477824||0.38363885||0.1430697||0.38373468||0.14282736||0.38406281||0.14283267||0.48162394||0.14014609||0.04889399||0.02773381||0.04889866||0.02765388||0.05147612||0.02770866||0.07687889||0.02013054||0.07850281||0.02026539||0.07845913||0.02053074||0.09808287||0.01062613||27.53494489||109.31803339||31.24885892||10.90819834||869.932165||73.05708465||18.0092||11.9163||0.97924129||0.04649412||0.98112711||0.01077844||0.98866524||0.00680461||0.9892||0.0079||0.27538824||0.09231891||0.25240859||0.08808985||57.33001731||19.84330549||0.2495||0.1004||61.76137296||8.31612549||63.81087798||8.15896648||63.81087798||8.15896648||76.1166||5.3692||0.064553||0.13858832||0.06417226||0.02749333||0.06417226||0.02749333||0.0231||0.0212||938.8592||26.18471804||121.5425987||30.35361107||12.04480039||1104.30207241||98.73280236||20.195||13.7382||0.98307961||0.00528941||0.98374746||0.00564756||0.98855183||0.00693648||0.9891||0.0075||0.2762777||0.09158134||0.25329809||0.08908524||64.66441838||22.51389596||0.2496||0.1014||61.67557502||8.26481097||63.7294131||8.24944352||63.7294131||8.24944352||76.1133||5.4161||0.05560428||0.02380619||0.05834138||0.01578047||0.05834138||0.01578047||0.0226||0.0209||1210.88,59c7c2d0a659ff0531ce7f0a471cb0d839bb42c4f51ff70e901a8c3b4344b1b9,119
EXCEL-ROW-0179,172,179,a0b4cfb39dbe0b552d12ede980cd01633345326b5a370f0c0e589e8a63f9a577,002c5622049b29dc9e8dfe13312b03a3cfbe0aeb26cc061efc6724bb754563e6,b47d13a16676b9ebcf2fba250a941603ecc19ab1bb078eab6968a462aa9828dc,621dd6d141b5aeaf2d0af3fb9e76ef7e31c25d457e52f451763c759713b23beb,nan||nan||nan||nan||nan||nan||nan||nan||nan||nan||nan||nan||nan||nan||nan||nan||nan||17.42727953||90.1433266||246.03759617||404.68115986||470.51479051||326.66953118||17.5481||13.4847||4.18904524||0.98033309||0.00550595||0.98372158||0.00796691||0.98372158||0.00796687||0.9877||0.0079||0.2858688||0.07128283||0.26483176||0.08409978||31.96401295||11.47464864||0.2558||0.0917||60.60859596||6.58554787||62.59650852||7.80971561||62.59650852||7.80971561||75.7561||4.9527||0.07089884||0.03378364||0.05456177||0.03582985||0.05456177||0.03582985||0.028||0.0266||995.84||0.25675383||0.14673361||0.25765325||0.1464662||0.25789394||0.14704322||0.39227831||0.1463166||0.39308928||0.14645599||0.39250464||0.14671189||0.49276722||0.14353495||0.06378885||0.027762||0.06338043||0.02761775||0.06468163||0.02781766||0.09650691||0.01749234||0.09705318||0.01783357||0.0974499||0.0173436||0.12023315||0.01100418||135.12421293||318.27932794||759.09756183||454.52264502||888.4417||255.61709032||28.1197||9.875||0.97419692||0.09783103||0.98933622||0.017114||0.9942433||0.00420373||0.9949||0.0044||0.22508311||0.1634896||0.25786376||0.0802246||28.26042034||10.21800724||0.2559||0.0786||66.99142413||9.03495199||63.3688366||7.5039149||63.3688366||7.5039149||75.7195||4.2661||0.11807865||0.3862579||0.03589934||0.0727214||0.03589934||0.0727214||0.0095||0.0142||478.1248||155.36864641||386.93491855||954.39130287||576.12046292||1114.3481568||331.26126341||31.5797||11.2144||0.99266632||0.00488973||0.99402036||0.00439271||0.99402036||0.00439271||0.9948||0.0041||0.20813906||0.08140424||0.25556831||0.0809334||32.15549849||11.61137014||0.2569||0.0792||67.85821201||7.59194897||63.39121894||7.60287912||63.39121894||7.60287912||75.6702||4.2988||0.0272921||0.0073525||0.01218007||0.01027643||0.01218007||0.01027643||0.0096||0.0085||583.2,1f08ddf38e3ef5fa77dd2c61721a78c973204ee4ab1a79cce8545f27cfb5480e,120
EXCEL-ROW-0180,173,180,a0b4cfb39dbe0b552d12ede980cd01633345326b5a370f0c0e589e8a63f9a577,d5eb75d8eaf8174af1497f1654bfac363c9229908d9467a03fcd522dc5454b5c,b47d13a16676b9ebcf2fba250a941603ecc19ab1bb078eab6968a462aa9828dc,621dd6d141b5aeaf2d0af3fb9e76ef7e31c25d457e52f451763c759713b23beb,nan||nan||nan||nan||nan||nan||nan||nan||nan||nan||nan||nan||nan||nan||nan||nan||nan||17.42727953||90.1433266||246.03759617||404.68115986||470.51479051||326.66953118||17.5481||13.4847||4.18904524||0.98033309||0.00550595||0.98372158||0.00796691||0.98372158||0.00796687||0.9877||0.0079||0.2858688||0.07128283||0.26483176||0.08409978||31.96401295||11.47464864||0.2558||0.0917||60.60859596||6.58554787||62.59650852||7.80971561||62.59650852||7.80971561||75.7561||4.9527||0.07089884||0.03378364||0.05456177||0.03582985||0.05456177||0.03582985||0.028||0.0266||995.84||0.25675383||0.14673361||0.25765325||0.1464662||0.25789394||0.14704322||0.39227831||0.1463166||0.39308928||0.14645599||0.39250464||0.14671189||0.49276722||0.14353495||0.06378885||0.027762||0.06338043||0.02761775||0.06468163||0.02781766||0.09650691||0.01749234||0.09705318||0.01783357||0.0974499||0.0173436||0.12023315||0.01100418||135.12421293||318.27932794||759.09756183||454.52264502||888.4417||255.61709032||28.1197||9.875||0.97419692||0.09783103||0.98933622||0.017114||0.9942433||0.00420373||0.9949||0.0044||0.22508311||0.1634896||0.25786376||0.0802246||28.26042034||10.21800724||0.2559||0.0786||66.99142413||9.03495199||63.3688366||7.5039149||63.3688366||7.5039149||75.7195||4.2661||0.11807865||0.3862579||0.03589934||0.0727214||0.03589934||0.0727214||0.0095||0.0142||478.1248||155.36864641||386.93491855||954.39130287||576.12046292||1114.3481568||331.26126341||31.5797||11.2144||0.99266632||0.00488973||0.99402036||0.00439271||0.99402036||0.00439271||0.9948||0.0041||0.20813906||0.08140424||0.25556831||0.0809334||32.15549849||11.61137014||0.2569||0.0792||67.85821201||7.59194897||63.39121894||7.60287912||63.39121894||7.60287912||75.6702||4.2988||0.0272921||0.0073525||0.01218007||0.01027643||0.01218007||0.01027643||0.0096||0.0085||583.2,1f08ddf38e3ef5fa77dd2c61721a78c973204ee4ab1a79cce8545f27cfb5480e,120
EXCEL-ROW-0181,174,181,8f76537f1092d55553edabb929b28975447d15da16d401fa64373e96039828bb,da24fe426851b94fc53f93959e475aff471b13553acb1e345e071bd431303ee4,b47d13a16676b9ebcf2fba250a941603ecc19ab1bb078eab6968a462aa9828dc,621dd6d141b5aeaf2d0af3fb9e76ef7e31c25d457e52f451763c759713b23beb,nan||nan||nan||nan||nan||nan||nan||nan||nan||nan||nan||nan||nan||nan||nan||nan||nan||24.88981164||106.88959495||247.62014538||402.28570265||469.36405094||326.44065701||17.7715||13.2503||4.21562569||0.98039004||0.00557294||0.98372158||0.00796679||0.98372158||0.00796679||0.9877||0.0079||0.2855162||0.07156549||0.2648327||0.08409809||31.9640463||11.47455575||0.2558||0.0917||60.64189612||6.61260456||62.59640299||7.80952257||62.59640299||7.80952257||75.756||4.9527||0.05030342||0.01903937||0.03986285||0.02438848||0.03986285||0.02438848||0.0241||0.0183||73.92||0.24749789||0.1446864||0.24756847||0.14461018||0.24661265||0.14475059||0.38055587||0.13988866||0.37981776||0.14039676||0.3798028||0.14039132||0.47724855||0.13563171||0.03547236||0.02634871||0.03543777||0.02656303||0.03480986||0.02644707||0.05751214||0.0246237||0.05716227||0.02459835||0.05714065||0.02446761||0.07442105||0.01693089||124.88882818||305.78871155||734.17807167||450.48034617||864.07458||262.73627429||27.9235||9.7832||0.94361189||0.21494836||0.95087335||0.18752652||0.99386314||0.00436928||0.9946||0.0041||0.19713716||0.089834||0.2414297||0.09083481||28.79355202||10.09346155||0.257||0.0791||69.00464557||8.71307165||64.82138775||8.8012998||64.82138775||8.8012998||75.6609||4.2932||0.0384794||0.08351189||0.01865225||0.03626564||0.01865225||0.03626564||0.0108||0.0108||1190.0912||112.02705236||335.97898885||954.22984136||578.80017222||1115.51531785||331.03476781||31.4959||11.4162||0.99260267||0.00490267||0.99402036||0.0043927||0.99402036||0.0043927||0.9948||0.0041||0.20590952||0.0807435||0.25556866||0.08093247||32.1555151||11.61132414||0.2569||0.0792||68.06819448||7.526466||63.39117622||7.60279702||63.39117622||7.60279702||75.6702||4.2988||0.03996657||0.01609734||0.01459115||0.01635901||0.01459115||0.01635901||0.0099||0.0124||1518.24,11255f5d28e5062670f0bb63d6104ef10609d8b1d71d3015d5720c6b54e78190,121
EXCEL-ROW-0182,175,182,cb93c8e6e75dacddd909aa36fd78d81175f01e5e0e6d38bb13e14768a78b2363,f135220681fe01579252bcb7d218d362e36303f81edab23fd2fbf5a101db06fb,b47d13a16676b9ebcf2fba250a941603ecc19ab1bb078eab6968a462aa9828dc,621dd6d141b5aeaf2d0af3fb9e76ef7e31c25d457e52f451763c759713b23beb,nan||nan||nan||nan||nan||nan||nan||nan||nan||nan||nan||nan||nan||nan||nan||nan||nan||49.00449207||105.78455933||240.29433586||245.47139128||455.84578077||63.63657809||14.7393||8.3965||3.8391796||0.95617514||0.06562488||0.96192053||0.01260675||0.9655793||0.00677948||0.9659||0.0071||0.52754613||0.12541845||0.57117446||0.10279303||77.57015204||6.68444868||0.5804||0.0989||44.13080772||5.95704329||41.81201032||4.69541459||41.81201032||4.69541459||60.0471||4.0387||0.12265124||0.11650804||0.07667379||0.05111054||0.07667379||0.05111054||0.0636||0.0385||383.36||0.24973811||0.14438965||0.2494517||0.14446991||0.24931332||0.1438778||0.38203715||0.14269833||0.38165682||0.14245606||0.38184325||0.14237689||0.47936431||0.13922289||0.04994866||0.0286155||0.04973399||0.02890617||0.05020274||0.02890122||0.07629677||0.02831174||0.07631928||0.02898273||0.07688475||0.02753262||0.09613312||0.02714352||29.72773662||32.82146299||49.44920073||29.35157567||866.5635225||49.86188612||7.7119||2.8554||0.95132045||0.16165288||0.94544999||0.06062689||0.98591678||0.00332244||0.986||0.0051||0.58226207||0.26807534||0.55245678||0.10063009||68.46258448||6.11529137||0.5772||0.1074||41.98534072||9.23966472||43.71393838||4.47938907||43.71393838||4.47938907||60.2166||4.3327||0.08728522||0.19641323||0.08955325||0.0601032||0.08955325||0.0601032||0.0398||0.0148||928.7408||29.88101521||36.53438419||53.36173058||36.98521681||1101.60596654||63.18451744||8.1761||3.1107||0.9802925||0.03362362||0.98159724||0.00479995||0.98591564||0.00330348||0.986||0.0038||0.5688501||0.10642798||0.54709862||0.09666403||77.20774821||6.85284443||0.5768||0.1061||41.87519353||5.51779315||43.10679099||4.57067893||43.10679099||4.57067893||60.2309||4.3026||0.07074819||0.08521389||0.07359008||0.03198749||0.07359008||0.03198749||0.0399||0.014||1178.24,b6452bab6ebf1ff1f28d1c12fb72bec587f5dd43de6d156a58451c36f148256d,122
EXCEL-ROW-0183,176,183,cb93c8e6e75dacddd909aa36fd78d81175f01e5e0e6d38bb13e14768a78b2363,ba15a3baf0a6f347889030a50a6fd9cfe32e8d9753a5d152f08804819a809625,b47d13a16676b9ebcf2fba250a941603ecc19ab1bb078eab6968a462aa9828dc,621dd6d141b5aeaf2d0af3fb9e76ef7e31c25d457e52f451763c759713b23beb,nan||nan||nan||nan||nan||nan||nan||nan||nan||nan||nan||nan||nan||nan||nan||nan||nan||49.00449207||105.78455933||240.29433586||245.47139128||455.84578077||63.63657809||14.7393||8.3965||3.8391796||0.95617514||0.06562488||0.96192053||0.01260675||0.9655793||0.00677948||0.9659||0.0071||0.52754613||0.12541845||0.57117446||0.10279303||77.57015204||6.68444868||0.5804||0.0989||44.13080772||5.95704329||41.81201032||4.69541459||41.81201032||4.69541459||60.0471||4.0387||0.12265124||0.11650804||0.07667379||0.05111054||0.07667379||0.05111054||0.0636||0.0385||383.36||0.24973811||0.14438965||0.2494517||0.14446991||0.24931332||0.1438778||0.38203715||0.14269833||0.38165682||0.14245606||0.38184325||0.14237689||0.47936431||0.13922289||0.04994866||0.0286155||0.04973399||0.02890617||0.05020274||0.02890122||0.07629677||0.02831174||0.07631928||0.02898273||0.07688475||0.02753262||0.09613312||0.02714352||29.72773662||32.82146299||49.44920073||29.35157567||866.5635225||49.86188612||7.7119||2.8554||0.95132045||0.16165288||0.94544999||0.06062689||0.98591678||0.00332244||0.986||0.0051||0.58226207||0.26807534||0.55245678||0.10063009||68.46258448||6.11529137||0.5772||0.1074||41.98534072||9.23966472||43.71393838||4.47938907||43.71393838||4.47938907||60.2166||4.3327||0.08728522||0.19641323||0.08955325||0.0601032||0.08955325||0.0601032||0.0398||0.0148||928.7408||29.88101521||36.53438419||53.36173058||36.98521681||1101.60596654||63.18451744||8.1761||3.1107||0.9802925||0.03362362||0.98159724||0.00479995||0.98591564||0.00330348||0.986||0.0038||0.5688501||0.10642798||0.54709862||0.09666403||77.20774821||6.85284443||0.5768||0.1061||41.87519353||5.51779315||43.10679099||4.57067893||43.10679099||4.57067893||60.2309||4.3026||0.07074819||0.08521389||0.07359008||0.03198749||0.07359008||0.03198749||0.0399||0.014||1178.24,b6452bab6ebf1ff1f28d1c12fb72bec587f5dd43de6d156a58451c36f148256d,122
EXCEL-ROW-0184,177,184,624e3f1c74269bc002a730d2adf61c483acd454addb914df3370bf41a5a0343f,0a6ef8839e277d84c036db0f1c8a183186a4499710f7ca38ed6e5b3274a2704c,b47d13a16676b9ebcf2fba250a941603ecc19ab1bb078eab6968a462aa9828dc,621dd6d141b5aeaf2d0af3fb9e76ef7e31c25d457e52f451763c759713b23beb,nan||nan||nan||nan||nan||nan||nan||nan||nan||nan||nan||nan||nan||nan||nan||nan||nan||21.27025287||26.16041617||38.22879912||31.86780745||470.41514307||30.68901402||6.8033||2.9883||2.60831363||0.97962458||0.03107956||0.97972084||0.0051743||0.98421773||0.00324396||0.9842||0.004||0.54187024||0.10093492||0.54419753||0.08967756||53.57306343||4.87320562||0.5793||0.0984||43.21951605||5.38267151||43.23677433||4.16716956||43.23677433||4.16716956||60.0919||3.8933||0.07694678||0.09166977||0.08380349||0.04300263||0.08380349||0.04300263||0.0446||0.0161||514.24||0.25097412||0.14489759||0.25166829||0.14540922||0.25204898||0.14556894||0.38452597||0.14354048||0.38554108||0.14338008||0.38495523||0.14321939||0.48331502||0.13996313||0.04877174||0.02908239||0.04955703||0.02891646||0.04989576||0.02868315||0.07530816||0.02907249||0.07609199||0.02853734||0.07571001||0.0283685||0.09503322||0.02824049||245.32676626||294.52081247||520.05350883||363.17330139||872.4433125||25.94593698||23.437||8.184||0.91970884||0.24115951||0.94457989||0.12903385||0.99319362||0.00152098||0.9932||0.0022||0.52843261||0.17142363||0.54556113||0.11830159||47.79986285||4.13494298||0.5699||0.085||45.03000694||12.38584273||43.79926321||7.65416004||43.79926321||7.65416004||60.4538||3.4855||0.10014871||0.28142143||0.07116729||0.14815525||0.07116729||0.14815525||0.0143||0.0097||836.8832||266.27534916||359.19885434||672.10394304||476.29403846||1108.98197853||31.75305676||26.1142||9.5577||0.97777344||0.06999825||0.97351777||0.06672539||0.99319171||0.00150897||0.9932||0.0019||0.5600714||0.10358665||0.55813975||0.08670014||53.91562282||4.65064435||0.5693||0.0854||42.32829748||6.13088219||42.50274334||4.68225322||42.50274334||4.68225322||60.4829||3.5074||0.06877193||0.14712977||0.06319472||0.12613699||0.06319472||0.12613699||0.0141||0.0087||1065.424,c38d45437f6e8d6071156ffddb27d23ef53efffda31a5ecc775e8a1b31cdd2a8,123
EXCEL-ROW-0185,178,185,624e3f1c74269bc002a730d2adf61c483acd454addb914df3370bf41a5a0343f,030941c253503cef3da6998463cfd7404307a8c7387e1db80c2ae979011e3b9b,b47d13a16676b9ebcf2fba250a941603ecc19ab1bb078eab6968a462aa9828dc,621dd6d141b5aeaf2d0af3fb9e76ef7e31c25d457e52f451763c759713b23beb,nan||nan||nan||nan||nan||nan||nan||nan||nan||nan||nan||nan||nan||nan||nan||nan||nan||21.27025287||26.16041617||38.22879912||31.86780745||470.41514307||30.68901402||6.8033||2.9883||2.60831363||0.97962458||0.03107956||0.97972084||0.0051743||0.98421773||0.00324396||0.9842||0.004||0.54187024||0.10093492||0.54419753||0.08967756||53.57306343||4.87320562||0.5793||0.0984||43.21951605||5.38267151||43.23677433||4.16716956||43.23677433||4.16716956||60.0919||3.8933||0.07694678||0.09166977||0.08380349||0.04300263||0.08380349||0.04300263||0.0446||0.0161||514.24||0.25097412||0.14489759||0.25166829||0.14540922||0.25204898||0.14556894||0.38452597||0.14354048||0.38554108||0.14338008||0.38495523||0.14321939||0.48331502||0.13996313||0.04877174||0.02908239||0.04955703||0.02891646||0.04989576||0.02868315||0.07530816||0.02907249||0.07609199||0.02853734||0.07571001||0.0283685||0.09503322||0.02824049||245.32676626||294.52081247||520.05350883||363.17330139||872.4433125||25.94593698||23.437||8.184||0.91970884||0.24115951||0.94457989||0.12903385||0.99319362||0.00152098||0.9932||0.0022||0.52843261||0.17142363||0.54556113||0.11830159||47.79986285||4.13494298||0.5699||0.085||45.03000694||12.38584273||43.79926321||7.65416004||43.79926321||7.65416004||60.4538||3.4855||0.10014871||0.28142143||0.07116729||0.14815525||0.07116729||0.14815525||0.0143||0.0097||836.8832||266.27534916||359.19885434||672.10394304||476.29403846||1108.98197853||31.75305676||26.1142||9.5577||0.97777344||0.06999825||0.97351777||0.06672539||0.99319171||0.00150897||0.9932||0.0019||0.5600714||0.10358665||0.55813975||0.08670014||53.91562282||4.65064435||0.5693||0.0854||42.32829748||6.13088219||42.50274334||4.68225322||42.50274334||4.68225322||60.4829||3.5074||0.06877193||0.14712977||0.06319472||0.12613699||0.06319472||0.12613699||0.0141||0.0087||1065.424,c38d45437f6e8d6071156ffddb27d23ef53efffda31a5ecc775e8a1b31cdd2a8,123
EXCEL-ROW-0186,179,186,624e3f1c74269bc002a730d2adf61c483acd454addb914df3370bf41a5a0343f,3447d2ac57cbc489b9c5a3b375a88f238999e7595fa1b99fb7225ac92a5ce747,b47d13a16676b9ebcf2fba250a941603ecc19ab1bb078eab6968a462aa9828dc,621dd6d141b5aeaf2d0af3fb9e76ef7e31c25d457e52f451763c759713b23beb,nan||nan||nan||nan||nan||nan||nan||nan||nan||nan||nan||nan||nan||nan||nan||nan||nan||21.27025287||26.16041617||38.22879912||31.86780745||470.41514307||30.68901402||6.8033||2.9883||2.60831363||0.97962458||0.03107956||0.97972084||0.0051743||0.98421773||0.00324396||0.9842||0.004||0.54187024||0.10093492||0.54419753||0.08967756||53.57306343||4.87320562||0.5793||0.0984||43.21951605||5.38267151||43.23677433||4.16716956||43.23677433||4.16716956||60.0919||3.8933||0.07694678||0.09166977||0.08380349||0.04300263||0.08380349||0.04300263||0.0446||0.0161||514.24||0.25097412||0.14489759||0.25166829||0.14540922||0.25204898||0.14556894||0.38452597||0.14354048||0.38554108||0.14338008||0.38495523||0.14321939||0.48331502||0.13996313||0.04877174||0.02908239||0.04955703||0.02891646||0.04989576||0.02868315||0.07530816||0.02907249||0.07609199||0.02853734||0.07571001||0.0283685||0.09503322||0.02824049||245.32676626||294.52081247||520.05350883||363.17330139||872.4433125||25.94593698||23.437||8.184||0.91970884||0.24115951||0.94457989||0.12903385||0.99319362||0.00152098||0.9932||0.0022||0.52843261||0.17142363||0.54556113||0.11830159||47.79986285||4.13494298||0.5699||0.085||45.03000694||12.38584273||43.79926321||7.65416004||43.79926321||7.65416004||60.4538||3.4855||0.10014871||0.28142143||0.07116729||0.14815525||0.07116729||0.14815525||0.0143||0.0097||836.8832||266.27534916||359.19885434||672.10394304||476.29403846||1108.98197853||31.75305676||26.1142||9.5577||0.97777344||0.06999825||0.97351777||0.06672539||0.99319171||0.00150897||0.9932||0.0019||0.5600714||0.10358665||0.55813975||0.08670014||53.91562282||4.65064435||0.5693||0.0854||42.32829748||6.13088219||42.50274334||4.68225322||42.50274334||4.68225322||60.4829||3.5074||0.06877193||0.14712977||0.06319472||0.12613699||0.06319472||0.12613699||0.0141||0.0087||1065.424,c38d45437f6e8d6071156ffddb27d23ef53efffda31a5ecc775e8a1b31cdd2a8,123
EXCEL-ROW-0187,180,187,624e3f1c74269bc002a730d2adf61c483acd454addb914df3370bf41a5a0343f,a3b2f7fcac8893e73e5c9c5011e951c1feb787f7993b1cac68d5663645658c5d,b47d13a16676b9ebcf2fba250a941603ecc19ab1bb078eab6968a462aa9828dc,621dd6d141b5aeaf2d0af3fb9e76ef7e31c25d457e52f451763c759713b23beb,nan||nan||nan||nan||nan||nan||nan||nan||nan||nan||nan||nan||nan||nan||nan||nan||nan||21.27025287||26.16041617||38.22879912||31.86780745||470.41514307||30.68901402||6.8033||2.9883||2.60831363||0.97962458||0.03107956||0.97972084||0.0051743||0.98421773||0.00324396||0.9842||0.004||0.54187024||0.10093492||0.54419753||0.08967756||53.57306343||4.87320562||0.5793||0.0984||43.21951605||5.38267151||43.23677433||4.16716956||43.23677433||4.16716956||60.0919||3.8933||0.07694678||0.09166977||0.08380349||0.04300263||0.08380349||0.04300263||0.0446||0.0161||514.24||0.25097412||0.14489759||0.25166829||0.14540922||0.25204898||0.14556894||0.38452597||0.14354048||0.38554108||0.14338008||0.38495523||0.14321939||0.48331502||0.13996313||0.04877174||0.02908239||0.04955703||0.02891646||0.04989576||0.02868315||0.07530816||0.02907249||0.07609199||0.02853734||0.07571001||0.0283685||0.09503322||0.02824049||245.32676626||294.52081247||520.05350883||363.17330139||872.4433125||25.94593698||23.437||8.184||0.91970884||0.24115951||0.94457989||0.12903385||0.99319362||0.00152098||0.9932||0.0022||0.52843261||0.17142363||0.54556113||0.11830159||47.79986285||4.13494298||0.5699||0.085||45.03000694||12.38584273||43.79926321||7.65416004||43.79926321||7.65416004||60.4538||3.4855||0.10014871||0.28142143||0.07116729||0.14815525||0.07116729||0.14815525||0.0143||0.0097||836.8832||266.27534916||359.19885434||672.10394304||476.29403846||1108.98197853||31.75305676||26.1142||9.5577||0.97777344||0.06999825||0.97351777||0.06672539||0.99319171||0.00150897||0.9932||0.0019||0.5600714||0.10358665||0.55813975||0.08670014||53.91562282||4.65064435||0.5693||0.0854||42.32829748||6.13088219||42.50274334||4.68225322||42.50274334||4.68225322||60.4829||3.5074||0.06877193||0.14712977||0.06319472||0.12613699||0.06319472||0.12613699||0.0141||0.0087||1065.424,c38d45437f6e8d6071156ffddb27d23ef53efffda31a5ecc775e8a1b31cdd2a8,123
EXCEL-ROW-0188,181,188,3f174c0a2a53873ba6a935691d3361fd3d10b4570fe2cead7b49db94365ada80,6cca6de1bbeb1204e923137f206b3c042a80870a024cb49435278ca47ce6426d,b47d13a16676b9ebcf2fba250a941603ecc19ab1bb078eab6968a462aa9828dc,621dd6d141b5aeaf2d0af3fb9e76ef7e31c25d457e52f451763c759713b23beb,nan||nan||nan||nan||nan||nan||nan||nan||nan||nan||nan||nan||nan||nan||nan||nan||nan||32.23152774||84.49969733||199.88316975||260.73949245||451.92545318||91.95337809||13.3117||9.4115||3.64852025||0.95053059||0.05115039||0.95332412||0.01330396||0.95718234||0.01018322||0.9575||0.0109||0.49078887||0.11191661||0.57554414||0.1622211||85.30990293||10.58861238||0.6003||0.1613||46.18878618||5.94220608||42.21342365||7.39285323||42.21342365||7.39285323||59.4952||6.501||0.13892028||0.09767238||0.09842433||0.06171711||0.09842433||0.06171711||0.083||0.0545||368.0||0.25063305||0.14457943||0.25062234||0.14467441||0.25062804||0.1446931||0.38351062||0.14276549||0.38356897||0.14271506||0.38349801||0.14282829||0.48146059||0.13931471||0.05016741||0.02829048||0.05005346||0.02802276||0.05042869||0.02808461||0.07633804||0.02793292||0.07655279||0.02760603||0.07665387||0.02780471||0.09590115||0.02724906||20.67764872||25.46392025||42.15361456||24.67590192||861.48254||74.86028069||6.8588||2.4768||0.94885593||0.15069||0.94650119||0.06996128||0.98234013||0.00616253||0.9827||0.0072||0.63784045||0.18898311||0.55014627||0.15684018||75.12017722||9.38135358||0.5772||0.1807||39.79800107||11.18280072||44.37995285||7.5038896||44.37995285||7.5038896||60.5892||7.0661||0.11055018||0.24284097||0.11339615||0.10069489||0.11339615||0.10069489||0.0485||0.0162||944.88||20.60679709||27.59318944||40.59300088||22.69715487||1095.68475406||94.72881797||7.1046||2.8951||0.97666608||0.02997657||0.9783545||0.0121372||0.98235871||0.0061228||0.9827||0.0068||0.66854524||0.15122787||0.58377351||0.17609982||84.70309259||10.51018701||0.5767||0.18||37.71520497||6.69335542||42.04454682||7.60185583||42.04454682||7.60185583||60.6056||7.0373||0.06817736||0.06230617||0.06391157||0.01482989||0.06391157||0.01482989||0.0486||0.013||1200.0,9dae2be80fe7796d7e9c2fe68617a107f023fdfb820f766d75cde0030ebb2f07,124
EXCEL-ROW-0189,182,189,88260e12eadc02c42506b81beb883a126a53d30a2eeb0f5d4d8aa0881ad15158,b04b5393516e9cf284971835601d5a6b8920d82327a8e7bac035c59bae69ecca,b47d13a16676b9ebcf2fba250a941603ecc19ab1bb078eab6968a462aa9828dc,621dd6d141b5aeaf2d0af3fb9e76ef7e31c25d457e52f451763c759713b23beb,nan||nan||nan||nan||nan||nan||nan||nan||nan||nan||nan||nan||nan||nan||nan||nan||nan||14.79528901||21.23031024||31.4142872||21.24705807||466.48567291||50.83743326||6.1852||2.8486||2.48700623||0.9761321||0.02874713||0.97796141||0.00684148||0.98029741||0.00607982||0.9805||0.007||0.61476824||0.11817797||0.58223019||0.13743391||58.44996458||6.83658826||0.5771||0.1423||39.70373285||5.18910515||41.61785978||6.12184657||41.61785978||6.12184657||60.3773||5.7452||0.07662572||0.063627||0.06935914||0.0130738||0.06935914||0.0130738||0.0544||0.0162||536.0||0.25160616||0.14541726||0.25142316||0.14557401||0.25141076||0.14521998||0.38493289||0.14381901||0.38491765||0.14331788||0.38495838||0.1433705||0.48328804||0.13995041||0.0488867||0.02865635||0.04911544||0.02898666||0.04895638||0.02906253||0.07513353||0.02861124||0.07525002||0.02883308||0.07492236||0.02896713||0.09435948||0.02830719||176.64366582||231.18626985||442.80951877||394.56155549||872.1781||40.19790317||20.168||9.5784||0.94219351||0.21192168||0.92308744||0.17981215||0.99162406||0.00255761||0.9916||0.0029||0.5035944||0.15982821||0.52885824||0.15358762||52.39459918||6.3333612||0.5716||0.1191||46.25889946||11.29511828||45.34698444||10.10837668||45.34698444||10.10837668||60.5064||4.9716||0.04887636||0.1434725||0.03428381||0.0526435||0.03428381||0.0526435||0.0183||0.0122||823.9488||167.93135346||268.5041263||551.290906||525.95188973||1108.22114157||50.71708057||22.2193||11.3312||0.98306951||0.05782778||0.98175886||0.05581138||0.99162185||0.00253655||0.9916||0.0027||0.52480851||0.12602809||0.56409717||0.11882559||59.08930804||7.08865626||0.5714||0.119||44.41971943||6.58671551||42.39844131||6.03957141||42.39844131||6.03957141||60.5163||4.969||0.05018453||0.10929323||0.03237298||0.02994258||0.03237298||0.02994258||0.0181||0.0105||1048.0,87e52370d1570be31fe2fe43d5fda77d204ca467b5886bee7146f03ad7b6358d,125
EXCEL-ROW-0190,183,190,88260e12eadc02c42506b81beb883a126a53d30a2eeb0f5d4d8aa0881ad15158,7961379192f1fdd36b11a10d032afdf6d3e8d7e531ea2ca8719252b2f36d0265,b47d13a16676b9ebcf2fba250a941603ecc19ab1bb078eab6968a462aa9828dc,621dd6d141b5aeaf2d0af3fb9e76ef7e31c25d457e52f451763c759713b23beb,nan||nan||nan||nan||nan||nan||nan||nan||nan||nan||nan||nan||nan||nan||nan||nan||nan||14.79528901||21.23031024||31.4142872||21.24705807||466.48567291||50.83743326||6.1852||2.8486||2.48700623||0.9761321||0.02874713||0.97796141||0.00684148||0.98029741||0.00607982||0.9805||0.007||0.61476824||0.11817797||0.58223019||0.13743391||58.44996458||6.83658826||0.5771||0.1423||39.70373285||5.18910515||41.61785978||6.12184657||41.61785978||6.12184657||60.3773||5.7452||0.07662572||0.063627||0.06935914||0.0130738||0.06935914||0.0130738||0.0544||0.0162||536.0||0.25160616||0.14541726||0.25142316||0.14557401||0.25141076||0.14521998||0.38493289||0.14381901||0.38491765||0.14331788||0.38495838||0.1433705||0.48328804||0.13995041||0.0488867||0.02865635||0.04911544||0.02898666||0.04895638||0.02906253||0.07513353||0.02861124||0.07525002||0.02883308||0.07492236||0.02896713||0.09435948||0.02830719||176.64366582||231.18626985||442.80951877||394.56155549||872.1781||40.19790317||20.168||9.5784||0.94219351||0.21192168||0.92308744||0.17981215||0.99162406||0.00255761||0.9916||0.0029||0.5035944||0.15982821||0.52885824||0.15358762||52.39459918||6.3333612||0.5716||0.1191||46.25889946||11.29511828||45.34698444||10.10837668||45.34698444||10.10837668||60.5064||4.9716||0.04887636||0.1434725||0.03428381||0.0526435||0.03428381||0.0526435||0.0183||0.0122||823.9488||167.93135346||268.5041263||551.290906||525.95188973||1108.22114157||50.71708057||22.2193||11.3312||0.98306951||0.05782778||0.98175886||0.05581138||0.99162185||0.00253655||0.9916||0.0027||0.52480851||0.12602809||0.56409717||0.11882559||59.08930804||7.08865626||0.5714||0.119||44.41971943||6.58671551||42.39844131||6.03957141||42.39844131||6.03957141||60.5163||4.969||0.05018453||0.10929323||0.03237298||0.02994258||0.03237298||0.02994258||0.0181||0.0105||1048.0,87e52370d1570be31fe2fe43d5fda77d204ca467b5886bee7146f03ad7b6358d,125
EXCEL-ROW-0191,184,191,9d0ead8c29ade610a06953b0aa0e36b19a6fef1a828f9d9430601aaca571ff3b,f494cb3295a3815249f6400793165973dec45a99623dd377c5cd1413d834b0f7,b47d13a16676b9ebcf2fba250a941603ecc19ab1bb078eab6968a462aa9828dc,621dd6d141b5aeaf2d0af3fb9e76ef7e31c25d457e52f451763c759713b23beb,nan||nan||nan||nan||nan||nan||nan||nan||nan||nan||nan||nan||nan||nan||nan||nan||nan||14.79528901||21.23031024||31.4142872||21.24705807||466.48567291||50.83743326||6.1852||2.8486||2.48700623||0.9761321||0.02874713||0.97796141||0.00684148||0.98029741||0.00607982||0.9805||0.007||0.61476824||0.11817797||0.58223019||0.13743391||58.44996458||6.83658826||0.5771||0.1423||39.70373285||5.18910515||41.61785978||6.12184657||41.61785978||6.12184657||60.3773||5.7452||0.07662572||0.063627||0.06935914||0.0130738||0.06935914||0.0130738||0.0544||0.0162||536.0||0.25157195||0.14552295||0.25218656||0.14543697||0.25149702||0.14529623||0.38551345||0.14350863||0.38541268||0.14341823||0.38497131||0.14361131||0.48369665||0.14005229||0.05008572||0.02873272||0.05005336||0.02849358||0.04964223||0.02854057||0.07651883||0.02821772||0.07624175||0.0279881||0.07627326||0.02820379||0.09579541||0.02745044||176.64366582||231.18626985||442.80951877||394.56155549||872.1781||40.19790317||20.168||9.5784||0.94219328||0.21192164||0.9230873||0.17981209||0.99162406||0.0025576||0.9916||0.0029||0.50359419||0.15982832||0.52885811||0.15358774||52.39462302||6.3333293||0.5716||0.1191||46.25891323||11.29512271||45.34699296||10.10838215||45.34699296||10.10838215||60.5064||4.9716||0.04887776||0.14347379||0.03428468||0.05264369||0.03428468||0.05264369||0.0183||0.0122||823.9488||167.93135225||268.50412187||551.29089801||525.95188063||1108.22113358||50.71707395||22.2193||11.3312||0.98306951||0.05782778||0.98175886||0.05581138||0.99162185||0.00253654||0.9916||0.0027||0.52480852||0.12602807||0.56409718||0.11882543||59.08930938||7.08865147||0.5714||0.119||44.41971911||6.58671514||42.39843921||6.03956814||42.39843921||6.03956814||60.5163||4.9689||0.05018453||0.10929323||0.03237298||0.02994258||0.03237298||0.02994258||0.0181||0.0105||1048.0,673f44bcef2b4bd0b8dadafa9c87930884aaa457b219e74c9f4feb669ff61193,126
EXCEL-ROW-0192,185,192,9d0ead8c29ade610a06953b0aa0e36b19a6fef1a828f9d9430601aaca571ff3b,ace01506c32045ac59f18c45e82d6960c66dd959917834e4903a34e1e20f261d,b47d13a16676b9ebcf2fba250a941603ecc19ab1bb078eab6968a462aa9828dc,621dd6d141b5aeaf2d0af3fb9e76ef7e31c25d457e52f451763c759713b23beb,nan||nan||nan||nan||nan||nan||nan||nan||nan||nan||nan||nan||nan||nan||nan||nan||nan||14.79528901||21.23031024||31.4142872||21.24705807||466.48567291||50.83743326||6.1852||2.8486||2.48700623||0.9761321||0.02874713||0.97796141||0.00684148||0.98029741||0.00607982||0.9805||0.007||0.61476824||0.11817797||0.58223019||0.13743391||58.44996458||6.83658826||0.5771||0.1423||39.70373285||5.18910515||41.61785978||6.12184657||41.61785978||6.12184657||60.3773||5.7452||0.07662572||0.063627||0.06935914||0.0130738||0.06935914||0.0130738||0.0544||0.0162||536.0||0.25157195||0.14552295||0.25218656||0.14543697||0.25149702||0.14529623||0.38551345||0.14350863||0.38541268||0.14341823||0.38497131||0.14361131||0.48369665||0.14005229||0.05008572||0.02873272||0.05005336||0.02849358||0.04964223||0.02854057||0.07651883||0.02821772||0.07624175||0.0279881||0.07627326||0.02820379||0.09579541||0.02745044||176.64366582||231.18626985||442.80951877||394.56155549||872.1781||40.19790317||20.168||9.5784||0.94219328||0.21192164||0.9230873||0.17981209||0.99162406||0.0025576||0.9916||0.0029||0.50359419||0.15982832||0.52885811||0.15358774||52.39462302||6.3333293||0.5716||0.1191||46.25891323||11.29512271||45.34699296||10.10838215||45.34699296||10.10838215||60.5064||4.9716||0.04887776||0.14347379||0.03428468||0.05264369||0.03428468||0.05264369||0.0183||0.0122||823.9488||167.93135225||268.50412187||551.29089801||525.95188063||1108.22113358||50.71707395||22.2193||11.3312||0.98306951||0.05782778||0.98175886||0.05581138||0.99162185||0.00253654||0.9916||0.0027||0.52480852||0.12602807||0.56409718||0.11882543||59.08930938||7.08865147||0.5714||0.119||44.41971911||6.58671514||42.39843921||6.03956814||42.39843921||6.03956814||60.5163||4.9689||0.05018453||0.10929323||0.03237298||0.02994258||0.03237298||0.02994258||0.0181||0.0105||1048.0,673f44bcef2b4bd0b8dadafa9c87930884aaa457b219e74c9f4feb669ff61193,126
EXCEL-ROW-0193,186,193,8d221a1cf3cc9a8bf36430071608a53b4ccad295e9832f760f6114d64a44978d,f842c7c97b7706a848a1170ae04b94cc553e7a2341dedff1c1611cfa5c348979,b47d13a16676b9ebcf2fba250a941603ecc19ab1bb078eab6968a462aa9828dc,621dd6d141b5aeaf2d0af3fb9e76ef7e31c25d457e52f451763c759713b23beb,nan||nan||nan||nan||nan||nan||nan||nan||nan||nan||nan||nan||nan||nan||nan||nan||nan||5.39120797||12.10432573||17.06767368||42.60035812||458.96612035||37.25389817||4.5944||5.1626||2.14345515||0.97168758||0.0849149||0.94139||0.09708209||0.97059912||0.02050044||0.9694||0.0223||0.46220703||0.32499246||0.57208709||0.32921776||68.82785523||26.60177105||0.6038||0.3496||51.40866345||12.51353301||46.43469871||13.56333423||46.43469871||13.56333423||60.9606||13.0521||0.09152415||0.07036189||0.11756267||0.07687798||0.11756267||0.07687798||0.0833||0.0186||451.84||0.25232094||0.14513956||0.25154029||0.14499853||0.25166198||0.14502186||0.38529223||0.14345151||0.38484057||0.14338731||0.38540535||0.14338466||0.4834939||0.14009703||0.04998445||0.02792942||0.04915536||0.02784065||0.04963433||0.02787106||0.07547907||0.02779853||0.07530188||0.0275924||0.07552808||0.02853718||0.09462884||0.02748808||124.8584574||262.38598002||621.50365157||375.27360993||864.6448175||34.4582969||24.8983||8.7241||0.81620865||0.33759288||0.8450665||0.24267903||0.98632973||0.01079436||0.9867||0.0109||0.6929256||0.48879206||0.49782795||0.3056221||62.30837013||24.01792651||0.5445||0.283||41.90469624||20.91990569||51.04835064||16.89664518||51.04835064||16.89664518||62.8645||11.6387||0.16069265||0.32159233||0.07824398||0.13450486||0.07824398||0.13450486||0.0189||0.02||878.3232||128.99824401||306.34153304||828.88650528||478.4728686||1098.49815531||43.55589357||27.9252||10.0988||0.96729292||0.06583254||0.98455572||0.01469013||0.98632781||0.01083404||0.9867||0.0107||0.76494477||0.19469999||0.53812568||0.27125131||70.19622236||27.15080185||0.5442||0.2833||34.65783893||9.36983828||46.49930694||13.13570562||46.49930694||13.13570562||62.8814||11.6506||0.07138539||0.09471239||0.02528263||0.03303718||0.02528263||0.03303718||0.0184||0.02||1109.12,693ac30341f91e0ed78bcba6248f405efe87cf71452e45a259be96e01a7d68a6,127
EXCEL-ROW-0194,187,194,8d221a1cf3cc9a8bf36430071608a53b4ccad295e9832f760f6114d64a44978d,3b4579313af0fe32704cae539f561b5637e0556c26230a3198bff50a394bc81a,b47d13a16676b9ebcf2fba250a941603ecc19ab1bb078eab6968a462aa9828dc,621dd6d141b5aeaf2d0af3fb9e76ef7e31c25d457e52f451763c759713b23beb,nan||nan||nan||nan||nan||nan||nan||nan||nan||nan||nan||nan||nan||nan||nan||nan||nan||5.39120797||12.10432573||17.06767368||42.60035812||458.96612035||37.25389817||4.5944||5.1626||2.14345515||0.97168758||0.0849149||0.94139||0.09708209||0.97059912||0.02050044||0.9694||0.0223||0.46220703||0.32499246||0.57208709||0.32921776||68.82785523||26.60177105||0.6038||0.3496||51.40866345||12.51353301||46.43469871||13.56333423||46.43469871||13.56333423||60.9606||13.0521||0.09152415||0.07036189||0.11756267||0.07687798||0.11756267||0.07687798||0.0833||0.0186||451.84||0.25232094||0.14513956||0.25154029||0.14499853||0.25166198||0.14502186||0.38529223||0.14345151||0.38484057||0.14338731||0.38540535||0.14338466||0.4834939||0.14009703||0.04998445||0.02792942||0.04915536||0.02784065||0.04963433||0.02787106||0.07547907||0.02779853||0.07530188||0.0275924||0.07552808||0.02853718||0.09462884||0.02748808||124.8584574||262.38598002||621.50365157||375.27360993||864.6448175||34.4582969||24.8983||8.7241||0.81620865||0.33759288||0.8450665||0.24267903||0.98632973||0.01079436||0.9867||0.0109||0.6929256||0.48879206||0.49782795||0.3056221||62.30837013||24.01792651||0.5445||0.283||41.90469624||20.91990569||51.04835064||16.89664518||51.04835064||16.89664518||62.8645||11.6387||0.16069265||0.32159233||0.07824398||0.13450486||0.07824398||0.13450486||0.0189||0.02||878.3232||128.99824401||306.34153304||828.88650528||478.4728686||1098.49815531||43.55589357||27.9252||10.0988||0.96729292||0.06583254||0.98455572||0.01469013||0.98632781||0.01083404||0.9867||0.0107||0.76494477||0.19469999||0.53812568||0.27125131||70.19622236||27.15080185||0.5442||0.2833||34.65783893||9.36983828||46.49930694||13.13570562||46.49930694||13.13570562||62.8814||11.6506||0.07138539||0.09471239||0.02528263||0.03303718||0.02528263||0.03303718||0.0184||0.02||1109.12,693ac30341f91e0ed78bcba6248f405efe87cf71452e45a259be96e01a7d68a6,127
EXCEL-ROW-0195,188,195,66f72d1b808184ce795ebb053bbe821d9963511ceb3c5ee916ed1a8d3571224d,3b497fed722d7fc067fd5480362dfaf7b44b64842c5f04b15f74e4f430e94967,b47d13a16676b9ebcf2fba250a941603ecc19ab1bb078eab6968a462aa9828dc,621dd6d141b5aeaf2d0af3fb9e76ef7e31c25d457e52f451763c759713b23beb,nan||nan||nan||nan||nan||nan||nan||nan||nan||nan||nan||nan||nan||nan||nan||nan||nan||8.56018911||10.03404222||13.90049217||14.3729588||461.13877653||55.60971958||4.1344||2.0642||2.0333224||0.96827494||0.02673327||0.96902989||0.0057124||0.97202383||0.00375626||0.9721||0.0051||0.54322939||0.12208988||0.53462297||0.08177258||70.37934811||5.13567959||0.5824||0.0766||43.50760076||8.28806071||44.22472612||5.13008803||44.22472612||5.13008803||59.8933||3.1669||0.12710389||0.13720632||0.13983487||0.07186446||0.13983487||0.07186446||0.0767||0.0222||560.64||0.25204073||0.14518572||0.25155202||0.14524049||0.2516752||0.14517493||0.38534804||0.1431207||0.38514261||0.14301941||0.38546679||0.14295084||0.48363605||0.13960293||0.05015707||0.0291586||0.04879727||0.02898791||0.04907157||0.0293236||0.07612894||0.02813915||0.07541074||0.02832993||0.07633724||0.02839846||0.09540105||0.02745831||234.04130995||338.70217256||623.01416593||349.74831998||867.415605||47.55710345||26.036||8.0003||0.85697112||0.32368919||0.85818391||0.22201783||0.98796875||0.00293087||0.9881||0.0032||0.48240719||0.36511769||0.48676006||0.15657037||62.91109727||4.89740087||0.5771||0.0578||49.32201698||17.02219921||48.80394033||12.37597768||48.80394033||12.37597768||60.0725||2.3669||0.09670171||0.25695236||0.07227063||0.14290669||0.07227063||0.14290669||0.0178||0.0146||779.5136||222.44971524||393.13615489||508.22966194||279.120411||1102.80626617||60.78700615||29.2136||9.2846||0.96878265||0.09284623||0.94546472||0.09210864||0.98796071||0.00293575||0.9881||0.0031||0.50085664||0.13390124||0.49853049||0.11477589||70.94856171||5.53138494||0.5769||0.0582||45.99206215||8.85336252||46.93053339||6.81414544||46.93053339||6.81414544||60.0817||2.3986||0.08997014||0.15387533||0.1323169||0.13457921||0.1323169||0.13457921||0.0181||0.0138||996.48,2202f33b468cb6121634d3458076e21f057cbdbea08c122fe90ba6c7b5546a29,128
EXCEL-ROW-0196,189,196,66f72d1b808184ce795ebb053bbe821d9963511ceb3c5ee916ed1a8d3571224d,026c3505e88e86d9c6c827f6b37aa8884b23d8e58386def2a7db81d21b77b2a7,b47d13a16676b9ebcf2fba250a941603ecc19ab1bb078eab6968a462aa9828dc,621dd6d141b5aeaf2d0af3fb9e76ef7e31c25d457e52f451763c759713b23beb,nan||nan||nan||nan||nan||nan||nan||nan||nan||nan||nan||nan||nan||nan||nan||nan||nan||8.56018911||10.03404222||13.90049217||14.3729588||461.13877653||55.60971958||4.1344||2.0642||2.0333224||0.96827494||0.02673327||0.96902989||0.0057124||0.97202383||0.00375626||0.9721||0.0051||0.54322939||0.12208988||0.53462297||0.08177258||70.37934811||5.13567959||0.5824||0.0766||43.50760076||8.28806071||44.22472612||5.13008803||44.22472612||5.13008803||59.8933||3.1669||0.12710389||0.13720632||0.13983487||0.07186446||0.13983487||0.07186446||0.0767||0.0222||560.64||0.25204073||0.14518572||0.25155202||0.14524049||0.2516752||0.14517493||0.38534804||0.1431207||0.38514261||0.14301941||0.38546679||0.14295084||0.48363605||0.13960293||0.05015707||0.0291586||0.04879727||0.02898791||0.04907157||0.0293236||0.07612894||0.02813915||0.07541074||0.02832993||0.07633724||0.02839846||0.09540105||0.02745831||234.04130995||338.70217256||623.01416593||349.74831998||867.415605||47.55710345||26.036||8.0003||0.85697112||0.32368919||0.85818391||0.22201783||0.98796875||0.00293087||0.9881||0.0032||0.48240719||0.36511769||0.48676006||0.15657037||62.91109727||4.89740087||0.5771||0.0578||49.32201698||17.02219921||48.80394033||12.37597768||48.80394033||12.37597768||60.0725||2.3669||0.09670171||0.25695236||0.07227063||0.14290669||0.07227063||0.14290669||0.0178||0.0146||779.5136||222.44971524||393.13615489||508.22966194||279.120411||1102.80626617||60.78700615||29.2136||9.2846||0.96878265||0.09284623||0.94546472||0.09210864||0.98796071||0.00293575||0.9881||0.0031||0.50085664||0.13390124||0.49853049||0.11477589||70.94856171||5.53138494||0.5769||0.0582||45.99206215||8.85336252||46.93053339||6.81414544||46.93053339||6.81414544||60.0817||2.3986||0.08997014||0.15387533||0.1323169||0.13457921||0.1323169||0.13457921||0.0181||0.0138||996.48,2202f33b468cb6121634d3458076e21f057cbdbea08c122fe90ba6c7b5546a29,128
EXCEL-ROW-0197,190,197,e279219f7f1215c0f93ca4e0e727e193a0c0005a1e08cb63e46cbc7ea227db4a,7559ccc042a44d0625a8d66e82db87c6a4d034e64418afbdeccfd37047d16986,b47d13a16676b9ebcf2fba250a941603ecc19ab1bb078eab6968a462aa9828dc,621dd6d141b5aeaf2d0af3fb9e76ef7e31c25d457e52f451763c759713b23beb,nan||nan||nan||nan||nan||nan||nan||nan||nan||nan||nan||nan||nan||nan||nan||nan||nan||10.13917237||46.70399375||96.2293524||122.98490732||444.17423021||92.23729024||11.8103||9.9446||3.4366117||0.93744195||0.0296595||0.93161736||0.04824579||0.94301722||0.01034231||0.9443||0.0106||0.5824371||0.16349063||0.54805612||0.10387875||97.82526446||8.16709425||0.655||0.1489||41.92877488||8.4395411||44.05115226||5.28560699||44.05115226||5.28560699||57.1711||5.7445||0.16096029||0.17034273||0.19233537||0.09744798||0.19233537||0.09744798||0.076||0.0451||429.44||0.25106445||0.14454364||0.25055821||0.14456281||0.25127807||0.14479381||0.38373802||0.14265055||0.38393734||0.14274402||0.38422025||0.14285286||0.48199319||0.13925707||0.05002428||0.0272209||0.05007362||0.02753645||0.05021859||0.02762019||0.07610837||0.02676836||0.07629303||0.0270144||0.07618018||0.02692151||0.09540662||0.02629426||10.06568899||51.69084709||11.7068692||5.24544143||851.9976625||72.79601196||13.0129||10.9286||0.95664793||0.11186473||0.96019467||0.01752709||0.97720684||0.00503911||0.9775||0.0111||0.47715951||0.43533979||0.47089801||0.10973438||86.03546055||6.72141762||0.5426||0.1703||48.16826372||9.34511858||48.36369671||6.03428491||48.36369671||6.03428491||62.0294||6.998||0.11359329||0.1584569||0.10848802||0.02285362||0.10848802||0.02285362||0.0479||0.0333||862.9216||10.16585458||58.71391009||12.17212419||5.89290931||1084.37051286||92.20443295||14.478||12.5159||0.96199554||0.080254||0.96426892||0.02474767||0.97723556||0.00500517||0.9776||0.011||0.47029174||0.13933809||0.46791852||0.1114098||97.03727133||7.51204898||0.5416||0.1676||47.87746006||8.49860467||48.00411506||6.4246221||48.00411506||6.4246221||62.0683||7.0077||0.10675904||0.142481||0.1025424||0.04204018||0.1025424||0.04204018||0.0476||0.0319||1098.88,389d83603349a9b091c21f621799e147a28948c135a5a5ae4676e8a15acd7556,129
EXCEL-ROW-0198,191,198,e279219f7f1215c0f93ca4e0e727e193a0c0005a1e08cb63e46cbc7ea227db4a,925415a12f04d989aa0e42039cb8518799cbbfe7fcdea0745adfc663049b946e,b47d13a16676b9ebcf2fba250a941603ecc19ab1bb078eab6968a462aa9828dc,621dd6d141b5aeaf2d0af3fb9e76ef7e31c25d457e52f451763c759713b23beb,nan||nan||nan||nan||nan||nan||nan||nan||nan||nan||nan||nan||nan||nan||nan||nan||nan||10.13917237||46.70399375||96.2293524||122.98490732||444.17423021||92.23729024||11.8103||9.9446||3.4366117||0.93744195||0.0296595||0.93161736||0.04824579||0.94301722||0.01034231||0.9443||0.0106||0.5824371||0.16349063||0.54805612||0.10387875||97.82526446||8.16709425||0.655||0.1489||41.92877488||8.4395411||44.05115226||5.28560699||44.05115226||5.28560699||57.1711||5.7445||0.16096029||0.17034273||0.19233537||0.09744798||0.19233537||0.09744798||0.076||0.0451||429.44||0.25106445||0.14454364||0.25055821||0.14456281||0.25127807||0.14479381||0.38373802||0.14265055||0.38393734||0.14274402||0.38422025||0.14285286||0.48199319||0.13925707||0.05002428||0.0272209||0.05007362||0.02753645||0.05021859||0.02762019||0.07610837||0.02676836||0.07629303||0.0270144||0.07618018||0.02692151||0.09540662||0.02629426||10.06568899||51.69084709||11.7068692||5.24544143||851.9976625||72.79601196||13.0129||10.9286||0.95664793||0.11186473||0.96019467||0.01752709||0.97720684||0.00503911||0.9775||0.0111||0.47715951||0.43533979||0.47089801||0.10973438||86.03546055||6.72141762||0.5426||0.1703||48.16826372||9.34511858||48.36369671||6.03428491||48.36369671||6.03428491||62.0294||6.998||0.11359329||0.1584569||0.10848802||0.02285362||0.10848802||0.02285362||0.0479||0.0333||862.9216||10.16585458||58.71391009||12.17212419||5.89290931||1084.37051286||92.20443295||14.478||12.5159||0.96199554||0.080254||0.96426892||0.02474767||0.97723556||0.00500517||0.9776||0.011||0.47029174||0.13933809||0.46791852||0.1114098||97.03727133||7.51204898||0.5416||0.1676||47.87746006||8.49860467||48.00411506||6.4246221||48.00411506||6.4246221||62.0683||7.0077||0.10675904||0.142481||0.1025424||0.04204018||0.1025424||0.04204018||0.0476||0.0319||1098.88,389d83603349a9b091c21f621799e147a28948c135a5a5ae4676e8a15acd7556,129
EXCEL-ROW-0199,192,199,f0e0b2012fa2b0b35ab52fc5759573b5434fa5e3a6802f2ec2c06de087ce244f,9802e5e3fb9c27a10d1b9a3e54322569b90c3b7b22f6bcda5186ce76ad2c2f9a,b47d13a16676b9ebcf2fba250a941603ecc19ab1bb078eab6968a462aa9828dc,621dd6d141b5aeaf2d0af3fb9e76ef7e31c25d457e52f451763c759713b23beb,nan||nan||nan||nan||nan||nan||nan||nan||nan||nan||nan||nan||nan||nan||nan||nan||nan||7.85300007||48.58962079||102.94949368||153.63340118||462.26817278||231.05061851||14.1742||11.4147||3.76486388||0.95838593||0.07902664||0.96038062||0.0208609||0.9713928||0.01248478||0.9743||0.0122||0.4008964||0.13478643||0.42009381||0.08835853||58.14455867||16.07295036||0.5017||0.0919||52.41205608||8.84628475||51.14353379||5.61122297||51.14353379||5.61122297||63.507||4.2205||0.12802263||0.12465524||0.13230619||0.03963138||0.13230619||0.03963138||0.0561||0.0382||714.88||0.25152148||0.14604153||0.25162098||0.1459206||0.25140325||0.14592482||0.38531047||0.14398947||0.38520222||0.1439543||0.3851406||0.14406786||0.48361416||0.14075551||0.04935968||0.0307592||0.05059842||0.03106221||0.04903272||0.03088762||0.07745974||0.03012568||0.07709544||0.03065302||0.07621231||0.03053593||0.09700425||0.02925744||54.3474887||190.13922467||595.28740995||472.94856908||871.59785||187.07740895||24.1243||12.0952||0.96789046||0.10728867||0.91551809||0.1677886||0.98810572||0.00584165||0.9892||0.0062||0.49488834||0.10011922||0.41829802||0.12714045||51.38374821||14.3964684||0.4308||0.1144||45.89626209||7.05399858||51.69438871||9.70751075||51.69438871||9.70751075||66.9243||5.4338||0.08898076||0.16152265||0.08247854||0.17975329||0.08247854||0.17975329||0.0198||0.0208||667.0704||53.07933021||213.37779348||747.1510412||603.62996382||1103.33439201||238.85151073||27.0432||13.7964||0.97367123||0.04660131||0.95947693||0.0910262||0.98800759||0.00585623||0.9891||0.0063||0.47397612||0.10549971||0.43425598||0.10194992||58.06049958||16.14848448||0.4305||0.1145||47.21179628||6.89201275||50.12700968||6.91874599||50.12700968||6.91874599||66.9383||5.4385||0.11350363||0.15859145||0.09755521||0.16686968||0.09755521||0.16686968||0.0196||0.0213||842.24,993ea5779292d023429bcf646cc47bce65d52a8fa2e0721272aba7655ceea88c,130
EXCEL-ROW-0200,193,200,f0e0b2012fa2b0b35ab52fc5759573b5434fa5e3a6802f2ec2c06de087ce244f,285fe90ed6f1edfa67b7906bae8770e8626f0ace0b99798e71dd88ac96b40b00,b47d13a16676b9ebcf2fba250a941603ecc19ab1bb078eab6968a462aa9828dc,621dd6d141b5aeaf2d0af3fb9e76ef7e31c25d457e52f451763c759713b23beb,nan||nan||nan||nan||nan||nan||nan||nan||nan||nan||nan||nan||nan||nan||nan||nan||nan||7.85300007||48.58962079||102.94949368||153.63340118||462.26817278||231.05061851||14.1742||11.4147||3.76486388||0.95838593||0.07902664||0.96038062||0.0208609||0.9713928||0.01248478||0.9743||0.0122||0.4008964||0.13478643||0.42009381||0.08835853||58.14455867||16.07295036||0.5017||0.0919||52.41205608||8.84628475||51.14353379||5.61122297||51.14353379||5.61122297||63.507||4.2205||0.12802263||0.12465524||0.13230619||0.03963138||0.13230619||0.03963138||0.0561||0.0382||714.88||0.25152148||0.14604153||0.25162098||0.1459206||0.25140325||0.14592482||0.38531047||0.14398947||0.38520222||0.1439543||0.3851406||0.14406786||0.48361416||0.14075551||0.04935968||0.0307592||0.05059842||0.03106221||0.04903272||0.03088762||0.07745974||0.03012568||0.07709544||0.03065302||0.07621231||0.03053593||0.09700425||0.02925744||54.3474887||190.13922467||595.28740995||472.94856908||871.59785||187.07740895||24.1243||12.0952||0.96789046||0.10728867||0.91551809||0.1677886||0.98810572||0.00584165||0.9892||0.0062||0.49488834||0.10011922||0.41829802||0.12714045||51.38374821||14.3964684||0.4308||0.1144||45.89626209||7.05399858||51.69438871||9.70751075||51.69438871||9.70751075||66.9243||5.4338||0.08898076||0.16152265||0.08247854||0.17975329||0.08247854||0.17975329||0.0198||0.0208||667.0704||53.07933021||213.37779348||747.1510412||603.62996382||1103.33439201||238.85151073||27.0432||13.7964||0.97367123||0.04660131||0.95947693||0.0910262||0.98800759||0.00585623||0.9891||0.0063||0.47397612||0.10549971||0.43425598||0.10194992||58.06049958||16.14848448||0.4305||0.1145||47.21179628||6.89201275||50.12700968||6.91874599||50.12700968||6.91874599||66.9383||5.4385||0.11350363||0.15859145||0.09755521||0.16686968||0.09755521||0.16686968||0.0196||0.0213||842.24,993ea5779292d023429bcf646cc47bce65d52a8fa2e0721272aba7655ceea88c,130
EXCEL-ROW-0201,194,201,43a1d10b5cdca8bb07fd475ec03906ace51ae3e12dc53c408c5590794a554631,c56e6421a392d1ba824fad63ff802ba1df97df7fe697670ae3e6196e38a5d08c,b47d13a16676b9ebcf2fba250a941603ecc19ab1bb078eab6968a462aa9828dc,621dd6d141b5aeaf2d0af3fb9e76ef7e31c25d457e52f451763c759713b23beb,nan||nan||nan||nan||nan||nan||nan||nan||nan||nan||nan||nan||nan||nan||nan||nan||nan||7.40664665||30.69975983||87.23848209||226.75474989||461.32035156||144.49038893||7.4601||9.5128||2.73131836||0.96238045||0.07477936||0.96310003||0.02419637||0.97456527||0.01129553||0.975||0.0132||0.52187673||0.15079947||0.57006696||0.22435412||61.67022197||18.43473824||0.602||0.2603||44.99572356||8.53683952||43.52287484||10.03061334||43.52287484||10.03061334||60.1488||10.0924||0.09812896||0.14234159||0.08770001||0.05353588||0.08770001||0.05353588||0.0604||0.0258||246.4||0.25089966||0.14406529||0.25112629||0.14430558||0.25073411||0.14414456||0.38382996||0.14236755||0.38379085||0.14226155||0.38359936||0.14213454||0.4816812||0.13864499||0.05027189||0.02491385||0.05034838||0.02524692||0.04995803||0.0254382||0.07568781||0.02432458||0.07560161||0.02448814||0.07546407||0.024414||0.09429055||0.02392756||111.91283228||283.368827||749.125221||326.07669445||866.624995||118.36872112||28.0331||7.0464||0.89583333||0.24894951||0.89264684||0.19539245||0.98822514||0.00916411||0.9892||0.0084||0.83033805||0.33055138||0.4720776||0.20667722||55.61381654||16.41120066||0.5299||0.2039||35.19559539||17.65932498||50.00658714||11.98214545||50.00658714||11.98214545||62.8201||8.2016||0.13734428||0.32174593||0.06974364||0.17038715||0.06974364||0.17038715||0.0132||0.0146||1041.3088||117.31093128||331.94884317||793.48054782||440.88477749||1104.42163895||151.04053553||31.6076||8.0909||0.97004172||0.00995025||0.98398183||0.00909359||0.98829268||0.00908255||0.9892||0.0082||0.88787701||0.27051932||0.48216654||0.20973249||62.59908059||18.40697293||0.5293||0.2028||31.76908595||11.64835151||48.99325727||10.68192427||48.99325727||10.68192427||62.8412||8.1627||0.07317351||0.0736988||0.08184797||0.07943633||0.08184797||0.07943633||0.0132||0.0148||1327.04,285c40e107ebd5496b342a8ab94f241b87e6da49c9d58a272818489eb3f7100e,131
EXCEL-ROW-0202,195,202,43a1d10b5cdca8bb07fd475ec03906ace51ae3e12dc53c408c5590794a554631,44c6de9b8442f874b42b7e50995ca430a38a9879d19b7ae431344dd175e471d6,b47d13a16676b9ebcf2fba250a941603ecc19ab1bb078eab6968a462aa9828dc,621dd6d141b5aeaf2d0af3fb9e76ef7e31c25d457e52f451763c759713b23beb,nan||nan||nan||nan||nan||nan||nan||nan||nan||nan||nan||nan||nan||nan||nan||nan||nan||7.40664665||30.69975983||87.23848209||226.75474989||461.32035156||144.49038893||7.4601||9.5128||2.73131836||0.96238045||0.07477936||0.96310003||0.02419637||0.97456527||0.01129553||0.975||0.0132||0.52187673||0.15079947||0.57006696||0.22435412||61.67022197||18.43473824||0.602||0.2603||44.99572356||8.53683952||43.52287484||10.03061334||43.52287484||10.03061334||60.1488||10.0924||0.09812896||0.14234159||0.08770001||0.05353588||0.08770001||0.05353588||0.0604||0.0258||246.4||0.25089966||0.14406529||0.25112629||0.14430558||0.25073411||0.14414456||0.38382996||0.14236755||0.38379085||0.14226155||0.38359936||0.14213454||0.4816812||0.13864499||0.05027189||0.02491385||0.05034838||0.02524692||0.04995803||0.0254382||0.07568781||0.02432458||0.07560161||0.02448814||0.07546407||0.024414||0.09429055||0.02392756||111.91283228||283.368827||749.125221||326.07669445||866.624995||118.36872112||28.0331||7.0464||0.89583333||0.24894951||0.89264684||0.19539245||0.98822514||0.00916411||0.9892||0.0084||0.83033805||0.33055138||0.4720776||0.20667722||55.61381654||16.41120066||0.5299||0.2039||35.19559539||17.65932498||50.00658714||11.98214545||50.00658714||11.98214545||62.8201||8.2016||0.13734428||0.32174593||0.06974364||0.17038715||0.06974364||0.17038715||0.0132||0.0146||1041.3088||117.31093128||331.94884317||793.48054782||440.88477749||1104.42163895||151.04053553||31.6076||8.0909||0.97004172||0.00995025||0.98398183||0.00909359||0.98829268||0.00908255||0.9892||0.0082||0.88787701||0.27051932||0.48216654||0.20973249||62.59908059||18.40697293||0.5293||0.2028||31.76908595||11.64835151||48.99325727||10.68192427||48.99325727||10.68192427||62.8412||8.1627||0.07317351||0.0736988||0.08184797||0.07943633||0.08184797||0.07943633||0.0132||0.0148||1327.04,285c40e107ebd5496b342a8ab94f241b87e6da49c9d58a272818489eb3f7100e,131
EXCEL-ROW-0203,196,203,ff01480412f664176c9b8b29b3fde22e098c4de67c1dbdb7e564c8e110ca53c8,a79c96c1ae029b12f73f3e3aa640f69f764c69940525930c292e09af97d6159d,b47d13a16676b9ebcf2fba250a941603ecc19ab1bb078eab6968a462aa9828dc,621dd6d141b5aeaf2d0af3fb9e76ef7e31c25d457e52f451763c759713b23beb,nan||nan||nan||nan||nan||nan||nan||nan||nan||nan||nan||nan||nan||nan||nan||nan||nan||65.28150318||113.947438||209.99212464||254.81080281||468.70652285||96.94718804||14.0665||8.4977||3.7505333||0.97825342||0.0061655||0.97924792||0.00994401||0.97924874||0.00994312||0.9793||0.011||0.52843874||0.19437944||0.59443505||0.28490052||58.84269197||13.03106083||0.6212||0.3057||44.85856648||7.27079434||42.56821984||9.21776944||42.56821984||9.21776944||59.5788||9.4743||0.0620909||0.01180854||0.04835406||0.02323096||0.04835406||0.02323096||0.0443||0.0239||464.08||0.25121243||0.1456817||0.25142952||0.14570874||0.25143983||0.14576614||0.38508073||0.14314857||0.38525727||0.14315876||0.38514111||0.14306265||0.48347785||0.13963383||0.04825169||0.03052926||0.04816917||0.03040323||0.04739278||0.03038123||0.077055||0.02382043||0.07636829||0.02411648||0.07648025||0.02408583||0.09739703||0.01370402||60.16261294||54.33418015||94.68358653||47.61163715||870.57181||73.87160271||10.1209||2.8036||0.92488587||0.23037678||0.95023947||0.08851053||0.99111275||0.00570973||0.9913||0.0142||0.56166486||0.3192311||0.54552141||0.23195949||52.16269967||11.00884087||0.5838||0.2722||45.43476782||15.14392507||45.6124778||7.68975338||45.6124778||7.68975338||60.8775||8.6446||0.09270867||0.24212031||0.06983565||0.08537498||0.06983565||0.08537498||0.0259||0.013||856.9392||61.41379971||59.94577126||81.71388814||34.60300341||1104.14498077||97.26257584||10.4184||3.5492||0.96448508||0.1575897||0.98064618||0.06684743||0.99108727||0.00607411||0.9913||0.0148||0.57067146||0.29419376||0.5523487||0.28513643||58.60180103||12.88513117||0.5788||0.274||44.55310491||13.49649051||45.43815298||9.51956977||45.43815298||9.51956977||61.1097||8.8041||0.03983104||0.04428957||0.0392879||0.01597611||0.0392879||0.01597611||0.0263||0.0076||1106.0928,10586252e367fee4579186d4eb875ecbfb6622dec55a5687f6fc060636b3d350,132
EXCEL-ROW-0204,197,204,ff01480412f664176c9b8b29b3fde22e098c4de67c1dbdb7e564c8e110ca53c8,5a4f3a4d25db31113e8715a5253ca22816a423e24463f51f5116e7898df30505,b47d13a16676b9ebcf2fba250a941603ecc19ab1bb078eab6968a462aa9828dc,621dd6d141b5aeaf2d0af3fb9e76ef7e31c25d457e52f451763c759713b23beb,nan||nan||nan||nan||nan||nan||nan||nan||nan||nan||nan||nan||nan||nan||nan||nan||nan||65.28150318||113.947438||209.99212464||254.81080281||468.70652285||96.94718804||14.0665||8.4977||3.7505333||0.97825342||0.0061655||0.97924792||0.00994401||0.97924874||0.00994312||0.9793||0.011||0.52843874||0.19437944||0.59443505||0.28490052||58.84269197||13.03106083||0.6212||0.3057||44.85856648||7.27079434||42.56821984||9.21776944||42.56821984||9.21776944||59.5788||9.4743||0.0620909||0.01180854||0.04835406||0.02323096||0.04835406||0.02323096||0.0443||0.0239||464.08||0.25121243||0.1456817||0.25142952||0.14570874||0.25143983||0.14576614||0.38508073||0.14314857||0.38525727||0.14315876||0.38514111||0.14306265||0.48347785||0.13963383||0.04825169||0.03052926||0.04816917||0.03040323||0.04739278||0.03038123||0.077055||0.02382043||0.07636829||0.02411648||0.07648025||0.02408583||0.09739703||0.01370402||60.16261294||54.33418015||94.68358653||47.61163715||870.57181||73.87160271||10.1209||2.8036||0.92488587||0.23037678||0.95023947||0.08851053||0.99111275||0.00570973||0.9913||0.0142||0.56166486||0.3192311||0.54552141||0.23195949||52.16269967||11.00884087||0.5838||0.2722||45.43476782||15.14392507||45.6124778||7.68975338||45.6124778||7.68975338||60.8775||8.6446||0.09270867||0.24212031||0.06983565||0.08537498||0.06983565||0.08537498||0.0259||0.013||856.9392||61.41379971||59.94577126||81.71388814||34.60300341||1104.14498077||97.26257584||10.4184||3.5492||0.96448508||0.1575897||0.98064618||0.06684743||0.99108727||0.00607411||0.9913||0.0148||0.57067146||0.29419376||0.5523487||0.28513643||58.60180103||12.88513117||0.5788||0.274||44.55310491||13.49649051||45.43815298||9.51956977||45.43815298||9.51956977||61.1097||8.8041||0.03983104||0.04428957||0.0392879||0.01597611||0.0392879||0.01597611||0.0263||0.0076||1106.0928,10586252e367fee4579186d4eb875ecbfb6622dec55a5687f6fc060636b3d350,132
