model_key,target_id,target_name,source_file,sheet,cell,value,finite
VF30_B1,COMP-Y-MODULUS,Modulus,New_VF30.xlsx,VF30,F4,676.66,True
VF30_B1,COMP-Y-COMP-STRENGTH,Com. Strength,New_VF30.xlsx,VF30,C6,30.62196734230315,True
VF30_B1,COMP-Y-COMP-STRAIN,Com. strain,New_VF30.xlsx,VF30,D6,0.05827564671235106,True
VF30_B1,COMP-Y-APS,APS,New_VF30.xlsx,VF30,E6,25.67280939896847,True
VF30_B1,COMP-Y-AS,AS,New_VF30.xlsx,VF30,F6,21.911014714995215,True
VF30_B1,COMP-Y-YIELD-STRENGTH,Yield strength,New_VF30.xlsx,VF30,C8,27.32475665481576,True
VF30_B1,COMP-Y-YIELD-STRAIN,Yield strain,New_VF30.xlsx,VF30,D8,0.042372592263479884,True
VF30_B1,COMP-Y-LCC,LCC,New_VF30.xlsx,VF30,E8,0.30063706332058404,True
VF30_B1,COMP-Y-EAS,EAS,New_VF30.xlsx,VF30,F8,0.11051671349234374,True
VF30_B1,COMP-Y-DENSIF-STRENGTH,Densif. strength,New_VF30.xlsx,VF30,C10,0.21046025664813164,True
VF30_B1,COMP-Y-DENSIFI-STRAIN,Densifi. strain,New_VF30.xlsx,VF30,D10,0.12949078615458215,True
VF30_B1,COMP-Y-EAE,EAE,New_VF30.xlsx,VF30,E10,71.553256099016,True
VF30_B1,COMP-Y-SE,SE,New_VF30.xlsx,VF30,F10,0.8383788380409644,True
VF30_B1,COMP-Y-TOTAL-ENERGY,Total energy,New_VF30.xlsx,VF30,C12,2.837274520889348,True
VF30_B1,COMP-Y-SEA,SEA,New_VF30.xlsx,VF30,D12,7.386445178701822,True
VF30_B1,COMP-Y-MAX-PLATEAU-STRESS,Max. Plateau stress,New_VF30.xlsx,VF30,E12,25.67280939896847,True
VF30_B2,COMP-Y-MODULUS,Modulus,New_VF30.xlsx,VF30,R4,555.95,True
VF30_B2,COMP-Y-COMP-STRENGTH,Com. Strength,New_VF30.xlsx,VF30,O6,26.972612445030652,True
VF30_B2,COMP-Y-COMP-STRAIN,Com. strain,New_VF30.xlsx,VF30,P6,0.11819110817231303,True
VF30_B2,COMP-Y-APS,APS,New_VF30.xlsx,VF30,Q6,25.15907729419184,True
VF30_B2,COMP-Y-AS,AS,New_VF30.xlsx,VF30,R6,21.399433195947605,True
VF30_B2,COMP-Y-YIELD-STRENGTH,Yield strength,New_VF30.xlsx,VF30,O8,22.23771074463181,True
VF30_B2,COMP-Y-YIELD-STRAIN,Yield strain,New_VF30.xlsx,VF30,P8,0.04196242211413852,True
VF30_B2,COMP-Y-LCC,LCC,New_VF30.xlsx,VF30,Q8,0.2133460228529356,True
VF30_B2,COMP-Y-EAS,EAS,New_VF30.xlsx,VF30,R8,0.12964921438153598,True
VF30_B2,COMP-Y-DENSIF-STRENGTH,Densif. strength,New_VF30.xlsx,VF30,O10,0.4571629227971297,True
VF30_B2,COMP-Y-DENSIFI-STRAIN,Densifi. strain,New_VF30.xlsx,VF30,P10,0.1524271496300195,True
VF30_B2,COMP-Y-EAE,EAE,New_VF30.xlsx,VF30,Q10,79.33763642494395,True
VF30_B2,COMP-Y-SE,SE,New_VF30.xlsx,VF30,R10,0.93276383018016,True
VF30_B2,COMP-Y-TOTAL-ENERGY,Total energy,New_VF30.xlsx,VF30,O12,3.261854605756312,True
VF30_B2,COMP-Y-SEA,SEA,New_VF30.xlsx,VF30,P12,7.905381614674771,True
VF30_B2,COMP-Y-MAX-PLATEAU-STRESS,Max. Plateau stress,New_VF30.xlsx,VF30,Q12,25.15907729419184,True
VF30_B3,COMP-Y-MODULUS,Modulus,New_VF30.xlsx,VF30,AD4,171.7,True
VF30_B3,COMP-Y-COMP-STRENGTH,Com. Strength,New_VF30.xlsx,VF30,AA6,8.352329124579438,True
VF30_B3,COMP-Y-COMP-STRAIN,Com. strain,New_VF30.xlsx,VF30,AB6,0.049924080178746215,True
VF30_B3,COMP-Y-APS,APS,New_VF30.xlsx,VF30,AC6,7.019715679141172,True
VF30_B3,COMP-Y-AS,AS,New_VF30.xlsx,VF30,AD6,5.353632118631315,True
VF30_B3,COMP-Y-YIELD-STRENGTH,Yield strength,New_VF30.xlsx,VF30,AA8,8.217614138699123,True
VF30_B3,COMP-Y-YIELD-STRAIN,Yield strain,New_VF30.xlsx,VF30,AB8,0.04895092581633011,True
VF30_B3,COMP-Y-LCC,LCC,New_VF30.xlsx,VF30,AC8,0.40731905556357106,True
VF30_B3,COMP-Y-EAS,EAS,New_VF30.xlsx,VF30,AD8,0.06371861315608854,True
VF30_B3,COMP-Y-DENSIF-STRENGTH,Densif. strength,New_VF30.xlsx,VF30,AA10,0.3031087182307054,True
VF30_B3,COMP-Y-DENSIFI-STRAIN,Densifi. strain,New_VF30.xlsx,VF30,AB10,0.08354824125257171,True
VF30_B3,COMP-Y-EAE,EAE,New_VF30.xlsx,VF30,AC10,64.09747555177772,True
VF30_B3,COMP-Y-SE,SE,New_VF30.xlsx,VF30,AD10,0.8404500797847372,True
VF30_B3,COMP-Y-TOTAL-ENERGY,Total energy,New_VF30.xlsx,VF30,AA12,0.44728654782492566,True
VF30_B3,COMP-Y-SEA,SEA,New_VF30.xlsx,VF30,AB12,1.1180392007851576,True
VF30_B3,COMP-Y-MAX-PLATEAU-STRESS,Max. Plateau stress,New_VF30.xlsx,VF30,AC12,7.019715679141172,True
VF30_B4,COMP-Y-MODULUS,Modulus,New_VF30.xlsx,VF30,AP4,191.99,True
VF30_B4,COMP-Y-COMP-STRENGTH,Com. Strength,New_VF30.xlsx,VF30,AM6,157.78359950315738,True
VF30_B4,COMP-Y-COMP-STRAIN,Com. strain,New_VF30.xlsx,VF30,AN6,0.9359139761026306,True
VF30_B4,COMP-Y-APS,APS,New_VF30.xlsx,VF30,AO6,7.010895468343678,True
VF30_B4,COMP-Y-AS,AS,New_VF30.xlsx,VF30,AP6,6.0858962979565785,True
VF30_B4,COMP-Y-YIELD-STRENGTH,Yield strength,New_VF30.xlsx,VF30,AM8,9.18300549108376,True
VF30_B4,COMP-Y-YIELD-STRAIN,Yield strain,New_VF30.xlsx,VF30,AN8,0.04979915634295109,True
VF30_B4,COMP-Y-LCC,LCC,New_VF30.xlsx,VF30,AO8,0.5809198368950933,True
VF30_B4,COMP-Y-EAS,EAS,New_VF30.xlsx,VF30,AP8,0.10529120724994505,True
VF30_B4,COMP-Y-DENSIF-STRENGTH,Densif. strength,New_VF30.xlsx,VF30,AM10,0.4733507985094721,True
VF30_B4,COMP-Y-DENSIFI-STRAIN,Densifi. strain,New_VF30.xlsx,VF30,AN10,0.12129448344575483,True
VF30_B4,COMP-Y-EAE,EAE,New_VF30.xlsx,VF30,AO10,3.857115896151675,True
VF30_B4,COMP-Y-SE,SE,New_VF30.xlsx,VF30,AP10,0.0444336134453783,True
VF30_B4,COMP-Y-TOTAL-ENERGY,Total energy,New_VF30.xlsx,VF30,AM12,0.7381856477650748,True
VF30_B4,COMP-Y-SEA,SEA,New_VF30.xlsx,VF30,AN12,1.7289113593108028,True
VF30_B4,COMP-Y-MAX-PLATEAU-STRESS,Max. Plateau stress,New_VF30.xlsx,VF30,AO12,7.010895468343678,True
VF30_B5,COMP-Y-MODULUS,Modulus,New_VF30.xlsx,VF30,BB4,254.53,True
VF30_B5,COMP-Y-COMP-STRENGTH,Com. Strength,New_VF30.xlsx,VF30,AY6,23.49072276034801,True
VF30_B5,COMP-Y-COMP-STRAIN,Com. strain,New_VF30.xlsx,VF30,AZ6,0.8381935911521401,True
VF30_B5,COMP-Y-APS,APS,New_VF30.xlsx,VF30,BA6,8.90292688314536,True
VF30_B5,COMP-Y-AS,AS,New_VF30.xlsx,VF30,BB6,8.022995804878978,True
VF30_B5,COMP-Y-YIELD-STRENGTH,Yield strength,New_VF30.xlsx,VF30,AY8,12.737054161613498,True
VF30_B5,COMP-Y-YIELD-STRAIN,Yield strain,New_VF30.xlsx,VF30,AZ8,0.052037185162123564,True
VF30_B5,COMP-Y-LCC,LCC,New_VF30.xlsx,VF30,BA8,0.4723448433783675,True
VF30_B5,COMP-Y-EAS,EAS,New_VF30.xlsx,VF30,BB8,0.12594454192532412,True
VF30_B5,COMP-Y-DENSIF-STRENGTH,Densif. strength,New_VF30.xlsx,VF30,AY10,1.5495199709992091,True
VF30_B5,COMP-Y-DENSIFI-STRAIN,Densifi. strain,New_VF30.xlsx,VF30,AZ10,0.1397576510523066,True
VF30_B5,COMP-Y-EAE,EAE,New_VF30.xlsx,VF30,BA10,34.15389082204688,True
VF30_B5,COMP-Y-SE,SE,New_VF30.xlsx,VF30,BB10,0.37899757167852527,True
VF30_B5,COMP-Y-TOTAL-ENERGY,Total energy,New_VF30.xlsx,VF30,AY12,1.1212750480923959,True
VF30_B5,COMP-Y-SEA,SEA,New_VF30.xlsx,VF30,AZ12,2.579019388488034,True
VF30_B5,COMP-Y-MAX-PLATEAU-STRESS,Max. Plateau stress,New_VF30.xlsx,VF30,BA12,8.90292688314536,True
VF30_C1,COMP-Y-MODULUS,Modulus,New_VF30.xlsx,VF30,BN4,300.15,True
VF30_C1,COMP-Y-COMP-STRENGTH,Com. Strength,New_VF30.xlsx,VF30,BK6,19.053771322449872,True
VF30_C1,COMP-Y-COMP-STRAIN,Com. strain,New_VF30.xlsx,VF30,BL6,0.7743414957182986,True
VF30_C1,COMP-Y-APS,APS,New_VF30.xlsx,VF30,BM6,6.770669717032425,True
VF30_C1,COMP-Y-AS,AS,New_VF30.xlsx,VF30,BN6,6.723188922982557,True
VF30_C1,COMP-Y-YIELD-STRENGTH,Yield strength,New_VF30.xlsx,VF30,BK8,11.555190350388957,True
VF30_C1,COMP-Y-YIELD-STRAIN,Yield strain,New_VF30.xlsx,VF30,BL8,0.040453900108055774,True
VF30_C1,COMP-Y-LCC,LCC,New_VF30.xlsx,VF30,BM8,0.31777754652155676,True
VF30_C1,COMP-Y-EAS,EAS,New_VF30.xlsx,VF30,BN8,0.6609606281420627,True
VF30_C1,COMP-Y-DENSIF-STRENGTH,Densif. strength,New_VF30.xlsx,VF30,BK10,6.0234502890325405,True
VF30_C1,COMP-Y-DENSIFI-STRAIN,Densifi. strain,New_VF30.xlsx,VF30,BL10,0.6656284927252822,True
VF30_C1,COMP-Y-EAE,EAE,New_VF30.xlsx,VF30,BM10,35.28534487585165,True
VF30_C1,COMP-Y-SE,SE,New_VF30.xlsx,VF30,BN10,0.3553453855644298,True
VF30_C1,COMP-Y-TOTAL-ENERGY,Total energy,New_VF30.xlsx,VF30,BK12,4.475146109112194,True
VF30_C1,COMP-Y-SEA,SEA,New_VF30.xlsx,VF30,BL12,10.207320557846398,True
VF30_C1,COMP-Y-MAX-PLATEAU-STRESS,Max. Plateau stress,New_VF30.xlsx,VF30,BM12,6.770669717032425,True
VF30_C2,COMP-Y-MODULUS,Modulus,New_VF30.xlsx,VF30,BZ4,356.34,True
VF30_C2,COMP-Y-COMP-STRENGTH,Com. Strength,New_VF30.xlsx,VF30,BW6,17.38831751077942,True
VF30_C2,COMP-Y-COMP-STRAIN,Com. strain,New_VF30.xlsx,VF30,BX6,0.7944564356013459,True
VF30_C2,COMP-Y-APS,APS,New_VF30.xlsx,VF30,BY6,7.747275217534975,True
VF30_C2,COMP-Y-AS,AS,New_VF30.xlsx,VF30,BZ6,7.690423241329467,True
VF30_C2,COMP-Y-YIELD-STRENGTH,Yield strength,New_VF30.xlsx,VF30,BW8,14.23531918297202,True
VF30_C2,COMP-Y-YIELD-STRAIN,Yield strain,New_VF30.xlsx,VF30,BX8,0.04192983985666507,True
VF30_C2,COMP-Y-LCC,LCC,New_VF30.xlsx,VF30,BY8,0.4157920879038452,True
VF30_C2,COMP-Y-EAS,EAS,New_VF30.xlsx,VF30,BZ8,0.27236318502098794,True
VF30_C2,COMP-Y-DENSIF-STRENGTH,Densif. strength,New_VF30.xlsx,VF30,BW10,1.8418505083231342,True
VF30_C2,COMP-Y-DENSIFI-STRAIN,Densifi. strain,New_VF30.xlsx,VF30,BX10,0.2743766483673034,True
VF30_C2,COMP-Y-EAE,EAE,New_VF30.xlsx,VF30,BY10,44.22752941198593,True
VF30_C2,COMP-Y-SE,SE,New_VF30.xlsx,VF30,BZ10,0.44554484427445384,True
VF30_C2,COMP-Y-TOTAL-ENERGY,Total energy,New_VF30.xlsx,VF30,BW12,2.110072553481993,True
VF30_C2,COMP-Y-SEA,SEA,New_VF30.xlsx,VF30,BX12,4.888943639573146,True
VF30_C2,COMP-Y-MAX-PLATEAU-STRESS,Max. Plateau stress,New_VF30.xlsx,VF30,BY12,7.747275217534975,True
VF30_C3,COMP-Y-MODULUS,Modulus,New_VF30.xlsx,VF30,CL4,382.71,True
VF30_C3,COMP-Y-COMP-STRENGTH,Com. Strength,New_VF30.xlsx,VF30,CI6,29.59412368969885,True
VF30_C3,COMP-Y-COMP-STRAIN,Com. strain,New_VF30.xlsx,VF30,CJ6,0.8081221215273139,True
VF30_C3,COMP-Y-APS,APS,New_VF30.xlsx,VF30,CK6,10.157754381107083,True
VF30_C3,COMP-Y-AS,AS,New_VF30.xlsx,VF30,CL6,9.976585543603578,True
VF30_C3,COMP-Y-YIELD-STRENGTH,Yield strength,New_VF30.xlsx,VF30,CI8,14.392278998029834,True
VF30_C3,COMP-Y-YIELD-STRAIN,Yield strain,New_VF30.xlsx,VF30,CJ8,0.03959182356949673,True
VF30_C3,COMP-Y-LCC,LCC,New_VF30.xlsx,VF30,CK8,0.2648318439656224,True
VF30_C3,COMP-Y-EAS,EAS,New_VF30.xlsx,VF30,CL8,0.5799803822497999,True
VF30_C3,COMP-Y-DENSIF-STRENGTH,Densif. strength,New_VF30.xlsx,VF30,CI10,7.585930388544892,True
VF30_C3,COMP-Y-DENSIFI-STRAIN,Densifi. strain,New_VF30.xlsx,VF30,CJ10,0.5905124797462626,True
VF30_C3,COMP-Y-EAE,EAE,New_VF30.xlsx,VF30,CK10,33.711373407134325,True
VF30_C3,COMP-Y-SE,SE,New_VF30.xlsx,VF30,CL10,0.3432355182269784,True
VF30_C3,COMP-Y-TOTAL-ENERGY,Total energy,New_VF30.xlsx,VF30,CI12,5.891298268754065,True
VF30_C3,COMP-Y-SEA,SEA,New_VF30.xlsx,VF30,CJ12,13.110360040306912,True
VF30_C3,COMP-Y-MAX-PLATEAU-STRESS,Max. Plateau stress,New_VF30.xlsx,VF30,CK12,10.157754381107083,True
VF30_C4,COMP-Y-MODULUS,Modulus,New_VF30.xlsx,VF30,CX4,494.03,True
VF30_C4,COMP-Y-COMP-STRENGTH,Com. Strength,New_VF30.xlsx,VF30,CU6,35.60376452697425,True
VF30_C4,COMP-Y-COMP-STRAIN,Com. strain,New_VF30.xlsx,VF30,CV6,0.8170914037377773,True
VF30_C4,COMP-Y-APS,APS,New_VF30.xlsx,VF30,CW6,10.929343083281172,True
VF30_C4,COMP-Y-AS,AS,New_VF30.xlsx,VF30,CX6,10.736007015457352,True
VF30_C4,COMP-Y-YIELD-STRENGTH,Yield strength,New_VF30.xlsx,VF30,CU8,19.578717969635555,True
VF30_C4,COMP-Y-YIELD-STRAIN,Yield strain,New_VF30.xlsx,VF30,CV8,0.04161656201835048,True
VF30_C4,COMP-Y-LCC,LCC,New_VF30.xlsx,VF30,CW8,0.5243975898002446,True
VF30_C4,COMP-Y-EAS,EAS,New_VF30.xlsx,VF30,CX8,0.16163156138170612,True
VF30_C4,COMP-Y-DENSIF-STRENGTH,Densif. strength,New_VF30.xlsx,VF30,CU10,2.3467641401960426,True
VF30_C4,COMP-Y-DENSIFI-STRAIN,Densifi. strain,New_VF30.xlsx,VF30,CV10,0.1645422534545384,True
VF30_C4,COMP-Y-EAE,EAE,New_VF30.xlsx,VF30,CW10,30.15413442396941,True
VF30_C4,COMP-Y-SE,SE,New_VF30.xlsx,VF30,CX10,0.3069715584429518,True
VF30_C4,COMP-Y-TOTAL-ENERGY,Total energy,New_VF30.xlsx,VF30,CU12,1.766526787427086,True
VF30_C4,COMP-Y-SEA,SEA,New_VF30.xlsx,VF30,CV12,4.395486052402456,True
VF30_C4,COMP-Y-MAX-PLATEAU-STRESS,Max. Plateau stress,New_VF30.xlsx,VF30,CW12,10.929343083281172,True
VF30_C5,COMP-Y-MODULUS,Modulus,New_VF30.xlsx,VF30,DJ4,423.68,True
VF30_C5,COMP-Y-COMP-STRENGTH,Com. Strength,New_VF30.xlsx,VF30,DG6,20.980284514140365,True
VF30_C5,COMP-Y-COMP-STRAIN,Com. strain,New_VF30.xlsx,VF30,DH6,0.8158507988185225,True
VF30_C5,COMP-Y-APS,APS,New_VF30.xlsx,VF30,DI6,14.42957199547897,True
VF30_C5,COMP-Y-AS,AS,New_VF30.xlsx,VF30,DJ6,12.968165303389767,True
VF30_C5,COMP-Y-YIELD-STRENGTH,Yield strength,New_VF30.xlsx,VF30,DG8,16.041797322028337,True
VF30_C5,COMP-Y-YIELD-STRAIN,Yield strain,New_VF30.xlsx,VF30,DH8,0.039833453921924805,True
VF30_C5,COMP-Y-LCC,LCC,New_VF30.xlsx,VF30,DI8,0.25949882041594685,True
VF30_C5,COMP-Y-EAS,EAS,New_VF30.xlsx,VF30,DJ8,0.15046260009171758,True
VF30_C5,COMP-Y-DENSIF-STRENGTH,Densif. strength,New_VF30.xlsx,VF30,DG10,5.03791982014113,True
VF30_C5,COMP-Y-DENSIFI-STRAIN,Densifi. strain,New_VF30.xlsx,VF30,DH10,0.16741851062639446,True
VF30_C5,COMP-Y-EAE,EAE,New_VF30.xlsx,VF30,DI10,61.811198483268605,True
VF30_C5,COMP-Y-SE,SE,New_VF30.xlsx,VF30,DJ10,0.687768175200564,True
VF30_C5,COMP-Y-TOTAL-ENERGY,Total energy,New_VF30.xlsx,VF30,DG12,2.1711109206503996,True
VF30_C5,COMP-Y-SEA,SEA,New_VF30.xlsx,VF30,DH12,5.340783223108609,True
VF30_C5,COMP-Y-MAX-PLATEAU-STRESS,Max. Plateau stress,New_VF30.xlsx,VF30,DI12,14.42957199547897,True
VF30_C6,COMP-Y-MODULUS,Modulus,New_VF30.xlsx,VF30,DV4,527.39,True
VF30_C6,COMP-Y-COMP-STRENGTH,Com. Strength,New_VF30.xlsx,VF30,DS6,33.16230676641593,True
VF30_C6,COMP-Y-COMP-STRAIN,Com. strain,New_VF30.xlsx,VF30,DT6,0.12278843357130664,True
VF30_C6,COMP-Y-APS,APS,New_VF30.xlsx,VF30,DU6,25.456541039851768,True
VF30_C6,COMP-Y-AS,AS,New_VF30.xlsx,VF30,DV6,21.744526505683233,True
VF30_C6,COMP-Y-YIELD-STRENGTH,Yield strength,New_VF30.xlsx,VF30,DS8,20.431266397884738,True
VF30_C6,COMP-Y-YIELD-STRAIN,Yield strain,New_VF30.xlsx,VF30,DT8,0.04069090518119306,True
VF30_C6,COMP-Y-LCC,LCC,New_VF30.xlsx,VF30,DU8,0.3176872865791431,True
VF30_C6,COMP-Y-EAS,EAS,New_VF30.xlsx,VF30,DV8,0.13883417037649895,True
VF30_C6,COMP-Y-DENSIF-STRENGTH,Densif. strength,New_VF30.xlsx,VF30,DS10,0.6844645359425373,True
VF30_C6,COMP-Y-DENSIFI-STRAIN,Densifi. strain,New_VF30.xlsx,VF30,DT10,0.16253459255594258,True
VF30_C6,COMP-Y-EAE,EAE,New_VF30.xlsx,VF30,DU10,65.57000590714127,True
VF30_C6,COMP-Y-SE,SE,New_VF30.xlsx,VF30,DV10,0.7676348095794129,True
VF30_C6,COMP-Y-TOTAL-ENERGY,Total energy,New_VF30.xlsx,VF30,DS12,3.534237755923118,True
VF30_C6,COMP-Y-SEA,SEA,New_VF30.xlsx,VF30,DT12,8.977015871189822,True
VF30_C6,COMP-Y-MAX-PLATEAU-STRESS,Max. Plateau stress,New_VF30.xlsx,VF30,DU12,25.456541039851768,True
VF30_C7,COMP-Y-MODULUS,Modulus,New_VF30.xlsx,VF30,EH4,244.84,True
VF30_C7,COMP-Y-COMP-STRENGTH,Com. Strength,New_VF30.xlsx,VF30,EE6,12.589722849331853,True
VF30_C7,COMP-Y-COMP-STRAIN,Com. strain,New_VF30.xlsx,VF30,EF6,0.07090979613200135,True
VF30_C7,COMP-Y-APS,APS,New_VF30.xlsx,VF30,EG6,9.274313834008016,True
VF30_C7,COMP-Y-AS,AS,New_VF30.xlsx,VF30,EH6,7.930485022814307,True
VF30_C7,COMP-Y-YIELD-STRENGTH,Yield strength,New_VF30.xlsx,VF30,EE8,9.940754014517685,True
VF30_C7,COMP-Y-YIELD-STRAIN,Yield strain,New_VF30.xlsx,VF30,EF8,0.04258203693467694,True
VF30_C7,COMP-Y-LCC,LCC,New_VF30.xlsx,VF30,EG8,0.3829525199790163,True
VF30_C7,COMP-Y-EAS,EAS,New_VF30.xlsx,VF30,EH8,0.11179824492227756,True
VF30_C7,COMP-Y-DENSIF-STRENGTH,Densif. strength,New_VF30.xlsx,VF30,EE10,5.35490474134477,True
VF30_C7,COMP-Y-DENSIFI-STRAIN,Densifi. strain,New_VF30.xlsx,VF30,EF10,0.13074257205173379,True
VF30_C7,COMP-Y-EAE,EAE,New_VF30.xlsx,VF30,EG10,62.9917363370329,True
VF30_C7,COMP-Y-SE,SE,New_VF30.xlsx,VF30,EH10,0.736657505887845,True
VF30_C7,COMP-Y-TOTAL-ENERGY,Total energy,New_VF30.xlsx,VF30,EE12,1.0368520095004952,True
VF30_C7,COMP-Y-SEA,SEA,New_VF30.xlsx,VF30,EF12,2.1919263098252317,True
VF30_C7,COMP-Y-MAX-PLATEAU-STRESS,Max. Plateau stress,New_VF30.xlsx,VF30,EG12,9.274313834008016,True
VF30_C8,COMP-Y-MODULUS,Modulus,New_VF30.xlsx,VF30,ET4,474.88,True
VF30_C8,COMP-Y-COMP-STRENGTH,Com. Strength,New_VF30.xlsx,VF30,EQ6,20.92709487722106,True
VF30_C8,COMP-Y-COMP-STRAIN,Com. strain,New_VF30.xlsx,VF30,ER6,0.8827211476908403,True
VF30_C8,COMP-Y-APS,APS,New_VF30.xlsx,VF30,ES6,10.57828404073554,True
VF30_C8,COMP-Y-AS,AS,New_VF30.xlsx,VF30,ET6,10.361783886546688,True
VF30_C8,COMP-Y-YIELD-STRENGTH,Yield strength,New_VF30.xlsx,VF30,EQ8,18.656702508465944,True
VF30_C8,COMP-Y-YIELD-STRAIN,Yield strain,New_VF30.xlsx,VF30,ER8,0.041266724098347,True
VF30_C8,COMP-Y-LCC,LCC,New_VF30.xlsx,VF30,ES8,0.44166588322405526,True
VF30_C8,COMP-Y-EAS,EAS,New_VF30.xlsx,VF30,ET8,0.17284299279149049,True
VF30_C8,COMP-Y-DENSIF-STRENGTH,Densif. strength,New_VF30.xlsx,VF30,EQ10,1.9742542337001,True
VF30_C8,COMP-Y-DENSIFI-STRAIN,Densifi. strain,New_VF30.xlsx,VF30,ER10,0.17645439165866872,True
VF30_C8,COMP-Y-EAE,EAE,New_VF30.xlsx,VF30,ES10,49.513723463954804,True
VF30_C8,COMP-Y-SE,SE,New_VF30.xlsx,VF30,ET10,0.5054826817959286,True
VF30_C8,COMP-Y-TOTAL-ENERGY,Total energy,New_VF30.xlsx,VF30,EQ12,1.8283822721991918,True
VF30_C8,COMP-Y-SEA,SEA,New_VF30.xlsx,VF30,ER12,4.4651299720088655,True
VF30_C8,COMP-Y-MAX-PLATEAU-STRESS,Max. Plateau stress,New_VF30.xlsx,VF30,ES12,10.57828404073554,True
VF30_C9,COMP-Y-MODULUS,Modulus,New_VF30.xlsx,VF30,FF4,501.95,True
VF30_C9,COMP-Y-COMP-STRENGTH,Com. Strength,New_VF30.xlsx,VF30,FC6,23.637367083166293,True
VF30_C9,COMP-Y-COMP-STRAIN,Com. strain,New_VF30.xlsx,VF30,FD6,0.849595949544964,True
VF30_C9,COMP-Y-APS,APS,New_VF30.xlsx,VF30,FE6,12.557652881701474,True
VF30_C9,COMP-Y-AS,AS,New_VF30.xlsx,VF30,FF6,11.868091263708186,True
VF30_C9,COMP-Y-YIELD-STRENGTH,Yield strength,New_VF30.xlsx,VF30,FC8,19.476098996375114,True
VF30_C9,COMP-Y-YIELD-STRAIN,Yield strain,New_VF30.xlsx,VF30,FD8,0.04060494055395509,True
VF30_C9,COMP-Y-LCC,LCC,New_VF30.xlsx,VF30,FE8,0.45811191938296947,True
VF30_C9,COMP-Y-EAS,EAS,New_VF30.xlsx,VF30,FF8,0.13836012558690255,True
VF30_C9,COMP-Y-DENSIF-STRENGTH,Densif. strength,New_VF30.xlsx,VF30,FC10,0.5457400769562203,True
VF30_C9,COMP-Y-DENSIFI-STRAIN,Densifi. strain,New_VF30.xlsx,VF30,FD10,0.1463991463481609,True
VF30_C9,COMP-Y-EAE,EAE,New_VF30.xlsx,VF30,FE10,50.209023796733376,True
VF30_C9,COMP-Y-SE,SE,New_VF30.xlsx,VF30,FF10,0.5312627602523716,True
VF30_C9,COMP-Y-TOTAL-ENERGY,Total energy,New_VF30.xlsx,VF30,FC12,1.7374784297889445,True
VF30_C9,COMP-Y-SEA,SEA,New_VF30.xlsx,VF30,FD12,4.398459144817989,True
VF30_C9,COMP-Y-MAX-PLATEAU-STRESS,Max. Plateau stress,New_VF30.xlsx,VF30,FE12,12.557652881701474,True
VF30_C10,COMP-Y-MODULUS,Modulus,New_VF30.xlsx,VF30,FR4,311.72,True
VF30_C10,COMP-Y-COMP-STRENGTH,Com. Strength,New_VF30.xlsx,VF30,FO6,24.655448436472337,True
VF30_C10,COMP-Y-COMP-STRAIN,Com. strain,New_VF30.xlsx,VF30,FP6,0.7988928897007996,True
VF30_C10,COMP-Y-APS,APS,New_VF30.xlsx,VF30,FQ6,14.97123034513451,True
VF30_C10,COMP-Y-AS,AS,New_VF30.xlsx,VF30,FR6,12.9831338091224,True
VF30_C10,COMP-Y-YIELD-STRENGTH,Yield strength,New_VF30.xlsx,VF30,FO8,14.018559210762328,True
VF30_C10,COMP-Y-YIELD-STRAIN,Yield strain,New_VF30.xlsx,VF30,FP8,0.04696084439766839,True
VF30_C10,COMP-Y-LCC,LCC,New_VF30.xlsx,VF30,FQ8,0.3314171952758108,True
VF30_C10,COMP-Y-EAS,EAS,New_VF30.xlsx,VF30,FR8,0.15786389273314771,True
VF30_C10,COMP-Y-DENSIF-STRENGTH,Densif. strength,New_VF30.xlsx,VF30,FO10,2.7360784424514195,True
VF30_C10,COMP-Y-DENSIFI-STRAIN,Densifi. strain,New_VF30.xlsx,VF30,FP10,0.18203745998727533,True
VF30_C10,COMP-Y-EAE,EAE,New_VF30.xlsx,VF30,FQ10,52.65827487411138,True
VF30_C10,COMP-Y-SE,SE,New_VF30.xlsx,VF30,FR10,0.6072179292828377,True
VF30_C10,COMP-Y-TOTAL-ENERGY,Total energy,New_VF30.xlsx,VF30,FO12,2.3634167012875604,True
VF30_C10,COMP-Y-SEA,SEA,New_VF30.xlsx,VF30,FP12,5.392549165664859,True
VF30_C10,COMP-Y-MAX-PLATEAU-STRESS,Max. Plateau stress,New_VF30.xlsx,VF30,FQ12,14.97123034513451,True
VF30_C11,COMP-Y-MODULUS,Modulus,New_VF30.xlsx,VF30,GD4,418.34,True
VF30_C11,COMP-Y-COMP-STRENGTH,Com. Strength,New_VF30.xlsx,VF30,GA6,20.994042530572095,True
VF30_C11,COMP-Y-COMP-STRAIN,Com. strain,New_VF30.xlsx,VF30,GB6,0.7442249588428442,True
VF30_C11,COMP-Y-APS,APS,New_VF30.xlsx,VF30,GC6,10.365721082570696,True
VF30_C11,COMP-Y-AS,AS,New_VF30.xlsx,VF30,GD6,9.714094495074772,True
VF30_C11,COMP-Y-YIELD-STRENGTH,Yield strength,New_VF30.xlsx,VF30,GA8,15.51300294584995,True
VF30_C11,COMP-Y-YIELD-STRAIN,Yield strain,New_VF30.xlsx,VF30,GB8,0.03907203331092922,True
VF30_C11,COMP-Y-LCC,LCC,New_VF30.xlsx,VF30,GC8,0.3687407788630194,True
VF30_C11,COMP-Y-EAS,EAS,New_VF30.xlsx,VF30,GD8,0.12836671162736643,True
VF30_C11,COMP-Y-DENSIF-STRENGTH,Densif. strength,New_VF30.xlsx,VF30,GA10,2.225634255614447,True
VF30_C11,COMP-Y-DENSIFI-STRAIN,Densifi. strain,New_VF30.xlsx,VF30,GB10,0.13697761841731218,True
VF30_C11,COMP-Y-EAE,EAE,New_VF30.xlsx,VF30,GC10,46.270719328727864,True
VF30_C11,COMP-Y-SE,SE,New_VF30.xlsx,VF30,GD10,0.4937458361092606,True
VF30_C11,COMP-Y-TOTAL-ENERGY,Total energy,New_VF30.xlsx,VF30,GA12,1.330613529016065,True
VF30_C11,COMP-Y-SEA,SEA,New_VF30.xlsx,VF30,GB12,3.280546550964693,True
VF30_C11,COMP-Y-MAX-PLATEAU-STRESS,Max. Plateau stress,New_VF30.xlsx,VF30,GC12,10.365721082570696,True
VF30_C12,COMP-Y-MODULUS,Modulus,New_VF30.xlsx,VF30,GP4,379.17,True
VF30_C12,COMP-Y-COMP-STRENGTH,Com. Strength,New_VF30.xlsx,VF30,GM6,19.13264657745603,True
VF30_C12,COMP-Y-COMP-STRAIN,Com. strain,New_VF30.xlsx,VF30,GN6,0.7674123913966073,True
VF30_C12,COMP-Y-APS,APS,New_VF30.xlsx,VF30,GO6,7.778837837212318,True
VF30_C12,COMP-Y-AS,AS,New_VF30.xlsx,VF30,GP6,7.74360926740428,True
VF30_C12,COMP-Y-YIELD-STRENGTH,Yield strength,New_VF30.xlsx,VF30,GM8,14.059833573286019,True
VF30_C12,COMP-Y-YIELD-STRAIN,Yield strain,New_VF30.xlsx,VF30,GN8,0.03906066956444425,True
VF30_C12,COMP-Y-LCC,LCC,New_VF30.xlsx,VF30,GO8,0.2777085263377059,True
VF30_C12,COMP-Y-EAS,EAS,New_VF30.xlsx,VF30,GP8,0.5268344146413712,True
VF30_C12,COMP-Y-DENSIF-STRENGTH,Densif. strength,New_VF30.xlsx,VF30,GM10,4.509167114817788,True
VF30_C12,COMP-Y-DENSIFI-STRAIN,Densifi. strain,New_VF30.xlsx,VF30,GN10,0.5292311810990481,True
VF30_C12,COMP-Y-EAE,EAE,New_VF30.xlsx,VF30,GO10,40.473278153418484,True
VF30_C12,COMP-Y-SE,SE,New_VF30.xlsx,VF30,GP10,0.40657406207346725,True
VF30_C12,COMP-Y-TOTAL-ENERGY,Total energy,New_VF30.xlsx,VF30,GM12,4.098159478557902,True
VF30_C12,COMP-Y-SEA,SEA,New_VF30.xlsx,VF30,GN12,9.52440752184725,True
VF30_C12,COMP-Y-MAX-PLATEAU-STRESS,Max. Plateau stress,New_VF30.xlsx,VF30,GO12,7.778837837212318,True
VF30_C13,COMP-Y-MODULUS,Modulus,New_VF30.xlsx,VF30,HB4,381.76,True
VF30_C13,COMP-Y-COMP-STRENGTH,Com. Strength,New_VF30.xlsx,VF30,GY6,24.650069360344386,True
VF30_C13,COMP-Y-COMP-STRAIN,Com. strain,New_VF30.xlsx,VF30,GZ6,0.7637932847701453,True
VF30_C13,COMP-Y-APS,APS,New_VF30.xlsx,VF30,HA6,11.391605258187015,True
VF30_C13,COMP-Y-AS,AS,New_VF30.xlsx,VF30,HB6,10.732770496826651,True
VF30_C13,COMP-Y-YIELD-STRENGTH,Yield strength,New_VF30.xlsx,VF30,GY8,14.458213759432763,True
VF30_C13,COMP-Y-YIELD-STRAIN,Yield strain,New_VF30.xlsx,VF30,GZ8,0.03982136902290356,True
VF30_C13,COMP-Y-LCC,LCC,New_VF30.xlsx,VF30,HA8,0.319886799413931,True
VF30_C13,COMP-Y-EAS,EAS,New_VF30.xlsx,VF30,HB8,0.22009227407642704,True
VF30_C13,COMP-Y-DENSIF-STRENGTH,Densif. strength,New_VF30.xlsx,VF30,GY10,5.599595083059001,True
VF30_C13,COMP-Y-DENSIFI-STRAIN,Densifi. strain,New_VF30.xlsx,VF30,GZ10,0.23360271305499983,True
VF30_C13,COMP-Y-EAE,EAE,New_VF30.xlsx,VF30,HA10,43.54052858809767,True
VF30_C13,COMP-Y-SE,SE,New_VF30.xlsx,VF30,HB10,0.4621327872007198,True
VF30_C13,COMP-Y-TOTAL-ENERGY,Total energy,New_VF30.xlsx,VF30,GY12,2.507204306655364,True
VF30_C13,COMP-Y-SEA,SEA,New_VF30.xlsx,VF30,GZ12,5.513150142613135,True
VF30_C13,COMP-Y-MAX-PLATEAU-STRESS,Max. Plateau stress,New_VF30.xlsx,VF30,HA12,11.391605258187015,True
VF30_C14,COMP-Y-MODULUS,Modulus,New_VF30.xlsx,VF30,HN4,282.91,True
VF30_C14,COMP-Y-COMP-STRENGTH,Com. Strength,New_VF30.xlsx,VF30,HK6,23.086482075951274,True
VF30_C14,COMP-Y-COMP-STRAIN,Com. strain,New_VF30.xlsx,VF30,HL6,0.783866401871106,True
VF30_C14,COMP-Y-APS,APS,New_VF30.xlsx,VF30,HM6,8.058418758660236,True
VF30_C14,COMP-Y-AS,AS,New_VF30.xlsx,VF30,HN6,7.932029571726449,True
VF30_C14,COMP-Y-YIELD-STRENGTH,Yield strength,New_VF30.xlsx,VF30,HK8,11.803155074592306,True
VF30_C14,COMP-Y-YIELD-STRAIN,Yield strain,New_VF30.xlsx,VF30,HL8,0.04368010779259638,True
VF30_C14,COMP-Y-LCC,LCC,New_VF30.xlsx,VF30,HM8,0.15778987809665485,True
VF30_C14,COMP-Y-EAS,EAS,New_VF30.xlsx,VF30,HN8,0.6606974458998679,True
VF30_C14,COMP-Y-DENSIF-STRENGTH,Densif. strength,New_VF30.xlsx,VF30,HK10,6.0850462690255664,True
VF30_C14,COMP-Y-DENSIFI-STRAIN,Densifi. strain,New_VF30.xlsx,VF30,HL10,0.6712250179722371,True
VF30_C14,COMP-Y-EAE,EAE,New_VF30.xlsx,VF30,HM10,34.35789630326175,True
VF30_C14,COMP-Y-SE,SE,New_VF30.xlsx,VF30,HN10,0.34905356009413535,True
VF30_C14,COMP-Y-TOTAL-ENERGY,Total energy,New_VF30.xlsx,VF30,HK12,5.324176691838402,True
VF30_C14,COMP-Y-SEA,SEA,New_VF30.xlsx,VF30,HL12,12.083104843718216,True
VF30_C14,COMP-Y-MAX-PLATEAU-STRESS,Max. Plateau stress,New_VF30.xlsx,VF30,HM12,8.058418758660236,True
VF30_F1,COMP-Y-MODULUS,Modulus,New_VF30.xlsx,VF30,HZ4,350.77,True
VF30_F1,COMP-Y-COMP-STRENGTH,Com. Strength,New_VF30.xlsx,VF30,HW6,15.502982855143456,True
VF30_F1,COMP-Y-COMP-STRAIN,Com. strain,New_VF30.xlsx,VF30,HX6,0.04945385672530797,True
VF30_F1,COMP-Y-APS,APS,New_VF30.xlsx,VF30,HY6,13.25204997107165,True
VF30_F1,COMP-Y-AS,AS,New_VF30.xlsx,VF30,HZ6,9.233626151631835,True
VF30_F1,COMP-Y-YIELD-STRENGTH,Yield strength,New_VF30.xlsx,VF30,HW8,14.034279216235129,True
VF30_F1,COMP-Y-YIELD-STRAIN,Yield strain,New_VF30.xlsx,VF30,HX8,0.040653856725307955,True
VF30_F1,COMP-Y-LCC,LCC,New_VF30.xlsx,VF30,HY8,0.49978478660200765,True
VF30_F1,COMP-Y-EAS,EAS,New_VF30.xlsx,VF30,HZ8,0.04307466412711872,True
VF30_F1,COMP-Y-DENSIF-STRENGTH,Densif. strength,New_VF30.xlsx,VF30,HW10,0.1631892932120364,True
VF30_F1,COMP-Y-DENSIFI-STRAIN,Densifi. strain,New_VF30.xlsx,VF30,HX10,0.061820523391974636,True
VF30_F1,COMP-Y-EAE,EAE,New_VF30.xlsx,VF30,HY10,59.56031970046575,True
VF30_F1,COMP-Y-SE,SE,New_VF30.xlsx,VF30,HZ10,0.8548064649813497,True
VF30_F1,COMP-Y-TOTAL-ENERGY,Total energy,New_VF30.xlsx,VF30,HW12,0.5708276014997046,True
VF30_F1,COMP-Y-SEA,SEA,New_VF30.xlsx,VF30,HX12,1.3827443649398024,True
VF30_F1,COMP-Y-MAX-PLATEAU-STRESS,Max. Plateau stress,New_VF30.xlsx,VF30,HY12,13.25204997107165,True
VF30_F2,COMP-Y-MODULUS,Modulus,New_VF30.xlsx,VF30,IL4,287.95,True
VF30_F2,COMP-Y-COMP-STRENGTH,Com. Strength,New_VF30.xlsx,VF30,II6,20.711778270265803,True
VF30_F2,COMP-Y-COMP-STRAIN,Com. strain,New_VF30.xlsx,VF30,IJ6,0.8380440160932301,True
VF30_F2,COMP-Y-APS,APS,New_VF30.xlsx,VF30,IK6,8.098095526855031,True
VF30_F2,COMP-Y-AS,AS,New_VF30.xlsx,VF30,IL6,7.288855070317875,True
VF30_F2,COMP-Y-YIELD-STRENGTH,Yield strength,New_VF30.xlsx,VF30,II8,12.865903997741357,True
VF30_F2,COMP-Y-YIELD-STRAIN,Yield strain,New_VF30.xlsx,VF30,IJ8,0.04628246217494475,True
VF30_F2,COMP-Y-LCC,LCC,New_VF30.xlsx,VF30,IK8,0.4911431804827241,True
VF30_F2,COMP-Y-EAS,EAS,New_VF30.xlsx,VF30,IL8,0.07608078576573749,True
VF30_F2,COMP-Y-DENSIF-STRENGTH,Densif. strength,New_VF30.xlsx,VF30,II10,1.629016268447872,True
VF30_F2,COMP-Y-DENSIFI-STRAIN,Densifi. strain,New_VF30.xlsx,VF30,IJ10,0.08452760618030308,True
VF30_F2,COMP-Y-EAE,EAE,New_VF30.xlsx,VF30,IK10,35.19183613886928,True
VF30_F2,COMP-Y-SE,SE,New_VF30.xlsx,VF30,IL10,0.3909898716171948,True
VF30_F2,COMP-Y-TOTAL-ENERGY,Total energy,New_VF30.xlsx,VF30,II12,0.6161094708891347,True
VF30_F2,COMP-Y-SEA,SEA,New_VF30.xlsx,VF30,IJ12,1.5202062085731631,True
VF30_F2,COMP-Y-MAX-PLATEAU-STRESS,Max. Plateau stress,New_VF30.xlsx,VF30,IK12,8.098095526855031,True
VF30_L1,COMP-Y-MODULUS,Modulus,New_VF30.xlsx,VF30,IX4,465.36,True
VF30_L1,COMP-Y-COMP-STRENGTH,Com. Strength,New_VF30.xlsx,VF30,IU6,20.89753196503381,True
VF30_L1,COMP-Y-COMP-STRAIN,Com. strain,New_VF30.xlsx,VF30,IV6,0.04789679176881867,True
VF30_L1,COMP-Y-APS,APS,New_VF30.xlsx,VF30,IW6,19.14559039885893,True
VF30_L1,COMP-Y-AS,AS,New_VF30.xlsx,VF30,IX6,11.743637815506412,True
VF30_L1,COMP-Y-YIELD-STRENGTH,Yield strength,New_VF30.xlsx,VF30,IU8,19.75888439001594,True
VF30_L1,COMP-Y-YIELD-STRAIN,Yield strain,New_VF30.xlsx,VF30,IV8,0.04444622773431302,True
VF30_L1,COMP-Y-LCC,LCC,New_VF30.xlsx,VF30,IW8,0.6452908525016327,True
VF30_L1,COMP-Y-EAS,EAS,New_VF30.xlsx,VF30,IX8,0.03292033709009132,True
VF30_L1,COMP-Y-DENSIF-STRENGTH,Densif. strength,New_VF30.xlsx,VF30,IU10,0.3348963455934906,True
VF30_L1,COMP-Y-DENSIFI-STRAIN,Densifi. strain,New_VF30.xlsx,VF30,IV10,0.05366985082654925,True
VF30_L1,COMP-Y-EAE,EAE,New_VF30.xlsx,VF30,IW10,56.19629071584201,True
VF30_L1,COMP-Y-SE,SE,New_VF30.xlsx,VF30,IX10,0.9161651448072304,True
VF30_L1,COMP-Y-TOTAL-ENERGY,Total energy,New_VF30.xlsx,VF30,IU12,0.6302792897192518,True
VF30_L1,COMP-Y-SEA,SEA,New_VF30.xlsx,VF30,IV12,1.5666021599982063,True
VF30_L1,COMP-Y-MAX-PLATEAU-STRESS,Max. Plateau stress,New_VF30.xlsx,VF30,IW12,19.14559039885893,True
VF30_L2,COMP-Y-MODULUS,Modulus,New_VF30.xlsx,VF30,JJ4,315.98,True
VF30_L2,COMP-Y-COMP-STRENGTH,Com. Strength,New_VF30.xlsx,VF30,JG6,15.676018433430535,True
VF30_L2,COMP-Y-COMP-STRAIN,Com. strain,New_VF30.xlsx,VF30,JH6,0.05332828126618596,True
VF30_L2,COMP-Y-APS,APS,New_VF30.xlsx,VF30,JI6,12.671582333754335,True
VF30_L2,COMP-Y-AS,AS,New_VF30.xlsx,VF30,JJ6,8.886664932903306,True
VF30_L2,COMP-Y-YIELD-STRENGTH,Yield strength,New_VF30.xlsx,VF30,JG8,14.937533625003404,True
VF30_L2,COMP-Y-YIELD-STRAIN,Yield strain,New_VF30.xlsx,VF30,JH8,0.049258704633432425,True
VF30_L2,COMP-Y-LCC,LCC,New_VF30.xlsx,VF30,JI8,0.5272598605406246,True
VF30_L2,COMP-Y-EAS,EAS,New_VF30.xlsx,VF30,JJ8,0.045155971142546505,True
VF30_L2,COMP-Y-DENSIF-STRENGTH,Densif. strength,New_VF30.xlsx,VF30,JG10,0.30210742162928234,True
VF30_L2,COMP-Y-DENSIFI-STRAIN,Densifi. strain,New_VF30.xlsx,VF30,JH10,0.06438834034068547,True
VF30_L2,COMP-Y-EAE,EAE,New_VF30.xlsx,VF30,JI10,56.689553987456954,True
VF30_L2,COMP-Y-SE,SE,New_VF30.xlsx,VF30,JJ10,0.8083418878055817,True
VF30_L2,COMP-Y-TOTAL-ENERGY,Total energy,New_VF30.xlsx,VF30,JG12,0.5721976061934129,True
VF30_L2,COMP-Y-SEA,SEA,New_VF30.xlsx,VF30,JH12,1.4255425903393166,True
VF30_L2,COMP-Y-MAX-PLATEAU-STRESS,Max. Plateau stress,New_VF30.xlsx,VF30,JI12,12.671582333754335,True
VF30_L3,COMP-Y-MODULUS,Modulus,New_VF30.xlsx,VF30,JV4,392.72,True
VF30_L3,COMP-Y-COMP-STRENGTH,Com. Strength,New_VF30.xlsx,VF30,JS6,23.469044089647017,True
VF30_L3,COMP-Y-COMP-STRAIN,Com. strain,New_VF30.xlsx,VF30,JT6,0.7840392616695818,True
VF30_L3,COMP-Y-APS,APS,New_VF30.xlsx,VF30,JU6,8.023136062581791,True
VF30_L3,COMP-Y-AS,AS,New_VF30.xlsx,VF30,JV6,7.955959063193926,True
VF30_L3,COMP-Y-YIELD-STRENGTH,Yield strength,New_VF30.xlsx,VF30,JS8,14.982731388901838,True
VF30_L3,COMP-Y-YIELD-STRAIN,Yield strain,New_VF30.xlsx,VF30,JT8,0.0401351977122201,True
VF30_L3,COMP-Y-LCC,LCC,New_VF30.xlsx,VF30,JU8,0.5726830886468138,True
VF30_L3,COMP-Y-EAS,EAS,New_VF30.xlsx,VF30,JV8,0.14992855358574375,True
VF30_L3,COMP-Y-DENSIF-STRENGTH,Densif. strength,New_VF30.xlsx,VF30,JS10,1.7557888346369341,True
VF30_L3,COMP-Y-DENSIFI-STRAIN,Densifi. strain,New_VF30.xlsx,VF30,JT10,0.15119449151635067,True
VF30_L3,COMP-Y-EAE,EAE,New_VF30.xlsx,VF30,JU10,33.89980023389008,True
VF30_L3,COMP-Y-SE,SE,New_VF30.xlsx,VF30,JV10,0.34186036857466495,True
VF30_L3,COMP-Y-TOTAL-ENERGY,Total energy,New_VF30.xlsx,VF30,JS12,1.2028971850845072,True
VF30_L3,COMP-Y-SEA,SEA,New_VF30.xlsx,VF30,JT12,2.612551238081754,True
VF30_L3,COMP-Y-MAX-PLATEAU-STRESS,Max. Plateau stress,New_VF30.xlsx,VF30,JU12,8.023136062581791,True
VF30_L4,COMP-Y-MODULUS,Modulus,New_VF30.xlsx,VF30,KH4,396.76,True
VF30_L4,COMP-Y-COMP-STRENGTH,Com. Strength,New_VF30.xlsx,VF30,KE6,22.680495403828274,True
VF30_L4,COMP-Y-COMP-STRAIN,Com. strain,New_VF30.xlsx,VF30,KF6,0.8656719879157877,True
VF30_L4,COMP-Y-APS,APS,New_VF30.xlsx,VF30,KG6,10.000633676867425,True
VF30_L4,COMP-Y-AS,AS,New_VF30.xlsx,VF30,KH6,9.388366680419846,True
VF30_L4,COMP-Y-YIELD-STRENGTH,Yield strength,New_VF30.xlsx,VF30,KE8,14.965815945299823,True
VF30_L4,COMP-Y-YIELD-STRAIN,Yield strain,New_VF30.xlsx,VF30,KF8,0.03967932858979504,True
VF30_L4,COMP-Y-LCC,LCC,New_VF30.xlsx,VF30,KG8,0.45013558306414375,True
VF30_L4,COMP-Y-EAS,EAS,New_VF30.xlsx,VF30,KH8,0.1336963257022953,True
VF30_L4,COMP-Y-DENSIF-STRENGTH,Densif. strength,New_VF30.xlsx,VF30,KE10,2.615706769200633,True
VF30_L4,COMP-Y-DENSIFI-STRAIN,Densifi. strain,New_VF30.xlsx,VF30,KF10,0.1424153979925311,True
VF30_L4,COMP-Y-EAE,EAE,New_VF30.xlsx,VF30,KG10,41.39401063891739,True
VF30_L4,COMP-Y-SE,SE,New_VF30.xlsx,VF30,KH10,0.4409354160394311,True
VF30_L4,COMP-Y-TOTAL-ENERGY,Total energy,New_VF30.xlsx,VF30,KE12,1.3370479772918105,True
VF30_L4,COMP-Y-SEA,SEA,New_VF30.xlsx,VF30,KF12,3.2856721899648322,True
VF30_L4,COMP-Y-MAX-PLATEAU-STRESS,Max. Plateau stress,New_VF30.xlsx,VF30,KG12,10.000633676867425,True
VF30_L5,COMP-Y-MODULUS,Modulus,New_VF30.xlsx,VF30,KT4,391.79,True
VF30_L5,COMP-Y-COMP-STRENGTH,Com. Strength,New_VF30.xlsx,VF30,KQ6,15.219521237552259,True
VF30_L5,COMP-Y-COMP-STRAIN,Com. strain,New_VF30.xlsx,VF30,KR6,0.05033496749727337,True
VF30_L5,COMP-Y-APS,APS,New_VF30.xlsx,VF30,KS6,13.403866247961004,True
VF30_L5,COMP-Y-AS,AS,New_VF30.xlsx,VF30,KT6,9.926237860223063,True
VF30_L5,COMP-Y-YIELD-STRENGTH,Yield strength,New_VF30.xlsx,VF30,KQ8,13.874692852337514,True
VF30_L5,COMP-Y-YIELD-STRAIN,Yield strain,New_VF30.xlsx,VF30,KR8,0.03725366940426568,True
VF30_L5,COMP-Y-LCC,LCC,New_VF30.xlsx,VF30,KS8,0.42396671151329546,True
VF30_L5,COMP-Y-EAS,EAS,New_VF30.xlsx,VF30,KT8,0.04899455800291892,True
VF30_L5,COMP-Y-DENSIF-STRENGTH,Densif. strength,New_VF30.xlsx,VF30,KQ10,0.3936083078677309,True
VF30_L5,COMP-Y-DENSIFI-STRAIN,Densifi. strain,New_VF30.xlsx,VF30,KR10,0.06615965802922386,True
VF30_L5,COMP-Y-EAE,EAE,New_VF30.xlsx,VF30,KS10,65.22043437037505,True
VF30_L5,COMP-Y-SE,SE,New_VF30.xlsx,VF30,KT10,0.880702227011494,True
VF30_L5,COMP-Y-TOTAL-ENERGY,Total energy,New_VF30.xlsx,VF30,KQ12,0.6567165023490926,True
VF30_L5,COMP-Y-SEA,SEA,New_VF30.xlsx,VF30,KR12,1.5987340165510977,True
VF30_L5,COMP-Y-MAX-PLATEAU-STRESS,Max. Plateau stress,New_VF30.xlsx,VF30,KS12,13.403866247961004,True
VF30_L6,COMP-Y-MODULUS,Modulus,New_VF30.xlsx,VF30,LF4,197.6,True
VF30_L6,COMP-Y-COMP-STRENGTH,Com. Strength,New_VF30.xlsx,VF30,LC6,20.550629878206724,True
VF30_L6,COMP-Y-COMP-STRAIN,Com. strain,New_VF30.xlsx,VF30,LD6,0.79443308239991,True
VF30_L6,COMP-Y-APS,APS,New_VF30.xlsx,VF30,LE6,11.318476896195506,True
VF30_L6,COMP-Y-AS,AS,New_VF30.xlsx,VF30,LF6,9.153933482899623,True
VF30_L6,COMP-Y-YIELD-STRENGTH,Yield strength,New_VF30.xlsx,VF30,LC8,10.929046232129513,True
VF30_L6,COMP-Y-YIELD-STRAIN,Yield strain,New_VF30.xlsx,VF30,LD8,0.05729594526277276,True
VF30_L6,COMP-Y-LCC,LCC,New_VF30.xlsx,VF30,LE8,0.34916341720187216,True
VF30_L6,COMP-Y-EAS,EAS,New_VF30.xlsx,VF30,LF8,0.12179058062539172,True
VF30_L6,COMP-Y-DENSIF-STRENGTH,Densif. strength,New_VF30.xlsx,VF30,LC10,5.464523116064757,True
VF30_L6,COMP-Y-DENSIFI-STRAIN,Densifi. strain,New_VF30.xlsx,VF30,LD10,0.1505892385560661,True
VF30_L6,COMP-Y-EAE,EAE,New_VF30.xlsx,VF30,LE10,44.54332318352476,True
VF30_L6,COMP-Y-SE,SE,New_VF30.xlsx,VF30,LF10,0.5507605831682261,True
VF30_L6,COMP-Y-TOTAL-ENERGY,Total energy,New_VF30.xlsx,VF30,LC12,1.3784838729827322,True
VF30_L6,COMP-Y-SEA,SEA,New_VF30.xlsx,VF30,LD12,3.429901342739102,True
VF30_L6,COMP-Y-MAX-PLATEAU-STRESS,Max. Plateau stress,New_VF30.xlsx,VF30,LE12,11.318476896195506,True
VF30_L7,COMP-Y-MODULUS,Modulus,New_VF30.xlsx,VF30,LR4,260.2,True
VF30_L7,COMP-Y-COMP-STRENGTH,Com. Strength,New_VF30.xlsx,VF30,LO6,19.97938144531181,True
VF30_L7,COMP-Y-COMP-STRAIN,Com. strain,New_VF30.xlsx,VF30,LP6,0.8106917864861255,True
VF30_L7,COMP-Y-APS,APS,New_VF30.xlsx,VF30,LQ6,7.077553803333445,True
VF30_L7,COMP-Y-AS,AS,New_VF30.xlsx,VF30,LR6,6.705156207569916,True
VF30_L7,COMP-Y-YIELD-STRENGTH,Yield strength,New_VF30.xlsx,VF30,LO8,11.961973160676251,True
VF30_L7,COMP-Y-YIELD-STRAIN,Yield strain,New_VF30.xlsx,VF30,LP8,0.04796300112838844,True
VF30_L7,COMP-Y-LCC,LCC,New_VF30.xlsx,VF30,LQ8,0.42759206985303216,True
VF30_L7,COMP-Y-EAS,EAS,New_VF30.xlsx,VF30,LR8,0.10773649659411585,True
VF30_L7,COMP-Y-DENSIF-STRENGTH,Densif. strength,New_VF30.xlsx,VF30,LO10,3.30317221326985,True
VF30_L7,COMP-Y-DENSIFI-STRAIN,Densifi. strain,New_VF30.xlsx,VF30,LP10,0.11372007267580941,True
VF30_L7,COMP-Y-EAE,EAE,New_VF30.xlsx,VF30,LQ10,33.56037936371293,True
VF30_L7,COMP-Y-SE,SE,New_VF30.xlsx,VF30,LR10,0.35424288898564493,True
VF30_L7,COMP-Y-TOTAL-ENERGY,Total energy,New_VF30.xlsx,VF30,LO12,0.7625108512275054,True
VF30_L7,COMP-Y-SEA,SEA,New_VF30.xlsx,VF30,LP12,1.8149108453565101,True
VF30_L7,COMP-Y-MAX-PLATEAU-STRESS,Max. Plateau stress,New_VF30.xlsx,VF30,LQ12,7.077553803333445,True
VF30_L8,COMP-Y-MODULUS,Modulus,New_VF30.xlsx,VF30,MD4,263.5,True
VF30_L8,COMP-Y-COMP-STRENGTH,Com. Strength,New_VF30.xlsx,VF30,MA6,19.71304794245592,True
VF30_L8,COMP-Y-COMP-STRAIN,Com. strain,New_VF30.xlsx,VF30,MB6,0.8023973009716411,True
VF30_L8,COMP-Y-APS,APS,New_VF30.xlsx,VF30,MC6,11.564479396400682,True
VF30_L8,COMP-Y-AS,AS,New_VF30.xlsx,VF30,MD6,8.1632467303507,True
VF30_L8,COMP-Y-YIELD-STRENGTH,Yield strength,New_VF30.xlsx,VF30,MA8,12.636569193882,True
VF30_L8,COMP-Y-YIELD-STRAIN,Yield strain,New_VF30.xlsx,VF30,MB8,0.04992734102504563,True
VF30_L8,COMP-Y-LCC,LCC,New_VF30.xlsx,VF30,MC8,0.5252761980406335,True
VF30_L8,COMP-Y-EAS,EAS,New_VF30.xlsx,VF30,MD8,0.05225428831605082,True
VF30_L8,COMP-Y-DENSIF-STRENGTH,Densif. strength,New_VF30.xlsx,VF30,MA10,0.404370214204224,True
VF30_L8,COMP-Y-DENSIFI-STRAIN,Densifi. strain,New_VF30.xlsx,VF30,MB10,0.07402613942290945,True
VF30_L8,COMP-Y-EAE,EAE,New_VF30.xlsx,VF30,MC10,41.4103732420269,True
VF30_L8,COMP-Y-SE,SE,New_VF30.xlsx,VF30,MD10,0.5866408599095579,True
VF30_L8,COMP-Y-TOTAL-ENERGY,Total energy,New_VF30.xlsx,VF30,MA12,0.6042936406045506,True
VF30_L8,COMP-Y-SEA,SEA,New_VF30.xlsx,VF30,MB12,1.5113366407818263,True
VF30_L8,COMP-Y-MAX-PLATEAU-STRESS,Max. Plateau stress,New_VF30.xlsx,VF30,MC12,11.564479396400682,True
VF30_L9,COMP-Y-MODULUS,Modulus,New_VF30.xlsx,VF30,MP4,115.64,True
VF30_L9,COMP-Y-COMP-STRENGTH,Com. Strength,New_VF30.xlsx,VF30,MM6,8.88824081083213,True
VF30_L9,COMP-Y-COMP-STRAIN,Com. strain,New_VF30.xlsx,VF30,MN6,0.817507743568439,True
VF30_L9,COMP-Y-APS,APS,New_VF30.xlsx,VF30,MO6,2.429420137215178,True
VF30_L9,COMP-Y-AS,AS,New_VF30.xlsx,VF30,MP6,2.457659474861572,True
VF30_L9,COMP-Y-YIELD-STRENGTH,Yield strength,New_VF30.xlsx,VF30,MM8,5.158354042000789,True
VF30_L9,COMP-Y-YIELD-STRAIN,Yield strain,New_VF30.xlsx,VF30,MN8,0.04656700034781641,True
VF30_L9,COMP-Y-LCC,LCC,New_VF30.xlsx,VF30,MO8,0.43507774465319504,True
VF30_L9,COMP-Y-EAS,EAS,New_VF30.xlsx,VF30,MP8,0.36336352927898447,True
VF30_L9,COMP-Y-DENSIF-STRENGTH,Densif. strength,New_VF30.xlsx,VF30,MM10,1.1903893943078743,True
VF30_L9,COMP-Y-DENSIFI-STRAIN,Densifi. strain,New_VF30.xlsx,VF30,MN10,0.3591883595711174,True
VF30_L9,COMP-Y-EAE,EAE,New_VF30.xlsx,VF30,MO10,27.650685069945602,True
VF30_L9,COMP-Y-SE,SE,New_VF30.xlsx,VF30,MP10,0.27332969357158227,True
VF30_L9,COMP-Y-TOTAL-ENERGY,Total energy,New_VF30.xlsx,VF30,MM12,0.8827626751599418,True
VF30_L9,COMP-Y-SEA,SEA,New_VF30.xlsx,VF30,MN12,2.5997227330446426,True
VF30_L9,COMP-Y-MAX-PLATEAU-STRESS,Max. Plateau stress,New_VF30.xlsx,VF30,MO12,2.429420137215178,True
VF30_L10,COMP-Y-MODULUS,Modulus,New_VF30.xlsx,VF30,NB4,165.9,True
VF30_L10,COMP-Y-COMP-STRENGTH,Com. Strength,New_VF30.xlsx,VF30,MY6,5.706832650383624,True
VF30_L10,COMP-Y-COMP-STRAIN,Com. strain,New_VF30.xlsx,VF30,MZ6,0.03775851804563721,True
VF30_L10,COMP-Y-APS,APS,New_VF30.xlsx,VF30,NA6,5.421757070668654,True
VF30_L10,COMP-Y-AS,AS,New_VF30.xlsx,VF30,NB6,3.0637470275615706,True
VF30_L10,COMP-Y-YIELD-STRENGTH,Yield strength,New_VF30.xlsx,VF30,MY8,5.360964004905828,True
VF30_L10,COMP-Y-YIELD-STRAIN,Yield strain,New_VF30.xlsx,VF30,MZ8,0.034258518045637204,True
VF30_L10,COMP-Y-LCC,LCC,New_VF30.xlsx,VF30,NA8,0.7784827912140335,True
VF30_L10,COMP-Y-EAS,EAS,New_VF30.xlsx,VF30,NB8,0.0218076295948533,True
VF30_L10,COMP-Y-DENSIF-STRENGTH,Densif. strength,New_VF30.xlsx,VF30,MY10,0.24210805183445677,True
VF30_L10,COMP-Y-DENSIFI-STRAIN,Densifi. strain,New_VF30.xlsx,VF30,MZ10,0.03859185137897054,True
VF30_L10,COMP-Y-EAE,EAE,New_VF30.xlsx,VF30,NA10,53.68559436127184,True
VF30_L10,COMP-Y-SE,SE,New_VF30.xlsx,VF30,NB10,0.9500466200466198,True
VF30_L10,COMP-Y-TOTAL-ENERGY,Total energy,New_VF30.xlsx,VF30,MY12,0.11823566995041888,True
VF30_L10,COMP-Y-SEA,SEA,New_VF30.xlsx,VF30,MZ12,0.3035113840580818,True
VF30_L10,COMP-Y-MAX-PLATEAU-STRESS,Max. Plateau stress,New_VF30.xlsx,VF30,NA12,5.421757070668654,True
VF30_L11,COMP-Y-MODULUS,Modulus,New_VF30.xlsx,VF30,NN4,262.61,True
VF30_L11,COMP-Y-COMP-STRENGTH,Com. Strength,New_VF30.xlsx,VF30,NK6,10.800566356733176,True
VF30_L11,COMP-Y-COMP-STRAIN,Com. strain,New_VF30.xlsx,VF30,NL6,0.0401714805960985,True
VF30_L11,COMP-Y-APS,APS,New_VF30.xlsx,VF30,NM6,8.563558557347482,True
VF30_L11,COMP-Y-AS,AS,New_VF30.xlsx,VF30,NN6,5.786126592824618,True
VF30_L11,COMP-Y-YIELD-STRENGTH,Yield strength,New_VF30.xlsx,VF30,NK8,9.98234163273824,True
VF30_L11,COMP-Y-YIELD-STRAIN,Yield strain,New_VF30.xlsx,VF30,NL8,0.03707869709094386,True
VF30_L11,COMP-Y-LCC,LCC,New_VF30.xlsx,VF30,NM8,0.5652958277582303,True
VF30_L11,COMP-Y-EAS,EAS,New_VF30.xlsx,VF30,NN8,0.03296229515746316,True
VF30_L11,COMP-Y-DENSIF-STRENGTH,Densif. strength,New_VF30.xlsx,VF30,NK10,0.16364494479898756,True
VF30_L11,COMP-Y-DENSIFI-STRAIN,Densifi. strain,New_VF30.xlsx,VF30,NL10,0.04878471637927109,True
VF30_L11,COMP-Y-EAE,EAE,New_VF30.xlsx,VF30,NM10,53.57243686778973,True
VF30_L11,COMP-Y-SE,SE,New_VF30.xlsx,VF30,NN10,0.7928805096418743,True
VF30_L11,COMP-Y-TOTAL-ENERGY,Total energy,New_VF30.xlsx,VF30,NK12,0.2822745447655072,True
VF30_L11,COMP-Y-SEA,SEA,New_VF30.xlsx,VF30,NL12,0.685676998230778,True
VF30_L11,COMP-Y-MAX-PLATEAU-STRESS,Max. Plateau stress,New_VF30.xlsx,VF30,NM12,8.563558557347482,True
VF30_L12,COMP-Y-MODULUS,Modulus,New_VF30.xlsx,VF30,NZ4,377.0,True
VF30_L12,COMP-Y-COMP-STRENGTH,Com. Strength,New_VF30.xlsx,VF30,NW6,24.502316702897257,True
VF30_L12,COMP-Y-COMP-STRAIN,Com. strain,New_VF30.xlsx,VF30,NX6,0.813696243258248,True
VF30_L12,COMP-Y-APS,APS,New_VF30.xlsx,VF30,NY6,10.15980665390569,True
VF30_L12,COMP-Y-AS,AS,New_VF30.xlsx,VF30,NZ6,9.680458771388322,True
VF30_L12,COMP-Y-YIELD-STRENGTH,Yield strength,New_VF30.xlsx,VF30,NW8,17.412979736858983,True
VF30_L12,COMP-Y-YIELD-STRAIN,Yield strain,New_VF30.xlsx,VF30,NX8,0.04805470886671355,True
VF30_L12,COMP-Y-LCC,LCC,New_VF30.xlsx,VF30,NY8,0.4358839948045112,True
VF30_L12,COMP-Y-EAS,EAS,New_VF30.xlsx,VF30,NZ8,0.10281796272925108,True
VF30_L12,COMP-Y-DENSIF-STRENGTH,Densif. strength,New_VF30.xlsx,VF30,NW10,3.430324338405616,True
VF30_L12,COMP-Y-DENSIFI-STRAIN,Densifi. strain,New_VF30.xlsx,VF30,NX10,0.1079092062212109,True
VF30_L12,COMP-Y-EAE,EAE,New_VF30.xlsx,VF30,NY10,39.508340736791084,True
VF30_L12,COMP-Y-SE,SE,New_VF30.xlsx,VF30,NZ10,0.41464677716390597,True
VF30_L12,COMP-Y-TOTAL-ENERGY,Total energy,New_VF30.xlsx,VF30,NW12,1.0446106218776723,True
VF30_L12,COMP-Y-SEA,SEA,New_VF30.xlsx,VF30,NX12,2.5328857386606614,True
VF30_L12,COMP-Y-MAX-PLATEAU-STRESS,Max. Plateau stress,New_VF30.xlsx,VF30,NY12,10.15980665390569,True
VF30_L13,COMP-Y-MODULUS,Modulus,New_VF30.xlsx,VF30,OL4,266.54,True
VF30_L13,COMP-Y-COMP-STRENGTH,Com. Strength,New_VF30.xlsx,VF30,OI6,10.763791168641452,True
VF30_L13,COMP-Y-COMP-STRAIN,Com. strain,New_VF30.xlsx,VF30,OJ6,0.043726961405913874,True
VF30_L13,COMP-Y-APS,APS,New_VF30.xlsx,VF30,OK6,10.374378388918434,True
VF30_L13,COMP-Y-AS,AS,New_VF30.xlsx,VF30,OL6,6.028968200785843,True
VF30_L13,COMP-Y-YIELD-STRENGTH,Yield strength,New_VF30.xlsx,VF30,OI8,10.624903540658982,True
VF30_L13,COMP-Y-YIELD-STRAIN,Yield strain,New_VF30.xlsx,VF30,OJ8,0.0412928166910089,True
VF30_L13,COMP-Y-LCC,LCC,New_VF30.xlsx,VF30,OK8,0.7315654324660976,True
VF30_L13,COMP-Y-EAS,EAS,New_VF30.xlsx,VF30,OL8,0.027058607446413745,True
VF30_L13,COMP-Y-DENSIF-STRENGTH,Densif. strength,New_VF30.xlsx,VF30,OI10,1.3194324658334684,True
VF30_L13,COMP-Y-DENSIFI-STRAIN,Densifi. strain,New_VF30.xlsx,VF30,OJ10,0.04656123949861144,True
VF30_L13,COMP-Y-EAE,EAE,New_VF30.xlsx,VF30,OK10,56.01156791623993,True
VF30_L13,COMP-Y-SE,SE,New_VF30.xlsx,VF30,OL10,0.9638219681502639,True
VF30_L13,COMP-Y-TOTAL-ENERGY,Total energy,New_VF30.xlsx,VF30,OI12,0.28071623232630216,True
VF30_L13,COMP-Y-SEA,SEA,New_VF30.xlsx,VF30,OJ12,0.723413103938362,True
VF30_L13,COMP-Y-MAX-PLATEAU-STRESS,Max. Plateau stress,New_VF30.xlsx,VF30,OK12,10.374378388918434,True
VF30_L14,COMP-Y-MODULUS,Modulus,New_VF30.xlsx,VF30,OX4,199.63,True
VF30_L14,COMP-Y-COMP-STRENGTH,Com. Strength,New_VF30.xlsx,VF30,OU6,17.055201481104863,True
VF30_L14,COMP-Y-COMP-STRAIN,Com. strain,New_VF30.xlsx,VF30,OV6,0.8575448917679607,True
VF30_L14,COMP-Y-APS,APS,New_VF30.xlsx,VF30,OW6,2.8535558910285697,True
VF30_L14,COMP-Y-AS,AS,New_VF30.xlsx,VF30,OX6,3.725208508421935,True
VF30_L14,COMP-Y-YIELD-STRENGTH,Yield strength,New_VF30.xlsx,VF30,OU8,10.709860772583564,True
VF30_L14,COMP-Y-YIELD-STRAIN,Yield strain,New_VF30.xlsx,VF30,OV8,0.05116759627547319,True
VF30_L14,COMP-Y-LCC,LCC,New_VF30.xlsx,VF30,OW8,0.9340439533421941,True
VF30_L14,COMP-Y-EAS,EAS,New_VF30.xlsx,VF30,OX8,0.19686406967039857,True
VF30_L14,COMP-Y-DENSIF-STRENGTH,Densif. strength,New_VF30.xlsx,VF30,OU10,0.2350126188341221,True
VF30_L14,COMP-Y-DENSIFI-STRAIN,Densifi. strain,New_VF30.xlsx,VF30,OV10,0.15080031747747652,True
VF30_L14,COMP-Y-EAE,EAE,New_VF30.xlsx,VF30,OW10,21.84206684716697,True
VF30_L14,COMP-Y-SE,SE,New_VF30.xlsx,VF30,OX10,0.1673129393510813,True
VF30_L14,COMP-Y-TOTAL-ENERGY,Total energy,New_VF30.xlsx,VF30,OU12,0.5617626257398246,True
VF30_L14,COMP-Y-SEA,SEA,New_VF30.xlsx,VF30,OV12,1.3997847560287835,True
VF30_L14,COMP-Y-MAX-PLATEAU-STRESS,Max. Plateau stress,New_VF30.xlsx,VF30,OW12,2.8535558910285697,True
VF30_L15,COMP-Y-MODULUS,Modulus,New_VF30.xlsx,VF30,PJ4,322.9,True
VF30_L15,COMP-Y-COMP-STRENGTH,Com. Strength,New_VF30.xlsx,VF30,PG6,18.680587379521764,True
VF30_L15,COMP-Y-COMP-STRAIN,Com. strain,New_VF30.xlsx,VF30,PH6,0.8954712879707567,True
VF30_L15,COMP-Y-APS,APS,New_VF30.xlsx,VF30,PI6,10.428515589187931,True
VF30_L15,COMP-Y-AS,AS,New_VF30.xlsx,VF30,PJ6,9.105427998836703,True
VF30_L15,COMP-Y-YIELD-STRENGTH,Yield strength,New_VF30.xlsx,VF30,PG8,15.490416647455547,True
VF30_L15,COMP-Y-YIELD-STRAIN,Yield strain,New_VF30.xlsx,VF30,PH8,0.04982634116224606,True
VF30_L15,COMP-Y-LCC,LCC,New_VF30.xlsx,VF30,PI8,0.475005733234142,True
VF30_L15,COMP-Y-EAS,EAS,New_VF30.xlsx,VF30,PJ8,0.07717592503958953,True
VF30_L15,COMP-Y-DENSIF-STRENGTH,Densif. strength,New_VF30.xlsx,VF30,PG10,0.4604370128755364,True
VF30_L15,COMP-Y-DENSIFI-STRAIN,Densifi. strain,New_VF30.xlsx,VF30,PH10,0.08839017094948011,True
VF30_L15,COMP-Y-EAE,EAE,New_VF30.xlsx,VF30,PI10,48.74272855476886,True
VF30_L15,COMP-Y-SE,SE,New_VF30.xlsx,VF30,PJ10,0.5582541585721223,True
VF30_L15,COMP-Y-TOTAL-ENERGY,Total energy,New_VF30.xlsx,VF30,PG12,0.8048303373853587,True
VF30_L15,COMP-Y-SEA,SEA,New_VF30.xlsx,VF30,PH12,1.9645442072435197,True
VF30_L15,COMP-Y-MAX-PLATEAU-STRESS,Max. Plateau stress,New_VF30.xlsx,VF30,PI12,10.428515589187931,True
VF30_L16,COMP-Y-MODULUS,Modulus,New_VF30.xlsx,VF30,PV4,448.75,True
VF30_L16,COMP-Y-COMP-STRENGTH,Com. Strength,New_VF30.xlsx,VF30,PS6,15.793770184280529,True
VF30_L16,COMP-Y-COMP-STRAIN,Com. strain,New_VF30.xlsx,VF30,PT6,0.04053041670828507,True
VF30_L16,COMP-Y-APS,APS,New_VF30.xlsx,VF30,PU6,13.395798286805178,True
VF30_L16,COMP-Y-AS,AS,New_VF30.xlsx,VF30,PV6,9.27595064084043,True
VF30_L16,COMP-Y-YIELD-STRENGTH,Yield strength,New_VF30.xlsx,VF30,PS8,15.124857564711004,True
VF30_L16,COMP-Y-YIELD-STRAIN,Yield strain,New_VF30.xlsx,VF30,PT8,0.03566930559717396,True
VF30_L16,COMP-Y-LCC,LCC,New_VF30.xlsx,VF30,PU8,0.5155542010130044,True
VF30_L16,COMP-Y-EAS,EAS,New_VF30.xlsx,VF30,PV8,0.03293964747027064,True
VF30_L16,COMP-Y-DENSIF-STRENGTH,Densif. strength,New_VF30.xlsx,VF30,PS10,0.297294497586457,True
VF30_L16,COMP-Y-DENSIFI-STRAIN,Densifi. strain,New_VF30.xlsx,VF30,PT10,0.04756955812242648,True
VF30_L16,COMP-Y-EAE,EAE,New_VF30.xlsx,VF30,PU10,58.731705809375036,True
VF30_L16,COMP-Y-SE,SE,New_VF30.xlsx,VF30,PV10,0.8481697612732113,True
VF30_L16,COMP-Y-TOTAL-ENERGY,Total energy,New_VF30.xlsx,VF30,PS12,0.44125287315021794,True
VF30_L16,COMP-Y-SEA,SEA,New_VF30.xlsx,VF30,PT12,1.2170255786465793,True
VF30_L16,COMP-Y-MAX-PLATEAU-STRESS,Max. Plateau stress,New_VF30.xlsx,VF30,PU12,13.395798286805178,True
VF30_L17,COMP-Y-MODULUS,Modulus,New_VF30.xlsx,VF30,QH4,390.23,True
VF30_L17,COMP-Y-COMP-STRENGTH,Com. Strength,New_VF30.xlsx,VF30,QE6,19.304058944809057,True
VF30_L17,COMP-Y-COMP-STRAIN,Com. strain,New_VF30.xlsx,VF30,QF6,0.8142040641101485,True
VF30_L17,COMP-Y-APS,APS,New_VF30.xlsx,VF30,QG6,5.906397295641944,True
VF30_L17,COMP-Y-AS,AS,New_VF30.xlsx,VF30,QH6,6.855183310350726,True
VF30_L17,COMP-Y-YIELD-STRENGTH,Yield strength,New_VF30.xlsx,VF30,QE8,15.633338058869132,True
VF30_L17,COMP-Y-YIELD-STRAIN,Yield strain,New_VF30.xlsx,VF30,QF8,0.042022609807279926,True
VF30_L17,COMP-Y-LCC,LCC,New_VF30.xlsx,VF30,QG8,0.6944856619555414,True
VF30_L17,COMP-Y-EAS,EAS,New_VF30.xlsx,VF30,QH8,0.11443144768672027,True
VF30_L17,COMP-Y-DENSIF-STRENGTH,Densif. strength,New_VF30.xlsx,VF30,QE10,0.8521316342360533,True
VF30_L17,COMP-Y-DENSIFI-STRAIN,Densifi. strain,New_VF30.xlsx,VF30,QF10,0.09859365717218987,True
VF30_L17,COMP-Y-EAE,EAE,New_VF30.xlsx,VF30,QG10,35.51161613187113,True
VF30_L17,COMP-Y-SE,SE,New_VF30.xlsx,VF30,QH10,0.30596660073037124,True
VF30_L17,COMP-Y-TOTAL-ENERGY,Total energy,New_VF30.xlsx,VF30,QE12,0.6758775931532371,True
VF30_L17,COMP-Y-SEA,SEA,New_VF30.xlsx,VF30,QF12,1.6440562203365046,True
VF30_L17,COMP-Y-MAX-PLATEAU-STRESS,Max. Plateau stress,New_VF30.xlsx,VF30,QG12,5.906397295641944,True
VF30_L18,COMP-Y-MODULUS,Modulus,New_VF30.xlsx,VF30,QT4,405.16,True
VF30_L18,COMP-Y-COMP-STRENGTH,Com. Strength,New_VF30.xlsx,VF30,QQ6,24.02128463971032,True
VF30_L18,COMP-Y-COMP-STRAIN,Com. strain,New_VF30.xlsx,VF30,QR6,0.8259294254756888,True
VF30_L18,COMP-Y-APS,APS,New_VF30.xlsx,VF30,QS6,11.817752717489197,True
VF30_L18,COMP-Y-AS,AS,New_VF30.xlsx,VF30,QT6,9.825427699475977,True
VF30_L18,COMP-Y-YIELD-STRENGTH,Yield strength,New_VF30.xlsx,VF30,QQ8,15.763968044809898,True
VF30_L18,COMP-Y-YIELD-STRAIN,Yield strain,New_VF30.xlsx,VF30,QR8,0.04087580617273971,True
VF30_L18,COMP-Y-LCC,LCC,New_VF30.xlsx,VF30,QS8,0.48128711058248674,True
VF30_L18,COMP-Y-EAS,EAS,New_VF30.xlsx,VF30,QT8,0.06201418181470268,True
VF30_L18,COMP-Y-DENSIF-STRENGTH,Densif. strength,New_VF30.xlsx,VF30,QQ10,0.6483017161285456,True
VF30_L18,COMP-Y-DENSIFI-STRAIN,Densifi. strain,New_VF30.xlsx,VF30,QR10,0.07458894290196223,True
VF30_L18,COMP-Y-EAE,EAE,New_VF30.xlsx,VF30,QS10,40.903006840996596,True
VF30_L18,COMP-Y-SE,SE,New_VF30.xlsx,VF30,QT10,0.49197005467196825,True
VF30_L18,COMP-Y-TOTAL-ENERGY,Total energy,New_VF30.xlsx,VF30,QQ12,0.7328682656635718,True
VF30_L18,COMP-Y-SEA,SEA,New_VF30.xlsx,VF30,QR12,1.8559435484554998,True
VF30_L18,COMP-Y-MAX-PLATEAU-STRESS,Max. Plateau stress,New_VF30.xlsx,VF30,QS12,11.817752717489197,True
VF30_L18-2,COMP-Y-MODULUS,Modulus,New_VF30.xlsx,VF30,RF4,434.99,True
VF30_L18-2,COMP-Y-COMP-STRENGTH,Com. Strength,New_VF30.xlsx,VF30,RC6,19.292620583631134,True
VF30_L18-2,COMP-Y-COMP-STRAIN,Com. strain,New_VF30.xlsx,VF30,RD6,0.05276619852194199,True
VF30_L18-2,COMP-Y-APS,APS,New_VF30.xlsx,VF30,RE6,14.102685781040055,True
VF30_L18-2,COMP-Y-AS,AS,New_VF30.xlsx,VF30,RF6,11.000543064668062,True
VF30_L18-2,COMP-Y-YIELD-STRENGTH,Yield strength,New_VF30.xlsx,VF30,RC8,17.33937125278393,True
VF30_L18-2,COMP-Y-YIELD-STRAIN,Yield strain,New_VF30.xlsx,VF30,RD8,0.04185528761103108,True
VF30_L18-2,COMP-Y-LCC,LCC,New_VF30.xlsx,VF30,RE8,0.4961263695464554,True
VF30_L18-2,COMP-Y-EAS,EAS,New_VF30.xlsx,VF30,RF8,0.05360025892961586,True
VF30_L18-2,COMP-Y-DENSIF-STRENGTH,Densif. strength,New_VF30.xlsx,VF30,RC10,0.20560519272075808,True
VF30_L18-2,COMP-Y-DENSIFI-STRAIN,Densifi. strain,New_VF30.xlsx,VF30,RD10,0.06871548113789128,True
VF30_L18-2,COMP-Y-EAE,EAE,New_VF30.xlsx,VF30,RE10,57.01943402132469,True
VF30_L18-2,COMP-Y-SE,SE,New_VF30.xlsx,VF30,RF10,0.7309886036428618,True
VF30_L18-2,COMP-Y-TOTAL-ENERGY,Total energy,New_VF30.xlsx,VF30,RC12,0.7559076094667588,True
VF30_L18-2,COMP-Y-SEA,SEA,New_VF30.xlsx,VF30,RD12,1.9225020932673507,True
VF30_L18-2,COMP-Y-MAX-PLATEAU-STRESS,Max. Plateau stress,New_VF30.xlsx,VF30,RE12,14.102685781040055,True
VF30_L19,COMP-Y-MODULUS,Modulus,New_VF30.xlsx,VF30,RR4,736.46,True
VF30_L19,COMP-Y-COMP-STRENGTH,Com. Strength,New_VF30.xlsx,VF30,RO6,21.689591457248063,True
VF30_L19,COMP-Y-COMP-STRAIN,Com. strain,New_VF30.xlsx,VF30,RP6,0.030028013466007794,True
VF30_L19,COMP-Y-APS,APS,New_VF30.xlsx,VF30,RQ6,14.812571480510218,True
VF30_L19,COMP-Y-AS,AS,New_VF30.xlsx,VF30,RR6,12.100999187068002,True
VF30_L19,COMP-Y-YIELD-STRENGTH,Yield strength,New_VF30.xlsx,VF30,RO8,20.76663011864176,True
VF30_L19,COMP-Y-YIELD-STRAIN,Yield strain,New_VF30.xlsx,VF30,RP8,0.028556441559653277,True
VF30_L19,COMP-Y-LCC,LCC,New_VF30.xlsx,VF30,RQ8,0.4528000905271463,True
VF30_L19,COMP-Y-EAS,EAS,New_VF30.xlsx,VF30,RR8,0.03761857174379332,True
VF30_L19,COMP-Y-DENSIF-STRENGTH,Densif. strength,New_VF30.xlsx,VF30,RO10,0.3296290495022502,True
VF30_L19,COMP-Y-DENSIFI-STRAIN,Densifi. strain,New_VF30.xlsx,VF30,RP10,0.046048080355639905,True
VF30_L19,COMP-Y-EAE,EAE,New_VF30.xlsx,VF30,RQ10,55.79173407170923,True
VF30_L19,COMP-Y-SE,SE,New_VF30.xlsx,VF30,RR10,0.682934554563049,True
VF30_L19,COMP-Y-TOTAL-ENERGY,Total energy,New_VF30.xlsx,VF30,RO12,0.5572277829496405,True
VF30_L19,COMP-Y-SEA,SEA,New_VF30.xlsx,VF30,RP12,1.3632437510045756,True
VF30_L19,COMP-Y-MAX-PLATEAU-STRESS,Max. Plateau stress,New_VF30.xlsx,VF30,RQ12,14.812571480510218,True
VF30_L20,COMP-Y-MODULUS,Modulus,New_VF30.xlsx,VF30,SD4,792.95,True
VF30_L20,COMP-Y-COMP-STRENGTH,Com. Strength,New_VF30.xlsx,VF30,SA6,30.717553296371246,True
VF30_L20,COMP-Y-COMP-STRAIN,Com. strain,New_VF30.xlsx,VF30,SB6,0.8047392460489264,True
VF30_L20,COMP-Y-APS,APS,New_VF30.xlsx,VF30,SC6,11.350105831529527,True
VF30_L20,COMP-Y-AS,AS,New_VF30.xlsx,VF30,SD6,12.069677868484881,True
VF30_L20,COMP-Y-YIELD-STRENGTH,Yield strength,New_VF30.xlsx,VF30,SA8,24.909753602084663,True
VF30_L20,COMP-Y-YIELD-STRAIN,Yield strain,New_VF30.xlsx,VF30,SB8,0.03311040759765806,True
VF30_L20,COMP-Y-LCC,LCC,New_VF30.xlsx,VF30,SC8,0.6101839307355019,True
VF30_L20,COMP-Y-EAS,EAS,New_VF30.xlsx,VF30,SD8,0.08170656992127397,True
VF30_L20,COMP-Y-DENSIF-STRENGTH,Densif. strength,New_VF30.xlsx,VF30,SA10,1.812839210933385,True
VF30_L20,COMP-Y-DENSIFI-STRAIN,Densifi. strain,New_VF30.xlsx,VF30,SB10,0.07683537421982095,True
VF30_L20,COMP-Y-EAE,EAE,New_VF30.xlsx,VF30,SC10,39.292445436761746,True
VF30_L20,COMP-Y-SE,SE,New_VF30.xlsx,VF30,SD10,0.36949901973053134,True
VF30_L20,COMP-Y-TOTAL-ENERGY,Total energy,New_VF30.xlsx,VF30,SA12,0.9273782157377267,True
VF30_L20,COMP-Y-SEA,SEA,New_VF30.xlsx,VF30,SB12,2.3106687558702323,True
VF30_L20,COMP-Y-MAX-PLATEAU-STRESS,Max. Plateau stress,New_VF30.xlsx,VF30,SC12,11.350105831529527,True
VF30_L21,COMP-Y-MODULUS,Modulus,New_VF30.xlsx,VF30,SP4,236.16,True
VF30_L21,COMP-Y-COMP-STRENGTH,Com. Strength,New_VF30.xlsx,VF30,SM6,29.54621702996653,True
VF30_L21,COMP-Y-COMP-STRAIN,Com. strain,New_VF30.xlsx,VF30,SN6,0.8819594656360585,True
VF30_L21,COMP-Y-APS,APS,New_VF30.xlsx,VF30,SO6,9.538596244117809,True
VF30_L21,COMP-Y-AS,AS,New_VF30.xlsx,VF30,SP6,8.29027170928727,True
VF30_L21,COMP-Y-YIELD-STRENGTH,Yield strength,New_VF30.xlsx,VF30,SM8,12.119914743429415,True
VF30_L21,COMP-Y-YIELD-STRAIN,Yield strain,New_VF30.xlsx,VF30,SN8,0.053302151006799976,True
VF30_L21,COMP-Y-LCC,LCC,New_VF30.xlsx,VF30,SO8,0.45786821843091724,True
VF30_L21,COMP-Y-EAS,EAS,New_VF30.xlsx,VF30,SP8,0.12258570931167505,True
VF30_L21,COMP-Y-DENSIF-STRENGTH,Densif. strength,New_VF30.xlsx,VF30,SM10,4.678412685935189,True
VF30_L21,COMP-Y-DENSIFI-STRAIN,Densifi. strain,New_VF30.xlsx,VF30,SN10,0.14104430197540385,True
VF30_L21,COMP-Y-EAE,EAE,New_VF30.xlsx,VF30,SO10,28.05865705541614,True
VF30_L21,COMP-Y-SE,SE,New_VF30.xlsx,VF30,SP10,0.32283646445985015,True
VF30_L21,COMP-Y-TOTAL-ENERGY,Total energy,New_VF30.xlsx,VF30,SM12,1.1692955864228611,True
VF30_L21,COMP-Y-SEA,SEA,New_VF30.xlsx,VF30,SN12,2.7249080137119943,True
VF30_L21,COMP-Y-MAX-PLATEAU-STRESS,Max. Plateau stress,New_VF30.xlsx,VF30,SO12,9.538596244117809,True
VF30_L22,COMP-Y-MODULUS,Modulus,New_VF30.xlsx,VF30,TB4,349.22,True
VF30_L22,COMP-Y-COMP-STRENGTH,Com. Strength,New_VF30.xlsx,VF30,SY6,17.94432739584505,True
VF30_L22,COMP-Y-COMP-STRAIN,Com. strain,New_VF30.xlsx,VF30,SZ6,0.06752105322648831,True
VF30_L22,COMP-Y-APS,APS,New_VF30.xlsx,VF30,TA6,13.650698266583934,True
VF30_L22,COMP-Y-AS,AS,New_VF30.xlsx,VF30,TB6,11.441666693587765,True
VF30_L22,COMP-Y-YIELD-STRENGTH,Yield strength,New_VF30.xlsx,VF30,SY8,15.697155640932595,True
VF30_L22,COMP-Y-YIELD-STRAIN,Yield strain,New_VF30.xlsx,VF30,SZ8,0.04691519437162813,True
VF30_L22,COMP-Y-LCC,LCC,New_VF30.xlsx,VF30,TA8,0.4445365013134701,True
VF30_L22,COMP-Y-EAS,EAS,New_VF30.xlsx,VF30,TB8,0.09802881263224465,True
VF30_L22,COMP-Y-DENSIF-STRENGTH,Densif. strength,New_VF30.xlsx,VF30,SY10,0.6609328690918987,True
VF30_L22,COMP-Y-DENSIFI-STRAIN,Densifi. strain,New_VF30.xlsx,VF30,SZ10,0.11695514110931123,True
VF30_L22,COMP-Y-EAE,EAE,New_VF30.xlsx,VF30,TA10,63.76202596613928,True
VF30_L22,COMP-Y-SE,SE,New_VF30.xlsx,VF30,TB10,0.7607249893214001,True
VF30_L22,COMP-Y-TOTAL-ENERGY,Total energy,New_VF30.xlsx,VF30,SY12,1.3381617426742634,True
VF30_L22,COMP-Y-SEA,SEA,New_VF30.xlsx,VF30,SZ12,3.282095697626906,True
VF30_L22,COMP-Y-MAX-PLATEAU-STRESS,Max. Plateau stress,New_VF30.xlsx,VF30,TA12,13.650698266583934,True
VF30_L23,COMP-Y-MODULUS,Modulus,New_VF30.xlsx,VF30,TN4,383.84,True
VF30_L23,COMP-Y-COMP-STRENGTH,Com. Strength,New_VF30.xlsx,VF30,TK6,16.436561151846607,True
VF30_L23,COMP-Y-COMP-STRAIN,Com. strain,New_VF30.xlsx,VF30,TL6,0.0504353323188869,True
VF30_L23,COMP-Y-APS,APS,New_VF30.xlsx,VF30,TM6,9.80071003627679,True
VF30_L23,COMP-Y-AS,AS,New_VF30.xlsx,VF30,TN6,9.173845704949777,True
VF30_L23,COMP-Y-YIELD-STRENGTH,Yield strength,New_VF30.xlsx,VF30,TK8,14.317919173853902,True
VF30_L23,COMP-Y-YIELD-STRAIN,Yield strain,New_VF30.xlsx,VF30,TL8,0.03928353471569117,True
VF30_L23,COMP-Y-LCC,LCC,New_VF30.xlsx,VF30,TM8,0.47143920182599147,True
VF30_L23,COMP-Y-EAS,EAS,New_VF30.xlsx,VF30,TN8,0.1378531446502396,True
VF30_L23,COMP-Y-DENSIF-STRENGTH,Densif. strength,New_VF30.xlsx,VF30,TK10,2.426186781249707,True
VF30_L23,COMP-Y-DENSIFI-STRAIN,Densifi. strain,New_VF30.xlsx,VF30,TL10,0.14727288225230903,True
VF30_L23,COMP-Y-EAE,EAE,New_VF30.xlsx,VF30,TM10,55.813656033026824,True
VF30_L23,COMP-Y-SE,SE,New_VF30.xlsx,VF30,TN10,0.596274971737364,True
VF30_L23,COMP-Y-TOTAL-ENERGY,Total energy,New_VF30.xlsx,VF30,TK12,1.3510586983059194,True
VF30_L23,COMP-Y-SEA,SEA,New_VF30.xlsx,VF30,TL12,3.4265366147971257,True
VF30_L23,COMP-Y-MAX-PLATEAU-STRESS,Max. Plateau stress,New_VF30.xlsx,VF30,TM12,9.80071003627679,True
VF30_L24,COMP-Y-MODULUS,Modulus,New_VF30.xlsx,VF30,TZ4,504.38,True
VF30_L24,COMP-Y-COMP-STRENGTH,Com. Strength,New_VF30.xlsx,VF30,TW6,21.612151412135578,True
VF30_L24,COMP-Y-COMP-STRAIN,Com. strain,New_VF30.xlsx,VF30,TX6,0.05054001824834756,True
VF30_L24,COMP-Y-APS,APS,New_VF30.xlsx,VF30,TY6,14.973814767965548,True
VF30_L24,COMP-Y-AS,AS,New_VF30.xlsx,VF30,TZ6,12.311253775331426,True
VF30_L24,COMP-Y-YIELD-STRENGTH,Yield strength,New_VF30.xlsx,VF30,TW8,20.12165821129864,True
VF30_L24,COMP-Y-YIELD-STRAIN,Yield strain,New_VF30.xlsx,VF30,TX8,0.0418848917503449,True
VF30_L24,COMP-Y-LCC,LCC,New_VF30.xlsx,VF30,TY8,0.5033195384500074,True
VF30_L24,COMP-Y-EAS,EAS,New_VF30.xlsx,VF30,TZ8,0.05816667411288795,True
VF30_L24,COMP-Y-DENSIF-STRENGTH,Densif. strength,New_VF30.xlsx,VF30,TW10,0.7452466004184682,True
VF30_L24,COMP-Y-DENSIFI-STRAIN,Densifi. strain,New_VF30.xlsx,VF30,TX10,0.07074640972637686,True
VF30_L24,COMP-Y-EAE,EAE,New_VF30.xlsx,VF30,TY10,56.964499001327816,True
VF30_L24,COMP-Y-SE,SE,New_VF30.xlsx,VF30,TZ10,0.6928423960401048,True
VF30_L24,COMP-Y-TOTAL-ENERGY,Total energy,New_VF30.xlsx,VF30,TW12,0.870977003835001,True
VF30_L24,COMP-Y-SEA,SEA,New_VF30.xlsx,VF30,TX12,2.189773959704569,True
VF30_L24,COMP-Y-MAX-PLATEAU-STRESS,Max. Plateau stress,New_VF30.xlsx,VF30,TY12,14.973814767965548,True
VF30_L25,COMP-Y-MODULUS,Modulus,New_VF30.xlsx,VF30,UL4,323.85,True
VF30_L25,COMP-Y-COMP-STRENGTH,Com. Strength,New_VF30.xlsx,VF30,UI6,19.814106223069594,True
VF30_L25,COMP-Y-COMP-STRAIN,Com. strain,New_VF30.xlsx,VF30,UJ6,0.07621312162220598,True
VF30_L25,COMP-Y-APS,APS,New_VF30.xlsx,VF30,UK6,11.990879248264438,True
VF30_L25,COMP-Y-AS,AS,New_VF30.xlsx,VF30,UL6,10.755375593182212,True
VF30_L25,COMP-Y-YIELD-STRENGTH,Yield strength,New_VF30.xlsx,VF30,UI8,17.124562594852243,True
VF30_L25,COMP-Y-YIELD-STRAIN,Yield strain,New_VF30.xlsx,VF30,UJ8,0.05487490590982248,True
VF30_L25,COMP-Y-LCC,LCC,New_VF30.xlsx,VF30,UK8,0.49946842130922736,True
VF30_L25,COMP-Y-EAS,EAS,New_VF30.xlsx,VF30,UL8,0.1259284215973796,True
VF30_L25,COMP-Y-DENSIF-STRENGTH,Densif. strength,New_VF30.xlsx,VF30,UI10,2.2129156434699717,True
VF30_L25,COMP-Y-DENSIFI-STRAIN,Densifi. strain,New_VF30.xlsx,VF30,UJ10,0.14039421349970266,True
VF30_L25,COMP-Y-EAE,EAE,New_VF30.xlsx,VF30,UK10,54.28140675182064,True
VF30_L25,COMP-Y-SE,SE,New_VF30.xlsx,VF30,UL10,0.6051688182787391,True
VF30_L25,COMP-Y-TOTAL-ENERGY,Total energy,New_VF30.xlsx,VF30,UI12,1.5099924972987144,True
VF30_L25,COMP-Y-SEA,SEA,New_VF30.xlsx,VF30,UJ12,3.815413106503678,True
VF30_L25,COMP-Y-MAX-PLATEAU-STRESS,Max. Plateau stress,New_VF30.xlsx,VF30,UK12,11.990879248264438,True
VF30_L26,COMP-Y-MODULUS,Modulus,New_VF30.xlsx,VF30,UX4,424.54,True
VF30_L26,COMP-Y-COMP-STRENGTH,Com. Strength,New_VF30.xlsx,VF30,UU6,35.40225442909287,True
VF30_L26,COMP-Y-COMP-STRAIN,Com. strain,New_VF30.xlsx,VF30,UV6,0.13114684330215293,True
VF30_L26,COMP-Y-APS,APS,New_VF30.xlsx,VF30,UW6,23.781544104858053,True
VF30_L26,COMP-Y-AS,AS,New_VF30.xlsx,VF30,UX6,20.898834668014477,True
VF30_L26,COMP-Y-YIELD-STRENGTH,Yield strength,New_VF30.xlsx,VF30,UU8,23.90716534064551,True
VF30_L26,COMP-Y-YIELD-STRAIN,Yield strain,New_VF30.xlsx,VF30,UV8,0.05827733597858435,True
VF30_L26,COMP-Y-LCC,LCC,New_VF30.xlsx,VF30,UW8,0.44596738234826416,True
VF30_L26,COMP-Y-EAS,EAS,New_VF30.xlsx,VF30,UX8,0.20435675034806325,True
VF30_L26,COMP-Y-DENSIF-STRENGTH,Densif. strength,New_VF30.xlsx,VF30,UU10,5.600171607192304,True
VF30_L26,COMP-Y-DENSIFI-STRAIN,Densifi. strain,New_VF30.xlsx,VF30,UV10,0.23254497912106104,True
VF30_L26,COMP-Y-EAE,EAE,New_VF30.xlsx,VF30,UW10,59.03249667298088,True
VF30_L26,COMP-Y-SE,SE,New_VF30.xlsx,VF30,UX10,0.6717522510463303,True
VF30_L26,COMP-Y-TOTAL-ENERGY,Total energy,New_VF30.xlsx,VF30,UU12,4.859919071527933,True
VF30_L26,COMP-Y-SEA,SEA,New_VF30.xlsx,VF30,UV12,11.812709882030855,True
VF30_L26,COMP-Y-MAX-PLATEAU-STRESS,Max. Plateau stress,New_VF30.xlsx,VF30,UW12,23.781544104858053,True
VF30_L27,COMP-Y-MODULUS,Modulus,New_VF30.xlsx,VF30,VJ4,240.22,True
VF30_L27,COMP-Y-COMP-STRENGTH,Com. Strength,New_VF30.xlsx,VF30,VG6,14.20448377297208,True
VF30_L27,COMP-Y-COMP-STRAIN,Com. strain,New_VF30.xlsx,VF30,VH6,0.07224750763446823,True
VF30_L27,COMP-Y-APS,APS,New_VF30.xlsx,VF30,VI6,9.347402571204407,True
VF30_L27,COMP-Y-AS,AS,New_VF30.xlsx,VF30,VJ6,8.060955636631567,True
VF30_L27,COMP-Y-YIELD-STRENGTH,Yield strength,New_VF30.xlsx,VF30,VG8,11.530698592177336,True
VF30_L27,COMP-Y-YIELD-STRAIN,Yield strain,New_VF30.xlsx,VF30,VH8,0.049977201376146,True
VF30_L27,COMP-Y-LCC,LCC,New_VF30.xlsx,VF30,VI8,0.4539448264663582,True
VF30_L27,COMP-Y-EAS,EAS,New_VF30.xlsx,VF30,VJ8,0.11351857529572695,True
VF30_L27,COMP-Y-DENSIF-STRENGTH,Densif. strength,New_VF30.xlsx,VF30,VG10,2.707207495554679,True
VF30_L27,COMP-Y-DENSIFI-STRAIN,Densifi. strain,New_VF30.xlsx,VF30,VH10,0.1316349909899942,True
VF30_L27,COMP-Y-EAE,EAE,New_VF30.xlsx,VF30,VI10,56.74937410939032,True
VF30_L27,COMP-Y-SE,SE,New_VF30.xlsx,VF30,VJ10,0.6580599985611867,True
VF30_L27,COMP-Y-TOTAL-ENERGY,Total energy,New_VF30.xlsx,VF30,VG12,1.0611038225987393,True
VF30_L27,COMP-Y-SEA,SEA,New_VF30.xlsx,VF30,VH12,2.6321442089511535,True
VF30_L27,COMP-Y-MAX-PLATEAU-STRESS,Max. Plateau stress,New_VF30.xlsx,VF30,VI12,9.347402571204407,True
VF30_T1,COMP-Y-MODULUS,Modulus,New_VF30.xlsx,VF30,VV4,356.29,True
VF30_T1,COMP-Y-COMP-STRENGTH,Com. Strength,New_VF30.xlsx,VF30,VS6,15.580317297812307,True
VF30_T1,COMP-Y-COMP-STRAIN,Com. strain,New_VF30.xlsx,VF30,VT6,0.044992808377698264,True
VF30_T1,COMP-Y-APS,APS,New_VF30.xlsx,VF30,VU6,11.118799235941582,True
VF30_T1,COMP-Y-AS,AS,New_VF30.xlsx,VF30,VV6,9.049572494834079,True
VF30_T1,COMP-Y-YIELD-STRENGTH,Yield strength,New_VF30.xlsx,VF30,VS8,15.381419630180659,True
VF30_T1,COMP-Y-YIELD-STRAIN,Yield strain,New_VF30.xlsx,VF30,VT8,0.04418851883346234,True
VF30_T1,COMP-Y-LCC,LCC,New_VF30.xlsx,VF30,VU8,0.4426074553621976,True
VF30_T1,COMP-Y-EAS,EAS,New_VF30.xlsx,VF30,VV8,0.05751254043497961,True
VF30_T1,COMP-Y-DENSIF-STRENGTH,Densif. strength,New_VF30.xlsx,VF30,VS10,0.2651968901755286,True
VF30_T1,COMP-Y-DENSIFI-STRAIN,Densifi. strain,New_VF30.xlsx,VF30,VT10,0.07066304966456154,True
VF30_T1,COMP-Y-EAE,EAE,New_VF30.xlsx,VF30,VU10,58.083364554486735,True
VF30_T1,COMP-Y-SE,SE,New_VF30.xlsx,VF30,VV10,0.7136439536762718,True
VF30_T1,COMP-Y-TOTAL-ENERGY,Total energy,New_VF30.xlsx,VF30,VS12,0.6394703906455106,True
VF30_T1,COMP-Y-SEA,SEA,New_VF30.xlsx,VF30,VT12,1.5733094663761806,True
VF30_T1,COMP-Y-MAX-PLATEAU-STRESS,Max. Plateau stress,New_VF30.xlsx,VF30,VU12,11.118799235941582,True
VF30_T2,COMP-Y-MODULUS,Modulus,New_VF30.xlsx,VF30,WH4,447.21,True
VF30_T2,COMP-Y-COMP-STRENGTH,Com. Strength,New_VF30.xlsx,VF30,WE6,25.94295424464045,True
VF30_T2,COMP-Y-COMP-STRAIN,Com. strain,New_VF30.xlsx,VF30,WF6,0.15469711901636313,True
VF30_T2,COMP-Y-APS,APS,New_VF30.xlsx,VF30,WG6,22.69795276272775,True
VF30_T2,COMP-Y-AS,AS,New_VF30.xlsx,VF30,WH6,19.42338239487983,True
VF30_T2,COMP-Y-YIELD-STRENGTH,Yield strength,New_VF30.xlsx,VF30,WE8,15.797664875227987,True
VF30_T2,COMP-Y-YIELD-STRAIN,Yield strain,New_VF30.xlsx,VF30,WF8,0.03728551127787082,True
VF30_T2,COMP-Y-LCC,LCC,New_VF30.xlsx,VF30,WG8,0.2579048566100322,True
VF30_T2,COMP-Y-EAS,EAS,New_VF30.xlsx,VF30,WH8,0.14079971621251244,True
VF30_T2,COMP-Y-DENSIF-STRENGTH,Densif. strength,New_VF30.xlsx,VF30,WE10,0.3260985868739722,True
VF30_T2,COMP-Y-DENSIFI-STRAIN,Densifi. strain,New_VF30.xlsx,VF30,WF10,0.16453701227853793,True
VF30_T2,COMP-Y-EAE,EAE,New_VF30.xlsx,VF30,WG10,74.86958582942613,True
VF30_T2,COMP-Y-SE,SE,New_VF30.xlsx,VF30,WH10,0.8749178119302629,True
VF30_T2,COMP-Y-TOTAL-ENERGY,Total energy,New_VF30.xlsx,VF30,WE12,3.1958653075970798,True
VF30_T2,COMP-Y-SEA,SEA,New_VF30.xlsx,VF30,WF12,8.594292891771008,True
VF30_T2,COMP-Y-MAX-PLATEAU-STRESS,Max. Plateau stress,New_VF30.xlsx,VF30,WG12,22.69795276272775,True
VF30_T3,COMP-Y-MODULUS,Modulus,New_VF30.xlsx,VF30,WT4,511.2,True
VF30_T3,COMP-Y-COMP-STRENGTH,Com. Strength,New_VF30.xlsx,VF30,WQ6,29.677460013596928,True
VF30_T3,COMP-Y-COMP-STRAIN,Com. strain,New_VF30.xlsx,VF30,WR6,0.13201124006212858,True
VF30_T3,COMP-Y-APS,APS,New_VF30.xlsx,VF30,WS6,24.459131067077845,True
VF30_T3,COMP-Y-AS,AS,New_VF30.xlsx,VF30,WT6,20.382549724951943,True
VF30_T3,COMP-Y-YIELD-STRENGTH,Yield strength,New_VF30.xlsx,VF30,WQ8,18.580670617208508,True
VF30_T3,COMP-Y-YIELD-STRAIN,Yield strain,New_VF30.xlsx,VF30,WR8,0.038342898353585876,True
VF30_T3,COMP-Y-LCC,LCC,New_VF30.xlsx,VF30,WS8,0.27762916079852445,True
VF30_T3,COMP-Y-EAS,EAS,New_VF30.xlsx,VF30,WT8,0.11603917874843654,True
VF30_T3,COMP-Y-DENSIF-STRENGTH,Densif. strength,New_VF30.xlsx,VF30,WQ10,1.0691258886885846,True
VF30_T3,COMP-Y-DENSIFI-STRAIN,Densifi. strain,New_VF30.xlsx,VF30,WR10,0.1392474209666512,True
VF30_T3,COMP-Y-EAE,EAE,New_VF30.xlsx,VF30,WS10,68.68023650141737,True
VF30_T3,COMP-Y-SE,SE,New_VF30.xlsx,VF30,WT10,0.824165243786757,True
VF30_T3,COMP-Y-TOTAL-ENERGY,Total energy,New_VF30.xlsx,VF30,WQ12,2.8382174819240835,True
VF30_T3,COMP-Y-SEA,SEA,New_VF30.xlsx,VF30,WR12,7.765900009359012,True
VF30_T3,COMP-Y-MAX-PLATEAU-STRESS,Max. Plateau stress,New_VF30.xlsx,VF30,WS12,24.459131067077845,True
VF30_T4,COMP-Y-MODULUS,Modulus,New_VF30.xlsx,VF30,XF4,450.07,True
VF30_T4,COMP-Y-COMP-STRENGTH,Com. Strength,New_VF30.xlsx,VF30,XC6,27.245913880746546,True
VF30_T4,COMP-Y-COMP-STRAIN,Com. strain,New_VF30.xlsx,VF30,XD6,0.8139358793254255,True
VF30_T4,COMP-Y-APS,APS,New_VF30.xlsx,VF30,XE6,13.384544152717023,True
VF30_T4,COMP-Y-AS,AS,New_VF30.xlsx,VF30,XF6,12.460356184456383,True
VF30_T4,COMP-Y-YIELD-STRENGTH,Yield strength,New_VF30.xlsx,VF30,XC8,18.457963240553713,True
VF30_T4,COMP-Y-YIELD-STRAIN,Yield strain,New_VF30.xlsx,VF30,XD8,0.04299286033175684,True
VF30_T4,COMP-Y-LCC,LCC,New_VF30.xlsx,VF30,XE8,0.3723157022332562,True
VF30_T4,COMP-Y-EAS,EAS,New_VF30.xlsx,VF30,XF8,0.16485421593456667,True
VF30_T4,COMP-Y-DENSIF-STRENGTH,Densif. strength,New_VF30.xlsx,VF30,XC10,7.252509450270662,True
VF30_T4,COMP-Y-DENSIFI-STRAIN,Densifi. strain,New_VF30.xlsx,VF30,XD10,0.17708149745271654,True
VF30_T4,COMP-Y-EAE,EAE,New_VF30.xlsx,VF30,XE10,45.732935364159516,True
VF30_T4,COMP-Y-SE,SE,New_VF30.xlsx,VF30,XF10,0.49124959475759317,True
VF30_T4,COMP-Y-TOTAL-ENERGY,Total energy,New_VF30.xlsx,VF30,XC12,2.2064985319377537,True
VF30_T4,COMP-Y-SEA,SEA,New_VF30.xlsx,VF30,XD12,5.350005731877837,True
VF30_T4,COMP-Y-MAX-PLATEAU-STRESS,Max. Plateau stress,New_VF30.xlsx,VF30,XE12,13.384544152717023,True
VF30_T5,COMP-Y-MODULUS,Modulus,New_VF30.xlsx,VF30,XR4,304.47,True
VF30_T5,COMP-Y-COMP-STRENGTH,Com. Strength,New_VF30.xlsx,VF30,XO6,15.129891512315696,True
VF30_T5,COMP-Y-COMP-STRAIN,Com. strain,New_VF30.xlsx,VF30,XP6,0.06123068179716851,True
VF30_T5,COMP-Y-APS,APS,New_VF30.xlsx,VF30,XQ6,14.014442032319703,True
VF30_T5,COMP-Y-AS,AS,New_VF30.xlsx,VF30,XR6,9.674283634300247,True
VF30_T5,COMP-Y-YIELD-STRENGTH,Yield strength,New_VF30.xlsx,VF30,XO8,13.013094764032996,True
VF30_T5,COMP-Y-YIELD-STRAIN,Yield strain,New_VF30.xlsx,VF30,XP8,0.04472582742823647,True
VF30_T5,COMP-Y-LCC,LCC,New_VF30.xlsx,VF30,XQ8,0.4865992341190387,True
VF30_T5,COMP-Y-EAS,EAS,New_VF30.xlsx,VF30,XR8,0.051650868334070905,True
VF30_T5,COMP-Y-DENSIF-STRENGTH,Densif. strength,New_VF30.xlsx,VF30,XO10,0.24291110226194923,True
VF30_T5,COMP-Y-DENSIFI-STRAIN,Densifi. strain,New_VF30.xlsx,VF30,XP10,0.07482291480687724,True
VF30_T5,COMP-Y-EAE,EAE,New_VF30.xlsx,VF30,XQ10,63.941526787719546,True
VF30_T5,COMP-Y-SE,SE,New_VF30.xlsx,VF30,XR10,0.9262751171025899,True
VF30_T5,COMP-Y-TOTAL-ENERGY,Total energy,New_VF30.xlsx,VF30,XO12,0.7238581001868141,True
VF30_T5,COMP-Y-SEA,SEA,New_VF30.xlsx,VF30,XP12,1.8643096127882162,True
VF30_T5,COMP-Y-MAX-PLATEAU-STRESS,Max. Plateau stress,New_VF30.xlsx,VF30,XQ12,14.014442032319703,True
VF30_T6,COMP-Y-MODULUS,Modulus,New_VF30.xlsx,VF30,YD4,314.97,True
VF30_T6,COMP-Y-COMP-STRENGTH,Com. Strength,New_VF30.xlsx,VF30,YA6,18.665563769758425,True
VF30_T6,COMP-Y-COMP-STRAIN,Com. strain,New_VF30.xlsx,VF30,YB6,0.8590267783382087,True
VF30_T6,COMP-Y-APS,APS,New_VF30.xlsx,VF30,YC6,10.220759926342968,True
VF30_T6,COMP-Y-AS,AS,New_VF30.xlsx,VF30,YD6,8.403926862521987,True
VF30_T6,COMP-Y-YIELD-STRENGTH,Yield strength,New_VF30.xlsx,VF30,YA8,12.954458437220403,True
VF30_T6,COMP-Y-YIELD-STRAIN,Yield strain,New_VF30.xlsx,VF30,YB8,0.04304687884072141,True
VF30_T6,COMP-Y-LCC,LCC,New_VF30.xlsx,VF30,YC8,0.5282702909361112,True
VF30_T6,COMP-Y-EAS,EAS,New_VF30.xlsx,VF30,YD8,0.06825699482009125,True
VF30_T6,COMP-Y-DENSIF-STRENGTH,Densif. strength,New_VF30.xlsx,VF30,YA10,0.8357715120787356,True
VF30_T6,COMP-Y-DENSIFI-STRAIN,Densifi. strain,New_VF30.xlsx,VF30,YB10,0.08301337800320047,True
VF30_T6,COMP-Y-EAE,EAE,New_VF30.xlsx,VF30,YC10,45.023696932946976,True
VF30_T6,COMP-Y-SE,SE,New_VF30.xlsx,VF30,YD10,0.5475730630168503,True
VF30_T6,COMP-Y-TOTAL-ENERGY,Total energy,New_VF30.xlsx,VF30,YA12,0.6976383573497882,True
VF30_T6,COMP-Y-SEA,SEA,New_VF30.xlsx,VF30,YB12,1.803108864493238,True
VF30_T6,COMP-Y-MAX-PLATEAU-STRESS,Max. Plateau stress,New_VF30.xlsx,VF30,YC12,10.220759926342968,True
VF30_T7,COMP-Y-MODULUS,Modulus,New_VF30.xlsx,VF30,YP4,463.98,True
VF30_T7,COMP-Y-COMP-STRENGTH,Com. Strength,New_VF30.xlsx,VF30,YM6,27.341789401068507,True
VF30_T7,COMP-Y-COMP-STRAIN,Com. strain,New_VF30.xlsx,VF30,YN6,0.7979407740871581,True
VF30_T7,COMP-Y-APS,APS,New_VF30.xlsx,VF30,YO6,18.00508695683139,True
VF30_T7,COMP-Y-AS,AS,New_VF30.xlsx,VF30,YP6,15.808166207678102,True
VF30_T7,COMP-Y-YIELD-STRENGTH,Yield strength,New_VF30.xlsx,VF30,YM8,17.95858440206545,True
VF30_T7,COMP-Y-YIELD-STRAIN,Yield strain,New_VF30.xlsx,VF30,YN8,0.04067439563687546,True
VF30_T7,COMP-Y-LCC,LCC,New_VF30.xlsx,VF30,YO8,0.3046250483068127,True
VF30_T7,COMP-Y-EAS,EAS,New_VF30.xlsx,VF30,YP8,0.14164172142078316,True
VF30_T7,COMP-Y-DENSIF-STRENGTH,Densif. strength,New_VF30.xlsx,VF30,YM10,8.823941124890293,True
VF30_T7,COMP-Y-DENSIFI-STRAIN,Densifi. strain,New_VF30.xlsx,VF30,YN10,0.16132620807452094,True
VF30_T7,COMP-Y-EAE,EAE,New_VF30.xlsx,VF30,YO10,57.816867710422514,True
VF30_T7,COMP-Y-SE,SE,New_VF30.xlsx,VF30,YP10,0.6585189686278455,True
VF30_T7,COMP-Y-TOTAL-ENERGY,Total energy,New_VF30.xlsx,VF30,YM12,2.550271510896488,True
VF30_T7,COMP-Y-SEA,SEA,New_VF30.xlsx,VF30,YN12,5.880929276782492,True
VF30_T7,COMP-Y-MAX-PLATEAU-STRESS,Max. Plateau stress,New_VF30.xlsx,VF30,YO12,18.00508695683139,True
VF30_T8,COMP-Y-MODULUS,Modulus,New_VF30.xlsx,VF30,ZB4,297.58,True
VF30_T8,COMP-Y-COMP-STRENGTH,Com. Strength,New_VF30.xlsx,VF30,YY6,13.560956537752089,True
VF30_T8,COMP-Y-COMP-STRAIN,Com. strain,New_VF30.xlsx,VF30,YZ6,0.047352972993998085,True
VF30_T8,COMP-Y-APS,APS,New_VF30.xlsx,VF30,ZA6,9.215688399844026,True
VF30_T8,COMP-Y-AS,AS,New_VF30.xlsx,VF30,ZB6,7.612129587817495,True
VF30_T8,COMP-Y-YIELD-STRENGTH,Yield strength,New_VF30.xlsx,VF30,YY8,13.492293466674862,True
VF30_T8,COMP-Y-YIELD-STRAIN,Yield strain,New_VF30.xlsx,VF30,YZ8,0.046317222910469844,True
VF30_T8,COMP-Y-LCC,LCC,New_VF30.xlsx,VF30,ZA8,0.475057747346371,True
VF30_T8,COMP-Y-EAS,EAS,New_VF30.xlsx,VF30,ZB8,0.05636192076507619,True
VF30_T8,COMP-Y-DENSIF-STRENGTH,Densif. strength,New_VF30.xlsx,VF30,YY10,0.17165767769306445,True
VF30_T8,COMP-Y-DENSIFI-STRAIN,Densifi. strain,New_VF30.xlsx,VF30,YZ10,0.06823503112964793,True
VF30_T8,COMP-Y-EAE,EAE,New_VF30.xlsx,VF30,ZA10,56.132689214261774,True
VF30_T8,COMP-Y-SE,SE,New_VF30.xlsx,VF30,ZB10,0.6795751003396144,True
VF30_T8,COMP-Y-TOTAL-ENERGY,Total energy,New_VF30.xlsx,VF30,YY12,0.5194138993876408,True
VF30_T8,COMP-Y-SEA,SEA,New_VF30.xlsx,VF30,YZ12,1.3234942873174242,True
VF30_T8,COMP-Y-MAX-PLATEAU-STRESS,Max. Plateau stress,New_VF30.xlsx,VF30,ZA12,9.215688399844026,True
VF30_T9,COMP-Y-MODULUS,Modulus,New_VF30.xlsx,VF30,ZN4,311.11,True
VF30_T9,COMP-Y-COMP-STRENGTH,Com. Strength,New_VF30.xlsx,VF30,ZK6,17.547097635902492,True
VF30_T9,COMP-Y-COMP-STRAIN,Com. strain,New_VF30.xlsx,VF30,ZL6,0.8715125137724354,True
VF30_T9,COMP-Y-APS,APS,New_VF30.xlsx,VF30,ZM6,4.307774856913531,True
VF30_T9,COMP-Y-AS,AS,New_VF30.xlsx,VF30,ZN6,5.265581007962693,True
VF30_T9,COMP-Y-YIELD-STRENGTH,Yield strength,New_VF30.xlsx,VF30,ZK8,13.860434698258336,True
VF30_T9,COMP-Y-YIELD-STRAIN,Yield strain,New_VF30.xlsx,VF30,ZL8,0.04653758899811243,True
VF30_T9,COMP-Y-LCC,LCC,New_VF30.xlsx,VF30,ZM8,0.5587890402392837,True
VF30_T9,COMP-Y-EAS,EAS,New_VF30.xlsx,VF30,ZN8,0.16935197754108042,True
VF30_T9,COMP-Y-DENSIF-STRENGTH,Densif. strength,New_VF30.xlsx,VF30,ZK10,3.473970845087766,True
VF30_T9,COMP-Y-DENSIFI-STRAIN,Densifi. strain,New_VF30.xlsx,VF30,ZL10,0.13854695041569853,True
VF30_T9,COMP-Y-EAE,EAE,New_VF30.xlsx,VF30,ZM10,30.008273261037626,True
VF30_T9,COMP-Y-SE,SE,New_VF30.xlsx,VF30,ZN10,0.24549785647169053,True
VF30_T9,COMP-Y-TOTAL-ENERGY,Total energy,New_VF30.xlsx,VF30,ZK12,0.7295301908200511,True
VF30_T9,COMP-Y-SEA,SEA,New_VF30.xlsx,VF30,ZL12,1.919369717999624,True
VF30_T9,COMP-Y-MAX-PLATEAU-STRESS,Max. Plateau stress,New_VF30.xlsx,VF30,ZM12,4.307774856913531,True
VF30_T10,COMP-Y-MODULUS,Modulus,New_VF30.xlsx,VF30,ZZ4,351.34,True
VF30_T10,COMP-Y-COMP-STRENGTH,Com. Strength,New_VF30.xlsx,VF30,ZW6,20.6762086503231,True
VF30_T10,COMP-Y-COMP-STRAIN,Com. strain,New_VF30.xlsx,VF30,ZX6,0.77014062087099,True
VF30_T10,COMP-Y-APS,APS,New_VF30.xlsx,VF30,ZY6,8.44636443757802,True
VF30_T10,COMP-Y-AS,AS,New_VF30.xlsx,VF30,ZZ6,8.283201982380277,True
VF30_T10,COMP-Y-YIELD-STRENGTH,Yield strength,New_VF30.xlsx,VF30,ZW8,15.018742110175637,True
VF30_T10,COMP-Y-YIELD-STRAIN,Yield strain,New_VF30.xlsx,VF30,ZX8,0.04470496403452885,True
VF30_T10,COMP-Y-LCC,LCC,New_VF30.xlsx,VF30,ZY8,0.7039631325538176,True
VF30_T10,COMP-Y-EAS,EAS,New_VF30.xlsx,VF30,ZZ8,0.1794082470441544,True
VF30_T10,COMP-Y-DENSIF-STRENGTH,Densif. strength,New_VF30.xlsx,VF30,ZW10,1.3227889392431118,True
VF30_T10,COMP-Y-DENSIFI-STRAIN,Densifi. strain,New_VF30.xlsx,VF30,ZX10,0.18294222945007846,True
VF30_T10,COMP-Y-EAE,EAE,New_VF30.xlsx,VF30,ZY10,40.061512835675686,True
VF30_T10,COMP-Y-SE,SE,New_VF30.xlsx,VF30,ZZ10,0.40850644237651523,True
VF30_T10,COMP-Y-TOTAL-ENERGY,Total energy,New_VF30.xlsx,VF30,ZW12,1.5153474376419573,True
VF30_T10,COMP-Y-SEA,SEA,New_VF30.xlsx,VF30,ZX12,2.288783387904436,True
VF30_T10,COMP-Y-MAX-PLATEAU-STRESS,Max. Plateau stress,New_VF30.xlsx,VF30,ZY12,8.44636443757802,True
VF30_T11,COMP-Y-MODULUS,Modulus,New_VF30.xlsx,VF30,AAL4,52.225,True
VF30_T11,COMP-Y-COMP-STRENGTH,Com. Strength,New_VF30.xlsx,VF30,AAI6,2.8876555494022678,True
VF30_T11,COMP-Y-COMP-STRAIN,Com. strain,New_VF30.xlsx,VF30,AAJ6,0.7749908257144458,True
VF30_T11,COMP-Y-APS,APS,New_VF30.xlsx,VF30,AAK6,1.6117672761107853,True
VF30_T11,COMP-Y-AS,AS,New_VF30.xlsx,VF30,AAL6,1.4256672164502227,True
VF30_T11,COMP-Y-YIELD-STRENGTH,Yield strength,New_VF30.xlsx,VF30,AAI8,2.04822079666905,True
VF30_T11,COMP-Y-YIELD-STRAIN,Yield strain,New_VF30.xlsx,VF30,AAJ8,0.041008940441047595,True
VF30_T11,COMP-Y-LCC,LCC,New_VF30.xlsx,VF30,AAK8,0.5334012293412105,True
VF30_T11,COMP-Y-EAS,EAS,New_VF30.xlsx,VF30,AAL8,0.10708435823219142,True
VF30_T11,COMP-Y-DENSIF-STRENGTH,Densif. strength,New_VF30.xlsx,VF30,AAI10,,False
VF30_T11,COMP-Y-DENSIFI-STRAIN,Densifi. strain,New_VF30.xlsx,VF30,AAJ10,0.12106265921700592,True
VF30_T11,COMP-Y-EAE,EAE,New_VF30.xlsx,VF30,AAK10,,False
VF30_T11,COMP-Y-SE,SE,New_VF30.xlsx,VF30,AAL10,,False
VF30_T11,COMP-Y-TOTAL-ENERGY,Total energy,New_VF30.xlsx,VF30,AAI12,0.17259506438197073,True
VF30_T11,COMP-Y-SEA,SEA,New_VF30.xlsx,VF30,AAJ12,0.4113476544273344,True
VF30_T11,COMP-Y-MAX-PLATEAU-STRESS,Max. Plateau stress,New_VF30.xlsx,VF30,AAK12,1.6117672761107853,True
VF30_T12,COMP-Y-MODULUS,Modulus,New_VF30.xlsx,VF30,AAX4,159.22,True
VF30_T12,COMP-Y-COMP-STRENGTH,Com. Strength,New_VF30.xlsx,VF30,AAU6,15.784285427561837,True
VF30_T12,COMP-Y-COMP-STRAIN,Com. strain,New_VF30.xlsx,VF30,AAV6,0.8038279442062893,True
VF30_T12,COMP-Y-APS,APS,New_VF30.xlsx,VF30,AAW6,4.381205425095337,True
VF30_T12,COMP-Y-AS,AS,New_VF30.xlsx,VF30,AAX6,4.357618679820188,True
VF30_T12,COMP-Y-YIELD-STRENGTH,Yield strength,New_VF30.xlsx,VF30,AAU8,7.926606219081274,True
VF30_T12,COMP-Y-YIELD-STRAIN,Yield strain,New_VF30.xlsx,VF30,AAV8,0.05168890677313425,True
VF30_T12,COMP-Y-LCC,LCC,New_VF30.xlsx,VF30,AAW8,0.30520835966730747,True
VF30_T12,COMP-Y-EAS,EAS,New_VF30.xlsx,VF30,AAX8,0.6408338630611801,True
VF30_T12,COMP-Y-DENSIF-STRENGTH,Densif. strength,New_VF30.xlsx,VF30,AAU10,4.135620636042403,True
VF30_T12,COMP-Y-DENSIFI-STRAIN,Densifi. strain,New_VF30.xlsx,VF30,AAV10,0.6443025431367706,True
VF30_T12,COMP-Y-EAE,EAE,New_VF30.xlsx,VF30,AAW10,27.607323117783356,True
VF30_T12,COMP-Y-SE,SE,New_VF30.xlsx,VF30,AAX10,0.27756754939600026,True
VF30_T12,COMP-Y-TOTAL-ENERGY,Total energy,New_VF30.xlsx,VF30,AAU12,2.8076247974284443,True
VF30_T12,COMP-Y-SEA,SEA,New_VF30.xlsx,VF30,AAV12,7.181477311557541,True
VF30_T12,COMP-Y-MAX-PLATEAU-STRESS,Max. Plateau stress,New_VF30.xlsx,VF30,AAW12,4.381205425095337,True
VF30_T13,COMP-Y-MODULUS,Modulus,New_VF30.xlsx,VF30,ABJ4,329.47,True
VF30_T13,COMP-Y-COMP-STRENGTH,Com. Strength,New_VF30.xlsx,VF30,ABG6,23.097365811995793,True
VF30_T13,COMP-Y-COMP-STRAIN,Com. strain,New_VF30.xlsx,VF30,ABH6,0.7841720342573408,True
VF30_T13,COMP-Y-APS,APS,New_VF30.xlsx,VF30,ABI6,9.018640871840653,True
VF30_T13,COMP-Y-AS,AS,New_VF30.xlsx,VF30,ABJ6,8.892858708104997,True
VF30_T13,COMP-Y-YIELD-STRENGTH,Yield strength,New_VF30.xlsx,VF30,ABG8,13.584857146490124,True
VF30_T13,COMP-Y-YIELD-STRAIN,Yield strain,New_VF30.xlsx,VF30,ABH8,0.043212993298299834,True
VF30_T13,COMP-Y-LCC,LCC,New_VF30.xlsx,VF30,ABI8,0.18062612968524425,True
VF30_T13,COMP-Y-EAS,EAS,New_VF30.xlsx,VF30,ABJ8,0.6740717439276036,True
VF30_T13,COMP-Y-DENSIF-STRENGTH,Densif. strength,New_VF30.xlsx,VF30,ABG10,6.994491665812994,True
VF30_T13,COMP-Y-DENSIFI-STRAIN,Densifi. strain,New_VF30.xlsx,VF30,ABH10,0.6836059336912402,True
VF30_T13,COMP-Y-EAE,EAE,New_VF30.xlsx,VF30,ABI10,38.50161434204079,True
VF30_T13,COMP-Y-SE,SE,New_VF30.xlsx,VF30,ABJ10,0.39046187973334834,True
VF30_T13,COMP-Y-TOTAL-ENERGY,Total energy,New_VF30.xlsx,VF30,ABG12,6.0792109803383925,True
VF30_T13,COMP-Y-SEA,SEA,New_VF30.xlsx,VF30,ABH12,14.02607414701989,True
VF30_T13,COMP-Y-MAX-PLATEAU-STRESS,Max. Plateau stress,New_VF30.xlsx,VF30,ABI12,9.018640871840653,True
VF30_T14,COMP-Y-MODULUS,Modulus,New_VF30.xlsx,VF30,ABV4,357.73,True
VF30_T14,COMP-Y-COMP-STRENGTH,Com. Strength,New_VF30.xlsx,VF30,ABS6,28.253363172289912,True
VF30_T14,COMP-Y-COMP-STRAIN,Com. strain,New_VF30.xlsx,VF30,ABT6,0.8231948232833216,True
VF30_T14,COMP-Y-APS,APS,New_VF30.xlsx,VF30,ABU6,10.626776043695584,True
VF30_T14,COMP-Y-AS,AS,New_VF30.xlsx,VF30,ABV6,10.457946095924104,True
VF30_T14,COMP-Y-YIELD-STRENGTH,Yield strength,New_VF30.xlsx,VF30,ABS8,15.417182340055883,True
VF30_T14,COMP-Y-YIELD-STRAIN,Yield strain,New_VF30.xlsx,VF30,ABT8,0.04509703359812395,True
VF30_T14,COMP-Y-LCC,LCC,New_VF30.xlsx,VF30,ABU8,0.17575876266643736,True
VF30_T14,COMP-Y-EAS,EAS,New_VF30.xlsx,VF30,ABV8,0.6896237007167009,True
VF30_T14,COMP-Y-DENSIF-STRENGTH,Densif. strength,New_VF30.xlsx,VF30,ABS10,9.532498902222052,True
VF30_T14,COMP-Y-DENSIFI-STRAIN,Densifi. strain,New_VF30.xlsx,VF30,ABT10,0.7007567790770256,True
VF30_T14,COMP-Y-EAE,EAE,New_VF30.xlsx,VF30,ABU10,37.01487158237132,True
VF30_T14,COMP-Y-SE,SE,New_VF30.xlsx,VF30,ABV10,0.3761242857670842,True
VF30_T14,COMP-Y-TOTAL-ENERGY,Total energy,New_VF30.xlsx,VF30,ABS12,7.328476621940929,True
VF30_T14,COMP-Y-SEA,SEA,New_VF30.xlsx,VF30,ABT12,18.717850628033275,True
VF30_T14,COMP-Y-MAX-PLATEAU-STRESS,Max. Plateau stress,New_VF30.xlsx,VF30,ABU12,10.626776043695584,True
VF30_T15,COMP-Y-MODULUS,Modulus,New_VF30.xlsx,VF30,ACH4,203.47,True
VF30_T15,COMP-Y-COMP-STRENGTH,Com. Strength,New_VF30.xlsx,VF30,ACE6,20.801470969509634,True
VF30_T15,COMP-Y-COMP-STRAIN,Com. strain,New_VF30.xlsx,VF30,ACF6,0.8021418433947347,True
VF30_T15,COMP-Y-APS,APS,New_VF30.xlsx,VF30,ACG6,5.048857380735523,True
VF30_T15,COMP-Y-AS,AS,New_VF30.xlsx,VF30,ACH6,5.011268126315123,True
VF30_T15,COMP-Y-YIELD-STRENGTH,Yield strength,New_VF30.xlsx,VF30,ACE8,8.613375049567818,True
VF30_T15,COMP-Y-YIELD-STRAIN,Yield strain,New_VF30.xlsx,VF30,ACF8,0.044220886901875284,True
VF30_T15,COMP-Y-LCC,LCC,New_VF30.xlsx,VF30,ACG8,0.2524626007565196,True
VF30_T15,COMP-Y-EAS,EAS,New_VF30.xlsx,VF30,ACH8,0.6221183427067796,True
VF30_T15,COMP-Y-DENSIF-STRENGTH,Densif. strength,New_VF30.xlsx,VF30,ACE10,3.8811255164060525,True
VF30_T15,COMP-Y-DENSIFI-STRAIN,Densifi. strain,New_VF30.xlsx,VF30,ACF10,0.6267848191502977,True
VF30_T15,COMP-Y-EAE,EAE,New_VF30.xlsx,VF30,ACG10,24.09093151950906,True
VF30_T15,COMP-Y-SE,SE,New_VF30.xlsx,VF30,ACH10,0.24271636309451547,True
VF30_T15,COMP-Y-TOTAL-ENERGY,Total energy,New_VF30.xlsx,VF30,ACE12,3.1409867862660756,True
VF30_T15,COMP-Y-SEA,SEA,New_VF30.xlsx,VF30,ACF12,7.93659504890807,True
VF30_T15,COMP-Y-MAX-PLATEAU-STRESS,Max. Plateau stress,New_VF30.xlsx,VF30,ACG12,5.048857380735523,True
VF30_T16,COMP-Y-MODULUS,Modulus,New_VF30.xlsx,VF30,ACT4,464.18,True
VF30_T16,COMP-Y-COMP-STRENGTH,Com. Strength,New_VF30.xlsx,VF30,ACQ6,48.55000586252296,True
VF30_T16,COMP-Y-COMP-STRAIN,Com. strain,New_VF30.xlsx,VF30,ACR6,0.8301853254863579,True
VF30_T16,COMP-Y-APS,APS,New_VF30.xlsx,VF30,ACS6,22.27731996218624,True
VF30_T16,COMP-Y-AS,AS,New_VF30.xlsx,VF30,ACT6,18.25141160696875,True
VF30_T16,COMP-Y-YIELD-STRENGTH,Yield strength,New_VF30.xlsx,VF30,ACQ8,19.69574274341702,True
VF30_T16,COMP-Y-YIELD-STRAIN,Yield strain,New_VF30.xlsx,VF30,ACR8,0.04442351577245238,True
VF30_T16,COMP-Y-LCC,LCC,New_VF30.xlsx,VF30,ACS8,0.325667992045187,True
VF30_T16,COMP-Y-EAS,EAS,New_VF30.xlsx,VF30,ACT8,0.10922047956930889,True
VF30_T16,COMP-Y-DENSIF-STRENGTH,Densif. strength,New_VF30.xlsx,VF30,ACQ10,0.7221772339252908,True
VF30_T16,COMP-Y-DENSIFI-STRAIN,Densifi. strain,New_VF30.xlsx,VF30,ACR10,0.13331240466134128,True
VF30_T16,COMP-Y-EAE,EAE,New_VF30.xlsx,VF30,ACS10,37.59301627820709,True
VF30_T16,COMP-Y-SE,SE,New_VF30.xlsx,VF30,ACT10,0.4588530849052419,True
VF30_T16,COMP-Y-TOTAL-ENERGY,Total energy,New_VF30.xlsx,VF30,ACQ12,2.4331395697889193,True
VF30_T16,COMP-Y-SEA,SEA,New_VF30.xlsx,VF30,ACR12,5.927934685446258,True
VF30_T16,COMP-Y-MAX-PLATEAU-STRESS,Max. Plateau stress,New_VF30.xlsx,VF30,ACS12,22.27731996218624,True
VF30_T17,COMP-Y-MODULUS,Modulus,New_VF30.xlsx,VF30,ADF4,515.91,True
VF30_T17,COMP-Y-COMP-STRENGTH,Com. Strength,New_VF30.xlsx,VF30,ADC6,31.735752368073623,True
VF30_T17,COMP-Y-COMP-STRAIN,Com. strain,New_VF30.xlsx,VF30,ADD6,0.8784984462455312,True
VF30_T17,COMP-Y-APS,APS,New_VF30.xlsx,VF30,ADE6,17.125716224638584,True
VF30_T17,COMP-Y-AS,AS,New_VF30.xlsx,VF30,ADF6,15.532081281094634,True
VF30_T17,COMP-Y-YIELD-STRENGTH,Yield strength,New_VF30.xlsx,VF30,ADC8,21.449456435807463,True
VF30_T17,COMP-Y-YIELD-STRAIN,Yield strain,New_VF30.xlsx,VF30,ADD8,0.043545050772828005,True
VF30_T17,COMP-Y-LCC,LCC,New_VF30.xlsx,VF30,ADE8,0.5200137081657953,True
VF30_T17,COMP-Y-EAS,EAS,New_VF30.xlsx,VF30,ADF8,0.14926831926821077,True
VF30_T17,COMP-Y-DENSIF-STRENGTH,Densif. strength,New_VF30.xlsx,VF30,ADC10,0.6070600878058716,True
VF30_T17,COMP-Y-DENSIFI-STRAIN,Densifi. strain,New_VF30.xlsx,VF30,ADD10,0.16458366595258833,True
VF30_T17,COMP-Y-EAE,EAE,New_VF30.xlsx,VF30,ADE10,48.94190344363794,True
VF30_T17,COMP-Y-SE,SE,New_VF30.xlsx,VF30,ADF10,0.5396347950416694,True
VF30_T17,COMP-Y-TOTAL-ENERGY,Total energy,New_VF30.xlsx,VF30,ADC12,2.5563268771161294,True
VF30_T17,COMP-Y-SEA,SEA,New_VF30.xlsx,VF30,ADD12,6.398686564304717,True
VF30_T17,COMP-Y-MAX-PLATEAU-STRESS,Max. Plateau stress,New_VF30.xlsx,VF30,ADE12,17.125716224638584,True
VF45_B1,COMP-Y-MODULUS,Modulus,New_VF45.xlsx,Sheet1,F4,556.12,True
VF45_B1,COMP-Y-COMP-STRENGTH,Com. Strength,New_VF45.xlsx,Sheet1,C6,40.73575189789392,True
VF45_B1,COMP-Y-COMP-STRAIN,Com. strain,New_VF45.xlsx,Sheet1,D6,0.1482232608900047,True
VF45_B1,COMP-Y-APS,APS,New_VF45.xlsx,Sheet1,E6,35.084176994711285,True
VF45_B1,COMP-Y-AS,AS,New_VF45.xlsx,Sheet1,F6,29.338251502434506,True
VF45_B1,COMP-Y-YIELD-STRENGTH,Yield strength,New_VF45.xlsx,Sheet1,C8,25.86322709475929,True
VF45_B1,COMP-Y-YIELD-STRAIN,Yield strain,New_VF45.xlsx,Sheet1,D8,0.048489927556671364,True
VF45_B1,COMP-Y-LCC,LCC,New_VF45.xlsx,Sheet1,E8,0.2851764018249052,True
VF45_B1,COMP-Y-EAS,EAS,New_VF45.xlsx,Sheet1,F8,0.15341091518024524,True
VF45_B1,COMP-Y-DENSIF-STRENGTH,Densif. strength,New_VF45.xlsx,Sheet1,C10,0.6079962969834913,True
VF45_B1,COMP-Y-DENSIFI-STRAIN,Densifi. strain,New_VF45.xlsx,Sheet1,D10,0.18345659422333804,True
VF45_B1,COMP-Y-EAE,EAE,New_VF45.xlsx,Sheet1,E10,72.02089107369913,True
VF45_B1,COMP-Y-SE,SE,New_VF45.xlsx,Sheet1,F10,0.8612625362274257,True
VF45_B1,COMP-Y-TOTAL-ENERGY,Total energy,New_VF45.xlsx,Sheet1,C12,5.382295701104365,True
VF45_B1,COMP-Y-SEA,SEA,New_VF45.xlsx,Sheet1,D12,9.341366591792534,True
VF45_B1,COMP-Y-MAX-PLATEAU-STRESS,Max. Plateau stress,New_VF45.xlsx,Sheet1,E12,35.084176994711285,True
VF45_B2,COMP-Y-MODULUS,Modulus,New_VF45.xlsx,Sheet1,R4,588.34,True
VF45_B2,COMP-Y-COMP-STRENGTH,Com. Strength,New_VF45.xlsx,Sheet1,O6,44.235955196369886,True
VF45_B2,COMP-Y-COMP-STRAIN,Com. strain,New_VF45.xlsx,Sheet1,P6,0.189927601614164,True
VF45_B2,COMP-Y-APS,APS,New_VF45.xlsx,Sheet1,Q6,31.91327442323067,True
VF45_B2,COMP-Y-AS,AS,New_VF45.xlsx,Sheet1,R6,28.794659783010236,True
VF45_B2,COMP-Y-YIELD-STRENGTH,Yield strength,New_VF45.xlsx,Sheet1,O8,26.99438210802099,True
VF45_B2,COMP-Y-YIELD-STRAIN,Yield strain,New_VF45.xlsx,Sheet1,P8,0.04786093494749735,True
VF45_B2,COMP-Y-LCC,LCC,New_VF45.xlsx,Sheet1,Q8,0.3733595207391225,True
VF45_B2,COMP-Y-EAS,EAS,New_VF45.xlsx,Sheet1,R8,0.2486627692305233,True
VF45_B2,COMP-Y-DENSIF-STRENGTH,Densif. strength,New_VF45.xlsx,Sheet1,O10,3.091292144628211,True
VF45_B2,COMP-Y-DENSIFI-STRAIN,Densifi. strain,New_VF45.xlsx,Sheet1,P10,0.2755942682808307,True
VF45_B2,COMP-Y-EAE,EAE,New_VF45.xlsx,Sheet1,Q10,65.09333788585896,True
VF45_B2,COMP-Y-SE,SE,New_VF45.xlsx,Sheet1,R10,0.7214329221910767,True
VF45_B2,COMP-Y-TOTAL-ENERGY,Total energy,New_VF45.xlsx,Sheet1,O12,7.93564319329417,True
VF45_B2,COMP-Y-SEA,SEA,New_VF45.xlsx,Sheet1,P12,12.821803418251132,True
VF45_B2,COMP-Y-MAX-PLATEAU-STRESS,Max. Plateau stress,New_VF45.xlsx,Sheet1,Q12,31.91327442323067,True
VF45_B3,COMP-Y-MODULUS,Modulus,New_VF45.xlsx,Sheet1,AD4,186.57,True
VF45_B3,COMP-Y-COMP-STRENGTH,Com. Strength,New_VF45.xlsx,Sheet1,AA6,10.867008861011955,True
VF45_B3,COMP-Y-COMP-STRAIN,Com. strain,New_VF45.xlsx,Sheet1,AB6,0.0592929161487001,True
VF45_B3,COMP-Y-APS,APS,New_VF45.xlsx,Sheet1,AC6,5.514160318877731,True
VF45_B3,COMP-Y-AS,AS,New_VF45.xlsx,Sheet1,AD6,5.599945103815484,True
VF45_B3,COMP-Y-YIELD-STRENGTH,Yield strength,New_VF45.xlsx,Sheet1,AA8,10.709841377484922,True
VF45_B3,COMP-Y-YIELD-STRAIN,Yield strain,New_VF45.xlsx,Sheet1,AB8,0.05802624948203344,True
VF45_B3,COMP-Y-LCC,LCC,New_VF45.xlsx,Sheet1,AC8,0.3677309996753066,True
VF45_B3,COMP-Y-EAS,EAS,New_VF45.xlsx,Sheet1,AD8,0.20821587976140657,True
VF45_B3,COMP-Y-DENSIF-STRENGTH,Densif. strength,New_VF45.xlsx,Sheet1,AA10,1.0552673893957891,True
VF45_B3,COMP-Y-DENSIFI-STRAIN,Densifi. strain,New_VF45.xlsx,Sheet1,AB10,0.2050262494820334,True
VF45_B3,COMP-Y-EAE,EAE,New_VF45.xlsx,Sheet1,AC10,51.531614406855354,True
VF45_B3,COMP-Y-SE,SE,New_VF45.xlsx,Sheet1,AD10,0.5074220872922195,True
VF45_B3,COMP-Y-TOTAL-ENERGY,Total energy,New_VF45.xlsx,Sheet1,AA12,1.148135741940565,True
VF45_B3,COMP-Y-SEA,SEA,New_VF45.xlsx,Sheet1,AB12,1.9132563879602689,True
VF45_B3,COMP-Y-MAX-PLATEAU-STRESS,Max. Plateau stress,New_VF45.xlsx,Sheet1,AC12,5.514160318877731,True
VF45_B4,COMP-Y-MODULUS,Modulus,New_VF45.xlsx,Sheet1,AP4,376.74,True
VF45_B4,COMP-Y-COMP-STRENGTH,Com. Strength,New_VF45.xlsx,Sheet1,AM6,18.134595036229552,True
VF45_B4,COMP-Y-COMP-STRAIN,Com. strain,New_VF45.xlsx,Sheet1,AN6,0.06428547864112596,True
VF45_B4,COMP-Y-APS,APS,New_VF45.xlsx,Sheet1,AO6,8.659556509002252,True
VF45_B4,COMP-Y-AS,AS,New_VF45.xlsx,Sheet1,AP6,8.663653277427828,True
VF45_B4,COMP-Y-YIELD-STRENGTH,Yield strength,New_VF45.xlsx,Sheet1,AM8,16.746099360601765,True
VF45_B4,COMP-Y-YIELD-STRAIN,Yield strain,New_VF45.xlsx,Sheet1,AN8,0.046418811974459295,True
VF45_B4,COMP-Y-LCC,LCC,New_VF45.xlsx,Sheet1,AO8,0.3293720077952538,True
VF45_B4,COMP-Y-EAS,EAS,New_VF45.xlsx,Sheet1,AP8,0.34561557601466236,True
VF45_B4,COMP-Y-DENSIF-STRENGTH,Densif. strength,New_VF45.xlsx,Sheet1,AM10,4.123411400349179,True
VF45_B4,COMP-Y-DENSIFI-STRAIN,Densifi. strain,New_VF45.xlsx,Sheet1,AN10,0.34545214530779267,True
VF45_B4,COMP-Y-EAE,EAE,New_VF45.xlsx,Sheet1,AO10,47.77417560259526,True
VF45_B4,COMP-Y-SE,SE,New_VF45.xlsx,Sheet1,AP10,0.47751584701517,True
VF45_B4,COMP-Y-TOTAL-ENERGY,Total energy,New_VF45.xlsx,Sheet1,AM12,2.992877610890332,True
VF45_B4,COMP-Y-SEA,SEA,New_VF45.xlsx,Sheet1,AN12,4.673097356255666,True
VF45_B4,COMP-Y-MAX-PLATEAU-STRESS,Max. Plateau stress,New_VF45.xlsx,Sheet1,AO12,8.659556509002252,True
VF45_B5,COMP-Y-MODULUS,Modulus,New_VF45.xlsx,Sheet1,BB4,421.4,True
VF45_B5,COMP-Y-COMP-STRENGTH,Com. Strength,New_VF45.xlsx,Sheet1,AY6,25.22618512786712,True
VF45_B5,COMP-Y-COMP-STRAIN,Com. strain,New_VF45.xlsx,Sheet1,AZ6,0.0759516364690316,True
VF45_B5,COMP-Y-APS,APS,New_VF45.xlsx,Sheet1,BA6,14.808508092277702,True
VF45_B5,COMP-Y-AS,AS,New_VF45.xlsx,Sheet1,BB6,13.922004882085236,True
VF45_B5,COMP-Y-YIELD-STRENGTH,Yield strength,New_VF45.xlsx,Sheet1,AY8,20.494984149749534,True
VF45_B5,COMP-Y-YIELD-STRAIN,Yield strain,New_VF45.xlsx,Sheet1,AZ8,0.05061830313569826,True
VF45_B5,COMP-Y-LCC,LCC,New_VF45.xlsx,Sheet1,BA8,0.42426052557083427,True
VF45_B5,COMP-Y-EAS,EAS,New_VF45.xlsx,Sheet1,BB8,0.2284388079327134,True
VF45_B5,COMP-Y-DENSIF-STRENGTH,Densif. strength,New_VF45.xlsx,Sheet1,AY10,6.5493044107566565,True
VF45_B5,COMP-Y-DENSIFI-STRAIN,Densifi. strain,New_VF45.xlsx,Sheet1,AZ10,0.24298496980236492,True
VF45_B5,COMP-Y-EAE,EAE,New_VF45.xlsx,Sheet1,BA10,55.18870495684158,True
VF45_B5,COMP-Y-SE,SE,New_VF45.xlsx,Sheet1,BB10,0.5870292324113204,True
VF45_B5,COMP-Y-TOTAL-ENERGY,Total energy,New_VF45.xlsx,Sheet1,AY12,3.382837935861858,True
VF45_B5,COMP-Y-SEA,SEA,New_VF45.xlsx,Sheet1,AZ12,5.187192705032981,True
VF45_B5,COMP-Y-MAX-PLATEAU-STRESS,Max. Plateau stress,New_VF45.xlsx,Sheet1,BA12,14.808508092277702,True
VF45_C1,COMP-Y-MODULUS,Modulus,New_VF45.xlsx,Sheet1,BN4,379.15,True
VF45_C1,COMP-Y-COMP-STRENGTH,Com. Strength,New_VF45.xlsx,Sheet1,BK6,23.602090928454036,True
VF45_C1,COMP-Y-COMP-STRAIN,Com. strain,New_VF45.xlsx,Sheet1,BL6,0.09413802557435272,True
VF45_C1,COMP-Y-APS,APS,New_VF45.xlsx,Sheet1,BM6,11.880492656762954,True
VF45_C1,COMP-Y-AS,AS,New_VF45.xlsx,Sheet1,BN6,11.484291697995712,True
VF45_C1,COMP-Y-YIELD-STRENGTH,Yield strength,New_VF45.xlsx,Sheet1,BK8,18.869379987071323,True
VF45_C1,COMP-Y-YIELD-STRAIN,Yield strain,New_VF45.xlsx,Sheet1,BL8,0.05167135890768605,True
VF45_C1,COMP-Y-LCC,LCC,New_VF45.xlsx,Sheet1,BM8,0.714866363939856,True
VF45_C1,COMP-Y-EAS,EAS,New_VF45.xlsx,Sheet1,BN8,0.27057018813977635,True
VF45_C1,COMP-Y-DENSIF-STRENGTH,Densif. strength,New_VF45.xlsx,Sheet1,BK10,1.536594461487893,True
VF45_C1,COMP-Y-DENSIFI-STRAIN,Densifi. strain,New_VF45.xlsx,Sheet1,BL10,0.2799046922410194,True
VF45_C1,COMP-Y-EAE,EAE,New_VF45.xlsx,Sheet1,BM10,48.65794192899479,True
VF45_C1,COMP-Y-SE,SE,New_VF45.xlsx,Sheet1,BN10,0.5033661082306973,True
VF45_C1,COMP-Y-TOTAL-ENERGY,Total energy,New_VF45.xlsx,Sheet1,BK12,3.2145071333335835,True
VF45_C1,COMP-Y-SEA,SEA,New_VF45.xlsx,Sheet1,BL12,4.887960295286556,True
VF45_C1,COMP-Y-MAX-PLATEAU-STRESS,Max. Plateau stress,New_VF45.xlsx,Sheet1,BM12,11.880492656762954,True
VF45_C2,COMP-Y-MODULUS,Modulus,New_VF45.xlsx,Sheet1,BZ4,296.48,True
VF45_C2,COMP-Y-COMP-STRENGTH,Com. Strength,New_VF45.xlsx,Sheet1,BW6,20.000207214672674,True
VF45_C2,COMP-Y-COMP-STRAIN,Com. strain,New_VF45.xlsx,Sheet1,BX6,0.07750223997485739,True
VF45_C2,COMP-Y-APS,APS,New_VF45.xlsx,Sheet1,BY6,13.06269697904796,True
VF45_C2,COMP-Y-AS,AS,New_VF45.xlsx,Sheet1,BZ6,12.007007407078284,True
VF45_C2,COMP-Y-YIELD-STRENGTH,Yield strength,New_VF45.xlsx,Sheet1,BW8,18.127138901123725,True
VF45_C2,COMP-Y-YIELD-STRAIN,Yield strain,New_VF45.xlsx,Sheet1,BX8,0.06313557330819072,True
VF45_C2,COMP-Y-LCC,LCC,New_VF45.xlsx,Sheet1,BY8,0.45687581901628493,True
VF45_C2,COMP-Y-EAS,EAS,New_VF45.xlsx,Sheet1,BZ8,0.20476536479425056,True
VF45_C2,COMP-Y-DENSIF-STRENGTH,Densif. strength,New_VF45.xlsx,Sheet1,BW10,2.4141769374630906,True
VF45_C2,COMP-Y-DENSIFI-STRAIN,Densifi. strain,New_VF45.xlsx,Sheet1,BX10,0.22276890664152407,True
VF45_C2,COMP-Y-EAE,EAE,New_VF45.xlsx,Sheet1,BY10,60.03441503480838,True
VF45_C2,COMP-Y-SE,SE,New_VF45.xlsx,Sheet1,BZ10,0.653128082066311,True
VF45_C2,COMP-Y-TOTAL-ENERGY,Total energy,New_VF45.xlsx,Sheet1,BW12,2.67478791211151,True
VF45_C2,COMP-Y-SEA,SEA,New_VF45.xlsx,Sheet1,BX12,4.131575895670989,True
VF45_C2,COMP-Y-MAX-PLATEAU-STRESS,Max. Plateau stress,New_VF45.xlsx,Sheet1,BY12,13.06269697904796,True
VF45_C3,COMP-Y-MODULUS,Modulus,New_VF45.xlsx,Sheet1,CL4,478.98,True
VF45_C3,COMP-Y-COMP-STRENGTH,Com. Strength,New_VF45.xlsx,Sheet1,CI6,31.14329260962567,True
VF45_C3,COMP-Y-COMP-STRAIN,Com. strain,New_VF45.xlsx,Sheet1,CJ6,0.12302283242393418,True
VF45_C3,COMP-Y-APS,APS,New_VF45.xlsx,Sheet1,CK6,19.975078609118736,True
VF45_C3,COMP-Y-AS,AS,New_VF45.xlsx,Sheet1,CL6,18.720271378180733,True
VF45_C3,COMP-Y-YIELD-STRENGTH,Yield strength,New_VF45.xlsx,Sheet1,CI8,22.387989552490854,True
VF45_C3,COMP-Y-YIELD-STRAIN,Yield strain,New_VF45.xlsx,Sheet1,CJ8,0.048722832423934166,True
VF45_C3,COMP-Y-LCC,LCC,New_VF45.xlsx,Sheet1,CK8,0.4462271148514113,True
VF45_C3,COMP-Y-EAS,EAS,New_VF45.xlsx,Sheet1,CL8,0.3051364102306721,True
VF45_C3,COMP-Y-DENSIF-STRENGTH,Densif. strength,New_VF45.xlsx,Sheet1,CI10,3.1183271162397976,True
VF45_C3,COMP-Y-DENSIFI-STRAIN,Densifi. strain,New_VF45.xlsx,Sheet1,CJ10,0.32558949909060086,True
VF45_C3,COMP-Y-EAE,EAE,New_VF45.xlsx,Sheet1,CK10,60.11012262844273,True
VF45_C3,COMP-Y-SE,SE,New_VF45.xlsx,Sheet1,CL10,0.6413926381998832,True
VF45_C3,COMP-Y-TOTAL-ENERGY,Total energy,New_VF45.xlsx,Sheet1,CI12,6.095123780861978,True
VF45_C3,COMP-Y-SEA,SEA,New_VF45.xlsx,Sheet1,CJ12,9.042632439910628,True
VF45_C3,COMP-Y-MAX-PLATEAU-STRESS,Max. Plateau stress,New_VF45.xlsx,Sheet1,CK12,19.975078609118736,True
VF45_C4,COMP-Y-MODULUS,Modulus,New_VF45.xlsx,Sheet1,CX4,584.51,True
VF45_C4,COMP-Y-COMP-STRENGTH,Com. Strength,New_VF45.xlsx,Sheet1,CU6,28.585822241054647,True
VF45_C4,COMP-Y-COMP-STRAIN,Com. strain,New_VF45.xlsx,Sheet1,CV6,0.0633170587487379,True
VF45_C4,COMP-Y-APS,APS,New_VF45.xlsx,Sheet1,CW6,13.529426128843497,True
VF45_C4,COMP-Y-AS,AS,New_VF45.xlsx,Sheet1,CX6,13.379947374499574,True
VF45_C4,COMP-Y-YIELD-STRENGTH,Yield strength,New_VF45.xlsx,Sheet1,CU8,24.428697192707375,True
VF45_C4,COMP-Y-YIELD-STRAIN,Yield strain,New_VF45.xlsx,Sheet1,CV8,0.043783725415404574,True
VF45_C4,COMP-Y-LCC,LCC,New_VF45.xlsx,Sheet1,CW8,0.6785613728475863,True
VF45_C4,COMP-Y-EAS,EAS,New_VF45.xlsx,Sheet1,CX8,0.25134243233103226,True
VF45_C4,COMP-Y-DENSIF-STRENGTH,Densif. strength,New_VF45.xlsx,Sheet1,CU10,1.0728064640896193,True
VF45_C4,COMP-Y-DENSIFI-STRAIN,Densifi. strain,New_VF45.xlsx,Sheet1,CV10,0.25415039208207124,True
VF45_C4,COMP-Y-EAE,EAE,New_VF45.xlsx,Sheet1,CW10,46.806235838420065,True
VF45_C4,COMP-Y-SE,SE,New_VF45.xlsx,Sheet1,CX10,0.47329148046728853,True
VF45_C4,COMP-Y-TOTAL-ENERGY,Total energy,New_VF45.xlsx,Sheet1,CU12,3.4005188712665464,True
VF45_C4,COMP-Y-SEA,SEA,New_VF45.xlsx,Sheet1,CV12,5.640798798321981,True
VF45_C4,COMP-Y-MAX-PLATEAU-STRESS,Max. Plateau stress,New_VF45.xlsx,Sheet1,CW12,13.529426128843497,True
VF45_C5,COMP-Y-MODULUS,Modulus,New_VF45.xlsx,Sheet1,DJ4,498.13,True
VF45_C5,COMP-Y-COMP-STRENGTH,Com. Strength,New_VF45.xlsx,Sheet1,DG6,30.53686487471509,True
VF45_C5,COMP-Y-COMP-STRAIN,Com. strain,New_VF45.xlsx,Sheet1,DH6,0.09538612880960233,True
VF45_C5,COMP-Y-APS,APS,New_VF45.xlsx,Sheet1,DI6,19.510003828941198,True
VF45_C5,COMP-Y-AS,AS,New_VF45.xlsx,Sheet1,DJ6,17.820545114605725,True
VF45_C5,COMP-Y-YIELD-STRENGTH,Yield strength,New_VF45.xlsx,Sheet1,DG8,24.04059984348048,True
VF45_C5,COMP-Y-YIELD-STRAIN,Yield strain,New_VF45.xlsx,Sheet1,DH8,0.050252795476268985,True
VF45_C5,COMP-Y-LCC,LCC,New_VF45.xlsx,Sheet1,DI8,0.52460771029574,True
VF45_C5,COMP-Y-EAS,EAS,New_VF45.xlsx,Sheet1,DJ8,0.1933552777161337,True
VF45_C5,COMP-Y-DENSIF-STRENGTH,Densif. strength,New_VF45.xlsx,Sheet1,DG10,4.9716314014550615,True
VF45_C5,COMP-Y-DENSIFI-STRAIN,Densifi. strain,New_VF45.xlsx,Sheet1,DH10,0.21168612880960233,True
VF45_C5,COMP-Y-EAE,EAE,New_VF45.xlsx,Sheet1,DI10,58.357480991316045,True
VF45_C5,COMP-Y-SE,SE,New_VF45.xlsx,Sheet1,DJ10,0.6389000281785878,True
VF45_C5,COMP-Y-TOTAL-ENERGY,Total energy,New_VF45.xlsx,Sheet1,DG12,3.772362208587757,True
VF45_C5,COMP-Y-SEA,SEA,New_VF45.xlsx,Sheet1,DH12,6.1865006845063695,True
VF45_C5,COMP-Y-MAX-PLATEAU-STRESS,Max. Plateau stress,New_VF45.xlsx,Sheet1,DI12,19.510003828941198,True
VF45_C6,COMP-Y-MODULUS,Modulus,New_VF45.xlsx,Sheet1,DV4,594.85,True
VF45_C6,COMP-Y-COMP-STRENGTH,Com. Strength,New_VF45.xlsx,Sheet1,DS6,39.105740486850294,True
VF45_C6,COMP-Y-COMP-STRAIN,Com. strain,New_VF45.xlsx,Sheet1,DT6,0.12063266588161957,True
VF45_C6,COMP-Y-APS,APS,New_VF45.xlsx,Sheet1,DU6,28.769209909792995,True
VF45_C6,COMP-Y-AS,AS,New_VF45.xlsx,Sheet1,DV6,25.202129782122306,True
VF45_C6,COMP-Y-YIELD-STRENGTH,Yield strength,New_VF45.xlsx,Sheet1,DS8,25.4848962215938,True
VF45_C6,COMP-Y-YIELD-STRAIN,Yield strain,New_VF45.xlsx,Sheet1,DT8,0.04483266588161956,True
VF45_C6,COMP-Y-LCC,LCC,New_VF45.xlsx,Sheet1,DU8,0.3921292531142955,True
VF45_C6,COMP-Y-EAS,EAS,New_VF45.xlsx,Sheet1,DV8,0.1714930696606536,True
VF45_C6,COMP-Y-DENSIF-STRENGTH,Densif. strength,New_VF45.xlsx,Sheet1,DS10,5.338823380351791,True
VF45_C6,COMP-Y-DENSIFI-STRAIN,Densifi. strain,New_VF45.xlsx,Sheet1,DT10,0.19576599921495288,True
VF45_C6,COMP-Y-EAE,EAE,New_VF45.xlsx,Sheet1,DU10,64.44611320068668,True
VF45_C6,COMP-Y-SE,SE,New_VF45.xlsx,Sheet1,DV10,0.7356774108258335,True
VF45_C6,COMP-Y-TOTAL-ENERGY,Total energy,New_VF45.xlsx,Sheet1,DS12,4.933720119142096,True
VF45_C6,COMP-Y-SEA,SEA,New_VF45.xlsx,Sheet1,DT12,8.354481102150013,True
VF45_C6,COMP-Y-MAX-PLATEAU-STRESS,Max. Plateau stress,New_VF45.xlsx,Sheet1,DU12,28.769209909792995,True
VF45_C7,COMP-Y-MODULUS,Modulus,New_VF45.xlsx,Sheet1,EH4,418.28,True
VF45_C7,COMP-Y-COMP-STRENGTH,Com. Strength,New_VF45.xlsx,Sheet1,EE6,23.5463896427926,True
VF45_C7,COMP-Y-COMP-STRAIN,Com. strain,New_VF45.xlsx,Sheet1,EF6,0.0818178241626415,True
VF45_C7,COMP-Y-APS,APS,New_VF45.xlsx,Sheet1,EG6,17.419846479463075,True
VF45_C7,COMP-Y-AS,AS,New_VF45.xlsx,Sheet1,EH6,15.867870700413295,True
VF45_C7,COMP-Y-YIELD-STRENGTH,Yield strength,New_VF45.xlsx,Sheet1,EE8,18.533287331746433,True
VF45_C7,COMP-Y-YIELD-STRAIN,Yield strain,New_VF45.xlsx,Sheet1,EF8,0.04628449082930816,True
VF45_C7,COMP-Y-LCC,LCC,New_VF45.xlsx,Sheet1,EG8,0.3664397651317929,True
VF45_C7,COMP-Y-EAS,EAS,New_VF45.xlsx,Sheet1,EH8,0.2125917084474444,True
VF45_C7,COMP-Y-DENSIF-STRENGTH,Densif. strength,New_VF45.xlsx,Sheet1,EE10,2.107781653508048,True
VF45_C7,COMP-Y-DENSIFI-STRAIN,Densifi. strain,New_VF45.xlsx,Sheet1,EF10,0.23338449082930818,True
VF45_C7,COMP-Y-EAE,EAE,New_VF45.xlsx,Sheet1,EG10,67.38982468707405,True
VF45_C7,COMP-Y-SE,SE,New_VF45.xlsx,Sheet1,EH10,0.7398096584541647,True
VF45_C7,COMP-Y-TOTAL-ENERGY,Total energy,New_VF45.xlsx,Sheet1,EE12,3.703314923961255,True
VF45_C7,COMP-Y-SEA,SEA,New_VF45.xlsx,Sheet1,EF12,5.219255554968843,True
VF45_C7,COMP-Y-MAX-PLATEAU-STRESS,Max. Plateau stress,New_VF45.xlsx,Sheet1,EG12,17.419846479463075,True
VF45_C8,COMP-Y-MODULUS,Modulus,New_VF45.xlsx,Sheet1,ET4,787.22,True
VF45_C8,COMP-Y-COMP-STRENGTH,Com. Strength,New_VF45.xlsx,Sheet1,EQ6,52.12031176968264,True
VF45_C8,COMP-Y-COMP-STRAIN,Com. strain,New_VF45.xlsx,Sheet1,ER6,0.09199509974337694,True
VF45_C8,COMP-Y-APS,APS,New_VF45.xlsx,Sheet1,ES6,40.81060612595838,True
VF45_C8,COMP-Y-AS,AS,New_VF45.xlsx,Sheet1,ET6,35.08124901886683,True
VF45_C8,COMP-Y-YIELD-STRENGTH,Yield strength,New_VF45.xlsx,Sheet1,EQ8,40.8012541631354,True
VF45_C8,COMP-Y-YIELD-STRAIN,Yield strain,New_VF45.xlsx,Sheet1,ER8,0.05382843307671027,True
VF45_C8,COMP-Y-LCC,LCC,New_VF45.xlsx,Sheet1,ES8,0.33250626229324376,True
VF45_C8,COMP-Y-EAS,EAS,New_VF45.xlsx,Sheet1,ET8,0.1602272921360677,True
VF45_C8,COMP-Y-DENSIF-STRENGTH,Densif. strength,New_VF45.xlsx,Sheet1,EQ10,1.338105647285623,True
VF45_C8,COMP-Y-DENSIFI-STRAIN,Densifi. strain,New_VF45.xlsx,Sheet1,ER10,0.18639509974337695,True
VF45_C8,COMP-Y-EAE,EAE,New_VF45.xlsx,Sheet1,ES10,67.30821023076248,True
VF45_C8,COMP-Y-SE,SE,New_VF45.xlsx,Sheet1,ET10,0.7830077131214919,True
VF45_C8,COMP-Y-TOTAL-ENERGY,Total energy,New_VF45.xlsx,Sheet1,EQ12,6.5389729099939276,True
VF45_C8,COMP-Y-SEA,SEA,New_VF45.xlsx,Sheet1,ER12,10.645973536467334,True
VF45_C8,COMP-Y-MAX-PLATEAU-STRESS,Max. Plateau stress,New_VF45.xlsx,Sheet1,ES12,40.81060612595838,True
VF45_C9,COMP-Y-MODULUS,Modulus,New_VF45.xlsx,Sheet1,FF4,545.55,True
VF45_C9,COMP-Y-COMP-STRENGTH,Com. Strength,New_VF45.xlsx,Sheet1,FC6,29.81105170373353,True
VF45_C9,COMP-Y-COMP-STRAIN,Com. strain,New_VF45.xlsx,Sheet1,FD6,0.1443914920148929,True
VF45_C9,COMP-Y-APS,APS,New_VF45.xlsx,Sheet1,FE6,25.322373241800115,True
VF45_C9,COMP-Y-AS,AS,New_VF45.xlsx,Sheet1,FF6,22.542005627450152,True
VF45_C9,COMP-Y-YIELD-STRENGTH,Yield strength,New_VF45.xlsx,Sheet1,FC8,23.01203991165395,True
VF45_C9,COMP-Y-YIELD-STRAIN,Yield strain,New_VF45.xlsx,Sheet1,FD8,0.04415815868155956,True
VF45_C9,COMP-Y-LCC,LCC,New_VF45.xlsx,Sheet1,FE8,0.2457149190836644,True
VF45_C9,COMP-Y-EAS,EAS,New_VF45.xlsx,Sheet1,FF8,0.18960526984387063,True
VF45_C9,COMP-Y-DENSIF-STRENGTH,Densif. strength,New_VF45.xlsx,Sheet1,FC10,1.000523474419737,True
VF45_C9,COMP-Y-DENSIFI-STRAIN,Densifi. strain,New_VF45.xlsx,Sheet1,FD10,0.2129914920148929,True
VF45_C9,COMP-Y-EAE,EAE,New_VF45.xlsx,Sheet1,FE10,75.61627094366146,True
VF45_C9,COMP-Y-SE,SE,New_VF45.xlsx,Sheet1,FF10,0.8494290471016407,True
VF45_C9,COMP-Y-TOTAL-ENERGY,Total energy,New_VF45.xlsx,Sheet1,FC12,4.80125541159872,True
VF45_C9,COMP-Y-SEA,SEA,New_VF45.xlsx,Sheet1,FD12,8.10297858846647,True
VF45_C9,COMP-Y-MAX-PLATEAU-STRESS,Max. Plateau stress,New_VF45.xlsx,Sheet1,FE12,25.322373241800115,True
VF45_C10,COMP-Y-MODULUS,Modulus,New_VF45.xlsx,Sheet1,FR4,539.78,True
VF45_C10,COMP-Y-COMP-STRENGTH,Com. Strength,New_VF45.xlsx,Sheet1,FO6,31.786561143771333,True
VF45_C10,COMP-Y-COMP-STRAIN,Com. strain,New_VF45.xlsx,Sheet1,FP6,0.13399733605902775,True
VF45_C10,COMP-Y-APS,APS,New_VF45.xlsx,Sheet1,FQ6,25.61135876925633,True
VF45_C10,COMP-Y-AS,AS,New_VF45.xlsx,Sheet1,FR6,22.60524373661009,True
VF45_C10,COMP-Y-YIELD-STRENGTH,Yield strength,New_VF45.xlsx,Sheet1,FO8,22.72542140480977,True
VF45_C10,COMP-Y-YIELD-STRAIN,Yield strain,New_VF45.xlsx,Sheet1,FP8,0.04409733605902775,True
VF45_C10,COMP-Y-LCC,LCC,New_VF45.xlsx,Sheet1,FQ8,0.3119397533775282,True
VF45_C10,COMP-Y-EAS,EAS,New_VF45.xlsx,Sheet1,FR8,0.17920008887348424,True
VF45_C10,COMP-Y-DENSIF-STRENGTH,Densif. strength,New_VF45.xlsx,Sheet1,FO10,1.6380550100182225,True
VF45_C10,COMP-Y-DENSIFI-STRAIN,Densifi. strain,New_VF45.xlsx,Sheet1,FP10,0.20303066939236109,True
VF45_C10,COMP-Y-EAE,EAE,New_VF45.xlsx,Sheet1,FQ10,71.11572602763181,True
VF45_C10,COMP-Y-SE,SE,New_VF45.xlsx,Sheet1,FR10,0.805729146144988,True
VF45_C10,COMP-Y-TOTAL-ENERGY,Total energy,New_VF45.xlsx,Sheet1,FO12,4.589557767621424,True
VF45_C10,COMP-Y-SEA,SEA,New_VF45.xlsx,Sheet1,FP12,7.062972368524658,True
VF45_C10,COMP-Y-MAX-PLATEAU-STRESS,Max. Plateau stress,New_VF45.xlsx,Sheet1,FQ12,25.61135876925633,True
VF45_C11,COMP-Y-MODULUS,Modulus,New_VF45.xlsx,Sheet1,GD4,464.93,True
VF45_C11,COMP-Y-COMP-STRENGTH,Com. Strength,New_VF45.xlsx,Sheet1,GA6,41.50088154250221,True
VF45_C11,COMP-Y-COMP-STRAIN,Com. strain,New_VF45.xlsx,Sheet1,GB6,0.720640944547304,True
VF45_C11,COMP-Y-APS,APS,New_VF45.xlsx,Sheet1,GC6,16.249600248516902,True
VF45_C11,COMP-Y-AS,AS,New_VF45.xlsx,Sheet1,GD6,15.120821367595893,True
VF45_C11,COMP-Y-YIELD-STRENGTH,Yield strength,New_VF45.xlsx,Sheet1,GA8,20.83902322918601,True
VF45_C11,COMP-Y-YIELD-STRAIN,Yield strain,New_VF45.xlsx,Sheet1,GB8,0.04680761121397065,True
VF45_C11,COMP-Y-LCC,LCC,New_VF45.xlsx,Sheet1,GC8,0.42711929306967805,True
VF45_C11,COMP-Y-EAS,EAS,New_VF45.xlsx,Sheet1,GD8,0.21083529009508034,True
VF45_C11,COMP-Y-DENSIF-STRENGTH,Densif. strength,New_VF45.xlsx,Sheet1,GA10,1.218008796604921,True
VF45_C11,COMP-Y-DENSIFI-STRAIN,Densifi. strain,New_VF45.xlsx,Sheet1,GB10,0.22657427788063733,True
VF45_C11,COMP-Y-EAE,EAE,New_VF45.xlsx,Sheet1,GC10,36.43494018822284,True
VF45_C11,COMP-Y-SE,SE,New_VF45.xlsx,Sheet1,GD10,0.39154831522976763,True
VF45_C11,COMP-Y-TOTAL-ENERGY,Total energy,New_VF45.xlsx,Sheet1,GA12,3.4259891823251505,True
VF45_C11,COMP-Y-SEA,SEA,New_VF45.xlsx,Sheet1,GB12,5.631045003242473,True
VF45_C11,COMP-Y-MAX-PLATEAU-STRESS,Max. Plateau stress,New_VF45.xlsx,Sheet1,GC12,16.249600248516902,True
VF45_C12,COMP-Y-MODULUS,Modulus,New_VF45.xlsx,Sheet1,GP4,306.12,True
VF45_C12,COMP-Y-COMP-STRENGTH,Com. Strength,New_VF45.xlsx,Sheet1,GM6,93.64872072718792,True
VF45_C12,COMP-Y-COMP-STRAIN,Com. strain,New_VF45.xlsx,Sheet1,GN6,0.8246271492673465,True
VF45_C12,COMP-Y-APS,APS,New_VF45.xlsx,Sheet1,GO6,12.774237132736662,True
VF45_C12,COMP-Y-AS,AS,New_VF45.xlsx,Sheet1,GP6,12.19271026417798,True
VF45_C12,COMP-Y-YIELD-STRENGTH,Yield strength,New_VF45.xlsx,Sheet1,GM8,18.642065895982796,True
VF45_C12,COMP-Y-YIELD-STRAIN,Yield strain,New_VF45.xlsx,Sheet1,GN8,0.06289381593401318,True
VF45_C12,COMP-Y-LCC,LCC,New_VF45.xlsx,Sheet1,GO8,0.4948031457064646,True
VF45_C12,COMP-Y-EAS,EAS,New_VF45.xlsx,Sheet1,GP8,0.329320335968337,True
VF45_C12,COMP-Y-DENSIF-STRENGTH,Densif. strength,New_VF45.xlsx,Sheet1,GM10,4.42566402009894,True
VF45_C12,COMP-Y-DENSIFI-STRAIN,Densifi. strain,New_VF45.xlsx,Sheet1,GN10,0.34502714926734646,True
VF45_C12,COMP-Y-EAE,EAE,New_VF45.xlsx,Sheet1,GO10,13.019622873116532,True
VF45_C12,COMP-Y-SE,SE,New_VF45.xlsx,Sheet1,GP10,0.13640589036928583,True
VF45_C12,COMP-Y-TOTAL-ENERGY,Total energy,New_VF45.xlsx,Sheet1,GM12,4.206816064292044,True
VF45_C12,COMP-Y-SEA,SEA,New_VF45.xlsx,Sheet1,GN12,6.517955320416224,True
VF45_C12,COMP-Y-MAX-PLATEAU-STRESS,Max. Plateau stress,New_VF45.xlsx,Sheet1,GO12,12.774237132736662,True
VF45_C13,COMP-Y-MODULUS,Modulus,New_VF45.xlsx,Sheet1,HB4,339.18,True
VF45_C13,COMP-Y-COMP-STRENGTH,Com. Strength,New_VF45.xlsx,Sheet1,GY6,30.200285298050137,True
VF45_C13,COMP-Y-COMP-STRAIN,Com. strain,New_VF45.xlsx,Sheet1,GZ6,0.14995146544648646,True
VF45_C13,COMP-Y-APS,APS,New_VF45.xlsx,Sheet1,HA6,18.2698782731768,True
VF45_C13,COMP-Y-AS,AS,New_VF45.xlsx,Sheet1,HB6,16.621750630381726,True
VF45_C13,COMP-Y-YIELD-STRENGTH,Yield strength,New_VF45.xlsx,Sheet1,GY8,21.549059032160038,True
VF45_C13,COMP-Y-YIELD-STRAIN,Yield strain,New_VF45.xlsx,Sheet1,GZ8,0.0655181321131531,True
VF45_C13,COMP-Y-LCC,LCC,New_VF45.xlsx,Sheet1,HA8,0.5921468970025702,True
VF45_C13,COMP-Y-EAS,EAS,New_VF45.xlsx,Sheet1,HB8,0.2597615113508912,True
VF45_C13,COMP-Y-DENSIF-STRENGTH,Densif. strength,New_VF45.xlsx,Sheet1,GY10,1.599884309445429,True
VF45_C13,COMP-Y-DENSIFI-STRAIN,Densifi. strain,New_VF45.xlsx,Sheet1,GZ10,0.28551813211315313,True
VF45_C13,COMP-Y-EAE,EAE,New_VF45.xlsx,Sheet1,HA10,55.03838942692008,True
VF45_C13,COMP-Y-SE,SE,New_VF45.xlsx,Sheet1,HB10,0.6049571417246308,True
VF45_C13,COMP-Y-TOTAL-ENERGY,Total energy,New_VF45.xlsx,Sheet1,GY12,4.745811192437216,True
VF45_C13,COMP-Y-SEA,SEA,New_VF45.xlsx,Sheet1,GZ12,6.957116759610703,True
VF45_C13,COMP-Y-MAX-PLATEAU-STRESS,Max. Plateau stress,New_VF45.xlsx,Sheet1,HA12,18.2698782731768,True
VF45_C14,COMP-Y-MODULUS,Modulus,New_VF45.xlsx,Sheet1,HN4,444.72,True
VF45_C14,COMP-Y-COMP-STRENGTH,Com. Strength,New_VF45.xlsx,Sheet1,HK6,33.16706961375075,True
VF45_C14,COMP-Y-COMP-STRAIN,Com. strain,New_VF45.xlsx,Sheet1,HL6,0.7329817782879237,True
VF45_C14,COMP-Y-APS,APS,New_VF45.xlsx,Sheet1,HM6,20.135433366703317,True
VF45_C14,COMP-Y-AS,AS,New_VF45.xlsx,Sheet1,HN6,18.07825318413546,True
VF45_C14,COMP-Y-YIELD-STRENGTH,Yield strength,New_VF45.xlsx,Sheet1,HK8,19.039977270585858,True
VF45_C14,COMP-Y-YIELD-STRAIN,Yield strain,New_VF45.xlsx,Sheet1,HL8,0.044781778287923533,True
VF45_C14,COMP-Y-LCC,LCC,New_VF45.xlsx,Sheet1,HM8,0.38022050477799096,True
VF45_C14,COMP-Y-EAS,EAS,New_VF45.xlsx,Sheet1,HN8,0.2009784835054014,True
VF45_C14,COMP-Y-DENSIF-STRENGTH,Densif. strength,New_VF45.xlsx,Sheet1,HK10,2.752030975941211,True
VF45_C14,COMP-Y-DENSIFI-STRAIN,Densifi. strain,New_VF45.xlsx,Sheet1,HL10,0.2238484449545902,True
VF45_C14,COMP-Y-EAE,EAE,New_VF45.xlsx,Sheet1,HM10,54.50663382284575,True
VF45_C14,COMP-Y-SE,SE,New_VF45.xlsx,Sheet1,HN10,0.6070911178223403,True
VF45_C14,COMP-Y-TOTAL-ENERGY,Total energy,New_VF45.xlsx,Sheet1,HK12,4.0467888627640916,True
VF45_C14,COMP-Y-SEA,SEA,New_VF45.xlsx,Sheet1,HL12,6.122733703175385,True
VF45_C14,COMP-Y-MAX-PLATEAU-STRESS,Max. Plateau stress,New_VF45.xlsx,Sheet1,HM12,20.135433366703317,True
VF45_F1,COMP-Y-MODULUS,Modulus,New_VF45.xlsx,Sheet1,HZ4,1022.8,True
VF45_F1,COMP-Y-COMP-STRENGTH,Com. Strength,New_VF45.xlsx,Sheet1,HW6,61.250381385584326,True
VF45_F1,COMP-Y-COMP-STRAIN,Com. strain,New_VF45.xlsx,Sheet1,HX6,0.07648135490522183,True
VF45_F1,COMP-Y-APS,APS,New_VF45.xlsx,Sheet1,HY6,57.52383123164062,True
VF45_F1,COMP-Y-AS,AS,New_VF45.xlsx,Sheet1,HZ6,41.25931759825217,True
VF45_F1,COMP-Y-YIELD-STRENGTH,Yield strength,New_VF45.xlsx,Sheet1,HW8,52.220573827851645,True
VF45_F1,COMP-Y-YIELD-STRAIN,Yield strain,New_VF45.xlsx,Sheet1,HX8,0.05304802157188848,True
VF45_F1,COMP-Y-LCC,LCC,New_VF45.xlsx,Sheet1,HY8,0.4211441819633874,True
VF45_F1,COMP-Y-EAS,EAS,New_VF45.xlsx,Sheet1,HZ8,0.07166441745099535,True
VF45_F1,COMP-Y-DENSIF-STRENGTH,Densif. strength,New_VF45.xlsx,Sheet1,HW10,0.8703428971308608,True
VF45_F1,COMP-Y-DENSIFI-STRAIN,Densifi. strain,New_VF45.xlsx,Sheet1,HX10,0.09991468823855516,True
VF45_F1,COMP-Y-EAE,EAE,New_VF45.xlsx,Sheet1,HY10,67.36173173929463,True
VF45_F1,COMP-Y-SE,SE,New_VF45.xlsx,Sheet1,HZ10,0.9391587436740308,True
VF45_F1,COMP-Y-TOTAL-ENERGY,Total energy,New_VF45.xlsx,Sheet1,HW12,4.122411854764898,True
VF45_F1,COMP-Y-SEA,SEA,New_VF45.xlsx,Sheet1,HX12,6.657283503415349,True
VF45_F1,COMP-Y-MAX-PLATEAU-STRESS,Max. Plateau stress,New_VF45.xlsx,Sheet1,HY12,57.52383123164062,True
VF45_F2,COMP-Y-MODULUS,Modulus,New_VF45.xlsx,Sheet1,IL4,736.67,True
VF45_F2,COMP-Y-COMP-STRENGTH,Com. Strength,New_VF45.xlsx,Sheet1,II6,40.00509339521644,True
VF45_F2,COMP-Y-COMP-STRAIN,Com. strain,New_VF45.xlsx,Sheet1,IJ6,0.06899461966797549,True
VF45_F2,COMP-Y-APS,APS,New_VF45.xlsx,Sheet1,IK6,34.90348064811126,True
VF45_F2,COMP-Y-AS,AS,New_VF45.xlsx,Sheet1,IL6,26.348420234343084,True
VF45_F2,COMP-Y-YIELD-STRENGTH,Yield strength,New_VF45.xlsx,Sheet1,II8,33.84364410775375,True
VF45_F2,COMP-Y-YIELD-STRAIN,Yield strain,New_VF45.xlsx,Sheet1,IJ8,0.04792795300130883,True
VF45_F2,COMP-Y-LCC,LCC,New_VF45.xlsx,Sheet1,IK8,0.41909036244939935,True
VF45_F2,COMP-Y-EAS,EAS,New_VF45.xlsx,Sheet1,IL8,0.07372389702088077,True
VF45_F2,COMP-Y-DENSIF-STRENGTH,Densif. strength,New_VF45.xlsx,Sheet1,II10,3.08072464373135,True
VF45_F2,COMP-Y-DENSIFI-STRAIN,Densifi. strain,New_VF45.xlsx,Sheet1,IJ10,0.09766128633464216,True
VF45_F2,COMP-Y-EAE,EAE,New_VF45.xlsx,Sheet1,IK10,65.86266397141736,True
VF45_F2,COMP-Y-SE,SE,New_VF45.xlsx,Sheet1,IL10,0.8724759195858995,True
VF45_F2,COMP-Y-TOTAL-ENERGY,Total energy,New_VF45.xlsx,Sheet1,II12,2.5732206129716593,True
VF45_F2,COMP-Y-SEA,SEA,New_VF45.xlsx,Sheet1,IJ12,4.232825644034361,True
VF45_F2,COMP-Y-MAX-PLATEAU-STRESS,Max. Plateau stress,New_VF45.xlsx,Sheet1,IK12,34.90348064811126,True
VF45_L1,COMP-Y-MODULUS,Modulus,New_VF45.xlsx,Sheet1,IX4,337.09,True
VF45_L1,COMP-Y-COMP-STRENGTH,Com. Strength,New_VF45.xlsx,Sheet1,IU6,21.812915309656017,True
VF45_L1,COMP-Y-COMP-STRAIN,Com. strain,New_VF45.xlsx,Sheet1,IV6,0.07324504612765628,True
VF45_L1,COMP-Y-APS,APS,New_VF45.xlsx,Sheet1,IW6,12.226490021120643,True
VF45_L1,COMP-Y-AS,AS,New_VF45.xlsx,Sheet1,IX6,10.825904194582295,True
VF45_L1,COMP-Y-YIELD-STRENGTH,Yield strength,New_VF45.xlsx,Sheet1,IU8,17.191345740465845,True
VF45_L1,COMP-Y-YIELD-STRAIN,Yield strain,New_VF45.xlsx,Sheet1,IV8,0.05297837946098962,True
VF45_L1,COMP-Y-LCC,LCC,New_VF45.xlsx,Sheet1,IW8,0.5424639332441228,True
VF45_L1,COMP-Y-EAS,EAS,New_VF45.xlsx,Sheet1,IX8,0.11319996325512106,True
VF45_L1,COMP-Y-DENSIF-STRENGTH,Densif. strength,New_VF45.xlsx,Sheet1,IU10,0.8260776524639434,True
VF45_L1,COMP-Y-DENSIFI-STRAIN,Densifi. strain,New_VF45.xlsx,Sheet1,IV10,0.1278450461276563,True
VF45_L1,COMP-Y-EAE,EAE,New_VF45.xlsx,Sheet1,IW10,49.63070750011093,True
VF45_L1,COMP-Y-SE,SE,New_VF45.xlsx,Sheet1,IX10,0.5605160909284002,True
VF45_L1,COMP-Y-TOTAL-ENERGY,Total energy,New_VF45.xlsx,Sheet1,IU12,1.384038221129961,True
VF45_L1,COMP-Y-SEA,SEA,New_VF45.xlsx,Sheet1,IV12,2.293414260534225,True
VF45_L1,COMP-Y-MAX-PLATEAU-STRESS,Max. Plateau stress,New_VF45.xlsx,Sheet1,IW12,12.226490021120643,True
VF45_L2,COMP-Y-MODULUS,Modulus,New_VF45.xlsx,Sheet1,JJ4,516.45,True
VF45_L2,COMP-Y-COMP-STRENGTH,Com. Strength,New_VF45.xlsx,Sheet1,JG6,25.75745498483733,True
VF45_L2,COMP-Y-COMP-STRAIN,Com. strain,New_VF45.xlsx,Sheet1,JH6,0.06546893979208124,True
VF45_L2,COMP-Y-APS,APS,New_VF45.xlsx,Sheet1,JI6,13.229442886286876,True
VF45_L2,COMP-Y-AS,AS,New_VF45.xlsx,Sheet1,JJ6,12.730310207562239,True
VF45_L2,COMP-Y-YIELD-STRENGTH,Yield strength,New_VF45.xlsx,Sheet1,JG8,23.586757214612113,True
VF45_L2,COMP-Y-YIELD-STRAIN,Yield strain,New_VF45.xlsx,Sheet1,JH8,0.04766893979208124,True
VF45_L2,COMP-Y-LCC,LCC,New_VF45.xlsx,Sheet1,JI8,0.6271540928858237,True
VF45_L2,COMP-Y-EAS,EAS,New_VF45.xlsx,Sheet1,JJ8,0.09703118727079037,True
VF45_L2,COMP-Y-DENSIF-STRENGTH,Densif. strength,New_VF45.xlsx,Sheet1,JG10,2.8196692685399682,True
VF45_L2,COMP-Y-DENSIFI-STRAIN,Densifi. strain,New_VF45.xlsx,Sheet1,JH10,0.10083560645874791,True
VF45_L2,COMP-Y-EAE,EAE,New_VF45.xlsx,Sheet1,JI10,49.42378901586436,True
VF45_L2,COMP-Y-SE,SE,New_VF45.xlsx,Sheet1,JJ10,0.5136160732523717,True
VF45_L2,COMP-Y-TOTAL-ENERGY,Total energy,New_VF45.xlsx,Sheet1,JG12,1.2836685501875273,True
VF45_L2,COMP-Y-SEA,SEA,New_VF45.xlsx,Sheet1,JH12,2.13204222965926,True
VF45_L2,COMP-Y-MAX-PLATEAU-STRESS,Max. Plateau stress,New_VF45.xlsx,Sheet1,JI12,13.229442886286876,True
VF45_L3,COMP-Y-MODULUS,Modulus,New_VF45.xlsx,Sheet1,JV4,445.42,True
VF45_L3,COMP-Y-COMP-STRENGTH,Com. Strength,New_VF45.xlsx,Sheet1,JS6,31.077462373073736,True
VF45_L3,COMP-Y-COMP-STRAIN,Com. strain,New_VF45.xlsx,Sheet1,JT6,0.7057024237372164,True
VF45_L3,COMP-Y-APS,APS,New_VF45.xlsx,Sheet1,JU6,16.18667178809301,True
VF45_L3,COMP-Y-AS,AS,New_VF45.xlsx,Sheet1,JV6,15.522908415326535,True
VF45_L3,COMP-Y-YIELD-STRENGTH,Yield strength,New_VF45.xlsx,Sheet1,JS8,22.532623377840657,True
VF45_L3,COMP-Y-YIELD-STRAIN,Yield strain,New_VF45.xlsx,Sheet1,JT8,0.05256909040388308,True
VF45_L3,COMP-Y-LCC,LCC,New_VF45.xlsx,Sheet1,JU8,0.43535500328172694,True
VF45_L3,COMP-Y-EAS,EAS,New_VF45.xlsx,Sheet1,JV8,0.34597510981470925,True
VF45_L3,COMP-Y-DENSIF-STRENGTH,Densif. strength,New_VF45.xlsx,Sheet1,JS10,7.140207927523532,True
VF45_L3,COMP-Y-DENSIFI-STRAIN,Densifi. strain,New_VF45.xlsx,Sheet1,JT10,0.36076909040388305,True
VF45_L3,COMP-Y-EAE,EAE,New_VF45.xlsx,Sheet1,JU10,49.949086025685155,True
VF45_L3,COMP-Y-SE,SE,New_VF45.xlsx,Sheet1,JV10,0.520849212003794,True
VF45_L3,COMP-Y-TOTAL-ENERGY,Total energy,New_VF45.xlsx,Sheet1,JS12,5.600185549420136,True
VF45_L3,COMP-Y-SEA,SEA,New_VF45.xlsx,Sheet1,JT12,8.10862966070109,True
VF45_L3,COMP-Y-MAX-PLATEAU-STRESS,Max. Plateau stress,New_VF45.xlsx,Sheet1,JU12,16.18667178809301,True
VF45_L4,COMP-Y-MODULUS,Modulus,New_VF45.xlsx,Sheet1,KH4,528.19,True
VF45_L4,COMP-Y-COMP-STRENGTH,Com. Strength,New_VF45.xlsx,Sheet1,KE6,30.814570884422647,True
VF45_L4,COMP-Y-COMP-STRAIN,Com. strain,New_VF45.xlsx,Sheet1,KF6,0.17173968315673846,True
VF45_L4,COMP-Y-APS,APS,New_VF45.xlsx,Sheet1,KG6,25.266796236512267,True
VF45_L4,COMP-Y-AS,AS,New_VF45.xlsx,Sheet1,KH6,22.76408364908142,True
VF45_L4,COMP-Y-YIELD-STRENGTH,Yield strength,New_VF45.xlsx,Sheet1,KE8,21.83066662227364,True
VF45_L4,COMP-Y-YIELD-STRAIN,Yield strain,New_VF45.xlsx,Sheet1,KF8,0.043306349823405144,True
VF45_L4,COMP-Y-LCC,LCC,New_VF45.xlsx,Sheet1,KG8,0.25050982519188675,True
VF45_L4,COMP-Y-EAS,EAS,New_VF45.xlsx,Sheet1,KH8,0.21761482937860582,True
VF45_L4,COMP-Y-DENSIF-STRENGTH,Densif. strength,New_VF45.xlsx,Sheet1,KE10,2.692963931160145,True
VF45_L4,COMP-Y-DENSIFI-STRAIN,Densifi. strain,New_VF45.xlsx,Sheet1,KF10,0.24153968315673846,True
VF45_L4,COMP-Y-EAE,EAE,New_VF45.xlsx,Sheet1,KG10,73.8744139402866,True
VF45_L4,COMP-Y-SE,SE,New_VF45.xlsx,Sheet1,KH10,0.8199626187001395,True
VF45_L4,COMP-Y-TOTAL-ENERGY,Total energy,New_VF45.xlsx,Sheet1,KE12,5.498429551952617,True
VF45_L4,COMP-Y-SEA,SEA,New_VF45.xlsx,Sheet1,KF12,9.007922614676474,True
VF45_L4,COMP-Y-MAX-PLATEAU-STRESS,Max. Plateau stress,New_VF45.xlsx,Sheet1,KG12,25.266796236512267,True
VF45_L5,COMP-Y-MODULUS,Modulus,New_VF45.xlsx,Sheet1,KT4,522.44,True
VF45_L5,COMP-Y-COMP-STRENGTH,Com. Strength,New_VF45.xlsx,Sheet1,KQ6,39.95124324857468,True
VF45_L5,COMP-Y-COMP-STRAIN,Com. strain,New_VF45.xlsx,Sheet1,KR6,0.7564366090952944,True
VF45_L5,COMP-Y-APS,APS,New_VF45.xlsx,Sheet1,KS6,23.870835460231227,True
VF45_L5,COMP-Y-AS,AS,New_VF45.xlsx,Sheet1,KT6,20.44932758934094,True
VF45_L5,COMP-Y-YIELD-STRENGTH,Yield strength,New_VF45.xlsx,Sheet1,KQ8,24.097575292791074,True
VF45_L5,COMP-Y-YIELD-STRAIN,Yield strain,New_VF45.xlsx,Sheet1,KR8,0.04810327576196104,True
VF45_L5,COMP-Y-LCC,LCC,New_VF45.xlsx,Sheet1,KS8,0.34031726738511436,True
VF45_L5,COMP-Y-EAS,EAS,New_VF45.xlsx,Sheet1,KT8,0.13786888380971238,True
VF45_L5,COMP-Y-DENSIF-STRENGTH,Densif. strength,New_VF45.xlsx,Sheet1,KQ10,10.408753030279993,True
VF45_L5,COMP-Y-DENSIFI-STRAIN,Densifi. strain,New_VF45.xlsx,Sheet1,KR10,0.1609366090952944,True
VF45_L5,COMP-Y-EAE,EAE,New_VF45.xlsx,Sheet1,KS10,51.18571019706752,True
VF45_L5,COMP-Y-SE,SE,New_VF45.xlsx,Sheet1,KT10,0.5974991894922533,True
VF45_L5,COMP-Y-TOTAL-ENERGY,Total energy,New_VF45.xlsx,Sheet1,KQ12,3.2910454405073812,True
VF45_L5,COMP-Y-SEA,SEA,New_VF45.xlsx,Sheet1,KR12,5.341225401355574,True
VF45_L5,COMP-Y-MAX-PLATEAU-STRESS,Max. Plateau stress,New_VF45.xlsx,Sheet1,KS12,23.870835460231227,True
VF45_L6,COMP-Y-MODULUS,Modulus,New_VF45.xlsx,Sheet1,LF4,242.9,True
VF45_L6,COMP-Y-COMP-STRENGTH,Com. Strength,New_VF45.xlsx,Sheet1,LC6,68.85969619875466,True
VF45_L6,COMP-Y-COMP-STRAIN,Com. strain,New_VF45.xlsx,Sheet1,LD6,0.8323038426389581,True
VF45_L6,COMP-Y-APS,APS,New_VF45.xlsx,Sheet1,LE6,12.004140085155571,True
VF45_L6,COMP-Y-AS,AS,New_VF45.xlsx,Sheet1,LF6,10.234274835277155,True
VF45_L6,COMP-Y-YIELD-STRENGTH,Yield strength,New_VF45.xlsx,Sheet1,LC8,10.973745807721043,True
VF45_L6,COMP-Y-YIELD-STRAIN,Yield strain,New_VF45.xlsx,Sheet1,LD8,0.04717050930562469,True
VF45_L6,COMP-Y-LCC,LCC,New_VF45.xlsx,Sheet1,LE8,0.319246077728821,True
VF45_L6,COMP-Y-EAS,EAS,New_VF45.xlsx,Sheet1,LF8,0.14414310783608472,True
VF45_L6,COMP-Y-DENSIF-STRENGTH,Densif. strength,New_VF45.xlsx,Sheet1,LC10,8.67171766475716,True
VF45_L6,COMP-Y-DENSIFI-STRAIN,Densifi. strain,New_VF45.xlsx,Sheet1,LD10,0.16907050930562467,True
VF45_L6,COMP-Y-EAE,EAE,New_VF45.xlsx,Sheet1,LE10,14.862503612762445,True
VF45_L6,COMP-Y-SE,SE,New_VF45.xlsx,Sheet1,LF10,0.17432752027408258,True
VF45_L6,COMP-Y-TOTAL-ENERGY,Total energy,New_VF45.xlsx,Sheet1,LC12,1.7303140587740466,True
VF45_L6,COMP-Y-SEA,SEA,New_VF45.xlsx,Sheet1,LD12,2.870209621777123,True
VF45_L6,COMP-Y-MAX-PLATEAU-STRESS,Max. Plateau stress,New_VF45.xlsx,Sheet1,LE12,12.004140085155571,True
VF45_L7,COMP-Y-MODULUS,Modulus,New_VF45.xlsx,Sheet1,LR4,375.67,True
VF45_L7,COMP-Y-COMP-STRENGTH,Com. Strength,New_VF45.xlsx,Sheet1,LO6,25.57018748913101,True
VF45_L7,COMP-Y-COMP-STRAIN,Com. strain,New_VF45.xlsx,Sheet1,LP6,0.756670054046552,True
VF45_L7,COMP-Y-APS,APS,New_VF45.xlsx,Sheet1,LQ6,10.155440208416639,True
VF45_L7,COMP-Y-AS,AS,New_VF45.xlsx,Sheet1,LR6,9.787015629212283,True
VF45_L7,COMP-Y-YIELD-STRENGTH,Yield strength,New_VF45.xlsx,Sheet1,LO8,17.595538715346837,True
VF45_L7,COMP-Y-YIELD-STRAIN,Yield strain,New_VF45.xlsx,Sheet1,LP8,0.04883672071321862,True
VF45_L7,COMP-Y-LCC,LCC,New_VF45.xlsx,Sheet1,LQ8,0.45771682538569636,True
VF45_L7,COMP-Y-EAS,EAS,New_VF45.xlsx,Sheet1,LR8,0.13842578969486624,True
VF45_L7,COMP-Y-DENSIF-STRENGTH,Densif. strength,New_VF45.xlsx,Sheet1,LO10,4.468368883970218,True
VF45_L7,COMP-Y-DENSIFI-STRAIN,Densifi. strain,New_VF45.xlsx,Sheet1,LP10,0.14363672071321862,True
VF45_L7,COMP-Y-EAE,EAE,New_VF45.xlsx,Sheet1,LQ10,38.27510311910071,True
VF45_L7,COMP-Y-SE,SE,New_VF45.xlsx,Sheet1,LR10,0.39715939559431707,True
VF45_L7,COMP-Y-TOTAL-ENERGY,Total energy,New_VF45.xlsx,Sheet1,LO12,1.4057748305490703,True
VF45_L7,COMP-Y-SEA,SEA,New_VF45.xlsx,Sheet1,LP12,2.23066201351801,True
VF45_L7,COMP-Y-MAX-PLATEAU-STRESS,Max. Plateau stress,New_VF45.xlsx,Sheet1,LQ12,10.155440208416639,True
VF45_L8,COMP-Y-MODULUS,Modulus,New_VF45.xlsx,Sheet1,MD4,394.35,True
VF45_L8,COMP-Y-COMP-STRENGTH,Com. Strength,New_VF45.xlsx,Sheet1,MA6,26.868154232680663,True
VF45_L8,COMP-Y-COMP-STRAIN,Com. strain,New_VF45.xlsx,Sheet1,MB6,0.7567028621203816,True
VF45_L8,COMP-Y-APS,APS,New_VF45.xlsx,Sheet1,MC6,10.652868414312945,True
VF45_L8,COMP-Y-AS,AS,New_VF45.xlsx,Sheet1,MD6,10.274846302792474,True
VF45_L8,COMP-Y-YIELD-STRENGTH,Yield strength,New_VF45.xlsx,Sheet1,MA8,18.51116980579337,True
VF45_L8,COMP-Y-YIELD-STRAIN,Yield strain,New_VF45.xlsx,Sheet1,MB8,0.048936195453715005,True
VF45_L8,COMP-Y-LCC,LCC,New_VF45.xlsx,Sheet1,MC8,0.4580698736539437,True
VF45_L8,COMP-Y-EAS,EAS,New_VF45.xlsx,Sheet1,MD8,0.13876425000762926,True
VF45_L8,COMP-Y-DENSIF-STRENGTH,Densif. strength,New_VF45.xlsx,Sheet1,MA10,4.695187487149046,True
VF45_L8,COMP-Y-DENSIFI-STRAIN,Densifi. strain,New_VF45.xlsx,Sheet1,MB10,0.1438695287870483,True
VF45_L8,COMP-Y-EAE,EAE,New_VF45.xlsx,Sheet1,MC10,38.241727413842305,True
VF45_L8,COMP-Y-SE,SE,New_VF45.xlsx,Sheet1,MD10,0.39648679704821305,True
VF45_L8,COMP-Y-TOTAL-ENERGY,Total energy,New_VF45.xlsx,Sheet1,MA12,1.4782372959420986,True
VF45_L8,COMP-Y-SEA,SEA,New_VF45.xlsx,Sheet1,MB12,2.4647114570464757,True
VF45_L8,COMP-Y-MAX-PLATEAU-STRESS,Max. Plateau stress,New_VF45.xlsx,Sheet1,MC12,10.652868414312945,True
VF45_L9,COMP-Y-MODULUS,Modulus,New_VF45.xlsx,Sheet1,MP4,592.14,True
VF45_L9,COMP-Y-COMP-STRENGTH,Com. Strength,New_VF45.xlsx,Sheet1,MM6,37.245961493010824,True
VF45_L9,COMP-Y-COMP-STRAIN,Com. strain,New_VF45.xlsx,Sheet1,MN6,0.11879633187741018,True
VF45_L9,COMP-Y-APS,APS,New_VF45.xlsx,Sheet1,MO6,25.359188102311744,True
VF45_L9,COMP-Y-AS,AS,New_VF45.xlsx,Sheet1,MP6,23.390792768899352,True
VF45_L9,COMP-Y-YIELD-STRENGTH,Yield strength,New_VF45.xlsx,Sheet1,MM8,26.585363139542526,True
VF45_L9,COMP-Y-YIELD-STRAIN,Yield strain,New_VF45.xlsx,Sheet1,MN8,0.046896331877410186,True
VF45_L9,COMP-Y-LCC,LCC,New_VF45.xlsx,Sheet1,MO8,0.47431976122675573,True
VF45_L9,COMP-Y-EAS,EAS,New_VF45.xlsx,Sheet1,MP8,0.25494228344160086,True
VF45_L9,COMP-Y-DENSIF-STRENGTH,Densif. strength,New_VF45.xlsx,Sheet1,MM10,3.8356991594364844,True
VF45_L9,COMP-Y-DENSIFI-STRAIN,Densifi. strain,New_VF45.xlsx,Sheet1,MN10,0.2763963318774102,True
VF45_L9,COMP-Y-EAE,EAE,New_VF45.xlsx,Sheet1,MO10,62.80088318645933,True
VF45_L9,COMP-Y-SE,SE,New_VF45.xlsx,Sheet1,MP10,0.6808573892519966,True
VF45_L9,COMP-Y-TOTAL-ENERGY,Total energy,New_VF45.xlsx,Sheet1,MM12,6.465129321028432,True
VF45_L9,COMP-Y-SEA,SEA,New_VF45.xlsx,Sheet1,MN12,12.69313874189032,True
VF45_L9,COMP-Y-MAX-PLATEAU-STRESS,Max. Plateau stress,New_VF45.xlsx,Sheet1,MO12,25.359188102311744,True
VF45_L10,COMP-Y-MODULUS,Modulus,New_VF45.xlsx,Sheet1,NB4,495.98,True
VF45_L10,COMP-Y-COMP-STRENGTH,Com. Strength,New_VF45.xlsx,Sheet1,MY6,30.620904079634155,True
VF45_L10,COMP-Y-COMP-STRAIN,Com. strain,New_VF45.xlsx,Sheet1,MZ6,0.1251262674551272,True
VF45_L10,COMP-Y-APS,APS,New_VF45.xlsx,Sheet1,NA6,22.82316522902191,True
VF45_L10,COMP-Y-AS,AS,New_VF45.xlsx,Sheet1,NB6,20.706912175439893,True
VF45_L10,COMP-Y-YIELD-STRENGTH,Yield strength,New_VF45.xlsx,Sheet1,MY8,21.72055093600555,True
VF45_L10,COMP-Y-YIELD-STRAIN,Yield strain,New_VF45.xlsx,Sheet1,MZ8,0.04579293412179388,True
VF45_L10,COMP-Y-LCC,LCC,New_VF45.xlsx,Sheet1,NA8,0.36035831264877993,True
VF45_L10,COMP-Y-EAS,EAS,New_VF45.xlsx,Sheet1,NB8,0.2272057654835095,True
VF45_L10,COMP-Y-DENSIF-STRENGTH,Densif. strength,New_VF45.xlsx,Sheet1,MY10,3.2511652674912765,True
VF45_L10,COMP-Y-DENSIFI-STRAIN,Densifi. strain,New_VF45.xlsx,Sheet1,MZ10,0.2504262674551272,True
VF45_L10,COMP-Y-EAE,EAE,New_VF45.xlsx,Sheet1,NA10,67.62345135724448,True
VF45_L10,COMP-Y-SE,SE,New_VF45.xlsx,Sheet1,NB10,0.7453458973538769,True
VF45_L10,COMP-Y-TOTAL-ENERGY,Total energy,New_VF45.xlsx,Sheet1,MY12,5.18555472661654,True
VF45_L10,COMP-Y-SEA,SEA,New_VF45.xlsx,Sheet1,MZ12,8.874224915060488,True
VF45_L10,COMP-Y-MAX-PLATEAU-STRESS,Max. Plateau stress,New_VF45.xlsx,Sheet1,NA12,22.82316522902191,True
VF45_L11,COMP-Y-MODULUS,Modulus,New_VF45.xlsx,Sheet1,NN4,340.12,True
VF45_L11,COMP-Y-COMP-STRENGTH,Com. Strength,New_VF45.xlsx,Sheet1,NK6,66.37438961046934,True
VF45_L11,COMP-Y-COMP-STRAIN,Com. strain,New_VF45.xlsx,Sheet1,NL6,0.7930451525065825,True
VF45_L11,COMP-Y-APS,APS,New_VF45.xlsx,Sheet1,NM6,20.470595032062693,True
VF45_L11,COMP-Y-AS,AS,New_VF45.xlsx,Sheet1,NN6,18.451221705419176,True
VF45_L11,COMP-Y-YIELD-STRENGTH,Yield strength,New_VF45.xlsx,Sheet1,NK8,18.08822123178142,True
VF45_L11,COMP-Y-YIELD-STRAIN,Yield strain,New_VF45.xlsx,Sheet1,NL8,0.05517848583991576,True
VF45_L11,COMP-Y-LCC,LCC,New_VF45.xlsx,Sheet1,NM8,0.24740441492267173,True
VF45_L11,COMP-Y-EAS,EAS,New_VF45.xlsx,Sheet1,NN8,0.2747428907263693,True
VF45_L11,COMP-Y-DENSIF-STRENGTH,Densif. strength,New_VF45.xlsx,Sheet1,NK10,12.74248636834783,True
VF45_L11,COMP-Y-DENSIFI-STRAIN,Densifi. strain,New_VF45.xlsx,Sheet1,NL10,0.3048118191732491,True
VF45_L11,COMP-Y-EAE,EAE,New_VF45.xlsx,Sheet1,NM10,27.79870641930368,True
VF45_L11,COMP-Y-SE,SE,New_VF45.xlsx,Sheet1,NN10,0.30841104757720944,True
VF45_L11,COMP-Y-TOTAL-ENERGY,Total energy,New_VF45.xlsx,Sheet1,NK12,5.62415045399776,True
VF45_L11,COMP-Y-SEA,SEA,New_VF45.xlsx,Sheet1,NL12,9.107801069106964,True
VF45_L11,COMP-Y-MAX-PLATEAU-STRESS,Max. Plateau stress,New_VF45.xlsx,Sheet1,NM12,20.470595032062693,True
VF45_L12,COMP-Y-MODULUS,Modulus,New_VF45.xlsx,Sheet1,NZ4,647.84,True
VF45_L12,COMP-Y-COMP-STRENGTH,Com. Strength,New_VF45.xlsx,Sheet1,NW6,34.738840125441,True
VF45_L12,COMP-Y-COMP-STRAIN,Com. strain,New_VF45.xlsx,Sheet1,NX6,0.06526338478611762,True
VF45_L12,COMP-Y-APS,APS,New_VF45.xlsx,Sheet1,NY6,18.050428271178614,True
VF45_L12,COMP-Y-AS,AS,New_VF45.xlsx,Sheet1,NZ6,17.61428638136268,True
VF45_L12,COMP-Y-YIELD-STRENGTH,Yield strength,New_VF45.xlsx,Sheet1,NW8,30.883808964185167,True
VF45_L12,COMP-Y-YIELD-STRAIN,Yield strain,New_VF45.xlsx,Sheet1,NX8,0.049663384786117634,True
VF45_L12,COMP-Y-LCC,LCC,New_VF45.xlsx,Sheet1,NY8,0.6072833170337905,True
VF45_L12,COMP-Y-EAS,EAS,New_VF45.xlsx,Sheet1,NZ8,0.23045710771620417,True
VF45_L12,COMP-Y-DENSIF-STRENGTH,Densif. strength,New_VF45.xlsx,Sheet1,NW10,3.332315071594027,True
VF45_L12,COMP-Y-DENSIFI-STRAIN,Densifi. strain,New_VF45.xlsx,Sheet1,NX10,0.23616338478611765,True
VF45_L12,COMP-Y-EAE,EAE,New_VF45.xlsx,Sheet1,NY10,50.70487764634045,True
VF45_L12,COMP-Y-SE,SE,New_VF45.xlsx,Sheet1,NZ10,0.5196036541807099,True
VF45_L12,COMP-Y-TOTAL-ENERGY,Total energy,New_VF45.xlsx,Sheet1,NW12,4.159849492414627,True
VF45_L12,COMP-Y-SEA,SEA,New_VF45.xlsx,Sheet1,NX12,6.7243067950510484,True
VF45_L12,COMP-Y-MAX-PLATEAU-STRESS,Max. Plateau stress,New_VF45.xlsx,Sheet1,NY12,18.050428271178614,True
VF45_L13,COMP-Y-MODULUS,Modulus,New_VF45.xlsx,Sheet1,OL4,453.49,True
VF45_L13,COMP-Y-COMP-STRENGTH,Com. Strength,New_VF45.xlsx,Sheet1,OI6,23.07849418308716,True
VF45_L13,COMP-Y-COMP-STRAIN,Com. strain,New_VF45.xlsx,Sheet1,OJ6,0.06147986298659328,True
VF45_L13,COMP-Y-APS,APS,New_VF45.xlsx,Sheet1,OK6,21.826259835767612,True
VF45_L13,COMP-Y-AS,AS,New_VF45.xlsx,Sheet1,OL6,13.547426557731368,True
VF45_L13,COMP-Y-YIELD-STRENGTH,Yield strength,New_VF45.xlsx,Sheet1,OI8,19.976670491478657,True
VF45_L13,COMP-Y-YIELD-STRAIN,Yield strain,New_VF45.xlsx,Sheet1,OJ8,0.04604652965325994,True
VF45_L13,COMP-Y-LCC,LCC,New_VF45.xlsx,Sheet1,OK8,0.6311435650675453,True
VF45_L13,COMP-Y-EAS,EAS,New_VF45.xlsx,Sheet1,OL8,0.039670531723220506,True
VF45_L13,COMP-Y-DENSIF-STRENGTH,Densif. strength,New_VF45.xlsx,Sheet1,OI10,0.27777525596494074,True
VF45_L13,COMP-Y-DENSIFI-STRAIN,Densifi. strain,New_VF45.xlsx,Sheet1,OJ10,0.06391319631992662,True
VF45_L13,COMP-Y-EAE,EAE,New_VF45.xlsx,Sheet1,OK10,58.70151860973435,True
VF45_L13,COMP-Y-SE,SE,New_VF45.xlsx,Sheet1,OL10,0.9457402056917026,True
VF45_L13,COMP-Y-TOTAL-ENERGY,Total energy,New_VF45.xlsx,Sheet1,OI12,0.8658593332140726,True
VF45_L13,COMP-Y-SEA,SEA,New_VF45.xlsx,Sheet1,OJ12,1.48756149611446,True
VF45_L13,COMP-Y-MAX-PLATEAU-STRESS,Max. Plateau stress,New_VF45.xlsx,Sheet1,OK12,21.826259835767612,True
VF45_L14,COMP-Y-MODULUS,Modulus,New_VF45.xlsx,Sheet1,OX4,367.52,True
VF45_L14,COMP-Y-COMP-STRENGTH,Com. Strength,New_VF45.xlsx,Sheet1,OU6,19.80820644459029,True
VF45_L14,COMP-Y-COMP-STRAIN,Com. strain,New_VF45.xlsx,Sheet1,OV6,0.05915901195201324,True
VF45_L14,COMP-Y-APS,APS,New_VF45.xlsx,Sheet1,OW6,16.35500791028615,True
VF45_L14,COMP-Y-AS,AS,New_VF45.xlsx,Sheet1,OX6,12.396253553679482,True
VF45_L14,COMP-Y-YIELD-STRENGTH,Yield strength,New_VF45.xlsx,Sheet1,OU8,19.40532766944608,True
VF45_L14,COMP-Y-YIELD-STRAIN,Yield strain,New_VF45.xlsx,Sheet1,OV8,0.054792345285346565,True
VF45_L14,COMP-Y-LCC,LCC,New_VF45.xlsx,Sheet1,OW8,0.43713514377073975,True
VF45_L14,COMP-Y-EAS,EAS,New_VF45.xlsx,Sheet1,OX8,0.06335869190574726,True
VF45_L14,COMP-Y-DENSIF-STRENGTH,Densif. strength,New_VF45.xlsx,Sheet1,OU10,2.7306228093107516,True
VF45_L14,COMP-Y-DENSIFI-STRAIN,Densifi. strain,New_VF45.xlsx,Sheet1,OV10,0.08359234528534656,True
VF45_L14,COMP-Y-EAE,EAE,New_VF45.xlsx,Sheet1,OW10,62.581403260086454,True
VF45_L14,COMP-Y-SE,SE,New_VF45.xlsx,Sheet1,OX10,0.8256682883448428,True
VF45_L14,COMP-Y-TOTAL-ENERGY,Total energy,New_VF45.xlsx,Sheet1,OU12,1.0362319073038797,True
VF45_L14,COMP-Y-SEA,SEA,New_VF45.xlsx,Sheet1,OV12,1.7213695620332339,True
VF45_L14,COMP-Y-MAX-PLATEAU-STRESS,Max. Plateau stress,New_VF45.xlsx,Sheet1,OW12,16.35500791028615,True
VF45_L15,COMP-Y-MODULUS,Modulus,New_VF45.xlsx,Sheet1,PJ4,451.69,True
VF45_L15,COMP-Y-COMP-STRENGTH,Com. Strength,New_VF45.xlsx,Sheet1,PG6,25.455589140404655,True
VF45_L15,COMP-Y-COMP-STRAIN,Com. strain,New_VF45.xlsx,Sheet1,PH6,0.07876943311251401,True
VF45_L15,COMP-Y-APS,APS,New_VF45.xlsx,Sheet1,PI6,19.38123534409705,True
VF45_L15,COMP-Y-AS,AS,New_VF45.xlsx,Sheet1,PJ6,16.60292843850064,True
VF45_L15,COMP-Y-YIELD-STRENGTH,Yield strength,New_VF45.xlsx,Sheet1,PG8,19.426056828939295,True
VF45_L15,COMP-Y-YIELD-STRAIN,Yield strain,New_VF45.xlsx,Sheet1,PH8,0.045002766445847345,True
VF45_L15,COMP-Y-LCC,LCC,New_VF45.xlsx,Sheet1,PI8,0.39925135520182203,True
VF45_L15,COMP-Y-EAS,EAS,New_VF45.xlsx,Sheet1,PJ8,0.1295277966772291,True
VF45_L15,COMP-Y-DENSIF-STRENGTH,Densif. strength,New_VF45.xlsx,Sheet1,PG10,1.4032366106683012,True
VF45_L15,COMP-Y-DENSIFI-STRAIN,Densifi. strain,New_VF45.xlsx,Sheet1,PH10,0.15120276644584735,True
VF45_L15,COMP-Y-EAE,EAE,New_VF45.xlsx,Sheet1,PI10,65.22311601952856,True
VF45_L15,COMP-Y-SE,SE,New_VF45.xlsx,Sheet1,PJ10,0.761374456399203,True
VF45_L15,COMP-Y-TOTAL-ENERGY,Total energy,New_VF45.xlsx,Sheet1,PG12,2.510408711003729,True
VF45_L15,COMP-Y-SEA,SEA,New_VF45.xlsx,Sheet1,PH12,4.085174776949841,True
VF45_L15,COMP-Y-MAX-PLATEAU-STRESS,Max. Plateau stress,New_VF45.xlsx,Sheet1,PI12,19.38123534409705,True
VF45_L16,COMP-Y-MODULUS,Modulus,New_VF45.xlsx,Sheet1,PV4,449.61,True
VF45_L16,COMP-Y-COMP-STRENGTH,Com. Strength,New_VF45.xlsx,Sheet1,PS6,20.463771250534457,True
VF45_L16,COMP-Y-COMP-STRAIN,Com. strain,New_VF45.xlsx,Sheet1,PT6,0.051245682183965593,True
VF45_L16,COMP-Y-APS,APS,New_VF45.xlsx,Sheet1,PU6,12.855920336067177,True
VF45_L16,COMP-Y-AS,AS,New_VF45.xlsx,Sheet1,PV6,10.96808857613851,True
VF45_L16,COMP-Y-YIELD-STRENGTH,Yield strength,New_VF45.xlsx,Sheet1,PS8,18.407484308894794,True
VF45_L16,COMP-Y-YIELD-STRAIN,Yield strain,New_VF45.xlsx,Sheet1,PT8,0.04291234885063225,True
VF45_L16,COMP-Y-LCC,LCC,New_VF45.xlsx,Sheet1,PU8,0.46220384420251104,True
VF45_L16,COMP-Y-EAS,EAS,New_VF45.xlsx,Sheet1,PV8,0.06405401331655461,True
VF45_L16,COMP-Y-DENSIF-STRENGTH,Densif. strength,New_VF45.xlsx,Sheet1,PS10,0.29729449758645704,True
VF45_L16,COMP-Y-DENSIFI-STRAIN,Densifi. strain,New_VF45.xlsx,Sheet1,PT10,0.07507901551729892,True
VF45_L16,COMP-Y-EAE,EAE,New_VF45.xlsx,Sheet1,PU10,53.59759177259203,True
VF45_L16,COMP-Y-SE,SE,New_VF45.xlsx,Sheet1,PV10,0.6282283054611166,True
VF45_L16,COMP-Y-TOTAL-ENERGY,Total energy,New_VF45.xlsx,Sheet1,PS12,0.8234732924030121,True
VF45_L16,COMP-Y-SEA,SEA,New_VF45.xlsx,Sheet1,PT12,1.5141552930589073,True
VF45_L16,COMP-Y-MAX-PLATEAU-STRESS,Max. Plateau stress,New_VF45.xlsx,Sheet1,PU12,12.855920336067177,True
VF45_L17,COMP-Y-MODULUS,Modulus,New_VF45.xlsx,Sheet1,QH4,538.9,True
VF45_L17,COMP-Y-COMP-STRENGTH,Com. Strength,New_VF45.xlsx,Sheet1,QE6,29.125422267606638,True
VF45_L17,COMP-Y-COMP-STRAIN,Com. strain,New_VF45.xlsx,Sheet1,QF6,0.09135277790183527,True
VF45_L17,COMP-Y-APS,APS,New_VF45.xlsx,Sheet1,QG6,17.14355174251635,True
VF45_L17,COMP-Y-AS,AS,New_VF45.xlsx,Sheet1,QH6,16.064154646954453,True
VF45_L17,COMP-Y-YIELD-STRENGTH,Yield strength,New_VF45.xlsx,Sheet1,QE8,23.29159800245212,True
VF45_L17,COMP-Y-YIELD-STRAIN,Yield strain,New_VF45.xlsx,Sheet1,QF8,0.04521944456850194,True
VF45_L17,COMP-Y-LCC,LCC,New_VF45.xlsx,Sheet1,QG8,0.5458737581104692,True
VF45_L17,COMP-Y-EAS,EAS,New_VF45.xlsx,Sheet1,QH8,0.19970095854354944,True
VF45_L17,COMP-Y-DENSIF-STRENGTH,Densif. strength,New_VF45.xlsx,Sheet1,QE10,2.1849529082975727,True
VF45_L17,COMP-Y-DENSIFI-STRAIN,Densifi. strain,New_VF45.xlsx,Sheet1,QF10,0.21311944456850196,True
VF45_L17,COMP-Y-EAE,EAE,New_VF45.xlsx,Sheet1,QG10,55.1550961196571,True
VF45_L17,COMP-Y-SE,SE,New_VF45.xlsx,Sheet1,QH10,0.5886112683620539,True
VF45_L17,COMP-Y-TOTAL-ENERGY,Total energy,New_VF45.xlsx,Sheet1,QE12,3.4235837158214526,True
VF45_L17,COMP-Y-SEA,SEA,New_VF45.xlsx,Sheet1,QF12,5.5518574772092855,True
VF45_L17,COMP-Y-MAX-PLATEAU-STRESS,Max. Plateau stress,New_VF45.xlsx,Sheet1,QG12,17.14355174251635,True
VF45_L18,COMP-Y-MODULUS,Modulus,New_VF45.xlsx,Sheet1,QT4,576.94,True
VF45_L18,COMP-Y-COMP-STRENGTH,Com. Strength,New_VF45.xlsx,Sheet1,QQ6,28.730002367380806,True
VF45_L18,COMP-Y-COMP-STRAIN,Com. strain,New_VF45.xlsx,Sheet1,QR6,0.08153437254122581,True
VF45_L18,COMP-Y-APS,APS,New_VF45.xlsx,Sheet1,QS6,20.645952711509327,True
VF45_L18,COMP-Y-AS,AS,New_VF45.xlsx,Sheet1,QT6,17.951762095390976,True
VF45_L18,COMP-Y-YIELD-STRENGTH,Yield strength,New_VF45.xlsx,Sheet1,QQ8,23.61183092426071,True
VF45_L18,COMP-Y-YIELD-STRAIN,Yield strain,New_VF45.xlsx,Sheet1,QR8,0.04290103920789248,True
VF45_L18,COMP-Y-LCC,LCC,New_VF45.xlsx,Sheet1,QS8,0.49048436388708505,True
VF45_L18,COMP-Y-EAS,EAS,New_VF45.xlsx,Sheet1,QT8,0.11645662594757442,True
VF45_L18,COMP-Y-DENSIF-STRENGTH,Densif. strength,New_VF45.xlsx,Sheet1,QQ10,3.5485988672299333,True
VF45_L18,COMP-Y-DENSIFI-STRAIN,Densifi. strain,New_VF45.xlsx,Sheet1,QR10,0.1339343725412258,True
VF45_L18,COMP-Y-EAE,EAE,New_VF45.xlsx,Sheet1,QS10,62.48437388147546,True
VF45_L18,COMP-Y-SE,SE,New_VF45.xlsx,Sheet1,QT10,0.7186199446662813,True
VF45_L18,COMP-Y-TOTAL-ENERGY,Total energy,New_VF45.xlsx,Sheet1,QQ12,2.4043579922555516,True
VF45_L18,COMP-Y-SEA,SEA,New_VF45.xlsx,Sheet1,QR12,4.05925858982191,True
VF45_L18,COMP-Y-MAX-PLATEAU-STRESS,Max. Plateau stress,New_VF45.xlsx,Sheet1,QS12,20.645952711509327,True
VF45_L18-2,COMP-Y-MODULUS,Modulus,New_VF45.xlsx,Sheet1,RF4,441.75,True
VF45_L18-2,COMP-Y-COMP-STRENGTH,Com. Strength,New_VF45.xlsx,Sheet1,RC6,33.1709710922823,True
VF45_L18-2,COMP-Y-COMP-STRAIN,Com. strain,New_VF45.xlsx,Sheet1,RD6,0.08918033614137649,True
VF45_L18-2,COMP-Y-APS,APS,New_VF45.xlsx,Sheet1,RE6,22.02363045801365,True
VF45_L18-2,COMP-Y-AS,AS,New_VF45.xlsx,Sheet1,RF6,19.74193938378273,True
VF45_L18-2,COMP-Y-YIELD-STRENGTH,Yield strength,New_VF45.xlsx,Sheet1,RC8,31.229144272141813,True
VF45_L18-2,COMP-Y-YIELD-STRAIN,Yield strain,New_VF45.xlsx,Sheet1,RD8,0.07268033614137648,True
VF45_L18-2,COMP-Y-LCC,LCC,New_VF45.xlsx,Sheet1,RE8,0.42722756657232314,True
VF45_L18-2,COMP-Y-EAS,EAS,New_VF45.xlsx,Sheet1,RF8,0.16623433158852474,True
VF45_L18-2,COMP-Y-DENSIF-STRENGTH,Densif. strength,New_VF45.xlsx,Sheet1,RC10,6.213845824449578,True
VF45_L18-2,COMP-Y-DENSIFI-STRAIN,Densifi. strain,New_VF45.xlsx,Sheet1,RD10,0.18544700280804316,True
VF45_L18-2,COMP-Y-EAE,EAE,New_VF45.xlsx,Sheet1,RE10,59.51571127917919,True
VF45_L18-2,COMP-Y-SE,SE,New_VF45.xlsx,Sheet1,RF10,0.6639428914138049,True
VF45_L18-2,COMP-Y-TOTAL-ENERGY,Total energy,New_VF45.xlsx,Sheet1,RC12,3.661083488340574,True
VF45_L18-2,COMP-Y-SEA,SEA,New_VF45.xlsx,Sheet1,RD12,6.207496420474301,True
VF45_L18-2,COMP-Y-MAX-PLATEAU-STRESS,Max. Plateau stress,New_VF45.xlsx,Sheet1,RE12,22.02363045801365,True
VF45_L19,COMP-Y-MODULUS,Modulus,New_VF45.xlsx,Sheet1,RR4,829.11,True
VF45_L19,COMP-Y-COMP-STRENGTH,Com. Strength,New_VF45.xlsx,Sheet1,RO6,38.06116758252649,True
VF45_L19,COMP-Y-COMP-STRAIN,Com. strain,New_VF45.xlsx,Sheet1,RP6,0.0528597353524852,True
VF45_L19,COMP-Y-APS,APS,New_VF45.xlsx,Sheet1,RQ6,19.340505507597946,True
VF45_L19,COMP-Y-AS,AS,New_VF45.xlsx,Sheet1,RR6,18.965947736218677,True
VF45_L19,COMP-Y-YIELD-STRENGTH,Yield strength,New_VF45.xlsx,Sheet1,RO8,34.98462978717214,True
VF45_L19,COMP-Y-YIELD-STRAIN,Yield strain,New_VF45.xlsx,Sheet1,RP8,0.04419306868581854,True
VF45_L19,COMP-Y-LCC,LCC,New_VF45.xlsx,Sheet1,RQ8,0.5089397479044608,True
VF45_L19,COMP-Y-EAS,EAS,New_VF45.xlsx,Sheet1,RR8,0.1402564821549765,True
VF45_L19,COMP-Y-DENSIF-STRENGTH,Densif. strength,New_VF45.xlsx,Sheet1,RO10,0.39555485940270013,True
VF45_L19,COMP-Y-DENSIFI-STRAIN,Densifi. strain,New_VF45.xlsx,Sheet1,RP10,0.14302640201915187,True
VF45_L19,COMP-Y-EAE,EAE,New_VF45.xlsx,Sheet1,RQ10,49.83017847546474,True
VF45_L19,COMP-Y-SE,SE,New_VF45.xlsx,Sheet1,RR10,0.5081427275099407,True
VF45_L19,COMP-Y-TOTAL-ENERGY,Total energy,New_VF45.xlsx,Sheet1,RO12,2.7126312655946356,True
VF45_L19,COMP-Y-SEA,SEA,New_VF45.xlsx,Sheet1,RP12,4.424256093892247,True
VF45_L19,COMP-Y-MAX-PLATEAU-STRESS,Max. Plateau stress,New_VF45.xlsx,Sheet1,RQ12,19.340505507597946,True
VF45_L20,COMP-Y-MODULUS,Modulus,New_VF45.xlsx,Sheet1,SD4,769.38,True
VF45_L20,COMP-Y-COMP-STRENGTH,Com. Strength,New_VF45.xlsx,Sheet1,SA6,43.44099886940371,True
VF45_L20,COMP-Y-COMP-STRAIN,Com. strain,New_VF45.xlsx,Sheet1,SB6,0.058927765497713405,True
VF45_L20,COMP-Y-APS,APS,New_VF45.xlsx,Sheet1,SC6,29.102307591970025,True
VF45_L20,COMP-Y-AS,AS,New_VF45.xlsx,Sheet1,SD6,27.266100601290482,True
VF45_L20,COMP-Y-YIELD-STRENGTH,Yield strength,New_VF45.xlsx,Sheet1,SA8,43.239572290411104,True
VF45_L20,COMP-Y-YIELD-STRAIN,Yield strain,New_VF45.xlsx,Sheet1,SB8,0.05819443216438008,True
VF45_L20,COMP-Y-LCC,LCC,New_VF45.xlsx,Sheet1,SC8,0.3408905344208862,True
VF45_L20,COMP-Y-EAS,EAS,New_VF45.xlsx,Sheet1,SD8,0.18125469145336748,True
VF45_L20,COMP-Y-DENSIF-STRENGTH,Densif. strength,New_VF45.xlsx,Sheet1,SA10,10.787512341603598,True
VF45_L20,COMP-Y-DENSIFI-STRAIN,Densifi. strain,New_VF45.xlsx,Sheet1,SB10,0.19346109883104673,True
VF45_L20,COMP-Y-EAE,EAE,New_VF45.xlsx,Sheet1,SC10,62.7658233257028,True
VF45_L20,COMP-Y-SE,SE,New_VF45.xlsx,Sheet1,SD10,0.6699272196631583,True
VF45_L20,COMP-Y-TOTAL-ENERGY,Total energy,New_VF45.xlsx,Sheet1,SA12,5.274929783163521,True
VF45_L20,COMP-Y-SEA,SEA,New_VF45.xlsx,Sheet1,SB12,8.762060061740309,True
VF45_L20,COMP-Y-MAX-PLATEAU-STRESS,Max. Plateau stress,New_VF45.xlsx,Sheet1,SC12,29.102307591970025,True
VF45_L21,COMP-Y-MODULUS,Modulus,New_VF45.xlsx,Sheet1,SP4,330.18,True
VF45_L21,COMP-Y-COMP-STRENGTH,Com. Strength,New_VF45.xlsx,Sheet1,SM6,19.34195276439034,True
VF45_L21,COMP-Y-COMP-STRAIN,Com. strain,New_VF45.xlsx,Sheet1,SN6,0.08163375476588093,True
VF45_L21,COMP-Y-APS,APS,New_VF45.xlsx,Sheet1,SO6,9.864929103644148,True
VF45_L21,COMP-Y-AS,AS,New_VF45.xlsx,Sheet1,SP6,9.65584886140387,True
VF45_L21,COMP-Y-YIELD-STRENGTH,Yield strength,New_VF45.xlsx,Sheet1,SM8,16.36958140416109,True
VF45_L21,COMP-Y-YIELD-STRAIN,Yield strain,New_VF45.xlsx,Sheet1,SN8,0.05156708809921426,True
VF45_L21,COMP-Y-LCC,LCC,New_VF45.xlsx,Sheet1,SO8,0.375445830984773,True
VF45_L21,COMP-Y-EAS,EAS,New_VF45.xlsx,Sheet1,SP8,0.3386671855655375,True
VF45_L21,COMP-Y-DENSIF-STRENGTH,Densif. strength,New_VF45.xlsx,Sheet1,SM10,4.286245657142179,True
VF45_L21,COMP-Y-DENSIFI-STRAIN,Densifi. strain,New_VF45.xlsx,Sheet1,SN10,0.3460004214325476,True
VF45_L21,COMP-Y-EAE,EAE,New_VF45.xlsx,Sheet1,SO10,49.92178907178829,True
VF45_L21,COMP-Y-SE,SE,New_VF45.xlsx,Sheet1,SP10,0.5100275666997831,True
VF45_L21,COMP-Y-TOTAL-ENERGY,Total energy,New_VF45.xlsx,Sheet1,SM12,3.3409277753347237,True
VF45_L21,COMP-Y-SEA,SEA,New_VF45.xlsx,Sheet1,SN12,5.340800360811705,True
VF45_L21,COMP-Y-MAX-PLATEAU-STRESS,Max. Plateau stress,New_VF45.xlsx,Sheet1,SO12,9.864929103644148,True
VF45_L22,COMP-Y-MODULUS,Modulus,New_VF45.xlsx,Sheet1,TB4,408.93,True
VF45_L22,COMP-Y-COMP-STRENGTH,Com. Strength,New_VF45.xlsx,Sheet1,SY6,24.371184214626236,True
VF45_L22,COMP-Y-COMP-STRAIN,Com. strain,New_VF45.xlsx,Sheet1,SZ6,0.07768893166839941,True
VF45_L22,COMP-Y-APS,APS,New_VF45.xlsx,Sheet1,TA6,22.94727684075387,True
VF45_L22,COMP-Y-AS,AS,New_VF45.xlsx,Sheet1,TB6,16.565612448457603,True
VF45_L22,COMP-Y-YIELD-STRENGTH,Yield strength,New_VF45.xlsx,Sheet1,SY8,20.81185777583896,True
VF45_L22,COMP-Y-YIELD-STRAIN,Yield strain,New_VF45.xlsx,Sheet1,SZ8,0.0528889316683994,True
VF45_L22,COMP-Y-LCC,LCC,New_VF45.xlsx,Sheet1,TA8,0.4212644568964786,True
VF45_L22,COMP-Y-EAS,EAS,New_VF45.xlsx,Sheet1,TB8,0.07304817202166522,True
VF45_L22,COMP-Y-DENSIF-STRENGTH,Densif. strength,New_VF45.xlsx,Sheet1,SY10,0.36273390458978577,True
VF45_L22,COMP-Y-DENSIFI-STRAIN,Densifi. strain,New_VF45.xlsx,Sheet1,SZ10,0.1011889316683994,True
VF45_L22,COMP-Y-EAE,EAE,New_VF45.xlsx,Sheet1,TA10,67.97212766754205,True
VF45_L22,COMP-Y-SE,SE,New_VF45.xlsx,Sheet1,TB10,0.9415741409472497,True
VF45_L22,COMP-Y-TOTAL-ENERGY,Total energy,New_VF45.xlsx,Sheet1,SY12,1.676256626092163,True
VF45_L22,COMP-Y-SEA,SEA,New_VF45.xlsx,Sheet1,SZ12,2.820486019037696,True
VF45_L22,COMP-Y-MAX-PLATEAU-STRESS,Max. Plateau stress,New_VF45.xlsx,Sheet1,TA12,22.94727684075387,True
VF45_L23,COMP-Y-MODULUS,Modulus,New_VF45.xlsx,Sheet1,TN4,308.56,True
VF45_L23,COMP-Y-COMP-STRENGTH,Com. Strength,New_VF45.xlsx,Sheet1,TK6,16.601034422535207,True
VF45_L23,COMP-Y-COMP-STRAIN,Com. strain,New_VF45.xlsx,Sheet1,TL6,0.05890620322053312,True
VF45_L23,COMP-Y-APS,APS,New_VF45.xlsx,Sheet1,TM6,10.813494634803174,True
VF45_L23,COMP-Y-AS,AS,New_VF45.xlsx,Sheet1,TN6,10.164784678126981,True
VF45_L23,COMP-Y-YIELD-STRENGTH,Yield strength,New_VF45.xlsx,Sheet1,TK8,15.46241752112676,True
VF45_L23,COMP-Y-YIELD-STRAIN,Yield strain,New_VF45.xlsx,Sheet1,TL8,0.052106203220533116,True
VF45_L23,COMP-Y-LCC,LCC,New_VF45.xlsx,Sheet1,TM8,0.36282912429206393,True
VF45_L23,COMP-Y-EAS,EAS,New_VF45.xlsx,Sheet1,TN8,0.21263591708761279,True
VF45_L23,COMP-Y-DENSIF-STRENGTH,Densif. strength,New_VF45.xlsx,Sheet1,TK10,0.20495104225352112,True
VF45_L23,COMP-Y-DENSIFI-STRAIN,Densifi. strain,New_VF45.xlsx,Sheet1,TL10,0.22620620322053311,True
VF45_L23,COMP-Y-EAE,EAE,New_VF45.xlsx,Sheet1,TM10,61.22982712648744,True
VF45_L23,COMP-Y-SE,SE,New_VF45.xlsx,Sheet1,TN10,0.6513747492821477,True
VF45_L23,COMP-Y-TOTAL-ENERGY,Total energy,New_VF45.xlsx,Sheet1,TK12,2.2993373485933533,True
VF45_L23,COMP-Y-SEA,SEA,New_VF45.xlsx,Sheet1,TL12,3.886203969453555,True
VF45_L23,COMP-Y-MAX-PLATEAU-STRESS,Max. Plateau stress,New_VF45.xlsx,Sheet1,TM12,10.813494634803174,True
VF45_L24,COMP-Y-MODULUS,Modulus,New_VF45.xlsx,Sheet1,TZ4,546.07,True
VF45_L24,COMP-Y-COMP-STRENGTH,Com. Strength,New_VF45.xlsx,Sheet1,TW6,28.318602214442716,True
VF45_L24,COMP-Y-COMP-STRAIN,Com. strain,New_VF45.xlsx,Sheet1,TX6,0.06256065734735564,True
VF45_L24,COMP-Y-APS,APS,New_VF45.xlsx,Sheet1,TY6,22.14715849406246,True
VF45_L24,COMP-Y-AS,AS,New_VF45.xlsx,Sheet1,TZ6,17.794042043422788,True
VF45_L24,COMP-Y-YIELD-STRENGTH,Yield strength,New_VF45.xlsx,Sheet1,TW8,24.400018480827157,True
VF45_L24,COMP-Y-YIELD-STRAIN,Yield strain,New_VF45.xlsx,Sheet1,TX8,0.046660657347355625,True
VF45_L24,COMP-Y-LCC,LCC,New_VF45.xlsx,Sheet1,TY8,0.3499199571899968,True
VF45_L24,COMP-Y-EAS,EAS,New_VF45.xlsx,Sheet1,TZ8,0.0818930830049974,True
VF45_L24,COMP-Y-DENSIF-STRENGTH,Densif. strength,New_VF45.xlsx,Sheet1,TW10,0.4328668077831148,True
VF45_L24,COMP-Y-DENSIFI-STRAIN,Densifi. strain,New_VF45.xlsx,Sheet1,TX10,0.1019273240140223,True
VF45_L24,COMP-Y-EAE,EAE,New_VF45.xlsx,Sheet1,TY10,62.83517070749941,True
VF45_L24,COMP-Y-SE,SE,New_VF45.xlsx,Sheet1,TZ10,0.7820710332506182,True
VF45_L24,COMP-Y-TOTAL-ENERGY,Total energy,New_VF45.xlsx,Sheet1,TW12,1.81369908887909,True
VF45_L24,COMP-Y-SEA,SEA,New_VF45.xlsx,Sheet1,TX12,3.0667699196347313,True
VF45_L24,COMP-Y-MAX-PLATEAU-STRESS,Max. Plateau stress,New_VF45.xlsx,Sheet1,TY12,22.14715849406246,True
VF45_L25,COMP-Y-MODULUS,Modulus,New_VF45.xlsx,Sheet1,UL4,430.24,True
VF45_L25,COMP-Y-COMP-STRENGTH,Com. Strength,New_VF45.xlsx,Sheet1,UI6,25.800407361589674,True
VF45_L25,COMP-Y-COMP-STRAIN,Com. strain,New_VF45.xlsx,Sheet1,UJ6,0.07479684691988309,True
VF45_L25,COMP-Y-APS,APS,New_VF45.xlsx,Sheet1,UK6,13.948628614421485,True
VF45_L25,COMP-Y-AS,AS,New_VF45.xlsx,Sheet1,UL6,13.239651968245093,True
VF45_L25,COMP-Y-YIELD-STRENGTH,Yield strength,New_VF45.xlsx,Sheet1,UI8,21.040880158812403,True
VF45_L25,COMP-Y-YIELD-STRAIN,Yield strain,New_VF45.xlsx,Sheet1,UJ8,0.050896846919883096,True
VF45_L25,COMP-Y-LCC,LCC,New_VF45.xlsx,Sheet1,UK8,0.5071202211833578,True
VF45_L25,COMP-Y-EAS,EAS,New_VF45.xlsx,Sheet1,UL8,0.21099801050080316,True
VF45_L25,COMP-Y-DENSIF-STRENGTH,Densif. strength,New_VF45.xlsx,Sheet1,UI10,6.620926455348583,True
VF45_L25,COMP-Y-DENSIFI-STRAIN,Densifi. strain,New_VF45.xlsx,Sheet1,UJ10,0.22229684691988308,True
VF45_L25,COMP-Y-EAE,EAE,New_VF45.xlsx,Sheet1,UK10,51.31567026323627,True
VF45_L25,COMP-Y-SE,SE,New_VF45.xlsx,Sheet1,UL10,0.5406359837243303,True
VF45_L25,COMP-Y-TOTAL-ENERGY,Total energy,New_VF45.xlsx,Sheet1,UI12,2.943132886857508,True
VF45_L25,COMP-Y-SEA,SEA,New_VF45.xlsx,Sheet1,UJ12,5.14680354058089,True
VF45_L25,COMP-Y-MAX-PLATEAU-STRESS,Max. Plateau stress,New_VF45.xlsx,Sheet1,UK12,13.948628614421485,True
VF45_L26,COMP-Y-MODULUS,Modulus,New_VF45.xlsx,Sheet1,UX4,390.63,True
VF45_L26,COMP-Y-COMP-STRENGTH,Com. Strength,New_VF45.xlsx,Sheet1,UU6,43.001182353095,True
VF45_L26,COMP-Y-COMP-STRAIN,Com. strain,New_VF45.xlsx,Sheet1,UV6,0.15649689092498456,True
VF45_L26,COMP-Y-APS,APS,New_VF45.xlsx,Sheet1,UW6,30.470385669812174,True
VF45_L26,COMP-Y-AS,AS,New_VF45.xlsx,Sheet1,UX6,25.671953234962924,True
VF45_L26,COMP-Y-YIELD-STRENGTH,Yield strength,New_VF45.xlsx,Sheet1,UU8,30.847640216794364,True
VF45_L26,COMP-Y-YIELD-STRAIN,Yield strain,New_VF45.xlsx,Sheet1,UV8,0.08096355759165125,True
VF45_L26,COMP-Y-LCC,LCC,New_VF45.xlsx,Sheet1,UW8,0.45841352964034804,True
VF45_L26,COMP-Y-EAS,EAS,New_VF45.xlsx,Sheet1,UX8,0.20944821070992115,True
VF45_L26,COMP-Y-DENSIF-STRENGTH,Densif. strength,New_VF45.xlsx,Sheet1,UU10,0.9275697520855669,True
VF45_L26,COMP-Y-DENSIFI-STRAIN,Densifi. strain,New_VF45.xlsx,Sheet1,UV10,0.24859689092498455,True
VF45_L26,COMP-Y-EAE,EAE,New_VF45.xlsx,Sheet1,UW10,59.70057526363619,True
VF45_L26,COMP-Y-SE,SE,New_VF45.xlsx,Sheet1,UX10,0.7085941363102793,True
VF45_L26,COMP-Y-TOTAL-ENERGY,Total energy,New_VF45.xlsx,Sheet1,UU12,6.381967758183382,True
VF45_L26,COMP-Y-SEA,SEA,New_VF45.xlsx,Sheet1,UV12,11.265535805784102,True
VF45_L26,COMP-Y-MAX-PLATEAU-STRESS,Max. Plateau stress,New_VF45.xlsx,Sheet1,UW12,30.470385669812174,True
VF45_L27,COMP-Y-MODULUS,Modulus,New_VF45.xlsx,Sheet1,VJ4,270.06,True
VF45_L27,COMP-Y-COMP-STRENGTH,Com. Strength,New_VF45.xlsx,Sheet1,VG6,18.163488272129694,True
VF45_L27,COMP-Y-COMP-STRAIN,Com. strain,New_VF45.xlsx,Sheet1,VH6,0.08648233791952231,True
VF45_L27,COMP-Y-APS,APS,New_VF45.xlsx,Sheet1,VI6,8.19898800909555,True
VF45_L27,COMP-Y-AS,AS,New_VF45.xlsx,Sheet1,VJ6,8.168235117996383,True
VF45_L27,COMP-Y-YIELD-STRENGTH,Yield strength,New_VF45.xlsx,Sheet1,VG8,15.571815485099195,True
VF45_L27,COMP-Y-YIELD-STRAIN,Yield strain,New_VF45.xlsx,Sheet1,VH8,0.05961567125285565,True
VF45_L27,COMP-Y-LCC,LCC,New_VF45.xlsx,Sheet1,VI8,0.4995755046034968,True
VF45_L27,COMP-Y-EAS,EAS,New_VF45.xlsx,Sheet1,VJ8,0.3269845948341706,True
VF45_L27,COMP-Y-DENSIF-STRENGTH,Densif. strength,New_VF45.xlsx,Sheet1,VG10,1.1107169087273552,True
VF45_L27,COMP-Y-DENSIFI-STRAIN,Densifi. strain,New_VF45.xlsx,Sheet1,VH10,0.3282156712528556,True
VF45_L27,COMP-Y-EAE,EAE,New_VF45.xlsx,Sheet1,VI10,44.97063006630635,True
VF45_L27,COMP-Y-SE,SE,New_VF45.xlsx,Sheet1,VJ10,0.4513994165799192,True
VF45_L27,COMP-Y-TOTAL-ENERGY,Total energy,New_VF45.xlsx,Sheet1,VG12,2.680942772204331,True
VF45_L27,COMP-Y-SEA,SEA,New_VF45.xlsx,Sheet1,VH12,4.333472314653967,True
VF45_L27,COMP-Y-MAX-PLATEAU-STRESS,Max. Plateau stress,New_VF45.xlsx,Sheet1,VI12,8.19898800909555,True
VF45_T1,COMP-Y-MODULUS,Modulus,New_VF45.xlsx,Sheet1,VV4,458.35,True
VF45_T1,COMP-Y-COMP-STRENGTH,Com. Strength,New_VF45.xlsx,Sheet1,VS6,23.005830222727106,True
VF45_T1,COMP-Y-COMP-STRAIN,Com. strain,New_VF45.xlsx,Sheet1,VT6,0.0541477919921971,True
VF45_T1,COMP-Y-APS,APS,New_VF45.xlsx,Sheet1,VU6,20.53163992375569,True
VF45_T1,COMP-Y-AS,AS,New_VF45.xlsx,Sheet1,VV6,14.401509269934717,True
VF45_T1,COMP-Y-YIELD-STRENGTH,Yield strength,New_VF45.xlsx,Sheet1,VS8,21.414648881673937,True
VF45_T1,COMP-Y-YIELD-STRAIN,Yield strain,New_VF45.xlsx,Sheet1,VT8,0.04871445865886376,True
VF45_T1,COMP-Y-LCC,LCC,New_VF45.xlsx,Sheet1,VU8,0.46532100134699533,True
VF45_T1,COMP-Y-EAS,EAS,New_VF45.xlsx,Sheet1,VV8,0.05287458669571079,True
VF45_T1,COMP-Y-DENSIF-STRENGTH,Densif. strength,New_VF45.xlsx,Sheet1,VS10,0.24309714932756787,True
VF45_T1,COMP-Y-DENSIFI-STRAIN,Densifi. strain,New_VF45.xlsx,Sheet1,VT10,0.07538112532553043,True
VF45_T1,COMP-Y-EAE,EAE,New_VF45.xlsx,Sheet1,VU10,62.599389504786,True
VF45_T1,COMP-Y-SE,SE,New_VF45.xlsx,Sheet1,VV10,0.8924537704130668,True
VF45_T1,COMP-Y-TOTAL-ENERGY,Total energy,New_VF45.xlsx,Sheet1,VS12,1.0856019751537371,True
VF45_T1,COMP-Y-SEA,SEA,New_VF45.xlsx,Sheet1,VT12,1.780627520535061,True
VF45_T1,COMP-Y-MAX-PLATEAU-STRESS,Max. Plateau stress,New_VF45.xlsx,Sheet1,VU12,20.53163992375569,True
VF45_T2,COMP-Y-MODULUS,Modulus,New_VF45.xlsx,Sheet1,WH4,707.06,True
VF45_T2,COMP-Y-COMP-STRENGTH,Com. Strength,New_VF45.xlsx,Sheet1,WE6,42.00632907954352,True
VF45_T2,COMP-Y-COMP-STRAIN,Com. strain,New_VF45.xlsx,Sheet1,WF6,0.13524371758774656,True
VF45_T2,COMP-Y-APS,APS,New_VF45.xlsx,Sheet1,WG6,34.16814644051012,True
VF45_T2,COMP-Y-AS,AS,New_VF45.xlsx,Sheet1,WH6,29.637102421366233,True
VF45_T2,COMP-Y-YIELD-STRENGTH,Yield strength,New_VF45.xlsx,Sheet1,WE8,29.421339171296154,True
VF45_T2,COMP-Y-YIELD-STRAIN,Yield strain,New_VF45.xlsx,Sheet1,WF8,0.0436103842544132,True
VF45_T2,COMP-Y-LCC,LCC,New_VF45.xlsx,Sheet1,WG8,0.3377837513476826,True
VF45_T2,COMP-Y-EAS,EAS,New_VF45.xlsx,Sheet1,WH8,0.15816308453986014,True
VF45_T2,COMP-Y-DENSIF-STRENGTH,Densif. strength,New_VF45.xlsx,Sheet1,WE10,6.449505384840783,True
VF45_T2,COMP-Y-DENSIFI-STRAIN,Densifi. strain,New_VF45.xlsx,Sheet1,WF10,0.18234371758774653,True
VF45_T2,COMP-Y-EAE,EAE,New_VF45.xlsx,Sheet1,WG10,70.5538976406274,True
VF45_T2,COMP-Y-SE,SE,New_VF45.xlsx,Sheet1,WH10,0.8134047223171786,True
VF45_T2,COMP-Y-TOTAL-ENERGY,Total energy,New_VF45.xlsx,Sheet1,WE12,5.404139434040723,True
VF45_T2,COMP-Y-SEA,SEA,New_VF45.xlsx,Sheet1,WF12,9.688509507103655,True
VF45_T2,COMP-Y-MAX-PLATEAU-STRESS,Max. Plateau stress,New_VF45.xlsx,Sheet1,WG12,34.16814644051012,True
VF45_T3,COMP-Y-MODULUS,Modulus,New_VF45.xlsx,Sheet1,WT4,498.36,True
VF45_T3,COMP-Y-COMP-STRENGTH,Com. Strength,New_VF45.xlsx,Sheet1,WQ6,45.54230509747005,True
VF45_T3,COMP-Y-COMP-STRAIN,Com. strain,New_VF45.xlsx,Sheet1,WR6,0.12341341475154616,True
VF45_T3,COMP-Y-APS,APS,New_VF45.xlsx,Sheet1,WS6,35.411321982160565,True
VF45_T3,COMP-Y-AS,AS,New_VF45.xlsx,Sheet1,WT6,29.222451127950603,True
VF45_T3,COMP-Y-YIELD-STRENGTH,Yield strength,New_VF45.xlsx,Sheet1,WQ8,36.890987561415294,True
VF45_T3,COMP-Y-YIELD-STRAIN,Yield strain,New_VF45.xlsx,Sheet1,WR8,0.07601341475154616,True
VF45_T3,COMP-Y-LCC,LCC,New_VF45.xlsx,Sheet1,WS8,0.4284109764216899,True
VF45_T3,COMP-Y-EAS,EAS,New_VF45.xlsx,Sheet1,WT8,0.16739502652175287,True
VF45_T3,COMP-Y-DENSIF-STRENGTH,Densif. strength,New_VF45.xlsx,Sheet1,WQ10,8.847938389146908,True
VF45_T3,COMP-Y-DENSIFI-STRAIN,Densifi. strain,New_VF45.xlsx,Sheet1,WR10,0.20284674808487949,True
VF45_T3,COMP-Y-EAE,EAE,New_VF45.xlsx,Sheet1,WS10,64.16550735718899,True
VF45_T3,COMP-Y-SE,SE,New_VF45.xlsx,Sheet1,WT10,0.7775478625065846,True
VF45_T3,COMP-Y-TOTAL-ENERGY,Total energy,New_VF45.xlsx,Sheet1,WQ12,5.927679182374098,True
VF45_T3,COMP-Y-SEA,SEA,New_VF45.xlsx,Sheet1,WR12,10.812834489969863,True
VF45_T3,COMP-Y-MAX-PLATEAU-STRESS,Max. Plateau stress,New_VF45.xlsx,Sheet1,WS12,35.411321982160565,True
VF45_T4,COMP-Y-MODULUS,Modulus,New_VF45.xlsx,Sheet1,XF4,512.92,True
VF45_T4,COMP-Y-COMP-STRENGTH,Com. Strength,New_VF45.xlsx,Sheet1,XC6,28.160644802402295,True
VF45_T4,COMP-Y-COMP-STRAIN,Com. strain,New_VF45.xlsx,Sheet1,XD6,0.06594310524871799,True
VF45_T4,COMP-Y-APS,APS,New_VF45.xlsx,Sheet1,XE6,21.080542759944652,True
VF45_T4,COMP-Y-AS,AS,New_VF45.xlsx,Sheet1,XF6,18.82408120725141,True
VF45_T4,COMP-Y-YIELD-STRENGTH,Yield strength,New_VF45.xlsx,Sheet1,XC8,23.89190050134209,True
VF45_T4,COMP-Y-YIELD-STRAIN,Yield strain,New_VF45.xlsx,Sheet1,XD8,0.04857643858205133,True
VF45_T4,COMP-Y-LCC,LCC,New_VF45.xlsx,Sheet1,XE8,0.3937386124770552,True
VF45_T4,COMP-Y-EAS,EAS,New_VF45.xlsx,Sheet1,XF8,0.16827215297742196,True
VF45_T4,COMP-Y-DENSIF-STRENGTH,Densif. strength,New_VF45.xlsx,Sheet1,XC10,3.746040917256918,True
VF45_T4,COMP-Y-DENSIFI-STRAIN,Densifi. strain,New_VF45.xlsx,Sheet1,XD10,0.188443105248718,True
VF45_T4,COMP-Y-EAE,EAE,New_VF45.xlsx,Sheet1,XE10,66.84534867484848,True
VF45_T4,COMP-Y-SE,SE,New_VF45.xlsx,Sheet1,XF10,0.7485816787173261,True
VF45_T4,COMP-Y-TOTAL-ENERGY,Total energy,New_VF45.xlsx,Sheet1,XC12,3.5472683161484917,True
VF45_T4,COMP-Y-SEA,SEA,New_VF45.xlsx,Sheet1,XD12,5.7339431831955086,True
VF45_T4,COMP-Y-MAX-PLATEAU-STRESS,Max. Plateau stress,New_VF45.xlsx,Sheet1,XE12,21.080542759944652,True
VF45_T5,COMP-Y-MODULUS,Modulus,New_VF45.xlsx,Sheet1,XR4,464.94,True
VF45_T5,COMP-Y-COMP-STRENGTH,Com. Strength,New_VF45.xlsx,Sheet1,XO6,23.712750458904566,True
VF45_T5,COMP-Y-COMP-STRAIN,Com. strain,New_VF45.xlsx,Sheet1,XP6,0.7630789443542946,True
VF45_T5,COMP-Y-APS,APS,New_VF45.xlsx,Sheet1,XQ6,20.406165403611304,True
VF45_T5,COMP-Y-AS,AS,New_VF45.xlsx,Sheet1,XR6,15.20567662564061,True
VF45_T5,COMP-Y-YIELD-STRENGTH,Yield strength,New_VF45.xlsx,Sheet1,XO8,18.69258767882428,True
VF45_T5,COMP-Y-YIELD-STRAIN,Yield strain,New_VF45.xlsx,Sheet1,XP8,0.042178944354294576,True
VF45_T5,COMP-Y-LCC,LCC,New_VF45.xlsx,Sheet1,XQ8,0.42452835553063123,True
VF45_T5,COMP-Y-EAS,EAS,New_VF45.xlsx,Sheet1,XR8,0.06486213292340551,True
VF45_T5,COMP-Y-DENSIF-STRENGTH,Densif. strength,New_VF45.xlsx,Sheet1,XO10,0.32388146968259895,True
VF45_T5,COMP-Y-DENSIFI-STRAIN,Densifi. strain,New_VF45.xlsx,Sheet1,XP10,0.08704561102096126,True
VF45_T5,COMP-Y-EAE,EAE,New_VF45.xlsx,Sheet1,XQ10,64.12447451843614,True
VF45_T5,COMP-Y-SE,SE,New_VF45.xlsx,Sheet1,XR10,0.8605566629217583,True
VF45_T5,COMP-Y-TOTAL-ENERGY,Total energy,New_VF45.xlsx,Sheet1,XO12,1.3235874128660352,True
VF45_T5,COMP-Y-SEA,SEA,New_VF45.xlsx,Sheet1,XP12,2.272615527393928,True
VF45_T5,COMP-Y-MAX-PLATEAU-STRESS,Max. Plateau stress,New_VF45.xlsx,Sheet1,XQ12,20.406165403611304,True
VF45_T6,COMP-Y-MODULUS,Modulus,New_VF45.xlsx,Sheet1,YD4,517.95,True
VF45_T6,COMP-Y-COMP-STRENGTH,Com. Strength,New_VF45.xlsx,Sheet1,YA6,24.492748478974054,True
VF45_T6,COMP-Y-COMP-STRAIN,Com. strain,New_VF45.xlsx,Sheet1,YB6,0.06235627600804255,True
VF45_T6,COMP-Y-APS,APS,New_VF45.xlsx,Sheet1,YC6,16.711407232392517,True
VF45_T6,COMP-Y-AS,AS,New_VF45.xlsx,Sheet1,YD6,14.310831274009297,True
VF45_T6,COMP-Y-YIELD-STRENGTH,Yield strength,New_VF45.xlsx,Sheet1,YA8,19.87278928720549,True
VF45_T6,COMP-Y-YIELD-STRAIN,Yield strain,New_VF45.xlsx,Sheet1,YB8,0.040356276008042556,True
VF45_T6,COMP-Y-LCC,LCC,New_VF45.xlsx,Sheet1,YC8,0.474670080708566,True
VF45_T6,COMP-Y-EAS,EAS,New_VF45.xlsx,Sheet1,YD8,0.09204884074705033,True
VF45_T6,COMP-Y-DENSIF-STRENGTH,Densif. strength,New_VF45.xlsx,Sheet1,YA10,6.546876844616762,True
VF45_T6,COMP-Y-DENSIFI-STRAIN,Densifi. strain,New_VF45.xlsx,Sheet1,YB10,0.10748960934137589,True
VF45_T6,COMP-Y-EAE,EAE,New_VF45.xlsx,Sheet1,YC10,58.428850017769605,True
VF45_T6,COMP-Y-SE,SE,New_VF45.xlsx,Sheet1,YD10,0.682300201904189,True
VF45_T6,COMP-Y-TOTAL-ENERGY,Total energy,New_VF45.xlsx,Sheet1,YA12,1.538265662993604,True
VF45_T6,COMP-Y-SEA,SEA,New_VF45.xlsx,Sheet1,YB12,2.65052365471609,True
VF45_T6,COMP-Y-MAX-PLATEAU-STRESS,Max. Plateau stress,New_VF45.xlsx,Sheet1,YC12,16.711407232392517,True
VF45_T7,COMP-Y-MODULUS,Modulus,New_VF45.xlsx,Sheet1,YP4,499.3,True
VF45_T7,COMP-Y-COMP-STRENGTH,Com. Strength,New_VF45.xlsx,Sheet1,YM6,34.5086523804395,True
VF45_T7,COMP-Y-COMP-STRAIN,Com. strain,New_VF45.xlsx,Sheet1,YN6,0.17533298405523254,True
VF45_T7,COMP-Y-APS,APS,New_VF45.xlsx,Sheet1,YO6,22.3760644889104,True
VF45_T7,COMP-Y-AS,AS,New_VF45.xlsx,Sheet1,YP6,20.988580113204108,True
VF45_T7,COMP-Y-YIELD-STRENGTH,Yield strength,New_VF45.xlsx,Sheet1,YM8,24.40047569277175,True
VF45_T7,COMP-Y-YIELD-STRAIN,Yield strain,New_VF45.xlsx,Sheet1,YN8,0.050866317388565854,True
VF45_T7,COMP-Y-LCC,LCC,New_VF45.xlsx,Sheet1,YO8,0.5528109597156723,True
VF45_T7,COMP-Y-EAS,EAS,New_VF45.xlsx,Sheet1,YP8,0.3361761754596752,True
VF45_T7,COMP-Y-DENSIF-STRENGTH,Densif. strength,New_VF45.xlsx,Sheet1,YM10,2.0299207282611467,True
VF45_T7,COMP-Y-DENSIFI-STRAIN,Densifi. strain,New_VF45.xlsx,Sheet1,YN10,0.35839965072189917,True
VF45_T7,COMP-Y-EAE,EAE,New_VF45.xlsx,Sheet1,YO10,60.82121052371503,True
VF45_T7,COMP-Y-SE,SE,New_VF45.xlsx,Sheet1,YP10,0.6484189600401145,True
VF45_T7,COMP-Y-TOTAL-ENERGY,Total energy,New_VF45.xlsx,Sheet1,YM12,7.522299781720951,True
VF45_T7,COMP-Y-SEA,SEA,New_VF45.xlsx,Sheet1,YN12,11.564288436490544,True
VF45_T7,COMP-Y-MAX-PLATEAU-STRESS,Max. Plateau stress,New_VF45.xlsx,Sheet1,YO12,22.3760644889104,True
VF45_T8,COMP-Y-MODULUS,Modulus,New_VF45.xlsx,Sheet1,ZB4,442.99,True
VF45_T8,COMP-Y-COMP-STRENGTH,Com. Strength,New_VF45.xlsx,Sheet1,YY6,23.025016501229707,True
VF45_T8,COMP-Y-COMP-STRAIN,Com. strain,New_VF45.xlsx,Sheet1,YZ6,0.06596822184939861,True
VF45_T8,COMP-Y-APS,APS,New_VF45.xlsx,Sheet1,ZA6,13.216017592981075,True
VF45_T8,COMP-Y-AS,AS,New_VF45.xlsx,Sheet1,ZB6,12.179073749859008,True
VF45_T8,COMP-Y-YIELD-STRENGTH,Yield strength,New_VF45.xlsx,Sheet1,YY8,20.370044419576978,True
VF45_T8,COMP-Y-YIELD-STRAIN,Yield strain,New_VF45.xlsx,Sheet1,YZ8,0.04796822184939861,True
VF45_T8,COMP-Y-LCC,LCC,New_VF45.xlsx,Sheet1,ZA8,0.5073288558621345,True
VF45_T8,COMP-Y-EAS,EAS,New_VF45.xlsx,Sheet1,ZB8,0.11565455974455295,True
VF45_T8,COMP-Y-DENSIF-STRENGTH,Densif. strength,New_VF45.xlsx,Sheet1,YY10,1.441924492621741,True
VF45_T8,COMP-Y-DENSIFI-STRAIN,Densifi. strain,New_VF45.xlsx,Sheet1,YZ10,0.12550155518273196,True
VF45_T8,COMP-Y-EAE,EAE,New_VF45.xlsx,Sheet1,ZA10,52.894962091378105,True
VF45_T8,COMP-Y-SE,SE,New_VF45.xlsx,Sheet1,ZB10,0.5739851518575564,True
VF45_T8,COMP-Y-TOTAL-ENERGY,Total energy,New_VF45.xlsx,Sheet1,YY12,1.5284926962924925,True
VF45_T8,COMP-Y-SEA,SEA,New_VF45.xlsx,Sheet1,YZ12,2.5964538802092947,True
VF45_T8,COMP-Y-MAX-PLATEAU-STRESS,Max. Plateau stress,New_VF45.xlsx,Sheet1,ZA12,13.216017592981075,True
VF45_T9,COMP-Y-MODULUS,Modulus,New_VF45.xlsx,Sheet1,ZN4,462.48,True
VF45_T9,COMP-Y-COMP-STRENGTH,Com. Strength,New_VF45.xlsx,Sheet1,ZK6,23.632454728488202,True
VF45_T9,COMP-Y-COMP-STRAIN,Com. strain,New_VF45.xlsx,Sheet1,ZL6,0.058367821694166114,True
VF45_T9,COMP-Y-APS,APS,New_VF45.xlsx,Sheet1,ZM6,14.528668439179588,True
VF45_T9,COMP-Y-AS,AS,New_VF45.xlsx,Sheet1,ZN6,12.746424282643991,True
VF45_T9,COMP-Y-YIELD-STRENGTH,Yield strength,New_VF45.xlsx,Sheet1,ZK8,21.29284171036787,True
VF45_T9,COMP-Y-YIELD-STRAIN,Yield strain,New_VF45.xlsx,Sheet1,ZL8,0.04800115502749945,True
VF45_T9,COMP-Y-LCC,LCC,New_VF45.xlsx,Sheet1,ZM8,0.5202257421607828,True
VF45_T9,COMP-Y-EAS,EAS,New_VF45.xlsx,Sheet1,ZN8,0.08384443544715492,True
VF45_T9,COMP-Y-DENSIF-STRENGTH,Densif. strength,New_VF45.xlsx,Sheet1,ZK10,0.8271359154970871,True
VF45_T9,COMP-Y-DENSIFI-STRAIN,Densifi. strain,New_VF45.xlsx,Sheet1,ZL10,0.09556782169416611,True
VF45_T9,COMP-Y-EAE,EAE,New_VF45.xlsx,Sheet1,ZM10,53.93609944073463,True
VF45_T9,COMP-Y-SE,SE,New_VF45.xlsx,Sheet1,ZN10,0.6147761037140895,True
VF45_T9,COMP-Y-TOTAL-ENERGY,Total energy,New_VF45.xlsx,Sheet1,ZK12,1.21814800308191,True
VF45_T9,COMP-Y-SEA,SEA,New_VF45.xlsx,Sheet1,ZL12,2.1366046428034666,True
VF45_T9,COMP-Y-MAX-PLATEAU-STRESS,Max. Plateau stress,New_VF45.xlsx,Sheet1,ZM12,14.528668439179588,True
VF45_T10,COMP-Y-MODULUS,Modulus,New_VF45.xlsx,Sheet1,ZZ4,449.48,True
VF45_T10,COMP-Y-COMP-STRENGTH,Com. Strength,New_VF45.xlsx,Sheet1,ZW6,24.162944623507506,True
VF45_T10,COMP-Y-COMP-STRAIN,Com. strain,New_VF45.xlsx,Sheet1,ZX6,0.07085660398136731,True
VF45_T10,COMP-Y-APS,APS,New_VF45.xlsx,Sheet1,ZY6,17.63273912589844,True
VF45_T10,COMP-Y-AS,AS,New_VF45.xlsx,Sheet1,ZZ6,14.845434220592008,True
VF45_T10,COMP-Y-YIELD-STRENGTH,Yield strength,New_VF45.xlsx,Sheet1,ZW8,21.01538530141108,True
VF45_T10,COMP-Y-YIELD-STRAIN,Yield strain,New_VF45.xlsx,Sheet1,ZX8,0.04872327064803397,True
VF45_T10,COMP-Y-LCC,LCC,New_VF45.xlsx,Sheet1,ZY8,0.5097265391746324,True
VF45_T10,COMP-Y-EAS,EAS,New_VF45.xlsx,Sheet1,ZZ8,0.09975957550598827,True
VF45_T10,COMP-Y-DENSIF-STRENGTH,Densif. strength,New_VF45.xlsx,Sheet1,ZW10,0.5291155756972447,True
VF45_T10,COMP-Y-DENSIFI-STRAIN,Densifi. strain,New_VF45.xlsx,Sheet1,ZX10,0.11848993731470066,True
VF45_T10,COMP-Y-EAE,EAE,New_VF45.xlsx,Sheet1,ZY10,61.43884552112604,True
VF45_T10,COMP-Y-SE,SE,New_VF45.xlsx,Sheet1,ZZ10,0.7297429763069523,True
VF45_T10,COMP-Y-TOTAL-ENERGY,Total energy,New_VF45.xlsx,Sheet1,ZW12,1.759034570207459,True
VF45_T10,COMP-Y-SEA,SEA,New_VF45.xlsx,Sheet1,ZX12,1.7712325693023527,True
VF45_T10,COMP-Y-MAX-PLATEAU-STRESS,Max. Plateau stress,New_VF45.xlsx,Sheet1,ZY12,17.63273912589844,True
VF45_T11,COMP-Y-MODULUS,Modulus,New_VF45.xlsx,Sheet1,AAL4,319.46,True
VF45_T11,COMP-Y-COMP-STRENGTH,Com. Strength,New_VF45.xlsx,Sheet1,AAI6,38.68115340594665,True
VF45_T11,COMP-Y-COMP-STRAIN,Com. strain,New_VF45.xlsx,Sheet1,AAJ6,0.7523629074379763,True
VF45_T11,COMP-Y-APS,APS,New_VF45.xlsx,Sheet1,AAK6,11.640672997364558,True
VF45_T11,COMP-Y-AS,AS,New_VF45.xlsx,Sheet1,AAL6,9.967681117751685,True
VF45_T11,COMP-Y-YIELD-STRENGTH,Yield strength,New_VF45.xlsx,Sheet1,AAI8,13.363801263512821,True
VF45_T11,COMP-Y-YIELD-STRAIN,Yield strain,New_VF45.xlsx,Sheet1,AAJ8,0.043829574104642915,True
VF45_T11,COMP-Y-LCC,LCC,New_VF45.xlsx,Sheet1,AAK8,0.4419856955465336,True
VF45_T11,COMP-Y-EAS,EAS,New_VF45.xlsx,Sheet1,AAL8,0.10566179287195755,True
VF45_T11,COMP-Y-DENSIF-STRENGTH,Densif. strength,New_VF45.xlsx,Sheet1,AAI10,2.0370283332992742,True
VF45_T11,COMP-Y-DENSIFI-STRAIN,Densifi. strain,New_VF45.xlsx,Sheet1,AAJ10,0.12339624077130959,True
VF45_T11,COMP-Y-EAE,EAE,New_VF45.xlsx,Sheet1,AAK10,25.768831175078926,True
VF45_T11,COMP-Y-SE,SE,New_VF45.xlsx,Sheet1,AAL10,0.30093913889276575,True
VF45_T11,COMP-Y-TOTAL-ENERGY,Total energy,New_VF45.xlsx,Sheet1,AAI12,1.2299743791377231,True
VF45_T11,COMP-Y-SEA,SEA,New_VF45.xlsx,Sheet1,AAJ12,2.04346412636961,True
VF45_T11,COMP-Y-MAX-PLATEAU-STRESS,Max. Plateau stress,New_VF45.xlsx,Sheet1,AAK12,11.640672997364558,True
VF45_T12,COMP-Y-MODULUS,Modulus,New_VF45.xlsx,Sheet1,AAX4,330.13,True
VF45_T12,COMP-Y-COMP-STRENGTH,Com. Strength,New_VF45.xlsx,Sheet1,AAU6,23.71089164664311,True
VF45_T12,COMP-Y-COMP-STRAIN,Com. strain,New_VF45.xlsx,Sheet1,AAV6,0.682815305884604,True
VF45_T12,COMP-Y-APS,APS,New_VF45.xlsx,Sheet1,AAW6,14.32617774794294,True
VF45_T12,COMP-Y-AS,AS,New_VF45.xlsx,Sheet1,AAX6,13.296688932528106,True
VF45_T12,COMP-Y-YIELD-STRENGTH,Yield strength,New_VF45.xlsx,Sheet1,AAU8,14.359793875147231,True
VF45_T12,COMP-Y-YIELD-STRAIN,Yield strain,New_VF45.xlsx,Sheet1,AAV8,0.045481972551270705,True
VF45_T12,COMP-Y-LCC,LCC,New_VF45.xlsx,Sheet1,AAW8,0.32047243614612086,True
VF45_T12,COMP-Y-EAS,EAS,New_VF45.xlsx,Sheet1,AAX8,0.2817044908707893,True
VF45_T12,COMP-Y-DENSIF-STRENGTH,Densif. strength,New_VF45.xlsx,Sheet1,AAU10,4.778939401648998,True
VF45_T12,COMP-Y-DENSIFI-STRAIN,Densifi. strain,New_VF45.xlsx,Sheet1,AAV10,0.303515305884604,True
VF45_T12,COMP-Y-EAE,EAE,New_VF45.xlsx,Sheet1,AAW10,56.07840114444029,True
VF45_T12,COMP-Y-SE,SE,New_VF45.xlsx,Sheet1,AAX10,0.6042024045928776,True
VF45_T12,COMP-Y-TOTAL-ENERGY,Total energy,New_VF45.xlsx,Sheet1,AAU12,4.035748608608697,True
VF45_T12,COMP-Y-SEA,SEA,New_VF45.xlsx,Sheet1,AAV12,6.8818875167885665,True
VF45_T12,COMP-Y-MAX-PLATEAU-STRESS,Max. Plateau stress,New_VF45.xlsx,Sheet1,AAW12,14.32617774794294,True
VF45_T13,COMP-Y-MODULUS,Modulus,New_VF45.xlsx,Sheet1,ABJ4,492.25,True
VF45_T13,COMP-Y-COMP-STRENGTH,Com. Strength,New_VF45.xlsx,Sheet1,ABG6,33.387040218147355,True
VF45_T13,COMP-Y-COMP-STRAIN,Com. strain,New_VF45.xlsx,Sheet1,ABH6,0.15402903292050418,True
VF45_T13,COMP-Y-APS,APS,New_VF45.xlsx,Sheet1,ABI6,19.723294419534064,True
VF45_T13,COMP-Y-AS,AS,New_VF45.xlsx,Sheet1,ABJ6,18.69002679911966,True
VF45_T13,COMP-Y-YIELD-STRENGTH,Yield strength,New_VF45.xlsx,Sheet1,ABG8,24.351193206904494,True
VF45_T13,COMP-Y-YIELD-STRAIN,Yield strain,New_VF45.xlsx,Sheet1,ABH8,0.05146236625383753,True
VF45_T13,COMP-Y-LCC,LCC,New_VF45.xlsx,Sheet1,ABI8,0.6103584047286693,True
VF45_T13,COMP-Y-EAS,EAS,New_VF45.xlsx,Sheet1,ABJ8,0.338356516527575,True
VF45_T13,COMP-Y-DENSIF-STRENGTH,Densif. strength,New_VF45.xlsx,Sheet1,ABG10,3.3366315798396795,True
VF45_T13,COMP-Y-DENSIFI-STRAIN,Densifi. strain,New_VF45.xlsx,Sheet1,ABH10,0.3570623662538376,True
VF45_T13,COMP-Y-EAE,EAE,New_VF45.xlsx,Sheet1,ABI10,55.979885239904526,True
VF45_T13,COMP-Y-SE,SE,New_VF45.xlsx,Sheet1,ABJ10,0.5907470171259316,True
VF45_T13,COMP-Y-TOTAL-ENERGY,Total energy,New_VF45.xlsx,Sheet1,ABG12,6.673505194241304,True
VF45_T13,COMP-Y-SEA,SEA,New_VF45.xlsx,Sheet1,ABH12,10.264827565911151,True
VF45_T13,COMP-Y-MAX-PLATEAU-STRESS,Max. Plateau stress,New_VF45.xlsx,Sheet1,ABI12,19.723294419534064,True
VF45_T14,COMP-Y-MODULUS,Modulus,New_VF45.xlsx,Sheet1,ABV4,506.85,True
VF45_T14,COMP-Y-COMP-STRENGTH,Com. Strength,New_VF45.xlsx,Sheet1,ABS6,31.591458455739513,True
VF45_T14,COMP-Y-COMP-STRAIN,Com. strain,New_VF45.xlsx,Sheet1,ABT6,0.11213412585711807,True
VF45_T14,COMP-Y-APS,APS,New_VF45.xlsx,Sheet1,ABU6,20.519915476634996,True
VF45_T14,COMP-Y-AS,AS,New_VF45.xlsx,Sheet1,ABV6,19.42416902352649,True
VF45_T14,COMP-Y-YIELD-STRENGTH,Yield strength,New_VF45.xlsx,Sheet1,ABS8,24.181116348837648,True
VF45_T14,COMP-Y-YIELD-STRAIN,Yield strain,New_VF45.xlsx,Sheet1,ABT8,0.049700792523784745,True
VF45_T14,COMP-Y-LCC,LCC,New_VF45.xlsx,Sheet1,ABU8,0.4756332628615595,True
VF45_T14,COMP-Y-EAS,EAS,New_VF45.xlsx,Sheet1,ABV8,0.34409015194080583,True
VF45_T14,COMP-Y-DENSIF-STRENGTH,Densif. strength,New_VF45.xlsx,Sheet1,ABS10,6.354999268148035,True
VF45_T14,COMP-Y-DENSIFI-STRAIN,Densifi. strain,New_VF45.xlsx,Sheet1,ABT10,0.36350079252378475,True
VF45_T14,COMP-Y-EAE,EAE,New_VF45.xlsx,Sheet1,ABU10,61.48550897306711,True
VF45_T14,COMP-Y-SE,SE,New_VF45.xlsx,Sheet1,ABV10,0.6495399857966023,True
VF45_T14,COMP-Y-TOTAL-ENERGY,Total energy,New_VF45.xlsx,Sheet1,ABS12,7.060700834167829,True
VF45_T14,COMP-Y-SEA,SEA,New_VF45.xlsx,Sheet1,ABT12,12.022611734204302,True
VF45_T14,COMP-Y-MAX-PLATEAU-STRESS,Max. Plateau stress,New_VF45.xlsx,Sheet1,ABU12,20.519915476634996,True
VF45_T15,COMP-Y-MODULUS,Modulus,New_VF45.xlsx,Sheet1,ACH4,463.93,True
VF45_T15,COMP-Y-COMP-STRENGTH,Com. Strength,New_VF45.xlsx,Sheet1,ACE6,23.96765231184088,True
VF45_T15,COMP-Y-COMP-STRAIN,Com. strain,New_VF45.xlsx,Sheet1,ACF6,0.0836173041626429,True
VF45_T15,COMP-Y-APS,APS,New_VF45.xlsx,Sheet1,ACG6,15.760141058985184,True
VF45_T15,COMP-Y-AS,AS,New_VF45.xlsx,Sheet1,ACH6,14.911347358134227,True
VF45_T15,COMP-Y-YIELD-STRENGTH,Yield strength,New_VF45.xlsx,Sheet1,ACE8,19.451020862923897,True
VF45_T15,COMP-Y-YIELD-STRAIN,Yield strain,New_VF45.xlsx,Sheet1,ACF8,0.04391730416264289,True
VF45_T15,COMP-Y-LCC,LCC,New_VF45.xlsx,Sheet1,ACG8,0.33532756436933864,True
VF45_T15,COMP-Y-EAS,EAS,New_VF45.xlsx,Sheet1,ACH8,0.27723627523131966,True
VF45_T15,COMP-Y-DENSIF-STRENGTH,Densif. strength,New_VF45.xlsx,Sheet1,ACE10,7.172138381194809,True
VF45_T15,COMP-Y-DENSIFI-STRAIN,Densifi. strain,New_VF45.xlsx,Sheet1,ACF10,0.2930173041626429,True
VF45_T15,COMP-Y-EAE,EAE,New_VF45.xlsx,Sheet1,ACG10,62.214467917525184,True
VF45_T15,COMP-Y-SE,SE,New_VF45.xlsx,Sheet1,ACH10,0.6575588152703262,True
VF45_T15,COMP-Y-TOTAL-ENERGY,Total energy,New_VF45.xlsx,Sheet1,ACE12,4.369282804313238,True
VF45_T15,COMP-Y-SEA,SEA,New_VF45.xlsx,Sheet1,ACF12,7.360155821861958,True
VF45_T15,COMP-Y-MAX-PLATEAU-STRESS,Max. Plateau stress,New_VF45.xlsx,Sheet1,ACG12,15.760141058985184,True
VF45_T16,COMP-Y-MODULUS,Modulus,New_VF45.xlsx,Sheet1,ACT4,617.0,True
VF45_T16,COMP-Y-COMP-STRENGTH,Com. Strength,New_VF45.xlsx,Sheet1,ACQ6,30.17825471463564,True
VF45_T16,COMP-Y-COMP-STRAIN,Com. strain,New_VF45.xlsx,Sheet1,ACR6,0.0739794408844725,True
VF45_T16,COMP-Y-APS,APS,New_VF45.xlsx,Sheet1,ACS6,20.417293929422517,True
VF45_T16,COMP-Y-AS,AS,New_VF45.xlsx,Sheet1,ACT6,18.38450565645588,True
VF45_T16,COMP-Y-YIELD-STRENGTH,Yield strength,New_VF45.xlsx,Sheet1,ACQ8,26.042148738518065,True
VF45_T16,COMP-Y-YIELD-STRAIN,Yield strain,New_VF45.xlsx,Sheet1,ACR8,0.04417944088447251,True
VF45_T16,COMP-Y-LCC,LCC,New_VF45.xlsx,Sheet1,ACS8,0.4394402976700951,True
VF45_T16,COMP-Y-EAS,EAS,New_VF45.xlsx,Sheet1,ACT8,0.13525727781680075,True
VF45_T16,COMP-Y-DENSIF-STRENGTH,Densif. strength,New_VF45.xlsx,Sheet1,ACQ10,8.578590172688303,True
VF45_T16,COMP-Y-DENSIFI-STRAIN,Densifi. strain,New_VF45.xlsx,Sheet1,ACR10,0.15021277421780582,True
VF45_T16,COMP-Y-EAE,EAE,New_VF45.xlsx,Sheet1,ACS10,60.91971132956171,True
VF45_T16,COMP-Y-SE,SE,New_VF45.xlsx,Sheet1,ACT10,0.6765564848758693,True
VF45_T16,COMP-Y-TOTAL-ENERGY,Total energy,New_VF45.xlsx,Sheet1,ACQ12,2.761587597279181,True
VF45_T16,COMP-Y-SEA,SEA,New_VF45.xlsx,Sheet1,ACR12,4.485428650312246,True
VF45_T16,COMP-Y-MAX-PLATEAU-STRESS,Max. Plateau stress,New_VF45.xlsx,Sheet1,ACS12,20.417293929422517,True
VF45_T17,COMP-Y-MODULUS,Modulus,New_VF45.xlsx,Sheet1,ADF4,684.36,True
VF45_T17,COMP-Y-COMP-STRENGTH,Com. Strength,New_VF45.xlsx,Sheet1,ADC6,0.1684032644823213,True
VF45_T17,COMP-Y-COMP-STRAIN,Com. strain,New_VF45.xlsx,Sheet1,ADD6,0.0,True
VF45_T17,COMP-Y-APS,APS,New_VF45.xlsx,Sheet1,ADE6,,False
VF45_T17,COMP-Y-AS,AS,New_VF45.xlsx,Sheet1,ADF6,,False
VF45_T17,COMP-Y-YIELD-STRENGTH,Yield strength,New_VF45.xlsx,Sheet1,ADC8,,False
VF45_T17,COMP-Y-YIELD-STRAIN,Yield strain,New_VF45.xlsx,Sheet1,ADD8,,False
VF45_T17,COMP-Y-LCC,LCC,New_VF45.xlsx,Sheet1,ADE8,,False
VF45_T17,COMP-Y-EAS,EAS,New_VF45.xlsx,Sheet1,ADF8,,False
VF45_T17,COMP-Y-DENSIF-STRENGTH,Densif. strength,New_VF45.xlsx,Sheet1,ADC10,0.0,True
VF45_T17,COMP-Y-DENSIFI-STRAIN,Densifi. strain,New_VF45.xlsx,Sheet1,ADD10,0.0,True
VF45_T17,COMP-Y-EAE,EAE,New_VF45.xlsx,Sheet1,ADE10,,False
VF45_T17,COMP-Y-SE,SE,New_VF45.xlsx,Sheet1,ADF10,,False
VF45_T17,COMP-Y-TOTAL-ENERGY,Total energy,New_VF45.xlsx,Sheet1,ADC12,,False
VF45_T17,COMP-Y-SEA,SEA,New_VF45.xlsx,Sheet1,ADD12,,False
VF45_T17,COMP-Y-MAX-PLATEAU-STRESS,Max. Plateau stress,New_VF45.xlsx,Sheet1,ADE12,,False
VF60_B1,COMP-Y-MODULUS,Modulus,New_VF60.xlsx,Sheet1,F4,650.62,True
VF60_B1,COMP-Y-COMP-STRENGTH,Com. Strength,New_VF60.xlsx,Sheet1,C6,44.10896212250426,True
VF60_B1,COMP-Y-COMP-STRAIN,Com. strain,New_VF60.xlsx,Sheet1,D6,0.14326046916868027,True
VF60_B1,COMP-Y-APS,APS,New_VF60.xlsx,Sheet1,E6,35.43599338979529,True
VF60_B1,COMP-Y-AS,AS,New_VF60.xlsx,Sheet1,F6,30.777991706004144,True
VF60_B1,COMP-Y-YIELD-STRENGTH,Yield strength,New_VF60.xlsx,Sheet1,C8,33.55087258065631,True
VF60_B1,COMP-Y-YIELD-STRAIN,Yield strain,New_VF60.xlsx,Sheet1,D8,0.05356046916868026,True
VF60_B1,COMP-Y-LCC,LCC,New_VF60.xlsx,Sheet1,E8,0.33938922490364076,True
VF60_B1,COMP-Y-EAS,EAS,New_VF60.xlsx,Sheet1,F8,0.1813482086132979,True
VF60_B1,COMP-Y-DENSIF-STRENGTH,Densif. strength,New_VF60.xlsx,Sheet1,C10,0.4559972227376185,True
VF60_B1,COMP-Y-DENSIFI-STRAIN,Densifi. strain,New_VF60.xlsx,Sheet1,D10,0.2087938025020136,True
VF60_B1,COMP-Y-EAE,EAE,New_VF60.xlsx,Sheet1,E10,69.7771841026867,True
VF60_B1,COMP-Y-SE,SE,New_VF60.xlsx,Sheet1,F10,0.8033740012149585,True
VF60_B1,COMP-Y-TOTAL-ENERGY,Total energy,New_VF60.xlsx,Sheet1,C12,6.426253921672042,True
VF60_B1,COMP-Y-SEA,SEA,New_VF60.xlsx,Sheet1,D12,8.364924145931687,True
VF60_B1,COMP-Y-MAX-PLATEAU-STRESS,Max. Plateau stress,New_VF60.xlsx,Sheet1,E12,35.43599338979529,True
VF60_B2,COMP-Y-MODULUS,Modulus,New_VF60.xlsx,Sheet1,R4,583.88,True
VF60_B2,COMP-Y-COMP-STRENGTH,Com. Strength,New_VF60.xlsx,Sheet1,O6,47.46330773468771,True
VF60_B2,COMP-Y-COMP-STRAIN,Com. strain,New_VF60.xlsx,Sheet1,P6,0.20727108388125615,True
VF60_B2,COMP-Y-APS,APS,New_VF60.xlsx,Sheet1,Q6,38.84813766862165,True
VF60_B2,COMP-Y-AS,AS,New_VF60.xlsx,Sheet1,R6,33.60141433702361,True
VF60_B2,COMP-Y-YIELD-STRENGTH,Yield strength,New_VF60.xlsx,Sheet1,O8,28.866573125190193,True
VF60_B2,COMP-Y-YIELD-STRAIN,Yield strain,New_VF60.xlsx,Sheet1,P8,0.0514377505479228,True
VF60_B2,COMP-Y-LCC,LCC,New_VF60.xlsx,Sheet1,Q8,0.3082560540260955,True
VF60_B2,COMP-Y-EAS,EAS,New_VF60.xlsx,Sheet1,R8,0.2031500370133425,True
VF60_B2,COMP-Y-DENSIF-STRENGTH,Densif. strength,New_VF60.xlsx,Sheet1,O10,0.5061446645253936,True
VF60_B2,COMP-Y-DENSIFI-STRAIN,Densifi. strain,New_VF60.xlsx,Sheet1,P10,0.2348710838812561,True
VF60_B2,COMP-Y-EAE,EAE,New_VF60.xlsx,Sheet1,Q10,70.79450620013704,True
VF60_B2,COMP-Y-SE,SE,New_VF60.xlsx,Sheet1,R10,0.8184877860973475,True
VF60_B2,COMP-Y-TOTAL-ENERGY,Total energy,New_VF60.xlsx,Sheet1,O12,7.892000605279914,True
VF60_B2,COMP-Y-SEA,SEA,New_VF60.xlsx,Sheet1,P12,9.563466804725355,True
VF60_B2,COMP-Y-MAX-PLATEAU-STRESS,Max. Plateau stress,New_VF60.xlsx,Sheet1,Q12,38.84813766862165,True
VF60_B3,COMP-Y-MODULUS,Modulus,New_VF60.xlsx,Sheet1,AD4,650.71,True
VF60_B3,COMP-Y-COMP-STRENGTH,Com. Strength,New_VF60.xlsx,Sheet1,AA6,40.111387045863346,True
VF60_B3,COMP-Y-COMP-STRAIN,Com. strain,New_VF60.xlsx,Sheet1,AB6,0.1278718057223852,True
VF60_B3,COMP-Y-APS,APS,New_VF60.xlsx,Sheet1,AC6,28.086690464053078,True
VF60_B3,COMP-Y-AS,AS,New_VF60.xlsx,Sheet1,AD6,26.04799571573684,True
VF60_B3,COMP-Y-YIELD-STRENGTH,Yield strength,New_VF60.xlsx,Sheet1,AA8,33.6450677236083,True
VF60_B3,COMP-Y-YIELD-STRAIN,Yield strain,New_VF60.xlsx,Sheet1,AB8,0.05370513905571853,True
VF60_B3,COMP-Y-LCC,LCC,New_VF60.xlsx,Sheet1,AC8,0.43039516058671545,True
VF60_B3,COMP-Y-EAS,EAS,New_VF60.xlsx,Sheet1,AD8,0.26005170919450293,True
VF60_B3,COMP-Y-DENSIF-STRENGTH,Densif. strength,New_VF60.xlsx,Sheet1,AA10,4.479273280520425,True
VF60_B3,COMP-Y-DENSIFI-STRAIN,Densifi. strain,New_VF60.xlsx,Sheet1,AB10,0.28040513905571857,True
VF60_B3,COMP-Y-EAE,EAE,New_VF60.xlsx,Sheet1,AC10,64.93915477406345,True
VF60_B3,COMP-Y-SE,SE,New_VF60.xlsx,Sheet1,AD10,0.7002173829575817,True
VF60_B3,COMP-Y-TOTAL-ENERGY,Total energy,New_VF60.xlsx,Sheet1,AA12,7.30399186079395,True
VF60_B3,COMP-Y-SEA,SEA,New_VF60.xlsx,Sheet1,AB12,9.12854328203462,True
VF60_B3,COMP-Y-MAX-PLATEAU-STRESS,Max. Plateau stress,New_VF60.xlsx,Sheet1,AC12,28.086690464053078,True
VF60_B4,COMP-Y-MODULUS,Modulus,New_VF60.xlsx,Sheet1,AP4,492.79,True
VF60_B4,COMP-Y-COMP-STRENGTH,Com. Strength,New_VF60.xlsx,Sheet1,AM6,26.42875291677886,True
VF60_B4,COMP-Y-COMP-STRAIN,Com. strain,New_VF60.xlsx,Sheet1,AN6,0.08424353442419213,True
VF60_B4,COMP-Y-APS,APS,New_VF60.xlsx,Sheet1,AO6,13.757004680143186,True
VF60_B4,COMP-Y-AS,AS,New_VF60.xlsx,Sheet1,AP6,13.399859364049465,True
VF60_B4,COMP-Y-YIELD-STRENGTH,Yield strength,New_VF60.xlsx,Sheet1,AM8,22.83128684810687,True
VF60_B4,COMP-Y-YIELD-STRAIN,Yield strain,New_VF60.xlsx,Sheet1,AN8,0.04831020109085882,True
VF60_B4,COMP-Y-LCC,LCC,New_VF60.xlsx,Sheet1,AO8,0.655062303167917,True
VF60_B4,COMP-Y-EAS,EAS,New_VF60.xlsx,Sheet1,AP8,0.2608575859580185,True
VF60_B4,COMP-Y-DENSIF-STRENGTH,Densif. strength,New_VF60.xlsx,Sheet1,AM10,1.0255933967705229,True
VF60_B4,COMP-Y-DENSIFI-STRAIN,Densifi. strain,New_VF60.xlsx,Sheet1,AN10,0.2678102010908588,True
VF60_B4,COMP-Y-EAE,EAE,New_VF60.xlsx,Sheet1,AO10,50.70182239110601,True
VF60_B4,COMP-Y-SE,SE,New_VF60.xlsx,Sheet1,AP10,0.5205317376670187,True
VF60_B4,COMP-Y-TOTAL-ENERGY,Total energy,New_VF60.xlsx,Sheet1,AM12,3.5886190308753143,True
VF60_B4,COMP-Y-SEA,SEA,New_VF60.xlsx,Sheet1,AN12,4.2024687322922505,True
VF60_B4,COMP-Y-MAX-PLATEAU-STRESS,Max. Plateau stress,New_VF60.xlsx,Sheet1,AO12,13.757004680143186,True
VF60_B5,COMP-Y-MODULUS,Modulus,New_VF60.xlsx,Sheet1,BB4,520.07,True
VF60_B5,COMP-Y-COMP-STRENGTH,Com. Strength,New_VF60.xlsx,Sheet1,AY6,33.54710737213288,True
VF60_B5,COMP-Y-COMP-STRAIN,Com. strain,New_VF60.xlsx,Sheet1,AZ6,0.10809470368825015,True
VF60_B5,COMP-Y-APS,APS,New_VF60.xlsx,Sheet1,BA6,25.701325804633882,True
VF60_B5,COMP-Y-AS,AS,New_VF60.xlsx,Sheet1,BB6,22.394014631032462,True
VF60_B5,COMP-Y-YIELD-STRENGTH,Yield strength,New_VF60.xlsx,Sheet1,AY8,26.589762702346427,True
VF60_B5,COMP-Y-YIELD-STRAIN,Yield strain,New_VF60.xlsx,Sheet1,AZ8,0.05312803702158348,True
VF60_B5,COMP-Y-LCC,LCC,New_VF60.xlsx,Sheet1,BA8,0.40332115050925593,True
VF60_B5,COMP-Y-EAS,EAS,New_VF60.xlsx,Sheet1,BB8,0.1684210556062176,True
VF60_B5,COMP-Y-DENSIF-STRENGTH,Densif. strength,New_VF60.xlsx,Sheet1,AY10,0.7282743863696284,True
VF60_B5,COMP-Y-DENSIFI-STRAIN,Densifi. strain,New_VF60.xlsx,Sheet1,AZ10,0.19329470368825014,True
VF60_B5,COMP-Y-EAE,EAE,New_VF60.xlsx,Sheet1,BA10,66.75393613708364,True
VF60_B5,COMP-Y-SE,SE,New_VF60.xlsx,Sheet1,BB10,0.7661264358662297,True
VF60_B5,COMP-Y-TOTAL-ENERGY,Total energy,New_VF60.xlsx,Sheet1,AY12,4.328644422495758,True
VF60_B5,COMP-Y-SEA,SEA,New_VF60.xlsx,Sheet1,AZ12,4.9781085873977435,True
VF60_B5,COMP-Y-MAX-PLATEAU-STRESS,Max. Plateau stress,New_VF60.xlsx,Sheet1,BA12,25.701325804633882,True
VF60_C1,COMP-Y-MODULUS,Modulus,New_VF60.xlsx,Sheet1,BN4,459.73,True
VF60_C1,COMP-Y-COMP-STRENGTH,Com. Strength,New_VF60.xlsx,Sheet1,BK6,31.500186460501805,True
VF60_C1,COMP-Y-COMP-STRAIN,Com. strain,New_VF60.xlsx,Sheet1,BL6,0.1216257712864419,True
VF60_C1,COMP-Y-APS,APS,New_VF60.xlsx,Sheet1,BM6,23.996945828389492,True
VF60_C1,COMP-Y-AS,AS,New_VF60.xlsx,Sheet1,BN6,21.616904365069427,True
VF60_C1,COMP-Y-YIELD-STRENGTH,Yield strength,New_VF60.xlsx,Sheet1,BK8,24.862098386874106,True
VF60_C1,COMP-Y-YIELD-STRAIN,Yield strain,New_VF60.xlsx,Sheet1,BL8,0.056059104619775244,True
VF60_C1,COMP-Y-LCC,LCC,New_VF60.xlsx,Sheet1,BM8,0.37960439760872117,True
VF60_C1,COMP-Y-EAS,EAS,New_VF60.xlsx,Sheet1,BN8,0.23828983658538397,True
VF60_C1,COMP-Y-DENSIF-STRENGTH,Densif. strength,New_VF60.xlsx,Sheet1,BK10,3.01172514451627,True
VF60_C1,COMP-Y-DENSIFI-STRAIN,Densifi. strain,New_VF60.xlsx,Sheet1,BL10,0.26452577128644195,True
VF60_C1,COMP-Y-EAE,EAE,New_VF60.xlsx,Sheet1,BM10,68.62468700677357,True
VF60_C1,COMP-Y-SE,SE,New_VF60.xlsx,Sheet1,BN10,0.7618032946719013,True
VF60_C1,COMP-Y-TOTAL-ENERGY,Total energy,New_VF60.xlsx,Sheet1,BK12,5.718228299995244,True
VF60_C1,COMP-Y-SEA,SEA,New_VF60.xlsx,Sheet1,BL12,6.521327779907934,True
VF60_C1,COMP-Y-MAX-PLATEAU-STRESS,Max. Plateau stress,New_VF60.xlsx,Sheet1,BM12,23.996945828389492,True
VF60_C2,COMP-Y-MODULUS,Modulus,New_VF60.xlsx,Sheet1,BZ4,434.03,True
VF60_C2,COMP-Y-COMP-STRENGTH,Com. Strength,New_VF60.xlsx,Sheet1,BW6,28.782816418202195,True
VF60_C2,COMP-Y-COMP-STRAIN,Com. strain,New_VF60.xlsx,Sheet1,BX6,0.10043981014164283,True
VF60_C2,COMP-Y-APS,APS,New_VF60.xlsx,Sheet1,BY6,24.961147325997622,True
VF60_C2,COMP-Y-AS,AS,New_VF60.xlsx,Sheet1,BZ6,21.671916891466026,True
VF60_C2,COMP-Y-YIELD-STRENGTH,Yield strength,New_VF60.xlsx,Sheet1,BW8,22.03977048942598,True
VF60_C2,COMP-Y-YIELD-STRAIN,Yield strain,New_VF60.xlsx,Sheet1,BX8,0.05277314347497617,True
VF60_C2,COMP-Y-LCC,LCC,New_VF60.xlsx,Sheet1,BY8,0.2836453664302493,True
VF60_C2,COMP-Y-EAS,EAS,New_VF60.xlsx,Sheet1,BZ8,0.18977088425589198,True
VF60_C2,COMP-Y-DENSIF-STRENGTH,Densif. strength,New_VF60.xlsx,Sheet1,BW10,3.3403051591622943,True
VF60_C2,COMP-Y-DENSIFI-STRAIN,Densifi. strain,New_VF60.xlsx,Sheet1,BX10,0.21857314347497614,True
VF60_C2,COMP-Y-EAE,EAE,New_VF60.xlsx,Sheet1,BY10,75.29463613491538,True
VF60_C2,COMP-Y-SE,SE,New_VF60.xlsx,Sheet1,BZ10,0.8672239353968239,True
VF60_C2,COMP-Y-TOTAL-ENERGY,Total energy,New_VF60.xlsx,Sheet1,BW12,4.736899000096162,True
VF60_C2,COMP-Y-SEA,SEA,New_VF60.xlsx,Sheet1,BX12,5.487591457366008,True
VF60_C2,COMP-Y-MAX-PLATEAU-STRESS,Max. Plateau stress,New_VF60.xlsx,Sheet1,BY12,24.961147325997622,True
VF60_C3,COMP-Y-MODULUS,Modulus,New_VF60.xlsx,Sheet1,CL4,562.28,True
VF60_C3,COMP-Y-COMP-STRENGTH,Com. Strength,New_VF60.xlsx,Sheet1,CI6,51.28748588777089,True
VF60_C3,COMP-Y-COMP-STRAIN,Com. strain,New_VF60.xlsx,Sheet1,CJ6,0.21820384541058238,True
VF60_C3,COMP-Y-APS,APS,New_VF60.xlsx,Sheet1,CK6,37.98824882593622,True
VF60_C3,COMP-Y-AS,AS,New_VF60.xlsx,Sheet1,CL6,34.639536316035674,True
VF60_C3,COMP-Y-YIELD-STRENGTH,Yield strength,New_VF60.xlsx,Sheet1,CI8,29.56413977511962,True
VF60_C3,COMP-Y-YIELD-STRAIN,Yield strain,New_VF60.xlsx,Sheet1,CJ8,0.054570512077249014,True
VF60_C3,COMP-Y-LCC,LCC,New_VF60.xlsx,Sheet1,CK8,0.3380161164175266,True
VF60_C3,COMP-Y-EAS,EAS,New_VF60.xlsx,Sheet1,CL8,0.33826898902759633,True
VF60_C3,COMP-Y-DENSIF-STRENGTH,Densif. strength,New_VF60.xlsx,Sheet1,CI10,5.966799001266535,True
VF60_C3,COMP-Y-DENSIFI-STRAIN,Densifi. strain,New_VF60.xlsx,Sheet1,CJ10,0.370970512077249,True
VF60_C3,COMP-Y-EAE,EAE,New_VF60.xlsx,Sheet1,CK10,67.539938284039,True
VF60_C3,COMP-Y-SE,SE,New_VF60.xlsx,Sheet1,CL10,0.7406923573727802,True
VF60_C3,COMP-Y-TOTAL-ENERGY,Total energy,New_VF60.xlsx,Sheet1,CI12,12.850246525278218,True
VF60_C3,COMP-Y-SEA,SEA,New_VF60.xlsx,Sheet1,CJ12,14.298321937511563,True
VF60_C3,COMP-Y-MAX-PLATEAU-STRESS,Max. Plateau stress,New_VF60.xlsx,Sheet1,CK12,37.98824882593622,True
VF60_C4,COMP-Y-MODULUS,Modulus,New_VF60.xlsx,Sheet1,CX4,566.04,True
VF60_C4,COMP-Y-COMP-STRENGTH,Com. Strength,New_VF60.xlsx,Sheet1,CU6,39.308299348283704,True
VF60_C4,COMP-Y-COMP-STRAIN,Com. strain,New_VF60.xlsx,Sheet1,CV6,0.7577959242480112,True
VF60_C4,COMP-Y-APS,APS,New_VF60.xlsx,Sheet1,CW6,22.366780294744814,True
VF60_C4,COMP-Y-AS,AS,New_VF60.xlsx,Sheet1,CX6,21.093406212682957,True
VF60_C4,COMP-Y-YIELD-STRENGTH,Yield strength,New_VF60.xlsx,Sheet1,CU8,29.753616777485536,True
VF60_C4,COMP-Y-YIELD-STRAIN,Yield strain,New_VF60.xlsx,Sheet1,CV8,0.054562590914677925,True
VF60_C4,COMP-Y-LCC,LCC,New_VF60.xlsx,Sheet1,CW8,0.5409661316263186,True
VF60_C4,COMP-Y-EAS,EAS,New_VF60.xlsx,Sheet1,CX8,0.283451115402128,True
VF60_C4,COMP-Y-DENSIF-STRENGTH,Densif. strength,New_VF60.xlsx,Sheet1,CU10,2.380289342198843,True
VF60_C4,COMP-Y-DENSIFI-STRAIN,Densifi. strain,New_VF60.xlsx,Sheet1,CV10,0.30056259091467796,True
VF60_C4,COMP-Y-EAE,EAE,New_VF60.xlsx,Sheet1,CW10,53.661457153841354,True
VF60_C4,COMP-Y-SE,SE,New_VF60.xlsx,Sheet1,CX10,0.569009106615583,True
VF60_C4,COMP-Y-TOTAL-ENERGY,Total energy,New_VF60.xlsx,Sheet1,CU12,6.339888822499755,True
VF60_C4,COMP-Y-SEA,SEA,New_VF60.xlsx,Sheet1,CV12,7.88748098568817,True
VF60_C4,COMP-Y-MAX-PLATEAU-STRESS,Max. Plateau stress,New_VF60.xlsx,Sheet1,CW12,22.366780294744814,True
VF60_C5,COMP-Y-MODULUS,Modulus,New_VF60.xlsx,Sheet1,DJ4,529.53,True
VF60_C5,COMP-Y-COMP-STRENGTH,Com. Strength,New_VF60.xlsx,Sheet1,DG6,38.28156179120398,True
VF60_C5,COMP-Y-COMP-STRAIN,Com. strain,New_VF60.xlsx,Sheet1,DH6,0.11156090909509189,True
VF60_C5,COMP-Y-APS,APS,New_VF60.xlsx,Sheet1,DI6,23.580537077984516,True
VF60_C5,COMP-Y-AS,AS,New_VF60.xlsx,Sheet1,DJ6,21.845177474966476,True
VF60_C5,COMP-Y-YIELD-STRENGTH,Yield strength,New_VF60.xlsx,Sheet1,DG8,29.53149052464307,True
VF60_C5,COMP-Y-YIELD-STRAIN,Yield strain,New_VF60.xlsx,Sheet1,DH8,0.05776090909509189,True
VF60_C5,COMP-Y-LCC,LCC,New_VF60.xlsx,Sheet1,DI8,0.5547951527827307,True
VF60_C5,COMP-Y-EAS,EAS,New_VF60.xlsx,Sheet1,DJ8,0.2568564806654743,True
VF60_C5,COMP-Y-DENSIF-STRENGTH,Densif. strength,New_VF60.xlsx,Sheet1,DG10,1.8726478278814065,True
VF60_C5,COMP-Y-DENSIFI-STRAIN,Densifi. strain,New_VF60.xlsx,Sheet1,DH10,0.2772609090950919,True
VF60_C5,COMP-Y-EAE,EAE,New_VF60.xlsx,Sheet1,DI10,57.06448862801068,True
VF60_C5,COMP-Y-SE,SE,New_VF60.xlsx,Sheet1,DJ10,0.61597635975768,True
VF60_C5,COMP-Y-TOTAL-ENERGY,Total energy,New_VF60.xlsx,Sheet1,DG12,6.056813766052829,True
VF60_C5,COMP-Y-SEA,SEA,New_VF60.xlsx,Sheet1,DH12,7.4496722022699995,True
VF60_C5,COMP-Y-MAX-PLATEAU-STRESS,Max. Plateau stress,New_VF60.xlsx,Sheet1,DI12,23.580537077984516,True
VF60_C6,COMP-Y-MODULUS,Modulus,New_VF60.xlsx,Sheet1,DV4,673.09,True
VF60_C6,COMP-Y-COMP-STRENGTH,Com. Strength,New_VF60.xlsx,Sheet1,DS6,42.53947090882869,True
VF60_C6,COMP-Y-COMP-STRAIN,Com. strain,New_VF60.xlsx,Sheet1,DT6,0.08357123897651031,True
VF60_C6,COMP-Y-APS,APS,New_VF60.xlsx,Sheet1,DU6,35.76305691288496,True
VF60_C6,COMP-Y-AS,AS,New_VF60.xlsx,Sheet1,DV6,29.754531268301367,True
VF60_C6,COMP-Y-YIELD-STRENGTH,Yield strength,New_VF60.xlsx,Sheet1,DS8,33.94944098274985,True
VF60_C6,COMP-Y-YIELD-STRAIN,Yield strain,New_VF60.xlsx,Sheet1,DT8,0.05243790564317696,True
VF60_C6,COMP-Y-LCC,LCC,New_VF60.xlsx,Sheet1,DU8,0.3867693199672845,True
VF60_C6,COMP-Y-EAS,EAS,New_VF60.xlsx,Sheet1,DV8,0.13298365329632164,True
VF60_C6,COMP-Y-DENSIF-STRENGTH,Densif. strength,New_VF60.xlsx,Sheet1,DS10,5.4757162875402985,True
VF60_C6,COMP-Y-DENSIFI-STRAIN,Densifi. strain,New_VF60.xlsx,Sheet1,DT10,0.159837905643177,True
VF60_C6,COMP-Y-EAE,EAE,New_VF60.xlsx,Sheet1,DU10,69.94570132776634,True
VF60_C6,COMP-Y-SE,SE,New_VF60.xlsx,Sheet1,DV10,0.8407029083538192,True
VF60_C6,COMP-Y-TOTAL-ENERGY,Total energy,New_VF60.xlsx,Sheet1,DS12,4.755901961319713,True
VF60_C6,COMP-Y-SEA,SEA,New_VF60.xlsx,Sheet1,DT12,6.040030458765578,True
VF60_C6,COMP-Y-MAX-PLATEAU-STRESS,Max. Plateau stress,New_VF60.xlsx,Sheet1,DU12,35.76305691288496,True
VF60_C7,COMP-Y-MODULUS,Modulus,New_VF60.xlsx,Sheet1,EH4,469.89,True
VF60_C7,COMP-Y-COMP-STRENGTH,Com. Strength,New_VF60.xlsx,Sheet1,EE6,38.95123528611156,True
VF60_C7,COMP-Y-COMP-STRAIN,Com. strain,New_VF60.xlsx,Sheet1,EF6,0.12865603923045343,True
VF60_C7,COMP-Y-APS,APS,New_VF60.xlsx,Sheet1,EG6,29.530857077376506,True
VF60_C7,COMP-Y-AS,AS,New_VF60.xlsx,Sheet1,EH6,25.730996264414557,True
VF60_C7,COMP-Y-YIELD-STRENGTH,Yield strength,New_VF60.xlsx,Sheet1,EE8,32.1009449122104,True
VF60_C7,COMP-Y-YIELD-STRAIN,Yield strain,New_VF60.xlsx,Sheet1,EF8,0.07028937256378678,True
VF60_C7,COMP-Y-LCC,LCC,New_VF60.xlsx,Sheet1,EG8,0.40267467445508554,True
VF60_C7,COMP-Y-EAS,EAS,New_VF60.xlsx,Sheet1,EH8,0.2105611302245489,True
VF60_C7,COMP-Y-DENSIF-STRENGTH,Densif. strength,New_VF60.xlsx,Sheet1,EE10,2.0223310459333974,True
VF60_C7,COMP-Y-DENSIFI-STRAIN,Densifi. strain,New_VF60.xlsx,Sheet1,EF10,0.24165603923045348,True
VF60_C7,COMP-Y-EAE,EAE,New_VF60.xlsx,Sheet1,EG10,66.05951281239389,True
VF60_C7,COMP-Y-SE,SE,New_VF60.xlsx,Sheet1,EH10,0.7581494363519202,True
VF60_C7,COMP-Y-TOTAL-ENERGY,Total energy,New_VF60.xlsx,Sheet1,EE12,6.218050642712016,True
VF60_C7,COMP-Y-SEA,SEA,New_VF60.xlsx,Sheet1,EF12,6.572542983329025,True
VF60_C7,COMP-Y-MAX-PLATEAU-STRESS,Max. Plateau stress,New_VF60.xlsx,Sheet1,EG12,29.530857077376506,True
VF60_C8,COMP-Y-MODULUS,Modulus,New_VF60.xlsx,Sheet1,ET4,454.49,True
VF60_C8,COMP-Y-COMP-STRENGTH,Com. Strength,New_VF60.xlsx,Sheet1,EQ6,36.88564993296353,True
VF60_C8,COMP-Y-COMP-STRAIN,Com. strain,New_VF60.xlsx,Sheet1,ER6,0.13134553514471506,True
VF60_C8,COMP-Y-APS,APS,New_VF60.xlsx,Sheet1,ES6,30.1930020772187,True
VF60_C8,COMP-Y-AS,AS,New_VF60.xlsx,Sheet1,ET6,25.667256485495457,True
VF60_C8,COMP-Y-YIELD-STRENGTH,Yield strength,New_VF60.xlsx,Sheet1,EQ8,27.886341051013908,True
VF60_C8,COMP-Y-YIELD-STRAIN,Yield strain,New_VF60.xlsx,Sheet1,ER8,0.06334553514471508,True
VF60_C8,COMP-Y-LCC,LCC,New_VF60.xlsx,Sheet1,ES8,0.311312978917432,True
VF60_C8,COMP-Y-EAS,EAS,New_VF60.xlsx,Sheet1,ET8,0.1886772624265893,True
VF60_C8,COMP-Y-DENSIF-STRENGTH,Densif. strength,New_VF60.xlsx,Sheet1,EQ10,0.9048665237792123,True
VF60_C8,COMP-Y-DENSIFI-STRAIN,Densifi. strain,New_VF60.xlsx,Sheet1,ER10,0.2219455351447151,True
VF60_C8,COMP-Y-EAE,EAE,New_VF60.xlsx,Sheet1,ES10,69.58602202250324,True
VF60_C8,COMP-Y-SE,SE,New_VF60.xlsx,Sheet1,ET10,0.8185568678359162,True
VF60_C8,COMP-Y-TOTAL-ENERGY,Total energy,New_VF60.xlsx,Sheet1,EQ12,5.696732976369948,True
VF60_C8,COMP-Y-SEA,SEA,New_VF60.xlsx,Sheet1,ER12,6.956054415449274,True
VF60_C8,COMP-Y-MAX-PLATEAU-STRESS,Max. Plateau stress,New_VF60.xlsx,Sheet1,ES12,30.1930020772187,True
VF60_C9,COMP-Y-MODULUS,Modulus,New_VF60.xlsx,Sheet1,FF4,507.59,True
VF60_C9,COMP-Y-COMP-STRENGTH,Com. Strength,New_VF60.xlsx,Sheet1,FC6,44.273163743073376,True
VF60_C9,COMP-Y-COMP-STRAIN,Com. strain,New_VF60.xlsx,Sheet1,FD6,0.16799782380724362,True
VF60_C9,COMP-Y-APS,APS,New_VF60.xlsx,Sheet1,FE6,33.99488422292441,True
VF60_C9,COMP-Y-AS,AS,New_VF60.xlsx,Sheet1,FF6,29.586969541444752,True
VF60_C9,COMP-Y-YIELD-STRENGTH,Yield strength,New_VF60.xlsx,Sheet1,FC8,31.38005442498267,True
VF60_C9,COMP-Y-YIELD-STRAIN,Yield strain,New_VF60.xlsx,Sheet1,FD8,0.06379782380724362,True
VF60_C9,COMP-Y-LCC,LCC,New_VF60.xlsx,Sheet1,FE8,0.39261185727932973,True
VF60_C9,COMP-Y-EAS,EAS,New_VF60.xlsx,Sheet1,FF8,0.22541511464003994,True
VF60_C9,COMP-Y-DENSIF-STRENGTH,Densif. strength,New_VF60.xlsx,Sheet1,FC10,1.3984589472003146,True
VF60_C9,COMP-Y-DENSIFI-STRAIN,Densifi. strain,New_VF60.xlsx,Sheet1,FD10,0.2589978238072436,True
VF60_C9,COMP-Y-EAE,EAE,New_VF60.xlsx,Sheet1,FE10,66.82822513688937,True
VF60_C9,COMP-Y-SE,SE,New_VF60.xlsx,Sheet1,FF10,0.7678440244343951,True
VF60_C9,COMP-Y-TOTAL-ENERGY,Total energy,New_VF60.xlsx,Sheet1,FC12,7.662960724285392,True
VF60_C9,COMP-Y-SEA,SEA,New_VF60.xlsx,Sheet1,FD12,9.699464205206969,True
VF60_C9,COMP-Y-MAX-PLATEAU-STRESS,Max. Plateau stress,New_VF60.xlsx,Sheet1,FE12,33.99488422292441,True
VF60_C10,COMP-Y-MODULUS,Modulus,New_VF60.xlsx,Sheet1,FR4,499.97,True
VF60_C10,COMP-Y-COMP-STRENGTH,Com. Strength,New_VF60.xlsx,Sheet1,FO6,36.7473796393012,True
VF60_C10,COMP-Y-COMP-STRAIN,Com. strain,New_VF60.xlsx,Sheet1,FP6,0.1405877995674485,True
VF60_C10,COMP-Y-APS,APS,New_VF60.xlsx,Sheet1,FQ6,27.412431610653528,True
VF60_C10,COMP-Y-AS,AS,New_VF60.xlsx,Sheet1,FR6,24.211243264351292,True
VF60_C10,COMP-Y-YIELD-STRENGTH,Yield strength,New_VF60.xlsx,Sheet1,FO8,24.959604029233358,True
VF60_C10,COMP-Y-YIELD-STRAIN,Yield strain,New_VF60.xlsx,Sheet1,FP8,0.05188779956744847,True
VF60_C10,COMP-Y-LCC,LCC,New_VF60.xlsx,Sheet1,FQ8,0.42734309085983624,True
VF60_C10,COMP-Y-EAS,EAS,New_VF60.xlsx,Sheet1,FR8,0.20825280497462226,True
VF60_C10,COMP-Y-DENSIF-STRENGTH,Densif. strength,New_VF60.xlsx,Sheet1,FO10,1.228541257513667,True
VF60_C10,COMP-Y-DENSIFI-STRAIN,Densifi. strain,New_VF60.xlsx,Sheet1,FP10,0.23578779956744847,True
VF60_C10,COMP-Y-EAE,EAE,New_VF60.xlsx,Sheet1,FQ10,65.88563185184896,True
VF60_C10,COMP-Y-SE,SE,New_VF60.xlsx,Sheet1,FR10,0.7459696957912074,True
VF60_C10,COMP-Y-TOTAL-ENERGY,Total energy,New_VF60.xlsx,Sheet1,FO12,5.7087157740936,True
VF60_C10,COMP-Y-SEA,SEA,New_VF60.xlsx,Sheet1,FP12,6.588952108300902,True
VF60_C10,COMP-Y-MAX-PLATEAU-STRESS,Max. Plateau stress,New_VF60.xlsx,Sheet1,FQ12,27.412431610653528,True
VF60_C11,COMP-Y-MODULUS,Modulus,New_VF60.xlsx,Sheet1,GD4,481.48,True
VF60_C11,COMP-Y-COMP-STRENGTH,Com. Strength,New_VF60.xlsx,Sheet1,GA6,116.26447603956068,True
VF60_C11,COMP-Y-COMP-STRAIN,Com. strain,New_VF60.xlsx,Sheet1,GB6,0.848576376188264,True
VF60_C11,COMP-Y-APS,APS,New_VF60.xlsx,Sheet1,GC6,25.32073014163154,True
VF60_C11,COMP-Y-AS,AS,New_VF60.xlsx,Sheet1,GD6,21.84942497526103,True
VF60_C11,COMP-Y-YIELD-STRENGTH,Yield strength,New_VF60.xlsx,Sheet1,GA8,25.478529463526577,True
VF60_C11,COMP-Y-YIELD-STRAIN,Yield strain,New_VF60.xlsx,Sheet1,GB8,0.05490970952159721,True
VF60_C11,COMP-Y-LCC,LCC,New_VF60.xlsx,Sheet1,GC8,0.32341550694644944,True
VF60_C11,COMP-Y-EAS,EAS,New_VF60.xlsx,Sheet1,GD8,0.16864909020827995,True
VF60_C11,COMP-Y-DENSIF-STRENGTH,Densif. strength,New_VF60.xlsx,Sheet1,GA10,0.9301158083164853,True
VF60_C11,COMP-Y-DENSIFI-STRAIN,Densifi. strain,New_VF60.xlsx,Sheet1,GB10,0.19544304285493053,True
VF60_C11,COMP-Y-EAE,EAE,New_VF60.xlsx,Sheet1,GC10,18.792864097049254,True
VF60_C11,COMP-Y-SE,SE,New_VF60.xlsx,Sheet1,GD10,0.21778561263214907,True
VF60_C11,COMP-Y-TOTAL-ENERGY,Total energy,New_VF60.xlsx,Sheet1,GA12,4.270318101795531,True
VF60_C11,COMP-Y-SEA,SEA,New_VF60.xlsx,Sheet1,GB12,5.264104495738329,True
VF60_C11,COMP-Y-MAX-PLATEAU-STRESS,Max. Plateau stress,New_VF60.xlsx,Sheet1,GC12,25.32073014163154,True
VF60_C12,COMP-Y-MODULUS,Modulus,New_VF60.xlsx,Sheet1,GP4,579.5,True
VF60_C12,COMP-Y-COMP-STRENGTH,Com. Strength,New_VF60.xlsx,Sheet1,GM6,37.01274673412934,True
VF60_C12,COMP-Y-COMP-STRAIN,Com. strain,New_VF60.xlsx,Sheet1,GN6,0.10452482253143547,True
VF60_C12,COMP-Y-APS,APS,New_VF60.xlsx,Sheet1,GO6,26.35676937477571,True
VF60_C12,COMP-Y-AS,AS,New_VF60.xlsx,Sheet1,GP6,24.094490179905613,True
VF60_C12,COMP-Y-YIELD-STRENGTH,Yield strength,New_VF60.xlsx,Sheet1,GM8,26.522670460074067,True
VF60_C12,COMP-Y-YIELD-STRAIN,Yield strain,New_VF60.xlsx,Sheet1,GN8,0.047758155864768795,True
VF60_C12,COMP-Y-LCC,LCC,New_VF60.xlsx,Sheet1,GO8,0.4074656000686236,True
VF60_C12,COMP-Y-EAS,EAS,New_VF60.xlsx,Sheet1,GP8,0.24441001738120513,True
VF60_C12,COMP-Y-DENSIF-STRENGTH,Densif. strength,New_VF60.xlsx,Sheet1,GM10,4.415226133259083,True
VF60_C12,COMP-Y-DENSIFI-STRAIN,Densifi. strain,New_VF60.xlsx,Sheet1,GN10,0.2673581558647688,True
VF60_C12,COMP-Y-EAE,EAE,New_VF60.xlsx,Sheet1,GO10,65.09781711954969,True
VF60_C12,COMP-Y-SE,SE,New_VF60.xlsx,Sheet1,GP10,0.7120997953516435,True
VF60_C12,COMP-Y-TOTAL-ENERGY,Total energy,New_VF60.xlsx,Sheet1,GM12,6.441858461001346,True
VF60_C12,COMP-Y-SEA,SEA,New_VF60.xlsx,Sheet1,GN12,7.485663442534781,True
VF60_C12,COMP-Y-MAX-PLATEAU-STRESS,Max. Plateau stress,New_VF60.xlsx,Sheet1,GO12,26.35676937477571,True
VF60_C13,COMP-Y-MODULUS,Modulus,New_VF60.xlsx,Sheet1,HB4,478.43,True
VF60_C13,COMP-Y-COMP-STRENGTH,Com. Strength,New_VF60.xlsx,Sheet1,GY6,38.8268219912636,True
VF60_C13,COMP-Y-COMP-STRAIN,Com. strain,New_VF60.xlsx,Sheet1,GZ6,0.16099924896711654,True
VF60_C13,COMP-Y-APS,APS,New_VF60.xlsx,Sheet1,HA6,33.30767221887673,True
VF60_C13,COMP-Y-AS,AS,New_VF60.xlsx,Sheet1,HB6,28.835305481049062,True
VF60_C13,COMP-Y-YIELD-STRENGTH,Yield strength,New_VF60.xlsx,Sheet1,GY8,26.190698695365914,True
VF60_C13,COMP-Y-YIELD-STRAIN,Yield strain,New_VF60.xlsx,Sheet1,GZ8,0.05673258230044985,True
VF60_C13,COMP-Y-LCC,LCC,New_VF60.xlsx,Sheet1,HA8,0.2873909712005082,True
VF60_C13,COMP-Y-EAS,EAS,New_VF60.xlsx,Sheet1,HB8,0.2179890631849863,True
VF60_C13,COMP-Y-DENSIF-STRENGTH,Densif. strength,New_VF60.xlsx,Sheet1,GY10,2.60721887465181,True
VF60_C13,COMP-Y-DENSIFI-STRAIN,Densifi. strain,New_VF60.xlsx,Sheet1,GZ10,0.25179924896711653,True
VF60_C13,COMP-Y-EAE,EAE,New_VF60.xlsx,Sheet1,HA10,74.26645808801266,True
VF60_C13,COMP-Y-SE,SE,New_VF60.xlsx,Sheet1,HB10,0.857852137019385,True
VF60_C13,COMP-Y-TOTAL-ENERGY,Total energy,New_VF60.xlsx,Sheet1,GY12,7.260708263865532,True
VF60_C13,COMP-Y-SEA,SEA,New_VF60.xlsx,Sheet1,GZ12,7.982870541133168,True
VF60_C13,COMP-Y-MAX-PLATEAU-STRESS,Max. Plateau stress,New_VF60.xlsx,Sheet1,HA12,33.30767221887673,True
VF60_C14,COMP-Y-MODULUS,Modulus,New_VF60.xlsx,Sheet1,HN4,540.24,True
VF60_C14,COMP-Y-COMP-STRENGTH,Com. Strength,New_VF60.xlsx,Sheet1,HK6,39.75155854137305,True
VF60_C14,COMP-Y-COMP-STRAIN,Com. strain,New_VF60.xlsx,Sheet1,HL6,0.1886774510589396,True
VF60_C14,COMP-Y-APS,APS,New_VF60.xlsx,Sheet1,HM6,23.693366373617714,True
VF60_C14,COMP-Y-AS,AS,New_VF60.xlsx,Sheet1,HN6,22.356798255269467,True
VF60_C14,COMP-Y-YIELD-STRENGTH,Yield strength,New_VF60.xlsx,Sheet1,HK8,25.15050530790718,True
VF60_C14,COMP-Y-YIELD-STRAIN,Yield strain,New_VF60.xlsx,Sheet1,HL8,0.048544117725606274,True
VF60_C14,COMP-Y-LCC,LCC,New_VF60.xlsx,Sheet1,HM8,0.5758793203135893,True
VF60_C14,COMP-Y-EAS,EAS,New_VF60.xlsx,Sheet1,HN8,0.3671920821645495,True
VF60_C14,COMP-Y-DENSIF-STRENGTH,Densif. strength,New_VF60.xlsx,Sheet1,HK10,3.271859049174551,True
VF60_C14,COMP-Y-DENSIFI-STRAIN,Densifi. strain,New_VF60.xlsx,Sheet1,HL10,0.38914411772560625,True
VF60_C14,COMP-Y-EAE,EAE,New_VF60.xlsx,Sheet1,HM10,56.241312480869695,True
VF60_C14,COMP-Y-SE,SE,New_VF60.xlsx,Sheet1,HN10,0.5960361616754694,True
VF60_C14,COMP-Y-TOTAL-ENERGY,Total energy,New_VF60.xlsx,Sheet1,HK12,8.70001653221621,True
VF60_C14,COMP-Y-SEA,SEA,New_VF60.xlsx,Sheet1,HL12,9.872250489169238,True
VF60_C14,COMP-Y-MAX-PLATEAU-STRESS,Max. Plateau stress,New_VF60.xlsx,Sheet1,HM12,23.693366373617714,True
VF60_F1,COMP-Y-MODULUS,Modulus,New_VF60.xlsx,Sheet1,HZ4,604.05,True
VF60_F1,COMP-Y-COMP-STRENGTH,Com. Strength,New_VF60.xlsx,Sheet1,HW6,39.0185600069979,True
VF60_F1,COMP-Y-COMP-STRAIN,Com. strain,New_VF60.xlsx,Sheet1,HX6,0.09323655687417608,True
VF60_F1,COMP-Y-APS,APS,New_VF60.xlsx,Sheet1,HY6,12.398936291347779,True
VF60_F1,COMP-Y-AS,AS,New_VF60.xlsx,Sheet1,HZ6,13.357625368248105,True
VF60_F1,COMP-Y-YIELD-STRENGTH,Yield strength,New_VF60.xlsx,Sheet1,HW8,32.801047935619316,True
VF60_F1,COMP-Y-YIELD-STRAIN,Yield strain,New_VF60.xlsx,Sheet1,HX8,0.05626989020750939,True
VF60_F1,COMP-Y-LCC,LCC,New_VF60.xlsx,Sheet1,HY8,0.911268192294676,True
VF60_F1,COMP-Y-EAS,EAS,New_VF60.xlsx,Sheet1,HZ8,0.2818663655689845,True
VF60_F1,COMP-Y-DENSIF-STRENGTH,Densif. strength,New_VF60.xlsx,Sheet1,HW10,0.6527571728481456,True
VF60_F1,COMP-Y-DENSIFI-STRAIN,Densifi. strain,New_VF60.xlsx,Sheet1,HX10,0.26163655687417603,True
VF60_F1,COMP-Y-EAE,EAE,New_VF60.xlsx,Sheet1,HY10,34.23402956401374,True
VF60_F1,COMP-Y-SE,SE,New_VF60.xlsx,Sheet1,HZ10,0.3177702172792654,True
VF60_F1,COMP-Y-TOTAL-ENERGY,Total energy,New_VF60.xlsx,Sheet1,HW12,3.4948431093635817,True
VF60_F1,COMP-Y-SEA,SEA,New_VF60.xlsx,Sheet1,HX12,4.232866983941465,True
VF60_F1,COMP-Y-MAX-PLATEAU-STRESS,Max. Plateau stress,New_VF60.xlsx,Sheet1,HY12,12.398936291347779,True
VF60_F2,COMP-Y-MODULUS,Modulus,New_VF60.xlsx,Sheet1,IL4,488.67,True
VF60_F2,COMP-Y-COMP-STRENGTH,Com. Strength,New_VF60.xlsx,Sheet1,II6,28.241822858091176,True
VF60_F2,COMP-Y-COMP-STRAIN,Com. strain,New_VF60.xlsx,Sheet1,IJ6,0.07308881316360727,True
VF60_F2,COMP-Y-APS,APS,New_VF60.xlsx,Sheet1,IK6,21.469664884684093,True
VF60_F2,COMP-Y-AS,AS,New_VF60.xlsx,Sheet1,IL6,17.660011251890428,True
VF60_F2,COMP-Y-YIELD-STRENGTH,Yield strength,New_VF60.xlsx,Sheet1,II8,24.136036957003167,True
VF60_F2,COMP-Y-YIELD-STRAIN,Yield strain,New_VF60.xlsx,Sheet1,IJ8,0.051388813163607265,True
VF60_F2,COMP-Y-LCC,LCC,New_VF60.xlsx,Sheet1,IK8,0.46597323043076844,True
VF60_F2,COMP-Y-EAS,EAS,New_VF60.xlsx,Sheet1,IL8,0.10020559190936205,True
VF60_F2,COMP-Y-DENSIF-STRENGTH,Densif. strength,New_VF60.xlsx,Sheet1,II10,7.047988753284672,True
VF60_F2,COMP-Y-DENSIFI-STRAIN,Densifi. strain,New_VF60.xlsx,Sheet1,IJ10,0.12182214649694059,True
VF60_F2,COMP-Y-EAE,EAE,New_VF60.xlsx,Sheet1,IK10,62.53141428096912,True
VF60_F2,COMP-Y-SE,SE,New_VF60.xlsx,Sheet1,IL10,0.760208184597869,True
VF60_F2,COMP-Y-TOTAL-ENERGY,Total energy,New_VF60.xlsx,Sheet1,II12,2.151380477865415,True
VF60_F2,COMP-Y-SEA,SEA,New_VF60.xlsx,Sheet1,IJ12,2.654188998859439,True
VF60_F2,COMP-Y-MAX-PLATEAU-STRESS,Max. Plateau stress,New_VF60.xlsx,Sheet1,IK12,21.469664884684093,True
VF60_L1,COMP-Y-MODULUS,Modulus,New_VF60.xlsx,Sheet1,IX4,464.48,True
VF60_L1,COMP-Y-COMP-STRENGTH,Com. Strength,New_VF60.xlsx,Sheet1,IU6,26.37308721548738,True
VF60_L1,COMP-Y-COMP-STRAIN,Com. strain,New_VF60.xlsx,Sheet1,IV6,0.07105902857508599,True
VF60_L1,COMP-Y-APS,APS,New_VF60.xlsx,Sheet1,IW6,19.760233162081104,True
VF60_L1,COMP-Y-AS,AS,New_VF60.xlsx,Sheet1,IX6,16.140287000565877,True
VF60_L1,COMP-Y-YIELD-STRENGTH,Yield strength,New_VF60.xlsx,Sheet1,IU8,21.684538377178512,True
VF60_L1,COMP-Y-YIELD-STRAIN,Yield strain,New_VF60.xlsx,Sheet1,IV8,0.048659028575085986,True
VF60_L1,COMP-Y-LCC,LCC,New_VF60.xlsx,Sheet1,IW8,0.4034712853573066,True
VF60_L1,COMP-Y-EAS,EAS,New_VF60.xlsx,Sheet1,IX8,0.09433491256328827,True
VF60_L1,COMP-Y-DENSIF-STRENGTH,Densif. strength,New_VF60.xlsx,Sheet1,IU10,0.43536524927153764,True
VF60_L1,COMP-Y-DENSIFI-STRAIN,Densifi. strain,New_VF60.xlsx,Sheet1,IV10,0.11549236190841933,True
VF60_L1,COMP-Y-EAE,EAE,New_VF60.xlsx,Sheet1,IW10,61.199839323655766,True
VF60_L1,COMP-Y-SE,SE,New_VF60.xlsx,Sheet1,IX10,0.749257491192653,True
VF60_L1,COMP-Y-TOTAL-ENERGY,Total energy,New_VF60.xlsx,Sheet1,IU12,1.8640798675751102,True
VF60_L1,COMP-Y-SEA,SEA,New_VF60.xlsx,Sheet1,IV12,2.31664882107512,True
VF60_L1,COMP-Y-MAX-PLATEAU-STRESS,Max. Plateau stress,New_VF60.xlsx,Sheet1,IW12,19.760233162081104,True
VF60_L2,COMP-Y-MODULUS,Modulus,New_VF60.xlsx,Sheet1,JJ4,544.05,True
VF60_L2,COMP-Y-COMP-STRENGTH,Com. Strength,New_VF60.xlsx,Sheet1,JG6,31.35203686686107,True
VF60_L2,COMP-Y-COMP-STRAIN,Com. strain,New_VF60.xlsx,Sheet1,JH6,0.07481696596299223,True
VF60_L2,COMP-Y-APS,APS,New_VF60.xlsx,Sheet1,JI6,25.078457426446025,True
VF60_L2,COMP-Y-AS,AS,New_VF60.xlsx,Sheet1,JJ6,19.571364697374833,True
VF60_L2,COMP-Y-YIELD-STRENGTH,Yield strength,New_VF60.xlsx,Sheet1,JG8,26.26656193610149,True
VF60_L2,COMP-Y-YIELD-STRAIN,Yield strain,New_VF60.xlsx,Sheet1,JH8,0.050250299296325567,True
VF60_L2,COMP-Y-LCC,LCC,New_VF60.xlsx,Sheet1,JI8,0.46383788910226287,True
VF60_L2,COMP-Y-EAS,EAS,New_VF60.xlsx,Sheet1,JJ8,0.08224196059021764,True
VF60_L2,COMP-Y-DENSIF-STRENGTH,Densif. strength,New_VF60.xlsx,Sheet1,JG10,7.284145610394917,True
VF60_L2,COMP-Y-DENSIFI-STRAIN,Densifi. strain,New_VF60.xlsx,Sheet1,JH10,0.10538363262965891,True
VF60_L2,COMP-Y-EAE,EAE,New_VF60.xlsx,Sheet1,JI10,62.42453968935479,True
VF60_L2,COMP-Y-SE,SE,New_VF60.xlsx,Sheet1,JJ10,0.7998988242117633,True
VF60_L2,COMP-Y-TOTAL-ENERGY,Total energy,New_VF60.xlsx,Sheet1,JG12,2.062501507329225,True
VF60_L2,COMP-Y-SEA,SEA,New_VF60.xlsx,Sheet1,JH12,2.569203112275005,True
VF60_L2,COMP-Y-MAX-PLATEAU-STRESS,Max. Plateau stress,New_VF60.xlsx,Sheet1,JI12,25.078457426446025,True
VF60_L3,COMP-Y-MODULUS,Modulus,New_VF60.xlsx,Sheet1,JV4,322.67,True
VF60_L3,COMP-Y-COMP-STRENGTH,Com. Strength,New_VF60.xlsx,Sheet1,JS6,25.707674853809113,True
VF60_L3,COMP-Y-COMP-STRAIN,Com. strain,New_VF60.xlsx,Sheet1,JT6,0.1316717599694398,True
VF60_L3,COMP-Y-APS,APS,New_VF60.xlsx,Sheet1,JU6,15.134070197813049,True
VF60_L3,COMP-Y-AS,AS,New_VF60.xlsx,Sheet1,JV6,14.334871337566241,True
VF60_L3,COMP-Y-YIELD-STRENGTH,Yield strength,New_VF60.xlsx,Sheet1,JS8,18.406519616443862,True
VF60_L3,COMP-Y-YIELD-STRAIN,Yield strain,New_VF60.xlsx,Sheet1,JT8,0.05900509330277315,True
VF60_L3,COMP-Y-LCC,LCC,New_VF60.xlsx,Sheet1,JU8,0.4128365207866624,True
VF60_L3,COMP-Y-EAS,EAS,New_VF60.xlsx,Sheet1,JV8,0.3963099880654949,True
VF60_L3,COMP-Y-DENSIF-STRENGTH,Densif. strength,New_VF60.xlsx,Sheet1,JS10,2.6922095464432996,True
VF60_L3,COMP-Y-DENSIFI-STRAIN,Densifi. strain,New_VF60.xlsx,Sheet1,JT10,0.41840509330277315,True
VF60_L3,COMP-Y-EAE,EAE,New_VF60.xlsx,Sheet1,JU10,55.7610574238387,True
VF60_L3,COMP-Y-SE,SE,New_VF60.xlsx,Sheet1,JV10,0.5886985222847032,True
VF60_L3,COMP-Y-TOTAL-ENERGY,Total energy,New_VF60.xlsx,Sheet1,JS12,5.9977831794776515,True
VF60_L3,COMP-Y-SEA,SEA,New_VF60.xlsx,Sheet1,JT12,6.513239895140925,True
VF60_L3,COMP-Y-MAX-PLATEAU-STRESS,Max. Plateau stress,New_VF60.xlsx,Sheet1,JU12,15.134070197813049,True
VF60_L4,COMP-Y-MODULUS,Modulus,New_VF60.xlsx,Sheet1,KH4,563.29,True
VF60_L4,COMP-Y-COMP-STRENGTH,Com. Strength,New_VF60.xlsx,Sheet1,KE6,43.57303934516498,True
VF60_L4,COMP-Y-COMP-STRAIN,Com. strain,New_VF60.xlsx,Sheet1,KF6,0.7759537304345977,True
VF60_L4,COMP-Y-APS,APS,New_VF60.xlsx,Sheet1,KG6,30.506727071020528,True
VF60_L4,COMP-Y-AS,AS,New_VF60.xlsx,Sheet1,KH6,27.179381196981527,True
VF60_L4,COMP-Y-YIELD-STRENGTH,Yield strength,New_VF60.xlsx,Sheet1,KE8,28.49133765692588,True
VF60_L4,COMP-Y-YIELD-STRAIN,Yield strain,New_VF60.xlsx,Sheet1,KF8,0.05255373043459762,True
VF60_L4,COMP-Y-LCC,LCC,New_VF60.xlsx,Sheet1,KG8,0.3791012124675481,True
VF60_L4,COMP-Y-EAS,EAS,New_VF60.xlsx,Sheet1,KH8,0.22289934809695228,True
VF60_L4,COMP-Y-DENSIF-STRENGTH,Densif. strength,New_VF60.xlsx,Sheet1,KE10,0.8774206251116048,True
VF60_L4,COMP-Y-DENSIFI-STRAIN,Densifi. strain,New_VF60.xlsx,Sheet1,KF10,0.250187063767931,True
VF60_L4,COMP-Y-EAE,EAE,New_VF60.xlsx,Sheet1,KG10,62.37660169096616,True
VF60_L4,COMP-Y-SE,SE,New_VF60.xlsx,Sheet1,KH10,0.7001285090388275,True
VF60_L4,COMP-Y-TOTAL-ENERGY,Total energy,New_VF60.xlsx,Sheet1,KE12,6.799929576702122,True
VF60_L4,COMP-Y-SEA,SEA,New_VF60.xlsx,Sheet1,KF12,8.355100147245235,True
VF60_L4,COMP-Y-MAX-PLATEAU-STRESS,Max. Plateau stress,New_VF60.xlsx,Sheet1,KG12,30.506727071020528,True
VF60_L5,COMP-Y-MODULUS,Modulus,New_VF60.xlsx,Sheet1,KT4,684.36,True
VF60_L5,COMP-Y-COMP-STRENGTH,Com. Strength,New_VF60.xlsx,Sheet1,KQ6,51.562688330672735,True
VF60_L5,COMP-Y-COMP-STRAIN,Com. strain,New_VF60.xlsx,Sheet1,KR6,0.12933156133175355,True
VF60_L5,COMP-Y-APS,APS,New_VF60.xlsx,Sheet1,KS6,39.14901117350138,True
VF60_L5,COMP-Y-AS,AS,New_VF60.xlsx,Sheet1,KT6,35.31987449821621,True
VF60_L5,COMP-Y-YIELD-STRENGTH,Yield strength,New_VF60.xlsx,Sheet1,KQ8,26.666962858038772,True
VF60_L5,COMP-Y-YIELD-STRAIN,Yield strain,New_VF60.xlsx,Sheet1,KR8,0.04096489466508688,True
VF60_L5,COMP-Y-LCC,LCC,New_VF60.xlsx,Sheet1,KS8,0.3665454346311893,True
VF60_L5,COMP-Y-EAS,EAS,New_VF60.xlsx,Sheet1,KT8,0.24707836594313035,True
VF60_L5,COMP-Y-DENSIF-STRENGTH,Densif. strength,New_VF60.xlsx,Sheet1,KQ10,1.6564349622767007,True
VF60_L5,COMP-Y-DENSIFI-STRAIN,Densifi. strain,New_VF60.xlsx,Sheet1,KR10,0.2738648946650869,True
VF60_L5,COMP-Y-EAE,EAE,New_VF60.xlsx,Sheet1,KS10,68.49890035156628,True
VF60_L5,COMP-Y-SE,SE,New_VF60.xlsx,Sheet1,KT10,0.7592507768880833,True
VF60_L5,COMP-Y-TOTAL-ENERGY,Total energy,New_VF60.xlsx,Sheet1,KQ12,9.672873709038072,True
VF60_L5,COMP-Y-SEA,SEA,New_VF60.xlsx,Sheet1,KR12,11.773993938880436,True
VF60_L5,COMP-Y-MAX-PLATEAU-STRESS,Max. Plateau stress,New_VF60.xlsx,Sheet1,KS12,39.14901117350138,True
VF60_L6,COMP-Y-MODULUS,Modulus,New_VF60.xlsx,Sheet1,LF4,601.45,True
VF60_L6,COMP-Y-COMP-STRENGTH,Com. Strength,New_VF60.xlsx,Sheet1,LC6,39.74351014782067,True
VF60_L6,COMP-Y-COMP-STRAIN,Com. strain,New_VF60.xlsx,Sheet1,LD6,0.12467086211711763,True
VF60_L6,COMP-Y-APS,APS,New_VF60.xlsx,Sheet1,LE6,21.37196604753859,True
VF60_L6,COMP-Y-AS,AS,New_VF60.xlsx,Sheet1,LF6,20.264085028610054,True
VF60_L6,COMP-Y-YIELD-STRENGTH,Yield strength,New_VF60.xlsx,Sheet1,LC8,28.998849665006222,True
VF60_L6,COMP-Y-YIELD-STRAIN,Yield strain,New_VF60.xlsx,Sheet1,LD8,0.050204195450450954,True
VF60_L6,COMP-Y-LCC,LCC,New_VF60.xlsx,Sheet1,LE8,0.6611831186543825,True
VF60_L6,COMP-Y-EAS,EAS,New_VF60.xlsx,Sheet1,LF8,0.2762983705461073,True
VF60_L6,COMP-Y-DENSIF-STRENGTH,Densif. strength,New_VF60.xlsx,Sheet1,LC10,1.8773821748443336,True
VF60_L6,COMP-Y-DENSIFI-STRAIN,Densifi. strain,New_VF60.xlsx,Sheet1,LD10,0.29140419545045093,True
VF60_L6,COMP-Y-EAE,EAE,New_VF60.xlsx,Sheet1,LE10,50.987154766251145,True
VF60_L6,COMP-Y-SE,SE,New_VF60.xlsx,Sheet1,LF10,0.537747319450356,True
VF60_L6,COMP-Y-TOTAL-ENERGY,Total energy,New_VF60.xlsx,Sheet1,LC12,5.905039394301641,True
VF60_L6,COMP-Y-SEA,SEA,New_VF60.xlsx,Sheet1,LD12,7.3463690596604465,True
VF60_L6,COMP-Y-MAX-PLATEAU-STRESS,Max. Plateau stress,New_VF60.xlsx,Sheet1,LE12,21.37196604753859,True
VF60_L7,COMP-Y-MODULUS,Modulus,New_VF60.xlsx,Sheet1,LR4,730.41,True
VF60_L7,COMP-Y-COMP-STRENGTH,Com. Strength,New_VF60.xlsx,Sheet1,LO6,52.30557164896237,True
VF60_L7,COMP-Y-COMP-STRAIN,Com. strain,New_VF60.xlsx,Sheet1,LP6,0.20821612345829144,True
VF60_L7,COMP-Y-APS,APS,New_VF60.xlsx,Sheet1,LQ6,39.46093716869042,True
VF60_L7,COMP-Y-AS,AS,New_VF60.xlsx,Sheet1,LR6,36.41626043269548,True
VF60_L7,COMP-Y-YIELD-STRENGTH,Yield strength,New_VF60.xlsx,Sheet1,LO8,38.146828618295984,True
VF60_L7,COMP-Y-YIELD-STRAIN,Yield strain,New_VF60.xlsx,Sheet1,LP8,0.054216123458291424,True
VF60_L7,COMP-Y-LCC,LCC,New_VF60.xlsx,Sheet1,LQ8,0.34933788494670825,True
VF60_L7,COMP-Y-EAS,EAS,New_VF60.xlsx,Sheet1,LR8,0.32593236218782223,True
VF60_L7,COMP-Y-DENSIF-STRENGTH,Densif. strength,New_VF60.xlsx,Sheet1,LO10,4.409574556549557,True
VF60_L7,COMP-Y-DENSIFI-STRAIN,Densifi. strain,New_VF60.xlsx,Sheet1,LP10,0.35318279012495807,True
VF60_L7,COMP-Y-EAE,EAE,New_VF60.xlsx,Sheet1,LQ10,69.62214403676802,True
VF60_L7,COMP-Y-SE,SE,New_VF60.xlsx,Sheet1,LR10,0.7544308555410509,True
VF60_L7,COMP-Y-TOTAL-ENERGY,Total energy,New_VF60.xlsx,Sheet1,LO12,12.861596465536502,True
VF60_L7,COMP-Y-SEA,SEA,New_VF60.xlsx,Sheet1,LP12,15.30643850925117,True
VF60_L7,COMP-Y-MAX-PLATEAU-STRESS,Max. Plateau stress,New_VF60.xlsx,Sheet1,LQ12,39.46093716869042,True
VF60_L8,COMP-Y-MODULUS,Modulus,New_VF60.xlsx,Sheet1,MD4,717.39,True
VF60_L8,COMP-Y-COMP-STRENGTH,Com. Strength,New_VF60.xlsx,Sheet1,MA6,48.77715708838451,True
VF60_L8,COMP-Y-COMP-STRAIN,Com. strain,New_VF60.xlsx,Sheet1,MB6,0.12374783314889728,True
VF60_L8,COMP-Y-APS,APS,New_VF60.xlsx,Sheet1,MC6,35.21395382593506,True
VF60_L8,COMP-Y-AS,AS,New_VF60.xlsx,Sheet1,MD6,31.583771156126453,True
VF60_L8,COMP-Y-YIELD-STRENGTH,Yield strength,New_VF60.xlsx,Sheet1,MA8,42.239838625416226,True
VF60_L8,COMP-Y-YIELD-STRAIN,Yield strain,New_VF60.xlsx,Sheet1,MB8,0.06088116648223061,True
VF60_L8,COMP-Y-LCC,LCC,New_VF60.xlsx,Sheet1,MC8,0.4434085489653853,True
VF60_L8,COMP-Y-EAS,EAS,New_VF60.xlsx,Sheet1,MD8,0.20253543584353664,True
VF60_L8,COMP-Y-DENSIF-STRENGTH,Densif. strength,New_VF60.xlsx,Sheet1,MA10,4.414374838396111,True
VF60_L8,COMP-Y-DENSIFI-STRAIN,Densifi. strain,New_VF60.xlsx,Sheet1,MB10,0.22581449981556395,True
VF60_L8,COMP-Y-EAE,EAE,New_VF60.xlsx,Sheet1,MC10,64.75115205852703,True
VF60_L8,COMP-Y-SE,SE,New_VF60.xlsx,Sheet1,MD10,0.7219353469519996,True
VF60_L8,COMP-Y-TOTAL-ENERGY,Total energy,New_VF60.xlsx,Sheet1,MA12,7.132073485909931,True
VF60_L8,COMP-Y-SEA,SEA,New_VF60.xlsx,Sheet1,MB12,8.918647541301857,True
VF60_L8,COMP-Y-MAX-PLATEAU-STRESS,Max. Plateau stress,New_VF60.xlsx,Sheet1,MC12,35.21395382593506,True
VF60_L9,COMP-Y-MODULUS,Modulus,New_VF60.xlsx,Sheet1,MP4,805.6,True
VF60_L9,COMP-Y-COMP-STRENGTH,Com. Strength,New_VF60.xlsx,Sheet1,MM6,68.32835123327199,True
VF60_L9,COMP-Y-COMP-STRAIN,Com. strain,New_VF60.xlsx,Sheet1,MN6,0.20640296965874985,True
VF60_L9,COMP-Y-APS,APS,New_VF60.xlsx,Sheet1,MO6,55.04596820670488,True
VF60_L9,COMP-Y-AS,AS,New_VF60.xlsx,Sheet1,MP6,49.593189470918944,True
VF60_L9,COMP-Y-YIELD-STRENGTH,Yield strength,New_VF60.xlsx,Sheet1,MM8,44.50072352387604,True
VF60_L9,COMP-Y-YIELD-STRAIN,Yield strain,New_VF60.xlsx,Sheet1,MN8,0.057236302992083175,True
VF60_L9,COMP-Y-LCC,LCC,New_VF60.xlsx,Sheet1,MO8,0.2766472888218366,True
VF60_L9,COMP-Y-EAS,EAS,New_VF60.xlsx,Sheet1,MP8,0.3041304473208707,True
VF60_L9,COMP-Y-DENSIF-STRENGTH,Densif. strength,New_VF60.xlsx,Sheet1,MM10,4.463960228654529,True
VF60_L9,COMP-Y-DENSIFI-STRAIN,Densifi. strain,New_VF60.xlsx,Sheet1,MN10,0.3375696363254165,True
VF60_L9,COMP-Y-EAE,EAE,New_VF60.xlsx,Sheet1,MO10,72.58069099546765,True
VF60_L9,COMP-Y-SE,SE,New_VF60.xlsx,Sheet1,MP10,0.8056094902506684,True
VF60_L9,COMP-Y-TOTAL-ENERGY,Total energy,New_VF60.xlsx,Sheet1,MM12,16.74115493391558,True
VF60_L9,COMP-Y-SEA,SEA,New_VF60.xlsx,Sheet1,MN12,24.651224096690147,True
VF60_L9,COMP-Y-MAX-PLATEAU-STRESS,Max. Plateau stress,New_VF60.xlsx,Sheet1,MO12,55.04596820670488,True
VF60_L10,COMP-Y-MODULUS,Modulus,New_VF60.xlsx,Sheet1,NB4,694.21,True
VF60_L10,COMP-Y-COMP-STRENGTH,Com. Strength,New_VF60.xlsx,Sheet1,MY6,54.50889852730056,True
VF60_L10,COMP-Y-COMP-STRAIN,Com. strain,New_VF60.xlsx,Sheet1,MZ6,0.15252754479871275,True
VF60_L10,COMP-Y-APS,APS,New_VF60.xlsx,Sheet1,NA6,43.897097970553695,True
VF60_L10,COMP-Y-AS,AS,New_VF60.xlsx,Sheet1,NB6,39.31470308014201,True
VF60_L10,COMP-Y-YIELD-STRENGTH,Yield strength,New_VF60.xlsx,Sheet1,MY8,38.73728829351308,True
VF60_L10,COMP-Y-YIELD-STRAIN,Yield strain,New_VF60.xlsx,Sheet1,MZ8,0.05779421146537943,True
VF60_L10,COMP-Y-LCC,LCC,New_VF60.xlsx,Sheet1,NA8,0.3012065095694025,True
VF60_L10,COMP-Y-EAS,EAS,New_VF60.xlsx,Sheet1,NB8,0.2707378782665606,True
VF60_L10,COMP-Y-DENSIF-STRENGTH,Densif. strength,New_VF60.xlsx,Sheet1,MY10,11.24073097802835,True
VF60_L10,COMP-Y-DENSIFI-STRAIN,Densifi. strain,New_VF60.xlsx,Sheet1,MZ10,0.3022942114653794,True
VF60_L10,COMP-Y-EAE,EAE,New_VF60.xlsx,Sheet1,NA10,72.12529356184184,True
VF60_L10,COMP-Y-SE,SE,New_VF60.xlsx,Sheet1,NB10,0.8053198497226652,True
VF60_L10,COMP-Y-TOTAL-ENERGY,Total energy,New_VF60.xlsx,Sheet1,MY12,11.88460716660705,True
VF60_L10,COMP-Y-SEA,SEA,New_VF60.xlsx,Sheet1,MZ12,15.253914371340374,True
VF60_L10,COMP-Y-MAX-PLATEAU-STRESS,Max. Plateau stress,New_VF60.xlsx,Sheet1,NA12,43.897097970553695,True
VF60_L11,COMP-Y-MODULUS,Modulus,New_VF60.xlsx,Sheet1,NN4,146.81,True
VF60_L11,COMP-Y-COMP-STRENGTH,Com. Strength,New_VF60.xlsx,Sheet1,NK6,13.615259407275762,True
VF60_L11,COMP-Y-COMP-STRAIN,Com. strain,New_VF60.xlsx,Sheet1,NL6,0.7357244096614509,True
VF60_L11,COMP-Y-APS,APS,New_VF60.xlsx,Sheet1,NM6,5.5441706338795,True
VF60_L11,COMP-Y-AS,AS,New_VF60.xlsx,Sheet1,NN6,5.347049797081419,True
VF60_L11,COMP-Y-YIELD-STRENGTH,Yield strength,New_VF60.xlsx,Sheet1,NK8,7.0694616153162615,True
VF60_L11,COMP-Y-YIELD-STRAIN,Yield strain,New_VF60.xlsx,Sheet1,NL8,0.05012440966145092,True
VF60_L11,COMP-Y-LCC,LCC,New_VF60.xlsx,Sheet1,NM8,0.4769002153649511,True
VF60_L11,COMP-Y-EAS,EAS,New_VF60.xlsx,Sheet1,NN8,0.46318236519176625,True
VF60_L11,COMP-Y-DENSIF-STRENGTH,Densif. strength,New_VF60.xlsx,Sheet1,NK10,1.6691784369496727,True
VF60_L11,COMP-Y-DENSIFI-STRAIN,Densifi. strain,New_VF60.xlsx,Sheet1,NL10,0.4802577429947842,True
VF60_L11,COMP-Y-EAE,EAE,New_VF60.xlsx,Sheet1,NM10,39.27247830639236,True
VF60_L11,COMP-Y-SE,SE,New_VF60.xlsx,Sheet1,NN10,0.407202717776849,True
VF60_L11,COMP-Y-TOTAL-ENERGY,Total energy,New_VF60.xlsx,Sheet1,NK12,2.567962067227041,True
VF60_L11,COMP-Y-SEA,SEA,New_VF60.xlsx,Sheet1,NL12,3.118936075673202,True
VF60_L11,COMP-Y-MAX-PLATEAU-STRESS,Max. Plateau stress,New_VF60.xlsx,Sheet1,NM12,5.5441706338795,True
VF60_L12,COMP-Y-MODULUS,Modulus,New_VF60.xlsx,Sheet1,NZ4,539.11,True
VF60_L12,COMP-Y-COMP-STRENGTH,Com. Strength,New_VF60.xlsx,Sheet1,NW6,46.39105295748547,True
VF60_L12,COMP-Y-COMP-STRAIN,Com. strain,New_VF60.xlsx,Sheet1,NX6,0.19699495887908558,True
VF60_L12,COMP-Y-APS,APS,New_VF60.xlsx,Sheet1,NY6,34.1289546121398,True
VF60_L12,COMP-Y-AS,AS,New_VF60.xlsx,Sheet1,NZ6,30.588927998629217,True
VF60_L12,COMP-Y-YIELD-STRENGTH,Yield strength,New_VF60.xlsx,Sheet1,NW8,28.095989819322188,True
VF60_L12,COMP-Y-YIELD-STRAIN,Yield strain,New_VF60.xlsx,Sheet1,NX8,0.05409495887908557,True
VF60_L12,COMP-Y-LCC,LCC,New_VF60.xlsx,Sheet1,NY8,0.3700344227136119,True
VF60_L12,COMP-Y-EAS,EAS,New_VF60.xlsx,Sheet1,NZ8,0.26938586392270214,True
VF60_L12,COMP-Y-DENSIF-STRENGTH,Densif. strength,New_VF60.xlsx,Sheet1,NW10,4.34507749531378,True
VF60_L12,COMP-Y-DENSIFI-STRAIN,Densifi. strain,New_VF60.xlsx,Sheet1,NX10,0.3005616255457522,True
VF60_L12,COMP-Y-EAE,EAE,New_VF60.xlsx,Sheet1,NY10,65.93712806359898,True
VF60_L12,COMP-Y-SE,SE,New_VF60.xlsx,Sheet1,NZ10,0.7356796717551739,True
VF60_L12,COMP-Y-TOTAL-ENERGY,Total energy,New_VF60.xlsx,Sheet1,NW12,9.19385792296997,True
VF60_L12,COMP-Y-SEA,SEA,New_VF60.xlsx,Sheet1,NX12,11.146254464895705,True
VF60_L12,COMP-Y-MAX-PLATEAU-STRESS,Max. Plateau stress,New_VF60.xlsx,Sheet1,NY12,34.1289546121398,True
VF60_L13,COMP-Y-MODULUS,Modulus,New_VF60.xlsx,Sheet1,OL4,467.37,True
VF60_L13,COMP-Y-COMP-STRENGTH,Com. Strength,New_VF60.xlsx,Sheet1,OI6,32.933728785343284,True
VF60_L13,COMP-Y-COMP-STRAIN,Com. strain,New_VF60.xlsx,Sheet1,OJ6,0.7485327156345489,True
VF60_L13,COMP-Y-APS,APS,New_VF60.xlsx,Sheet1,OK6,22.601379963277402,True
VF60_L13,COMP-Y-AS,AS,New_VF60.xlsx,Sheet1,OL6,18.068780140701328,True
VF60_L13,COMP-Y-YIELD-STRENGTH,Yield strength,New_VF60.xlsx,Sheet1,OI8,23.732423431504625,True
VF60_L13,COMP-Y-YIELD-STRAIN,Yield strain,New_VF60.xlsx,Sheet1,OJ8,0.05276604896788226,True
VF60_L13,COMP-Y-LCC,LCC,New_VF60.xlsx,Sheet1,OK8,0.39393235612440763,True
VF60_L13,COMP-Y-EAS,EAS,New_VF60.xlsx,Sheet1,OL8,0.09630715278254132,True
VF60_L13,COMP-Y-DENSIF-STRENGTH,Densif. strength,New_VF60.xlsx,Sheet1,OI10,0.46874574444083744,True
VF60_L13,COMP-Y-DENSIFI-STRAIN,Densifi. strain,New_VF60.xlsx,Sheet1,OJ10,0.12046604896788227,True
VF60_L13,COMP-Y-EAE,EAE,New_VF60.xlsx,Sheet1,OK10,54.864058237895605,True
VF60_L13,COMP-Y-SE,SE,New_VF60.xlsx,Sheet1,OL10,0.6862684790595545,True
VF60_L13,COMP-Y-TOTAL-ENERGY,Total energy,New_VF60.xlsx,Sheet1,OI12,2.176674553219625,True
VF60_L13,COMP-Y-SEA,SEA,New_VF60.xlsx,Sheet1,OJ12,2.804673747861352,True
VF60_L13,COMP-Y-MAX-PLATEAU-STRESS,Max. Plateau stress,New_VF60.xlsx,Sheet1,OK12,22.601379963277402,True
VF60_L14,COMP-Y-MODULUS,Modulus,New_VF60.xlsx,Sheet1,OX4,530.77,True
VF60_L14,COMP-Y-COMP-STRENGTH,Com. Strength,New_VF60.xlsx,Sheet1,OU6,34.345415581043845,True
VF60_L14,COMP-Y-COMP-STRAIN,Com. strain,New_VF60.xlsx,Sheet1,OV6,0.09729321091174799,True
VF60_L14,COMP-Y-APS,APS,New_VF60.xlsx,Sheet1,OW6,30.837799159066268,True
VF60_L14,COMP-Y-AS,AS,New_VF60.xlsx,Sheet1,OX6,24.994142617834125,True
VF60_L14,COMP-Y-YIELD-STRENGTH,Yield strength,New_VF60.xlsx,Sheet1,OU8,28.90655211659702,True
VF60_L14,COMP-Y-YIELD-STRAIN,Yield strain,New_VF60.xlsx,Sheet1,OV8,0.056426544245081325,True
VF60_L14,COMP-Y-LCC,LCC,New_VF60.xlsx,Sheet1,OW8,0.3024405037320032,True
VF60_L14,COMP-Y-EAS,EAS,New_VF60.xlsx,Sheet1,OX8,0.12475799520215851,True
VF60_L14,COMP-Y-DENSIF-STRENGTH,Densif. strength,New_VF60.xlsx,Sheet1,OU10,0.7050378565023664,True
VF60_L14,COMP-Y-DENSIFI-STRAIN,Densifi. strain,New_VF60.xlsx,Sheet1,OV10,0.15392654424508131,True
VF60_L14,COMP-Y-EAE,EAE,New_VF60.xlsx,Sheet1,OW10,72.772864136281,True
VF60_L14,COMP-Y-SE,SE,New_VF60.xlsx,Sheet1,OX10,0.8978723546465537,True
VF60_L14,COMP-Y-TOTAL-ENERGY,Total energy,New_VF60.xlsx,Sheet1,OU12,3.8472619995319173,True
VF60_L14,COMP-Y-SEA,SEA,New_VF60.xlsx,Sheet1,OV12,4.793251146159167,True
VF60_L14,COMP-Y-MAX-PLATEAU-STRESS,Max. Plateau stress,New_VF60.xlsx,Sheet1,OW12,30.837799159066268,True
VF60_L15,COMP-Y-MODULUS,Modulus,New_VF60.xlsx,Sheet1,PJ4,599.4,True
VF60_L15,COMP-Y-COMP-STRENGTH,Com. Strength,New_VF60.xlsx,Sheet1,PG6,46.29036397302268,True
VF60_L15,COMP-Y-COMP-STRAIN,Com. strain,New_VF60.xlsx,Sheet1,PH6,0.16423320527148852,True
VF60_L15,COMP-Y-APS,APS,New_VF60.xlsx,Sheet1,PI6,39.50787719992935,True
VF60_L15,COMP-Y-AS,AS,New_VF60.xlsx,Sheet1,PJ6,34.03999711998354,True
VF60_L15,COMP-Y-YIELD-STRENGTH,Yield strength,New_VF60.xlsx,Sheet1,PG8,35.89764282526057,True
VF60_L15,COMP-Y-YIELD-STRAIN,Yield strain,New_VF60.xlsx,Sheet1,PH8,0.06186653860482186,True
VF60_L15,COMP-Y-LCC,LCC,New_VF60.xlsx,Sheet1,PI8,0.259565651736937,True
VF60_L15,COMP-Y-EAS,EAS,New_VF60.xlsx,Sheet1,PJ8,0.20419915039691625,True
VF60_L15,COMP-Y-DENSIF-STRENGTH,Densif. strength,New_VF60.xlsx,Sheet1,PG10,0.44399283384426724,True
VF60_L15,COMP-Y-DENSIFI-STRAIN,Densifi. strain,New_VF60.xlsx,Sheet1,PH10,0.23699987193815522,True
VF60_L15,COMP-Y-EAE,EAE,New_VF60.xlsx,Sheet1,PI10,73.53581652505807,True
VF60_L15,COMP-Y-SE,SE,New_VF60.xlsx,Sheet1,PJ10,0.8534795108319723,True
VF60_L15,COMP-Y-TOTAL-ENERGY,Total energy,New_VF60.xlsx,Sheet1,PG12,8.067474958211271,True
VF60_L15,COMP-Y-SEA,SEA,New_VF60.xlsx,Sheet1,PH12,9.846119399353315,True
VF60_L15,COMP-Y-MAX-PLATEAU-STRESS,Max. Plateau stress,New_VF60.xlsx,Sheet1,PI12,39.50787719992935,True
VF60_L16,COMP-Y-MODULUS,Modulus,New_VF60.xlsx,Sheet1,PV4,455.56,True
VF60_L16,COMP-Y-COMP-STRENGTH,Com. Strength,New_VF60.xlsx,Sheet1,PS6,23.709236182519945,True
VF60_L16,COMP-Y-COMP-STRAIN,Com. strain,New_VF60.xlsx,Sheet1,PT6,0.06479597413936929,True
VF60_L16,COMP-Y-APS,APS,New_VF60.xlsx,Sheet1,PU6,20.558914641307812,True
VF60_L16,COMP-Y-AS,AS,New_VF60.xlsx,Sheet1,PV6,14.947685330800939,True
VF60_L16,COMP-Y-YIELD-STRENGTH,Yield strength,New_VF60.xlsx,Sheet1,PS8,19.937312244391773,True
VF60_L16,COMP-Y-YIELD-STRAIN,Yield strain,New_VF60.xlsx,Sheet1,PT8,0.04576264080603596,True
VF60_L16,COMP-Y-LCC,LCC,New_VF60.xlsx,Sheet1,PU8,0.43092685778728196,True
VF60_L16,COMP-Y-EAS,EAS,New_VF60.xlsx,Sheet1,PV8,0.06082825141944846,True
VF60_L16,COMP-Y-DENSIF-STRENGTH,Densif. strength,New_VF60.xlsx,Sheet1,PS10,0.22297087318984277,True
VF60_L16,COMP-Y-DENSIFI-STRAIN,Densifi. strain,New_VF60.xlsx,Sheet1,PT10,0.08366264080603596,True
VF60_L16,COMP-Y-EAE,EAE,New_VF60.xlsx,Sheet1,PU10,63.04583250059057,True
VF60_L16,COMP-Y-SE,SE,New_VF60.xlsx,Sheet1,PV10,0.8671268227723522,True
VF60_L16,COMP-Y-TOTAL-ENERGY,Total energy,New_VF60.xlsx,Sheet1,PS12,1.2505628287124517,True
VF60_L16,COMP-Y-SEA,SEA,New_VF60.xlsx,Sheet1,PT12,1.7245972126843734,True
VF60_L16,COMP-Y-MAX-PLATEAU-STRESS,Max. Plateau stress,New_VF60.xlsx,Sheet1,PU12,20.558914641307812,True
VF60_L17,COMP-Y-MODULUS,Modulus,New_VF60.xlsx,Sheet1,QH4,633.18,True
VF60_L17,COMP-Y-COMP-STRENGTH,Com. Strength,New_VF60.xlsx,Sheet1,QE6,77.97004453259888,True
VF60_L17,COMP-Y-COMP-STRAIN,Com. strain,New_VF60.xlsx,Sheet1,QF6,0.8169346442090182,True
VF60_L17,COMP-Y-APS,APS,New_VF60.xlsx,Sheet1,QG6,35.7715526880862,True
VF60_L17,COMP-Y-AS,AS,New_VF60.xlsx,Sheet1,QH6,31.334050698029134,True
VF60_L17,COMP-Y-YIELD-STRENGTH,Yield strength,New_VF60.xlsx,Sheet1,QE8,31.692741934856283,True
VF60_L17,COMP-Y-YIELD-STRAIN,Yield strain,New_VF60.xlsx,Sheet1,QF8,0.05203464420901816,True
VF60_L17,COMP-Y-LCC,LCC,New_VF60.xlsx,Sheet1,QG8,0.32128061245113587,True
VF60_L17,COMP-Y-EAS,EAS,New_VF60.xlsx,Sheet1,QH8,0.19992187577236045,True
VF60_L17,COMP-Y-DENSIF-STRENGTH,Densif. strength,New_VF60.xlsx,Sheet1,QE10,2.0156190579045106,True
VF60_L17,COMP-Y-DENSIFI-STRAIN,Densifi. strain,New_VF60.xlsx,Sheet1,QF10,0.22823464420901815,True
VF60_L17,COMP-Y-EAE,EAE,New_VF60.xlsx,Sheet1,QG10,40.187293576481835,True
VF60_L17,COMP-Y-SE,SE,New_VF60.xlsx,Sheet1,QH10,0.4587858440061593,True
VF60_L17,COMP-Y-TOTAL-ENERGY,Total energy,New_VF60.xlsx,Sheet1,QE12,7.151515912692016,True
VF60_L17,COMP-Y-SEA,SEA,New_VF60.xlsx,Sheet1,QF12,8.697946447849695,True
VF60_L17,COMP-Y-MAX-PLATEAU-STRESS,Max. Plateau stress,New_VF60.xlsx,Sheet1,QG12,35.7715526880862,True
VF60_L18,COMP-Y-MODULUS,Modulus,New_VF60.xlsx,Sheet1,QT4,127.97,True
VF60_L18,COMP-Y-COMP-STRENGTH,Com. Strength,New_VF60.xlsx,Sheet1,QQ6,8.513225167056428,True
VF60_L18,COMP-Y-COMP-STRAIN,Com. strain,New_VF60.xlsx,Sheet1,QR6,0.07416075619198131,True
VF60_L18,COMP-Y-APS,APS,New_VF60.xlsx,Sheet1,QS6,5.934165825410158,True
VF60_L18,COMP-Y-AS,AS,New_VF60.xlsx,Sheet1,QT6,4.931665718268206,True
VF60_L18,COMP-Y-YIELD-STRENGTH,Yield strength,New_VF60.xlsx,Sheet1,QQ8,8.03552916569855,True
VF60_L18,COMP-Y-YIELD-STRAIN,Yield strain,New_VF60.xlsx,Sheet1,QR8,0.06476075619198131,True
VF60_L18,COMP-Y-LCC,LCC,New_VF60.xlsx,Sheet1,QS8,0.5047638089087901,True
VF60_L18,COMP-Y-EAS,EAS,New_VF60.xlsx,Sheet1,QT8,0.09681392879733902,True
VF60_L18,COMP-Y-DENSIF-STRENGTH,Densif. strength,New_VF60.xlsx,Sheet1,QQ10,0.42651428692667465,True
VF60_L18,COMP-Y-DENSIFI-STRAIN,Densifi. strain,New_VF60.xlsx,Sheet1,QR10,0.11649408952531465,True
VF60_L18,COMP-Y-EAE,EAE,New_VF60.xlsx,Sheet1,QS10,57.92946411604666,True
VF60_L18,COMP-Y-SE,SE,New_VF60.xlsx,Sheet1,QT10,0.6970526103753911,True
VF60_L18,COMP-Y-TOTAL-ENERGY,Total energy,New_VF60.xlsx,Sheet1,QQ12,0.5745099076928616,True
VF60_L18,COMP-Y-SEA,SEA,New_VF60.xlsx,Sheet1,QR12,0.7274554013748251,True
VF60_L18,COMP-Y-MAX-PLATEAU-STRESS,Max. Plateau stress,New_VF60.xlsx,Sheet1,QS12,5.934165825410158,True
VF60_L18-2,COMP-Y-MODULUS,Modulus,New_VF60.xlsx,Sheet1,RF4,146.82,True
VF60_L18-2,COMP-Y-COMP-STRENGTH,Com. Strength,New_VF60.xlsx,Sheet1,RC6,8.446946667611146,True
VF60_L18-2,COMP-Y-COMP-STRAIN,Com. strain,New_VF60.xlsx,Sheet1,RD6,0.06964274729204686,True
VF60_L18-2,COMP-Y-APS,APS,New_VF60.xlsx,Sheet1,RE6,5.264564690147672,True
VF60_L18-2,COMP-Y-AS,AS,New_VF60.xlsx,Sheet1,RF6,4.632018522935828,True
VF60_L18-2,COMP-Y-YIELD-STRENGTH,Yield strength,New_VF60.xlsx,Sheet1,RC8,7.504589534307669,True
VF60_L18-2,COMP-Y-YIELD-STRAIN,Yield strain,New_VF60.xlsx,Sheet1,RD8,0.05304274729204687,True
VF60_L18-2,COMP-Y-LCC,LCC,New_VF60.xlsx,Sheet1,RE8,0.5465298426632637,True
VF60_L18-2,COMP-Y-EAS,EAS,New_VF60.xlsx,Sheet1,RF8,0.10274524112219356,True
VF60_L18-2,COMP-Y-DENSIF-STRENGTH,Densif. strength,New_VF60.xlsx,Sheet1,RC10,1.1136947939041062,True
VF60_L18-2,COMP-Y-DENSIFI-STRAIN,Densifi. strain,New_VF60.xlsx,Sheet1,RD10,0.1167760806253802,True
VF60_L18-2,COMP-Y-EAE,EAE,New_VF60.xlsx,Sheet1,RE10,54.83660197236448,True
VF60_L18-2,COMP-Y-SE,SE,New_VF60.xlsx,Sheet1,RF10,0.6232506131871349,True
VF60_L18-2,COMP-Y-TOTAL-ENERGY,Total energy,New_VF60.xlsx,Sheet1,RC12,0.5409089684926088,True
VF60_L18-2,COMP-Y-SEA,SEA,New_VF60.xlsx,Sheet1,RD12,0.6878477020013737,True
VF60_L18-2,COMP-Y-MAX-PLATEAU-STRESS,Max. Plateau stress,New_VF60.xlsx,Sheet1,RE12,5.264564690147672,True
VF60_L19,COMP-Y-MODULUS,Modulus,New_VF60.xlsx,Sheet1,RR4,633.58,True
VF60_L19,COMP-Y-COMP-STRENGTH,Com. Strength,New_VF60.xlsx,Sheet1,RO6,30.19402093440611,True
VF60_L19,COMP-Y-COMP-STRAIN,Com. strain,New_VF60.xlsx,Sheet1,RP6,0.05299803845580274,True
VF60_L19,COMP-Y-APS,APS,New_VF60.xlsx,Sheet1,RQ6,14.808159576610034,True
VF60_L19,COMP-Y-AS,AS,New_VF60.xlsx,Sheet1,RR6,14.637561990979792,True
VF60_L19,COMP-Y-YIELD-STRENGTH,Yield strength,New_VF60.xlsx,Sheet1,RO8,27.243840941360975,True
VF60_L19,COMP-Y-YIELD-STRAIN,Yield strain,New_VF60.xlsx,Sheet1,RP8,0.04499803845580273,True
VF60_L19,COMP-Y-LCC,LCC,New_VF60.xlsx,Sheet1,RQ8,0.4728374157832343,True
VF60_L19,COMP-Y-EAS,EAS,New_VF60.xlsx,Sheet1,RR8,0.18998381857562133,True
VF60_L19,COMP-Y-DENSIF-STRENGTH,Densif. strength,New_VF60.xlsx,Sheet1,RO10,1.8129597722623756,True
VF60_L19,COMP-Y-DENSIFI-STRAIN,Densifi. strain,New_VF60.xlsx,Sheet1,RP10,0.19219803845580272,True
VF60_L19,COMP-Y-EAE,EAE,New_VF60.xlsx,Sheet1,RQ10,48.47834616919232,True
VF60_L19,COMP-Y-SE,SE,New_VF60.xlsx,Sheet1,RR10,0.49043350697740706,True
VF60_L19,COMP-Y-TOTAL-ENERGY,Total energy,New_VF60.xlsx,Sheet1,RO12,2.8133107024415303,True
VF60_L19,COMP-Y-SEA,SEA,New_VF60.xlsx,Sheet1,RP12,3.4413469249830264,True
VF60_L19,COMP-Y-MAX-PLATEAU-STRESS,Max. Plateau stress,New_VF60.xlsx,Sheet1,RQ12,14.808159576610034,True
VF60_L20,COMP-Y-MODULUS,Modulus,New_VF60.xlsx,Sheet1,SD4,718.46,True
VF60_L20,COMP-Y-COMP-STRENGTH,Com. Strength,New_VF60.xlsx,Sheet1,SA6,50.239350773574586,True
VF60_L20,COMP-Y-COMP-STRAIN,Com. strain,New_VF60.xlsx,Sheet1,SB6,0.08938356031770513,True
VF60_L20,COMP-Y-APS,APS,New_VF60.xlsx,Sheet1,SC6,26.225495123924723,True
VF60_L20,COMP-Y-AS,AS,New_VF60.xlsx,Sheet1,SD6,25.18638093016948,True
VF60_L20,COMP-Y-YIELD-STRENGTH,Yield strength,New_VF60.xlsx,Sheet1,SA8,28.683245469474787,True
VF60_L20,COMP-Y-YIELD-STRAIN,Yield strain,New_VF60.xlsx,Sheet1,SB8,0.041916893651038456,True
VF60_L20,COMP-Y-LCC,LCC,New_VF60.xlsx,Sheet1,SC8,0.34386067732714237,True
VF60_L20,COMP-Y-EAS,EAS,New_VF60.xlsx,Sheet1,SD8,0.44521531768810224,True
VF60_L20,COMP-Y-DENSIF-STRENGTH,Densif. strength,New_VF60.xlsx,Sheet1,SA10,13.031486674925812,True
VF60_L20,COMP-Y-DENSIFI-STRAIN,Densifi. strain,New_VF60.xlsx,Sheet1,SB10,0.46358356031770515,True
VF60_L20,COMP-Y-EAE,EAE,New_VF60.xlsx,Sheet1,SC10,50.132775488446946,True
VF60_L20,COMP-Y-SE,SE,New_VF60.xlsx,Sheet1,SD10,0.5220110276130216,True
VF60_L20,COMP-Y-TOTAL-ENERGY,Total energy,New_VF60.xlsx,Sheet1,SA12,11.675992143125923,True
VF60_L20,COMP-Y-SEA,SEA,New_VF60.xlsx,Sheet1,SB12,30.275700621779173,True
VF60_L20,COMP-Y-MAX-PLATEAU-STRESS,Max. Plateau stress,New_VF60.xlsx,Sheet1,SC12,26.225495123924723,True
VF60_L21,COMP-Y-MODULUS,Modulus,New_VF60.xlsx,Sheet1,SP4,327.96,True
VF60_L21,COMP-Y-COMP-STRENGTH,Com. Strength,New_VF60.xlsx,Sheet1,SM6,25.137776201008332,True
VF60_L21,COMP-Y-COMP-STRAIN,Com. strain,New_VF60.xlsx,Sheet1,SN6,0.12047650591586487,True
VF60_L21,COMP-Y-APS,APS,New_VF60.xlsx,Sheet1,SO6,16.499403212291156,True
VF60_L21,COMP-Y-AS,AS,New_VF60.xlsx,Sheet1,SP6,15.395764453546107,True
VF60_L21,COMP-Y-YIELD-STRENGTH,Yield strength,New_VF60.xlsx,Sheet1,SM8,21.139720343989115,True
VF60_L21,COMP-Y-YIELD-STRAIN,Yield strain,New_VF60.xlsx,Sheet1,SN8,0.06640983924919822,True
VF60_L21,COMP-Y-LCC,LCC,New_VF60.xlsx,Sheet1,SO8,0.4371040921177294,True
VF60_L21,COMP-Y-EAS,EAS,New_VF60.xlsx,Sheet1,SP8,0.30746905236107863,True
VF60_L21,COMP-Y-DENSIF-STRENGTH,Densif. strength,New_VF60.xlsx,Sheet1,SM10,5.730546728394213,True
VF60_L21,COMP-Y-DENSIFI-STRAIN,Densifi. strain,New_VF60.xlsx,Sheet1,SN10,0.32950983924919824,True
VF60_L21,COMP-Y-EAE,EAE,New_VF60.xlsx,Sheet1,SO10,61.24553075195469,True
VF60_L21,COMP-Y-SE,SE,New_VF60.xlsx,Sheet1,SP10,0.6563589030452633,True
VF60_L21,COMP-Y-TOTAL-ENERGY,Total energy,New_VF60.xlsx,Sheet1,SM12,5.073055870206498,True
VF60_L21,COMP-Y-SEA,SEA,New_VF60.xlsx,Sheet1,SN12,6.2722381041938755,True
VF60_L21,COMP-Y-MAX-PLATEAU-STRESS,Max. Plateau stress,New_VF60.xlsx,Sheet1,SO12,16.499403212291156,True
VF60_L22,COMP-Y-MODULUS,Modulus,New_VF60.xlsx,Sheet1,TB4,349.73,True
VF60_L22,COMP-Y-COMP-STRENGTH,Com. Strength,New_VF60.xlsx,Sheet1,SY6,27.666360879644134,True
VF60_L22,COMP-Y-COMP-STRAIN,Com. strain,New_VF60.xlsx,Sheet1,SZ6,0.11295283234247673,True
VF60_L22,COMP-Y-APS,APS,New_VF60.xlsx,Sheet1,TA6,24.02543605708024,True
VF60_L22,COMP-Y-AS,AS,New_VF60.xlsx,Sheet1,TB6,19.32968411321167,True
VF60_L22,COMP-Y-YIELD-STRENGTH,Yield strength,New_VF60.xlsx,Sheet1,SY8,26.228691936595453,True
VF60_L22,COMP-Y-YIELD-STRAIN,Yield strain,New_VF60.xlsx,Sheet1,SZ8,0.0741194990091434,True
VF60_L22,COMP-Y-LCC,LCC,New_VF60.xlsx,Sheet1,TA8,0.3572687736964961,True
VF60_L22,COMP-Y-EAS,EAS,New_VF60.xlsx,Sheet1,TB8,0.1382643359832737,True
VF60_L22,COMP-Y-DENSIF-STRENGTH,Densif. strength,New_VF60.xlsx,Sheet1,SY10,3.1558586554727146,True
VF60_L22,COMP-Y-DENSIFI-STRAIN,Densifi. strain,New_VF60.xlsx,Sheet1,SZ10,0.17185283234247672,True
VF60_L22,COMP-Y-EAE,EAE,New_VF60.xlsx,Sheet1,TA10,69.86710032917168,True
VF60_L22,COMP-Y-SE,SE,New_VF60.xlsx,Sheet1,TB10,0.8683988530908396,True
VF60_L22,COMP-Y-TOTAL-ENERGY,Total energy,New_VF60.xlsx,Sheet1,SY12,3.321860963140801,True
VF60_L22,COMP-Y-SEA,SEA,New_VF60.xlsx,Sheet1,SZ12,4.322567315755308,True
VF60_L22,COMP-Y-MAX-PLATEAU-STRESS,Max. Plateau stress,New_VF60.xlsx,Sheet1,TA12,24.02543605708024,True
VF60_L23,COMP-Y-MODULUS,Modulus,New_VF60.xlsx,Sheet1,TN4,450.33,True
VF60_L23,COMP-Y-COMP-STRENGTH,Com. Strength,New_VF60.xlsx,Sheet1,TK6,30.264480053388695,True
VF60_L23,COMP-Y-COMP-STRAIN,Com. strain,New_VF60.xlsx,Sheet1,TL6,0.1495808393386103,True
VF60_L23,COMP-Y-APS,APS,New_VF60.xlsx,Sheet1,TM6,23.40312065143591,True
VF60_L23,COMP-Y-AS,AS,New_VF60.xlsx,Sheet1,TN6,21.14203426827449,True
VF60_L23,COMP-Y-YIELD-STRENGTH,Yield strength,New_VF60.xlsx,Sheet1,TK8,23.146497108112115,True
VF60_L23,COMP-Y-YIELD-STRAIN,Yield strain,New_VF60.xlsx,Sheet1,TL8,0.05338083933861029,True
VF60_L23,COMP-Y-LCC,LCC,New_VF60.xlsx,Sheet1,TM8,0.34307861204130236,True
VF60_L23,COMP-Y-EAS,EAS,New_VF60.xlsx,Sheet1,TN8,0.24389671113045322,True
VF60_L23,COMP-Y-DENSIF-STRENGTH,Densif. strength,New_VF60.xlsx,Sheet1,TK10,5.2732245291413316,True
VF60_L23,COMP-Y-DENSIFI-STRAIN,Densifi. strain,New_VF60.xlsx,Sheet1,TL10,0.2699808393386103,True
VF60_L23,COMP-Y-EAE,EAE,New_VF60.xlsx,Sheet1,TM10,69.85758298499904,True
VF60_L23,COMP-Y-SE,SE,New_VF60.xlsx,Sheet1,TN10,0.7732867245745223,True
VF60_L23,COMP-Y-TOTAL-ENERGY,Total energy,New_VF60.xlsx,Sheet1,TK12,5.707944157074408,True
VF60_L23,COMP-Y-SEA,SEA,New_VF60.xlsx,Sheet1,TL12,7.3727350342294775,True
VF60_L23,COMP-Y-MAX-PLATEAU-STRESS,Max. Plateau stress,New_VF60.xlsx,Sheet1,TM12,23.40312065143591,True
VF60_L24,COMP-Y-MODULUS,Modulus,New_VF60.xlsx,Sheet1,TZ4,678.74,True
VF60_L24,COMP-Y-COMP-STRENGTH,Com. Strength,New_VF60.xlsx,Sheet1,TW6,43.85352143975256,True
VF60_L24,COMP-Y-COMP-STRAIN,Com. strain,New_VF60.xlsx,Sheet1,TX6,0.12272609931320462,True
VF60_L24,COMP-Y-APS,APS,New_VF60.xlsx,Sheet1,TY6,31.186621125795007,True
VF60_L24,COMP-Y-AS,AS,New_VF60.xlsx,Sheet1,TZ6,27.620319308198837,True
VF60_L24,COMP-Y-YIELD-STRENGTH,Yield strength,New_VF60.xlsx,Sheet1,TW8,33.90949029335123,True
VF60_L24,COMP-Y-YIELD-STRAIN,Yield strain,New_VF60.xlsx,Sheet1,TX8,0.05195943264653796,True
VF60_L24,COMP-Y-LCC,LCC,New_VF60.xlsx,Sheet1,TY8,0.4188991497496101,True
VF60_L24,COMP-Y-EAS,EAS,New_VF60.xlsx,Sheet1,TZ8,0.176945747651642,True
VF60_L24,COMP-Y-DENSIF-STRENGTH,Densif. strength,New_VF60.xlsx,Sheet1,TW10,0.4817177717979882,True
VF60_L24,COMP-Y-DENSIFI-STRAIN,Densifi. strain,New_VF60.xlsx,Sheet1,TX10,0.1997927659798713,True
VF60_L24,COMP-Y-EAE,EAE,New_VF60.xlsx,Sheet1,TY10,62.98312746935171,True
VF60_L24,COMP-Y-SE,SE,New_VF60.xlsx,Sheet1,TZ10,0.7111543178725164,True
VF60_L24,COMP-Y-TOTAL-ENERGY,Total energy,New_VF60.xlsx,Sheet1,TW12,5.518339991832291,True
VF60_L24,COMP-Y-SEA,SEA,New_VF60.xlsx,Sheet1,TX12,7.046255185760989,True
VF60_L24,COMP-Y-MAX-PLATEAU-STRESS,Max. Plateau stress,New_VF60.xlsx,Sheet1,TY12,31.186621125795007,True
VF60_L25,COMP-Y-MODULUS,Modulus,New_VF60.xlsx,Sheet1,UL4,502.07,True
VF60_L25,COMP-Y-COMP-STRENGTH,Com. Strength,New_VF60.xlsx,Sheet1,UI6,39.72451196719838,True
VF60_L25,COMP-Y-COMP-STRAIN,Com. strain,New_VF60.xlsx,Sheet1,UJ6,0.7829229500564006,True
VF60_L25,COMP-Y-APS,APS,New_VF60.xlsx,Sheet1,UK6,17.011470020552782,True
VF60_L25,COMP-Y-AS,AS,New_VF60.xlsx,Sheet1,UL6,16.45526572489919,True
VF60_L25,COMP-Y-YIELD-STRENGTH,Yield strength,New_VF60.xlsx,Sheet1,UI8,27.59554664157046,True
VF60_L25,COMP-Y-YIELD-STRAIN,Yield strain,New_VF60.xlsx,Sheet1,UJ8,0.05695628338973391,True
VF60_L25,COMP-Y-LCC,LCC,New_VF60.xlsx,Sheet1,UK8,0.4980895137654238,True
VF60_L25,COMP-Y-EAS,EAS,New_VF60.xlsx,Sheet1,UL8,0.2792184238399832,True
VF60_L25,COMP-Y-DENSIF-STRENGTH,Densif. strength,New_VF60.xlsx,Sheet1,UI10,2.8042856001097167,True
VF60_L25,COMP-Y-DENSIFI-STRAIN,Densifi. strain,New_VF60.xlsx,Sheet1,UJ10,0.28865628338973387,True
VF60_L25,COMP-Y-EAE,EAE,New_VF60.xlsx,Sheet1,UK10,41.42345597218854,True
VF60_L25,COMP-Y-SE,SE,New_VF60.xlsx,Sheet1,UL10,0.42823609852273625,True
VF60_L25,COMP-Y-TOTAL-ENERGY,Total energy,New_VF60.xlsx,Sheet1,UI12,4.749915846339874,True
VF60_L25,COMP-Y-SEA,SEA,New_VF60.xlsx,Sheet1,UJ12,6.314791293123605,True
VF60_L25,COMP-Y-MAX-PLATEAU-STRESS,Max. Plateau stress,New_VF60.xlsx,Sheet1,UK12,17.011470020552782,True
VF60_L26,COMP-Y-MODULUS,Modulus,New_VF60.xlsx,Sheet1,UX4,378.51,True
VF60_L26,COMP-Y-COMP-STRENGTH,Com. Strength,New_VF60.xlsx,Sheet1,UU6,40.755049186627375,True
VF60_L26,COMP-Y-COMP-STRAIN,Com. strain,New_VF60.xlsx,Sheet1,UV6,0.13045227967466982,True
VF60_L26,COMP-Y-APS,APS,New_VF60.xlsx,Sheet1,UW6,28.095930402205127,True
VF60_L26,COMP-Y-AS,AS,New_VF60.xlsx,Sheet1,UX6,25.097851620335856,True
VF60_L26,COMP-Y-YIELD-STRENGTH,Yield strength,New_VF60.xlsx,Sheet1,UU8,35.59345984372998,True
VF60_L26,COMP-Y-YIELD-STRAIN,Yield strain,New_VF60.xlsx,Sheet1,UV8,0.0960189463413365,True
VF60_L26,COMP-Y-LCC,LCC,New_VF60.xlsx,Sheet1,UW8,0.39943968672519636,True
VF60_L26,COMP-Y-EAS,EAS,New_VF60.xlsx,Sheet1,UX8,0.2854532875546085,True
VF60_L26,COMP-Y-DENSIF-STRENGTH,Densif. strength,New_VF60.xlsx,Sheet1,UU10,0.4122102600230562,True
VF60_L26,COMP-Y-DENSIFI-STRAIN,Densifi. strain,New_VF60.xlsx,Sheet1,UV10,0.3195522796746698,True
VF60_L26,COMP-Y-EAE,EAE,New_VF60.xlsx,Sheet1,UW10,61.582189498549326,True
VF60_L26,COMP-Y-SE,SE,New_VF60.xlsx,Sheet1,UX10,0.6893852654562375,True
VF60_L26,COMP-Y-TOTAL-ENERGY,Total energy,New_VF60.xlsx,Sheet1,UU12,8.020075700214928,True
VF60_L26,COMP-Y-SEA,SEA,New_VF60.xlsx,Sheet1,UV12,10.668041693638008,True
VF60_L26,COMP-Y-MAX-PLATEAU-STRESS,Max. Plateau stress,New_VF60.xlsx,Sheet1,UW12,28.095930402205127,True
VF60_L27,COMP-Y-MODULUS,Modulus,New_VF60.xlsx,Sheet1,VJ4,358.14,True
VF60_L27,COMP-Y-COMP-STRENGTH,Com. Strength,New_VF60.xlsx,Sheet1,VG6,26.48219712772121,True
VF60_L27,COMP-Y-COMP-STRAIN,Com. strain,New_VF60.xlsx,Sheet1,VH6,0.13070791713416613,True
VF60_L27,COMP-Y-APS,APS,New_VF60.xlsx,Sheet1,VI6,16.91019256954362,True
VF60_L27,COMP-Y-AS,AS,New_VF60.xlsx,Sheet1,VJ6,15.656921680880664,True
VF60_L27,COMP-Y-YIELD-STRENGTH,Yield strength,New_VF60.xlsx,Sheet1,VG8,20.158589727671547,True
VF60_L27,COMP-Y-YIELD-STRAIN,Yield strain,New_VF60.xlsx,Sheet1,VH8,0.05827458380083281,True
VF60_L27,COMP-Y-LCC,LCC,New_VF60.xlsx,Sheet1,VI8,0.43460320051415746,True
VF60_L27,COMP-Y-EAS,EAS,New_VF60.xlsx,Sheet1,VJ8,0.28138428567272233,True
VF60_L27,COMP-Y-DENSIF-STRENGTH,Densif. strength,New_VF60.xlsx,Sheet1,VG10,4.031717945534309,True
VF60_L27,COMP-Y-DENSIFI-STRAIN,Densifi. strain,New_VF60.xlsx,Sheet1,VH10,0.3039079171341661,True
VF60_L27,COMP-Y-EAE,EAE,New_VF60.xlsx,Sheet1,VI10,59.122442165084585,True
VF60_L27,COMP-Y-SE,SE,New_VF60.xlsx,Sheet1,VJ10,0.6385494559982056,True
VF60_L27,COMP-Y-TOTAL-ENERGY,Total energy,New_VF60.xlsx,Sheet1,VG12,4.758262456769209,True
VF60_L27,COMP-Y-SEA,SEA,New_VF60.xlsx,Sheet1,VH12,5.907949412427625,True
VF60_L27,COMP-Y-MAX-PLATEAU-STRESS,Max. Plateau stress,New_VF60.xlsx,Sheet1,VI12,16.91019256954362,True
VF60_T1,COMP-Y-MODULUS,Modulus,New_VF60.xlsx,Sheet1,VV4,663.82,True
VF60_T1,COMP-Y-COMP-STRENGTH,Com. Strength,New_VF60.xlsx,Sheet1,VS6,37.93973010073656,True
VF60_T1,COMP-Y-COMP-STRAIN,Com. strain,New_VF60.xlsx,Sheet1,VT6,0.08921488763213725,True
VF60_T1,COMP-Y-APS,APS,New_VF60.xlsx,Sheet1,VU6,24.575158050203292,True
VF60_T1,COMP-Y-AS,AS,New_VF60.xlsx,Sheet1,VV6,22.610178737730777,True
VF60_T1,COMP-Y-YIELD-STRENGTH,Yield strength,New_VF60.xlsx,Sheet1,VS8,31.011461344900873,True
VF60_T1,COMP-Y-YIELD-STRAIN,Yield strain,New_VF60.xlsx,Sheet1,VT8,0.048714887632137265,True
VF60_T1,COMP-Y-LCC,LCC,New_VF60.xlsx,Sheet1,VU8,0.5090732078971554,True
VF60_T1,COMP-Y-EAS,EAS,New_VF60.xlsx,Sheet1,VV8,0.19552263240690113,True
VF60_T1,COMP-Y-DENSIF-STRENGTH,Densif. strength,New_VF60.xlsx,Sheet1,VS10,1.0276379494301733,True
VF60_T1,COMP-Y-DENSIFI-STRAIN,Densifi. strain,New_VF60.xlsx,Sheet1,VT10,0.21251488763213727,True
VF60_T1,COMP-Y-EAE,EAE,New_VF60.xlsx,Sheet1,VU10,59.59499099676469,True
VF60_T1,COMP-Y-SE,SE,New_VF60.xlsx,Sheet1,VV10,0.6477420367765397,True
VF60_T1,COMP-Y-TOTAL-ENERGY,Total energy,New_VF60.xlsx,Sheet1,VS12,4.804999593791395,True
VF60_T1,COMP-Y-SEA,SEA,New_VF60.xlsx,Sheet1,VT12,5.910947134874021,True
VF60_T1,COMP-Y-MAX-PLATEAU-STRESS,Max. Plateau stress,New_VF60.xlsx,Sheet1,VU12,24.575158050203292,True
VF60_T2,COMP-Y-MODULUS,Modulus,New_VF60.xlsx,Sheet1,WH4,639.27,True
VF60_T2,COMP-Y-COMP-STRENGTH,Com. Strength,New_VF60.xlsx,Sheet1,WE6,41.65003617907011,True
VF60_T2,COMP-Y-COMP-STRAIN,Com. strain,New_VF60.xlsx,Sheet1,WF6,0.1134367394788957,True
VF60_T2,COMP-Y-APS,APS,New_VF60.xlsx,Sheet1,WG6,31.367523979385513,True
VF60_T2,COMP-Y-AS,AS,New_VF60.xlsx,Sheet1,WH6,28.334578613556793,True
VF60_T2,COMP-Y-YIELD-STRENGTH,Yield strength,New_VF60.xlsx,Sheet1,WE8,33.950486211212436,True
VF60_T2,COMP-Y-YIELD-STRAIN,Yield strain,New_VF60.xlsx,Sheet1,WF8,0.05510340614556236,True
VF60_T2,COMP-Y-LCC,LCC,New_VF60.xlsx,Sheet1,WG8,0.39185539168365346,True
VF60_T2,COMP-Y-EAS,EAS,New_VF60.xlsx,Sheet1,WH8,0.2267638413006511,True
VF60_T2,COMP-Y-DENSIF-STRENGTH,Densif. strength,New_VF60.xlsx,Sheet1,WE10,4.021882571445657,True
VF60_T2,COMP-Y-DENSIFI-STRAIN,Densifi. strain,New_VF60.xlsx,Sheet1,WF10,0.25103673947889565,True
VF60_T2,COMP-Y-EAE,EAE,New_VF60.xlsx,Sheet1,WG10,68.03014165878545,True
VF60_T2,COMP-Y-SE,SE,New_VF60.xlsx,Sheet1,WH10,0.7531211700399015,True
VF60_T2,COMP-Y-TOTAL-ENERGY,Total energy,New_VF60.xlsx,Sheet1,WE12,7.113020229655745,True
VF60_T2,COMP-Y-SEA,SEA,New_VF60.xlsx,Sheet1,WF12,9.56413573710925,True
VF60_T2,COMP-Y-MAX-PLATEAU-STRESS,Max. Plateau stress,New_VF60.xlsx,Sheet1,WG12,31.367523979385513,True
VF60_T3,COMP-Y-MODULUS,Modulus,New_VF60.xlsx,Sheet1,WT4,745.95,True
VF60_T3,COMP-Y-COMP-STRENGTH,Com. Strength,New_VF60.xlsx,Sheet1,WQ6,45.03231975976229,True
VF60_T3,COMP-Y-COMP-STRAIN,Com. strain,New_VF60.xlsx,Sheet1,WR6,0.0864660621558731,True
VF60_T3,COMP-Y-APS,APS,New_VF60.xlsx,Sheet1,WS6,31.427165146683183,True
VF60_T3,COMP-Y-AS,AS,New_VF60.xlsx,Sheet1,WT6,26.89820799489713,True
VF60_T3,COMP-Y-YIELD-STRENGTH,Yield strength,New_VF60.xlsx,Sheet1,WQ8,38.96779532220118,True
VF60_T3,COMP-Y-YIELD-STRAIN,Yield strain,New_VF60.xlsx,Sheet1,WR8,0.05423272882253977,True
VF60_T3,COMP-Y-LCC,LCC,New_VF60.xlsx,Sheet1,WS8,0.43162281870818625,True
VF60_T3,COMP-Y-EAS,EAS,New_VF60.xlsx,Sheet1,WT8,0.11662881031129506,True
VF60_T3,COMP-Y-DENSIF-STRENGTH,Densif. strength,New_VF60.xlsx,Sheet1,WQ10,6.875585456566243,True
VF60_T3,COMP-Y-DENSIFI-STRAIN,Densifi. strain,New_VF60.xlsx,Sheet1,WR10,0.13626606215587314,True
VF60_T3,COMP-Y-EAE,EAE,New_VF60.xlsx,Sheet1,WS10,59.730895806374775,True
VF60_T3,COMP-Y-SE,SE,New_VF60.xlsx,Sheet1,WT10,0.6978802183485179,True
VF60_T3,COMP-Y-TOTAL-ENERGY,Total energy,New_VF60.xlsx,Sheet1,WQ12,3.6653128825142565,True
VF60_T3,COMP-Y-SEA,SEA,New_VF60.xlsx,Sheet1,WR12,5.014494754173058,True
VF60_T3,COMP-Y-MAX-PLATEAU-STRESS,Max. Plateau stress,New_VF60.xlsx,Sheet1,WS12,31.427165146683183,True
VF60_T4,COMP-Y-MODULUS,Modulus,New_VF60.xlsx,Sheet1,XF4,643.49,True
VF60_T4,COMP-Y-COMP-STRENGTH,Com. Strength,New_VF60.xlsx,Sheet1,XC6,40.15015366839029,True
VF60_T4,COMP-Y-COMP-STRAIN,Com. strain,New_VF60.xlsx,Sheet1,XD6,0.12080598336657034,True
VF60_T4,COMP-Y-APS,APS,New_VF60.xlsx,Sheet1,XE6,32.540247176701996,True
VF60_T4,COMP-Y-AS,AS,New_VF60.xlsx,Sheet1,XF6,29.277523007341006,True
VF60_T4,COMP-Y-YIELD-STRENGTH,Yield strength,New_VF60.xlsx,Sheet1,XC8,32.30960291134092,True
VF60_T4,COMP-Y-YIELD-STRAIN,Yield strain,New_VF60.xlsx,Sheet1,XD8,0.05220598336657034,True
VF60_T4,COMP-Y-LCC,LCC,New_VF60.xlsx,Sheet1,XE8,0.34417676388365104,True
VF60_T4,COMP-Y-EAS,EAS,New_VF60.xlsx,Sheet1,XF8,0.22928725517482942,True
VF60_T4,COMP-Y-DENSIF-STRENGTH,Densif. strength,New_VF60.xlsx,Sheet1,XC10,3.2342271872828627,True
VF60_T4,COMP-Y-DENSIFI-STRAIN,Densifi. strain,New_VF60.xlsx,Sheet1,XD10,0.25483931669990373,True
VF60_T4,COMP-Y-EAE,EAE,New_VF60.xlsx,Sheet1,XE10,72.92007709148778,True
VF60_T4,COMP-Y-SE,SE,New_VF60.xlsx,Sheet1,XF10,0.8104638265013796,True
VF60_T4,COMP-Y-TOTAL-ENERGY,Total energy,New_VF60.xlsx,Sheet1,XC12,7.461063957856493,True
VF60_T4,COMP-Y-SEA,SEA,New_VF60.xlsx,Sheet1,XD12,9.045266598338584,True
VF60_T4,COMP-Y-MAX-PLATEAU-STRESS,Max. Plateau stress,New_VF60.xlsx,Sheet1,XE12,32.540247176701996,True
VF60_T5,COMP-Y-MODULUS,Modulus,New_VF60.xlsx,Sheet1,XR4,536.35,True
VF60_T5,COMP-Y-COMP-STRENGTH,Com. Strength,New_VF60.xlsx,Sheet1,XO6,31.96016074046503,True
VF60_T5,COMP-Y-COMP-STRAIN,Com. strain,New_VF60.xlsx,Sheet1,XP6,0.08544188028741231,True
VF60_T5,COMP-Y-APS,APS,New_VF60.xlsx,Sheet1,XQ6,16.573456270906558,True
VF60_T5,COMP-Y-AS,AS,New_VF60.xlsx,Sheet1,XR6,15.90521178165719,True
VF60_T5,COMP-Y-YIELD-STRENGTH,Yield strength,New_VF60.xlsx,Sheet1,XO8,24.100251502989106,True
VF60_T5,COMP-Y-YIELD-STRAIN,Yield strain,New_VF60.xlsx,Sheet1,XP8,0.04690854695407898,True
VF60_T5,COMP-Y-LCC,LCC,New_VF60.xlsx,Sheet1,XQ8,0.49513862843294953,True
VF60_T5,COMP-Y-EAS,EAS,New_VF60.xlsx,Sheet1,XR8,0.2778035252828148,True
VF60_T5,COMP-Y-DENSIF-STRENGTH,Densif. strength,New_VF60.xlsx,Sheet1,XO10,4.355049047696376,True
VF60_T5,COMP-Y-DENSIFI-STRAIN,Densifi. strain,New_VF60.xlsx,Sheet1,XP10,0.2894752136207457,True
VF60_T5,COMP-Y-EAE,EAE,New_VF60.xlsx,Sheet1,XQ10,49.765744017424375,True
VF60_T5,COMP-Y-SE,SE,New_VF60.xlsx,Sheet1,XR10,0.5185661112749901,True
VF60_T5,COMP-Y-TOTAL-ENERGY,Total energy,New_VF60.xlsx,Sheet1,XO12,4.604164578178416,True
VF60_T5,COMP-Y-SEA,SEA,New_VF60.xlsx,Sheet1,XP12,5.9290545203139695,True
VF60_T5,COMP-Y-MAX-PLATEAU-STRESS,Max. Plateau stress,New_VF60.xlsx,Sheet1,XQ12,16.573456270906558,True
VF60_T6,COMP-Y-MODULUS,Modulus,New_VF60.xlsx,Sheet1,YD4,527.39,True
VF60_T6,COMP-Y-COMP-STRENGTH,Com. Strength,New_VF60.xlsx,Sheet1,YA6,31.811553178496872,True
VF60_T6,COMP-Y-COMP-STRAIN,Com. strain,New_VF60.xlsx,Sheet1,YB6,0.09543032202112055,True
VF60_T6,COMP-Y-APS,APS,New_VF60.xlsx,Sheet1,YC6,14.61270807108564,True
VF60_T6,COMP-Y-AS,AS,New_VF60.xlsx,Sheet1,YD6,14.18564374766709,True
VF60_T6,COMP-Y-YIELD-STRENGTH,Yield strength,New_VF60.xlsx,Sheet1,YA8,23.419014244706236,True
VF60_T6,COMP-Y-YIELD-STRAIN,Yield strain,New_VF60.xlsx,Sheet1,YB8,0.04639698868778721,True
VF60_T6,COMP-Y-LCC,LCC,New_VF60.xlsx,Sheet1,YC8,0.7380795973189488,True
VF60_T6,COMP-Y-EAS,EAS,New_VF60.xlsx,Sheet1,YD8,0.2637241375999778,True
VF60_T6,COMP-Y-DENSIF-STRENGTH,Densif. strength,New_VF60.xlsx,Sheet1,YA10,0.5223571950492096,True
VF60_T6,COMP-Y-DENSIFI-STRAIN,Densifi. strain,New_VF60.xlsx,Sheet1,YB10,0.2716636553544539,True
VF60_T6,COMP-Y-EAE,EAE,New_VF60.xlsx,Sheet1,YC10,44.59274172521675,True
VF60_T6,COMP-Y-SE,SE,New_VF60.xlsx,Sheet1,YD10,0.45935223561995553,True
VF60_T6,COMP-Y-TOTAL-ENERGY,Total energy,New_VF60.xlsx,Sheet1,YA12,3.853723834047296,True
VF60_T6,COMP-Y-SEA,SEA,New_VF60.xlsx,Sheet1,YB12,4.980147330829427,True
VF60_T6,COMP-Y-MAX-PLATEAU-STRESS,Max. Plateau stress,New_VF60.xlsx,Sheet1,YC12,14.61270807108564,True
VF60_T7,COMP-Y-MODULUS,Modulus,New_VF60.xlsx,Sheet1,YP4,664.34,True
VF60_T7,COMP-Y-COMP-STRENGTH,Com. Strength,New_VF60.xlsx,Sheet1,YM6,63.63180078794125,True
VF60_T7,COMP-Y-COMP-STRAIN,Com. strain,New_VF60.xlsx,Sheet1,YN6,0.22969309138238475,True
VF60_T7,COMP-Y-APS,APS,New_VF60.xlsx,Sheet1,YO6,47.59328135288502,True
VF60_T7,COMP-Y-AS,AS,New_VF60.xlsx,Sheet1,YP6,43.53913741290083,True
VF60_T7,COMP-Y-YIELD-STRENGTH,Yield strength,New_VF60.xlsx,Sheet1,YM8,32.99656857265314,True
VF60_T7,COMP-Y-YIELD-STRAIN,Yield strain,New_VF60.xlsx,Sheet1,YN8,0.05165975804905142,True
VF60_T7,COMP-Y-LCC,LCC,New_VF60.xlsx,Sheet1,YO8,0.26717995402461636,True
VF60_T7,COMP-Y-EAS,EAS,New_VF60.xlsx,Sheet1,YP8,0.35646732622160177,True
VF60_T7,COMP-Y-DENSIF-STRENGTH,Densif. strength,New_VF60.xlsx,Sheet1,YM10,1.0253171025400691,True
VF60_T7,COMP-Y-DENSIFI-STRAIN,Densifi. strain,New_VF60.xlsx,Sheet1,YN10,0.38965975804905145,True
VF60_T7,COMP-Y-EAE,EAE,New_VF60.xlsx,Sheet1,YO10,68.42355060482879,True
VF60_T7,COMP-Y-SE,SE,New_VF60.xlsx,Sheet1,YP10,0.7479480505587757,True
VF60_T7,COMP-Y-TOTAL-ENERGY,Total energy,New_VF60.xlsx,Sheet1,YM12,16.965449749975342,True
VF60_T7,COMP-Y-SEA,SEA,New_VF60.xlsx,Sheet1,YN12,19.561174114621913,True
VF60_T7,COMP-Y-MAX-PLATEAU-STRESS,Max. Plateau stress,New_VF60.xlsx,Sheet1,YO12,47.59328135288502,True
VF60_T8,COMP-Y-MODULUS,Modulus,New_VF60.xlsx,Sheet1,ZB4,538.89,True
VF60_T8,COMP-Y-COMP-STRENGTH,Com. Strength,New_VF60.xlsx,Sheet1,YY6,32.52912992283571,True
VF60_T8,COMP-Y-COMP-STRAIN,Com. strain,New_VF60.xlsx,Sheet1,YZ6,0.7384418197825244,True
VF60_T8,COMP-Y-APS,APS,New_VF60.xlsx,Sheet1,ZA6,20.712473934203544,True
VF60_T8,COMP-Y-AS,AS,New_VF60.xlsx,Sheet1,ZB6,18.493156873635385,True
VF60_T8,COMP-Y-YIELD-STRENGTH,Yield strength,New_VF60.xlsx,Sheet1,YY8,25.371004763034925,True
VF60_T8,COMP-Y-YIELD-STRAIN,Yield strain,New_VF60.xlsx,Sheet1,YZ8,0.04907515311585764,True
VF60_T8,COMP-Y-LCC,LCC,New_VF60.xlsx,Sheet1,ZA8,0.5198604810511526,True
VF60_T8,COMP-Y-EAS,EAS,New_VF60.xlsx,Sheet1,ZB8,0.15012562285579625,True
VF60_T8,COMP-Y-DENSIF-STRENGTH,Densif. strength,New_VF60.xlsx,Sheet1,YY10,0.6694649430029513,True
VF60_T8,COMP-Y-DENSIFI-STRAIN,Densifi. strain,New_VF60.xlsx,Sheet1,YZ10,0.16814181978252432,True
VF60_T8,COMP-Y-EAE,EAE,New_VF60.xlsx,Sheet1,ZA10,56.851065237539736,True
VF60_T8,COMP-Y-SE,SE,New_VF60.xlsx,Sheet1,ZB10,0.6367361802586433,True
VF60_T8,COMP-Y-TOTAL-ENERGY,Total energy,New_VF60.xlsx,Sheet1,YY12,3.1094730502567516,True
VF60_T8,COMP-Y-SEA,SEA,New_VF60.xlsx,Sheet1,YZ12,3.9615514943228143,True
VF60_T8,COMP-Y-MAX-PLATEAU-STRESS,Max. Plateau stress,New_VF60.xlsx,Sheet1,ZA12,20.712473934203544,True
VF60_T9,COMP-Y-MODULUS,Modulus,New_VF60.xlsx,Sheet1,ZN4,334.72,True
VF60_T9,COMP-Y-COMP-STRENGTH,Com. Strength,New_VF60.xlsx,Sheet1,ZK6,23.80379002526975,True
VF60_T9,COMP-Y-COMP-STRAIN,Com. strain,New_VF60.xlsx,Sheet1,ZL6,0.08296600594051322,True
VF60_T9,COMP-Y-APS,APS,New_VF60.xlsx,Sheet1,ZM6,17.55930617606816,True
VF60_T9,COMP-Y-AS,AS,New_VF60.xlsx,Sheet1,ZN6,15.417640079271049,True
VF60_T9,COMP-Y-YIELD-STRENGTH,Yield strength,New_VF60.xlsx,Sheet1,ZK8,21.322382278778488,True
VF60_T9,COMP-Y-YIELD-STRAIN,Yield strain,New_VF60.xlsx,Sheet1,ZL8,0.06566600594051322,True
VF60_T9,COMP-Y-LCC,LCC,New_VF60.xlsx,Sheet1,ZM8,0.35199041625185906,True
VF60_T9,COMP-Y-EAS,EAS,New_VF60.xlsx,Sheet1,ZN8,0.1757815101623329,True
VF60_T9,COMP-Y-DENSIF-STRENGTH,Densif. strength,New_VF60.xlsx,Sheet1,ZK10,4.714674718333398,True
VF60_T9,COMP-Y-DENSIFI-STRAIN,Densifi. strain,New_VF60.xlsx,Sheet1,ZL10,0.2001993392738466,True
VF60_T9,COMP-Y-EAE,EAE,New_VF60.xlsx,Sheet1,ZM10,64.76968610000303,True
VF60_T9,COMP-Y-SE,SE,New_VF60.xlsx,Sheet1,ZN10,0.7376685039410724,True
VF60_T9,COMP-Y-TOTAL-ENERGY,Total energy,New_VF60.xlsx,Sheet1,ZK12,3.08660135703204,True
VF60_T9,COMP-Y-SEA,SEA,New_VF60.xlsx,Sheet1,ZL12,4.060372861035687,True
VF60_T9,COMP-Y-MAX-PLATEAU-STRESS,Max. Plateau stress,New_VF60.xlsx,Sheet1,ZM12,17.55930617606816,True
VF60_T10,COMP-Y-MODULUS,Modulus,New_VF60.xlsx,Sheet1,ZZ4,56.735,True
VF60_T10,COMP-Y-COMP-STRENGTH,Com. Strength,New_VF60.xlsx,Sheet1,ZW6,14.182300552286543,True
VF60_T10,COMP-Y-COMP-STRAIN,Com. strain,New_VF60.xlsx,Sheet1,ZX6,0.2912272973719018,True
VF60_T10,COMP-Y-APS,APS,New_VF60.xlsx,Sheet1,ZY6,9.584319227557742,True
VF60_T10,COMP-Y-AS,AS,New_VF60.xlsx,Sheet1,ZZ6,8.351983247746443,True
VF60_T10,COMP-Y-YIELD-STRENGTH,Yield strength,New_VF60.xlsx,Sheet1,ZW8,12.62987804285258,True
VF60_T10,COMP-Y-YIELD-STRAIN,Yield strain,New_VF60.xlsx,Sheet1,ZX8,0.2245939640385684,True
VF60_T10,COMP-Y-LCC,LCC,New_VF60.xlsx,Sheet1,ZY8,0.3402629131159972,True
VF60_T10,COMP-Y-EAS,EAS,New_VF60.xlsx,Sheet1,ZZ8,0.5109382992238263,True
VF60_T10,COMP-Y-DENSIF-STRENGTH,Densif. strength,New_VF60.xlsx,Sheet1,ZW10,4.157334855772308,True
VF60_T10,COMP-Y-DENSIFI-STRAIN,Densifi. strain,New_VF60.xlsx,Sheet1,ZX10,0.5863272973719017,True
VF60_T10,COMP-Y-EAE,EAE,New_VF60.xlsx,Sheet1,ZY10,58.890186517728914,True
VF60_T10,COMP-Y-SE,SE,New_VF60.xlsx,Sheet1,ZZ10,0.6757943954313187,True
VF60_T10,COMP-Y-TOTAL-ENERGY,Total energy,New_VF60.xlsx,Sheet1,ZW12,4.89699576534657,True
VF60_T10,COMP-Y-SEA,SEA,New_VF60.xlsx,Sheet1,ZX12,4.781596532726009,True
VF60_T10,COMP-Y-MAX-PLATEAU-STRESS,Max. Plateau stress,New_VF60.xlsx,Sheet1,ZY12,9.584319227557742,True
VF60_T11,COMP-Y-MODULUS,Modulus,New_VF60.xlsx,Sheet1,AAL4,483.91,True
VF60_T11,COMP-Y-COMP-STRENGTH,Com. Strength,New_VF60.xlsx,Sheet1,AAI6,29.195540700061297,True
VF60_T11,COMP-Y-COMP-STRAIN,Com. strain,New_VF60.xlsx,Sheet1,AAJ6,0.6758999649484696,True
VF60_T11,COMP-Y-APS,APS,New_VF60.xlsx,Sheet1,AAK6,14.388556763683802,True
VF60_T11,COMP-Y-AS,AS,New_VF60.xlsx,Sheet1,AAL6,13.948203693200142,True
VF60_T11,COMP-Y-YIELD-STRENGTH,Yield strength,New_VF60.xlsx,Sheet1,AAI8,24.158932183661996,True
VF60_T11,COMP-Y-YIELD-STRAIN,Yield strain,New_VF60.xlsx,Sheet1,AAJ8,0.05189996494846966,True
VF60_T11,COMP-Y-LCC,LCC,New_VF60.xlsx,Sheet1,AAK8,0.6127089752468667,True
VF60_T11,COMP-Y-EAS,EAS,New_VF60.xlsx,Sheet1,AAL8,0.21934187831178895,True
VF60_T11,COMP-Y-DENSIF-STRENGTH,Densif. strength,New_VF60.xlsx,Sheet1,AAI10,1.6452921153571058,True
VF60_T11,COMP-Y-DENSIFI-STRAIN,Densifi. strain,New_VF60.xlsx,Sheet1,AAJ10,0.22626663161513633,True
VF60_T11,COMP-Y-EAE,EAE,New_VF60.xlsx,Sheet1,AAK10,47.775116879992765,True
VF60_T11,COMP-Y-SE,SE,New_VF60.xlsx,Sheet1,AAL10,0.4928340568001055,True
VF60_T11,COMP-Y-TOTAL-ENERGY,Total energy,New_VF60.xlsx,Sheet1,AAI12,3.1560130667422004,True
VF60_T11,COMP-Y-SEA,SEA,New_VF60.xlsx,Sheet1,AAJ12,3.932520624187303,True
VF60_T11,COMP-Y-MAX-PLATEAU-STRESS,Max. Plateau stress,New_VF60.xlsx,Sheet1,AAK12,14.388556763683802,True
VF60_T12,COMP-Y-MODULUS,Modulus,New_VF60.xlsx,Sheet1,AAX4,551.24,True
VF60_T12,COMP-Y-COMP-STRENGTH,Com. Strength,New_VF60.xlsx,Sheet1,AAU6,46.95652597173145,True
VF60_T12,COMP-Y-COMP-STRAIN,Com. strain,New_VF60.xlsx,Sheet1,AAV6,0.16983829347074791,True
VF60_T12,COMP-Y-APS,APS,New_VF60.xlsx,Sheet1,AAW6,27.534269830208842,True
VF60_T12,COMP-Y-AS,AS,New_VF60.xlsx,Sheet1,AAX6,25.55929933418136,True
VF60_T12,COMP-Y-YIELD-STRENGTH,Yield strength,New_VF60.xlsx,Sheet1,AAU8,29.79370033215548,True
VF60_T12,COMP-Y-YIELD-STRAIN,Yield strain,New_VF60.xlsx,Sheet1,AAV8,0.05603829347074791,True
VF60_T12,COMP-Y-LCC,LCC,New_VF60.xlsx,Sheet1,AAW8,0.5433767514625077,True
VF60_T12,COMP-Y-EAS,EAS,New_VF60.xlsx,Sheet1,AAX8,0.3208155030804024,True
VF60_T12,COMP-Y-DENSIF-STRENGTH,Densif. strength,New_VF60.xlsx,Sheet1,AAU10,4.032230120141343,True
VF60_T12,COMP-Y-DENSIFI-STRAIN,Densifi. strain,New_VF60.xlsx,Sheet1,AAV10,0.3456049601374146,True
VF60_T12,COMP-Y-EAE,EAE,New_VF60.xlsx,Sheet1,AAW10,54.43183626822915,True
VF60_T12,COMP-Y-SE,SE,New_VF60.xlsx,Sheet1,AAX10,0.5863779157509416,True
VF60_T12,COMP-Y-TOTAL-ENERGY,Total energy,New_VF60.xlsx,Sheet1,AAU12,8.833420627529996,True
VF60_T12,COMP-Y-SEA,SEA,New_VF60.xlsx,Sheet1,AAV12,11.297273388907621,True
VF60_T12,COMP-Y-MAX-PLATEAU-STRESS,Max. Plateau stress,New_VF60.xlsx,Sheet1,AAW12,27.534269830208842,True
VF60_T13,COMP-Y-MODULUS,Modulus,New_VF60.xlsx,Sheet1,ABJ4,741.43,True
VF60_T13,COMP-Y-COMP-STRENGTH,Com. Strength,New_VF60.xlsx,Sheet1,ABG6,61.023053955515145,True
VF60_T13,COMP-Y-COMP-STRAIN,Com. strain,New_VF60.xlsx,Sheet1,ABH6,0.2074200590818538,True
VF60_T13,COMP-Y-APS,APS,New_VF60.xlsx,Sheet1,ABI6,48.41006348627797,True
VF60_T13,COMP-Y-AS,AS,New_VF60.xlsx,Sheet1,ABJ6,44.580438190262136,True
VF60_T13,COMP-Y-YIELD-STRENGTH,Yield strength,New_VF60.xlsx,Sheet1,ABG8,39.83751586550823,True
VF60_T13,COMP-Y-YIELD-STRAIN,Yield strain,New_VF60.xlsx,Sheet1,ABH8,0.05572005908185379,True
VF60_T13,COMP-Y-LCC,LCC,New_VF60.xlsx,Sheet1,ABI8,0.24076829651056172,True
VF60_T13,COMP-Y-EAS,EAS,New_VF60.xlsx,Sheet1,ABJ8,0.3740540895194168,True
VF60_T13,COMP-Y-DENSIF-STRENGTH,Densif. strength,New_VF60.xlsx,Sheet1,ABG10,3.1863795366481416,True
VF60_T13,COMP-Y-DENSIFI-STRAIN,Densifi. strain,New_VF60.xlsx,Sheet1,ABH10,0.40618672574852044,True
VF60_T13,COMP-Y-EAE,EAE,New_VF60.xlsx,Sheet1,ABI10,73.0550755830093,True
VF60_T13,COMP-Y-SE,SE,New_VF60.xlsx,Sheet1,ABJ10,0.7933077803934256,True
VF60_T13,COMP-Y-TOTAL-ENERGY,Total energy,New_VF60.xlsx,Sheet1,ABG12,18.107982220936872,True
VF60_T13,COMP-Y-SEA,SEA,New_VF60.xlsx,Sheet1,ABH12,20.88954488544834,True
VF60_T13,COMP-Y-MAX-PLATEAU-STRESS,Max. Plateau stress,New_VF60.xlsx,Sheet1,ABI12,48.41006348627797,True
VF60_T14,COMP-Y-MODULUS,Modulus,New_VF60.xlsx,Sheet1,ABV4,552.5,True
VF60_T14,COMP-Y-COMP-STRENGTH,Com. Strength,New_VF60.xlsx,Sheet1,ABS6,38.73222929404665,True
VF60_T14,COMP-Y-COMP-STRAIN,Com. strain,New_VF60.xlsx,Sheet1,ABT6,0.13456668903799732,True
VF60_T14,COMP-Y-APS,APS,New_VF60.xlsx,Sheet1,ABU6,28.021715790829816,True
VF60_T14,COMP-Y-AS,AS,New_VF60.xlsx,Sheet1,ABV6,25.89112968885041,True
VF60_T14,COMP-Y-YIELD-STRENGTH,Yield strength,New_VF60.xlsx,Sheet1,ABS8,30.11168425792165,True
VF60_T14,COMP-Y-YIELD-STRAIN,Yield strain,New_VF60.xlsx,Sheet1,ABT8,0.056500022371330644,True
VF60_T14,COMP-Y-LCC,LCC,New_VF60.xlsx,Sheet1,ABU8,0.3712430501106896,True
VF60_T14,COMP-Y-EAS,EAS,New_VF60.xlsx,Sheet1,ABV8,0.3069725267260907,True
VF60_T14,COMP-Y-DENSIF-STRENGTH,Densif. strength,New_VF60.xlsx,Sheet1,ABS10,7.003117424556635,True
VF60_T14,COMP-Y-DENSIFI-STRAIN,Densifi. strain,New_VF60.xlsx,Sheet1,ABT10,0.33223335570466395,True
VF60_T14,COMP-Y-EAE,EAE,New_VF60.xlsx,Sheet1,ABU10,66.84647426898822,True
VF60_T14,COMP-Y-SE,SE,New_VF60.xlsx,Sheet1,ABV10,0.7234728364870262,True
VF60_T14,COMP-Y-TOTAL-ENERGY,Total energy,New_VF60.xlsx,Sheet1,ABS12,8.601896899511424,True
VF60_T14,COMP-Y-SEA,SEA,New_VF60.xlsx,Sheet1,ABT12,10.98516305563069,True
VF60_T14,COMP-Y-MAX-PLATEAU-STRESS,Max. Plateau stress,New_VF60.xlsx,Sheet1,ABU12,28.021715790829816,True
VF60_T15,COMP-Y-MODULUS,Modulus,New_VF60.xlsx,Sheet1,ACH4,498.98,True
VF60_T15,COMP-Y-COMP-STRENGTH,Com. Strength,New_VF60.xlsx,Sheet1,ACE6,55.952892861520596,True
VF60_T15,COMP-Y-COMP-STRAIN,Com. strain,New_VF60.xlsx,Sheet1,ACF6,0.7650736716968183,True
VF60_T15,COMP-Y-APS,APS,New_VF60.xlsx,Sheet1,ACG6,23.26662428086323,True
VF60_T15,COMP-Y-AS,AS,New_VF60.xlsx,Sheet1,ACH6,21.869512006351847,True
VF60_T15,COMP-Y-YIELD-STRENGTH,Yield strength,New_VF60.xlsx,Sheet1,ACE8,26.963608850821,True
VF60_T15,COMP-Y-YIELD-STRAIN,Yield strain,New_VF60.xlsx,Sheet1,ACF8,0.05600700503015167,True
VF60_T15,COMP-Y-LCC,LCC,New_VF60.xlsx,Sheet1,ACG8,0.5063672656102968,True
VF60_T15,COMP-Y-EAS,EAS,New_VF60.xlsx,Sheet1,ACH8,0.35405520311881583,True
VF60_T15,COMP-Y-DENSIF-STRENGTH,Densif. strength,New_VF60.xlsx,Sheet1,ACE10,3.693878232719795,True
VF60_T15,COMP-Y-DENSIFI-STRAIN,Densifi. strain,New_VF60.xlsx,Sheet1,ACF10,0.37667367169681837,True
VF60_T15,COMP-Y-EAE,EAE,New_VF60.xlsx,Sheet1,ACG10,39.08557875725447,True
VF60_T15,COMP-Y-SE,SE,New_VF60.xlsx,Sheet1,ACH10,0.4158252253095557,True
VF60_T15,COMP-Y-TOTAL-ENERGY,Total energy,New_VF60.xlsx,Sheet1,ACE12,8.237669385650204,True
VF60_T15,COMP-Y-SEA,SEA,New_VF60.xlsx,Sheet1,ACF12,10.407405460373475,True
VF60_T15,COMP-Y-MAX-PLATEAU-STRESS,Max. Plateau stress,New_VF60.xlsx,Sheet1,ACG12,23.26662428086323,True
VF60_T16,COMP-Y-MODULUS,Modulus,New_VF60.xlsx,Sheet1,ACT4,656.52,True
VF60_T16,COMP-Y-COMP-STRENGTH,Com. Strength,New_VF60.xlsx,Sheet1,ACQ6,35.02559584537661,True
VF60_T16,COMP-Y-COMP-STRAIN,Com. strain,New_VF60.xlsx,Sheet1,ACR6,0.08730849187190273,True
VF60_T16,COMP-Y-APS,APS,New_VF60.xlsx,Sheet1,ACS6,31.06124614545944,True
VF60_T16,COMP-Y-AS,AS,New_VF60.xlsx,Sheet1,ACT6,25.648246628985333,True
VF60_T16,COMP-Y-YIELD-STRENGTH,Yield strength,New_VF60.xlsx,Sheet1,ACQ8,28.673718810624614,True
VF60_T16,COMP-Y-YIELD-STRAIN,Yield strain,New_VF60.xlsx,Sheet1,ACR8,0.04567515853856939,True
VF60_T16,COMP-Y-LCC,LCC,New_VF60.xlsx,Sheet1,ACS8,0.31185925942668236,True
VF60_T16,COMP-Y-EAS,EAS,New_VF60.xlsx,Sheet1,ACT8,0.11307716664808468,True
VF60_T16,COMP-Y-DENSIF-STRENGTH,Densif. strength,New_VF60.xlsx,Sheet1,ACQ10,0.6236985202082057,True
VF60_T16,COMP-Y-DENSIFI-STRAIN,Densifi. strain,New_VF60.xlsx,Sheet1,ACR10,0.13694182520523607,True
VF60_T16,COMP-Y-EAE,EAE,New_VF60.xlsx,Sheet1,ACS10,73.22715291471883,True
VF60_T16,COMP-Y-SE,SE,New_VF60.xlsx,Sheet1,ACT10,0.8868156385570679,True
VF60_T16,COMP-Y-TOTAL-ENERGY,Total energy,New_VF60.xlsx,Sheet1,ACQ12,3.512317706687295,True
VF60_T16,COMP-Y-SEA,SEA,New_VF60.xlsx,Sheet1,ACR12,4.27858521111983,True
VF60_T16,COMP-Y-MAX-PLATEAU-STRESS,Max. Plateau stress,New_VF60.xlsx,Sheet1,ACS12,31.06124614545944,True
VF60_T17,COMP-Y-MODULUS,Modulus,New_VF60.xlsx,Sheet1,ADF4,684.36,True
VF60_T17,COMP-Y-COMP-STRENGTH,Com. Strength,New_VF60.xlsx,Sheet1,ADC6,0.17468480797487687,True
VF60_T17,COMP-Y-COMP-STRAIN,Com. strain,New_VF60.xlsx,Sheet1,ADD6,0.0,True
VF60_T17,COMP-Y-APS,APS,New_VF60.xlsx,Sheet1,ADE6,,False
VF60_T17,COMP-Y-AS,AS,New_VF60.xlsx,Sheet1,ADF6,,False
VF60_T17,COMP-Y-YIELD-STRENGTH,Yield strength,New_VF60.xlsx,Sheet1,ADC8,,False
VF60_T17,COMP-Y-YIELD-STRAIN,Yield strain,New_VF60.xlsx,Sheet1,ADD8,,False
VF60_T17,COMP-Y-LCC,LCC,New_VF60.xlsx,Sheet1,ADE8,,False
VF60_T17,COMP-Y-EAS,EAS,New_VF60.xlsx,Sheet1,ADF8,,False
VF60_T17,COMP-Y-DENSIF-STRENGTH,Densif. strength,New_VF60.xlsx,Sheet1,ADC10,0.0,True
VF60_T17,COMP-Y-DENSIFI-STRAIN,Densifi. strain,New_VF60.xlsx,Sheet1,ADD10,0.0,True
VF60_T17,COMP-Y-EAE,EAE,New_VF60.xlsx,Sheet1,ADE10,,False
VF60_T17,COMP-Y-SE,SE,New_VF60.xlsx,Sheet1,ADF10,,False
VF60_T17,COMP-Y-TOTAL-ENERGY,Total energy,New_VF60.xlsx,Sheet1,ADC12,,False
VF60_T17,COMP-Y-SEA,SEA,New_VF60.xlsx,Sheet1,ADD12,,False
VF60_T17,COMP-Y-MAX-PLATEAU-STRESS,Max. Plateau stress,New_VF60.xlsx,Sheet1,ADE12,,False
VF30_VF30_C50_R,COMP-Y-MODULUS,Modulus,Voronoi_Summary.xlsx,Raw data,E2,226.22,True
VF30_VF30_C50_R,COMP-Y-COMP-STRENGTH,Com. Strength,Voronoi_Summary.xlsx,Raw data,F2,10.34740885385549,True
VF30_VF30_C50_R,COMP-Y-COMP-STRAIN,Com. strain,Voronoi_Summary.xlsx,Raw data,G2,0.04817291720584324,True
VF30_VF30_C50_R,COMP-Y-APS,APS,Voronoi_Summary.xlsx,Raw data,H2,7.167653454584276,True
VF30_VF30_C50_R,COMP-Y-AS,AS,Voronoi_Summary.xlsx,Raw data,I2,5.789019327328425,True
VF30_VF30_C50_R,COMP-Y-YIELD-STRENGTH,Yield strength,Voronoi_Summary.xlsx,Raw data,J2,10.10552137415498,True
VF30_VF30_C50_R,COMP-Y-YIELD-STRAIN,Yield strain,Voronoi_Summary.xlsx,Raw data,K2,0.04664417011378608,True
VF30_VF30_C50_R,COMP-Y-LCC,LCC,Voronoi_Summary.xlsx,Raw data,L2,0.5025383013589668,True
VF30_VF30_C50_R,COMP-Y-EAS,EAS,Voronoi_Summary.xlsx,Raw data,M2,0.05267694556131694,True
VF30_VF30_C50_R,COMP-Y-DENSIF-STRENGTH,Densif. strength,Voronoi_Summary.xlsx,Raw data,N2,0.1343819331669545,True
VF30_VF30_C50_R,COMP-Y-DENSIFI-STRAIN,Densifi. strain,Voronoi_Summary.xlsx,Raw data,O2,0.06522177064552419,True
VF30_VF30_C50_R,COMP-Y-EAE,EAE,Voronoi_Summary.xlsx,Raw data,P2,55.94656023639589,True
VF30_VF30_C50_R,COMP-Y-SE,SE,Voronoi_Summary.xlsx,Raw data,Q2,0.6927003229328833,True
VF30_VF30_C50_R,COMP-Y-TOTAL-ENERGY,Total energy,Voronoi_Summary.xlsx,Raw data,R2,0.3775700908295212,True
VF30_VF30_C50_R,COMP-Y-SEA,SEA,Voronoi_Summary.xlsx,Raw data,S2,0.7531539185672804,True
VF30_VF30_C50_R,COMP-Y-MAX-PLATEAU-STRESS,Max. Plateau stress,Voronoi_Summary.xlsx,Raw data,T2,7.167653454584276,True
VF30_VF30_C50_U,COMP-Y-MODULUS,Modulus,Voronoi_Summary.xlsx,Raw data,E3,280.26,True
VF30_VF30_C50_U,COMP-Y-COMP-STRENGTH,Com. Strength,Voronoi_Summary.xlsx,Raw data,F3,12.75170976319714,True
VF30_VF30_C50_U,COMP-Y-COMP-STRAIN,Com. strain,Voronoi_Summary.xlsx,Raw data,G3,0.05492929623106099,True
VF30_VF30_C50_U,COMP-Y-APS,APS,Voronoi_Summary.xlsx,Raw data,H3,6.95663236549359,True
VF30_VF30_C50_U,COMP-Y-AS,AS,Voronoi_Summary.xlsx,Raw data,I3,6.572134423538198,True
VF30_VF30_C50_U,COMP-Y-YIELD-STRENGTH,Yield strength,Voronoi_Summary.xlsx,Raw data,J3,11.34370847684412,True
VF30_VF30_C50_U,COMP-Y-YIELD-STRAIN,Yield strain,Voronoi_Summary.xlsx,Raw data,K3,0.04244589649666524,True
VF30_VF30_C50_U,COMP-Y-LCC,LCC,Voronoi_Summary.xlsx,Raw data,L3,0.5720344768457786,True
VF30_VF30_C50_U,COMP-Y-EAS,EAS,Voronoi_Summary.xlsx,Raw data,M3,0.1119582760275561,True
VF30_VF30_C50_U,COMP-Y-DENSIF-STRENGTH,Densif. strength,Voronoi_Summary.xlsx,Raw data,N3,0.1328303100333035,True
VF30_VF30_C50_U,COMP-Y-DENSIFI-STRAIN,Densifi. strain,Voronoi_Summary.xlsx,Raw data,O3,0.1185083134953372,True
VF30_VF30_C50_U,COMP-Y-EAE,EAE,Voronoi_Summary.xlsx,Raw data,P3,51.53924097697169,True
VF30_VF30_C50_U,COMP-Y-SE,SE,Voronoi_Summary.xlsx,Raw data,Q3,0.5455450676560418,True
VF30_VF30_C50_U,COMP-Y-TOTAL-ENERGY,Total energy,Voronoi_Summary.xlsx,Raw data,R3,0.7788525665981622,True
VF30_VF30_C50_U,COMP-Y-SEA,SEA,Voronoi_Summary.xlsx,Raw data,S3,1.535669337765385,True
VF30_VF30_C50_U,COMP-Y-MAX-PLATEAU-STRESS,Max. Plateau stress,Voronoi_Summary.xlsx,Raw data,T3,6.95663236549359,True
VF30_VF30_C100_R,COMP-Y-MODULUS,Modulus,Voronoi_Summary.xlsx,Raw data,E4,184.18,True
VF30_VF30_C100_R,COMP-Y-COMP-STRENGTH,Com. Strength,Voronoi_Summary.xlsx,Raw data,F4,9.109893548429937,True
VF30_VF30_C100_R,COMP-Y-COMP-STRAIN,Com. strain,Voronoi_Summary.xlsx,Raw data,G4,0.05791606959638464,True
VF30_VF30_C100_R,COMP-Y-APS,APS,Voronoi_Summary.xlsx,Raw data,H4,6.149549527761071,True
VF30_VF30_C100_R,COMP-Y-AS,AS,Voronoi_Summary.xlsx,Raw data,I4,5.375870930309556,True
VF30_VF30_C100_R,COMP-Y-YIELD-STRENGTH,Yield strength,Voronoi_Summary.xlsx,Raw data,J4,8.46835174924473,True
VF30_VF30_C100_R,COMP-Y-YIELD-STRAIN,Yield strain,Voronoi_Summary.xlsx,Raw data,K4,0.04794266534106548,True
VF30_VF30_C100_R,COMP-Y-LCC,LCC,Voronoi_Summary.xlsx,Raw data,L4,0.4736100965087107,True
VF30_VF30_C100_R,COMP-Y-EAS,EAS,Voronoi_Summary.xlsx,Raw data,M4,0.09587937649800354,True
VF30_VF30_C100_R,COMP-Y-DENSIF-STRENGTH,Densif. strength,Voronoi_Summary.xlsx,Raw data,N4,0.1283083598370414,True
VF30_VF30_C100_R,COMP-Y-DENSIFI-STRAIN,Densifi. strain,Voronoi_Summary.xlsx,Raw data,O4,0.109678037681491,True
VF30_VF30_C100_R,COMP-Y-EAE,EAE,Voronoi_Summary.xlsx,Raw data,P4,59.01134740741367,True
VF30_VF30_C100_R,COMP-Y-SE,SE,Voronoi_Summary.xlsx,Raw data,Q4,0.6750407669495685,True
VF30_VF30_C100_R,COMP-Y-TOTAL-ENERGY,Total energy,Voronoi_Summary.xlsx,Raw data,R4,0.5896149744653236,True
VF30_VF30_C100_R,COMP-Y-SEA,SEA,Voronoi_Summary.xlsx,Raw data,S4,1.122971487161415,True
VF30_VF30_C100_R,COMP-Y-MAX-PLATEAU-STRESS,Max. Plateau stress,Voronoi_Summary.xlsx,Raw data,T4,6.149549527761071,True
VF30_VF30_C100_U,COMP-Y-MODULUS,Modulus,Voronoi_Summary.xlsx,Raw data,E5,244.28,True
VF30_VF30_C100_U,COMP-Y-COMP-STRENGTH,Com. Strength,Voronoi_Summary.xlsx,Raw data,F5,12.55060349695122,True
VF30_VF30_C100_U,COMP-Y-COMP-STRAIN,Com. strain,Voronoi_Summary.xlsx,Raw data,G5,0.0633057550125852,True
VF30_VF30_C100_U,COMP-Y-APS,APS,Voronoi_Summary.xlsx,Raw data,H5,7.189588685259467,True
VF30_VF30_C100_U,COMP-Y-AS,AS,Voronoi_Summary.xlsx,Raw data,I5,6.589000488305069,True
VF30_VF30_C100_U,COMP-Y-YIELD-STRENGTH,Yield strength,Voronoi_Summary.xlsx,Raw data,J5,11.16160390045069,True
VF30_VF30_C100_U,COMP-Y-YIELD-STRAIN,Yield strain,Voronoi_Summary.xlsx,Raw data,K5,0.04756870321975654,True
VF30_VF30_C100_U,COMP-Y-LCC,LCC,Voronoi_Summary.xlsx,Raw data,L5,0.5295359325696638,True
VF30_VF30_C100_U,COMP-Y-EAS,EAS,Voronoi_Summary.xlsx,Raw data,M5,0.1027452901765864,True
VF30_VF30_C100_U,COMP-Y-DENSIF-STRENGTH,Densif. strength,Voronoi_Summary.xlsx,Raw data,N5,0.1488213853393426,True
VF30_VF30_C100_U,COMP-Y-DENSIFI-STRAIN,Densifi. strain,Voronoi_Summary.xlsx,Raw data,O5,0.1121105358890792,True
VF30_VF30_C100_U,COMP-Y-EAE,EAE,Voronoi_Summary.xlsx,Raw data,P5,52.49947135933073,True
VF30_VF30_C100_U,COMP-Y-SE,SE,Voronoi_Summary.xlsx,Raw data,Q5,0.5728480456741345,True
VF30_VF30_C100_U,COMP-Y-TOTAL-ENERGY,Total energy,Voronoi_Summary.xlsx,Raw data,R5,0.7386963757172861,True
VF30_VF30_C100_U,COMP-Y-SEA,SEA,Voronoi_Summary.xlsx,Raw data,S5,1.359863560427873,True
VF30_VF30_C100_U,COMP-Y-MAX-PLATEAU-STRESS,Max. Plateau stress,Voronoi_Summary.xlsx,Raw data,T5,7.189588685259467,True
VF30_VF30_C200_R,COMP-Y-MODULUS,Modulus,Voronoi_Summary.xlsx,Raw data,E6,188.43,True
VF30_VF30_C200_R,COMP-Y-COMP-STRENGTH,Com. Strength,Voronoi_Summary.xlsx,Raw data,F6,11.88741949163734,True
VF30_VF30_C200_R,COMP-Y-COMP-STRAIN,Com. strain,Voronoi_Summary.xlsx,Raw data,G6,0.7909535848994288,True
VF30_VF30_C200_R,COMP-Y-APS,APS,Voronoi_Summary.xlsx,Raw data,H6,2.720782732773857,True
VF30_VF30_C200_R,COMP-Y-AS,AS,Voronoi_Summary.xlsx,Raw data,I6,2.923945596709286,True
VF30_VF30_C200_R,COMP-Y-YIELD-STRENGTH,Yield strength,Voronoi_Summary.xlsx,Raw data,J6,8.367810975485895,True
VF30_VF30_C200_R,COMP-Y-YIELD-STRAIN,Yield strain,Voronoi_Summary.xlsx,Raw data,K6,0.04632438636268128,True
VF30_VF30_C200_R,COMP-Y-LCC,LCC,Voronoi_Summary.xlsx,Raw data,L6,0.6140940918506476,True
VF30_VF30_C200_R,COMP-Y-EAS,EAS,Voronoi_Summary.xlsx,Raw data,M6,0.3952363188641473,True
VF30_VF30_C200_R,COMP-Y-DENSIF-STRENGTH,Densif. strength,Voronoi_Summary.xlsx,Raw data,N6,0.4428646477276658,True
VF30_VF30_C200_R,COMP-Y-DENSIFI-STRAIN,Densifi. strain,Voronoi_Summary.xlsx,Raw data,O6,0.3677743364790764,True
VF30_VF30_C200_R,COMP-Y-EAE,EAE,Voronoi_Summary.xlsx,Raw data,P6,24.59697496808493,True
VF30_VF30_C200_R,COMP-Y-SE,SE,Voronoi_Summary.xlsx,Raw data,Q6,0.2288791721944275,True
VF30_VF30_C200_R,COMP-Y-TOTAL-ENERGY,Total energy,Voronoi_Summary.xlsx,Raw data,R6,1.075352151730675,True
VF30_VF30_C200_R,COMP-Y-SEA,SEA,Voronoi_Summary.xlsx,Raw data,S6,1.860301758402704,True
VF30_VF30_C200_R,COMP-Y-MAX-PLATEAU-STRESS,Max. Plateau stress,Voronoi_Summary.xlsx,Raw data,T6,2.720782732773857,True
VF30_VF30_C200_U,COMP-Y-MODULUS,Modulus,Voronoi_Summary.xlsx,Raw data,E7,225.6,True
VF30_VF30_C200_U,COMP-Y-COMP-STRENGTH,Com. Strength,Voronoi_Summary.xlsx,Raw data,F7,12.06969178603731,True
VF30_VF30_C200_U,COMP-Y-COMP-STRAIN,Com. strain,Voronoi_Summary.xlsx,Raw data,G7,0.05886798702697207,True
VF30_VF30_C200_U,COMP-Y-APS,APS,Voronoi_Summary.xlsx,Raw data,H7,4.009881123678777,True
VF30_VF30_C200_U,COMP-Y-AS,AS,Voronoi_Summary.xlsx,Raw data,I7,4.159848959151546,True
VF30_VF30_C200_U,COMP-Y-YIELD-STRENGTH,Yield strength,Voronoi_Summary.xlsx,Raw data,J7,11.53206631672607,True
VF30_VF30_C200_U,COMP-Y-YIELD-STRAIN,Yield strain,Voronoi_Summary.xlsx,Raw data,K7,0.05309109459669318,True
VF30_VF30_C200_U,COMP-Y-LCC,LCC,Voronoi_Summary.xlsx,Raw data,L7,0.3952541024406882,True
VF30_VF30_C200_U,COMP-Y-EAS,EAS,Voronoi_Summary.xlsx,Raw data,M7,0.7135085382378882,True
VF30_VF30_C200_U,COMP-Y-DENSIF-STRENGTH,Densif. strength,Voronoi_Summary.xlsx,Raw data,N7,1.747282775261525,True
VF30_VF30_C200_U,COMP-Y-DENSIFI-STRAIN,Densifi. strain,Voronoi_Summary.xlsx,Raw data,O7,0.6877856497095749,True
VF30_VF30_C200_U,COMP-Y-EAE,EAE,Voronoi_Summary.xlsx,Raw data,P7,34.46524594740541,True
VF30_VF30_C200_U,COMP-Y-SE,SE,Voronoi_Summary.xlsx,Raw data,Q7,0.3322273008095837,True
VF30_VF30_C200_U,COMP-Y-TOTAL-ENERGY,Total energy,Voronoi_Summary.xlsx,Raw data,R7,2.861084419063745,True
VF30_VF30_C200_U,COMP-Y-SEA,SEA,Voronoi_Summary.xlsx,Raw data,S7,5.708155385722058,True
VF30_VF30_C200_U,COMP-Y-MAX-PLATEAU-STRESS,Max. Plateau stress,Voronoi_Summary.xlsx,Raw data,T7,4.009881123678777,True
VF30_VF30_C400_R,COMP-Y-MODULUS,Modulus,Voronoi_Summary.xlsx,Raw data,E8,193.49,True
VF30_VF30_C400_R,COMP-Y-COMP-STRENGTH,Com. Strength,Voronoi_Summary.xlsx,Raw data,F8,10.62738576382855,True
VF30_VF30_C400_R,COMP-Y-COMP-STRAIN,Com. strain,Voronoi_Summary.xlsx,Raw data,G8,0.7088348361193628,True
VF30_VF30_C400_R,COMP-Y-APS,APS,Voronoi_Summary.xlsx,Raw data,H8,5.596998255128941,True
VF30_VF30_C400_R,COMP-Y-AS,AS,Voronoi_Summary.xlsx,Raw data,I8,5.349449152063705,True
VF30_VF30_C400_R,COMP-Y-YIELD-STRENGTH,Yield strength,Voronoi_Summary.xlsx,Raw data,J8,9.236641453994194,True
VF30_VF30_C400_R,COMP-Y-YIELD-STRAIN,Yield strain,Voronoi_Summary.xlsx,Raw data,K8,0.04968505199448728,True
VF30_VF30_C400_R,COMP-Y-LCC,LCC,Voronoi_Summary.xlsx,Raw data,L8,0.5092194316464136,True
VF30_VF30_C400_R,COMP-Y-EAS,EAS,Voronoi_Summary.xlsx,Raw data,M8,0.1575392930192668,True
VF30_VF30_C400_R,COMP-Y-DENSIF-STRENGTH,Densif. strength,Voronoi_Summary.xlsx,Raw data,N8,1.653148896595552,True
VF30_VF30_C400_R,COMP-Y-DENSIFI-STRAIN,Densifi. strain,Voronoi_Summary.xlsx,Raw data,O8,0.1648295222701432,True
VF30_VF30_C400_R,COMP-Y-EAE,EAE,Voronoi_Summary.xlsx,Raw data,P8,50.33645405317958,True
VF30_VF30_C400_R,COMP-Y-SE,SE,Voronoi_Summary.xlsx,Raw data,Q8,0.526658049261647,True
VF30_VF30_C400_R,COMP-Y-TOTAL-ENERGY,Total energy,Voronoi_Summary.xlsx,Raw data,R8,0.881747148143083,True
VF30_VF30_C400_R,COMP-Y-SEA,SEA,Voronoi_Summary.xlsx,Raw data,S8,1.717239072136082,True
VF30_VF30_C400_R,COMP-Y-MAX-PLATEAU-STRESS,Max. Plateau stress,Voronoi_Summary.xlsx,Raw data,T8,5.596998255128941,True
VF30_VF30_C400_U,COMP-Y-MODULUS,Modulus,Voronoi_Summary.xlsx,Raw data,E9,252.28,True
VF30_VF30_C400_U,COMP-Y-COMP-STRENGTH,Com. Strength,Voronoi_Summary.xlsx,Raw data,F9,14.65610242845352,True
VF30_VF30_C400_U,COMP-Y-COMP-STRAIN,Com. strain,Voronoi_Summary.xlsx,Raw data,G9,0.780345231413871,True
VF30_VF30_C400_U,COMP-Y-APS,APS,Voronoi_Summary.xlsx,Raw data,H9,5.127912846222525,True
VF30_VF30_C400_U,COMP-Y-AS,AS,Voronoi_Summary.xlsx,Raw data,I9,5.201624039503403,True
VF30_VF30_C400_U,COMP-Y-YIELD-STRENGTH,Yield strength,Voronoi_Summary.xlsx,Raw data,J9,11.63264073866766,True
VF30_VF30_C400_U,COMP-Y-YIELD-STRAIN,Yield strain,Voronoi_Summary.xlsx,Raw data,K9,0.04809680896285793,True
VF30_VF30_C400_U,COMP-Y-LCC,LCC,Voronoi_Summary.xlsx,Raw data,L9,0.2673234289811405,True
VF30_VF30_C400_U,COMP-Y-EAS,EAS,Voronoi_Summary.xlsx,Raw data,M9,0.6016239646561865,True
VF30_VF30_C400_U,COMP-Y-DENSIF-STRENGTH,Densif. strength,Voronoi_Summary.xlsx,Raw data,N9,3.997118844123688,True
VF30_VF30_C400_U,COMP-Y-DENSIFI-STRAIN,Densifi. strain,Voronoi_Summary.xlsx,Raw data,O9,0.5930984695407391,True
VF30_VF30_C400_U,COMP-Y-EAE,EAE,Voronoi_Summary.xlsx,Raw data,P9,35.4911823583118,True
VF30_VF30_C400_U,COMP-Y-SE,SE,Voronoi_Summary.xlsx,Raw data,Q9,0.349882437793771,True
VF30_VF30_C400_U,COMP-Y-TOTAL-ENERGY,Total energy,Voronoi_Summary.xlsx,Raw data,R9,3.085075256955785,True
VF30_VF30_C400_U,COMP-Y-SEA,SEA,Voronoi_Summary.xlsx,Raw data,S9,5.866829957311544,True
VF30_VF30_C400_U,COMP-Y-MAX-PLATEAU-STRESS,Max. Plateau stress,Voronoi_Summary.xlsx,Raw data,T9,5.127912846222525,True
VF30_VF30_C800_R,COMP-Y-MODULUS,Modulus,Voronoi_Summary.xlsx,Raw data,E10,162.13,True
VF30_VF30_C800_R,COMP-Y-COMP-STRENGTH,Com. Strength,Voronoi_Summary.xlsx,Raw data,F10,10.75718633305655,True
VF30_VF30_C800_R,COMP-Y-COMP-STRAIN,Com. strain,Voronoi_Summary.xlsx,Raw data,G10,0.7163498730051393,True
VF30_VF30_C800_R,COMP-Y-APS,APS,Voronoi_Summary.xlsx,Raw data,H10,4.880916319803642,True
VF30_VF30_C800_R,COMP-Y-AS,AS,Voronoi_Summary.xlsx,Raw data,I10,4.805839886493085,True
VF30_VF30_C800_R,COMP-Y-YIELD-STRENGTH,Yield strength,Voronoi_Summary.xlsx,Raw data,J10,7.983472368254977,True
VF30_VF30_C800_R,COMP-Y-YIELD-STRAIN,Yield strain,Voronoi_Summary.xlsx,Raw data,K10,0.05120037134400982,True
VF30_VF30_C800_R,COMP-Y-LCC,LCC,Voronoi_Summary.xlsx,Raw data,L10,0.1954788366381524,True
VF30_VF30_C800_R,COMP-Y-EAS,EAS,Voronoi_Summary.xlsx,Raw data,M10,0.5074916478883142,True
VF30_VF30_C800_R,COMP-Y-DENSIF-STRENGTH,Densif. strength,Voronoi_Summary.xlsx,Raw data,N10,3.81084179511869,True
VF30_VF30_C800_R,COMP-Y-DENSIFI-STRAIN,Densifi. strain,Voronoi_Summary.xlsx,Raw data,O10,0.5154196404469998,True
VF30_VF30_C800_R,COMP-Y-EAE,EAE,Voronoi_Summary.xlsx,Raw data,P10,44.67562183732807,True
VF30_VF30_C800_R,COMP-Y-SE,SE,Voronoi_Summary.xlsx,Raw data,Q10,0.4537354070743121,True
VF30_VF30_C800_R,COMP-Y-TOTAL-ENERGY,Total energy,Voronoi_Summary.xlsx,Raw data,R10,2.477024266342116,True
VF30_VF30_C800_R,COMP-Y-SEA,SEA,Voronoi_Summary.xlsx,Raw data,S10,4.43413967744335,True
VF30_VF30_C800_R,COMP-Y-MAX-PLATEAU-STRESS,Max. Plateau stress,Voronoi_Summary.xlsx,Raw data,T10,4.880916319803642,True
VF30_VF30_C800_U,COMP-Y-MODULUS,Modulus,Voronoi_Summary.xlsx,Raw data,E11,181.03,True
VF30_VF30_C800_U,COMP-Y-COMP-STRENGTH,Com. Strength,Voronoi_Summary.xlsx,Raw data,F11,11.42376302581798,True
VF30_VF30_C800_U,COMP-Y-COMP-STRAIN,Com. strain,Voronoi_Summary.xlsx,Raw data,G11,0.7669683517345127,True
VF30_VF30_C800_U,COMP-Y-APS,APS,Voronoi_Summary.xlsx,Raw data,H11,5.796175728663804,True
VF30_VF30_C800_U,COMP-Y-AS,AS,Voronoi_Summary.xlsx,Raw data,I11,5.703583506927886,True
VF30_VF30_C800_U,COMP-Y-YIELD-STRENGTH,Yield strength,Voronoi_Summary.xlsx,Raw data,J11,9.166102348778853,True
VF30_VF30_C800_U,COMP-Y-YIELD-STRAIN,Yield strain,Voronoi_Summary.xlsx,Raw data,K11,0.05256410347696221,True
VF30_VF30_C800_U,COMP-Y-LCC,LCC,Voronoi_Summary.xlsx,Raw data,L11,0.2142238167682609,True
VF30_VF30_C800_U,COMP-Y-EAS,EAS,Voronoi_Summary.xlsx,Raw data,M11,0.5901132860294376,True
VF30_VF30_C800_U,COMP-Y-DENSIF-STRENGTH,Densif. strength,Voronoi_Summary.xlsx,Raw data,N11,4.334708499915124,True
VF30_VF30_C800_U,COMP-Y-DENSIFI-STRAIN,Densifi. strain,Voronoi_Summary.xlsx,Raw data,O11,0.5996932106790863,True
VF30_VF30_C800_U,COMP-Y-EAE,EAE,Voronoi_Summary.xlsx,Raw data,P11,49.92736188625105,True
VF30_VF30_C800_U,COMP-Y-SE,SE,Voronoi_Summary.xlsx,Raw data,Q11,0.5073788484201139,True
VF30_VF30_C800_U,COMP-Y-TOTAL-ENERGY,Total energy,Voronoi_Summary.xlsx,Raw data,R11,3.420400305645867,True
VF30_VF30_C800_U,COMP-Y-SEA,SEA,Voronoi_Summary.xlsx,Raw data,S11,5.731270162061669,True
VF30_VF30_C800_U,COMP-Y-MAX-PLATEAU-STRESS,Max. Plateau stress,Voronoi_Summary.xlsx,Raw data,T11,5.796175728663804,True
VF45_VF45_C50_R,COMP-Y-MODULUS,Modulus,Voronoi_Summary.xlsx,Raw data,E12,286.29,True
VF45_VF45_C50_R,COMP-Y-COMP-STRENGTH,Com. Strength,Voronoi_Summary.xlsx,Raw data,F12,12.63295993011087,True
VF45_VF45_C50_R,COMP-Y-COMP-STRAIN,Com. strain,Voronoi_Summary.xlsx,Raw data,G12,0.05530599937333536,True
VF45_VF45_C50_R,COMP-Y-APS,APS,Voronoi_Summary.xlsx,Raw data,H12,8.125600020028777,True
VF45_VF45_C50_R,COMP-Y-AS,AS,Voronoi_Summary.xlsx,Raw data,I12,6.915743952096467,True
VF45_VF45_C50_R,COMP-Y-YIELD-STRENGTH,Yield strength,Voronoi_Summary.xlsx,Raw data,J12,10.95111352489187,True
VF45_VF45_C50_R,COMP-Y-YIELD-STRAIN,Yield strain,Voronoi_Summary.xlsx,Raw data,K12,0.04022108428842026,True
VF45_VF45_C50_R,COMP-Y-LCC,LCC,Voronoi_Summary.xlsx,Raw data,L12,0.4786917261880802,True
VF45_VF45_C50_R,COMP-Y-EAS,EAS,Voronoi_Summary.xlsx,Raw data,M12,0.06801587177563688,True
VF45_VF45_C50_R,COMP-Y-DENSIF-STRENGTH,Densif. strength,Voronoi_Summary.xlsx,Raw data,N12,0.1337832367787838,True
VF45_VF45_C50_R,COMP-Y-DENSIFI-STRAIN,Densifi. strain,Voronoi_Summary.xlsx,Raw data,O12,0.07991472398205997,True
VF45_VF45_C50_R,COMP-Y-EAE,EAE,Voronoi_Summary.xlsx,Raw data,P12,54.74365461741611,True
VF45_VF45_C50_R,COMP-Y-SE,SE,Voronoi_Summary.xlsx,Raw data,Q12,0.6432063479170288,True
VF45_VF45_C50_R,COMP-Y-TOTAL-ENERGY,Total energy,Voronoi_Summary.xlsx,Raw data,R12,0.5526697690623897,True
VF45_VF45_C50_R,COMP-Y-SEA,SEA,Voronoi_Summary.xlsx,Raw data,S12,0.7839432843788675,True
VF45_VF45_C50_R,COMP-Y-MAX-PLATEAU-STRESS,Max. Plateau stress,Voronoi_Summary.xlsx,Raw data,T12,8.125600020028777,True
VF45_VF45_C50_U,COMP-Y-MODULUS,Modulus,Voronoi_Summary.xlsx,Raw data,E13,312.85,True
VF45_VF45_C50_U,COMP-Y-COMP-STRENGTH,Com. Strength,Voronoi_Summary.xlsx,Raw data,F13,17.12676596856602,True
VF45_VF45_C50_U,COMP-Y-COMP-STRAIN,Com. strain,Voronoi_Summary.xlsx,Raw data,G13,0.06726018021722484,True
VF45_VF45_C50_U,COMP-Y-APS,APS,Voronoi_Summary.xlsx,Raw data,H13,13.1137709350153,True
VF45_VF45_C50_U,COMP-Y-AS,AS,Voronoi_Summary.xlsx,Raw data,I13,10.68740683561156,True
VF45_VF45_C50_U,COMP-Y-YIELD-STRENGTH,Yield strength,Voronoi_Summary.xlsx,Raw data,J13,14.58946730655624,True
VF45_VF45_C50_U,COMP-Y-YIELD-STRAIN,Yield strain,Voronoi_Summary.xlsx,Raw data,K13,0.04859528483363135,True
VF45_VF45_C50_U,COMP-Y-LCC,LCC,Voronoi_Summary.xlsx,Raw data,L13,0.3527141831912204,True
VF45_VF45_C50_U,COMP-Y-EAS,EAS,Voronoi_Summary.xlsx,Raw data,M13,0.09094935865840907,True
VF45_VF45_C50_U,COMP-Y-DENSIF-STRENGTH,Densif. strength,Voronoi_Summary.xlsx,Raw data,N13,0.2052226858978499,True
VF45_VF45_C50_U,COMP-Y-DENSIFI-STRAIN,Densifi. strain,Voronoi_Summary.xlsx,Raw data,O13,0.1115976096426649,True
VF45_VF45_C50_U,COMP-Y-EAE,EAE,Voronoi_Summary.xlsx,Raw data,P13,62.40178008636843,True
VF45_VF45_C50_U,COMP-Y-SE,SE,Voronoi_Summary.xlsx,Raw data,Q13,0.7656886862986243,True
VF45_VF45_C50_U,COMP-Y-TOTAL-ENERGY,Total energy,Voronoi_Summary.xlsx,Raw data,R13,1.192689056132927,True
VF45_VF45_C50_U,COMP-Y-SEA,SEA,Voronoi_Summary.xlsx,Raw data,S13,1.651487123609349,True
VF45_VF45_C50_U,COMP-Y-MAX-PLATEAU-STRESS,Max. Plateau stress,Voronoi_Summary.xlsx,Raw data,T13,13.1137709350153,True
VF45_VF45_C100_R,COMP-Y-MODULUS,Modulus,Voronoi_Summary.xlsx,Raw data,E14,311.05,True
VF45_VF45_C100_R,COMP-Y-COMP-STRENGTH,Com. Strength,Voronoi_Summary.xlsx,Raw data,F14,15.25851134307732,True
VF45_VF45_C100_R,COMP-Y-COMP-STRAIN,Com. strain,Voronoi_Summary.xlsx,Raw data,G14,0.05495177957066112,True
VF45_VF45_C100_R,COMP-Y-APS,APS,Voronoi_Summary.xlsx,Raw data,H14,10.67476654188111,True
VF45_VF45_C100_R,COMP-Y-AS,AS,Voronoi_Summary.xlsx,Raw data,I14,8.891593200982337,True
VF45_VF45_C100_R,COMP-Y-YIELD-STRENGTH,Yield strength,Voronoi_Summary.xlsx,Raw data,J14,13.93089355041385,True
VF45_VF45_C100_R,COMP-Y-YIELD-STRAIN,Yield strain,Voronoi_Summary.xlsx,Raw data,K14,0.04674034340044836,True
VF45_VF45_C100_R,COMP-Y-LCC,LCC,Voronoi_Summary.xlsx,Raw data,L14,0.5080648339923911,True
VF45_VF45_C100_R,COMP-Y-EAS,EAS,Voronoi_Summary.xlsx,Raw data,M14,0.07556816406397966,True
VF45_VF45_C100_R,COMP-Y-DENSIF-STRENGTH,Densif. strength,Voronoi_Summary.xlsx,Raw data,N14,0.1818654510497892,True
VF45_VF45_C100_R,COMP-Y-DENSIFI-STRAIN,Densifi. strain,Voronoi_Summary.xlsx,Raw data,O14,0.09072305616640582,True
VF45_VF45_C100_R,COMP-Y-EAE,EAE,Voronoi_Summary.xlsx,Raw data,P14,58.27300580679774,True
VF45_VF45_C100_R,COMP-Y-SE,SE,Voronoi_Summary.xlsx,Raw data,Q14,0.6995942331375714,True
VF45_VF45_C100_R,COMP-Y-TOTAL-ENERGY,Total energy,Voronoi_Summary.xlsx,Raw data,R14,0.8066725093815527,True
VF45_VF45_C100_R,COMP-Y-SEA,SEA,Voronoi_Summary.xlsx,Raw data,S14,1.088836664459288,True
VF45_VF45_C100_R,COMP-Y-MAX-PLATEAU-STRESS,Max. Plateau stress,Voronoi_Summary.xlsx,Raw data,T14,10.67476654188111,True
VF45_VF45_C100_U,COMP-Y-MODULUS,Modulus,Voronoi_Summary.xlsx,Raw data,E15,303.27,True
VF45_VF45_C100_U,COMP-Y-COMP-STRENGTH,Com. Strength,Voronoi_Summary.xlsx,Raw data,F15,16.85048215534285,True
VF45_VF45_C100_U,COMP-Y-COMP-STRAIN,Com. strain,Voronoi_Summary.xlsx,Raw data,G15,0.06297462939868992,True
VF45_VF45_C100_U,COMP-Y-APS,APS,Voronoi_Summary.xlsx,Raw data,H15,9.771383806612487,True
VF45_VF45_C100_U,COMP-Y-AS,AS,Voronoi_Summary.xlsx,Raw data,I15,8.971406864815831,True
VF45_VF45_C100_U,COMP-Y-YIELD-STRENGTH,Yield strength,Voronoi_Summary.xlsx,Raw data,J15,15.13896721391012,True
VF45_VF45_C100_U,COMP-Y-YIELD-STRAIN,Yield strain,Voronoi_Summary.xlsx,Raw data,K15,0.05188933235255649,True
VF45_VF45_C100_U,COMP-Y-LCC,LCC,Voronoi_Summary.xlsx,Raw data,L15,0.499083169002041,True
VF45_VF45_C100_U,COMP-Y-EAS,EAS,Voronoi_Summary.xlsx,Raw data,M15,0.1163867127250634,True
VF45_VF45_C100_U,COMP-Y-DENSIF-STRENGTH,Densif. strength,Voronoi_Summary.xlsx,Raw data,N15,0.3528896786459235,True
VF45_VF45_C100_U,COMP-Y-DENSIFI-STRAIN,Densifi. strain,Voronoi_Summary.xlsx,Raw data,O15,0.1267648716821284,True
VF45_VF45_C100_U,COMP-Y-EAE,EAE,Voronoi_Summary.xlsx,Raw data,P15,53.24124723618804,True
VF45_VF45_C100_U,COMP-Y-SE,SE,Voronoi_Summary.xlsx,Raw data,Q15,0.5798874902528672,True
VF45_VF45_C100_U,COMP-Y-TOTAL-ENERGY,Total energy,Voronoi_Summary.xlsx,Raw data,R15,1.137259240026544,True
VF45_VF45_C100_U,COMP-Y-SEA,SEA,Voronoi_Summary.xlsx,Raw data,S15,1.489305214938587,True
VF45_VF45_C100_U,COMP-Y-MAX-PLATEAU-STRESS,Max. Plateau stress,Voronoi_Summary.xlsx,Raw data,T15,9.771383806612487,True
VF45_VF45_C200_R,COMP-Y-MODULUS,Modulus,Voronoi_Summary.xlsx,Raw data,E16,256.5,True
VF45_VF45_C200_R,COMP-Y-COMP-STRENGTH,Com. Strength,Voronoi_Summary.xlsx,Raw data,F16,13.37444593232798,True
VF45_VF45_C200_R,COMP-Y-COMP-STRAIN,Com. strain,Voronoi_Summary.xlsx,Raw data,G16,0.05683177425883183,True
VF45_VF45_C200_R,COMP-Y-APS,APS,Voronoi_Summary.xlsx,Raw data,H16,7.932332258449952,True
VF45_VF45_C200_R,COMP-Y-AS,AS,Voronoi_Summary.xlsx,Raw data,I16,7.37772186949542,True
VF45_VF45_C200_R,COMP-Y-YIELD-STRENGTH,Yield strength,Voronoi_Summary.xlsx,Raw data,J16,12.39003239923785,True
VF45_VF45_C200_R,COMP-Y-YIELD-STRAIN,Yield strain,Voronoi_Summary.xlsx,Raw data,K16,0.05025806907954897,True
VF45_VF45_C200_R,COMP-Y-LCC,LCC,Voronoi_Summary.xlsx,Raw data,L16,0.5325877238881964,True
VF45_VF45_C200_R,COMP-Y-EAS,EAS,Voronoi_Summary.xlsx,Raw data,M16,0.1285432119552656,True
VF45_VF45_C200_R,COMP-Y-DENSIF-STRENGTH,Densif. strength,Voronoi_Summary.xlsx,Raw data,N16,0.509179413667309,True
VF45_VF45_C200_R,COMP-Y-DENSIFI-STRAIN,Densifi. strain,Voronoi_Summary.xlsx,Raw data,O16,0.1382062762508637,True
VF45_VF45_C200_R,COMP-Y-EAE,EAE,Voronoi_Summary.xlsx,Raw data,P16,55.16282249616331,True
VF45_VF45_C200_R,COMP-Y-SE,SE,Voronoi_Summary.xlsx,Raw data,Q16,0.5930961401007536,True
VF45_VF45_C200_R,COMP-Y-TOTAL-ENERGY,Total energy,Voronoi_Summary.xlsx,Raw data,R16,1.019647466797522,True
VF45_VF45_C200_R,COMP-Y-SEA,SEA,Voronoi_Summary.xlsx,Raw data,S16,1.284443194711942,True
VF45_VF45_C200_R,COMP-Y-MAX-PLATEAU-STRESS,Max. Plateau stress,Voronoi_Summary.xlsx,Raw data,T16,7.932332258449952,True
VF45_VF45_C200_U,COMP-Y-MODULUS,Modulus,Voronoi_Summary.xlsx,Raw data,E17,312.21,True
VF45_VF45_C200_U,COMP-Y-COMP-STRENGTH,Com. Strength,Voronoi_Summary.xlsx,Raw data,F17,20.28440306126848,True
VF45_VF45_C200_U,COMP-Y-COMP-STRAIN,Com. strain,Voronoi_Summary.xlsx,Raw data,G17,0.08969972698571692,True
VF45_VF45_C200_U,COMP-Y-APS,APS,Voronoi_Summary.xlsx,Raw data,H17,6.281513912934054,True
VF45_VF45_C200_U,COMP-Y-AS,AS,Voronoi_Summary.xlsx,Raw data,I17,6.613189327330942,True
VF45_VF45_C200_U,COMP-Y-YIELD-STRENGTH,Yield strength,Voronoi_Summary.xlsx,Raw data,J17,17.55529921428484,True
VF45_VF45_C200_U,COMP-Y-YIELD-STRAIN,Yield strain,Voronoi_Summary.xlsx,Raw data,K17,0.05820838211221491,True
VF45_VF45_C200_U,COMP-Y-LCC,LCC,Voronoi_Summary.xlsx,Raw data,L17,0.5655412554700756,True
VF45_VF45_C200_U,COMP-Y-EAS,EAS,Voronoi_Summary.xlsx,Raw data,M17,0.5102997677176417,True
VF45_VF45_C200_U,COMP-Y-DENSIF-STRENGTH,Densif. strength,Voronoi_Summary.xlsx,Raw data,N17,1.664559793195696,True
VF45_VF45_C200_U,COMP-Y-DENSIFI-STRAIN,Densifi. strain,Voronoi_Summary.xlsx,Raw data,O17,0.4847063847753308,True
VF45_VF45_C200_U,COMP-Y-EAE,EAE,Voronoi_Summary.xlsx,Raw data,P17,32.60233642250149,True
VF45_VF45_C200_U,COMP-Y-SE,SE,Voronoi_Summary.xlsx,Raw data,Q17,0.3096721108312093,True
VF45_VF45_C200_U,COMP-Y-TOTAL-ENERGY,Total energy,Voronoi_Summary.xlsx,Raw data,R17,3.205455090685382,True
VF45_VF45_C200_U,COMP-Y-SEA,SEA,Voronoi_Summary.xlsx,Raw data,S17,4.604748564781751,True
VF45_VF45_C200_U,COMP-Y-MAX-PLATEAU-STRESS,Max. Plateau stress,Voronoi_Summary.xlsx,Raw data,T17,6.281513912934054,True
VF45_VF45_C400_R,COMP-Y-MODULUS,Modulus,Voronoi_Summary.xlsx,Raw data,E18,232.89,True
VF45_VF45_C400_R,COMP-Y-COMP-STRENGTH,Com. Strength,Voronoi_Summary.xlsx,Raw data,F18,16.22152331828352,True
VF45_VF45_C400_R,COMP-Y-COMP-STRAIN,Com. strain,Voronoi_Summary.xlsx,Raw data,G18,0.7516954873785113,True
VF45_VF45_C400_R,COMP-Y-APS,APS,Voronoi_Summary.xlsx,Raw data,H18,5.303717260646486,True
VF45_VF45_C400_R,COMP-Y-AS,AS,Voronoi_Summary.xlsx,Raw data,I18,5.499482521276057,True
VF45_VF45_C400_R,COMP-Y-YIELD-STRENGTH,Yield strength,Voronoi_Summary.xlsx,Raw data,J18,13.17180209466159,True
VF45_VF45_C400_R,COMP-Y-YIELD-STRAIN,Yield strain,Voronoi_Summary.xlsx,Raw data,K18,0.05853934119910927,True
VF45_VF45_C400_R,COMP-Y-LCC,LCC,Voronoi_Summary.xlsx,Raw data,L18,0.4300291282135282,True
VF45_VF45_C400_R,COMP-Y-EAS,EAS,Voronoi_Summary.xlsx,Raw data,M18,0.460272514274369,True
VF45_VF45_C400_R,COMP-Y-DENSIF-STRENGTH,Densif. strength,Voronoi_Summary.xlsx,Raw data,N18,2.507132785063428,True
VF45_VF45_C400_R,COMP-Y-DENSIFI-STRAIN,Densifi. strain,Voronoi_Summary.xlsx,Raw data,O18,0.4438881784084115,True
VF45_VF45_C400_R,COMP-Y-EAE,EAE,Voronoi_Summary.xlsx,Raw data,P18,33.90238027200262,True
VF45_VF45_C400_R,COMP-Y-SE,SE,Voronoi_Summary.xlsx,Raw data,Q18,0.3269555612368777,True
VF45_VF45_C400_R,COMP-Y-TOTAL-ENERGY,Total energy,Voronoi_Summary.xlsx,Raw data,R18,2.441155278558127,True
VF45_VF45_C400_R,COMP-Y-SEA,SEA,Voronoi_Summary.xlsx,Raw data,S18,3.389871365295835,True
VF45_VF45_C400_R,COMP-Y-MAX-PLATEAU-STRESS,Max. Plateau stress,Voronoi_Summary.xlsx,Raw data,T18,5.303717260646486,True
VF45_VF45_C400_U,COMP-Y-MODULUS,Modulus,Voronoi_Summary.xlsx,Raw data,E19,219.56,True
VF45_VF45_C400_U,COMP-Y-COMP-STRENGTH,Com. Strength,Voronoi_Summary.xlsx,Raw data,F19,18.90706707201704,True
VF45_VF45_C400_U,COMP-Y-COMP-STRAIN,Com. strain,Voronoi_Summary.xlsx,Raw data,G19,0.7516834039388026,True
VF45_VF45_C400_U,COMP-Y-APS,APS,Voronoi_Summary.xlsx,Raw data,H19,9.375725178595712,True
VF45_VF45_C400_U,COMP-Y-AS,AS,Voronoi_Summary.xlsx,Raw data,I19,9.117442832809406,True
VF45_VF45_C400_U,COMP-Y-YIELD-STRENGTH,Yield strength,Voronoi_Summary.xlsx,Raw data,J19,15.99828752247596,True
VF45_VF45_C400_U,COMP-Y-YIELD-STRAIN,Yield strain,Voronoi_Summary.xlsx,Raw data,K19,0.0748448016093517,True
VF45_VF45_C400_U,COMP-Y-LCC,LCC,Voronoi_Summary.xlsx,Raw data,L19,0.4180224616960364,True
VF45_VF45_C400_U,COMP-Y-EAS,EAS,Voronoi_Summary.xlsx,Raw data,M19,0.3315425888489199,True
VF45_VF45_C400_U,COMP-Y-DENSIF-STRENGTH,Densif. strength,Voronoi_Summary.xlsx,Raw data,N19,3.698818439539897,True
VF45_VF45_C400_U,COMP-Y-DENSIFI-STRAIN,Densifi. strain,Voronoi_Summary.xlsx,Raw data,O19,0.3409346518589357,True
VF45_VF45_C400_U,COMP-Y-EAE,EAE,Voronoi_Summary.xlsx,Raw data,P19,48.2224069871919,True
VF45_VF45_C400_U,COMP-Y-SE,SE,Voronoi_Summary.xlsx,Raw data,Q19,0.4958846944840024,True
VF45_VF45_C400_U,COMP-Y-TOTAL-ENERGY,Total energy,Voronoi_Summary.xlsx,Raw data,R19,3.108452198047624,True
VF45_VF45_C400_U,COMP-Y-SEA,SEA,Voronoi_Summary.xlsx,Raw data,S19,4.142430801707074,True
VF45_VF45_C400_U,COMP-Y-MAX-PLATEAU-STRESS,Max. Plateau stress,Voronoi_Summary.xlsx,Raw data,T19,9.375725178595712,True
VF45_VF45_C800_R,COMP-Y-MODULUS,Modulus,Voronoi_Summary.xlsx,Raw data,E20,271.41,True
VF45_VF45_C800_R,COMP-Y-COMP-STRENGTH,Com. Strength,Voronoi_Summary.xlsx,Raw data,F20,34.64469427359257,True
VF45_VF45_C800_R,COMP-Y-COMP-STRAIN,Com. strain,Voronoi_Summary.xlsx,Raw data,G20,0.7862870492369898,True
VF45_VF45_C800_R,COMP-Y-APS,APS,Voronoi_Summary.xlsx,Raw data,H20,6.301468517863746,True
VF45_VF45_C800_R,COMP-Y-AS,AS,Voronoi_Summary.xlsx,Raw data,I20,6.224750819531167,True
VF45_VF45_C800_R,COMP-Y-YIELD-STRENGTH,Yield strength,Voronoi_Summary.xlsx,Raw data,J20,11.09726242673652,True
VF45_VF45_C800_R,COMP-Y-YIELD-STRAIN,Yield strain,Voronoi_Summary.xlsx,Raw data,K20,0.04155457997809975,True
VF45_VF45_C800_R,COMP-Y-LCC,LCC,Voronoi_Summary.xlsx,Raw data,L20,0.4500982284232349,True
VF45_VF45_C800_R,COMP-Y-EAS,EAS,Voronoi_Summary.xlsx,Raw data,M20,0.360770565571659,True
VF45_VF45_C800_R,COMP-Y-DENSIF-STRENGTH,Densif. strength,Voronoi_Summary.xlsx,Raw data,N20,2.671563176806941,True
VF45_VF45_C800_R,COMP-Y-DENSIFI-STRAIN,Densifi. strain,Voronoi_Summary.xlsx,Raw data,O20,0.3652169262725498,True
VF45_VF45_C800_R,COMP-Y-EAE,EAE,Voronoi_Summary.xlsx,Raw data,P20,17.96740005951184,True
VF45_VF45_C800_R,COMP-Y-SE,SE,Voronoi_Summary.xlsx,Raw data,Q20,0.1818884146617207,True
VF45_VF45_C800_R,COMP-Y-TOTAL-ENERGY,Total energy,Voronoi_Summary.xlsx,Raw data,R20,2.273384361121708,True
VF45_VF45_C800_R,COMP-Y-SEA,SEA,Voronoi_Summary.xlsx,Raw data,S20,2.889541884891959,True
VF45_VF45_C800_R,COMP-Y-MAX-PLATEAU-STRESS,Max. Plateau stress,Voronoi_Summary.xlsx,Raw data,T20,6.301468517863746,True
VF45_VF45_C800_U,COMP-Y-MODULUS,Modulus,Voronoi_Summary.xlsx,Raw data,E21,247.29,True
VF45_VF45_C800_U,COMP-Y-COMP-STRENGTH,Com. Strength,Voronoi_Summary.xlsx,Raw data,F21,18.05498449439384,True
VF45_VF45_C800_U,COMP-Y-COMP-STRAIN,Com. strain,Voronoi_Summary.xlsx,Raw data,G21,0.7520192042328616,True
VF45_VF45_C800_U,COMP-Y-APS,APS,Voronoi_Summary.xlsx,Raw data,H21,8.914166100369975,True
VF45_VF45_C800_U,COMP-Y-AS,AS,Voronoi_Summary.xlsx,Raw data,I21,8.644452105983676,True
VF45_VF45_C800_U,COMP-Y-YIELD-STRENGTH,Yield strength,Voronoi_Summary.xlsx,Raw data,J21,13.6307000056775,True
VF45_VF45_C800_U,COMP-Y-YIELD-STRAIN,Yield strain,Voronoi_Summary.xlsx,Raw data,K21,0.05710733193489019,True
VF45_VF45_C800_U,COMP-Y-LCC,LCC,Voronoi_Summary.xlsx,Raw data,L21,0.5050203154671112,True
VF45_VF45_C800_U,COMP-Y-EAS,EAS,Voronoi_Summary.xlsx,Raw data,M21,0.3888072866181329,True
VF45_VF45_C800_U,COMP-Y-DENSIF-STRENGTH,Densif. strength,Voronoi_Summary.xlsx,Raw data,N21,3.692325657862523,True
VF45_VF45_C800_U,COMP-Y-DENSIFI-STRAIN,Densifi. strain,Voronoi_Summary.xlsx,Raw data,O21,0.4009383927928882,True
VF45_VF45_C800_U,COMP-Y-EAE,EAE,Voronoi_Summary.xlsx,Raw data,P21,47.8784798107571,True
VF45_VF45_C800_U,COMP-Y-SE,SE,Voronoi_Summary.xlsx,Raw data,Q21,0.4937232764247385,True
VF45_VF45_C800_U,COMP-Y-TOTAL-ENERGY,Total energy,Voronoi_Summary.xlsx,Raw data,R21,3.465892733948193,True
VF45_VF45_C800_U,COMP-Y-SEA,SEA,Voronoi_Summary.xlsx,Raw data,S21,4.184123878827394,True
VF45_VF45_C800_U,COMP-Y-MAX-PLATEAU-STRESS,Max. Plateau stress,Voronoi_Summary.xlsx,Raw data,T21,8.914166100369975,True
VF60_VF60_C50_R,COMP-Y-MODULUS,Modulus,Voronoi_Summary.xlsx,Raw data,E22,288.22,True
VF60_VF60_C50_R,COMP-Y-COMP-STRENGTH,Com. Strength,Voronoi_Summary.xlsx,Raw data,F22,16.16661118449132,True
VF60_VF60_C50_R,COMP-Y-COMP-STRAIN,Com. strain,Voronoi_Summary.xlsx,Raw data,G22,0.06043798908564903,True
VF60_VF60_C50_R,COMP-Y-APS,APS,Voronoi_Summary.xlsx,Raw data,H22,4.445770700132619,True
VF60_VF60_C50_R,COMP-Y-AS,AS,Voronoi_Summary.xlsx,Raw data,I22,5.141866352482378,True
VF60_VF60_C50_R,COMP-Y-YIELD-STRENGTH,Yield strength,Voronoi_Summary.xlsx,Raw data,J22,14.83090826611454,True
VF60_VF60_C50_R,COMP-Y-YIELD-STRAIN,Yield strain,Voronoi_Summary.xlsx,Raw data,K22,0.05343035042739595,True
VF60_VF60_C50_R,COMP-Y-LCC,LCC,Voronoi_Summary.xlsx,Raw data,L22,0.8545652798474503,True
VF60_VF60_C50_R,COMP-Y-EAS,EAS,Voronoi_Summary.xlsx,Raw data,M22,0.2821254244617309,True
VF60_VF60_C50_R,COMP-Y-DENSIF-STRENGTH,Densif. strength,Voronoi_Summary.xlsx,Raw data,N22,0.1535290710777903,True
VF60_VF60_C50_R,COMP-Y-DENSIFI-STRAIN,Densifi. strain,Voronoi_Summary.xlsx,Raw data,O22,0.243931844947489,True
VF60_VF60_C50_R,COMP-Y-EAE,EAE,Voronoi_Summary.xlsx,Raw data,P22,31.80546803411087,True
VF60_VF60_C50_R,COMP-Y-SE,SE,Voronoi_Summary.xlsx,Raw data,Q22,0.2749970695403042,True
VF60_VF60_C50_R,COMP-Y-TOTAL-ENERGY,Total energy,Voronoi_Summary.xlsx,Raw data,R22,1.254264945834442,True
VF60_VF60_C50_R,COMP-Y-SEA,SEA,Voronoi_Summary.xlsx,Raw data,S22,1.429207157827239,True
VF60_VF60_C50_R,COMP-Y-MAX-PLATEAU-STRESS,Max. Plateau stress,Voronoi_Summary.xlsx,Raw data,T22,4.445770700132619,True
VF60_VF60_C50_U,COMP-Y-MODULUS,Modulus,Voronoi_Summary.xlsx,Raw data,E23,340.25,True
VF60_VF60_C50_U,COMP-Y-COMP-STRENGTH,Com. Strength,Voronoi_Summary.xlsx,Raw data,F23,19.93942610733989,True
VF60_VF60_C50_U,COMP-Y-COMP-STRAIN,Com. strain,Voronoi_Summary.xlsx,Raw data,G23,0.07518967134195977,True
VF60_VF60_C50_U,COMP-Y-APS,APS,Voronoi_Summary.xlsx,Raw data,H23,16.02244639571913,True
VF60_VF60_C50_U,COMP-Y-AS,AS,Voronoi_Summary.xlsx,Raw data,I23,13.17194393278978,True
VF60_VF60_C50_U,COMP-Y-YIELD-STRENGTH,Yield strength,Voronoi_Summary.xlsx,Raw data,J23,16.55935982297298,True
VF60_VF60_C50_U,COMP-Y-YIELD-STRAIN,Yield strain,Voronoi_Summary.xlsx,Raw data,K23,0.05066262188958671,True
VF60_VF60_C50_U,COMP-Y-LCC,LCC,Voronoi_Summary.xlsx,Raw data,L23,0.3481622416244283,True
VF60_VF60_C50_U,COMP-Y-EAS,EAS,Voronoi_Summary.xlsx,Raw data,M23,0.1090703137510242,True
VF60_VF60_C50_U,COMP-Y-DENSIF-STRENGTH,Densif. strength,Voronoi_Summary.xlsx,Raw data,N23,0.3854461552348232,True
VF60_VF60_C50_U,COMP-Y-DENSIFI-STRAIN,Densifi. strain,Voronoi_Summary.xlsx,Raw data,O23,0.1326739063237055,True
VF60_VF60_C50_U,COMP-Y-EAE,EAE,Voronoi_Summary.xlsx,Raw data,P23,66.05979460933963,True
VF60_VF60_C50_U,COMP-Y-SE,SE,Voronoi_Summary.xlsx,Raw data,Q23,0.8035560456687922,True
VF60_VF60_C50_U,COMP-Y-TOTAL-ENERGY,Total energy,Voronoi_Summary.xlsx,Raw data,R23,1.747573255440052,True
VF60_VF60_C50_U,COMP-Y-SEA,SEA,Voronoi_Summary.xlsx,Raw data,S23,1.922830646162025,True
VF60_VF60_C50_U,COMP-Y-MAX-PLATEAU-STRESS,Max. Plateau stress,Voronoi_Summary.xlsx,Raw data,T23,16.02244639571913,True
VF60_VF60_C100_R,COMP-Y-MODULUS,Modulus,Voronoi_Summary.xlsx,Raw data,E24,311.36,True
VF60_VF60_C100_R,COMP-Y-COMP-STRENGTH,Com. Strength,Voronoi_Summary.xlsx,Raw data,F24,16.21281083955487,True
VF60_VF60_C100_R,COMP-Y-COMP-STRAIN,Com. strain,Voronoi_Summary.xlsx,Raw data,G24,0.0599534657077794,True
VF60_VF60_C100_R,COMP-Y-APS,APS,Voronoi_Summary.xlsx,Raw data,H24,10.52515118618546,True
VF60_VF60_C100_R,COMP-Y-AS,AS,Voronoi_Summary.xlsx,Raw data,I24,9.513917058973739,True
VF60_VF60_C100_R,COMP-Y-YIELD-STRENGTH,Yield strength,Voronoi_Summary.xlsx,Raw data,J24,15.05679175680492,True
VF60_VF60_C100_R,COMP-Y-YIELD-STRAIN,Yield strain,Voronoi_Summary.xlsx,Raw data,K24,0.05034255782616982,True
VF60_VF60_C100_R,COMP-Y-LCC,LCC,Voronoi_Summary.xlsx,Raw data,L24,0.4222952877535799,True
VF60_VF60_C100_R,COMP-Y-EAS,EAS,Voronoi_Summary.xlsx,Raw data,M24,0.1238737263317394,True
VF60_VF60_C100_R,COMP-Y-DENSIF-STRENGTH,Densif. strength,Voronoi_Summary.xlsx,Raw data,N24,1.070388039583288,True
VF60_VF60_C100_R,COMP-Y-DENSIFI-STRAIN,Densifi. strain,Voronoi_Summary.xlsx,Raw data,O24,0.1370402631803434,True
VF60_VF60_C100_R,COMP-Y-EAE,EAE,Voronoi_Summary.xlsx,Raw data,P24,58.68147820341157,True
VF60_VF60_C100_R,COMP-Y-SE,SE,Voronoi_Summary.xlsx,Raw data,Q24,0.6491873180008332,True
VF60_VF60_C100_R,COMP-Y-TOTAL-ENERGY,Total energy,Voronoi_Summary.xlsx,Raw data,R24,1.30378969763772,True
VF60_VF60_C100_R,COMP-Y-SEA,SEA,Voronoi_Summary.xlsx,Raw data,S24,1.381029020613917,True
VF60_VF60_C100_R,COMP-Y-MAX-PLATEAU-STRESS,Max. Plateau stress,Voronoi_Summary.xlsx,Raw data,T24,10.52515118618546,True
VF60_VF60_C100_U,COMP-Y-MODULUS,Modulus,Voronoi_Summary.xlsx,Raw data,E25,381.44,True
VF60_VF60_C100_U,COMP-Y-COMP-STRENGTH,Com. Strength,Voronoi_Summary.xlsx,Raw data,F25,23.56389048374323,True
VF60_VF60_C100_U,COMP-Y-COMP-STRAIN,Com. strain,Voronoi_Summary.xlsx,Raw data,G25,0.0944789610325169,True
VF60_VF60_C100_U,COMP-Y-APS,APS,Voronoi_Summary.xlsx,Raw data,H25,6.890276011746352,True
VF60_VF60_C100_U,COMP-Y-AS,AS,Voronoi_Summary.xlsx,Raw data,I25,7.262728236792803,True
VF60_VF60_C100_U,COMP-Y-YIELD-STRENGTH,Yield strength,Voronoi_Summary.xlsx,Raw data,J25,19.74079848125413,True
VF60_VF60_C100_U,COMP-Y-YIELD-STRAIN,Yield strain,Voronoi_Summary.xlsx,Raw data,K25,0.05374440343652358,True
VF60_VF60_C100_U,COMP-Y-LCC,LCC,Voronoi_Summary.xlsx,Raw data,L25,0.7173802884732152,True
VF60_VF60_C100_U,COMP-Y-EAS,EAS,Voronoi_Summary.xlsx,Raw data,M25,0.5014641729814865,True
VF60_VF60_C100_U,COMP-Y-DENSIF-STRENGTH,Densif. strength,Voronoi_Summary.xlsx,Raw data,N25,2.003925547773098,True
VF60_VF60_C100_U,COMP-Y-DENSIFI-STRAIN,Densifi. strain,Voronoi_Summary.xlsx,Raw data,O25,0.4757477423346872,True
VF60_VF60_C100_U,COMP-Y-EAE,EAE,Voronoi_Summary.xlsx,Raw data,P25,30.82143095938836,True
VF60_VF60_C100_U,COMP-Y-SE,SE,Voronoi_Summary.xlsx,Raw data,Q25,0.2924082513666394,True
VF60_VF60_C100_U,COMP-Y-TOTAL-ENERGY,Total energy,Voronoi_Summary.xlsx,Raw data,R25,3.455226561844559,True
VF60_VF60_C100_U,COMP-Y-SEA,SEA,Voronoi_Summary.xlsx,Raw data,S25,3.64463695688949,True
VF60_VF60_C100_U,COMP-Y-MAX-PLATEAU-STRESS,Max. Plateau stress,Voronoi_Summary.xlsx,Raw data,T25,6.890276011746352,True
VF60_VF60_C200_R,COMP-Y-MODULUS,Modulus,Voronoi_Summary.xlsx,Raw data,E26,287.43,True
VF60_VF60_C200_R,COMP-Y-COMP-STRENGTH,Com. Strength,Voronoi_Summary.xlsx,Raw data,F26,17.23311763689027,True
VF60_VF60_C200_R,COMP-Y-COMP-STRAIN,Com. strain,Voronoi_Summary.xlsx,Raw data,G26,0.07749236403037169,True
VF60_VF60_C200_R,COMP-Y-APS,APS,Voronoi_Summary.xlsx,Raw data,H26,5.87721883629097,True
VF60_VF60_C200_R,COMP-Y-AS,AS,Voronoi_Summary.xlsx,Raw data,I26,6.154309368362762,True
VF60_VF60_C200_R,COMP-Y-YIELD-STRENGTH,Yield strength,Voronoi_Summary.xlsx,Raw data,J26,14.49236674490172,True
VF60_VF60_C200_R,COMP-Y-YIELD-STRAIN,Yield strain,Voronoi_Summary.xlsx,Raw data,K26,0.05240930755196638,True
VF60_VF60_C200_R,COMP-Y-LCC,LCC,Voronoi_Summary.xlsx,Raw data,L26,0.7156603646560353,True
VF60_VF60_C200_R,COMP-Y-EAS,EAS,Voronoi_Summary.xlsx,Raw data,M26,0.3180236279634449,True
VF60_VF60_C200_R,COMP-Y-DENSIF-STRENGTH,Densif. strength,Voronoi_Summary.xlsx,Raw data,N26,0.1809929834332062,True
VF60_VF60_C200_R,COMP-Y-DENSIFI-STRAIN,Densifi. strain,Voronoi_Summary.xlsx,Raw data,O26,0.3037049886150893,True
VF60_VF60_C200_R,COMP-Y-EAE,EAE,Voronoi_Summary.xlsx,Raw data,P26,35.71210675884014,True
VF60_VF60_C200_R,COMP-Y-SE,SE,Voronoi_Summary.xlsx,Raw data,Q26,0.3410421120615943,True
VF60_VF60_C200_R,COMP-Y-TOTAL-ENERGY,Total energy,Voronoi_Summary.xlsx,Raw data,R26,1.86909445665235,True
VF60_VF60_C200_R,COMP-Y-SEA,SEA,Voronoi_Summary.xlsx,Raw data,S26,1.793412647707231,True
VF60_VF60_C200_R,COMP-Y-MAX-PLATEAU-STRESS,Max. Plateau stress,Voronoi_Summary.xlsx,Raw data,T26,5.87721883629097,True
VF60_VF60_C200_U,COMP-Y-MODULUS,Modulus,Voronoi_Summary.xlsx,Raw data,E27,325.13,True
VF60_VF60_C200_U,COMP-Y-COMP-STRENGTH,Com. Strength,Voronoi_Summary.xlsx,Raw data,F27,25.11328798770464,True
VF60_VF60_C200_U,COMP-Y-COMP-STRAIN,Com. strain,Voronoi_Summary.xlsx,Raw data,G27,0.1279987184910367,True
VF60_VF60_C200_U,COMP-Y-APS,APS,Voronoi_Summary.xlsx,Raw data,H27,9.132874921985515,True
VF60_VF60_C200_U,COMP-Y-AS,AS,Voronoi_Summary.xlsx,Raw data,I27,9.284781495838413,True
VF60_VF60_C200_U,COMP-Y-YIELD-STRENGTH,Yield strength,Voronoi_Summary.xlsx,Raw data,J27,20.06009751723033,True
VF60_VF60_C200_U,COMP-Y-YIELD-STRAIN,Yield strain,Voronoi_Summary.xlsx,Raw data,K27,0.06368212387846603,True
VF60_VF60_C200_U,COMP-Y-LCC,LCC,Voronoi_Summary.xlsx,Raw data,L27,0.6502718794816755,True
VF60_VF60_C200_U,COMP-Y-EAS,EAS,Voronoi_Summary.xlsx,Raw data,M27,0.4966159439882101,True
VF60_VF60_C200_U,COMP-Y-DENSIF-STRENGTH,Densif. strength,Voronoi_Summary.xlsx,Raw data,N27,2.824290746337604,True
VF60_VF60_C200_U,COMP-Y-DENSIFI-STRAIN,Densifi. strain,Voronoi_Summary.xlsx,Raw data,O27,0.4884909033929323,True
VF60_VF60_C200_U,COMP-Y-EAE,EAE,Voronoi_Summary.xlsx,Raw data,P27,36.97158850877751,True
VF60_VF60_C200_U,COMP-Y-SE,SE,Voronoi_Summary.xlsx,Raw data,Q27,0.3636670326265892,True
VF60_VF60_C200_U,COMP-Y-TOTAL-ENERGY,Total energy,Voronoi_Summary.xlsx,Raw data,R27,4.535531300708088,True
VF60_VF60_C200_U,COMP-Y-SEA,SEA,Voronoi_Summary.xlsx,Raw data,S27,5.13902959446297,True
VF60_VF60_C200_U,COMP-Y-MAX-PLATEAU-STRESS,Max. Plateau stress,Voronoi_Summary.xlsx,Raw data,T27,9.132874921985515,True
VF60_VF60_C400_R,COMP-Y-MODULUS,Modulus,Voronoi_Summary.xlsx,Raw data,E28,291.02,True
VF60_VF60_C400_R,COMP-Y-COMP-STRENGTH,Com. Strength,Voronoi_Summary.xlsx,Raw data,F28,18.51057336484461,True
VF60_VF60_C400_R,COMP-Y-COMP-STRAIN,Com. strain,Voronoi_Summary.xlsx,Raw data,G28,0.6304824301864232,True
VF60_VF60_C400_R,COMP-Y-APS,APS,Voronoi_Summary.xlsx,Raw data,H28,8.85246692523165,True
VF60_VF60_C400_R,COMP-Y-AS,AS,Voronoi_Summary.xlsx,Raw data,I28,8.790680074054999,True
VF60_VF60_C400_R,COMP-Y-YIELD-STRENGTH,Yield strength,Voronoi_Summary.xlsx,Raw data,J28,16.66683246052017,True
VF60_VF60_C400_R,COMP-Y-YIELD-STRAIN,Yield strain,Voronoi_Summary.xlsx,Raw data,K28,0.05923864909189589,True
VF60_VF60_C400_R,COMP-Y-LCC,LCC,Voronoi_Summary.xlsx,Raw data,L28,0.5128127951419966,True
VF60_VF60_C400_R,COMP-Y-EAS,EAS,Voronoi_Summary.xlsx,Raw data,M28,0.2627319578453903,True
VF60_VF60_C400_R,COMP-Y-DENSIF-STRENGTH,Densif. strength,Voronoi_Summary.xlsx,Raw data,N28,2.985104321287193,True
VF60_VF60_C400_R,COMP-Y-DENSIFI-STRAIN,Densifi. strain,Voronoi_Summary.xlsx,Raw data,O28,0.2645786159244,True
VF60_VF60_C400_R,COMP-Y-EAE,EAE,Voronoi_Summary.xlsx,Raw data,P28,47.49004744904505,True
VF60_VF60_C400_R,COMP-Y-SE,SE,Voronoi_Summary.xlsx,Raw data,Q28,0.4782383965503904,True
VF60_VF60_C400_R,COMP-Y-TOTAL-ENERGY,Total energy,Voronoi_Summary.xlsx,Raw data,R28,2.325825967027673,True
VF60_VF60_C400_R,COMP-Y-SEA,SEA,Voronoi_Summary.xlsx,Raw data,S28,2.525933054993636,True
VF60_VF60_C400_R,COMP-Y-MAX-PLATEAU-STRESS,Max. Plateau stress,Voronoi_Summary.xlsx,Raw data,T28,8.85246692523165,True
VF60_VF60_C400_U,COMP-Y-MODULUS,Modulus,Voronoi_Summary.xlsx,Raw data,E29,352.81,True
VF60_VF60_C400_U,COMP-Y-COMP-STRENGTH,Com. Strength,Voronoi_Summary.xlsx,Raw data,F29,26.5843283170733,True
VF60_VF60_C400_U,COMP-Y-COMP-STRAIN,Com. strain,Voronoi_Summary.xlsx,Raw data,G29,0.7711489587509828,True
VF60_VF60_C400_U,COMP-Y-APS,APS,Voronoi_Summary.xlsx,Raw data,H29,11.81871393432636,True
VF60_VF60_C400_U,COMP-Y-AS,AS,Voronoi_Summary.xlsx,Raw data,I29,11.55691848154811,True
VF60_VF60_C400_U,COMP-Y-YIELD-STRENGTH,Yield strength,Voronoi_Summary.xlsx,Raw data,J29,18.76041476766322,True
VF60_VF60_C400_U,COMP-Y-YIELD-STRAIN,Yield strain,Voronoi_Summary.xlsx,Raw data,K29,0.05516087533489545,True
VF60_VF60_C400_U,COMP-Y-LCC,LCC,Voronoi_Summary.xlsx,Raw data,L29,0.5468019881381222,True
VF60_VF60_C400_U,COMP-Y-EAS,EAS,Voronoi_Summary.xlsx,Raw data,M29,0.44401048377599,True
VF60_VF60_C400_U,COMP-Y-DENSIF-STRENGTH,Densif. strength,Voronoi_Summary.xlsx,Raw data,N29,1.570441960189003,True
VF60_VF60_C400_U,COMP-Y-DENSIFI-STRAIN,Densifi. strain,Voronoi_Summary.xlsx,Raw data,O29,0.4540685218095727,True
VF60_VF60_C400_U,COMP-Y-EAE,EAE,Voronoi_Summary.xlsx,Raw data,P29,43.47267436554297,True
VF60_VF60_C400_U,COMP-Y-SE,SE,Voronoi_Summary.xlsx,Raw data,Q29,0.44457447987264,True
VF60_VF60_C400_U,COMP-Y-TOTAL-ENERGY,Total energy,Voronoi_Summary.xlsx,Raw data,R29,5.24763289159028,True
VF60_VF60_C400_U,COMP-Y-SEA,SEA,Voronoi_Summary.xlsx,Raw data,S29,5.510330309200708,True
VF60_VF60_C400_U,COMP-Y-MAX-PLATEAU-STRESS,Max. Plateau stress,Voronoi_Summary.xlsx,Raw data,T29,11.81871393432636,True
VF60_VF60_C800_R,COMP-Y-MODULUS,Modulus,Voronoi_Summary.xlsx,Raw data,E30,310.8,True
VF60_VF60_C800_R,COMP-Y-COMP-STRENGTH,Com. Strength,Voronoi_Summary.xlsx,Raw data,F30,22.06168301752117,True
VF60_VF60_C800_R,COMP-Y-COMP-STRAIN,Com. strain,Voronoi_Summary.xlsx,Raw data,G30,0.7478154958255555,True
VF60_VF60_C800_R,COMP-Y-APS,APS,Voronoi_Summary.xlsx,Raw data,H30,9.704198298269214,True
VF60_VF60_C800_R,COMP-Y-AS,AS,Voronoi_Summary.xlsx,Raw data,I30,9.538080987931355,True
VF60_VF60_C800_R,COMP-Y-YIELD-STRENGTH,Yield strength,Voronoi_Summary.xlsx,Raw data,J30,16.82693664855692,True
VF60_VF60_C800_R,COMP-Y-YIELD-STRAIN,Yield strain,Voronoi_Summary.xlsx,Raw data,K30,0.05611838523106873,True
VF60_VF60_C800_R,COMP-Y-LCC,LCC,Voronoi_Summary.xlsx,Raw data,L30,0.5172353866050802,True
VF60_VF60_C800_R,COMP-Y-EAS,EAS,Voronoi_Summary.xlsx,Raw data,M30,0.3450932208120732,True
VF60_VF60_C800_R,COMP-Y-DENSIF-STRENGTH,Densif. strength,Voronoi_Summary.xlsx,Raw data,N30,1.934286125999711,True
VF60_VF60_C800_R,COMP-Y-DENSIFI-STRAIN,Densifi. strain,Voronoi_Summary.xlsx,Raw data,O30,0.3511034400301388,True
VF60_VF60_C800_R,COMP-Y-EAE,EAE,Voronoi_Summary.xlsx,Raw data,P30,43.23369608908035,True
VF60_VF60_C800_R,COMP-Y-SE,SE,Voronoi_Summary.xlsx,Raw data,Q30,0.4398666362200125,True
VF60_VF60_C800_R,COMP-Y-TOTAL-ENERGY,Total energy,Voronoi_Summary.xlsx,Raw data,R30,3.348853046148763,True
VF60_VF60_C800_R,COMP-Y-SEA,SEA,Voronoi_Summary.xlsx,Raw data,S30,3.361987119128527,True
VF60_VF60_C800_R,COMP-Y-MAX-PLATEAU-STRESS,Max. Plateau stress,Voronoi_Summary.xlsx,Raw data,T30,9.704198298269214,True
VF60_VF60_C800_U,COMP-Y-MODULUS,Modulus,Voronoi_Summary.xlsx,Raw data,E31,327.42,True
VF60_VF60_C800_U,COMP-Y-COMP-STRENGTH,Com. Strength,Voronoi_Summary.xlsx,Raw data,F31,31.50384932008265,True
VF60_VF60_C800_U,COMP-Y-COMP-STRAIN,Com. strain,Voronoi_Summary.xlsx,Raw data,G31,0.7875000292562757,True
VF60_VF60_C800_U,COMP-Y-APS,APS,Voronoi_Summary.xlsx,Raw data,H31,12.40064293288313,True
VF60_VF60_C800_U,COMP-Y-AS,AS,Voronoi_Summary.xlsx,Raw data,I31,11.97550443501644,True
VF60_VF60_C800_U,COMP-Y-YIELD-STRENGTH,Yield strength,Voronoi_Summary.xlsx,Raw data,J31,17.99349785218951,True
VF60_VF60_C800_U,COMP-Y-YIELD-STRAIN,Yield strain,Voronoi_Summary.xlsx,Raw data,K31,0.0569380073074896,True
VF60_VF60_C800_U,COMP-Y-LCC,LCC,Voronoi_Summary.xlsx,Raw data,L31,0.6507707802205852,True
VF60_VF60_C800_U,COMP-Y-EAS,EAS,Voronoi_Summary.xlsx,Raw data,M31,0.4055278594771117,True
VF60_VF60_C800_U,COMP-Y-DENSIF-STRENGTH,Densif. strength,Voronoi_Summary.xlsx,Raw data,N31,2.497404915165098,True
VF60_VF60_C800_U,COMP-Y-DENSIFI-STRAIN,Densifi. strain,Voronoi_Summary.xlsx,Raw data,O31,0.4199243724554776,True
VF60_VF60_C800_U,COMP-Y-EAE,EAE,Voronoi_Summary.xlsx,Raw data,P31,38.01282920491388,True
VF60_VF60_C800_U,COMP-Y-SE,SE,Voronoi_Summary.xlsx,Raw data,Q31,0.3936231032243458,True
VF60_VF60_C800_U,COMP-Y-TOTAL-ENERGY,Total energy,Voronoi_Summary.xlsx,Raw data,R31,5.028806184712068,True
VF60_VF60_C800_U,COMP-Y-SEA,SEA,Voronoi_Summary.xlsx,Raw data,S31,4.546898655161755,True
VF60_VF60_C800_U,COMP-Y-MAX-PLATEAU-STRESS,Max. Plateau stress,Voronoi_Summary.xlsx,Raw data,T31,12.40064293288313,True
