member_path,bytes,sha256,scope
URP4/00_READ_ME_FIRST/ALGORITHM_AND_RESULT_GUIDE_KO.txt,3525,8ee2f18727b646e9655f1b44965829d7e5658be2a77d35296397af9331c95964,ordinary_member; manifest files excluded to avoid circularity
URP4/00_READ_ME_FIRST/ALGORITHM_FILE_INDEX.csv,76297,f7ccb06f37f77da83af05503d19382aa8c9a0e36ba0e6f48ccf56b4a371cabae,ordinary_member; manifest files excluded to avoid circularity
URP4/00_READ_ME_FIRST/ALGORITHM_PIPELINE_INDEX.csv,3107,4825a47f52a00c6789214d1eaa452d81aebddd6872f51ad3063624b48c24d1ad,ordinary_member; manifest files excluded to avoid circularity
URP4/00_READ_ME_FIRST/ALL_FILES_DESCRIPTION_INDEX_KO.csv,370878,980ce1f502e5275b0e8cb14f11f7a09d9b80a69c5b73de124b3d68ab1bfe8e8e,ordinary_member; manifest files excluded to avoid circularity
URP4/00_READ_ME_FIRST/ALL_FILES_DESCRIPTION_QA.json,534,d9913133368a65f7cbb79b431492b5db2276ce877b4ef382c22a2a3075e660b8,ordinary_member; manifest files excluded to avoid circularity
URP4/00_READ_ME_FIRST/FINAL_SUBMISSION_REPORT.md,2711,d03c246f28e9ee3ff505a447111da766a5503fd9b293d7ec68ae7cd78137896d,ordinary_member; manifest files excluded to avoid circularity
URP4/00_READ_ME_FIRST/MERGE_PACKET.md,1293,2cb5fc87d5be33ba1c2a25df168a5821c8c780a379c9ff4dae6fa458fa539e38,ordinary_member; manifest files excluded to avoid circularity
URP4/00_READ_ME_FIRST/README_ALL_FILES_TREE_AND_DESCRIPTION_KO.md,231342,360d260e77507b5c2712cde86a5ea7bdd34a339569b44c53630389aeccc1e601,ordinary_member; manifest files excluded to avoid circularity
URP4/00_READ_ME_FIRST/README_FIRST.md,14322,b77c06adcd92c4364b39259ddae3acc035dc15e10bb62095c7697af69211a55a,ordinary_member; manifest files excluded to avoid circularity
URP4/01_PROJECT_MAP_AND_LEDGER/CLAIM_AND_LIMITATION_LEDGER.csv,3326,44f605d7626848ce23e0f97b64df088e5acc9c3d359a63338435796fc5c5ee39,ordinary_member; manifest files excluded to avoid circularity
URP4/01_PROJECT_MAP_AND_LEDGER/CONTEXT_AND_DECISION_LINEAGE.md,5800,7d76752876cfdebd98ad5cb3e095557403f0f21fbdad8a5707986aca2e9ffab9,ordinary_member; manifest files excluded to avoid circularity
URP4/01_PROJECT_MAP_AND_LEDGER/CONTEXT_LINEAGE_REGISTER.csv,10648,a3108a33968583322564291001f9f33e6eefb8708b05d68a45f8a464af4b7154,ordinary_member; manifest files excluded to avoid circularity
URP4/01_PROJECT_MAP_AND_LEDGER/EVIDENCE_INDEX.csv,719689,7fd1469d23cb213b9ef25a0e1559d480266293f960b3810477fd5bd4b50149ff,ordinary_member; manifest files excluded to avoid circularity
URP4/01_PROJECT_MAP_AND_LEDGER/FILE_ALIAS_AND_PATH_INDEX.csv,35413,303f1b56e8c328317d7d80ec42ce913d584528fb00b01a06f1b3258ed43ce447,ordinary_member; manifest files excluded to avoid circularity
URP4/01_PROJECT_MAP_AND_LEDGER/FINAL_SUBMISSION_REPORT.md,1733,978b802eafdd5b21e7e5f07b399dffdd186f98f36e792600178f8f5658388899,ordinary_member; manifest files excluded to avoid circularity
URP4/01_PROJECT_MAP_AND_LEDGER/HANDOFF_CUTOFF_MANIFEST.json,4765,27716fe8edd3d5eecfbe937e75b310e1d1f3fc38cd20f0042f6f8b50906e1a52,ordinary_member; manifest files excluded to avoid circularity
URP4/01_PROJECT_MAP_AND_LEDGER/HQ_CELL_IMPLEMENTATION_MAP.csv,6383,b4510b67a2edb9c6e7f7678282015eb74768febbb40b0cf3570181e8643c8be6,ordinary_member; manifest files excluded to avoid circularity
URP4/01_PROJECT_MAP_AND_LEDGER/HQ_NOTEBOOK_CELL_TREE.csv,281304,5fcf7e0bec3e99e1463c0ca7e29e869a271c7f7d000eb928f3a3ebcc429e1e71,ordinary_member; manifest files excluded to avoid circularity
URP4/01_PROJECT_MAP_AND_LEDGER/MANIFEST_SCOPE_AND_REVISION_MAP.csv,809,a077f85987482699cc763e4d9400e5f2719d41a9b8308f7b7209ebe5af921797,ordinary_member; manifest files excluded to avoid circularity
URP4/01_PROJECT_MAP_AND_LEDGER/MERGE_PACKET.md,938,f73b0089df08eb2162bfd36594f6ca279afd16e8cd16b9caecaacf2c9f567512,ordinary_member; manifest files excluded to avoid circularity
URP4/01_PROJECT_MAP_AND_LEDGER/OPEN_GATES.csv,3852,dbc916e38fd98479ba3017d45b54fcb83664a6098da7caac935dba12318b4449,ordinary_member; manifest files excluded to avoid circularity
URP4/01_PROJECT_MAP_AND_LEDGER/OPEN_ISSUES_AND_NEXT_GATES.md,274,5ceb61554c70b2ac248473094b9b6382616f2e1f8aef17d7fd33607eb9d41449,ordinary_member; manifest files excluded to avoid circularity
URP4/01_PROJECT_MAP_AND_LEDGER/PACKAGE_VIEW_MANIFEST.json,4744,60e5a087a15e3e7b1b768fe537322b50fa66826d5c8f8ea3577eee605f8522e8,ordinary_member; manifest files excluded to avoid circularity
URP4/01_PROJECT_MAP_AND_LEDGER/PROJECT_SCHEMA.json,2340155,810ba629a91f02b09003c863e7df54f9d5fc367fc8ab044ebc0687dc9de13b43,ordinary_member; manifest files excluded to avoid circularity
URP4/01_PROJECT_MAP_AND_LEDGER/PYTHON_MODULE_AUDIT.csv,495932,6a125053dd5aac26bd1e5fbd8b69530939b5d1b18637a4d6505499a1f519d9cb,ordinary_member; manifest files excluded to avoid circularity
URP4/01_PROJECT_MAP_AND_LEDGER/RECONCILIATION_DISCREPANCIES.csv,9416,d61d6c65b372918bff945fd58a2a7a63f802d69be611b28aa2eb0a1535e36770,ordinary_member; manifest files excluded to avoid circularity
URP4/01_PROJECT_MAP_AND_LEDGER/REPRODUCTION_AND_RESUME_GUIDE.md,1126,5ee92816645e1a4b5f49de1d7d872b541b42a344a27241449798953659177375,ordinary_member; manifest files excluded to avoid circularity
URP4/01_PROJECT_MAP_AND_LEDGER/SOURCE_CUTOFF_MANIFEST.json,4686,a05ce1e45d663c3f1f1b60f3d54a6c4a5a172f9ea9366c0757f34a31566e42e1,ordinary_member; manifest files excluded to avoid circularity
URP4/01_PROJECT_MAP_AND_LEDGER/SUBMISSION_REQUIREMENTS_CHECKLIST.csv,2889,5987ec4b02350ce34d5dd9ab2a2e34a7d5910ac8f335335beee83685564f6570,ordinary_member; manifest files excluded to avoid circularity
URP4/01_PROJECT_MAP_AND_LEDGER/URP4_1_HQ_21CELL_RAW_FLOW.svg,136274,668e507e50592cb7e36fe8f3417e2a57bb73f742cd3a903bc9880f6df7f9c488,ordinary_member; manifest files excluded to avoid circularity
URP4/01_PROJECT_MAP_AND_LEDGER/URP4_1_HQ_PROJECT_MAP.html,3761,8beb5cba276378efe4dad36f175adbb1a2158fc5e3a804735586a7cbfdb979f9,ordinary_member; manifest files excluded to avoid circularity
URP4/01_PROJECT_MAP_AND_LEDGER/URP4_1_HQ_PROJECT_MAP.md,2052,c63910808efcf2dd2313ebe25ab542deb1af1d93dd8cce6056b4c0f31419031e,ordinary_member; manifest files excluded to avoid circularity
URP4/01_PROJECT_MAP_AND_LEDGER/URP4_1_HQ_PROJECT_MAP.svg,3978,b2e97366ea50272d1a106e6c8f602648b845c5e2ecae90914050b127e2324b23,ordinary_member; manifest files excluded to avoid circularity
URP4/01_PROJECT_MAP_AND_LEDGER/URP4_1_MASTER_HANDOFF_LEDGER.xlsx,266968,ad56848f58e238bf04e48e90e8697d5b31c1eee0a76984ba1d06b7ffe479b74b,ordinary_member; manifest files excluded to avoid circularity
URP4/01_PROJECT_MAP_AND_LEDGER/WORK_PACKAGE_LEDGER.csv,572334,6bf1a61f6a4ae98db9ee8eeb10c3ed5bf1f46e37e557acaab66816f89952008f,ordinary_member; manifest files excluded to avoid circularity
URP4/02_VERIFIED_CORE_HQ_NB_PY/00_PRIOR_CORE_RELEASE_RECEIPT.json,333,8298daf4f3eca70ddf6984dd2e3021a0512bfe9b0964210e53d47908c8fb0d36,ordinary_member; manifest files excluded to avoid circularity
URP4/02_VERIFIED_CORE_HQ_NB_PY/00_RUNNABLE_HQ_AND_ENGINE/config/HQ_BLUEPRINT_V0_2_STAGE_REGISTRY.json,22097,3ee5dc19265a6aa1cc572f2628d9f8710684192b05e5d348bd8fa5ab76e1661f,ordinary_member; manifest files excluded to avoid circularity
URP4/02_VERIFIED_CORE_HQ_NB_PY/00_RUNNABLE_HQ_AND_ENGINE/configs/default.json,1819,99749b3315f234f5a44e626d610a41fb684294d70a7d0e605115ee796c887096,ordinary_member; manifest files excluded to avoid circularity
URP4/02_VERIFIED_CORE_HQ_NB_PY/00_RUNNABLE_HQ_AND_ENGINE/configs/training_future_run_skeleton.json,444,3093175b935c0da038e9d127ee27f0b9292a7253f08611b168f5d15477e97ed8,ordinary_member; manifest files excluded to avoid circularity
URP4/02_VERIFIED_CORE_HQ_NB_PY/00_RUNNABLE_HQ_AND_ENGINE/configs/training_method_availability.csv,879,7c886546374dd29233dfc7d813ec6d2e2ab4c00740ec8cae6322aae719981d6f,ordinary_member; manifest files excluded to avoid circularity
URP4/02_VERIFIED_CORE_HQ_NB_PY/00_RUNNABLE_HQ_AND_ENGINE/docs/HQ-INTAKE-001_AUDIT_REPORT_20260728.md,2085,3169cda4cbe0c8aff2cbf6712affbb127627e707692abdbfa022c0f450ba5e9a,ordinary_member; manifest files excluded to avoid circularity
URP4/02_VERIFIED_CORE_HQ_NB_PY/00_RUNNABLE_HQ_AND_ENGINE/docs/HQ_SUBMISSION_READINESS_20260728.md,1209,310a7b997c1da218e660372ea380de6873429f7043f4b901ef5b3e37548e2437,ordinary_member; manifest files excluded to avoid circularity
URP4/02_VERIFIED_CORE_HQ_NB_PY/00_RUNNABLE_HQ_AND_ENGINE/docs/submission_audit/URP4-1_HQ_GLOBAL_DEBUG_VALIDATION_AND_SUBMISSION_AUDIT_20260728.md,8611,678b9890b54bb6ecd710ac2191f0d5ccdcc489270ad7fe7bc8e565aea3664a7d,ordinary_member; manifest files excluded to avoid circularity
URP4/02_VERIFIED_CORE_HQ_NB_PY/00_RUNNABLE_HQ_AND_ENGINE/docs/submission_audit/URP4-1_HQ_INCOMPLETE_WORK_QUEUE_20260728.csv,2880,c4be640c8ca52cb8a83bf943d7fcd9d6f2dd841445117b282db6d41ad14df263,ordinary_member; manifest files excluded to avoid circularity
URP4/02_VERIFIED_CORE_HQ_NB_PY/00_RUNNABLE_HQ_AND_ENGINE/docs/submission_audit/URP4-1_HQ_SUBMISSION_REQUIREMENTS_CHECKLIST_20260728.csv,4887,6c93a0b7d61f2d5613c06a891082a54cb87a10c37e36b68aac19a284ccfafeb6,ordinary_member; manifest files excluded to avoid circularity
URP4/02_VERIFIED_CORE_HQ_NB_PY/00_RUNNABLE_HQ_AND_ENGINE/docs/URP4-1_HQ_CONTROLLER_POLICY_20260728.csv,2142,c4ea6aad950ce89c5f71ca2998af75ba0028626a1a2c2a0648144da8c9244c34,ordinary_member; manifest files excluded to avoid circularity
URP4/02_VERIFIED_CORE_HQ_NB_PY/00_RUNNABLE_HQ_AND_ENGINE/docs/URP4-1_HQ_FINALIZATION_REPORT_20260728.md,8274,e866a74e76de32adfb81b3fa9e62e24896c09a3d15d70ee16377c4f6e1f8d492,ordinary_member; manifest files excluded to avoid circularity
URP4/02_VERIFIED_CORE_HQ_NB_PY/00_RUNNABLE_HQ_AND_ENGINE/docs/URP4-1_HQ_INTAKE_AUDIT_20260728.csv,3643,90a3c9e30606b9e466523d8c9474091e157d62fa9003d9eea471d45c2b1433b1,ordinary_member; manifest files excluded to avoid circularity
URP4/02_VERIFIED_CORE_HQ_NB_PY/00_RUNNABLE_HQ_AND_ENGINE/docs/URP4-1_HQ_INTEGRATION_MANIFEST_20260728.csv,1567,eedcd4da90f56d9c9e6b7507ebe18fb0f42cf727737c378c808b5c8625811c15,ordinary_member; manifest files excluded to avoid circularity
URP4/02_VERIFIED_CORE_HQ_NB_PY/00_RUNNABLE_HQ_AND_ENGINE/docs/URP4-1_HQ_MODULE_AUDIT_20260728.csv,2420,0355f6fe71ce238fefe9e0df9ab55c76d5fe5c4dfffa50919df45a25b922af3b,ordinary_member; manifest files excluded to avoid circularity
URP4/02_VERIFIED_CORE_HQ_NB_PY/00_RUNNABLE_HQ_AND_ENGINE/docs/URP4-1_HQ_SIDECHAT_CONFLICT_RESOLUTION_20260728.csv,935,6a08102830bf445967fd929e0746f0fec47ceb4b0ad8d2f3b4e6cfda507c0085,ordinary_member; manifest files excluded to avoid circularity
URP4/02_VERIFIED_CORE_HQ_NB_PY/00_RUNNABLE_HQ_AND_ENGINE/README_RUN.md,3854,dea84bc7a96ac24f401abe62727b7ed376f860f239e12de12ade9ea0436f14cb,ordinary_member; manifest files excluded to avoid circularity
URP4/02_VERIFIED_CORE_HQ_NB_PY/00_RUNNABLE_HQ_AND_ENGINE/tests/audit_deliverable.py,8326,02ae40134c075eb31fdc7c90fd7a3307e95c6ce8a500a9712adaf4826fe347e6,ordinary_member; manifest files excluded to avoid circularity
URP4/02_VERIFIED_CORE_HQ_NB_PY/00_RUNNABLE_HQ_AND_ENGINE/tests/controller_contract.py,6966,026fbef0f3757e0e5b52f028b587a4df81c30a0d1268fc32abb3d4c21b41b0d3,ordinary_member; manifest files excluded to avoid circularity
URP4/02_VERIFIED_CORE_HQ_NB_PY/00_RUNNABLE_HQ_AND_ENGINE/tests/fixtures/generated_controlled_box_N40.stl,684,ec1b527705b8045d5748a532519bf9eae4ad3b7ddad6081b85c3386669a8c15c,ordinary_member; manifest files excluded to avoid circularity
URP4/02_VERIFIED_CORE_HQ_NB_PY/00_RUNNABLE_HQ_AND_ENGINE/tests/fixtures/L28_UBCCz_VF30_imported.stl,9232084,75236d351d350d33796d74e35a04af1d072483c641a14e70d5c3bccc738a7e88,ordinary_member; manifest files excluded to avoid circularity
URP4/02_VERIFIED_CORE_HQ_NB_PY/00_RUNNABLE_HQ_AND_ENGINE/tests/fixtures/L28_UBCCz_VF30_original.stp,8672719,83c6c925814326f86dc0674e26d46d5fd2a8dacaa06d74cc4ac6e994f67f7f94,ordinary_member; manifest files excluded to avoid circularity
URP4/02_VERIFIED_CORE_HQ_NB_PY/00_RUNNABLE_HQ_AND_ENGINE/tests/fixtures/README.md,1019,e2d5790af6395ab3ba1b01da5f59b23aa3fb95e1492d75268cdacf5c8920d4bc,ordinary_member; manifest files excluded to avoid circularity
URP4/02_VERIFIED_CORE_HQ_NB_PY/00_RUNNABLE_HQ_AND_ENGINE/tests/full_descriptor_smoke.py,7563,bf999f5f2bab0d3d8488a4f734f20ce6a2aef0723fd19451b158fd0740bf1db4,ordinary_member; manifest files excluded to avoid circularity
URP4/02_VERIFIED_CORE_HQ_NB_PY/00_RUNNABLE_HQ_AND_ENGINE/tests/resume_generated_fixture_descriptor.py,2806,6d17e0b203e92d76c1cfedced581138f089c49a1c3df45214d2fcac0fdb55a2b,ordinary_member; manifest files excluded to avoid circularity
URP4/02_VERIFIED_CORE_HQ_NB_PY/00_RUNNABLE_HQ_AND_ENGINE/tests/resume_voxel_smoke.py,1918,b61202a9e24c5b27a7f04293891b276bdfb5abcafec4f38561847a651f0eef80,ordinary_member; manifest files excluded to avoid circularity
URP4/02_VERIFIED_CORE_HQ_NB_PY/00_RUNNABLE_HQ_AND_ENGINE/tests/smoke_hq.py,5286,3f214ff0a82a23d26f4506ebc9c983b94e9bb85a1b7373c80b3081a0d74b06d2,ordinary_member; manifest files excluded to avoid circularity
URP4/02_VERIFIED_CORE_HQ_NB_PY/00_RUNNABLE_HQ_AND_ENGINE/urp4/__init__.py,289,41b78fc55f3d03cc83fbca1e4279665c463f33f5663ad8f5b57b00fff9a2ca0f,ordinary_member; manifest files excluded to avoid circularity
URP4/02_VERIFIED_CORE_HQ_NB_PY/00_RUNNABLE_HQ_AND_ENGINE/urp4/contracts/__init__.py,506,e5d6656c731246b64d8359e1d6cbbf8e12c38710d9e83e80dce2cfd8ef28b2b0,ordinary_member; manifest files excluded to avoid circularity
URP4/02_VERIFIED_CORE_HQ_NB_PY/00_RUNNABLE_HQ_AND_ENGINE/urp4/contracts/v0_1/__init__.py,536,0200ae980b28d41d9f61d02455223605a11ce8a4866a9518ed65777a5cbcb201,ordinary_member; manifest files excluded to avoid circularity
URP4/02_VERIFIED_CORE_HQ_NB_PY/00_RUNNABLE_HQ_AND_ENGINE/urp4/contracts/v0_1/canonical.py,2949,16820525e28b5d6a1a8e305a2bf2102e279ae6ae35f76139e4203a1fa41b9ee9,ordinary_member; manifest files excluded to avoid circularity
URP4/02_VERIFIED_CORE_HQ_NB_PY/00_RUNNABLE_HQ_AND_ENGINE/urp4/contracts/v0_1/ids.py,7194,0190fafece4f9afb5d1f443f50a972737a727ee186d21789f4c7d1fba8780608,ordinary_member; manifest files excluded to avoid circularity
URP4/02_VERIFIED_CORE_HQ_NB_PY/00_RUNNABLE_HQ_AND_ENGINE/urp4/contracts/v0_1/models.py,1304,5bf6dc0f4b3cc45ce7d33dd7fa93eef8fa3773a00626830537a3e09863af248a,ordinary_member; manifest files excluded to avoid circularity
URP4/02_VERIFIED_CORE_HQ_NB_PY/00_RUNNABLE_HQ_AND_ENGINE/urp4/contracts/v0_1/README.md,1463,f4d2b7d8fb22b8156355c4a3bca258ba320d0914364fa18a98acb15a101a352f,ordinary_member; manifest files excluded to avoid circularity
URP4/02_VERIFIED_CORE_HQ_NB_PY/00_RUNNABLE_HQ_AND_ENGINE/urp4/contracts/v0_1/schemas/urp4_contracts_v0_1.schema.json,18565,91d02e8ff6d5b71dfc65b269f2d763426ad3375331e71b7e81f46df695331154,ordinary_member; manifest files excluded to avoid circularity
URP4/02_VERIFIED_CORE_HQ_NB_PY/00_RUNNABLE_HQ_AND_ENGINE/urp4/contracts/v0_1/validation.py,6526,c32983dec08d25942cae055f123912ec8fd25f2d783813e18a461f5ebeff99b6,ordinary_member; manifest files excluded to avoid circularity
URP4/02_VERIFIED_CORE_HQ_NB_PY/00_RUNNABLE_HQ_AND_ENGINE/urp4/descriptor_service/__init__.py,185,01b048d500ff1d73db3d568486f02981e5b44278a2fc860e168d03cc64b62dfc,ordinary_member; manifest files excluded to avoid circularity
URP4/02_VERIFIED_CORE_HQ_NB_PY/00_RUNNABLE_HQ_AND_ENGINE/urp4/descriptor_service/v0_1/__init__.py,462,6ee99b579e324aa8b52b04abbdf50725fc10b8d1caac0046a699088093e4d118,ordinary_member; manifest files excluded to avoid circularity
URP4/02_VERIFIED_CORE_HQ_NB_PY/00_RUNNABLE_HQ_AND_ENGINE/urp4/descriptor_service/v0_1/component.py,7528,dd395c9e7e90d491181f851ca7afa1c13d0dfc63ec7b6b2be3c5da98b5e764cf,ordinary_member; manifest files excluded to avoid circularity
URP4/02_VERIFIED_CORE_HQ_NB_PY/00_RUNNABLE_HQ_AND_ENGINE/urp4/descriptor_service/v0_1/config.py,1928,79e72f02b554f7e0780993e7ec0e09f209dbc97b9e0d8f0503cabc2d1bcffaed,ordinary_member; manifest files excluded to avoid circularity
URP4/02_VERIFIED_CORE_HQ_NB_PY/00_RUNNABLE_HQ_AND_ENGINE/urp4/descriptor_service/v0_1/contracts.py,12695,aace4ae6edd9fa276dca1413abbbf26f4c79993b3d63d0c1f4a9e9079786b3f0,ordinary_member; manifest files excluded to avoid circularity
URP4/02_VERIFIED_CORE_HQ_NB_PY/00_RUNNABLE_HQ_AND_ENGINE/urp4/descriptor_service/v0_1/formula.py,538,d72075dcf6b7a3027a4473ffb87047903ecd01db5fc6f366a4bff0e0453a156e,ordinary_member; manifest files excluded to avoid circularity
URP4/02_VERIFIED_CORE_HQ_NB_PY/00_RUNNABLE_HQ_AND_ENGINE/urp4/descriptor_service/v0_1/geometry.py,1665,580df093f8790137d79651909e2fb9b36f3f20ba69a26d558b97a5d35b074351,ordinary_member; manifest files excluded to avoid circularity
URP4/02_VERIFIED_CORE_HQ_NB_PY/00_RUNNABLE_HQ_AND_ENGINE/urp4/descriptor_service/v0_1/models.py,915,696f747251d4143010cede2c8ef8f72e92262bdd1d08c06a9814da50a220784e,ordinary_member; manifest files excluded to avoid circularity
URP4/02_VERIFIED_CORE_HQ_NB_PY/00_RUNNABLE_HQ_AND_ENGINE/urp4/descriptor_service/v0_1/pipeline.py,11647,1ad4ea50c8e4676848881c8601373239fb185a12c7e5fa041edd7df56248f406,ordinary_member; manifest files excluded to avoid circularity
URP4/02_VERIFIED_CORE_HQ_NB_PY/00_RUNNABLE_HQ_AND_ENGINE/urp4/descriptor_service/v0_1/pixel.py,3019,3cd37430c720e4d6a572d1787c7f5c0a917965ea56aa451cd4b11ce945db6d72,ordinary_member; manifest files excluded to avoid circularity
URP4/02_VERIFIED_CORE_HQ_NB_PY/00_RUNNABLE_HQ_AND_ENGINE/urp4/descriptor_service/v0_1/population.py,1574,20fa690cc3acbb0b47569524694f339c25239a2359771b8a3cbb7c513b4e3478,ordinary_member; manifest files excluded to avoid circularity
URP4/02_VERIFIED_CORE_HQ_NB_PY/00_RUNNABLE_HQ_AND_ENGINE/urp4/descriptor_service/v0_1/qa.py,3121,ceae088b19475ea7a8d5b32a04650805670e3ea5db0c8470b27722a706c90e2a,ordinary_member; manifest files excluded to avoid circularity
URP4/02_VERIFIED_CORE_HQ_NB_PY/00_RUNNABLE_HQ_AND_ENGINE/urp4/descriptor_service/v0_1/run139.py,10373,3d6b3b4c14ab0bd00f242a52b62704f519a740d247e9404bf1ca36624f56537a,ordinary_member; manifest files excluded to avoid circularity
URP4/02_VERIFIED_CORE_HQ_NB_PY/00_RUNNABLE_HQ_AND_ENGINE/urp4/descriptor_service/v0_1/service.py,8707,37406a1004478b340297d3ce36408ea09682fd73d8e15f9411f218535db93d81,ordinary_member; manifest files excluded to avoid circularity
URP4/02_VERIFIED_CORE_HQ_NB_PY/00_RUNNABLE_HQ_AND_ENGINE/urp4/descriptor_service/v0_1/slicing.py,3461,9ab4213007b716f8ed361a6aecbbac7a8e5251459c6ff0feebac2e74dbc942ff,ordinary_member; manifest files excluded to avoid circularity
URP4/02_VERIFIED_CORE_HQ_NB_PY/00_RUNNABLE_HQ_AND_ENGINE/urp4/generators/__init__.py,56,b1bc199d8ce44ea32358466c10b26236b59081037b4372f355309d22327c4f2b,ordinary_member; manifest files excluded to avoid circularity
URP4/02_VERIFIED_CORE_HQ_NB_PY/00_RUNNABLE_HQ_AND_ENGINE/urp4/generators/lattice_typeab/__init__.py,42,8d5fa45ab24ab7db58b60de6f8d2cee67d79b9a2b0aa750f862ec090adde317f,ordinary_member; manifest files excluded to avoid circularity
URP4/02_VERIFIED_CORE_HQ_NB_PY/00_RUNNABLE_HQ_AND_ENGINE/urp4/generators/lattice_typeab/v0_1/__init__.py,563,e420e61f8109bea1c5409ac874ae0e32428363a3426493cda88dcd976369afcb,ordinary_member; manifest files excluded to avoid circularity
URP4/02_VERIFIED_CORE_HQ_NB_PY/00_RUNNABLE_HQ_AND_ENGINE/urp4/generators/lattice_typeab/v0_1/contracts.py,6185,5d72d419433baf8a9d6e9e862beac223d00dc481849a4c82cab326797af29f20,ordinary_member; manifest files excluded to avoid circularity
URP4/02_VERIFIED_CORE_HQ_NB_PY/00_RUNNABLE_HQ_AND_ENGINE/urp4/generators/lattice_typeab/v0_1/descriptors.py,6780,57707bc9ff020f2aa5fa1e530b45299e81f84890de3edb3b93640d926be4c0f1,ordinary_member; manifest files excluded to avoid circularity
URP4/02_VERIFIED_CORE_HQ_NB_PY/00_RUNNABLE_HQ_AND_ENGINE/urp4/generators/lattice_typeab/v0_1/exporters.py,6292,4a9b7b32f642cbb2717d562095f0ff22ba3de88b820747b61b8f0326934bb6c7,ordinary_member; manifest files excluded to avoid circularity
URP4/02_VERIFIED_CORE_HQ_NB_PY/00_RUNNABLE_HQ_AND_ENGINE/urp4/generators/lattice_typeab/v0_1/graph.py,11166,13e23d2c957b476caf4c3fa0abe8efda78918f0407344feddf0e690bea46772e,ordinary_member; manifest files excluded to avoid circularity
URP4/02_VERIFIED_CORE_HQ_NB_PY/00_RUNNABLE_HQ_AND_ENGINE/urp4/generators/lattice_typeab/v0_1/models.py,4834,66329e2be7acb255f68a4d508c3931a6be9cbc41e4a3f053a6554cecb1ad4bcf,ordinary_member; manifest files excluded to avoid circularity
URP4/02_VERIFIED_CORE_HQ_NB_PY/00_RUNNABLE_HQ_AND_ENGINE/urp4/generators/lattice_typeab/v0_1/plugin.py,4674,bfe0d52005118603dccef6ae027aa8ca4a17da77a2248e36e020c03336126ab7,ordinary_member; manifest files excluded to avoid circularity
URP4/02_VERIFIED_CORE_HQ_NB_PY/00_RUNNABLE_HQ_AND_ENGINE/urp4/generators/lattice_typeab/v0_1/type_b.py,6725,997606649e41d354c6b894c367d4445cd0e9a7e1cd8d98b8629b1a6766967d08,ordinary_member; manifest files excluded to avoid circularity
URP4/02_VERIFIED_CORE_HQ_NB_PY/00_RUNNABLE_HQ_AND_ENGINE/urp4/generators/tpms_multiwall/__init__.py,51,eda7ea70e2d2b1c17b03db3ac9efc6553dcfe8055064051e8e478fc5e0ee3b4e,ordinary_member; manifest files excluded to avoid circularity
URP4/02_VERIFIED_CORE_HQ_NB_PY/00_RUNNABLE_HQ_AND_ENGINE/urp4/generators/tpms_multiwall/v0_1/__init__.py,660,e9210e752e22985137682fb1abcf501c575f30c86cb60e2e6a25d8891b42732c,ordinary_member; manifest files excluded to avoid circularity
URP4/02_VERIFIED_CORE_HQ_NB_PY/00_RUNNABLE_HQ_AND_ENGINE/urp4/generators/tpms_multiwall/v0_1/contracts.py,7115,4f13555ca9713513d5449fe6dfef7a2a642c28fa1bab85ff1ef137bafe73b8ec,ordinary_member; manifest files excluded to avoid circularity
URP4/02_VERIFIED_CORE_HQ_NB_PY/00_RUNNABLE_HQ_AND_ENGINE/urp4/generators/tpms_multiwall/v0_1/exporters.py,3358,a21ef77ccce5328efc5091e9ed6e3a35aeed91b9ff656c1ddb87129fe9248c50,ordinary_member; manifest files excluded to avoid circularity
URP4/02_VERIFIED_CORE_HQ_NB_PY/00_RUNNABLE_HQ_AND_ENGINE/urp4/generators/tpms_multiwall/v0_1/fields.py,3515,e9a3e0c460252e6d437148eb0d1ee4257b8ead1c94d9d5bd3cffff0ee711c08d,ordinary_member; manifest files excluded to avoid circularity
URP4/02_VERIFIED_CORE_HQ_NB_PY/00_RUNNABLE_HQ_AND_ENGINE/urp4/generators/tpms_multiwall/v0_1/masking.py,14991,10ab73bd146669120350cede967a9f2a87745ab1553d1b97e10b576319e01512,ordinary_member; manifest files excluded to avoid circularity
URP4/02_VERIFIED_CORE_HQ_NB_PY/00_RUNNABLE_HQ_AND_ENGINE/urp4/generators/tpms_multiwall/v0_1/models.py,7197,fff4adfc7f91fd372958635c8cbfea52f0920af200e0dfc23be9f2ce2b25d9ad,ordinary_member; manifest files excluded to avoid circularity
URP4/02_VERIFIED_CORE_HQ_NB_PY/00_RUNNABLE_HQ_AND_ENGINE/urp4/generators/tpms_multiwall/v0_1/plugin.py,5852,6de380d4faf01b38e3da8ea5a5dd650e72c74b0f084b7aa023f5c5208dcc02bc,ordinary_member; manifest files excluded to avoid circularity
URP4/02_VERIFIED_CORE_HQ_NB_PY/00_RUNNABLE_HQ_AND_ENGINE/urp4/generators/tpms_multiwall/v0_1/registry.py,2723,5f5b59a3e8f19644c7e8ea81850eb6141a248f4cb96b68b41e561894544ecb99,ordinary_member; manifest files excluded to avoid circularity
URP4/02_VERIFIED_CORE_HQ_NB_PY/00_RUNNABLE_HQ_AND_ENGINE/urp4/generators/voxel/__init__.py,42,77bffa1484a9d40a024634dd15f75dcaf4c303bc4ca13a618c7f8b0e5017b8ea,ordinary_member; manifest files excluded to avoid circularity
URP4/02_VERIFIED_CORE_HQ_NB_PY/00_RUNNABLE_HQ_AND_ENGINE/urp4/generators/voxel/v0_1/__init__.py,429,4792eb5b2783c2f8c91dfa419037d00a8c420d221e7df632db30756ea417f6c7,ordinary_member; manifest files excluded to avoid circularity
URP4/02_VERIFIED_CORE_HQ_NB_PY/00_RUNNABLE_HQ_AND_ENGINE/urp4/generators/voxel/v0_1/contracts.py,6536,9bef1c6e8e41962fd6b02e9d45490c37abbd2378f6638f8c45e0b9ced8e7a86f,ordinary_member; manifest files excluded to avoid circularity
URP4/02_VERIFIED_CORE_HQ_NB_PY/00_RUNNABLE_HQ_AND_ENGINE/urp4/generators/voxel/v0_1/exporters.py,3127,f8eec2c0393806325467d224cee5897301ad2bbe4cfceacbcf4b9b553cb9317e,ordinary_member; manifest files excluded to avoid circularity
URP4/02_VERIFIED_CORE_HQ_NB_PY/00_RUNNABLE_HQ_AND_ENGINE/urp4/generators/voxel/v0_1/kernel.py,1852,664c73be3bc4609b0407baadf18bd9a4e69b788772e3724f2ae6d99a8952ca0a,ordinary_member; manifest files excluded to avoid circularity
URP4/02_VERIFIED_CORE_HQ_NB_PY/00_RUNNABLE_HQ_AND_ENGINE/urp4/generators/voxel/v0_1/models.py,7716,12c5b353be0007c51ca0a29cd9f8c886eb70c25f3ae3b8622e100d6c9f87b13b,ordinary_member; manifest files excluded to avoid circularity
URP4/02_VERIFIED_CORE_HQ_NB_PY/00_RUNNABLE_HQ_AND_ENGINE/urp4/generators/voxel/v0_1/plugin.py,5751,fc8e30927988c085d6df0b6400f2caf3f4f4d8f39cc17bc230074db014088ca7,ordinary_member; manifest files excluded to avoid circularity
URP4/02_VERIFIED_CORE_HQ_NB_PY/00_RUNNABLE_HQ_AND_ENGINE/urp4/generators/voxel/v0_1/registry.py,2183,3d230edc0495b864a87134958967d3aed71b4c9cb8441567f714c77240f9a475,ordinary_member; manifest files excluded to avoid circularity
URP4/02_VERIFIED_CORE_HQ_NB_PY/00_RUNNABLE_HQ_AND_ENGINE/urp4/generators/voxel/v0_1/source_kernel.py,6084,db50808bc205f6b13a366ac88dd0ec5a31d23a36cef1b96e46489394f5164543,ordinary_member; manifest files excluded to avoid circularity
URP4/02_VERIFIED_CORE_HQ_NB_PY/00_RUNNABLE_HQ_AND_ENGINE/urp4/geometry_io/__init__.py,78,4532d05bbcca8e192eabc670a056ff7fe6c18c7fdeac90d25af98082760c37b8,ordinary_member; manifest files excluded to avoid circularity
URP4/02_VERIFIED_CORE_HQ_NB_PY/00_RUNNABLE_HQ_AND_ENGINE/urp4/geometry_io/v0_1/__init__.py,454,02b2926e1bfc7ee566fb3e94bb08036afc2d8f2b80a3b9955b93338a58f3b56b,ordinary_member; manifest files excluded to avoid circularity
URP4/02_VERIFIED_CORE_HQ_NB_PY/00_RUNNABLE_HQ_AND_ENGINE/urp4/geometry_io/v0_1/models.py,1289,85abe3c59de0b9fa2532d9455808e92abff62f4bcdd3b87c857b5f1c52e928d7,ordinary_member; manifest files excluded to avoid circularity
URP4/02_VERIFIED_CORE_HQ_NB_PY/00_RUNNABLE_HQ_AND_ENGINE/urp4/geometry_io/v0_1/routing.py,1472,6f8dde1ab5a0b95347cfa7d445d4c12129e59fe1cba069d7653c65c2e1c6b320,ordinary_member; manifest files excluded to avoid circularity
URP4/02_VERIFIED_CORE_HQ_NB_PY/00_RUNNABLE_HQ_AND_ENGINE/urp4/geometry_io/v0_1/stl_import.py,8590,31454eee7093526fae2cb6e06e811b1bbfb25ca18aa2d1e589d495ea6259ddc8,ordinary_member; manifest files excluded to avoid circularity
URP4/02_VERIFIED_CORE_HQ_NB_PY/00_RUNNABLE_HQ_AND_ENGINE/urp4/geometry_io/v0_2/__init__.py,361,2947ba84dcf17a3b6007692bcb0c1659e6ce1f8425b8a91541895e3f8ebc7d57,ordinary_member; manifest files excluded to avoid circularity
URP4/02_VERIFIED_CORE_HQ_NB_PY/00_RUNNABLE_HQ_AND_ENGINE/urp4/geometry_io/v0_2/step_import.py,15971,77482c3dee570f309b022407dc43656a83c63524cc4132c2041c4553a474f18a,ordinary_member; manifest files excluded to avoid circularity
URP4/02_VERIFIED_CORE_HQ_NB_PY/00_RUNNABLE_HQ_AND_ENGINE/urp4/geometry_io/v0_3/__init__.py,444,685eddb2fd6330c7e194bb3a87dde7bff887f7501014aeb2488f766adb1a8651,ordinary_member; manifest files excluded to avoid circularity
URP4/02_VERIFIED_CORE_HQ_NB_PY/00_RUNNABLE_HQ_AND_ENGINE/urp4/geometry_io/v0_3/source_preflight.py,11527,210b8ece82adf348e097c400b516cce8d133a219122fad8649433a9790510d36,ordinary_member; manifest files excluded to avoid circularity
URP4/02_VERIFIED_CORE_HQ_NB_PY/00_RUNNABLE_HQ_AND_ENGINE/urp4/geometry_io/v0_4/__init__.py,700,f77ae9d005d5481a3ccb1882b621deee06fbd599a5bab007bec26e6ed9f3c0ed,ordinary_member; manifest files excluded to avoid circularity
URP4/02_VERIFIED_CORE_HQ_NB_PY/00_RUNNABLE_HQ_AND_ENGINE/urp4/geometry_io/v0_4/imported_winding.py,12616,33f304d457534864132563b76b4af0f2dfba1d5e6da4de43fc7daa00b8ce97ad,ordinary_member; manifest files excluded to avoid circularity
URP4/02_VERIFIED_CORE_HQ_NB_PY/00_RUNNABLE_HQ_AND_ENGINE/urp4/geometry_io/v0_5/__init__.py,423,2ce72d0e7a7d5592ec22c04fb2bd24763fc385665c1ce2500bbe5605f2c2cb33,ordinary_member; manifest files excluded to avoid circularity
URP4/02_VERIFIED_CORE_HQ_NB_PY/00_RUNNABLE_HQ_AND_ENGINE/urp4/geometry_io/v0_5/generated_normalization.py,6566,ea9c6339f25e6b7257b433d557390f30b99aa3c43dc4278c66fe68295b651eae,ordinary_member; manifest files excluded to avoid circularity
URP4/02_VERIFIED_CORE_HQ_NB_PY/00_RUNNABLE_HQ_AND_ENGINE/urp4/hq/__init__.py,50,0cd39e96248dc05d5c8e1410255ce3efd3376735fa25f4d7ef3bf12b2f01616e,ordinary_member; manifest files excluded to avoid circularity
URP4/02_VERIFIED_CORE_HQ_NB_PY/00_RUNNABLE_HQ_AND_ENGINE/urp4/hq/v0_1/__init__.py,301,3773ef40cf8b17454842d719aea7af6a22dd571869fd57b15534b64d8f937cad,ordinary_member; manifest files excluded to avoid circularity
URP4/02_VERIFIED_CORE_HQ_NB_PY/00_RUNNABLE_HQ_AND_ENGINE/urp4/hq/v0_1/controller.py,17333,a76e1ec4bd8ffc8733e1ade1201d3f92104664d26c07221d3068afbe0b099a12,ordinary_member; manifest files excluded to avoid circularity
URP4/02_VERIFIED_CORE_HQ_NB_PY/00_RUNNABLE_HQ_AND_ENGINE/urp4/hq/v0_1/engine.py,12926,d4d11949faec7a1c33821d99f8b26e2d5f2bce50a7de63961ad9c5bff2fdccae,ordinary_member; manifest files excluded to avoid circularity
URP4/02_VERIFIED_CORE_HQ_NB_PY/00_RUNNABLE_HQ_AND_ENGINE/urp4/hq/v0_1/imported_pipeline.py,8858,e9670b8b9987d3a4c4edf39d2264bd5f6046b521b35c0088f34248be702a7531,ordinary_member; manifest files excluded to avoid circularity
URP4/02_VERIFIED_CORE_HQ_NB_PY/00_RUNNABLE_HQ_AND_ENGINE/urp4/hq/v0_2/__init__.py,640,b78dd4cbd4737f2cb65aeff249d5f46e28baf9bcb28ea9073d4de402067a0044,ordinary_member; manifest files excluded to avoid circularity
URP4/02_VERIFIED_CORE_HQ_NB_PY/00_RUNNABLE_HQ_AND_ENGINE/urp4/hq/v0_2/models.py,2120,7ae7fd21fdaeb63b513f7789592201607173def2993cc8afad8ab5248ab16ae1,ordinary_member; manifest files excluded to avoid circularity
URP4/02_VERIFIED_CORE_HQ_NB_PY/00_RUNNABLE_HQ_AND_ENGINE/urp4/hq/v0_2/runtime.py,7942,b257b27dbac35fd1c6d7b447bae1e0a423424a5ecd59e4ae74213d02face17c9,ordinary_member; manifest files excluded to avoid circularity
URP4/02_VERIFIED_CORE_HQ_NB_PY/00_RUNNABLE_HQ_AND_ENGINE/urp4/hq/v0_3/__init__.py,632,bcd9611d3e2365fd2849db0abe60f89c3bfd668848011494e79f29d5dba63d76,ordinary_member; manifest files excluded to avoid circularity
URP4/02_VERIFIED_CORE_HQ_NB_PY/00_RUNNABLE_HQ_AND_ENGINE/urp4/hq/v0_3/generated_n40_development.py,8465,d06ef1d5db02c811efb64873cf91faf8383d3c17e45b23cc2b4f5778be9b1ad4,ordinary_member; manifest files excluded to avoid circularity
URP4/02_VERIFIED_CORE_HQ_NB_PY/00_RUNNABLE_HQ_AND_ENGINE/urp4/route_policy/__init__.py,80,1c890d9d72bc907055d0fc60c9910a68e4b1d48784746222da2b17bcb9a456f6,ordinary_member; manifest files excluded to avoid circularity
URP4/02_VERIFIED_CORE_HQ_NB_PY/00_RUNNABLE_HQ_AND_ENGINE/urp4/route_policy/v0_1/__init__.py,515,6445a4f35382f59b49f1caee02f139102d8290c453ad48e1cbcffc8a18c80bea,ordinary_member; manifest files excluded to avoid circularity
URP4/02_VERIFIED_CORE_HQ_NB_PY/00_RUNNABLE_HQ_AND_ENGINE/urp4/route_policy/v0_1/controller.py,6867,f44bd560521cf702d9d14da747646ab28b1624e0c6881242a1f1c2875e1f4ce5,ordinary_member; manifest files excluded to avoid circularity
URP4/02_VERIFIED_CORE_HQ_NB_PY/00_RUNNABLE_HQ_AND_ENGINE/urp4/route_policy/v0_1/models.py,1337,3a4eae1b705492266278693c8cadd9743ebf5348ae2fef16f702c9b4455fb6ff,ordinary_member; manifest files excluded to avoid circularity
URP4/02_VERIFIED_CORE_HQ_NB_PY/00_RUNNABLE_HQ_AND_ENGINE/urp4/training/__init__.py,165,c361ab611500cad0c7222bdc6d6a7e8717f3a65c4907a2331eb195bea1e75891,ordinary_member; manifest files excluded to avoid circularity
URP4/02_VERIFIED_CORE_HQ_NB_PY/00_RUNNABLE_HQ_AND_ENGINE/urp4/training/p1_adapter_v0_1/__init__.py,718,b04a593d4d0bca2a1bef26ce178e5a08cc12d9aaed7c12771431c68d0227f8a9,ordinary_member; manifest files excluded to avoid circularity
URP4/02_VERIFIED_CORE_HQ_NB_PY/00_RUNNABLE_HQ_AND_ENGINE/urp4/training/p1_adapter_v0_1/adapters.py,8645,73e29758afc8b4324056c68708bf6ac255cbb7a62e4a414fdea81fcb8eabe1e4,ordinary_member; manifest files excluded to avoid circularity
URP4/02_VERIFIED_CORE_HQ_NB_PY/00_RUNNABLE_HQ_AND_ENGINE/urp4/training/p1_adapter_v0_1/models.py,2133,07214664ef1de073b5ea0bf3bd744429e4ec0b406b36f678144356e269e14824,ordinary_member; manifest files excluded to avoid circularity
URP4/02_VERIFIED_CORE_HQ_NB_PY/00_RUNNABLE_HQ_AND_ENGINE/urp4/training/p1_adapter_v0_1/registry.py,5660,6cd60a8b98dce8febefa39b35ed2e41cdcc4a4e393c214f2324347758312faa2,ordinary_member; manifest files excluded to avoid circularity
URP4/02_VERIFIED_CORE_HQ_NB_PY/00_RUNNABLE_HQ_AND_ENGINE/urp4/training/p1_exec_layer_v0_1/__init__.py,1108,a2582e0cfa92daa184a6d3582bdb1ccc198153c1f98bdbb04b01fa8b2c176ea3,ordinary_member; manifest files excluded to avoid circularity
URP4/02_VERIFIED_CORE_HQ_NB_PY/00_RUNNABLE_HQ_AND_ENGINE/urp4/training/p1_exec_layer_v0_1/builders.py,4582,dd7d7effa549f3f7b32c1d23d70c5f8322f4e1798c1041daa69c105259de1080,ordinary_member; manifest files excluded to avoid circularity
URP4/02_VERIFIED_CORE_HQ_NB_PY/00_RUNNABLE_HQ_AND_ENGINE/urp4/training/p1_exec_layer_v0_1/estimators.py,13489,729f4759cf0d5e5844cc3370dc9d5f189299193a2d1bd4a5101be19213e872a5,ordinary_member; manifest files excluded to avoid circularity
URP4/02_VERIFIED_CORE_HQ_NB_PY/00_RUNNABLE_HQ_AND_ENGINE/urp4/training/p1_exec_layer_v0_1/ledger.py,1945,36aad8d9e584fbaa514f212190a93f0b24ca496342516a7b8ee65ca7e9267bac,ordinary_member; manifest files excluded to avoid circularity
URP4/02_VERIFIED_CORE_HQ_NB_PY/00_RUNNABLE_HQ_AND_ENGINE/urp4/training/p1_exec_layer_v0_1/models.py,1629,b6f3c09c91e4df2fc24685d9eb25dd899a171ddda9ea8fa0ca962b81d0545bda,ordinary_member; manifest files excluded to avoid circularity
URP4/02_VERIFIED_CORE_HQ_NB_PY/00_RUNNABLE_HQ_AND_ENGINE/urp4/training/p1_exec_layer_v0_1/permit.py,5347,5396f85f4ccba6f9a2450676a93230e8b3a7e9b317af8628065d987e47fc2ed2,ordinary_member; manifest files excluded to avoid circularity
URP4/02_VERIFIED_CORE_HQ_NB_PY/00_RUNNABLE_HQ_AND_ENGINE/urp4/training/v0_1/__init__.py,1798,11eec2d05da853f97738b8a4f6de678f2ade8a81a23242eb808937d7d6200a5c,ordinary_member; manifest files excluded to avoid circularity
URP4/02_VERIFIED_CORE_HQ_NB_PY/00_RUNNABLE_HQ_AND_ENGINE/urp4/training/v0_1/contracts.py,2234,127fff910ed84108bc116c295ac1c890493e02e04a51e7025494867b10e803ac,ordinary_member; manifest files excluded to avoid circularity
URP4/02_VERIFIED_CORE_HQ_NB_PY/00_RUNNABLE_HQ_AND_ENGINE/urp4/training/v0_1/models.py,4216,d1ea9c9497c37be0ae783445d9aa7451c24421cf7ae1e6907c76e14ebc80fc2a,ordinary_member; manifest files excluded to avoid circularity
URP4/02_VERIFIED_CORE_HQ_NB_PY/00_RUNNABLE_HQ_AND_ENGINE/urp4/training/v0_1/policy.py,12933,d7b6f9f40f5b1648616b57cc02103f5868bd3fadb3b46cb1371ed4a34e35e41c,ordinary_member; manifest files excluded to avoid circularity
URP4/02_VERIFIED_CORE_HQ_NB_PY/00_RUNNABLE_HQ_AND_ENGINE/urp4/training/v0_1/registry.py,9126,ecfa6ef574295138a4c12baaf058203c82ce1361066bfad0b55a97d4cd949695,ordinary_member; manifest files excluded to avoid circularity
URP4/02_VERIFIED_CORE_HQ_NB_PY/00_RUNNABLE_HQ_AND_ENGINE/urp4/training/v0_1/source_audit.py,5958,92984e1a38db136dad6f99de7dac7607f6ec995ebfc2fcfcf1a7d173497eef39,ordinary_member; manifest files excluded to avoid circularity
URP4/02_VERIFIED_CORE_HQ_NB_PY/00_RUNNABLE_HQ_AND_ENGINE/urp4/training/v0_2/__init__.py,557,24c39f42b9b2475e7973f367ccb5e893a8fc0ee510cef85d5ea568486b9c63e8,ordinary_member; manifest files excluded to avoid circularity
URP4/02_VERIFIED_CORE_HQ_NB_PY/00_RUNNABLE_HQ_AND_ENGINE/urp4/training/v0_2/models.py,1888,19b24c1ab841d959702ef7e8f106a6652553ffcb98c816f216cd31fb47b96ec1,ordinary_member; manifest files excluded to avoid circularity
URP4/02_VERIFIED_CORE_HQ_NB_PY/00_RUNNABLE_HQ_AND_ENGINE/urp4/training/v0_2/policy.py,5856,ef694a208127515f0a2644e3c69c64a28c3ba4a6ed761dc3360c97258677ef57,ordinary_member; manifest files excluded to avoid circularity
URP4/02_VERIFIED_CORE_HQ_NB_PY/00_RUNNABLE_HQ_AND_ENGINE/urp4/training/v0_2/registry.py,4702,db296fc50fce1996759386f7278f862f36c8225fff4eafd20f791c229c35a3a6,ordinary_member; manifest files excluded to avoid circularity
URP4/02_VERIFIED_CORE_HQ_NB_PY/00_RUNNABLE_HQ_AND_ENGINE/URP4_1_HQ.ipynb,8740,6ad6761d0274fa6b41eefed0233aee7cc849bf276e626b13342b13e2889dae40,ordinary_member; manifest files excluded to avoid circularity
URP4/02_VERIFIED_CORE_HQ_NB_PY/00_RUNNABLE_HQ_AND_ENGINE/URP4_1_HQ_BLUEPRINT_v0_2.ipynb,31609,1abd6678f3a25548610eea0bc212dd0d1ac2ac1a15105221cf460f594437cc79,ordinary_member; manifest files excluded to avoid circularity
URP4/02_VERIFIED_CORE_HQ_NB_PY/01_EXPERIMENTAL_TRAINING_ADAPTER/adapter_v0_1_1/__init__.py,64,802075508611e9defb57dfa3314b437a7a79ece47423810a1e8d91df5b243647,ordinary_member; manifest files excluded to avoid circularity
URP4/02_VERIFIED_CORE_HQ_NB_PY/01_EXPERIMENTAL_TRAINING_ADAPTER/adapter_v0_1_1/implementation/__init__.py,233,19355532375d989b3eb445affff7381e385d740862596342e5412a1d68a2666b,ordinary_member; manifest files excluded to avoid circularity
URP4/02_VERIFIED_CORE_HQ_NB_PY/01_EXPERIMENTAL_TRAINING_ADAPTER/adapter_v0_1_1/implementation/branches.py,4238,edd49b12702a2d6c8346bf7bf6ced8a3efb147aa49293c1873d03ca55c0c177d,ordinary_member; manifest files excluded to avoid circularity
URP4/02_VERIFIED_CORE_HQ_NB_PY/01_EXPERIMENTAL_TRAINING_ADAPTER/adapter_v0_1_1/implementation/contracts.py,5979,efd4d7819dfa78be77be7b34b9437646eb6014983df868a51f07647ab69a9bbb,ordinary_member; manifest files excluded to avoid circularity
URP4/02_VERIFIED_CORE_HQ_NB_PY/01_EXPERIMENTAL_TRAINING_ADAPTER/adapter_v0_1_1/implementation/hashing.py,884,f423d9dd4d8a72786dd358756b0e62c0abca3e8abf782267ef032511ac8f5dc9,ordinary_member; manifest files excluded to avoid circularity
URP4/02_VERIFIED_CORE_HQ_NB_PY/01_EXPERIMENTAL_TRAINING_ADAPTER/adapter_v0_1_1/implementation/instrumentation.py,3858,501a5b21e3bd12da9440dd2b2a063112c3bc0e0dfcb0584ea4e6f16fdc8dd073,ordinary_member; manifest files excluded to avoid circularity
URP4/02_VERIFIED_CORE_HQ_NB_PY/01_EXPERIMENTAL_TRAINING_ADAPTER/adapter_v0_1_1/implementation/ledgers.py,1081,57f8aa32c4aa8c465b4af48b823ee39ab0ce5a1e7d47a0b111ce43f5ee339897,ordinary_member; manifest files excluded to avoid circularity
URP4/02_VERIFIED_CORE_HQ_NB_PY/01_EXPERIMENTAL_TRAINING_ADAPTER/adapter_v0_1_1/implementation/no_fit_guard.py,1711,1456d09edc3e96d88b386592cd94a9d0c8342779f0ac39260c7483bd92511365,ordinary_member; manifest files excluded to avoid circularity
URP4/02_VERIFIED_CORE_HQ_NB_PY/01_EXPERIMENTAL_TRAINING_ADAPTER/adapter_v0_1_1/implementation/source_exact_runtime.py,5666,1be35f910422585584f5a0d0c191e82470b3a39ccbd6d3899de4f9a862b6018f,ordinary_member; manifest files excluded to avoid circularity
URP4/02_VERIFIED_CORE_HQ_NB_PY/01_EXPERIMENTAL_TRAINING_ADAPTER/source_reference_runner.py,4359,be3bfece1dc4880a19f2a055c408e93c95d27e7f95325ec01af86123093b0baa,ordinary_member; manifest files excluded to avoid circularity
URP4/02_VERIFIED_CORE_HQ_NB_PY/02_PROTECTED_REFERENCES_READ_ONLY/LEGACY-PY/1._parameter_rawdata_0726.py,20739,1e52abc000cda8faaf3edbcc834278d4d7669e825683098376dd87e44a88a536,ordinary_member; manifest files excluded to avoid circularity
URP4/02_VERIFIED_CORE_HQ_NB_PY/02_PROTECTED_REFERENCES_READ_ONLY/LEGACY-PY/2._Parameter_result_0727.py,11385,cdaea5ef1262ca0ea79a7b8ce16a15f435037e779e2688bdecbe80400b3d5c47,ordinary_member; manifest files excluded to avoid circularity
URP4/02_VERIFIED_CORE_HQ_NB_PY/02_PROTECTED_REFERENCES_READ_ONLY/LEGACY-PY/3._parameter_angle_all_0727.py,10566,8a64d05839a606df15055d7c9d84565aa889b5e0c63b57b7f27e19ad76f92ceb,ordinary_member; manifest files excluded to avoid circularity
URP4/02_VERIFIED_CORE_HQ_NB_PY/02_PROTECTED_REFERENCES_READ_ONLY/LEGACY-PY/Curvature_Extraction_New.py,19070,373e3763c735e775565ef2d2da4b90f866ff5cfff3c85b5d0150b0b17a90f42a,ordinary_member; manifest files excluded to avoid circularity
URP4/02_VERIFIED_CORE_HQ_NB_PY/02_PROTECTED_REFERENCES_READ_ONLY/LEGACY-PY/Extract_structure_variable.py,39836,81b2c8ab202b6a4e539a2d630363027b9d146379cbe687945277e0053d2e8b10,ordinary_member; manifest files excluded to avoid circularity
URP4/02_VERIFIED_CORE_HQ_NB_PY/02_PROTECTED_REFERENCES_READ_ONLY/LEGACY-PY/Parameter_distribution_New.py,5388,2dfec52592e0195482fc99613a63a3a021b7a427a078efdb79dc836f9296a453,ordinary_member; manifest files excluded to avoid circularity
URP4/02_VERIFIED_CORE_HQ_NB_PY/02_PROTECTED_REFERENCES_READ_ONLY/NB-CURRENT/R06V2_integrated_legacy_candidate_v0_2.ipynb,333631,29131ce5f3d8d59cf6a7211d963a23f85c14f950ea335bbd237b52a7ff76980f,ordinary_member; manifest files excluded to avoid circularity
URP4/02_VERIFIED_CORE_HQ_NB_PY/02_PROTECTED_REFERENCES_READ_ONLY/NB-DEV/NB_DEV_v0_6_ROUTE_VALID_004_IMPORT_POLICY.ipynb,4703,a817ff8bcd11c7ded001a0066196d1ed41eb6051ffb4dc263acdf4004b162411,ordinary_member; manifest files excluded to avoid circularity
URP4/02_VERIFIED_CORE_HQ_NB_PY/02_PROTECTED_REFERENCES_READ_ONLY/NB-ORIG/Model_generator_260506_descriptor_v5_boundary_symmetry_perfboost.ipynb,332721,47aa3889f61d7e4bfbca37b65286e6b7ad81cf185ab4dd86ebdc263af5d8b7b7,ordinary_member; manifest files excluded to avoid circularity
URP4/02_VERIFIED_CORE_HQ_NB_PY/02_PROTECTED_REFERENCES_READ_ONLY/PROFESSOR_GENERATORS/Multiwall_model_generator_VF50.ipynb,406277,46dcac9467dcb9904eb0d41ebb6639a8cb304d47e46b6c5d478e74df4f497923,ordinary_member; manifest files excluded to avoid circularity
URP4/02_VERIFIED_CORE_HQ_NB_PY/02_PROTECTED_REFERENCES_READ_ONLY/PROFESSOR_GENERATORS/README.md,1037,1946e9a39a1af4df5725ce6e53400391f87b1cdeee60e58f45e32a7c022963ec,ordinary_member; manifest files excluded to avoid circularity
URP4/02_VERIFIED_CORE_HQ_NB_PY/02_PROTECTED_REFERENCES_READ_ONLY/PROFESSOR_GENERATORS/source_manifest_20260716.csv,1483,205595c997a23493b43f5d480f8910dc1cc342693942d76a780f96dad50ce5ba,ordinary_member; manifest files excluded to avoid circularity
URP4/02_VERIFIED_CORE_HQ_NB_PY/02_PROTECTED_REFERENCES_READ_ONLY/PROFESSOR_GENERATORS/Type A+B Gen. Image slicing.ipynb,485230,1ef01006d93be95e56525c91bd0943405ee6cd54e2347413699472fe7c6d24f7,ordinary_member; manifest files excluded to avoid circularity
URP4/02_VERIFIED_CORE_HQ_NB_PY/02_PROTECTED_REFERENCES_READ_ONLY/PROFESSOR_TRAINING/Total data_260503.xlsx,452552,4a6ec7d03d92fa25851998689768d9db9f63227f00e778a528d758b368851dce,ordinary_member; manifest files excluded to avoid circularity
URP4/02_VERIFIED_CORE_HQ_NB_PY/02_PROTECTED_REFERENCES_READ_ONLY/PROFESSOR_TRAINING/Training_260418-1st method - New feature.ipynb,166462,7f75fa05e34fb8aafb39362f6b39aa7d3d924efe7d6af5f3bc0b42debc393cb6,ordinary_member; manifest files excluded to avoid circularity
URP4/02_VERIFIED_CORE_HQ_NB_PY/02_PROTECTED_REFERENCES_READ_ONLY/PROFESSOR_TRAINING/Training_260418-1st method.ipynb,166457,2d4e6b256c37bf8309bbeeb2869f6a5c2935216aab4b959d09c8b55802103402,ordinary_member; manifest files excluded to avoid circularity
URP4/02_VERIFIED_CORE_HQ_NB_PY/02_PROTECTED_REFERENCES_READ_ONLY/PROFESSOR_TRAINING/Training_260419-2nd method - New feature - Good. vibration.ipynb,199785,11129a41bd4303d82c599148cd761adb3c858f58da017586e07fb0f06d055ff2,ordinary_member; manifest files excluded to avoid circularity
URP4/02_VERIFIED_CORE_HQ_NB_PY/02_PROTECTED_REFERENCES_READ_ONLY/PROFESSOR_TRAINING/Training_260419-2nd method.ipynb,182074,7514863928df8e71833f97d0bedb905d7d0654f20cbff8c4f42ee371c182fd39,ordinary_member; manifest files excluded to avoid circularity
URP4/02_VERIFIED_CORE_HQ_NB_PY/02_PROTECTED_REFERENCES_READ_ONLY/PROFESSOR_TRAINING/Training_260420-3rd method - New feature - Good. h.ipynb,324261,09cf2d4213d689cfe272314c41d4b0fd0b9b5a10c4d1b0fe6e44ffe192ec037c,ordinary_member; manifest files excluded to avoid circularity
URP4/02_VERIFIED_CORE_HQ_NB_PY/02_PROTECTED_REFERENCES_READ_ONLY/PROFESSOR_TRAINING/Training_260420-3rd method.ipynb,270162,e265a21f1f836c2d81cfe8c4cf7063c3c2aa4e5f52e40a859f31a217f7aca3bd,ordinary_member; manifest files excluded to avoid circularity
URP4/02_VERIFIED_CORE_HQ_NB_PY/02_PROTECTED_REFERENCES_READ_ONLY/PROFESSOR_TRAINING/Training_260503_Ensemble-4th method.ipynb,316049,d9f6548c8a239fe213732a78ed4e3da8e0843ccb4f98a4fd996f2cc579af8100,ordinary_member; manifest files excluded to avoid circularity
URP4/02_VERIFIED_CORE_HQ_NB_PY/02_PROTECTED_REFERENCES_READ_ONLY/PROFESSOR_TRAINING/Training_260508_Alltogether-5th method.ipynb,471090,5076091043319f042f5fd08b4fd9bdc20c042c81d18a7a9cd794acd99268b792,ordinary_member; manifest files excluded to avoid circularity
URP4/02_VERIFIED_CORE_HQ_NB_PY/02_PROTECTED_REFERENCES_READ_ONLY/PROFESSOR_TRAINING/Training_260508_Alltogether-5th_method_FIXED.ipynb,493740,238b7092c5532c695a6f2c8edeb6aa0ae26177bd63fa0f4ebd98754091dfae69,ordinary_member; manifest files excluded to avoid circularity
URP4/02_VERIFIED_CORE_HQ_NB_PY/03_RESUMABLE_PROJECT_SNAPSHOT/00_VERIFY_RESUMABLE_HANDOFF.py,4136,fd1b714c0e01ca7b2057edcd27dd8a13bcc93c12c35b39f705ee72611c1e72f2,ordinary_member; manifest files excluded to avoid circularity
URP4/02_VERIFIED_CORE_HQ_NB_PY/03_RESUMABLE_PROJECT_SNAPSHOT/configs/default.json,1819,99749b3315f234f5a44e626d610a41fb684294d70a7d0e605115ee796c887096,ordinary_member; manifest files excluded to avoid circularity
URP4/02_VERIFIED_CORE_HQ_NB_PY/03_RESUMABLE_PROJECT_SNAPSHOT/configs/training_future_run_skeleton.json,444,3093175b935c0da038e9d127ee27f0b9292a7253f08611b168f5d15477e97ed8,ordinary_member; manifest files excluded to avoid circularity
URP4/02_VERIFIED_CORE_HQ_NB_PY/03_RESUMABLE_PROJECT_SNAPSHOT/configs/training_method_availability.csv,879,7c886546374dd29233dfc7d813ec6d2e2ab4c00740ec8cae6322aae719981d6f,ordinary_member; manifest files excluded to avoid circularity
URP4/02_VERIFIED_CORE_HQ_NB_PY/03_RESUMABLE_PROJECT_SNAPSHOT/experiments/lab_001_xy_connection_20260626/data/processed/n40_all58_20260715/stl/B3__a272cdb922__N40.stl,2625684,beb368e9c9945669cc202046802bd24ec15e70b61cd472ce061e2e482ba70afc,ordinary_member; manifest files excluded to avoid circularity
URP4/02_VERIFIED_CORE_HQ_NB_PY/03_RESUMABLE_PROJECT_SNAPSHOT/experiments/lab_001_xy_connection_20260626/data/processed/n40_all58_20260715/stl/C1__7755dda7d0__N40.stl,2610684,d798f7b032de8eccfd771037e849b201c7604b833fc0ed8ce07e316529cc5729,ordinary_member; manifest files excluded to avoid circularity
URP4/02_VERIFIED_CORE_HQ_NB_PY/03_RESUMABLE_PROJECT_SNAPSHOT/experiments/lab_001_xy_connection_20260626/data/processed/n40_all58_20260715/stl/F1__0dff3c1b13__N40.stl,2620084,d76883bc10af4f4b3817ccbe90b2863f97c9b843f30c5214cde81d2f76fdb0f8,ordinary_member; manifest files excluded to avoid circularity
URP4/02_VERIFIED_CORE_HQ_NB_PY/03_RESUMABLE_PROJECT_SNAPSHOT/experiments/lab_001_xy_connection_20260626/data/processed/n40_all58_20260715/stl/L1__412f5bec5e__N40.stl,3825084,7189d16e6f812608f31cb7bf54f604caaf438272cbb31a45c153b8a2e8b0730a,ordinary_member; manifest files excluded to avoid circularity
URP4/02_VERIFIED_CORE_HQ_NB_PY/03_RESUMABLE_PROJECT_SNAPSHOT/experiments/lab_001_xy_connection_20260626/data/raw/notion_reference_models_20260701/stl/B1-Basic_Cubic-SC5.stl,225684,a3de2c192173af6014db9e000da722f1bc907210ea250c35827451ae80a2b08a,ordinary_member; manifest files excluded to avoid circularity
URP4/02_VERIFIED_CORE_HQ_NB_PY/03_RESUMABLE_PROJECT_SNAPSHOT/experiments/lab_001_xy_connection_20260626/data/raw/notion_reference_models_20260701/stl/B3-Basic_Cubic-BCC_Lattice.stl,2625684,a272cdb9222309756d52e07d7bd10bf5c2eb7ebe3b216005fec40c6653843a30,ordinary_member; manifest files excluded to avoid circularity
URP4/02_VERIFIED_CORE_HQ_NB_PY/03_RESUMABLE_PROJECT_SNAPSHOT/experiments/lab_001_xy_connection_20260626/data/raw/notion_reference_models_20260701/stl/C1-Cubic_truss_lattice-SC-FCC.stl,2610684,7755dda7d0a3cee9045339bb2c2f85d003af7027fc0d4be87c1cc112508999bd,ordinary_member; manifest files excluded to avoid circularity
URP4/02_VERIFIED_CORE_HQ_NB_PY/03_RESUMABLE_PROJECT_SNAPSHOT/experiments/lab_001_xy_connection_20260626/data/raw/notion_reference_models_20260701/stl/F1-Foam-Kelvin_foam.stl,2620084,0dff3c1b133d7c9d5eee7d32cb0b19734eadc20c3c710268d745118ffdfe9300,ordinary_member; manifest files excluded to avoid circularity
URP4/02_VERIFIED_CORE_HQ_NB_PY/03_RESUMABLE_PROJECT_SNAPSHOT/experiments/lab_001_xy_connection_20260626/data/raw/notion_reference_models_20260701/stl/L1-Truss Lattice-Octahedron_lattice_New.stl,3825084,412f5bec5e8f36aea17495e2c376a632a1c82aec96c849665766b34ea2c58832,ordinary_member; manifest files excluded to avoid circularity
URP4/02_VERIFIED_CORE_HQ_NB_PY/03_RESUMABLE_PROJECT_SNAPSHOT/experiments/lab_001_xy_connection_20260626/data/raw/notion_reference_models_20260701/stl/L7-Truss_Lattice-3D_chiral_metamaterial.stl,1103684,052431157f388cac1a7450a78d0c18f8c08a7b63aaad0b1f520bb8a2d9b7d8a7,ordinary_member; manifest files excluded to avoid circularity
URP4/02_VERIFIED_CORE_HQ_NB_PY/03_RESUMABLE_PROJECT_SNAPSHOT/experiments/lab_001_xy_connection_20260626/data/raw/notion_reference_models_20260701/stp/B1-Basic_Cubic-SC5.stp,2219093,db57a998429e09481e134690e47b0904980284421bb1fadf30acf8272dca6387,ordinary_member; manifest files excluded to avoid circularity
URP4/02_VERIFIED_CORE_HQ_NB_PY/03_RESUMABLE_PROJECT_SNAPSHOT/experiments/lab_001_xy_connection_20260626/data/raw/notion_reference_models_20260701/stp/B3-Basic_Cubic-BCC_Lattice.stp,3896634,b17a3c9a4ee56cf55b87204e6f7021b39f18c87a2657d4480cfda5b29fe8e0fe,ordinary_member; manifest files excluded to avoid circularity
URP4/02_VERIFIED_CORE_HQ_NB_PY/03_RESUMABLE_PROJECT_SNAPSHOT/experiments/lab_001_xy_connection_20260626/data/raw/notion_reference_models_20260701/stp/C1-Cubic_truss_lattice-SC-FCC.stp,23407502,3c47641d340e85acd9d2464dc46d665676c90895141e0c3c7c04a3b23ffdc73c,ordinary_member; manifest files excluded to avoid circularity
URP4/02_VERIFIED_CORE_HQ_NB_PY/03_RESUMABLE_PROJECT_SNAPSHOT/experiments/lab_001_xy_connection_20260626/data/raw/notion_reference_models_20260701/stp/F1-Foam-Kelvin_foam.stp,22530558,2ed29353ea7b50925c9a4593af900068d6c834da5a8dc24944c49b59e3f9ede4,ordinary_member; manifest files excluded to avoid circularity
URP4/02_VERIFIED_CORE_HQ_NB_PY/03_RESUMABLE_PROJECT_SNAPSHOT/experiments/lab_001_xy_connection_20260626/data/raw/notion_reference_models_20260701/stp/L1-Truss Lattice-Octahedron_lattice_New.stp,4390742,76c83973738ae14bde5eb693e99b8404103ab8db5499d438f3221062814991af,ordinary_member; manifest files excluded to avoid circularity
URP4/02_VERIFIED_CORE_HQ_NB_PY/03_RESUMABLE_PROJECT_SNAPSHOT/experiments/lab_001_xy_connection_20260626/data/raw/notion_reference_models_20260701/stp/L7-Truss_Lattice-3D_chiral_metamaterial.stp,7567175,bcb4ca33195f6fd25d384e3ff3b21c18c9e731fd0987aed34519855dfaf2567a,ordinary_member; manifest files excluded to avoid circularity
URP4/02_VERIFIED_CORE_HQ_NB_PY/03_RESUMABLE_PROJECT_SNAPSHOT/experiments/lab_001_xy_connection_20260626/factories/IMSTL-006/contracts/IMSTL-006_SMALL_GENERALIZATION_v0_1_20260728.json,2888,f9e4411f1fd2ff1003086625c4a6e08ff995a56c5da4e2b778b0bf24d1f6649e,ordinary_member; manifest files excluded to avoid circularity
URP4/02_VERIFIED_CORE_HQ_NB_PY/03_RESUMABLE_PROJECT_SNAPSHOT/experiments/lab_001_xy_connection_20260626/factories/IMSTL-006/contracts/IMSTL-006_SMALL_GENERALIZATION_v0_2_20260728.json,2967,c24bdd4c2efa694333336ca33ce54032faf8a31050028e3de6430dcbc7a63c55,ordinary_member; manifest files excluded to avoid circularity
URP4/02_VERIFIED_CORE_HQ_NB_PY/03_RESUMABLE_PROJECT_SNAPSHOT/experiments/lab_001_xy_connection_20260626/factories/IMSTL-006/contracts/IMSTL-006_SMALL_GENERALIZATION_v0_3_SELECTED_GATE_20260728.json,2954,2626ed0a1bcac4d073a8fd1b9e1b026dede8244b1472c01ef0c359c8adc91130,ordinary_member; manifest files excluded to avoid circularity
URP4/02_VERIFIED_CORE_HQ_NB_PY/03_RESUMABLE_PROJECT_SNAPSHOT/experiments/lab_001_xy_connection_20260626/factories/IMSTL-007/contracts/IMSTL-007_F1_RESOLUTION_PIXEL_PHASE_v0_1_20260728.json,3065,85f3ce58b801926980cb2f7b665b5eb4e4ad332762cc239a126559b28122b37d,ordinary_member; manifest files excluded to avoid circularity
URP4/02_VERIFIED_CORE_HQ_NB_PY/03_RESUMABLE_PROJECT_SNAPSHOT/experiments/lab_001_xy_connection_20260626/factories/IMSTL-007/contracts/IMSTL-007_F1_RESOLUTION_PIXEL_PHASE_v0_2_SHORTPATH_20260728.json,3274,03b638f3f99663fdf31fb951f34e09d3e16688d50923b18208a07f2525c22331,ordinary_member; manifest files excluded to avoid circularity
URP4/02_VERIFIED_CORE_HQ_NB_PY/03_RESUMABLE_PROJECT_SNAPSHOT/experiments/lab_001_xy_connection_20260626/factories/IMSTL-008/contracts/IMSTL-008_F1_FULL_P1000_Z801_NONREGRESSION_v0_1_20260728.json,2554,43260a5a2e2b5feaea9ffc94394790f065e8a74e5d736e99afd3e961fccf46f3,ordinary_member; manifest files excluded to avoid circularity
URP4/02_VERIFIED_CORE_HQ_NB_PY/03_RESUMABLE_PROJECT_SNAPSHOT/experiments/lab_001_xy_connection_20260626/factories/IMSTL-008/contracts/IMSTL-008_F1_FULL_P1000_Z801_NONREGRESSION_v0_2_20260728.json,2827,e5f1899308ea598c4ecbd12639c4151072d8aebbfd096288d532353b6361510f,ordinary_member; manifest files excluded to avoid circularity
URP4/02_VERIFIED_CORE_HQ_NB_PY/03_RESUMABLE_PROJECT_SNAPSHOT/experiments/lab_001_xy_connection_20260626/factories/PRM-097/contracts/PRM-097_THIRD_WAVE_FORMULA_TEST_CONTRACT_20260723.json,3503,dd0a9b064fac5197d9057b5de4080c7e9ecd373135ece647ac4a95df1120b93e,ordinary_member; manifest files excluded to avoid circularity
URP4/02_VERIFIED_CORE_HQ_NB_PY/03_RESUMABLE_PROJECT_SNAPSHOT/experiments/lab_001_xy_connection_20260626/factories/PRM-098/contracts/PRM-098_BOUNDED_EXECUTION_PERMIT_20260723.json,2170,80e636ee9fa00192e5be20918a6314b3ce598c0c30995e9c84dd38e0df2443d8,ordinary_member; manifest files excluded to avoid circularity
URP4/02_VERIFIED_CORE_HQ_NB_PY/03_RESUMABLE_PROJECT_SNAPSHOT/experiments/lab_001_xy_connection_20260626/factories/PRM-099/contracts/PRM-099_FULL58_PERMIT_DECISION_CONTRACT_20260723.json,1342,3957509c53cd601dcaaa24916adb2e57c783c9281d464af55e14ea5b4cf174e8,ordinary_member; manifest files excluded to avoid circularity
URP4/02_VERIFIED_CORE_HQ_NB_PY/03_RESUMABLE_PROJECT_SNAPSHOT/experiments/lab_001_xy_connection_20260626/factories/PRM-099/contracts/PRM099_FULL58_SIX_OUTPUT_CONFIG_20260723.json,16949,d73514fcdc2308aff520a7de8d057872606ed7c333c746cf36dae53e333a1d25,ordinary_member; manifest files excluded to avoid circularity
URP4/02_VERIFIED_CORE_HQ_NB_PY/03_RESUMABLE_PROJECT_SNAPSHOT/experiments/lab_001_xy_connection_20260626/factories/PRM-101/contracts/PRM-101_XREG_V0_3_CONSOLIDATION_CONTRACT_20260723.json,2914,90a37f980f4dcb7304c5cca6512175f2f2f6ece2fb853f4c7b710eff8941ea47,ordinary_member; manifest files excluded to avoid circularity
URP4/02_VERIFIED_CORE_HQ_NB_PY/03_RESUMABLE_PROJECT_SNAPSHOT/experiments/lab_001_xy_connection_20260626/factories/PRM-102/contracts/PRM-102_BC_RAW_TABLE_BATCH_CONTRACT_20260723.json,1890,6155f5c57d19972418806b7535139352004dab24c158d86565aa40594244b8e4,ordinary_member; manifest files excluded to avoid circularity
URP4/02_VERIFIED_CORE_HQ_NB_PY/03_RESUMABLE_PROJECT_SNAPSHOT/experiments/lab_001_xy_connection_20260626/factories/PRM-103/contracts/PRM-103_XREG_V0_4_BC_COHORT_CONSOLIDATION_CONTRACT_20260723.json,2505,6d3af5fc3f404d9629c088b4d5c0235440ee7e2a7eb0d6b07130bc930974e30e,ordinary_member; manifest files excluded to avoid circularity
URP4/02_VERIFIED_CORE_HQ_NB_PY/03_RESUMABLE_PROJECT_SNAPSHOT/experiments/lab_001_xy_connection_20260626/factories/PRM-104/contracts/PRM-104_OVERLAY_PHASE_PROFILE_BATCH_CONTRACT_20260723.json,2415,4b69956c8b75e825950e2f3a40e41c5f69683d5c7206a161b4f54007acc17840,ordinary_member; manifest files excluded to avoid circularity
URP4/02_VERIFIED_CORE_HQ_NB_PY/03_RESUMABLE_PROJECT_SNAPSHOT/experiments/lab_001_xy_connection_20260626/factories/PRM-105/contracts/PRM-105_XREG_V0_5_OVERLAY_PHASE_CONSOLIDATION_CONTRACT_20260723.json,3099,6823e9699745505289ace0a1253b9fc73d5674d25994792db725219c2ee47bc4,ordinary_member; manifest files excluded to avoid circularity
URP4/02_VERIFIED_CORE_HQ_NB_PY/03_RESUMABLE_PROJECT_SNAPSHOT/experiments/lab_001_xy_connection_20260626/factories/PRM-106/contracts/PRM-106_PROFILE_DYNAMICS_BATCH_CONTRACT_20260723.json,3004,4a12253e29a1fe8710795cd05391e24fb089680bf8836d6049ea4a1140b81384,ordinary_member; manifest files excluded to avoid circularity
URP4/02_VERIFIED_CORE_HQ_NB_PY/03_RESUMABLE_PROJECT_SNAPSHOT/experiments/lab_001_xy_connection_20260626/factories/PRM-107/contracts/PRM-107_XREG_V0_6_PROFILE_DYNAMICS_CONSOLIDATION_CONTRACT_20260723.json,3134,004b62e3eeb7dd05ea8674cfa299303af1322c5e3065ee737ebd3640fdb7579b,ordinary_member; manifest files excluded to avoid circularity
URP4/02_VERIFIED_CORE_HQ_NB_PY/03_RESUMABLE_PROJECT_SNAPSHOT/experiments/lab_001_xy_connection_20260626/factories/PRM-108/contracts/PRM-108_AXIAL_DISTRIBUTION_SYMMETRY_BATCH_CONTRACT_20260723.json,2973,f9d379f4cf9840dc3633ff6a0360fcdc5c19f6e89582a84ee7a3cce598fe734c,ordinary_member; manifest files excluded to avoid circularity
URP4/02_VERIFIED_CORE_HQ_NB_PY/03_RESUMABLE_PROJECT_SNAPSHOT/experiments/lab_001_xy_connection_20260626/factories/PRM-109/contracts/PRM-109_XREG_V0_7_AXIAL_SYMMETRY_CONSOLIDATION_CONTRACT_20260723.json,3157,35e73ce883fb11cb8ee5425d560b5a90345b44ce67b79c1523295b41cb053254,ordinary_member; manifest files excluded to avoid circularity
URP4/02_VERIFIED_CORE_HQ_NB_PY/03_RESUMABLE_PROJECT_SNAPSHOT/experiments/lab_001_xy_connection_20260626/factories/PRM-110/contracts/PRM-110_AXIAL_SHAPE_ENTROPY_BC_BATCH_CONTRACT_20260723.json,3143,a77a34074fb7271eab4b3fb5f8e417d754f4599631909486c123499454cae94c,ordinary_member; manifest files excluded to avoid circularity
URP4/02_VERIFIED_CORE_HQ_NB_PY/03_RESUMABLE_PROJECT_SNAPSHOT/experiments/lab_001_xy_connection_20260626/factories/PRM-111/contracts/PRM-111_XREG_V0_8_AXIAL_SHAPE_ENTROPY_CONSOLIDATION_CONTRACT_20260723.json,3180,7dd7836f9cf35bfaa14c9a419f44fd3bcbe3e41904021792ae527fdb09f406d1,ordinary_member; manifest files excluded to avoid circularity
URP4/02_VERIFIED_CORE_HQ_NB_PY/03_RESUMABLE_PROJECT_SNAPSHOT/experiments/lab_001_xy_connection_20260626/factories/PRM-112/contracts/PRM-112_AXIAL_WEIGHTED_QUANTILE_LOCATION_B_BATCH_CONTRACT_20260723.json,2791,0024114a3577aadc115bd8eb3d3254a0ad24af6902701d6d9e8627c04777ab6b,ordinary_member; manifest files excluded to avoid circularity
URP4/02_VERIFIED_CORE_HQ_NB_PY/03_RESUMABLE_PROJECT_SNAPSHOT/experiments/lab_001_xy_connection_20260626/factories/PRM-113/contracts/PRM-113_XREG_V0_9_WEIGHTED_QUANTILE_LOCATION_CONSOLIDATION_CONTRACT_20260723.json,2831,845baa3710cb56e2ae6cca4810bffccbd0c6cc470193d53c39bf90606fdcb3b9,ordinary_member; manifest files excluded to avoid circularity
URP4/02_VERIFIED_CORE_HQ_NB_PY/03_RESUMABLE_PROJECT_SNAPSHOT/experiments/lab_001_xy_connection_20260626/factories/PRM-114/contracts/PRM-114_OVERLAY_COMPONENT_INEQUALITY_CONCENTRATION_BC_BATCH_CONTRACT_20260723.json,2542,c8f4917f2e0eb4f59de8d14e32a8d52b0704c0f5f20e84986ecf61d60b9bca4d,ordinary_member; manifest files excluded to avoid circularity
URP4/02_VERIFIED_CORE_HQ_NB_PY/03_RESUMABLE_PROJECT_SNAPSHOT/experiments/lab_001_xy_connection_20260626/factories/PRM-115/contracts/PRM-115_XREG_V1_0_COMPONENT_INEQUALITY_CONSOLIDATION_CONTRACT_20260723.json,2495,b0ceaf7d37e347113e3e838df4d51907d4fc8a1b548a52ddf9965693d9be694f,ordinary_member; manifest files excluded to avoid circularity
URP4/02_VERIFIED_CORE_HQ_NB_PY/03_RESUMABLE_PROJECT_SNAPSHOT/experiments/lab_001_xy_connection_20260626/factories/PRM-116/contracts/PRM-116_COMPONENT_FILTER_SENSITIVITY_BC_BATCH_CONTRACT_20260723.json,2420,85a4602db6445a8f160535e395827088b2651b1c598f6852d26b4bec9dd96310,ordinary_member; manifest files excluded to avoid circularity
URP4/02_VERIFIED_CORE_HQ_NB_PY/03_RESUMABLE_PROJECT_SNAPSHOT/experiments/lab_001_xy_connection_20260626/factories/PRM-117/contracts/PRM-117_XREG_V1_1_COMPONENT_FILTER_SENSITIVITY_CONSOLIDATION_CONTRACT_20260723.json,2356,f32f4ec7c94c9784a598aec7ffe04501a4ce6c81163e4686278dee747ec1f5be,ordinary_member; manifest files excluded to avoid circularity
URP4/02_VERIFIED_CORE_HQ_NB_PY/03_RESUMABLE_PROJECT_SNAPSHOT/experiments/lab_001_xy_connection_20260626/factories/PRM-118/contracts/PRM-118_SLICE_COMPONENT_FILTER_SENSITIVITY_BC_BATCH_CONTRACT_20260723.json,1438,43e45c042503c2ae5f8aae5a4f7ee782cabff95845c70f4f19c1ea528a5ebd1d,ordinary_member; manifest files excluded to avoid circularity
URP4/02_VERIFIED_CORE_HQ_NB_PY/03_RESUMABLE_PROJECT_SNAPSHOT/experiments/lab_001_xy_connection_20260626/factories/PRM-119/contracts/PRM-119_XREG_V1_2_SLICE_COMPONENT_FILTER_SENSITIVITY_CONSOLIDATION_CONTRACT_20260723.json,2812,9ff7e3facc2b851561e577cea5b2941ed325c0ece16a553285749a835bf84dd9,ordinary_member; manifest files excluded to avoid circularity
URP4/02_VERIFIED_CORE_HQ_NB_PY/03_RESUMABLE_PROJECT_SNAPSHOT/experiments/lab_001_xy_connection_20260626/factories/PRM-120/contracts/PRM-120_OVERLAY_PAIR_COMPONENT_COMPOSITION_BC_BATCH_CONTRACT_20260723.json,2219,cc3b66a8e144c6e18c4341c502978f155b65b4c464b5764bdfd635056f75093e,ordinary_member; manifest files excluded to avoid circularity
URP4/02_VERIFIED_CORE_HQ_NB_PY/03_RESUMABLE_PROJECT_SNAPSHOT/experiments/lab_001_xy_connection_20260626/factories/PRM-121/contracts/PRM-121_XREG_V1_3_OVERLAY_PAIR_COMPONENT_COMPOSITION_CONSOLIDATION_CONTRACT_20260723.json,2961,92e8917f2520e83e286cc17a13a1735d780e57f29716b32c2f3e8718ba49b343,ordinary_member; manifest files excluded to avoid circularity
URP4/02_VERIFIED_CORE_HQ_NB_PY/03_RESUMABLE_PROJECT_SNAPSHOT/experiments/lab_001_xy_connection_20260626/factories/PRM-122/contracts/PRM-122_PROFILE_JUMP_AND_TURN_BC_BATCH_CONTRACT_20260723.json,1461,39b95c9e1ffb917cf194960ed842acbb29c37ee58e864d1fff1ae68378c00790,ordinary_member; manifest files excluded to avoid circularity
URP4/02_VERIFIED_CORE_HQ_NB_PY/03_RESUMABLE_PROJECT_SNAPSHOT/experiments/lab_001_xy_connection_20260626/factories/TOUR-C001/contracts/PRM-069_SLICE005_RETURN_INTAKE_20260722.json,1314,e0f269835b5b154db375940b68c35634cd52204ba684bdd2d903536d5740b03b,ordinary_member; manifest files excluded to avoid circularity
URP4/02_VERIFIED_CORE_HQ_NB_PY/03_RESUMABLE_PROJECT_SNAPSHOT/experiments/lab_001_xy_connection_20260626/factories/TOUR-C001/contracts/PRM-070_SLICE005_CONVERGENCE_CONTROL_PREREG_20260722.json,4035,e8533a9c0bebfed7d56cf02f72ee9e22820aab41abd31c1c179ba5fb1d47ac89,ordinary_member; manifest files excluded to avoid circularity
URP4/02_VERIFIED_CORE_HQ_NB_PY/03_RESUMABLE_PROJECT_SNAPSHOT/experiments/lab_001_xy_connection_20260626/factories/TOUR-C001/contracts/TOUR-C001_T4R_SLICE_001_T8_T9_CONVERGENCE_PREREGISTRATION_20260720.json,5795,4c51008fe2593694bd3e0bd04561ae2b0794bca0f00889e369db5d59fa671424,ordinary_member; manifest files excluded to avoid circularity
URP4/02_VERIFIED_CORE_HQ_NB_PY/03_RESUMABLE_PROJECT_SNAPSHOT/experiments/lab_001_xy_connection_20260626/factories/TOUR-C001/contracts/TOUR-C001_T4R_SLICE_003A_MATCHED_SOURCE_FIVE_MODEL_PREREGISTRATION_20260720.json,8663,2e11b14b94fa51e0a42a41dbd905d934b566c8a2250a31a42a13977b8c064743,ordinary_member; manifest files excluded to avoid circularity
URP4/02_VERIFIED_CORE_HQ_NB_PY/03_RESUMABLE_PROJECT_SNAPSHOT/experiments/lab_001_xy_connection_20260626/factories/TOUR-C001/contracts/TOUR-C001_T4R_SLICE_004_ALL58_SOURCE_MATCHED_EXACT_EXTRACTION_20260720.json,31378,c1f9487f0e390a57f7870cd9857c5f2362ea13e4196a239865ac9944d572e2a1,ordinary_member; manifest files excluded to avoid circularity
URP4/02_VERIFIED_CORE_HQ_NB_PY/03_RESUMABLE_PROJECT_SNAPSHOT/experiments/lab_001_xy_connection_20260626/reports/tables/CINT-02_golden_panel_input_manifest_20260718.csv,4541,6f0bde49ca6971ac91905b7152500e7a57346838eae94ad81921ac86716a860a,ordinary_member; manifest files excluded to avoid circularity
URP4/02_VERIFIED_CORE_HQ_NB_PY/03_RESUMABLE_PROJECT_SNAPSHOT/experiments/lab_001_xy_connection_20260626/reports/tables/CINT-02_legacy_source_adapter_registry_20260718.csv,2093,702abc17234ad8053939d300f4ce86ce2c1671e81c92917707889bdbdc72b232,ordinary_member; manifest files excluded to avoid circularity
URP4/02_VERIFIED_CORE_HQ_NB_PY/03_RESUMABLE_PROJECT_SNAPSHOT/experiments/lab_001_xy_connection_20260626/reports/tables/IMSTL-006-20260728-002_selected_slice_gate_detail.csv,28964,a5f1c37d33f919f87e127c728af27633bfb66b32f7b391c03201de5ea64624b8,ordinary_member; manifest files excluded to avoid circularity
URP4/02_VERIFIED_CORE_HQ_NB_PY/03_RESUMABLE_PROJECT_SNAPSHOT/experiments/lab_001_xy_connection_20260626/reports/tables/IMSTL-008-20260728-002_f1_run139_scalar_result.csv,1424,f68120b9b82d7ebd4e6630b00babe5eca2d76d0202e877d3478641f6a5368287,ordinary_member; manifest files excluded to avoid circularity
URP4/02_VERIFIED_CORE_HQ_NB_PY/03_RESUMABLE_PROJECT_SNAPSHOT/experiments/lab_001_xy_connection_20260626/reports/tables/IMSTL-008-20260728-002_family_nonregression.csv,313,7578429efab488af311a6ade0398c6655a587c5c836fcd02efa105b7a01c2bc8,ordinary_member; manifest files excluded to avoid circularity
URP4/02_VERIFIED_CORE_HQ_NB_PY/03_RESUMABLE_PROJECT_SNAPSHOT/experiments/lab_001_xy_connection_20260626/reports/tables/IMSTL-008-20260728-002_independent_scalar_replay.csv,885,a4b45cb5f87fe2bffdbef31c2b4baefccb1bf93f3c3225be5b4d0f7c9bf0a4ba,ordinary_member; manifest files excluded to avoid circularity
URP4/02_VERIFIED_CORE_HQ_NB_PY/03_RESUMABLE_PROJECT_SNAPSHOT/experiments/lab_001_xy_connection_20260626/reports/tables/IMSTL-008-20260728-002_selected_mask_replay.csv,14920,5f085e530c4e7a0a4775cb65444ed9397704c292f1f62ba7283be89c38a234eb,ordinary_member; manifest files excluded to avoid circularity
URP4/02_VERIFIED_CORE_HQ_NB_PY/03_RESUMABLE_PROJECT_SNAPSHOT/experiments/lab_001_xy_connection_20260626/reports/tables/PRM101_unified_redundancy_block_registry.csv,26505,bdfafa024db4d43f321ac8945107ef059036489657978f3d65bcb5cbd4ba812c,ordinary_member; manifest files excluded to avoid circularity
URP4/02_VERIFIED_CORE_HQ_NB_PY/03_RESUMABLE_PROJECT_SNAPSHOT/experiments/lab_001_xy_connection_20260626/reports/tables/PRM101_unified_redundancy_edge_registry.csv,3881,a2c6b4a5e1a2ad1c8687e1b64d17274687b8a1be8f4e49dede1dc1291a27fb8e,ordinary_member; manifest files excluded to avoid circularity
URP4/02_VERIFIED_CORE_HQ_NB_PY/03_RESUMABLE_PROJECT_SNAPSHOT/experiments/lab_001_xy_connection_20260626/reports/tables/PRM101_xreg_v0_3_candidate_bank.csv,67647,a1662a1737dcd8c0ff1e34c0eb00e4b9c69fc179e4b33f35ac4c7ffba1e3b823,ordinary_member; manifest files excluded to avoid circularity
URP4/02_VERIFIED_CORE_HQ_NB_PY/03_RESUMABLE_PROJECT_SNAPSHOT/experiments/lab_001_xy_connection_20260626/reports/tables/PRM101_xreg_v0_3_values_long.csv,612036,104e4599c17421381227f93e2d98051b26c27bbb031c1bc7500666267ff6183d,ordinary_member; manifest files excluded to avoid circularity
URP4/02_VERIFIED_CORE_HQ_NB_PY/03_RESUMABLE_PROJECT_SNAPSHOT/experiments/lab_001_xy_connection_20260626/reports/tables/PRM101_xreg_v0_3_values_wide.csv,101683,d3e1cc828da2f6ea5d6d0baf5276dbbe70a2f6ca560ffde0498766e3d23d3040,ordinary_member; manifest files excluded to avoid circularity
URP4/02_VERIFIED_CORE_HQ_NB_PY/03_RESUMABLE_PROJECT_SNAPSHOT/experiments/lab_001_xy_connection_20260626/reports/tables/PRM149_unified_redundancy_block_registry.csv,60132,4163eea33d34544818453a3c3273a24c29e9fa2a87c47f89b2a187e039bc40e7,ordinary_member; manifest files excluded to avoid circularity
URP4/02_VERIFIED_CORE_HQ_NB_PY/03_RESUMABLE_PROJECT_SNAPSHOT/experiments/lab_001_xy_connection_20260626/reports/tables/PRM149_unified_redundancy_edge_registry.csv,33012,a985d28389f9684a86278f16b3cab87afa1b58bace8e8ffb75c202f4f9c93141,ordinary_member; manifest files excluded to avoid circularity
URP4/02_VERIFIED_CORE_HQ_NB_PY/03_RESUMABLE_PROJECT_SNAPSHOT/experiments/lab_001_xy_connection_20260626/reports/tables/PRM149_xreg_v2_7_candidate_bank.csv,370476,9924597615a999e6fa87f1dce29116dcf7a6a7a87e89a5486944c1d65e121d4e,ordinary_member; manifest files excluded to avoid circularity
URP4/02_VERIFIED_CORE_HQ_NB_PY/03_RESUMABLE_PROJECT_SNAPSHOT/experiments/lab_001_xy_connection_20260626/reports/tables/PRM149_xreg_v2_7_values_long.csv,3838893,c215229dca48e512c58fb93c84063cdcbff412b638437de555d55332126ec3aa,ordinary_member; manifest files excluded to avoid circularity
URP4/02_VERIFIED_CORE_HQ_NB_PY/03_RESUMABLE_PROJECT_SNAPSHOT/experiments/lab_001_xy_connection_20260626/reports/tables/R09-20260715_final_canonical_geometry_registry.csv,53072,49eb903a5eb63a6f017aaf2cf8af891d77d227de375d890a9b4ba889562a3314,ordinary_member; manifest files excluded to avoid circularity
URP4/02_VERIFIED_CORE_HQ_NB_PY/03_RESUMABLE_PROJECT_SNAPSHOT/experiments/lab_001_xy_connection_20260626/results/I008_F1/IMSTL-008-20260728-002/DECISION_PACKET.json,1511,5f350556a139df444f9d9687e3b51226fc16cbf6f673a6311ff9e6412cb17efa,ordinary_member; manifest files excluded to avoid circularity
URP4/02_VERIFIED_CORE_HQ_NB_PY/03_RESUMABLE_PROJECT_SNAPSHOT/experiments/lab_001_xy_connection_20260626/results/I008_F1/IMSTL-008-20260728-002/IMSTL_008_F1_FULL_P1000_Z801_NONREGRESSION_REPORT_20260728.md,3936,9961f24f929ee4cde6ef6a720bb5584e649f1f8bff11147948d239b93ab6882e,ordinary_member; manifest files excluded to avoid circularity
URP4/02_VERIFIED_CORE_HQ_NB_PY/03_RESUMABLE_PROJECT_SNAPSHOT/experiments/lab_001_xy_connection_20260626/results/I008_F1/IMSTL-008-20260728-002/INDEPENDENT_QA.json,774,37379f5f6e4d1e9ee664dc382ff8bec16005926fd513662a3d89caf7050709ba,ordinary_member; manifest files excluded to avoid circularity
URP4/02_VERIFIED_CORE_HQ_NB_PY/03_RESUMABLE_PROJECT_SNAPSHOT/experiments/lab_001_xy_connection_20260626/results/I008_F1/IMSTL-008-20260728-002/MERGE_PACKET.md,1509,321a9ae3569a0b18a776e9144b7708b16aa062d3e1183a495ea4faa137704c79,ordinary_member; manifest files excluded to avoid circularity
URP4/02_VERIFIED_CORE_HQ_NB_PY/03_RESUMABLE_PROJECT_SNAPSHOT/experiments/lab_001_xy_connection_20260626/results/I008_F1/IMSTL-008-20260728-002/PRODUCER_SUMMARY.json,1062,99ae51a22318be04b1ead013bb5f88f5b089f3709b8101a7a9a2ccfccfbdf762,ordinary_member; manifest files excluded to avoid circularity
URP4/02_VERIFIED_CORE_HQ_NB_PY/03_RESUMABLE_PROJECT_SNAPSHOT/experiments/lab_001_xy_connection_20260626/results/I008_F1/IMSTL-008-20260728-002/PROTECTED_ASSET_POST_AUDIT.csv,4954,774ce40ed890bd4b1086eae23ded8775223e559fe62a0830b38f602e0875cfc5,ordinary_member; manifest files excluded to avoid circularity
URP4/02_VERIFIED_CORE_HQ_NB_PY/03_RESUMABLE_PROJECT_SNAPSHOT/experiments/lab_001_xy_connection_20260626/results/I008_F1/IMSTL-008-20260728-002/PROTECTED_ASSET_PRE_AUDIT.csv,7956,75d7760ca10e88b29cc1e2f08bd6dbb1ff99760bab0be8bddb9e1bc500212dcf,ordinary_member; manifest files excluded to avoid circularity
URP4/02_VERIFIED_CORE_HQ_NB_PY/03_RESUMABLE_PROJECT_SNAPSHOT/experiments/lab_001_xy_connection_20260626/results/IMSTL-006_SMALL_GENERALIZATION/IMSTL-006-20260728-002/DECISION_PACKET.json,1637,a3bfb2f6cab1916ccee8432614c5fbea66d14877e9b59a4e0875dee997f2a8c1,ordinary_member; manifest files excluded to avoid circularity
URP4/02_VERIFIED_CORE_HQ_NB_PY/03_RESUMABLE_PROJECT_SNAPSHOT/experiments/lab_001_xy_connection_20260626/results/IMSTL-006_SMALL_GENERALIZATION/IMSTL-006-20260728-002/IMSTL_006_SMALL_GENERALIZATION_REPORT_20260728.md,4966,fbeaa4e61d4b1d01fa18656a770986bca74399b27924023d4e4b489df45f3a0d,ordinary_member; manifest files excluded to avoid circularity
URP4/02_VERIFIED_CORE_HQ_NB_PY/03_RESUMABLE_PROJECT_SNAPSHOT/experiments/lab_001_xy_connection_20260626/results/IMSTL-006_SMALL_GENERALIZATION/IMSTL-006-20260728-002/INDEPENDENT_QA.json,882,f10b4f2415427eb44b0f2e4cde8997a71f7e0f383a4034546d0bd45c5d2b40b6,ordinary_member; manifest files excluded to avoid circularity
URP4/02_VERIFIED_CORE_HQ_NB_PY/03_RESUMABLE_PROJECT_SNAPSHOT/experiments/lab_001_xy_connection_20260626/results/IMSTL-006_SMALL_GENERALIZATION/IMSTL-006-20260728-002/PRODUCER_QA.json,1786,b7aee5615dd6c9ade2708b5be7d9478207617257b8ac6f7d65434f5f0943adff,ordinary_member; manifest files excluded to avoid circularity
URP4/02_VERIFIED_CORE_HQ_NB_PY/03_RESUMABLE_PROJECT_SNAPSHOT/experiments/lab_001_xy_connection_20260626/results/IMSTL-006_SMALL_GENERALIZATION/IMSTL-006-20260728-002/SELECTED_GATE_PACKET.json,3376,b65fcc21f51ff34afc40e953355c6c719551de1af3afcf1c07c73cb768d9bfba,ordinary_member; manifest files excluded to avoid circularity
URP4/02_VERIFIED_CORE_HQ_NB_PY/03_RESUMABLE_PROJECT_SNAPSHOT/experiments/lab_001_xy_connection_20260626/results/IMSTL-007_F1_RESOLUTION_PIXEL_PHASE/IMSTL-007-20260728-001/DECISION_PACKET.json,2165,4ee49b8675157e32ffa49551de8e1eeea272649ee2786f7e2a9c7d34c412f926,ordinary_member; manifest files excluded to avoid circularity
URP4/02_VERIFIED_CORE_HQ_NB_PY/03_RESUMABLE_PROJECT_SNAPSHOT/experiments/lab_001_xy_connection_20260626/results/IMSTL-007_F1_RESOLUTION_PIXEL_PHASE/IMSTL-007-20260728-001/figures/F1_z0000_resolution_phase_grid.png,54864,28731fc418cc082799c6f115878818acdcba8b26b4fc5005bff1c20c801ed19b,ordinary_member; manifest files excluded to avoid circularity
URP4/02_VERIFIED_CORE_HQ_NB_PY/03_RESUMABLE_PROJECT_SNAPSHOT/experiments/lab_001_xy_connection_20260626/results/IMSTL-007_F1_RESOLUTION_PIXEL_PHASE/IMSTL-007-20260728-001/figures/F1_z0001_resolution_phase_grid.png,105934,9fbd38ba3cd7899b72ba392af477b13ff0076eddd9e1c60934c31355951faaba,ordinary_member; manifest files excluded to avoid circularity
URP4/02_VERIFIED_CORE_HQ_NB_PY/03_RESUMABLE_PROJECT_SNAPSHOT/experiments/lab_001_xy_connection_20260626/results/IMSTL-007_F1_RESOLUTION_PIXEL_PHASE/IMSTL-007-20260728-001/figures/F1_z0100_resolution_phase_grid.png,717383,990ebc6b072c9d531db19366d4cab2a1fd4ed8a746929abadb1342d3fc9bc0ca,ordinary_member; manifest files excluded to avoid circularity
URP4/02_VERIFIED_CORE_HQ_NB_PY/03_RESUMABLE_PROJECT_SNAPSHOT/experiments/lab_001_xy_connection_20260626/results/IMSTL-007_F1_RESOLUTION_PIXEL_PHASE/IMSTL-007-20260728-001/figures/F1_z0200_resolution_phase_grid.png,551092,148c5d7f4a9ca9c89a01c8960e68642baaebef2df6adb5e0187b870e7ad65f57,ordinary_member; manifest files excluded to avoid circularity
URP4/02_VERIFIED_CORE_HQ_NB_PY/03_RESUMABLE_PROJECT_SNAPSHOT/experiments/lab_001_xy_connection_20260626/results/IMSTL-007_F1_RESOLUTION_PIXEL_PHASE/IMSTL-007-20260728-001/figures/F1_z0400_resolution_phase_grid.png,588887,b525786ec509fc856cf0abd50803e331ec7771ded34ebdf43b205fe05bb2273c,ordinary_member; manifest files excluded to avoid circularity
URP4/02_VERIFIED_CORE_HQ_NB_PY/03_RESUMABLE_PROJECT_SNAPSHOT/experiments/lab_001_xy_connection_20260626/results/IMSTL-007_F1_RESOLUTION_PIXEL_PHASE/IMSTL-007-20260728-001/figures/F1_z0600_resolution_phase_grid.png,548313,0e22e76d022943caa57bc345ccfd613c39a1cc801d3cf1c3c9f8da6b63eac49d,ordinary_member; manifest files excluded to avoid circularity
URP4/02_VERIFIED_CORE_HQ_NB_PY/03_RESUMABLE_PROJECT_SNAPSHOT/experiments/lab_001_xy_connection_20260626/results/IMSTL-007_F1_RESOLUTION_PIXEL_PHASE/IMSTL-007-20260728-001/figures/F1_z0700_resolution_phase_grid.png,719802,4c2499549e316329ca6dc351e4e2ff0ea9f3ce952c3c70691b6c7e332098f7f9,ordinary_member; manifest files excluded to avoid circularity
URP4/02_VERIFIED_CORE_HQ_NB_PY/03_RESUMABLE_PROJECT_SNAPSHOT/experiments/lab_001_xy_connection_20260626/results/IMSTL-007_F1_RESOLUTION_PIXEL_PHASE/IMSTL-007-20260728-001/figures/F1_z0799_resolution_phase_grid.png,103677,ae5e080de642ce0808143c5d00a6438bd44d37cf167e23b5e9e49c44e2b94b78,ordinary_member; manifest files excluded to avoid circularity
URP4/02_VERIFIED_CORE_HQ_NB_PY/03_RESUMABLE_PROJECT_SNAPSHOT/experiments/lab_001_xy_connection_20260626/results/IMSTL-007_F1_RESOLUTION_PIXEL_PHASE/IMSTL-007-20260728-001/figures/F1_z0800_resolution_phase_grid.png,54864,28731fc418cc082799c6f115878818acdcba8b26b4fc5005bff1c20c801ed19b,ordinary_member; manifest files excluded to avoid circularity
URP4/02_VERIFIED_CORE_HQ_NB_PY/03_RESUMABLE_PROJECT_SNAPSHOT/experiments/lab_001_xy_connection_20260626/results/IMSTL-007_F1_RESOLUTION_PIXEL_PHASE/IMSTL-007-20260728-001/PRODUCER_QA.json,250,28ccf1cb84e926f29937ad345617c8448203d8f2f7f82c02a5eceebd811d60a6,ordinary_member; manifest files excluded to avoid circularity
URP4/02_VERIFIED_CORE_HQ_NB_PY/03_RESUMABLE_PROJECT_SNAPSHOT/experiments/lab_001_xy_connection_20260626/results/IMSTL-007_F1_RESOLUTION_PIXEL_PHASE/IMSTL-007-20260728-001/QUARANTINE.json,203,81052b4d43572022053b3365d05c79c3de8fa7fe43a79aa693fb7d3cc813ca5c,ordinary_member; manifest files excluded to avoid circularity
URP4/02_VERIFIED_CORE_HQ_NB_PY/03_RESUMABLE_PROJECT_SNAPSHOT/experiments/lab_001_xy_connection_20260626/results/POSTRUN-GATE-001/POSTRUN-GATE-001-20260801-001/C1_INDEPENDENT_QA_RESULT.json,1161,88efe036266847bfb29a74f967318ec8634a1ce07b0ebf9bb9ed1cfcd57d2c96,ordinary_member; manifest files excluded to avoid circularity
URP4/02_VERIFIED_CORE_HQ_NB_PY/03_RESUMABLE_PROJECT_SNAPSHOT/experiments/lab_001_xy_connection_20260626/results/POSTRUN-GATE-001/POSTRUN-GATE-001-20260801-001/CLAIM_AND_STATUS_LEDGER.csv,3057,8dd47988b02151b309196973c3e4d5f8dd26d93924971a9b84d8ffd322f483b8,ordinary_member; manifest files excluded to avoid circularity
URP4/02_VERIFIED_CORE_HQ_NB_PY/03_RESUMABLE_PROJECT_SNAPSHOT/experiments/lab_001_xy_connection_20260626/results/POSTRUN-GATE-001/POSTRUN-GATE-001-20260801-001/MERGE_PACKET.md,2071,5f1df313ccebd29c9216f8fd00d630fe8418cb6ce760ee3a01774c1658288cf5,ordinary_member; manifest files excluded to avoid circularity
URP4/02_VERIFIED_CORE_HQ_NB_PY/03_RESUMABLE_PROJECT_SNAPSHOT/experiments/lab_001_xy_connection_20260626/results/POSTRUN-GATE-001/POSTRUN-GATE-001-20260801-001/NEXT_GATE_RECOMMENDATION.md,1894,cdd19795cf4b7c3993190c1df76ff065e23fef16470364d5044a234ebad3923e,ordinary_member; manifest files excluded to avoid circularity
URP4/02_VERIFIED_CORE_HQ_NB_PY/03_RESUMABLE_PROJECT_SNAPSHOT/experiments/lab_001_xy_connection_20260626/results/POSTRUN-GATE-001/POSTRUN-GATE-001-20260801-001/REPORT.md,4145,8628e65c8d688bc52ac8f7fabc7396e756c5a5d4dbb1f38ae4982aa2f71af334,ordinary_member; manifest files excluded to avoid circularity
URP4/02_VERIFIED_CORE_HQ_NB_PY/03_RESUMABLE_PROJECT_SNAPSHOT/experiments/lab_001_xy_connection_20260626/results/POSTRUN-GATE-001/POSTRUN-GATE-001-20260801-001/TRAIN_REPLAY_LIFECYCLE_AWARE_QA_V2.json,2250,407e82ba6bc8bd7b8eaa29c904128ee02cf5172ff07744ec008623db3a7d8d5e,ordinary_member; manifest files excluded to avoid circularity
URP4/02_VERIFIED_CORE_HQ_NB_PY/03_RESUMABLE_PROJECT_SNAPSHOT/experiments/lab_001_xy_connection_20260626/results/POSTRUN-GATE-001/POSTRUN-GATE-001-20260801-001/TRAIN_REPLAY_QA_FAILURE_DISPOSITION.csv,3752,f4fa888da3f5c75959adbd302cee110f5d990102999eb34d33e528d642fbc79d,ordinary_member; manifest files excluded to avoid circularity
URP4/02_VERIFIED_CORE_HQ_NB_PY/03_RESUMABLE_PROJECT_SNAPSHOT/experiments/lab_001_xy_connection_20260626/results/ROUTE-VALID-001/ROUTE-VALID-001-20260729-001/C1_ZMID_P1000_IMPORTED_STL_ROUTE_C.png,30360,f89163d94651f0a56e03b87e70ba0699024bd06b82f0529449966ecd06a6b83e,ordinary_member; manifest files excluded to avoid circularity
URP4/02_VERIFIED_CORE_HQ_NB_PY/03_RESUMABLE_PROJECT_SNAPSHOT/experiments/lab_001_xy_connection_20260626/results/ROUTE-VALID-001/ROUTE-VALID-001-20260729-001/INDEPENDENT_QA.json,1210,ee41193c5bae1852c15b00e41fd2aa2d1b8b66f7f03630522f09733464f730d6,ordinary_member; manifest files excluded to avoid circularity
URP4/02_VERIFIED_CORE_HQ_NB_PY/03_RESUMABLE_PROJECT_SNAPSHOT/experiments/lab_001_xy_connection_20260626/results/ROUTE-VALID-001/ROUTE-VALID-001-20260729-001/REPORT.md,6325,40ad924c54137cc87a1e1e9bb71784e2536768553f63ff9385a15a874d0f5f9b,ordinary_member; manifest files excluded to avoid circularity
URP4/02_VERIFIED_CORE_HQ_NB_PY/03_RESUMABLE_PROJECT_SNAPSHOT/experiments/lab_001_xy_connection_20260626/results/ROUTE-VALID-001/ROUTE-VALID-001-20260729-001/ROUTE_VALID_001_C1_PACKET.json,8740,4c43384d679b286759c09f9f2248de9c633513c9ce90a8246086105418900d19,ordinary_member; manifest files excluded to avoid circularity
URP4/02_VERIFIED_CORE_HQ_NB_PY/03_RESUMABLE_PROJECT_SNAPSHOT/experiments/lab_001_xy_connection_20260626/results/ROUTE-VALID-002/ROUTE-VALID-002-20260729-001/B1_ZMID_P1000_ROUTE_A.png,8815,badf0de50ee994eafc95e870700bf90cb799b675c61b6cd8ab45099c19571bf4,ordinary_member; manifest files excluded to avoid circularity
URP4/02_VERIFIED_CORE_HQ_NB_PY/03_RESUMABLE_PROJECT_SNAPSHOT/experiments/lab_001_xy_connection_20260626/results/ROUTE-VALID-002/ROUTE-VALID-002-20260729-001/B1_ZMID_P1000_ROUTE_B.png,8815,badf0de50ee994eafc95e870700bf90cb799b675c61b6cd8ab45099c19571bf4,ordinary_member; manifest files excluded to avoid circularity
URP4/02_VERIFIED_CORE_HQ_NB_PY/03_RESUMABLE_PROJECT_SNAPSHOT/experiments/lab_001_xy_connection_20260626/results/ROUTE-VALID-002/ROUTE-VALID-002-20260729-001/B1_ZMID_P1000_ROUTE_C.png,8815,badf0de50ee994eafc95e870700bf90cb799b675c61b6cd8ab45099c19571bf4,ordinary_member; manifest files excluded to avoid circularity
URP4/02_VERIFIED_CORE_HQ_NB_PY/03_RESUMABLE_PROJECT_SNAPSHOT/experiments/lab_001_xy_connection_20260626/results/ROUTE-VALID-002/ROUTE-VALID-002-20260729-001/B1_ZMID_P500_ROUTE_A.png,3730,22893041b9168a9d8de35ecafd1788f698c18ae138e2d849c8ac5900ac67953d,ordinary_member; manifest files excluded to avoid circularity
URP4/02_VERIFIED_CORE_HQ_NB_PY/03_RESUMABLE_PROJECT_SNAPSHOT/experiments/lab_001_xy_connection_20260626/results/ROUTE-VALID-002/ROUTE-VALID-002-20260729-001/B1_ZMID_P500_ROUTE_B.png,3730,22893041b9168a9d8de35ecafd1788f698c18ae138e2d849c8ac5900ac67953d,ordinary_member; manifest files excluded to avoid circularity
URP4/02_VERIFIED_CORE_HQ_NB_PY/03_RESUMABLE_PROJECT_SNAPSHOT/experiments/lab_001_xy_connection_20260626/results/ROUTE-VALID-002/ROUTE-VALID-002-20260729-001/B1_ZMID_P500_ROUTE_C.png,3730,22893041b9168a9d8de35ecafd1788f698c18ae138e2d849c8ac5900ac67953d,ordinary_member; manifest files excluded to avoid circularity
URP4/02_VERIFIED_CORE_HQ_NB_PY/03_RESUMABLE_PROJECT_SNAPSHOT/experiments/lab_001_xy_connection_20260626/results/ROUTE-VALID-002/ROUTE-VALID-002-20260729-001/INDEPENDENT_QA.json,1137,698ab6c2d874d20cd8b90f95fff756e4c0c7da464d4d6077ae6495659ea8faab,ordinary_member; manifest files excluded to avoid circularity
URP4/02_VERIFIED_CORE_HQ_NB_PY/03_RESUMABLE_PROJECT_SNAPSHOT/experiments/lab_001_xy_connection_20260626/results/ROUTE-VALID-002/ROUTE-VALID-002-20260729-001/L7_ZMID_P1000_ROUTE_A.png,15685,2a0fb39b00809989d99e1d6f9205642fc71f7f1a7b9344d04798575495dff49e,ordinary_member; manifest files excluded to avoid circularity
URP4/02_VERIFIED_CORE_HQ_NB_PY/03_RESUMABLE_PROJECT_SNAPSHOT/experiments/lab_001_xy_connection_20260626/results/ROUTE-VALID-002/ROUTE-VALID-002-20260729-001/L7_ZMID_P1000_ROUTE_B.png,15685,2a0fb39b00809989d99e1d6f9205642fc71f7f1a7b9344d04798575495dff49e,ordinary_member; manifest files excluded to avoid circularity
URP4/02_VERIFIED_CORE_HQ_NB_PY/03_RESUMABLE_PROJECT_SNAPSHOT/experiments/lab_001_xy_connection_20260626/results/ROUTE-VALID-002/ROUTE-VALID-002-20260729-001/L7_ZMID_P1000_ROUTE_C.png,15685,2a0fb39b00809989d99e1d6f9205642fc71f7f1a7b9344d04798575495dff49e,ordinary_member; manifest files excluded to avoid circularity
URP4/02_VERIFIED_CORE_HQ_NB_PY/03_RESUMABLE_PROJECT_SNAPSHOT/experiments/lab_001_xy_connection_20260626/results/ROUTE-VALID-002/ROUTE-VALID-002-20260729-001/L7_ZMID_P500_ROUTE_A.png,6520,5e49dd9da33933860f140ca20c6d16ef1c3afd458a55f4cd1c6aba80fff812ed,ordinary_member; manifest files excluded to avoid circularity
URP4/02_VERIFIED_CORE_HQ_NB_PY/03_RESUMABLE_PROJECT_SNAPSHOT/experiments/lab_001_xy_connection_20260626/results/ROUTE-VALID-002/ROUTE-VALID-002-20260729-001/L7_ZMID_P500_ROUTE_B.png,6520,5e49dd9da33933860f140ca20c6d16ef1c3afd458a55f4cd1c6aba80fff812ed,ordinary_member; manifest files excluded to avoid circularity
URP4/02_VERIFIED_CORE_HQ_NB_PY/03_RESUMABLE_PROJECT_SNAPSHOT/experiments/lab_001_xy_connection_20260626/results/ROUTE-VALID-002/ROUTE-VALID-002-20260729-001/L7_ZMID_P500_ROUTE_C.png,6520,5e49dd9da33933860f140ca20c6d16ef1c3afd458a55f4cd1c6aba80fff812ed,ordinary_member; manifest files excluded to avoid circularity
URP4/02_VERIFIED_CORE_HQ_NB_PY/03_RESUMABLE_PROJECT_SNAPSHOT/experiments/lab_001_xy_connection_20260626/results/ROUTE-VALID-002/ROUTE-VALID-002-20260729-001/MERGE_PACKET.md,2332,afd14316e03aa053eb09047877dbe080836b48b849a8e16038aff031b1bcd835,ordinary_member; manifest files excluded to avoid circularity
URP4/02_VERIFIED_CORE_HQ_NB_PY/03_RESUMABLE_PROJECT_SNAPSHOT/experiments/lab_001_xy_connection_20260626/results/ROUTE-VALID-002/ROUTE-VALID-002-20260729-001/REPORT.md,4954,deb9ace078dd537ee8201d190404f8a464e5e3f997a3c3a4997e36b5e85b9448,ordinary_member; manifest files excluded to avoid circularity
URP4/02_VERIFIED_CORE_HQ_NB_PY/03_RESUMABLE_PROJECT_SNAPSHOT/experiments/lab_001_xy_connection_20260626/results/ROUTE-VALID-002/ROUTE-VALID-002-20260729-001/ROUTE_VALID_002_PACKET.json,8784,9028ce5865269e0dcee68b7326207ff918d60c0fb885be6ca2546dd3a854f754,ordinary_member; manifest files excluded to avoid circularity
URP4/02_VERIFIED_CORE_HQ_NB_PY/03_RESUMABLE_PROJECT_SNAPSHOT/experiments/lab_001_xy_connection_20260626/results/ROUTE-VALID-003/ROUTE-VALID-003-20260729-001/COMMON_RASTER_CONTRACT.json,2695,c491a58d43cb1028885a0035e75711878ce00b83432f18cfb9ba04f13dda5656,ordinary_member; manifest files excluded to avoid circularity
URP4/02_VERIFIED_CORE_HQ_NB_PY/03_RESUMABLE_PROJECT_SNAPSHOT/experiments/lab_001_xy_connection_20260626/results/ROUTE-VALID-003/ROUTE-VALID-003-20260729-002/COMMON_RASTER_CONTRACT.json,2695,2c37ef8819d06b521283f16bbf32f26711657a7720c514e6e629777ca8a84cca,ordinary_member; manifest files excluded to avoid circularity
URP4/02_VERIFIED_CORE_HQ_NB_PY/03_RESUMABLE_PROJECT_SNAPSHOT/experiments/lab_001_xy_connection_20260626/results/ROUTE-VALID-003/ROUTE-VALID-003-20260729-002/figures/AB_worst_01_z0400_P750_P50X.png,38078,e9505b364d4e14e00f358ab478d03081c3ad6702576796a05c53d56b7668487a,ordinary_member; manifest files excluded to avoid circularity
URP4/02_VERIFIED_CORE_HQ_NB_PY/03_RESUMABLE_PROJECT_SNAPSHOT/experiments/lab_001_xy_connection_20260626/results/ROUTE-VALID-003/ROUTE-VALID-003-20260729-002/figures/AB_worst_02_z0400_P750_P00.png,37936,01b4ece49f5a21388885df2c8a557450a0da0acdf4bffd834a97ca7a05843f6a,ordinary_member; manifest files excluded to avoid circularity
URP4/02_VERIFIED_CORE_HQ_NB_PY/03_RESUMABLE_PROJECT_SNAPSHOT/experiments/lab_001_xy_connection_20260626/results/ROUTE-VALID-003/ROUTE-VALID-003-20260729-002/figures/AB_worst_03_z0400_P1000_P00.png,37967,daf531aef073b41b7e876a6d01a259b49b3349cea10bd6996643682b39fed74b,ordinary_member; manifest files excluded to avoid circularity
URP4/02_VERIFIED_CORE_HQ_NB_PY/03_RESUMABLE_PROJECT_SNAPSHOT/experiments/lab_001_xy_connection_20260626/results/ROUTE-VALID-003/ROUTE-VALID-003-20260729-002/figures/AB_worst_04_z0400_P1000_P50X.png,38071,9885ae44dc4c32230106de263dd4ef26d82c17b698163c10604d85fb61028458,ordinary_member; manifest files excluded to avoid circularity
URP4/02_VERIFIED_CORE_HQ_NB_PY/03_RESUMABLE_PROJECT_SNAPSHOT/experiments/lab_001_xy_connection_20260626/results/ROUTE-VALID-003/ROUTE-VALID-003-20260729-002/figures/AB_worst_05_z0400_P1500_P00.png,37781,a99e8e84176b2cad8c1a5be654a4eaaab5af829b8dd735b8c6cc3f1e597bf120,ordinary_member; manifest files excluded to avoid circularity
URP4/02_VERIFIED_CORE_HQ_NB_PY/03_RESUMABLE_PROJECT_SNAPSHOT/experiments/lab_001_xy_connection_20260626/results/ROUTE-VALID-003/ROUTE-VALID-003-20260729-002/figures/AB_worst_06_z0400_P1500_P50X.png,37862,04013aea6cdf0d6b2ec16a4e20919cea8b17fcd3618cd773b0cc5ce1c1342f2e,ordinary_member; manifest files excluded to avoid circularity
URP4/02_VERIFIED_CORE_HQ_NB_PY/03_RESUMABLE_PROJECT_SNAPSHOT/experiments/lab_001_xy_connection_20260626/results/ROUTE-VALID-003/ROUTE-VALID-003-20260729-002/figures/AC_worst_01_z0400_P500_P50X.png,38291,f8a515dcdebfc42009155f43a39844e588f0f19c89615a49c5763e8837fe057f,ordinary_member; manifest files excluded to avoid circularity
URP4/02_VERIFIED_CORE_HQ_NB_PY/03_RESUMABLE_PROJECT_SNAPSHOT/experiments/lab_001_xy_connection_20260626/results/ROUTE-VALID-003/ROUTE-VALID-003-20260729-002/figures/AC_worst_02_z0400_P500_P00.png,37986,188e3a14ad1e2f44534929ee3c99b793fbc4922ec9b128bc62deb569a0b93df6,ordinary_member; manifest files excluded to avoid circularity
URP4/02_VERIFIED_CORE_HQ_NB_PY/03_RESUMABLE_PROJECT_SNAPSHOT/experiments/lab_001_xy_connection_20260626/results/ROUTE-VALID-003/ROUTE-VALID-003-20260729-002/figures/AC_worst_03_z0400_P750_P00.png,37895,980bd443ea91f9b3a78c9b992de55b9f20b6699bc1b70dfc5c5e598b1b169e38,ordinary_member; manifest files excluded to avoid circularity
URP4/02_VERIFIED_CORE_HQ_NB_PY/03_RESUMABLE_PROJECT_SNAPSHOT/experiments/lab_001_xy_connection_20260626/results/ROUTE-VALID-003/ROUTE-VALID-003-20260729-002/figures/AC_worst_04_z0400_P750_P50X.png,38034,aadb218ad20bd13e44d351ae725c6351eebfeeff2bde1dcbfe887551e48cb75d,ordinary_member; manifest files excluded to avoid circularity
URP4/02_VERIFIED_CORE_HQ_NB_PY/03_RESUMABLE_PROJECT_SNAPSHOT/experiments/lab_001_xy_connection_20260626/results/ROUTE-VALID-003/ROUTE-VALID-003-20260729-002/figures/AC_worst_05_z0400_P1000_P50X.png,38029,83275e6534a05bd8418948afbd39cdb176c7504d58f988fe0d75516484e40a54,ordinary_member; manifest files excluded to avoid circularity
URP4/02_VERIFIED_CORE_HQ_NB_PY/03_RESUMABLE_PROJECT_SNAPSHOT/experiments/lab_001_xy_connection_20260626/results/ROUTE-VALID-003/ROUTE-VALID-003-20260729-002/figures/AC_worst_06_z0400_P1000_P00.png,37924,39733a4fd938e8ed838018f0a757499228b4b81fc2d25e223bab4d53cfafc1e5,ordinary_member; manifest files excluded to avoid circularity
URP4/02_VERIFIED_CORE_HQ_NB_PY/03_RESUMABLE_PROJECT_SNAPSHOT/experiments/lab_001_xy_connection_20260626/results/ROUTE-VALID-003/ROUTE-VALID-003-20260729-002/INDEPENDENT_QA.json,810,1fcaedfd18c8166787807757ebc5cd5c9aabe752e7f79a3e0601338927e2873a,ordinary_member; manifest files excluded to avoid circularity
URP4/02_VERIFIED_CORE_HQ_NB_PY/03_RESUMABLE_PROJECT_SNAPSHOT/experiments/lab_001_xy_connection_20260626/results/ROUTE-VALID-003/ROUTE-VALID-003-20260729-002/MERGE_PACKET.md,1404,3b3677ff65d1d88d03bab4d6bfc681f2ea4d6d803cf67f7e0a237fa5326eb28f,ordinary_member; manifest files excluded to avoid circularity
URP4/02_VERIFIED_CORE_HQ_NB_PY/03_RESUMABLE_PROJECT_SNAPSHOT/experiments/lab_001_xy_connection_20260626/results/ROUTE-VALID-003/ROUTE-VALID-003-20260729-002/OUTPUT_MANIFEST.csv,1926,cd80afa317f5c3240838a2f8936b16bf2a3a1f567f6b8978cbdb0b9e91cd74df,ordinary_member; manifest files excluded to avoid circularity
URP4/02_VERIFIED_CORE_HQ_NB_PY/03_RESUMABLE_PROJECT_SNAPSHOT/experiments/lab_001_xy_connection_20260626/results/ROUTE-VALID-003/ROUTE-VALID-003-20260729-002/PRODUCER_PACKET.json,545,a32f2ab6423dbf6e01513cc9ba950976812e6449304c398b2ef9f287cb509789,ordinary_member; manifest files excluded to avoid circularity
URP4/02_VERIFIED_CORE_HQ_NB_PY/03_RESUMABLE_PROJECT_SNAPSHOT/experiments/lab_001_xy_connection_20260626/results/ROUTE-VALID-003/ROUTE-VALID-003-20260729-002/REPORT.md,2063,ae2019407ee718a2bb53b0437b22216162ac3e1d90bb67b1654ee189e8bf3d30,ordinary_member; manifest files excluded to avoid circularity
URP4/02_VERIFIED_CORE_HQ_NB_PY/03_RESUMABLE_PROJECT_SNAPSHOT/experiments/lab_001_xy_connection_20260626/results/ROUTE-VALID-003/ROUTE-VALID-003-20260729-002/ROUTE_VALID_003_PACKET.json,692,a97a8a532c4b9202e611b39ce6400512eb2ce9d4cb800a89c54b7e9feff47ec6,ordinary_member; manifest files excluded to avoid circularity
URP4/02_VERIFIED_CORE_HQ_NB_PY/03_RESUMABLE_PROJECT_SNAPSHOT/experiments/lab_001_xy_connection_20260626/results/ROUTE-VALID-004/ROUTE-VALID-004-20260729-001/FINAL_OUTPUT_MANIFEST.csv,2055,9af43e67295ac203bc2f535271d7656a19cd183af651806c106c16ead874616d,ordinary_member; manifest files excluded to avoid circularity
URP4/02_VERIFIED_CORE_HQ_NB_PY/03_RESUMABLE_PROJECT_SNAPSHOT/experiments/lab_001_xy_connection_20260626/results/ROUTE-VALID-004/ROUTE-VALID-004-20260729-001/INDEPENDENT_QA.json,818,f9a5ae5a04396e6b72f2988e9e00c71dcd218c647fcd0c4843b2b1bccfdf6f64,ordinary_member; manifest files excluded to avoid circularity
URP4/02_VERIFIED_CORE_HQ_NB_PY/03_RESUMABLE_PROJECT_SNAPSHOT/experiments/lab_001_xy_connection_20260626/results/ROUTE-VALID-004/ROUTE-VALID-004-20260729-001/MERGE_PACKET.md,1254,2b652cb8d8a17c9254f84de5906c38749ed28ecf269592334ce5bb32e750f667,ordinary_member; manifest files excluded to avoid circularity
URP4/02_VERIFIED_CORE_HQ_NB_PY/03_RESUMABLE_PROJECT_SNAPSHOT/experiments/lab_001_xy_connection_20260626/results/ROUTE-VALID-004/ROUTE-VALID-004-20260729-001/OUTPUT_MANIFEST.csv,1414,6f31ef380e50d97d3fc8c8fb2fe7813afe8daea1c70989a3fb0a4b215374cc85,ordinary_member; manifest files excluded to avoid circularity
URP4/02_VERIFIED_CORE_HQ_NB_PY/03_RESUMABLE_PROJECT_SNAPSHOT/experiments/lab_001_xy_connection_20260626/results/ROUTE-VALID-004/ROUTE-VALID-004-20260729-001/POLICY_CONTRACT.json,3585,2b223ea4e36854308197a15d400ca5ce5963b9fe509fab34fcfd1c2de24a2ef9,ordinary_member; manifest files excluded to avoid circularity
URP4/02_VERIFIED_CORE_HQ_NB_PY/03_RESUMABLE_PROJECT_SNAPSHOT/experiments/lab_001_xy_connection_20260626/results/ROUTE-VALID-004/ROUTE-VALID-004-20260729-001/PROTECTED_ASSET_RECHECK.csv,8454,f3d7fbf884dee255e181523ca88684b1062c8098ffdf416c12d730d836bbc2f6,ordinary_member; manifest files excluded to avoid circularity
URP4/02_VERIFIED_CORE_HQ_NB_PY/03_RESUMABLE_PROJECT_SNAPSHOT/experiments/lab_001_xy_connection_20260626/results/ROUTE-VALID-004/ROUTE-VALID-004-20260729-001/REPORT.md,5925,cb72eeaea007558aa0a91872ea64e583fa30340b624048f11d47245523cdc063,ordinary_member; manifest files excluded to avoid circularity
URP4/02_VERIFIED_CORE_HQ_NB_PY/03_RESUMABLE_PROJECT_SNAPSHOT/experiments/lab_001_xy_connection_20260626/results/STRICT-STEP-026/STRICT-STEP-026-20260731-001/anchor_pngs/overlay_0199_0200.png,41347,1fdc1ebf5a19139df9e1f139cae23390e5a39a58f3ea5a3e0f29ce9c0d7f4ebd,ordinary_member; manifest files excluded to avoid circularity
URP4/02_VERIFIED_CORE_HQ_NB_PY/03_RESUMABLE_PROJECT_SNAPSHOT/experiments/lab_001_xy_connection_20260626/results/STRICT-STEP-026/STRICT-STEP-026-20260731-001/anchor_pngs/overlay_0399_0400.png,43988,2281d1ff451249f2953d6ffae53dfe4c857f767fedb733ce02d7752afdcc0110,ordinary_member; manifest files excluded to avoid circularity
URP4/02_VERIFIED_CORE_HQ_NB_PY/03_RESUMABLE_PROJECT_SNAPSHOT/experiments/lab_001_xy_connection_20260626/results/STRICT-STEP-026/STRICT-STEP-026-20260731-001/anchor_pngs/overlay_0599_0600.png,41395,948d319e705fdaadf28e406d9f6e3a2c467f576b2eec1153fde0e0cc60a4cc2e,ordinary_member; manifest files excluded to avoid circularity
URP4/02_VERIFIED_CORE_HQ_NB_PY/03_RESUMABLE_PROJECT_SNAPSHOT/experiments/lab_001_xy_connection_20260626/results/STRICT-STEP-026/STRICT-STEP-026-20260731-001/anchor_pngs/overlay_0799_0800.png,50022,be582b5d59f8795bfabd00d8437c51a383f23399aea2931ac92fae4c48dd0a5e,ordinary_member; manifest files excluded to avoid circularity
URP4/02_VERIFIED_CORE_HQ_NB_PY/03_RESUMABLE_PROJECT_SNAPSHOT/experiments/lab_001_xy_connection_20260626/results/STRICT-STEP-026/STRICT-STEP-026-20260731-001/anchor_pngs/slice_0000.png,34197,7ff9e3b82f2ae1e49bf4e7389fba85da64c57fde430ca00197a7cf72bae4d2ed,ordinary_member; manifest files excluded to avoid circularity
URP4/02_VERIFIED_CORE_HQ_NB_PY/03_RESUMABLE_PROJECT_SNAPSHOT/experiments/lab_001_xy_connection_20260626/results/STRICT-STEP-026/STRICT-STEP-026-20260731-001/anchor_pngs/slice_0200.png,25856,e464d7729bb4727f3fd5893e4623f4b1d642247b1342a3f4641d834d69479a06,ordinary_member; manifest files excluded to avoid circularity
URP4/02_VERIFIED_CORE_HQ_NB_PY/03_RESUMABLE_PROJECT_SNAPSHOT/experiments/lab_001_xy_connection_20260626/results/STRICT-STEP-026/STRICT-STEP-026-20260731-001/anchor_pngs/slice_0400.png,30360,f89163d94651f0a56e03b87e70ba0699024bd06b82f0529449966ecd06a6b83e,ordinary_member; manifest files excluded to avoid circularity
URP4/02_VERIFIED_CORE_HQ_NB_PY/03_RESUMABLE_PROJECT_SNAPSHOT/experiments/lab_001_xy_connection_20260626/results/STRICT-STEP-026/STRICT-STEP-026-20260731-001/anchor_pngs/slice_0600.png,25856,e464d7729bb4727f3fd5893e4623f4b1d642247b1342a3f4641d834d69479a06,ordinary_member; manifest files excluded to avoid circularity
URP4/02_VERIFIED_CORE_HQ_NB_PY/03_RESUMABLE_PROJECT_SNAPSHOT/experiments/lab_001_xy_connection_20260626/results/STRICT-STEP-026/STRICT-STEP-026-20260731-001/anchor_pngs/slice_0800.png,34197,7ff9e3b82f2ae1e49bf4e7389fba85da64c57fde430ca00197a7cf72bae4d2ed,ordinary_member; manifest files excluded to avoid circularity
URP4/02_VERIFIED_CORE_HQ_NB_PY/03_RESUMABLE_PROJECT_SNAPSHOT/experiments/lab_001_xy_connection_20260626/results/STRICT-STEP-026/STRICT-STEP-026-20260731-001/CONTRACT_MANIFEST.json,743,7aaf2e86b8982c0f1d9c843e419ef4a74a2ccf97457b950103787ab7e3c2bc70,ordinary_member; manifest files excluded to avoid circularity
URP4/02_VERIFIED_CORE_HQ_NB_PY/03_RESUMABLE_PROJECT_SNAPSHOT/experiments/lab_001_xy_connection_20260626/results/STRICT-STEP-026/STRICT-STEP-026-20260731-001/direct_legacy_scalar_table.csv,2834,21adcebd3f2737b8523e380a9b1d06010a5aeec146f38888903eb2b9ea711372,ordinary_member; manifest files excluded to avoid circularity
URP4/02_VERIFIED_CORE_HQ_NB_PY/03_RESUMABLE_PROJECT_SNAPSHOT/experiments/lab_001_xy_connection_20260626/results/STRICT-STEP-026/STRICT-STEP-026-20260731-001/INDEPENDENT_QA.json,1161,88efe036266847bfb29a74f967318ec8634a1ce07b0ebf9bb9ed1cfcd57d2c96,ordinary_member; manifest files excluded to avoid circularity
URP4/02_VERIFIED_CORE_HQ_NB_PY/03_RESUMABLE_PROJECT_SNAPSHOT/experiments/lab_001_xy_connection_20260626/results/STRICT-STEP-026/STRICT-STEP-026-20260731-001/overlay_png_manifest.csv,68763,57a6929d36929905fe1ee5f10d49f4dba9520f272d75df85882690cde3a0971b,ordinary_member; manifest files excluded to avoid circularity
URP4/02_VERIFIED_CORE_HQ_NB_PY/03_RESUMABLE_PROJECT_SNAPSHOT/experiments/lab_001_xy_connection_20260626/results/STRICT-STEP-026/STRICT-STEP-026-20260731-001/RUN_STATE.json,255,631ad313e9e38140f3d3a9d9f6daa5b6c033243ee873cae58f407972ac17f7aa,ordinary_member; manifest files excluded to avoid circularity
URP4/02_VERIFIED_CORE_HQ_NB_PY/03_RESUMABLE_PROJECT_SNAPSHOT/experiments/lab_001_xy_connection_20260626/results/STRICT-STEP-026/STRICT-STEP-026-20260731-001/slice_png_manifest.csv,76575,84a520421eb9a276af46752423754bf5d8d9428691f6cb79769d8a1c8d752882,ordinary_member; manifest files excluded to avoid circularity
URP4/02_VERIFIED_CORE_HQ_NB_PY/03_RESUMABLE_PROJECT_SNAPSHOT/experiments/lab_001_xy_connection_20260626/results/STRICT-STEP-026/worker_logs/STRICT-STEP-026-20260731-001.stderr.log,283,77ae62a89a5ae86363148d50dc43a6ba697c948d0431ec52fbb930e10de085af,ordinary_member; manifest files excluded to avoid circularity
URP4/02_VERIFIED_CORE_HQ_NB_PY/03_RESUMABLE_PROJECT_SNAPSHOT/experiments/lab_001_xy_connection_20260626/results/STRICT-STEP-026/worker_logs/STRICT-STEP-026-20260731-001.stdout.log,570626,6afbc1aeb2819d655f782fde8498c879b40fd607c65bb5e2f72c5a7235184d99,ordinary_member; manifest files excluded to avoid circularity
URP4/02_VERIFIED_CORE_HQ_NB_PY/03_RESUMABLE_PROJECT_SNAPSHOT/experiments/lab_001_xy_connection_20260626/resume_evidence/I007_F1/IMSTL-007-20260728-002/DECISION_PACKET.json,2165,e3c7faec25508ab397fc47d27218730ea5e23469b44bc7b15149ff3d48764ee4,ordinary_member; manifest files excluded to avoid circularity
URP4/02_VERIFIED_CORE_HQ_NB_PY/03_RESUMABLE_PROJECT_SNAPSHOT/experiments/lab_001_xy_connection_20260626/resume_evidence/I007_F1/IMSTL-007-20260728-002/INDEPENDENT_QA.json,490,cba6e3aedce5e99c21beb0e06195a7c71902c35f25b8d9a7678e49dc5ec8f617,ordinary_member; manifest files excluded to avoid circularity
URP4/02_VERIFIED_CORE_HQ_NB_PY/03_RESUMABLE_PROJECT_SNAPSHOT/experiments/lab_001_xy_connection_20260626/resume_evidence/I007_F1/IMSTL-007-20260728-002/OUTPUT_MANIFEST.csv,1337,021937628d2a1dfec543557c1eb20601157d2d44760e26a7b8d4a3119f899fbf,ordinary_member; manifest files excluded to avoid circularity
URP4/02_VERIFIED_CORE_HQ_NB_PY/03_RESUMABLE_PROJECT_SNAPSHOT/experiments/lab_001_xy_connection_20260626/resume_evidence/I007_F1/IMSTL-007-20260728-002/PRODUCER_QA.json,250,28ccf1cb84e926f29937ad345617c8448203d8f2f7f82c02a5eceebd811d60a6,ordinary_member; manifest files excluded to avoid circularity
URP4/02_VERIFIED_CORE_HQ_NB_PY/03_RESUMABLE_PROJECT_SNAPSHOT/experiments/lab_001_xy_connection_20260626/resume_evidence/I007_F1/IMSTL-007-20260728-002/REPORT.md,3244,9f533977797d89758fb49626edad277fad9265d0ff382455424164129ca31ce3,ordinary_member; manifest files excluded to avoid circularity
URP4/02_VERIFIED_CORE_HQ_NB_PY/03_RESUMABLE_PROJECT_SNAPSHOT/experiments/lab_001_xy_connection_20260626/resume_evidence/IMSTL-006_SMALL_GENERALIZATION/IMSTL-006-20260728-002/DECISION_PACKET.json,1637,a3bfb2f6cab1916ccee8432614c5fbea66d14877e9b59a4e0875dee997f2a8c1,ordinary_member; manifest files excluded to avoid circularity
URP4/02_VERIFIED_CORE_HQ_NB_PY/03_RESUMABLE_PROJECT_SNAPSHOT/experiments/lab_001_xy_connection_20260626/resume_evidence/IMSTL-006_SMALL_GENERALIZATION/IMSTL-006-20260728-002/IMSTL_006_SMALL_GENERALIZATION_REPORT_20260728.md,4966,fbeaa4e61d4b1d01fa18656a770986bca74399b27924023d4e4b489df45f3a0d,ordinary_member; manifest files excluded to avoid circularity
URP4/02_VERIFIED_CORE_HQ_NB_PY/03_RESUMABLE_PROJECT_SNAPSHOT/experiments/lab_001_xy_connection_20260626/resume_evidence/IMSTL-006_SMALL_GENERALIZATION/IMSTL-006-20260728-002/INDEPENDENT_QA.json,882,f10b4f2415427eb44b0f2e4cde8997a71f7e0f383a4034546d0bd45c5d2b40b6,ordinary_member; manifest files excluded to avoid circularity
URP4/02_VERIFIED_CORE_HQ_NB_PY/03_RESUMABLE_PROJECT_SNAPSHOT/experiments/lab_001_xy_connection_20260626/resume_evidence/IMSTL-006_SMALL_GENERALIZATION/IMSTL-006-20260728-002/PRODUCER_QA.json,1786,b7aee5615dd6c9ade2708b5be7d9478207617257b8ac6f7d65434f5f0943adff,ordinary_member; manifest files excluded to avoid circularity
URP4/02_VERIFIED_CORE_HQ_NB_PY/03_RESUMABLE_PROJECT_SNAPSHOT/experiments/lab_001_xy_connection_20260626/resume_evidence/IMSTL-006_SMALL_GENERALIZATION/IMSTL-006-20260728-002/SELECTED_GATE_PACKET.json,3376,b65fcc21f51ff34afc40e953355c6c719551de1af3afcf1c07c73cb768d9bfba,ordinary_member; manifest files excluded to avoid circularity
URP4/02_VERIFIED_CORE_HQ_NB_PY/03_RESUMABLE_PROJECT_SNAPSHOT/experiments/lab_001_xy_connection_20260626/resume_evidence/ROUTE-VALID-001/ROUTE-VALID-001-20260729-001/C1_ZMID_P1000_IMPORTED_STL_ROUTE_C.png,30360,f89163d94651f0a56e03b87e70ba0699024bd06b82f0529449966ecd06a6b83e,ordinary_member; manifest files excluded to avoid circularity
URP4/02_VERIFIED_CORE_HQ_NB_PY/03_RESUMABLE_PROJECT_SNAPSHOT/experiments/lab_001_xy_connection_20260626/resume_evidence/ROUTE-VALID-001/ROUTE-VALID-001-20260729-001/INDEPENDENT_QA.json,1210,ee41193c5bae1852c15b00e41fd2aa2d1b8b66f7f03630522f09733464f730d6,ordinary_member; manifest files excluded to avoid circularity
URP4/02_VERIFIED_CORE_HQ_NB_PY/03_RESUMABLE_PROJECT_SNAPSHOT/experiments/lab_001_xy_connection_20260626/resume_evidence/ROUTE-VALID-001/ROUTE-VALID-001-20260729-001/REPORT.md,6325,40ad924c54137cc87a1e1e9bb71784e2536768553f63ff9385a15a874d0f5f9b,ordinary_member; manifest files excluded to avoid circularity
URP4/02_VERIFIED_CORE_HQ_NB_PY/03_RESUMABLE_PROJECT_SNAPSHOT/experiments/lab_001_xy_connection_20260626/resume_evidence/ROUTE-VALID-001/ROUTE-VALID-001-20260729-001/ROUTE_VALID_001_C1_PACKET.json,8740,4c43384d679b286759c09f9f2248de9c633513c9ce90a8246086105418900d19,ordinary_member; manifest files excluded to avoid circularity
URP4/02_VERIFIED_CORE_HQ_NB_PY/03_RESUMABLE_PROJECT_SNAPSHOT/experiments/lab_001_xy_connection_20260626/resume_evidence/ROUTE-VALID-002/ROUTE-VALID-002-20260729-001/B1_ZMID_P1000_ROUTE_A.png,8815,badf0de50ee994eafc95e870700bf90cb799b675c61b6cd8ab45099c19571bf4,ordinary_member; manifest files excluded to avoid circularity
URP4/02_VERIFIED_CORE_HQ_NB_PY/03_RESUMABLE_PROJECT_SNAPSHOT/experiments/lab_001_xy_connection_20260626/resume_evidence/ROUTE-VALID-002/ROUTE-VALID-002-20260729-001/B1_ZMID_P1000_ROUTE_B.png,8815,badf0de50ee994eafc95e870700bf90cb799b675c61b6cd8ab45099c19571bf4,ordinary_member; manifest files excluded to avoid circularity
URP4/02_VERIFIED_CORE_HQ_NB_PY/03_RESUMABLE_PROJECT_SNAPSHOT/experiments/lab_001_xy_connection_20260626/resume_evidence/ROUTE-VALID-002/ROUTE-VALID-002-20260729-001/B1_ZMID_P1000_ROUTE_C.png,8815,badf0de50ee994eafc95e870700bf90cb799b675c61b6cd8ab45099c19571bf4,ordinary_member; manifest files excluded to avoid circularity
URP4/02_VERIFIED_CORE_HQ_NB_PY/03_RESUMABLE_PROJECT_SNAPSHOT/experiments/lab_001_xy_connection_20260626/resume_evidence/ROUTE-VALID-002/ROUTE-VALID-002-20260729-001/B1_ZMID_P500_ROUTE_A.png,3730,22893041b9168a9d8de35ecafd1788f698c18ae138e2d849c8ac5900ac67953d,ordinary_member; manifest files excluded to avoid circularity
URP4/02_VERIFIED_CORE_HQ_NB_PY/03_RESUMABLE_PROJECT_SNAPSHOT/experiments/lab_001_xy_connection_20260626/resume_evidence/ROUTE-VALID-002/ROUTE-VALID-002-20260729-001/B1_ZMID_P500_ROUTE_B.png,3730,22893041b9168a9d8de35ecafd1788f698c18ae138e2d849c8ac5900ac67953d,ordinary_member; manifest files excluded to avoid circularity
URP4/02_VERIFIED_CORE_HQ_NB_PY/03_RESUMABLE_PROJECT_SNAPSHOT/experiments/lab_001_xy_connection_20260626/resume_evidence/ROUTE-VALID-002/ROUTE-VALID-002-20260729-001/B1_ZMID_P500_ROUTE_C.png,3730,22893041b9168a9d8de35ecafd1788f698c18ae138e2d849c8ac5900ac67953d,ordinary_member; manifest files excluded to avoid circularity
URP4/02_VERIFIED_CORE_HQ_NB_PY/03_RESUMABLE_PROJECT_SNAPSHOT/experiments/lab_001_xy_connection_20260626/resume_evidence/ROUTE-VALID-002/ROUTE-VALID-002-20260729-001/INDEPENDENT_QA.json,1137,698ab6c2d874d20cd8b90f95fff756e4c0c7da464d4d6077ae6495659ea8faab,ordinary_member; manifest files excluded to avoid circularity
URP4/02_VERIFIED_CORE_HQ_NB_PY/03_RESUMABLE_PROJECT_SNAPSHOT/experiments/lab_001_xy_connection_20260626/resume_evidence/ROUTE-VALID-002/ROUTE-VALID-002-20260729-001/L7_ZMID_P1000_ROUTE_A.png,15685,2a0fb39b00809989d99e1d6f9205642fc71f7f1a7b9344d04798575495dff49e,ordinary_member; manifest files excluded to avoid circularity
URP4/02_VERIFIED_CORE_HQ_NB_PY/03_RESUMABLE_PROJECT_SNAPSHOT/experiments/lab_001_xy_connection_20260626/resume_evidence/ROUTE-VALID-002/ROUTE-VALID-002-20260729-001/L7_ZMID_P1000_ROUTE_B.png,15685,2a0fb39b00809989d99e1d6f9205642fc71f7f1a7b9344d04798575495dff49e,ordinary_member; manifest files excluded to avoid circularity
URP4/02_VERIFIED_CORE_HQ_NB_PY/03_RESUMABLE_PROJECT_SNAPSHOT/experiments/lab_001_xy_connection_20260626/resume_evidence/ROUTE-VALID-002/ROUTE-VALID-002-20260729-001/L7_ZMID_P1000_ROUTE_C.png,15685,2a0fb39b00809989d99e1d6f9205642fc71f7f1a7b9344d04798575495dff49e,ordinary_member; manifest files excluded to avoid circularity
URP4/02_VERIFIED_CORE_HQ_NB_PY/03_RESUMABLE_PROJECT_SNAPSHOT/experiments/lab_001_xy_connection_20260626/resume_evidence/ROUTE-VALID-002/ROUTE-VALID-002-20260729-001/L7_ZMID_P500_ROUTE_A.png,6520,5e49dd9da33933860f140ca20c6d16ef1c3afd458a55f4cd1c6aba80fff812ed,ordinary_member; manifest files excluded to avoid circularity
URP4/02_VERIFIED_CORE_HQ_NB_PY/03_RESUMABLE_PROJECT_SNAPSHOT/experiments/lab_001_xy_connection_20260626/resume_evidence/ROUTE-VALID-002/ROUTE-VALID-002-20260729-001/L7_ZMID_P500_ROUTE_B.png,6520,5e49dd9da33933860f140ca20c6d16ef1c3afd458a55f4cd1c6aba80fff812ed,ordinary_member; manifest files excluded to avoid circularity
URP4/02_VERIFIED_CORE_HQ_NB_PY/03_RESUMABLE_PROJECT_SNAPSHOT/experiments/lab_001_xy_connection_20260626/resume_evidence/ROUTE-VALID-002/ROUTE-VALID-002-20260729-001/L7_ZMID_P500_ROUTE_C.png,6520,5e49dd9da33933860f140ca20c6d16ef1c3afd458a55f4cd1c6aba80fff812ed,ordinary_member; manifest files excluded to avoid circularity
URP4/02_VERIFIED_CORE_HQ_NB_PY/03_RESUMABLE_PROJECT_SNAPSHOT/experiments/lab_001_xy_connection_20260626/resume_evidence/ROUTE-VALID-002/ROUTE-VALID-002-20260729-001/MERGE_PACKET.md,2332,afd14316e03aa053eb09047877dbe080836b48b849a8e16038aff031b1bcd835,ordinary_member; manifest files excluded to avoid circularity
URP4/02_VERIFIED_CORE_HQ_NB_PY/03_RESUMABLE_PROJECT_SNAPSHOT/experiments/lab_001_xy_connection_20260626/resume_evidence/ROUTE-VALID-002/ROUTE-VALID-002-20260729-001/REPORT.md,4954,deb9ace078dd537ee8201d190404f8a464e5e3f997a3c3a4997e36b5e85b9448,ordinary_member; manifest files excluded to avoid circularity
URP4/02_VERIFIED_CORE_HQ_NB_PY/03_RESUMABLE_PROJECT_SNAPSHOT/experiments/lab_001_xy_connection_20260626/resume_evidence/ROUTE-VALID-002/ROUTE-VALID-002-20260729-001/ROUTE_VALID_002_PACKET.json,8784,9028ce5865269e0dcee68b7326207ff918d60c0fb885be6ca2546dd3a854f754,ordinary_member; manifest files excluded to avoid circularity
URP4/02_VERIFIED_CORE_HQ_NB_PY/03_RESUMABLE_PROJECT_SNAPSHOT/experiments/lab_001_xy_connection_20260626/scripts/IMSTL_006_independent_qa.py,9938,6e98e5aee43f25e5cad9311d74a611f6507f02023c5aff4765b06f0bbf4c56d5,ordinary_member; manifest files excluded to avoid circularity
URP4/02_VERIFIED_CORE_HQ_NB_PY/03_RESUMABLE_PROJECT_SNAPSHOT/experiments/lab_001_xy_connection_20260626/scripts/IMSTL_006_small_generalization_factory.py,25751,91d7397123de7928172ed5cfc65e1e38ab4812bf1140e48c354f882af35c6d7a,ordinary_member; manifest files excluded to avoid circularity
URP4/02_VERIFIED_CORE_HQ_NB_PY/03_RESUMABLE_PROJECT_SNAPSHOT/experiments/lab_001_xy_connection_20260626/scripts/IMSTL_007_f1_resolution_pixel_phase_diagnosis.py,23872,67de5aac713d4c1ae5ac56650e48756a6a2296cf2a7417c0ec9fec995a4cb763,ordinary_member; manifest files excluded to avoid circularity
URP4/02_VERIFIED_CORE_HQ_NB_PY/03_RESUMABLE_PROJECT_SNAPSHOT/experiments/lab_001_xy_connection_20260626/scripts/IMSTL_007_independent_qa.py,11348,9b03d2893ebe77bd755572a2f7758d70a9bd0054140437a5ac0c32146bc37271,ordinary_member; manifest files excluded to avoid circularity
URP4/02_VERIFIED_CORE_HQ_NB_PY/03_RESUMABLE_PROJECT_SNAPSHOT/experiments/lab_001_xy_connection_20260626/scripts/IMSTL_008_f1_full_p1000_z801_nonregression.py,8286,0c192181c7529c5de07dd558d8a7bce6ceebe6d44c0fa310ea8678c603ae0efc,ordinary_member; manifest files excluded to avoid circularity
URP4/02_VERIFIED_CORE_HQ_NB_PY/03_RESUMABLE_PROJECT_SNAPSHOT/experiments/lab_001_xy_connection_20260626/scripts/IMSTL_008_independent_qa.py,12690,52b1bb88ee5dc0e416037c63ee885fa8e908a19bae6e558532bd3a0a9129293c,ordinary_member; manifest files excluded to avoid circularity
URP4/02_VERIFIED_CORE_HQ_NB_PY/03_RESUMABLE_PROJECT_SNAPSHOT/experiments/lab_001_xy_connection_20260626/scripts/NB_INTEGRATE_001_build_development_notebook.py,5096,291b67c2bb78d8f5747c79274934f3c4f2e011e7a5c4c66605b648a5eb3e5c95,ordinary_member; manifest files excluded to avoid circularity
URP4/02_VERIFIED_CORE_HQ_NB_PY/03_RESUMABLE_PROJECT_SNAPSHOT/experiments/lab_001_xy_connection_20260626/scripts/NB_INTEGRATE_001_controller_smoke.py,4333,1e9366986c8f22cf23891f613d35e9f2ced27e25af4ecca2bd4f46f1f6cbcafc,ordinary_member; manifest files excluded to avoid circularity
URP4/02_VERIFIED_CORE_HQ_NB_PY/03_RESUMABLE_PROJECT_SNAPSHOT/experiments/lab_001_xy_connection_20260626/scripts/NB_INTEGRATE_001_finalize.py,7790,2b9c8fca0b9e8862dc22729dd5ce8434b3790e6b8f201be501d5f7d1508ca1d4,ordinary_member; manifest files excluded to avoid circularity
URP4/02_VERIFIED_CORE_HQ_NB_PY/03_RESUMABLE_PROJECT_SNAPSHOT/experiments/lab_001_xy_connection_20260626/scripts/NB_INTEGRATE_001_independent_regression_qa.py,6279,abc2186df796ccde2d1fb793b2bff0061e4365366b546f4122630c76dd76ec59,ordinary_member; manifest files excluded to avoid circularity
URP4/02_VERIFIED_CORE_HQ_NB_PY/03_RESUMABLE_PROJECT_SNAPSHOT/experiments/lab_001_xy_connection_20260626/scripts/NB_INTEGRATE_001_notebook_static_qa.py,2332,54e5bc05bf6eddad4d29ad75bbbb3c65360f5ebd466fbf0b1b323bd38467ef85,ordinary_member; manifest files excluded to avoid circularity
URP4/02_VERIFIED_CORE_HQ_NB_PY/03_RESUMABLE_PROJECT_SNAPSHOT/experiments/lab_001_xy_connection_20260626/scripts/PRM069_SLICE005_return_intake_audit.py,14033,2998b008a2ad36ee8a69947916e20f001fc20452e0b1713c201ba6cd57b29523,ordinary_member; manifest files excluded to avoid circularity
URP4/02_VERIFIED_CORE_HQ_NB_PY/03_RESUMABLE_PROJECT_SNAPSHOT/experiments/lab_001_xy_connection_20260626/scripts/PRM069_SLICE005_return_postmerge_QA.py,9341,cfad984a9cc42b9209e641bcfe1e6b726b95c31fbb8344373d76772b53db4c2e,ordinary_member; manifest files excluded to avoid circularity
URP4/02_VERIFIED_CORE_HQ_NB_PY/03_RESUMABLE_PROJECT_SNAPSHOT/experiments/lab_001_xy_connection_20260626/scripts/PRM070_SLICE005_convergence_control.py,25025,cf119af83810e946431754270e0a8be4dadf303daee07bf59f3591a6ef9fc77b,ordinary_member; manifest files excluded to avoid circularity
URP4/02_VERIFIED_CORE_HQ_NB_PY/03_RESUMABLE_PROJECT_SNAPSHOT/experiments/lab_001_xy_connection_20260626/scripts/PRM070_SLICE005_independent_control_QA.py,11502,6befd6a81a82e1986efde487aa8d6bc8ed3d7a0ddea376ff9d388bcbbb8b13ff,ordinary_member; manifest files excluded to avoid circularity
URP4/02_VERIFIED_CORE_HQ_NB_PY/03_RESUMABLE_PROJECT_SNAPSHOT/experiments/lab_001_xy_connection_20260626/scripts/PRM070_SLICE005_postmerge_sync_QA.py,6136,77e97b76022bd52060e4a7794d828c5ecc31917de6996f04aa5c6ccfc5de9ba9,ordinary_member; manifest files excluded to avoid circularity
URP4/02_VERIFIED_CORE_HQ_NB_PY/03_RESUMABLE_PROJECT_SNAPSHOT/experiments/lab_001_xy_connection_20260626/scripts/PRM097_finalize_manifest.py,3973,33a0db45accb932393b849d1ca6297f2e4fbc8b2bceaf29145df8d63aa90e7c5,ordinary_member; manifest files excluded to avoid circularity
URP4/02_VERIFIED_CORE_HQ_NB_PY/03_RESUMABLE_PROJECT_SNAPSHOT/experiments/lab_001_xy_connection_20260626/scripts/PRM097_freeze_third_wave_formula_contracts.py,37644,2fbe5a956badff7b0bcab2adc1f5b91be709fe97b5613a33789ca8740f64b80d,ordinary_member; manifest files excluded to avoid circularity
URP4/02_VERIFIED_CORE_HQ_NB_PY/03_RESUMABLE_PROJECT_SNAPSHOT/experiments/lab_001_xy_connection_20260626/scripts/PRM097_independent_QA.py,9422,8ce6e5efbfae02f40f45a8f74f33e52e03142e51a096eb188efd7df4be3426eb,ordinary_member; manifest files excluded to avoid circularity
URP4/02_VERIFIED_CORE_HQ_NB_PY/03_RESUMABLE_PROJECT_SNAPSHOT/experiments/lab_001_xy_connection_20260626/scripts/PRM097_make_preregistration_figure.py,2094,a51a2f45b964b1eeb48aec40c99e52b94fa0ad8a23f4f4e59ca48e6a73398ced,ordinary_member; manifest files excluded to avoid circularity
URP4/02_VERIFIED_CORE_HQ_NB_PY/03_RESUMABLE_PROJECT_SNAPSHOT/experiments/lab_001_xy_connection_20260626/scripts/PRM097_postmerge_sync_QA.py,6232,908c38c541b0c84f510986caf43b9344ce7422fd86dbf419e8f82c1b61f77496,ordinary_member; manifest files excluded to avoid circularity
URP4/02_VERIFIED_CORE_HQ_NB_PY/03_RESUMABLE_PROJECT_SNAPSHOT/experiments/lab_001_xy_connection_20260626/scripts/PRM098_C1_mask_alias_audit.py,2290,7146a724c1700c7de006526014fd0e064851376911bea6bb776ca77d0cf141a4,ordinary_member; manifest files excluded to avoid circularity
URP4/02_VERIFIED_CORE_HQ_NB_PY/03_RESUMABLE_PROJECT_SNAPSHOT/experiments/lab_001_xy_connection_20260626/scripts/PRM098_finalize_evidence.py,5730,4aa26557e10dc4c3e5a71717dfa9328f6c0ee3315bf00fdfee87dde720d523e0,ordinary_member; manifest files excluded to avoid circularity
URP4/02_VERIFIED_CORE_HQ_NB_PY/03_RESUMABLE_PROJECT_SNAPSHOT/experiments/lab_001_xy_connection_20260626/scripts/PRM098_finalize_manifest.py,2304,04686339af043bc5f7c3412b79768e24e176da21877e764f0fbeeed68afa11b2,ordinary_member; manifest files excluded to avoid circularity
URP4/02_VERIFIED_CORE_HQ_NB_PY/03_RESUMABLE_PROJECT_SNAPSHOT/experiments/lab_001_xy_connection_20260626/scripts/PRM098_independent_QA.py,9108,2ea41ee3b9a998927f6888d703b521a9b5b86993c97a9f075cecceccfee3e298,ordinary_member; manifest files excluded to avoid circularity
URP4/02_VERIFIED_CORE_HQ_NB_PY/03_RESUMABLE_PROJECT_SNAPSHOT/experiments/lab_001_xy_connection_20260626/scripts/PRM098_materialize_V192_panel_masks.py,5107,64ae4f1ad63b820dcf0bab91170bc80e4ff7e99966d4a893a500511e3f948ae6,ordinary_member; manifest files excluded to avoid circularity
URP4/02_VERIFIED_CORE_HQ_NB_PY/03_RESUMABLE_PROJECT_SNAPSHOT/experiments/lab_001_xy_connection_20260626/scripts/PRM098_postmerge_sync_QA.py,7932,5540273e840f710c6934c7d76bea9ef90d6879d67318c441626baa8feef34817,ordinary_member; manifest files excluded to avoid circularity
URP4/02_VERIFIED_CORE_HQ_NB_PY/03_RESUMABLE_PROJECT_SNAPSHOT/experiments/lab_001_xy_connection_20260626/scripts/PRM098_preflight_and_permit.py,7952,72cfa9187e71170d4f264b3cb623e867d5a4e97d6e362e9553d0f7d7e08541ea,ordinary_member; manifest files excluded to avoid circularity
URP4/02_VERIFIED_CORE_HQ_NB_PY/03_RESUMABLE_PROJECT_SNAPSHOT/experiments/lab_001_xy_connection_20260626/scripts/PRM098_run_cell.py,5027,12f424053b1a27f599f42f783e721f8a79b4ec1ccca36890a7926a6a26ab6d51,ordinary_member; manifest files excluded to avoid circularity
URP4/02_VERIFIED_CORE_HQ_NB_PY/03_RESUMABLE_PROJECT_SNAPSHOT/experiments/lab_001_xy_connection_20260626/scripts/PRM098_run_cost_canary.py,2688,3b08af977b4ff763bf2a2d73cd113722b19846ee05f666e10b171f58be82d5b2,ordinary_member; manifest files excluded to avoid circularity
URP4/02_VERIFIED_CORE_HQ_NB_PY/03_RESUMABLE_PROJECT_SNAPSHOT/experiments/lab_001_xy_connection_20260626/scripts/PRM098_run_progressive_panel.py,5828,8d2b79ab06d1f9624afcf9892203fce4d9e314f1bc2fb2b869a968a987ceb696,ordinary_member; manifest files excluded to avoid circularity
URP4/02_VERIFIED_CORE_HQ_NB_PY/03_RESUMABLE_PROJECT_SNAPSHOT/experiments/lab_001_xy_connection_20260626/scripts/PRM098_run_synthetic_truth.py,12642,2e3a38593fb70ae04394593d3afdacbe4450c762073b7396dafabf8e8d02c88b,ordinary_member; manifest files excluded to avoid circularity
URP4/02_VERIFIED_CORE_HQ_NB_PY/03_RESUMABLE_PROJECT_SNAPSHOT/experiments/lab_001_xy_connection_20260626/scripts/PRM098_technical_gate_analysis.py,9437,d288a14ac1df5d0c3bdc6dbe3ef8b0c74f074ff4c5a927656ab932c5bb53e4a4,ordinary_member; manifest files excluded to avoid circularity
URP4/02_VERIFIED_CORE_HQ_NB_PY/03_RESUMABLE_PROJECT_SNAPSHOT/experiments/lab_001_xy_connection_20260626/scripts/PRM098_third_wave_formula_library.py,21576,1f2c900ee8d9e5a96cc838c9b2cbb884133ffb3cbd6e83108b23197be77b3827,ordinary_member; manifest files excluded to avoid circularity
URP4/02_VERIFIED_CORE_HQ_NB_PY/03_RESUMABLE_PROJECT_SNAPSHOT/experiments/lab_001_xy_connection_20260626/scripts/PRM099_finalize_manifest.py,1915,a55059317d53d19dbbbdaa44dd2af6eee98c4d6dfa76cb2d94e26e7c8986e2e2,ordinary_member; manifest files excluded to avoid circularity
URP4/02_VERIFIED_CORE_HQ_NB_PY/03_RESUMABLE_PROJECT_SNAPSHOT/experiments/lab_001_xy_connection_20260626/scripts/PRM099_independent_permit_QA.py,9690,74ea94c63598ca4b5ea19a6b6fa801aacdc4bc887525bdc2a6997820a5be5dbc,ordinary_member; manifest files excluded to avoid circularity
URP4/02_VERIFIED_CORE_HQ_NB_PY/03_RESUMABLE_PROJECT_SNAPSHOT/experiments/lab_001_xy_connection_20260626/scripts/PRM099_postmerge_sync_QA.py,7861,b32f5b6cb936a521dc500f892ba7322d6da80ff02101d2a8fe2f114e9a1edf8e,ordinary_member; manifest files excluded to avoid circularity
URP4/02_VERIFIED_CORE_HQ_NB_PY/03_RESUMABLE_PROJECT_SNAPSHOT/experiments/lab_001_xy_connection_20260626/scripts/PRM099_prepare_full58_permit_decision.py,17580,6d3c8306715e5716b5203915a6e0899c071e04943e7ca8193b9204da5a69c8a1,ordinary_member; manifest files excluded to avoid circularity
URP4/02_VERIFIED_CORE_HQ_NB_PY/03_RESUMABLE_PROJECT_SNAPSHOT/experiments/lab_001_xy_connection_20260626/scripts/PRM099_render_permit_review.py,2007,5fd49d5daebf273833ae0454c124e9a5872307fc89ded04c05455389f0db8b23,ordinary_member; manifest files excluded to avoid circularity
URP4/02_VERIFIED_CORE_HQ_NB_PY/03_RESUMABLE_PROJECT_SNAPSHOT/experiments/lab_001_xy_connection_20260626/scripts/PRM099_third_wave_full58_runner.py,11516,6f17380625f4b202214753ffdfca4d6147751f8bdb105c556e67790ee8b058f5,ordinary_member; manifest files excluded to avoid circularity
URP4/02_VERIFIED_CORE_HQ_NB_PY/03_RESUMABLE_PROJECT_SNAPSHOT/experiments/lab_001_xy_connection_20260626/scripts/PRM100_execute_serial_cells.py,3668,7105b8966e8a71c2d7cc6045c4e522d7233c975502db98134450240f5091c524,ordinary_member; manifest files excluded to avoid circularity
URP4/02_VERIFIED_CORE_HQ_NB_PY/03_RESUMABLE_PROJECT_SNAPSHOT/experiments/lab_001_xy_connection_20260626/scripts/PRM100_finalize_manifest.py,1898,312f063d6a89c6613edc269ea4200d74769a3fb437a9c68d7265bb061f2f7178,ordinary_member; manifest files excluded to avoid circularity
URP4/02_VERIFIED_CORE_HQ_NB_PY/03_RESUMABLE_PROJECT_SNAPSHOT/experiments/lab_001_xy_connection_20260626/scripts/PRM100_independent_xonly_QA.py,8301,7d6bb8cc8c4883933763e4392f146ecc8da1ab2ed951da57d50abb724fbd37a9,ordinary_member; manifest files excluded to avoid circularity
URP4/02_VERIFIED_CORE_HQ_NB_PY/03_RESUMABLE_PROJECT_SNAPSHOT/experiments/lab_001_xy_connection_20260626/scripts/PRM100_postmerge_sync_QA.py,7763,40bd6c545864f0fd81a11478ec4838690945910b60ed993c12ba8c743f06532c,ordinary_member; manifest files excluded to avoid circularity
URP4/02_VERIFIED_CORE_HQ_NB_PY/03_RESUMABLE_PROJECT_SNAPSHOT/experiments/lab_001_xy_connection_20260626/scripts/PRM100_render_xonly_review.py,1810,ffc7013ac672d97b57901a9a54d2619336c1ed749a466d1f60c1177d0fd90dc0,ordinary_member; manifest files excluded to avoid circularity
URP4/02_VERIFIED_CORE_HQ_NB_PY/03_RESUMABLE_PROJECT_SNAPSHOT/experiments/lab_001_xy_connection_20260626/scripts/PRM100_xonly_technical_review.py,10372,8f5d333dab32e417e31db85dd7d78c48ec727c136543f972a146482d48d221dc,ordinary_member; manifest files excluded to avoid circularity
URP4/02_VERIFIED_CORE_HQ_NB_PY/03_RESUMABLE_PROJECT_SNAPSHOT/experiments/lab_001_xy_connection_20260626/scripts/PRM101_consolidate_xreg_v0_3.py,12569,27f2c28f2c8da0aff3176622a8da1ace2fd939e926e35275af1e403486320af6,ordinary_member; manifest files excluded to avoid circularity
URP4/02_VERIFIED_CORE_HQ_NB_PY/03_RESUMABLE_PROJECT_SNAPSHOT/experiments/lab_001_xy_connection_20260626/scripts/PRM101_finalize_manifest.py,1453,817842f41ac36926b2a1d2baf8fa8b7a49527750ee1af267647a6757177d92c6,ordinary_member; manifest files excluded to avoid circularity
URP4/02_VERIFIED_CORE_HQ_NB_PY/03_RESUMABLE_PROJECT_SNAPSHOT/experiments/lab_001_xy_connection_20260626/scripts/PRM101_independent_consolidation_QA.py,5918,d13a544f5a7fd535a9ad068cc6b4e8c7d42581ec99bdc0dc24db6700ee013e16,ordinary_member; manifest files excluded to avoid circularity
URP4/02_VERIFIED_CORE_HQ_NB_PY/03_RESUMABLE_PROJECT_SNAPSHOT/experiments/lab_001_xy_connection_20260626/scripts/PRM101_postmerge_sync_QA.py,3153,fbc2da2b05a15c7a4855435711e23f5ed8e40ac0b38e93d4f0e0aba7de5a72ec,ordinary_member; manifest files excluded to avoid circularity
URP4/02_VERIFIED_CORE_HQ_NB_PY/03_RESUMABLE_PROJECT_SNAPSHOT/experiments/lab_001_xy_connection_20260626/scripts/PRM102_bc_raw_table_batch.py,9485,fda76b59645f33de6c74c7f283fb0bec6565a26bf0b86a72699bb995d68a2241,ordinary_member; manifest files excluded to avoid circularity
URP4/02_VERIFIED_CORE_HQ_NB_PY/03_RESUMABLE_PROJECT_SNAPSHOT/experiments/lab_001_xy_connection_20260626/scripts/PRM102_independent_QA.py,3611,8aac5393534f82299d7482edc2409eb5c3bd6877e724107e5b7fc66457f795f8,ordinary_member; manifest files excluded to avoid circularity
URP4/02_VERIFIED_CORE_HQ_NB_PY/03_RESUMABLE_PROJECT_SNAPSHOT/experiments/lab_001_xy_connection_20260626/scripts/PRM102_postmerge_sync_QA.py,2221,edb01ed8bcf05aef903f8072d8345b212ead972ddb7bf9b8f66b0e2d9436079f,ordinary_member; manifest files excluded to avoid circularity
URP4/02_VERIFIED_CORE_HQ_NB_PY/03_RESUMABLE_PROJECT_SNAPSHOT/experiments/lab_001_xy_connection_20260626/scripts/PRM103_consolidate_bc_cohort_xreg_v0_4.py,7568,b51dd83a886c27e9e7dbee92fbd6b2c5a9f6c6cf6a390451e1b80f4b69006079,ordinary_member; manifest files excluded to avoid circularity
URP4/02_VERIFIED_CORE_HQ_NB_PY/03_RESUMABLE_PROJECT_SNAPSHOT/experiments/lab_001_xy_connection_20260626/scripts/PRM103_independent_QA.py,3999,31f4b37f097824d6d297b40227d3a54f6db9b199f49d9a83da3d64435623242e,ordinary_member; manifest files excluded to avoid circularity
URP4/02_VERIFIED_CORE_HQ_NB_PY/03_RESUMABLE_PROJECT_SNAPSHOT/experiments/lab_001_xy_connection_20260626/scripts/PRM104_independent_QA.py,5161,a7a558406ac008f78cf539a3ba38ef63b572fa42fb885dd325c5c7dca50cb875,ordinary_member; manifest files excluded to avoid circularity
URP4/02_VERIFIED_CORE_HQ_NB_PY/03_RESUMABLE_PROJECT_SNAPSHOT/experiments/lab_001_xy_connection_20260626/scripts/PRM104_overlay_phase_profile_batch.py,13474,9642c8329eb0b81a4805c34d26186f4443b3ff7b0873740376cc69d67f391c37,ordinary_member; manifest files excluded to avoid circularity
URP4/02_VERIFIED_CORE_HQ_NB_PY/03_RESUMABLE_PROJECT_SNAPSHOT/experiments/lab_001_xy_connection_20260626/scripts/PRM105_consolidate_overlay_phase_xreg_v0_5.py,15081,bb0908fc9e403c3e8d6e6f24c0e8a6d415ec63e4b14e325bc447f4a4ee25b0ed,ordinary_member; manifest files excluded to avoid circularity
URP4/02_VERIFIED_CORE_HQ_NB_PY/03_RESUMABLE_PROJECT_SNAPSHOT/experiments/lab_001_xy_connection_20260626/scripts/PRM105_independent_QA.py,6385,9a69c4b1d991f3da93a242900050236b3d5fb61d8b6dc250cd302d4265bcfb9e,ordinary_member; manifest files excluded to avoid circularity
URP4/02_VERIFIED_CORE_HQ_NB_PY/03_RESUMABLE_PROJECT_SNAPSHOT/experiments/lab_001_xy_connection_20260626/scripts/PRM106_independent_QA.py,5381,e868938e04c97e73f317e9aada3761c5977d48e15cb63ac308ce6e46fa09d73c,ordinary_member; manifest files excluded to avoid circularity
URP4/02_VERIFIED_CORE_HQ_NB_PY/03_RESUMABLE_PROJECT_SNAPSHOT/experiments/lab_001_xy_connection_20260626/scripts/PRM106_profile_dynamics_batch.py,15334,c23b9fbb1ccd1b087bce41be45dccb6958081ea1d9de56619b2cc60e05449cc5,ordinary_member; manifest files excluded to avoid circularity
URP4/02_VERIFIED_CORE_HQ_NB_PY/03_RESUMABLE_PROJECT_SNAPSHOT/experiments/lab_001_xy_connection_20260626/scripts/PRM107_consolidate_profile_dynamics_xreg_v0_6.py,13793,c6fd04540fc01a561a0a8e937b2ffb4bb0f46c60d0dca42f8184ca65f4d69b33,ordinary_member; manifest files excluded to avoid circularity
URP4/02_VERIFIED_CORE_HQ_NB_PY/03_RESUMABLE_PROJECT_SNAPSHOT/experiments/lab_001_xy_connection_20260626/scripts/PRM107_independent_QA.py,5942,d2a39807135f565f47cd9f1b04e7afde17a2860e5722e1148def64f79743fe26,ordinary_member; manifest files excluded to avoid circularity
URP4/02_VERIFIED_CORE_HQ_NB_PY/03_RESUMABLE_PROJECT_SNAPSHOT/experiments/lab_001_xy_connection_20260626/scripts/PRM108_axial_distribution_symmetry_batch.py,14545,d0d59435d9ea02fa814c16cd3258a212b7286f5085dc8e326023f430faf99324,ordinary_member; manifest files excluded to avoid circularity
URP4/02_VERIFIED_CORE_HQ_NB_PY/03_RESUMABLE_PROJECT_SNAPSHOT/experiments/lab_001_xy_connection_20260626/scripts/PRM108_independent_QA.py,5455,329a0a3607ec0861db240ba330fde6fec06745e66ddfe4f3329d6796cf825445,ordinary_member; manifest files excluded to avoid circularity
URP4/02_VERIFIED_CORE_HQ_NB_PY/03_RESUMABLE_PROJECT_SNAPSHOT/experiments/lab_001_xy_connection_20260626/scripts/PRM109_consolidate_axial_symmetry_xreg_v0_7.py,14170,e1a0cd212c8d7d43b821d06653658f7f14463998b0a156c57b06ef4166a48112,ordinary_member; manifest files excluded to avoid circularity
URP4/02_VERIFIED_CORE_HQ_NB_PY/03_RESUMABLE_PROJECT_SNAPSHOT/experiments/lab_001_xy_connection_20260626/scripts/PRM109_independent_QA.py,6924,2da968eab910e78dfd90e160aae0a570141843cc3ac323e7271d15c5bdf38b89,ordinary_member; manifest files excluded to avoid circularity
URP4/02_VERIFIED_CORE_HQ_NB_PY/03_RESUMABLE_PROJECT_SNAPSHOT/experiments/lab_001_xy_connection_20260626/scripts/PRM110_axial_shape_entropy_batch.py,17712,077d32a1b991c1704370ffe4ea8077ab975afde7be900383368c0c54f6e86b08,ordinary_member; manifest files excluded to avoid circularity
URP4/02_VERIFIED_CORE_HQ_NB_PY/03_RESUMABLE_PROJECT_SNAPSHOT/experiments/lab_001_xy_connection_20260626/scripts/PRM110_independent_QA.py,6729,a4b6cce893550f03a08138760a98322363866ade20fd164427cd779a08d23cc3,ordinary_member; manifest files excluded to avoid circularity
URP4/02_VERIFIED_CORE_HQ_NB_PY/03_RESUMABLE_PROJECT_SNAPSHOT/experiments/lab_001_xy_connection_20260626/scripts/PRM111_consolidate_axial_shape_entropy_xreg_v0_8.py,13836,a434b9a326f5c21d408d94e82f7a403c71059885434bb9a60e9c93a527e2c5ed,ordinary_member; manifest files excluded to avoid circularity
URP4/02_VERIFIED_CORE_HQ_NB_PY/03_RESUMABLE_PROJECT_SNAPSHOT/experiments/lab_001_xy_connection_20260626/scripts/PRM111_independent_QA.py,6421,b66649ebc292d47ab6e44dd6b8633d5a1eb1674d1cf7f5ff23e692cc3e49360f,ordinary_member; manifest files excluded to avoid circularity
URP4/02_VERIFIED_CORE_HQ_NB_PY/03_RESUMABLE_PROJECT_SNAPSHOT/experiments/lab_001_xy_connection_20260626/scripts/PRM112_axial_weighted_quantile_location_batch.py,11152,cc5b7391f2881bf522d5b3852680cb64d22c071f4a7315217b7971727782f954,ordinary_member; manifest files excluded to avoid circularity
URP4/02_VERIFIED_CORE_HQ_NB_PY/03_RESUMABLE_PROJECT_SNAPSHOT/experiments/lab_001_xy_connection_20260626/scripts/PRM112_independent_QA.py,5603,e31222eb2c396aae79df191a756e511f1e0b84a92db4da556ec0493ed9f29ee8,ordinary_member; manifest files excluded to avoid circularity
URP4/02_VERIFIED_CORE_HQ_NB_PY/03_RESUMABLE_PROJECT_SNAPSHOT/experiments/lab_001_xy_connection_20260626/scripts/PRM113_consolidate_weighted_quantile_location_xreg_v0_9.py,10276,9de9e1466ec9df6100538abdd2bb8ea54cb55353366eb4d4d9dc181974cee9fe,ordinary_member; manifest files excluded to avoid circularity
URP4/02_VERIFIED_CORE_HQ_NB_PY/03_RESUMABLE_PROJECT_SNAPSHOT/experiments/lab_001_xy_connection_20260626/scripts/PRM113_independent_QA.py,6001,46d61acb173d70529fd339e1c5682673db36092537256210df13cb7cf8959458,ordinary_member; manifest files excluded to avoid circularity
URP4/02_VERIFIED_CORE_HQ_NB_PY/03_RESUMABLE_PROJECT_SNAPSHOT/experiments/lab_001_xy_connection_20260626/scripts/PRM114_independent_QA.py,4103,c5c965dbca70a332b85e8ecb9b84eed5a70fdc92801de7e5e8af4b99fdbe2418,ordinary_member; manifest files excluded to avoid circularity
URP4/02_VERIFIED_CORE_HQ_NB_PY/03_RESUMABLE_PROJECT_SNAPSHOT/experiments/lab_001_xy_connection_20260626/scripts/PRM114_overlay_component_inequality_concentration_batch.py,9540,13d99845594519a50309eee068d164d97e0f583ce86baed04b38bb3b074f1d11,ordinary_member; manifest files excluded to avoid circularity
URP4/02_VERIFIED_CORE_HQ_NB_PY/03_RESUMABLE_PROJECT_SNAPSHOT/experiments/lab_001_xy_connection_20260626/scripts/PRM115_consolidate_component_inequality_xreg_v1_0.py,7025,3c5f2df04223f778dc7f9bbc1d893c3284dbb298af49f93555e4d6b966567bcd,ordinary_member; manifest files excluded to avoid circularity
URP4/02_VERIFIED_CORE_HQ_NB_PY/03_RESUMABLE_PROJECT_SNAPSHOT/experiments/lab_001_xy_connection_20260626/scripts/PRM115_independent_QA.py,4530,97039249711d5eebedfcf052e147afe31c59fd6a060d3764c6d5043026aef842,ordinary_member; manifest files excluded to avoid circularity
URP4/02_VERIFIED_CORE_HQ_NB_PY/03_RESUMABLE_PROJECT_SNAPSHOT/experiments/lab_001_xy_connection_20260626/scripts/PRM116_component_filter_sensitivity_batch.py,8904,6c329d0e88581589a143cad58f2e19342bf2acd96e2c3a31a0a5578b2a27f011,ordinary_member; manifest files excluded to avoid circularity
URP4/02_VERIFIED_CORE_HQ_NB_PY/03_RESUMABLE_PROJECT_SNAPSHOT/experiments/lab_001_xy_connection_20260626/scripts/PRM116_independent_QA.py,3922,e870c02664e5e1ec6e1efdac3b2a85889392776daf36a75cfe39fbf40f82f32b,ordinary_member; manifest files excluded to avoid circularity
URP4/02_VERIFIED_CORE_HQ_NB_PY/03_RESUMABLE_PROJECT_SNAPSHOT/experiments/lab_001_xy_connection_20260626/scripts/PRM117_consolidate_component_filter_sensitivity_xreg_v1_1.py,9135,af72625cb700f1f06feb8b461c9e2ce3fff97d3e73ac79b1dba2c2bf3fb13b67,ordinary_member; manifest files excluded to avoid circularity
URP4/02_VERIFIED_CORE_HQ_NB_PY/03_RESUMABLE_PROJECT_SNAPSHOT/experiments/lab_001_xy_connection_20260626/scripts/PRM117_independent_QA.py,5095,9db3bda169ea8ddc7be8141a7b3d05112599c9eb99bc9eefdef79b2a235ab4fa,ordinary_member; manifest files excluded to avoid circularity
URP4/02_VERIFIED_CORE_HQ_NB_PY/03_RESUMABLE_PROJECT_SNAPSHOT/experiments/lab_001_xy_connection_20260626/scripts/PRM118_independent_QA.py,5500,2d64412766aa0947d56f12117b396ea98b960779258f063a3dc6abee2aaca0b8,ordinary_member; manifest files excluded to avoid circularity
URP4/02_VERIFIED_CORE_HQ_NB_PY/03_RESUMABLE_PROJECT_SNAPSHOT/experiments/lab_001_xy_connection_20260626/scripts/PRM118_slice_component_filter_sensitivity_batch.py,6682,14d6ea34e25823e8c56aca283bf8116427a2ea60a30891902a37afd9bb348ea9,ordinary_member; manifest files excluded to avoid circularity
URP4/02_VERIFIED_CORE_HQ_NB_PY/03_RESUMABLE_PROJECT_SNAPSHOT/experiments/lab_001_xy_connection_20260626/scripts/PRM119_consolidate_slice_component_filter_sensitivity_xreg_v1_2.py,13843,41048dc381753c0c125e15c0abc94bf3d30a144b134d303681ba3c8ffedb6982,ordinary_member; manifest files excluded to avoid circularity
URP4/02_VERIFIED_CORE_HQ_NB_PY/03_RESUMABLE_PROJECT_SNAPSHOT/experiments/lab_001_xy_connection_20260626/scripts/PRM119_independent_QA.py,6617,ec96de6c4f6ebed02bed03c0609f8b8f481f3d0300e926ac7276a05abe81fd74,ordinary_member; manifest files excluded to avoid circularity
URP4/02_VERIFIED_CORE_HQ_NB_PY/03_RESUMABLE_PROJECT_SNAPSHOT/experiments/lab_001_xy_connection_20260626/scripts/PRM120_independent_QA.py,5534,160e1cea55d05a734b46d3e4a20e9f6c13869adce8e0d79e25860c97579fc5fa,ordinary_member; manifest files excluded to avoid circularity
URP4/02_VERIFIED_CORE_HQ_NB_PY/03_RESUMABLE_PROJECT_SNAPSHOT/experiments/lab_001_xy_connection_20260626/scripts/PRM120_overlay_pair_component_composition_batch.py,13304,65b7fef6edb3383c151a399020ce9eb2c90eda6905f201f45619d335023242ff,ordinary_member; manifest files excluded to avoid circularity
URP4/02_VERIFIED_CORE_HQ_NB_PY/03_RESUMABLE_PROJECT_SNAPSHOT/experiments/lab_001_xy_connection_20260626/scripts/PRM121_consolidate_overlay_pair_component_composition_xreg_v1_3.py,13128,a2b0adc9dc8b3f02122ce7c92719d811caf3d62cddb4f09b5bb49a0004e0c260,ordinary_member; manifest files excluded to avoid circularity
URP4/02_VERIFIED_CORE_HQ_NB_PY/03_RESUMABLE_PROJECT_SNAPSHOT/experiments/lab_001_xy_connection_20260626/scripts/PRM121_independent_QA.py,6266,cd83d7f5f9419596bfdfd46f7bce9d51a589b2b2671eb073c1f31b32fc03f45c,ordinary_member; manifest files excluded to avoid circularity
URP4/02_VERIFIED_CORE_HQ_NB_PY/03_RESUMABLE_PROJECT_SNAPSHOT/experiments/lab_001_xy_connection_20260626/scripts/PRM122_independent_QA.py,3794,d0e5a5062bfffceba7d5c7dd36e717f90bfd19c2b27c6c298ebd2e37cc94a538,ordinary_member; manifest files excluded to avoid circularity
URP4/02_VERIFIED_CORE_HQ_NB_PY/03_RESUMABLE_PROJECT_SNAPSHOT/experiments/lab_001_xy_connection_20260626/scripts/PRM122_profile_jump_and_turn_batch.py,7924,0498e6e2ceeca261fa8842fe58dc7f10ce17d518ec5117395e6641f3f317efe8,ordinary_member; manifest files excluded to avoid circularity
URP4/02_VERIFIED_CORE_HQ_NB_PY/03_RESUMABLE_PROJECT_SNAPSHOT/experiments/lab_001_xy_connection_20260626/scripts/PRM123_consolidate_profile_jump_turn_xreg_v1_4.py,5211,ee4339e3572f4bb414c0c7fd26d78d17a0af3f6acf182dce3ded987a02da62ce,ordinary_member; manifest files excluded to avoid circularity
URP4/02_VERIFIED_CORE_HQ_NB_PY/03_RESUMABLE_PROJECT_SNAPSHOT/experiments/lab_001_xy_connection_20260626/scripts/PRM123_finalize_and_independent_QA.py,3962,6e954a2cbb07b8b0003ace1605481dab4f1f7c9332be8353c7c6f759fc207a22,ordinary_member; manifest files excluded to avoid circularity
URP4/02_VERIFIED_CORE_HQ_NB_PY/03_RESUMABLE_PROJECT_SNAPSHOT/experiments/lab_001_xy_connection_20260626/scripts/PRM124_overlay_phase_balance_batch.py,5268,d2b85bff1dd8d1206d583f22f49af38ee66b969091010dee932fd5a1ef623169,ordinary_member; manifest files excluded to avoid circularity
URP4/02_VERIFIED_CORE_HQ_NB_PY/03_RESUMABLE_PROJECT_SNAPSHOT/experiments/lab_001_xy_connection_20260626/scripts/PRM124_overlay_phase_balance_independent_qa.py,6121,b94465082c26d1b93fd6a9371882a4908ed59af863f91c2ad1bc9458b2e133ae,ordinary_member; manifest files excluded to avoid circularity
URP4/02_VERIFIED_CORE_HQ_NB_PY/03_RESUMABLE_PROJECT_SNAPSHOT/experiments/lab_001_xy_connection_20260626/scripts/PRM125_consolidate_overlay_phase_balance_xreg_v1_5.py,7329,9c901f6d4387155d1466dc26fb36fa711af5d314eb97cd735d5ce2501b8a7bfa,ordinary_member; manifest files excluded to avoid circularity
URP4/02_VERIFIED_CORE_HQ_NB_PY/03_RESUMABLE_PROJECT_SNAPSHOT/experiments/lab_001_xy_connection_20260626/scripts/PRM125_finalize_and_independent_qa.py,5174,009776144b6434387712a74d064dacb6e471f048f39cc519243159221dc557e9,ordinary_member; manifest files excluded to avoid circularity
URP4/02_VERIFIED_CORE_HQ_NB_PY/03_RESUMABLE_PROJECT_SNAPSHOT/experiments/lab_001_xy_connection_20260626/scripts/PRM126_overlay_component_density_batch.py,5128,9ba70d47331d905a6a25b393d122aa396779178b33699667f6b2edfa0a23ad9e,ordinary_member; manifest files excluded to avoid circularity
URP4/02_VERIFIED_CORE_HQ_NB_PY/03_RESUMABLE_PROJECT_SNAPSHOT/experiments/lab_001_xy_connection_20260626/scripts/PRM126_overlay_component_density_independent_qa.py,2869,be243f42b4f0c8ed759387419279907c1b58dbc6f55c177c1c7fa0e2c15d2fa2,ordinary_member; manifest files excluded to avoid circularity
URP4/02_VERIFIED_CORE_HQ_NB_PY/03_RESUMABLE_PROJECT_SNAPSHOT/experiments/lab_001_xy_connection_20260626/scripts/PRM127_consolidate_overlay_component_density_xreg_v1_6.py,4686,7cb167bc05647f8c83e0701cfc040a5e39a9c94db5e267145e31a3542e1db35d,ordinary_member; manifest files excluded to avoid circularity
URP4/02_VERIFIED_CORE_HQ_NB_PY/03_RESUMABLE_PROJECT_SNAPSHOT/experiments/lab_001_xy_connection_20260626/scripts/PRM127_independent_qa.py,3010,04d11716e8e71e65e0d1dd1207d34bf306b0a26d332aca7c0e200036327c6411,ordinary_member; manifest files excluded to avoid circularity
URP4/02_VERIFIED_CORE_HQ_NB_PY/03_RESUMABLE_PROJECT_SNAPSHOT/experiments/lab_001_xy_connection_20260626/scripts/PRM128_independent_qa.py,2317,b3897f7da78f3369dd284c6ddd32950721d4df443ede1068a08bad03f95b84ec,ordinary_member; manifest files excluded to avoid circularity
URP4/02_VERIFIED_CORE_HQ_NB_PY/03_RESUMABLE_PROJECT_SNAPSHOT/experiments/lab_001_xy_connection_20260626/scripts/PRM128_overlay_phase_cross_correlation_batch.py,4309,0a2625d5c34a9d607423f6ed678bd1a55154578029c8536e8ef5549f533b932f,ordinary_member; manifest files excluded to avoid circularity
URP4/02_VERIFIED_CORE_HQ_NB_PY/03_RESUMABLE_PROJECT_SNAPSHOT/experiments/lab_001_xy_connection_20260626/scripts/PRM129_consolidate_phase_cross_correlation_xreg_v1_7.py,4674,ce1da67528e6c20eefa90439c7e81fd303455d117aa631fced307c3b9a8f4a35,ordinary_member; manifest files excluded to avoid circularity
URP4/02_VERIFIED_CORE_HQ_NB_PY/03_RESUMABLE_PROJECT_SNAPSHOT/experiments/lab_001_xy_connection_20260626/scripts/PRM129_independent_qa.py,2874,00d7222404fe30f28ef73af3dc462f104a457fb0de53b60e30acecd11e2cfd37,ordinary_member; manifest files excluded to avoid circularity
URP4/02_VERIFIED_CORE_HQ_NB_PY/03_RESUMABLE_PROJECT_SNAPSHOT/experiments/lab_001_xy_connection_20260626/scripts/PRM130_independent_qa.py,1972,49ed47c44e5063437e2286e5ab98e6b14922b67ab610d732ce510dedb760ff1f,ordinary_member; manifest files excluded to avoid circularity
URP4/02_VERIFIED_CORE_HQ_NB_PY/03_RESUMABLE_PROJECT_SNAPSHOT/experiments/lab_001_xy_connection_20260626/scripts/PRM130_overlay_fraction_quantile_batch.py,4099,4df83fbf4cb6c401109e4e2a651a89ac3b3603048aa1ec52d4834eccb0eede98,ordinary_member; manifest files excluded to avoid circularity
URP4/02_VERIFIED_CORE_HQ_NB_PY/03_RESUMABLE_PROJECT_SNAPSHOT/experiments/lab_001_xy_connection_20260626/scripts/PRM131_consolidate_overlay_fraction_quantile_xreg_v1_8.py,5908,d96145282cd11b798291832f3647b8776d79d60149b9d94cf6dbe2432e1ca50e,ordinary_member; manifest files excluded to avoid circularity
URP4/02_VERIFIED_CORE_HQ_NB_PY/03_RESUMABLE_PROJECT_SNAPSHOT/experiments/lab_001_xy_connection_20260626/scripts/PRM132_137_fast_batch_autopilot.py,10522,b57a6630ff2397adb5084573cd764d6f16d532c38b94cb92f9f27babc41d07fb,ordinary_member; manifest files excluded to avoid circularity
URP4/02_VERIFIED_CORE_HQ_NB_PY/03_RESUMABLE_PROJECT_SNAPSHOT/experiments/lab_001_xy_connection_20260626/scripts/PRM132_137_independent_qa.py,2251,f7031dcaff8b43e9fea072bdb7e00b237f9bb41020943293a9d8e0cbd5c47031,ordinary_member; manifest files excluded to avoid circularity
URP4/02_VERIFIED_CORE_HQ_NB_PY/03_RESUMABLE_PROJECT_SNAPSHOT/experiments/lab_001_xy_connection_20260626/scripts/PRM138_143_fast_batch_autopilot.py,1153,de4f249f8c895c7fa61dba532b03255cd37156fe6cf50c80dffec689de13693f,ordinary_member; manifest files excluded to avoid circularity
URP4/02_VERIFIED_CORE_HQ_NB_PY/03_RESUMABLE_PROJECT_SNAPSHOT/experiments/lab_001_xy_connection_20260626/scripts/PRM138_143_independent_qa.py,2159,cbee9af7ef97a76540ba82dfa61ab3faa17843a447134b85e60e22c35b84dd35,ordinary_member; manifest files excluded to avoid circularity
URP4/02_VERIFIED_CORE_HQ_NB_PY/03_RESUMABLE_PROJECT_SNAPSHOT/experiments/lab_001_xy_connection_20260626/scripts/PRM144_149_fast_batch_autopilot.py,1169,cb239d75883427d9352beea1a299d9bdc5703edbc42c2f04b31acbf3b13e05f0,ordinary_member; manifest files excluded to avoid circularity
URP4/02_VERIFIED_CORE_HQ_NB_PY/03_RESUMABLE_PROJECT_SNAPSHOT/experiments/lab_001_xy_connection_20260626/scripts/PRM144_149_independent_qa.py,2159,7fbf38b323fe7dd81ecbeff6c48ea7f11937e0f4a788618037a510f1a7cad295,ordinary_member; manifest files excluded to avoid circularity
URP4/02_VERIFIED_CORE_HQ_NB_PY/03_RESUMABLE_PROJECT_SNAPSHOT/experiments/lab_001_xy_connection_20260626/scripts/R09_SLICE005_R2_repair_aggregate_verification.py,8917,870335d61ce65b3ca51e3008c5a383f4da788332c1e24b08602e0a127c6efa5b,ordinary_member; manifest files excluded to avoid circularity
URP4/02_VERIFIED_CORE_HQ_NB_PY/03_RESUMABLE_PROJECT_SNAPSHOT/experiments/lab_001_xy_connection_20260626/scripts/R09_SLICE_005_B3_coarse_canary_analyze.py,9709,c8eb2862c6a2fdb8cdd0c9face37ef2e666b306f1ce024e5f5d108d6c9cf30a6,ordinary_member; manifest files excluded to avoid circularity
URP4/02_VERIFIED_CORE_HQ_NB_PY/03_RESUMABLE_PROJECT_SNAPSHOT/experiments/lab_001_xy_connection_20260626/scripts/R09_SLICE_005_B3_coarse_canary_control_review.py,14325,5debd5732b391f6141b64b5b237e31cada7b73f103ba8dec929ac04eed2d58e9,ordinary_member; manifest files excluded to avoid circularity
URP4/02_VERIFIED_CORE_HQ_NB_PY/03_RESUMABLE_PROJECT_SNAPSHOT/experiments/lab_001_xy_connection_20260626/scripts/R09_SLICE_005_B3_coarse_canary_final_preregistration.py,7333,ad2d121eb641cc7ff159ecd9ae9d7acae4f50798ad482f0884d47e29a4cbc660,ordinary_member; manifest files excluded to avoid circularity
URP4/02_VERIFIED_CORE_HQ_NB_PY/03_RESUMABLE_PROJECT_SNAPSHOT/experiments/lab_001_xy_connection_20260626/scripts/R09_SLICE_005_B3_coarse_canary_independent_QA.py,8055,cd8164a67b2ec3b7971ec19c1fb9eb64f026badcee292b72a24c500aff4677ec,ordinary_member; manifest files excluded to avoid circularity
URP4/02_VERIFIED_CORE_HQ_NB_PY/03_RESUMABLE_PROJECT_SNAPSHOT/experiments/lab_001_xy_connection_20260626/scripts/R09_SLICE_005_B3_coarse_canary_official_sync_QA.py,6226,9736f2c70d107a6c54c12837a72b7ffd8866bcd01d4301ba6855ada4816539b3,ordinary_member; manifest files excluded to avoid circularity
URP4/02_VERIFIED_CORE_HQ_NB_PY/03_RESUMABLE_PROJECT_SNAPSHOT/experiments/lab_001_xy_connection_20260626/scripts/R09_SLICE_005_B3_coarse_canary_preregistration.py,9239,f08ece73f0965ecac949bcb3b2497a57172a96cbeeb3d5526af121649d4edc6f,ordinary_member; manifest files excluded to avoid circularity
URP4/02_VERIFIED_CORE_HQ_NB_PY/03_RESUMABLE_PROJECT_SNAPSHOT/experiments/lab_001_xy_connection_20260626/scripts/R09_SLICE_005_B3_coarse_canary_repair_preregistration.py,7593,f4313fa7fd3a8b720bfbd256a8ca25067db5a1ec7b81c42be5ecc91357f2902f,ordinary_member; manifest files excluded to avoid circularity
URP4/02_VERIFIED_CORE_HQ_NB_PY/03_RESUMABLE_PROJECT_SNAPSHOT/experiments/lab_001_xy_connection_20260626/scripts/R09_SLICE_005_B3_coarse_canary_worker.py,10602,f43b38c9a33c6e9f1d965ed7a20cc36b93c6cc5c806e156ad31739be14f39917,ordinary_member; manifest files excluded to avoid circularity
URP4/02_VERIFIED_CORE_HQ_NB_PY/03_RESUMABLE_PROJECT_SNAPSHOT/experiments/lab_001_xy_connection_20260626/scripts/R09_SLICE_005_build_labpc_gdrive_factory.py,7242,fbee2783ead3ccfbeefec3c40a761887479e15224dc872727aa0924b08712fd0,ordinary_member; manifest files excluded to avoid circularity
URP4/02_VERIFIED_CORE_HQ_NB_PY/03_RESUMABLE_PROJECT_SNAPSHOT/experiments/lab_001_xy_connection_20260626/scripts/R09_SLICE_005_build_labpc_usb_factory.py,13876,a2a9e78a8a1e1128a2c069c389ad3daf018be511a7920a14a3040cbee1e9f72c,ordinary_member; manifest files excluded to avoid circularity
URP4/02_VERIFIED_CORE_HQ_NB_PY/03_RESUMABLE_PROJECT_SNAPSHOT/experiments/lab_001_xy_connection_20260626/scripts/R09_SLICE_005_labpc_collect.py,2550,fbc800d4fa26478f88361ad1663c74ff018ccfd9847a0bc537c64c065fd58cb7,ordinary_member; manifest files excluded to avoid circularity
URP4/02_VERIFIED_CORE_HQ_NB_PY/03_RESUMABLE_PROJECT_SNAPSHOT/experiments/lab_001_xy_connection_20260626/scripts/R09_SLICE_005_labpc_common.py,2352,a87cf7a1c2d348246c40252b44a217a57e1e869751e466fa8567a3c6e2bc7bcf,ordinary_member; manifest files excluded to avoid circularity
URP4/02_VERIFIED_CORE_HQ_NB_PY/03_RESUMABLE_PROJECT_SNAPSHOT/experiments/lab_001_xy_connection_20260626/scripts/R09_SLICE_005_labpc_doctor.py,5651,5db17f6a75ee4b1c8de64896c51d85c57e70fff83b26a72c2b6ce5337104553e,ordinary_member; manifest files excluded to avoid circularity
URP4/02_VERIFIED_CORE_HQ_NB_PY/03_RESUMABLE_PROJECT_SNAPSHOT/experiments/lab_001_xy_connection_20260626/scripts/R09_SLICE_005_labpc_runner.py,5822,0128f6478f2498307ddc9debc840238812d8c7f56955d8c9f67d22eb987746df,ordinary_member; manifest files excluded to avoid circularity
URP4/02_VERIFIED_CORE_HQ_NB_PY/03_RESUMABLE_PROJECT_SNAPSHOT/experiments/lab_001_xy_connection_20260626/scripts/R09_SLICE_005_labpc_usb_prep_official_sync_QA.py,5524,f8b4a46bf52eb527e331ab5730f9fcc18c9ae0671c1951bbfe4b70715e650399,ordinary_member; manifest files excluded to avoid circularity
URP4/02_VERIFIED_CORE_HQ_NB_PY/03_RESUMABLE_PROJECT_SNAPSHOT/experiments/lab_001_xy_connection_20260626/scripts/R09_SLICE_005_labpc_verify.py,5776,bce7d8f41e529294eb9687dd8357088b81773395cfcf27d9e7afe16fc7b776eb,ordinary_member; manifest files excluded to avoid circularity
URP4/02_VERIFIED_CORE_HQ_NB_PY/03_RESUMABLE_PROJECT_SNAPSHOT/experiments/lab_001_xy_connection_20260626/scripts/R09_SLICE_005_labpc_worker.py,12413,8312f1e266ae177bf72fc90a2cf206746d4629968f4c2180a28e99973ab2b8b6,ordinary_member; manifest files excluded to avoid circularity
URP4/02_VERIFIED_CORE_HQ_NB_PY/03_RESUMABLE_PROJECT_SNAPSHOT/experiments/lab_001_xy_connection_20260626/scripts/R09_SLICE_005_official_sync_audit.py,6164,4175eb62cfdb60b06ae2984ae5791dc0d79acd3fcde4e7de611eab5ca70b9673,ordinary_member; manifest files excluded to avoid circularity
URP4/02_VERIFIED_CORE_HQ_NB_PY/03_RESUMABLE_PROJECT_SNAPSHOT/experiments/lab_001_xy_connection_20260626/scripts/R09_SLICE_005_strict_convergence_control_review.py,10784,269dba62111dc59544f801f7a63e448e89d7734a399170526c9defacd606ae6e,ordinary_member; manifest files excluded to avoid circularity
URP4/02_VERIFIED_CORE_HQ_NB_PY/03_RESUMABLE_PROJECT_SNAPSHOT/experiments/lab_001_xy_connection_20260626/scripts/R09_SLICE_005_strict_convergence_independent_QA.py,9689,3efa7b9b2c986898c282ec33149cd778c3256dd4118f82efc2bffbb303f62c84,ordinary_member; manifest files excluded to avoid circularity
URP4/02_VERIFIED_CORE_HQ_NB_PY/03_RESUMABLE_PROJECT_SNAPSHOT/experiments/lab_001_xy_connection_20260626/scripts/R09_SLICE_005_strict_convergence_preregistration_noexec.py,32207,183dcb5822023a019436c2ef55d47d1e4bd612983ca6e60005838ef991983e29,ordinary_member; manifest files excluded to avoid circularity
URP4/02_VERIFIED_CORE_HQ_NB_PY/03_RESUMABLE_PROJECT_SNAPSHOT/experiments/lab_001_xy_connection_20260626/scripts/ROUTE_VALID_001_independent_qa.py,5906,375dac53e61759a4c0844ac64e7b13fe392fdbbc1833153b24944a0bc7755355,ordinary_member; manifest files excluded to avoid circularity
URP4/02_VERIFIED_CORE_HQ_NB_PY/03_RESUMABLE_PROJECT_SNAPSHOT/experiments/lab_001_xy_connection_20260626/scripts/ROUTE_VALID_001_source_eligibility_and_c1_three_route.py,20608,1acd07ab10c9063aa1deba5df4408cd6be5b61b7d42718cbb1a0cd6ce98a89c4,ordinary_member; manifest files excluded to avoid circularity
URP4/02_VERIFIED_CORE_HQ_NB_PY/03_RESUMABLE_PROJECT_SNAPSHOT/experiments/lab_001_xy_connection_20260626/scripts/ROUTE_VALID_002_b1_l7_cross_family_selected_slice.py,21159,5442b10574726c0f6b8b7c5bdc2c1b05c62e96e296ce470b2a58e341977fb8e4,ordinary_member; manifest files excluded to avoid circularity
URP4/02_VERIFIED_CORE_HQ_NB_PY/03_RESUMABLE_PROJECT_SNAPSHOT/experiments/lab_001_xy_connection_20260626/scripts/ROUTE_VALID_002_independent_qa.py,6718,50e10a764bfc358fa1516a3687ca4863b55bb0765411a977dad2ac7663c340be,ordinary_member; manifest files excluded to avoid circularity
URP4/02_VERIFIED_CORE_HQ_NB_PY/03_RESUMABLE_PROJECT_SNAPSHOT/experiments/lab_001_xy_connection_20260626/scripts/ROUTE_VALID_003_f1_step_reference_pixel_phase.py,43498,dc1ac46c743e217de4eab3cb542703cb2fd200df77e6128487a76902db3ce233,ordinary_member; manifest files excluded to avoid circularity
URP4/02_VERIFIED_CORE_HQ_NB_PY/03_RESUMABLE_PROJECT_SNAPSHOT/experiments/lab_001_xy_connection_20260626/scripts/ROUTE_VALID_003_finalize.py,11387,e0bab69518020d24e54bf3da77a563e0903c5389386f0f0985f2dc2cef1125f2,ordinary_member; manifest files excluded to avoid circularity
URP4/02_VERIFIED_CORE_HQ_NB_PY/03_RESUMABLE_PROJECT_SNAPSHOT/experiments/lab_001_xy_connection_20260626/scripts/ROUTE_VALID_003_independent_qa.py,8849,5f15af2f5602c8f6e46809222ceac2a13e9d68457bdbf7051c4a307fbbc211d2,ordinary_member; manifest files excluded to avoid circularity
URP4/02_VERIFIED_CORE_HQ_NB_PY/03_RESUMABLE_PROJECT_SNAPSHOT/experiments/lab_001_xy_connection_20260626/scripts/ROUTE_VALID_003A_brep_curve_raster_adapter_probe.py,7715,8471fa1acdfd8ac55ebf4405b881172e1b68e4e932fdc4c4687cbbb123679eaf,ordinary_member; manifest files excluded to avoid circularity
URP4/02_VERIFIED_CORE_HQ_NB_PY/03_RESUMABLE_PROJECT_SNAPSHOT/experiments/lab_001_xy_connection_20260626/scripts/ROUTE_VALID_003A_f1_z400_targeted_attribution_replay.py,24823,c29e89cdf3e028c00756a4f6e3f458e3d6dd60ddd8313fb500d737b5c0e9e8fe,ordinary_member; manifest files excluded to avoid circularity
URP4/02_VERIFIED_CORE_HQ_NB_PY/03_RESUMABLE_PROJECT_SNAPSHOT/experiments/lab_001_xy_connection_20260626/scripts/ROUTE_VALID_003A_finalize.py,4433,43aa0b152cfe412773fbb3130a4e671b6deb85fc5c5a11bd2efa660f4fa8e313,ordinary_member; manifest files excluded to avoid circularity
URP4/02_VERIFIED_CORE_HQ_NB_PY/03_RESUMABLE_PROJECT_SNAPSHOT/experiments/lab_001_xy_connection_20260626/scripts/ROUTE_VALID_003A_independent_qa.py,4432,074f033e3bdbd1a6b1972310a032c4bf20b985a3fd3641fc6401c17cce31c381,ordinary_member; manifest files excluded to avoid circularity
URP4/02_VERIFIED_CORE_HQ_NB_PY/03_RESUMABLE_PROJECT_SNAPSHOT/experiments/lab_001_xy_connection_20260626/scripts/ROUTE_VALID_004_independent_policy_qa.py,6738,97ef0817c25e64dac41c5f6ce4f1c7694d146256f5b69b68dd9e5a20336ef6bd,ordinary_member; manifest files excluded to avoid circularity
URP4/02_VERIFIED_CORE_HQ_NB_PY/03_RESUMABLE_PROJECT_SNAPSHOT/experiments/lab_001_xy_connection_20260626/scripts/ROUTE_VALID_004_route_policy_and_nb_integration_gate.py,21933,2267c6792d17e3efe3caf959e12d4355ec85aab1eaabc707ff5bb317e8222d06,ordinary_member; manifest files excluded to avoid circularity
URP4/02_VERIFIED_CORE_HQ_NB_PY/03_RESUMABLE_PROJECT_SNAPSHOT/experiments/lab_001_xy_connection_20260626/scripts/STRICT_GEOM_006_phase_a_face_rasterizer_fixtures.py,19949,34880a3279656aab4670b54c6e83cd0e2a7488084fb379ebbd6a50160ac9eaf8,ordinary_member; manifest files excluded to avoid circularity
URP4/02_VERIFIED_CORE_HQ_NB_PY/03_RESUMABLE_PROJECT_SNAPSHOT/experiments/lab_001_xy_connection_20260626/scripts/STRICT_STEP_007_overlay_trace_execution.py,5496,a264057a794c376ae31341ad8b27331d7f40467c3ecfcf012265ee1063d6e563,ordinary_member; manifest files excluded to avoid circularity
URP4/02_VERIFIED_CORE_HQ_NB_PY/03_RESUMABLE_PROJECT_SNAPSHOT/experiments/lab_001_xy_connection_20260626/scripts/STRICT_STEP_021_b3_route_a_z801_raw_primitives.py,15682,248fc212fd4f7b981d390f77ad7dab2a85894c577aa77602afa7630a4de731a7,ordinary_member; manifest files excluded to avoid circularity
URP4/02_VERIFIED_CORE_HQ_NB_PY/03_RESUMABLE_PROJECT_SNAPSHOT/experiments/lab_001_xy_connection_20260626/scripts/STRICT_STEP_026_c1_direct_legacy_py_xonly.py,5754,7b4a6ee2b1168bfe24cffbe75d75d21045e4c7ac1d48e9e310e08a956a43db13,ordinary_member; manifest files excluded to avoid circularity
URP4/02_VERIFIED_CORE_HQ_NB_PY/03_RESUMABLE_PROJECT_SNAPSHOT/experiments/lab_001_xy_connection_20260626/scripts/STRICT_STEP_026_c1_independent_qa.py,3773,fee9e359aeb3f24a5b740d9ea71f444230d0c09ea157529966d14fe9d1f38112,ordinary_member; manifest files excluded to avoid circularity
URP4/02_VERIFIED_CORE_HQ_NB_PY/03_RESUMABLE_PROJECT_SNAPSHOT/experiments/lab_001_xy_connection_20260626/scripts/test_NB_INTEGRATE_001_route_policy.py,5063,2bbe7e47995b937ec6b3e305cfe1d498a5d84f521b3370466bf3080e9d0b3f71,ordinary_member; manifest files excluded to avoid circularity
URP4/02_VERIFIED_CORE_HQ_NB_PY/03_RESUMABLE_PROJECT_SNAPSHOT/experiments/lab_001_xy_connection_20260626/scripts/TOUR_C001_T4R_SLICE_001_t8_t9_legacy_detail_convergence.py,37199,51fad660f74ada2113d2eb9ca5a72d818718a82a238c802ab6d564f639cec203,ordinary_member; manifest files excluded to avoid circularity
URP4/02_VERIFIED_CORE_HQ_NB_PY/03_RESUMABLE_PROJECT_SNAPSHOT/experiments/lab_001_xy_connection_20260626/scripts/TOUR_C001_T4R_SLICE_003A_matched_source_five_model_audit.py,33427,8fbb3a879cf5b97b17d5e5e43df99e5925ed733b914d761af11468f90c2ba67b,ordinary_member; manifest files excluded to avoid circularity
URP4/02_VERIFIED_CORE_HQ_NB_PY/03_RESUMABLE_PROJECT_SNAPSHOT/experiments/lab_001_xy_connection_20260626/scripts/TOUR_C001_T4R_SLICE_004_all58_source_matched_exact_extraction.py,39121,f2a6e8ab6d6ecd499fa1a470328154c95ee098d6664de6309fc9278c3a9966cc,ordinary_member; manifest files excluded to avoid circularity
URP4/02_VERIFIED_CORE_HQ_NB_PY/03_RESUMABLE_PROJECT_SNAPSHOT/experiments/lab_001_xy_connection_20260626/scripts/TOUR_C001_T4R_SLICE_004_independent_QA_and_manifest.py,9723,0e70b6a78cb0d20822186d5c548e4de26187053f37ff3c784111460e80ae5556,ordinary_member; manifest files excluded to avoid circularity
URP4/02_VERIFIED_CORE_HQ_NB_PY/03_RESUMABLE_PROJECT_SNAPSHOT/outputs/IMSTL008/IMSTL-008-20260728-002/HQ-d7324dbb123f_20260728_212157_198620/descriptor/qa.json,553,669fef0fe08e9ddb8f4043e62561cd2bb5124cfcd582f122d2f636ff6f1e50a6,ordinary_member; manifest files excluded to avoid circularity
URP4/02_VERIFIED_CORE_HQ_NB_PY/03_RESUMABLE_PROJECT_SNAPSHOT/outputs/IMSTL008/IMSTL-008-20260728-002/HQ-d7324dbb123f_20260728_212157_198620/descriptor/tables/overlay_component_table.csv,17437901,fe09d74352070d7033b9ee95ecc4c68c57e6bf339798412a25733a49c1f149a7,ordinary_member; manifest files excluded to avoid circularity
URP4/02_VERIFIED_CORE_HQ_NB_PY/03_RESUMABLE_PROJECT_SNAPSHOT/outputs/IMSTL008/IMSTL-008-20260728-002/HQ-d7324dbb123f_20260728_212157_198620/descriptor/tables/overlay_pixel_table.csv,123539,0f5d2be903a137f4b6a019fc8a783def5fded5c07c59ee3b978261cbe8888948,ordinary_member; manifest files excluded to avoid circularity
URP4/02_VERIFIED_CORE_HQ_NB_PY/03_RESUMABLE_PROJECT_SNAPSHOT/outputs/IMSTL008/IMSTL-008-20260728-002/HQ-d7324dbb123f_20260728_212157_198620/descriptor/tables/slice_component_table.csv,2418767,94b9f710a9a10b4db82b1e4117d475f07c93df4655e2971de2da60002c37aa62,ordinary_member; manifest files excluded to avoid circularity
URP4/02_VERIFIED_CORE_HQ_NB_PY/03_RESUMABLE_PROJECT_SNAPSHOT/outputs/IMSTL008/IMSTL-008-20260728-002/HQ-d7324dbb123f_20260728_212157_198620/descriptor/tables/slice_pixel_count_table.csv,174357,18e326561841eee1e0f20da111331156c3cd985e92a1a7336a1564b115d4152f,ordinary_member; manifest files excluded to avoid circularity
URP4/02_VERIFIED_CORE_HQ_NB_PY/03_RESUMABLE_PROJECT_SNAPSHOT/outputs/IMSTL008/IMSTL-008-20260728-002/HQ-d7324dbb123f_20260728_212157_198620/descriptor_result.csv,1208,ef0766edaa866396b6d93241c27fc837bfc7b0f79a3c184b7ce75c3bb2b94027,ordinary_member; manifest files excluded to avoid circularity
URP4/02_VERIFIED_CORE_HQ_NB_PY/03_RESUMABLE_PROJECT_SNAPSHOT/outputs/IMSTL008/IMSTL-008-20260728-002/HQ-d7324dbb123f_20260728_212157_198620/descriptor_result.xlsx,6229,50bcddbd2738a783f97070c0204a848997eada7d67382c10407d174c1a9c2426,ordinary_member; manifest files excluded to avoid circularity
URP4/02_VERIFIED_CORE_HQ_NB_PY/03_RESUMABLE_PROJECT_SNAPSHOT/outputs/IMSTL008/IMSTL-008-20260728-002/HQ-d7324dbb123f_20260728_212157_198620/frozen_run_config.json,3880,d00e657e264d88c7e4b269d7a7a223db9d907a5ced472aac580f64456c78cf54,ordinary_member; manifest files excluded to avoid circularity
URP4/02_VERIFIED_CORE_HQ_NB_PY/03_RESUMABLE_PROJECT_SNAPSHOT/outputs/IMSTL008/IMSTL-008-20260728-002/HQ-d7324dbb123f_20260728_212157_198620/geometry_preflight.json,1487,6629e23a1801c66fbac5ac90e85b69a5dbfda4ee68655671ab8150d87c925239,ordinary_member; manifest files excluded to avoid circularity
URP4/02_VERIFIED_CORE_HQ_NB_PY/03_RESUMABLE_PROJECT_SNAPSHOT/outputs/IMSTL008/IMSTL-008-20260728-002/HQ-d7324dbb123f_20260728_212157_198620/input_geometry_manifest.json,495,a5ceacede24ff78496b1a2a5c03b537227f619666b96c460cdc8239bddd24659,ordinary_member; manifest files excluded to avoid circularity
URP4/02_VERIFIED_CORE_HQ_NB_PY/03_RESUMABLE_PROJECT_SNAPSHOT/outputs/IMSTL008/IMSTL-008-20260728-002/HQ-d7324dbb123f_20260728_212157_198620/output_manifest.csv,1446,126817a46468b980adc8f81cfa545b506dadde91efd593b02e4c40c62b62566d,ordinary_member; manifest files excluded to avoid circularity
URP4/02_VERIFIED_CORE_HQ_NB_PY/03_RESUMABLE_PROJECT_SNAPSHOT/outputs/IMSTL008/IMSTL-008-20260728-002/HQ-d7324dbb123f_20260728_212157_198620/run_manifest.json,522,e6429cbccb2daed3da77259c00d6d55ec94960230ada280c5b0da87d4efb95f2,ordinary_member; manifest files excluded to avoid circularity
URP4/02_VERIFIED_CORE_HQ_NB_PY/03_RESUMABLE_PROJECT_SNAPSHOT/outputs/IMSTL008/IMSTL-008-20260728-002/HQ-d7324dbb123f_20260728_212157_198620/run_status.json,3738,99379af9636c656553ec1d9bf088aec8d3d5b4b2804f75fda9611a8aab88e217,ordinary_member; manifest files excluded to avoid circularity
URP4/02_VERIFIED_CORE_HQ_NB_PY/03_RESUMABLE_PROJECT_SNAPSHOT/outputs/IMSTL008/IMSTL-008-20260728-002/HQ-d7324dbb123f_20260728_212157_198620/training_required_input_schema.json,426,494cfa8315b9b2d16804e16935fbf2b4ca372bb56ac4eabb33c8c75299894202,ordinary_member; manifest files excluded to avoid circularity
URP4/02_VERIFIED_CORE_HQ_NB_PY/03_RESUMABLE_PROJECT_SNAPSHOT/outputs/IMSTL008/IMSTL-008-20260728-002/HQ-d7324dbb123f_20260728_212157_198620/x_only_readiness.json,216,7538fe9064b7a27732962da6243f427f08008b5dead5b9036f5ed5b4c63a2745,ordinary_member; manifest files excluded to avoid circularity
URP4/02_VERIFIED_CORE_HQ_NB_PY/03_RESUMABLE_PROJECT_SNAPSHOT/outputs/URP4-1/2._Parameter_result_0727.py,11385,cdaea5ef1262ca0ea79a7b8ce16a15f435037e779e2688bdecbe80400b3d5c47,ordinary_member; manifest files excluded to avoid circularity
URP4/02_VERIFIED_CORE_HQ_NB_PY/03_RESUMABLE_PROJECT_SNAPSHOT/outputs/URP4-1/3._parameter_angle_all_0727.py,10566,8a64d05839a606df15055d7c9d84565aa889b5e0c63b57b7f27e19ad76f92ceb,ordinary_member; manifest files excluded to avoid circularity
URP4/02_VERIFIED_CORE_HQ_NB_PY/03_RESUMABLE_PROJECT_SNAPSHOT/outputs/URP4-1/압축+열+진동+구조인자_260212.xlsx,434120,3c0915a3bff3c6b3fa1b47b6b63381eb3d7f06777f1eda8b09e327d4e20b7cca,ordinary_member; manifest files excluded to avoid circularity
URP4/02_VERIFIED_CORE_HQ_NB_PY/03_RESUMABLE_PROJECT_SNAPSHOT/RAW_SLICE_TABLE_MANIFEST.csv,58910,a79eaa01df02578e3d90ddffe639e993ae83cf540b259108bc8da16f854087cc,ordinary_member; manifest files excluded to avoid circularity
URP4/02_VERIFIED_CORE_HQ_NB_PY/03_RESUMABLE_PROJECT_SNAPSHOT/RAW_SLICE_TABLES_XREG_V2_7.zip,22474349,3e5e476dd13a685e6b6c51d086501a6946a746d66d33a378b75262ea1c0ece21,ordinary_member; manifest files excluded to avoid circularity
URP4/02_VERIFIED_CORE_HQ_NB_PY/03_RESUMABLE_PROJECT_SNAPSHOT/README_HQ_ENGINE.md,3854,dea84bc7a96ac24f401abe62727b7ed376f860f239e12de12ade9ea0436f14cb,ordinary_member; manifest files excluded to avoid circularity
URP4/02_VERIFIED_CORE_HQ_NB_PY/03_RESUMABLE_PROJECT_SNAPSHOT/RESUME_RUNBOOK.md,2925,832395cca71d0a26d71abfc7c7fb618838ff9ccc2b97a403c5a2d373c5719690,ordinary_member; manifest files excluded to avoid circularity
URP4/02_VERIFIED_CORE_HQ_NB_PY/03_RESUMABLE_PROJECT_SNAPSHOT/URP4-1_DELIVERABLE/urp4/__init__.py,289,41b78fc55f3d03cc83fbca1e4279665c463f33f5663ad8f5b57b00fff9a2ca0f,ordinary_member; manifest files excluded to avoid circularity
URP4/02_VERIFIED_CORE_HQ_NB_PY/03_RESUMABLE_PROJECT_SNAPSHOT/URP4-1_DELIVERABLE/urp4/contracts/__init__.py,506,e5d6656c731246b64d8359e1d6cbbf8e12c38710d9e83e80dce2cfd8ef28b2b0,ordinary_member; manifest files excluded to avoid circularity
URP4/02_VERIFIED_CORE_HQ_NB_PY/03_RESUMABLE_PROJECT_SNAPSHOT/URP4-1_DELIVERABLE/urp4/contracts/v0_1/__init__.py,536,0200ae980b28d41d9f61d02455223605a11ce8a4866a9518ed65777a5cbcb201,ordinary_member; manifest files excluded to avoid circularity
URP4/02_VERIFIED_CORE_HQ_NB_PY/03_RESUMABLE_PROJECT_SNAPSHOT/URP4-1_DELIVERABLE/urp4/contracts/v0_1/canonical.py,2949,16820525e28b5d6a1a8e305a2bf2102e279ae6ae35f76139e4203a1fa41b9ee9,ordinary_member; manifest files excluded to avoid circularity
URP4/02_VERIFIED_CORE_HQ_NB_PY/03_RESUMABLE_PROJECT_SNAPSHOT/URP4-1_DELIVERABLE/urp4/contracts/v0_1/ids.py,7194,0190fafece4f9afb5d1f443f50a972737a727ee186d21789f4c7d1fba8780608,ordinary_member; manifest files excluded to avoid circularity
URP4/02_VERIFIED_CORE_HQ_NB_PY/03_RESUMABLE_PROJECT_SNAPSHOT/URP4-1_DELIVERABLE/urp4/contracts/v0_1/models.py,1304,5bf6dc0f4b3cc45ce7d33dd7fa93eef8fa3773a00626830537a3e09863af248a,ordinary_member; manifest files excluded to avoid circularity
URP4/02_VERIFIED_CORE_HQ_NB_PY/03_RESUMABLE_PROJECT_SNAPSHOT/URP4-1_DELIVERABLE/urp4/contracts/v0_1/README.md,1463,f4d2b7d8fb22b8156355c4a3bca258ba320d0914364fa18a98acb15a101a352f,ordinary_member; manifest files excluded to avoid circularity
URP4/02_VERIFIED_CORE_HQ_NB_PY/03_RESUMABLE_PROJECT_SNAPSHOT/URP4-1_DELIVERABLE/urp4/contracts/v0_1/schemas/urp4_contracts_v0_1.schema.json,18565,91d02e8ff6d5b71dfc65b269f2d763426ad3375331e71b7e81f46df695331154,ordinary_member; manifest files excluded to avoid circularity
URP4/02_VERIFIED_CORE_HQ_NB_PY/03_RESUMABLE_PROJECT_SNAPSHOT/URP4-1_DELIVERABLE/urp4/contracts/v0_1/validation.py,6526,c32983dec08d25942cae055f123912ec8fd25f2d783813e18a461f5ebeff99b6,ordinary_member; manifest files excluded to avoid circularity
URP4/02_VERIFIED_CORE_HQ_NB_PY/03_RESUMABLE_PROJECT_SNAPSHOT/URP4-1_DELIVERABLE/urp4/descriptor_service/__init__.py,185,01b048d500ff1d73db3d568486f02981e5b44278a2fc860e168d03cc64b62dfc,ordinary_member; manifest files excluded to avoid circularity
URP4/02_VERIFIED_CORE_HQ_NB_PY/03_RESUMABLE_PROJECT_SNAPSHOT/URP4-1_DELIVERABLE/urp4/descriptor_service/v0_1/__init__.py,462,6ee99b579e324aa8b52b04abbdf50725fc10b8d1caac0046a699088093e4d118,ordinary_member; manifest files excluded to avoid circularity
URP4/02_VERIFIED_CORE_HQ_NB_PY/03_RESUMABLE_PROJECT_SNAPSHOT/URP4-1_DELIVERABLE/urp4/descriptor_service/v0_1/component.py,7528,dd395c9e7e90d491181f851ca7afa1c13d0dfc63ec7b6b2be3c5da98b5e764cf,ordinary_member; manifest files excluded to avoid circularity
URP4/02_VERIFIED_CORE_HQ_NB_PY/03_RESUMABLE_PROJECT_SNAPSHOT/URP4-1_DELIVERABLE/urp4/descriptor_service/v0_1/config.py,1928,79e72f02b554f7e0780993e7ec0e09f209dbc97b9e0d8f0503cabc2d1bcffaed,ordinary_member; manifest files excluded to avoid circularity
URP4/02_VERIFIED_CORE_HQ_NB_PY/03_RESUMABLE_PROJECT_SNAPSHOT/URP4-1_DELIVERABLE/urp4/descriptor_service/v0_1/contracts.py,12695,aace4ae6edd9fa276dca1413abbbf26f4c79993b3d63d0c1f4a9e9079786b3f0,ordinary_member; manifest files excluded to avoid circularity
URP4/02_VERIFIED_CORE_HQ_NB_PY/03_RESUMABLE_PROJECT_SNAPSHOT/URP4-1_DELIVERABLE/urp4/descriptor_service/v0_1/formula.py,538,d72075dcf6b7a3027a4473ffb87047903ecd01db5fc6f366a4bff0e0453a156e,ordinary_member; manifest files excluded to avoid circularity
URP4/02_VERIFIED_CORE_HQ_NB_PY/03_RESUMABLE_PROJECT_SNAPSHOT/URP4-1_DELIVERABLE/urp4/descriptor_service/v0_1/geometry.py,1665,580df093f8790137d79651909e2fb9b36f3f20ba69a26d558b97a5d35b074351,ordinary_member; manifest files excluded to avoid circularity
URP4/02_VERIFIED_CORE_HQ_NB_PY/03_RESUMABLE_PROJECT_SNAPSHOT/URP4-1_DELIVERABLE/urp4/descriptor_service/v0_1/models.py,915,696f747251d4143010cede2c8ef8f72e92262bdd1d08c06a9814da50a220784e,ordinary_member; manifest files excluded to avoid circularity
URP4/02_VERIFIED_CORE_HQ_NB_PY/03_RESUMABLE_PROJECT_SNAPSHOT/URP4-1_DELIVERABLE/urp4/descriptor_service/v0_1/pipeline.py,11647,1ad4ea50c8e4676848881c8601373239fb185a12c7e5fa041edd7df56248f406,ordinary_member; manifest files excluded to avoid circularity
URP4/02_VERIFIED_CORE_HQ_NB_PY/03_RESUMABLE_PROJECT_SNAPSHOT/URP4-1_DELIVERABLE/urp4/descriptor_service/v0_1/pixel.py,3019,3cd37430c720e4d6a572d1787c7f5c0a917965ea56aa451cd4b11ce945db6d72,ordinary_member; manifest files excluded to avoid circularity
URP4/02_VERIFIED_CORE_HQ_NB_PY/03_RESUMABLE_PROJECT_SNAPSHOT/URP4-1_DELIVERABLE/urp4/descriptor_service/v0_1/population.py,1574,20fa690cc3acbb0b47569524694f339c25239a2359771b8a3cbb7c513b4e3478,ordinary_member; manifest files excluded to avoid circularity
URP4/02_VERIFIED_CORE_HQ_NB_PY/03_RESUMABLE_PROJECT_SNAPSHOT/URP4-1_DELIVERABLE/urp4/descriptor_service/v0_1/qa.py,3121,ceae088b19475ea7a8d5b32a04650805670e3ea5db0c8470b27722a706c90e2a,ordinary_member; manifest files excluded to avoid circularity
URP4/02_VERIFIED_CORE_HQ_NB_PY/03_RESUMABLE_PROJECT_SNAPSHOT/URP4-1_DELIVERABLE/urp4/descriptor_service/v0_1/run139.py,10373,3d6b3b4c14ab0bd00f242a52b62704f519a740d247e9404bf1ca36624f56537a,ordinary_member; manifest files excluded to avoid circularity
URP4/02_VERIFIED_CORE_HQ_NB_PY/03_RESUMABLE_PROJECT_SNAPSHOT/URP4-1_DELIVERABLE/urp4/descriptor_service/v0_1/service.py,8707,37406a1004478b340297d3ce36408ea09682fd73d8e15f9411f218535db93d81,ordinary_member; manifest files excluded to avoid circularity
URP4/02_VERIFIED_CORE_HQ_NB_PY/03_RESUMABLE_PROJECT_SNAPSHOT/URP4-1_DELIVERABLE/urp4/descriptor_service/v0_1/slicing.py,3461,9ab4213007b716f8ed361a6aecbbac7a8e5251459c6ff0feebac2e74dbc942ff,ordinary_member; manifest files excluded to avoid circularity
URP4/02_VERIFIED_CORE_HQ_NB_PY/03_RESUMABLE_PROJECT_SNAPSHOT/URP4-1_DELIVERABLE/urp4/generators/__init__.py,56,b1bc199d8ce44ea32358466c10b26236b59081037b4372f355309d22327c4f2b,ordinary_member; manifest files excluded to avoid circularity
URP4/02_VERIFIED_CORE_HQ_NB_PY/03_RESUMABLE_PROJECT_SNAPSHOT/URP4-1_DELIVERABLE/urp4/generators/lattice_typeab/__init__.py,42,8d5fa45ab24ab7db58b60de6f8d2cee67d79b9a2b0aa750f862ec090adde317f,ordinary_member; manifest files excluded to avoid circularity
URP4/02_VERIFIED_CORE_HQ_NB_PY/03_RESUMABLE_PROJECT_SNAPSHOT/URP4-1_DELIVERABLE/urp4/generators/lattice_typeab/v0_1/__init__.py,563,e420e61f8109bea1c5409ac874ae0e32428363a3426493cda88dcd976369afcb,ordinary_member; manifest files excluded to avoid circularity
URP4/02_VERIFIED_CORE_HQ_NB_PY/03_RESUMABLE_PROJECT_SNAPSHOT/URP4-1_DELIVERABLE/urp4/generators/lattice_typeab/v0_1/contracts.py,6185,5d72d419433baf8a9d6e9e862beac223d00dc481849a4c82cab326797af29f20,ordinary_member; manifest files excluded to avoid circularity
URP4/02_VERIFIED_CORE_HQ_NB_PY/03_RESUMABLE_PROJECT_SNAPSHOT/URP4-1_DELIVERABLE/urp4/generators/lattice_typeab/v0_1/descriptors.py,6780,57707bc9ff020f2aa5fa1e530b45299e81f84890de3edb3b93640d926be4c0f1,ordinary_member; manifest files excluded to avoid circularity
URP4/02_VERIFIED_CORE_HQ_NB_PY/03_RESUMABLE_PROJECT_SNAPSHOT/URP4-1_DELIVERABLE/urp4/generators/lattice_typeab/v0_1/exporters.py,6292,4a9b7b32f642cbb2717d562095f0ff22ba3de88b820747b61b8f0326934bb6c7,ordinary_member; manifest files excluded to avoid circularity
URP4/02_VERIFIED_CORE_HQ_NB_PY/03_RESUMABLE_PROJECT_SNAPSHOT/URP4-1_DELIVERABLE/urp4/generators/lattice_typeab/v0_1/graph.py,11166,13e23d2c957b476caf4c3fa0abe8efda78918f0407344feddf0e690bea46772e,ordinary_member; manifest files excluded to avoid circularity
URP4/02_VERIFIED_CORE_HQ_NB_PY/03_RESUMABLE_PROJECT_SNAPSHOT/URP4-1_DELIVERABLE/urp4/generators/lattice_typeab/v0_1/models.py,4834,66329e2be7acb255f68a4d508c3931a6be9cbc41e4a3f053a6554cecb1ad4bcf,ordinary_member; manifest files excluded to avoid circularity
URP4/02_VERIFIED_CORE_HQ_NB_PY/03_RESUMABLE_PROJECT_SNAPSHOT/URP4-1_DELIVERABLE/urp4/generators/lattice_typeab/v0_1/plugin.py,4674,bfe0d52005118603dccef6ae027aa8ca4a17da77a2248e36e020c03336126ab7,ordinary_member; manifest files excluded to avoid circularity
URP4/02_VERIFIED_CORE_HQ_NB_PY/03_RESUMABLE_PROJECT_SNAPSHOT/URP4-1_DELIVERABLE/urp4/generators/lattice_typeab/v0_1/type_b.py,6725,997606649e41d354c6b894c367d4445cd0e9a7e1cd8d98b8629b1a6766967d08,ordinary_member; manifest files excluded to avoid circularity
URP4/02_VERIFIED_CORE_HQ_NB_PY/03_RESUMABLE_PROJECT_SNAPSHOT/URP4-1_DELIVERABLE/urp4/generators/tpms_multiwall/__init__.py,51,eda7ea70e2d2b1c17b03db3ac9efc6553dcfe8055064051e8e478fc5e0ee3b4e,ordinary_member; manifest files excluded to avoid circularity
URP4/02_VERIFIED_CORE_HQ_NB_PY/03_RESUMABLE_PROJECT_SNAPSHOT/URP4-1_DELIVERABLE/urp4/generators/tpms_multiwall/v0_1/__init__.py,660,e9210e752e22985137682fb1abcf501c575f30c86cb60e2e6a25d8891b42732c,ordinary_member; manifest files excluded to avoid circularity
URP4/02_VERIFIED_CORE_HQ_NB_PY/03_RESUMABLE_PROJECT_SNAPSHOT/URP4-1_DELIVERABLE/urp4/generators/tpms_multiwall/v0_1/contracts.py,7115,4f13555ca9713513d5449fe6dfef7a2a642c28fa1bab85ff1ef137bafe73b8ec,ordinary_member; manifest files excluded to avoid circularity
URP4/02_VERIFIED_CORE_HQ_NB_PY/03_RESUMABLE_PROJECT_SNAPSHOT/URP4-1_DELIVERABLE/urp4/generators/tpms_multiwall/v0_1/exporters.py,3358,a21ef77ccce5328efc5091e9ed6e3a35aeed91b9ff656c1ddb87129fe9248c50,ordinary_member; manifest files excluded to avoid circularity
URP4/02_VERIFIED_CORE_HQ_NB_PY/03_RESUMABLE_PROJECT_SNAPSHOT/URP4-1_DELIVERABLE/urp4/generators/tpms_multiwall/v0_1/fields.py,3515,e9a3e0c460252e6d437148eb0d1ee4257b8ead1c94d9d5bd3cffff0ee711c08d,ordinary_member; manifest files excluded to avoid circularity
URP4/02_VERIFIED_CORE_HQ_NB_PY/03_RESUMABLE_PROJECT_SNAPSHOT/URP4-1_DELIVERABLE/urp4/generators/tpms_multiwall/v0_1/masking.py,14991,10ab73bd146669120350cede967a9f2a87745ab1553d1b97e10b576319e01512,ordinary_member; manifest files excluded to avoid circularity
URP4/02_VERIFIED_CORE_HQ_NB_PY/03_RESUMABLE_PROJECT_SNAPSHOT/URP4-1_DELIVERABLE/urp4/generators/tpms_multiwall/v0_1/models.py,7197,fff4adfc7f91fd372958635c8cbfea52f0920af200e0dfc23be9f2ce2b25d9ad,ordinary_member; manifest files excluded to avoid circularity
URP4/02_VERIFIED_CORE_HQ_NB_PY/03_RESUMABLE_PROJECT_SNAPSHOT/URP4-1_DELIVERABLE/urp4/generators/tpms_multiwall/v0_1/plugin.py,5852,6de380d4faf01b38e3da8ea5a5dd650e72c74b0f084b7aa023f5c5208dcc02bc,ordinary_member; manifest files excluded to avoid circularity
URP4/02_VERIFIED_CORE_HQ_NB_PY/03_RESUMABLE_PROJECT_SNAPSHOT/URP4-1_DELIVERABLE/urp4/generators/tpms_multiwall/v0_1/registry.py,2723,5f5b59a3e8f19644c7e8ea81850eb6141a248f4cb96b68b41e561894544ecb99,ordinary_member; manifest files excluded to avoid circularity
URP4/02_VERIFIED_CORE_HQ_NB_PY/03_RESUMABLE_PROJECT_SNAPSHOT/URP4-1_DELIVERABLE/urp4/generators/voxel/__init__.py,42,77bffa1484a9d40a024634dd15f75dcaf4c303bc4ca13a618c7f8b0e5017b8ea,ordinary_member; manifest files excluded to avoid circularity
URP4/02_VERIFIED_CORE_HQ_NB_PY/03_RESUMABLE_PROJECT_SNAPSHOT/URP4-1_DELIVERABLE/urp4/generators/voxel/v0_1/__init__.py,429,4792eb5b2783c2f8c91dfa419037d00a8c420d221e7df632db30756ea417f6c7,ordinary_member; manifest files excluded to avoid circularity
URP4/02_VERIFIED_CORE_HQ_NB_PY/03_RESUMABLE_PROJECT_SNAPSHOT/URP4-1_DELIVERABLE/urp4/generators/voxel/v0_1/contracts.py,6536,9bef1c6e8e41962fd6b02e9d45490c37abbd2378f6638f8c45e0b9ced8e7a86f,ordinary_member; manifest files excluded to avoid circularity
URP4/02_VERIFIED_CORE_HQ_NB_PY/03_RESUMABLE_PROJECT_SNAPSHOT/URP4-1_DELIVERABLE/urp4/generators/voxel/v0_1/exporters.py,3127,f8eec2c0393806325467d224cee5897301ad2bbe4cfceacbcf4b9b553cb9317e,ordinary_member; manifest files excluded to avoid circularity
URP4/02_VERIFIED_CORE_HQ_NB_PY/03_RESUMABLE_PROJECT_SNAPSHOT/URP4-1_DELIVERABLE/urp4/generators/voxel/v0_1/kernel.py,1852,664c73be3bc4609b0407baadf18bd9a4e69b788772e3724f2ae6d99a8952ca0a,ordinary_member; manifest files excluded to avoid circularity
URP4/02_VERIFIED_CORE_HQ_NB_PY/03_RESUMABLE_PROJECT_SNAPSHOT/URP4-1_DELIVERABLE/urp4/generators/voxel/v0_1/models.py,7716,12c5b353be0007c51ca0a29cd9f8c886eb70c25f3ae3b8622e100d6c9f87b13b,ordinary_member; manifest files excluded to avoid circularity
URP4/02_VERIFIED_CORE_HQ_NB_PY/03_RESUMABLE_PROJECT_SNAPSHOT/URP4-1_DELIVERABLE/urp4/generators/voxel/v0_1/plugin.py,5751,fc8e30927988c085d6df0b6400f2caf3f4f4d8f39cc17bc230074db014088ca7,ordinary_member; manifest files excluded to avoid circularity
URP4/02_VERIFIED_CORE_HQ_NB_PY/03_RESUMABLE_PROJECT_SNAPSHOT/URP4-1_DELIVERABLE/urp4/generators/voxel/v0_1/registry.py,2183,3d230edc0495b864a87134958967d3aed71b4c9cb8441567f714c77240f9a475,ordinary_member; manifest files excluded to avoid circularity
URP4/02_VERIFIED_CORE_HQ_NB_PY/03_RESUMABLE_PROJECT_SNAPSHOT/URP4-1_DELIVERABLE/urp4/generators/voxel/v0_1/source_kernel.py,6084,db50808bc205f6b13a366ac88dd0ec5a31d23a36cef1b96e46489394f5164543,ordinary_member; manifest files excluded to avoid circularity
URP4/02_VERIFIED_CORE_HQ_NB_PY/03_RESUMABLE_PROJECT_SNAPSHOT/URP4-1_DELIVERABLE/urp4/geometry_io/__init__.py,78,4532d05bbcca8e192eabc670a056ff7fe6c18c7fdeac90d25af98082760c37b8,ordinary_member; manifest files excluded to avoid circularity
URP4/02_VERIFIED_CORE_HQ_NB_PY/03_RESUMABLE_PROJECT_SNAPSHOT/URP4-1_DELIVERABLE/urp4/geometry_io/v0_1/__init__.py,454,02b2926e1bfc7ee566fb3e94bb08036afc2d8f2b80a3b9955b93338a58f3b56b,ordinary_member; manifest files excluded to avoid circularity
URP4/02_VERIFIED_CORE_HQ_NB_PY/03_RESUMABLE_PROJECT_SNAPSHOT/URP4-1_DELIVERABLE/urp4/geometry_io/v0_1/models.py,1289,85abe3c59de0b9fa2532d9455808e92abff62f4bcdd3b87c857b5f1c52e928d7,ordinary_member; manifest files excluded to avoid circularity
URP4/02_VERIFIED_CORE_HQ_NB_PY/03_RESUMABLE_PROJECT_SNAPSHOT/URP4-1_DELIVERABLE/urp4/geometry_io/v0_1/routing.py,1472,6f8dde1ab5a0b95347cfa7d445d4c12129e59fe1cba069d7653c65c2e1c6b320,ordinary_member; manifest files excluded to avoid circularity
URP4/02_VERIFIED_CORE_HQ_NB_PY/03_RESUMABLE_PROJECT_SNAPSHOT/URP4-1_DELIVERABLE/urp4/geometry_io/v0_1/stl_import.py,8590,31454eee7093526fae2cb6e06e811b1bbfb25ca18aa2d1e589d495ea6259ddc8,ordinary_member; manifest files excluded to avoid circularity
URP4/02_VERIFIED_CORE_HQ_NB_PY/03_RESUMABLE_PROJECT_SNAPSHOT/URP4-1_DELIVERABLE/urp4/geometry_io/v0_2/__init__.py,361,2947ba84dcf17a3b6007692bcb0c1659e6ce1f8425b8a91541895e3f8ebc7d57,ordinary_member; manifest files excluded to avoid circularity
URP4/02_VERIFIED_CORE_HQ_NB_PY/03_RESUMABLE_PROJECT_SNAPSHOT/URP4-1_DELIVERABLE/urp4/geometry_io/v0_2/step_import.py,15971,77482c3dee570f309b022407dc43656a83c63524cc4132c2041c4553a474f18a,ordinary_member; manifest files excluded to avoid circularity
URP4/02_VERIFIED_CORE_HQ_NB_PY/03_RESUMABLE_PROJECT_SNAPSHOT/URP4-1_DELIVERABLE/urp4/geometry_io/v0_3/__init__.py,444,685eddb2fd6330c7e194bb3a87dde7bff887f7501014aeb2488f766adb1a8651,ordinary_member; manifest files excluded to avoid circularity
URP4/02_VERIFIED_CORE_HQ_NB_PY/03_RESUMABLE_PROJECT_SNAPSHOT/URP4-1_DELIVERABLE/urp4/geometry_io/v0_3/source_preflight.py,11527,210b8ece82adf348e097c400b516cce8d133a219122fad8649433a9790510d36,ordinary_member; manifest files excluded to avoid circularity
URP4/02_VERIFIED_CORE_HQ_NB_PY/03_RESUMABLE_PROJECT_SNAPSHOT/URP4-1_DELIVERABLE/urp4/geometry_io/v0_4/__init__.py,700,f77ae9d005d5481a3ccb1882b621deee06fbd599a5bab007bec26e6ed9f3c0ed,ordinary_member; manifest files excluded to avoid circularity
URP4/02_VERIFIED_CORE_HQ_NB_PY/03_RESUMABLE_PROJECT_SNAPSHOT/URP4-1_DELIVERABLE/urp4/geometry_io/v0_4/imported_winding.py,12616,33f304d457534864132563b76b4af0f2dfba1d5e6da4de43fc7daa00b8ce97ad,ordinary_member; manifest files excluded to avoid circularity
URP4/02_VERIFIED_CORE_HQ_NB_PY/03_RESUMABLE_PROJECT_SNAPSHOT/URP4-1_DELIVERABLE/urp4/geometry_io/v0_5/__init__.py,423,2ce72d0e7a7d5592ec22c04fb2bd24763fc385665c1ce2500bbe5605f2c2cb33,ordinary_member; manifest files excluded to avoid circularity
URP4/02_VERIFIED_CORE_HQ_NB_PY/03_RESUMABLE_PROJECT_SNAPSHOT/URP4-1_DELIVERABLE/urp4/geometry_io/v0_5/generated_normalization.py,6566,ea9c6339f25e6b7257b433d557390f30b99aa3c43dc4278c66fe68295b651eae,ordinary_member; manifest files excluded to avoid circularity
URP4/02_VERIFIED_CORE_HQ_NB_PY/03_RESUMABLE_PROJECT_SNAPSHOT/URP4-1_DELIVERABLE/urp4/hq/__init__.py,50,0cd39e96248dc05d5c8e1410255ce3efd3376735fa25f4d7ef3bf12b2f01616e,ordinary_member; manifest files excluded to avoid circularity
URP4/02_VERIFIED_CORE_HQ_NB_PY/03_RESUMABLE_PROJECT_SNAPSHOT/URP4-1_DELIVERABLE/urp4/hq/v0_1/__init__.py,301,3773ef40cf8b17454842d719aea7af6a22dd571869fd57b15534b64d8f937cad,ordinary_member; manifest files excluded to avoid circularity
URP4/02_VERIFIED_CORE_HQ_NB_PY/03_RESUMABLE_PROJECT_SNAPSHOT/URP4-1_DELIVERABLE/urp4/hq/v0_1/controller.py,17333,a76e1ec4bd8ffc8733e1ade1201d3f92104664d26c07221d3068afbe0b099a12,ordinary_member; manifest files excluded to avoid circularity
URP4/02_VERIFIED_CORE_HQ_NB_PY/03_RESUMABLE_PROJECT_SNAPSHOT/URP4-1_DELIVERABLE/urp4/hq/v0_1/engine.py,12926,d4d11949faec7a1c33821d99f8b26e2d5f2bce50a7de63961ad9c5bff2fdccae,ordinary_member; manifest files excluded to avoid circularity
URP4/02_VERIFIED_CORE_HQ_NB_PY/03_RESUMABLE_PROJECT_SNAPSHOT/URP4-1_DELIVERABLE/urp4/hq/v0_1/imported_pipeline.py,8858,e9670b8b9987d3a4c4edf39d2264bd5f6046b521b35c0088f34248be702a7531,ordinary_member; manifest files excluded to avoid circularity
URP4/02_VERIFIED_CORE_HQ_NB_PY/03_RESUMABLE_PROJECT_SNAPSHOT/URP4-1_DELIVERABLE/urp4/hq/v0_2/__init__.py,640,b78dd4cbd4737f2cb65aeff249d5f46e28baf9bcb28ea9073d4de402067a0044,ordinary_member; manifest files excluded to avoid circularity
URP4/02_VERIFIED_CORE_HQ_NB_PY/03_RESUMABLE_PROJECT_SNAPSHOT/URP4-1_DELIVERABLE/urp4/hq/v0_2/models.py,2120,7ae7fd21fdaeb63b513f7789592201607173def2993cc8afad8ab5248ab16ae1,ordinary_member; manifest files excluded to avoid circularity
URP4/02_VERIFIED_CORE_HQ_NB_PY/03_RESUMABLE_PROJECT_SNAPSHOT/URP4-1_DELIVERABLE/urp4/hq/v0_2/runtime.py,7942,b257b27dbac35fd1c6d7b447bae1e0a423424a5ecd59e4ae74213d02face17c9,ordinary_member; manifest files excluded to avoid circularity
URP4/02_VERIFIED_CORE_HQ_NB_PY/03_RESUMABLE_PROJECT_SNAPSHOT/URP4-1_DELIVERABLE/urp4/hq/v0_3/__init__.py,632,bcd9611d3e2365fd2849db0abe60f89c3bfd668848011494e79f29d5dba63d76,ordinary_member; manifest files excluded to avoid circularity
URP4/02_VERIFIED_CORE_HQ_NB_PY/03_RESUMABLE_PROJECT_SNAPSHOT/URP4-1_DELIVERABLE/urp4/hq/v0_3/generated_n40_development.py,8465,d06ef1d5db02c811efb64873cf91faf8383d3c17e45b23cc2b4f5778be9b1ad4,ordinary_member; manifest files excluded to avoid circularity
URP4/02_VERIFIED_CORE_HQ_NB_PY/03_RESUMABLE_PROJECT_SNAPSHOT/URP4-1_DELIVERABLE/urp4/route_policy/__init__.py,80,1c890d9d72bc907055d0fc60c9910a68e4b1d48784746222da2b17bcb9a456f6,ordinary_member; manifest files excluded to avoid circularity
URP4/02_VERIFIED_CORE_HQ_NB_PY/03_RESUMABLE_PROJECT_SNAPSHOT/URP4-1_DELIVERABLE/urp4/route_policy/v0_1/__init__.py,515,6445a4f35382f59b49f1caee02f139102d8290c453ad48e1cbcffc8a18c80bea,ordinary_member; manifest files excluded to avoid circularity
URP4/02_VERIFIED_CORE_HQ_NB_PY/03_RESUMABLE_PROJECT_SNAPSHOT/URP4-1_DELIVERABLE/urp4/route_policy/v0_1/controller.py,6867,f44bd560521cf702d9d14da747646ab28b1624e0c6881242a1f1c2875e1f4ce5,ordinary_member; manifest files excluded to avoid circularity
URP4/02_VERIFIED_CORE_HQ_NB_PY/03_RESUMABLE_PROJECT_SNAPSHOT/URP4-1_DELIVERABLE/urp4/route_policy/v0_1/models.py,1337,3a4eae1b705492266278693c8cadd9743ebf5348ae2fef16f702c9b4455fb6ff,ordinary_member; manifest files excluded to avoid circularity
URP4/02_VERIFIED_CORE_HQ_NB_PY/03_RESUMABLE_PROJECT_SNAPSHOT/URP4-1_DELIVERABLE/urp4/training/__init__.py,165,c361ab611500cad0c7222bdc6d6a7e8717f3a65c4907a2331eb195bea1e75891,ordinary_member; manifest files excluded to avoid circularity
URP4/02_VERIFIED_CORE_HQ_NB_PY/03_RESUMABLE_PROJECT_SNAPSHOT/URP4-1_DELIVERABLE/urp4/training/p1_adapter_v0_1/__init__.py,718,b04a593d4d0bca2a1bef26ce178e5a08cc12d9aaed7c12771431c68d0227f8a9,ordinary_member; manifest files excluded to avoid circularity
URP4/02_VERIFIED_CORE_HQ_NB_PY/03_RESUMABLE_PROJECT_SNAPSHOT/URP4-1_DELIVERABLE/urp4/training/p1_adapter_v0_1/adapters.py,8645,73e29758afc8b4324056c68708bf6ac255cbb7a62e4a414fdea81fcb8eabe1e4,ordinary_member; manifest files excluded to avoid circularity
URP4/02_VERIFIED_CORE_HQ_NB_PY/03_RESUMABLE_PROJECT_SNAPSHOT/URP4-1_DELIVERABLE/urp4/training/p1_adapter_v0_1/models.py,2133,07214664ef1de073b5ea0bf3bd744429e4ec0b406b36f678144356e269e14824,ordinary_member; manifest files excluded to avoid circularity
URP4/02_VERIFIED_CORE_HQ_NB_PY/03_RESUMABLE_PROJECT_SNAPSHOT/URP4-1_DELIVERABLE/urp4/training/p1_adapter_v0_1/registry.py,5660,6cd60a8b98dce8febefa39b35ed2e41cdcc4a4e393c214f2324347758312faa2,ordinary_member; manifest files excluded to avoid circularity
URP4/02_VERIFIED_CORE_HQ_NB_PY/03_RESUMABLE_PROJECT_SNAPSHOT/URP4-1_DELIVERABLE/urp4/training/p1_exec_layer_v0_1/__init__.py,1108,a2582e0cfa92daa184a6d3582bdb1ccc198153c1f98bdbb04b01fa8b2c176ea3,ordinary_member; manifest files excluded to avoid circularity
URP4/02_VERIFIED_CORE_HQ_NB_PY/03_RESUMABLE_PROJECT_SNAPSHOT/URP4-1_DELIVERABLE/urp4/training/p1_exec_layer_v0_1/builders.py,4582,dd7d7effa549f3f7b32c1d23d70c5f8322f4e1798c1041daa69c105259de1080,ordinary_member; manifest files excluded to avoid circularity
URP4/02_VERIFIED_CORE_HQ_NB_PY/03_RESUMABLE_PROJECT_SNAPSHOT/URP4-1_DELIVERABLE/urp4/training/p1_exec_layer_v0_1/estimators.py,13489,729f4759cf0d5e5844cc3370dc9d5f189299193a2d1bd4a5101be19213e872a5,ordinary_member; manifest files excluded to avoid circularity
URP4/02_VERIFIED_CORE_HQ_NB_PY/03_RESUMABLE_PROJECT_SNAPSHOT/URP4-1_DELIVERABLE/urp4/training/p1_exec_layer_v0_1/ledger.py,1945,36aad8d9e584fbaa514f212190a93f0b24ca496342516a7b8ee65ca7e9267bac,ordinary_member; manifest files excluded to avoid circularity
URP4/02_VERIFIED_CORE_HQ_NB_PY/03_RESUMABLE_PROJECT_SNAPSHOT/URP4-1_DELIVERABLE/urp4/training/p1_exec_layer_v0_1/models.py,1629,b6f3c09c91e4df2fc24685d9eb25dd899a171ddda9ea8fa0ca962b81d0545bda,ordinary_member; manifest files excluded to avoid circularity
URP4/02_VERIFIED_CORE_HQ_NB_PY/03_RESUMABLE_PROJECT_SNAPSHOT/URP4-1_DELIVERABLE/urp4/training/p1_exec_layer_v0_1/permit.py,5347,5396f85f4ccba6f9a2450676a93230e8b3a7e9b317af8628065d987e47fc2ed2,ordinary_member; manifest files excluded to avoid circularity
URP4/02_VERIFIED_CORE_HQ_NB_PY/03_RESUMABLE_PROJECT_SNAPSHOT/URP4-1_DELIVERABLE/urp4/training/v0_1/__init__.py,1798,11eec2d05da853f97738b8a4f6de678f2ade8a81a23242eb808937d7d6200a5c,ordinary_member; manifest files excluded to avoid circularity
URP4/02_VERIFIED_CORE_HQ_NB_PY/03_RESUMABLE_PROJECT_SNAPSHOT/URP4-1_DELIVERABLE/urp4/training/v0_1/contracts.py,2234,127fff910ed84108bc116c295ac1c890493e02e04a51e7025494867b10e803ac,ordinary_member; manifest files excluded to avoid circularity
URP4/02_VERIFIED_CORE_HQ_NB_PY/03_RESUMABLE_PROJECT_SNAPSHOT/URP4-1_DELIVERABLE/urp4/training/v0_1/models.py,4216,d1ea9c9497c37be0ae783445d9aa7451c24421cf7ae1e6907c76e14ebc80fc2a,ordinary_member; manifest files excluded to avoid circularity
URP4/02_VERIFIED_CORE_HQ_NB_PY/03_RESUMABLE_PROJECT_SNAPSHOT/URP4-1_DELIVERABLE/urp4/training/v0_1/policy.py,12933,d7b6f9f40f5b1648616b57cc02103f5868bd3fadb3b46cb1371ed4a34e35e41c,ordinary_member; manifest files excluded to avoid circularity
URP4/02_VERIFIED_CORE_HQ_NB_PY/03_RESUMABLE_PROJECT_SNAPSHOT/URP4-1_DELIVERABLE/urp4/training/v0_1/registry.py,9126,ecfa6ef574295138a4c12baaf058203c82ce1361066bfad0b55a97d4cd949695,ordinary_member; manifest files excluded to avoid circularity
URP4/02_VERIFIED_CORE_HQ_NB_PY/03_RESUMABLE_PROJECT_SNAPSHOT/URP4-1_DELIVERABLE/urp4/training/v0_1/source_audit.py,5958,92984e1a38db136dad6f99de7dac7607f6ec995ebfc2fcfcf1a7d173497eef39,ordinary_member; manifest files excluded to avoid circularity
URP4/02_VERIFIED_CORE_HQ_NB_PY/03_RESUMABLE_PROJECT_SNAPSHOT/URP4-1_DELIVERABLE/urp4/training/v0_2/__init__.py,557,24c39f42b9b2475e7973f367ccb5e893a8fc0ee510cef85d5ea568486b9c63e8,ordinary_member; manifest files excluded to avoid circularity
URP4/02_VERIFIED_CORE_HQ_NB_PY/03_RESUMABLE_PROJECT_SNAPSHOT/URP4-1_DELIVERABLE/urp4/training/v0_2/models.py,1888,19b24c1ab841d959702ef7e8f106a6652553ffcb98c816f216cd31fb47b96ec1,ordinary_member; manifest files excluded to avoid circularity
URP4/02_VERIFIED_CORE_HQ_NB_PY/03_RESUMABLE_PROJECT_SNAPSHOT/URP4-1_DELIVERABLE/urp4/training/v0_2/policy.py,5856,ef694a208127515f0a2644e3c69c64a28c3ba4a6ed761dc3360c97258677ef57,ordinary_member; manifest files excluded to avoid circularity
URP4/02_VERIFIED_CORE_HQ_NB_PY/03_RESUMABLE_PROJECT_SNAPSHOT/URP4-1_DELIVERABLE/urp4/training/v0_2/registry.py,4702,db296fc50fce1996759386f7278f862f36c8225fff4eafd20f791c229c35a3a6,ordinary_member; manifest files excluded to avoid circularity
URP4/02_VERIFIED_CORE_HQ_NB_PY/03_RESUMABLE_PROJECT_SNAPSHOT/URP4_1_HQ.ipynb,8740,6ad6761d0274fa6b41eefed0233aee7cc849bf276e626b13342b13e2889dae40,ordinary_member; manifest files excluded to avoid circularity
URP4/02_VERIFIED_CORE_HQ_NB_PY/03_RESUMABLE_PROJECT_SNAPSHOT/URP4_1_HQ_BLUEPRINT_v0_2.ipynb,31609,1abd6678f3a25548610eea0bc212dd0d1ac2ac1a15105221cf460f594437cc79,ordinary_member; manifest files excluded to avoid circularity
URP4/03_CONFIG_RUNTIME_AND_COMMANDS/CANONICAL_RUNTIME.json,1059,e2c951c9bafddffbd07a85409a1880ed6cbcb5ff24d8c51303c84117d7c9f58a,ordinary_member; manifest files excluded to avoid circularity
URP4/03_CONFIG_RUNTIME_AND_COMMANDS/COMMANDS_AND_PATH_LENGTH.md,892,e0858622d5f4f0257c7c9215600b1596283431c38f364cee65804917e9ee4d45,ordinary_member; manifest files excluded to avoid circularity
URP4/03_CONFIG_RUNTIME_AND_COMMANDS/ENVIRONMENT_LOCK_SHA256.json,642,e39e8011a9299fc3746d16c7ebe0f166fc262692a79586e8f81dd376c853acff,ordinary_member; manifest files excluded to avoid circularity
URP4/03_CONFIG_RUNTIME_AND_COMMANDS/KMK312_CONDA_EXPLICIT_LOCK.txt,34427,b2e714e79b625731205fa4d694e9969811a028ecd89ec465adad7256d7452154,ordinary_member; manifest files excluded to avoid circularity
URP4/03_CONFIG_RUNTIME_AND_COMMANDS/KMK312_CONDA_META_LOCK.json,78659,c2827529854ba814665fe8176f89928fb13bc09ea95d6c09ca1a48d56c301932,ordinary_member; manifest files excluded to avoid circularity
URP4/03_CONFIG_RUNTIME_AND_COMMANDS/KMK312_PIP_FREEZE.txt,7813,2241806a36552aa99d31a017c93d02125eadaee660d8a078388103c9cbb4e670,ordinary_member; manifest files excluded to avoid circularity
URP4/03_CONFIG_RUNTIME_AND_COMMANDS/PORTABLE_PATH_MAP.json,575,6feb4466d767bc69349364859c37d40fcf863c5191a3d532a0011a3a600ca1b3,ordinary_member; manifest files excluded to avoid circularity
URP4/03_CONFIG_RUNTIME_AND_COMMANDS/README_PORTABLE_REPRODUCTION.md,1719,9e679076774ccaa3ba5271715f7ad578a9594c079257b360341ad618635f001a,ordinary_member; manifest files excluded to avoid circularity
URP4/03_CONFIG_RUNTIME_AND_COMMANDS/README_RUN_SOURCE.md,3854,dea84bc7a96ac24f401abe62727b7ed376f860f239e12de12ade9ea0436f14cb,ordinary_member; manifest files excluded to avoid circularity
URP4/03_CONFIG_RUNTIME_AND_COMMANDS/VERIFY_READ_ONLY.cmd,228,7e4657ac1d043dff8a43d77cf0b9311cabaa0eb0484f101601b5202b7493d2e1,ordinary_member; manifest files excluded to avoid circularity
URP4/03_CONFIG_RUNTIME_AND_COMMANDS/VERIFY_READ_ONLY.ps1,306,d1cb585994610c8ea1aea30aa85cbbdba01ed7396443662840dc2f0e0b6a5028,ordinary_member; manifest files excluded to avoid circularity
URP4/04_REFERENCE_INPUTS/alias_registry/URP4-1_file_alias_registry_20260709_UPDATED.xlsx,20329,2f8e1d3da0abdf5d01b1c4a173bd95e0113792399702d47cae7803b7339218a0,ordinary_member; manifest files excluded to avoid circularity
URP4/04_REFERENCE_INPUTS/doctor_compression_data_20260731/01_structural_factors/Structural_Factors_All.xlsx,164127,088255b6d35461b4abce0d11f160043169b8824dce1b62d33d0d543548f9cda1,ordinary_member; manifest files excluded to avoid circularity
URP4/04_REFERENCE_INPUTS/doctor_compression_data_20260731/02_reference_strut_sources/AI lattice_1-150_30 mm_merge.xlsx,37558751,c94f77f91094f362b4be33d93ce4db9522025fa8105eb1d9e5f44afe82e05bda,ordinary_member; manifest files excluded to avoid circularity
"URP4/04_REFERENCE_INPUTS/doctor_compression_data_20260731/02_reference_strut_sources/B, C, L model_30 mm_merge.xlsx",13971093,edcf8072853c57d9f84f20de9b05b846e824564babb44b8d012914a96f8080be,ordinary_member; manifest files excluded to avoid circularity
URP4/04_REFERENCE_INPUTS/doctor_compression_data_20260731/02_reference_strut_sources/Voronoi_30 mm_merge.xlsx,3989141,45b32b87e12bd4690f07051142943963612bee879849c4a7f56a10f164d382d7,ordinary_member; manifest files excluded to avoid circularity
URP4/04_REFERENCE_INPUTS/doctor_compression_data_20260731/03_ai_lattice_summaries/Ai-Lattice_(1-50)_summary (1).xlsx,19778,1a93f6067223af6f30513e49ff4492d4abbccb44d74096196c5e72e39abaf03d,ordinary_member; manifest files excluded to avoid circularity
URP4/04_REFERENCE_INPUTS/doctor_compression_data_20260731/03_ai_lattice_summaries/Ai-Lattice_(101-150)_summary.xlsx,19815,efc66a5505c1553b1f8c02935fa1f444ec6c8b5d1da8ea22c562df02d9766d3d,ordinary_member; manifest files excluded to avoid circularity
URP4/04_REFERENCE_INPUTS/doctor_compression_data_20260731/03_ai_lattice_summaries/Ai-Lattice_(51-100)_summary.xlsx,19657,a7e4ba1a8bf00043ae0cf1d8b1115752d9166fcacbc32bea456a56240a290674,ordinary_member; manifest files excluded to avoid circularity
URP4/04_REFERENCE_INPUTS/doctor_compression_data_20260731/04_bcl_summaries_pending/README.md,666,18ea0a1a531cd1c83b9453eeab2c3acefac0f1b2a60ee1cd5840ff2ad06dbae1,ordinary_member; manifest files excluded to avoid circularity
URP4/04_REFERENCE_INPUTS/doctor_compression_data_20260731/05_voronoi_summaries_pending/README.md,673,dbbbb4a385df9e82c51a660c65e884c485fad6a47b867218589fef5b592c7a08,ordinary_member; manifest files excluded to avoid circularity
URP4/04_REFERENCE_INPUTS/doctor_compression_data_20260731/FILE_MANIFEST.csv,1935,70bcd7e59bd6f456a291d27f4f142789c0d3ca66a5cfcfdbbdf6ee735fff95bd,ordinary_member; manifest files excluded to avoid circularity
URP4/04_REFERENCE_INPUTS/doctor_compression_data_20260731/README.md,1697,9d2450b210293e748e349e1bc47602b6dca63935b4f91c1f468e981824d6ba16,ordinary_member; manifest files excluded to avoid circularity
URP4/04_REFERENCE_INPUTS/doctor_compression_data_20260802/README.md,1024,f4fe887e58a7b09ab8aebc876c92664b8abef1e3ef47403dd448cab4708dd932,ordinary_member; manifest files excluded to avoid circularity
URP4/04_REFERENCE_INPUTS/doctor_compression_data_20260802/small_reference_summaries/Compression_VF30_Summary.xlsx,14861,9d3d040f4371565e6e2757c538994e8c52a69268b071555795f74c1496c1c369,ordinary_member; manifest files excluded to avoid circularity
URP4/04_REFERENCE_INPUTS/doctor_compression_data_20260802/small_reference_summaries/Compression_VF45_Summary.xlsx,15118,a727217db7f42a63052f14faa3b1c8780aa5d8cb83675accc3393e96ad17b8fa,ordinary_member; manifest files excluded to avoid circularity
URP4/04_REFERENCE_INPUTS/doctor_compression_data_20260802/small_reference_summaries/Compression_VF60_Summary.xlsx,14985,d1928cfa41a9c8c41350cec9094d6792de6e5336e63a479bc0497db4858e9ee2,ordinary_member; manifest files excluded to avoid circularity
URP4/04_REFERENCE_INPUTS/doctor_compression_data_20260802/small_reference_summaries/Voronoi_Summary.xlsx,17284,7722e15b9c34b864c1a95236ce0bbcb1155bb6e446af0f6ca5c1b273d43304f0,ordinary_member; manifest files excluded to avoid circularity
URP4/04_REFERENCE_INPUTS/doctor_compression_data_20260802/SOURCE_MANIFEST.csv,4650,8e51549c2127c4b7bcca7ab2c96522843075a635a92c1dd9d300935ec647fe74,ordinary_member; manifest files excluded to avoid circularity
URP4/04_REFERENCE_INPUTS/doctor_compression_data_20260802/SOURCE_MANIFEST.json,7106,ffa2a6cd8e3b5a2f51dd6f6732478186059b022bdfa310529ae2d538fd719002,ordinary_member; manifest files excluded to avoid circularity
URP4/04_REFERENCE_INPUTS/geometry_drive_asset_pointer_only/R09_reference_model_manifest.csv,25527,d3962f46123b35503e56db565fb247c1ad0bf0c37cd33fa1433643949e615f6d,ordinary_member; manifest files excluded to avoid circularity
URP4/04_REFERENCE_INPUTS/geometry_drive_asset_pointer_only/R09_reference_model_manifest.json,48436,bbe66e0720fe2d163990480468dea4303e48b8005e6fe60d9030480e26d5f551,ordinary_member; manifest files excluded to avoid circularity
URP4/04_REFERENCE_INPUTS/geometry_drive_asset_pointer_only/README.md,688,be551b018f658256f10fae0593491ace5003c1cb7d26a79b90b6b1544069d059,ordinary_member; manifest files excluded to avoid circularity
URP4/04_REFERENCE_INPUTS/legacy_reference/압축+열+진동+구조인자_260212.xlsx,434120,3c0915a3bff3c6b3fa1b47b6b63381eb3d7f06777f1eda8b09e327d4e20b7cca,ordinary_member; manifest files excluded to avoid circularity
URP4/05_DESCRIPTOR_XREG_GEOMETRY_EVIDENCE/HQ-GEOM-002/HQ_GEOM_002_VERSIONED_DEVELOPMENT_ROUTE_REPORT_20260728.md,4044,8d85f8fa8bb07b27d8f38f287953ee8d02a93106ccc9f836b67634e51c9ae4a0,ordinary_member; manifest files excluded to avoid circularity
URP4/05_DESCRIPTOR_XREG_GEOMETRY_EVIDENCE/HQ-GEOM-002/INDEPENDENT_QA.json,270,9b11b1b1ada5ee8400315ddcbd13bd924e47ada16a6485cf2b5cf279bdb6238d,ordinary_member; manifest files excluded to avoid circularity
URP4/05_DESCRIPTOR_XREG_GEOMETRY_EVIDENCE/HQ-GEOM-002/MERGE_PACKET.md,1429,6efec5628e1a18ca92f9ef7a446eb2593b607391625635db4bec2cddcc93dd1b,ordinary_member; manifest files excluded to avoid circularity
URP4/05_DESCRIPTOR_XREG_GEOMETRY_EVIDENCE/HQ-GEOM-002/PRODUCER_SUMMARY.json,6295,d3ed75ce00fd3b5b143fd3966683ec0791a9614173ab87d04c0f75505a4d0146,ordinary_member; manifest files excluded to avoid circularity
URP4/05_DESCRIPTOR_XREG_GEOMETRY_EVIDENCE/HQ-GEOM-002/PROTECTED_ASSET_AUDIT.csv,893,78aee5bc14331a1b354aa1e955fcb124001b1a2211982ba384fa6ab84701d15f,ordinary_member; manifest files excluded to avoid circularity
URP4/05_DESCRIPTOR_XREG_GEOMETRY_EVIDENCE/HQ-GEOM-003/CHUCK_INPUT_PACKET_TOPOLOGY_POLICY_20260728.md,1354,09bcdd8aff755c619466b96d7e57ebe0b78142a8eb68f61feba710ad6ffd2f59,ordinary_member; manifest files excluded to avoid circularity
URP4/05_DESCRIPTOR_XREG_GEOMETRY_EVIDENCE/HQ-GEOM-003/HQ_GEOM_003_LATTICE_TPMS_TOPOLOGY_EXCEPTION_PREREGISTRATION_REPORT_20260728.md,3989,331162eabdad3a5656809f16a83158e43c1d629771d78978d6ef382d509eb9de,ordinary_member; manifest files excluded to avoid circularity
URP4/05_DESCRIPTOR_XREG_GEOMETRY_EVIDENCE/HQ-GEOM-003/INDEPENDENT_PREREG_QA.json,266,75c4367413f45d8439d669eb162cbb83a3abed5b2331fc39bb2cf2c0f88a2c3d,ordinary_member; manifest files excluded to avoid circularity
URP4/05_DESCRIPTOR_XREG_GEOMETRY_EVIDENCE/HQ-GEOM-003/MERGE_PACKET.md,886,15818a2151c8f24f364f35186ad962bd78eb277470b1d4f6d9e66bcad1ad3c7d,ordinary_member; manifest files excluded to avoid circularity
URP4/05_DESCRIPTOR_XREG_GEOMETRY_EVIDENCE/HQ-GEOM-003/PROTECTED_ASSET_AUDIT.csv,1059,892754256ba4e326b3e7ce8fc35a1a19246df0120ab89400975c71e27c3b62ac,ordinary_member; manifest files excluded to avoid circularity
URP4/05_DESCRIPTOR_XREG_GEOMETRY_EVIDENCE/HQ-GEOM-003/REPORT.md,1664,b50611e6b64850a4e65103e2c151bd999895796eef4f0be78bc3157c8b8aaf1f,ordinary_member; manifest files excluded to avoid circularity
URP4/05_DESCRIPTOR_XREG_GEOMETRY_EVIDENCE/HQ-GEOM-003/TOPOLOGY_EXCEPTION_CONTRACT.json,5249,254833520dc3a40097d89ccd8beb5be0f3adb58804c4cc92245f0e235891b1ab,ordinary_member; manifest files excluded to avoid circularity
URP4/05_DESCRIPTOR_XREG_GEOMETRY_EVIDENCE/L28-DESCVAL/INDEPENDENT_QA_REPORT.json,366,2c0f8149e5dc06efbac2399165d0eff4c182bcf3121d150d16da60ec0b3f2fac,ordinary_member; manifest files excluded to avoid circularity
URP4/05_DESCRIPTOR_XREG_GEOMETRY_EVIDENCE/L28-DESCVAL/INDEPENDENT_QA_REPORT.md,178,41617733d761db9f72d7b9e35ae8179699064710f9fe53817c4324d51b37fadf,ordinary_member; manifest files excluded to avoid circularity
URP4/05_DESCRIPTOR_XREG_GEOMETRY_EVIDENCE/L28-DESCVAL/L28_ANOMALY_SHORTLIST.md,10326,c5defe115ee192979291482ec6ff1c2a4eeee7b47b3eaaa2c1721d102fd003e1,ordinary_member; manifest files excluded to avoid circularity
URP4/05_DESCRIPTOR_XREG_GEOMETRY_EVIDENCE/L28-DESCVAL/L28_ARCHIVAL_AUDIT_REPORT.md,272,4d798069647f140179701bb3eb24ebe9be73367c8141aae852840d4198211bad,ordinary_member; manifest files excluded to avoid circularity
URP4/05_DESCRIPTOR_XREG_GEOMETRY_EVIDENCE/L28-DESCVAL/L28_FINAL_DESCRIPTOR_READINESS_REPORT.md,2502,f9c20bd34f92455c2e71bc78702d9874483ac52b949dc8adfdd1d3c8ec904b0c,ordinary_member; manifest files excluded to avoid circularity
URP4/05_DESCRIPTOR_XREG_GEOMETRY_EVIDENCE/L28-DESCVAL/L28_STATISTICAL_FLAG_INTERPRETATION_ADDENDUM.md,1626,b423452a56bed11c64f46e51ef7821a69bce8bcdf375efd6b0a8c65dda4b6989,ordinary_member; manifest files excluded to avoid circularity
URP4/05_DESCRIPTOR_XREG_GEOMETRY_EVIDENCE/L28-DESCVAL/PACKAGE_MANIFEST.json,2454,3969ee81768fbbafb1a1104995b197edcba30fca992e08289279ef34950974fd,ordinary_member; manifest files excluded to avoid circularity
URP4/05_DESCRIPTOR_XREG_GEOMETRY_EVIDENCE/L28-DESCVAL/PHASE1_QA.json,204,1d0f9d371bccc2d860e8e2b1707438f7cafa4979b9b17c84969c99194eeb0d17,ordinary_member; manifest files excluded to avoid circularity
URP4/05_DESCRIPTOR_XREG_GEOMETRY_EVIDENCE/L28-DESCVAL/PHASE2_3_QA.json,187,d9c0b953e361f7bfa99f92f5f43fdeaf733f19cba4aa1b36e11009011c91b564,ordinary_member; manifest files excluded to avoid circularity
URP4/05_DESCRIPTOR_XREG_GEOMETRY_EVIDENCE/LINK_TARGETS_R2/HQ-GEOM-003-20260728-001_policy_options.csv,1564,df82fa1aae3fdd9424865fe42c921f93f4c099f8be8a6b561381c84f63cff794,ordinary_member; manifest files excluded to avoid circularity
URP4/05_DESCRIPTOR_XREG_GEOMETRY_EVIDENCE/LINK_TARGETS_R2/HQ-GEOM-003-20260728-001_source_topology_evidence.csv,1122,3d1427136e0189027115e312581897cba7958110157243a9b5a6efaab12650ea,ordinary_member; manifest files excluded to avoid circularity
URP4/05_DESCRIPTOR_XREG_GEOMETRY_EVIDENCE/LINK_TARGETS_R2/PRM144_149_fast_batch_autopilot.py,1169,cb239d75883427d9352beea1a299d9bdc5703edbc42c2f04b31acbf3b13e05f0,ordinary_member; manifest files excluded to avoid circularity
URP4/05_DESCRIPTOR_XREG_GEOMETRY_EVIDENCE/LINK_TARGETS_R2/PRM144_149_independent_QA.csv,226,96d68974e72302e34d0eb3e5b2832bb9c79005a5df2f308f1a24923383cf7498,ordinary_member; manifest files excluded to avoid circularity
URP4/05_DESCRIPTOR_XREG_GEOMETRY_EVIDENCE/LINK_TARGETS_R2/ROUTE-VALID-004-20260729-001_fail_closed_fallback.csv,940,ffe2a70c5cfa11b940dd4e09528b5d7c4b3c80caf12246b2ef9c2342d658d5c8,ordinary_member; manifest files excluded to avoid circularity
URP4/05_DESCRIPTOR_XREG_GEOMETRY_EVIDENCE/LINK_TARGETS_R2/ROUTE-VALID-004-20260729-001_source_type_route_policy.csv,2184,8f6d5bc732d50568b7c8baf36b5292231e638141677f9eaa7cff07bfeae5a6e6,ordinary_member; manifest files excluded to avoid circularity
URP4/05_DESCRIPTOR_XREG_GEOMETRY_EVIDENCE/NB-INTEGRATE-001/FIXTURE_TEST_OUTPUT.txt,1055,2004105f30c6547e237af3d60628ed4cc2275ea108579effd998b362d5fd03a2,ordinary_member; manifest files excluded to avoid circularity
URP4/05_DESCRIPTOR_XREG_GEOMETRY_EVIDENCE/NB-INTEGRATE-001/INDEPENDENT_QA.csv,704,2cb421160f224a13ee35e5c42b11a74d4ee236b8910c3d6dd17f96c14f9e6c46,ordinary_member; manifest files excluded to avoid circularity
URP4/05_DESCRIPTOR_XREG_GEOMETRY_EVIDENCE/NB-INTEGRATE-001/INDEPENDENT_QA.json,1109,b83148ec3547cb83a3a557acaf4808a3fe649e5813a752eb5e59c16c85ff8c57,ordinary_member; manifest files excluded to avoid circularity
URP4/05_DESCRIPTOR_XREG_GEOMETRY_EVIDENCE/NB-INTEGRATE-001/MERGE_PACKET.md,1021,9278dfb7af2e9aa82b5afeb2b962b28d5d68f4c00c88262065c3e915634114e5,ordinary_member; manifest files excluded to avoid circularity
URP4/05_DESCRIPTOR_XREG_GEOMETRY_EVIDENCE/NB-INTEGRATE-001/NOTEBOOK_STATIC_QA.json,495,60e73d416a5a3950e85edcd1effacd77995559e0f33854ead0b06b29da157623,ordinary_member; manifest files excluded to avoid circularity
URP4/05_DESCRIPTOR_XREG_GEOMETRY_EVIDENCE/NB-INTEGRATE-001/OUTPUT_MANIFEST.csv,3741,6ca2bd8baffffdb7b85bba076c69edee06c73f1e549cd899c7caea02603c91c4,ordinary_member; manifest files excluded to avoid circularity
URP4/05_DESCRIPTOR_XREG_GEOMETRY_EVIDENCE/NB-INTEGRATE-001/PROTECTED_ASSET_RECHECK.csv,5235,d4490002a5d60a204a86e050f52774509cd02b4e4dc458d0536fdb9319c2218e,ordinary_member; manifest files excluded to avoid circularity
URP4/05_DESCRIPTOR_XREG_GEOMETRY_EVIDENCE/NB-INTEGRATE-001/REPORT.md,2799,61265cdab4f3f447df8211736fdb0896eaaf0e3c48d30561367238e84e2b191f,ordinary_member; manifest files excluded to avoid circularity
URP4/05_DESCRIPTOR_XREG_GEOMETRY_EVIDENCE/NB-INTEGRATE-001/RUNTIME_PATH_DISCOVERY_CORRECTION.md,497,0e3c3a42ccfa06418203d7f29c097b09042953dc5093e70ef8a5866869ae654e,ordinary_member; manifest files excluded to avoid circularity
URP4/05_DESCRIPTOR_XREG_GEOMETRY_EVIDENCE/POSTRUN-GATE-001/C1_INDEPENDENT_QA_RESULT.json,1161,88efe036266847bfb29a74f967318ec8634a1ce07b0ebf9bb9ed1cfcd57d2c96,ordinary_member; manifest files excluded to avoid circularity
URP4/05_DESCRIPTOR_XREG_GEOMETRY_EVIDENCE/POSTRUN-GATE-001/CLAIM_AND_STATUS_LEDGER.csv,3057,8dd47988b02151b309196973c3e4d5f8dd26d93924971a9b84d8ffd322f483b8,ordinary_member; manifest files excluded to avoid circularity
URP4/05_DESCRIPTOR_XREG_GEOMETRY_EVIDENCE/POSTRUN-GATE-001/MERGE_PACKET.md,2071,5f1df313ccebd29c9216f8fd00d630fe8418cb6ce760ee3a01774c1658288cf5,ordinary_member; manifest files excluded to avoid circularity
URP4/05_DESCRIPTOR_XREG_GEOMETRY_EVIDENCE/POSTRUN-GATE-001/NEXT_GATE_RECOMMENDATION.md,1894,cdd19795cf4b7c3993190c1df76ff065e23fef16470364d5044a234ebad3923e,ordinary_member; manifest files excluded to avoid circularity
URP4/05_DESCRIPTOR_XREG_GEOMETRY_EVIDENCE/POSTRUN-GATE-001/REPORT.md,4145,8628e65c8d688bc52ac8f7fabc7396e756c5a5d4dbb1f38ae4982aa2f71af334,ordinary_member; manifest files excluded to avoid circularity
URP4/05_DESCRIPTOR_XREG_GEOMETRY_EVIDENCE/POSTRUN-GATE-001/TRAIN_REPLAY_LIFECYCLE_AWARE_QA_V2.json,2250,407e82ba6bc8bd7b8eaa29c904128ee02cf5172ff07744ec008623db3a7d8d5e,ordinary_member; manifest files excluded to avoid circularity
URP4/05_DESCRIPTOR_XREG_GEOMETRY_EVIDENCE/POSTRUN-GATE-001/TRAIN_REPLAY_QA_FAILURE_DISPOSITION.csv,3752,f4fa888da3f5c75959adbd302cee110f5d990102999eb34d33e528d642fbc79d,ordinary_member; manifest files excluded to avoid circularity
URP4/05_DESCRIPTOR_XREG_GEOMETRY_EVIDENCE/R09-20260720-TOUR-C001_T4R_SLICE_004_ALL58_SOURCE_MATCHED_EXACT_EXTRACTION_REPORT_20260720.md,4725,f7f579532fca58a19424c7ba287b643bc5dd6d1d6ca5246747d991276297f464,ordinary_member; manifest files excluded to avoid circularity
URP4/05_DESCRIPTOR_XREG_GEOMETRY_EVIDENCE/R09-20260723-PRM144_149_BATCH_AUTOPILOT_REPORT.md,1469,de1e2e0246333cc716967b5147dd7744189a52d073961439b145ad84a6b1ada2,ordinary_member; manifest files excluded to avoid circularity
URP4/05_DESCRIPTOR_XREG_GEOMETRY_EVIDENCE/ROUTE-VALID-003/COMMON_RASTER_CONTRACT.json,2695,2c37ef8819d06b521283f16bbf32f26711657a7720c514e6e629777ca8a84cca,ordinary_member; manifest files excluded to avoid circularity
URP4/05_DESCRIPTOR_XREG_GEOMETRY_EVIDENCE/ROUTE-VALID-003/figures/AB_worst_01_z0400_P750_P50X.png,38078,e9505b364d4e14e00f358ab478d03081c3ad6702576796a05c53d56b7668487a,ordinary_member; manifest files excluded to avoid circularity
URP4/05_DESCRIPTOR_XREG_GEOMETRY_EVIDENCE/ROUTE-VALID-003/figures/AB_worst_02_z0400_P750_P00.png,37936,01b4ece49f5a21388885df2c8a557450a0da0acdf4bffd834a97ca7a05843f6a,ordinary_member; manifest files excluded to avoid circularity
URP4/05_DESCRIPTOR_XREG_GEOMETRY_EVIDENCE/ROUTE-VALID-003/figures/AB_worst_03_z0400_P1000_P00.png,37967,daf531aef073b41b7e876a6d01a259b49b3349cea10bd6996643682b39fed74b,ordinary_member; manifest files excluded to avoid circularity
URP4/05_DESCRIPTOR_XREG_GEOMETRY_EVIDENCE/ROUTE-VALID-003/figures/AB_worst_04_z0400_P1000_P50X.png,38071,9885ae44dc4c32230106de263dd4ef26d82c17b698163c10604d85fb61028458,ordinary_member; manifest files excluded to avoid circularity
URP4/05_DESCRIPTOR_XREG_GEOMETRY_EVIDENCE/ROUTE-VALID-003/figures/AB_worst_05_z0400_P1500_P00.png,37781,a99e8e84176b2cad8c1a5be654a4eaaab5af829b8dd735b8c6cc3f1e597bf120,ordinary_member; manifest files excluded to avoid circularity
URP4/05_DESCRIPTOR_XREG_GEOMETRY_EVIDENCE/ROUTE-VALID-003/figures/AB_worst_06_z0400_P1500_P50X.png,37862,04013aea6cdf0d6b2ec16a4e20919cea8b17fcd3618cd773b0cc5ce1c1342f2e,ordinary_member; manifest files excluded to avoid circularity
URP4/05_DESCRIPTOR_XREG_GEOMETRY_EVIDENCE/ROUTE-VALID-003/figures/AC_worst_01_z0400_P500_P50X.png,38291,f8a515dcdebfc42009155f43a39844e588f0f19c89615a49c5763e8837fe057f,ordinary_member; manifest files excluded to avoid circularity
URP4/05_DESCRIPTOR_XREG_GEOMETRY_EVIDENCE/ROUTE-VALID-003/figures/AC_worst_02_z0400_P500_P00.png,37986,188e3a14ad1e2f44534929ee3c99b793fbc4922ec9b128bc62deb569a0b93df6,ordinary_member; manifest files excluded to avoid circularity
URP4/05_DESCRIPTOR_XREG_GEOMETRY_EVIDENCE/ROUTE-VALID-003/figures/AC_worst_03_z0400_P750_P00.png,37895,980bd443ea91f9b3a78c9b992de55b9f20b6699bc1b70dfc5c5e598b1b169e38,ordinary_member; manifest files excluded to avoid circularity
URP4/05_DESCRIPTOR_XREG_GEOMETRY_EVIDENCE/ROUTE-VALID-003/figures/AC_worst_04_z0400_P750_P50X.png,38034,aadb218ad20bd13e44d351ae725c6351eebfeeff2bde1dcbfe887551e48cb75d,ordinary_member; manifest files excluded to avoid circularity
URP4/05_DESCRIPTOR_XREG_GEOMETRY_EVIDENCE/ROUTE-VALID-003/figures/AC_worst_05_z0400_P1000_P50X.png,38029,83275e6534a05bd8418948afbd39cdb176c7504d58f988fe0d75516484e40a54,ordinary_member; manifest files excluded to avoid circularity
URP4/05_DESCRIPTOR_XREG_GEOMETRY_EVIDENCE/ROUTE-VALID-003/figures/AC_worst_06_z0400_P1000_P00.png,37924,39733a4fd938e8ed838018f0a757499228b4b81fc2d25e223bab4d53cfafc1e5,ordinary_member; manifest files excluded to avoid circularity
URP4/05_DESCRIPTOR_XREG_GEOMETRY_EVIDENCE/ROUTE-VALID-003/INDEPENDENT_QA.json,810,1fcaedfd18c8166787807757ebc5cd5c9aabe752e7f79a3e0601338927e2873a,ordinary_member; manifest files excluded to avoid circularity
URP4/05_DESCRIPTOR_XREG_GEOMETRY_EVIDENCE/ROUTE-VALID-003/MERGE_PACKET.md,1404,3b3677ff65d1d88d03bab4d6bfc681f2ea4d6d803cf67f7e0a237fa5326eb28f,ordinary_member; manifest files excluded to avoid circularity
URP4/05_DESCRIPTOR_XREG_GEOMETRY_EVIDENCE/ROUTE-VALID-003/OUTPUT_MANIFEST.csv,1926,cd80afa317f5c3240838a2f8936b16bf2a3a1f567f6b8978cbdb0b9e91cd74df,ordinary_member; manifest files excluded to avoid circularity
URP4/05_DESCRIPTOR_XREG_GEOMETRY_EVIDENCE/ROUTE-VALID-003/PRODUCER_PACKET.json,545,a32f2ab6423dbf6e01513cc9ba950976812e6449304c398b2ef9f287cb509789,ordinary_member; manifest files excluded to avoid circularity
URP4/05_DESCRIPTOR_XREG_GEOMETRY_EVIDENCE/ROUTE-VALID-003/REPORT.md,2063,ae2019407ee718a2bb53b0437b22216162ac3e1d90bb67b1654ee189e8bf3d30,ordinary_member; manifest files excluded to avoid circularity
URP4/05_DESCRIPTOR_XREG_GEOMETRY_EVIDENCE/ROUTE-VALID-003/ROUTE_VALID_003_PACKET.json,692,a97a8a532c4b9202e611b39ce6400512eb2ce9d4cb800a89c54b7e9feff47ec6,ordinary_member; manifest files excluded to avoid circularity
URP4/05_DESCRIPTOR_XREG_GEOMETRY_EVIDENCE/ROUTE-VALID-004/FINAL_OUTPUT_MANIFEST.csv,2055,9af43e67295ac203bc2f535271d7656a19cd183af651806c106c16ead874616d,ordinary_member; manifest files excluded to avoid circularity
URP4/05_DESCRIPTOR_XREG_GEOMETRY_EVIDENCE/ROUTE-VALID-004/INDEPENDENT_QA.json,818,f9a5ae5a04396e6b72f2988e9e00c71dcd218c647fcd0c4843b2b1bccfdf6f64,ordinary_member; manifest files excluded to avoid circularity
URP4/05_DESCRIPTOR_XREG_GEOMETRY_EVIDENCE/ROUTE-VALID-004/MERGE_PACKET.md,1254,2b652cb8d8a17c9254f84de5906c38749ed28ecf269592334ce5bb32e750f667,ordinary_member; manifest files excluded to avoid circularity
URP4/05_DESCRIPTOR_XREG_GEOMETRY_EVIDENCE/ROUTE-VALID-004/OUTPUT_MANIFEST.csv,1414,6f31ef380e50d97d3fc8c8fb2fe7813afe8daea1c70989a3fb0a4b215374cc85,ordinary_member; manifest files excluded to avoid circularity
URP4/05_DESCRIPTOR_XREG_GEOMETRY_EVIDENCE/ROUTE-VALID-004/POLICY_CONTRACT.json,3585,2b223ea4e36854308197a15d400ca5ce5963b9fe509fab34fcfd1c2de24a2ef9,ordinary_member; manifest files excluded to avoid circularity
URP4/05_DESCRIPTOR_XREG_GEOMETRY_EVIDENCE/ROUTE-VALID-004/PROTECTED_ASSET_RECHECK.csv,8454,f3d7fbf884dee255e181523ca88684b1062c8098ffdf416c12d730d836bbc2f6,ordinary_member; manifest files excluded to avoid circularity
URP4/05_DESCRIPTOR_XREG_GEOMETRY_EVIDENCE/ROUTE-VALID-004/REPORT.md,5845,9e64b019bcd5f7547074325a290f57b471ad3da175c10f48889af6db36ac6fc3,ordinary_member; manifest files excluded to avoid circularity
URP4/05_DESCRIPTOR_XREG_GEOMETRY_EVIDENCE/STRICT-STEP-026/anchor_pngs/overlay_0199_0200.png,41347,1fdc1ebf5a19139df9e1f139cae23390e5a39a58f3ea5a3e0f29ce9c0d7f4ebd,ordinary_member; manifest files excluded to avoid circularity
URP4/05_DESCRIPTOR_XREG_GEOMETRY_EVIDENCE/STRICT-STEP-026/anchor_pngs/overlay_0399_0400.png,43988,2281d1ff451249f2953d6ffae53dfe4c857f767fedb733ce02d7752afdcc0110,ordinary_member; manifest files excluded to avoid circularity
URP4/05_DESCRIPTOR_XREG_GEOMETRY_EVIDENCE/STRICT-STEP-026/anchor_pngs/overlay_0599_0600.png,41395,948d319e705fdaadf28e406d9f6e3a2c467f576b2eec1153fde0e0cc60a4cc2e,ordinary_member; manifest files excluded to avoid circularity
URP4/05_DESCRIPTOR_XREG_GEOMETRY_EVIDENCE/STRICT-STEP-026/anchor_pngs/overlay_0799_0800.png,50022,be582b5d59f8795bfabd00d8437c51a383f23399aea2931ac92fae4c48dd0a5e,ordinary_member; manifest files excluded to avoid circularity
URP4/05_DESCRIPTOR_XREG_GEOMETRY_EVIDENCE/STRICT-STEP-026/anchor_pngs/slice_0000.png,34197,7ff9e3b82f2ae1e49bf4e7389fba85da64c57fde430ca00197a7cf72bae4d2ed,ordinary_member; manifest files excluded to avoid circularity
URP4/05_DESCRIPTOR_XREG_GEOMETRY_EVIDENCE/STRICT-STEP-026/anchor_pngs/slice_0200.png,25856,e464d7729bb4727f3fd5893e4623f4b1d642247b1342a3f4641d834d69479a06,ordinary_member; manifest files excluded to avoid circularity
URP4/05_DESCRIPTOR_XREG_GEOMETRY_EVIDENCE/STRICT-STEP-026/anchor_pngs/slice_0400.png,30360,f89163d94651f0a56e03b87e70ba0699024bd06b82f0529449966ecd06a6b83e,ordinary_member; manifest files excluded to avoid circularity
URP4/05_DESCRIPTOR_XREG_GEOMETRY_EVIDENCE/STRICT-STEP-026/anchor_pngs/slice_0600.png,25856,e464d7729bb4727f3fd5893e4623f4b1d642247b1342a3f4641d834d69479a06,ordinary_member; manifest files excluded to avoid circularity
URP4/05_DESCRIPTOR_XREG_GEOMETRY_EVIDENCE/STRICT-STEP-026/anchor_pngs/slice_0800.png,34197,7ff9e3b82f2ae1e49bf4e7389fba85da64c57fde430ca00197a7cf72bae4d2ed,ordinary_member; manifest files excluded to avoid circularity
URP4/05_DESCRIPTOR_XREG_GEOMETRY_EVIDENCE/STRICT-STEP-026/CONTRACT_MANIFEST.json,743,7aaf2e86b8982c0f1d9c843e419ef4a74a2ccf97457b950103787ab7e3c2bc70,ordinary_member; manifest files excluded to avoid circularity
URP4/05_DESCRIPTOR_XREG_GEOMETRY_EVIDENCE/STRICT-STEP-026/direct_legacy_scalar_table.csv,2834,21adcebd3f2737b8523e380a9b1d06010a5aeec146f38888903eb2b9ea711372,ordinary_member; manifest files excluded to avoid circularity
URP4/05_DESCRIPTOR_XREG_GEOMETRY_EVIDENCE/STRICT-STEP-026/INDEPENDENT_QA.json,1161,88efe036266847bfb29a74f967318ec8634a1ce07b0ebf9bb9ed1cfcd57d2c96,ordinary_member; manifest files excluded to avoid circularity
URP4/05_DESCRIPTOR_XREG_GEOMETRY_EVIDENCE/STRICT-STEP-026/overlay_png_manifest.csv,68763,57a6929d36929905fe1ee5f10d49f4dba9520f272d75df85882690cde3a0971b,ordinary_member; manifest files excluded to avoid circularity
URP4/05_DESCRIPTOR_XREG_GEOMETRY_EVIDENCE/STRICT-STEP-026/RUN_STATE.json,255,631ad313e9e38140f3d3a9d9f6daa5b6c033243ee873cae58f407972ac17f7aa,ordinary_member; manifest files excluded to avoid circularity
URP4/05_DESCRIPTOR_XREG_GEOMETRY_EVIDENCE/STRICT-STEP-026/slice_png_manifest.csv,76575,84a520421eb9a276af46752423754bf5d8d9428691f6cb79769d8a1c8d752882,ordinary_member; manifest files excluded to avoid circularity
URP4/05_DESCRIPTOR_XREG_GEOMETRY_EVIDENCE/XREG-v2.7/PRM149_unified_redundancy_block_registry.csv,60132,4163eea33d34544818453a3c3273a24c29e9fa2a87c47f89b2a187e039bc40e7,ordinary_member; manifest files excluded to avoid circularity
URP4/05_DESCRIPTOR_XREG_GEOMETRY_EVIDENCE/XREG-v2.7/PRM149_unified_redundancy_edge_registry.csv,33012,a985d28389f9684a86278f16b3cab87afa1b58bace8e8ffb75c202f4f9c93141,ordinary_member; manifest files excluded to avoid circularity
URP4/05_DESCRIPTOR_XREG_GEOMETRY_EVIDENCE/XREG-v2.7/PRM149_xreg_v2_7_candidate_bank.csv,370476,9924597615a999e6fa87f1dce29116dcf7a6a7a87e89a5486944c1d65e121d4e,ordinary_member; manifest files excluded to avoid circularity
URP4/05_DESCRIPTOR_XREG_GEOMETRY_EVIDENCE/XREG-v2.7/PRM149_xreg_v2_7_values_long.csv,3838893,c215229dca48e512c58fb93c84063cdcbff412b638437de555d55332126ec3aa,ordinary_member; manifest files excluded to avoid circularity
URP4/06_TRAINING_EVIDENCE/TRAIN-AUDIT-001/MERGE_PACKET.md,1848,7d9370cf9ec00230449529c613ed5b8dc994c5c23616d9134136d7acf9a5ba02,ordinary_member; manifest files excluded to avoid circularity
URP4/06_TRAINING_EVIDENCE/TRAIN-AUDIT-001/NEXT_ACTION_RECOMMENDATION.md,1315,d3858a4c1fa8c9d72cc264517539d33c9ee151c4a3364d8dfb41a450bbf7b1c0,ordinary_member; manifest files excluded to avoid circularity
URP4/06_TRAINING_EVIDENCE/TRAIN-AUDIT-001/REPORT.md,8549,f8a025a2ff3eef24eeda18a72180f0c0cc71893e82bfeb3acada44f15454ee08,ordinary_member; manifest files excluded to avoid circularity
URP4/06_TRAINING_EVIDENCE/TRAIN-AUDIT-001/TRAINING_EXISTING_EVIDENCE_INDEX.csv,10221,cbc001375ec7bbb1de0016eceb96690d34309b61ceb00688a8b6ccefa9f55346,ordinary_member; manifest files excluded to avoid circularity
URP4/06_TRAINING_EVIDENCE/TRAIN-AUDIT-001/TRAINING_FIRST_UNFINISHED_GATE.md,2318,5390c9b1562418df57fed5032a412a19da56799ae4309cd9c80f4a815f56e540,ordinary_member; manifest files excluded to avoid circularity
URP4/06_TRAINING_EVIDENCE/TRAIN-AUDIT-001/TRAINING_NINE_NOTEBOOK_STATUS_MATRIX.csv,3839,c79d894b87b50390e7f459049022e4a00faaf0565e6fbf9747e93adcaa942c87,ordinary_member; manifest files excluded to avoid circularity
URP4/06_TRAINING_EVIDENCE/TRAIN-AUDIT-001/TRAINING_SOURCE_AND_MODULE_LINEAGE.csv,3384,e32f13b03d539cdd47c29ca3afbb0d4ec325653c8e638f652c223dfbf888b739,ordinary_member; manifest files excluded to avoid circularity
URP4/06_TRAINING_EVIDENCE/TRAIN-PARITY-001/ADAPTER_GAP_AND_READINESS_MATRIX.csv,2239,d89100def72ecc587512467264561c1f4a44011211c7dcf9b4698b4000175bef,ordinary_member; manifest files excluded to avoid circularity
URP4/06_TRAINING_EVIDENCE/TRAIN-PARITY-001/CONTROLLED_PARITY_EXECUTION_PREREQUISITES.md,3436,7d9fd1d23edfb899e247167373daad7d0ed747aadee7d5fe3bca9ba7c38a0d3d,ordinary_member; manifest files excluded to avoid circularity
URP4/06_TRAINING_EVIDENCE/TRAIN-PARITY-001/DATASET_AND_GROUP_PARITY_CONTRACT.csv,3037,15f1a7107ef48029e337f0ef2f89d5be3c473e08a0f5fdf77bad885d2af2e368,ordinary_member; manifest files excluded to avoid circularity
URP4/06_TRAINING_EVIDENCE/TRAIN-PARITY-001/DETERMINISM_AND_RANDOMNESS_REGISTER.csv,3375,98bad096398595d1a6841628cff844100c97bfb05434ddc7419a839de14fc72b,ordinary_member; manifest files excluded to avoid circularity
URP4/06_TRAINING_EVIDENCE/TRAIN-PARITY-001/FEATURE_METHOD_MODEL_PARITY_CONTRACT.csv,3303,03202275109329aac9b5592e454f351ab4c26aa841d4a4bbb08da3a5e6212766,ordinary_member; manifest files excluded to avoid circularity
URP4/06_TRAINING_EVIDENCE/TRAIN-PARITY-001/FOLD_MANIFEST_SCHEMA.csv,2138,85e95666f25d3b714e73ad6239acdd19cff48bf95f454e97b0c8b86bc50d3faa,ordinary_member; manifest files excluded to avoid circularity
URP4/06_TRAINING_EVIDENCE/TRAIN-PARITY-001/FROZEN_SOURCE_EXECUTION_CONTRACT.json,5429,210c21291d94390936e68f5c30efd3adfbc2301078bfab5c7b0078312845890c,ordinary_member; manifest files excluded to avoid circularity
URP4/06_TRAINING_EVIDENCE/TRAIN-PARITY-001/MERGE_PACKET.md,1922,3ecfdc49929c3f607b626e4dc0691f202217606d7026bcc808093aa4c093605c,ordinary_member; manifest files excluded to avoid circularity
URP4/06_TRAINING_EVIDENCE/TRAIN-PARITY-001/PREDICTION_METRIC_TOLERANCE_REGISTRY.csv,3203,035fae5cdc64aa566a607cec559dbc205a5ec4ed956593e10fb9d47407276c8e,ordinary_member; manifest files excluded to avoid circularity
URP4/06_TRAINING_EVIDENCE/TRAIN-PARITY-001/REPORT.md,7131,3da824020eecc3fcb9326c90ac8705045b84c465a78b6f84023055be69780077,ordinary_member; manifest files excluded to avoid circularity
URP4/06_TRAINING_EVIDENCE/TRAIN-PARITY-001/SOURCE_ADAPTER_LINEAGE_MATRIX.csv,4949,665cc97adbbd0e89fec799aadcc0b08c6585238b62878a682612fbb0cdb0e164,ordinary_member; manifest files excluded to avoid circularity
URP4/06_TRAINING_EVIDENCE/TRAIN-PARITY-001/TARGET_ELIGIBILITY_AND_HOLD_POLICY.csv,2796,838f4e9efef884a58b97e5f564456d832b962e37aa9735f829e50c8d9835e85f,ordinary_member; manifest files excluded to avoid circularity
URP4/06_TRAINING_EVIDENCE/TRAIN-PARITY-002/artifacts/COLUMN_IDENTITY_LEDGER.csv,41703,116b1a05950de4024683c1a79b3e7db5e89e7a92014461ac6f81504670b2af9b,ordinary_member; manifest files excluded to avoid circularity
URP4/06_TRAINING_EVIDENCE/TRAIN-PARITY-002/artifacts/DATASET_MANIFEST.json,869,2e46b285eaf0b781076b63af01f43383da3e48c34346e4ebce031c38e548a7cd,ordinary_member; manifest files excluded to avoid circularity
URP4/06_TRAINING_EVIDENCE/TRAIN-PARITY-002/artifacts/METRIC_LEDGER_EMPTY.csv,125,e1a8348abee8b97aa13228eb8024753cda88ab90802703077b4d8ef68f8b6bd4,ordinary_member; manifest files excluded to avoid circularity
URP4/06_TRAINING_EVIDENCE/TRAIN-PARITY-002/artifacts/PREDICTION_LEDGER_EMPTY.csv,194,6fc225845896fc2938b33dcdea6dc00c08db870a0f1aaccf506fee2c5fd1de76,ordinary_member; manifest files excluded to avoid circularity
URP4/06_TRAINING_EVIDENCE/TRAIN-PARITY-002/artifacts/ROW_IDENTITY_LEDGER.csv,434499,cab457352b8d818a2d52252dade30bf0aff8732ecdcd429b76f2722e97d6b2c6,ordinary_member; manifest files excluded to avoid circularity
URP4/06_TRAINING_EVIDENCE/TRAIN-PARITY-002/artifacts/SHARED_FOLD_MANIFEST.csv,28360769,3b18913ef68b6487b273a113ab3b3c0569d3246444f17003f68c0e01af1e89a6,ordinary_member; manifest files excluded to avoid circularity
URP4/06_TRAINING_EVIDENCE/TRAIN-PARITY-002/artifacts/SHARED_FOLD_MANIFEST.meta.json,350,ca03ff740b0720404bdbeaa4e6da5031085aa1f5af897ca313bf3dbe9deda0c6,ordinary_member; manifest files excluded to avoid circularity
URP4/06_TRAINING_EVIDENCE/TRAIN-PARITY-002/artifacts/TARGET_SAMPLE_LEDGER.csv,3596,f7bf0e20d4df22a30c7d411ee1048d1ff009df2aaf2039f0eba62309d018466a,ordinary_member; manifest files excluded to avoid circularity
URP4/06_TRAINING_EVIDENCE/TRAIN-PARITY-002/DATASET_EXTRACTOR_QA.csv,614,a94a320a8b9e60df498fc583891413fb5cdfc6d28e38532033a00cf2e3802f8c,ordinary_member; manifest files excluded to avoid circularity
URP4/06_TRAINING_EVIDENCE/TRAIN-PARITY-002/GROUP_AND_FOLD_MANIFEST_QA.csv,422,f61fcd1936ab6858c826567b5fae01c3851ef6a64beb3be31ca335d1298a5dd5,ordinary_member; manifest files excluded to avoid circularity
URP4/06_TRAINING_EVIDENCE/TRAIN-PARITY-002/implementation/__init__.py,179,48f1bda94852b568bb84c2cfc6d3412fb8679c89026ae82f3158136b6e288515,ordinary_member; manifest files excluded to avoid circularity
URP4/06_TRAINING_EVIDENCE/TRAIN-PARITY-002/implementation/contracts.py,5502,5875f7e9d3a977a59efa6b11ae6ff6b28e62b61274d08cc33cf5ce7486565603,ordinary_member; manifest files excluded to avoid circularity
URP4/06_TRAINING_EVIDENCE/TRAIN-PARITY-002/implementation/extractor.py,9261,08f48eaab48ecd5c89dca69636be077e67ea253f0c9682c6fac6a1aaae17257b,ordinary_member; manifest files excluded to avoid circularity
URP4/06_TRAINING_EVIDENCE/TRAIN-PARITY-002/implementation/folds.py,4547,c5d4179284e9e2de061157feedfca27ddf2a19b50632e927f928fc528e66e56f,ordinary_member; manifest files excluded to avoid circularity
URP4/06_TRAINING_EVIDENCE/TRAIN-PARITY-002/implementation/guards.py,2756,d4bceeaf13fcffa126feb937aa593c07415a29a1db628087df0adf331d6dbfc2,ordinary_member; manifest files excluded to avoid circularity
URP4/06_TRAINING_EVIDENCE/TRAIN-PARITY-002/implementation/hashing.py,891,609c102a5b320c021590e9e786dc146aa44671a7c6fca618b390c11b738a9e81,ordinary_member; manifest files excluded to avoid circularity
URP4/06_TRAINING_EVIDENCE/TRAIN-PARITY-002/implementation/ledgers.py,1477,a341dd63223c65cc704d339a5fb7eccee5c13becf18c7a9b57a3f4eb45fd264c,ordinary_member; manifest files excluded to avoid circularity
URP4/06_TRAINING_EVIDENCE/TRAIN-PARITY-002/implementation/observability.py,1150,2bb322b6eeb0c6c7f35e455d522a2729afcd438a0ae25e00eed8abb1a1781ce8,ordinary_member; manifest files excluded to avoid circularity
URP4/06_TRAINING_EVIDENCE/TRAIN-PARITY-002/implementation/source_ast.py,1815,a1f8a55eaa4756bd6c7615d48f50042eb1ba3b853b976c58fc4cbcd4f37dfb58,ordinary_member; manifest files excluded to avoid circularity
URP4/06_TRAINING_EVIDENCE/TRAIN-PARITY-002/implementation/stage_graph.py,881,870e8ae182df55b1595e21454968a3e76917f4ba68088dfc13d604e330379210,ordinary_member; manifest files excluded to avoid circularity
URP4/06_TRAINING_EVIDENCE/TRAIN-PARITY-002/IMPLEMENTATION_MANIFEST.json,10609,f79dbf6265c587464445cf13539085c0273efc28534811baddd0b7840919eb95,ordinary_member; manifest files excluded to avoid circularity
URP4/06_TRAINING_EVIDENCE/TRAIN-PARITY-002/INDEPENDENT_QA.json,3769,b1fad32ad6e39ca7bc22a04d0be841c162f21c96fa35db6504e358616ac03366,ordinary_member; manifest files excluded to avoid circularity
URP4/06_TRAINING_EVIDENCE/TRAIN-PARITY-002/independent_qa.py,5856,d32c5b07108f5483498b3259fa0885ae829815be7d501167deafb0d1d1d6e64d,ordinary_member; manifest files excluded to avoid circularity
URP4/06_TRAINING_EVIDENCE/TRAIN-PARITY-002/MERGE_PACKET.md,1563,fd63eb1937ecb0bc67c40eb143111f3c5f041e08f25c511e1a1ec4d3e93caf00,ordinary_member; manifest files excluded to avoid circularity
URP4/06_TRAINING_EVIDENCE/TRAIN-PARITY-002/NEGATIVE_FAIL_CLOSED_QA.csv,1892,9fc9a39948a582825c891064ead65ff8ecc2ccc054c848a0dc3399e11fd79268,ordinary_member; manifest files excluded to avoid circularity
URP4/06_TRAINING_EVIDENCE/TRAIN-PARITY-002/NO_FIT_PROOF.json,4120,a82ff4ec2e7f9d53ae65f6b89a5fc03c36e6530d6e3816c0b51e05e4d93301c6,ordinary_member; manifest files excluded to avoid circularity
URP4/06_TRAINING_EVIDENCE/TRAIN-PARITY-002/OBSERVABILITY_EVENT_SCHEMA.csv,1072,0cc9161480c8b704b057a58347e3de7564ce1e9ca453eada2061325885428284,ordinary_member; manifest files excluded to avoid circularity
URP4/06_TRAINING_EVIDENCE/TRAIN-PARITY-002/PREDICTION_METRIC_LEDGER_SCHEMA.csv,1199,5c3ca2c7b4fd72481077149b85b0aa0e23fe39ddcdbf1bbfc8c45556938d6cc7,ordinary_member; manifest files excluded to avoid circularity
URP4/06_TRAINING_EVIDENCE/TRAIN-PARITY-002/PROTECTED_ASSET_HASH_AUDIT.csv,2707,b586c077fcfd90d6d14ba203b68bf975dc997b62c74860f50bf0fc274f8a6af0,ordinary_member; manifest files excluded to avoid circularity
URP4/06_TRAINING_EVIDENCE/TRAIN-PARITY-002/REPORT.md,6103,8c43dfb2e4c125c362c8a6e569e40579c61557ca97a40f9c045e3b63b31142fb,ordinary_member; manifest files excluded to avoid circularity
URP4/06_TRAINING_EVIDENCE/TRAIN-PARITY-002/run_no_fit_implementation.py,15411,1c49ceb18bde82825f12612e6fd556943a8cec6ae798dd7ddd9826de5697f3ef,ordinary_member; manifest files excluded to avoid circularity
URP4/06_TRAINING_EVIDENCE/TRAIN-PARITY-002/SOURCE_FUNCTION_LINEAGE.csv,12599,73a116bf9d6df146c95c21e799ee6eb20ac00917b785287131d989d359e22e40,ordinary_member; manifest files excluded to avoid circularity
URP4/06_TRAINING_EVIDENCE/TRAIN-PARITY-002/STAGE_GRAPH_COVERAGE.csv,3494,89a227c0f9c98dc40bd2e8994b06b4c1081211147e6ba24e26aec8a13ddf440f,ordinary_member; manifest files excluded to avoid circularity
URP4/06_TRAINING_EVIDENCE/TRAIN-PARITY-002A/artifacts/FIXTURE_OBSERVABILITY_EVENTS.jsonl,7292,5044c9bb068369b1d98f51a131a487bcd00b7d5027ffd5533077cd68192b058a,ordinary_member; manifest files excluded to avoid circularity
URP4/06_TRAINING_EVIDENCE/TRAIN-PARITY-002A/artifacts/METRIC_LEDGER_EMPTY.csv,125,e1a8348abee8b97aa13228eb8024753cda88ab90802703077b4d8ef68f8b6bd4,ordinary_member; manifest files excluded to avoid circularity
URP4/06_TRAINING_EVIDENCE/TRAIN-PARITY-002A/artifacts/PREDICTION_LEDGER_EMPTY.csv,194,6fc225845896fc2938b33dcdea6dc00c08db870a0f1aaccf506fee2c5fd1de76,ordinary_member; manifest files excluded to avoid circularity
URP4/06_TRAINING_EVIDENCE/TRAIN-PARITY-002A/BRANCH_IMPLEMENTATION_STATUS.csv,1978,ed75a74e66ad9bc7c1afb0f70ba7d7e866a2c0983bafb47cedb4b85106a8df21,ordinary_member; manifest files excluded to avoid circularity
URP4/06_TRAINING_EVIDENCE/TRAIN-PARITY-002A/BRANCH_STAGE_AND_OBJECTIVE_MATRIX.csv,4278,65174b0c6c59efd2b81b4cec1417105134a4602ccbeaac56c39f5e631736a934,ordinary_member; manifest files excluded to avoid circularity
URP4/06_TRAINING_EVIDENCE/TRAIN-PARITY-002A/implementation/__init__.py,233,19355532375d989b3eb445affff7381e385d740862596342e5412a1d68a2666b,ordinary_member; manifest files excluded to avoid circularity
URP4/06_TRAINING_EVIDENCE/TRAIN-PARITY-002A/implementation/branches.py,4238,edd49b12702a2d6c8346bf7bf6ced8a3efb147aa49293c1873d03ca55c0c177d,ordinary_member; manifest files excluded to avoid circularity
URP4/06_TRAINING_EVIDENCE/TRAIN-PARITY-002A/implementation/contracts.py,4603,738f32316d0bd27e6249cd88f56cd50420f2a0f405187a21bb9746c337f43273,ordinary_member; manifest files excluded to avoid circularity
URP4/06_TRAINING_EVIDENCE/TRAIN-PARITY-002A/implementation/hashing.py,884,f423d9dd4d8a72786dd358756b0e62c0abca3e8abf782267ef032511ac8f5dc9,ordinary_member; manifest files excluded to avoid circularity
URP4/06_TRAINING_EVIDENCE/TRAIN-PARITY-002A/implementation/instrumentation.py,3858,501a5b21e3bd12da9440dd2b2a063112c3bc0e0dfcb0584ea4e6f16fdc8dd073,ordinary_member; manifest files excluded to avoid circularity
URP4/06_TRAINING_EVIDENCE/TRAIN-PARITY-002A/implementation/ledgers.py,1081,57f8aa32c4aa8c465b4af48b823ee39ab0ce5a1e7d47a0b111ce43f5ee339897,ordinary_member; manifest files excluded to avoid circularity
URP4/06_TRAINING_EVIDENCE/TRAIN-PARITY-002A/implementation/no_fit_guard.py,1711,1456d09edc3e96d88b386592cd94a9d0c8342779f0ac39260c7483bd92511365,ordinary_member; manifest files excluded to avoid circularity
URP4/06_TRAINING_EVIDENCE/TRAIN-PARITY-002A/implementation/source_exact_runtime.py,5666,1be35f910422585584f5a0d0c191e82470b3a39ccbd6d3899de4f9a862b6018f,ordinary_member; manifest files excluded to avoid circularity
URP4/06_TRAINING_EVIDENCE/TRAIN-PARITY-002A/IMPLEMENTATION_MANIFEST.json,4493,f9792252a697f0c2671be0f1048462ffea3f97f8c0c378233adc8201536cc9d7,ordinary_member; manifest files excluded to avoid circularity
URP4/06_TRAINING_EVIDENCE/TRAIN-PARITY-002A/INDEPENDENT_QA.json,3506,3e6b91df49ef911b393fbfaca688420bf00ab1b38ba4b1654d7fdc3d4b89465c,ordinary_member; manifest files excluded to avoid circularity
URP4/06_TRAINING_EVIDENCE/TRAIN-PARITY-002A/independent_qa.py,4969,5a1bfb50332ea8625b421721311c713efc97ce4fc010fbfbde4511c3c186dd71,ordinary_member; manifest files excluded to avoid circularity
URP4/06_TRAINING_EVIDENCE/TRAIN-PARITY-002A/MERGE_PACKET.md,1446,faa7fa0fb0fa14c38de4d573a2f2c10a02cc597c11054b9b730cacaf9891b084,ordinary_member; manifest files excluded to avoid circularity
URP4/06_TRAINING_EVIDENCE/TRAIN-PARITY-002A/NO_FIT_PROOF.json,2241,2c5de9d91c753a3c6c03a5034ba0e02c53d19d174e76feed5d1dcb0611f48dba,ordinary_member; manifest files excluded to avoid circularity
URP4/06_TRAINING_EVIDENCE/TRAIN-PARITY-002A/NONDETERMINISM_AND_FALLBACK_INSTRUMENTATION.csv,1088,afa9f23e13d084ad7409deab8e99ff96cff92f445312d935036e041245a134f8,ordinary_member; manifest files excluded to avoid circularity
URP4/06_TRAINING_EVIDENCE/TRAIN-PARITY-002A/PROTECTED_ASSET_HASH_AUDIT.csv,3493,f1b283f264d80fe869da0a75a806add6dcdf2aab29ecd31c1271ee31b3af82fb,ordinary_member; manifest files excluded to avoid circularity
URP4/06_TRAINING_EVIDENCE/TRAIN-PARITY-002A/REPORT.md,6628,2273f23c72009eb69050e0f0effabd1cdfdad3f49fdf73a73a45e93aeea6c582,ordinary_member; manifest files excluded to avoid circularity
URP4/06_TRAINING_EVIDENCE/TRAIN-PARITY-002A/run_static_fixture_batch.py,17196,3b90fa43ea6162ec1e016ebacfae99d45f41caedf5af1638427555e4cc1d11f1,ordinary_member; manifest files excluded to avoid circularity
URP4/06_TRAINING_EVIDENCE/TRAIN-PARITY-002A/SOURCE_TO_ADAPTER_NUMERICAL_LINEAGE.csv,3695,d6dcc210e311994cfa96c2c532d3218d920b3d9f643a973254513e0cd4c850c6,ordinary_member; manifest files excluded to avoid circularity
URP4/06_TRAINING_EVIDENCE/TRAIN-PARITY-002A/STATIC_AND_FIXTURE_QA.csv,5934,abaaa2a7bab27dc10cb600e6faa19095cf3be12f9219626be00a06a4845788c6,ordinary_member; manifest files excluded to avoid circularity
URP4/06_TRAINING_EVIDENCE/TRAIN-PARITY-003/build_preregistration_packet.py,29174,3c9d7f4552bc7d2c7a40b6a0624ecd99db7b774931107b97ec5bc4f809ddfd50,ordinary_member; manifest files excluded to avoid circularity
URP4/06_TRAINING_EVIDENCE/TRAIN-PARITY-003/BUILD_STATE.json,272,f5c100076f7caebf61974895847907d0eeec2e87c9f1af8eed7943601ee683bd,ordinary_member; manifest files excluded to avoid circularity
URP4/06_TRAINING_EVIDENCE/TRAIN-PARITY-003/CONTROLLED_EXECUTION_CONTRACT.json,5196,546db333d735a2ca19d9a6cec52ea0eb3ef8947211a85a032a8ce877eb3b3e11,ordinary_member; manifest files excluded to avoid circularity
URP4/06_TRAINING_EVIDENCE/TRAIN-PARITY-003/EXECUTION_PERMIT_DRAFT.json,1410,60f30e71d652b326cd56408be7beec0ac1e222216684bf62e4399e291eb0ead3,ordinary_member; manifest files excluded to avoid circularity
URP4/06_TRAINING_EVIDENCE/TRAIN-PARITY-003/FAIL_CLOSED_STOP_CONDITIONS.csv,2198,5749d70e9a1d50276e14ba3e72e399bbe5755d463a746270dd2e0ce61c662056,ordinary_member; manifest files excluded to avoid circularity
URP4/06_TRAINING_EVIDENCE/TRAIN-PARITY-003/independent_preregistration_qa.py,6866,78f33aab0661bf53ea2c7ea66d919a6824170649336aca705036e613bb9e536b,ordinary_member; manifest files excluded to avoid circularity
URP4/06_TRAINING_EVIDENCE/TRAIN-PARITY-003/MERGE_PACKET.md,1074,b54b44be0584a03b03658c0c5f8351ce630a8be81cfc7544dfa8ab50529b5faa,ordinary_member; manifest files excluded to avoid circularity
URP4/06_TRAINING_EVIDENCE/TRAIN-PARITY-003/PREREGISTRATION_QA.json,4932,7eaecdad4635c805adeab4bfe69cc72955c51911d01bb312b25c1eb9056f918b,ordinary_member; manifest files excluded to avoid circularity
URP4/06_TRAINING_EVIDENCE/TRAIN-PARITY-003/REPORT.md,4210,7dfac375559eb2ee28b661c1803225ede3e5bed4a88478f5399251e31f69e112,ordinary_member; manifest files excluded to avoid circularity
URP4/06_TRAINING_EVIDENCE/TRAIN-PARITY-003/RESOURCE_AND_RUNTIME_ESTIMATE.csv,4438,3de758f545fc4111b53fa099b1db7fef58d61511eddf39355e27359eaf941381,ordinary_member; manifest files excluded to avoid circularity
URP4/06_TRAINING_EVIDENCE/TRAIN-PARITY-003/SENTINEL_TARGET_SELECTION.csv,8913,458f235dfc770dfba14f6a509b8fbf03b31371dd67d4b83b213ebe8a3ce70ea2,ordinary_member; manifest files excluded to avoid circularity
URP4/06_TRAINING_EVIDENCE/TRAIN-PARITY-003/SOURCE_REFERENCE_ADAPTER_BINDING.csv,5461,16de7875c42e768e5d9a0a6ee831bd1f7621945f9cf9fcd318198f92c9930f55,ordinary_member; manifest files excluded to avoid circularity
URP4/06_TRAINING_EVIDENCE/TRAIN-PARITY-003/STAGE_PARITY_LEDGER_SCHEMA.csv,3806,7c2094a3f5d419e893d843c5ed29929414a6b26f9de7b6074bdc743bae5b6dfd,ordinary_member; manifest files excluded to avoid circularity
URP4/06_TRAINING_EVIDENCE/TRAIN-PARITY-003A/ADAPTER_BRANCH_NO_FIT_QA.csv,902,bf41af06aa65deaccadb226e4d32a7c63ab0fdb5233c64aac572bbc617f40aee,ordinary_member; manifest files excluded to avoid circularity
URP4/06_TRAINING_EVIDENCE/TRAIN-PARITY-003A/adapter_v0_1_1/__init__.py,64,802075508611e9defb57dfa3314b437a7a79ece47423810a1e8d91df5b243647,ordinary_member; manifest files excluded to avoid circularity
URP4/06_TRAINING_EVIDENCE/TRAIN-PARITY-003A/adapter_v0_1_1/implementation/__init__.py,233,19355532375d989b3eb445affff7381e385d740862596342e5412a1d68a2666b,ordinary_member; manifest files excluded to avoid circularity
URP4/06_TRAINING_EVIDENCE/TRAIN-PARITY-003A/adapter_v0_1_1/implementation/branches.py,4238,edd49b12702a2d6c8346bf7bf6ced8a3efb147aa49293c1873d03ca55c0c177d,ordinary_member; manifest files excluded to avoid circularity
URP4/06_TRAINING_EVIDENCE/TRAIN-PARITY-003A/adapter_v0_1_1/implementation/contracts.py,5979,efd4d7819dfa78be77be7b34b9437646eb6014983df868a51f07647ab69a9bbb,ordinary_member; manifest files excluded to avoid circularity
URP4/06_TRAINING_EVIDENCE/TRAIN-PARITY-003A/adapter_v0_1_1/implementation/hashing.py,884,f423d9dd4d8a72786dd358756b0e62c0abca3e8abf782267ef032511ac8f5dc9,ordinary_member; manifest files excluded to avoid circularity
URP4/06_TRAINING_EVIDENCE/TRAIN-PARITY-003A/adapter_v0_1_1/implementation/instrumentation.py,3858,501a5b21e3bd12da9440dd2b2a063112c3bc0e0dfcb0584ea4e6f16fdc8dd073,ordinary_member; manifest files excluded to avoid circularity
URP4/06_TRAINING_EVIDENCE/TRAIN-PARITY-003A/adapter_v0_1_1/implementation/ledgers.py,1081,57f8aa32c4aa8c465b4af48b823ee39ab0ce5a1e7d47a0b111ce43f5ee339897,ordinary_member; manifest files excluded to avoid circularity
URP4/06_TRAINING_EVIDENCE/TRAIN-PARITY-003A/adapter_v0_1_1/implementation/no_fit_guard.py,1711,1456d09edc3e96d88b386592cd94a9d0c8342779f0ac39260c7483bd92511365,ordinary_member; manifest files excluded to avoid circularity
URP4/06_TRAINING_EVIDENCE/TRAIN-PARITY-003A/adapter_v0_1_1/implementation/source_exact_runtime.py,5666,1be35f910422585584f5a0d0c191e82470b3a39ccbd6d3899de4f9a862b6018f,ordinary_member; manifest files excluded to avoid circularity
URP4/06_TRAINING_EVIDENCE/TRAIN-PARITY-003A/ADAPTER_V0_1_1_CHANGE_MANIFEST.json,3836,750735df1de7a5294a421000b649889a7b96efc1e219b58ddf58c597a17e04c4,ordinary_member; manifest files excluded to avoid circularity
URP4/06_TRAINING_EVIDENCE/TRAIN-PARITY-003A/AFFECTED_CONTRACT_QA.json,465,b0122e4d0661e3dcb8725f390d4ba50af9da10921c198290cc74c09e0e8fcd07,ordinary_member; manifest files excluded to avoid circularity
URP4/06_TRAINING_EVIDENCE/TRAIN-PARITY-003A/build_train_parity_003a.py,12563,5a036d5a523a0a0ded5d7ad9ea109aa30a4272a2d192b0be637a423297a73090,ordinary_member; manifest files excluded to avoid circularity
URP4/06_TRAINING_EVIDENCE/TRAIN-PARITY-003A/EXECUTION_PERMIT.json,1441,29d0ec240f306afdf5a6247c4d24070ed7b385b0316d56f3a0fdab42253fb5fc,ordinary_member; manifest files excluded to avoid circularity
URP4/06_TRAINING_EVIDENCE/TRAIN-PARITY-003A/FIT_PREDICT_COUNTERS.json,93,d84ecd31aba7f1e43fc713a01f5537c8ec8dc1d70be6c2d2618537bc7ffb4062,ordinary_member; manifest files excluded to avoid circularity
URP4/06_TRAINING_EVIDENCE/TRAIN-PARITY-003A/FOLD_POLICY_REBIND_QA.csv,4188,a818a6b57f5781ea8d18bb4f3cc8c70edc1d7632760ae3b5c7f4b56e60089eb2,ordinary_member; manifest files excluded to avoid circularity
URP4/06_TRAINING_EVIDENCE/TRAIN-PARITY-003A/INDEPENDENT_QA.json,6908,013681d73b672e2d87a25bfa85fda39ab18f8125109d5c2e273aa4c6f1a52728,ordinary_member; manifest files excluded to avoid circularity
URP4/06_TRAINING_EVIDENCE/TRAIN-PARITY-003A/independent_qa.py,8244,67392c68a593fde4e1f885e4b39899e89d9ef6fc4453af0a287d8cd3432c9ee6,ordinary_member; manifest files excluded to avoid circularity
URP4/06_TRAINING_EVIDENCE/TRAIN-PARITY-003A/INDEPENDENT_QA_EXECUTION_ATTEMPT_LOG.json,612,daf7875a29c8b029e17564f7b04723f2536091023f0f60b52e5b0a8ec662dc9f,ordinary_member; manifest files excluded to avoid circularity
URP4/06_TRAINING_EVIDENCE/TRAIN-PARITY-003A/MERGE_PACKET.md,782,24319d8d5a9b9fa9c9152f676e3c779171b874c777c87c3c8e245ade60268024,ordinary_member; manifest files excluded to avoid circularity
URP4/06_TRAINING_EVIDENCE/TRAIN-PARITY-003A/PREDECESSOR_POLICY_SUPERSESSION.csv,691,e23533ce570dbe5963017b12951956cdc2640d8cd8db695a9356f4566db3538f,ordinary_member; manifest files excluded to avoid circularity
URP4/06_TRAINING_EVIDENCE/TRAIN-PARITY-003A/PREREGISTRATION_READJUDICATION.json,1092,43f9c0a16fab35bee93e2876c68ebefd78a0577b9a6ec29fe3ed529ff5908925,ordinary_member; manifest files excluded to avoid circularity
URP4/06_TRAINING_EVIDENCE/TRAIN-PARITY-003A/REPLAY_REFIT_HOLD_PROVENANCE.csv,1184,44358900952925d6a98a63ee217afa759d2d899116fa4eb1aa20960b594dcd52,ordinary_member; manifest files excluded to avoid circularity
URP4/06_TRAINING_EVIDENCE/TRAIN-PARITY-003A/REPORT.md,1536,70806f4b7f0f6d6470a2998043a5b15b3c8d6e9f18507feccbba45ead9732057,ordinary_member; manifest files excluded to avoid circularity
URP4/06_TRAINING_EVIDENCE/TRAIN-PARITY-003A/run_affected_contract_qa.py,16144,ebad95c403a8022746663ff2d1e958c37e7c16a4ba09de0b3a93c0759e6200a0,ordinary_member; manifest files excluded to avoid circularity
URP4/06_TRAINING_EVIDENCE/TRAIN-PARITY-003A/source_reference_runner.py,4359,be3bfece1dc4880a19f2a055c408e93c95d27e7f95325ec01af86123093b0baa,ordinary_member; manifest files excluded to avoid circularity
URP4/06_TRAINING_EVIDENCE/TRAIN-PARITY-003A/SOURCE_REFERENCE_RUNNER_PREFLIGHT.csv,1608,b865a6de6517dadf94a46a5aa53213b9f4f0a3cfb5904fc682ce445215cd9b81,ordinary_member; manifest files excluded to avoid circularity
URP4/06_TRAINING_EVIDENCE/TRAIN-PARITY-003A/TARGET_HEADER_AND_VALUE_HASH_PROOF.csv,5229,3196bd8553129bacc37286d7b9ef14a7469f3501dcb013536cd8ec7215ecae49,ordinary_member; manifest files excluded to avoid circularity
URP4/06_TRAINING_EVIDENCE/TRAIN-PARITY-003A/TARGET_IDENTITY_CROSSWALK_V0_2.csv,8310,25ecac94db6c4e115e03a4af665a6f8a8d2a71fad7e50135f35ddb2b875e6a30,ordinary_member; manifest files excluded to avoid circularity
URP4/06_TRAINING_EVIDENCE/TRAIN-PARITY-003A/TARGET_POLICY_NEGATIVE_QA.csv,1407,70e7a27d40e41bd5f333d701b815c2bc897f4a43b49333eec01b07361acc5227,ordinary_member; manifest files excluded to avoid circularity
URP4/06_TRAINING_EVIDENCE/TRAIN-PARITY-003A/TRAIN_TARGET_POLICY_V0_2.json,9596,2518ff7e0c3c952518f30b6d4d17a8f24952ead1051457c4794c020e9b51c8bb,ordinary_member; manifest files excluded to avoid circularity
URP4/06_TRAINING_EVIDENCE/TRAIN-PARITY-004/ADAPTER_EXECUTION_MANIFEST.json,255,4daee545d26702fe91d7dee44dab6d9ee1d0f4bef57aaf498d72b81d748fd291,ordinary_member; manifest files excluded to avoid circularity
URP4/06_TRAINING_EVIDENCE/TRAIN-PARITY-004/ADAPTER_PREDICTION_LEDGER.csv,149,f0afca51c1a38ce9db4851581bc38945bcdbfc9b1da8c04ad08f9655e65855c3,ordinary_member; manifest files excluded to avoid circularity
URP4/06_TRAINING_EVIDENCE/TRAIN-PARITY-004/CHECKPOINT_AND_RESUME_MANIFEST.json,2404,d65b02399afad1333863d1810760760c78bb056f13e5f1b41a1abae9876cc073,ordinary_member; manifest files excluded to avoid circularity
URP4/06_TRAINING_EVIDENCE/TRAIN-PARITY-004/EXECUTION_AUTHORIZATION.json,2471,81f8c5fe6380010c72af2f452f59eb0814134a732fd0f4accca38c120a424610,ordinary_member; manifest files excluded to avoid circularity
URP4/06_TRAINING_EVIDENCE/TRAIN-PARITY-004/FIRST_MISMATCH_REPORT.md,302,e68a7bad0e3fa12c35280c18cefd17ece3ed7faf68ba47f73898ea9770ff0665,ordinary_member; manifest files excluded to avoid circularity
URP4/06_TRAINING_EVIDENCE/TRAIN-PARITY-004/INDEPENDENT_QA.json,5512,260c7e7e4c44bbf4d1058621747ce7fd38d7ef6699b39282105c942a59e9b923,ordinary_member; manifest files excluded to avoid circularity
URP4/06_TRAINING_EVIDENCE/TRAIN-PARITY-004/logs/source.stderr.log,0,e3b0c44298fc1c149afbf4c8996fb92427ae41e4649b934ca495991b7852b855,ordinary_member; manifest files excluded to avoid circularity
URP4/06_TRAINING_EVIDENCE/TRAIN-PARITY-004/logs/source.stdout.log,0,e3b0c44298fc1c149afbf4c8996fb92427ae41e4649b934ca495991b7852b855,ordinary_member; manifest files excluded to avoid circularity
URP4/06_TRAINING_EVIDENCE/TRAIN-PARITY-004/MERGE_PACKET.md,437,695ce8b3bdcf963b399b39d89b967731fa1840b7a2290387037ad31292d54f6a,ordinary_member; manifest files excluded to avoid circularity
URP4/06_TRAINING_EVIDENCE/TRAIN-PARITY-004/METRIC_COMPARISON.csv,114,284e678fcd17b265525a86074342770db364cdba54449ecd3a8128d92f6bcbaf,ordinary_member; manifest files excluded to avoid circularity
URP4/06_TRAINING_EVIDENCE/TRAIN-PARITY-004/PREDICTION_COMPARISON.csv,165,ecacd3700a023842bff21169a838cc4746d0934274bbbcd189ba2facdeb28dd1,ordinary_member; manifest files excluded to avoid circularity
URP4/06_TRAINING_EVIDENCE/TRAIN-PARITY-004/PRODUCER_FINAL_STATE.json,232,1b7d1373d9e8c60eef3f0aa469a48257fedc5b598f6b205fa9855430c3ac920d,ordinary_member; manifest files excluded to avoid circularity
URP4/06_TRAINING_EVIDENCE/TRAIN-PARITY-004/PROTECTED_ASSET_HASH_AUDIT.csv,3493,f1b283f264d80fe869da0a75a806add6dcdf2aab29ecd31c1271ee31b3af82fb,ordinary_member; manifest files excluded to avoid circularity
URP4/06_TRAINING_EVIDENCE/TRAIN-PARITY-004/qa/PREFLIGHT.csv,2191,e948148bd5bf9b3803eb39f909c2f7670f4e5945da04d04fb833a2c22396fe15,ordinary_member; manifest files excluded to avoid circularity
URP4/06_TRAINING_EVIDENCE/TRAIN-PARITY-004/REPORT.md,782,3e3fdefb97105e06312717b5c20b0927b9fafef90289a09ee164b6530fb2313b,ordinary_member; manifest files excluded to avoid circularity
URP4/06_TRAINING_EVIDENCE/TRAIN-PARITY-004/RUNTIME_ENVIRONMENT.json,2573,a4b2cfa57b7d28d90dbe4745f7bd885b56ed4a2140ac2bbbffd7d8edb33d748a,ordinary_member; manifest files excluded to avoid circularity
URP4/06_TRAINING_EVIDENCE/TRAIN-PARITY-004/SOURCE_EXECUTION_MANIFEST.json,3040,09a8c5b33243910a63ddabfc92e7b26043ac3be305cb2f834ebec047c9fc3030,ordinary_member; manifest files excluded to avoid circularity
URP4/06_TRAINING_EVIDENCE/TRAIN-PARITY-004/SOURCE_PREDICTION_LEDGER.csv,149,f0afca51c1a38ce9db4851581bc38945bcdbfc9b1da8c04ad08f9655e65855c3,ordinary_member; manifest files excluded to avoid circularity
URP4/06_TRAINING_EVIDENCE/TRAIN-PARITY-004/source_reference/stage_P0_dataset.json,600,2586d51dccfccfa92a18a199383164608c3d529067175a7f7848b2296e083601,ordinary_member; manifest files excluded to avoid circularity
URP4/06_TRAINING_EVIDENCE/TRAIN-PARITY-004/source_reference/stage_P1_split.json,554,8f70e14a366f933a14d9b58068d277917cb845399015f342573a3bc7fc4fa450,ordinary_member; manifest files excluded to avoid circularity
URP4/06_TRAINING_EVIDENCE/TRAIN-PARITY-004/source_reference/stage_P2_preprocessing.json,625,378555d396c59bd48fb1b6aeaf4b6e8b35dd6c4306266ee69e16a0eaccd144de,ordinary_member; manifest files excluded to avoid circularity
URP4/06_TRAINING_EVIDENCE/TRAIN-PARITY-004/source_reference/stage_P3_features.json,3262,4e90d2e53acc37840b19c80cb3c8d58897e5f24370dfc900a049cf596bd0b709,ordinary_member; manifest files excluded to avoid circularity
URP4/06_TRAINING_EVIDENCE/TRAIN-PARITY-004/source_reference/stage_P4_contract_pre_fit.json,4603,58e09a7cc7d3aea970a6c9e9511d163ee21357831c4e637caa053032194384ba,ordinary_member; manifest files excluded to avoid circularity
URP4/06_TRAINING_EVIDENCE/TRAIN-PARITY-004/STAGE_PARITY_LEDGER.csv,977,f2e626eb0644606c32f5075d8cdd7a2eccf0eada0d1496fc23530c2113f96c1a,ordinary_member; manifest files excluded to avoid circularity
URP4/06_TRAINING_EVIDENCE/TRAIN-REPLAY-001/actual_input_manifest.csv,824,fec58312657677620ec9ab175b67295c789a221b4451fb261c187f3a642cb048,ordinary_member; manifest files excluded to avoid circularity
URP4/06_TRAINING_EVIDENCE/TRAIN-REPLAY-001/cell_execution_status.csv,1064,90e411947bb4070ddb651323c70d7c988d82396afde7e42456a9880eda7f5fa3,ordinary_member; manifest files excluded to avoid circularity
URP4/06_TRAINING_EVIDENCE/TRAIN-REPLAY-001/extracted_training_contract.json,6542,de08060a1c852f47f5e7f18589b7c235f2dabb8b87ef60a85550f128460ab73d,ordinary_member; manifest files excluded to avoid circularity
URP4/06_TRAINING_EVIDENCE/TRAIN-REPLAY-001/generated_output_manifest.csv,122688,9f1c035950293cc5747fff5079c00678189d73d848dd0597cd0172d141f3bbff,ordinary_member; manifest files excluded to avoid circularity
URP4/06_TRAINING_EVIDENCE/TRAIN-REPLAY-001/independent_qa.json,3534,47ac16494dc5dc77774774e4dade5c22c399c6223c8f762ef0a43b850e206be9,ordinary_member; manifest files excluded to avoid circularity
URP4/06_TRAINING_EVIDENCE/TRAIN-REPLAY-001/independent_qa_checks.csv,1423,72f245cf8663cb55de87c3c46bc2d40b567a61d3d4229138e59e6943a8b04cc5,ordinary_member; manifest files excluded to avoid circularity
URP4/06_TRAINING_EVIDENCE/TRAIN-REPLAY-001/MERGE_PACKET.md,1872,eae80a9fe30ad2d70fc7ebf80f400d150717f9a2d506d5f592eea3af196dfdd9,ordinary_member; manifest files excluded to avoid circularity
URP4/06_TRAINING_EVIDENCE/TRAIN-REPLAY-001/model_comparison/final_refit_summary.csv,2178,b45e23db4efc087d5567a2321f0920d00952d320e3e8f65a4aa5692d8013afc1,ordinary_member; manifest files excluded to avoid circularity
URP4/06_TRAINING_EVIDENCE/TRAIN-REPLAY-001/model_comparison/final_summary_merged.csv,5246,3355df1342c08e967e406005e4057de97b59d488801d47ed7aede731021fea28,ordinary_member; manifest files excluded to avoid circularity
URP4/06_TRAINING_EVIDENCE/TRAIN-REPLAY-001/prediction_and_metric_inventory.csv,8415,10af422cc8b297f35e6f9e6cea8108ab3ae0f67c3eda47ef45e33a6b007eb50a,ordinary_member; manifest files excluded to avoid circularity
URP4/06_TRAINING_EVIDENCE/TRAIN-REPLAY-001/replay_state.json,927,d93483a471aab2709a62ca049fd4081c0927999a9020919a483e5f3717ceba5b,ordinary_member; manifest files excluded to avoid circularity
URP4/06_TRAINING_EVIDENCE/TRAIN-REPLAY-001/REPORT.md,6074,b64ed97cbe64c6f0e0da89b6d8fe9af83f2ec90719f7891d1d8628282ff0ab90,ordinary_member; manifest files excluded to avoid circularity
URP4/06_TRAINING_EVIDENCE/TRAIN-REPLAY-001/runtime_environment.json,7351,375cd19350c0c037876479c583fc00a879dd4d75fbda0960a0b52de6574ad377,ordinary_member; manifest files excluded to avoid circularity
URP4/06_TRAINING_EVIDENCE/TRAIN-REPLAY-001/TRAIN-2ND-NEWFEATURE_EXECUTED_ISOLATED.ipynb,207571,a0fdcbba251fbc220b72256dc60c6905f38f9ddf02d411975c0f22cc6dba3fb2,ordinary_member; manifest files excluded to avoid circularity
URP4/06_TRAINING_EVIDENCE/TRAIN-REPLAY-001/warnings_and_errors.md,1998,d7cfaa8a182aa484197edd66668fc38a59a83bfe6c2dcb2abd763597bf31105e,ordinary_member; manifest files excluded to avoid circularity
URP4/07_COMPRESSION_DATA_AND_PILOT/COMP-FACTORY-001/ai_lattice_x_wide.csv,106835,ecda9bc045419eaa197dbc577605e686f69bc54729220d93ab52481889006ad5,ordinary_member; manifest files excluded to avoid circularity
URP4/07_COMPRESSION_DATA_AND_PILOT/COMP-FACTORY-001/ai_lattice_xy_all150_trace.csv,159255,d4b60483b8f98afb53463f48b413adf347198a6c1196f1c7428615ffc01af0c9,ordinary_member; manifest files excluded to avoid circularity
URP4/07_COMPRESSION_DATA_AND_PILOT/COMP-FACTORY-001/ai_lattice_xy_eligible149.csv,158515,cfe004962657d1c6209049856954f0883c1c753ce396c86b77155d51b6006e06,ordinary_member; manifest files excluded to avoid circularity
URP4/07_COMPRESSION_DATA_AND_PILOT/COMP-FACTORY-001/ai_lattice_y_long.csv,1129243,bd51fadf119a16fa618dfe0d4ed1a6f0cecdec3b4680ecc56e76b4503702e1e6,ordinary_member; manifest files excluded to avoid circularity
URP4/07_COMPRESSION_DATA_AND_PILOT/COMP-FACTORY-001/ai_lattice_y_wide.csv,78350,9b418010ec1c3d8651a6538ecff8555ca6c0e77ee11569c0dd3a3e10da8d2441,ordinary_member; manifest files excluded to avoid circularity
URP4/07_COMPRESSION_DATA_AND_PILOT/COMP-FACTORY-001/excluded_non_model_rows.csv,7275,dd605ce7e35ca52924965abfc4e54920ec3927ea885fd82918d59fca78829ca2,ordinary_member; manifest files excluded to avoid circularity
URP4/07_COMPRESSION_DATA_AND_PILOT/COMP-FACTORY-001/feature_registry.csv,5387,60f196b603f7f4ff70e13cf23b19b42280e0775412e2e1789cad1c3adbfbb022,ordinary_member; manifest files excluded to avoid circularity
URP4/07_COMPRESSION_DATA_AND_PILOT/COMP-FACTORY-001/INDEPENDENT_QA.csv,2175,1a72200d92b8a3d00212e5cc7ae727762d874e2408508efad5ac4cbed543b8b3,ordinary_member; manifest files excluded to avoid circularity
URP4/07_COMPRESSION_DATA_AND_PILOT/COMP-FACTORY-001/INDEPENDENT_QA_SUMMARY.json,425,83b56004467997dc01055b451327f93a467be07282904b2c9371c7910c264037,ordinary_member; manifest files excluded to avoid circularity
URP4/07_COMPRESSION_DATA_AND_PILOT/COMP-FACTORY-001/MANIFEST.json,4874,8e1c248c69290692381883823bb2e84f0675cfcca3fc9fa76f302d5cdc7a4eda,ordinary_member; manifest files excluded to avoid circularity
URP4/07_COMPRESSION_DATA_AND_PILOT/COMP-FACTORY-001/producer_QA.csv,702,8a0ade335c5256c4b92fb7fd6f3e15c44ae53d80f7cbdc3a16f4511f949f49e9,ordinary_member; manifest files excluded to avoid circularity
URP4/07_COMPRESSION_DATA_AND_PILOT/COMP-FACTORY-001/REPORT.md,699,0a74819b3dc792948dbb9a887a42b17cb2af42b5010f632f9aa6b1d5784de6c4,ordinary_member; manifest files excluded to avoid circularity
URP4/07_COMPRESSION_DATA_AND_PILOT/COMP-FACTORY-001/row_registry.csv,45422,acb0525bf067b800dd4d45d3b93928faaaadad9e7187d552b023804c12213523,ordinary_member; manifest files excluded to avoid circularity
URP4/07_COMPRESSION_DATA_AND_PILOT/COMP-FACTORY-001/source_audit.csv,1223,c215f4f7499088c12f3fe93512b17d4499ab19f95a7673b1cfd5ee559704de66,ordinary_member; manifest files excluded to avoid circularity
URP4/07_COMPRESSION_DATA_AND_PILOT/COMP-FACTORY-001/target_registry.csv,3185,5a0ee38ab1db3c33413abc5a087ed918296d33dff4b58ef265b3280720ebe437,ordinary_member; manifest files excluded to avoid circularity
URP4/07_COMPRESSION_DATA_AND_PILOT/COMP-FACTORY-001_HANDOFF.md,2082,7305e6bd8d721d91c4b0870657e49726b99c6f5bd575697bf27e2eace62680c1,ordinary_member; manifest files excluded to avoid circularity
URP4/07_COMPRESSION_DATA_AND_PILOT/COMP-FACTORY-002/feature_redundancy_edges.csv,1847,ae6c0f7227f1be49fc6b7109e1eb267413b0f1cd63f27eee2ca05cb77f5f795e,ordinary_member; manifest files excluded to avoid circularity
URP4/07_COMPRESSION_DATA_AND_PILOT/COMP-FACTORY-002/feature_selection_frequency.csv,16190,f29d04978287d0cf42e362c1ac5027ea695454c02fdbba7fcc673f51e4e62134,ordinary_member; manifest files excluded to avoid circularity
URP4/07_COMPRESSION_DATA_AND_PILOT/COMP-FACTORY-002/feature_x_only_census.csv,6520,e1e2e8f6d80e2fdfb12832b795353e4612b512f16e57f0b4da2cf2e03b1dcf5a,ordinary_member; manifest files excluded to avoid circularity
URP4/07_COMPRESSION_DATA_AND_PILOT/COMP-FACTORY-002/figures/f1_yx.png,363853,ce71dba9c226de9646994bcf1b2000a76aa5a58831a17f082c1b58b8db175986,ordinary_member; manifest files excluded to avoid circularity
URP4/07_COMPRESSION_DATA_AND_PILOT/COMP-FACTORY-002/figures/f2_r2.png,92849,b94166cad0280c206202e4bad6da714a9267910044cc8d2bcb1a36eb3251ea57,ordinary_member; manifest files excluded to avoid circularity
URP4/07_COMPRESSION_DATA_AND_PILOT/COMP-FACTORY-002/figures/f3_block.png,129706,3dbe9e4628780493dcf4216ba7106f839acfb22d5643be359967b1b32d29346d,ordinary_member; manifest files excluded to avoid circularity
URP4/07_COMPRESSION_DATA_AND_PILOT/COMP-FACTORY-002/fold_local_feature_selection.csv,52749,093e9ac022b8509ac1c20b2acbec325fbb3ecebc4968b739dbd106e5090b40bb,ordinary_member; manifest files excluded to avoid circularity
URP4/07_COMPRESSION_DATA_AND_PILOT/COMP-FACTORY-002/INDEPENDENT_QA.csv,3494,fdefb6bfd552efbc9ef97d2aed2b1952e6ac90655940c5c62ca13611a710b08b,ordinary_member; manifest files excluded to avoid circularity
URP4/07_COMPRESSION_DATA_AND_PILOT/COMP-FACTORY-002/INDEPENDENT_QA_SUMMARY.json,480,b3514e59f747834d77c325b77e96c9443ed739f463a30705562b9c74b0c9c68b,ordinary_member; manifest files excluded to avoid circularity
URP4/07_COMPRESSION_DATA_AND_PILOT/COMP-FACTORY-002/MANIFEST.json,4393,286426acf31db50667cdb091184c39c90717b3ad226c6a241760d9854a1b08ee,ordinary_member; manifest files excluded to avoid circularity
URP4/07_COMPRESSION_DATA_AND_PILOT/COMP-FACTORY-002/method_execution_details.csv,60777,9ff4e89fd552970463c59dfcb29b7bfe92b5b72d0d1414fc8dd7f4d5d33b905f,ordinary_member; manifest files excluded to avoid circularity
URP4/07_COMPRESSION_DATA_AND_PILOT/COMP-FACTORY-002/metrics.csv,71538,45ad3d95050eafc0467613faf68f46f236788adcafab588b7e1e1671b6582389,ordinary_member; manifest files excluded to avoid circularity
URP4/07_COMPRESSION_DATA_AND_PILOT/COMP-FACTORY-002/nearest_neighbor_collision_audit.csv,5715,e6efbce50b9818c49f8c1b7a72838296594835a927645e5543a4f3533e5a397b,ordinary_member; manifest files excluded to avoid circularity
URP4/07_COMPRESSION_DATA_AND_PILOT/COMP-FACTORY-002/oof_predictions.csv,1496854,95c03a6548a7f2a38fa647adbec244730ab8d301b3035bd7b2050cec3ab8062f,ordinary_member; manifest files excluded to avoid circularity
URP4/07_COMPRESSION_DATA_AND_PILOT/COMP-FACTORY-002/outer_fold_registry.csv,2869,06f5c1cecd5891fe51675bb729062aa166d3c8b1db082883fd8d370a131ca00a,ordinary_member; manifest files excluded to avoid circularity
URP4/07_COMPRESSION_DATA_AND_PILOT/COMP-FACTORY-002/producer_QA.csv,464,d6887cf317d7463188d49de70ef587cfa240c3e98c87115d6cf9fdd24b883805,ordinary_member; manifest files excluded to avoid circularity
URP4/07_COMPRESSION_DATA_AND_PILOT/COMP-FACTORY-002/REPORT.md,997,3e172b200e3e87936b476635af10726f933eac665c9ec1f7184686acfb906623,ordinary_member; manifest files excluded to avoid circularity
URP4/07_COMPRESSION_DATA_AND_PILOT/COMP-FACTORY-002/source_hash_audit.csv,882,7c5002943b38086d2d130c1a3c119c1530bd5e06f8d07731f91e2050d454c615,ordinary_member; manifest files excluded to avoid circularity
URP4/07_COMPRESSION_DATA_AND_PILOT/COMP-FACTORY-002/target_screening_summary.csv,4973,0cc53fa52ada10109b93f4ac25464e94fbde6048a05ecdccaa59b4a862a896f9,ordinary_member; manifest files excluded to avoid circularity
URP4/07_COMPRESSION_DATA_AND_PILOT/COMP-FACTORY-002/target_y_census.csv,3048,de738b9a91c6927b82b3fc503989334de2e47f3ca295d821115d74c8aa9cde10,ordinary_member; manifest files excluded to avoid circularity
URP4/07_COMPRESSION_DATA_AND_PILOT/COMP-FACTORY-002/target_y_redundancy_edges.csv,609,df17243f9c7d6d3de1488b309751bb1b6e50d5b78d75daadd4c8fe7e9fc62dd4,ordinary_member; manifest files excluded to avoid circularity
URP4/07_COMPRESSION_DATA_AND_PILOT/COMP-FACTORY-002/target_y_source_block_summary.csv,6336,b9f53e8238d26fdace60163d47fe5e68838effe8c1d65d1728ed748a6fc2a5c7,ordinary_member; manifest files excluded to avoid circularity
URP4/07_COMPRESSION_DATA_AND_PILOT/COMP-FACTORY-002_HANDOFF.md,5694,a889df82ef4f29bafebe82aa0b7c434978d6db6777b4239376d51a8ba207aec5,ordinary_member; manifest files excluded to avoid circularity
URP4/07_COMPRESSION_DATA_AND_PILOT/COMP-FACTORY-003_BCL_VORONOI_INTAKE/cell_lineage.csv,312486,6b550af68ce49cff93a0577cfafc432f8712a655420903e796c199443fda859e,ordinary_member; manifest files excluded to avoid circularity
URP4/07_COMPRESSION_DATA_AND_PILOT/COMP-FACTORY-003_BCL_VORONOI_INTAKE/feature_registry.csv,6385,b3ac03bf757ddfc04b35f5a6ba2731252854230aa8fa6befdde41edda433b7ed,ordinary_member; manifest files excluded to avoid circularity
URP4/07_COMPRESSION_DATA_AND_PILOT/COMP-FACTORY-003_BCL_VORONOI_INTAKE/independent_QA.csv,774,1b80180561da430cde60aa622573773d1c6247d78796d35ba2f9569f4d36b08c,ordinary_member; manifest files excluded to avoid circularity
URP4/07_COMPRESSION_DATA_AND_PILOT/COMP-FACTORY-003_BCL_VORONOI_INTAKE/independent_QA.json,315,70a65a0543b6cc79d6fd04b39064eff2c72c7f47a46f4c09c160baf629897ec9,ordinary_member; manifest files excluded to avoid circularity
URP4/07_COMPRESSION_DATA_AND_PILOT/COMP-FACTORY-003_BCL_VORONOI_INTAKE/MANIFEST.json,2717,149b3a09ba54e7c9bc7dd4c18d7a78d81c862cf3390ec9ebb081b67ab28d11a4,ordinary_member; manifest files excluded to avoid circularity
URP4/07_COMPRESSION_DATA_AND_PILOT/COMP-FACTORY-003_BCL_VORONOI_INTAKE/performance_y_wide_all.csv,86002,899da5e0d5e9eaf554e307b162aa6f759fba94b1238ca0421cb710612dab6170,ordinary_member; manifest files excluded to avoid circularity
URP4/07_COMPRESSION_DATA_AND_PILOT/COMP-FACTORY-003_BCL_VORONOI_INTAKE/producer_QA.csv,483,225e8ed899c42f68fe57b794fa5a8c66e7df5584e84ee4401c6a4964023f7fd3,ordinary_member; manifest files excluded to avoid circularity
URP4/07_COMPRESSION_DATA_AND_PILOT/COMP-FACTORY-003_BCL_VORONOI_INTAKE/REPORT.md,1339,588bcceed6331f3607dc6aa777a80f70579cd26ab19ecd6a55802f48d20472c1,ordinary_member; manifest files excluded to avoid circularity
URP4/07_COMPRESSION_DATA_AND_PILOT/COMP-FACTORY-003_BCL_VORONOI_INTAKE/row_registry.csv,17047,a44386ba00cea6481c26d9f0c24c1c09ab1c1d117d25dadc21e9a17c0dd325e3,ordinary_member; manifest files excluded to avoid circularity
URP4/07_COMPRESSION_DATA_AND_PILOT/COMP-FACTORY-003_BCL_VORONOI_INTAKE/source_audit.csv,1751,7349bfae2b3425210a7041399cd0bd949bfd0398fe761e07b48519ed44e36776,ordinary_member; manifest files excluded to avoid circularity
URP4/07_COMPRESSION_DATA_AND_PILOT/COMP-FACTORY-003_BCL_VORONOI_INTAKE/structural_x_wide_relevant.csv,119073,5e9de85327eada07d39bb14e745756d2142278d233526f90f6cb60ac2eaaa3c7,ordinary_member; manifest files excluded to avoid circularity
URP4/07_COMPRESSION_DATA_AND_PILOT/COMP-FACTORY-003_BCL_VORONOI_INTAKE/target_registry.csv,1510,c50929341006caaf9074e9c171d2b02a8578c51a07b4c4e907ef49b7925c5a12,ordinary_member; manifest files excluded to avoid circularity
URP4/07_COMPRESSION_DATA_AND_PILOT/COMP-FACTORY-003_BCL_VORONOI_INTAKE/xy_eligible_exact_join.csv,183088,5aea0e498685cfaf1926059e00b880c5a220e5e16d368d8b37987d5f66f0187e,ordinary_member; manifest files excluded to avoid circularity
URP4/07_COMPRESSION_DATA_AND_PILOT/COMP-FACTORY-004_BCL/best_target_y_vs_oof_prediction.png,121317,c42630c13c4094445c7391a5940b3e232477379ef9b142db304eb3d136bdb4f4,ordinary_member; manifest files excluded to avoid circularity
URP4/07_COMPRESSION_DATA_AND_PILOT/COMP-FACTORY-004_BCL/feature_redundancy_edges.csv,375,5c30e9c842d0d28bc3f7324fc8e19d3875be156c851d93db0a7d51b5daab6bbb,ordinary_member; manifest files excluded to avoid circularity
URP4/07_COMPRESSION_DATA_AND_PILOT/COMP-FACTORY-004_BCL/feature_selection_frequency.csv,12945,fe10f84236140ff66a930f76f905e7420e6a6c9fed67ff554af6a3023f7dd587,ordinary_member; manifest files excluded to avoid circularity
URP4/07_COMPRESSION_DATA_AND_PILOT/COMP-FACTORY-004_BCL/feature_x_only_census.csv,3936,5a8df039ac06a82ea574c54f0f976f4213f0bb989498dedb2068ae4ca4fdd05a,ordinary_member; manifest files excluded to avoid circularity
URP4/07_COMPRESSION_DATA_AND_PILOT/COMP-FACTORY-004_BCL/fold_local_feature_selection.csv,62185,759ee79d954653afa75ab7ce6e36152f42b704e8211993401516cf6bde1bd3df,ordinary_member; manifest files excluded to avoid circularity
URP4/07_COMPRESSION_DATA_AND_PILOT/COMP-FACTORY-004_BCL/independent_QA.csv,488,74371f0c695e32376cf82eade05b79ca1f5f4f366636086a820b0614fc182714,ordinary_member; manifest files excluded to avoid circularity
URP4/07_COMPRESSION_DATA_AND_PILOT/COMP-FACTORY-004_BCL/independent_QA.json,368,b1cce44f803267c8b2e1872354bf304a883041ea29c09b299ed03b7c41213be0,ordinary_member; manifest files excluded to avoid circularity
URP4/07_COMPRESSION_DATA_AND_PILOT/COMP-FACTORY-004_BCL/independent_QA_v2.csv,494,cf6e0a77f9e4900181728f4d353933301eaa69bb4fb551b70c864f7f92c3605d,ordinary_member; manifest files excluded to avoid circularity
URP4/07_COMPRESSION_DATA_AND_PILOT/COMP-FACTORY-004_BCL/independent_QA_v2.json,383,a3a5c30ad6d9666aa8630dbd0bde459f30c029e9ae068bc42d63bcf40485b0f9,ordinary_member; manifest files excluded to avoid circularity
URP4/07_COMPRESSION_DATA_AND_PILOT/COMP-FACTORY-004_BCL/MANIFEST.json,3099,7868d3895d4c067e7b405b3d6c8c4d92e123e32427b6750541c66094bf779b63,ordinary_member; manifest files excluded to avoid circularity
URP4/07_COMPRESSION_DATA_AND_PILOT/COMP-FACTORY-004_BCL/method_execution_details.csv,55624,02a47176aaad0eed1801b66245951f4859021ac1b51322a2c6aad417781f0661,ordinary_member; manifest files excluded to avoid circularity
URP4/07_COMPRESSION_DATA_AND_PILOT/COMP-FACTORY-004_BCL/metrics.csv,66438,89460cca3f86113407a6420facf8b7e0c6f2fa04d3228f23923d6e51cce9d9f8,ordinary_member; manifest files excluded to avoid circularity
URP4/07_COMPRESSION_DATA_AND_PILOT/COMP-FACTORY-004_BCL/oof_predictions.csv,1035426,a57997f4cdb32977113efe611c5e2a3d99ed97db1955bcc54cacb7fdfd04b695,ordinary_member; manifest files excluded to avoid circularity
URP4/07_COMPRESSION_DATA_AND_PILOT/COMP-FACTORY-004_BCL/outer_fold_registry.csv,4854,ae85f73fc096c409bab51c52adc6c9f025c4805c5db3087a70b69ca4a66e7f42,ordinary_member; manifest files excluded to avoid circularity
URP4/07_COMPRESSION_DATA_AND_PILOT/COMP-FACTORY-004_BCL/producer_QA.csv,431,9a1c3b8572c7939affcaf44073d8f9cdfd852d02cabbea3a4939a81dabef3fe3,ordinary_member; manifest files excluded to avoid circularity
URP4/07_COMPRESSION_DATA_AND_PILOT/COMP-FACTORY-004_BCL/REPORT.md,4033,750f6d7b77e41ec590c1f35e1abdbfe9e8f43ea444bdef86b845c1e41ad2146e,ordinary_member; manifest files excluded to avoid circularity
URP4/07_COMPRESSION_DATA_AND_PILOT/COMP-FACTORY-004_BCL/source_hash_audit.csv,863,faef6f9e35a5f341fceb721f7ed368e92468d14ce2a68c7778ba1eb3da1c8615,ordinary_member; manifest files excluded to avoid circularity
URP4/07_COMPRESSION_DATA_AND_PILOT/COMP-FACTORY-004_BCL/target_screening_pooled_r2.png,77851,36afec6a689c3780114f0723db41c9a63f4d0d2756341653717cfe7cab08329a,ordinary_member; manifest files excluded to avoid circularity
URP4/07_COMPRESSION_DATA_AND_PILOT/COMP-FACTORY-004_BCL/target_screening_summary.csv,3980,218d300392ceed783138411b8c156cdea2f30360fc9f3d9f4f9ec677ddd55961,ordinary_member; manifest files excluded to avoid circularity
URP4/07_COMPRESSION_DATA_AND_PILOT/COMP-FACTORY-004_BCL/WARNING_AND_LIMITATION_REGISTER.csv,1765,daa5710aefbefb733dabb1bf3d57a4622cbcf7eddfbb4c4af8723d8ac032f921,ordinary_member; manifest files excluded to avoid circularity
URP4/07_COMPRESSION_DATA_AND_PILOT/COMP-FACTORY-004_BCL/WARNING_AND_LIMITATION_REGISTER_v2.csv,1765,daa5710aefbefb733dabb1bf3d57a4622cbcf7eddfbb4c4af8723d8ac032f921,ordinary_member; manifest files excluded to avoid circularity
URP4/07_COMPRESSION_DATA_AND_PILOT/COMP-FACTORY-004_HANDOFF/MERGE_PACKET.md,1760,c703547c01ebc0a00c8e38c7af1bf10ac1d0f24b806d225fdd216113843e614c,ordinary_member; manifest files excluded to avoid circularity
URP4/07_COMPRESSION_DATA_AND_PILOT/COMP-FACTORY-004_HANDOFF/REPORT.md,5129,183742bc6fad23921a14ce513570b27995d0800b0cd4387b684da0445187f6e6,ordinary_member; manifest files excluded to avoid circularity
URP4/07_COMPRESSION_DATA_AND_PILOT/COMP-FACTORY-004_HANDOFF/RESULT_INDEX.csv,2062,f050121cad4da69ae8b397637906f397dbae477c300ab5bcbc0151d580257808,ordinary_member; manifest files excluded to avoid circularity
URP4/07_COMPRESSION_DATA_AND_PILOT/COMP-FACTORY-004_PIPELINE_SOURCE/PIPELINE_REPRODUCTION_GUIDE.md,2879,213a43950ce60cf6fbcfc22f2d67d31a55f2265e64c5f0af162d9408574fdda1,ordinary_member; manifest files excluded to avoid circularity
URP4/07_COMPRESSION_DATA_AND_PILOT/COMP-FACTORY-004_PIPELINE_SOURCE/project_snapshot/experiments/lab_001_xy_connection_20260626/data/processed/COMP-FACTORY-003/COMP-FACTORY-003-BCL-VORONOI-20260802-001/cell_lineage.csv,312486,6b550af68ce49cff93a0577cfafc432f8712a655420903e796c199443fda859e,ordinary_member; manifest files excluded to avoid circularity
URP4/07_COMPRESSION_DATA_AND_PILOT/COMP-FACTORY-004_PIPELINE_SOURCE/project_snapshot/experiments/lab_001_xy_connection_20260626/data/processed/COMP-FACTORY-003/COMP-FACTORY-003-BCL-VORONOI-20260802-001/feature_registry.csv,6385,b3ac03bf757ddfc04b35f5a6ba2731252854230aa8fa6befdde41edda433b7ed,ordinary_member; manifest files excluded to avoid circularity
URP4/07_COMPRESSION_DATA_AND_PILOT/COMP-FACTORY-004_PIPELINE_SOURCE/project_snapshot/experiments/lab_001_xy_connection_20260626/data/processed/COMP-FACTORY-003/COMP-FACTORY-003-BCL-VORONOI-20260802-001/independent_QA.csv,774,1b80180561da430cde60aa622573773d1c6247d78796d35ba2f9569f4d36b08c,ordinary_member; manifest files excluded to avoid circularity
URP4/07_COMPRESSION_DATA_AND_PILOT/COMP-FACTORY-004_PIPELINE_SOURCE/project_snapshot/experiments/lab_001_xy_connection_20260626/data/processed/COMP-FACTORY-003/COMP-FACTORY-003-BCL-VORONOI-20260802-001/independent_QA.json,315,70a65a0543b6cc79d6fd04b39064eff2c72c7f47a46f4c09c160baf629897ec9,ordinary_member; manifest files excluded to avoid circularity
URP4/07_COMPRESSION_DATA_AND_PILOT/COMP-FACTORY-004_PIPELINE_SOURCE/project_snapshot/experiments/lab_001_xy_connection_20260626/data/processed/COMP-FACTORY-003/COMP-FACTORY-003-BCL-VORONOI-20260802-001/MANIFEST.json,2717,149b3a09ba54e7c9bc7dd4c18d7a78d81c862cf3390ec9ebb081b67ab28d11a4,ordinary_member; manifest files excluded to avoid circularity
URP4/07_COMPRESSION_DATA_AND_PILOT/COMP-FACTORY-004_PIPELINE_SOURCE/project_snapshot/experiments/lab_001_xy_connection_20260626/data/processed/COMP-FACTORY-003/COMP-FACTORY-003-BCL-VORONOI-20260802-001/performance_y_wide_all.csv,86002,899da5e0d5e9eaf554e307b162aa6f759fba94b1238ca0421cb710612dab6170,ordinary_member; manifest files excluded to avoid circularity
URP4/07_COMPRESSION_DATA_AND_PILOT/COMP-FACTORY-004_PIPELINE_SOURCE/project_snapshot/experiments/lab_001_xy_connection_20260626/data/processed/COMP-FACTORY-003/COMP-FACTORY-003-BCL-VORONOI-20260802-001/producer_QA.csv,483,225e8ed899c42f68fe57b794fa5a8c66e7df5584e84ee4401c6a4964023f7fd3,ordinary_member; manifest files excluded to avoid circularity
URP4/07_COMPRESSION_DATA_AND_PILOT/COMP-FACTORY-004_PIPELINE_SOURCE/project_snapshot/experiments/lab_001_xy_connection_20260626/data/processed/COMP-FACTORY-003/COMP-FACTORY-003-BCL-VORONOI-20260802-001/REPORT.md,1339,588bcceed6331f3607dc6aa777a80f70579cd26ab19ecd6a55802f48d20472c1,ordinary_member; manifest files excluded to avoid circularity
URP4/07_COMPRESSION_DATA_AND_PILOT/COMP-FACTORY-004_PIPELINE_SOURCE/project_snapshot/experiments/lab_001_xy_connection_20260626/data/processed/COMP-FACTORY-003/COMP-FACTORY-003-BCL-VORONOI-20260802-001/row_registry.csv,17047,a44386ba00cea6481c26d9f0c24c1c09ab1c1d117d25dadc21e9a17c0dd325e3,ordinary_member; manifest files excluded to avoid circularity
URP4/07_COMPRESSION_DATA_AND_PILOT/COMP-FACTORY-004_PIPELINE_SOURCE/project_snapshot/experiments/lab_001_xy_connection_20260626/data/processed/COMP-FACTORY-003/COMP-FACTORY-003-BCL-VORONOI-20260802-001/source_audit.csv,1751,7349bfae2b3425210a7041399cd0bd949bfd0398fe761e07b48519ed44e36776,ordinary_member; manifest files excluded to avoid circularity
URP4/07_COMPRESSION_DATA_AND_PILOT/COMP-FACTORY-004_PIPELINE_SOURCE/project_snapshot/experiments/lab_001_xy_connection_20260626/data/processed/COMP-FACTORY-003/COMP-FACTORY-003-BCL-VORONOI-20260802-001/structural_x_wide_relevant.csv,119073,5e9de85327eada07d39bb14e745756d2142278d233526f90f6cb60ac2eaaa3c7,ordinary_member; manifest files excluded to avoid circularity
URP4/07_COMPRESSION_DATA_AND_PILOT/COMP-FACTORY-004_PIPELINE_SOURCE/project_snapshot/experiments/lab_001_xy_connection_20260626/data/processed/COMP-FACTORY-003/COMP-FACTORY-003-BCL-VORONOI-20260802-001/target_registry.csv,1510,c50929341006caaf9074e9c171d2b02a8578c51a07b4c4e907ef49b7925c5a12,ordinary_member; manifest files excluded to avoid circularity
URP4/07_COMPRESSION_DATA_AND_PILOT/COMP-FACTORY-004_PIPELINE_SOURCE/project_snapshot/experiments/lab_001_xy_connection_20260626/data/processed/COMP-FACTORY-003/COMP-FACTORY-003-BCL-VORONOI-20260802-001/xy_eligible_exact_join.csv,183088,5aea0e498685cfaf1926059e00b880c5a220e5e16d368d8b37987d5f66f0187e,ordinary_member; manifest files excluded to avoid circularity
URP4/07_COMPRESSION_DATA_AND_PILOT/COMP-FACTORY-004_PIPELINE_SOURCE/project_snapshot/experiments/lab_001_xy_connection_20260626/data/raw/doctor_compression_data_20260731/01_structural_factors/Structural_Factors_All.xlsx,164127,088255b6d35461b4abce0d11f160043169b8824dce1b62d33d0d543548f9cda1,ordinary_member; manifest files excluded to avoid circularity
URP4/07_COMPRESSION_DATA_AND_PILOT/COMP-FACTORY-004_PIPELINE_SOURCE/project_snapshot/experiments/lab_001_xy_connection_20260626/factories/COMP-FACTORY-001/config/compression_groups_v0_2.json,3143,76a2f394db848ff77b9acaaac468abdd915f93d9f62f395ca6f92aaf22ce22a1,ordinary_member; manifest files excluded to avoid circularity
URP4/07_COMPRESSION_DATA_AND_PILOT/COMP-FACTORY-004_PIPELINE_SOURCE/project_snapshot/experiments/lab_001_xy_connection_20260626/factories/COMP-FACTORY-001/FACTORY_STATUS.json,2723,3b132f4ce3cdd79e22288f00569e607d899d49369d5afbd0808bf7d8674ad093,ordinary_member; manifest files excluded to avoid circularity
URP4/07_COMPRESSION_DATA_AND_PILOT/COMP-FACTORY-004_PIPELINE_SOURCE/project_snapshot/experiments/lab_001_xy_connection_20260626/factories/COMP-FACTORY-001/README.md,3514,3d39ab227ad0645884cca026d772d2743b3e3e7b22bf9f9f6fe7de06db6ad2eb,ordinary_member; manifest files excluded to avoid circularity
URP4/07_COMPRESSION_DATA_AND_PILOT/COMP-FACTORY-004_PIPELINE_SOURCE/project_snapshot/experiments/lab_001_xy_connection_20260626/scripts/COMP002_ai_lattice_fs4_pilot.py,41556,96318450fe23e7d0710a1f99fc814ecc09488eef73044ba727b54e5d5f99097c,ordinary_member; manifest files excluded to avoid circularity
URP4/07_COMPRESSION_DATA_AND_PILOT/COMP-FACTORY-004_PIPELINE_SOURCE/project_snapshot/experiments/lab_001_xy_connection_20260626/scripts/COMP003_xlsx_structure_probe.py,5694,5e92f8bba4aa2f1838b00c6e795adfb6da8d6b416698b450bc69efe29dedf6a7,ordinary_member; manifest files excluded to avoid circularity
URP4/07_COMPRESSION_DATA_AND_PILOT/COMP-FACTORY-004_PIPELINE_SOURCE/project_snapshot/experiments/lab_001_xy_connection_20260626/scripts/COMP004_bcl_voronoi_independent_qa.py,4608,f92592aedc9843a5c61a6c6010cc98fa816c7c2ebeb45d7c30132c1f5e4ca942,ordinary_member; manifest files excluded to avoid circularity
URP4/07_COMPRESSION_DATA_AND_PILOT/COMP-FACTORY-004_PIPELINE_SOURCE/project_snapshot/experiments/lab_001_xy_connection_20260626/scripts/COMP004_bcl_voronoi_intake.py,20119,f94304a19057c8dc552738afd15918d057be76504579fdb919be96452022ab7f,ordinary_member; manifest files excluded to avoid circularity
URP4/07_COMPRESSION_DATA_AND_PILOT/COMP-FACTORY-004_PIPELINE_SOURCE/project_snapshot/experiments/lab_001_xy_connection_20260626/scripts/COMP005_multigroup_fs4_pilot.py,23608,622c9bdc22ae77614e00df81c619eabf4a8d6b4c9c7b0dfae76de5cdaeb9ea31,ordinary_member; manifest files excluded to avoid circularity
URP4/07_COMPRESSION_DATA_AND_PILOT/COMP-FACTORY-004_PIPELINE_SOURCE/project_snapshot/experiments/lab_001_xy_connection_20260626/scripts/COMP005_multigroup_independent_qa.py,7008,945794c0073f74d3868fd2fe473a1bbca5bd9e90db7894d8a554a6d1824a1b9b,ordinary_member; manifest files excluded to avoid circularity
URP4/07_COMPRESSION_DATA_AND_PILOT/COMP-FACTORY-004_PIPELINE_SOURCE/project_snapshot/experiments/lab_001_xy_connection_20260626/scripts/COMP006_artifact_output_validation.mjs,788,ef7647a193b093291b17d801024d443407ead8688dd0a1046ff9d4ac057e3289,ordinary_member; manifest files excluded to avoid circularity
URP4/07_COMPRESSION_DATA_AND_PILOT/COMP-FACTORY-004_PIPELINE_SOURCE/SOURCE_CODE_SHA256.csv,2161,5ab6ffbb008f97528cd5bd2c14a67fa6e911f3c5eb9a5b0e03fa8b77edb670c6,ordinary_member; manifest files excluded to avoid circularity
URP4/07_COMPRESSION_DATA_AND_PILOT/COMP-FACTORY-004_VORONOI/best_target_y_vs_oof_prediction.png,88763,28060ff2bca3f1f83a434b68ea4488621d81c804db68beec63b4bd7fbcea31c7,ordinary_member; manifest files excluded to avoid circularity
URP4/07_COMPRESSION_DATA_AND_PILOT/COMP-FACTORY-004_VORONOI/feature_redundancy_edges.csv,345,86400f6b5621447a1b41fa9da797145685da2cfcd6da82873f0b19f23b7cbb60,ordinary_member; manifest files excluded to avoid circularity
URP4/07_COMPRESSION_DATA_AND_PILOT/COMP-FACTORY-004_VORONOI/feature_selection_frequency.csv,17543,dce8e1145e4e27d795f4f71ab727e49846c8e1caca796885e6865f3aa22a184a,ordinary_member; manifest files excluded to avoid circularity
URP4/07_COMPRESSION_DATA_AND_PILOT/COMP-FACTORY-004_VORONOI/feature_x_only_census.csv,4144,67263a92c9fac698297b45734a8ce7fdcad2513114270749de8ffe9539b62039,ordinary_member; manifest files excluded to avoid circularity
URP4/07_COMPRESSION_DATA_AND_PILOT/COMP-FACTORY-004_VORONOI/fold_local_feature_selection.csv,62666,8c2afc2bc33ad4e88ddc065b70af67fac47fbe442e0e2d0a49c82d28a8cb3a5d,ordinary_member; manifest files excluded to avoid circularity
URP4/07_COMPRESSION_DATA_AND_PILOT/COMP-FACTORY-004_VORONOI/independent_QA.csv,496,4eb19187e2c4811c795c1b496e72f6e7a1a72acef231931defdef570b3c4701c,ordinary_member; manifest files excluded to avoid circularity
URP4/07_COMPRESSION_DATA_AND_PILOT/COMP-FACTORY-004_VORONOI/independent_QA.json,388,dc95c54a9aa18472499d90ee3f0c8b8d6cb719b1f4b7d8a51f11f8d47ee3e2eb,ordinary_member; manifest files excluded to avoid circularity
URP4/07_COMPRESSION_DATA_AND_PILOT/COMP-FACTORY-004_VORONOI/independent_QA_v2.csv,496,86140c7ffb3a78c59de8087c5234a46fc97c7a3baf4bfb1b6ae99688e7420676,ordinary_member; manifest files excluded to avoid circularity
URP4/07_COMPRESSION_DATA_AND_PILOT/COMP-FACTORY-004_VORONOI/independent_QA_v2.json,388,dc95c54a9aa18472499d90ee3f0c8b8d6cb719b1f4b7d8a51f11f8d47ee3e2eb,ordinary_member; manifest files excluded to avoid circularity
URP4/07_COMPRESSION_DATA_AND_PILOT/COMP-FACTORY-004_VORONOI/MANIFEST.json,3113,08ad7e4c7f0b009b66d2c6bea3629a7bd683ff384055048b086128a1dd82dd0f,ordinary_member; manifest files excluded to avoid circularity
URP4/07_COMPRESSION_DATA_AND_PILOT/COMP-FACTORY-004_VORONOI/method_execution_details.csv,55889,a03ab6e64afd867f4c1c1c5fc17c79eff3d399921abc5ec2e8cbdf6f80b15b3d,ordinary_member; manifest files excluded to avoid circularity
URP4/07_COMPRESSION_DATA_AND_PILOT/COMP-FACTORY-004_VORONOI/metrics.csv,68197,8025fc35e66d39b920ea57a729f9273f5f50e75a336223e8130079c4c393e5af,ordinary_member; manifest files excluded to avoid circularity
URP4/07_COMPRESSION_DATA_AND_PILOT/COMP-FACTORY-004_VORONOI/oof_predictions.csv,261208,9d6d5521376b11a4cea65ca0de60695c9d48f6fbb813afd7259b10e7dfc62fc6,ordinary_member; manifest files excluded to avoid circularity
URP4/07_COMPRESSION_DATA_AND_PILOT/COMP-FACTORY-004_VORONOI/outer_fold_registry.csv,5750,3dd8dd1c1de03e41364f6c6f120b751c3359abdc8b25bd401d1af8ada7c8c808,ordinary_member; manifest files excluded to avoid circularity
URP4/07_COMPRESSION_DATA_AND_PILOT/COMP-FACTORY-004_VORONOI/producer_QA.csv,439,2fa03164b1d04f4aa9139e1a5189a308b9b5586d395c88adf10b54994fd6dd3c,ordinary_member; manifest files excluded to avoid circularity
URP4/07_COMPRESSION_DATA_AND_PILOT/COMP-FACTORY-004_VORONOI/REPORT.md,3916,160f484f89bf93967daf1c2a200f10cd168a608c9295f4c7f05f8e1112c87781,ordinary_member; manifest files excluded to avoid circularity
URP4/07_COMPRESSION_DATA_AND_PILOT/COMP-FACTORY-004_VORONOI/source_hash_audit.csv,863,faef6f9e35a5f341fceb721f7ed368e92468d14ce2a68c7778ba1eb3da1c8615,ordinary_member; manifest files excluded to avoid circularity
URP4/07_COMPRESSION_DATA_AND_PILOT/COMP-FACTORY-004_VORONOI/target_screening_pooled_r2.png,79934,a4ae035976648d2d50eca7f5126322d497b7232816da6d75d019a30c8b44874c,ordinary_member; manifest files excluded to avoid circularity
URP4/07_COMPRESSION_DATA_AND_PILOT/COMP-FACTORY-004_VORONOI/target_screening_summary.csv,3713,29ca4d7c03dbdb8085b4be77a413cddfa724b3d2812c9a35149a2e843035bfd6,ordinary_member; manifest files excluded to avoid circularity
URP4/07_COMPRESSION_DATA_AND_PILOT/COMP-FACTORY-004_VORONOI/WARNING_AND_LIMITATION_REGISTER.csv,2010,bff865a64d06e1b0bf15aee02dd0df84f11b92b9d4a5c56860d542df84e7a431,ordinary_member; manifest files excluded to avoid circularity
URP4/07_COMPRESSION_DATA_AND_PILOT/COMP-FACTORY-004_VORONOI/WARNING_AND_LIMITATION_REGISTER_v2.csv,2010,bff865a64d06e1b0bf15aee02dd0df84f11b92b9d4a5c56860d542df84e7a431,ordinary_member; manifest files excluded to avoid circularity
URP4/08_OPTIONAL_UI_DEMO/README_BOUNDARY.md,183,cd353ca93712c0eab0668667de3b9ffa7f5d56afb79a37782da338a04e832e63,ordinary_member; manifest files excluded to avoid circularity
URP4/08_OPTIONAL_UI_DEMO/UI_FACTORY_003_PROFESSOR_COLD_START_ACCEPTANCE_20260731.md,2223,d7f4b77883b22be29135d3b7ef30ab0d462fc22aa2e0207da03dd23ecd0b915b,ordinary_member; manifest files excluded to avoid circularity
URP4/08_OPTIONAL_UI_DEMO/URP4-1_FACTORY_v1_3.zip,271533,440efa0c708bf6807e4204b66433bad11beb5160916038ab65db7a744f19b49a,ordinary_member; manifest files excluded to avoid circularity
URP4/09_LIMITATIONS_AND_RESUME/AI_START_HERE_SOURCE_POINTER.md,377192,01480b395fac939eb4aa5fc2e97f5e4db29626f4717f26559e8a15f00e0bd54b,ordinary_member; manifest files excluded to avoid circularity
URP4/09_LIMITATIONS_AND_RESUME/KNOWN_LIMITATIONS_AND_BLOCKERS.md,870,2b983c4d71a09a7dd631184f3f4ae134ace62de24d542039f535aa73c1677765,ordinary_member; manifest files excluded to avoid circularity
URP4/09_LIMITATIONS_AND_RESUME/R09_blackbox_decision_register_20260703.md,1079243,74a9cebc42e38da75d434db7127f99e1d0c4a0af6b5a82ac411ac4df6dfa965b,ordinary_member; manifest files excluded to avoid circularity
URP4/09_LIMITATIONS_AND_RESUME/URP4-1_PROFESSOR_PROJECT_ROADMAP_20260629.md,168650,83913af9b5eb6b39a2633e2a119e1a0f2802241030e359fbebc21eed2ed800da,ordinary_member; manifest files excluded to avoid circularity
URP4/09_LIMITATIONS_AND_RESUME/URP4-1_ROADMAP.md,317765,998d92c926362d663f4fa2298c81bc235b1f6caebc2ba2b2e1b52d1924fead35,ordinary_member; manifest files excluded to avoid circularity
URP4/10_MANIFEST_SHA256_AND_QA/attempts/INDEPENDENT_CONTENT_QA_ATTEMPT_001_FAIL.json,5968,af2a1524014854a371fd0a6a114a30338f61506a6a61173f8ef5d40d7ac51e09,ordinary_member; manifest files excluded to avoid circularity
URP4/10_MANIFEST_SHA256_AND_QA/CLAIM_AND_LIMITATION_LEDGER.csv,3326,44f605d7626848ce23e0f97b64df088e5acc9c3d359a63338435796fc5c5ee39,ordinary_member; manifest files excluded to avoid circularity
URP4/10_MANIFEST_SHA256_AND_QA/DRIVE_DELIVERY_CONTRACT.md,747,85e823c8b601fcd9e81cda7c4186bf8a69e313c02074bb6029e0f4a6f5f33c0d,ordinary_member; manifest files excluded to avoid circularity
URP4/10_MANIFEST_SHA256_AND_QA/INCLUDED_EXCLUDED_FILE_MANIFEST.csv,1562,0210640eac45f79adcb446a9747745e66b6e6cdff94ff80e03b228eaf31bbbe7,ordinary_member; manifest files excluded to avoid circularity
URP4/10_MANIFEST_SHA256_AND_QA/INDEPENDENT_CONTENT_QA.json,6195,c7719498ffcde875cb8bfff2a5458a4d1522d6b6b124c172c0e3d5cd99eb2a8e,ordinary_member; manifest files excluded to avoid circularity
URP4/10_MANIFEST_SHA256_AND_QA/MANIFEST_SCOPE_AND_REVISION_MAP.csv,809,a077f85987482699cc763e4d9400e5f2719d41a9b8308f7b7209ebe5af921797,ordinary_member; manifest files excluded to avoid circularity
URP4/10_MANIFEST_SHA256_AND_QA/MASTER_LEDGER_PREVIEWS/00_README_after.png,68063,1ba495cbde7e49127c7062a42beae433b2c3a4f1cb45e4b1fe197aa6c490e93e,ordinary_member; manifest files excluded to avoid circularity
URP4/10_MANIFEST_SHA256_AND_QA/MASTER_LEDGER_PREVIEWS/00_README_v1_2.png,72719,c89b934081c594bce1c249813ceeb35b10549870f2c65fb8f632076aa908650a,ordinary_member; manifest files excluded to avoid circularity
URP4/10_MANIFEST_SHA256_AND_QA/MASTER_LEDGER_PREVIEWS/02_TRACK_STATUS_after.png,21814,9cefaa1cac39ba2d9ac15c9126333d1cd19698c986c2d69b327c8c862102b689,ordinary_member; manifest files excluded to avoid circularity
URP4/10_MANIFEST_SHA256_AND_QA/MASTER_LEDGER_PREVIEWS/02_TRACK_STATUS_v1_2.png,29863,e93ffd8c4bc42379b04937c2ccd95cb8dab8581613cf7bbe41ed134de73afa62,ordinary_member; manifest files excluded to avoid circularity
URP4/10_MANIFEST_SHA256_AND_QA/MASTER_LEDGER_PREVIEWS/11_REQUIREMENTS_after.png,120847,a7dea9b2278a73e788da1e3482af7b3d0ae99a0a39c7738fe53d4112ac1e69f1,ordinary_member; manifest files excluded to avoid circularity
URP4/10_MANIFEST_SHA256_AND_QA/MASTER_LEDGER_PREVIEWS/11_REQUIREMENTS_v1_2.png,137549,45af28c6db9a9a17fcdddfc973926751f5075a1313c4934a51dbc874e23b2e4d,ordinary_member; manifest files excluded to avoid circularity
URP4/10_MANIFEST_SHA256_AND_QA/MASTER_LEDGER_VISUAL_AND_FORMULA_QA.json,485,8a877933b4c9881baf23be284f74abbea79d81dc3cd12b241c8e77ce476374a5,ordinary_member; manifest files excluded to avoid circularity
URP4/10_MANIFEST_SHA256_AND_QA/PACKAGE_REVISION_v1_1_r2.md,468,3293cf7d03607ec4fc20032cfc93d96c77b12bb159880045e7c5223930f36835,ordinary_member; manifest files excluded to avoid circularity
URP4/10_MANIFEST_SHA256_AND_QA/PACKAGE_REVISION_v1_2_r1.md,328,b3efde2bfedd3c0cacb883c81ad081c4f089d26eaa17cb7b39d09788ad701b4b,ordinary_member; manifest files excluded to avoid circularity
URP4/10_MANIFEST_SHA256_AND_QA/PACKAGE_REVISION_v1_3_R1.md,1011,c16452c4bab3d9f228045e17f82142d251ca17b9df937868f86b966bf77f0cab,ordinary_member; manifest files excluded to avoid circularity
URP4/10_MANIFEST_SHA256_AND_QA/PACKAGE_REVISION_v1_3_R2.md,584,72c63c88001ad80e4327c271a8d6cfdad93d0b01e3430ccb75f44768d894dd8e,ordinary_member; manifest files excluded to avoid circularity
URP4/10_MANIFEST_SHA256_AND_QA/PACKAGE_REVISION_v1_3_R3.md,780,d62e0047888f46ad39e1a41aad05180236ac0893099465d592a98fec5c0676a6,ordinary_member; manifest files excluded to avoid circularity
URP4/10_MANIFEST_SHA256_AND_QA/PACKAGE_REVISION_v1_4_R1.md,686,05cc62073afa94d1d65db8f46eeb82f8b0c9be901249501fc84f776c06b3a7da,ordinary_member; manifest files excluded to avoid circularity
URP4/10_MANIFEST_SHA256_AND_QA/PACKAGE_REVISION_v1_4_R2.md,747,a64c552863062ebe0046aeddfd6d02c05f11a85e82fccaf0d10faac086064c71,ordinary_member; manifest files excluded to avoid circularity
URP4/10_MANIFEST_SHA256_AND_QA/PROTECTED_ASSET_SNAPSHOT.csv,1480,38691ac667a43222a7c653135962bbb3f5af8b2e9d071ff6f37a46be0fa32d67,ordinary_member; manifest files excluded to avoid circularity
URP4/10_MANIFEST_SHA256_AND_QA/R2_PREREGISTRATION.md,4931,73e5aa0524c0496c7059b53e74de4b0796bb80230db095ff1604c06c08739b01,ordinary_member; manifest files excluded to avoid circularity
URP4/10_MANIFEST_SHA256_AND_QA/R2_REPAIR_SCOPE.csv,4382,2ad3104d8c36c3fddf8a236ebc335d5d086e58b61a01bf324a46d2441c54b8c4,ordinary_member; manifest files excluded to avoid circularity
URP4/10_MANIFEST_SHA256_AND_QA/REPRODUCTION_AND_RESUME_GUIDE.md,1141,43130bd3e97bfd713b8ac2bb50904a18480fecbdf486a2da8244d333dc94bb49,ordinary_member; manifest files excluded to avoid circularity
URP4/10_MANIFEST_SHA256_AND_QA/SUBMISSION_REQUIREMENTS_CHECKLIST.csv,2889,5987ec4b02350ce34d5dd9ab2a2e34a7d5910ac8f335335beee83685564f6570,ordinary_member; manifest files excluded to avoid circularity
URP4/10_MANIFEST_SHA256_AND_QA/SUPERSEDED_OR_QUARANTINED_ATTEMPTS.md,548,46198bdccdf97c2c112f423a6bf37529e1362c3bfa40a5b580fdbc695d9488b7,ordinary_member; manifest files excluded to avoid circularity
URP4/10_MANIFEST_SHA256_AND_QA/verify_package_read_only.py,12252,1ecc23c4cefc055d150c18a3a296d85961a07eab28499944fcce6045a4f1d895,ordinary_member; manifest files excluded to avoid circularity
URP4/SOURCE_CUTOFF_SNAPSHOT/CLAIM_AND_LIMITATION_LEDGER.csv,2741,0a9b40f6b7f851488f15fea020b913dc74b3a4ac5fa86b8b8ca3bc8fb4bd3915,ordinary_member; manifest files excluded to avoid circularity
URP4/SOURCE_CUTOFF_SNAPSHOT/CONTEXT_AND_DECISION_LINEAGE.md,5800,7d76752876cfdebd98ad5cb3e095557403f0f21fbdad8a5707986aca2e9ffab9,ordinary_member; manifest files excluded to avoid circularity
URP4/SOURCE_CUTOFF_SNAPSHOT/CONTEXT_LINEAGE_REGISTER.csv,10648,a3108a33968583322564291001f9f33e6eefb8708b05d68a45f8a464af4b7154,ordinary_member; manifest files excluded to avoid circularity
URP4/SOURCE_CUTOFF_SNAPSHOT/EVIDENCE_INDEX.csv,717376,2d572b45f31dc9e53eeacf071417d1cc7f1a6fbd677c0a55608481980c0e83b2,ordinary_member; manifest files excluded to avoid circularity
URP4/SOURCE_CUTOFF_SNAPSHOT/FILE_ALIAS_AND_PATH_INDEX.csv,33622,0818205e53ccd7785d4bbfda01fc985dfce897d27b66e45e0458e4bee83417f8,ordinary_member; manifest files excluded to avoid circularity
URP4/SOURCE_CUTOFF_SNAPSHOT/FINAL_SUBMISSION_REPORT.md,880,1b6a04a10aa51a99e18b1b65bc9a35832183d0ba472e9a849f7a760e991e617c,ordinary_member; manifest files excluded to avoid circularity
URP4/SOURCE_CUTOFF_SNAPSHOT/HQ_CELL_IMPLEMENTATION_MAP.csv,6383,b4510b67a2edb9c6e7f7678282015eb74768febbb40b0cf3570181e8643c8be6,ordinary_member; manifest files excluded to avoid circularity
URP4/SOURCE_CUTOFF_SNAPSHOT/HQ_NOTEBOOK_CELL_TREE.csv,281304,5fcf7e0bec3e99e1463c0ca7e29e869a271c7f7d000eb928f3a3ebcc429e1e71,ordinary_member; manifest files excluded to avoid circularity
URP4/SOURCE_CUTOFF_SNAPSHOT/MERGE_PACKET.md,302,c677bd4aa818e24d8fa8e991812dc14ee0532f0ac9ccffb9c1cb513b8e5cf827,ordinary_member; manifest files excluded to avoid circularity
URP4/SOURCE_CUTOFF_SNAPSHOT/OPEN_GATES.csv,3059,0b8c5167a53ae12e03fc69da1a46117717657134acc9507045aae8a54260295e,ordinary_member; manifest files excluded to avoid circularity
URP4/SOURCE_CUTOFF_SNAPSHOT/OPEN_ISSUES_AND_NEXT_GATES.md,274,5ceb61554c70b2ac248473094b9b6382616f2e1f8aef17d7fd33607eb9d41449,ordinary_member; manifest files excluded to avoid circularity
URP4/SOURCE_CUTOFF_SNAPSHOT/PROJECT_SCHEMA.json,2331311,3f5ad307c3263bad64969899b14ca5405b61db285f3a94026f06a5a7fea4309e,ordinary_member; manifest files excluded to avoid circularity
URP4/SOURCE_CUTOFF_SNAPSHOT/PYTHON_MODULE_AUDIT.csv,495932,6a125053dd5aac26bd1e5fbd8b69530939b5d1b18637a4d6505499a1f519d9cb,ordinary_member; manifest files excluded to avoid circularity
URP4/SOURCE_CUTOFF_SNAPSHOT/RECONCILIATION_DISCREPANCIES.csv,9416,d61d6c65b372918bff945fd58a2a7a63f802d69be611b28aa2eb0a1535e36770,ordinary_member; manifest files excluded to avoid circularity
URP4/SOURCE_CUTOFF_SNAPSHOT/REPRODUCTION_AND_RESUME_GUIDE.md,881,dc97ba8f6d6749e15b05f3c7933029a5252467b817501b988c19f1601171f426,ordinary_member; manifest files excluded to avoid circularity
URP4/SOURCE_CUTOFF_SNAPSHOT/SUBMISSION_REQUIREMENTS_CHECKLIST.csv,1675,9edfbbb949000304b2d5dcaaaf2be6f30a38c05c433a8d0eee8c5eab122cd813,ordinary_member; manifest files excluded to avoid circularity
URP4/SOURCE_CUTOFF_SNAPSHOT/URP4_1_HQ_21CELL_RAW_FLOW.svg,136274,668e507e50592cb7e36fe8f3417e2a57bb73f742cd3a903bc9880f6df7f9c488,ordinary_member; manifest files excluded to avoid circularity
URP4/SOURCE_CUTOFF_SNAPSHOT/URP4_1_HQ_PROJECT_MAP.html,3591,19b2cf4622b970f6e6e5c690ee220f710d76ae85d218510e682ee161744e96aa,ordinary_member; manifest files excluded to avoid circularity
URP4/SOURCE_CUTOFF_SNAPSHOT/URP4_1_HQ_PROJECT_MAP.md,1777,5316391a222a3b56da3277403539078768f021f6a091cf3b8ba07204cb5b8875,ordinary_member; manifest files excluded to avoid circularity
URP4/SOURCE_CUTOFF_SNAPSHOT/URP4_1_HQ_PROJECT_MAP.svg,3978,b2e97366ea50272d1a106e6c8f602648b845c5e2ecae90914050b127e2324b23,ordinary_member; manifest files excluded to avoid circularity
URP4/SOURCE_CUTOFF_SNAPSHOT/URP4_1_MASTER_HANDOFF_LEDGER.xlsx,262954,a3b9a08ca5382e3e239400534121c1b8598c220870e2a26dbd5c996ba689f82c,ordinary_member; manifest files excluded to avoid circularity
URP4/SOURCE_CUTOFF_SNAPSHOT/WORK_PACKAGE_LEDGER.csv,558241,987e2628d58cca7e4f0d90a47ba7426790c6bce0ddefbec4ab268284387f27ef,ordinary_member; manifest files excluded to avoid circularity
