work_id,evidence_role,path,file_url,sha256,size_bytes,last_modified,claim_limit
,protected_asset,AI_START_HERE.md,file:///C:/Users/chuck/Documents/Codex/2026-06-22/a2f23dee1d9a824b840a0175ca9a1f4b-https-app-notion-com-p/AI_START_HERE.md,28fc94fbe940ed59e8899f8da525a9b71d24fe2765ba57713f1da4d45297d72c,369280,2026-07-31T13:24:01+09:00,file-backed evidence; inspect source before upgrading claim
,protected_asset,URP4-1_DELIVERABLE/URP4_1_HQ.ipynb,file:///C:/Users/chuck/Documents/Codex/2026-06-22/a2f23dee1d9a824b840a0175ca9a1f4b-https-app-notion-com-p/URP4-1_DELIVERABLE/URP4_1_HQ.ipynb,6ad6761d0274fa6b41eefed0233aee7cc849bf276e626b13342b13e2889dae40,8740,2026-07-28T14:30:19+09:00,file-backed evidence; inspect source before upgrading claim
,protected_asset,outputs/URP4-1/Model_generator_260506_descriptor_v5_boundary_symmetry_perfboost.ipynb,file:///C:/Users/chuck/Documents/Codex/2026-06-22/a2f23dee1d9a824b840a0175ca9a1f4b-https-app-notion-com-p/outputs/URP4-1/Model_generator_260506_descriptor_v5_boundary_symmetry_perfboost.ipynb,47aa3889f61d7e4bfbca37b65286e6b7ad81cf185ab4dd86ebdc263af5d8b7b7,332721,2026-06-22T17:33:00+09:00,file-backed evidence; inspect source before upgrading claim
,protected_asset,outputs/URP4-1/2._Parameter_result_0727.py,file:///C:/Users/chuck/Documents/Codex/2026-06-22/a2f23dee1d9a824b840a0175ca9a1f4b-https-app-notion-com-p/outputs/URP4-1/2._Parameter_result_0727.py,cdaea5ef1262ca0ea79a7b8ce16a15f435037e779e2688bdecbe80400b3d5c47,11385,2026-06-22T17:33:00+09:00,file-backed evidence; inspect source before upgrading claim
,protected_asset,outputs/URP4-1/3._parameter_angle_all_0727.py,file:///C:/Users/chuck/Documents/Codex/2026-06-22/a2f23dee1d9a824b840a0175ca9a1f4b-https-app-notion-com-p/outputs/URP4-1/3._parameter_angle_all_0727.py,8a64d05839a606df15055d7c9d84565aa889b5e0c63b57b7f27e19ad76f92ceb,10566,2026-06-22T17:33:00+09:00,file-backed evidence; inspect source before upgrading claim
,protected_asset,outputs/URP4-1/압축+열+진동+구조인자_260212.xlsx,file:///C:/Users/chuck/Documents/Codex/2026-06-22/a2f23dee1d9a824b840a0175ca9a1f4b-https-app-notion-com-p/outputs/URP4-1/%EC%95%95%EC%B6%95%2B%EC%97%B4%2B%EC%A7%84%EB%8F%99%2B%EA%B5%AC%EC%A1%B0%EC%9D%B8%EC%9E%90_260212.xlsx,3c0915a3bff3c6b3fa1b47b6b63381eb3d7f06777f1eda8b09e327d4e20b7cca,434120,2026-06-22T17:05:11+09:00,file-backed evidence; inspect source before upgrading claim
,protected_asset,tools/envs/KMK312/python.exe,file:///C:/Users/chuck/Documents/Codex/2026-06-22/a2f23dee1d9a824b840a0175ca9a1f4b-https-app-notion-com-p/tools/envs/KMK312/python.exe,4a7d81f72d979c088c653b1da12c2f2d81da66bdf8074753c6a9b154d9c86116,104264,2026-06-26T18:27:17+09:00,file-backed evidence; inspect source before upgrading claim
,notebook_source,URP4-1_DELIVERABLE/URP4_1_HQ_BLUEPRINT_v0_2.ipynb,file:///C:/Users/chuck/Documents/Codex/2026-06-22/a2f23dee1d9a824b840a0175ca9a1f4b-https-app-notion-com-p/URP4-1_DELIVERABLE/URP4_1_HQ_BLUEPRINT_v0_2.ipynb,1abd6678f3a25548610eea0bc212dd0d1ac2ac1a15105221cf460f594437cc79,31609,2026-07-28T18:01:46+09:00,file-backed evidence; inspect source before upgrading claim
,notebook_source,URP4-1_SUBMISSION_20260728_v0_1/URP4_1_HQ.ipynb,file:///C:/Users/chuck/Documents/Codex/2026-06-22/a2f23dee1d9a824b840a0175ca9a1f4b-https-app-notion-com-p/URP4-1_SUBMISSION_20260728_v0_1/URP4_1_HQ.ipynb,6ad6761d0274fa6b41eefed0233aee7cc849bf276e626b13342b13e2889dae40,8740,2026-07-28T14:30:18+09:00,file-backed evidence; inspect source before upgrading claim
,notebook_source,experiments/lab_001_xy_connection_20260626/notebooks/NB_DEV_v0_3_STL_IMPORT_TRUE_FALSE.ipynb,file:///C:/Users/chuck/Documents/Codex/2026-06-22/a2f23dee1d9a824b840a0175ca9a1f4b-https-app-notion-com-p/experiments/lab_001_xy_connection_20260626/notebooks/NB_DEV_v0_3_STL_IMPORT_TRUE_FALSE.ipynb,2b510e0df2b2759b147ad0a71f9d7440def9672483c54d1be2eba523b56e9b7a,339315,2026-07-22T02:52:34+09:00,file-backed evidence; inspect source before upgrading claim
,notebook_source,experiments/lab_001_xy_connection_20260626/notebooks/NB_DEV_v0_4_STEP_PREFERRED_IMPORT_TRUE_FALSE.ipynb,file:///C:/Users/chuck/Documents/Codex/2026-06-22/a2f23dee1d9a824b840a0175ca9a1f4b-https-app-notion-com-p/experiments/lab_001_xy_connection_20260626/notebooks/NB_DEV_v0_4_STEP_PREFERRED_IMPORT_TRUE_FALSE.ipynb,ba57a2584bb5747e7ffb05b2393932011780149296022f236bb205c6705070c1,343479,2026-07-24T10:38:32+09:00,file-backed evidence; inspect source before upgrading claim
,notebook_source,experiments/lab_001_xy_connection_20260626/notebooks/NB_DEV_v0_5_IMPORTED_STL_WINDING_ROUTER.ipynb,file:///C:/Users/chuck/Documents/Codex/2026-06-22/a2f23dee1d9a824b840a0175ca9a1f4b-https-app-notion-com-p/experiments/lab_001_xy_connection_20260626/notebooks/NB_DEV_v0_5_IMPORTED_STL_WINDING_ROUTER.ipynb,02982c5b5c36843bb14807351a457ea1135a17c2f13bc95fd618e496536be109,349362,2026-07-28T10:54:46+09:00,file-backed evidence; inspect source before upgrading claim
,notebook_source,experiments/lab_001_xy_connection_20260626/notebooks/NB_DEV_v0_6_ROUTE_VALID_004_IMPORT_POLICY.ipynb,file:///C:/Users/chuck/Documents/Codex/2026-06-22/a2f23dee1d9a824b840a0175ca9a1f4b-https-app-notion-com-p/experiments/lab_001_xy_connection_20260626/notebooks/NB_DEV_v0_6_ROUTE_VALID_004_IMPORT_POLICY.ipynb,a817ff8bcd11c7ded001a0066196d1ed41eb6051ffb4dc263acdf4004b162411,4703,2026-07-29T14:51:03+09:00,file-backed evidence; inspect source before upgrading claim
,notebook_source,experiments/lab_001_xy_connection_20260626/notebooks/R05_xy_baseline_analysis.ipynb,file:///C:/Users/chuck/Documents/Codex/2026-06-22/a2f23dee1d9a824b840a0175ca9a1f4b-https-app-notion-com-p/experiments/lab_001_xy_connection_20260626/notebooks/R05_xy_baseline_analysis.ipynb,612625c40e00292dd24377a71ccd307cd8464bc1e17dcfb21db288724e0c056b,1376,2026-06-26T14:04:10+09:00,file-backed evidence; inspect source before upgrading claim
,notebook_source,experiments/lab_001_xy_connection_20260626/notebooks/R06V2_integrated_legacy_candidate_v0_1.ipynb,file:///C:/Users/chuck/Documents/Codex/2026-06-22/a2f23dee1d9a824b840a0175ca9a1f4b-https-app-notion-com-p/experiments/lab_001_xy_connection_20260626/notebooks/R06V2_integrated_legacy_candidate_v0_1.ipynb,efd5dbfdc44e3fb36e8f02286de1a29a33c0b0f1b1b3589970cc60996bfe1230,333071,2026-06-30T01:46:47+09:00,file-backed evidence; inspect source before upgrading claim
,notebook_source,experiments/lab_001_xy_connection_20260626/notebooks/R06V2_integrated_legacy_candidate_v0_1_e2e_safe.ipynb,file:///C:/Users/chuck/Documents/Codex/2026-06-22/a2f23dee1d9a824b840a0175ca9a1f4b-https-app-notion-com-p/experiments/lab_001_xy_connection_20260626/notebooks/R06V2_integrated_legacy_candidate_v0_1_e2e_safe.ipynb,91515be223128e55bb93ca2397fdbdbe46c7b3ed2de1515324e58f8036a4f9ea,333077,2026-06-30T01:54:41+09:00,file-backed evidence; inspect source before upgrading claim
,notebook_source,experiments/lab_001_xy_connection_20260626/notebooks/R06V2_integrated_legacy_candidate_v0_2.ipynb,file:///C:/Users/chuck/Documents/Codex/2026-06-22/a2f23dee1d9a824b840a0175ca9a1f4b-https-app-notion-com-p/experiments/lab_001_xy_connection_20260626/notebooks/R06V2_integrated_legacy_candidate_v0_2.ipynb,29131ce5f3d8d59cf6a7211d963a23f85c14f950ea335bbd237b52a7ff76980f,333631,2026-06-30T13:35:36+09:00,file-backed evidence; inspect source before upgrading claim
,notebook_source,experiments/lab_001_xy_connection_20260626/notebooks/R06V2_integrated_legacy_candidate_v0_2_e2e_safe.ipynb,file:///C:/Users/chuck/Documents/Codex/2026-06-22/a2f23dee1d9a824b840a0175ca9a1f4b-https-app-notion-com-p/experiments/lab_001_xy_connection_20260626/notebooks/R06V2_integrated_legacy_candidate_v0_2_e2e_safe.ipynb,a4b55a366786cd442e2cca59f8bda89229d81e623b97af5bc89db51ac0768759,333637,2026-06-30T02:04:54+09:00,file-backed evidence; inspect source before upgrading claim
,notebook_source,experiments/lab_001_xy_connection_20260626/notebooks/R06_forward_pipeline_validation.ipynb,file:///C:/Users/chuck/Documents/Codex/2026-06-22/a2f23dee1d9a824b840a0175ca9a1f4b-https-app-notion-com-p/experiments/lab_001_xy_connection_20260626/notebooks/R06_forward_pipeline_validation.ipynb,af814039bd03527d85c3afdad1b5e7a401e6d7534e2a8c8becfd2514deb2c070,1340,2026-06-26T16:51:24+09:00,file-backed evidence; inspect source before upgrading claim
,notebook_source,experiments/lab_001_xy_connection_20260626/notebooks/R06_KMK312_preview_safe.ipynb,file:///C:/Users/chuck/Documents/Codex/2026-06-22/a2f23dee1d9a824b840a0175ca9a1f4b-https-app-notion-com-p/experiments/lab_001_xy_connection_20260626/notebooks/R06_KMK312_preview_safe.ipynb,81bbf8215779f032c91c9757ef35d5b9a02ff49d0c7a488b50d51391c5358b62,350870,2026-06-26T22:58:20+09:00,file-backed evidence; inspect source before upgrading claim
,notebook_source,experiments/lab_001_xy_connection_20260626/notebooks/R09_SLICE_002L_nb_compat_legacy_png_v0_1.ipynb,file:///C:/Users/chuck/Documents/Codex/2026-06-22/a2f23dee1d9a824b840a0175ca9a1f4b-https-app-notion-com-p/experiments/lab_001_xy_connection_20260626/notebooks/R09_SLICE_002L_nb_compat_legacy_png_v0_1.ipynb,b96644efb1a3328adbfe8399e1497ff56b06fe4c82d61ceaea56fd9d5521919f,347587,2026-07-10T16:30:49+09:00,file-backed evidence; inspect source before upgrading claim
,notebook_source,experiments/lab_001_xy_connection_20260626/data/raw/professor_generators_20260716/Multiwall_model_generator_VF50.ipynb,file:///C:/Users/chuck/Documents/Codex/2026-06-22/a2f23dee1d9a824b840a0175ca9a1f4b-https-app-notion-com-p/experiments/lab_001_xy_connection_20260626/data/raw/professor_generators_20260716/Multiwall_model_generator_VF50.ipynb,46dcac9467dcb9904eb0d41ebb6639a8cb304d47e46b6c5d478e74df4f497923,406277,2026-07-16T16:23:04+09:00,file-backed evidence; inspect source before upgrading claim
,notebook_source,experiments/lab_001_xy_connection_20260626/data/raw/professor_generators_20260716/Type A+B Gen. Image slicing.ipynb,file:///C:/Users/chuck/Documents/Codex/2026-06-22/a2f23dee1d9a824b840a0175ca9a1f4b-https-app-notion-com-p/experiments/lab_001_xy_connection_20260626/data/raw/professor_generators_20260716/Type%20A%2BB%20Gen.%20Image%20slicing.ipynb,1ef01006d93be95e56525c91bd0943405ee6cd54e2347413699472fe7c6d24f7,485230,2026-07-16T16:23:06+09:00,file-backed evidence; inspect source before upgrading claim
,notebook_source,experiments/lab_001_xy_connection_20260626/data/raw/professor_training_20260709/Training_260418-1st method - New feature.ipynb,file:///C:/Users/chuck/Documents/Codex/2026-06-22/a2f23dee1d9a824b840a0175ca9a1f4b-https-app-notion-com-p/experiments/lab_001_xy_connection_20260626/data/raw/professor_training_20260709/Training_260418-1st%20method%20-%20New%20feature.ipynb,7f75fa05e34fb8aafb39362f6b39aa7d3d924efe7d6af5f3bc0b42debc393cb6,166462,2026-05-11T16:14:48+09:00,file-backed evidence; inspect source before upgrading claim
,notebook_source,experiments/lab_001_xy_connection_20260626/data/raw/professor_training_20260709/Training_260418-1st method.ipynb,file:///C:/Users/chuck/Documents/Codex/2026-06-22/a2f23dee1d9a824b840a0175ca9a1f4b-https-app-notion-com-p/experiments/lab_001_xy_connection_20260626/data/raw/professor_training_20260709/Training_260418-1st%20method.ipynb,2d4e6b256c37bf8309bbeeb2869f6a5c2935216aab4b959d09c8b55802103402,166457,2026-05-08T10:08:26+09:00,file-backed evidence; inspect source before upgrading claim
,notebook_source,experiments/lab_001_xy_connection_20260626/data/raw/professor_training_20260709/Training_260419-2nd method - New feature - Good. vibration.ipynb,file:///C:/Users/chuck/Documents/Codex/2026-06-22/a2f23dee1d9a824b840a0175ca9a1f4b-https-app-notion-com-p/experiments/lab_001_xy_connection_20260626/data/raw/professor_training_20260709/Training_260419-2nd%20method%20-%20New%20feature%20-%20Good.%20vibration.ipynb,11129a41bd4303d82c599148cd761adb3c858f58da017586e07fb0f06d055ff2,199785,2026-05-09T10:50:12+09:00,file-backed evidence; inspect source before upgrading claim
,notebook_source,experiments/lab_001_xy_connection_20260626/data/raw/professor_training_20260709/Training_260419-2nd method.ipynb,file:///C:/Users/chuck/Documents/Codex/2026-06-22/a2f23dee1d9a824b840a0175ca9a1f4b-https-app-notion-com-p/experiments/lab_001_xy_connection_20260626/data/raw/professor_training_20260709/Training_260419-2nd%20method.ipynb,7514863928df8e71833f97d0bedb905d7d0654f20cbff8c4f42ee371c182fd39,182074,2026-04-20T01:30:04+09:00,file-backed evidence; inspect source before upgrading claim
,notebook_source,experiments/lab_001_xy_connection_20260626/data/raw/professor_training_20260709/Training_260420-3rd method - New feature - Good. h.ipynb,file:///C:/Users/chuck/Documents/Codex/2026-06-22/a2f23dee1d9a824b840a0175ca9a1f4b-https-app-notion-com-p/experiments/lab_001_xy_connection_20260626/data/raw/professor_training_20260709/Training_260420-3rd%20method%20-%20New%20feature%20-%20Good.%20h.ipynb,09cf2d4213d689cfe272314c41d4b0fd0b9b5a10c4d1b0fe6e44ffe192ec037c,324261,2026-05-09T10:50:54+09:00,file-backed evidence; inspect source before upgrading claim
,notebook_source,experiments/lab_001_xy_connection_20260626/data/raw/professor_training_20260709/Training_260420-3rd method.ipynb,file:///C:/Users/chuck/Documents/Codex/2026-06-22/a2f23dee1d9a824b840a0175ca9a1f4b-https-app-notion-com-p/experiments/lab_001_xy_connection_20260626/data/raw/professor_training_20260709/Training_260420-3rd%20method.ipynb,e265a21f1f836c2d81cfe8c4cf7063c3c2aa4e5f52e40a859f31a217f7aca3bd,270162,2026-04-21T00:37:56+09:00,file-backed evidence; inspect source before upgrading claim
,notebook_source,experiments/lab_001_xy_connection_20260626/data/raw/professor_training_20260709/Training_260503_Ensemble-4th method.ipynb,file:///C:/Users/chuck/Documents/Codex/2026-06-22/a2f23dee1d9a824b840a0175ca9a1f4b-https-app-notion-com-p/experiments/lab_001_xy_connection_20260626/data/raw/professor_training_20260709/Training_260503_Ensemble-4th%20method.ipynb,d9f6548c8a239fe213732a78ed4e3da8e0843ccb4f98a4fd996f2cc579af8100,316049,2026-05-08T10:30:36+09:00,file-backed evidence; inspect source before upgrading claim
,notebook_source,experiments/lab_001_xy_connection_20260626/data/raw/professor_training_20260709/Training_260508_Alltogether-5th method.ipynb,file:///C:/Users/chuck/Documents/Codex/2026-06-22/a2f23dee1d9a824b840a0175ca9a1f4b-https-app-notion-com-p/experiments/lab_001_xy_connection_20260626/data/raw/professor_training_20260709/Training_260508_Alltogether-5th%20method.ipynb,5076091043319f042f5fd08b4fd9bdc20c042c81d18a7a9cd794acd99268b792,471090,2026-05-08T10:06:54+09:00,file-backed evidence; inspect source before upgrading claim
,notebook_source,experiments/lab_001_xy_connection_20260626/data/raw/professor_training_20260709/Training_260508_Alltogether-5th_method_FIXED.ipynb,file:///C:/Users/chuck/Documents/Codex/2026-06-22/a2f23dee1d9a824b840a0175ca9a1f4b-https-app-notion-com-p/experiments/lab_001_xy_connection_20260626/data/raw/professor_training_20260709/Training_260508_Alltogether-5th_method_FIXED.ipynb,238b7092c5532c695a6f2c8edeb6aa0ae26177bd63fa0f4ebd98754091dfae69,493740,2026-05-09T17:31:02+09:00,file-backed evidence; inspect source before upgrading claim
,notebook_source,experiments/lab_001_xy_connection_20260626/source/URP4-1/Model_generator_260506_descriptor_v5_boundary_symmetry_perfboost.ipynb,file:///C:/Users/chuck/Documents/Codex/2026-06-22/a2f23dee1d9a824b840a0175ca9a1f4b-https-app-notion-com-p/experiments/lab_001_xy_connection_20260626/source/URP4-1/Model_generator_260506_descriptor_v5_boundary_symmetry_perfboost.ipynb,47aa3889f61d7e4bfbca37b65286e6b7ad81cf185ab4dd86ebdc263af5d8b7b7,332721,2026-06-22T17:33:00+09:00,file-backed evidence; inspect source before upgrading claim
,notebook_source,outputs/URP4-1_NOTION_UPLOAD_20260713/01_CORE_UPLOAD/01_CODE_NB_CURRENT_v0_2.ipynb,file:///C:/Users/chuck/Documents/Codex/2026-06-22/a2f23dee1d9a824b840a0175ca9a1f4b-https-app-notion-com-p/outputs/URP4-1_NOTION_UPLOAD_20260713/01_CORE_UPLOAD/01_CODE_NB_CURRENT_v0_2.ipynb,29131ce5f3d8d59cf6a7211d963a23f85c14f950ea335bbd237b52a7ff76980f,333631,2026-06-30T13:35:36+09:00,file-backed evidence; inspect source before upgrading claim
,notebook_source,outputs/URP4-1_NOTION_UPLOAD_20260713/02_OPTIONAL_APPENDIX/15_CODE_NB_COMPAT_LEGACY_PNG_v0_1.ipynb,file:///C:/Users/chuck/Documents/Codex/2026-06-22/a2f23dee1d9a824b840a0175ca9a1f4b-https-app-notion-com-p/outputs/URP4-1_NOTION_UPLOAD_20260713/02_OPTIONAL_APPENDIX/15_CODE_NB_COMPAT_LEGACY_PNG_v0_1.ipynb,b96644efb1a3328adbfe8399e1497ff56b06fe4c82d61ceaea56fd9d5521919f,347587,2026-07-10T16:30:49+09:00,file-backed evidence; inspect source before upgrading claim
,notebook_source,URP4-1_DELIVERABLE/experiments/lab_001_xy_connection_20260626/notebooks/R06V2_integrated_legacy_candidate_v0_2.ipynb,file:///C:/Users/chuck/Documents/Codex/2026-06-22/a2f23dee1d9a824b840a0175ca9a1f4b-https-app-notion-com-p/URP4-1_DELIVERABLE/experiments/lab_001_xy_connection_20260626/notebooks/R06V2_integrated_legacy_candidate_v0_2.ipynb,29131ce5f3d8d59cf6a7211d963a23f85c14f950ea335bbd237b52a7ff76980f,333631,2026-06-30T13:35:36+09:00,file-backed evidence; inspect source before upgrading claim
,notebook_source,URP4-1_DELIVERABLE/experiments/lab_001_xy_connection_20260626/data/raw/professor_generators_20260716/Multiwall_model_generator_VF50.ipynb,file:///C:/Users/chuck/Documents/Codex/2026-06-22/a2f23dee1d9a824b840a0175ca9a1f4b-https-app-notion-com-p/URP4-1_DELIVERABLE/experiments/lab_001_xy_connection_20260626/data/raw/professor_generators_20260716/Multiwall_model_generator_VF50.ipynb,46dcac9467dcb9904eb0d41ebb6639a8cb304d47e46b6c5d478e74df4f497923,406277,2026-07-16T16:23:04+09:00,file-backed evidence; inspect source before upgrading claim
,notebook_source,URP4-1_DELIVERABLE/experiments/lab_001_xy_connection_20260626/data/raw/professor_generators_20260716/Type A+B Gen. Image slicing.ipynb,file:///C:/Users/chuck/Documents/Codex/2026-06-22/a2f23dee1d9a824b840a0175ca9a1f4b-https-app-notion-com-p/URP4-1_DELIVERABLE/experiments/lab_001_xy_connection_20260626/data/raw/professor_generators_20260716/Type%20A%2BB%20Gen.%20Image%20slicing.ipynb,1ef01006d93be95e56525c91bd0943405ee6cd54e2347413699472fe7c6d24f7,485230,2026-07-16T16:23:06+09:00,file-backed evidence; inspect source before upgrading claim
,notebook_source,URP4-1_DELIVERABLE/outputs/URP4-1/Model_generator_260506_descriptor_v5_boundary_symmetry_perfboost.ipynb,file:///C:/Users/chuck/Documents/Codex/2026-06-22/a2f23dee1d9a824b840a0175ca9a1f4b-https-app-notion-com-p/URP4-1_DELIVERABLE/outputs/URP4-1/Model_generator_260506_descriptor_v5_boundary_symmetry_perfboost.ipynb,47aa3889f61d7e4bfbca37b65286e6b7ad81cf185ab4dd86ebdc263af5d8b7b7,332721,2026-06-22T17:33:00+09:00,file-backed evidence; inspect source before upgrading claim
,notebook_source,URP4-1_DELIVERABLE/reference_sources/training/Training_260418-1st method - New feature.ipynb,file:///C:/Users/chuck/Documents/Codex/2026-06-22/a2f23dee1d9a824b840a0175ca9a1f4b-https-app-notion-com-p/URP4-1_DELIVERABLE/reference_sources/training/Training_260418-1st%20method%20-%20New%20feature.ipynb,7f75fa05e34fb8aafb39362f6b39aa7d3d924efe7d6af5f3bc0b42debc393cb6,166462,2026-05-11T16:14:48+09:00,file-backed evidence; inspect source before upgrading claim
,notebook_source,URP4-1_DELIVERABLE/reference_sources/training/Training_260418-1st method.ipynb,file:///C:/Users/chuck/Documents/Codex/2026-06-22/a2f23dee1d9a824b840a0175ca9a1f4b-https-app-notion-com-p/URP4-1_DELIVERABLE/reference_sources/training/Training_260418-1st%20method.ipynb,2d4e6b256c37bf8309bbeeb2869f6a5c2935216aab4b959d09c8b55802103402,166457,2026-05-08T10:08:26+09:00,file-backed evidence; inspect source before upgrading claim
,notebook_source,URP4-1_DELIVERABLE/reference_sources/training/Training_260419-2nd method - New feature - Good. vibration.ipynb,file:///C:/Users/chuck/Documents/Codex/2026-06-22/a2f23dee1d9a824b840a0175ca9a1f4b-https-app-notion-com-p/URP4-1_DELIVERABLE/reference_sources/training/Training_260419-2nd%20method%20-%20New%20feature%20-%20Good.%20vibration.ipynb,11129a41bd4303d82c599148cd761adb3c858f58da017586e07fb0f06d055ff2,199785,2026-05-09T10:50:12+09:00,file-backed evidence; inspect source before upgrading claim
,notebook_source,URP4-1_DELIVERABLE/reference_sources/training/Training_260419-2nd method.ipynb,file:///C:/Users/chuck/Documents/Codex/2026-06-22/a2f23dee1d9a824b840a0175ca9a1f4b-https-app-notion-com-p/URP4-1_DELIVERABLE/reference_sources/training/Training_260419-2nd%20method.ipynb,7514863928df8e71833f97d0bedb905d7d0654f20cbff8c4f42ee371c182fd39,182074,2026-04-20T01:30:04+09:00,file-backed evidence; inspect source before upgrading claim
,notebook_source,URP4-1_DELIVERABLE/reference_sources/training/Training_260420-3rd method - New feature - Good. h.ipynb,file:///C:/Users/chuck/Documents/Codex/2026-06-22/a2f23dee1d9a824b840a0175ca9a1f4b-https-app-notion-com-p/URP4-1_DELIVERABLE/reference_sources/training/Training_260420-3rd%20method%20-%20New%20feature%20-%20Good.%20h.ipynb,09cf2d4213d689cfe272314c41d4b0fd0b9b5a10c4d1b0fe6e44ffe192ec037c,324261,2026-05-09T10:50:54+09:00,file-backed evidence; inspect source before upgrading claim
,notebook_source,URP4-1_DELIVERABLE/reference_sources/training/Training_260420-3rd method.ipynb,file:///C:/Users/chuck/Documents/Codex/2026-06-22/a2f23dee1d9a824b840a0175ca9a1f4b-https-app-notion-com-p/URP4-1_DELIVERABLE/reference_sources/training/Training_260420-3rd%20method.ipynb,e265a21f1f836c2d81cfe8c4cf7063c3c2aa4e5f52e40a859f31a217f7aca3bd,270162,2026-04-21T00:37:56+09:00,file-backed evidence; inspect source before upgrading claim
,notebook_source,URP4-1_DELIVERABLE/reference_sources/training/Training_260503_Ensemble-4th method.ipynb,file:///C:/Users/chuck/Documents/Codex/2026-06-22/a2f23dee1d9a824b840a0175ca9a1f4b-https-app-notion-com-p/URP4-1_DELIVERABLE/reference_sources/training/Training_260503_Ensemble-4th%20method.ipynb,d9f6548c8a239fe213732a78ed4e3da8e0843ccb4f98a4fd996f2cc579af8100,316049,2026-05-08T10:30:36+09:00,file-backed evidence; inspect source before upgrading claim
,notebook_source,URP4-1_DELIVERABLE/reference_sources/training/Training_260508_Alltogether-5th method.ipynb,file:///C:/Users/chuck/Documents/Codex/2026-06-22/a2f23dee1d9a824b840a0175ca9a1f4b-https-app-notion-com-p/URP4-1_DELIVERABLE/reference_sources/training/Training_260508_Alltogether-5th%20method.ipynb,5076091043319f042f5fd08b4fd9bdc20c042c81d18a7a9cd794acd99268b792,471090,2026-05-08T10:06:54+09:00,file-backed evidence; inspect source before upgrading claim
,notebook_source,URP4-1_DELIVERABLE/reference_sources/training/Training_260508_Alltogether-5th_method_FIXED.ipynb,file:///C:/Users/chuck/Documents/Codex/2026-06-22/a2f23dee1d9a824b840a0175ca9a1f4b-https-app-notion-com-p/URP4-1_DELIVERABLE/reference_sources/training/Training_260508_Alltogether-5th_method_FIXED.ipynb,238b7092c5532c695a6f2c8edeb6aa0ae26177bd63fa0f4ebd98754091dfae69,493740,2026-05-09T17:31:02+09:00,file-backed evidence; inspect source before upgrading claim
,notebook_source,URP4-1_SUBMISSION_20260728_v0_1/experiments/lab_001_xy_connection_20260626/notebooks/R06V2_integrated_legacy_candidate_v0_2.ipynb,file:///C:/Users/chuck/Documents/Codex/2026-06-22/a2f23dee1d9a824b840a0175ca9a1f4b-https-app-notion-com-p/URP4-1_SUBMISSION_20260728_v0_1/experiments/lab_001_xy_connection_20260626/notebooks/R06V2_integrated_legacy_candidate_v0_2.ipynb,29131ce5f3d8d59cf6a7211d963a23f85c14f950ea335bbd237b52a7ff76980f,333631,2026-06-30T13:35:36+09:00,file-backed evidence; inspect source before upgrading claim
,notebook_source,URP4-1_SUBMISSION_20260728_v0_1/experiments/lab_001_xy_connection_20260626/data/raw/professor_generators_20260716/Multiwall_model_generator_VF50.ipynb,file:///C:/Users/chuck/Documents/Codex/2026-06-22/a2f23dee1d9a824b840a0175ca9a1f4b-https-app-notion-com-p/URP4-1_SUBMISSION_20260728_v0_1/experiments/lab_001_xy_connection_20260626/data/raw/professor_generators_20260716/Multiwall_model_generator_VF50.ipynb,46dcac9467dcb9904eb0d41ebb6639a8cb304d47e46b6c5d478e74df4f497923,406277,2026-07-16T16:23:04+09:00,file-backed evidence; inspect source before upgrading claim
,notebook_source,URP4-1_SUBMISSION_20260728_v0_1/experiments/lab_001_xy_connection_20260626/data/raw/professor_generators_20260716/Type A+B Gen. Image slicing.ipynb,file:///C:/Users/chuck/Documents/Codex/2026-06-22/a2f23dee1d9a824b840a0175ca9a1f4b-https-app-notion-com-p/URP4-1_SUBMISSION_20260728_v0_1/experiments/lab_001_xy_connection_20260626/data/raw/professor_generators_20260716/Type%20A%2BB%20Gen.%20Image%20slicing.ipynb,1ef01006d93be95e56525c91bd0943405ee6cd54e2347413699472fe7c6d24f7,485230,2026-07-16T16:23:06+09:00,file-backed evidence; inspect source before upgrading claim
,notebook_source,URP4-1_SUBMISSION_20260728_v0_1/outputs/URP4-1/Model_generator_260506_descriptor_v5_boundary_symmetry_perfboost.ipynb,file:///C:/Users/chuck/Documents/Codex/2026-06-22/a2f23dee1d9a824b840a0175ca9a1f4b-https-app-notion-com-p/URP4-1_SUBMISSION_20260728_v0_1/outputs/URP4-1/Model_generator_260506_descriptor_v5_boundary_symmetry_perfboost.ipynb,47aa3889f61d7e4bfbca37b65286e6b7ad81cf185ab4dd86ebdc263af5d8b7b7,332721,2026-06-22T17:33:00+09:00,file-backed evidence; inspect source before upgrading claim
,notebook_source,URP4-1_SUBMISSION_20260728_v0_1/reference_sources/training/Training_260418-1st method - New feature.ipynb,file:///C:/Users/chuck/Documents/Codex/2026-06-22/a2f23dee1d9a824b840a0175ca9a1f4b-https-app-notion-com-p/URP4-1_SUBMISSION_20260728_v0_1/reference_sources/training/Training_260418-1st%20method%20-%20New%20feature.ipynb,7f75fa05e34fb8aafb39362f6b39aa7d3d924efe7d6af5f3bc0b42debc393cb6,166462,2026-05-11T16:14:48+09:00,file-backed evidence; inspect source before upgrading claim
,notebook_source,URP4-1_SUBMISSION_20260728_v0_1/reference_sources/training/Training_260418-1st method.ipynb,file:///C:/Users/chuck/Documents/Codex/2026-06-22/a2f23dee1d9a824b840a0175ca9a1f4b-https-app-notion-com-p/URP4-1_SUBMISSION_20260728_v0_1/reference_sources/training/Training_260418-1st%20method.ipynb,2d4e6b256c37bf8309bbeeb2869f6a5c2935216aab4b959d09c8b55802103402,166457,2026-05-08T10:08:26+09:00,file-backed evidence; inspect source before upgrading claim
,notebook_source,URP4-1_SUBMISSION_20260728_v0_1/reference_sources/training/Training_260419-2nd method - New feature - Good. vibration.ipynb,file:///C:/Users/chuck/Documents/Codex/2026-06-22/a2f23dee1d9a824b840a0175ca9a1f4b-https-app-notion-com-p/URP4-1_SUBMISSION_20260728_v0_1/reference_sources/training/Training_260419-2nd%20method%20-%20New%20feature%20-%20Good.%20vibration.ipynb,11129a41bd4303d82c599148cd761adb3c858f58da017586e07fb0f06d055ff2,199785,2026-05-09T10:50:12+09:00,file-backed evidence; inspect source before upgrading claim
,notebook_source,URP4-1_SUBMISSION_20260728_v0_1/reference_sources/training/Training_260419-2nd method.ipynb,file:///C:/Users/chuck/Documents/Codex/2026-06-22/a2f23dee1d9a824b840a0175ca9a1f4b-https-app-notion-com-p/URP4-1_SUBMISSION_20260728_v0_1/reference_sources/training/Training_260419-2nd%20method.ipynb,7514863928df8e71833f97d0bedb905d7d0654f20cbff8c4f42ee371c182fd39,182074,2026-04-20T01:30:04+09:00,file-backed evidence; inspect source before upgrading claim
,notebook_source,URP4-1_SUBMISSION_20260728_v0_1/reference_sources/training/Training_260420-3rd method - New feature - Good. h.ipynb,file:///C:/Users/chuck/Documents/Codex/2026-06-22/a2f23dee1d9a824b840a0175ca9a1f4b-https-app-notion-com-p/URP4-1_SUBMISSION_20260728_v0_1/reference_sources/training/Training_260420-3rd%20method%20-%20New%20feature%20-%20Good.%20h.ipynb,09cf2d4213d689cfe272314c41d4b0fd0b9b5a10c4d1b0fe6e44ffe192ec037c,324261,2026-05-09T10:50:54+09:00,file-backed evidence; inspect source before upgrading claim
,notebook_source,URP4-1_SUBMISSION_20260728_v0_1/reference_sources/training/Training_260420-3rd method.ipynb,file:///C:/Users/chuck/Documents/Codex/2026-06-22/a2f23dee1d9a824b840a0175ca9a1f4b-https-app-notion-com-p/URP4-1_SUBMISSION_20260728_v0_1/reference_sources/training/Training_260420-3rd%20method.ipynb,e265a21f1f836c2d81cfe8c4cf7063c3c2aa4e5f52e40a859f31a217f7aca3bd,270162,2026-04-21T00:37:56+09:00,file-backed evidence; inspect source before upgrading claim
,notebook_source,URP4-1_SUBMISSION_20260728_v0_1/reference_sources/training/Training_260503_Ensemble-4th method.ipynb,file:///C:/Users/chuck/Documents/Codex/2026-06-22/a2f23dee1d9a824b840a0175ca9a1f4b-https-app-notion-com-p/URP4-1_SUBMISSION_20260728_v0_1/reference_sources/training/Training_260503_Ensemble-4th%20method.ipynb,d9f6548c8a239fe213732a78ed4e3da8e0843ccb4f98a4fd996f2cc579af8100,316049,2026-05-08T10:30:36+09:00,file-backed evidence; inspect source before upgrading claim
,notebook_source,URP4-1_SUBMISSION_20260728_v0_1/reference_sources/training/Training_260508_Alltogether-5th method.ipynb,file:///C:/Users/chuck/Documents/Codex/2026-06-22/a2f23dee1d9a824b840a0175ca9a1f4b-https-app-notion-com-p/URP4-1_SUBMISSION_20260728_v0_1/reference_sources/training/Training_260508_Alltogether-5th%20method.ipynb,5076091043319f042f5fd08b4fd9bdc20c042c81d18a7a9cd794acd99268b792,471090,2026-05-08T10:06:54+09:00,file-backed evidence; inspect source before upgrading claim
,notebook_source,URP4-1_SUBMISSION_20260728_v0_1/reference_sources/training/Training_260508_Alltogether-5th_method_FIXED.ipynb,file:///C:/Users/chuck/Documents/Codex/2026-06-22/a2f23dee1d9a824b840a0175ca9a1f4b-https-app-notion-com-p/URP4-1_SUBMISSION_20260728_v0_1/reference_sources/training/Training_260508_Alltogether-5th_method_FIXED.ipynb,238b7092c5532c695a6f2c8edeb6aa0ae26177bd63fa0f4ebd98754091dfae69,493740,2026-05-09T17:31:02+09:00,file-backed evidence; inspect source before upgrading claim
,python_source,urp4/__init__.py,file:///C:/Users/chuck/Documents/Codex/2026-06-22/a2f23dee1d9a824b840a0175ca9a1f4b-https-app-notion-com-p/urp4/__init__.py,41b78fc55f3d03cc83fbca1e4279665c463f33f5663ad8f5b57b00fff9a2ca0f,289,2026-07-18T22:33:21+09:00,file-backed evidence; inspect source before upgrading claim
,python_source,work/analyze_sources.py,file:///C:/Users/chuck/Documents/Codex/2026-06-22/a2f23dee1d9a824b840a0175ca9a1f4b-https-app-notion-com-p/work/analyze_sources.py,6e18a69bc14f1a4a0755c3a8716d51922e489d26cdad18ac87f2e7706f089f3d,7053,2026-06-22T22:59:18+09:00,file-backed evidence; inspect source before upgrading claim
,python_source,experiments/lab_001_xy_connection_20260626/scripts/CINT_01_build_contract_fixtures.py,file:///C:/Users/chuck/Documents/Codex/2026-06-22/a2f23dee1d9a824b840a0175ca9a1f4b-https-app-notion-com-p/experiments/lab_001_xy_connection_20260626/scripts/CINT_01_build_contract_fixtures.py,5b36e5bccadaa9f852ef169d19ff78a9d9345f9b0b4f91ca9683d6c745f1356e,29385,2026-07-18T22:39:48+09:00,file-backed evidence; inspect source before upgrading claim
,python_source,experiments/lab_001_xy_connection_20260626/scripts/CINT_01_protected_asset_guard.py,file:///C:/Users/chuck/Documents/Codex/2026-06-22/a2f23dee1d9a824b840a0175ca9a1f4b-https-app-notion-com-p/experiments/lab_001_xy_connection_20260626/scripts/CINT_01_protected_asset_guard.py,616b87a0dbc0399b48707f57928ae59f107f1126e2ffec96a1b0b518d66b0d69,8087,2026-07-18T22:51:57+09:00,file-backed evidence; inspect source before upgrading claim
,python_source,experiments/lab_001_xy_connection_20260626/scripts/CINT_01_run_harness.py,file:///C:/Users/chuck/Documents/Codex/2026-06-22/a2f23dee1d9a824b840a0175ca9a1f4b-https-app-notion-com-p/experiments/lab_001_xy_connection_20260626/scripts/CINT_01_run_harness.py,f3256987da375d02fd17e55f39beb69089afd094c4cfbe6cef4ec119323c3428,8805,2026-07-18T22:43:48+09:00,file-backed evidence; inspect source before upgrading claim
,python_source,experiments/lab_001_xy_connection_20260626/scripts/CINT_02_run_harness.py,file:///C:/Users/chuck/Documents/Codex/2026-06-22/a2f23dee1d9a824b840a0175ca9a1f4b-https-app-notion-com-p/experiments/lab_001_xy_connection_20260626/scripts/CINT_02_run_harness.py,ac521fc04272267cd50494d8c0552b9532df09afc624ba08adeb1741a00d9afb,34579,2026-07-19T00:33:29+09:00,file-backed evidence; inspect source before upgrading claim
,python_source,experiments/lab_001_xy_connection_20260626/scripts/CINT_03_run_harness.py,file:///C:/Users/chuck/Documents/Codex/2026-06-22/a2f23dee1d9a824b840a0175ca9a1f4b-https-app-notion-com-p/experiments/lab_001_xy_connection_20260626/scripts/CINT_03_run_harness.py,c8d4c8555596b74b58b8875a90c55c9e5e05b35a77d1629ba740191707dbe9a9,19699,2026-07-19T01:27:41+09:00,file-backed evidence; inspect source before upgrading claim
,python_source,experiments/lab_001_xy_connection_20260626/scripts/CINT_04_reference_adapter.py,file:///C:/Users/chuck/Documents/Codex/2026-06-22/a2f23dee1d9a824b840a0175ca9a1f4b-https-app-notion-com-p/experiments/lab_001_xy_connection_20260626/scripts/CINT_04_reference_adapter.py,93958b553e5500fbda5437a7cfb909d2690ae20933aaa5aada2f02a8af9ea4bf,5150,2026-07-19T11:07:57+09:00,file-backed evidence; inspect source before upgrading claim
,python_source,experiments/lab_001_xy_connection_20260626/scripts/CINT_04_run_harness.py,file:///C:/Users/chuck/Documents/Codex/2026-06-22/a2f23dee1d9a824b840a0175ca9a1f4b-https-app-notion-com-p/experiments/lab_001_xy_connection_20260626/scripts/CINT_04_run_harness.py,5c04f7a407973acebc17190a124d74585ea2b650d50c7f08116d535759a2c0ef,20724,2026-07-19T11:10:33+09:00,file-backed evidence; inspect source before upgrading claim
,python_source,experiments/lab_001_xy_connection_20260626/scripts/CINT_05_reference_adapter.py,file:///C:/Users/chuck/Documents/Codex/2026-06-22/a2f23dee1d9a824b840a0175ca9a1f4b-https-app-notion-com-p/experiments/lab_001_xy_connection_20260626/scripts/CINT_05_reference_adapter.py,7babce886cb278cbefe99a3123d9e463fb5d6b09982a95aeaedfd800e1138e33,6209,2026-07-19T11:51:01+09:00,file-backed evidence; inspect source before upgrading claim
,python_source,experiments/lab_001_xy_connection_20260626/scripts/CINT_05_run_harness.py,file:///C:/Users/chuck/Documents/Codex/2026-06-22/a2f23dee1d9a824b840a0175ca9a1f4b-https-app-notion-com-p/experiments/lab_001_xy_connection_20260626/scripts/CINT_05_run_harness.py,6c3f8d59445ad55903367215fff47a4b5d3e114fb69c0a32806698c68bb672a2,21141,2026-07-19T11:57:58+09:00,file-backed evidence; inspect source before upgrading claim
,python_source,experiments/lab_001_xy_connection_20260626/scripts/CINT_06_reference_adapter.py,file:///C:/Users/chuck/Documents/Codex/2026-06-22/a2f23dee1d9a824b840a0175ca9a1f4b-https-app-notion-com-p/experiments/lab_001_xy_connection_20260626/scripts/CINT_06_reference_adapter.py,2c6c0ed1785a6205099a96fb918e1f67f0b5b17ab60fc851b3ad1cd5b0789937,8173,2026-07-19T12:26:46+09:00,file-backed evidence; inspect source before upgrading claim
,python_source,experiments/lab_001_xy_connection_20260626/scripts/CINT_06_run_harness.py,file:///C:/Users/chuck/Documents/Codex/2026-06-22/a2f23dee1d9a824b840a0175ca9a1f4b-https-app-notion-com-p/experiments/lab_001_xy_connection_20260626/scripts/CINT_06_run_harness.py,a5e8b61fd5b0cde4f96e424c80dc311a539a0e20c051e81debf46cc8590519eb,22592,2026-07-19T12:32:02+09:00,file-backed evidence; inspect source before upgrading claim
,python_source,experiments/lab_001_xy_connection_20260626/scripts/CINT_07_run_harness.py,file:///C:/Users/chuck/Documents/Codex/2026-06-22/a2f23dee1d9a824b840a0175ca9a1f4b-https-app-notion-com-p/experiments/lab_001_xy_connection_20260626/scripts/CINT_07_run_harness.py,646f013d12bdbcdfcab97b8602c1ab6fbced73c40c960a80d8a046af8e1f4f87,46066,2026-07-19T13:14:53+09:00,file-backed evidence; inspect source before upgrading claim
,python_source,experiments/lab_001_xy_connection_20260626/scripts/CINT_08_run_harness.py,file:///C:/Users/chuck/Documents/Codex/2026-06-22/a2f23dee1d9a824b840a0175ca9a1f4b-https-app-notion-com-p/experiments/lab_001_xy_connection_20260626/scripts/CINT_08_run_harness.py,4c6a460d4b1baf681af422b3c16b597b51e2e4bfa2f6a2761eabf3cb6b40cfa6,25559,2026-07-19T15:10:51+09:00,file-backed evidence; inspect source before upgrading claim
,python_source,experiments/lab_001_xy_connection_20260626/scripts/CINT_09_run_harness.py,file:///C:/Users/chuck/Documents/Codex/2026-06-22/a2f23dee1d9a824b840a0175ca9a1f4b-https-app-notion-com-p/experiments/lab_001_xy_connection_20260626/scripts/CINT_09_run_harness.py,bd995e037b5854a1315241e45f4b9be6f1919491af9f95e4816b9e463fbe160f,17198,2026-07-19T15:42:46+09:00,file-backed evidence; inspect source before upgrading claim
,python_source,experiments/lab_001_xy_connection_20260626/scripts/CODE_MAP_001_build_code_inventory.py,file:///C:/Users/chuck/Documents/Codex/2026-06-22/a2f23dee1d9a824b840a0175ca9a1f4b-https-app-notion-com-p/experiments/lab_001_xy_connection_20260626/scripts/CODE_MAP_001_build_code_inventory.py,761c123040d32d424705226ec343ec8d927bd4d798a086335a5aa2760de16413,6245,2026-07-16T21:34:43+09:00,file-backed evidence; inspect source before upgrading claim
,python_source,experiments/lab_001_xy_connection_20260626/scripts/CTRL_20260721_dual_track_coordination_preregistration.py,file:///C:/Users/chuck/Documents/Codex/2026-06-22/a2f23dee1d9a824b840a0175ca9a1f4b-https-app-notion-com-p/experiments/lab_001_xy_connection_20260626/scripts/CTRL_20260721_dual_track_coordination_preregistration.py,b1b77a4e5955d3660d6e688d4c8a9d081e81d0ff4d8790a3a8c81023ad9e138a,25729,2026-07-21T12:20:52+09:00,file-backed evidence; inspect source before upgrading claim
,python_source,experiments/lab_001_xy_connection_20260626/scripts/FAST_CAP_001_xonly_bank_audit.py,file:///C:/Users/chuck/Documents/Codex/2026-06-22/a2f23dee1d9a824b840a0175ca9a1f4b-https-app-notion-com-p/experiments/lab_001_xy_connection_20260626/scripts/FAST_CAP_001_xonly_bank_audit.py,9047e4433fd0d0e33bd764ca0c3b19d3322137996fa79c89a37f8e7461dbc377,3578,2026-07-23T17:56:01+09:00,file-backed evidence; inspect source before upgrading claim
,python_source,experiments/lab_001_xy_connection_20260626/scripts/HQ_BLUEPRINT_001_build.py,file:///C:/Users/chuck/Documents/Codex/2026-06-22/a2f23dee1d9a824b840a0175ca9a1f4b-https-app-notion-com-p/experiments/lab_001_xy_connection_20260626/scripts/HQ_BLUEPRINT_001_build.py,84e4b09073668de1394deba164828b1783e49f708d06370601ec7e0653b0b06f,26660,2026-07-28T18:01:38+09:00,file-backed evidence; inspect source before upgrading claim
,python_source,experiments/lab_001_xy_connection_20260626/scripts/HQ_BLUEPRINT_001_verify.py,file:///C:/Users/chuck/Documents/Codex/2026-06-22/a2f23dee1d9a824b840a0175ca9a1f4b-https-app-notion-com-p/experiments/lab_001_xy_connection_20260626/scripts/HQ_BLUEPRINT_001_verify.py,e0478bd4f782268d6ee830678eaaebbff32193972e4d6a0888107ebe88070305,12157,2026-07-28T18:01:38+09:00,file-backed evidence; inspect source before upgrading claim
,python_source,experiments/lab_001_xy_connection_20260626/scripts/HQ_GEOM_001_generated_family_normalization_regression.py,file:///C:/Users/chuck/Documents/Codex/2026-06-22/a2f23dee1d9a824b840a0175ca9a1f4b-https-app-notion-com-p/experiments/lab_001_xy_connection_20260626/scripts/HQ_GEOM_001_generated_family_normalization_regression.py,949a1f4f517bc5766fc23df3b424411212ef71b0c727bad81b0f9d3fb1fb048d,12036,2026-07-28T21:54:04+09:00,file-backed evidence; inspect source before upgrading claim
,python_source,experiments/lab_001_xy_connection_20260626/scripts/HQ_GEOM_001_independent_qa.py,file:///C:/Users/chuck/Documents/Codex/2026-06-22/a2f23dee1d9a824b840a0175ca9a1f4b-https-app-notion-com-p/experiments/lab_001_xy_connection_20260626/scripts/HQ_GEOM_001_independent_qa.py,4832e04277379577580bfc8f637ea6f4e1988a418e4dbfdc68bb35d5b6b01c97,9788,2026-07-28T22:00:32+09:00,file-backed evidence; inspect source before upgrading claim
,python_source,experiments/lab_001_xy_connection_20260626/scripts/HQ_GEOM_002_contract_and_parity_QA.py,file:///C:/Users/chuck/Documents/Codex/2026-06-22/a2f23dee1d9a824b840a0175ca9a1f4b-https-app-notion-com-p/experiments/lab_001_xy_connection_20260626/scripts/HQ_GEOM_002_contract_and_parity_QA.py,86c0bcd93cedca05a8f15d3bc61b9ca97b03970e52047bf14e9cc4d5fa512e2e,8257,2026-07-28T22:12:04+09:00,file-backed evidence; inspect source before upgrading claim
,python_source,experiments/lab_001_xy_connection_20260626/scripts/HQ_GEOM_002_generated_n40_development_route.py,file:///C:/Users/chuck/Documents/Codex/2026-06-22/a2f23dee1d9a824b840a0175ca9a1f4b-https-app-notion-com-p/experiments/lab_001_xy_connection_20260626/scripts/HQ_GEOM_002_generated_n40_development_route.py,3b0062ce5ffc4335e61b780c8b0c9f5f3a9f7c452222a5dc329c4dabb4c0dfd3,2707,2026-07-28T22:07:41+09:00,file-backed evidence; inspect source before upgrading claim
,python_source,experiments/lab_001_xy_connection_20260626/scripts/HQ_GEOM_003_lattice_tpms_topology_exception_preregistration.py,file:///C:/Users/chuck/Documents/Codex/2026-06-22/a2f23dee1d9a824b840a0175ca9a1f4b-https-app-notion-com-p/experiments/lab_001_xy_connection_20260626/scripts/HQ_GEOM_003_lattice_tpms_topology_exception_preregistration.py,91ec24951698ba499186a83b01623e21adc37c5b52657bbddc6ada338a69a7e8,9529,2026-07-28T22:23:56+09:00,file-backed evidence; inspect source before upgrading claim
,python_source,experiments/lab_001_xy_connection_20260626/scripts/IMSTL_001_independent_qa.py,file:///C:/Users/chuck/Documents/Codex/2026-06-22/a2f23dee1d9a824b840a0175ca9a1f4b-https-app-notion-com-p/experiments/lab_001_xy_connection_20260626/scripts/IMSTL_001_independent_qa.py,a71bc64b2ac10d3ebb26f908ac25ca271ad710f527b0fd3d7fd846923624ab04,2907,2026-07-27T16:36:47+09:00,file-backed evidence; inspect source before upgrading claim
,python_source,experiments/lab_001_xy_connection_20260626/scripts/IMSTL_001_source_router_preflight.py,file:///C:/Users/chuck/Documents/Codex/2026-06-22/a2f23dee1d9a824b840a0175ca9a1f4b-https-app-notion-com-p/experiments/lab_001_xy_connection_20260626/scripts/IMSTL_001_source_router_preflight.py,e4718fc7ef4e2df4227a51bb191807d93eb06c5eccba5e0e6ff845589451870f,8585,2026-07-27T16:36:47+09:00,file-backed evidence; inspect source before upgrading claim
,python_source,experiments/lab_001_xy_connection_20260626/scripts/IMSTL_002_independent_qa.py,file:///C:/Users/chuck/Documents/Codex/2026-06-22/a2f23dee1d9a824b840a0175ca9a1f4b-https-app-notion-com-p/experiments/lab_001_xy_connection_20260626/scripts/IMSTL_002_independent_qa.py,f4c6d052ef60c312bd77446eae40f0647b82948a59ac0f322b3d05f3f12aed34,3430,2026-07-27T16:45:47+09:00,file-backed evidence; inspect source before upgrading claim
,python_source,experiments/lab_001_xy_connection_20260626/scripts/IMSTL_002_l28_robust_intersection_contour_prototype.py,file:///C:/Users/chuck/Documents/Codex/2026-06-22/a2f23dee1d9a824b840a0175ca9a1f4b-https-app-notion-com-p/experiments/lab_001_xy_connection_20260626/scripts/IMSTL_002_l28_robust_intersection_contour_prototype.py,a8a31dfb518ad829fef3974cc200346836578747a4f64e91ae03432243fbd17c,17611,2026-07-27T16:45:47+09:00,file-backed evidence; inspect source before upgrading claim
,python_source,experiments/lab_001_xy_connection_20260626/scripts/IMSTL_003_independent_qa.py,file:///C:/Users/chuck/Documents/Codex/2026-06-22/a2f23dee1d9a824b840a0175ca9a1f4b-https-app-notion-com-p/experiments/lab_001_xy_connection_20260626/scripts/IMSTL_003_independent_qa.py,933c35deaac6e0d657f364bef04239d4da334c615186f56bc129be050afa575a,2521,2026-07-27T17:02:05+09:00,file-backed evidence; inspect source before upgrading claim
,python_source,experiments/lab_001_xy_connection_20260626/scripts/IMSTL_003_l28_oriented_winding_material_region_doe.py,file:///C:/Users/chuck/Documents/Codex/2026-06-22/a2f23dee1d9a824b840a0175ca9a1f4b-https-app-notion-com-p/experiments/lab_001_xy_connection_20260626/scripts/IMSTL_003_l28_oriented_winding_material_region_doe.py,5a4bd48a2e74445aaee28d0f241f64abb0b971c70c838d512e6eb0f1d1425622,15479,2026-07-28T10:21:43+09:00,file-backed evidence; inspect source before upgrading claim
,python_source,experiments/lab_001_xy_connection_20260626/scripts/IMSTL_004_independent_qa.py,file:///C:/Users/chuck/Documents/Codex/2026-06-22/a2f23dee1d9a824b840a0175ca9a1f4b-https-app-notion-com-p/experiments/lab_001_xy_connection_20260626/scripts/IMSTL_004_independent_qa.py,3e17ad578ecb73b27931b87c65ab0fc67bc451532bad984f585cc5ae761497f2,3860,2026-07-28T10:34:00+09:00,file-backed evidence; inspect source before upgrading claim
,python_source,experiments/lab_001_xy_connection_20260626/scripts/IMSTL_004_l28_full801_oriented_winding_validation.py,file:///C:/Users/chuck/Documents/Codex/2026-06-22/a2f23dee1d9a824b840a0175ca9a1f4b-https-app-notion-com-p/experiments/lab_001_xy_connection_20260626/scripts/IMSTL_004_l28_full801_oriented_winding_validation.py,1f81e037e6acb0fecd2d5c8ce6c9268fab4dec9aa77319d7c43a8b4496dfd327,14286,2026-07-28T10:15:56+09:00,file-backed evidence; inspect source before upgrading claim
,python_source,experiments/lab_001_xy_connection_20260626/scripts/IMSTL_005_build_nb_dev_v0_5.py,file:///C:/Users/chuck/Documents/Codex/2026-06-22/a2f23dee1d9a824b840a0175ca9a1f4b-https-app-notion-com-p/experiments/lab_001_xy_connection_20260626/scripts/IMSTL_005_build_nb_dev_v0_5.py,f44f66b302f04c43a028f4ff62899488fbcfbd5c3385fc67003364096865d00c,12036,2026-07-28T10:54:31+09:00,file-backed evidence; inspect source before upgrading claim
,python_source,experiments/lab_001_xy_connection_20260626/scripts/IMSTL_005_independent_qa.py,file:///C:/Users/chuck/Documents/Codex/2026-06-22/a2f23dee1d9a824b840a0175ca9a1f4b-https-app-notion-com-p/experiments/lab_001_xy_connection_20260626/scripts/IMSTL_005_independent_qa.py,2215067711979a76d0b06fe1658abf00266daba0b448b1964c6c736103c784ec,5362,2026-07-28T11:04:27+09:00,file-backed evidence; inspect source before upgrading claim
,python_source,experiments/lab_001_xy_connection_20260626/scripts/IMSTL_005_nb_dev_integration_smoke.py,file:///C:/Users/chuck/Documents/Codex/2026-06-22/a2f23dee1d9a824b840a0175ca9a1f4b-https-app-notion-com-p/experiments/lab_001_xy_connection_20260626/scripts/IMSTL_005_nb_dev_integration_smoke.py,a8e3f9fdb95d473c7fed9433b7563fd91e139f2fea28a14f2902de63444f1111,10637,2026-07-28T10:57:20+09:00,file-backed evidence; inspect source before upgrading claim
,python_source,experiments/lab_001_xy_connection_20260626/scripts/IMSTL_006_independent_qa.py,file:///C:/Users/chuck/Documents/Codex/2026-06-22/a2f23dee1d9a824b840a0175ca9a1f4b-https-app-notion-com-p/experiments/lab_001_xy_connection_20260626/scripts/IMSTL_006_independent_qa.py,6e98e5aee43f25e5cad9311d74a611f6507f02023c5aff4765b06f0bbf4c56d5,9938,2026-07-28T12:24:33+09:00,file-backed evidence; inspect source before upgrading claim
,python_source,experiments/lab_001_xy_connection_20260626/scripts/IMSTL_006_small_generalization_factory.py,file:///C:/Users/chuck/Documents/Codex/2026-06-22/a2f23dee1d9a824b840a0175ca9a1f4b-https-app-notion-com-p/experiments/lab_001_xy_connection_20260626/scripts/IMSTL_006_small_generalization_factory.py,91d7397123de7928172ed5cfc65e1e38ab4812bf1140e48c354f882af35c6d7a,25751,2026-07-28T12:29:10+09:00,file-backed evidence; inspect source before upgrading claim
,python_source,experiments/lab_001_xy_connection_20260626/scripts/IMSTL_007_f1_resolution_pixel_phase_diagnosis.py,file:///C:/Users/chuck/Documents/Codex/2026-06-22/a2f23dee1d9a824b840a0175ca9a1f4b-https-app-notion-com-p/experiments/lab_001_xy_connection_20260626/scripts/IMSTL_007_f1_resolution_pixel_phase_diagnosis.py,67de5aac713d4c1ae5ac56650e48756a6a2296cf2a7417c0ec9fec995a4cb763,23872,2026-07-28T16:15:00+09:00,file-backed evidence; inspect source before upgrading claim
,python_source,experiments/lab_001_xy_connection_20260626/scripts/IMSTL_007_independent_qa.py,file:///C:/Users/chuck/Documents/Codex/2026-06-22/a2f23dee1d9a824b840a0175ca9a1f4b-https-app-notion-com-p/experiments/lab_001_xy_connection_20260626/scripts/IMSTL_007_independent_qa.py,9b03d2893ebe77bd755572a2f7758d70a9bd0054140437a5ac0c32146bc37271,11348,2026-07-28T16:15:00+09:00,file-backed evidence; inspect source before upgrading claim
,python_source,experiments/lab_001_xy_connection_20260626/scripts/IMSTL_008_f1_full_p1000_z801_nonregression.py,file:///C:/Users/chuck/Documents/Codex/2026-06-22/a2f23dee1d9a824b840a0175ca9a1f4b-https-app-notion-com-p/experiments/lab_001_xy_connection_20260626/scripts/IMSTL_008_f1_full_p1000_z801_nonregression.py,0c192181c7529c5de07dd558d8a7bce6ceebe6d44c0fa310ea8678c603ae0efc,8286,2026-07-28T21:21:47+09:00,file-backed evidence; inspect source before upgrading claim
,python_source,experiments/lab_001_xy_connection_20260626/scripts/IMSTL_008_independent_qa.py,file:///C:/Users/chuck/Documents/Codex/2026-06-22/a2f23dee1d9a824b840a0175ca9a1f4b-https-app-notion-com-p/experiments/lab_001_xy_connection_20260626/scripts/IMSTL_008_independent_qa.py,52b1bb88ee5dc0e416037c63ee885fa8e908a19bae6e558532bd3a0a9129293c,12690,2026-07-28T21:21:47+09:00,file-backed evidence; inspect source before upgrading claim
,python_source,experiments/lab_001_xy_connection_20260626/scripts/L28_BUILD_VISUAL_REVIEW_QUEUE.py,file:///C:/Users/chuck/Documents/Codex/2026-06-22/a2f23dee1d9a824b840a0175ca9a1f4b-https-app-notion-com-p/experiments/lab_001_xy_connection_20260626/scripts/L28_BUILD_VISUAL_REVIEW_QUEUE.py,897fc81b34be4504c63f6b72247748b58932be2293331c054929ed97150d92a7,5767,2026-07-27T15:00:09+09:00,file-backed evidence; inspect source before upgrading claim
,python_source,experiments/lab_001_xy_connection_20260626/scripts/L28_DESCRIPTOR_VALIDATION_PACKAGE_PHASE1_TO_4.py,file:///C:/Users/chuck/Documents/Codex/2026-06-22/a2f23dee1d9a824b840a0175ca9a1f4b-https-app-notion-com-p/experiments/lab_001_xy_connection_20260626/scripts/L28_DESCRIPTOR_VALIDATION_PACKAGE_PHASE1_TO_4.py,a4e1dbad9d07d647c8bbd1c0be4e7b51faffded6a7fbf02ee1d260e9281a313e,30315,2026-07-27T12:05:59+09:00,file-backed evidence; inspect source before upgrading claim
,python_source,experiments/lab_001_xy_connection_20260626/scripts/L28_STL2STP_AND_RESOLUTION_CONCLUSION_FACTORY.py,file:///C:/Users/chuck/Documents/Codex/2026-06-22/a2f23dee1d9a824b840a0175ca9a1f4b-https-app-notion-com-p/experiments/lab_001_xy_connection_20260626/scripts/L28_STL2STP_AND_RESOLUTION_CONCLUSION_FACTORY.py,b7a9b0f50024960d0e3ddfe73f10d5a2f675070cbd7a94224a1506e52d95e429,21126,2026-07-27T14:48:21+09:00,file-backed evidence; inspect source before upgrading claim
,python_source,experiments/lab_001_xy_connection_20260626/scripts/L28_VF45_ABC_FULL801_DIAGNOSTIC.py,file:///C:/Users/chuck/Documents/Codex/2026-06-22/a2f23dee1d9a824b840a0175ca9a1f4b-https-app-notion-com-p/experiments/lab_001_xy_connection_20260626/scripts/L28_VF45_ABC_FULL801_DIAGNOSTIC.py,b9ca2e0ed300a58f4280880f50449bbf9d87cdba46625869a628cc77c726e5a4,2749,2026-07-27T15:14:14+09:00,file-backed evidence; inspect source before upgrading claim
,python_source,experiments/lab_001_xy_connection_20260626/scripts/NB_INTEGRATE_001_build_development_notebook.py,file:///C:/Users/chuck/Documents/Codex/2026-06-22/a2f23dee1d9a824b840a0175ca9a1f4b-https-app-notion-com-p/experiments/lab_001_xy_connection_20260626/scripts/NB_INTEGRATE_001_build_development_notebook.py,291b67c2bb78d8f5747c79274934f3c4f2e011e7a5c4c66605b648a5eb3e5c95,5096,2026-07-29T14:50:21+09:00,file-backed evidence; inspect source before upgrading claim
,python_source,experiments/lab_001_xy_connection_20260626/scripts/NB_INTEGRATE_001_controller_smoke.py,file:///C:/Users/chuck/Documents/Codex/2026-06-22/a2f23dee1d9a824b840a0175ca9a1f4b-https-app-notion-com-p/experiments/lab_001_xy_connection_20260626/scripts/NB_INTEGRATE_001_controller_smoke.py,1e9366986c8f22cf23891f613d35e9f2ced27e25af4ecca2bd4f46f1f6cbcafc,4333,2026-07-29T14:53:02+09:00,file-backed evidence; inspect source before upgrading claim
,python_source,experiments/lab_001_xy_connection_20260626/scripts/NB_INTEGRATE_001_finalize.py,file:///C:/Users/chuck/Documents/Codex/2026-06-22/a2f23dee1d9a824b840a0175ca9a1f4b-https-app-notion-com-p/experiments/lab_001_xy_connection_20260626/scripts/NB_INTEGRATE_001_finalize.py,2b9c8fca0b9e8862dc22729dd5ce8434b3790e6b8f201be501d5f7d1508ca1d4,7790,2026-07-29T14:54:42+09:00,file-backed evidence; inspect source before upgrading claim
,python_source,experiments/lab_001_xy_connection_20260626/scripts/NB_INTEGRATE_001_independent_regression_qa.py,file:///C:/Users/chuck/Documents/Codex/2026-06-22/a2f23dee1d9a824b840a0175ca9a1f4b-https-app-notion-com-p/experiments/lab_001_xy_connection_20260626/scripts/NB_INTEGRATE_001_independent_regression_qa.py,abc2186df796ccde2d1fb793b2bff0061e4365366b546f4122630c76dd76ec59,6279,2026-07-29T14:53:02+09:00,file-backed evidence; inspect source before upgrading claim
,python_source,experiments/lab_001_xy_connection_20260626/scripts/NB_INTEGRATE_001_notebook_static_qa.py,file:///C:/Users/chuck/Documents/Codex/2026-06-22/a2f23dee1d9a824b840a0175ca9a1f4b-https-app-notion-com-p/experiments/lab_001_xy_connection_20260626/scripts/NB_INTEGRATE_001_notebook_static_qa.py,54e5bc05bf6eddad4d29ad75bbbb3c65360f5ebd466fbf0b1b323bd38467ef85,2332,2026-07-29T14:55:11+09:00,file-backed evidence; inspect source before upgrading claim
,python_source,experiments/lab_001_xy_connection_20260626/scripts/PRM052_FAST_utility_statistical_extension_xonly_census.py,file:///C:/Users/chuck/Documents/Codex/2026-06-22/a2f23dee1d9a824b840a0175ca9a1f4b-https-app-notion-com-p/experiments/lab_001_xy_connection_20260626/scripts/PRM052_FAST_utility_statistical_extension_xonly_census.py,e93972e6d7a30242572b558fe7567a73bed4128b879e0eb094efdbf5457a3c88,34333,2026-07-21T14:21:12+09:00,file-backed evidence; inspect source before upgrading claim
,python_source,experiments/lab_001_xy_connection_20260626/scripts/PRM053_FAST_independent_control_QA.py,file:///C:/Users/chuck/Documents/Codex/2026-06-22/a2f23dee1d9a824b840a0175ca9a1f4b-https-app-notion-com-p/experiments/lab_001_xy_connection_20260626/scripts/PRM053_FAST_independent_control_QA.py,9cc26cff1ab5bfb0b8301024a217d4bdd5e4954d3c7a03702510e056eb83d79b,16327,2026-07-21T14:27:58+09:00,file-backed evidence; inspect source before upgrading claim
,python_source,experiments/lab_001_xy_connection_20260626/scripts/PRM053_FAST_postmerge_sync_QA.py,file:///C:/Users/chuck/Documents/Codex/2026-06-22/a2f23dee1d9a824b840a0175ca9a1f4b-https-app-notion-com-p/experiments/lab_001_xy_connection_20260626/scripts/PRM053_FAST_postmerge_sync_QA.py,efacfac0be74d738a308de784ba3b9c40f0c32d12c38f2cea45456b5886528b1,6684,2026-07-21T14:33:41+09:00,file-backed evidence; inspect source before upgrading claim
,python_source,experiments/lab_001_xy_connection_20260626/scripts/PRM053_FAST_utility_statistical_extension_xonly_census_repair.py,file:///C:/Users/chuck/Documents/Codex/2026-06-22/a2f23dee1d9a824b840a0175ca9a1f4b-https-app-notion-com-p/experiments/lab_001_xy_connection_20260626/scripts/PRM053_FAST_utility_statistical_extension_xonly_census_repair.py,8ae390a2a0ff23c4f3404fb82962bd8fbd247c945bb7d71c0b801531dcf91e3e,34100,2026-07-21T14:24:39+09:00,file-backed evidence; inspect source before upgrading claim
,python_source,experiments/lab_001_xy_connection_20260626/scripts/PRM054_FAST_control_tower_review_QA.py,file:///C:/Users/chuck/Documents/Codex/2026-06-22/a2f23dee1d9a824b840a0175ca9a1f4b-https-app-notion-com-p/experiments/lab_001_xy_connection_20260626/scripts/PRM054_FAST_control_tower_review_QA.py,7d3eaa7d16182663b22da88ead229459942c4f228ef13a522bc475f29a9f3592,15080,2026-07-21T14:59:59+09:00,file-backed evidence; inspect source before upgrading claim
,python_source,experiments/lab_001_xy_connection_20260626/scripts/PRM054_FAST_nested_one_additional_feature_preregistration_nofit.py,file:///C:/Users/chuck/Documents/Codex/2026-06-22/a2f23dee1d9a824b840a0175ca9a1f4b-https-app-notion-com-p/experiments/lab_001_xy_connection_20260626/scripts/PRM054_FAST_nested_one_additional_feature_preregistration_nofit.py,67cc88efb545a53b034b8483fa3932e0ddc9b934943c3b372280a4b19e7693e7,34809,2026-07-21T14:48:42+09:00,file-backed evidence; inspect source before upgrading claim
,python_source,experiments/lab_001_xy_connection_20260626/scripts/PRM054_FAST_postmerge_sync_QA.py,file:///C:/Users/chuck/Documents/Codex/2026-06-22/a2f23dee1d9a824b840a0175ca9a1f4b-https-app-notion-com-p/experiments/lab_001_xy_connection_20260626/scripts/PRM054_FAST_postmerge_sync_QA.py,c1cd73326b3d544ec3f27eadb88e45bf027be87ea7e7e14158492ad0d8ae412b,7184,2026-07-21T15:06:15+09:00,file-backed evidence; inspect source before upgrading claim
,python_source,experiments/lab_001_xy_connection_20260626/scripts/PRM054_FAST_preregistration_independent_QA.py,file:///C:/Users/chuck/Documents/Codex/2026-06-22/a2f23dee1d9a824b840a0175ca9a1f4b-https-app-notion-com-p/experiments/lab_001_xy_connection_20260626/scripts/PRM054_FAST_preregistration_independent_QA.py,a89d514b26017d1fe9245b79f69163f8b4df7f3531e29b90c2f4a74e1e11aa06,16239,2026-07-21T14:52:50+09:00,file-backed evidence; inspect source before upgrading claim
,python_source,experiments/lab_001_xy_connection_20260626/scripts/PRM055_FAST_bounded_grouped_gm_replay.py,file:///C:/Users/chuck/Documents/Codex/2026-06-22/a2f23dee1d9a824b840a0175ca9a1f4b-https-app-notion-com-p/experiments/lab_001_xy_connection_20260626/scripts/PRM055_FAST_bounded_grouped_gm_replay.py,21b4e7ba3dff0c544f71a858a5bc7671ece72e63d316b5169b4a3d71664cd7cf,32473,2026-07-21T15:38:41+09:00,file-backed evidence; inspect source before upgrading claim
,python_source,experiments/lab_001_xy_connection_20260626/scripts/PRM055_FAST_control_tower_review.py,file:///C:/Users/chuck/Documents/Codex/2026-06-22/a2f23dee1d9a824b840a0175ca9a1f4b-https-app-notion-com-p/experiments/lab_001_xy_connection_20260626/scripts/PRM055_FAST_control_tower_review.py,2532a79e8919c84aad06af0512f743c7b0c78e2054531d7333e82d515088e214,13243,2026-07-21T15:45:42+09:00,file-backed evidence; inspect source before upgrading claim
,python_source,experiments/lab_001_xy_connection_20260626/scripts/PRM055_FAST_independent_numerical_QA.py,file:///C:/Users/chuck/Documents/Codex/2026-06-22/a2f23dee1d9a824b840a0175ca9a1f4b-https-app-notion-com-p/experiments/lab_001_xy_connection_20260626/scripts/PRM055_FAST_independent_numerical_QA.py,d4094c81bf8a9896867e83255c5f2598712e55796fe5dd809ac17183aa758499,17070,2026-07-21T15:40:47+09:00,file-backed evidence; inspect source before upgrading claim
,python_source,experiments/lab_001_xy_connection_20260626/scripts/PRM055_FAST_livehash_execution_authorization.py,file:///C:/Users/chuck/Documents/Codex/2026-06-22/a2f23dee1d9a824b840a0175ca9a1f4b-https-app-notion-com-p/experiments/lab_001_xy_connection_20260626/scripts/PRM055_FAST_livehash_execution_authorization.py,72d45471708bbfe1958a3c75450f5841f149388bec9b511e824a29f5431f1ea5,12925,2026-07-21T15:42:21+09:00,file-backed evidence; inspect source before upgrading claim
,python_source,experiments/lab_001_xy_connection_20260626/scripts/PRM055_FAST_postmerge_sync_QA.py,file:///C:/Users/chuck/Documents/Codex/2026-06-22/a2f23dee1d9a824b840a0175ca9a1f4b-https-app-notion-com-p/experiments/lab_001_xy_connection_20260626/scripts/PRM055_FAST_postmerge_sync_QA.py,da6680aa2b15618a71439e44b99fad45307ab80f491607cc291f59138a45d09f,7379,2026-07-21T15:51:23+09:00,file-backed evidence; inspect source before upgrading claim
,python_source,experiments/lab_001_xy_connection_20260626/scripts/PRM056_FAST_control_tower_review.py,file:///C:/Users/chuck/Documents/Codex/2026-06-22/a2f23dee1d9a824b840a0175ca9a1f4b-https-app-notion-com-p/experiments/lab_001_xy_connection_20260626/scripts/PRM056_FAST_control_tower_review.py,259550d7b2d0f48e9af34a0ff4345d4d44682a94a0e52440b2b804db64efa625,13886,2026-07-21T16:12:41+09:00,file-backed evidence; inspect source before upgrading claim
,python_source,experiments/lab_001_xy_connection_20260626/scripts/PRM056_FAST_independent_replay_QA.py,file:///C:/Users/chuck/Documents/Codex/2026-06-22/a2f23dee1d9a824b840a0175ca9a1f4b-https-app-notion-com-p/experiments/lab_001_xy_connection_20260626/scripts/PRM056_FAST_independent_replay_QA.py,1ba760e0bafdc03ec97ec1d138b5fa090d3aa6c22cef77f58cd6148f3888fc21,9754,2026-07-21T16:10:22+09:00,file-backed evidence; inspect source before upgrading claim
,python_source,experiments/lab_001_xy_connection_20260626/scripts/PRM056_FAST_postmerge_sync_QA.py,file:///C:/Users/chuck/Documents/Codex/2026-06-22/a2f23dee1d9a824b840a0175ca9a1f4b-https-app-notion-com-p/experiments/lab_001_xy_connection_20260626/scripts/PRM056_FAST_postmerge_sync_QA.py,d5f01902e144f63c27ba6c287d1941b1cdba2977ab91d431eea7971fdbf62845,8050,2026-07-21T16:17:53+09:00,file-backed evidence; inspect source before upgrading claim
,python_source,experiments/lab_001_xy_connection_20260626/scripts/PRM056_FAST_tailratio_source_support_anatomy_nofit.py,file:///C:/Users/chuck/Documents/Codex/2026-06-22/a2f23dee1d9a824b840a0175ca9a1f4b-https-app-notion-com-p/experiments/lab_001_xy_connection_20260626/scripts/PRM056_FAST_tailratio_source_support_anatomy_nofit.py,1b20a18215ed33eb58b51697aad5cdbdf85ccc25d34b4910c1407f642b3d2170,32859,2026-07-21T16:05:49+09:00,file-backed evidence; inspect source before upgrading claim
,python_source,experiments/lab_001_xy_connection_20260626/scripts/PRM057_FAST_control_tower_review.py,file:///C:/Users/chuck/Documents/Codex/2026-06-22/a2f23dee1d9a824b840a0175ca9a1f4b-https-app-notion-com-p/experiments/lab_001_xy_connection_20260626/scripts/PRM057_FAST_control_tower_review.py,99f548d294fa49c9af639ae7cecbdbb2adda25db8c45e39b49f70752f2a8bbf0,15448,2026-07-21T19:33:24+09:00,file-backed evidence; inspect source before upgrading claim
,python_source,experiments/lab_001_xy_connection_20260626/scripts/PRM057_FAST_independent_schema_negative_QA.py,file:///C:/Users/chuck/Documents/Codex/2026-06-22/a2f23dee1d9a824b840a0175ca9a1f4b-https-app-notion-com-p/experiments/lab_001_xy_connection_20260626/scripts/PRM057_FAST_independent_schema_negative_QA.py,27710b0ce711ac6901073a195a43f4d34585d3ec19393b76a4a44c3e4b16cbe6,12371,2026-07-21T19:31:18+09:00,file-backed evidence; inspect source before upgrading claim
,python_source,experiments/lab_001_xy_connection_20260626/scripts/PRM057_FAST_postmerge_sync_QA.py,file:///C:/Users/chuck/Documents/Codex/2026-06-22/a2f23dee1d9a824b840a0175ca9a1f4b-https-app-notion-com-p/experiments/lab_001_xy_connection_20260626/scripts/PRM057_FAST_postmerge_sync_QA.py,1e934613f6b7e0d7a98bc830b5a175aed13d82cc710fc56064575e832235d8f8,9864,2026-07-21T19:42:14+09:00,file-backed evidence; inspect source before upgrading claim
,python_source,experiments/lab_001_xy_connection_20260626/scripts/PRM057_FAST_zeroaware_engineering_definition_preregistration.py,file:///C:/Users/chuck/Documents/Codex/2026-06-22/a2f23dee1d9a824b840a0175ca9a1f4b-https-app-notion-com-p/experiments/lab_001_xy_connection_20260626/scripts/PRM057_FAST_zeroaware_engineering_definition_preregistration.py,366ab7440bd05c5fff5e7b5bac257230d04edb206672b9eebff292fcac979f45,27983,2026-07-21T19:29:21+09:00,file-backed evidence; inspect source before upgrading claim
,python_source,experiments/lab_001_xy_connection_20260626/scripts/PRM058_FAST_control_tower_review.py,file:///C:/Users/chuck/Documents/Codex/2026-06-22/a2f23dee1d9a824b840a0175ca9a1f4b-https-app-notion-com-p/experiments/lab_001_xy_connection_20260626/scripts/PRM058_FAST_control_tower_review.py,30bdb80af9ffe339efd18bd4e75e01f3dc55bc783e86026c76b2d837c7419c99,14587,2026-07-21T20:36:22+09:00,file-backed evidence; inspect source before upgrading claim
,python_source,experiments/lab_001_xy_connection_20260626/scripts/PRM058_FAST_independent_formula_negative_QA.py,file:///C:/Users/chuck/Documents/Codex/2026-06-22/a2f23dee1d9a824b840a0175ca9a1f4b-https-app-notion-com-p/experiments/lab_001_xy_connection_20260626/scripts/PRM058_FAST_independent_formula_negative_QA.py,d93d6ed93a873f304486f51c34a9a1ae6015eeca6231a4b07c09aa57e91fec62,14417,2026-07-21T20:34:36+09:00,file-backed evidence; inspect source before upgrading claim
,python_source,experiments/lab_001_xy_connection_20260626/scripts/PRM058_FAST_postmerge_sync_QA.py,file:///C:/Users/chuck/Documents/Codex/2026-06-22/a2f23dee1d9a824b840a0175ca9a1f4b-https-app-notion-com-p/experiments/lab_001_xy_connection_20260626/scripts/PRM058_FAST_postmerge_sync_QA.py,182192db63905cc53c8f905568d9a68ab9a477d49d19aaa8be71e8a4d9cb4748,11008,2026-07-21T20:41:19+09:00,file-backed evidence; inspect source before upgrading claim
,python_source,experiments/lab_001_xy_connection_20260626/scripts/PRM058_FAST_zeroaware_all58_xonly_census.py,file:///C:/Users/chuck/Documents/Codex/2026-06-22/a2f23dee1d9a824b840a0175ca9a1f4b-https-app-notion-com-p/experiments/lab_001_xy_connection_20260626/scripts/PRM058_FAST_zeroaware_all58_xonly_census.py,cbae842dd121ce0c1e6e40c2deb725decede87a248e38884876d3737ee05d03e,32066,2026-07-21T20:31:50+09:00,file-backed evidence; inspect source before upgrading claim
,python_source,experiments/lab_001_xy_connection_20260626/scripts/PRM059_FAST_expanded_candidate_bank_reconciliation.py,file:///C:/Users/chuck/Documents/Codex/2026-06-22/a2f23dee1d9a824b840a0175ca9a1f4b-https-app-notion-com-p/experiments/lab_001_xy_connection_20260626/scripts/PRM059_FAST_expanded_candidate_bank_reconciliation.py,435a009fe0b057de6acf6b9206156ba0242d363256ab6a10d63abd5d14ba56c5,30142,2026-07-21T21:31:24+09:00,file-backed evidence; inspect source before upgrading claim
,python_source,experiments/lab_001_xy_connection_20260626/scripts/PRM060_FAST_control_review_visualization.py,file:///C:/Users/chuck/Documents/Codex/2026-06-22/a2f23dee1d9a824b840a0175ca9a1f4b-https-app-notion-com-p/experiments/lab_001_xy_connection_20260626/scripts/PRM060_FAST_control_review_visualization.py,ff265e0f2667f62faf5ab70323c94eb622f89d647eb54c71ff81b53f6658349f,8239,2026-07-21T21:45:48+09:00,file-backed evidence; inspect source before upgrading claim
,python_source,experiments/lab_001_xy_connection_20260626/scripts/PRM060_FAST_expanded_candidate_bank_reconciliation_repair.py,file:///C:/Users/chuck/Documents/Codex/2026-06-22/a2f23dee1d9a824b840a0175ca9a1f4b-https-app-notion-com-p/experiments/lab_001_xy_connection_20260626/scripts/PRM060_FAST_expanded_candidate_bank_reconciliation_repair.py,ca058395d69fe40167ef54ebc69e8bfbec0e3113cd4cc337ac22f9a13a8188de,18928,2026-07-21T21:35:53+09:00,file-backed evidence; inspect source before upgrading claim
,python_source,experiments/lab_001_xy_connection_20260626/scripts/PRM060_FAST_independent_registry_matrix_QA.py,file:///C:/Users/chuck/Documents/Codex/2026-06-22/a2f23dee1d9a824b840a0175ca9a1f4b-https-app-notion-com-p/experiments/lab_001_xy_connection_20260626/scripts/PRM060_FAST_independent_registry_matrix_QA.py,274b6b672aa141f088d3aba0c7982fe7bf70a178a281939bfeb0899b020e6d05,12930,2026-07-21T21:40:02+09:00,file-backed evidence; inspect source before upgrading claim
,python_source,experiments/lab_001_xy_connection_20260626/scripts/PRM060_FAST_postmerge_sync_QA.py,file:///C:/Users/chuck/Documents/Codex/2026-06-22/a2f23dee1d9a824b840a0175ca9a1f4b-https-app-notion-com-p/experiments/lab_001_xy_connection_20260626/scripts/PRM060_FAST_postmerge_sync_QA.py,d3b1458226689e0c777f5755285ec9c89aaadd5ac73bee7c91ee61c6a3254fb3,9629,2026-07-21T21:52:28+09:00,file-backed evidence; inspect source before upgrading claim
,python_source,experiments/lab_001_xy_connection_20260626/scripts/PRM061_FS4_control_review_visualization.py,file:///C:/Users/chuck/Documents/Codex/2026-06-22/a2f23dee1d9a824b840a0175ca9a1f4b-https-app-notion-com-p/experiments/lab_001_xy_connection_20260626/scripts/PRM061_FS4_control_review_visualization.py,5e4f08900dd1a273887b4865a433b338ac14d41300112ed927bdf41de80ca68f,10085,2026-07-21T22:04:31+09:00,file-backed evidence; inspect source before upgrading claim
,python_source,experiments/lab_001_xy_connection_20260626/scripts/PRM061_FS4_independent_QA.py,file:///C:/Users/chuck/Documents/Codex/2026-06-22/a2f23dee1d9a824b840a0175ca9a1f4b-https-app-notion-com-p/experiments/lab_001_xy_connection_20260626/scripts/PRM061_FS4_independent_QA.py,412d21fffa4d1b0d1d026acb226a4b77b765f5610b556c5623446a24539acd6d,12142,2026-07-21T22:03:10+09:00,file-backed evidence; inspect source before upgrading claim
,python_source,experiments/lab_001_xy_connection_20260626/scripts/PRM061_FS4_method_integration_preregistration_no_fit.py,file:///C:/Users/chuck/Documents/Codex/2026-06-22/a2f23dee1d9a824b840a0175ca9a1f4b-https-app-notion-com-p/experiments/lab_001_xy_connection_20260626/scripts/PRM061_FS4_method_integration_preregistration_no_fit.py,8b312227d89aca8bcef8b33f087b5fc1af8e36a98968205156da14738e813fbe,21406,2026-07-21T22:01:29+09:00,file-backed evidence; inspect source before upgrading claim
,python_source,experiments/lab_001_xy_connection_20260626/scripts/PRM061_FS4_postmerge_sync_QA.py,file:///C:/Users/chuck/Documents/Codex/2026-06-22/a2f23dee1d9a824b840a0175ca9a1f4b-https-app-notion-com-p/experiments/lab_001_xy_connection_20260626/scripts/PRM061_FS4_postmerge_sync_QA.py,e281cdf67992f4ab5542981ea46b4768fc17a8d708d71ea1f740d9c33d601bdb,10309,2026-07-21T22:10:16+09:00,file-backed evidence; inspect source before upgrading claim
,python_source,experiments/lab_001_xy_connection_20260626/scripts/PRM062_A02_contract_status_adapter.py,file:///C:/Users/chuck/Documents/Codex/2026-06-22/a2f23dee1d9a824b840a0175ca9a1f4b-https-app-notion-com-p/experiments/lab_001_xy_connection_20260626/scripts/PRM062_A02_contract_status_adapter.py,df13fdf0e763e96c5b3eb11a5bffbb0bf0261cc9d4cba8db61f59863b40a8370,3205,2026-07-21T22:19:33+09:00,file-backed evidence; inspect source before upgrading claim
,python_source,experiments/lab_001_xy_connection_20260626/scripts/PRM062_A03_comparator_repair_acceptance.py,file:///C:/Users/chuck/Documents/Codex/2026-06-22/a2f23dee1d9a824b840a0175ca9a1f4b-https-app-notion-com-p/experiments/lab_001_xy_connection_20260626/scripts/PRM062_A03_comparator_repair_acceptance.py,646d4423a241e226eac0418fd1edb36a040d9bb01cf3785860fbcaba26685709,9980,2026-07-21T22:21:22+09:00,file-backed evidence; inspect source before upgrading claim
,python_source,experiments/lab_001_xy_connection_20260626/scripts/PRM062_FS4_XREG_GM_control_visualization.py,file:///C:/Users/chuck/Documents/Codex/2026-06-22/a2f23dee1d9a824b840a0175ca9a1f4b-https-app-notion-com-p/experiments/lab_001_xy_connection_20260626/scripts/PRM062_FS4_XREG_GM_control_visualization.py,f57bf6f1237e69648b8ced52afdc476d957a6b104e67868ee93a0ac15b6562c4,6643,2026-07-21T22:26:23+09:00,file-backed evidence; inspect source before upgrading claim
,python_source,experiments/lab_001_xy_connection_20260626/scripts/PRM062_FS4_XREG_GM_dataset_manifest_join_QA_no_fit.py,file:///C:/Users/chuck/Documents/Codex/2026-06-22/a2f23dee1d9a824b840a0175ca9a1f4b-https-app-notion-com-p/experiments/lab_001_xy_connection_20260626/scripts/PRM062_FS4_XREG_GM_dataset_manifest_join_QA_no_fit.py,9fcaae35916dc7d5c4c0a7151aa964c70180091f2abdf9db587917b745401593,28536,2026-07-21T22:18:00+09:00,file-backed evidence; inspect source before upgrading claim
,python_source,experiments/lab_001_xy_connection_20260626/scripts/PRM062_FS4_XREG_GM_independent_QA.py,file:///C:/Users/chuck/Documents/Codex/2026-06-22/a2f23dee1d9a824b840a0175ca9a1f4b-https-app-notion-com-p/experiments/lab_001_xy_connection_20260626/scripts/PRM062_FS4_XREG_GM_independent_QA.py,9c425ae45fb6f82410e91f37f8b76f5a0aaa3f17ce0f872528f5c44a2dd67fc1,10346,2026-07-21T22:22:41+09:00,file-backed evidence; inspect source before upgrading claim
,python_source,experiments/lab_001_xy_connection_20260626/scripts/PRM062_FS4_XREG_GM_postmerge_sync_QA.py,file:///C:/Users/chuck/Documents/Codex/2026-06-22/a2f23dee1d9a824b840a0175ca9a1f4b-https-app-notion-com-p/experiments/lab_001_xy_connection_20260626/scripts/PRM062_FS4_XREG_GM_postmerge_sync_QA.py,bc503f5aaf701c915dff51cb758ec5867c19196858c6b4f3038a6e017ae07560,13779,2026-07-21T22:37:48+09:00,file-backed evidence; inspect source before upgrading claim
,python_source,experiments/lab_001_xy_connection_20260626/scripts/PRM063_FS4_P1_control_visualization.py,file:///C:/Users/chuck/Documents/Codex/2026-06-22/a2f23dee1d9a824b840a0175ca9a1f4b-https-app-notion-com-p/experiments/lab_001_xy_connection_20260626/scripts/PRM063_FS4_P1_control_visualization.py,b00e26435edd74cf3702ee65a4ec1cc31397d0901ce0ef51fdd4976623ed488b,8697,2026-07-21T22:45:49+09:00,file-backed evidence; inspect source before upgrading claim
,python_source,experiments/lab_001_xy_connection_20260626/scripts/PRM063_FS4_P1_independent_QA.py,file:///C:/Users/chuck/Documents/Codex/2026-06-22/a2f23dee1d9a824b840a0175ca9a1f4b-https-app-notion-com-p/experiments/lab_001_xy_connection_20260626/scripts/PRM063_FS4_P1_independent_QA.py,b72011f3d6863a96c53a80f2652e294b081893078a19351c7eb3d36fcf2bd215,11739,2026-07-21T22:44:37+09:00,file-backed evidence; inspect source before upgrading claim
,python_source,experiments/lab_001_xy_connection_20260626/scripts/PRM063_FS4_P1_postmerge_sync_QA.py,file:///C:/Users/chuck/Documents/Codex/2026-06-22/a2f23dee1d9a824b840a0175ca9a1f4b-https-app-notion-com-p/experiments/lab_001_xy_connection_20260626/scripts/PRM063_FS4_P1_postmerge_sync_QA.py,69081051f5b829213106ebc65e5140ae5645b8a81413978519b3068211fbfdd7,12517,2026-07-21T22:52:46+09:00,file-backed evidence; inspect source before upgrading claim
,python_source,experiments/lab_001_xy_connection_20260626/scripts/PRM063_FS4_P1_representative_compatibility_preregistration_no_execution.py,file:///C:/Users/chuck/Documents/Codex/2026-06-22/a2f23dee1d9a824b840a0175ca9a1f4b-https-app-notion-com-p/experiments/lab_001_xy_connection_20260626/scripts/PRM063_FS4_P1_representative_compatibility_preregistration_no_execution.py,c4797ec2fc38e6b1eef0b91c3f9b7e4f68624b3863f9b92038bb9570424c4f86,25333,2026-07-21T22:42:55+09:00,file-backed evidence; inspect source before upgrading claim
,python_source,experiments/lab_001_xy_connection_20260626/scripts/PRM064_FS4_P1_adapter_implementation_no_fit.py,file:///C:/Users/chuck/Documents/Codex/2026-06-22/a2f23dee1d9a824b840a0175ca9a1f4b-https-app-notion-com-p/experiments/lab_001_xy_connection_20260626/scripts/PRM064_FS4_P1_adapter_implementation_no_fit.py,8723838b8d1ed23614aee3d24ca7b4ccfe63d1b4753437b88fe0b7f386581b3a,20985,2026-07-21T23:06:40+09:00,file-backed evidence; inspect source before upgrading claim
,python_source,experiments/lab_001_xy_connection_20260626/scripts/PRM064_FS4_P1_control_visualization.py,file:///C:/Users/chuck/Documents/Codex/2026-06-22/a2f23dee1d9a824b840a0175ca9a1f4b-https-app-notion-com-p/experiments/lab_001_xy_connection_20260626/scripts/PRM064_FS4_P1_control_visualization.py,4b1a1d7fafb5a4348dab2aac9662a0dff266687d32201042afcc0d9221dc95b7,10745,2026-07-21T23:13:14+09:00,file-backed evidence; inspect source before upgrading claim
,python_source,experiments/lab_001_xy_connection_20260626/scripts/PRM064_FS4_P1_independent_QA.py,file:///C:/Users/chuck/Documents/Codex/2026-06-22/a2f23dee1d9a824b840a0175ca9a1f4b-https-app-notion-com-p/experiments/lab_001_xy_connection_20260626/scripts/PRM064_FS4_P1_independent_QA.py,d24a30a1dff0e0855e68357f8bbac6786a30e59923cc495b8eac8e49162b7eb9,14720,2026-07-21T23:08:19+09:00,file-backed evidence; inspect source before upgrading claim
,python_source,experiments/lab_001_xy_connection_20260626/scripts/PRM064_FS4_P1_postmerge_sync_QA.py,file:///C:/Users/chuck/Documents/Codex/2026-06-22/a2f23dee1d9a824b840a0175ca9a1f4b-https-app-notion-com-p/experiments/lab_001_xy_connection_20260626/scripts/PRM064_FS4_P1_postmerge_sync_QA.py,0261cf96ce59f4d24e5e3a3d3bca3307f0b1ff0991947f32e987fbc241586d44,9614,2026-07-21T23:21:09+09:00,file-backed evidence; inspect source before upgrading claim
,python_source,experiments/lab_001_xy_connection_20260626/scripts/PRM065_FS4_P1_control_visualization.py,file:///C:/Users/chuck/Documents/Codex/2026-06-22/a2f23dee1d9a824b840a0175ca9a1f4b-https-app-notion-com-p/experiments/lab_001_xy_connection_20260626/scripts/PRM065_FS4_P1_control_visualization.py,d81bae6648b120afa84a8c18578c37f91aa30e076a0b9a356a660ecc3e0383ef,10117,2026-07-21T23:28:25+09:00,file-backed evidence; inspect source before upgrading claim
,python_source,experiments/lab_001_xy_connection_20260626/scripts/PRM065_FS4_P1_independent_QA.py,file:///C:/Users/chuck/Documents/Codex/2026-06-22/a2f23dee1d9a824b840a0175ca9a1f4b-https-app-notion-com-p/experiments/lab_001_xy_connection_20260626/scripts/PRM065_FS4_P1_independent_QA.py,cacd9ba6f42b844c4e61148b902d9feea548e207415273b3fd009d2920607c36,9493,2026-07-21T23:27:10+09:00,file-backed evidence; inspect source before upgrading claim
,python_source,experiments/lab_001_xy_connection_20260626/scripts/PRM065_FS4_P1_live_hash_execute_or_stop_review_no_fit.py,file:///C:/Users/chuck/Documents/Codex/2026-06-22/a2f23dee1d9a824b840a0175ca9a1f4b-https-app-notion-com-p/experiments/lab_001_xy_connection_20260626/scripts/PRM065_FS4_P1_live_hash_execute_or_stop_review_no_fit.py,0c038d01b1820f03c35c6243780af7f4b32d2362e02e467b636216f24cf0514f,22245,2026-07-21T23:25:51+09:00,file-backed evidence; inspect source before upgrading claim
,python_source,experiments/lab_001_xy_connection_20260626/scripts/PRM065_FS4_P1_postmerge_sync_QA.py,file:///C:/Users/chuck/Documents/Codex/2026-06-22/a2f23dee1d9a824b840a0175ca9a1f4b-https-app-notion-com-p/experiments/lab_001_xy_connection_20260626/scripts/PRM065_FS4_P1_postmerge_sync_QA.py,96a41385784ab18fa419ac8432422d0188657aa8e683bb38ae4d3e12567ec2c0,9245,2026-07-21T23:33:54+09:00,file-backed evidence; inspect source before upgrading claim
,python_source,experiments/lab_001_xy_connection_20260626/scripts/PRM066_FS4_P1_control_visualization.py,file:///C:/Users/chuck/Documents/Codex/2026-06-22/a2f23dee1d9a824b840a0175ca9a1f4b-https-app-notion-com-p/experiments/lab_001_xy_connection_20260626/scripts/PRM066_FS4_P1_control_visualization.py,a0f09ca070f709ea3f80b1677cd6c517ab8e768507ae6e54ae06b3e1c6b7f32e,10477,2026-07-21T23:50:31+09:00,file-backed evidence; inspect source before upgrading claim
,python_source,experiments/lab_001_xy_connection_20260626/scripts/PRM066_FS4_P1_exec_layer_implementation_no_fit.py,file:///C:/Users/chuck/Documents/Codex/2026-06-22/a2f23dee1d9a824b840a0175ca9a1f4b-https-app-notion-com-p/experiments/lab_001_xy_connection_20260626/scripts/PRM066_FS4_P1_exec_layer_implementation_no_fit.py,3db4be4cfd9f485c88c0b51ffa578622771456af24b99775caee8ffb0cfa8d57,17935,2026-07-21T23:46:02+09:00,file-backed evidence; inspect source before upgrading claim
,python_source,experiments/lab_001_xy_connection_20260626/scripts/PRM066_FS4_P1_independent_QA.py,file:///C:/Users/chuck/Documents/Codex/2026-06-22/a2f23dee1d9a824b840a0175ca9a1f4b-https-app-notion-com-p/experiments/lab_001_xy_connection_20260626/scripts/PRM066_FS4_P1_independent_QA.py,8edff3cfb017d0f7e9b2c7155829afec0ecd160830363934fde7e8683837bb12,12319,2026-07-21T23:48:55+09:00,file-backed evidence; inspect source before upgrading claim
,python_source,experiments/lab_001_xy_connection_20260626/scripts/PRM066_FS4_P1_postmerge_sync_QA.py,file:///C:/Users/chuck/Documents/Codex/2026-06-22/a2f23dee1d9a824b840a0175ca9a1f4b-https-app-notion-com-p/experiments/lab_001_xy_connection_20260626/scripts/PRM066_FS4_P1_postmerge_sync_QA.py,5f407012274b3dfdcd6a57355e2e27a15f5c60383848dba75492651c2bcc9df3,10793,2026-07-21T23:59:36+09:00,file-backed evidence; inspect source before upgrading claim
,python_source,experiments/lab_001_xy_connection_20260626/scripts/PRM067_FS4_P1_AUTH2_control_visualization.py,file:///C:/Users/chuck/Documents/Codex/2026-06-22/a2f23dee1d9a824b840a0175ca9a1f4b-https-app-notion-com-p/experiments/lab_001_xy_connection_20260626/scripts/PRM067_FS4_P1_AUTH2_control_visualization.py,25a2482e340efd208b44b27d851d15b7766941cd869ad06459067ac637de2efb,10689,2026-07-22T00:12:31+09:00,file-backed evidence; inspect source before upgrading claim
,python_source,experiments/lab_001_xy_connection_20260626/scripts/PRM067_FS4_P1_AUTH2_independent_QA.py,file:///C:/Users/chuck/Documents/Codex/2026-06-22/a2f23dee1d9a824b840a0175ca9a1f4b-https-app-notion-com-p/experiments/lab_001_xy_connection_20260626/scripts/PRM067_FS4_P1_AUTH2_independent_QA.py,50c71a861d93a35999d3b4dc69f0a8613c308df4c5bb30bc2ca53330fad3d045,9396,2026-07-22T00:11:09+09:00,file-backed evidence; inspect source before upgrading claim
,python_source,experiments/lab_001_xy_connection_20260626/scripts/PRM067_FS4_P1_AUTH2_live_hash_review.py,file:///C:/Users/chuck/Documents/Codex/2026-06-22/a2f23dee1d9a824b840a0175ca9a1f4b-https-app-notion-com-p/experiments/lab_001_xy_connection_20260626/scripts/PRM067_FS4_P1_AUTH2_live_hash_review.py,8d35788b0484cbfed8f59e466a171e8374381b13be40a02b9644ec1a01dbd188,24717,2026-07-22T00:09:38+09:00,file-backed evidence; inspect source before upgrading claim
,python_source,experiments/lab_001_xy_connection_20260626/scripts/PRM067_FS4_P1_AUTH2_postmerge_sync_QA.py,file:///C:/Users/chuck/Documents/Codex/2026-06-22/a2f23dee1d9a824b840a0175ca9a1f4b-https-app-notion-com-p/experiments/lab_001_xy_connection_20260626/scripts/PRM067_FS4_P1_AUTH2_postmerge_sync_QA.py,5cf1f26b8d4c2ac95303f1ca118f02b50d73f838dae0cf35bf4ec2c55f261af3,10946,2026-07-22T00:16:53+09:00,file-backed evidence; inspect source before upgrading claim
,python_source,experiments/lab_001_xy_connection_20260626/scripts/PRM068_FS4_P1_AUTH2_control_visualization.py,file:///C:/Users/chuck/Documents/Codex/2026-06-22/a2f23dee1d9a824b840a0175ca9a1f4b-https-app-notion-com-p/experiments/lab_001_xy_connection_20260626/scripts/PRM068_FS4_P1_AUTH2_control_visualization.py,07f2c3d008400bf0b1b28164291e3acc05863520781eebd1b984a12dee4f44f8,10542,2026-07-22T00:50:07+09:00,file-backed evidence; inspect source before upgrading claim
,python_source,experiments/lab_001_xy_connection_20260626/scripts/PRM068_FS4_P1_AUTH2_GO_review.py,file:///C:/Users/chuck/Documents/Codex/2026-06-22/a2f23dee1d9a824b840a0175ca9a1f4b-https-app-notion-com-p/experiments/lab_001_xy_connection_20260626/scripts/PRM068_FS4_P1_AUTH2_GO_review.py,25c1488780eb3c9c5d02aa283a3fca83c1ed68ad27ef3614d3a5f707ef5a6126,28283,2026-07-22T00:47:27+09:00,file-backed evidence; inspect source before upgrading claim
,python_source,experiments/lab_001_xy_connection_20260626/scripts/PRM068_FS4_P1_AUTH2_independent_QA.py,file:///C:/Users/chuck/Documents/Codex/2026-06-22/a2f23dee1d9a824b840a0175ca9a1f4b-https-app-notion-com-p/experiments/lab_001_xy_connection_20260626/scripts/PRM068_FS4_P1_AUTH2_independent_QA.py,f49fd2cf7c946f51d528c6d64709e08927854a4885ae27a941b239559f87737d,10427,2026-07-22T00:48:49+09:00,file-backed evidence; inspect source before upgrading claim
,python_source,experiments/lab_001_xy_connection_20260626/scripts/PRM068_FS4_P1_AUTH2_postmerge_sync_QA.py,file:///C:/Users/chuck/Documents/Codex/2026-06-22/a2f23dee1d9a824b840a0175ca9a1f4b-https-app-notion-com-p/experiments/lab_001_xy_connection_20260626/scripts/PRM068_FS4_P1_AUTH2_postmerge_sync_QA.py,c3a4ea5f332ea6949a4189c1f149a7e8799fd673c84bd48e6592538017b64bc0,11658,2026-07-22T00:59:49+09:00,file-backed evidence; inspect source before upgrading claim
,python_source,experiments/lab_001_xy_connection_20260626/scripts/PRM069_SLICE005_return_intake_audit.py,file:///C:/Users/chuck/Documents/Codex/2026-06-22/a2f23dee1d9a824b840a0175ca9a1f4b-https-app-notion-com-p/experiments/lab_001_xy_connection_20260626/scripts/PRM069_SLICE005_return_intake_audit.py,2998b008a2ad36ee8a69947916e20f001fc20452e0b1713c201ba6cd57b29523,14033,2026-07-22T01:10:18+09:00,file-backed evidence; inspect source before upgrading claim
,python_source,experiments/lab_001_xy_connection_20260626/scripts/PRM069_SLICE005_return_postmerge_QA.py,file:///C:/Users/chuck/Documents/Codex/2026-06-22/a2f23dee1d9a824b840a0175ca9a1f4b-https-app-notion-com-p/experiments/lab_001_xy_connection_20260626/scripts/PRM069_SLICE005_return_postmerge_QA.py,cfad984a9cc42b9209e641bcfe1e6b726b95c31fbb8344373d76772b53db4c2e,9341,2026-07-22T01:14:38+09:00,file-backed evidence; inspect source before upgrading claim
,python_source,experiments/lab_001_xy_connection_20260626/scripts/PRM070_SLICE005_convergence_control.py,file:///C:/Users/chuck/Documents/Codex/2026-06-22/a2f23dee1d9a824b840a0175ca9a1f4b-https-app-notion-com-p/experiments/lab_001_xy_connection_20260626/scripts/PRM070_SLICE005_convergence_control.py,cf119af83810e946431754270e0a8be4dadf303daee07bf59f3591a6ef9fc77b,25025,2026-07-22T01:19:55+09:00,file-backed evidence; inspect source before upgrading claim
,python_source,experiments/lab_001_xy_connection_20260626/scripts/PRM070_SLICE005_independent_control_QA.py,file:///C:/Users/chuck/Documents/Codex/2026-06-22/a2f23dee1d9a824b840a0175ca9a1f4b-https-app-notion-com-p/experiments/lab_001_xy_connection_20260626/scripts/PRM070_SLICE005_independent_control_QA.py,6befd6a81a82e1986efde487aa8d6bc8ed3d7a0ddea376ff9d388bcbbb8b13ff,11502,2026-07-22T01:22:22+09:00,file-backed evidence; inspect source before upgrading claim
,python_source,experiments/lab_001_xy_connection_20260626/scripts/PRM070_SLICE005_postmerge_sync_QA.py,file:///C:/Users/chuck/Documents/Codex/2026-06-22/a2f23dee1d9a824b840a0175ca9a1f4b-https-app-notion-com-p/experiments/lab_001_xy_connection_20260626/scripts/PRM070_SLICE005_postmerge_sync_QA.py,77e97b76022bd52060e4a7794d828c5ecc31917de6996f04aa5c6ccfc5de9ba9,6136,2026-07-22T01:32:53+09:00,file-backed evidence; inspect source before upgrading claim
,python_source,experiments/lab_001_xy_connection_20260626/scripts/PRM071_FS4_P1_bounded_4method_run.py,file:///C:/Users/chuck/Documents/Codex/2026-06-22/a2f23dee1d9a824b840a0175ca9a1f4b-https-app-notion-com-p/experiments/lab_001_xy_connection_20260626/scripts/PRM071_FS4_P1_bounded_4method_run.py,3f3e663b1be0ae89c5bf09d0c274dc8c7ab631b108c5ef38a763c957426bbfa7,19070,2026-07-22T01:43:28+09:00,file-backed evidence; inspect source before upgrading claim
,python_source,experiments/lab_001_xy_connection_20260626/scripts/PRM071_FS4_P1_control_finalize.py,file:///C:/Users/chuck/Documents/Codex/2026-06-22/a2f23dee1d9a824b840a0175ca9a1f4b-https-app-notion-com-p/experiments/lab_001_xy_connection_20260626/scripts/PRM071_FS4_P1_control_finalize.py,efa77610a32a72bdf0dc37c65a0895ff0accc16b3ed00396df8b29eaba6ec8b8,8198,2026-07-22T01:52:41+09:00,file-backed evidence; inspect source before upgrading claim
,python_source,experiments/lab_001_xy_connection_20260626/scripts/PRM071_FS4_P1_independent_control_QA.py,file:///C:/Users/chuck/Documents/Codex/2026-06-22/a2f23dee1d9a824b840a0175ca9a1f4b-https-app-notion-com-p/experiments/lab_001_xy_connection_20260626/scripts/PRM071_FS4_P1_independent_control_QA.py,e5f5b210b8d3b533e3950a4b7e9805e0a54f059475baeee37d8428a7c5556594,12237,2026-07-22T01:48:42+09:00,file-backed evidence; inspect source before upgrading claim
,python_source,experiments/lab_001_xy_connection_20260626/scripts/PRM071_FS4_P1_postmerge_sync_QA.py,file:///C:/Users/chuck/Documents/Codex/2026-06-22/a2f23dee1d9a824b840a0175ca9a1f4b-https-app-notion-com-p/experiments/lab_001_xy_connection_20260626/scripts/PRM071_FS4_P1_postmerge_sync_QA.py,87702f17f5ccc4a4fa616ec7590c2faade1fff91cb64cb69b5082ffe6fdfab4b,7711,2026-07-22T02:00:26+09:00,file-backed evidence; inspect source before upgrading claim
,python_source,experiments/lab_001_xy_connection_20260626/scripts/PRM072_P1_control_finalize.py,file:///C:/Users/chuck/Documents/Codex/2026-06-22/a2f23dee1d9a824b840a0175ca9a1f4b-https-app-notion-com-p/experiments/lab_001_xy_connection_20260626/scripts/PRM072_P1_control_finalize.py,7d3510000758b90a168110c9748db0bbeb7dd7fa43a40462a0fad5d47bacdd7d,4883,2026-07-22T02:13:57+09:00,file-backed evidence; inspect source before upgrading claim
,python_source,experiments/lab_001_xy_connection_20260626/scripts/PRM072_P1_failure_anatomy_and_P1B_preregistration_nofit.py,file:///C:/Users/chuck/Documents/Codex/2026-06-22/a2f23dee1d9a824b840a0175ca9a1f4b-https-app-notion-com-p/experiments/lab_001_xy_connection_20260626/scripts/PRM072_P1_failure_anatomy_and_P1B_preregistration_nofit.py,292f353d1c945c26bad4c8743bbec83965f57187a07f95e8e592eac13b80c2e2,28103,2026-07-22T02:13:06+09:00,file-backed evidence; inspect source before upgrading claim
,python_source,experiments/lab_001_xy_connection_20260626/scripts/PRM072_P1_independent_QA.py,file:///C:/Users/chuck/Documents/Codex/2026-06-22/a2f23dee1d9a824b840a0175ca9a1f4b-https-app-notion-com-p/experiments/lab_001_xy_connection_20260626/scripts/PRM072_P1_independent_QA.py,6cd91616f4feef261c1afd2483fd13f7cb251e7ad8e8337417be3e661983f8d4,8660,2026-07-22T02:12:24+09:00,file-backed evidence; inspect source before upgrading claim
,python_source,experiments/lab_001_xy_connection_20260626/scripts/PRM072_P1_postmerge_sync_QA.py,file:///C:/Users/chuck/Documents/Codex/2026-06-22/a2f23dee1d9a824b840a0175ca9a1f4b-https-app-notion-com-p/experiments/lab_001_xy_connection_20260626/scripts/PRM072_P1_postmerge_sync_QA.py,2b05c7c60b009251899bd7984721c64d95927ced55c8891a80880a84b7a2fe8a,7654,2026-07-22T02:18:36+09:00,file-backed evidence; inspect source before upgrading claim
,python_source,experiments/lab_001_xy_connection_20260626/scripts/PRM073_all58_import_inventory.py,file:///C:/Users/chuck/Documents/Codex/2026-06-22/a2f23dee1d9a824b840a0175ca9a1f4b-https-app-notion-com-p/experiments/lab_001_xy_connection_20260626/scripts/PRM073_all58_import_inventory.py,ba4b79b2f0800f25af4c4d8ce2167713c0ea05c6a97da9b8423a78f333f6b241,3620,2026-07-22T02:55:10+09:00,file-backed evidence; inspect source before upgrading claim
,python_source,experiments/lab_001_xy_connection_20260626/scripts/PRM073_build_nb_dev_v0_3_stl_import.py,file:///C:/Users/chuck/Documents/Codex/2026-06-22/a2f23dee1d9a824b840a0175ca9a1f4b-https-app-notion-com-p/experiments/lab_001_xy_connection_20260626/scripts/PRM073_build_nb_dev_v0_3_stl_import.py,8418e94c6660e1087d760923541ad94b6d27b3d082d18fb075d399bd00334697,7367,2026-07-22T02:52:25+09:00,file-backed evidence; inspect source before upgrading claim
,python_source,experiments/lab_001_xy_connection_20260626/scripts/PRM073_build_output_manifest.py,file:///C:/Users/chuck/Documents/Codex/2026-06-22/a2f23dee1d9a824b840a0175ca9a1f4b-https-app-notion-com-p/experiments/lab_001_xy_connection_20260626/scripts/PRM073_build_output_manifest.py,a40ec8e505041b0345d632ba6cf46ffd96169716c6f2e6bc0022e77f95077a9e,3839,2026-07-22T03:07:48+09:00,file-backed evidence; inspect source before upgrading claim
,python_source,experiments/lab_001_xy_connection_20260626/scripts/PRM073_nb_dev_import_independent_QA.py,file:///C:/Users/chuck/Documents/Codex/2026-06-22/a2f23dee1d9a824b840a0175ca9a1f4b-https-app-notion-com-p/experiments/lab_001_xy_connection_20260626/scripts/PRM073_nb_dev_import_independent_QA.py,05bd60e368f708a27c87fc3768b3ebdb752a2a939e8462ed9a028a8ffd6132e3,5912,2026-07-22T02:54:55+09:00,file-backed evidence; inspect source before upgrading claim
,python_source,experiments/lab_001_xy_connection_20260626/scripts/PRM073_nb_dev_import_smoke.py,file:///C:/Users/chuck/Documents/Codex/2026-06-22/a2f23dee1d9a824b840a0175ca9a1f4b-https-app-notion-com-p/experiments/lab_001_xy_connection_20260626/scripts/PRM073_nb_dev_import_smoke.py,fe014c85dc2137ca81acaf8bda6a4ef7f5b0f6bcd0f9174ab6967d0fb18f9f5e,8844,2026-07-22T02:52:25+09:00,file-backed evidence; inspect source before upgrading claim
,python_source,experiments/lab_001_xy_connection_20260626/scripts/PRM073_postmerge_sync_QA.py,file:///C:/Users/chuck/Documents/Codex/2026-06-22/a2f23dee1d9a824b840a0175ca9a1f4b-https-app-notion-com-p/experiments/lab_001_xy_connection_20260626/scripts/PRM073_postmerge_sync_QA.py,bded752e7fe5dc3e939ca8d192d4e57477d475a06110f5873e8d0559ea504cda,6298,2026-07-22T03:06:30+09:00,file-backed evidence; inspect source before upgrading claim
,python_source,experiments/lab_001_xy_connection_20260626/scripts/PRM074_F005_per_mm_control_finalize.py,file:///C:/Users/chuck/Documents/Codex/2026-06-22/a2f23dee1d9a824b840a0175ca9a1f4b-https-app-notion-com-p/experiments/lab_001_xy_connection_20260626/scripts/PRM074_F005_per_mm_control_finalize.py,f4dcc4c696b25dca5aa12b235c32c6a0003cbacfddd717c23ab88a430d786493,9533,2026-07-22T03:23:17+09:00,file-backed evidence; inspect source before upgrading claim
,python_source,experiments/lab_001_xy_connection_20260626/scripts/PRM074_F005_per_mm_independent_QA.py,file:///C:/Users/chuck/Documents/Codex/2026-06-22/a2f23dee1d9a824b840a0175ca9a1f4b-https-app-notion-com-p/experiments/lab_001_xy_connection_20260626/scripts/PRM074_F005_per_mm_independent_QA.py,4d7cfb8d05bef257ac35ff50e2c31d44974ee44c4c72079266de92c9c162094e,8193,2026-07-22T03:20:38+09:00,file-backed evidence; inspect source before upgrading claim
,python_source,experiments/lab_001_xy_connection_20260626/scripts/PRM074_F005_per_mm_postmerge_sync_QA.py,file:///C:/Users/chuck/Documents/Codex/2026-06-22/a2f23dee1d9a824b840a0175ca9a1f4b-https-app-notion-com-p/experiments/lab_001_xy_connection_20260626/scripts/PRM074_F005_per_mm_postmerge_sync_QA.py,478f92c2b05b8dc882b12d4a54f035e3a1b7bcb6f8c7f95151e27a1981e471bf,8034,2026-07-22T03:29:08+09:00,file-backed evidence; inspect source before upgrading claim
,python_source,experiments/lab_001_xy_connection_20260626/scripts/PRM074_F005_per_mm_yblind_replay.py,file:///C:/Users/chuck/Documents/Codex/2026-06-22/a2f23dee1d9a824b840a0175ca9a1f4b-https-app-notion-com-p/experiments/lab_001_xy_connection_20260626/scripts/PRM074_F005_per_mm_yblind_replay.py,254b4e8c0b8cf9e79fc7b31383400090fb9790f153b382f40a0bf532f4c27273,22376,2026-07-22T03:19:28+09:00,file-backed evidence; inspect source before upgrading claim
,python_source,experiments/lab_001_xy_connection_20260626/scripts/PRM075_independent_QA.py,file:///C:/Users/chuck/Documents/Codex/2026-06-22/a2f23dee1d9a824b840a0175ca9a1f4b-https-app-notion-com-p/experiments/lab_001_xy_connection_20260626/scripts/PRM075_independent_QA.py,8c9d7d178ce154d600717a0e4aa0e574c3ffe4b2f13928aec167c4f3e8c4e4a5,5672,2026-07-22T12:15:24+09:00,file-backed evidence; inspect source before upgrading claim
,python_source,experiments/lab_001_xy_connection_20260626/scripts/PRM075_literature_guided_descriptor_discovery.py,file:///C:/Users/chuck/Documents/Codex/2026-06-22/a2f23dee1d9a824b840a0175ca9a1f4b-https-app-notion-com-p/experiments/lab_001_xy_connection_20260626/scripts/PRM075_literature_guided_descriptor_discovery.py,76b053f192008becf656ab5678ef27984e6de7138eb8562b18b75c31ab31a20a,39768,2026-07-22T12:20:57+09:00,file-backed evidence; inspect source before upgrading claim
,python_source,experiments/lab_001_xy_connection_20260626/scripts/PRM075_postmerge_sync_QA.py,file:///C:/Users/chuck/Documents/Codex/2026-06-22/a2f23dee1d9a824b840a0175ca9a1f4b-https-app-notion-com-p/experiments/lab_001_xy_connection_20260626/scripts/PRM075_postmerge_sync_QA.py,862a1fd5d82c54acfc38b3d0323c4283a85de2d7247716049039f8ceb5f1ac7e,5920,2026-07-22T12:21:57+09:00,file-backed evidence; inspect source before upgrading claim
,python_source,experiments/lab_001_xy_connection_20260626/scripts/PRM076_independent_QA.py,file:///C:/Users/chuck/Documents/Codex/2026-06-22/a2f23dee1d9a824b840a0175ca9a1f4b-https-app-notion-com-p/experiments/lab_001_xy_connection_20260626/scripts/PRM076_independent_QA.py,89d2ff0c56b7189bd7cd0bd2eecdf5352e53c2257130bc156a499acb2cc0e718,7912,2026-07-22T13:47:38+09:00,file-backed evidence; inspect source before upgrading claim
,python_source,experiments/lab_001_xy_connection_20260626/scripts/PRM076_literature_descriptor_gate_preregistration.py,file:///C:/Users/chuck/Documents/Codex/2026-06-22/a2f23dee1d9a824b840a0175ca9a1f4b-https-app-notion-com-p/experiments/lab_001_xy_connection_20260626/scripts/PRM076_literature_descriptor_gate_preregistration.py,685e381dfbab4a2dce18f48be74fc1c283c56bc00c9b62372f362252ba452240,62978,2026-07-22T13:46:06+09:00,file-backed evidence; inspect source before upgrading claim
,python_source,experiments/lab_001_xy_connection_20260626/scripts/PRM076_postmerge_sync_QA.py,file:///C:/Users/chuck/Documents/Codex/2026-06-22/a2f23dee1d9a824b840a0175ca9a1f4b-https-app-notion-com-p/experiments/lab_001_xy_connection_20260626/scripts/PRM076_postmerge_sync_QA.py,0c136233f9a3211dc6c0a637e73ea8a1f9b726d461c314dfe8c2f5c2277e7962,5492,2026-07-22T13:52:07+09:00,file-backed evidence; inspect source before upgrading claim
,python_source,experiments/lab_001_xy_connection_20260626/scripts/PRM077_first_wave_synthetic_truth_cost_canary.py,file:///C:/Users/chuck/Documents/Codex/2026-06-22/a2f23dee1d9a824b840a0175ca9a1f4b-https-app-notion-com-p/experiments/lab_001_xy_connection_20260626/scripts/PRM077_first_wave_synthetic_truth_cost_canary.py,4e6b2e2af06b03e89f8df052100297f0356408260d19d071fc4562d5fe0b9075,23977,2026-07-22T13:57:14+09:00,file-backed evidence; inspect source before upgrading claim
,python_source,experiments/lab_001_xy_connection_20260626/scripts/PRM077_independent_QA.py,file:///C:/Users/chuck/Documents/Codex/2026-06-22/a2f23dee1d9a824b840a0175ca9a1f4b-https-app-notion-com-p/experiments/lab_001_xy_connection_20260626/scripts/PRM077_independent_QA.py,8a3218b90ce0b14cfe79faa1ae4323981dbcf19844fc3c51c25c45ebf30f0fba,8090,2026-07-22T13:58:25+09:00,file-backed evidence; inspect source before upgrading claim
,python_source,experiments/lab_001_xy_connection_20260626/scripts/PRM077_postmerge_sync_QA.py,file:///C:/Users/chuck/Documents/Codex/2026-06-22/a2f23dee1d9a824b840a0175ca9a1f4b-https-app-notion-com-p/experiments/lab_001_xy_connection_20260626/scripts/PRM077_postmerge_sync_QA.py,2ada4004c0007cbc92901ab52d408faabe32df99c4df8d2fbb50a86825516fd6,5444,2026-07-22T14:03:09+09:00,file-backed evidence; inspect source before upgrading claim
,python_source,experiments/lab_001_xy_connection_20260626/scripts/PRM078_finalize_manifest.py,file:///C:/Users/chuck/Documents/Codex/2026-06-22/a2f23dee1d9a824b840a0175ca9a1f4b-https-app-notion-com-p/experiments/lab_001_xy_connection_20260626/scripts/PRM078_finalize_manifest.py,93c9b0001bfaf910aaef884faf20ed87c6c92a7ff07b811da0b5ad67476ebc19,1399,2026-07-22T15:40:40+09:00,file-backed evidence; inspect source before upgrading claim
,python_source,experiments/lab_001_xy_connection_20260626/scripts/PRM078_first_wave_fixed_domain_representative_panel.py,file:///C:/Users/chuck/Documents/Codex/2026-06-22/a2f23dee1d9a824b840a0175ca9a1f4b-https-app-notion-com-p/experiments/lab_001_xy_connection_20260626/scripts/PRM078_first_wave_fixed_domain_representative_panel.py,27f1e15a17b1d3160866d9e428aaa2841e458a009bc4b7b893f253ee85859737,37632,2026-07-22T15:18:03+09:00,file-backed evidence; inspect source before upgrading claim
,python_source,experiments/lab_001_xy_connection_20260626/scripts/PRM078_independent_QA.py,file:///C:/Users/chuck/Documents/Codex/2026-06-22/a2f23dee1d9a824b840a0175ca9a1f4b-https-app-notion-com-p/experiments/lab_001_xy_connection_20260626/scripts/PRM078_independent_QA.py,4b097154b67f9a8e7785117793eb86e46634541fbcc73e5238f339ce0e2aefe7,14888,2026-07-22T15:20:56+09:00,file-backed evidence; inspect source before upgrading claim
,python_source,experiments/lab_001_xy_connection_20260626/scripts/PRM078_postmerge_sync_QA.py,file:///C:/Users/chuck/Documents/Codex/2026-06-22/a2f23dee1d9a824b840a0175ca9a1f4b-https-app-notion-com-p/experiments/lab_001_xy_connection_20260626/scripts/PRM078_postmerge_sync_QA.py,68b72eeefe476af290894ddd6d7d4a02b75faa32b59f51f33b339d08be94ce05,12746,2026-07-22T15:40:40+09:00,file-backed evidence; inspect source before upgrading claim
,python_source,experiments/lab_001_xy_connection_20260626/scripts/PRM079_failure_anatomy_v128_preregistration.py,file:///C:/Users/chuck/Documents/Codex/2026-06-22/a2f23dee1d9a824b840a0175ca9a1f4b-https-app-notion-com-p/experiments/lab_001_xy_connection_20260626/scripts/PRM079_failure_anatomy_v128_preregistration.py,34678be021d17acb63b10198b329aa382f894b2d682f4a781bd4f463e5fedc14,31845,2026-07-22T15:56:41+09:00,file-backed evidence; inspect source before upgrading claim
,python_source,experiments/lab_001_xy_connection_20260626/scripts/PRM079_finalize_manifest.py,file:///C:/Users/chuck/Documents/Codex/2026-06-22/a2f23dee1d9a824b840a0175ca9a1f4b-https-app-notion-com-p/experiments/lab_001_xy_connection_20260626/scripts/PRM079_finalize_manifest.py,d844c379c6f112d4c7987784de980a5039aaad61f12fc3876ea091072ea38a08,1211,2026-07-22T16:04:12+09:00,file-backed evidence; inspect source before upgrading claim
,python_source,experiments/lab_001_xy_connection_20260626/scripts/PRM079_independent_QA.py,file:///C:/Users/chuck/Documents/Codex/2026-06-22/a2f23dee1d9a824b840a0175ca9a1f4b-https-app-notion-com-p/experiments/lab_001_xy_connection_20260626/scripts/PRM079_independent_QA.py,4020be4ab93232b338153fcd3f0f309c2408d927526508213baad42dbee9bf97,11247,2026-07-22T15:58:18+09:00,file-backed evidence; inspect source before upgrading claim
,python_source,experiments/lab_001_xy_connection_20260626/scripts/PRM079_postmerge_sync_QA.py,file:///C:/Users/chuck/Documents/Codex/2026-06-22/a2f23dee1d9a824b840a0175ca9a1f4b-https-app-notion-com-p/experiments/lab_001_xy_connection_20260626/scripts/PRM079_postmerge_sync_QA.py,17673bbd215f0a2e6c4ac49094da1ab58834d01aa8931e47e5b3cefc49e2124b,11441,2026-07-22T16:06:23+09:00,file-backed evidence; inspect source before upgrading claim
,python_source,experiments/lab_001_xy_connection_20260626/scripts/PRM080_child_truth_bounded_V128.py,file:///C:/Users/chuck/Documents/Codex/2026-06-22/a2f23dee1d9a824b840a0175ca9a1f4b-https-app-notion-com-p/experiments/lab_001_xy_connection_20260626/scripts/PRM080_child_truth_bounded_V128.py,173f7a2928fd4f4dc4d27890de93a23e737c2b61e1f53ccd7c3e2f5be6620bdf,42452,2026-07-22T16:20:59+09:00,file-backed evidence; inspect source before upgrading claim
,python_source,experiments/lab_001_xy_connection_20260626/scripts/PRM080_finalize_manifest.py,file:///C:/Users/chuck/Documents/Codex/2026-06-22/a2f23dee1d9a824b840a0175ca9a1f4b-https-app-notion-com-p/experiments/lab_001_xy_connection_20260626/scripts/PRM080_finalize_manifest.py,c258b8c898ca3eb14edc56d3d3c5b0bfc54947e279d656287cae2b46298790af,1677,2026-07-22T16:31:17+09:00,file-backed evidence; inspect source before upgrading claim
,python_source,experiments/lab_001_xy_connection_20260626/scripts/PRM080_independent_QA.py,file:///C:/Users/chuck/Documents/Codex/2026-06-22/a2f23dee1d9a824b840a0175ca9a1f4b-https-app-notion-com-p/experiments/lab_001_xy_connection_20260626/scripts/PRM080_independent_QA.py,febdc6349d4c35512650837b85375c8cdeab32ecc8e6377961d679b5b01ade22,21727,2026-07-22T16:24:28+09:00,file-backed evidence; inspect source before upgrading claim
,python_source,experiments/lab_001_xy_connection_20260626/scripts/PRM080_postmerge_sync_QA.py,file:///C:/Users/chuck/Documents/Codex/2026-06-22/a2f23dee1d9a824b840a0175ca9a1f4b-https-app-notion-com-p/experiments/lab_001_xy_connection_20260626/scripts/PRM080_postmerge_sync_QA.py,0989326f3b72ebacd2bc3c1eaf68107ad78777b3d65615aca855802085ea5bc4,12916,2026-07-22T16:33:10+09:00,file-backed evidence; inspect source before upgrading claim
,python_source,experiments/lab_001_xy_connection_20260626/scripts/PRM081_finalize_manifest.py,file:///C:/Users/chuck/Documents/Codex/2026-06-22/a2f23dee1d9a824b840a0175ca9a1f4b-https-app-notion-com-p/experiments/lab_001_xy_connection_20260626/scripts/PRM081_finalize_manifest.py,ad5659fd84e8c6e25cdf60bf240f9c5b349c9da7a68ff8ed3a2b50ead760ab33,1553,2026-07-22T17:01:32+09:00,file-backed evidence; inspect source before upgrading claim
,python_source,experiments/lab_001_xy_connection_20260626/scripts/PRM081_full58_yblind_census_preregistration.py,file:///C:/Users/chuck/Documents/Codex/2026-06-22/a2f23dee1d9a824b840a0175ca9a1f4b-https-app-notion-com-p/experiments/lab_001_xy_connection_20260626/scripts/PRM081_full58_yblind_census_preregistration.py,9a1c3e4693b2e14784badb4247bb2ac3fe461108a805f83af96522e56e6c4421,32749,2026-07-22T17:00:44+09:00,file-backed evidence; inspect source before upgrading claim
,python_source,experiments/lab_001_xy_connection_20260626/scripts/PRM081_independent_QA.py,file:///C:/Users/chuck/Documents/Codex/2026-06-22/a2f23dee1d9a824b840a0175ca9a1f4b-https-app-notion-com-p/experiments/lab_001_xy_connection_20260626/scripts/PRM081_independent_QA.py,a2c881e1b21faa59067aba1a571a409a6c89f6d2c2be4af58de844113089bc55,14953,2026-07-22T17:00:44+09:00,file-backed evidence; inspect source before upgrading claim
,python_source,experiments/lab_001_xy_connection_20260626/scripts/PRM081_postmerge_sync_QA.py,file:///C:/Users/chuck/Documents/Codex/2026-06-22/a2f23dee1d9a824b840a0175ca9a1f4b-https-app-notion-com-p/experiments/lab_001_xy_connection_20260626/scripts/PRM081_postmerge_sync_QA.py,1d0d949f9b0699421faa53d9f44cb39ce9151407eef234897c546f6a8adfe53c,7756,2026-07-22T17:08:19+09:00,file-backed evidence; inspect source before upgrading claim
,python_source,experiments/lab_001_xy_connection_20260626/scripts/PRM082_finalize_manifest.py,file:///C:/Users/chuck/Documents/Codex/2026-06-22/a2f23dee1d9a824b840a0175ca9a1f4b-https-app-notion-com-p/experiments/lab_001_xy_connection_20260626/scripts/PRM082_finalize_manifest.py,f9e15c4559f043232933abfbbc45ffd4cb5fcf2617460ea5f83ef92b240615dc,1622,2026-07-22T17:34:34+09:00,file-backed evidence; inspect source before upgrading claim
,python_source,experiments/lab_001_xy_connection_20260626/scripts/PRM082_full58_yblind_runner.py,file:///C:/Users/chuck/Documents/Codex/2026-06-22/a2f23dee1d9a824b840a0175ca9a1f4b-https-app-notion-com-p/experiments/lab_001_xy_connection_20260626/scripts/PRM082_full58_yblind_runner.py,03d6c1a12371d83c6b2d76f9b87de2dec9edd65dd5a9ac7179500aa64fce9928,28985,2026-07-22T17:27:47+09:00,file-backed evidence; inspect source before upgrading claim
,python_source,experiments/lab_001_xy_connection_20260626/scripts/PRM082_independent_QA.py,file:///C:/Users/chuck/Documents/Codex/2026-06-22/a2f23dee1d9a824b840a0175ca9a1f4b-https-app-notion-com-p/experiments/lab_001_xy_connection_20260626/scripts/PRM082_independent_QA.py,5296634acccdb30455e9ade1a855865bf68b32c5132cfe237fb387571f3bfc2d,12008,2026-07-22T17:33:39+09:00,file-backed evidence; inspect source before upgrading claim
,python_source,experiments/lab_001_xy_connection_20260626/scripts/PRM082_postmerge_sync_QA.py,file:///C:/Users/chuck/Documents/Codex/2026-06-22/a2f23dee1d9a824b840a0175ca9a1f4b-https-app-notion-com-p/experiments/lab_001_xy_connection_20260626/scripts/PRM082_postmerge_sync_QA.py,0e7b0d86ee4f240682ccfd465b4ca0886cb3c6e9e516d9585e05a1661ad8334f,8359,2026-07-22T17:38:59+09:00,file-backed evidence; inspect source before upgrading claim
,python_source,experiments/lab_001_xy_connection_20260626/scripts/PRM082_runner_implementation_and_authorization.py,file:///C:/Users/chuck/Documents/Codex/2026-06-22/a2f23dee1d9a824b840a0175ca9a1f4b-https-app-notion-com-p/experiments/lab_001_xy_connection_20260626/scripts/PRM082_runner_implementation_and_authorization.py,dc032ae93f8b9e9a1001e124dc373f75bd0d22ec67dc816de040f09d2240ed16,20931,2026-07-22T17:30:29+09:00,file-backed evidence; inspect source before upgrading claim
,python_source,experiments/lab_001_xy_connection_20260626/scripts/PRM083_finalize_manifest.py,file:///C:/Users/chuck/Documents/Codex/2026-06-22/a2f23dee1d9a824b840a0175ca9a1f4b-https-app-notion-com-p/experiments/lab_001_xy_connection_20260626/scripts/PRM083_finalize_manifest.py,b305da2499340977ccf1232e9ab40e439a9960651b124b5a0292876fb869d9b1,4388,2026-07-22T18:05:30+09:00,file-backed evidence; inspect source before upgrading claim
,python_source,experiments/lab_001_xy_connection_20260626/scripts/PRM083_independent_full58_QA.py,file:///C:/Users/chuck/Documents/Codex/2026-06-22/a2f23dee1d9a824b840a0175ca9a1f4b-https-app-notion-com-p/experiments/lab_001_xy_connection_20260626/scripts/PRM083_independent_full58_QA.py,5eed98659db230e715781af592352276d69dc4fddbb994d27735a70ac700016c,25755,2026-07-22T17:57:10+09:00,file-backed evidence; inspect source before upgrading claim
,python_source,experiments/lab_001_xy_connection_20260626/scripts/PRM083_postmerge_sync_QA.py,file:///C:/Users/chuck/Documents/Codex/2026-06-22/a2f23dee1d9a824b840a0175ca9a1f4b-https-app-notion-com-p/experiments/lab_001_xy_connection_20260626/scripts/PRM083_postmerge_sync_QA.py,67ce7ea8e006989f8f703100d23cefb5b19708c2ef19a65be6f628b27f87c4fb,11038,2026-07-22T18:12:15+09:00,file-backed evidence; inspect source before upgrading claim
,python_source,experiments/lab_001_xy_connection_20260626/scripts/PRM083_scientific_census_analysis.py,file:///C:/Users/chuck/Documents/Codex/2026-06-22/a2f23dee1d9a824b840a0175ca9a1f4b-https-app-notion-com-p/experiments/lab_001_xy_connection_20260626/scripts/PRM083_scientific_census_analysis.py,055201d8c83593561be84f5c38fd28a4741561811b5d6298c47f0531b89d12ea,18399,2026-07-22T18:12:15+09:00,file-backed evidence; inspect source before upgrading claim
,python_source,experiments/lab_001_xy_connection_20260626/scripts/PRM084_candidate_qualification_X005_rescue_preregistration.py,file:///C:/Users/chuck/Documents/Codex/2026-06-22/a2f23dee1d9a824b840a0175ca9a1f4b-https-app-notion-com-p/experiments/lab_001_xy_connection_20260626/scripts/PRM084_candidate_qualification_X005_rescue_preregistration.py,259b89b34ef77c89c34b96b8190af231dd64d14420a6f9ae3f3db89c81334f40,25599,2026-07-22T18:26:28+09:00,file-backed evidence; inspect source before upgrading claim
,python_source,experiments/lab_001_xy_connection_20260626/scripts/PRM084_finalize_manifest.py,file:///C:/Users/chuck/Documents/Codex/2026-06-22/a2f23dee1d9a824b840a0175ca9a1f4b-https-app-notion-com-p/experiments/lab_001_xy_connection_20260626/scripts/PRM084_finalize_manifest.py,beb01e61accbd991573bc3d564201de118e348032a7e1ac231d0a21d49de1e2b,1592,2026-07-22T18:26:46+09:00,file-backed evidence; inspect source before upgrading claim
,python_source,experiments/lab_001_xy_connection_20260626/scripts/PRM084_independent_QA.py,file:///C:/Users/chuck/Documents/Codex/2026-06-22/a2f23dee1d9a824b840a0175ca9a1f4b-https-app-notion-com-p/experiments/lab_001_xy_connection_20260626/scripts/PRM084_independent_QA.py,0251b75b57ff93c66e0cf42ddc5b5728a1e5bbdb55b43321e4383c801d1b1936,10322,2026-07-22T18:24:41+09:00,file-backed evidence; inspect source before upgrading claim
,python_source,experiments/lab_001_xy_connection_20260626/scripts/PRM084_postmerge_sync_QA.py,file:///C:/Users/chuck/Documents/Codex/2026-06-22/a2f23dee1d9a824b840a0175ca9a1f4b-https-app-notion-com-p/experiments/lab_001_xy_connection_20260626/scripts/PRM084_postmerge_sync_QA.py,837c8ba275c70a3230d222a019f7b0e9c5c9845835ab50e73ff083973eae03ce,8715,2026-07-22T18:30:21+09:00,file-backed evidence; inspect source before upgrading claim
,python_source,experiments/lab_001_xy_connection_20260626/scripts/PRM085_finalize_manifest.py,file:///C:/Users/chuck/Documents/Codex/2026-06-22/a2f23dee1d9a824b840a0175ca9a1f4b-https-app-notion-com-p/experiments/lab_001_xy_connection_20260626/scripts/PRM085_finalize_manifest.py,766760377b7f35245c97f4fca0e6c1ec4c3605bb0894fb30dc087b081ecbc0ee,1657,2026-07-22T19:39:12+09:00,file-backed evidence; inspect source before upgrading claim
,python_source,experiments/lab_001_xy_connection_20260626/scripts/PRM085_independent_QA.py,file:///C:/Users/chuck/Documents/Codex/2026-06-22/a2f23dee1d9a824b840a0175ca9a1f4b-https-app-notion-com-p/experiments/lab_001_xy_connection_20260626/scripts/PRM085_independent_QA.py,3395179c8b3283d01185cbf4c27194b33c4be557dbcd0645062d2b6063cad2fd,15855,2026-07-22T19:33:11+09:00,file-backed evidence; inspect source before upgrading claim
,python_source,experiments/lab_001_xy_connection_20260626/scripts/PRM085_postmerge_sync_QA.py,file:///C:/Users/chuck/Documents/Codex/2026-06-22/a2f23dee1d9a824b840a0175ca9a1f4b-https-app-notion-com-p/experiments/lab_001_xy_connection_20260626/scripts/PRM085_postmerge_sync_QA.py,2a0189dccf3401b037bfb0780b534ae77aa2ba61cad23ffe6a0f29b1f329221f,7741,2026-07-22T19:39:12+09:00,file-backed evidence; inspect source before upgrading claim
,python_source,experiments/lab_001_xy_connection_20260626/scripts/PRM085_review_visualization.py,file:///C:/Users/chuck/Documents/Codex/2026-06-22/a2f23dee1d9a824b840a0175ca9a1f4b-https-app-notion-com-p/experiments/lab_001_xy_connection_20260626/scripts/PRM085_review_visualization.py,d06317bf607b379235b40c0e565bf3eed0b2c24a84b4a63fd9daa645f14bb735,3494,2026-07-22T19:36:35+09:00,file-backed evidence; inspect source before upgrading claim
,python_source,experiments/lab_001_xy_connection_20260626/scripts/PRM085_runner_implementation_and_authorization.py,file:///C:/Users/chuck/Documents/Codex/2026-06-22/a2f23dee1d9a824b840a0175ca9a1f4b-https-app-notion-com-p/experiments/lab_001_xy_connection_20260626/scripts/PRM085_runner_implementation_and_authorization.py,0524f9460f85b76ed4f1ea26615b0786ccd0dc35fc32d0c6268689162c7e396e,19610,2026-07-22T19:27:47+09:00,file-backed evidence; inspect source before upgrading claim
,python_source,experiments/lab_001_xy_connection_20260626/scripts/PRM085_X005_rescue_runner.py,file:///C:/Users/chuck/Documents/Codex/2026-06-22/a2f23dee1d9a824b840a0175ca9a1f4b-https-app-notion-com-p/experiments/lab_001_xy_connection_20260626/scripts/PRM085_X005_rescue_runner.py,82a31a52ce2585c6b8d433973d38252e0cca89b444510462ac1543c1f493da03,25557,2026-07-22T19:29:48+09:00,file-backed evidence; inspect source before upgrading claim
,python_source,experiments/lab_001_xy_connection_20260626/scripts/PRM086_execute_rescue.py,file:///C:/Users/chuck/Documents/Codex/2026-06-22/a2f23dee1d9a824b840a0175ca9a1f4b-https-app-notion-com-p/experiments/lab_001_xy_connection_20260626/scripts/PRM086_execute_rescue.py,a44a7f2211afd33ead75637a53d15c56541de64641d06442139b8b17d59c68cb,5955,2026-07-22T20:17:37+09:00,file-backed evidence; inspect source before upgrading claim
,python_source,experiments/lab_001_xy_connection_20260626/scripts/PRM086_finalize_manifest.py,file:///C:/Users/chuck/Documents/Codex/2026-06-22/a2f23dee1d9a824b840a0175ca9a1f4b-https-app-notion-com-p/experiments/lab_001_xy_connection_20260626/scripts/PRM086_finalize_manifest.py,152040c86b4e0416d1c3a22d57ed1489ce8040f7f7e30e059a1edce1e5c84fc2,2190,2026-07-22T20:30:56+09:00,file-backed evidence; inspect source before upgrading claim
,python_source,experiments/lab_001_xy_connection_20260626/scripts/PRM086_independent_replay.py,file:///C:/Users/chuck/Documents/Codex/2026-06-22/a2f23dee1d9a824b840a0175ca9a1f4b-https-app-notion-com-p/experiments/lab_001_xy_connection_20260626/scripts/PRM086_independent_replay.py,4780a57b96343c42e8a409a396a3aff3f74d75a7942bd87a9f2cb1d2eb9a4a79,16588,2026-07-22T20:26:49+09:00,file-backed evidence; inspect source before upgrading claim
,python_source,experiments/lab_001_xy_connection_20260626/scripts/PRM086_postmerge_sync_QA.py,file:///C:/Users/chuck/Documents/Codex/2026-06-22/a2f23dee1d9a824b840a0175ca9a1f4b-https-app-notion-com-p/experiments/lab_001_xy_connection_20260626/scripts/PRM086_postmerge_sync_QA.py,6543fae056b74d9e26cc78c5192cff194d9caf397b87893064a27a053c50af0a,8024,2026-07-22T20:30:56+09:00,file-backed evidence; inspect source before upgrading claim
,python_source,experiments/lab_001_xy_connection_20260626/scripts/PRM086_scientific_interpretation.py,file:///C:/Users/chuck/Documents/Codex/2026-06-22/a2f23dee1d9a824b840a0175ca9a1f4b-https-app-notion-com-p/experiments/lab_001_xy_connection_20260626/scripts/PRM086_scientific_interpretation.py,8bf2a1d005090d2a6bda2b908a65fd2241a6eb8c4146f971ae6dc047c7ff5eab,10515,2026-07-22T20:28:43+09:00,file-backed evidence; inspect source before upgrading claim
,python_source,experiments/lab_001_xy_connection_20260626/scripts/PRM087_finalize_manifest.py,file:///C:/Users/chuck/Documents/Codex/2026-06-22/a2f23dee1d9a824b840a0175ca9a1f4b-https-app-notion-com-p/experiments/lab_001_xy_connection_20260626/scripts/PRM087_finalize_manifest.py,35e45c6aa35f713a621f3a26395257e6551ef27bb5bfa5b8fa05358b28e95c6f,1566,2026-07-22T21:21:05+09:00,file-backed evidence; inspect source before upgrading claim
,python_source,experiments/lab_001_xy_connection_20260626/scripts/PRM087_independent_QA.py,file:///C:/Users/chuck/Documents/Codex/2026-06-22/a2f23dee1d9a824b840a0175ca9a1f4b-https-app-notion-com-p/experiments/lab_001_xy_connection_20260626/scripts/PRM087_independent_QA.py,db1ad0c7f4897b4f1a4aea65f228317c682e53029fa0d8ad7b2d8a669db26c7b,9659,2026-07-22T21:21:05+09:00,file-backed evidence; inspect source before upgrading claim
,python_source,experiments/lab_001_xy_connection_20260626/scripts/PRM087_postmerge_sync_QA.py,file:///C:/Users/chuck/Documents/Codex/2026-06-22/a2f23dee1d9a824b840a0175ca9a1f4b-https-app-notion-com-p/experiments/lab_001_xy_connection_20260626/scripts/PRM087_postmerge_sync_QA.py,ff7592ad934da7e079914600ebfafb26bdcf5b2c0d55916be2a8ac96c73e2286,1647,2026-07-22T21:22:17+09:00,file-backed evidence; inspect source before upgrading claim
,python_source,experiments/lab_001_xy_connection_20260626/scripts/PRM087_second_wave_preregistration.py,file:///C:/Users/chuck/Documents/Codex/2026-06-22/a2f23dee1d9a824b840a0175ca9a1f4b-https-app-notion-com-p/experiments/lab_001_xy_connection_20260626/scripts/PRM087_second_wave_preregistration.py,75143a593ae8f1568d61d40a4c30a8a4f10b648103e85f34cad86a4cdee8b393,30973,2026-07-22T21:19:43+09:00,file-backed evidence; inspect source before upgrading claim
,python_source,experiments/lab_001_xy_connection_20260626/scripts/PRM088_execute_synthetic_canary.py,file:///C:/Users/chuck/Documents/Codex/2026-06-22/a2f23dee1d9a824b840a0175ca9a1f4b-https-app-notion-com-p/experiments/lab_001_xy_connection_20260626/scripts/PRM088_execute_synthetic_canary.py,cd8709197c52161cf954b3a87eb1a3f9b37bba7b12b75903f0470481b5fb844e,18708,2026-07-22T21:38:33+09:00,file-backed evidence; inspect source before upgrading claim
,python_source,experiments/lab_001_xy_connection_20260626/scripts/PRM088_finalize_manifest.py,file:///C:/Users/chuck/Documents/Codex/2026-06-22/a2f23dee1d9a824b840a0175ca9a1f4b-https-app-notion-com-p/experiments/lab_001_xy_connection_20260626/scripts/PRM088_finalize_manifest.py,1a24291fe95e9cb6ee2d683ccbf998a995d54a2a3f182c34ba72a091f89b1ef7,1566,2026-07-22T21:43:37+09:00,file-backed evidence; inspect source before upgrading claim
,python_source,experiments/lab_001_xy_connection_20260626/scripts/PRM088_independent_replay_and_review.py,file:///C:/Users/chuck/Documents/Codex/2026-06-22/a2f23dee1d9a824b840a0175ca9a1f4b-https-app-notion-com-p/experiments/lab_001_xy_connection_20260626/scripts/PRM088_independent_replay_and_review.py,e5c525cd83ee7b9c415c1b600f6159abaab759e95df9608796ddaeedfab046eb,25462,2026-07-22T21:42:36+09:00,file-backed evidence; inspect source before upgrading claim
,python_source,experiments/lab_001_xy_connection_20260626/scripts/PRM088_postmerge_sync_QA.py,file:///C:/Users/chuck/Documents/Codex/2026-06-22/a2f23dee1d9a824b840a0175ca9a1f4b-https-app-notion-com-p/experiments/lab_001_xy_connection_20260626/scripts/PRM088_postmerge_sync_QA.py,eed50bfd43a779fc62f457dda3de6e31f8d2de5b9d50e16e7fbc08c2278aec27,1649,2026-07-22T21:43:37+09:00,file-backed evidence; inspect source before upgrading claim
,python_source,experiments/lab_001_xy_connection_20260626/scripts/PRM088_prepare_synthetic_canary.py,file:///C:/Users/chuck/Documents/Codex/2026-06-22/a2f23dee1d9a824b840a0175ca9a1f4b-https-app-notion-com-p/experiments/lab_001_xy_connection_20260626/scripts/PRM088_prepare_synthetic_canary.py,28ca0141de6070dc227042ca2983108335ec36d12f4f6acd38698898f2677e9f,7761,2026-07-22T21:38:06+09:00,file-backed evidence; inspect source before upgrading claim
,python_source,experiments/lab_001_xy_connection_20260626/scripts/PRM088_second_wave_descriptors.py,file:///C:/Users/chuck/Documents/Codex/2026-06-22/a2f23dee1d9a824b840a0175ca9a1f4b-https-app-notion-com-p/experiments/lab_001_xy_connection_20260626/scripts/PRM088_second_wave_descriptors.py,748c4b514a9477c03a7cb580013d6d2bba88333136609b85ddc27e1b03e8aef6,11996,2026-07-22T21:35:58+09:00,file-backed evidence; inspect source before upgrading claim
,python_source,experiments/lab_001_xy_connection_20260626/scripts/PRM089_finalize_manifest.py,file:///C:/Users/chuck/Documents/Codex/2026-06-22/a2f23dee1d9a824b840a0175ca9a1f4b-https-app-notion-com-p/experiments/lab_001_xy_connection_20260626/scripts/PRM089_finalize_manifest.py,b918ab3e876888ad3f2098e4eb6756109ad8e238a62bef596c4e7889514cf3df,1619,2026-07-22T22:05:45+09:00,file-backed evidence; inspect source before upgrading claim
,python_source,experiments/lab_001_xy_connection_20260626/scripts/PRM089_independent_QA.py,file:///C:/Users/chuck/Documents/Codex/2026-06-22/a2f23dee1d9a824b840a0175ca9a1f4b-https-app-notion-com-p/experiments/lab_001_xy_connection_20260626/scripts/PRM089_independent_QA.py,e3908a2d83379c5b2e485125f04629f54baffdecb204f0124a3c5e98ed167940,7803,2026-07-22T22:15:18+09:00,file-backed evidence; inspect source before upgrading claim
,python_source,experiments/lab_001_xy_connection_20260626/scripts/PRM089_postmerge_sync_QA.py,file:///C:/Users/chuck/Documents/Codex/2026-06-22/a2f23dee1d9a824b840a0175ca9a1f4b-https-app-notion-com-p/experiments/lab_001_xy_connection_20260626/scripts/PRM089_postmerge_sync_QA.py,20cff19d143c1e8e463c2aef3a573fd19a4878f26681e0f9b48bebd6b2f124c8,3312,2026-07-22T22:13:11+09:00,file-backed evidence; inspect source before upgrading claim
,python_source,experiments/lab_001_xy_connection_20260626/scripts/PRM089_prepare_panel_and_contract.py,file:///C:/Users/chuck/Documents/Codex/2026-06-22/a2f23dee1d9a824b840a0175ca9a1f4b-https-app-notion-com-p/experiments/lab_001_xy_connection_20260626/scripts/PRM089_prepare_panel_and_contract.py,b2b11e55170e1ecffc00f0f4a2ca62e42893c7bd8c91c17605686d09d7fc9d71,15740,2026-07-22T22:15:18+09:00,file-backed evidence; inspect source before upgrading claim
,python_source,experiments/lab_001_xy_connection_20260626/scripts/PRM089_review_visualization.py,file:///C:/Users/chuck/Documents/Codex/2026-06-22/a2f23dee1d9a824b840a0175ca9a1f4b-https-app-notion-com-p/experiments/lab_001_xy_connection_20260626/scripts/PRM089_review_visualization.py,230813b0e27760c8f6c8654af839082ef088c8ada31ea3e561c3903e8f0c6599,6452,2026-07-22T22:04:55+09:00,file-backed evidence; inspect source before upgrading claim
,python_source,experiments/lab_001_xy_connection_20260626/scripts/PRM089_runner_implementation_and_authorization.py,file:///C:/Users/chuck/Documents/Codex/2026-06-22/a2f23dee1d9a824b840a0175ca9a1f4b-https-app-notion-com-p/experiments/lab_001_xy_connection_20260626/scripts/PRM089_runner_implementation_and_authorization.py,dd8bfb770c5ee29175b78fe6b4cc832bafff64cf964e7dc2fa05897dac04a485,7098,2026-07-22T22:01:23+09:00,file-backed evidence; inspect source before upgrading claim
,python_source,experiments/lab_001_xy_connection_20260626/scripts/PRM089_second_wave_panel_runner.py,file:///C:/Users/chuck/Documents/Codex/2026-06-22/a2f23dee1d9a824b840a0175ca9a1f4b-https-app-notion-com-p/experiments/lab_001_xy_connection_20260626/scripts/PRM089_second_wave_panel_runner.py,f5e05103edb5e57580d47956d2710cd2cd9892ca36efe35226e31a53fb2cf4df,24900,2026-07-22T21:57:49+09:00,file-backed evidence; inspect source before upgrading claim
,python_source,experiments/lab_001_xy_connection_20260626/scripts/PRM090_execute_second_wave_panel.py,file:///C:/Users/chuck/Documents/Codex/2026-06-22/a2f23dee1d9a824b840a0175ca9a1f4b-https-app-notion-com-p/experiments/lab_001_xy_connection_20260626/scripts/PRM090_execute_second_wave_panel.py,dbd38be96b38a9f6aac380e390b6c4cfe5522805cd82d0950c54dc7ea70dd9a9,5660,2026-07-22T22:46:21+09:00,file-backed evidence; inspect source before upgrading claim
,python_source,experiments/lab_001_xy_connection_20260626/scripts/PRM090_finalize_manifest.py,file:///C:/Users/chuck/Documents/Codex/2026-06-22/a2f23dee1d9a824b840a0175ca9a1f4b-https-app-notion-com-p/experiments/lab_001_xy_connection_20260626/scripts/PRM090_finalize_manifest.py,2cd1a6a7fa41c4ed3cdd4f1f40a6b30150af054310bf0b2005bbdd9c36b49a04,1490,2026-07-22T23:01:38+09:00,file-backed evidence; inspect source before upgrading claim
,python_source,experiments/lab_001_xy_connection_20260626/scripts/PRM090_independent_replay_and_review.py,file:///C:/Users/chuck/Documents/Codex/2026-06-22/a2f23dee1d9a824b840a0175ca9a1f4b-https-app-notion-com-p/experiments/lab_001_xy_connection_20260626/scripts/PRM090_independent_replay_and_review.py,ab0f78e113193a2ab72ab5a89e963189f3773e454ba455e0955b4b80dc0d203a,19814,2026-07-22T22:54:34+09:00,file-backed evidence; inspect source before upgrading claim
,python_source,experiments/lab_001_xy_connection_20260626/scripts/PRM090_postmerge_sync_QA.py,file:///C:/Users/chuck/Documents/Codex/2026-06-22/a2f23dee1d9a824b840a0175ca9a1f4b-https-app-notion-com-p/experiments/lab_001_xy_connection_20260626/scripts/PRM090_postmerge_sync_QA.py,e01cac17e8f10faca54794a7406ae6c15424f85356da41ac9565bb2ffaecc84d,3035,2026-07-22T23:01:38+09:00,file-backed evidence; inspect source before upgrading claim
,python_source,experiments/lab_001_xy_connection_20260626/scripts/PRM090_technical_interpretation.py,file:///C:/Users/chuck/Documents/Codex/2026-06-22/a2f23dee1d9a824b840a0175ca9a1f4b-https-app-notion-com-p/experiments/lab_001_xy_connection_20260626/scripts/PRM090_technical_interpretation.py,2cfcf380399a72281fa803a52fd3e2a5d74468c800beb06fb0cbd1f372fbeb35,11609,2026-07-22T22:57:19+09:00,file-backed evidence; inspect source before upgrading claim
,python_source,experiments/lab_001_xy_connection_20260626/scripts/PRM091_finalize_manifest.py,file:///C:/Users/chuck/Documents/Codex/2026-06-22/a2f23dee1d9a824b840a0175ca9a1f4b-https-app-notion-com-p/experiments/lab_001_xy_connection_20260626/scripts/PRM091_finalize_manifest.py,4bafdade6b2aae421827ba4d16c1a24c2499612e88fa221113f5d8b1df6dd7cd,1703,2026-07-22T23:12:18+09:00,file-backed evidence; inspect source before upgrading claim
,python_source,experiments/lab_001_xy_connection_20260626/scripts/PRM091_independent_policy_QA.py,file:///C:/Users/chuck/Documents/Codex/2026-06-22/a2f23dee1d9a824b840a0175ca9a1f4b-https-app-notion-com-p/experiments/lab_001_xy_connection_20260626/scripts/PRM091_independent_policy_QA.py,0011006163b779fc27068fee35f44fcea031085877e4305c9180a3625af1efd2,6094,2026-07-22T23:08:54+09:00,file-backed evidence; inspect source before upgrading claim
,python_source,experiments/lab_001_xy_connection_20260626/scripts/PRM091_postmerge_sync_QA.py,file:///C:/Users/chuck/Documents/Codex/2026-06-22/a2f23dee1d9a824b840a0175ca9a1f4b-https-app-notion-com-p/experiments/lab_001_xy_connection_20260626/scripts/PRM091_postmerge_sync_QA.py,afd6b5cde71ab4041a41a0028c424081a59e8d910d0a8d9cd8abec3bcc2a02b8,3596,2026-07-22T23:15:06+09:00,file-backed evidence; inspect source before upgrading claim
,python_source,experiments/lab_001_xy_connection_20260626/scripts/PRM091_render_policy_report.py,file:///C:/Users/chuck/Documents/Codex/2026-06-22/a2f23dee1d9a824b840a0175ca9a1f4b-https-app-notion-com-p/experiments/lab_001_xy_connection_20260626/scripts/PRM091_render_policy_report.py,b2bd5d7f9b7a9203d13cbeb2dc01ae757c4c4e1dd198971d92b08db10547a518,5933,2026-07-22T23:11:27+09:00,file-backed evidence; inspect source before upgrading claim
,python_source,experiments/lab_001_xy_connection_20260626/scripts/PRM091_second_wave_qualification_preregistration.py,file:///C:/Users/chuck/Documents/Codex/2026-06-22/a2f23dee1d9a824b840a0175ca9a1f4b-https-app-notion-com-p/experiments/lab_001_xy_connection_20260626/scripts/PRM091_second_wave_qualification_preregistration.py,b8c677f2420619bce46fad8446e22e54bfc32eb2f7202df975104251688b8318,14617,2026-07-22T23:07:22+09:00,file-backed evidence; inspect source before upgrading claim
,python_source,experiments/lab_001_xy_connection_20260626/scripts/PRM092_finalize_manifest.py,file:///C:/Users/chuck/Documents/Codex/2026-06-22/a2f23dee1d9a824b840a0175ca9a1f4b-https-app-notion-com-p/experiments/lab_001_xy_connection_20260626/scripts/PRM092_finalize_manifest.py,b987cb3031f073c1a9f8c23b6f10a539f3114ff52d982b80d562c2dfee49ad97,1769,2026-07-22T23:26:45+09:00,file-backed evidence; inspect source before upgrading claim
,python_source,experiments/lab_001_xy_connection_20260626/scripts/PRM092_independent_preflight_QA.py,file:///C:/Users/chuck/Documents/Codex/2026-06-22/a2f23dee1d9a824b840a0175ca9a1f4b-https-app-notion-com-p/experiments/lab_001_xy_connection_20260626/scripts/PRM092_independent_preflight_QA.py,4d40750082401f068c5facf8fd64f4f627fcfba399b6789b190b53ae7caae14a,7597,2026-07-22T23:24:26+09:00,file-backed evidence; inspect source before upgrading claim
,python_source,experiments/lab_001_xy_connection_20260626/scripts/PRM092_postmerge_sync_QA.py,file:///C:/Users/chuck/Documents/Codex/2026-06-22/a2f23dee1d9a824b840a0175ca9a1f4b-https-app-notion-com-p/experiments/lab_001_xy_connection_20260626/scripts/PRM092_postmerge_sync_QA.py,7241f51398de288df897d30dfcfddc3380e018dd2106c2dcc3e2ae1453ef65af,3579,2026-07-22T23:29:35+09:00,file-backed evidence; inspect source before upgrading claim
,python_source,experiments/lab_001_xy_connection_20260626/scripts/PRM092_prepare_full58_runner.py,file:///C:/Users/chuck/Documents/Codex/2026-06-22/a2f23dee1d9a824b840a0175ca9a1f4b-https-app-notion-com-p/experiments/lab_001_xy_connection_20260626/scripts/PRM092_prepare_full58_runner.py,7a797ec20775deb33ee082b64a886553ca656b14be11feda7ac18b67a54dbbad,13918,2026-07-22T23:23:10+09:00,file-backed evidence; inspect source before upgrading claim
,python_source,experiments/lab_001_xy_connection_20260626/scripts/PRM092_render_preflight_report.py,file:///C:/Users/chuck/Documents/Codex/2026-06-22/a2f23dee1d9a824b840a0175ca9a1f4b-https-app-notion-com-p/experiments/lab_001_xy_connection_20260626/scripts/PRM092_render_preflight_report.py,d90410832ea10b96420e0ca3d86d6ed7eaf4084687f57ac548b2f01c77fc087c,5331,2026-07-22T23:25:41+09:00,file-backed evidence; inspect source before upgrading claim
,python_source,experiments/lab_001_xy_connection_20260626/scripts/PRM092_second_wave_full58_runner.py,file:///C:/Users/chuck/Documents/Codex/2026-06-22/a2f23dee1d9a824b840a0175ca9a1f4b-https-app-notion-com-p/experiments/lab_001_xy_connection_20260626/scripts/PRM092_second_wave_full58_runner.py,4b9624264e02f8707ec19f9303c1e280f17e6ccd369b0f69b3d004f4017c07c1,21468,2026-07-22T23:21:34+09:00,file-backed evidence; inspect source before upgrading claim
,python_source,experiments/lab_001_xy_connection_20260626/scripts/PRM093_finalize_manifest.py,file:///C:/Users/chuck/Documents/Codex/2026-06-22/a2f23dee1d9a824b840a0175ca9a1f4b-https-app-notion-com-p/experiments/lab_001_xy_connection_20260626/scripts/PRM093_finalize_manifest.py,11e28da7988cda21ab993b679fb6fb6cbb81def016f29039dce6ac37a49a6c48,1708,2026-07-22T23:46:37+09:00,file-backed evidence; inspect source before upgrading claim
,python_source,experiments/lab_001_xy_connection_20260626/scripts/PRM093_full58_permit_review.py,file:///C:/Users/chuck/Documents/Codex/2026-06-22/a2f23dee1d9a824b840a0175ca9a1f4b-https-app-notion-com-p/experiments/lab_001_xy_connection_20260626/scripts/PRM093_full58_permit_review.py,27100eab5a42473b7f6c3fe794612a5e6ccc41d75ad599d4cc8389b87de68cb1,9681,2026-07-22T23:39:31+09:00,file-backed evidence; inspect source before upgrading claim
,python_source,experiments/lab_001_xy_connection_20260626/scripts/PRM093_independent_permit_QA.py,file:///C:/Users/chuck/Documents/Codex/2026-06-22/a2f23dee1d9a824b840a0175ca9a1f4b-https-app-notion-com-p/experiments/lab_001_xy_connection_20260626/scripts/PRM093_independent_permit_QA.py,f0e5b133da63f88c53992f53c30e30a56f87793debbfa08a00620719ba2949c3,8602,2026-07-22T23:43:29+09:00,file-backed evidence; inspect source before upgrading claim
,python_source,experiments/lab_001_xy_connection_20260626/scripts/PRM093_postmerge_sync_QA.py,file:///C:/Users/chuck/Documents/Codex/2026-06-22/a2f23dee1d9a824b840a0175ca9a1f4b-https-app-notion-com-p/experiments/lab_001_xy_connection_20260626/scripts/PRM093_postmerge_sync_QA.py,cc95f6232ed2468bbd31e014d5eda986a01455d97f3b3aa71d67c5be50c42377,3378,2026-07-22T23:46:37+09:00,file-backed evidence; inspect source before upgrading claim
,python_source,experiments/lab_001_xy_connection_20260626/scripts/PRM093_render_permit_report.py,file:///C:/Users/chuck/Documents/Codex/2026-06-22/a2f23dee1d9a824b840a0175ca9a1f4b-https-app-notion-com-p/experiments/lab_001_xy_connection_20260626/scripts/PRM093_render_permit_report.py,dde96f20ee95a09bcc034c03b25ec86df6420ae91cf2a92537fd04f4fe6e404d,4782,2026-07-22T23:45:41+09:00,file-backed evidence; inspect source before upgrading claim
,python_source,experiments/lab_001_xy_connection_20260626/scripts/PRM094_execute_full58_census.py,file:///C:/Users/chuck/Documents/Codex/2026-06-22/a2f23dee1d9a824b840a0175ca9a1f4b-https-app-notion-com-p/experiments/lab_001_xy_connection_20260626/scripts/PRM094_execute_full58_census.py,23aa0de458c68ba6324712333b5b9c4d3ba7443f5c7a5dbce06a735baec90690,4960,2026-07-23T00:04:09+09:00,file-backed evidence; inspect source before upgrading claim
,python_source,experiments/lab_001_xy_connection_20260626/scripts/PRM094_finalize_manifest.py,file:///C:/Users/chuck/Documents/Codex/2026-06-22/a2f23dee1d9a824b840a0175ca9a1f4b-https-app-notion-com-p/experiments/lab_001_xy_connection_20260626/scripts/PRM094_finalize_manifest.py,255b6641d89d5cc9761b94d828c1040c920c27d96b81d10a1034ade0e558d500,2350,2026-07-23T00:31:34+09:00,file-backed evidence; inspect source before upgrading claim
,python_source,experiments/lab_001_xy_connection_20260626/scripts/PRM094_independent_full58_replay.py,file:///C:/Users/chuck/Documents/Codex/2026-06-22/a2f23dee1d9a824b840a0175ca9a1f4b-https-app-notion-com-p/experiments/lab_001_xy_connection_20260626/scripts/PRM094_independent_full58_replay.py,2e285e4ccc0268061af05720a92af840de37622fd8ae7bb82f5a0e8b88491ec3,12766,2026-07-23T00:21:16+09:00,file-backed evidence; inspect source before upgrading claim
,python_source,experiments/lab_001_xy_connection_20260626/scripts/PRM094_postmerge_sync_QA.py,file:///C:/Users/chuck/Documents/Codex/2026-06-22/a2f23dee1d9a824b840a0175ca9a1f4b-https-app-notion-com-p/experiments/lab_001_xy_connection_20260626/scripts/PRM094_postmerge_sync_QA.py,a5ba56cfe8e2bdedffe3bdc8db10244987472686870f508355521ac77664a63c,4807,2026-07-23T00:31:34+09:00,file-backed evidence; inspect source before upgrading claim
,python_source,experiments/lab_001_xy_connection_20260626/scripts/PRM094_technical_interpretation.py,file:///C:/Users/chuck/Documents/Codex/2026-06-22/a2f23dee1d9a824b840a0175ca9a1f4b-https-app-notion-com-p/experiments/lab_001_xy_connection_20260626/scripts/PRM094_technical_interpretation.py,6eb42aaa64349f82c8d62265208fa5d4aab83aaefe31e672b2af1f792b001a9d,14600,2026-07-23T00:26:50+09:00,file-backed evidence; inspect source before upgrading claim
,python_source,experiments/lab_001_xy_connection_20260626/scripts/PRM095_crossbank_technical_routing.py,file:///C:/Users/chuck/Documents/Codex/2026-06-22/a2f23dee1d9a824b840a0175ca9a1f4b-https-app-notion-com-p/experiments/lab_001_xy_connection_20260626/scripts/PRM095_crossbank_technical_routing.py,d088b5576e725025ef09f34682b6a6b399475c1e1a48db5e944144818cbf7f78,25555,2026-07-23T00:38:18+09:00,file-backed evidence; inspect source before upgrading claim
,python_source,experiments/lab_001_xy_connection_20260626/scripts/PRM095_finalize_manifest.py,file:///C:/Users/chuck/Documents/Codex/2026-06-22/a2f23dee1d9a824b840a0175ca9a1f4b-https-app-notion-com-p/experiments/lab_001_xy_connection_20260626/scripts/PRM095_finalize_manifest.py,5c21b124b86259f724cfdee397c37ac6827dde809baf4d8f909de28787746f93,1728,2026-07-23T00:50:32+09:00,file-backed evidence; inspect source before upgrading claim
,python_source,experiments/lab_001_xy_connection_20260626/scripts/PRM095_independent_replay_and_QA.py,file:///C:/Users/chuck/Documents/Codex/2026-06-22/a2f23dee1d9a824b840a0175ca9a1f4b-https-app-notion-com-p/experiments/lab_001_xy_connection_20260626/scripts/PRM095_independent_replay_and_QA.py,647be7539040fae52c5606bc89fd4cdcc35c7c791a65a6f0c84fd94c2774be47,12445,2026-07-23T00:45:40+09:00,file-backed evidence; inspect source before upgrading claim
,python_source,experiments/lab_001_xy_connection_20260626/scripts/PRM095_postmerge_sync_QA.py,file:///C:/Users/chuck/Documents/Codex/2026-06-22/a2f23dee1d9a824b840a0175ca9a1f4b-https-app-notion-com-p/experiments/lab_001_xy_connection_20260626/scripts/PRM095_postmerge_sync_QA.py,6d107881cff690c9ab79b8a617288858f017041cb59c6879b1fc89df0ed93716,4740,2026-07-23T00:50:32+09:00,file-backed evidence; inspect source before upgrading claim
,python_source,experiments/lab_001_xy_connection_20260626/scripts/PRM095_render_technical_report.py,file:///C:/Users/chuck/Documents/Codex/2026-06-22/a2f23dee1d9a824b840a0175ca9a1f4b-https-app-notion-com-p/experiments/lab_001_xy_connection_20260626/scripts/PRM095_render_technical_report.py,c9ff7051fe288b095888b69794ce5cb2588de5df4830e81415a035b1328e1411,8343,2026-07-23T00:47:07+09:00,file-backed evidence; inspect source before upgrading claim
,python_source,experiments/lab_001_xy_connection_20260626/scripts/PRM096_consolidate_xreg_and_route_third_wave.py,file:///C:/Users/chuck/Documents/Codex/2026-06-22/a2f23dee1d9a824b840a0175ca9a1f4b-https-app-notion-com-p/experiments/lab_001_xy_connection_20260626/scripts/PRM096_consolidate_xreg_and_route_third_wave.py,8474f17f414283a57940fc682ae6e6eac2ea4cf83b5c7a8ca3fe2917befd8486,23827,2026-07-23T01:02:12+09:00,file-backed evidence; inspect source before upgrading claim
,python_source,experiments/lab_001_xy_connection_20260626/scripts/PRM096_finalize_manifest.py,file:///C:/Users/chuck/Documents/Codex/2026-06-22/a2f23dee1d9a824b840a0175ca9a1f4b-https-app-notion-com-p/experiments/lab_001_xy_connection_20260626/scripts/PRM096_finalize_manifest.py,becb24deb6a2868c850a0404b35315e313b68b3096232b4af4a64e935723a8fb,1664,2026-07-23T01:10:03+09:00,file-backed evidence; inspect source before upgrading claim
,python_source,experiments/lab_001_xy_connection_20260626/scripts/PRM096_independent_bank_and_route_QA.py,file:///C:/Users/chuck/Documents/Codex/2026-06-22/a2f23dee1d9a824b840a0175ca9a1f4b-https-app-notion-com-p/experiments/lab_001_xy_connection_20260626/scripts/PRM096_independent_bank_and_route_QA.py,4ec800b09ed0a3d71178962e08dc84594cb3b7b9645edfab32c3684cc0746df4,10373,2026-07-23T01:04:01+09:00,file-backed evidence; inspect source before upgrading claim
,python_source,experiments/lab_001_xy_connection_20260626/scripts/PRM096_postmerge_sync_QA.py,file:///C:/Users/chuck/Documents/Codex/2026-06-22/a2f23dee1d9a824b840a0175ca9a1f4b-https-app-notion-com-p/experiments/lab_001_xy_connection_20260626/scripts/PRM096_postmerge_sync_QA.py,b9e68cc4b60400c715a6576c83ca6fbadbcaccc7f792ac4a7a0dde265b3fc77c,4893,2026-07-23T01:10:03+09:00,file-backed evidence; inspect source before upgrading claim
,python_source,experiments/lab_001_xy_connection_20260626/scripts/PRM097_finalize_manifest.py,file:///C:/Users/chuck/Documents/Codex/2026-06-22/a2f23dee1d9a824b840a0175ca9a1f4b-https-app-notion-com-p/experiments/lab_001_xy_connection_20260626/scripts/PRM097_finalize_manifest.py,33a0db45accb932393b849d1ca6297f2e4fbc8b2bceaf29145df8d63aa90e7c5,3973,2026-07-23T01:32:23+09:00,file-backed evidence; inspect source before upgrading claim
,python_source,experiments/lab_001_xy_connection_20260626/scripts/PRM097_freeze_third_wave_formula_contracts.py,file:///C:/Users/chuck/Documents/Codex/2026-06-22/a2f23dee1d9a824b840a0175ca9a1f4b-https-app-notion-com-p/experiments/lab_001_xy_connection_20260626/scripts/PRM097_freeze_third_wave_formula_contracts.py,2fbe5a956badff7b0bcab2adc1f5b91be709fe97b5613a33789ca8740f64b80d,37644,2026-07-23T01:22:05+09:00,file-backed evidence; inspect source before upgrading claim
,python_source,experiments/lab_001_xy_connection_20260626/scripts/PRM097_independent_QA.py,file:///C:/Users/chuck/Documents/Codex/2026-06-22/a2f23dee1d9a824b840a0175ca9a1f4b-https-app-notion-com-p/experiments/lab_001_xy_connection_20260626/scripts/PRM097_independent_QA.py,8ce6e5efbfae02f40f45a8f74f33e52e03142e51a096eb188efd7df4be3426eb,9422,2026-07-23T01:24:22+09:00,file-backed evidence; inspect source before upgrading claim
,python_source,experiments/lab_001_xy_connection_20260626/scripts/PRM097_make_preregistration_figure.py,file:///C:/Users/chuck/Documents/Codex/2026-06-22/a2f23dee1d9a824b840a0175ca9a1f4b-https-app-notion-com-p/experiments/lab_001_xy_connection_20260626/scripts/PRM097_make_preregistration_figure.py,a51a2f45b964b1eeb48aec40c99e52b94fa0ad8a23f4f4e59ca48e6a73398ced,2094,2026-07-23T01:25:13+09:00,file-backed evidence; inspect source before upgrading claim
,python_source,experiments/lab_001_xy_connection_20260626/scripts/PRM097_postmerge_sync_QA.py,file:///C:/Users/chuck/Documents/Codex/2026-06-22/a2f23dee1d9a824b840a0175ca9a1f4b-https-app-notion-com-p/experiments/lab_001_xy_connection_20260626/scripts/PRM097_postmerge_sync_QA.py,908c38c541b0c84f510986caf43b9344ce7422fd86dbf419e8f82c1b61f77496,6232,2026-07-23T01:32:23+09:00,file-backed evidence; inspect source before upgrading claim
,python_source,experiments/lab_001_xy_connection_20260626/scripts/PRM098_C1_mask_alias_audit.py,file:///C:/Users/chuck/Documents/Codex/2026-06-22/a2f23dee1d9a824b840a0175ca9a1f4b-https-app-notion-com-p/experiments/lab_001_xy_connection_20260626/scripts/PRM098_C1_mask_alias_audit.py,7146a724c1700c7de006526014fd0e064851376911bea6bb776ca77d0cf141a4,2290,2026-07-23T01:55:46+09:00,file-backed evidence; inspect source before upgrading claim
,python_source,experiments/lab_001_xy_connection_20260626/scripts/PRM098_finalize_evidence.py,file:///C:/Users/chuck/Documents/Codex/2026-06-22/a2f23dee1d9a824b840a0175ca9a1f4b-https-app-notion-com-p/experiments/lab_001_xy_connection_20260626/scripts/PRM098_finalize_evidence.py,4aa26557e10dc4c3e5a71717dfa9328f6c0ee3315bf00fdfee87dde720d523e0,5730,2026-07-23T02:20:52+09:00,file-backed evidence; inspect source before upgrading claim
,python_source,experiments/lab_001_xy_connection_20260626/scripts/PRM098_finalize_manifest.py,file:///C:/Users/chuck/Documents/Codex/2026-06-22/a2f23dee1d9a824b840a0175ca9a1f4b-https-app-notion-com-p/experiments/lab_001_xy_connection_20260626/scripts/PRM098_finalize_manifest.py,04686339af043bc5f7c3412b79768e24e176da21877e764f0fbeeed68afa11b2,2304,2026-07-23T02:28:33+09:00,file-backed evidence; inspect source before upgrading claim
,python_source,experiments/lab_001_xy_connection_20260626/scripts/PRM098_independent_QA.py,file:///C:/Users/chuck/Documents/Codex/2026-06-22/a2f23dee1d9a824b840a0175ca9a1f4b-https-app-notion-com-p/experiments/lab_001_xy_connection_20260626/scripts/PRM098_independent_QA.py,2ea41ee3b9a998927f6888d703b521a9b5b86993c97a9f075cecceccfee3e298,9108,2026-07-23T02:16:51+09:00,file-backed evidence; inspect source before upgrading claim
,python_source,experiments/lab_001_xy_connection_20260626/scripts/PRM098_materialize_V192_panel_masks.py,file:///C:/Users/chuck/Documents/Codex/2026-06-22/a2f23dee1d9a824b840a0175ca9a1f4b-https-app-notion-com-p/experiments/lab_001_xy_connection_20260626/scripts/PRM098_materialize_V192_panel_masks.py,64ae4f1ad63b820dcf0bab91170bc80e4ff7e99966d4a893a500511e3f948ae6,5107,2026-07-23T01:54:29+09:00,file-backed evidence; inspect source before upgrading claim
,python_source,experiments/lab_001_xy_connection_20260626/scripts/PRM098_postmerge_sync_QA.py,file:///C:/Users/chuck/Documents/Codex/2026-06-22/a2f23dee1d9a824b840a0175ca9a1f4b-https-app-notion-com-p/experiments/lab_001_xy_connection_20260626/scripts/PRM098_postmerge_sync_QA.py,5540273e840f710c6934c7d76bea9ef90d6879d67318c441626baa8feef34817,7932,2026-07-23T02:28:33+09:00,file-backed evidence; inspect source before upgrading claim
,python_source,experiments/lab_001_xy_connection_20260626/scripts/PRM098_preflight_and_permit.py,file:///C:/Users/chuck/Documents/Codex/2026-06-22/a2f23dee1d9a824b840a0175ca9a1f4b-https-app-notion-com-p/experiments/lab_001_xy_connection_20260626/scripts/PRM098_preflight_and_permit.py,72cfa9187e71170d4f264b3cb623e867d5a4e97d6e362e9553d0f7d7e08541ea,7952,2026-07-23T01:41:18+09:00,file-backed evidence; inspect source before upgrading claim
,python_source,experiments/lab_001_xy_connection_20260626/scripts/PRM098_run_cell.py,file:///C:/Users/chuck/Documents/Codex/2026-06-22/a2f23dee1d9a824b840a0175ca9a1f4b-https-app-notion-com-p/experiments/lab_001_xy_connection_20260626/scripts/PRM098_run_cell.py,12f424053b1a27f599f42f783e721f8a79b4ec1ccca36890a7926a6a26ab6d51,5027,2026-07-23T01:56:19+09:00,file-backed evidence; inspect source before upgrading claim
,python_source,experiments/lab_001_xy_connection_20260626/scripts/PRM098_run_cost_canary.py,file:///C:/Users/chuck/Documents/Codex/2026-06-22/a2f23dee1d9a824b840a0175ca9a1f4b-https-app-notion-com-p/experiments/lab_001_xy_connection_20260626/scripts/PRM098_run_cost_canary.py,3b08af977b4ff763bf2a2d73cd113722b19846ee05f666e10b171f58be82d5b2,2688,2026-07-23T01:49:17+09:00,file-backed evidence; inspect source before upgrading claim
,python_source,experiments/lab_001_xy_connection_20260626/scripts/PRM098_run_progressive_panel.py,file:///C:/Users/chuck/Documents/Codex/2026-06-22/a2f23dee1d9a824b840a0175ca9a1f4b-https-app-notion-com-p/experiments/lab_001_xy_connection_20260626/scripts/PRM098_run_progressive_panel.py,8d2b79ab06d1f9624afcf9892203fce4d9e314f1bc2fb2b869a968a987ceb696,5828,2026-07-23T01:57:14+09:00,file-backed evidence; inspect source before upgrading claim
,python_source,experiments/lab_001_xy_connection_20260626/scripts/PRM098_run_synthetic_truth.py,file:///C:/Users/chuck/Documents/Codex/2026-06-22/a2f23dee1d9a824b840a0175ca9a1f4b-https-app-notion-com-p/experiments/lab_001_xy_connection_20260626/scripts/PRM098_run_synthetic_truth.py,2e3a38593fb70ae04394593d3afdacbe4450c762073b7396dafabf8e8d02c88b,12642,2026-07-23T01:47:13+09:00,file-backed evidence; inspect source before upgrading claim
,python_source,experiments/lab_001_xy_connection_20260626/scripts/PRM098_technical_gate_analysis.py,file:///C:/Users/chuck/Documents/Codex/2026-06-22/a2f23dee1d9a824b840a0175ca9a1f4b-https-app-notion-com-p/experiments/lab_001_xy_connection_20260626/scripts/PRM098_technical_gate_analysis.py,d288a14ac1df5d0c3bdc6dbe3ef8b0c74f074ff4c5a927656ab932c5bb53e4a4,9437,2026-07-23T02:14:41+09:00,file-backed evidence; inspect source before upgrading claim
,python_source,experiments/lab_001_xy_connection_20260626/scripts/PRM098_third_wave_formula_library.py,file:///C:/Users/chuck/Documents/Codex/2026-06-22/a2f23dee1d9a824b840a0175ca9a1f4b-https-app-notion-com-p/experiments/lab_001_xy_connection_20260626/scripts/PRM098_third_wave_formula_library.py,1f2c900ee8d9e5a96cc838c9b2cbb884133ffb3cbd6e83108b23197be77b3827,21576,2026-07-23T01:53:08+09:00,file-backed evidence; inspect source before upgrading claim
,python_source,experiments/lab_001_xy_connection_20260626/scripts/PRM099_finalize_manifest.py,file:///C:/Users/chuck/Documents/Codex/2026-06-22/a2f23dee1d9a824b840a0175ca9a1f4b-https-app-notion-com-p/experiments/lab_001_xy_connection_20260626/scripts/PRM099_finalize_manifest.py,a55059317d53d19dbbbdaa44dd2af6eee98c4d6dfa76cb2d94e26e7c8986e2e2,1915,2026-07-23T09:38:05+09:00,file-backed evidence; inspect source before upgrading claim
,python_source,experiments/lab_001_xy_connection_20260626/scripts/PRM099_independent_permit_QA.py,file:///C:/Users/chuck/Documents/Codex/2026-06-22/a2f23dee1d9a824b840a0175ca9a1f4b-https-app-notion-com-p/experiments/lab_001_xy_connection_20260626/scripts/PRM099_independent_permit_QA.py,74ea94c63598ca4b5ea19a6b6fa801aacdc4bc887525bdc2a6997820a5be5dbc,9690,2026-07-23T09:33:38+09:00,file-backed evidence; inspect source before upgrading claim
,python_source,experiments/lab_001_xy_connection_20260626/scripts/PRM099_postmerge_sync_QA.py,file:///C:/Users/chuck/Documents/Codex/2026-06-22/a2f23dee1d9a824b840a0175ca9a1f4b-https-app-notion-com-p/experiments/lab_001_xy_connection_20260626/scripts/PRM099_postmerge_sync_QA.py,b32f5b6cb936a521dc500f892ba7322d6da80ff02101d2a8fe2f114e9a1edf8e,7861,2026-07-23T09:38:18+09:00,file-backed evidence; inspect source before upgrading claim
,python_source,experiments/lab_001_xy_connection_20260626/scripts/PRM099_prepare_full58_permit_decision.py,file:///C:/Users/chuck/Documents/Codex/2026-06-22/a2f23dee1d9a824b840a0175ca9a1f4b-https-app-notion-com-p/experiments/lab_001_xy_connection_20260626/scripts/PRM099_prepare_full58_permit_decision.py,6d3c8306715e5716b5203915a6e0899c071e04943e7ca8193b9204da5a69c8a1,17580,2026-07-23T09:30:51+09:00,file-backed evidence; inspect source before upgrading claim
,python_source,experiments/lab_001_xy_connection_20260626/scripts/PRM099_render_permit_review.py,file:///C:/Users/chuck/Documents/Codex/2026-06-22/a2f23dee1d9a824b840a0175ca9a1f4b-https-app-notion-com-p/experiments/lab_001_xy_connection_20260626/scripts/PRM099_render_permit_review.py,5fd49d5daebf273833ae0454c124e9a5872307fc89ded04c05455389f0db8b23,2007,2026-07-23T09:33:38+09:00,file-backed evidence; inspect source before upgrading claim
,python_source,experiments/lab_001_xy_connection_20260626/scripts/PRM099_third_wave_full58_runner.py,file:///C:/Users/chuck/Documents/Codex/2026-06-22/a2f23dee1d9a824b840a0175ca9a1f4b-https-app-notion-com-p/experiments/lab_001_xy_connection_20260626/scripts/PRM099_third_wave_full58_runner.py,6f17380625f4b202214753ffdfca4d6147751f8bdb105c556e67790ee8b058f5,11516,2026-07-23T09:31:42+09:00,file-backed evidence; inspect source before upgrading claim
,python_source,experiments/lab_001_xy_connection_20260626/scripts/PRM100_execute_serial_cells.py,file:///C:/Users/chuck/Documents/Codex/2026-06-22/a2f23dee1d9a824b840a0175ca9a1f4b-https-app-notion-com-p/experiments/lab_001_xy_connection_20260626/scripts/PRM100_execute_serial_cells.py,7105b8966e8a71c2d7cc6045c4e522d7233c975502db98134450240f5091c524,3668,2026-07-23T09:40:41+09:00,file-backed evidence; inspect source before upgrading claim
,python_source,experiments/lab_001_xy_connection_20260626/scripts/PRM100_finalize_manifest.py,file:///C:/Users/chuck/Documents/Codex/2026-06-22/a2f23dee1d9a824b840a0175ca9a1f4b-https-app-notion-com-p/experiments/lab_001_xy_connection_20260626/scripts/PRM100_finalize_manifest.py,312f063d6a89c6613edc269ea4200d74769a3fb437a9c68d7265bb061f2f7178,1898,2026-07-23T09:52:38+09:00,file-backed evidence; inspect source before upgrading claim
,python_source,experiments/lab_001_xy_connection_20260626/scripts/PRM100_independent_xonly_QA.py,file:///C:/Users/chuck/Documents/Codex/2026-06-22/a2f23dee1d9a824b840a0175ca9a1f4b-https-app-notion-com-p/experiments/lab_001_xy_connection_20260626/scripts/PRM100_independent_xonly_QA.py,7d6bb8cc8c4883933763e4392f146ecc8da1ab2ed951da57d50abb724fbd37a9,8301,2026-07-23T09:49:28+09:00,file-backed evidence; inspect source before upgrading claim
,python_source,experiments/lab_001_xy_connection_20260626/scripts/PRM100_postmerge_sync_QA.py,file:///C:/Users/chuck/Documents/Codex/2026-06-22/a2f23dee1d9a824b840a0175ca9a1f4b-https-app-notion-com-p/experiments/lab_001_xy_connection_20260626/scripts/PRM100_postmerge_sync_QA.py,40bd6c545864f0fd81a11478ec4838690945910b60ed993c12ba8c743f06532c,7763,2026-07-23T09:56:32+09:00,file-backed evidence; inspect source before upgrading claim
,python_source,experiments/lab_001_xy_connection_20260626/scripts/PRM100_render_xonly_review.py,file:///C:/Users/chuck/Documents/Codex/2026-06-22/a2f23dee1d9a824b840a0175ca9a1f4b-https-app-notion-com-p/experiments/lab_001_xy_connection_20260626/scripts/PRM100_render_xonly_review.py,ffc7013ac672d97b57901a9a54d2619336c1ed749a466d1f60c1177d0fd90dc0,1810,2026-07-23T09:48:53+09:00,file-backed evidence; inspect source before upgrading claim
,python_source,experiments/lab_001_xy_connection_20260626/scripts/PRM100_xonly_technical_review.py,file:///C:/Users/chuck/Documents/Codex/2026-06-22/a2f23dee1d9a824b840a0175ca9a1f4b-https-app-notion-com-p/experiments/lab_001_xy_connection_20260626/scripts/PRM100_xonly_technical_review.py,8f5d333dab32e417e31db85dd7d78c48ec727c136543f972a146482d48d221dc,10372,2026-07-23T09:47:18+09:00,file-backed evidence; inspect source before upgrading claim
,python_source,experiments/lab_001_xy_connection_20260626/scripts/PRM101_consolidate_xreg_v0_3.py,file:///C:/Users/chuck/Documents/Codex/2026-06-22/a2f23dee1d9a824b840a0175ca9a1f4b-https-app-notion-com-p/experiments/lab_001_xy_connection_20260626/scripts/PRM101_consolidate_xreg_v0_3.py,27f2c28f2c8da0aff3176622a8da1ace2fd939e926e35275af1e403486320af6,12569,2026-07-23T10:05:57+09:00,file-backed evidence; inspect source before upgrading claim
,python_source,experiments/lab_001_xy_connection_20260626/scripts/PRM101_finalize_manifest.py,file:///C:/Users/chuck/Documents/Codex/2026-06-22/a2f23dee1d9a824b840a0175ca9a1f4b-https-app-notion-com-p/experiments/lab_001_xy_connection_20260626/scripts/PRM101_finalize_manifest.py,817842f41ac36926b2a1d2baf8fa8b7a49527750ee1af267647a6757177d92c6,1453,2026-07-23T10:11:51+09:00,file-backed evidence; inspect source before upgrading claim
,python_source,experiments/lab_001_xy_connection_20260626/scripts/PRM101_independent_consolidation_QA.py,file:///C:/Users/chuck/Documents/Codex/2026-06-22/a2f23dee1d9a824b840a0175ca9a1f4b-https-app-notion-com-p/experiments/lab_001_xy_connection_20260626/scripts/PRM101_independent_consolidation_QA.py,d13a544f5a7fd535a9ad068cc6b4e8c7d42581ec99bdc0dc24db6700ee013e16,5918,2026-07-23T10:07:44+09:00,file-backed evidence; inspect source before upgrading claim
,python_source,experiments/lab_001_xy_connection_20260626/scripts/PRM101_postmerge_sync_QA.py,file:///C:/Users/chuck/Documents/Codex/2026-06-22/a2f23dee1d9a824b840a0175ca9a1f4b-https-app-notion-com-p/experiments/lab_001_xy_connection_20260626/scripts/PRM101_postmerge_sync_QA.py,fbc2da2b05a15c7a4855435711e23f5ed8e40ac0b38e93d4f0e0aba7de5a72ec,3153,2026-07-23T10:11:51+09:00,file-backed evidence; inspect source before upgrading claim
,python_source,experiments/lab_001_xy_connection_20260626/scripts/PRM102_bc_raw_table_batch.py,file:///C:/Users/chuck/Documents/Codex/2026-06-22/a2f23dee1d9a824b840a0175ca9a1f4b-https-app-notion-com-p/experiments/lab_001_xy_connection_20260626/scripts/PRM102_bc_raw_table_batch.py,fda76b59645f33de6c74c7f283fb0bec6565a26bf0b86a72699bb995d68a2241,9485,2026-07-23T10:42:30+09:00,file-backed evidence; inspect source before upgrading claim
,python_source,experiments/lab_001_xy_connection_20260626/scripts/PRM102_independent_QA.py,file:///C:/Users/chuck/Documents/Codex/2026-06-22/a2f23dee1d9a824b840a0175ca9a1f4b-https-app-notion-com-p/experiments/lab_001_xy_connection_20260626/scripts/PRM102_independent_QA.py,8aac5393534f82299d7482edc2409eb5c3bd6877e724107e5b7fc66457f795f8,3611,2026-07-23T10:44:15+09:00,file-backed evidence; inspect source before upgrading claim
,python_source,experiments/lab_001_xy_connection_20260626/scripts/PRM102_postmerge_sync_QA.py,file:///C:/Users/chuck/Documents/Codex/2026-06-22/a2f23dee1d9a824b840a0175ca9a1f4b-https-app-notion-com-p/experiments/lab_001_xy_connection_20260626/scripts/PRM102_postmerge_sync_QA.py,edb01ed8bcf05aef903f8072d8345b212ead972ddb7bf9b8f66b0e2d9436079f,2221,2026-07-23T10:47:38+09:00,file-backed evidence; inspect source before upgrading claim
,python_source,experiments/lab_001_xy_connection_20260626/scripts/PRM103_consolidate_bc_cohort_xreg_v0_4.py,file:///C:/Users/chuck/Documents/Codex/2026-06-22/a2f23dee1d9a824b840a0175ca9a1f4b-https-app-notion-com-p/experiments/lab_001_xy_connection_20260626/scripts/PRM103_consolidate_bc_cohort_xreg_v0_4.py,b51dd83a886c27e9e7dbee92fbd6b2c5a9f6c6cf6a390451e1b80f4b69006079,7568,2026-07-23T10:52:34+09:00,file-backed evidence; inspect source before upgrading claim
,python_source,experiments/lab_001_xy_connection_20260626/scripts/PRM103_independent_QA.py,file:///C:/Users/chuck/Documents/Codex/2026-06-22/a2f23dee1d9a824b840a0175ca9a1f4b-https-app-notion-com-p/experiments/lab_001_xy_connection_20260626/scripts/PRM103_independent_QA.py,31f4b37f097824d6d297b40227d3a54f6db9b199f49d9a83da3d64435623242e,3999,2026-07-23T10:53:17+09:00,file-backed evidence; inspect source before upgrading claim
,python_source,experiments/lab_001_xy_connection_20260626/scripts/PRM104_independent_QA.py,file:///C:/Users/chuck/Documents/Codex/2026-06-22/a2f23dee1d9a824b840a0175ca9a1f4b-https-app-notion-com-p/experiments/lab_001_xy_connection_20260626/scripts/PRM104_independent_QA.py,a7a558406ac008f78cf539a3ba38ef63b572fa42fb885dd325c5c7dca50cb875,5161,2026-07-23T11:09:25+09:00,file-backed evidence; inspect source before upgrading claim
,python_source,experiments/lab_001_xy_connection_20260626/scripts/PRM104_overlay_phase_profile_batch.py,file:///C:/Users/chuck/Documents/Codex/2026-06-22/a2f23dee1d9a824b840a0175ca9a1f4b-https-app-notion-com-p/experiments/lab_001_xy_connection_20260626/scripts/PRM104_overlay_phase_profile_batch.py,9642c8329eb0b81a4805c34d26186f4443b3ff7b0873740376cc69d67f391c37,13474,2026-07-23T11:09:25+09:00,file-backed evidence; inspect source before upgrading claim
,python_source,experiments/lab_001_xy_connection_20260626/scripts/PRM105_consolidate_overlay_phase_xreg_v0_5.py,file:///C:/Users/chuck/Documents/Codex/2026-06-22/a2f23dee1d9a824b840a0175ca9a1f4b-https-app-notion-com-p/experiments/lab_001_xy_connection_20260626/scripts/PRM105_consolidate_overlay_phase_xreg_v0_5.py,bb0908fc9e403c3e8d6e6f24c0e8a6d415ec63e4b14e325bc447f4a4ee25b0ed,15081,2026-07-23T11:31:36+09:00,file-backed evidence; inspect source before upgrading claim
,python_source,experiments/lab_001_xy_connection_20260626/scripts/PRM105_independent_QA.py,file:///C:/Users/chuck/Documents/Codex/2026-06-22/a2f23dee1d9a824b840a0175ca9a1f4b-https-app-notion-com-p/experiments/lab_001_xy_connection_20260626/scripts/PRM105_independent_QA.py,9a69c4b1d991f3da93a242900050236b3d5fb61d8b6dc250cd302d4265bcfb9e,6385,2026-07-23T11:32:42+09:00,file-backed evidence; inspect source before upgrading claim
,python_source,experiments/lab_001_xy_connection_20260626/scripts/PRM106_independent_QA.py,file:///C:/Users/chuck/Documents/Codex/2026-06-22/a2f23dee1d9a824b840a0175ca9a1f4b-https-app-notion-com-p/experiments/lab_001_xy_connection_20260626/scripts/PRM106_independent_QA.py,e868938e04c97e73f317e9aada3761c5977d48e15cb63ac308ce6e46fa09d73c,5381,2026-07-23T11:48:43+09:00,file-backed evidence; inspect source before upgrading claim
,python_source,experiments/lab_001_xy_connection_20260626/scripts/PRM106_profile_dynamics_batch.py,file:///C:/Users/chuck/Documents/Codex/2026-06-22/a2f23dee1d9a824b840a0175ca9a1f4b-https-app-notion-com-p/experiments/lab_001_xy_connection_20260626/scripts/PRM106_profile_dynamics_batch.py,c23b9fbb1ccd1b087bce41be45dccb6958081ea1d9de56619b2cc60e05449cc5,15334,2026-07-23T11:48:43+09:00,file-backed evidence; inspect source before upgrading claim
,python_source,experiments/lab_001_xy_connection_20260626/scripts/PRM107_consolidate_profile_dynamics_xreg_v0_6.py,file:///C:/Users/chuck/Documents/Codex/2026-06-22/a2f23dee1d9a824b840a0175ca9a1f4b-https-app-notion-com-p/experiments/lab_001_xy_connection_20260626/scripts/PRM107_consolidate_profile_dynamics_xreg_v0_6.py,c6fd04540fc01a561a0a8e937b2ffb4bb0f46c60d0dca42f8184ca65f4d69b33,13793,2026-07-23T12:28:51+09:00,file-backed evidence; inspect source before upgrading claim
,python_source,experiments/lab_001_xy_connection_20260626/scripts/PRM107_independent_QA.py,file:///C:/Users/chuck/Documents/Codex/2026-06-22/a2f23dee1d9a824b840a0175ca9a1f4b-https-app-notion-com-p/experiments/lab_001_xy_connection_20260626/scripts/PRM107_independent_QA.py,d2a39807135f565f47cd9f1b04e7afde17a2860e5722e1148def64f79743fe26,5942,2026-07-23T12:28:51+09:00,file-backed evidence; inspect source before upgrading claim
,python_source,experiments/lab_001_xy_connection_20260626/scripts/PRM108_axial_distribution_symmetry_batch.py,file:///C:/Users/chuck/Documents/Codex/2026-06-22/a2f23dee1d9a824b840a0175ca9a1f4b-https-app-notion-com-p/experiments/lab_001_xy_connection_20260626/scripts/PRM108_axial_distribution_symmetry_batch.py,d0d59435d9ea02fa814c16cd3258a212b7286f5085dc8e326023f430faf99324,14545,2026-07-23T12:38:46+09:00,file-backed evidence; inspect source before upgrading claim
,python_source,experiments/lab_001_xy_connection_20260626/scripts/PRM108_independent_QA.py,file:///C:/Users/chuck/Documents/Codex/2026-06-22/a2f23dee1d9a824b840a0175ca9a1f4b-https-app-notion-com-p/experiments/lab_001_xy_connection_20260626/scripts/PRM108_independent_QA.py,329a0a3607ec0861db240ba330fde6fec06745e66ddfe4f3329d6796cf825445,5455,2026-07-23T12:38:46+09:00,file-backed evidence; inspect source before upgrading claim
,python_source,experiments/lab_001_xy_connection_20260626/scripts/PRM109_consolidate_axial_symmetry_xreg_v0_7.py,file:///C:/Users/chuck/Documents/Codex/2026-06-22/a2f23dee1d9a824b840a0175ca9a1f4b-https-app-notion-com-p/experiments/lab_001_xy_connection_20260626/scripts/PRM109_consolidate_axial_symmetry_xreg_v0_7.py,e1a0cd212c8d7d43b821d06653658f7f14463998b0a156c57b06ef4166a48112,14170,2026-07-23T13:28:20+09:00,file-backed evidence; inspect source before upgrading claim
,python_source,experiments/lab_001_xy_connection_20260626/scripts/PRM109_independent_QA.py,file:///C:/Users/chuck/Documents/Codex/2026-06-22/a2f23dee1d9a824b840a0175ca9a1f4b-https-app-notion-com-p/experiments/lab_001_xy_connection_20260626/scripts/PRM109_independent_QA.py,2da968eab910e78dfd90e160aae0a570141843cc3ac323e7271d15c5bdf38b89,6924,2026-07-23T13:28:20+09:00,file-backed evidence; inspect source before upgrading claim
,python_source,experiments/lab_001_xy_connection_20260626/scripts/PRM110_axial_shape_entropy_batch.py,file:///C:/Users/chuck/Documents/Codex/2026-06-22/a2f23dee1d9a824b840a0175ca9a1f4b-https-app-notion-com-p/experiments/lab_001_xy_connection_20260626/scripts/PRM110_axial_shape_entropy_batch.py,077d32a1b991c1704370ffe4ea8077ab975afde7be900383368c0c54f6e86b08,17712,2026-07-23T13:40:38+09:00,file-backed evidence; inspect source before upgrading claim
,python_source,experiments/lab_001_xy_connection_20260626/scripts/PRM110_independent_QA.py,file:///C:/Users/chuck/Documents/Codex/2026-06-22/a2f23dee1d9a824b840a0175ca9a1f4b-https-app-notion-com-p/experiments/lab_001_xy_connection_20260626/scripts/PRM110_independent_QA.py,a4b6cce893550f03a08138760a98322363866ade20fd164427cd779a08d23cc3,6729,2026-07-23T13:40:38+09:00,file-backed evidence; inspect source before upgrading claim
,python_source,experiments/lab_001_xy_connection_20260626/scripts/PRM111_consolidate_axial_shape_entropy_xreg_v0_8.py,file:///C:/Users/chuck/Documents/Codex/2026-06-22/a2f23dee1d9a824b840a0175ca9a1f4b-https-app-notion-com-p/experiments/lab_001_xy_connection_20260626/scripts/PRM111_consolidate_axial_shape_entropy_xreg_v0_8.py,a434b9a326f5c21d408d94e82f7a403c71059885434bb9a60e9c93a527e2c5ed,13836,2026-07-23T13:49:52+09:00,file-backed evidence; inspect source before upgrading claim
,python_source,experiments/lab_001_xy_connection_20260626/scripts/PRM111_independent_QA.py,file:///C:/Users/chuck/Documents/Codex/2026-06-22/a2f23dee1d9a824b840a0175ca9a1f4b-https-app-notion-com-p/experiments/lab_001_xy_connection_20260626/scripts/PRM111_independent_QA.py,b66649ebc292d47ab6e44dd6b8633d5a1eb1674d1cf7f5ff23e692cc3e49360f,6421,2026-07-23T13:49:52+09:00,file-backed evidence; inspect source before upgrading claim
,python_source,experiments/lab_001_xy_connection_20260626/scripts/PRM112_axial_weighted_quantile_location_batch.py,file:///C:/Users/chuck/Documents/Codex/2026-06-22/a2f23dee1d9a824b840a0175ca9a1f4b-https-app-notion-com-p/experiments/lab_001_xy_connection_20260626/scripts/PRM112_axial_weighted_quantile_location_batch.py,cc5b7391f2881bf522d5b3852680cb64d22c071f4a7315217b7971727782f954,11152,2026-07-23T14:01:52+09:00,file-backed evidence; inspect source before upgrading claim
,python_source,experiments/lab_001_xy_connection_20260626/scripts/PRM112_independent_QA.py,file:///C:/Users/chuck/Documents/Codex/2026-06-22/a2f23dee1d9a824b840a0175ca9a1f4b-https-app-notion-com-p/experiments/lab_001_xy_connection_20260626/scripts/PRM112_independent_QA.py,e31222eb2c396aae79df191a756e511f1e0b84a92db4da556ec0493ed9f29ee8,5603,2026-07-23T14:02:30+09:00,file-backed evidence; inspect source before upgrading claim
,python_source,experiments/lab_001_xy_connection_20260626/scripts/PRM113_consolidate_weighted_quantile_location_xreg_v0_9.py,file:///C:/Users/chuck/Documents/Codex/2026-06-22/a2f23dee1d9a824b840a0175ca9a1f4b-https-app-notion-com-p/experiments/lab_001_xy_connection_20260626/scripts/PRM113_consolidate_weighted_quantile_location_xreg_v0_9.py,9de9e1466ec9df6100538abdd2bb8ea54cb55353366eb4d4d9dc181974cee9fe,10276,2026-07-23T14:08:19+09:00,file-backed evidence; inspect source before upgrading claim
,python_source,experiments/lab_001_xy_connection_20260626/scripts/PRM113_independent_QA.py,file:///C:/Users/chuck/Documents/Codex/2026-06-22/a2f23dee1d9a824b840a0175ca9a1f4b-https-app-notion-com-p/experiments/lab_001_xy_connection_20260626/scripts/PRM113_independent_QA.py,46d61acb173d70529fd339e1c5682673db36092537256210df13cb7cf8959458,6001,2026-07-23T14:09:06+09:00,file-backed evidence; inspect source before upgrading claim
,python_source,experiments/lab_001_xy_connection_20260626/scripts/PRM114_independent_QA.py,file:///C:/Users/chuck/Documents/Codex/2026-06-22/a2f23dee1d9a824b840a0175ca9a1f4b-https-app-notion-com-p/experiments/lab_001_xy_connection_20260626/scripts/PRM114_independent_QA.py,c5c965dbca70a332b85e8ecb9b84eed5a70fdc92801de7e5e8af4b99fdbe2418,4103,2026-07-23T14:19:35+09:00,file-backed evidence; inspect source before upgrading claim
,python_source,experiments/lab_001_xy_connection_20260626/scripts/PRM114_overlay_component_inequality_concentration_batch.py,file:///C:/Users/chuck/Documents/Codex/2026-06-22/a2f23dee1d9a824b840a0175ca9a1f4b-https-app-notion-com-p/experiments/lab_001_xy_connection_20260626/scripts/PRM114_overlay_component_inequality_concentration_batch.py,13d99845594519a50309eee068d164d97e0f583ce86baed04b38bb3b074f1d11,9540,2026-07-23T14:19:04+09:00,file-backed evidence; inspect source before upgrading claim
,python_source,experiments/lab_001_xy_connection_20260626/scripts/PRM115_consolidate_component_inequality_xreg_v1_0.py,file:///C:/Users/chuck/Documents/Codex/2026-06-22/a2f23dee1d9a824b840a0175ca9a1f4b-https-app-notion-com-p/experiments/lab_001_xy_connection_20260626/scripts/PRM115_consolidate_component_inequality_xreg_v1_0.py,3c5f2df04223f778dc7f9bbc1d893c3284dbb298af49f93555e4d6b966567bcd,7025,2026-07-23T14:24:33+09:00,file-backed evidence; inspect source before upgrading claim
,python_source,experiments/lab_001_xy_connection_20260626/scripts/PRM115_independent_QA.py,file:///C:/Users/chuck/Documents/Codex/2026-06-22/a2f23dee1d9a824b840a0175ca9a1f4b-https-app-notion-com-p/experiments/lab_001_xy_connection_20260626/scripts/PRM115_independent_QA.py,97039249711d5eebedfcf052e147afe31c59fd6a060d3764c6d5043026aef842,4530,2026-07-23T14:25:03+09:00,file-backed evidence; inspect source before upgrading claim
,python_source,experiments/lab_001_xy_connection_20260626/scripts/PRM116_component_filter_sensitivity_batch.py,file:///C:/Users/chuck/Documents/Codex/2026-06-22/a2f23dee1d9a824b840a0175ca9a1f4b-https-app-notion-com-p/experiments/lab_001_xy_connection_20260626/scripts/PRM116_component_filter_sensitivity_batch.py,6c329d0e88581589a143cad58f2e19342bf2acd96e2c3a31a0a5578b2a27f011,8904,2026-07-23T14:32:34+09:00,file-backed evidence; inspect source before upgrading claim
,python_source,experiments/lab_001_xy_connection_20260626/scripts/PRM116_independent_QA.py,file:///C:/Users/chuck/Documents/Codex/2026-06-22/a2f23dee1d9a824b840a0175ca9a1f4b-https-app-notion-com-p/experiments/lab_001_xy_connection_20260626/scripts/PRM116_independent_QA.py,e870c02664e5e1ec6e1efdac3b2a85889392776daf36a75cfe39fbf40f82f32b,3922,2026-07-23T14:33:02+09:00,file-backed evidence; inspect source before upgrading claim
,python_source,experiments/lab_001_xy_connection_20260626/scripts/PRM117_consolidate_component_filter_sensitivity_xreg_v1_1.py,file:///C:/Users/chuck/Documents/Codex/2026-06-22/a2f23dee1d9a824b840a0175ca9a1f4b-https-app-notion-com-p/experiments/lab_001_xy_connection_20260626/scripts/PRM117_consolidate_component_filter_sensitivity_xreg_v1_1.py,af72625cb700f1f06feb8b461c9e2ce3fff97d3e73ac79b1dba2c2bf3fb13b67,9135,2026-07-23T14:38:41+09:00,file-backed evidence; inspect source before upgrading claim
,python_source,experiments/lab_001_xy_connection_20260626/scripts/PRM117_independent_QA.py,file:///C:/Users/chuck/Documents/Codex/2026-06-22/a2f23dee1d9a824b840a0175ca9a1f4b-https-app-notion-com-p/experiments/lab_001_xy_connection_20260626/scripts/PRM117_independent_QA.py,9db3bda169ea8ddc7be8141a7b3d05112599c9eb99bc9eefdef79b2a235ab4fa,5095,2026-07-23T14:39:15+09:00,file-backed evidence; inspect source before upgrading claim
,python_source,experiments/lab_001_xy_connection_20260626/scripts/PRM118_independent_QA.py,file:///C:/Users/chuck/Documents/Codex/2026-06-22/a2f23dee1d9a824b840a0175ca9a1f4b-https-app-notion-com-p/experiments/lab_001_xy_connection_20260626/scripts/PRM118_independent_QA.py,2d64412766aa0947d56f12117b396ea98b960779258f063a3dc6abee2aaca0b8,5500,2026-07-23T14:51:28+09:00,file-backed evidence; inspect source before upgrading claim
,python_source,experiments/lab_001_xy_connection_20260626/scripts/PRM118_slice_component_filter_sensitivity_batch.py,file:///C:/Users/chuck/Documents/Codex/2026-06-22/a2f23dee1d9a824b840a0175ca9a1f4b-https-app-notion-com-p/experiments/lab_001_xy_connection_20260626/scripts/PRM118_slice_component_filter_sensitivity_batch.py,14d6ea34e25823e8c56aca283bf8116427a2ea60a30891902a37afd9bb348ea9,6682,2026-07-23T14:48:38+09:00,file-backed evidence; inspect source before upgrading claim
,python_source,experiments/lab_001_xy_connection_20260626/scripts/PRM119_consolidate_slice_component_filter_sensitivity_xreg_v1_2.py,file:///C:/Users/chuck/Documents/Codex/2026-06-22/a2f23dee1d9a824b840a0175ca9a1f4b-https-app-notion-com-p/experiments/lab_001_xy_connection_20260626/scripts/PRM119_consolidate_slice_component_filter_sensitivity_xreg_v1_2.py,41048dc381753c0c125e15c0abc94bf3d30a144b134d303681ba3c8ffedb6982,13843,2026-07-23T15:05:38+09:00,file-backed evidence; inspect source before upgrading claim
,python_source,experiments/lab_001_xy_connection_20260626/scripts/PRM119_independent_QA.py,file:///C:/Users/chuck/Documents/Codex/2026-06-22/a2f23dee1d9a824b840a0175ca9a1f4b-https-app-notion-com-p/experiments/lab_001_xy_connection_20260626/scripts/PRM119_independent_QA.py,ec96de6c4f6ebed02bed03c0609f8b8f481f3d0300e926ac7276a05abe81fd74,6617,2026-07-23T15:06:31+09:00,file-backed evidence; inspect source before upgrading claim
,python_source,experiments/lab_001_xy_connection_20260626/scripts/PRM120_independent_QA.py,file:///C:/Users/chuck/Documents/Codex/2026-06-22/a2f23dee1d9a824b840a0175ca9a1f4b-https-app-notion-com-p/experiments/lab_001_xy_connection_20260626/scripts/PRM120_independent_QA.py,160e1cea55d05a734b46d3e4a20e9f6c13869adce8e0d79e25860c97579fc5fa,5534,2026-07-23T15:15:13+09:00,file-backed evidence; inspect source before upgrading claim
,python_source,experiments/lab_001_xy_connection_20260626/scripts/PRM120_overlay_pair_component_composition_batch.py,file:///C:/Users/chuck/Documents/Codex/2026-06-22/a2f23dee1d9a824b840a0175ca9a1f4b-https-app-notion-com-p/experiments/lab_001_xy_connection_20260626/scripts/PRM120_overlay_pair_component_composition_batch.py,65b7fef6edb3383c151a399020ce9eb2c90eda6905f201f45619d335023242ff,13304,2026-07-23T15:14:07+09:00,file-backed evidence; inspect source before upgrading claim
,python_source,experiments/lab_001_xy_connection_20260626/scripts/PRM121_consolidate_overlay_pair_component_composition_xreg_v1_3.py,file:///C:/Users/chuck/Documents/Codex/2026-06-22/a2f23dee1d9a824b840a0175ca9a1f4b-https-app-notion-com-p/experiments/lab_001_xy_connection_20260626/scripts/PRM121_consolidate_overlay_pair_component_composition_xreg_v1_3.py,a2b0adc9dc8b3f02122ce7c92719d811caf3d62cddb4f09b5bb49a0004e0c260,13128,2026-07-23T15:22:11+09:00,file-backed evidence; inspect source before upgrading claim
,python_source,experiments/lab_001_xy_connection_20260626/scripts/PRM121_independent_QA.py,file:///C:/Users/chuck/Documents/Codex/2026-06-22/a2f23dee1d9a824b840a0175ca9a1f4b-https-app-notion-com-p/experiments/lab_001_xy_connection_20260626/scripts/PRM121_independent_QA.py,cd83d7f5f9419596bfdfd46f7bce9d51a589b2b2671eb073c1f31b32fc03f45c,6266,2026-07-23T15:22:58+09:00,file-backed evidence; inspect source before upgrading claim
,python_source,experiments/lab_001_xy_connection_20260626/scripts/PRM122_independent_QA.py,file:///C:/Users/chuck/Documents/Codex/2026-06-22/a2f23dee1d9a824b840a0175ca9a1f4b-https-app-notion-com-p/experiments/lab_001_xy_connection_20260626/scripts/PRM122_independent_QA.py,d0e5a5062bfffceba7d5c7dd36e717f90bfd19c2b27c6c298ebd2e37cc94a538,3794,2026-07-23T15:31:18+09:00,file-backed evidence; inspect source before upgrading claim
,python_source,experiments/lab_001_xy_connection_20260626/scripts/PRM122_profile_jump_and_turn_batch.py,file:///C:/Users/chuck/Documents/Codex/2026-06-22/a2f23dee1d9a824b840a0175ca9a1f4b-https-app-notion-com-p/experiments/lab_001_xy_connection_20260626/scripts/PRM122_profile_jump_and_turn_batch.py,0498e6e2ceeca261fa8842fe58dc7f10ce17d518ec5117395e6641f3f317efe8,7924,2026-07-23T15:30:26+09:00,file-backed evidence; inspect source before upgrading claim
,python_source,experiments/lab_001_xy_connection_20260626/scripts/PRM123_consolidate_profile_jump_turn_xreg_v1_4.py,file:///C:/Users/chuck/Documents/Codex/2026-06-22/a2f23dee1d9a824b840a0175ca9a1f4b-https-app-notion-com-p/experiments/lab_001_xy_connection_20260626/scripts/PRM123_consolidate_profile_jump_turn_xreg_v1_4.py,ee4339e3572f4bb414c0c7fd26d78d17a0af3f6acf182dce3ded987a02da62ce,5211,2026-07-23T15:43:41+09:00,file-backed evidence; inspect source before upgrading claim
,python_source,experiments/lab_001_xy_connection_20260626/scripts/PRM123_finalize_and_independent_QA.py,file:///C:/Users/chuck/Documents/Codex/2026-06-22/a2f23dee1d9a824b840a0175ca9a1f4b-https-app-notion-com-p/experiments/lab_001_xy_connection_20260626/scripts/PRM123_finalize_and_independent_QA.py,6e954a2cbb07b8b0003ace1605481dab4f1f7c9332be8353c7c6f759fc207a22,3962,2026-07-23T15:51:01+09:00,file-backed evidence; inspect source before upgrading claim
,python_source,experiments/lab_001_xy_connection_20260626/scripts/PRM124_overlay_phase_balance_batch.py,file:///C:/Users/chuck/Documents/Codex/2026-06-22/a2f23dee1d9a824b840a0175ca9a1f4b-https-app-notion-com-p/experiments/lab_001_xy_connection_20260626/scripts/PRM124_overlay_phase_balance_batch.py,d2b85bff1dd8d1206d583f22f49af38ee66b969091010dee932fd5a1ef623169,5268,2026-07-23T15:55:47+09:00,file-backed evidence; inspect source before upgrading claim
,python_source,experiments/lab_001_xy_connection_20260626/scripts/PRM124_overlay_phase_balance_independent_qa.py,file:///C:/Users/chuck/Documents/Codex/2026-06-22/a2f23dee1d9a824b840a0175ca9a1f4b-https-app-notion-com-p/experiments/lab_001_xy_connection_20260626/scripts/PRM124_overlay_phase_balance_independent_qa.py,b94465082c26d1b93fd6a9371882a4908ed59af863f91c2ad1bc9458b2e133ae,6121,2026-07-23T15:57:22+09:00,file-backed evidence; inspect source before upgrading claim
,python_source,experiments/lab_001_xy_connection_20260626/scripts/PRM125_consolidate_overlay_phase_balance_xreg_v1_5.py,file:///C:/Users/chuck/Documents/Codex/2026-06-22/a2f23dee1d9a824b840a0175ca9a1f4b-https-app-notion-com-p/experiments/lab_001_xy_connection_20260626/scripts/PRM125_consolidate_overlay_phase_balance_xreg_v1_5.py,9c901f6d4387155d1466dc26fb36fa711af5d314eb97cd735d5ce2501b8a7bfa,7329,2026-07-23T16:06:36+09:00,file-backed evidence; inspect source before upgrading claim
,python_source,experiments/lab_001_xy_connection_20260626/scripts/PRM125_finalize_and_independent_qa.py,file:///C:/Users/chuck/Documents/Codex/2026-06-22/a2f23dee1d9a824b840a0175ca9a1f4b-https-app-notion-com-p/experiments/lab_001_xy_connection_20260626/scripts/PRM125_finalize_and_independent_qa.py,009776144b6434387712a74d064dacb6e471f048f39cc519243159221dc557e9,5174,2026-07-23T16:06:36+09:00,file-backed evidence; inspect source before upgrading claim
,python_source,experiments/lab_001_xy_connection_20260626/scripts/PRM126_overlay_component_density_batch.py,file:///C:/Users/chuck/Documents/Codex/2026-06-22/a2f23dee1d9a824b840a0175ca9a1f4b-https-app-notion-com-p/experiments/lab_001_xy_connection_20260626/scripts/PRM126_overlay_component_density_batch.py,9ba70d47331d905a6a25b393d122aa396779178b33699667f6b2edfa0a23ad9e,5128,2026-07-23T16:15:15+09:00,file-backed evidence; inspect source before upgrading claim
,python_source,experiments/lab_001_xy_connection_20260626/scripts/PRM126_overlay_component_density_independent_qa.py,file:///C:/Users/chuck/Documents/Codex/2026-06-22/a2f23dee1d9a824b840a0175ca9a1f4b-https-app-notion-com-p/experiments/lab_001_xy_connection_20260626/scripts/PRM126_overlay_component_density_independent_qa.py,be243f42b4f0c8ed759387419279907c1b58dbc6f55c177c1c7fa0e2c15d2fa2,2869,2026-07-23T16:15:15+09:00,file-backed evidence; inspect source before upgrading claim
,python_source,experiments/lab_001_xy_connection_20260626/scripts/PRM127_consolidate_overlay_component_density_xreg_v1_6.py,file:///C:/Users/chuck/Documents/Codex/2026-06-22/a2f23dee1d9a824b840a0175ca9a1f4b-https-app-notion-com-p/experiments/lab_001_xy_connection_20260626/scripts/PRM127_consolidate_overlay_component_density_xreg_v1_6.py,7cb167bc05647f8c83e0701cfc040a5e39a9c94db5e267145e31a3542e1db35d,4686,2026-07-23T16:37:39+09:00,file-backed evidence; inspect source before upgrading claim
,python_source,experiments/lab_001_xy_connection_20260626/scripts/PRM127_independent_qa.py,file:///C:/Users/chuck/Documents/Codex/2026-06-22/a2f23dee1d9a824b840a0175ca9a1f4b-https-app-notion-com-p/experiments/lab_001_xy_connection_20260626/scripts/PRM127_independent_qa.py,04d11716e8e71e65e0d1dd1207d34bf306b0a26d332aca7c0e200036327c6411,3010,2026-07-23T16:38:18+09:00,file-backed evidence; inspect source before upgrading claim
,python_source,experiments/lab_001_xy_connection_20260626/scripts/PRM128_independent_qa.py,file:///C:/Users/chuck/Documents/Codex/2026-06-22/a2f23dee1d9a824b840a0175ca9a1f4b-https-app-notion-com-p/experiments/lab_001_xy_connection_20260626/scripts/PRM128_independent_qa.py,b3897f7da78f3369dd284c6ddd32950721d4df443ede1068a08bad03f95b84ec,2317,2026-07-23T16:43:10+09:00,file-backed evidence; inspect source before upgrading claim
,python_source,experiments/lab_001_xy_connection_20260626/scripts/PRM128_overlay_phase_cross_correlation_batch.py,file:///C:/Users/chuck/Documents/Codex/2026-06-22/a2f23dee1d9a824b840a0175ca9a1f4b-https-app-notion-com-p/experiments/lab_001_xy_connection_20260626/scripts/PRM128_overlay_phase_cross_correlation_batch.py,0a2625d5c34a9d607423f6ed678bd1a55154578029c8536e8ef5549f533b932f,4309,2026-07-23T16:42:13+09:00,file-backed evidence; inspect source before upgrading claim
,python_source,experiments/lab_001_xy_connection_20260626/scripts/PRM129_consolidate_phase_cross_correlation_xreg_v1_7.py,file:///C:/Users/chuck/Documents/Codex/2026-06-22/a2f23dee1d9a824b840a0175ca9a1f4b-https-app-notion-com-p/experiments/lab_001_xy_connection_20260626/scripts/PRM129_consolidate_phase_cross_correlation_xreg_v1_7.py,ce1da67528e6c20eefa90439c7e81fd303455d117aa631fced307c3b9a8f4a35,4674,2026-07-23T16:45:03+09:00,file-backed evidence; inspect source before upgrading claim
,python_source,experiments/lab_001_xy_connection_20260626/scripts/PRM129_independent_qa.py,file:///C:/Users/chuck/Documents/Codex/2026-06-22/a2f23dee1d9a824b840a0175ca9a1f4b-https-app-notion-com-p/experiments/lab_001_xy_connection_20260626/scripts/PRM129_independent_qa.py,00d7222404fe30f28ef73af3dc462f104a457fb0de53b60e30acecd11e2cfd37,2874,2026-07-23T16:45:40+09:00,file-backed evidence; inspect source before upgrading claim
,python_source,experiments/lab_001_xy_connection_20260626/scripts/PRM130_independent_qa.py,file:///C:/Users/chuck/Documents/Codex/2026-06-22/a2f23dee1d9a824b840a0175ca9a1f4b-https-app-notion-com-p/experiments/lab_001_xy_connection_20260626/scripts/PRM130_independent_qa.py,49ed47c44e5063437e2286e5ab98e6b14922b67ab610d732ce510dedb760ff1f,1972,2026-07-23T16:59:12+09:00,file-backed evidence; inspect source before upgrading claim
,python_source,experiments/lab_001_xy_connection_20260626/scripts/PRM130_overlay_fraction_quantile_batch.py,file:///C:/Users/chuck/Documents/Codex/2026-06-22/a2f23dee1d9a824b840a0175ca9a1f4b-https-app-notion-com-p/experiments/lab_001_xy_connection_20260626/scripts/PRM130_overlay_fraction_quantile_batch.py,4df83fbf4cb6c401109e4e2a651a89ac3b3603048aa1ec52d4834eccb0eede98,4099,2026-07-23T16:58:39+09:00,file-backed evidence; inspect source before upgrading claim
,python_source,experiments/lab_001_xy_connection_20260626/scripts/PRM131_consolidate_overlay_fraction_quantile_xreg_v1_8.py,file:///C:/Users/chuck/Documents/Codex/2026-06-22/a2f23dee1d9a824b840a0175ca9a1f4b-https-app-notion-com-p/experiments/lab_001_xy_connection_20260626/scripts/PRM131_consolidate_overlay_fraction_quantile_xreg_v1_8.py,d96145282cd11b798291832f3647b8776d79d60149b9d94cf6dbe2432e1ca50e,5908,2026-07-23T17:18:09+09:00,file-backed evidence; inspect source before upgrading claim
,python_source,experiments/lab_001_xy_connection_20260626/scripts/PRM132_137_fast_batch_autopilot.py,file:///C:/Users/chuck/Documents/Codex/2026-06-22/a2f23dee1d9a824b840a0175ca9a1f4b-https-app-notion-com-p/experiments/lab_001_xy_connection_20260626/scripts/PRM132_137_fast_batch_autopilot.py,b57a6630ff2397adb5084573cd764d6f16d532c38b94cb92f9f27babc41d07fb,10522,2026-07-23T17:37:31+09:00,file-backed evidence; inspect source before upgrading claim
,python_source,experiments/lab_001_xy_connection_20260626/scripts/PRM132_137_independent_qa.py,file:///C:/Users/chuck/Documents/Codex/2026-06-22/a2f23dee1d9a824b840a0175ca9a1f4b-https-app-notion-com-p/experiments/lab_001_xy_connection_20260626/scripts/PRM132_137_independent_qa.py,f7031dcaff8b43e9fea072bdb7e00b237f9bb41020943293a9d8e0cbd5c47031,2251,2026-07-23T17:28:04+09:00,file-backed evidence; inspect source before upgrading claim
,python_source,experiments/lab_001_xy_connection_20260626/scripts/PRM138_143_fast_batch_autopilot.py,file:///C:/Users/chuck/Documents/Codex/2026-06-22/a2f23dee1d9a824b840a0175ca9a1f4b-https-app-notion-com-p/experiments/lab_001_xy_connection_20260626/scripts/PRM138_143_fast_batch_autopilot.py,de4f249f8c895c7fa61dba532b03255cd37156fe6cf50c80dffec689de13693f,1153,2026-07-23T17:33:40+09:00,file-backed evidence; inspect source before upgrading claim
,python_source,experiments/lab_001_xy_connection_20260626/scripts/PRM138_143_independent_qa.py,file:///C:/Users/chuck/Documents/Codex/2026-06-22/a2f23dee1d9a824b840a0175ca9a1f4b-https-app-notion-com-p/experiments/lab_001_xy_connection_20260626/scripts/PRM138_143_independent_qa.py,cbee9af7ef97a76540ba82dfa61ab3faa17843a447134b85e60e22c35b84dd35,2159,2026-07-23T17:34:28+09:00,file-backed evidence; inspect source before upgrading claim
,python_source,experiments/lab_001_xy_connection_20260626/scripts/PRM144_149_fast_batch_autopilot.py,file:///C:/Users/chuck/Documents/Codex/2026-06-22/a2f23dee1d9a824b840a0175ca9a1f4b-https-app-notion-com-p/experiments/lab_001_xy_connection_20260626/scripts/PRM144_149_fast_batch_autopilot.py,cb239d75883427d9352beea1a299d9bdc5703edbc42c2f04b31acbf3b13e05f0,1169,2026-07-23T17:37:31+09:00,file-backed evidence; inspect source before upgrading claim
,python_source,experiments/lab_001_xy_connection_20260626/scripts/PRM144_149_independent_qa.py,file:///C:/Users/chuck/Documents/Codex/2026-06-22/a2f23dee1d9a824b840a0175ca9a1f4b-https-app-notion-com-p/experiments/lab_001_xy_connection_20260626/scripts/PRM144_149_independent_qa.py,7fbf38b323fe7dd81ecbeff6c48ea7f11937e0f4a788618037a510f1a7cad295,2159,2026-07-23T17:38:19+09:00,file-backed evidence; inspect source before upgrading claim
,python_source,experiments/lab_001_xy_connection_20260626/scripts/R02_source_data_inventory.py,file:///C:/Users/chuck/Documents/Codex/2026-06-22/a2f23dee1d9a824b840a0175ca9a1f4b-https-app-notion-com-p/experiments/lab_001_xy_connection_20260626/scripts/R02_source_data_inventory.py,27f2b38aa9772501a89cb7a9c84d82b92370152c4f775171734c9d3504f27560,23995,2026-06-26T10:39:10+09:00,file-backed evidence; inspect source before upgrading claim
,python_source,experiments/lab_001_xy_connection_20260626/scripts/R03_R04_extract_variable_registry.py,file:///C:/Users/chuck/Documents/Codex/2026-06-22/a2f23dee1d9a824b840a0175ca9a1f4b-https-app-notion-com-p/experiments/lab_001_xy_connection_20260626/scripts/R03_R04_extract_variable_registry.py,61d1764a1497a2ec2b02f3dccdfec33cc14de46bf762570815495cfb97e5a969,28268,2026-06-26T11:23:23+09:00,file-backed evidence; inspect source before upgrading claim
,python_source,experiments/lab_001_xy_connection_20260626/scripts/R03_workbook_schema_merge.py,file:///C:/Users/chuck/Documents/Codex/2026-06-22/a2f23dee1d9a824b840a0175ca9a1f4b-https-app-notion-com-p/experiments/lab_001_xy_connection_20260626/scripts/R03_workbook_schema_merge.py,edd7867a7527d9df5d51a3aa09831b96c0d0942f7ed48ee30fdf4b5359a0faa9,43751,2026-06-26T12:15:28+09:00,file-backed evidence; inspect source before upgrading claim
,python_source,experiments/lab_001_xy_connection_20260626/scripts/R04_variable_priority_dictionary.py,file:///C:/Users/chuck/Documents/Codex/2026-06-22/a2f23dee1d9a824b840a0175ca9a1f4b-https-app-notion-com-p/experiments/lab_001_xy_connection_20260626/scripts/R04_variable_priority_dictionary.py,2cedb2bc56b84074f1856f68019d93dddfbebe37616f6a790b8e4f01bd5e7f2f,25410,2026-06-26T12:24:52+09:00,file-backed evidence; inspect source before upgrading claim
,python_source,experiments/lab_001_xy_connection_20260626/scripts/R05_xy_baseline_analysis.py,file:///C:/Users/chuck/Documents/Codex/2026-06-22/a2f23dee1d9a824b840a0175ca9a1f4b-https-app-notion-com-p/experiments/lab_001_xy_connection_20260626/scripts/R05_xy_baseline_analysis.py,4471427b3c9f25d7938319054eb2823eaf22f6757d55f2bc8bbb39f6bf1902b7,34593,2026-06-26T14:03:41+09:00,file-backed evidence; inspect source before upgrading claim
,python_source,experiments/lab_001_xy_connection_20260626/scripts/R06V2_build_integrated_candidate.py,file:///C:/Users/chuck/Documents/Codex/2026-06-22/a2f23dee1d9a824b840a0175ca9a1f4b-https-app-notion-com-p/experiments/lab_001_xy_connection_20260626/scripts/R06V2_build_integrated_candidate.py,65903efb2dff8738a6bb45fd4ca10310b4aa24a4962024530f3ee7c0befafd1a,23478,2026-06-30T10:53:31+09:00,file-backed evidence; inspect source before upgrading claim
,python_source,experiments/lab_001_xy_connection_20260626/scripts/R06V2_candidate_e2e.py,file:///C:/Users/chuck/Documents/Codex/2026-06-22/a2f23dee1d9a824b840a0175ca9a1f4b-https-app-notion-com-p/experiments/lab_001_xy_connection_20260626/scripts/R06V2_candidate_e2e.py,d71526c71bff858265caf10914cd4baed9661671bcca27eae3331de7dd33cb94,9111,2026-06-30T02:01:38+09:00,file-backed evidence; inspect source before upgrading claim
,python_source,experiments/lab_001_xy_connection_20260626/scripts/R06V2_family_e2e.py,file:///C:/Users/chuck/Documents/Codex/2026-06-22/a2f23dee1d9a824b840a0175ca9a1f4b-https-app-notion-com-p/experiments/lab_001_xy_connection_20260626/scripts/R06V2_family_e2e.py,a3e64f66d1bb854e779a3f67aa81016fdce40894590b2ace82839a37b63806f0,7601,2026-06-30T02:08:53+09:00,file-backed evidence; inspect source before upgrading claim
,python_source,experiments/lab_001_xy_connection_20260626/scripts/R06V2_legacy_notebook_parity.py,file:///C:/Users/chuck/Documents/Codex/2026-06-22/a2f23dee1d9a824b840a0175ca9a1f4b-https-app-notion-com-p/experiments/lab_001_xy_connection_20260626/scripts/R06V2_legacy_notebook_parity.py,04c210e3cb53a30018250053fe4f760719675fe74359b531208f918a24aa8868,57758,2026-06-30T01:51:17+09:00,file-backed evidence; inspect source before upgrading claim
,python_source,experiments/lab_001_xy_connection_20260626/scripts/R06V2_prepare_candidate_e2e.py,file:///C:/Users/chuck/Documents/Codex/2026-06-22/a2f23dee1d9a824b840a0175ca9a1f4b-https-app-notion-com-p/experiments/lab_001_xy_connection_20260626/scripts/R06V2_prepare_candidate_e2e.py,ccf4617636c4f4db421be881fb9fc53d1975725d017858e229d7039028d59230,3349,2026-06-30T02:01:38+09:00,file-backed evidence; inspect source before upgrading claim
,python_source,experiments/lab_001_xy_connection_20260626/scripts/R06_forward_pipeline_validation.py,file:///C:/Users/chuck/Documents/Codex/2026-06-22/a2f23dee1d9a824b840a0175ca9a1f4b-https-app-notion-com-p/experiments/lab_001_xy_connection_20260626/scripts/R06_forward_pipeline_validation.py,0cb5bee256829629e1411682932a58fc584dcbdabe97d96b1375edd6d8a2ba73,37994,2026-06-26T16:51:11+09:00,file-backed evidence; inspect source before upgrading claim
,python_source,experiments/lab_001_xy_connection_20260626/scripts/R06_kmk312_prepare_preview_notebook.py,file:///C:/Users/chuck/Documents/Codex/2026-06-22/a2f23dee1d9a824b840a0175ca9a1f4b-https-app-notion-com-p/experiments/lab_001_xy_connection_20260626/scripts/R06_kmk312_prepare_preview_notebook.py,66b422ebbc157631c5e59ab6cad5ac7e328d16db10b7d1a5b7d511f40aa374d9,8448,2026-06-26T22:57:16+09:00,file-backed evidence; inspect source before upgrading claim
,python_source,experiments/lab_001_xy_connection_20260626/scripts/R06_kmk312_runtime_smoke.py,file:///C:/Users/chuck/Documents/Codex/2026-06-22/a2f23dee1d9a824b840a0175ca9a1f4b-https-app-notion-com-p/experiments/lab_001_xy_connection_20260626/scripts/R06_kmk312_runtime_smoke.py,79780ec2335ae6e63029947a3a3f060115bf7fa1bbaf2f128bc0001425361533,9959,2026-06-26T22:41:37+09:00,file-backed evidence; inspect source before upgrading claim
,python_source,experiments/lab_001_xy_connection_20260626/scripts/R07_analyze_lattice_ofat.py,file:///C:/Users/chuck/Documents/Codex/2026-06-22/a2f23dee1d9a824b840a0175ca9a1f4b-https-app-notion-com-p/experiments/lab_001_xy_connection_20260626/scripts/R07_analyze_lattice_ofat.py,d85e43a8370f4240823351c272ef635ea4ab2c099fd1948341daa453fa01834f,7135,2026-06-29T10:09:48+09:00,file-backed evidence; inspect source before upgrading claim
,python_source,experiments/lab_001_xy_connection_20260626/scripts/R07_build_lattice_ofat.py,file:///C:/Users/chuck/Documents/Codex/2026-06-22/a2f23dee1d9a824b840a0175ca9a1f4b-https-app-notion-com-p/experiments/lab_001_xy_connection_20260626/scripts/R07_build_lattice_ofat.py,6cfb0aa37e83afbb266a6c81644b456eba25753b9860351856848e94da921b47,3254,2026-06-29T10:07:20+09:00,file-backed evidence; inspect source before upgrading claim
,python_source,experiments/lab_001_xy_connection_20260626/scripts/R07_build_theta_descriptor_map.py,file:///C:/Users/chuck/Documents/Codex/2026-06-22/a2f23dee1d9a824b840a0175ca9a1f4b-https-app-notion-com-p/experiments/lab_001_xy_connection_20260626/scripts/R07_build_theta_descriptor_map.py,f02dadcba21356fb34def2ce5e58fab4eb0759a5dc4c0a378bdf283b14c64079,49706,2026-06-29T10:13:02+09:00,file-backed evidence; inspect source before upgrading claim
,python_source,experiments/lab_001_xy_connection_20260626/scripts/R07_prepare_batch_tables.py,file:///C:/Users/chuck/Documents/Codex/2026-06-22/a2f23dee1d9a824b840a0175ca9a1f4b-https-app-notion-com-p/experiments/lab_001_xy_connection_20260626/scripts/R07_prepare_batch_tables.py,6a09325ea2ce64ab6e2335199ea784e5a18847aba2ff3eb57043443988d07008,12842,2026-06-29T10:01:25+09:00,file-backed evidence; inspect source before upgrading claim
,python_source,experiments/lab_001_xy_connection_20260626/scripts/R07_resumable_t1_runner.py,file:///C:/Users/chuck/Documents/Codex/2026-06-22/a2f23dee1d9a824b840a0175ca9a1f4b-https-app-notion-com-p/experiments/lab_001_xy_connection_20260626/scripts/R07_resumable_t1_runner.py,95f0b0e3186120c72d6b4a3aba4fe7c72873df5ee6e52bdc5746bfcc5ffdb389,10115,2026-06-29T11:32:43+09:00,file-backed evidence; inspect source before upgrading claim
,python_source,experiments/lab_001_xy_connection_20260626/scripts/R07_summarize_t1_pilot.py,file:///C:/Users/chuck/Documents/Codex/2026-06-22/a2f23dee1d9a824b840a0175ca9a1f4b-https-app-notion-com-p/experiments/lab_001_xy_connection_20260626/scripts/R07_summarize_t1_pilot.py,8c57c2619ce316bc1d6b7ec57a960cd3f325cb203e9eb46b10d81e3c3a6d2fb6,6109,2026-06-29T10:17:26+09:00,file-backed evidence; inspect source before upgrading claim
,python_source,experiments/lab_001_xy_connection_20260626/scripts/R08_inverse_design_mvp.py,file:///C:/Users/chuck/Documents/Codex/2026-06-22/a2f23dee1d9a824b840a0175ca9a1f4b-https-app-notion-com-p/experiments/lab_001_xy_connection_20260626/scripts/R08_inverse_design_mvp.py,9679fb87b3db217a696c07c87e36d5e3798df04396bbb6a3108b6558bcbf5ea4,38116,2026-06-29T11:34:00+09:00,file-backed evidence; inspect source before upgrading claim
,python_source,experiments/lab_001_xy_connection_20260626/scripts/R09_016_selective_lineage_split.py,file:///C:/Users/chuck/Documents/Codex/2026-06-22/a2f23dee1d9a824b840a0175ca9a1f4b-https-app-notion-com-p/experiments/lab_001_xy_connection_20260626/scripts/R09_016_selective_lineage_split.py,2c333559449ab4e4ef4b41e77aab926d5c1030c2dc6258c19fd4ea8b7e50c437,23565,2026-07-04T20:57:58+09:00,file-backed evidence; inspect source before upgrading claim
,python_source,experiments/lab_001_xy_connection_20260626/scripts/R09_017_component_population_leff_runner.py,file:///C:/Users/chuck/Documents/Codex/2026-06-22/a2f23dee1d9a824b840a0175ca9a1f4b-https-app-notion-com-p/experiments/lab_001_xy_connection_20260626/scripts/R09_017_component_population_leff_runner.py,7ed62030caff0ee51c26ae967027d660e0016776ff2c4cc05d9369449effdf42,25962,2026-07-10T13:36:59+09:00,file-backed evidence; inspect source before upgrading claim
,python_source,experiments/lab_001_xy_connection_20260626/scripts/R09_018A_stdev_forensic_sweep.py,file:///C:/Users/chuck/Documents/Codex/2026-06-22/a2f23dee1d9a824b840a0175ca9a1f4b-https-app-notion-com-p/experiments/lab_001_xy_connection_20260626/scripts/R09_018A_stdev_forensic_sweep.py,d76a5560729a0984f9f5a35a42093081bb7fa5fe81e683b781122965fe0ad042,30912,2026-07-06T10:28:17+09:00,file-backed evidence; inspect source before upgrading claim
,python_source,experiments/lab_001_xy_connection_20260626/scripts/R09_018B_representative_stdev_survivor_validation.py,file:///C:/Users/chuck/Documents/Codex/2026-06-22/a2f23dee1d9a824b840a0175ca9a1f4b-https-app-notion-com-p/experiments/lab_001_xy_connection_20260626/scripts/R09_018B_representative_stdev_survivor_validation.py,adba696612dfd89dc1f58b44e50dcb8d3bd6cb3ec87614b36c3dd435c8c9b21e,25145,2026-07-06T10:28:48+09:00,file-backed evidence; inspect source before upgrading claim
,python_source,experiments/lab_001_xy_connection_20260626/scripts/R09_019_stdev_target_decomposition_generalized_search.py,file:///C:/Users/chuck/Documents/Codex/2026-06-22/a2f23dee1d9a824b840a0175ca9a1f4b-https-app-notion-com-p/experiments/lab_001_xy_connection_20260626/scripts/R09_019_stdev_target_decomposition_generalized_search.py,33283b08d1738de9a4b49ff3180d9849602f5b0346d916bc37c3303d63c218f5,43271,2026-07-06T10:28:37+09:00,file-backed evidence; inspect source before upgrading claim
,python_source,experiments/lab_001_xy_connection_20260626/scripts/R09_020A_excel_stdev_ltp_working_relabel.py,file:///C:/Users/chuck/Documents/Codex/2026-06-22/a2f23dee1d9a824b840a0175ca9a1f4b-https-app-notion-com-p/experiments/lab_001_xy_connection_20260626/scripts/R09_020A_excel_stdev_ltp_working_relabel.py,bc6c3f3235709c1184268af2b95c57a03c5c61d138cd1543b3ecfd3b2058d905,6156,2026-07-06T10:29:31+09:00,file-backed evidence; inspect source before upgrading claim
,python_source,experiments/lab_001_xy_connection_20260626/scripts/R09_020C_stdev_population_forensic.py,file:///C:/Users/chuck/Documents/Codex/2026-06-22/a2f23dee1d9a824b840a0175ca9a1f4b-https-app-notion-com-p/experiments/lab_001_xy_connection_20260626/scripts/R09_020C_stdev_population_forensic.py,247b38bc353e4291bca5f65d604376061011b592f399087f5ea27882f21251fc,48104,2026-07-06T12:03:45+09:00,file-backed evidence; inspect source before upgrading claim
,python_source,experiments/lab_001_xy_connection_20260626/scripts/R09_020D_curvature_lineage_audit.py,file:///C:/Users/chuck/Documents/Codex/2026-06-22/a2f23dee1d9a824b840a0175ca9a1f4b-https-app-notion-com-p/experiments/lab_001_xy_connection_20260626/scripts/R09_020D_curvature_lineage_audit.py,11733476474c7086f4021e90e22f54aae7633bdc2c419b3ce9a62960024ed01c,28990,2026-07-06T13:47:40+09:00,file-backed evidence; inspect source before upgrading claim
,python_source,experiments/lab_001_xy_connection_20260626/scripts/R09_020E_curvature_targeted_formula_sweep.py,file:///C:/Users/chuck/Documents/Codex/2026-06-22/a2f23dee1d9a824b840a0175ca9a1f4b-https-app-notion-com-p/experiments/lab_001_xy_connection_20260626/scripts/R09_020E_curvature_targeted_formula_sweep.py,8682d7821fa035c836def23fd1b108ce06f6f41680a66305268e2a186a4abf74,46759,2026-07-06T14:19:47+09:00,file-backed evidence; inspect source before upgrading claim
,python_source,experiments/lab_001_xy_connection_20260626/scripts/R09_020F_curvature_ag_legacy_py_parity_microtest.py,file:///C:/Users/chuck/Documents/Codex/2026-06-22/a2f23dee1d9a824b840a0175ca9a1f4b-https-app-notion-com-p/experiments/lab_001_xy_connection_20260626/scripts/R09_020F_curvature_ag_legacy_py_parity_microtest.py,41a25149829674002b369313db11455d0face9fe446a113a8c28088de9d8eda0,34677,2026-07-06T14:38:33+09:00,file-backed evidence; inspect source before upgrading claim
,python_source,experiments/lab_001_xy_connection_20260626/scripts/R09_020G_f1_source_provenance_exact_legacy_py_parity.py,file:///C:/Users/chuck/Documents/Codex/2026-06-22/a2f23dee1d9a824b840a0175ca9a1f4b-https-app-notion-com-p/experiments/lab_001_xy_connection_20260626/scripts/R09_020G_f1_source_provenance_exact_legacy_py_parity.py,6fc46531a07c071506745fc1fea1bb425a1a996165593c1329e7791aaba954c8,31904,2026-07-06T15:25:52+09:00,file-backed evidence; inspect source before upgrading claim
,python_source,experiments/lab_001_xy_connection_20260626/scripts/R09_020H_direct_legacy_py_image_execution.py,file:///C:/Users/chuck/Documents/Codex/2026-06-22/a2f23dee1d9a824b840a0175ca9a1f4b-https-app-notion-com-p/experiments/lab_001_xy_connection_20260626/scripts/R09_020H_direct_legacy_py_image_execution.py,e36a0894e9ccefaa9c3be37b7307abd2825c9e42e8a9447eaaa68366f13c2cd6,35972,2026-07-07T02:55:05+09:00,file-backed evidence; inspect source before upgrading claim
,python_source,experiments/lab_001_xy_connection_20260626/scripts/R09_020I_excel_mismatch_bucketization.py,file:///C:/Users/chuck/Documents/Codex/2026-06-22/a2f23dee1d9a824b840a0175ca9a1f4b-https-app-notion-com-p/experiments/lab_001_xy_connection_20260626/scripts/R09_020I_excel_mismatch_bucketization.py,ac73a0751e1542da01377b9baa7a26ed3c2deede222f28c0aee6b9f181a47ecf,25013,2026-07-07T11:13:43+09:00,file-backed evidence; inspect source before upgrading claim
,python_source,experiments/lab_001_xy_connection_20260626/scripts/R09_020I_yx_visualization_pack.py,file:///C:/Users/chuck/Documents/Codex/2026-06-22/a2f23dee1d9a824b840a0175ca9a1f4b-https-app-notion-com-p/experiments/lab_001_xy_connection_20260626/scripts/R09_020I_yx_visualization_pack.py,ba888c7e2bc4e6f59a39068b2f9738bb3702b9d015a970a9c6d065c92c1c9645,17391,2026-07-07T11:32:43+09:00,file-backed evidence; inspect source before upgrading claim
,python_source,experiments/lab_001_xy_connection_20260626/scripts/R09_020J_curvature_ag_anchor_outlier_split.py,file:///C:/Users/chuck/Documents/Codex/2026-06-22/a2f23dee1d9a824b840a0175ca9a1f4b-https-app-notion-com-p/experiments/lab_001_xy_connection_20260626/scripts/R09_020J_curvature_ag_anchor_outlier_split.py,1af68c69bcb74a44544ba7b84cab2ca23c1ea906c6ef0a82f3794cdd05393ac7,26865,2026-07-07T11:50:27+09:00,file-backed evidence; inspect source before upgrading claim
,python_source,experiments/lab_001_xy_connection_20260626/scripts/R09_020K_massori_stdev_lineage_audit.py,file:///C:/Users/chuck/Documents/Codex/2026-06-22/a2f23dee1d9a824b840a0175ca9a1f4b-https-app-notion-com-p/experiments/lab_001_xy_connection_20260626/scripts/R09_020K_massori_stdev_lineage_audit.py,32b93066f5f5f1cc3a6ece9eea88bd1b4c9e7c1bbcf94cf46cd063d8e5f7ae54,41352,2026-07-07T12:23:02+09:00,file-backed evidence; inspect source before upgrading claim
,python_source,experiments/lab_001_xy_connection_20260626/scripts/R09_020L_massori_exact_population_replay.py,file:///C:/Users/chuck/Documents/Codex/2026-06-22/a2f23dee1d9a824b840a0175ca9a1f4b-https-app-notion-com-p/experiments/lab_001_xy_connection_20260626/scripts/R09_020L_massori_exact_population_replay.py,85661bac312a7d741690471c97eeca3108267a24a478ba20ecf18c325a35b574,36292,2026-07-07T13:34:09+09:00,file-backed evidence; inspect source before upgrading claim
,python_source,experiments/lab_001_xy_connection_20260626/scripts/R09_020M_massori_candidate_family_clustering.py,file:///C:/Users/chuck/Documents/Codex/2026-06-22/a2f23dee1d9a824b840a0175ca9a1f4b-https-app-notion-com-p/experiments/lab_001_xy_connection_20260626/scripts/R09_020M_massori_candidate_family_clustering.py,d0a21ade1b57d9f68e66cd0a355410a1b0793a802a1a36f6070267a9ae5f6981,36544,2026-07-07T14:14:49+09:00,file-backed evidence; inspect source before upgrading claim
,python_source,experiments/lab_001_xy_connection_20260626/scripts/R09_020N_massori_w_y_source_population_split.py,file:///C:/Users/chuck/Documents/Codex/2026-06-22/a2f23dee1d9a824b840a0175ca9a1f4b-https-app-notion-com-p/experiments/lab_001_xy_connection_20260626/scripts/R09_020N_massori_w_y_source_population_split.py,49f737750db116f990af73850f1743d17c7eb7ee330f1c038d7595038fa4d7b6,28966,2026-07-07T14:54:02+09:00,file-backed evidence; inspect source before upgrading claim
,python_source,experiments/lab_001_xy_connection_20260626/scripts/R09_020O_massori_w_y_column_lineage_holdout_audit.py,file:///C:/Users/chuck/Documents/Codex/2026-06-22/a2f23dee1d9a824b840a0175ca9a1f4b-https-app-notion-com-p/experiments/lab_001_xy_connection_20260626/scripts/R09_020O_massori_w_y_column_lineage_holdout_audit.py,6706d66bb50a8f6eb680cf0c564ee52c85b4fea1d88c7d6118004572b0442907,22229,2026-07-07T15:06:39+09:00,file-backed evidence; inspect source before upgrading claim
,python_source,experiments/lab_001_xy_connection_20260626/scripts/R09_020P_broad_descriptor_summary_replicate_xcopy_audit.py,file:///C:/Users/chuck/Documents/Codex/2026-06-22/a2f23dee1d9a824b840a0175ca9a1f4b-https-app-notion-com-p/experiments/lab_001_xy_connection_20260626/scripts/R09_020P_broad_descriptor_summary_replicate_xcopy_audit.py,fc172be3e6c3da6258983714f8d947db6dcdd06c30e46db06e1359f3e001d7cc,22448,2026-07-07T16:53:01+09:00,file-backed evidence; inspect source before upgrading claim
,python_source,experiments/lab_001_xy_connection_20260626/scripts/R09_020R_y_replicate_semantics_target_selection_audit.py,file:///C:/Users/chuck/Documents/Codex/2026-06-22/a2f23dee1d9a824b840a0175ca9a1f4b-https-app-notion-com-p/experiments/lab_001_xy_connection_20260626/scripts/R09_020R_y_replicate_semantics_target_selection_audit.py,3033f707cb2cf048800c24d0bb91f39a94b1391adde8aac7ad37b74b04468aac,35752,2026-07-07T21:40:38+09:00,file-backed evidence; inspect source before upgrading claim
,python_source,experiments/lab_001_xy_connection_20260626/scripts/R09_020S_official_y_target_selection_packet.py,file:///C:/Users/chuck/Documents/Codex/2026-06-22/a2f23dee1d9a824b840a0175ca9a1f4b-https-app-notion-com-p/experiments/lab_001_xy_connection_20260626/scripts/R09_020S_official_y_target_selection_packet.py,7f4414d564ddc9ee082ced544bb6c36c4e91fcdd14ce158270541ebbfa64f78f,19428,2026-07-07T21:47:08+09:00,file-backed evidence; inspect source before upgrading claim
,python_source,experiments/lab_001_xy_connection_20260626/scripts/R09_020TA_x_x_descriptor_relation_atlas.py,file:///C:/Users/chuck/Documents/Codex/2026-06-22/a2f23dee1d9a824b840a0175ca9a1f4b-https-app-notion-com-p/experiments/lab_001_xy_connection_20260626/scripts/R09_020TA_x_x_descriptor_relation_atlas.py,8e95cf037004f7a6b9050d3c326dec01d08cda061a0ef11c547110eab852460b,33683,2026-07-08T11:38:22+09:00,file-backed evidence; inspect source before upgrading claim
,python_source,experiments/lab_001_xy_connection_20260626/scripts/R09_020TB_y_y_performance_relation_atlas.py,file:///C:/Users/chuck/Documents/Codex/2026-06-22/a2f23dee1d9a824b840a0175ca9a1f4b-https-app-notion-com-p/experiments/lab_001_xy_connection_20260626/scripts/R09_020TB_y_y_performance_relation_atlas.py,225958f8f64ffa39640057a8839c91e0c2096533bf6ca6445335913fbfb90c90,31540,2026-07-08T13:26:57+09:00,file-backed evidence; inspect source before upgrading claim
,python_source,experiments/lab_001_xy_connection_20260626/scripts/R09_020TC_family_aware_x_y_atlas.py,file:///C:/Users/chuck/Documents/Codex/2026-06-22/a2f23dee1d9a824b840a0175ca9a1f4b-https-app-notion-com-p/experiments/lab_001_xy_connection_20260626/scripts/R09_020TC_family_aware_x_y_atlas.py,7cde15a97e409d9d51d989e4f366235b949024ad803533f737e8ced69e9cb805,51350,2026-07-08T13:50:39+09:00,file-backed evidence; inspect source before upgrading claim
,python_source,experiments/lab_001_xy_connection_20260626/scripts/R09_020T_all_y_xy_atlas.py,file:///C:/Users/chuck/Documents/Codex/2026-06-22/a2f23dee1d9a824b840a0175ca9a1f4b-https-app-notion-com-p/experiments/lab_001_xy_connection_20260626/scripts/R09_020T_all_y_xy_atlas.py,52d97a216a68db5a3828128bfd247ac9553851414d5d52fc4b7fca65072c3997,50427,2026-07-08T09:54:33+09:00,file-backed evidence; inspect source before upgrading claim
,python_source,experiments/lab_001_xy_connection_20260626/scripts/R09_020U_C_yg002_leakage_safe_baseline.py,file:///C:/Users/chuck/Documents/Codex/2026-06-22/a2f23dee1d9a824b840a0175ca9a1f4b-https-app-notion-com-p/experiments/lab_001_xy_connection_20260626/scripts/R09_020U_C_yg002_leakage_safe_baseline.py,5ef210565a0725e670ca91076fa16c762fa0dc3bae34482e831a694bd791fbb7,28720,2026-07-08T16:04:56+09:00,file-backed evidence; inspect source before upgrading claim
,python_source,experiments/lab_001_xy_connection_20260626/scripts/R09_020U_E_training_crosswalk_intake.py,file:///C:/Users/chuck/Documents/Codex/2026-06-22/a2f23dee1d9a824b840a0175ca9a1f4b-https-app-notion-com-p/experiments/lab_001_xy_connection_20260626/scripts/R09_020U_E_training_crosswalk_intake.py,763f644ffc7c38a0e320001fde588e77f34d7fb3d8afa0c6f444022e4789f306,47002,2026-07-08T17:01:37+09:00,file-backed evidence; inspect source before upgrading claim
,python_source,experiments/lab_001_xy_connection_20260626/scripts/R09_20260714_finalize_notion_geometry_recovery.py,file:///C:/Users/chuck/Documents/Codex/2026-06-22/a2f23dee1d9a824b840a0175ca9a1f4b-https-app-notion-com-p/experiments/lab_001_xy_connection_20260626/scripts/R09_20260714_finalize_notion_geometry_recovery.py,cb69cbce6f68bd7aa404bd2693e633b4ef4d15373a600db0addc3bb0b0425a72,9559,2026-07-14T17:13:49+09:00,file-backed evidence; inspect source before upgrading claim
,python_source,experiments/lab_001_xy_connection_20260626/scripts/R09_20260714_notion_geometry_download.py,file:///C:/Users/chuck/Documents/Codex/2026-06-22/a2f23dee1d9a824b840a0175ca9a1f4b-https-app-notion-com-p/experiments/lab_001_xy_connection_20260626/scripts/R09_20260714_notion_geometry_download.py,a0630aeb9adb2318a3abe70ca9b0655c14c14abc08dd599d81ff7e8ee4971883,12301,2026-07-14T17:13:49+09:00,file-backed evidence; inspect source before upgrading claim
,python_source,experiments/lab_001_xy_connection_20260626/scripts/R09_20260715_build_geometry_validation_report.py,file:///C:/Users/chuck/Documents/Codex/2026-06-22/a2f23dee1d9a824b840a0175ca9a1f4b-https-app-notion-com-p/experiments/lab_001_xy_connection_20260626/scripts/R09_20260715_build_geometry_validation_report.py,b816ada0cc4d614f66946172a87dfdde2bea4b3cbc4313f0effe23fe2e5236ba,15815,2026-07-15T03:01:06+09:00,file-backed evidence; inspect source before upgrading claim
,python_source,experiments/lab_001_xy_connection_20260626/scripts/R09_20260715_finalize_canonical_geometry_and_n40.py,file:///C:/Users/chuck/Documents/Codex/2026-06-22/a2f23dee1d9a824b840a0175ca9a1f4b-https-app-notion-com-p/experiments/lab_001_xy_connection_20260626/scripts/R09_20260715_finalize_canonical_geometry_and_n40.py,6218d8ab862e77980ee2a9f7180225d1f28d71ce80f4e9fd492c6a550c49a6ba,18332,2026-07-15T02:52:39+09:00,file-backed evidence; inspect source before upgrading claim
,python_source,experiments/lab_001_xy_connection_20260626/scripts/R09_20260715_geometry_source_full_validation.py,file:///C:/Users/chuck/Documents/Codex/2026-06-22/a2f23dee1d9a824b840a0175ca9a1f4b-https-app-notion-com-p/experiments/lab_001_xy_connection_20260626/scripts/R09_20260715_geometry_source_full_validation.py,4fa4170b0cd2085b852c3ccd51fee01e9a674cf6e00749685abe51f2e2b3038b,22756,2026-07-15T02:05:48+09:00,file-backed evidence; inspect source before upgrading claim
,python_source,experiments/lab_001_xy_connection_20260626/scripts/R09_20260715_high_density_source_variant_audit.py,file:///C:/Users/chuck/Documents/Codex/2026-06-22/a2f23dee1d9a824b840a0175ca9a1f4b-https-app-notion-com-p/experiments/lab_001_xy_connection_20260626/scripts/R09_20260715_high_density_source_variant_audit.py,ac895d4ec1935bb95c57c288bdeba3a159d29d5c9f83dc4dfbbb8c0b06e82390,7288,2026-07-15T02:48:58+09:00,file-backed evidence; inspect source before upgrading claim
,python_source,experiments/lab_001_xy_connection_20260626/scripts/R09_20260715_inventor_stp_full_validation.py,file:///C:/Users/chuck/Documents/Codex/2026-06-22/a2f23dee1d9a824b840a0175ca9a1f4b-https-app-notion-com-p/experiments/lab_001_xy_connection_20260626/scripts/R09_20260715_inventor_stp_full_validation.py,d2da8ace5782bdb8d15139a632d3f1fc40ef2123baa9879c7f70a318c65f29c3,8306,2026-07-15T02:16:18+09:00,file-backed evidence; inspect source before upgrading claim
,python_source,experiments/lab_001_xy_connection_20260626/scripts/R09_20260715_plot_geometry_validation_dashboard.py,file:///C:/Users/chuck/Documents/Codex/2026-06-22/a2f23dee1d9a824b840a0175ca9a1f4b-https-app-notion-com-p/experiments/lab_001_xy_connection_20260626/scripts/R09_20260715_plot_geometry_validation_dashboard.py,0385871edd242e77305287fc3b0574611675461472d838c29c70bbb92d0996c0,4624,2026-07-15T02:58:57+09:00,file-backed evidence; inspect source before upgrading claim
,python_source,experiments/lab_001_xy_connection_20260626/scripts/R09_20260715_vtk_stl_topology_audit.py,file:///C:/Users/chuck/Documents/Codex/2026-06-22/a2f23dee1d9a824b840a0175ca9a1f4b-https-app-notion-com-p/experiments/lab_001_xy_connection_20260626/scripts/R09_20260715_vtk_stl_topology_audit.py,a08d2242c1037f8d217a5dd6404f952a95793fd8cc372e3e7ca18968fa7ce3d7,4935,2026-07-15T02:11:17+09:00,file-backed evidence; inspect source before upgrading claim
,python_source,experiments/lab_001_xy_connection_20260626/scripts/R09_AREA_001_initial_area_source_column_unit_lineage.py,file:///C:/Users/chuck/Documents/Codex/2026-06-22/a2f23dee1d9a824b840a0175ca9a1f4b-https-app-notion-com-p/experiments/lab_001_xy_connection_20260626/scripts/R09_AREA_001_initial_area_source_column_unit_lineage.py,6d085c6c1d7dc6170fe8e5d069db60a335298520984ffea394a92801a2700dee,24413,2026-07-11T04:40:35+09:00,file-backed evidence; inspect source before upgrading claim
,python_source,experiments/lab_001_xy_connection_20260626/scripts/R09_B3_formula_variant_sweep.py,file:///C:/Users/chuck/Documents/Codex/2026-06-22/a2f23dee1d9a824b840a0175ca9a1f4b-https-app-notion-com-p/experiments/lab_001_xy_connection_20260626/scripts/R09_B3_formula_variant_sweep.py,39b63f0e8a6e9f3061002d5eae8c2b6305931f02f33abc4de1a54474bccd1324,38245,2026-07-01T17:09:12+09:00,file-backed evidence; inspect source before upgrading claim
,python_source,experiments/lab_001_xy_connection_20260626/scripts/R09_B3_legacy_formula_replay.py,file:///C:/Users/chuck/Documents/Codex/2026-06-22/a2f23dee1d9a824b840a0175ca9a1f4b-https-app-notion-com-p/experiments/lab_001_xy_connection_20260626/scripts/R09_B3_legacy_formula_replay.py,909eb35e61816c57bdfa86f7b1e2e2ff732689da26d0f3c2b10e9262d9af09d7,18703,2026-07-01T16:12:16+09:00,file-backed evidence; inspect source before upgrading claim
,python_source,experiments/lab_001_xy_connection_20260626/scripts/R09_B3_massori_stdev_hypothesis.py,file:///C:/Users/chuck/Documents/Codex/2026-06-22/a2f23dee1d9a824b840a0175ca9a1f4b-https-app-notion-com-p/experiments/lab_001_xy_connection_20260626/scripts/R09_B3_massori_stdev_hypothesis.py,4e218f423cc85ad3b54d672cc066bc87d650a8bf3c71d063f6d5148ffaf5337f,30643,2026-07-02T18:23:53+09:00,file-backed evidence; inspect source before upgrading claim
,python_source,experiments/lab_001_xy_connection_20260626/scripts/R09_B3_one_model_forensic_audit.py,file:///C:/Users/chuck/Documents/Codex/2026-06-22/a2f23dee1d9a824b840a0175ca9a1f4b-https-app-notion-com-p/experiments/lab_001_xy_connection_20260626/scripts/R09_B3_one_model_forensic_audit.py,6faa923a01e21958c099911976c24cf0d151540cb8d0de40ec5b32fd107bddd7,29933,2026-07-01T16:09:12+09:00,file-backed evidence; inspect source before upgrading claim
,python_source,experiments/lab_001_xy_connection_20260626/scripts/R09_build_model_family_registry.py,file:///C:/Users/chuck/Documents/Codex/2026-06-22/a2f23dee1d9a824b840a0175ca9a1f4b-https-app-notion-com-p/experiments/lab_001_xy_connection_20260626/scripts/R09_build_model_family_registry.py,9d37eeaf4b34529ba210af619bb2e91a66f2d88dd4a288580352e0164d26059a,15209,2026-07-01T09:37:37+09:00,file-backed evidence; inspect source before upgrading claim
,python_source,experiments/lab_001_xy_connection_20260626/scripts/R09_compare_pilot_excel_descriptors.py,file:///C:/Users/chuck/Documents/Codex/2026-06-22/a2f23dee1d9a824b840a0175ca9a1f4b-https-app-notion-com-p/experiments/lab_001_xy_connection_20260626/scripts/R09_compare_pilot_excel_descriptors.py,eadf9980468a9b546ca0ee9d0562a38587d6abf84c68b65d71d4f5a17eb114e9,15491,2026-07-01T11:08:40+09:00,file-backed evidence; inspect source before upgrading claim
,python_source,experiments/lab_001_xy_connection_20260626/scripts/R09_DESCRIPTOR_001_integrated_census_schema_cycle_policy.py,file:///C:/Users/chuck/Documents/Codex/2026-06-22/a2f23dee1d9a824b840a0175ca9a1f4b-https-app-notion-com-p/experiments/lab_001_xy_connection_20260626/scripts/R09_DESCRIPTOR_001_integrated_census_schema_cycle_policy.py,378199cbf203ecc5f4f2f8fcd2bd1616d5d424eadc9b0f97ee50d080f7527a32,55503,2026-07-15T11:15:01+09:00,file-backed evidence; inspect source before upgrading claim
,python_source,experiments/lab_001_xy_connection_20260626/scripts/R09_forensic_factory.py,file:///C:/Users/chuck/Documents/Codex/2026-06-22/a2f23dee1d9a824b840a0175ca9a1f4b-https-app-notion-com-p/experiments/lab_001_xy_connection_20260626/scripts/R09_forensic_factory.py,5040a1aaf72eb4d132856f6b18f3d5e01396811aca3be88a92d7195562698dc1,18458,2026-07-03T10:45:55+09:00,file-backed evidence; inspect source before upgrading claim
,python_source,experiments/lab_001_xy_connection_20260626/scripts/R09_generate_training_line_by_line_textbooks_20260709.py,file:///C:/Users/chuck/Documents/Codex/2026-06-22/a2f23dee1d9a824b840a0175ca9a1f4b-https-app-notion-com-p/experiments/lab_001_xy_connection_20260626/scripts/R09_generate_training_line_by_line_textbooks_20260709.py,69d9bb96cd5fb89e6df9fdeabc0b5092310b3fbd76817764b09fc3402fc02aac,34376,2026-07-09T16:06:21+09:00,file-backed evidence; inspect source before upgrading claim
,python_source,experiments/lab_001_xy_connection_20260626/scripts/R09_inventory_notion_zip_archives.py,file:///C:/Users/chuck/Documents/Codex/2026-06-22/a2f23dee1d9a824b840a0175ca9a1f4b-https-app-notion-com-p/experiments/lab_001_xy_connection_20260626/scripts/R09_inventory_notion_zip_archives.py,5150c5f8d9023189de73e2213fec92c9afac4dd933483d43add0b235a85dfc4e,15034,2026-07-01T09:30:43+09:00,file-backed evidence; inspect source before upgrading claim
,python_source,experiments/lab_001_xy_connection_20260626/scripts/R09_massori_v02_forensic.py,file:///C:/Users/chuck/Documents/Codex/2026-06-22/a2f23dee1d9a824b840a0175ca9a1f4b-https-app-notion-com-p/experiments/lab_001_xy_connection_20260626/scripts/R09_massori_v02_forensic.py,6d08b5ce688dbc825458c9fc627dffb1b596212e6042ab4697027f3140e9ca41,27068,2026-07-03T10:46:05+09:00,file-backed evidence; inspect source before upgrading claim
,python_source,experiments/lab_001_xy_connection_20260626/scripts/R09_POINT_001_source_population_excel_lineage_crosswalk.py,file:///C:/Users/chuck/Documents/Codex/2026-06-22/a2f23dee1d9a824b840a0175ca9a1f4b-https-app-notion-com-p/experiments/lab_001_xy_connection_20260626/scripts/R09_POINT_001_source_population_excel_lineage_crosswalk.py,39909a11f152ba0a2beef581273c110e8f276a4c2366dde644fbc6cdfa8eca34,26388,2026-07-11T04:26:39+09:00,file-backed evidence; inspect source before upgrading claim
,python_source,experiments/lab_001_xy_connection_20260626/scripts/R09_ppt_slice_setting_reproduction_probe.py,file:///C:/Users/chuck/Documents/Codex/2026-06-22/a2f23dee1d9a824b840a0175ca9a1f4b-https-app-notion-com-p/experiments/lab_001_xy_connection_20260626/scripts/R09_ppt_slice_setting_reproduction_probe.py,407a5f7fc38c739d4436d454e64eac5f0ad6517b31d17798e97fcdfef27266d7,30597,2026-07-01T15:36:53+09:00,file-backed evidence; inspect source before upgrading claim
,python_source,experiments/lab_001_xy_connection_20260626/scripts/R09_ppt_slice_setting_validation_sweep.py,file:///C:/Users/chuck/Documents/Codex/2026-06-22/a2f23dee1d9a824b840a0175ca9a1f4b-https-app-notion-com-p/experiments/lab_001_xy_connection_20260626/scripts/R09_ppt_slice_setting_validation_sweep.py,8aed57e404d5aa3dfe1b1a9ea8d5c0618bc9bd745c446fae7cd4a876a83e66ae,17925,2026-07-01T15:42:01+09:00,file-backed evidence; inspect source before upgrading claim
,python_source,experiments/lab_001_xy_connection_20260626/scripts/R09_RESLICE_002_r1v2_pathsafe_native_smoke.py,file:///C:/Users/chuck/Documents/Codex/2026-06-22/a2f23dee1d9a824b840a0175ca9a1f4b-https-app-notion-com-p/experiments/lab_001_xy_connection_20260626/scripts/R09_RESLICE_002_r1v2_pathsafe_native_smoke.py,deb3070607721cb3480f9e2162b52aeb2e4e2203ecbe7a26b9aa34172a7cfd2d,60137,2026-07-15T16:50:59+09:00,file-backed evidence; inspect source before upgrading claim
,python_source,experiments/lab_001_xy_connection_20260626/scripts/R09_RESLICE_003_all58_resumable_factory.py,file:///C:/Users/chuck/Documents/Codex/2026-06-22/a2f23dee1d9a824b840a0175ca9a1f4b-https-app-notion-com-p/experiments/lab_001_xy_connection_20260626/scripts/R09_RESLICE_003_all58_resumable_factory.py,8d2a65d6f1f0622a5256593823af457de2414a6bd3bf3227015b4addb346dcf3,11657,2026-07-15T13:10:30+09:00,file-backed evidence; inspect source before upgrading claim
,python_source,experiments/lab_001_xy_connection_20260626/scripts/R09_RESLICE_003_finalize_qa.py,file:///C:/Users/chuck/Documents/Codex/2026-06-22/a2f23dee1d9a824b840a0175ca9a1f4b-https-app-notion-com-p/experiments/lab_001_xy_connection_20260626/scripts/R09_RESLICE_003_finalize_qa.py,a7783fc2e295e76c09938f86ca2e4984be1872d7567fd6fc0403437e2f723b34,18402,2026-07-15T16:49:14+09:00,file-backed evidence; inspect source before upgrading claim
,python_source,experiments/lab_001_xy_connection_20260626/scripts/R09_SLICE005_R2_repair_aggregate_verification.py,file:///C:/Users/chuck/Documents/Codex/2026-06-22/a2f23dee1d9a824b840a0175ca9a1f4b-https-app-notion-com-p/experiments/lab_001_xy_connection_20260626/scripts/R09_SLICE005_R2_repair_aggregate_verification.py,870335d61ce65b3ca51e3008c5a383f4da788332c1e24b08602e0a127c6efa5b,8917,2026-07-22T01:05:42+09:00,file-backed evidence; inspect source before upgrading claim
,python_source,experiments/lab_001_xy_connection_20260626/scripts/R09_SLICE_002C_b3_smoke_image_pixel_component_packet.py,file:///C:/Users/chuck/Documents/Codex/2026-06-22/a2f23dee1d9a824b840a0175ca9a1f4b-https-app-notion-com-p/experiments/lab_001_xy_connection_20260626/scripts/R09_SLICE_002C_b3_smoke_image_pixel_component_packet.py,a50f51504ea6de3d01ce3ed27d7bb276ae4f6cfdd1468e7a3460b3fc0906a5f4,24716,2026-07-09T02:01:21+09:00,file-backed evidence; inspect source before upgrading claim
,python_source,experiments/lab_001_xy_connection_20260626/scripts/R09_SLICE_002C_policy_normalize_stl_to_40mm.py,file:///C:/Users/chuck/Documents/Codex/2026-06-22/a2f23dee1d9a824b840a0175ca9a1f4b-https-app-notion-com-p/experiments/lab_001_xy_connection_20260626/scripts/R09_SLICE_002C_policy_normalize_stl_to_40mm.py,e0c72c31fab50607f0f6e6ec1e7fd3749e9e9c6a1eded8fdfcd9419459936078,13392,2026-07-09T14:39:15+09:00,file-backed evidence; inspect source before upgrading claim
,python_source,experiments/lab_001_xy_connection_20260626/scripts/R09_SLICE_002D_b3_standard_seed_full_artifact_packet.py,file:///C:/Users/chuck/Documents/Codex/2026-06-22/a2f23dee1d9a824b840a0175ca9a1f4b-https-app-notion-com-p/experiments/lab_001_xy_connection_20260626/scripts/R09_SLICE_002D_b3_standard_seed_full_artifact_packet.py,a44038ba272a784b203f9feedda9b83ca0a80e95cc21bfba3c424fddb0c18170,19570,2026-07-09T16:46:17+09:00,file-backed evidence; inspect source before upgrading claim
,python_source,experiments/lab_001_xy_connection_20260626/scripts/R09_SLICE_002E_descriptor_calculation_and_excel_comparison.py,file:///C:/Users/chuck/Documents/Codex/2026-06-22/a2f23dee1d9a824b840a0175ca9a1f4b-https-app-notion-com-p/experiments/lab_001_xy_connection_20260626/scripts/R09_SLICE_002E_descriptor_calculation_and_excel_comparison.py,03961d4d60aa1a71902a7919fa3eb5f0385053447005a096bd958d67ea463c3e,22833,2026-07-09T17:25:33+09:00,file-backed evidence; inspect source before upgrading claim
,python_source,experiments/lab_001_xy_connection_20260626/scripts/R09_SLICE_002E_make_visualizations.py,file:///C:/Users/chuck/Documents/Codex/2026-06-22/a2f23dee1d9a824b840a0175ca9a1f4b-https-app-notion-com-p/experiments/lab_001_xy_connection_20260626/scripts/R09_SLICE_002E_make_visualizations.py,18b67aac87bf437d423b2a39b9af835b90070c63d50adb6c1f63136571c940a9,6090,2026-07-09T17:32:07+09:00,file-backed evidence; inspect source before upgrading claim
,python_source,experiments/lab_001_xy_connection_20260626/scripts/R09_SLICE_002F_b3_sensitivity_and_representative_gate.py,file:///C:/Users/chuck/Documents/Codex/2026-06-22/a2f23dee1d9a824b840a0175ca9a1f4b-https-app-notion-com-p/experiments/lab_001_xy_connection_20260626/scripts/R09_SLICE_002F_b3_sensitivity_and_representative_gate.py,7ef2757f5157fb29e7f1f94ae8e3063f77a00de15842ce100ba0cad2e08f4fce,24093,2026-07-09T17:40:00+09:00,file-backed evidence; inspect source before upgrading claim
,python_source,experiments/lab_001_xy_connection_20260626/scripts/R09_SLICE_002G_c1_l1_representative_artifact_and_comparison.py,file:///C:/Users/chuck/Documents/Codex/2026-06-22/a2f23dee1d9a824b840a0175ca9a1f4b-https-app-notion-com-p/experiments/lab_001_xy_connection_20260626/scripts/R09_SLICE_002G_c1_l1_representative_artifact_and_comparison.py,c74b6dfef43e5ec144dcd6022a59e2816d81697c147775510f68dee6fd8b86d7,43864,2026-07-09T19:11:02+09:00,file-backed evidence; inspect source before upgrading claim
,python_source,experiments/lab_001_xy_connection_20260626/scripts/R09_SLICE_002G_finalize_report_and_figures.py,file:///C:/Users/chuck/Documents/Codex/2026-06-22/a2f23dee1d9a824b840a0175ca9a1f4b-https-app-notion-com-p/experiments/lab_001_xy_connection_20260626/scripts/R09_SLICE_002G_finalize_report_and_figures.py,b0d90ef9cd3bbe27ff6c79e72cb906cdc3ca4d351877d29616455d29db3787a1,12896,2026-07-09T19:10:06+09:00,file-backed evidence; inspect source before upgrading claim
,python_source,experiments/lab_001_xy_connection_20260626/scripts/R09_SLICE_002G_REVIEW_descriptor_specific_failures_and_patch_policy.py,file:///C:/Users/chuck/Documents/Codex/2026-06-22/a2f23dee1d9a824b840a0175ca9a1f4b-https-app-notion-com-p/experiments/lab_001_xy_connection_20260626/scripts/R09_SLICE_002G_REVIEW_descriptor_specific_failures_and_patch_policy.py,3b77a741611585deac3708b59645bfb1b37ebcb190c4dcc9fc1b1f220abcb969,38620,2026-07-10T12:13:52+09:00,file-backed evidence; inspect source before upgrading claim
,python_source,experiments/lab_001_xy_connection_20260626/scripts/R09_SLICE_002H_target_column_remap_and_cached_recompare.py,file:///C:/Users/chuck/Documents/Codex/2026-06-22/a2f23dee1d9a824b840a0175ca9a1f4b-https-app-notion-com-p/experiments/lab_001_xy_connection_20260626/scripts/R09_SLICE_002H_target_column_remap_and_cached_recompare.py,9307f8df11cbb7fd9a3499bf5fd76131d59f490f6fea76c72649975a6a11fd69,17518,2026-07-10T13:41:55+09:00,file-backed evidence; inspect source before upgrading claim
,python_source,experiments/lab_001_xy_connection_20260626/scripts/R09_SLICE_002I_legacy_py_parity_selected_avg.py,file:///C:/Users/chuck/Documents/Codex/2026-06-22/a2f23dee1d9a824b840a0175ca9a1f4b-https-app-notion-com-p/experiments/lab_001_xy_connection_20260626/scripts/R09_SLICE_002I_legacy_py_parity_selected_avg.py,aeac7c9eec5b97cf134fff3c1187583808a2f3b167be1032d8287308edee73ee,39283,2026-07-10T14:19:27+09:00,file-backed evidence; inspect source before upgrading claim
,python_source,experiments/lab_001_xy_connection_20260626/scripts/R09_SLICE_002J_selected_avg_inclusion_fallback_sensitivity.py,file:///C:/Users/chuck/Documents/Codex/2026-06-22/a2f23dee1d9a824b840a0175ca9a1f4b-https-app-notion-com-p/experiments/lab_001_xy_connection_20260626/scripts/R09_SLICE_002J_selected_avg_inclusion_fallback_sensitivity.py,663d8c3bd74da6d5df20e0951a4f9030e5287d7ac5b794da68dcb9fd697e2e78,36282,2026-07-10T14:45:20+09:00,file-backed evidence; inspect source before upgrading claim
,python_source,experiments/lab_001_xy_connection_20260626/scripts/R09_SLICE_002K_descriptor_specific_patch_proposal_gate.py,file:///C:/Users/chuck/Documents/Codex/2026-06-22/a2f23dee1d9a824b840a0175ca9a1f4b-https-app-notion-com-p/experiments/lab_001_xy_connection_20260626/scripts/R09_SLICE_002K_descriptor_specific_patch_proposal_gate.py,22293449b0869dd47f6e8ac2b38956ea75ade86fe0122644b738d3a4bbc9334d,25518,2026-07-10T15:24:51+09:00,file-backed evidence; inspect source before upgrading claim
,python_source,experiments/lab_001_xy_connection_20260626/scripts/R09_SLICE_002L_build_nb_compat_legacy_png.py,file:///C:/Users/chuck/Documents/Codex/2026-06-22/a2f23dee1d9a824b840a0175ca9a1f4b-https-app-notion-com-p/experiments/lab_001_xy_connection_20260626/scripts/R09_SLICE_002L_build_nb_compat_legacy_png.py,3e6b14650e3167cdf81a3164f628778ba4e094eec0247e85a90b83eec16c46d3,14715,2026-07-10T16:29:30+09:00,file-backed evidence; inspect source before upgrading claim
,python_source,experiments/lab_001_xy_connection_20260626/scripts/R09_SLICE_002L_nb_compat_adapter_parity_test.py,file:///C:/Users/chuck/Documents/Codex/2026-06-22/a2f23dee1d9a824b840a0175ca9a1f4b-https-app-notion-com-p/experiments/lab_001_xy_connection_20260626/scripts/R09_SLICE_002L_nb_compat_adapter_parity_test.py,33be8d429cbdd94e162e62aa9ed7747edf353dafd8f827593454757d40079617,19382,2026-07-10T16:43:21+09:00,file-backed evidence; inspect source before upgrading claim
,python_source,experiments/lab_001_xy_connection_20260626/scripts/R09_SLICE_002M_nb_compat_dispatch_e2e_noninterference.py,file:///C:/Users/chuck/Documents/Codex/2026-06-22/a2f23dee1d9a824b840a0175ca9a1f4b-https-app-notion-com-p/experiments/lab_001_xy_connection_20260626/scripts/R09_SLICE_002M_nb_compat_dispatch_e2e_noninterference.py,83638d59aac21220444f3e630eef9b8d4e51d2d9eab68c2f97cabe1e99c6eabc,20567,2026-07-11T03:45:54+09:00,file-backed evidence; inspect source before upgrading claim
,python_source,experiments/lab_001_xy_connection_20260626/scripts/R09_SLICE_005_B3_coarse_canary_analyze.py,file:///C:/Users/chuck/Documents/Codex/2026-06-22/a2f23dee1d9a824b840a0175ca9a1f4b-https-app-notion-com-p/experiments/lab_001_xy_connection_20260626/scripts/R09_SLICE_005_B3_coarse_canary_analyze.py,c8eb2862c6a2fdb8cdd0c9face37ef2e666b306f1ce024e5f5d108d6c9cf30a6,9709,2026-07-21T10:42:08+09:00,file-backed evidence; inspect source before upgrading claim
,python_source,experiments/lab_001_xy_connection_20260626/scripts/R09_SLICE_005_B3_coarse_canary_control_review.py,file:///C:/Users/chuck/Documents/Codex/2026-06-22/a2f23dee1d9a824b840a0175ca9a1f4b-https-app-notion-com-p/experiments/lab_001_xy_connection_20260626/scripts/R09_SLICE_005_B3_coarse_canary_control_review.py,5debd5732b391f6141b64b5b237e31cada7b73f103ba8dec929ac04eed2d58e9,14325,2026-07-21T10:47:00+09:00,file-backed evidence; inspect source before upgrading claim
,python_source,experiments/lab_001_xy_connection_20260626/scripts/R09_SLICE_005_B3_coarse_canary_final_preregistration.py,file:///C:/Users/chuck/Documents/Codex/2026-06-22/a2f23dee1d9a824b840a0175ca9a1f4b-https-app-notion-com-p/experiments/lab_001_xy_connection_20260626/scripts/R09_SLICE_005_B3_coarse_canary_final_preregistration.py,ad2d121eb641cc7ff159ecd9ae9d7acae4f50798ad482f0884d47e29a4cbc660,7333,2026-07-21T10:37:38+09:00,file-backed evidence; inspect source before upgrading claim
,python_source,experiments/lab_001_xy_connection_20260626/scripts/R09_SLICE_005_B3_coarse_canary_independent_QA.py,file:///C:/Users/chuck/Documents/Codex/2026-06-22/a2f23dee1d9a824b840a0175ca9a1f4b-https-app-notion-com-p/experiments/lab_001_xy_connection_20260626/scripts/R09_SLICE_005_B3_coarse_canary_independent_QA.py,cd8164a67b2ec3b7971ec19c1fb9eb64f026badcee292b72a24c500aff4677ec,8055,2026-07-21T10:43:14+09:00,file-backed evidence; inspect source before upgrading claim
,python_source,experiments/lab_001_xy_connection_20260626/scripts/R09_SLICE_005_B3_coarse_canary_official_sync_QA.py,file:///C:/Users/chuck/Documents/Codex/2026-06-22/a2f23dee1d9a824b840a0175ca9a1f4b-https-app-notion-com-p/experiments/lab_001_xy_connection_20260626/scripts/R09_SLICE_005_B3_coarse_canary_official_sync_QA.py,9736f2c70d107a6c54c12837a72b7ffd8866bcd01d4301ba6855ada4816539b3,6226,2026-07-21T10:54:07+09:00,file-backed evidence; inspect source before upgrading claim
,python_source,experiments/lab_001_xy_connection_20260626/scripts/R09_SLICE_005_B3_coarse_canary_preregistration.py,file:///C:/Users/chuck/Documents/Codex/2026-06-22/a2f23dee1d9a824b840a0175ca9a1f4b-https-app-notion-com-p/experiments/lab_001_xy_connection_20260626/scripts/R09_SLICE_005_B3_coarse_canary_preregistration.py,f08ece73f0965ecac949bcb3b2497a57172a96cbeeb3d5526af121649d4edc6f,9239,2026-07-21T10:32:34+09:00,file-backed evidence; inspect source before upgrading claim
,python_source,experiments/lab_001_xy_connection_20260626/scripts/R09_SLICE_005_B3_coarse_canary_repair_preregistration.py,file:///C:/Users/chuck/Documents/Codex/2026-06-22/a2f23dee1d9a824b840a0175ca9a1f4b-https-app-notion-com-p/experiments/lab_001_xy_connection_20260626/scripts/R09_SLICE_005_B3_coarse_canary_repair_preregistration.py,f4313fa7fd3a8b720bfbd256a8ca25067db5a1ec7b81c42be5ecc91357f2902f,7593,2026-07-21T10:35:38+09:00,file-backed evidence; inspect source before upgrading claim
,python_source,experiments/lab_001_xy_connection_20260626/scripts/R09_SLICE_005_B3_coarse_canary_worker.py,file:///C:/Users/chuck/Documents/Codex/2026-06-22/a2f23dee1d9a824b840a0175ca9a1f4b-https-app-notion-com-p/experiments/lab_001_xy_connection_20260626/scripts/R09_SLICE_005_B3_coarse_canary_worker.py,f43b38c9a33c6e9f1d965ed7a20cc36b93c6cc5c806e156ad31739be14f39917,10602,2026-07-21T10:36:21+09:00,file-backed evidence; inspect source before upgrading claim
,python_source,experiments/lab_001_xy_connection_20260626/scripts/R09_SLICE_005_build_labpc_gdrive_factory.py,file:///C:/Users/chuck/Documents/Codex/2026-06-22/a2f23dee1d9a824b840a0175ca9a1f4b-https-app-notion-com-p/experiments/lab_001_xy_connection_20260626/scripts/R09_SLICE_005_build_labpc_gdrive_factory.py,fbee2783ead3ccfbeefec3c40a761887479e15224dc872727aa0924b08712fd0,7242,2026-07-21T11:48:26+09:00,file-backed evidence; inspect source before upgrading claim
,python_source,experiments/lab_001_xy_connection_20260626/scripts/R09_SLICE_005_build_labpc_usb_factory.py,file:///C:/Users/chuck/Documents/Codex/2026-06-22/a2f23dee1d9a824b840a0175ca9a1f4b-https-app-notion-com-p/experiments/lab_001_xy_connection_20260626/scripts/R09_SLICE_005_build_labpc_usb_factory.py,a2a9e78a8a1e1128a2c069c389ad3daf018be511a7920a14a3040cbee1e9f72c,13876,2026-07-21T11:30:34+09:00,file-backed evidence; inspect source before upgrading claim
,python_source,experiments/lab_001_xy_connection_20260626/scripts/R09_SLICE_005_labpc_collect.py,file:///C:/Users/chuck/Documents/Codex/2026-06-22/a2f23dee1d9a824b840a0175ca9a1f4b-https-app-notion-com-p/experiments/lab_001_xy_connection_20260626/scripts/R09_SLICE_005_labpc_collect.py,fbc800d4fa26478f88361ad1663c74ff018ccfd9847a0bc537c64c065fd58cb7,2550,2026-07-21T11:28:27+09:00,file-backed evidence; inspect source before upgrading claim
,python_source,experiments/lab_001_xy_connection_20260626/scripts/R09_SLICE_005_labpc_common.py,file:///C:/Users/chuck/Documents/Codex/2026-06-22/a2f23dee1d9a824b840a0175ca9a1f4b-https-app-notion-com-p/experiments/lab_001_xy_connection_20260626/scripts/R09_SLICE_005_labpc_common.py,a87cf7a1c2d348246c40252b44a217a57e1e869751e466fa8567a3c6e2bc7bcf,2352,2026-07-21T11:24:39+09:00,file-backed evidence; inspect source before upgrading claim
,python_source,experiments/lab_001_xy_connection_20260626/scripts/R09_SLICE_005_labpc_doctor.py,file:///C:/Users/chuck/Documents/Codex/2026-06-22/a2f23dee1d9a824b840a0175ca9a1f4b-https-app-notion-com-p/experiments/lab_001_xy_connection_20260626/scripts/R09_SLICE_005_labpc_doctor.py,5db17f6a75ee4b1c8de64896c51d85c57e70fff83b26a72c2b6ce5337104553e,5651,2026-07-21T11:26:30+09:00,file-backed evidence; inspect source before upgrading claim
,python_source,experiments/lab_001_xy_connection_20260626/scripts/R09_SLICE_005_labpc_runner.py,file:///C:/Users/chuck/Documents/Codex/2026-06-22/a2f23dee1d9a824b840a0175ca9a1f4b-https-app-notion-com-p/experiments/lab_001_xy_connection_20260626/scripts/R09_SLICE_005_labpc_runner.py,0128f6478f2498307ddc9debc840238812d8c7f56955d8c9f67d22eb987746df,5822,2026-07-21T11:27:16+09:00,file-backed evidence; inspect source before upgrading claim
,python_source,experiments/lab_001_xy_connection_20260626/scripts/R09_SLICE_005_labpc_usb_prep_official_sync_QA.py,file:///C:/Users/chuck/Documents/Codex/2026-06-22/a2f23dee1d9a824b840a0175ca9a1f4b-https-app-notion-com-p/experiments/lab_001_xy_connection_20260626/scripts/R09_SLICE_005_labpc_usb_prep_official_sync_QA.py,f8b4a46bf52eb527e331ab5730f9fcc18c9ae0671c1951bbfe4b70715e650399,5524,2026-07-21T11:39:45+09:00,file-backed evidence; inspect source before upgrading claim
,python_source,experiments/lab_001_xy_connection_20260626/scripts/R09_SLICE_005_labpc_verify.py,file:///C:/Users/chuck/Documents/Codex/2026-06-22/a2f23dee1d9a824b840a0175ca9a1f4b-https-app-notion-com-p/experiments/lab_001_xy_connection_20260626/scripts/R09_SLICE_005_labpc_verify.py,bce7d8f41e529294eb9687dd8357088b81773395cfcf27d9e7afe16fc7b776eb,5776,2026-07-21T11:27:59+09:00,file-backed evidence; inspect source before upgrading claim
,python_source,experiments/lab_001_xy_connection_20260626/scripts/R09_SLICE_005_labpc_worker.py,file:///C:/Users/chuck/Documents/Codex/2026-06-22/a2f23dee1d9a824b840a0175ca9a1f4b-https-app-notion-com-p/experiments/lab_001_xy_connection_20260626/scripts/R09_SLICE_005_labpc_worker.py,8312f1e266ae177bf72fc90a2cf206746d4629968f4c2180a28e99973ab2b8b6,12413,2026-07-21T11:25:51+09:00,file-backed evidence; inspect source before upgrading claim
,python_source,experiments/lab_001_xy_connection_20260626/scripts/R09_SLICE_005_official_sync_audit.py,file:///C:/Users/chuck/Documents/Codex/2026-06-22/a2f23dee1d9a824b840a0175ca9a1f4b-https-app-notion-com-p/experiments/lab_001_xy_connection_20260626/scripts/R09_SLICE_005_official_sync_audit.py,4175eb62cfdb60b06ae2984ae5791dc0d79acd3fcde4e7de611eab5ca70b9673,6164,2026-07-21T10:16:23+09:00,file-backed evidence; inspect source before upgrading claim
,python_source,experiments/lab_001_xy_connection_20260626/scripts/R09_SLICE_005_strict_convergence_control_review.py,file:///C:/Users/chuck/Documents/Codex/2026-06-22/a2f23dee1d9a824b840a0175ca9a1f4b-https-app-notion-com-p/experiments/lab_001_xy_connection_20260626/scripts/R09_SLICE_005_strict_convergence_control_review.py,269dba62111dc59544f801f7a63e448e89d7734a399170526c9defacd606ae6e,10784,2026-07-21T10:10:46+09:00,file-backed evidence; inspect source before upgrading claim
,python_source,experiments/lab_001_xy_connection_20260626/scripts/R09_SLICE_005_strict_convergence_independent_QA.py,file:///C:/Users/chuck/Documents/Codex/2026-06-22/a2f23dee1d9a824b840a0175ca9a1f4b-https-app-notion-com-p/experiments/lab_001_xy_connection_20260626/scripts/R09_SLICE_005_strict_convergence_independent_QA.py,3efa7b9b2c986898c282ec33149cd778c3256dd4118f82efc2bffbb303f62c84,9689,2026-07-21T10:09:06+09:00,file-backed evidence; inspect source before upgrading claim
,python_source,experiments/lab_001_xy_connection_20260626/scripts/R09_SLICE_005_strict_convergence_preregistration_noexec.py,file:///C:/Users/chuck/Documents/Codex/2026-06-22/a2f23dee1d9a824b840a0175ca9a1f4b-https-app-notion-com-p/experiments/lab_001_xy_connection_20260626/scripts/R09_SLICE_005_strict_convergence_preregistration_noexec.py,183dcb5822023a019436c2ef55d47d1e4bd612983ca6e60005838ef991983e29,32207,2026-07-21T10:07:00+09:00,file-backed evidence; inspect source before upgrading claim
,python_source,experiments/lab_001_xy_connection_20260626/scripts/R09_stl_quality_preflight.py,file:///C:/Users/chuck/Documents/Codex/2026-06-22/a2f23dee1d9a824b840a0175ca9a1f4b-https-app-notion-com-p/experiments/lab_001_xy_connection_20260626/scripts/R09_stl_quality_preflight.py,e2754d9c50af7e22a6291b7f762b63fceb5383308a6d59bf17587471c723216e,16143,2026-07-01T10:54:27+09:00,file-backed evidence; inspect source before upgrading claim
,python_source,experiments/lab_001_xy_connection_20260626/scripts/R09_stl_reference_pilot.py,file:///C:/Users/chuck/Documents/Codex/2026-06-22/a2f23dee1d9a824b840a0175ca9a1f4b-https-app-notion-com-p/experiments/lab_001_xy_connection_20260626/scripts/R09_stl_reference_pilot.py,c8a7477f90ff88d31155f856e50e7a4bede92cdf39de32ed9e6ae5ab61f73a9b,13080,2026-07-01T11:15:02+09:00,file-backed evidence; inspect source before upgrading claim
,python_source,experiments/lab_001_xy_connection_20260626/scripts/R09_SURF_002_surface_curvature_mesh_qa_outlier_convergence.py,file:///C:/Users/chuck/Documents/Codex/2026-06-22/a2f23dee1d9a824b840a0175ca9a1f4b-https-app-notion-com-p/experiments/lab_001_xy_connection_20260626/scripts/R09_SURF_002_surface_curvature_mesh_qa_outlier_convergence.py,c84da7edac05d5332568408c320692bbb2f03124a496fdf8fdd22a0d4750312e,30255,2026-07-11T04:52:33+09:00,file-backed evidence; inspect source before upgrading claim
,python_source,experiments/lab_001_xy_connection_20260626/scripts/R09_SURF_003_multiresolution_doe_factory_prep.py,file:///C:/Users/chuck/Documents/Codex/2026-06-22/a2f23dee1d9a824b840a0175ca9a1f4b-https-app-notion-com-p/experiments/lab_001_xy_connection_20260626/scripts/R09_SURF_003_multiresolution_doe_factory_prep.py,23959186e2776cf7a6f8ba72dbff3ddb8ace9f295fffa275a1c4a43c7da7fba9,16827,2026-07-11T05:01:57+09:00,file-backed evidence; inspect source before upgrading claim
,python_source,experiments/lab_001_xy_connection_20260626/scripts/R09_SURF_004_execute_multiresolution_sensitivity.py,file:///C:/Users/chuck/Documents/Codex/2026-06-22/a2f23dee1d9a824b840a0175ca9a1f4b-https-app-notion-com-p/experiments/lab_001_xy_connection_20260626/scripts/R09_SURF_004_execute_multiresolution_sensitivity.py,4b050c3a9c588733ec6db43eb0b402888ef5cda2f16d7514a843bed4f06b20f0,18369,2026-07-11T05:14:56+09:00,file-backed evidence; inspect source before upgrading claim
,python_source,experiments/lab_001_xy_connection_20260626/scripts/R09_TRAIN_002_current_data_five_output_pilot_spec.py,file:///C:/Users/chuck/Documents/Codex/2026-06-22/a2f23dee1d9a824b840a0175ca9a1f4b-https-app-notion-com-p/experiments/lab_001_xy_connection_20260626/scripts/R09_TRAIN_002_current_data_five_output_pilot_spec.py,2315333dc02b0bd53df673acc3119b1a31a9972b25db3ae48c1c925fc74be95c,27142,2026-07-11T04:10:11+09:00,file-backed evidence; inspect source before upgrading claim
,python_source,experiments/lab_001_xy_connection_20260626/scripts/R09_TRAIN_003_gm_dataset_freeze_leakage_audit.py,file:///C:/Users/chuck/Documents/Codex/2026-06-22/a2f23dee1d9a824b840a0175ca9a1f4b-https-app-notion-com-p/experiments/lab_001_xy_connection_20260626/scripts/R09_TRAIN_003_gm_dataset_freeze_leakage_audit.py,0d63b3cc89080a1a884371db73ddc0c7125dfe395bcea2b05517d8d07c3cafcb,27590,2026-07-13T10:57:17+09:00,file-backed evidence; inspect source before upgrading claim
,python_source,experiments/lab_001_xy_connection_20260626/scripts/R09_TRAIN_004_gm_interpretable_grouped_baseline.py,file:///C:/Users/chuck/Documents/Codex/2026-06-22/a2f23dee1d9a824b840a0175ca9a1f4b-https-app-notion-com-p/experiments/lab_001_xy_connection_20260626/scripts/R09_TRAIN_004_gm_interpretable_grouped_baseline.py,1ee8bdde3813451329b8025b924e2232545bd428f74f79ea4d1bd2dcf260fa20,22145,2026-07-13T11:01:50+09:00,file-backed evidence; inspect source before upgrading claim
,python_source,experiments/lab_001_xy_connection_20260626/scripts/R09_TRAIN_005_gm_add_aq_curvature_sensitivity.py,file:///C:/Users/chuck/Documents/Codex/2026-06-22/a2f23dee1d9a824b840a0175ca9a1f4b-https-app-notion-com-p/experiments/lab_001_xy_connection_20260626/scripts/R09_TRAIN_005_gm_add_aq_curvature_sensitivity.py,d9ffda4a24e25c73f6e9ccb4baaa9370d873fe7f9240f54489285723d2703099,24014,2026-07-13T11:19:36+09:00,file-backed evidence; inspect source before upgrading claim
,python_source,experiments/lab_001_xy_connection_20260626/scripts/R09_TRAIN_006_ct_residual_information_gap_diagnosis.py,file:///C:/Users/chuck/Documents/Codex/2026-06-22/a2f23dee1d9a824b840a0175ca9a1f4b-https-app-notion-com-p/experiments/lab_001_xy_connection_20260626/scripts/R09_TRAIN_006_ct_residual_information_gap_diagnosis.py,4b2276ada6ee2383d48dfea3aa66eeec725091511e5fd0d48e6068d4eb86ff2c,22029,2026-07-13T11:31:31+09:00,file-backed evidence; inspect source before upgrading claim
,python_source,experiments/lab_001_xy_connection_20260626/scripts/R09_TRAIN_007_nested_one_additional_feature_selection.py,file:///C:/Users/chuck/Documents/Codex/2026-06-22/a2f23dee1d9a824b840a0175ca9a1f4b-https-app-notion-com-p/experiments/lab_001_xy_connection_20260626/scripts/R09_TRAIN_007_nested_one_additional_feature_selection.py,99e797713c579ade5566de8b95d4f5c0c334410d2cf4f548332f39acff7cbfc6,27869,2026-07-13T13:38:06+09:00,file-backed evidence; inspect source before upgrading claim
,python_source,experiments/lab_001_xy_connection_20260626/scripts/R09_TRAIN_007_preregister_candidate_eligibility_and_theta_lane.py,file:///C:/Users/chuck/Documents/Codex/2026-06-22/a2f23dee1d9a824b840a0175ca9a1f4b-https-app-notion-com-p/experiments/lab_001_xy_connection_20260626/scripts/R09_TRAIN_007_preregister_candidate_eligibility_and_theta_lane.py,657e6548f1d352399e95f39b5869feef72ccc972b187e00375032b8bb836ce8b,30182,2026-07-13T13:32:35+09:00,file-backed evidence; inspect source before upgrading claim
,python_source,experiments/lab_001_xy_connection_20260626/scripts/R09_y_equals_x_similarity_analysis.py,file:///C:/Users/chuck/Documents/Codex/2026-06-22/a2f23dee1d9a824b840a0175ca9a1f4b-https-app-notion-com-p/experiments/lab_001_xy_connection_20260626/scripts/R09_y_equals_x_similarity_analysis.py,1c426168a57de43bdbee4c0a0eadff4d19a3e1f66527b9a8dfceb165d0de2099,16232,2026-07-01T14:23:40+09:00,file-backed evidence; inspect source before upgrading claim
,python_source,experiments/lab_001_xy_connection_20260626/scripts/ROUTE_VALID_001_independent_qa.py,file:///C:/Users/chuck/Documents/Codex/2026-06-22/a2f23dee1d9a824b840a0175ca9a1f4b-https-app-notion-com-p/experiments/lab_001_xy_connection_20260626/scripts/ROUTE_VALID_001_independent_qa.py,375dac53e61759a4c0844ac64e7b13fe392fdbbc1833153b24944a0bc7755355,5906,2026-07-29T10:20:34+09:00,file-backed evidence; inspect source before upgrading claim
,python_source,experiments/lab_001_xy_connection_20260626/scripts/ROUTE_VALID_001_source_eligibility_and_c1_three_route.py,file:///C:/Users/chuck/Documents/Codex/2026-06-22/a2f23dee1d9a824b840a0175ca9a1f4b-https-app-notion-com-p/experiments/lab_001_xy_connection_20260626/scripts/ROUTE_VALID_001_source_eligibility_and_c1_three_route.py,1acd07ab10c9063aa1deba5df4408cd6be5b61b7d42718cbb1a0cd6ce98a89c4,20608,2026-07-29T10:18:33+09:00,file-backed evidence; inspect source before upgrading claim
,python_source,experiments/lab_001_xy_connection_20260626/scripts/ROUTE_VALID_002_b1_l7_cross_family_selected_slice.py,file:///C:/Users/chuck/Documents/Codex/2026-06-22/a2f23dee1d9a824b840a0175ca9a1f4b-https-app-notion-com-p/experiments/lab_001_xy_connection_20260626/scripts/ROUTE_VALID_002_b1_l7_cross_family_selected_slice.py,5442b10574726c0f6b8b7c5bdc2c1b05c62e96e296ce470b2a58e341977fb8e4,21159,2026-07-29T10:30:48+09:00,file-backed evidence; inspect source before upgrading claim
,python_source,experiments/lab_001_xy_connection_20260626/scripts/ROUTE_VALID_002_independent_qa.py,file:///C:/Users/chuck/Documents/Codex/2026-06-22/a2f23dee1d9a824b840a0175ca9a1f4b-https-app-notion-com-p/experiments/lab_001_xy_connection_20260626/scripts/ROUTE_VALID_002_independent_qa.py,50e10a764bfc358fa1516a3687ca4863b55bb0765411a977dad2ac7663c340be,6718,2026-07-29T10:32:24+09:00,file-backed evidence; inspect source before upgrading claim
,python_source,experiments/lab_001_xy_connection_20260626/scripts/ROUTE_VALID_003A_brep_curve_raster_adapter_probe.py,file:///C:/Users/chuck/Documents/Codex/2026-06-22/a2f23dee1d9a824b840a0175ca9a1f4b-https-app-notion-com-p/experiments/lab_001_xy_connection_20260626/scripts/ROUTE_VALID_003A_brep_curve_raster_adapter_probe.py,8471fa1acdfd8ac55ebf4405b881172e1b68e4e932fdc4c4687cbbb123679eaf,7715,2026-07-29T11:22:55+09:00,file-backed evidence; inspect source before upgrading claim
,python_source,experiments/lab_001_xy_connection_20260626/scripts/ROUTE_VALID_003A_f1_z400_targeted_attribution_replay.py,file:///C:/Users/chuck/Documents/Codex/2026-06-22/a2f23dee1d9a824b840a0175ca9a1f4b-https-app-notion-com-p/experiments/lab_001_xy_connection_20260626/scripts/ROUTE_VALID_003A_f1_z400_targeted_attribution_replay.py,c29e89cdf3e028c00756a4f6e3f458e3d6dd60ddd8313fb500d737b5c0e9e8fe,24823,2026-07-29T12:55:30+09:00,file-backed evidence; inspect source before upgrading claim
,python_source,experiments/lab_001_xy_connection_20260626/scripts/ROUTE_VALID_003A_finalize.py,file:///C:/Users/chuck/Documents/Codex/2026-06-22/a2f23dee1d9a824b840a0175ca9a1f4b-https-app-notion-com-p/experiments/lab_001_xy_connection_20260626/scripts/ROUTE_VALID_003A_finalize.py,43aa0b152cfe412773fbb3130a4e671b6deb85fc5c5a11bd2efa660f4fa8e313,4433,2026-07-29T11:53:11+09:00,file-backed evidence; inspect source before upgrading claim
,python_source,experiments/lab_001_xy_connection_20260626/scripts/ROUTE_VALID_003A_independent_qa.py,file:///C:/Users/chuck/Documents/Codex/2026-06-22/a2f23dee1d9a824b840a0175ca9a1f4b-https-app-notion-com-p/experiments/lab_001_xy_connection_20260626/scripts/ROUTE_VALID_003A_independent_qa.py,074f033e3bdbd1a6b1972310a032c4bf20b985a3fd3641fc6401c17cce31c381,4432,2026-07-29T11:53:11+09:00,file-backed evidence; inspect source before upgrading claim
,python_source,experiments/lab_001_xy_connection_20260626/scripts/ROUTE_VALID_003_f1_step_reference_pixel_phase.py,file:///C:/Users/chuck/Documents/Codex/2026-06-22/a2f23dee1d9a824b840a0175ca9a1f4b-https-app-notion-com-p/experiments/lab_001_xy_connection_20260626/scripts/ROUTE_VALID_003_f1_step_reference_pixel_phase.py,dc1ac46c743e217de4eab3cb542703cb2fd200df77e6128487a76902db3ce233,43498,2026-07-29T11:25:14+09:00,file-backed evidence; inspect source before upgrading claim
,python_source,experiments/lab_001_xy_connection_20260626/scripts/ROUTE_VALID_003_finalize.py,file:///C:/Users/chuck/Documents/Codex/2026-06-22/a2f23dee1d9a824b840a0175ca9a1f4b-https-app-notion-com-p/experiments/lab_001_xy_connection_20260626/scripts/ROUTE_VALID_003_finalize.py,e0bab69518020d24e54bf3da77a563e0903c5389386f0f0985f2dc2cef1125f2,11387,2026-07-29T11:32:54+09:00,file-backed evidence; inspect source before upgrading claim
,python_source,experiments/lab_001_xy_connection_20260626/scripts/ROUTE_VALID_003_independent_qa.py,file:///C:/Users/chuck/Documents/Codex/2026-06-22/a2f23dee1d9a824b840a0175ca9a1f4b-https-app-notion-com-p/experiments/lab_001_xy_connection_20260626/scripts/ROUTE_VALID_003_independent_qa.py,5f15af2f5602c8f6e46809222ceac2a13e9d68457bdbf7051c4a307fbbc211d2,8849,2026-07-29T11:25:23+09:00,file-backed evidence; inspect source before upgrading claim
,python_source,experiments/lab_001_xy_connection_20260626/scripts/ROUTE_VALID_004_independent_policy_qa.py,file:///C:/Users/chuck/Documents/Codex/2026-06-22/a2f23dee1d9a824b840a0175ca9a1f4b-https-app-notion-com-p/experiments/lab_001_xy_connection_20260626/scripts/ROUTE_VALID_004_independent_policy_qa.py,97ef0817c25e64dac41c5f6ce4f1c7694d146256f5b69b68dd9e5a20336ef6bd,6738,2026-07-29T14:34:55+09:00,file-backed evidence; inspect source before upgrading claim
,python_source,experiments/lab_001_xy_connection_20260626/scripts/ROUTE_VALID_004_route_policy_and_nb_integration_gate.py,file:///C:/Users/chuck/Documents/Codex/2026-06-22/a2f23dee1d9a824b840a0175ca9a1f4b-https-app-notion-com-p/experiments/lab_001_xy_connection_20260626/scripts/ROUTE_VALID_004_route_policy_and_nb_integration_gate.py,2267c6792d17e3efe3caf959e12d4355ec85aab1eaabc707ff5bb317e8222d06,21933,2026-07-29T14:27:13+09:00,file-backed evidence; inspect source before upgrading claim
,python_source,experiments/lab_001_xy_connection_20260626/scripts/STRICT_GEOM_001_l28_phase0_1_audit.py,file:///C:/Users/chuck/Documents/Codex/2026-06-22/a2f23dee1d9a824b840a0175ca9a1f4b-https-app-notion-com-p/experiments/lab_001_xy_connection_20260626/scripts/STRICT_GEOM_001_l28_phase0_1_audit.py,6582045697ef20bc4d6ef27baf04a0c4cc41119246bd06bf708c78f6dc91ec85,15401,2026-07-24T11:41:16+09:00,file-backed evidence; inspect source before upgrading claim
,python_source,experiments/lab_001_xy_connection_20260626/scripts/STRICT_GEOM_001_l28_phase4_8_completion_audit.py,file:///C:/Users/chuck/Documents/Codex/2026-06-22/a2f23dee1d9a824b840a0175ca9a1f4b-https-app-notion-com-p/experiments/lab_001_xy_connection_20260626/scripts/STRICT_GEOM_001_l28_phase4_8_completion_audit.py,7f4a0e522ae7032c295381165632794960adf335e1fe34a3bca5bdf995f8e655,36988,2026-07-24T17:59:49+09:00,file-backed evidence; inspect source before upgrading claim
,python_source,experiments/lab_001_xy_connection_20260626/scripts/STRICT_GEOM_001_l28_vf45_three_path_factory.py,file:///C:/Users/chuck/Documents/Codex/2026-06-22/a2f23dee1d9a824b840a0175ca9a1f4b-https-app-notion-com-p/experiments/lab_001_xy_connection_20260626/scripts/STRICT_GEOM_001_l28_vf45_three_path_factory.py,367efb0458a6d7834945d05f11ee8d79d7ff71015012fa3643f4963c5c111425,64810,2026-07-24T12:25:07+09:00,file-backed evidence; inspect source before upgrading claim
,python_source,experiments/lab_001_xy_connection_20260626/scripts/STRICT_GEOM_002_independent_QA.py,file:///C:/Users/chuck/Documents/Codex/2026-06-22/a2f23dee1d9a824b840a0175ca9a1f4b-https-app-notion-com-p/experiments/lab_001_xy_connection_20260626/scripts/STRICT_GEOM_002_independent_QA.py,50ce430b523430b4997b26ba969ab19d640b3ba5365c6e3d66433e9fb668accc,5460,2026-07-24T19:43:16+09:00,file-backed evidence; inspect source before upgrading claim
,python_source,experiments/lab_001_xy_connection_20260626/scripts/STRICT_GEOM_002_pixel_semantics_and_resolution_gate.py,file:///C:/Users/chuck/Documents/Codex/2026-06-22/a2f23dee1d9a824b840a0175ca9a1f4b-https-app-notion-com-p/experiments/lab_001_xy_connection_20260626/scripts/STRICT_GEOM_002_pixel_semantics_and_resolution_gate.py,250a861abaf5b4be883d57664d152d47ae9f179e4e538b27a2554256c7974aaf,35095,2026-07-24T19:46:45+09:00,file-backed evidence; inspect source before upgrading claim
,python_source,experiments/lab_001_xy_connection_20260626/scripts/STRICT_GEOM_003_independent_QA.py,file:///C:/Users/chuck/Documents/Codex/2026-06-22/a2f23dee1d9a824b840a0175ca9a1f4b-https-app-notion-com-p/experiments/lab_001_xy_connection_20260626/scripts/STRICT_GEOM_003_independent_QA.py,a6f9c1560d3b7e2ea284926adf60f80c5e6d0099ae22c970c42ab0b6fcb1b7f3,3712,2026-07-24T20:36:03+09:00,file-backed evidence; inspect source before upgrading claim
,python_source,experiments/lab_001_xy_connection_20260626/scripts/STRICT_GEOM_003_section_closure_tolerance_loop_audit.py,file:///C:/Users/chuck/Documents/Codex/2026-06-22/a2f23dee1d9a824b840a0175ca9a1f4b-https-app-notion-com-p/experiments/lab_001_xy_connection_20260626/scripts/STRICT_GEOM_003_section_closure_tolerance_loop_audit.py,3e1f84918c8d4eaa770ecb9c013cd3cb04c5a84187ac50f5629e2113345b8bf2,14402,2026-07-24T20:34:33+09:00,file-backed evidence; inspect source before upgrading claim
,python_source,experiments/lab_001_xy_connection_20260626/scripts/STRICT_GEOM_004_brep_section_wire_edge_lineage_audit.py,file:///C:/Users/chuck/Documents/Codex/2026-06-22/a2f23dee1d9a824b840a0175ca9a1f4b-https-app-notion-com-p/experiments/lab_001_xy_connection_20260626/scripts/STRICT_GEOM_004_brep_section_wire_edge_lineage_audit.py,be55c10c0447d9918af72d3f8cb40dbaec6a32c3c65e8ca36ea319707e701b36,10764,2026-07-24T21:38:13+09:00,file-backed evidence; inspect source before upgrading claim
,python_source,experiments/lab_001_xy_connection_20260626/scripts/STRICT_GEOM_004_independent_QA.py,file:///C:/Users/chuck/Documents/Codex/2026-06-22/a2f23dee1d9a824b840a0175ca9a1f4b-https-app-notion-com-p/experiments/lab_001_xy_connection_20260626/scripts/STRICT_GEOM_004_independent_QA.py,9edfa21c032dbab887a7205646c3f6b6892534b2db79b4babdf5eecc0cf6e23b,4383,2026-07-24T21:44:00+09:00,file-backed evidence; inspect source before upgrading claim
,python_source,experiments/lab_001_xy_connection_20260626/scripts/STRICT_GEOM_005_independent_QA.py,file:///C:/Users/chuck/Documents/Codex/2026-06-22/a2f23dee1d9a824b840a0175ca9a1f4b-https-app-notion-com-p/experiments/lab_001_xy_connection_20260626/scripts/STRICT_GEOM_005_independent_QA.py,885461096d1d2e2acbd447b89a55b74c165f25d05102a2fe00f57a3615d055f3,4028,2026-07-24T23:17:23+09:00,file-backed evidence; inspect source before upgrading claim
,python_source,experiments/lab_001_xy_connection_20260626/scripts/STRICT_GEOM_005_wire_ordering_raster_invariance.py,file:///C:/Users/chuck/Documents/Codex/2026-06-22/a2f23dee1d9a824b840a0175ca9a1f4b-https-app-notion-com-p/experiments/lab_001_xy_connection_20260626/scripts/STRICT_GEOM_005_wire_ordering_raster_invariance.py,41c5f80b916a4e87198d47ae32da64033e0bb27d66bcb95f1fa4563be3ecca46,12480,2026-07-24T23:12:16+09:00,file-backed evidence; inspect source before upgrading claim
,python_source,experiments/lab_001_xy_connection_20260626/scripts/STRICT_GEOM_006_phase_a_endpoint_quarantine_correction.py,file:///C:/Users/chuck/Documents/Codex/2026-06-22/a2f23dee1d9a824b840a0175ca9a1f4b-https-app-notion-com-p/experiments/lab_001_xy_connection_20260626/scripts/STRICT_GEOM_006_phase_a_endpoint_quarantine_correction.py,13bedadd293f836f2d841ccce13f2601cf3dd3d561e385e03380848d974c27b2,7504,2026-07-25T00:35:25+09:00,file-backed evidence; inspect source before upgrading claim
,python_source,experiments/lab_001_xy_connection_20260626/scripts/STRICT_GEOM_006_phase_a_face_rasterizer_fixtures.py,file:///C:/Users/chuck/Documents/Codex/2026-06-22/a2f23dee1d9a824b840a0175ca9a1f4b-https-app-notion-com-p/experiments/lab_001_xy_connection_20260626/scripts/STRICT_GEOM_006_phase_a_face_rasterizer_fixtures.py,34880a3279656aab4670b54c6e83cd0e2a7488084fb379ebbd6a50160ac9eaf8,19949,2026-07-25T00:34:34+09:00,file-backed evidence; inspect source before upgrading claim
,python_source,experiments/lab_001_xy_connection_20260626/scripts/STRICT_GEOM_006_phase_a_independent_QA.py,file:///C:/Users/chuck/Documents/Codex/2026-06-22/a2f23dee1d9a824b840a0175ca9a1f4b-https-app-notion-com-p/experiments/lab_001_xy_connection_20260626/scripts/STRICT_GEOM_006_phase_a_independent_QA.py,42317ba381ca985652a02f6fa0b6cbd476b37c1d416f3c1736f17b7f8373bdd7,4744,2026-07-25T00:36:17+09:00,file-backed evidence; inspect source before upgrading claim
,python_source,experiments/lab_001_xy_connection_20260626/scripts/STRICT_GEOM_007_phase_b_independent_QA.py,file:///C:/Users/chuck/Documents/Codex/2026-06-22/a2f23dee1d9a824b840a0175ca9a1f4b-https-app-notion-com-p/experiments/lab_001_xy_connection_20260626/scripts/STRICT_GEOM_007_phase_b_independent_QA.py,1fbae06bada432a69d7908f4d23a6756f21bf50fa5854e2eeff6b6e98d1a500b,9101,2026-07-26T01:07:46+09:00,file-backed evidence; inspect source before upgrading claim
,python_source,experiments/lab_001_xy_connection_20260626/scripts/STRICT_GEOM_007_phase_b_selected_slice_face_rasterizer.py,file:///C:/Users/chuck/Documents/Codex/2026-06-22/a2f23dee1d9a824b840a0175ca9a1f4b-https-app-notion-com-p/experiments/lab_001_xy_connection_20260626/scripts/STRICT_GEOM_007_phase_b_selected_slice_face_rasterizer.py,ff02ab92bd8aeddfa67f7b6437a1d63ca7930532d4bb215c4e9d7e740c35d850,33021,2026-07-26T00:48:44+09:00,file-backed evidence; inspect source before upgrading claim
,python_source,experiments/lab_001_xy_connection_20260626/scripts/STRICT_GEOM_007_preregistration_QA.py,file:///C:/Users/chuck/Documents/Codex/2026-06-22/a2f23dee1d9a824b840a0175ca9a1f4b-https-app-notion-com-p/experiments/lab_001_xy_connection_20260626/scripts/STRICT_GEOM_007_preregistration_QA.py,a97288ffb37c234951f13b45f69439df04c3899ef321d68fe1d874400549f187,6374,2026-07-26T00:26:40+09:00,file-backed evidence; inspect source before upgrading claim
,python_source,experiments/lab_001_xy_connection_20260626/scripts/STRICT_GEOM_008_independent_QA.py,file:///C:/Users/chuck/Documents/Codex/2026-06-22/a2f23dee1d9a824b840a0175ca9a1f4b-https-app-notion-com-p/experiments/lab_001_xy_connection_20260626/scripts/STRICT_GEOM_008_independent_QA.py,c837da83be30bcacc1869d52cc656a51c4e40d20cc12d9e93d0d46147225566f,6983,2026-07-26T22:32:52+09:00,file-backed evidence; inspect source before upgrading claim
,python_source,experiments/lab_001_xy_connection_20260626/scripts/STRICT_GEOM_008_native_section_junction_cycle_audit.py,file:///C:/Users/chuck/Documents/Codex/2026-06-22/a2f23dee1d9a824b840a0175ca9a1f4b-https-app-notion-com-p/experiments/lab_001_xy_connection_20260626/scripts/STRICT_GEOM_008_native_section_junction_cycle_audit.py,3281c6fb4d6d6c77cdfe3df41fb856ee2e4a15ccd19d87d383264bc4129d6012,22392,2026-07-26T22:27:02+09:00,file-backed evidence; inspect source before upgrading claim
,python_source,experiments/lab_001_xy_connection_20260626/scripts/STRICT_GEOM_009_independent_QA.py,file:///C:/Users/chuck/Documents/Codex/2026-06-22/a2f23dee1d9a824b840a0175ca9a1f4b-https-app-notion-com-p/experiments/lab_001_xy_connection_20260626/scripts/STRICT_GEOM_009_independent_QA.py,56e9d242747b5ea9e4ceb456627f40a41f48344391837b8b9ab6e13ecc724b23,7254,2026-07-26T22:52:05+09:00,file-backed evidence; inspect source before upgrading claim
,python_source,experiments/lab_001_xy_connection_20260626/scripts/STRICT_GEOM_009_section_edge_ancestor_face_lineage_audit.py,file:///C:/Users/chuck/Documents/Codex/2026-06-22/a2f23dee1d9a824b840a0175ca9a1f4b-https-app-notion-com-p/experiments/lab_001_xy_connection_20260626/scripts/STRICT_GEOM_009_section_edge_ancestor_face_lineage_audit.py,127f31260aa2b7d698f40a028543a4eae0f11693366ddbdc0ed169cce0a8c6bf,21409,2026-07-26T22:48:36+09:00,file-backed evidence; inspect source before upgrading claim
,python_source,experiments/lab_001_xy_connection_20260626/scripts/STRICT_GEOM_010_independent_QA.py,file:///C:/Users/chuck/Documents/Codex/2026-06-22/a2f23dee1d9a824b840a0175ca9a1f4b-https-app-notion-com-p/experiments/lab_001_xy_connection_20260626/scripts/STRICT_GEOM_010_independent_QA.py,4652958bce2711bcca308ccb52b02c9dd30478a488b98d951cad9195a714b289,6684,2026-07-26T23:10:05+09:00,file-backed evidence; inspect source before upgrading claim
,python_source,experiments/lab_001_xy_connection_20260626/scripts/STRICT_GEOM_010_residual_halfedge_transversality_contact_audit.py,file:///C:/Users/chuck/Documents/Codex/2026-06-22/a2f23dee1d9a824b840a0175ca9a1f4b-https-app-notion-com-p/experiments/lab_001_xy_connection_20260626/scripts/STRICT_GEOM_010_residual_halfedge_transversality_contact_audit.py,b936bd98670724204e01c5479649fb97894724a8e7cc7b105d250fcec8691c2b,24789,2026-07-26T23:05:58+09:00,file-backed evidence; inspect source before upgrading claim
,python_source,experiments/lab_001_xy_connection_20260626/scripts/STRICT_GEOM_011_independent_QA.py,file:///C:/Users/chuck/Documents/Codex/2026-06-22/a2f23dee1d9a824b840a0175ca9a1f4b-https-app-notion-com-p/experiments/lab_001_xy_connection_20260626/scripts/STRICT_GEOM_011_independent_QA.py,516edb0cb56b0397161d5c3821853a79c7dda4c39eabe1602cb35210d7fd38d3,7529,2026-07-26T23:25:02+09:00,file-backed evidence; inspect source before upgrading claim
,python_source,experiments/lab_001_xy_connection_20260626/scripts/STRICT_GEOM_011_local_neighbor_face_compound_replay.py,file:///C:/Users/chuck/Documents/Codex/2026-06-22/a2f23dee1d9a824b840a0175ca9a1f4b-https-app-notion-com-p/experiments/lab_001_xy_connection_20260626/scripts/STRICT_GEOM_011_local_neighbor_face_compound_replay.py,8f11adf046751f10ff882513fc3311ce0484a412160c170a605b19bb1e38089e,21532,2026-07-26T23:20:26+09:00,file-backed evidence; inspect source before upgrading claim
,python_source,experiments/lab_001_xy_connection_20260626/scripts/STRICT_GEOM_012_coincident_face_owner_parity_audit.py,file:///C:/Users/chuck/Documents/Codex/2026-06-22/a2f23dee1d9a824b840a0175ca9a1f4b-https-app-notion-com-p/experiments/lab_001_xy_connection_20260626/scripts/STRICT_GEOM_012_coincident_face_owner_parity_audit.py,b2670164148294b07749eee635f40fd291d45cd432c1b0fbd257dabc891ad72c,26101,2026-07-26T23:49:20+09:00,file-backed evidence; inspect source before upgrading claim
,python_source,experiments/lab_001_xy_connection_20260626/scripts/STRICT_GEOM_012_independent_QA.py,file:///C:/Users/chuck/Documents/Codex/2026-06-22/a2f23dee1d9a824b840a0175ca9a1f4b-https-app-notion-com-p/experiments/lab_001_xy_connection_20260626/scripts/STRICT_GEOM_012_independent_QA.py,bfcc04defc7d0b8b085d148aa3f2cb96bccdd043b55687107c3477bd01751462,8597,2026-07-26T23:53:16+09:00,file-backed evidence; inspect source before upgrading claim
,python_source,experiments/lab_001_xy_connection_20260626/scripts/STRICT_GEOM_013_C_seam_exclusion_graph_closure_audit.py,file:///C:/Users/chuck/Documents/Codex/2026-06-22/a2f23dee1d9a824b840a0175ca9a1f4b-https-app-notion-com-p/experiments/lab_001_xy_connection_20260626/scripts/STRICT_GEOM_013_C_seam_exclusion_graph_closure_audit.py,8473e4b57685a6918d6c3ba444cb54d97cf4b6d445c761fcc62e5237819d23ba,10936,2026-07-26T23:59:50+09:00,file-backed evidence; inspect source before upgrading claim
,python_source,experiments/lab_001_xy_connection_20260626/scripts/STRICT_GEOM_013_independent_QA.py,file:///C:/Users/chuck/Documents/Codex/2026-06-22/a2f23dee1d9a824b840a0175ca9a1f4b-https-app-notion-com-p/experiments/lab_001_xy_connection_20260626/scripts/STRICT_GEOM_013_independent_QA.py,32cda904c24917ae31f471d2945e42f28da315933ddd4dc685565abdc08a68ed,6715,2026-07-27T00:00:47+09:00,file-backed evidence; inspect source before upgrading claim
,python_source,experiments/lab_001_xy_connection_20260626/scripts/STRICT_GEOM_014_C_full_section_edge_union_boundary_classification.py,file:///C:/Users/chuck/Documents/Codex/2026-06-22/a2f23dee1d9a824b840a0175ca9a1f4b-https-app-notion-com-p/experiments/lab_001_xy_connection_20260626/scripts/STRICT_GEOM_014_C_full_section_edge_union_boundary_classification.py,b8c08768789fe21f6f1eb46d947828cc21f609004b663b1ee1445bc77d055570,23037,2026-07-27T00:14:53+09:00,file-backed evidence; inspect source before upgrading claim
,python_source,experiments/lab_001_xy_connection_20260626/scripts/STRICT_GEOM_014_independent_QA.py,file:///C:/Users/chuck/Documents/Codex/2026-06-22/a2f23dee1d9a824b840a0175ca9a1f4b-https-app-notion-com-p/experiments/lab_001_xy_connection_20260626/scripts/STRICT_GEOM_014_independent_QA.py,e6a3a2f89b7ef01ef7b4cbb43a3c69617155fd8721e5c129aa1bbf8dcfd9b707,14051,2026-07-27T00:20:01+09:00,file-backed evidence; inspect source before upgrading claim
,python_source,experiments/lab_001_xy_connection_20260626/scripts/STRICT_GEOM_015_C_along_edge_multipoint_local_clearance_audit.py,file:///C:/Users/chuck/Documents/Codex/2026-06-22/a2f23dee1d9a824b840a0175ca9a1f4b-https-app-notion-com-p/experiments/lab_001_xy_connection_20260626/scripts/STRICT_GEOM_015_C_along_edge_multipoint_local_clearance_audit.py,d89c5971f297d1d11875292eec8018aaf6bc1445c890266d8ff38a9e09fbce5e,27778,2026-07-27T00:28:58+09:00,file-backed evidence; inspect source before upgrading claim
,python_source,experiments/lab_001_xy_connection_20260626/scripts/STRICT_GEOM_015_independent_QA.py,file:///C:/Users/chuck/Documents/Codex/2026-06-22/a2f23dee1d9a824b840a0175ca9a1f4b-https-app-notion-com-p/experiments/lab_001_xy_connection_20260626/scripts/STRICT_GEOM_015_independent_QA.py,d824cb061a194d185fc1da910442a99a3b8f4fc05c90b2e682a3312a6f1dec50,15172,2026-07-27T00:38:04+09:00,file-backed evidence; inspect source before upgrading claim
,python_source,experiments/lab_001_xy_connection_20260626/scripts/STRICT_GEOM_016_C_odd_node_endpoint_segment_lineage_audit.py,file:///C:/Users/chuck/Documents/Codex/2026-06-22/a2f23dee1d9a824b840a0175ca9a1f4b-https-app-notion-com-p/experiments/lab_001_xy_connection_20260626/scripts/STRICT_GEOM_016_C_odd_node_endpoint_segment_lineage_audit.py,2ba1cfa718dead78eb5c3f98b92cad4509b1ff8e4b266801c837437a4cd87592,31817,2026-07-27T00:48:39+09:00,file-backed evidence; inspect source before upgrading claim
,python_source,experiments/lab_001_xy_connection_20260626/scripts/STRICT_GEOM_016_independent_QA.py,file:///C:/Users/chuck/Documents/Codex/2026-06-22/a2f23dee1d9a824b840a0175ca9a1f4b-https-app-notion-com-p/experiments/lab_001_xy_connection_20260626/scripts/STRICT_GEOM_016_independent_QA.py,46860fa1718ad11338243f07fffe149923635fa5e8b8cf18a78ec1900c8b9b6e,10614,2026-07-27T00:51:29+09:00,file-backed evidence; inspect source before upgrading claim
,python_source,experiments/lab_001_xy_connection_20260626/scripts/STRICT_GEOM_017_C_node_sector_multiangle_face_partition_audit.py,file:///C:/Users/chuck/Documents/Codex/2026-06-22/a2f23dee1d9a824b840a0175ca9a1f4b-https-app-notion-com-p/experiments/lab_001_xy_connection_20260626/scripts/STRICT_GEOM_017_C_node_sector_multiangle_face_partition_audit.py,2e1506386535ac790212b9aef8421c163b873b5283161ff83fe0ad42c9b7961f,30368,2026-07-27T01:06:01+09:00,file-backed evidence; inspect source before upgrading claim
,python_source,experiments/lab_001_xy_connection_20260626/scripts/STRICT_GEOM_017_independent_QA.py,file:///C:/Users/chuck/Documents/Codex/2026-06-22/a2f23dee1d9a824b840a0175ca9a1f4b-https-app-notion-com-p/experiments/lab_001_xy_connection_20260626/scripts/STRICT_GEOM_017_independent_QA.py,550df58062a53f4a8366d7d7f3b636dd1e90b24631a94d6ec93f4790fdd3a7d1,13281,2026-07-27T01:10:13+09:00,file-backed evidence; inspect source before upgrading claim
,python_source,experiments/lab_001_xy_connection_20260626/scripts/STRICT_GEOM_018_C_polar_transition_face_branch_audit.py,file:///C:/Users/chuck/Documents/Codex/2026-06-22/a2f23dee1d9a824b840a0175ca9a1f4b-https-app-notion-com-p/experiments/lab_001_xy_connection_20260626/scripts/STRICT_GEOM_018_C_polar_transition_face_branch_audit.py,f27e3a6cccb9717abab7f03825193e8d00dcbb5f461b0054f3a970d390c64096,28498,2026-07-27T01:21:30+09:00,file-backed evidence; inspect source before upgrading claim
,python_source,experiments/lab_001_xy_connection_20260626/scripts/STRICT_GEOM_018_global_sync_QA.py,file:///C:/Users/chuck/Documents/Codex/2026-06-22/a2f23dee1d9a824b840a0175ca9a1f4b-https-app-notion-com-p/experiments/lab_001_xy_connection_20260626/scripts/STRICT_GEOM_018_global_sync_QA.py,1884e1a1d76848e74aa2d4d23131abb8970fac480fec30d57514d6fb38b2a4d7,4683,2026-07-27T01:29:51+09:00,file-backed evidence; inspect source before upgrading claim
,python_source,experiments/lab_001_xy_connection_20260626/scripts/STRICT_GEOM_018_independent_QA.py,file:///C:/Users/chuck/Documents/Codex/2026-06-22/a2f23dee1d9a824b840a0175ca9a1f4b-https-app-notion-com-p/experiments/lab_001_xy_connection_20260626/scripts/STRICT_GEOM_018_independent_QA.py,f48d7ce59c38c61cb9715e85f648e6431c8f3ef536d1bd18c8cc8e123da8c0aa,10832,2026-07-27T01:23:51+09:00,file-backed evidence; inspect source before upgrading claim
,python_source,experiments/lab_001_xy_connection_20260626/scripts/STRICT_GEOM_019_C_exact_section_curve_face_boundary_continuation_audit.py,file:///C:/Users/chuck/Documents/Codex/2026-06-22/a2f23dee1d9a824b840a0175ca9a1f4b-https-app-notion-com-p/experiments/lab_001_xy_connection_20260626/scripts/STRICT_GEOM_019_C_exact_section_curve_face_boundary_continuation_audit.py,be652054bd40a539036f36f069df9426266889061cf4f9bc0321da32542a8dcb,30792,2026-07-27T01:41:52+09:00,file-backed evidence; inspect source before upgrading claim
,python_source,experiments/lab_001_xy_connection_20260626/scripts/STRICT_GEOM_019_global_sync_QA.py,file:///C:/Users/chuck/Documents/Codex/2026-06-22/a2f23dee1d9a824b840a0175ca9a1f4b-https-app-notion-com-p/experiments/lab_001_xy_connection_20260626/scripts/STRICT_GEOM_019_global_sync_QA.py,d7d8fd7f0b034d13a0c8c4dfc3debcade121fc3e40358d90f7784c0095ee83db,4695,2026-07-27T01:49:12+09:00,file-backed evidence; inspect source before upgrading claim
,python_source,experiments/lab_001_xy_connection_20260626/scripts/STRICT_GEOM_019_independent_QA.py,file:///C:/Users/chuck/Documents/Codex/2026-06-22/a2f23dee1d9a824b840a0175ca9a1f4b-https-app-notion-com-p/experiments/lab_001_xy_connection_20260626/scripts/STRICT_GEOM_019_independent_QA.py,581a657e5bb036c52d1c439fc4e1d82dfc7cca4625a90a2f768921eb1c5cbcab,9831,2026-07-27T01:45:33+09:00,file-backed evidence; inspect source before upgrading claim
,python_source,experiments/lab_001_xy_connection_20260626/scripts/STRICT_GEOM_020_C_nonincident_curve_component_and_path_length_spectrum_audit.py,file:///C:/Users/chuck/Documents/Codex/2026-06-22/a2f23dee1d9a824b840a0175ca9a1f4b-https-app-notion-com-p/experiments/lab_001_xy_connection_20260626/scripts/STRICT_GEOM_020_C_nonincident_curve_component_and_path_length_spectrum_audit.py,e76d114d6661a63f25bcf24aaf423c9cf57dab87a6db564c106103eb729b1a57,23268,2026-07-27T01:54:46+09:00,file-backed evidence; inspect source before upgrading claim
,python_source,experiments/lab_001_xy_connection_20260626/scripts/STRICT_GEOM_020_global_sync_QA.py,file:///C:/Users/chuck/Documents/Codex/2026-06-22/a2f23dee1d9a824b840a0175ca9a1f4b-https-app-notion-com-p/experiments/lab_001_xy_connection_20260626/scripts/STRICT_GEOM_020_global_sync_QA.py,508d84acd152821a5f4239d997696775068495691e7ab14c9d707877d7a7f7de,3936,2026-07-27T02:02:36+09:00,file-backed evidence; inspect source before upgrading claim
,python_source,experiments/lab_001_xy_connection_20260626/scripts/STRICT_GEOM_020_independent_QA.py,file:///C:/Users/chuck/Documents/Codex/2026-06-22/a2f23dee1d9a824b840a0175ca9a1f4b-https-app-notion-com-p/experiments/lab_001_xy_connection_20260626/scripts/STRICT_GEOM_020_independent_QA.py,71b442b709503ae75f9b78322ec3bc3f5e8691d597bdf081fe14584f81a5642b,8980,2026-07-27T01:56:50+09:00,file-backed evidence; inspect source before upgrading claim
,python_source,experiments/lab_001_xy_connection_20260626/scripts/STRICT_GEOM_021_C_unique_microchain_continuation_graph_closure_audit.py,file:///C:/Users/chuck/Documents/Codex/2026-06-22/a2f23dee1d9a824b840a0175ca9a1f4b-https-app-notion-com-p/experiments/lab_001_xy_connection_20260626/scripts/STRICT_GEOM_021_C_unique_microchain_continuation_graph_closure_audit.py,fb1907249ef3f93f294404ccb877aa3d990cddb4423fea885ca4f55e7cd0523f,12407,2026-07-27T09:44:22+09:00,file-backed evidence; inspect source before upgrading claim
,python_source,experiments/lab_001_xy_connection_20260626/scripts/STRICT_GEOM_022_L28_VF_TRIAD_SOURCE_AND_SELECTED_SECTION_AUDIT.py,file:///C:/Users/chuck/Documents/Codex/2026-06-22/a2f23dee1d9a824b840a0175ca9a1f4b-https-app-notion-com-p/experiments/lab_001_xy_connection_20260626/scripts/STRICT_GEOM_022_L28_VF_TRIAD_SOURCE_AND_SELECTED_SECTION_AUDIT.py,5b92413904cb39de5cae90049b35f5a509141ca7d5ae6b242657a827a1aa0aa5,9725,2026-07-27T09:49:33+09:00,file-backed evidence; inspect source before upgrading claim
,python_source,experiments/lab_001_xy_connection_20260626/scripts/STRICT_GEOM_023_L28_TRIAD_PER_SOLID_SECTION_CLOSURE_AUDIT.py,file:///C:/Users/chuck/Documents/Codex/2026-06-22/a2f23dee1d9a824b840a0175ca9a1f4b-https-app-notion-com-p/experiments/lab_001_xy_connection_20260626/scripts/STRICT_GEOM_023_L28_TRIAD_PER_SOLID_SECTION_CLOSURE_AUDIT.py,3e6ed052ab777006b34b7c9b5d0bdf8d45143612f109986ccb8c61fe8d1851fb,6294,2026-07-27T09:51:44+09:00,file-backed evidence; inspect source before upgrading claim
,python_source,experiments/lab_001_xy_connection_20260626/scripts/STRICT_GEOM_024_L28_TRIAD_PER_SOLID_UNION_MASK_RESOLUTION_PILOT.py,file:///C:/Users/chuck/Documents/Codex/2026-06-22/a2f23dee1d9a824b840a0175ca9a1f4b-https-app-notion-com-p/experiments/lab_001_xy_connection_20260626/scripts/STRICT_GEOM_024_L28_TRIAD_PER_SOLID_UNION_MASK_RESOLUTION_PILOT.py,d04b997706d44f9d7f3bce3247412ceacef86bd281c89b71942caa520bf60531,9888,2026-07-27T09:53:18+09:00,file-backed evidence; inspect source before upgrading claim
,python_source,experiments/lab_001_xy_connection_20260626/scripts/STRICT_GEOM_025_L28_TRIAD_HALF_OPEN_RAY_RASTER_QA.py,file:///C:/Users/chuck/Documents/Codex/2026-06-22/a2f23dee1d9a824b840a0175ca9a1f4b-https-app-notion-com-p/experiments/lab_001_xy_connection_20260626/scripts/STRICT_GEOM_025_L28_TRIAD_HALF_OPEN_RAY_RASTER_QA.py,6509f4723b7cd34d7136f4ad7296ec21e945b42453899122352eb1b6273edc4f,8435,2026-07-27T09:55:18+09:00,file-backed evidence; inspect source before upgrading claim
,python_source,experiments/lab_001_xy_connection_20260626/scripts/STRICT_GEOM_026_full801_independent_QA.py,file:///C:/Users/chuck/Documents/Codex/2026-06-22/a2f23dee1d9a824b840a0175ca9a1f4b-https-app-notion-com-p/experiments/lab_001_xy_connection_20260626/scripts/STRICT_GEOM_026_full801_independent_QA.py,b750ed861d17b62f630471ec33bf061a721261a98d712ff1b3501df5a827c242,2960,2026-07-27T09:59:45+09:00,file-backed evidence; inspect source before upgrading claim
,python_source,experiments/lab_001_xy_connection_20260626/scripts/STRICT_GEOM_026_L28_TRIAD_FULL801_STREAMING_PER_SOLID_RAW_DESCRIPTOR_FACTORY.py,file:///C:/Users/chuck/Documents/Codex/2026-06-22/a2f23dee1d9a824b840a0175ca9a1f4b-https-app-notion-com-p/experiments/lab_001_xy_connection_20260626/scripts/STRICT_GEOM_026_L28_TRIAD_FULL801_STREAMING_PER_SOLID_RAW_DESCRIPTOR_FACTORY.py,5a02b78bc44781a169c90f05bc3de8ea0e1863a7209d012ede63a4c3a3e46d77,12718,2026-07-27T09:58:08+09:00,file-backed evidence; inspect source before upgrading claim
,python_source,experiments/lab_001_xy_connection_20260626/scripts/STRICT_GEOM_027_L28_TRIAD_FULL801_ARCHIVAL_MASK_FACTORY.py,file:///C:/Users/chuck/Documents/Codex/2026-06-22/a2f23dee1d9a824b840a0175ca9a1f4b-https-app-notion-com-p/experiments/lab_001_xy_connection_20260626/scripts/STRICT_GEOM_027_L28_TRIAD_FULL801_ARCHIVAL_MASK_FACTORY.py,7499b04244f79d5530ff2508071e986fcfe946b9a165e735f843288b8eeed8fb,9348,2026-07-27T10:32:05+09:00,file-backed evidence; inspect source before upgrading claim
,python_source,experiments/lab_001_xy_connection_20260626/scripts/STRICT_GEOM_028_L28_RAW_PROFILE_CANDIDATE_PACKET_NOY.py,file:///C:/Users/chuck/Documents/Codex/2026-06-22/a2f23dee1d9a824b840a0175ca9a1f4b-https-app-notion-com-p/experiments/lab_001_xy_connection_20260626/scripts/STRICT_GEOM_028_L28_RAW_PROFILE_CANDIDATE_PACKET_NOY.py,e16195a9b19586ae4b005ea4b7ee14e12c9592bbcf4d6d19a6fc2bfe39c7551c,4989,2026-07-27T11:46:07+09:00,file-backed evidence; inspect source before upgrading claim
,python_source,experiments/lab_001_xy_connection_20260626/scripts/STRICT_L7_002_finalize_merge.py,file:///C:/Users/chuck/Documents/Codex/2026-06-22/a2f23dee1d9a824b840a0175ca9a1f4b-https-app-notion-com-p/experiments/lab_001_xy_connection_20260626/scripts/STRICT_L7_002_finalize_merge.py,589930e395bb2f16cdb30f88e801c377e6173a3c6a1c78dda9e602a1b902517d,4631,2026-07-21T01:55:21+09:00,file-backed evidence; inspect source before upgrading claim
,python_source,experiments/lab_001_xy_connection_20260626/scripts/STRICT_L7_002_historical_source_configuration_crosswalk_audit.py,file:///C:/Users/chuck/Documents/Codex/2026-06-22/a2f23dee1d9a824b840a0175ca9a1f4b-https-app-notion-com-p/experiments/lab_001_xy_connection_20260626/scripts/STRICT_L7_002_historical_source_configuration_crosswalk_audit.py,2812e2b831597dfd595ef5759f153e63729142366f71b112b0a082b94e75da07,29629,2026-07-21T01:47:45+09:00,file-backed evidence; inspect source before upgrading claim
,python_source,experiments/lab_001_xy_connection_20260626/scripts/STRICT_L7_002_independent_QA.py,file:///C:/Users/chuck/Documents/Codex/2026-06-22/a2f23dee1d9a824b840a0175ca9a1f4b-https-app-notion-com-p/experiments/lab_001_xy_connection_20260626/scripts/STRICT_L7_002_independent_QA.py,900a7baf4f752ed06a276d4311c8cc86f19d525c34ab89814478e64340d302d5,7919,2026-07-21T01:45:46+09:00,file-backed evidence; inspect source before upgrading claim
,python_source,experiments/lab_001_xy_connection_20260626/scripts/STRICT_PARITY_P1A_b3_golden_png_nb_formula_adapter.py,file:///C:/Users/chuck/Documents/Codex/2026-06-22/a2f23dee1d9a824b840a0175ca9a1f4b-https-app-notion-com-p/experiments/lab_001_xy_connection_20260626/scripts/STRICT_PARITY_P1A_b3_golden_png_nb_formula_adapter.py,0291d93e4bbd7eaf49c2a2d930a0954df2a0915a0094b25ab32e6711b9a16818,18156,2026-07-23T21:02:15+09:00,file-backed evidence; inspect source before upgrading claim
,python_source,experiments/lab_001_xy_connection_20260626/scripts/STRICT_PARITY_P1B_locked_7model_formula_panel.py,file:///C:/Users/chuck/Documents/Codex/2026-06-22/a2f23dee1d9a824b840a0175ca9a1f4b-https-app-notion-com-p/experiments/lab_001_xy_connection_20260626/scripts/STRICT_PARITY_P1B_locked_7model_formula_panel.py,15aa7144b90b319793a29f4953a794e5c1d73189d305333e196880de99eeafb2,8453,2026-07-23T21:02:41+09:00,file-backed evidence; inspect source before upgrading claim
,python_source,experiments/lab_001_xy_connection_20260626/scripts/STRICT_PARITY_P1_build_nb_current_entrypoint_contract.py,file:///C:/Users/chuck/Documents/Codex/2026-06-22/a2f23dee1d9a824b840a0175ca9a1f4b-https-app-notion-com-p/experiments/lab_001_xy_connection_20260626/scripts/STRICT_PARITY_P1_build_nb_current_entrypoint_contract.py,270894c7916c109add7b02d80932f7dead643af6d4e03bcb8360ba145d168cf7,11647,2026-07-23T19:42:11+09:00,file-backed evidence; inspect source before upgrading claim
,python_source,experiments/lab_001_xy_connection_20260626/scripts/STRICT_PARITY_P2A_b3_native_pilot_preflight.py,file:///C:/Users/chuck/Documents/Codex/2026-06-22/a2f23dee1d9a824b840a0175ca9a1f4b-https-app-notion-com-p/experiments/lab_001_xy_connection_20260626/scripts/STRICT_PARITY_P2A_b3_native_pilot_preflight.py,d05a26ba7d98e26851bb975ed4945d46f5edf1373ef90e627e5da2e163a7061b,13051,2026-07-23T22:18:49+09:00,file-backed evidence; inspect source before upgrading claim
,python_source,experiments/lab_001_xy_connection_20260626/scripts/STRICT_PARITY_P2B_b3_native_trace_execution.py,file:///C:/Users/chuck/Documents/Codex/2026-06-22/a2f23dee1d9a824b840a0175ca9a1f4b-https-app-notion-com-p/experiments/lab_001_xy_connection_20260626/scripts/STRICT_PARITY_P2B_b3_native_trace_execution.py,f29440f68ed3b3e54b4c45b2492498ef2b260ffe0d67b26972a799b1abb3ac37,16814,2026-07-23T22:26:30+09:00,file-backed evidence; inspect source before upgrading claim
,python_source,experiments/lab_001_xy_connection_20260626/scripts/STRICT_PARITY_P2C_locked_7model_native_expansion_preflight.py,file:///C:/Users/chuck/Documents/Codex/2026-06-22/a2f23dee1d9a824b840a0175ca9a1f4b-https-app-notion-com-p/experiments/lab_001_xy_connection_20260626/scripts/STRICT_PARITY_P2C_locked_7model_native_expansion_preflight.py,a2d47d55687c46b09b2e774c0448b3d6618276513482b67e3839dfadc03ec6bd,20123,2026-07-23T22:45:54+09:00,file-backed evidence; inspect source before upgrading claim
,python_source,experiments/lab_001_xy_connection_20260626/scripts/STRICT_PARITY_P2D_locked_native_trace_shard.py,file:///C:/Users/chuck/Documents/Codex/2026-06-22/a2f23dee1d9a824b840a0175ca9a1f4b-https-app-notion-com-p/experiments/lab_001_xy_connection_20260626/scripts/STRICT_PARITY_P2D_locked_native_trace_shard.py,d588ddcad4a1b14e81f9facbd84d704d278c058328b613e256ec9fb40bee1662,24458,2026-07-23T22:58:42+09:00,file-backed evidence; inspect source before upgrading claim
,python_source,experiments/lab_001_xy_connection_20260626/scripts/STRICT_PARITY_P2D_panel_merge_audit.py,file:///C:/Users/chuck/Documents/Codex/2026-06-22/a2f23dee1d9a824b840a0175ca9a1f4b-https-app-notion-com-p/experiments/lab_001_xy_connection_20260626/scripts/STRICT_PARITY_P2D_panel_merge_audit.py,d38e8aa22f2884966a5c36ff46aeda407eb1863aa65caa2145df1f9e367e4147,18015,2026-07-23T23:15:35+09:00,file-backed evidence; inspect source before upgrading claim
,python_source,experiments/lab_001_xy_connection_20260626/scripts/STRICT_PARITY_P2E_native_vs_golden_configuration_delta_audit.py,file:///C:/Users/chuck/Documents/Codex/2026-06-22/a2f23dee1d9a824b840a0175ca9a1f4b-https-app-notion-com-p/experiments/lab_001_xy_connection_20260626/scripts/STRICT_PARITY_P2E_native_vs_golden_configuration_delta_audit.py,87e521e3d82805c15559e5c957af270515c465c4c2c1bbb81ca398b4bc8b86c7,21616,2026-07-24T03:05:27+09:00,file-backed evidence; inspect source before upgrading claim
,python_source,experiments/lab_001_xy_connection_20260626/scripts/STRICT_REC_001_build_parity_reentry_matrix.py,file:///C:/Users/chuck/Documents/Codex/2026-06-22/a2f23dee1d9a824b840a0175ca9a1f4b-https-app-notion-com-p/experiments/lab_001_xy_connection_20260626/scripts/STRICT_REC_001_build_parity_reentry_matrix.py,8bab943327437457d0d9b2b3b97b3d4a916eb0887886699123268425768b77db,17208,2026-07-23T18:04:51+09:00,file-backed evidence; inspect source before upgrading claim
,python_source,experiments/lab_001_xy_connection_20260626/scripts/STRICT_STEP_001_build_nb_dev_v0_4_step_preferred.py,file:///C:/Users/chuck/Documents/Codex/2026-06-22/a2f23dee1d9a824b840a0175ca9a1f4b-https-app-notion-com-p/experiments/lab_001_xy_connection_20260626/scripts/STRICT_STEP_001_build_nb_dev_v0_4_step_preferred.py,5b311fbacd9370e75d038bdbbd7e24bcbce7f3f7cab0ffe50a774a2de0e787b5,13008,2026-07-24T10:38:20+09:00,file-backed evidence; inspect source before upgrading claim
,python_source,experiments/lab_001_xy_connection_20260626/scripts/STRICT_STEP_001_global_route_audit.py,file:///C:/Users/chuck/Documents/Codex/2026-06-22/a2f23dee1d9a824b840a0175ca9a1f4b-https-app-notion-com-p/experiments/lab_001_xy_connection_20260626/scripts/STRICT_STEP_001_global_route_audit.py,3afffbcf89a795bb968cc047c886c8d4ef499d0ea4cd4ebd9c376bb7fbbfeba1,9552,2026-07-24T10:59:51+09:00,file-backed evidence; inspect source before upgrading claim
,python_source,experiments/lab_001_xy_connection_20260626/scripts/STRICT_STEP_002_b3_direct_brep_plane_section_rasterizer.py,file:///C:/Users/chuck/Documents/Codex/2026-06-22/a2f23dee1d9a824b840a0175ca9a1f4b-https-app-notion-com-p/experiments/lab_001_xy_connection_20260626/scripts/STRICT_STEP_002_b3_direct_brep_plane_section_rasterizer.py,d7fae7ca6c79165d2ef877e0a98a0f8224b42bfca71f1cbc222a72e0ac529149,11622,2026-07-28T22:36:33+09:00,file-backed evidence; inspect source before upgrading claim
,python_source,experiments/lab_001_xy_connection_20260626/scripts/STRICT_STEP_002_independent_qa.py,file:///C:/Users/chuck/Documents/Codex/2026-06-22/a2f23dee1d9a824b840a0175ca9a1f4b-https-app-notion-com-p/experiments/lab_001_xy_connection_20260626/scripts/STRICT_STEP_002_independent_qa.py,7e2ce0a1440e7ec83e089d833073cb336e829b368aa72286ed296ae0f31ecd3c,4653,2026-07-28T22:38:04+09:00,file-backed evidence; inspect source before upgrading claim
,python_source,experiments/lab_001_xy_connection_20260626/scripts/STRICT_STEP_003_b3_direct_brep_contract_preregistration.py,file:///C:/Users/chuck/Documents/Codex/2026-06-22/a2f23dee1d9a824b840a0175ca9a1f4b-https-app-notion-com-p/experiments/lab_001_xy_connection_20260626/scripts/STRICT_STEP_003_b3_direct_brep_contract_preregistration.py,c1fe71da82524fd1774715a909d3d93071ec4eeabb16f526091221562916e90f,9043,2026-07-28T22:45:53+09:00,file-backed evidence; inspect source before upgrading claim
,python_source,experiments/lab_001_xy_connection_20260626/scripts/STRICT_STEP_003_independent_contract_qa.py,file:///C:/Users/chuck/Documents/Codex/2026-06-22/a2f23dee1d9a824b840a0175ca9a1f4b-https-app-notion-com-p/experiments/lab_001_xy_connection_20260626/scripts/STRICT_STEP_003_independent_contract_qa.py,8181643fb8b732f0eff692720c4238a04e8fa6f551f7e9c4709c2b6377a261f5,2321,2026-07-28T22:45:53+09:00,file-backed evidence; inspect source before upgrading claim
,python_source,experiments/lab_001_xy_connection_20260626/scripts/STRICT_STEP_004_b3_selected_panel_execution.py,file:///C:/Users/chuck/Documents/Codex/2026-06-22/a2f23dee1d9a824b840a0175ca9a1f4b-https-app-notion-com-p/experiments/lab_001_xy_connection_20260626/scripts/STRICT_STEP_004_b3_selected_panel_execution.py,18feb13d57aabf4820ca022926a6600f8f69dff6ed95ed4f6a96cd64252412b6,7115,2026-07-28T23:30:58+09:00,file-backed evidence; inspect source before upgrading claim
,python_source,experiments/lab_001_xy_connection_20260626/scripts/STRICT_STEP_004_finalize_existing_artifacts.py,file:///C:/Users/chuck/Documents/Codex/2026-06-22/a2f23dee1d9a824b840a0175ca9a1f4b-https-app-notion-com-p/experiments/lab_001_xy_connection_20260626/scripts/STRICT_STEP_004_finalize_existing_artifacts.py,7dbd55dc731eacdacf7415c169171c6b512f1f546bcfbd026ad245f0f024606a,3341,2026-07-28T23:35:55+09:00,file-backed evidence; inspect source before upgrading claim
,python_source,experiments/lab_001_xy_connection_20260626/scripts/STRICT_STEP_004_independent_artifact_qa.py,file:///C:/Users/chuck/Documents/Codex/2026-06-22/a2f23dee1d9a824b840a0175ca9a1f4b-https-app-notion-com-p/experiments/lab_001_xy_connection_20260626/scripts/STRICT_STEP_004_independent_artifact_qa.py,a56d5081010b38c871035ad0f32083d84b582394ceacac2b69454eb289e83953,1692,2026-07-28T23:36:48+09:00,file-backed evidence; inspect source before upgrading claim
,python_source,experiments/lab_001_xy_connection_20260626/scripts/STRICT_STEP_005_route_delta_visual_forensics.py,file:///C:/Users/chuck/Documents/Codex/2026-06-22/a2f23dee1d9a824b840a0175ca9a1f4b-https-app-notion-com-p/experiments/lab_001_xy_connection_20260626/scripts/STRICT_STEP_005_route_delta_visual_forensics.py,5b1483266a7aeaf87b097ee26c0b7485d98308fb5013d411537bdd3e10051c14,3364,2026-07-28T23:38:18+09:00,file-backed evidence; inspect source before upgrading claim
,python_source,experiments/lab_001_xy_connection_20260626/scripts/STRICT_STEP_006_phase00_overlay_trace_contract.py,file:///C:/Users/chuck/Documents/Codex/2026-06-22/a2f23dee1d9a824b840a0175ca9a1f4b-https-app-notion-com-p/experiments/lab_001_xy_connection_20260626/scripts/STRICT_STEP_006_phase00_overlay_trace_contract.py,cde7ea8bad1090efb11a4e41dd325f61f948ba87d31b29b3640c47f23c784d57,3657,2026-07-28T23:39:38+09:00,file-backed evidence; inspect source before upgrading claim
,python_source,experiments/lab_001_xy_connection_20260626/scripts/STRICT_STEP_007_finalize_existing_artifacts.py,file:///C:/Users/chuck/Documents/Codex/2026-06-22/a2f23dee1d9a824b840a0175ca9a1f4b-https-app-notion-com-p/experiments/lab_001_xy_connection_20260626/scripts/STRICT_STEP_007_finalize_existing_artifacts.py,829012639a3a706d8bbb45309065370ac1a1b9f675d398429c4e66cf92d7ab66,2577,2026-07-28T23:43:10+09:00,file-backed evidence; inspect source before upgrading claim
,python_source,experiments/lab_001_xy_connection_20260626/scripts/STRICT_STEP_007_overlay_trace_execution.py,file:///C:/Users/chuck/Documents/Codex/2026-06-22/a2f23dee1d9a824b840a0175ca9a1f4b-https-app-notion-com-p/experiments/lab_001_xy_connection_20260626/scripts/STRICT_STEP_007_overlay_trace_execution.py,a264057a794c376ae31341ad8b27331d7f40467c3ecfcf012265ee1063d6e563,5496,2026-07-28T23:40:51+09:00,file-backed evidence; inspect source before upgrading claim
,python_source,experiments/lab_001_xy_connection_20260626/scripts/STRICT_STEP_008_overlay_component_delta_review.py,file:///C:/Users/chuck/Documents/Codex/2026-06-22/a2f23dee1d9a824b840a0175ca9a1f4b-https-app-notion-com-p/experiments/lab_001_xy_connection_20260626/scripts/STRICT_STEP_008_overlay_component_delta_review.py,87710b4a427a4c58ef7b00fb036dd1d5174d1a96c892b5d7ddf569e1de512df0,3407,2026-07-28T23:44:14+09:00,file-backed evidence; inspect source before upgrading claim
,python_source,experiments/lab_001_xy_connection_20260626/scripts/STRICT_STEP_009_change_region_component_sensitivity.py,file:///C:/Users/chuck/Documents/Codex/2026-06-22/a2f23dee1d9a824b840a0175ca9a1f4b-https-app-notion-com-p/experiments/lab_001_xy_connection_20260626/scripts/STRICT_STEP_009_change_region_component_sensitivity.py,c6030b537652ba9721006cb7563cefab26243a388b25deddf60f4be04ca1e5a7,3219,2026-07-28T23:45:34+09:00,file-backed evidence; inspect source before upgrading claim
,python_source,experiments/lab_001_xy_connection_20260626/scripts/STRICT_STEP_010_local_descriptor_sensitivity_contract.py,file:///C:/Users/chuck/Documents/Codex/2026-06-22/a2f23dee1d9a824b840a0175ca9a1f4b-https-app-notion-com-p/experiments/lab_001_xy_connection_20260626/scripts/STRICT_STEP_010_local_descriptor_sensitivity_contract.py,91b6cb7d89b0513acb9a9aa1ea0313bbfe7dc4f944904239e7c9e873b4b89e4b,3126,2026-07-28T23:46:33+09:00,file-backed evidence; inspect source before upgrading claim
,python_source,experiments/lab_001_xy_connection_20260626/scripts/STRICT_STEP_011_local_overlay_metric_execution.py,file:///C:/Users/chuck/Documents/Codex/2026-06-22/a2f23dee1d9a824b840a0175ca9a1f4b-https-app-notion-com-p/experiments/lab_001_xy_connection_20260626/scripts/STRICT_STEP_011_local_overlay_metric_execution.py,6f24e766bd81e4b0b536120aa59a718ae0ac3970bd955d17b5a6eaf9a05e1b88,2634,2026-07-28T23:47:25+09:00,file-backed evidence; inspect source before upgrading claim
,python_source,experiments/lab_001_xy_connection_20260626/scripts/STRICT_STEP_012_area_only_scope_decision.py,file:///C:/Users/chuck/Documents/Codex/2026-06-22/a2f23dee1d9a824b840a0175ca9a1f4b-https-app-notion-com-p/experiments/lab_001_xy_connection_20260626/scripts/STRICT_STEP_012_area_only_scope_decision.py,574f6dd11d921f1df59b1905ad911d9db61523819cce1ede06935c05c7c2eb29,2141,2026-07-28T23:48:25+09:00,file-backed evidence; inspect source before upgrading claim
,python_source,experiments/lab_001_xy_connection_20260626/scripts/STRICT_STEP_013_area_primitive_z801_contract.py,file:///C:/Users/chuck/Documents/Codex/2026-06-22/a2f23dee1d9a824b840a0175ca9a1f4b-https-app-notion-com-p/experiments/lab_001_xy_connection_20260626/scripts/STRICT_STEP_013_area_primitive_z801_contract.py,48de358b885238e6cb82ec30fdb86a1791be23870f7467a282e30d6c08c2ab49,2981,2026-07-28T23:49:21+09:00,file-backed evidence; inspect source before upgrading claim
,python_source,experiments/lab_001_xy_connection_20260626/scripts/STRICT_STEP_014_area_trace_summary_after_completion.py,file:///C:/Users/chuck/Documents/Codex/2026-06-22/a2f23dee1d9a824b840a0175ca9a1f4b-https-app-notion-com-p/experiments/lab_001_xy_connection_20260626/scripts/STRICT_STEP_014_area_trace_summary_after_completion.py,5663f54d8617f447269a4e90601ef06a9f49a4e6fd770493dbf0a4fabef44aa3,1557,2026-07-28T23:53:23+09:00,file-backed evidence; inspect source before upgrading claim
,python_source,experiments/lab_001_xy_connection_20260626/scripts/STRICT_STEP_014_b3_z801_area_trace_runner.py,file:///C:/Users/chuck/Documents/Codex/2026-06-22/a2f23dee1d9a824b840a0175ca9a1f4b-https-app-notion-com-p/experiments/lab_001_xy_connection_20260626/scripts/STRICT_STEP_014_b3_z801_area_trace_runner.py,e6a935055d9d9e0cf2a24d122ce16656b4b08895fd696cf2dd0df16a97eb9614,3263,2026-07-28T23:50:27+09:00,file-backed evidence; inspect source before upgrading claim
,python_source,experiments/lab_001_xy_connection_20260626/scripts/STRICT_STEP_014_independent_completion_qa.py,file:///C:/Users/chuck/Documents/Codex/2026-06-22/a2f23dee1d9a824b840a0175ca9a1f4b-https-app-notion-com-p/experiments/lab_001_xy_connection_20260626/scripts/STRICT_STEP_014_independent_completion_qa.py,6eb086357b7c3963ab5761100ec206ecfdc09c723a93bcf8ae32a7a636003f98,1303,2026-07-28T23:52:52+09:00,file-backed evidence; inspect source before upgrading claim
,python_source,experiments/lab_001_xy_connection_20260626/scripts/STRICT_STEP_015_b3_area_route_decision.py,file:///C:/Users/chuck/Documents/Codex/2026-06-22/a2f23dee1d9a824b840a0175ca9a1f4b-https-app-notion-com-p/experiments/lab_001_xy_connection_20260626/scripts/STRICT_STEP_015_b3_area_route_decision.py,370830f30307fb4ad0a75ef48d266e465be5813da9ca322a8f0c2fcd5473b18b,1604,2026-07-29T09:33:23+09:00,file-backed evidence; inspect source before upgrading claim
,python_source,experiments/lab_001_xy_connection_20260626/scripts/STRICT_STEP_016_anchor_replay.py,file:///C:/Users/chuck/Documents/Codex/2026-06-22/a2f23dee1d9a824b840a0175ca9a1f4b-https-app-notion-com-p/experiments/lab_001_xy_connection_20260626/scripts/STRICT_STEP_016_anchor_replay.py,2e3060975876439853a52c2000aa6fe82a6fd1895842b57b488bd2c8a1cc8375,2741,2026-07-29T09:34:02+09:00,file-backed evidence; inspect source before upgrading claim
,python_source,experiments/lab_001_xy_connection_20260626/scripts/STRICT_STEP_017_cross_family_area_panel_contract.py,file:///C:/Users/chuck/Documents/Codex/2026-06-22/a2f23dee1d9a824b840a0175ca9a1f4b-https-app-notion-com-p/experiments/lab_001_xy_connection_20260626/scripts/STRICT_STEP_017_cross_family_area_panel_contract.py,c213eb7a7e9f375e19db8a9b58269be877323b358c810b23a31c773d25165157,2046,2026-07-29T09:35:30+09:00,file-backed evidence; inspect source before upgrading claim
,python_source,experiments/lab_001_xy_connection_20260626/scripts/STRICT_STEP_018_c1_l1_area_screen.py,file:///C:/Users/chuck/Documents/Codex/2026-06-22/a2f23dee1d9a824b840a0175ca9a1f4b-https-app-notion-com-p/experiments/lab_001_xy_connection_20260626/scripts/STRICT_STEP_018_c1_l1_area_screen.py,4e3d03c7d4d4fde54edde74c5e57a7eae2db37065e5279f6aa3aa68e3ed4b5b0,3401,2026-07-29T09:42:47+09:00,file-backed evidence; inspect source before upgrading claim
,python_source,experiments/lab_001_xy_connection_20260626/scripts/STRICT_STEP_018_finalize_area_screen.py,file:///C:/Users/chuck/Documents/Codex/2026-06-22/a2f23dee1d9a824b840a0175ca9a1f4b-https-app-notion-com-p/experiments/lab_001_xy_connection_20260626/scripts/STRICT_STEP_018_finalize_area_screen.py,b8f6d07dc89868b84abe48be417426523f6a0f614e8d4a5b0790172d1297f17c,1162,2026-07-29T09:49:07+09:00,file-backed evidence; inspect source before upgrading claim
,python_source,experiments/lab_001_xy_connection_20260626/scripts/STRICT_STEP_018_l1_p1000_resume.py,file:///C:/Users/chuck/Documents/Codex/2026-06-22/a2f23dee1d9a824b840a0175ca9a1f4b-https-app-notion-com-p/experiments/lab_001_xy_connection_20260626/scripts/STRICT_STEP_018_l1_p1000_resume.py,38c9fc0bb1093573ba4b24cd760b34e5227c6394cfca46156d5f53cdc9f639d8,1622,2026-07-29T09:48:28+09:00,file-backed evidence; inspect source before upgrading claim
,python_source,experiments/lab_001_xy_connection_20260626/scripts/STRICT_STEP_019_b3_component_primitive_selected_slice.py,file:///C:/Users/chuck/Documents/Codex/2026-06-22/a2f23dee1d9a824b840a0175ca9a1f4b-https-app-notion-com-p/experiments/lab_001_xy_connection_20260626/scripts/STRICT_STEP_019_b3_component_primitive_selected_slice.py,a846fd182a766255b474a23a6569128ffb38779621d61cf9b44c6127372fc2a7,17001,2026-07-30T16:51:19+09:00,file-backed evidence; inspect source before upgrading claim
,python_source,experiments/lab_001_xy_connection_20260626/scripts/STRICT_STEP_019_independent_qa.py,file:///C:/Users/chuck/Documents/Codex/2026-06-22/a2f23dee1d9a824b840a0175ca9a1f4b-https-app-notion-com-p/experiments/lab_001_xy_connection_20260626/scripts/STRICT_STEP_019_independent_qa.py,6f7fcd2561871d0525e0bb8aee35fda15b47e964dc71b01c198ba944f208b8c5,5599,2026-07-30T16:53:25+09:00,file-backed evidence; inspect source before upgrading claim
,python_source,experiments/lab_001_xy_connection_20260626/scripts/STRICT_STEP_020_b3_z801_component_pooling_preregistration.py,file:///C:/Users/chuck/Documents/Codex/2026-06-22/a2f23dee1d9a824b840a0175ca9a1f4b-https-app-notion-com-p/experiments/lab_001_xy_connection_20260626/scripts/STRICT_STEP_020_b3_z801_component_pooling_preregistration.py,7856d67731b6a4509d4665295555dafa7cbdbacfa2e5bc10a13673915abbd9df,16622,2026-07-30T17:25:34+09:00,file-backed evidence; inspect source before upgrading claim
,python_source,experiments/lab_001_xy_connection_20260626/scripts/STRICT_STEP_020_independent_qa.py,file:///C:/Users/chuck/Documents/Codex/2026-06-22/a2f23dee1d9a824b840a0175ca9a1f4b-https-app-notion-com-p/experiments/lab_001_xy_connection_20260626/scripts/STRICT_STEP_020_independent_qa.py,ce7980cc62ad02c713f1ac11ccd9c81eb386fc0930067da86d13370d91107647,4911,2026-07-30T17:27:28+09:00,file-backed evidence; inspect source before upgrading claim
,python_source,experiments/lab_001_xy_connection_20260626/scripts/STRICT_STEP_021_b3_route_a_z801_raw_primitives.py,file:///C:/Users/chuck/Documents/Codex/2026-06-22/a2f23dee1d9a824b840a0175ca9a1f4b-https-app-notion-com-p/experiments/lab_001_xy_connection_20260626/scripts/STRICT_STEP_021_b3_route_a_z801_raw_primitives.py,248fc212fd4f7b981d390f77ad7dab2a85894c577aa77602afa7630a4de731a7,15682,2026-07-30T20:35:47+09:00,file-backed evidence; inspect source before upgrading claim
,python_source,experiments/lab_001_xy_connection_20260626/scripts/STRICT_STEP_021_independent_qa.py,file:///C:/Users/chuck/Documents/Codex/2026-06-22/a2f23dee1d9a824b840a0175ca9a1f4b-https-app-notion-com-p/experiments/lab_001_xy_connection_20260626/scripts/STRICT_STEP_021_independent_qa.py,32db14d815d2c0116d835e34820a24d6a0161a1c119d2ea5e37acceecdbd1fc9,6640,2026-07-30T22:38:31+09:00,file-backed evidence; inspect source before upgrading claim
,python_source,experiments/lab_001_xy_connection_20260626/scripts/STRICT_STEP_022_b3_legacy_py_raw_table_formula_replay.py,file:///C:/Users/chuck/Documents/Codex/2026-06-22/a2f23dee1d9a824b840a0175ca9a1f4b-https-app-notion-com-p/experiments/lab_001_xy_connection_20260626/scripts/STRICT_STEP_022_b3_legacy_py_raw_table_formula_replay.py,d161aacf0eb8e693f8528654bea088e45223e5f8ff23af76624840eabc8365c9,15255,2026-07-31T09:24:25+09:00,file-backed evidence; inspect source before upgrading claim
,python_source,experiments/lab_001_xy_connection_20260626/scripts/STRICT_STEP_022_independent_qa.py,file:///C:/Users/chuck/Documents/Codex/2026-06-22/a2f23dee1d9a824b840a0175ca9a1f4b-https-app-notion-com-p/experiments/lab_001_xy_connection_20260626/scripts/STRICT_STEP_022_independent_qa.py,6aeabd4b239ec4dfa06bc26fedcb5fc2f98314fe94f5ce741df9037e3920f05c,4698,2026-07-31T09:24:33+09:00,file-backed evidence; inspect source before upgrading claim
,python_source,experiments/lab_001_xy_connection_20260626/scripts/STRICT_STEP_023A_corrected_formula_reconciliation_and_eviction.py,file:///C:/Users/chuck/Documents/Codex/2026-06-22/a2f23dee1d9a824b840a0175ca9a1f4b-https-app-notion-com-p/experiments/lab_001_xy_connection_20260626/scripts/STRICT_STEP_023A_corrected_formula_reconciliation_and_eviction.py,d8a3d2f1590ce0ea1e788fe9dcbf2384621e2e409a6a5d8416183e9311175792,4569,2026-07-31T09:25:32+09:00,file-backed evidence; inspect source before upgrading claim
,python_source,experiments/lab_001_xy_connection_20260626/scripts/STRICT_STEP_023A_independent_qa.py,file:///C:/Users/chuck/Documents/Codex/2026-06-22/a2f23dee1d9a824b840a0175ca9a1f4b-https-app-notion-com-p/experiments/lab_001_xy_connection_20260626/scripts/STRICT_STEP_023A_independent_qa.py,2e7049e46cf36348971defdeef2b69e5502d14b2e760cb2f93c122e9beb8d18e,1531,2026-07-31T09:25:32+09:00,file-backed evidence; inspect source before upgrading claim
,python_source,experiments/lab_001_xy_connection_20260626/scripts/STRICT_STEP_023_b3_temporary_png_direct_legacy_py_parity.py,file:///C:/Users/chuck/Documents/Codex/2026-06-22/a2f23dee1d9a824b840a0175ca9a1f4b-https-app-notion-com-p/experiments/lab_001_xy_connection_20260626/scripts/STRICT_STEP_023_b3_temporary_png_direct_legacy_py_parity.py,6138f1f0bd4d04995db6f9b2e158d05bbf8b9ea58aee873c1dd04ebc100e6feb,10642,2026-07-31T01:30:15+09:00,file-backed evidence; inspect source before upgrading claim
,python_source,experiments/lab_001_xy_connection_20260626/scripts/STRICT_STEP_023_independent_qa.py,file:///C:/Users/chuck/Documents/Codex/2026-06-22/a2f23dee1d9a824b840a0175ca9a1f4b-https-app-notion-com-p/experiments/lab_001_xy_connection_20260626/scripts/STRICT_STEP_023_independent_qa.py,0d6fde77f27ab85c33d95adc4696d95a5dde041ec106dcc9a3a9ab3dc2197100,3407,2026-07-31T02:18:05+09:00,file-backed evidence; inspect source before upgrading claim
,python_source,experiments/lab_001_xy_connection_20260626/scripts/STRICT_STEP_024_b3_historical_x_only_crosswalk.py,file:///C:/Users/chuck/Documents/Codex/2026-06-22/a2f23dee1d9a824b840a0175ca9a1f4b-https-app-notion-com-p/experiments/lab_001_xy_connection_20260626/scripts/STRICT_STEP_024_b3_historical_x_only_crosswalk.py,a621904f2d10034abed32fd9eb7f2ad1584d8c981ad99c071ca10a4920fa382a,5664,2026-07-31T09:30:20+09:00,file-backed evidence; inspect source before upgrading claim
,python_source,experiments/lab_001_xy_connection_20260626/scripts/STRICT_STEP_024_independent_qa.py,file:///C:/Users/chuck/Documents/Codex/2026-06-22/a2f23dee1d9a824b840a0175ca9a1f4b-https-app-notion-com-p/experiments/lab_001_xy_connection_20260626/scripts/STRICT_STEP_024_independent_qa.py,9d31a2b516fe96243ff6e8d1e84bc12f1b2c01f6e041ede260da0eee3c62aab6,1841,2026-07-31T09:31:48+09:00,file-backed evidence; inspect source before upgrading claim
,python_source,experiments/lab_001_xy_connection_20260626/scripts/STRICT_STEP_025_cross_family_panel_preregistration.py,file:///C:/Users/chuck/Documents/Codex/2026-06-22/a2f23dee1d9a824b840a0175ca9a1f4b-https-app-notion-com-p/experiments/lab_001_xy_connection_20260626/scripts/STRICT_STEP_025_cross_family_panel_preregistration.py,5941266552b4034e0b44ed0d8888ef585753f17916bc7a7212f94ded18fd2b88,3278,2026-07-31T09:36:19+09:00,file-backed evidence; inspect source before upgrading claim
,python_source,experiments/lab_001_xy_connection_20260626/scripts/STRICT_STEP_026_c1_direct_legacy_py_xonly.py,file:///C:/Users/chuck/Documents/Codex/2026-06-22/a2f23dee1d9a824b840a0175ca9a1f4b-https-app-notion-com-p/experiments/lab_001_xy_connection_20260626/scripts/STRICT_STEP_026_c1_direct_legacy_py_xonly.py,7b4a6ee2b1168bfe24cffbe75d75d21045e4c7ac1d48e9e310e08a956a43db13,5754,2026-07-31T09:37:33+09:00,file-backed evidence; inspect source before upgrading claim
,python_source,experiments/lab_001_xy_connection_20260626/scripts/STRICT_STEP_026_c1_independent_qa.py,file:///C:/Users/chuck/Documents/Codex/2026-06-22/a2f23dee1d9a824b840a0175ca9a1f4b-https-app-notion-com-p/experiments/lab_001_xy_connection_20260626/scripts/STRICT_STEP_026_c1_independent_qa.py,fee9e359aeb3f24a5b740d9ea71f444230d0c09ea157529966d14fe9d1f38112,3773,2026-07-31T09:42:13+09:00,file-backed evidence; inspect source before upgrading claim
,python_source,experiments/lab_001_xy_connection_20260626/scripts/T3O_mesh_native_3d_topology_inertia_census.py,file:///C:/Users/chuck/Documents/Codex/2026-06-22/a2f23dee1d9a824b840a0175ca9a1f4b-https-app-notion-com-p/experiments/lab_001_xy_connection_20260626/scripts/T3O_mesh_native_3d_topology_inertia_census.py,5e91186c2740d1322ac46bfdb70ac221cf7b8856ac76e7dbbc64bfd8f20b65de,25162,2026-07-21T03:14:13+09:00,file-backed evidence; inspect source before upgrading claim
,python_source,experiments/lab_001_xy_connection_20260626/scripts/T3O_mesh_native_independent_QA.py,file:///C:/Users/chuck/Documents/Codex/2026-06-22/a2f23dee1d9a824b840a0175ca9a1f4b-https-app-notion-com-p/experiments/lab_001_xy_connection_20260626/scripts/T3O_mesh_native_independent_QA.py,e1fa57707135db51d0969b50218bf6de771a01514a346a9d0f19c33f7db5dbcd,12019,2026-07-21T03:29:03+09:00,file-backed evidence; inspect source before upgrading claim
,python_source,experiments/lab_001_xy_connection_20260626/scripts/T3O_mesh_native_resumable_factory.py,file:///C:/Users/chuck/Documents/Codex/2026-06-22/a2f23dee1d9a824b840a0175ca9a1f4b-https-app-notion-com-p/experiments/lab_001_xy_connection_20260626/scripts/T3O_mesh_native_resumable_factory.py,de5da19a147354abc6a7a01b7d95173f51bac391243b788492843801a74bd682,14836,2026-07-21T03:14:13+09:00,file-backed evidence; inspect source before upgrading claim
,python_source,experiments/lab_001_xy_connection_20260626/scripts/T3P_mesh_native_grouped_evaluation_control_review.py,file:///C:/Users/chuck/Documents/Codex/2026-06-22/a2f23dee1d9a824b840a0175ca9a1f4b-https-app-notion-com-p/experiments/lab_001_xy_connection_20260626/scripts/T3P_mesh_native_grouped_evaluation_control_review.py,10e3b0c6578e388180bfe27399f8c9ce7455978c4108b7ed3a81aa16d8aeca42,10166,2026-07-21T08:54:32+09:00,file-backed evidence; inspect source before upgrading claim
,python_source,experiments/lab_001_xy_connection_20260626/scripts/T3P_mesh_native_grouped_evaluation_execution.py,file:///C:/Users/chuck/Documents/Codex/2026-06-22/a2f23dee1d9a824b840a0175ca9a1f4b-https-app-notion-com-p/experiments/lab_001_xy_connection_20260626/scripts/T3P_mesh_native_grouped_evaluation_execution.py,282524314acc816b090c70f80ee36d49c702b72dd52de6e33b4438c0288155cf,46027,2026-07-21T08:49:37+09:00,file-backed evidence; inspect source before upgrading claim
,python_source,experiments/lab_001_xy_connection_20260626/scripts/T3P_mesh_native_grouped_evaluation_independent_qa.py,file:///C:/Users/chuck/Documents/Codex/2026-06-22/a2f23dee1d9a824b840a0175ca9a1f4b-https-app-notion-com-p/experiments/lab_001_xy_connection_20260626/scripts/T3P_mesh_native_grouped_evaluation_independent_qa.py,7f9a6cd80a707f92e4a910409677e6ef0a884a5b9a11b2175f5729ef87d9963d,21373,2026-07-21T08:53:01+09:00,file-backed evidence; inspect source before upgrading claim
,python_source,experiments/lab_001_xy_connection_20260626/scripts/T3P_mesh_native_grouped_evaluation_preregistration_no_fit.py,file:///C:/Users/chuck/Documents/Codex/2026-06-22/a2f23dee1d9a824b840a0175ca9a1f4b-https-app-notion-com-p/experiments/lab_001_xy_connection_20260626/scripts/T3P_mesh_native_grouped_evaluation_preregistration_no_fit.py,4b8bf1a00d63515d751265138a64d2f12a5519482bfd28049c3e86d30b4aa41a,24676,2026-07-21T03:34:01+09:00,file-backed evidence; inspect source before upgrading claim
,python_source,experiments/lab_001_xy_connection_20260626/scripts/T3P_official_sync_audit.py,file:///C:/Users/chuck/Documents/Codex/2026-06-22/a2f23dee1d9a824b840a0175ca9a1f4b-https-app-notion-com-p/experiments/lab_001_xy_connection_20260626/scripts/T3P_official_sync_audit.py,231a69ff75c3c203d418f0ada83a392298eec7c151b2db8e80960ab8c707f0bb,6164,2026-07-21T09:02:35+09:00,file-backed evidence; inspect source before upgrading claim
,python_source,experiments/lab_001_xy_connection_20260626/scripts/T3Q_official_sync_audit.py,file:///C:/Users/chuck/Documents/Codex/2026-06-22/a2f23dee1d9a824b840a0175ca9a1f4b-https-app-notion-com-p/experiments/lab_001_xy_connection_20260626/scripts/T3Q_official_sync_audit.py,7510b7da92fe5623f96df078ff6311dd7d71ea3c2b8b367593bfccf8f2d7dbbc,8256,2026-07-21T09:40:41+09:00,file-backed evidence; inspect source before upgrading claim
,python_source,experiments/lab_001_xy_connection_20260626/scripts/T3Q_T3PX_support_range_control_review.py,file:///C:/Users/chuck/Documents/Codex/2026-06-22/a2f23dee1d9a824b840a0175ca9a1f4b-https-app-notion-com-p/experiments/lab_001_xy_connection_20260626/scripts/T3Q_T3PX_support_range_control_review.py,8a342f1ea881029ee94698c277fa7b9ed4f29beda73721bb94451455d3d77697,13227,2026-07-21T09:32:42+09:00,file-backed evidence; inspect source before upgrading claim
,python_source,experiments/lab_001_xy_connection_20260626/scripts/T3Q_T3PX_support_range_family_transfer_anatomy_nofit.py,file:///C:/Users/chuck/Documents/Codex/2026-06-22/a2f23dee1d9a824b840a0175ca9a1f4b-https-app-notion-com-p/experiments/lab_001_xy_connection_20260626/scripts/T3Q_T3PX_support_range_family_transfer_anatomy_nofit.py,320dee594fb19ca89e954c97db0565b57dec3860f06c19a06daff5df69996b40,36040,2026-07-21T09:22:16+09:00,file-backed evidence; inspect source before upgrading claim
,python_source,experiments/lab_001_xy_connection_20260626/scripts/T3Q_T3PX_support_range_independent_QA.py,file:///C:/Users/chuck/Documents/Codex/2026-06-22/a2f23dee1d9a824b840a0175ca9a1f4b-https-app-notion-com-p/experiments/lab_001_xy_connection_20260626/scripts/T3Q_T3PX_support_range_independent_QA.py,d6a889152493572a9a69fc2d884c8b4c33d3b775726a9a251ea1a041ad99f4aa,27985,2026-07-21T09:29:06+09:00,file-backed evidence; inspect source before upgrading claim
,python_source,experiments/lab_001_xy_connection_20260626/scripts/T3Q_T3PX_visual_QA_repair.py,file:///C:/Users/chuck/Documents/Codex/2026-06-22/a2f23dee1d9a824b840a0175ca9a1f4b-https-app-notion-com-p/experiments/lab_001_xy_connection_20260626/scripts/T3Q_T3PX_visual_QA_repair.py,0b95f7f32ef30433a76d1e46eecd19bde302bdae2b893c570b84e4a2f390e0b1,4001,2026-07-21T09:30:09+09:00,file-backed evidence; inspect source before upgrading claim
,python_source,experiments/lab_001_xy_connection_20260626/scripts/T3R_official_sync_audit.py,file:///C:/Users/chuck/Documents/Codex/2026-06-22/a2f23dee1d9a824b840a0175ca9a1f4b-https-app-notion-com-p/experiments/lab_001_xy_connection_20260626/scripts/T3R_official_sync_audit.py,7987b149ff81d6b783ec000697a9435f0e1a91e15f0085c1a8c13ff10814e56c,8167,2026-07-21T09:54:46+09:00,file-backed evidence; inspect source before upgrading claim
,python_source,experiments/lab_001_xy_connection_20260626/scripts/T3R_support_aware_safety_policy_control_review.py,file:///C:/Users/chuck/Documents/Codex/2026-06-22/a2f23dee1d9a824b840a0175ca9a1f4b-https-app-notion-com-p/experiments/lab_001_xy_connection_20260626/scripts/T3R_support_aware_safety_policy_control_review.py,84fcd212ef130a5f9858923e1f6ff275e232f45b585262cc795f98746d75231a,10272,2026-07-21T09:50:02+09:00,file-backed evidence; inspect source before upgrading claim
,python_source,experiments/lab_001_xy_connection_20260626/scripts/T3R_support_aware_safety_policy_independent_QA.py,file:///C:/Users/chuck/Documents/Codex/2026-06-22/a2f23dee1d9a824b840a0175ca9a1f4b-https-app-notion-com-p/experiments/lab_001_xy_connection_20260626/scripts/T3R_support_aware_safety_policy_independent_QA.py,4bbabb59233bc4483aed91e3ea8e02ce9d81333ec08cc0a32d78bc829422731c,9631,2026-07-21T09:48:34+09:00,file-backed evidence; inspect source before upgrading claim
,python_source,experiments/lab_001_xy_connection_20260626/scripts/T3R_support_aware_safety_policy_preregistration_nofit.py,file:///C:/Users/chuck/Documents/Codex/2026-06-22/a2f23dee1d9a824b840a0175ca9a1f4b-https-app-notion-com-p/experiments/lab_001_xy_connection_20260626/scripts/T3R_support_aware_safety_policy_preregistration_nofit.py,9e0deb4e003bb5e0ee091cc519065537dab3103d4528f6638b1b5e43651dd14e,20036,2026-07-21T09:47:10+09:00,file-backed evidence; inspect source before upgrading claim
,python_source,experiments/lab_001_xy_connection_20260626/scripts/test_CINT_01_contracts.py,file:///C:/Users/chuck/Documents/Codex/2026-06-22/a2f23dee1d9a824b840a0175ca9a1f4b-https-app-notion-com-p/experiments/lab_001_xy_connection_20260626/scripts/test_CINT_01_contracts.py,d2f845992f164d8f35953b6b1e12b9b3e0a65bafce7cfa0cd31894a20109d335,10040,2026-07-18T22:40:46+09:00,file-backed evidence; inspect source before upgrading claim
,python_source,experiments/lab_001_xy_connection_20260626/scripts/test_CINT_03_descriptor_service.py,file:///C:/Users/chuck/Documents/Codex/2026-06-22/a2f23dee1d9a824b840a0175ca9a1f4b-https-app-notion-com-p/experiments/lab_001_xy_connection_20260626/scripts/test_CINT_03_descriptor_service.py,3cbb7b018b8b0141c2d53b93e4bb1d6b45a44606c1b53d597a01ed244236420b,7653,2026-07-19T01:18:18+09:00,file-backed evidence; inspect source before upgrading claim
,python_source,experiments/lab_001_xy_connection_20260626/scripts/test_CINT_04_lattice_typeab.py,file:///C:/Users/chuck/Documents/Codex/2026-06-22/a2f23dee1d9a824b840a0175ca9a1f4b-https-app-notion-com-p/experiments/lab_001_xy_connection_20260626/scripts/test_CINT_04_lattice_typeab.py,514ca6890d6b3d6997602ac8c28e122c53cc5d5d46b4aa7c354e858e23d68c40,7162,2026-07-19T11:07:57+09:00,file-backed evidence; inspect source before upgrading claim
,python_source,experiments/lab_001_xy_connection_20260626/scripts/test_CINT_05_tpms_multiwall.py,file:///C:/Users/chuck/Documents/Codex/2026-06-22/a2f23dee1d9a824b840a0175ca9a1f4b-https-app-notion-com-p/experiments/lab_001_xy_connection_20260626/scripts/test_CINT_05_tpms_multiwall.py,271cb11c2a141af0c17b318447038e5745e9aeffdf49efc1cad1f95bfa8fc6e8,6968,2026-07-19T11:51:01+09:00,file-backed evidence; inspect source before upgrading claim
,python_source,experiments/lab_001_xy_connection_20260626/scripts/test_CINT_06_voxel.py,file:///C:/Users/chuck/Documents/Codex/2026-06-22/a2f23dee1d9a824b840a0175ca9a1f4b-https-app-notion-com-p/experiments/lab_001_xy_connection_20260626/scripts/test_CINT_06_voxel.py,9aa114a9b3183c6c23fafc37179315fd18bc993a94023661d7251a971fe514a4,7506,2026-07-19T12:29:15+09:00,file-backed evidence; inspect source before upgrading claim
,python_source,experiments/lab_001_xy_connection_20260626/scripts/test_CINT_07_theta_geometry_x.py,file:///C:/Users/chuck/Documents/Codex/2026-06-22/a2f23dee1d9a824b840a0175ca9a1f4b-https-app-notion-com-p/experiments/lab_001_xy_connection_20260626/scripts/test_CINT_07_theta_geometry_x.py,7474633fd24ae464c03061f66b6f623f07658c79891487eedb681a7b0a93e47e,9625,2026-07-19T12:59:12+09:00,file-backed evidence; inspect source before upgrading claim
,python_source,experiments/lab_001_xy_connection_20260626/scripts/test_CINT_08_training_engine.py,file:///C:/Users/chuck/Documents/Codex/2026-06-22/a2f23dee1d9a824b840a0175ca9a1f4b-https-app-notion-com-p/experiments/lab_001_xy_connection_20260626/scripts/test_CINT_08_training_engine.py,53821b4321bfbbee301dccd98e8f0ae7a9186a47cfe6b867c1dae429202c445b,15815,2026-07-19T15:05:22+09:00,file-backed evidence; inspect source before upgrading claim
,python_source,experiments/lab_001_xy_connection_20260626/scripts/test_CINT_09_orchestrator.py,file:///C:/Users/chuck/Documents/Codex/2026-06-22/a2f23dee1d9a824b840a0175ca9a1f4b-https-app-notion-com-p/experiments/lab_001_xy_connection_20260626/scripts/test_CINT_09_orchestrator.py,48d059ec9b26e2c70d06c4490f7d072705eb67dd12539af344c186790a2a2ed8,9906,2026-07-19T15:40:23+09:00,file-backed evidence; inspect source before upgrading claim
,python_source,experiments/lab_001_xy_connection_20260626/scripts/test_geometry_io_v0_3_source_router.py,file:///C:/Users/chuck/Documents/Codex/2026-06-22/a2f23dee1d9a824b840a0175ca9a1f4b-https-app-notion-com-p/experiments/lab_001_xy_connection_20260626/scripts/test_geometry_io_v0_3_source_router.py,18f81619f5626c92b4ee6f8b02d66e90ab0625abef8e541d48ef72ce788ab019,870,2026-07-27T16:36:47+09:00,file-backed evidence; inspect source before upgrading claim
,python_source,experiments/lab_001_xy_connection_20260626/scripts/test_IMSTL005_imported_winding_module.py,file:///C:/Users/chuck/Documents/Codex/2026-06-22/a2f23dee1d9a824b840a0175ca9a1f4b-https-app-notion-com-p/experiments/lab_001_xy_connection_20260626/scripts/test_IMSTL005_imported_winding_module.py,cdf6f55749c6460e76db21b3e51e9245efc6b2f13ec930c3b08aeeb3ecd7e937,2365,2026-07-28T10:54:31+09:00,file-backed evidence; inspect source before upgrading claim
,python_source,experiments/lab_001_xy_connection_20260626/scripts/test_NB_INTEGRATE_001_route_policy.py,file:///C:/Users/chuck/Documents/Codex/2026-06-22/a2f23dee1d9a824b840a0175ca9a1f4b-https-app-notion-com-p/experiments/lab_001_xy_connection_20260626/scripts/test_NB_INTEGRATE_001_route_policy.py,2bbe7e47995b937ec6b3e305cfe1d498a5d84f521b3370466bf3080e9d0b3f71,5063,2026-07-29T14:50:21+09:00,file-backed evidence; inspect source before upgrading claim
,python_source,experiments/lab_001_xy_connection_20260626/scripts/test_PRES_00_harness.py,file:///C:/Users/chuck/Documents/Codex/2026-06-22/a2f23dee1d9a824b840a0175ca9a1f4b-https-app-notion-com-p/experiments/lab_001_xy_connection_20260626/scripts/test_PRES_00_harness.py,dcbd1ded0dc254fb3724e497ba52d3f1757172ad0f27c985658bec789dc579b4,3454,2026-07-19T18:33:58+09:00,file-backed evidence; inspect source before upgrading claim
,python_source,experiments/lab_001_xy_connection_20260626/scripts/test_PRES_01_snapshot.py,file:///C:/Users/chuck/Documents/Codex/2026-06-22/a2f23dee1d9a824b840a0175ca9a1f4b-https-app-notion-com-p/experiments/lab_001_xy_connection_20260626/scripts/test_PRES_01_snapshot.py,efab61dc064923c20ce7e7cae1389b42f1edf6755e52fabaa685aa625fddea8c,3555,2026-07-20T10:00:48+09:00,file-backed evidence; inspect source before upgrading claim
,python_source,experiments/lab_001_xy_connection_20260626/scripts/test_PRES_02_preflight.py,file:///C:/Users/chuck/Documents/Codex/2026-06-22/a2f23dee1d9a824b840a0175ca9a1f4b-https-app-notion-com-p/experiments/lab_001_xy_connection_20260626/scripts/test_PRES_02_preflight.py,f1cde520111320312c59d6d78af43dbec07f3d9409447616acb97fd6c11885f1,2513,2026-07-20T10:34:34+09:00,file-backed evidence; inspect source before upgrading claim
,python_source,experiments/lab_001_xy_connection_20260626/scripts/test_PRM061_fs4_integration_contract.py,file:///C:/Users/chuck/Documents/Codex/2026-06-22/a2f23dee1d9a824b840a0175ca9a1f4b-https-app-notion-com-p/experiments/lab_001_xy_connection_20260626/scripts/test_PRM061_fs4_integration_contract.py,a8da4dd71b45a05d781f74bde7e54f57f467403d7431d6761e572d6542c3792f,5069,2026-07-21T21:58:45+09:00,file-backed evidence; inspect source before upgrading claim
,python_source,experiments/lab_001_xy_connection_20260626/scripts/test_PRM064_fs4_p1_adapters_no_fit.py,file:///C:/Users/chuck/Documents/Codex/2026-06-22/a2f23dee1d9a824b840a0175ca9a1f4b-https-app-notion-com-p/experiments/lab_001_xy_connection_20260626/scripts/test_PRM064_fs4_p1_adapters_no_fit.py,eefb491cd39e1132d981cc99e3df0180eb8bf002bcd324d29d804fb8418c4958,6834,2026-07-21T23:03:45+09:00,file-backed evidence; inspect source before upgrading claim
,python_source,experiments/lab_001_xy_connection_20260626/scripts/test_PRM066_fs4_p1_exec_layer_no_fit.py,file:///C:/Users/chuck/Documents/Codex/2026-06-22/a2f23dee1d9a824b840a0175ca9a1f4b-https-app-notion-com-p/experiments/lab_001_xy_connection_20260626/scripts/test_PRM066_fs4_p1_exec_layer_no_fit.py,0597b5fe5a95681b991829867d90d897a9ca3729adfbebc62859b36df7a7660d,6801,2026-07-21T23:43:56+09:00,file-backed evidence; inspect source before upgrading claim
,python_source,experiments/lab_001_xy_connection_20260626/scripts/test_PRM073_geometry_import.py,file:///C:/Users/chuck/Documents/Codex/2026-06-22/a2f23dee1d9a824b840a0175ca9a1f4b-https-app-notion-com-p/experiments/lab_001_xy_connection_20260626/scripts/test_PRM073_geometry_import.py,76e9c5cb15f1ac3c5e6e1a48fb0d08e339c60604fc929c750b065001c8d4ccb3,3059,2026-07-22T02:52:25+09:00,file-backed evidence; inspect source before upgrading claim
,python_source,experiments/lab_001_xy_connection_20260626/scripts/TOUR_C001_dataset_xrv1_t3_xx_factory.py,file:///C:/Users/chuck/Documents/Codex/2026-06-22/a2f23dee1d9a824b840a0175ca9a1f4b-https-app-notion-com-p/experiments/lab_001_xy_connection_20260626/scripts/TOUR_C001_dataset_xrv1_t3_xx_factory.py,b75161b0b9d8d0cc0089614d68c4ffcfbd411d43414f1f69ca67c67a137064e9,42868,2026-07-19T17:38:44+09:00,file-backed evidence; inspect source before upgrading claim
,python_source,experiments/lab_001_xy_connection_20260626/scripts/TOUR_C001_T3B_all58_candidate_enrichment_and_xonly_census.py,file:///C:/Users/chuck/Documents/Codex/2026-06-22/a2f23dee1d9a824b840a0175ca9a1f4b-https-app-notion-com-p/experiments/lab_001_xy_connection_20260626/scripts/TOUR_C001_T3B_all58_candidate_enrichment_and_xonly_census.py,cd7c6671d6cc0143cee9c8aaad9ddd90b01360dda75653f4eca350212b669e1b,51759,2026-07-20T17:28:34+09:00,file-backed evidence; inspect source before upgrading claim
,python_source,experiments/lab_001_xy_connection_20260626/scripts/TOUR_C001_T3C_GM_nested_selection_preregistration.py,file:///C:/Users/chuck/Documents/Codex/2026-06-22/a2f23dee1d9a824b840a0175ca9a1f4b-https-app-notion-com-p/experiments/lab_001_xy_connection_20260626/scripts/TOUR_C001_T3C_GM_nested_selection_preregistration.py,54dbe8a8bc88b19685156df357283fc5e922e5cee631614da7194996e174a255,31666,2026-07-20T17:45:19+09:00,file-backed evidence; inspect source before upgrading claim
,python_source,experiments/lab_001_xy_connection_20260626/scripts/TOUR_C001_T3D_control_tower_finalize.py,file:///C:/Users/chuck/Documents/Codex/2026-06-22/a2f23dee1d9a824b840a0175ca9a1f4b-https-app-notion-com-p/experiments/lab_001_xy_connection_20260626/scripts/TOUR_C001_T3D_control_tower_finalize.py,b205e86d2e6bc0d43a8c297af1cb469842500d450600c6a21c1ab4e689fc78cb,8191,2026-07-20T18:31:17+09:00,file-backed evidence; inspect source before upgrading claim
,python_source,experiments/lab_001_xy_connection_20260626/scripts/TOUR_C001_T3D_GM_bounded_nested_replay.py,file:///C:/Users/chuck/Documents/Codex/2026-06-22/a2f23dee1d9a824b840a0175ca9a1f4b-https-app-notion-com-p/experiments/lab_001_xy_connection_20260626/scripts/TOUR_C001_T3D_GM_bounded_nested_replay.py,f2dace2400d943d9f8b22deff43f28ee0b64c58d630c1429e4258e9f877ecfd8,52269,2026-07-20T18:17:09+09:00,file-backed evidence; inspect source before upgrading claim
,python_source,experiments/lab_001_xy_connection_20260626/scripts/TOUR_C001_T3D_GM_independent_QA.py,file:///C:/Users/chuck/Documents/Codex/2026-06-22/a2f23dee1d9a824b840a0175ca9a1f4b-https-app-notion-com-p/experiments/lab_001_xy_connection_20260626/scripts/TOUR_C001_T3D_GM_independent_QA.py,dd46e88e47dd00c756b23d70113d6cdcbee9307ad14a388410eefd9a8b60a2d0,7933,2026-07-20T18:21:07+09:00,file-backed evidence; inspect source before upgrading claim
,python_source,experiments/lab_001_xy_connection_20260626/scripts/TOUR_C001_T3E_control_tower_finalize.py,file:///C:/Users/chuck/Documents/Codex/2026-06-22/a2f23dee1d9a824b840a0175ca9a1f4b-https-app-notion-com-p/experiments/lab_001_xy_connection_20260626/scripts/TOUR_C001_T3E_control_tower_finalize.py,97bdb6efd5e948d0823fb461921f795fb498f5931accbc5550b04009d1451daf,9355,2026-07-20T18:45:42+09:00,file-backed evidence; inspect source before upgrading claim
,python_source,experiments/lab_001_xy_connection_20260626/scripts/TOUR_C001_T3E_independent_QA.py,file:///C:/Users/chuck/Documents/Codex/2026-06-22/a2f23dee1d9a824b840a0175ca9a1f4b-https-app-notion-com-p/experiments/lab_001_xy_connection_20260626/scripts/TOUR_C001_T3E_independent_QA.py,ba468294a9fd22ffd4f04352904b435ba4bfcd14429d060e65813c313329e7c6,7778,2026-07-20T18:40:23+09:00,file-backed evidence; inspect source before upgrading claim
,python_source,experiments/lab_001_xy_connection_20260626/scripts/TOUR_C001_T3E_L_domain_angle_diagnosis.py,file:///C:/Users/chuck/Documents/Codex/2026-06-22/a2f23dee1d9a824b840a0175ca9a1f4b-https-app-notion-com-p/experiments/lab_001_xy_connection_20260626/scripts/TOUR_C001_T3E_L_domain_angle_diagnosis.py,52b93f08ba990f3d0f03c3be1deaa0cc751b93ad8fa900311b17b3dd2ff835b8,31802,2026-07-20T18:38:54+09:00,file-backed evidence; inspect source before upgrading claim
,python_source,experiments/lab_001_xy_connection_20260626/scripts/TOUR_C001_T3F_control_tower_finalize.py,file:///C:/Users/chuck/Documents/Codex/2026-06-22/a2f23dee1d9a824b840a0175ca9a1f4b-https-app-notion-com-p/experiments/lab_001_xy_connection_20260626/scripts/TOUR_C001_T3F_control_tower_finalize.py,451ac59bf9745989d390f91ea257d0d88638ee2474af36af00a17ecf977b6938,10151,2026-07-20T19:22:55+09:00,file-backed evidence; inspect source before upgrading claim
,python_source,experiments/lab_001_xy_connection_20260626/scripts/TOUR_C001_T3F_E1_bounded_architecture_diagnostic.py,file:///C:/Users/chuck/Documents/Codex/2026-06-22/a2f23dee1d9a824b840a0175ca9a1f4b-https-app-notion-com-p/experiments/lab_001_xy_connection_20260626/scripts/TOUR_C001_T3F_E1_bounded_architecture_diagnostic.py,5291e46295fe0a5b29259c2094e582be3f37acb95d8d2f06c7d6e973db5939e8,60868,2026-07-20T19:59:14+09:00,file-backed evidence; inspect source before upgrading claim
,python_source,experiments/lab_001_xy_connection_20260626/scripts/TOUR_C001_T3F_E1_control_tower_finalize.py,file:///C:/Users/chuck/Documents/Codex/2026-06-22/a2f23dee1d9a824b840a0175ca9a1f4b-https-app-notion-com-p/experiments/lab_001_xy_connection_20260626/scripts/TOUR_C001_T3F_E1_control_tower_finalize.py,5a44309c428f05c4ba1e8e50305d4c54a6f7329bf1455f711c38a28702d4a891,10980,2026-07-20T20:02:55+09:00,file-backed evidence; inspect source before upgrading claim
,python_source,experiments/lab_001_xy_connection_20260626/scripts/TOUR_C001_T3F_E1_independent_QA.py,file:///C:/Users/chuck/Documents/Codex/2026-06-22/a2f23dee1d9a824b840a0175ca9a1f4b-https-app-notion-com-p/experiments/lab_001_xy_connection_20260626/scripts/TOUR_C001_T3F_E1_independent_QA.py,5e43c4da41141929d34ca92b068365b0c7dd6e6d5b7e58fd9eb3a4f15a6817df,11521,2026-07-20T19:55:41+09:00,file-backed evidence; inspect source before upgrading claim
,python_source,experiments/lab_001_xy_connection_20260626/scripts/TOUR_C001_T3F_E1_visual_QA_render.py,file:///C:/Users/chuck/Documents/Codex/2026-06-22/a2f23dee1d9a824b840a0175ca9a1f4b-https-app-notion-com-p/experiments/lab_001_xy_connection_20260626/scripts/TOUR_C001_T3F_E1_visual_QA_render.py,f61584fe597ca42546ec8715a523d4ec27387b73fae3bc43cc6fa891b4810180,5845,2026-07-20T20:00:06+09:00,file-backed evidence; inspect source before upgrading claim
,python_source,experiments/lab_001_xy_connection_20260626/scripts/TOUR_C001_T3F_family_domain_architecture_preregistration.py,file:///C:/Users/chuck/Documents/Codex/2026-06-22/a2f23dee1d9a824b840a0175ca9a1f4b-https-app-notion-com-p/experiments/lab_001_xy_connection_20260626/scripts/TOUR_C001_T3F_family_domain_architecture_preregistration.py,1eaacf0670b2bb523128f6d7210146694c1989e32af79173034e44c1daaf24e6,33594,2026-07-20T19:17:27+09:00,file-backed evidence; inspect source before upgrading claim
,python_source,experiments/lab_001_xy_connection_20260626/scripts/TOUR_C001_T3F_independent_QA.py,file:///C:/Users/chuck/Documents/Codex/2026-06-22/a2f23dee1d9a824b840a0175ca9a1f4b-https-app-notion-com-p/experiments/lab_001_xy_connection_20260626/scripts/TOUR_C001_T3F_independent_QA.py,34796186567f77a2c84c654b98dcef42a8e201c34909e8d7dbb0ac4f318d497a,8503,2026-07-20T19:19:03+09:00,file-backed evidence; inspect source before upgrading claim
,python_source,experiments/lab_001_xy_connection_20260626/scripts/TOUR_C001_T3G_control_tower_finalize.py,file:///C:/Users/chuck/Documents/Codex/2026-06-22/a2f23dee1d9a824b840a0175ca9a1f4b-https-app-notion-com-p/experiments/lab_001_xy_connection_20260626/scripts/TOUR_C001_T3G_control_tower_finalize.py,21db02d24282172359900ac4a61771c1d3c2f1cd696dcc2b7d7e116f4b7df324,13944,2026-07-20T20:43:45+09:00,file-backed evidence; inspect source before upgrading claim
,python_source,experiments/lab_001_xy_connection_20260626/scripts/TOUR_C001_T3G_independent_QA.py,file:///C:/Users/chuck/Documents/Codex/2026-06-22/a2f23dee1d9a824b840a0175ca9a1f4b-https-app-notion-com-p/experiments/lab_001_xy_connection_20260626/scripts/TOUR_C001_T3G_independent_QA.py,81fbeba7c1874cc5499f819f24f8528a49c49f00b46a85919eb01c210acdac47,9570,2026-07-20T20:35:37+09:00,file-backed evidence; inspect source before upgrading claim
,python_source,experiments/lab_001_xy_connection_20260626/scripts/TOUR_C001_T3G_representation_vs_target_failure_decision.py,file:///C:/Users/chuck/Documents/Codex/2026-06-22/a2f23dee1d9a824b840a0175ca9a1f4b-https-app-notion-com-p/experiments/lab_001_xy_connection_20260626/scripts/TOUR_C001_T3G_representation_vs_target_failure_decision.py,a25e892601e6ce829da73311133b833602b75a7306fc1afb01d17ac0a26a2d51,25929,2026-07-20T20:34:43+09:00,file-backed evidence; inspect source before upgrading claim
,python_source,experiments/lab_001_xy_connection_20260626/scripts/TOUR_C001_T3H_GX_bounded_execution.py,file:///C:/Users/chuck/Documents/Codex/2026-06-22/a2f23dee1d9a824b840a0175ca9a1f4b-https-app-notion-com-p/experiments/lab_001_xy_connection_20260626/scripts/TOUR_C001_T3H_GX_bounded_execution.py,ee0e84ca7d58a9e454708a6a5fdea9840c276012ae6305804d0b33cb642a2de9,38307,2026-07-20T21:44:19+09:00,file-backed evidence; inspect source before upgrading claim
,python_source,experiments/lab_001_xy_connection_20260626/scripts/TOUR_C001_T3H_GX_control_tower_finalize.py,file:///C:/Users/chuck/Documents/Codex/2026-06-22/a2f23dee1d9a824b840a0175ca9a1f4b-https-app-notion-com-p/experiments/lab_001_xy_connection_20260626/scripts/TOUR_C001_T3H_GX_control_tower_finalize.py,219568d4eecaf0641c9eabac451de5007284f0f1cda750a4c194db2c349a76de,13387,2026-07-20T21:50:47+09:00,file-backed evidence; inspect source before upgrading claim
,python_source,experiments/lab_001_xy_connection_20260626/scripts/TOUR_C001_T3H_GX_independent_QA.py,file:///C:/Users/chuck/Documents/Codex/2026-06-22/a2f23dee1d9a824b840a0175ca9a1f4b-https-app-notion-com-p/experiments/lab_001_xy_connection_20260626/scripts/TOUR_C001_T3H_GX_independent_QA.py,453b08c115bd787ec9b2f87907b3d7c130928aa4230731e473f81d5427b647bf,13639,2026-07-20T21:45:36+09:00,file-backed evidence; inspect source before upgrading claim
,python_source,experiments/lab_001_xy_connection_20260626/scripts/TOUR_C001_T3H_GX_target_transfer_preregistration.py,file:///C:/Users/chuck/Documents/Codex/2026-06-22/a2f23dee1d9a824b840a0175ca9a1f4b-https-app-notion-com-p/experiments/lab_001_xy_connection_20260626/scripts/TOUR_C001_T3H_GX_target_transfer_preregistration.py,5b2839099f356c8591a6432723a7485b35e477a91aabb4d39f4ad4cf9d41f050,36621,2026-07-20T21:03:54+09:00,file-backed evidence; inspect source before upgrading claim
,python_source,experiments/lab_001_xy_connection_20260626/scripts/TOUR_C001_T3I_control_finalize.py,file:///C:/Users/chuck/Documents/Codex/2026-06-22/a2f23dee1d9a824b840a0175ca9a1f4b-https-app-notion-com-p/experiments/lab_001_xy_connection_20260626/scripts/TOUR_C001_T3I_control_finalize.py,229af64733a37eae3c51558069e7222f96ae53649ec4580a7177e0e8816a50de,9105,2026-07-20T22:09:05+09:00,file-backed evidence; inspect source before upgrading claim
,python_source,experiments/lab_001_xy_connection_20260626/scripts/TOUR_C001_T3I_independent_QA.py,file:///C:/Users/chuck/Documents/Codex/2026-06-22/a2f23dee1d9a824b840a0175ca9a1f4b-https-app-notion-com-p/experiments/lab_001_xy_connection_20260626/scripts/TOUR_C001_T3I_independent_QA.py,b809e1f00cd9ce3f1b350db6d5c51793ca6583e2784c45efb8f18bf0caa085aa,13083,2026-07-20T22:07:59+09:00,file-backed evidence; inspect source before upgrading claim
,python_source,experiments/lab_001_xy_connection_20260626/scripts/TOUR_C001_T3I_representation_source_preregistration.py,file:///C:/Users/chuck/Documents/Codex/2026-06-22/a2f23dee1d9a824b840a0175ca9a1f4b-https-app-notion-com-p/experiments/lab_001_xy_connection_20260626/scripts/TOUR_C001_T3I_representation_source_preregistration.py,97eb7de9f50fe55137fa3e06fad5ad09873e2110a27a70f23ea92f98335d0ef0,58907,2026-07-20T22:06:34+09:00,file-backed evidence; inspect source before upgrading claim
,python_source,experiments/lab_001_xy_connection_20260626/scripts/TOUR_C001_T3JX_control_finalize.py,file:///C:/Users/chuck/Documents/Codex/2026-06-22/a2f23dee1d9a824b840a0175ca9a1f4b-https-app-notion-com-p/experiments/lab_001_xy_connection_20260626/scripts/TOUR_C001_T3JX_control_finalize.py,1629222936dffd8abdcd1bf71688a07ac418eff4df6b22b7f625322200545bbf,10883,2026-07-20T22:54:05+09:00,file-backed evidence; inspect source before upgrading claim
,python_source,experiments/lab_001_xy_connection_20260626/scripts/TOUR_C001_T3JX_independent_numerical_QA.py,file:///C:/Users/chuck/Documents/Codex/2026-06-22/a2f23dee1d9a824b840a0175ca9a1f4b-https-app-notion-com-p/experiments/lab_001_xy_connection_20260626/scripts/TOUR_C001_T3JX_independent_numerical_QA.py,62a61cb5433f9a52335f9deff27d68c8e82c490dfebd6ff8865d0bd43691b5bd,22526,2026-07-20T22:52:13+09:00,file-backed evidence; inspect source before upgrading claim
,python_source,experiments/lab_001_xy_connection_20260626/scripts/TOUR_C001_T3J_control_finalize.py,file:///C:/Users/chuck/Documents/Codex/2026-06-22/a2f23dee1d9a824b840a0175ca9a1f4b-https-app-notion-com-p/experiments/lab_001_xy_connection_20260626/scripts/TOUR_C001_T3J_control_finalize.py,8b71fb1782d18bb9502142935da3bc4e98750fa27dc7a7a34e7d38274e4c89c3,9261,2026-07-20T22:27:28+09:00,file-backed evidence; inspect source before upgrading claim
,python_source,experiments/lab_001_xy_connection_20260626/scripts/TOUR_C001_T3J_grouped_gm_representation_preregistration.py,file:///C:/Users/chuck/Documents/Codex/2026-06-22/a2f23dee1d9a824b840a0175ca9a1f4b-https-app-notion-com-p/experiments/lab_001_xy_connection_20260626/scripts/TOUR_C001_T3J_grouped_gm_representation_preregistration.py,142e004426d6df467a91e4e5d7bd9d3b84a206bd41304f1b53b1f8622efef5f0,40514,2026-07-20T22:22:34+09:00,file-backed evidence; inspect source before upgrading claim
,python_source,experiments/lab_001_xy_connection_20260626/scripts/TOUR_C001_T3J_grouped_gm_representation_replay.py,file:///C:/Users/chuck/Documents/Codex/2026-06-22/a2f23dee1d9a824b840a0175ca9a1f4b-https-app-notion-com-p/experiments/lab_001_xy_connection_20260626/scripts/TOUR_C001_T3J_grouped_gm_representation_replay.py,8995ca83b225239b6429f2f001888777c66e193ddee19a20f2d342e68197371c,49365,2026-07-20T22:48:33+09:00,file-backed evidence; inspect source before upgrading claim
,python_source,experiments/lab_001_xy_connection_20260626/scripts/TOUR_C001_T3J_independent_QA.py,file:///C:/Users/chuck/Documents/Codex/2026-06-22/a2f23dee1d9a824b840a0175ca9a1f4b-https-app-notion-com-p/experiments/lab_001_xy_connection_20260626/scripts/TOUR_C001_T3J_independent_QA.py,33acf8787dea5efb392eab15d30729718fed02e1d4f187239db91714e315c268,13873,2026-07-20T22:25:57+09:00,file-backed evidence; inspect source before upgrading claim
,python_source,experiments/lab_001_xy_connection_20260626/scripts/TOUR_C001_T3K_control_finalize.py,file:///C:/Users/chuck/Documents/Codex/2026-06-22/a2f23dee1d9a824b840a0175ca9a1f4b-https-app-notion-com-p/experiments/lab_001_xy_connection_20260626/scripts/TOUR_C001_T3K_control_finalize.py,7721b6484ea5133693a177fbbcba587baf80c767c385897c82d4f80b776e4576,13488,2026-07-20T23:29:24+09:00,file-backed evidence; inspect source before upgrading claim
,python_source,experiments/lab_001_xy_connection_20260626/scripts/TOUR_C001_T3K_independent_QA.py,file:///C:/Users/chuck/Documents/Codex/2026-06-22/a2f23dee1d9a824b840a0175ca9a1f4b-https-app-notion-com-p/experiments/lab_001_xy_connection_20260626/scripts/TOUR_C001_T3K_independent_QA.py,3b1c1a051e305eee7ba58df1651ec2bbc426ab622f6218221ccb8ef7ca04f635,13964,2026-07-20T23:26:52+09:00,file-backed evidence; inspect source before upgrading claim
,python_source,experiments/lab_001_xy_connection_20260626/scripts/TOUR_C001_T3K_ordering_generalization_anatomy.py,file:///C:/Users/chuck/Documents/Codex/2026-06-22/a2f23dee1d9a824b840a0175ca9a1f4b-https-app-notion-com-p/experiments/lab_001_xy_connection_20260626/scripts/TOUR_C001_T3K_ordering_generalization_anatomy.py,96fba9ebda60605cbeea9461c4a75c8d45e2da862e622570b90b5450d534356f,34349,2026-07-20T23:23:40+09:00,file-backed evidence; inspect source before upgrading claim
,python_source,experiments/lab_001_xy_connection_20260626/scripts/TOUR_C001_T3L_control_finalize.py,file:///C:/Users/chuck/Documents/Codex/2026-06-22/a2f23dee1d9a824b840a0175ca9a1f4b-https-app-notion-com-p/experiments/lab_001_xy_connection_20260626/scripts/TOUR_C001_T3L_control_finalize.py,8f7d1ed7e2673c8312aa7991baba06d8c28b0a1da62eba159e8227278d4c8456,16403,2026-07-20T23:47:36+09:00,file-backed evidence; inspect source before upgrading claim
,python_source,experiments/lab_001_xy_connection_20260626/scripts/TOUR_C001_T3L_independent_QA.py,file:///C:/Users/chuck/Documents/Codex/2026-06-22/a2f23dee1d9a824b840a0175ca9a1f4b-https-app-notion-com-p/experiments/lab_001_xy_connection_20260626/scripts/TOUR_C001_T3L_independent_QA.py,001c76ad4b7665409fff5db42e6c2559083be370e7584c6488d19b140a5828b0,17745,2026-07-20T23:45:16+09:00,file-backed evidence; inspect source before upgrading claim
,python_source,experiments/lab_001_xy_connection_20260626/scripts/TOUR_C001_T3L_L_sign_source_forensic.py,file:///C:/Users/chuck/Documents/Codex/2026-06-22/a2f23dee1d9a824b840a0175ca9a1f4b-https-app-notion-com-p/experiments/lab_001_xy_connection_20260626/scripts/TOUR_C001_T3L_L_sign_source_forensic.py,18d0b69aaba2199d4bb30fa77afa96963244453e3958c471c81aef592f83b3d6,42918,2026-07-20T23:42:27+09:00,file-backed evidence; inspect source before upgrading claim
,python_source,experiments/lab_001_xy_connection_20260626/scripts/TOUR_C001_T3M_control_finalize.py,file:///C:/Users/chuck/Documents/Codex/2026-06-22/a2f23dee1d9a824b840a0175ca9a1f4b-https-app-notion-com-p/experiments/lab_001_xy_connection_20260626/scripts/TOUR_C001_T3M_control_finalize.py,a628274d2555c5c716ee4a33c7a3b65d48dafd71f32e69351309cf30e28793fe,12772,2026-07-21T00:19:09+09:00,file-backed evidence; inspect source before upgrading claim
,python_source,experiments/lab_001_xy_connection_20260626/scripts/TOUR_C001_T3M_domain_conditional_replay_preregistration.py,file:///C:/Users/chuck/Documents/Codex/2026-06-22/a2f23dee1d9a824b840a0175ca9a1f4b-https-app-notion-com-p/experiments/lab_001_xy_connection_20260626/scripts/TOUR_C001_T3M_domain_conditional_replay_preregistration.py,3fe3ee463eb1f79ef8c1072f87c63ed37ae08d55e1e70d12087de9a8818fd0d6,44569,2026-07-21T00:14:50+09:00,file-backed evidence; inspect source before upgrading claim
,python_source,experiments/lab_001_xy_connection_20260626/scripts/TOUR_C001_T3M_independent_QA.py,file:///C:/Users/chuck/Documents/Codex/2026-06-22/a2f23dee1d9a824b840a0175ca9a1f4b-https-app-notion-com-p/experiments/lab_001_xy_connection_20260626/scripts/TOUR_C001_T3M_independent_QA.py,ac504fa12f3f7309c888042a76bfc5e1af2702948220231e7a50398f5563273c,17338,2026-07-21T00:17:20+09:00,file-backed evidence; inspect source before upgrading claim
,python_source,experiments/lab_001_xy_connection_20260626/scripts/TOUR_C001_T3M_lane_K_bounded_execution.py,file:///C:/Users/chuck/Documents/Codex/2026-06-22/a2f23dee1d9a824b840a0175ca9a1f4b-https-app-notion-com-p/experiments/lab_001_xy_connection_20260626/scripts/TOUR_C001_T3M_lane_K_bounded_execution.py,12cf85f41db0ab8d5f0198ef5b5e4413e259a2d7844d317a6ae2dc0d7e9b1b30,42403,2026-07-21T00:34:21+09:00,file-backed evidence; inspect source before upgrading claim
,python_source,experiments/lab_001_xy_connection_20260626/scripts/TOUR_C001_T3M_lane_K_control_finalize.py,file:///C:/Users/chuck/Documents/Codex/2026-06-22/a2f23dee1d9a824b840a0175ca9a1f4b-https-app-notion-com-p/experiments/lab_001_xy_connection_20260626/scripts/TOUR_C001_T3M_lane_K_control_finalize.py,08de41e1faef2c0ea3c13d49a71492bcad7f347c4c0f5472e003c4583102beea,10925,2026-07-21T00:38:42+09:00,file-backed evidence; inspect source before upgrading claim
,python_source,experiments/lab_001_xy_connection_20260626/scripts/TOUR_C001_T3M_lane_K_independent_QA.py,file:///C:/Users/chuck/Documents/Codex/2026-06-22/a2f23dee1d9a824b840a0175ca9a1f4b-https-app-notion-com-p/experiments/lab_001_xy_connection_20260626/scripts/TOUR_C001_T3M_lane_K_independent_QA.py,11b39c68492bdd800f19e21f9e605046616aa7564d70cecd29aa67039e1ba8aa,15454,2026-07-21T00:36:48+09:00,file-backed evidence; inspect source before upgrading claim
,python_source,experiments/lab_001_xy_connection_20260626/scripts/TOUR_C001_T3N_candidate_census_schema_correction.py,file:///C:/Users/chuck/Documents/Codex/2026-06-22/a2f23dee1d9a824b840a0175ca9a1f4b-https-app-notion-com-p/experiments/lab_001_xy_connection_20260626/scripts/TOUR_C001_T3N_candidate_census_schema_correction.py,95b2ecb582483e95580dae6ede758b2fd7b7a5895a4e2ed10dc89a60a07b21ad,6692,2026-07-21T00:58:23+09:00,file-backed evidence; inspect source before upgrading claim
,python_source,experiments/lab_001_xy_connection_20260626/scripts/TOUR_C001_T3N_control_finalize.py,file:///C:/Users/chuck/Documents/Codex/2026-06-22/a2f23dee1d9a824b840a0175ca9a1f4b-https-app-notion-com-p/experiments/lab_001_xy_connection_20260626/scripts/TOUR_C001_T3N_control_finalize.py,7d55238e28fca675e50bddd4a49254e806c530f12b7ff5261aac74f6b526ecc4,11328,2026-07-21T01:02:04+09:00,file-backed evidence; inspect source before upgrading claim
,python_source,experiments/lab_001_xy_connection_20260626/scripts/TOUR_C001_T3N_independent_QA.py,file:///C:/Users/chuck/Documents/Codex/2026-06-22/a2f23dee1d9a824b840a0175ca9a1f4b-https-app-notion-com-p/experiments/lab_001_xy_connection_20260626/scripts/TOUR_C001_T3N_independent_QA.py,45f7f744d7e296a2add3bf9d83bc80bad058c8dfa104a65a6682f8fe102bf0da,9414,2026-07-21T00:59:37+09:00,file-backed evidence; inspect source before upgrading claim
,python_source,experiments/lab_001_xy_connection_20260626/scripts/TOUR_C001_T3N_lane_K_selection_instability_anatomy.py,file:///C:/Users/chuck/Documents/Codex/2026-06-22/a2f23dee1d9a824b840a0175ca9a1f4b-https-app-notion-com-p/experiments/lab_001_xy_connection_20260626/scripts/TOUR_C001_T3N_lane_K_selection_instability_anatomy.py,9dc48359201a26d8e0d3a49bf42dd8e782d4d48c4869c07fca4b643c8abdc322,27385,2026-07-21T00:56:55+09:00,file-backed evidence; inspect source before upgrading claim
,python_source,experiments/lab_001_xy_connection_20260626/scripts/TOUR_C001_T3N_visual_presentation_repair.py,file:///C:/Users/chuck/Documents/Codex/2026-06-22/a2f23dee1d9a824b840a0175ca9a1f4b-https-app-notion-com-p/experiments/lab_001_xy_connection_20260626/scripts/TOUR_C001_T3N_visual_presentation_repair.py,d98fb934ce020073328a3fec95e8967e1c4826cf6d2b1e66e3667ed5f1696ac5,2268,2026-07-21T01:00:21+09:00,file-backed evidence; inspect source before upgrading claim
,python_source,experiments/lab_001_xy_connection_20260626/scripts/TOUR_C001_T4R_001_nofit_rescue_audit.py,file:///C:/Users/chuck/Documents/Codex/2026-06-22/a2f23dee1d9a824b840a0175ca9a1f4b-https-app-notion-com-p/experiments/lab_001_xy_connection_20260626/scripts/TOUR_C001_T4R_001_nofit_rescue_audit.py,c103dc89e01b5f3400ddf4b3fc57ff5e21518d14194bfa539e5299a43c0ba71f,34620,2026-07-20T10:07:50+09:00,file-backed evidence; inspect source before upgrading claim
,python_source,experiments/lab_001_xy_connection_20260626/scripts/TOUR_C001_T4R_SLICE_001_t8_t9_legacy_detail_convergence.py,file:///C:/Users/chuck/Documents/Codex/2026-06-22/a2f23dee1d9a824b840a0175ca9a1f4b-https-app-notion-com-p/experiments/lab_001_xy_connection_20260626/scripts/TOUR_C001_T4R_SLICE_001_t8_t9_legacy_detail_convergence.py,51fad660f74ada2113d2eb9ca5a72d818718a82a238c802ab6d564f639cec203,37199,2026-07-20T10:40:36+09:00,file-backed evidence; inspect source before upgrading claim
,python_source,experiments/lab_001_xy_connection_20260626/scripts/TOUR_C001_T4R_SLICE_002_seven_model_noy_panel_audit.py,file:///C:/Users/chuck/Documents/Codex/2026-06-22/a2f23dee1d9a824b840a0175ca9a1f4b-https-app-notion-com-p/experiments/lab_001_xy_connection_20260626/scripts/TOUR_C001_T4R_SLICE_002_seven_model_noy_panel_audit.py,3acb34016809984533f33de1623c02d66f536e050c14b8b0655227ff30d1f195,26043,2026-07-20T10:56:33+09:00,file-backed evidence; inspect source before upgrading claim
,python_source,experiments/lab_001_xy_connection_20260626/scripts/TOUR_C001_T4R_SLICE_003A_matched_source_five_model_audit.py,file:///C:/Users/chuck/Documents/Codex/2026-06-22/a2f23dee1d9a824b840a0175ca9a1f4b-https-app-notion-com-p/experiments/lab_001_xy_connection_20260626/scripts/TOUR_C001_T4R_SLICE_003A_matched_source_five_model_audit.py,8fbb3a879cf5b97b17d5e5e43df99e5925ed733b914d761af11468f90c2ba67b,33427,2026-07-20T11:12:44+09:00,file-backed evidence; inspect source before upgrading claim
,python_source,experiments/lab_001_xy_connection_20260626/scripts/TOUR_C001_T4R_SLICE_004_all58_source_matched_exact_extraction.py,file:///C:/Users/chuck/Documents/Codex/2026-06-22/a2f23dee1d9a824b840a0175ca9a1f4b-https-app-notion-com-p/experiments/lab_001_xy_connection_20260626/scripts/TOUR_C001_T4R_SLICE_004_all58_source_matched_exact_extraction.py,f2a6e8ab6d6ecd499fa1a470328154c95ee098d6664de6309fc9278c3a9966cc,39121,2026-07-20T11:59:33+09:00,file-backed evidence; inspect source before upgrading claim
,python_source,experiments/lab_001_xy_connection_20260626/scripts/TOUR_C001_T4R_SLICE_004_independent_QA_and_manifest.py,file:///C:/Users/chuck/Documents/Codex/2026-06-22/a2f23dee1d9a824b840a0175ca9a1f4b-https-app-notion-com-p/experiments/lab_001_xy_connection_20260626/scripts/TOUR_C001_T4R_SLICE_004_independent_QA_and_manifest.py,0e70b6a78cb0d20822186d5c548e4de26187053f37ff3c784111460e80ae5556,9723,2026-07-20T16:52:09+09:00,file-backed evidence; inspect source before upgrading claim
,python_source,experiments/lab_001_xy_connection_20260626/scripts/TOUR_C001_T4_GM_BOUNDED_REPLAY.py,file:///C:/Users/chuck/Documents/Codex/2026-06-22/a2f23dee1d9a824b840a0175ca9a1f4b-https-app-notion-com-p/experiments/lab_001_xy_connection_20260626/scripts/TOUR_C001_T4_GM_BOUNDED_REPLAY.py,443d276c43b9a857643f750fd83a6b798c72d5c57536753d2a587ff05efd0362,45703,2026-07-19T18:44:28+09:00,file-backed evidence; inspect source before upgrading claim
,python_source,experiments/lab_001_xy_connection_20260626/scripts/TOUR_C001_T4_GM_FAILURE_ANATOMY.py,file:///C:/Users/chuck/Documents/Codex/2026-06-22/a2f23dee1d9a824b840a0175ca9a1f4b-https-app-notion-com-p/experiments/lab_001_xy_connection_20260626/scripts/TOUR_C001_T4_GM_FAILURE_ANATOMY.py,5aafa5dc95891449fbb2e5b45b85755a7fbf88b13805a3b65e6c217f18852131,48301,2026-07-20T09:39:45+09:00,file-backed evidence; inspect source before upgrading claim
,python_source,experiments/lab_001_xy_connection_20260626/scripts/TOUR_C001_T4_GM_PREREG_NO_FIT.py,file:///C:/Users/chuck/Documents/Codex/2026-06-22/a2f23dee1d9a824b840a0175ca9a1f4b-https-app-notion-com-p/experiments/lab_001_xy_connection_20260626/scripts/TOUR_C001_T4_GM_PREREG_NO_FIT.py,cdd4af782d3981c17d3a5418d3abe7a702661232f9cac893868c6a6589ebbe8e,36035,2026-07-19T18:18:32+09:00,file-backed evidence; inspect source before upgrading claim
,python_source,experiments/lab_001_xy_connection_20260626/prep/POST_NB_INTEGRATE_001_FS_TRAIN_20260729/preflight_no_fit.py,file:///C:/Users/chuck/Documents/Codex/2026-06-22/a2f23dee1d9a824b840a0175ca9a1f4b-https-app-notion-com-p/experiments/lab_001_xy_connection_20260626/prep/POST_NB_INTEGRATE_001_FS_TRAIN_20260729/preflight_no_fit.py,ecf03a9af0d1baa9c3b38e161ef18266787d7d19aa4b1fab972ed0d656a0fee2,3443,2026-07-29T10:58:57+09:00,file-backed evidence; inspect source before upgrading claim
,python_source,experiments/lab_001_xy_connection_20260626/source/URP4-1/1._parameter_rawdata_0726.py,file:///C:/Users/chuck/Documents/Codex/2026-06-22/a2f23dee1d9a824b840a0175ca9a1f4b-https-app-notion-com-p/experiments/lab_001_xy_connection_20260626/source/URP4-1/1._parameter_rawdata_0726.py,1e52abc000cda8faaf3edbcc834278d4d7669e825683098376dd87e44a88a536,20739,2026-06-22T17:33:00+09:00,file-backed evidence; inspect source before upgrading claim
,python_source,experiments/lab_001_xy_connection_20260626/source/URP4-1/2._Parameter_result_0727.py,file:///C:/Users/chuck/Documents/Codex/2026-06-22/a2f23dee1d9a824b840a0175ca9a1f4b-https-app-notion-com-p/experiments/lab_001_xy_connection_20260626/source/URP4-1/2._Parameter_result_0727.py,cdaea5ef1262ca0ea79a7b8ce16a15f435037e779e2688bdecbe80400b3d5c47,11385,2026-06-22T17:33:00+09:00,file-backed evidence; inspect source before upgrading claim
,python_source,experiments/lab_001_xy_connection_20260626/source/URP4-1/3._parameter_angle_all_0727.py,file:///C:/Users/chuck/Documents/Codex/2026-06-22/a2f23dee1d9a824b840a0175ca9a1f4b-https-app-notion-com-p/experiments/lab_001_xy_connection_20260626/source/URP4-1/3._parameter_angle_all_0727.py,8a64d05839a606df15055d7c9d84565aa889b5e0c63b57b7f27e19ad76f92ceb,10566,2026-06-22T17:33:00+09:00,file-backed evidence; inspect source before upgrading claim
,python_source,experiments/lab_001_xy_connection_20260626/source/URP4-1/Curvature_Extraction_New.py,file:///C:/Users/chuck/Documents/Codex/2026-06-22/a2f23dee1d9a824b840a0175ca9a1f4b-https-app-notion-com-p/experiments/lab_001_xy_connection_20260626/source/URP4-1/Curvature_Extraction_New.py,373e3763c735e775565ef2d2da4b90f866ff5cfff3c85b5d0150b0b17a90f42a,19070,2026-06-22T17:33:00+09:00,file-backed evidence; inspect source before upgrading claim
,python_source,experiments/lab_001_xy_connection_20260626/source/URP4-1/Extract_structure_variable.py,file:///C:/Users/chuck/Documents/Codex/2026-06-22/a2f23dee1d9a824b840a0175ca9a1f4b-https-app-notion-com-p/experiments/lab_001_xy_connection_20260626/source/URP4-1/Extract_structure_variable.py,81b2c8ab202b6a4e539a2d630363027b9d146379cbe687945277e0053d2e8b10,39836,2026-06-22T17:33:00+09:00,file-backed evidence; inspect source before upgrading claim
,python_source,experiments/lab_001_xy_connection_20260626/source/URP4-1/Parameter_distribution_New.py,file:///C:/Users/chuck/Documents/Codex/2026-06-22/a2f23dee1d9a824b840a0175ca9a1f4b-https-app-notion-com-p/experiments/lab_001_xy_connection_20260626/source/URP4-1/Parameter_distribution_New.py,2dfec52592e0195482fc99613a63a3a021b7a427a078efdb79dc836f9296a453,5388,2026-06-22T17:33:00+09:00,file-backed evidence; inspect source before upgrading claim
,python_source,experiments/parallel_forks/20260708_parallel_harness/FORK_C_stl_stp_batch_preparation/artifacts/FORK_C_generate_batch_prep.py,file:///C:/Users/chuck/Documents/Codex/2026-06-22/a2f23dee1d9a824b840a0175ca9a1f4b-https-app-notion-com-p/experiments/parallel_forks/20260708_parallel_harness/FORK_C_stl_stp_batch_preparation/artifacts/FORK_C_generate_batch_prep.py,36c87a9878000f661176e6ab6c8cc0743d7bcc0d2ddb5f28f33eaf8ce9beb61e,22471,2026-07-08T14:51:29+09:00,file-backed evidence; inspect source before upgrading claim
,python_source,experiments/parallel_forks/20260708_training_deep_intake/FORK_A_workbook_crosswalk/build_workbook_crosswalk.py,file:///C:/Users/chuck/Documents/Codex/2026-06-22/a2f23dee1d9a824b840a0175ca9a1f4b-https-app-notion-com-p/experiments/parallel_forks/20260708_training_deep_intake/FORK_A_workbook_crosswalk/build_workbook_crosswalk.py,9e31e5c750149b86b6384b89c1816c8a75cc95a8fa5e5163051a4c2be2ed77e3,54966,2026-07-08T16:52:12+09:00,file-backed evidence; inspect source before upgrading claim
,python_source,experiments/parallel_forks/20260708_training_deep_intake/FORK_B_notebook_lineage/analyze_training_notebooks.py,file:///C:/Users/chuck/Documents/Codex/2026-06-22/a2f23dee1d9a824b840a0175ca9a1f4b-https-app-notion-com-p/experiments/parallel_forks/20260708_training_deep_intake/FORK_B_notebook_lineage/analyze_training_notebooks.py,98d82ae0c88985cebbaffd65ce2c1a7980f15e27c4eeb586192c49a927bffb82,52916,2026-07-08T16:58:35+09:00,file-backed evidence; inspect source before upgrading claim
,python_source,experiments/parallel_forks/20260713_fast_pilot_valid_theta_harness/FORK_THETA_active_parameter_long_crosswalk/artifacts/R09_THETA_001_build_fork_artifacts.py,file:///C:/Users/chuck/Documents/Codex/2026-06-22/a2f23dee1d9a824b840a0175ca9a1f4b-https-app-notion-com-p/experiments/parallel_forks/20260713_fast_pilot_valid_theta_harness/FORK_THETA_active_parameter_long_crosswalk/artifacts/R09_THETA_001_build_fork_artifacts.py,d25614000aa310e4ee0a9d364633809329f19a3f1ee5014f9dc8bca3355030cf,22484,2026-07-13T15:55:53+09:00,file-backed evidence; inspect source before upgrading claim
,python_source,experiments/parallel_forks/20260714_prm027_three_day_sprint_harness/FORK_A_FAST/artifacts/R09_SPRINT_001A_W2_FAST_TOURNAMENT_executor_v3.py,file:///C:/Users/chuck/Documents/Codex/2026-06-22/a2f23dee1d9a824b840a0175ca9a1f4b-https-app-notion-com-p/experiments/parallel_forks/20260714_prm027_three_day_sprint_harness/FORK_A_FAST/artifacts/R09_SPRINT_001A_W2_FAST_TOURNAMENT_executor_v3.py,251df7a9de9fc77395c301cc78e34dba49d3f4c526468824f361c86c15a5baba,37764,2026-07-14T13:21:01+09:00,file-backed evidence; inspect source before upgrading claim
,python_source,experiments/parallel_forks/20260714_prm027_three_day_sprint_harness/FORK_A_FAST/artifacts/R09_SPRINT_001A_W2_FAST_TOURNAMENT_executor_v4.py,file:///C:/Users/chuck/Documents/Codex/2026-06-22/a2f23dee1d9a824b840a0175ca9a1f4b-https-app-notion-com-p/experiments/parallel_forks/20260714_prm027_three_day_sprint_harness/FORK_A_FAST/artifacts/R09_SPRINT_001A_W2_FAST_TOURNAMENT_executor_v4.py,41ca751272500ceb0e728ca280e388bd64ec7d8c591b0a17edd398007b278525,37818,2026-07-14T13:25:50+09:00,file-backed evidence; inspect source before upgrading claim
,python_source,experiments/parallel_forks/20260714_prm027_three_day_sprint_harness/FORK_A_FAST/artifacts/R09_SPRINT_001A_W2_v3_v4_invariance.py,file:///C:/Users/chuck/Documents/Codex/2026-06-22/a2f23dee1d9a824b840a0175ca9a1f4b-https-app-notion-com-p/experiments/parallel_forks/20260714_prm027_three_day_sprint_harness/FORK_A_FAST/artifacts/R09_SPRINT_001A_W2_v3_v4_invariance.py,a10fc52a2fa274a53fcf11917d45d1d5307b0613d569260a5daa93a017a5b6c6,4801,2026-07-14T13:29:50+09:00,file-backed evidence; inspect source before upgrading claim
,python_source,experiments/parallel_forks/20260714_prm027_three_day_sprint_harness/FORK_A_FAST/artifacts/R09_SPRINT_001A_wave1_preregister.py,file:///C:/Users/chuck/Documents/Codex/2026-06-22/a2f23dee1d9a824b840a0175ca9a1f4b-https-app-notion-com-p/experiments/parallel_forks/20260714_prm027_three_day_sprint_harness/FORK_A_FAST/artifacts/R09_SPRINT_001A_wave1_preregister.py,aaf98264a7db23f666ac19b13c9ad88e4ff598eda46b909dc25773e084feb6a4,36878,2026-07-14T12:57:27+09:00,file-backed evidence; inspect source before upgrading claim
,python_source,experiments/parallel_forks/20260714_prm027_three_day_sprint_harness/FORK_A_FAST/artifacts/test_R09_SPRINT_001A_W2_frozen_outputs.py,file:///C:/Users/chuck/Documents/Codex/2026-06-22/a2f23dee1d9a824b840a0175ca9a1f4b-https-app-notion-com-p/experiments/parallel_forks/20260714_prm027_three_day_sprint_harness/FORK_A_FAST/artifacts/test_R09_SPRINT_001A_W2_frozen_outputs.py,882d70253e2edc2169e40b36019ae4d3c5d8d166e28d692362d65c50de85ff2f,8118,2026-07-14T13:30:18+09:00,file-backed evidence; inspect source before upgrading claim
,python_source,experiments/parallel_forks/20260714_prm027_three_day_sprint_harness/FORK_A_FAST/artifacts/test_R09_SPRINT_001A_wave1_preregister.py,file:///C:/Users/chuck/Documents/Codex/2026-06-22/a2f23dee1d9a824b840a0175ca9a1f4b-https-app-notion-com-p/experiments/parallel_forks/20260714_prm027_three_day_sprint_harness/FORK_A_FAST/artifacts/test_R09_SPRINT_001A_wave1_preregister.py,3db02d5193f8511a053108f4ae68bd35ebe029b067605960185123c9084331ee,2993,2026-07-14T12:55:17+09:00,file-backed evidence; inspect source before upgrading claim
,python_source,experiments/parallel_forks/20260714_prm027_three_day_sprint_harness/FORK_A_FAST/rescue/R09_RESLICE_001C_adapter_skeleton.py,file:///C:/Users/chuck/Documents/Codex/2026-06-22/a2f23dee1d9a824b840a0175ca9a1f4b-https-app-notion-com-p/experiments/parallel_forks/20260714_prm027_three_day_sprint_harness/FORK_A_FAST/rescue/R09_RESLICE_001C_adapter_skeleton.py,0a5a130bba2b85d391709b0c2bd77e616d71bb8f517b6b215ee53197c4b9120e,4886,2026-07-14T13:48:01+09:00,file-backed evidence; inspect source before upgrading claim
,python_source,experiments/parallel_forks/20260714_prm027_three_day_sprint_harness/FORK_A_FAST/rescue/test_R09_RESLICE_001C_static_contract.py,file:///C:/Users/chuck/Documents/Codex/2026-06-22/a2f23dee1d9a824b840a0175ca9a1f4b-https-app-notion-com-p/experiments/parallel_forks/20260714_prm027_three_day_sprint_harness/FORK_A_FAST/rescue/test_R09_RESLICE_001C_static_contract.py,d7a6a6662665b23f5ec91cc755621ae90a8ef6b7b0b25e1355cc1921a27cba07,1583,2026-07-14T13:48:01+09:00,file-backed evidence; inspect source before upgrading claim
,python_source,experiments/parallel_forks/20260714_prm027_three_day_sprint_harness/FORK_B_STRICT/artifacts/audit_rescue_source_identity.py,file:///C:/Users/chuck/Documents/Codex/2026-06-22/a2f23dee1d9a824b840a0175ca9a1f4b-https-app-notion-com-p/experiments/parallel_forks/20260714_prm027_three_day_sprint_harness/FORK_B_STRICT/artifacts/audit_rescue_source_identity.py,1d29a93a3f9c2a45525d934c715a749b403b535bf10041c397b4e05755de3283,17675,2026-07-14T13:57:58+09:00,file-backed evidence; inspect source before upgrading claim
,python_source,experiments/parallel_forks/20260714_prm027_three_day_sprint_harness/FORK_B_STRICT/artifacts/audit_wave2_fast_results.py,file:///C:/Users/chuck/Documents/Codex/2026-06-22/a2f23dee1d9a824b840a0175ca9a1f4b-https-app-notion-com-p/experiments/parallel_forks/20260714_prm027_three_day_sprint_harness/FORK_B_STRICT/artifacts/audit_wave2_fast_results.py,3e4be91ec6863a72d89e113be14b9777ecf2d68426d7df3f7a07677dd7f53b89,14238,2026-07-14T13:31:16+09:00,file-backed evidence; inspect source before upgrading claim
,python_source,experiments/parallel_forks/20260714_prm027_three_day_sprint_harness/FORK_B_STRICT/artifacts/build_strict_registry.py,file:///C:/Users/chuck/Documents/Codex/2026-06-22/a2f23dee1d9a824b840a0175ca9a1f4b-https-app-notion-com-p/experiments/parallel_forks/20260714_prm027_three_day_sprint_harness/FORK_B_STRICT/artifacts/build_strict_registry.py,82f9ea3c45fdadaa12c858df3823cc7345a258a93a7d84b94f852d9143a7d2eb,19082,2026-07-14T12:59:47+09:00,file-backed evidence; inspect source before upgrading claim
,python_source,experiments/parallel_forks/20260714_prm027_three_day_sprint_harness/FORK_C_QA_RED_TEAM/artifacts/R09_QA_001_wave1_red_team_audit.py,file:///C:/Users/chuck/Documents/Codex/2026-06-22/a2f23dee1d9a824b840a0175ca9a1f4b-https-app-notion-com-p/experiments/parallel_forks/20260714_prm027_three_day_sprint_harness/FORK_C_QA_RED_TEAM/artifacts/R09_QA_001_wave1_red_team_audit.py,c850bccd0cc3d38c566f8be7c4e69dd79977cecc4497656cf0381e4b20307c66,17983,2026-07-14T12:58:46+09:00,file-backed evidence; inspect source before upgrading claim
,python_source,experiments/parallel_forks/20260714_prm027_three_day_sprint_harness/FORK_C_QA_RED_TEAM/artifacts/R09_QA_002_wave2_metric_recalculator.py,file:///C:/Users/chuck/Documents/Codex/2026-06-22/a2f23dee1d9a824b840a0175ca9a1f4b-https-app-notion-com-p/experiments/parallel_forks/20260714_prm027_three_day_sprint_harness/FORK_C_QA_RED_TEAM/artifacts/R09_QA_002_wave2_metric_recalculator.py,76b8ec7757be6adbb86718aa6d734d3d2818dbb06c805ac84094e81c60892713,2675,2026-07-14T12:57:48+09:00,file-backed evidence; inspect source before upgrading claim
,python_source,experiments/parallel_forks/20260714_prm027_three_day_sprint_harness/FORK_C_QA_RED_TEAM/artifacts/R09_QA_003_wave2_fast_oof_audit.py,file:///C:/Users/chuck/Documents/Codex/2026-06-22/a2f23dee1d9a824b840a0175ca9a1f4b-https-app-notion-com-p/experiments/parallel_forks/20260714_prm027_three_day_sprint_harness/FORK_C_QA_RED_TEAM/artifacts/R09_QA_003_wave2_fast_oof_audit.py,b14b9dfd088c5ea2cb485377468ed227d71b5d915be9a4cde816cd5aff11eaa1,22531,2026-07-14T13:32:18+09:00,file-backed evidence; inspect source before upgrading claim
,python_source,experiments/parallel_forks/20260714_prm027_three_day_sprint_harness/FORK_C_QA_RED_TEAM/rescue/artifacts/R09_RESLICE_001A_freeze.py,file:///C:/Users/chuck/Documents/Codex/2026-06-22/a2f23dee1d9a824b840a0175ca9a1f4b-https-app-notion-com-p/experiments/parallel_forks/20260714_prm027_three_day_sprint_harness/FORK_C_QA_RED_TEAM/rescue/artifacts/R09_RESLICE_001A_freeze.py,ac8981f78f487077c16a3cf7d95253d3cbd9fb9323810798280f5d745ab1db62,1464,2026-07-14T13:54:42+09:00,file-backed evidence; inspect source before upgrading claim
,python_source,experiments/parallel_forks/20260714_prm027_three_day_sprint_harness/FORK_C_QA_RED_TEAM/rescue/artifacts/R09_RESLICE_001A_prepare.py,file:///C:/Users/chuck/Documents/Codex/2026-06-22/a2f23dee1d9a824b840a0175ca9a1f4b-https-app-notion-com-p/experiments/parallel_forks/20260714_prm027_three_day_sprint_harness/FORK_C_QA_RED_TEAM/rescue/artifacts/R09_RESLICE_001A_prepare.py,48148f25237039319d180f73f7037fa729ea119218270f816a5b9f20c9483d37,19659,2026-07-14T13:49:08+09:00,file-backed evidence; inspect source before upgrading claim
,python_source,experiments/parallel_forks/20260714_prm027_three_day_sprint_harness/FORK_C_QA_RED_TEAM/rescue/artifacts/R09_RESLICE_001A_streaming_adapter.py,file:///C:/Users/chuck/Documents/Codex/2026-06-22/a2f23dee1d9a824b840a0175ca9a1f4b-https-app-notion-com-p/experiments/parallel_forks/20260714_prm027_three_day_sprint_harness/FORK_C_QA_RED_TEAM/rescue/artifacts/R09_RESLICE_001A_streaming_adapter.py,9551c47f578998e7b4f54ca77e3349e0fb7548675888dfd8d8d705f4be963497,647,2026-07-14T13:49:08+09:00,file-backed evidence; inspect source before upgrading claim
,python_source,experiments/parallel_forks/20260714_theta002_valid008_harness/FORK_A_workspace_provenance_search/artifacts/run_workspace_provenance_search.py,file:///C:/Users/chuck/Documents/Codex/2026-06-22/a2f23dee1d9a824b840a0175ca9a1f4b-https-app-notion-com-p/experiments/parallel_forks/20260714_theta002_valid008_harness/FORK_A_workspace_provenance_search/artifacts/run_workspace_provenance_search.py,f35aafd87cca3ff0f9bde5393f8486a78fc0c3efe3791df98c41f8bc7df62e25,27445,2026-07-14T10:38:22+09:00,file-backed evidence; inspect source before upgrading claim
,python_source,experiments/parallel_forks/20260714_theta002_valid008_harness/FORK_C_valid008_metadata_patch/artifacts/R09_VALID_008_metadata_patch.py,file:///C:/Users/chuck/Documents/Codex/2026-06-22/a2f23dee1d9a824b840a0175ca9a1f4b-https-app-notion-com-p/experiments/parallel_forks/20260714_theta002_valid008_harness/FORK_C_valid008_metadata_patch/artifacts/R09_VALID_008_metadata_patch.py,947b3bfa0988d194162953b18f9993c870e2f6ed9359a00664797d9c8b659e86,14502,2026-07-14T10:29:41+09:00,file-backed evidence; inspect source before upgrading claim
,python_source,experiments/parallel_forks/20260714_theta002_valid008_harness/FORK_C_valid008_metadata_patch/artifacts/test_R09_VALID_008_metadata_patch.py,file:///C:/Users/chuck/Documents/Codex/2026-06-22/a2f23dee1d9a824b840a0175ca9a1f4b-https-app-notion-com-p/experiments/parallel_forks/20260714_theta002_valid008_harness/FORK_C_valid008_metadata_patch/artifacts/test_R09_VALID_008_metadata_patch.py,849066b405826f519720de3990790b41f1c7e9234f9b960245d98f773c41ebf1,5956,2026-07-14T10:29:41+09:00,file-backed evidence; inspect source before upgrading claim
,python_source,experiments/parallel_forks/20260716_generator_intake/audit_lattice_notebook/audit_notebook.py,file:///C:/Users/chuck/Documents/Codex/2026-06-22/a2f23dee1d9a824b840a0175ca9a1f4b-https-app-notion-com-p/experiments/parallel_forks/20260716_generator_intake/audit_lattice_notebook/audit_notebook.py,a89f14cb5a7a7ffb7dacb2f6e0018677e4e9abb41642e0f11d595908c13dc7f2,8263,2026-07-16T16:57:44+09:00,file-backed evidence; inspect source before upgrading claim
,python_source,output/pdf/skg.py,file:///C:/Users/chuck/Documents/Codex/2026-06-22/a2f23dee1d9a824b840a0175ca9a1f4b-https-app-notion-com-p/output/pdf/skg.py,e3b0c44298fc1c149afbf4c8996fb92427ae41e4649b934ca495991b7852b855,0,2026-06-26T17:25:47+09:00,file-backed evidence; inspect source before upgrading claim
,python_source,outputs/URP4-1/1._parameter_rawdata_0726.py,file:///C:/Users/chuck/Documents/Codex/2026-06-22/a2f23dee1d9a824b840a0175ca9a1f4b-https-app-notion-com-p/outputs/URP4-1/1._parameter_rawdata_0726.py,1e52abc000cda8faaf3edbcc834278d4d7669e825683098376dd87e44a88a536,20739,2026-06-22T17:33:00+09:00,file-backed evidence; inspect source before upgrading claim
,python_source,outputs/URP4-1/Curvature_Extraction_New.py,file:///C:/Users/chuck/Documents/Codex/2026-06-22/a2f23dee1d9a824b840a0175ca9a1f4b-https-app-notion-com-p/outputs/URP4-1/Curvature_Extraction_New.py,373e3763c735e775565ef2d2da4b90f866ff5cfff3c85b5d0150b0b17a90f42a,19070,2026-06-22T17:33:00+09:00,file-backed evidence; inspect source before upgrading claim
,python_source,outputs/URP4-1/Extract_structure_variable.py,file:///C:/Users/chuck/Documents/Codex/2026-06-22/a2f23dee1d9a824b840a0175ca9a1f4b-https-app-notion-com-p/outputs/URP4-1/Extract_structure_variable.py,81b2c8ab202b6a4e539a2d630363027b9d146379cbe687945277e0053d2e8b10,39836,2026-06-22T17:33:00+09:00,file-backed evidence; inspect source before upgrading claim
,python_source,outputs/URP4-1/Parameter_distribution_New.py,file:///C:/Users/chuck/Documents/Codex/2026-06-22/a2f23dee1d9a824b840a0175ca9a1f4b-https-app-notion-com-p/outputs/URP4-1/Parameter_distribution_New.py,2dfec52592e0195482fc99613a63a3a021b7a427a078efdb79dc836f9296a453,5388,2026-06-22T17:33:00+09:00,file-backed evidence; inspect source before upgrading claim
,python_source,outputs/URP4-1_R09_SLICE005_LABPC_FACTORY_GDRIVE_20260721/factory/R09_SLICE_005_labpc_collect.py,file:///C:/Users/chuck/Documents/Codex/2026-06-22/a2f23dee1d9a824b840a0175ca9a1f4b-https-app-notion-com-p/outputs/URP4-1_R09_SLICE005_LABPC_FACTORY_GDRIVE_20260721/factory/R09_SLICE_005_labpc_collect.py,fbc800d4fa26478f88361ad1663c74ff018ccfd9847a0bc537c64c065fd58cb7,2550,2026-07-21T11:28:27+09:00,file-backed evidence; inspect source before upgrading claim
,python_source,outputs/URP4-1_R09_SLICE005_LABPC_FACTORY_GDRIVE_20260721/factory/R09_SLICE_005_labpc_collect_to_gdrive.py,file:///C:/Users/chuck/Documents/Codex/2026-06-22/a2f23dee1d9a824b840a0175ca9a1f4b-https-app-notion-com-p/outputs/URP4-1_R09_SLICE005_LABPC_FACTORY_GDRIVE_20260721/factory/R09_SLICE_005_labpc_collect_to_gdrive.py,88c749917cab03a23430c0dd335fdd2d2fd77c7e3b1e3ba16fd21a4fa1d432ae,978,2026-07-21T11:46:24+09:00,file-backed evidence; inspect source before upgrading claim
,python_source,outputs/URP4-1_R09_SLICE005_LABPC_FACTORY_GDRIVE_20260721/factory/R09_SLICE_005_labpc_common.py,file:///C:/Users/chuck/Documents/Codex/2026-06-22/a2f23dee1d9a824b840a0175ca9a1f4b-https-app-notion-com-p/outputs/URP4-1_R09_SLICE005_LABPC_FACTORY_GDRIVE_20260721/factory/R09_SLICE_005_labpc_common.py,a87cf7a1c2d348246c40252b44a217a57e1e869751e466fa8567a3c6e2bc7bcf,2352,2026-07-21T11:24:39+09:00,file-backed evidence; inspect source before upgrading claim
,python_source,outputs/URP4-1_R09_SLICE005_LABPC_FACTORY_GDRIVE_20260721/factory/R09_SLICE_005_labpc_doctor.py,file:///C:/Users/chuck/Documents/Codex/2026-06-22/a2f23dee1d9a824b840a0175ca9a1f4b-https-app-notion-com-p/outputs/URP4-1_R09_SLICE005_LABPC_FACTORY_GDRIVE_20260721/factory/R09_SLICE_005_labpc_doctor.py,5db17f6a75ee4b1c8de64896c51d85c57e70fff83b26a72c2b6ce5337104553e,5651,2026-07-21T11:26:30+09:00,file-backed evidence; inspect source before upgrading claim
,python_source,outputs/URP4-1_R09_SLICE005_LABPC_FACTORY_GDRIVE_20260721/factory/R09_SLICE_005_labpc_runner.py,file:///C:/Users/chuck/Documents/Codex/2026-06-22/a2f23dee1d9a824b840a0175ca9a1f4b-https-app-notion-com-p/outputs/URP4-1_R09_SLICE005_LABPC_FACTORY_GDRIVE_20260721/factory/R09_SLICE_005_labpc_runner.py,0128f6478f2498307ddc9debc840238812d8c7f56955d8c9f67d22eb987746df,5822,2026-07-21T11:27:16+09:00,file-backed evidence; inspect source before upgrading claim
,python_source,outputs/URP4-1_R09_SLICE005_LABPC_FACTORY_GDRIVE_20260721/factory/R09_SLICE_005_labpc_verify.py,file:///C:/Users/chuck/Documents/Codex/2026-06-22/a2f23dee1d9a824b840a0175ca9a1f4b-https-app-notion-com-p/outputs/URP4-1_R09_SLICE005_LABPC_FACTORY_GDRIVE_20260721/factory/R09_SLICE_005_labpc_verify.py,bce7d8f41e529294eb9687dd8357088b81773395cfcf27d9e7afe16fc7b776eb,5776,2026-07-21T11:27:59+09:00,file-backed evidence; inspect source before upgrading claim
,python_source,outputs/URP4-1_R09_SLICE005_LABPC_FACTORY_GDRIVE_20260721/factory/R09_SLICE_005_labpc_worker.py,file:///C:/Users/chuck/Documents/Codex/2026-06-22/a2f23dee1d9a824b840a0175ca9a1f4b-https-app-notion-com-p/outputs/URP4-1_R09_SLICE005_LABPC_FACTORY_GDRIVE_20260721/factory/R09_SLICE_005_labpc_worker.py,8312f1e266ae177bf72fc90a2cf206746d4629968f4c2180a28e99973ab2b8b6,12413,2026-07-21T11:25:51+09:00,file-backed evidence; inspect source before upgrading claim
,python_source,outputs/URP4-1_R09_SLICE005_LABPC_FACTORY_GDRIVE_20260721/urp4/__init__.py,file:///C:/Users/chuck/Documents/Codex/2026-06-22/a2f23dee1d9a824b840a0175ca9a1f4b-https-app-notion-com-p/outputs/URP4-1_R09_SLICE005_LABPC_FACTORY_GDRIVE_20260721/urp4/__init__.py,41b78fc55f3d03cc83fbca1e4279665c463f33f5663ad8f5b57b00fff9a2ca0f,289,2026-07-18T22:33:21+09:00,file-backed evidence; inspect source before upgrading claim
,python_source,outputs/URP4-1_R09_SLICE005_LABPC_FACTORY_GDRIVE_20260721/urp4/contracts/__init__.py,file:///C:/Users/chuck/Documents/Codex/2026-06-22/a2f23dee1d9a824b840a0175ca9a1f4b-https-app-notion-com-p/outputs/URP4-1_R09_SLICE005_LABPC_FACTORY_GDRIVE_20260721/urp4/contracts/__init__.py,e5d6656c731246b64d8359e1d6cbbf8e12c38710d9e83e80dce2cfd8ef28b2b0,506,2026-07-18T22:33:21+09:00,file-backed evidence; inspect source before upgrading claim
,python_source,outputs/URP4-1_R09_SLICE005_LABPC_FACTORY_GDRIVE_20260721/urp4/descriptor_service/__init__.py,file:///C:/Users/chuck/Documents/Codex/2026-06-22/a2f23dee1d9a824b840a0175ca9a1f4b-https-app-notion-com-p/outputs/URP4-1_R09_SLICE005_LABPC_FACTORY_GDRIVE_20260721/urp4/descriptor_service/__init__.py,01b048d500ff1d73db3d568486f02981e5b44278a2fc860e168d03cc64b62dfc,185,2026-07-19T01:01:41+09:00,file-backed evidence; inspect source before upgrading claim
,python_source,outputs/URP4-1_R09_SLICE005_LABPC_FACTORY_GDRIVE_20260721/urp4/generators/__init__.py,file:///C:/Users/chuck/Documents/Codex/2026-06-22/a2f23dee1d9a824b840a0175ca9a1f4b-https-app-notion-com-p/outputs/URP4-1_R09_SLICE005_LABPC_FACTORY_GDRIVE_20260721/urp4/generators/__init__.py,b1bc199d8ce44ea32358466c10b26236b59081037b4372f355309d22327c4f2b,56,2026-07-19T11:03:54+09:00,file-backed evidence; inspect source before upgrading claim
,python_source,outputs/URP4-1_R09_SLICE005_LABPC_FACTORY_GDRIVE_20260721/urp4/integration/__init__.py,file:///C:/Users/chuck/Documents/Codex/2026-06-22/a2f23dee1d9a824b840a0175ca9a1f4b-https-app-notion-com-p/outputs/URP4-1_R09_SLICE005_LABPC_FACTORY_GDRIVE_20260721/urp4/integration/__init__.py,52721082f4f1ca28cf6b8d92bb4a2c2d2c94cbe47cdfbed9bb53a5d60723dd1e,52,2026-07-19T12:57:15+09:00,file-backed evidence; inspect source before upgrading claim
,python_source,outputs/URP4-1_R09_SLICE005_LABPC_FACTORY_GDRIVE_20260721/urp4/legacy_reference/__init__.py,file:///C:/Users/chuck/Documents/Codex/2026-06-22/a2f23dee1d9a824b840a0175ca9a1f4b-https-app-notion-com-p/outputs/URP4-1_R09_SLICE005_LABPC_FACTORY_GDRIVE_20260721/urp4/legacy_reference/__init__.py,40edb40874081713ef16598ede19f63a88e0ef6615b189df40a5e27f9e347b97,79,2026-07-18T23:09:28+09:00,file-backed evidence; inspect source before upgrading claim
,python_source,outputs/URP4-1_R09_SLICE005_LABPC_FACTORY_GDRIVE_20260721/urp4/orchestration/__init__.py,file:///C:/Users/chuck/Documents/Codex/2026-06-22/a2f23dee1d9a824b840a0175ca9a1f4b-https-app-notion-com-p/outputs/URP4-1_R09_SLICE005_LABPC_FACTORY_GDRIVE_20260721/urp4/orchestration/__init__.py,386ddbaff1cd91f26ff404952b6eb959755dfb2e20bc813748e38c945c8065af,38,2026-07-19T15:38:22+09:00,file-backed evidence; inspect source before upgrading claim
,python_source,outputs/URP4-1_R09_SLICE005_LABPC_FACTORY_GDRIVE_20260721/urp4/presentation/__init__.py,file:///C:/Users/chuck/Documents/Codex/2026-06-22/a2f23dee1d9a824b840a0175ca9a1f4b-https-app-notion-com-p/outputs/URP4-1_R09_SLICE005_LABPC_FACTORY_GDRIVE_20260721/urp4/presentation/__init__.py,62f77fac34125db78d4865637faea428ca4879da82b00c843eeae716d4317716,85,2026-07-19T18:13:45+09:00,file-backed evidence; inspect source before upgrading claim
,python_source,outputs/URP4-1_R09_SLICE005_LABPC_FACTORY_GDRIVE_20260721/urp4/training/__init__.py,file:///C:/Users/chuck/Documents/Codex/2026-06-22/a2f23dee1d9a824b840a0175ca9a1f4b-https-app-notion-com-p/outputs/URP4-1_R09_SLICE005_LABPC_FACTORY_GDRIVE_20260721/urp4/training/__init__.py,c361ab611500cad0c7222bdc6d6a7e8717f3a65c4907a2331eb195bea1e75891,165,2026-07-19T15:02:40+09:00,file-backed evidence; inspect source before upgrading claim
,python_source,outputs/URP4-1_R09_SLICE005_LABPC_FACTORY_GDRIVE_20260721/urp4/contracts/v0_1/canonical.py,file:///C:/Users/chuck/Documents/Codex/2026-06-22/a2f23dee1d9a824b840a0175ca9a1f4b-https-app-notion-com-p/outputs/URP4-1_R09_SLICE005_LABPC_FACTORY_GDRIVE_20260721/urp4/contracts/v0_1/canonical.py,16820525e28b5d6a1a8e305a2bf2102e279ae6ae35f76139e4203a1fa41b9ee9,2949,2026-07-18T22:33:21+09:00,file-backed evidence; inspect source before upgrading claim
,python_source,outputs/URP4-1_R09_SLICE005_LABPC_FACTORY_GDRIVE_20260721/urp4/contracts/v0_1/ids.py,file:///C:/Users/chuck/Documents/Codex/2026-06-22/a2f23dee1d9a824b840a0175ca9a1f4b-https-app-notion-com-p/outputs/URP4-1_R09_SLICE005_LABPC_FACTORY_GDRIVE_20260721/urp4/contracts/v0_1/ids.py,0190fafece4f9afb5d1f443f50a972737a727ee186d21789f4c7d1fba8780608,7194,2026-07-18T22:33:21+09:00,file-backed evidence; inspect source before upgrading claim
,python_source,outputs/URP4-1_R09_SLICE005_LABPC_FACTORY_GDRIVE_20260721/urp4/contracts/v0_1/models.py,file:///C:/Users/chuck/Documents/Codex/2026-06-22/a2f23dee1d9a824b840a0175ca9a1f4b-https-app-notion-com-p/outputs/URP4-1_R09_SLICE005_LABPC_FACTORY_GDRIVE_20260721/urp4/contracts/v0_1/models.py,5bf6dc0f4b3cc45ce7d33dd7fa93eef8fa3773a00626830537a3e09863af248a,1304,2026-07-18T22:33:21+09:00,file-backed evidence; inspect source before upgrading claim
,python_source,outputs/URP4-1_R09_SLICE005_LABPC_FACTORY_GDRIVE_20260721/urp4/contracts/v0_1/validation.py,file:///C:/Users/chuck/Documents/Codex/2026-06-22/a2f23dee1d9a824b840a0175ca9a1f4b-https-app-notion-com-p/outputs/URP4-1_R09_SLICE005_LABPC_FACTORY_GDRIVE_20260721/urp4/contracts/v0_1/validation.py,c32983dec08d25942cae055f123912ec8fd25f2d783813e18a461f5ebeff99b6,6526,2026-07-18T22:36:02+09:00,file-backed evidence; inspect source before upgrading claim
,python_source,outputs/URP4-1_R09_SLICE005_LABPC_FACTORY_GDRIVE_20260721/urp4/contracts/v0_1/__init__.py,file:///C:/Users/chuck/Documents/Codex/2026-06-22/a2f23dee1d9a824b840a0175ca9a1f4b-https-app-notion-com-p/outputs/URP4-1_R09_SLICE005_LABPC_FACTORY_GDRIVE_20260721/urp4/contracts/v0_1/__init__.py,0200ae980b28d41d9f61d02455223605a11ce8a4866a9518ed65777a5cbcb201,536,2026-07-18T22:33:21+09:00,file-backed evidence; inspect source before upgrading claim
,python_source,outputs/URP4-1_R09_SLICE005_LABPC_FACTORY_GDRIVE_20260721/urp4/descriptor_service/v0_1/component.py,file:///C:/Users/chuck/Documents/Codex/2026-06-22/a2f23dee1d9a824b840a0175ca9a1f4b-https-app-notion-com-p/outputs/URP4-1_R09_SLICE005_LABPC_FACTORY_GDRIVE_20260721/urp4/descriptor_service/v0_1/component.py,dd395c9e7e90d491181f851ca7afa1c13d0dfc63ec7b6b2be3c5da98b5e764cf,7528,2026-07-19T01:15:27+09:00,file-backed evidence; inspect source before upgrading claim
,python_source,outputs/URP4-1_R09_SLICE005_LABPC_FACTORY_GDRIVE_20260721/urp4/descriptor_service/v0_1/config.py,file:///C:/Users/chuck/Documents/Codex/2026-06-22/a2f23dee1d9a824b840a0175ca9a1f4b-https-app-notion-com-p/outputs/URP4-1_R09_SLICE005_LABPC_FACTORY_GDRIVE_20260721/urp4/descriptor_service/v0_1/config.py,79e72f02b554f7e0780993e7ec0e09f209dbc97b9e0d8f0503cabc2d1bcffaed,1928,2026-07-19T01:14:17+09:00,file-backed evidence; inspect source before upgrading claim
,python_source,outputs/URP4-1_R09_SLICE005_LABPC_FACTORY_GDRIVE_20260721/urp4/descriptor_service/v0_1/contracts.py,file:///C:/Users/chuck/Documents/Codex/2026-06-22/a2f23dee1d9a824b840a0175ca9a1f4b-https-app-notion-com-p/outputs/URP4-1_R09_SLICE005_LABPC_FACTORY_GDRIVE_20260721/urp4/descriptor_service/v0_1/contracts.py,aace4ae6edd9fa276dca1413abbbf26f4c79993b3d63d0c1f4a9e9079786b3f0,12695,2026-07-19T01:04:43+09:00,file-backed evidence; inspect source before upgrading claim
,python_source,outputs/URP4-1_R09_SLICE005_LABPC_FACTORY_GDRIVE_20260721/urp4/descriptor_service/v0_1/formula.py,file:///C:/Users/chuck/Documents/Codex/2026-06-22/a2f23dee1d9a824b840a0175ca9a1f4b-https-app-notion-com-p/outputs/URP4-1_R09_SLICE005_LABPC_FACTORY_GDRIVE_20260721/urp4/descriptor_service/v0_1/formula.py,d72075dcf6b7a3027a4473ffb87047903ecd01db5fc6f366a4bff0e0453a156e,538,2026-07-19T01:15:27+09:00,file-backed evidence; inspect source before upgrading claim
,python_source,outputs/URP4-1_R09_SLICE005_LABPC_FACTORY_GDRIVE_20260721/urp4/descriptor_service/v0_1/geometry.py,file:///C:/Users/chuck/Documents/Codex/2026-06-22/a2f23dee1d9a824b840a0175ca9a1f4b-https-app-notion-com-p/outputs/URP4-1_R09_SLICE005_LABPC_FACTORY_GDRIVE_20260721/urp4/descriptor_service/v0_1/geometry.py,580df093f8790137d79651909e2fb9b36f3f20ba69a26d558b97a5d35b074351,1665,2026-07-19T01:14:17+09:00,file-backed evidence; inspect source before upgrading claim
,python_source,outputs/URP4-1_R09_SLICE005_LABPC_FACTORY_GDRIVE_20260721/urp4/descriptor_service/v0_1/models.py,file:///C:/Users/chuck/Documents/Codex/2026-06-22/a2f23dee1d9a824b840a0175ca9a1f4b-https-app-notion-com-p/outputs/URP4-1_R09_SLICE005_LABPC_FACTORY_GDRIVE_20260721/urp4/descriptor_service/v0_1/models.py,696f747251d4143010cede2c8ef8f72e92262bdd1d08c06a9814da50a220784e,915,2026-07-19T01:01:41+09:00,file-backed evidence; inspect source before upgrading claim
,python_source,outputs/URP4-1_R09_SLICE005_LABPC_FACTORY_GDRIVE_20260721/urp4/descriptor_service/v0_1/pipeline.py,file:///C:/Users/chuck/Documents/Codex/2026-06-22/a2f23dee1d9a824b840a0175ca9a1f4b-https-app-notion-com-p/outputs/URP4-1_R09_SLICE005_LABPC_FACTORY_GDRIVE_20260721/urp4/descriptor_service/v0_1/pipeline.py,1ad4ea50c8e4676848881c8601373239fb185a12c7e5fa041edd7df56248f406,11647,2026-07-19T01:16:28+09:00,file-backed evidence; inspect source before upgrading claim
,python_source,outputs/URP4-1_R09_SLICE005_LABPC_FACTORY_GDRIVE_20260721/urp4/descriptor_service/v0_1/pixel.py,file:///C:/Users/chuck/Documents/Codex/2026-06-22/a2f23dee1d9a824b840a0175ca9a1f4b-https-app-notion-com-p/outputs/URP4-1_R09_SLICE005_LABPC_FACTORY_GDRIVE_20260721/urp4/descriptor_service/v0_1/pixel.py,3cd37430c720e4d6a572d1787c7f5c0a917965ea56aa451cd4b11ce945db6d72,3019,2026-07-19T01:14:17+09:00,file-backed evidence; inspect source before upgrading claim
,python_source,outputs/URP4-1_R09_SLICE005_LABPC_FACTORY_GDRIVE_20260721/urp4/descriptor_service/v0_1/population.py,file:///C:/Users/chuck/Documents/Codex/2026-06-22/a2f23dee1d9a824b840a0175ca9a1f4b-https-app-notion-com-p/outputs/URP4-1_R09_SLICE005_LABPC_FACTORY_GDRIVE_20260721/urp4/descriptor_service/v0_1/population.py,20fa690cc3acbb0b47569524694f339c25239a2359771b8a3cbb7c513b4e3478,1574,2026-07-19T01:17:19+09:00,file-backed evidence; inspect source before upgrading claim
,python_source,outputs/URP4-1_R09_SLICE005_LABPC_FACTORY_GDRIVE_20260721/urp4/descriptor_service/v0_1/qa.py,file:///C:/Users/chuck/Documents/Codex/2026-06-22/a2f23dee1d9a824b840a0175ca9a1f4b-https-app-notion-com-p/outputs/URP4-1_R09_SLICE005_LABPC_FACTORY_GDRIVE_20260721/urp4/descriptor_service/v0_1/qa.py,ceae088b19475ea7a8d5b32a04650805670e3ea5db0c8470b27722a706c90e2a,3121,2026-07-19T01:15:27+09:00,file-backed evidence; inspect source before upgrading claim
,python_source,outputs/URP4-1_R09_SLICE005_LABPC_FACTORY_GDRIVE_20260721/urp4/descriptor_service/v0_1/run139.py,file:///C:/Users/chuck/Documents/Codex/2026-06-22/a2f23dee1d9a824b840a0175ca9a1f4b-https-app-notion-com-p/outputs/URP4-1_R09_SLICE005_LABPC_FACTORY_GDRIVE_20260721/urp4/descriptor_service/v0_1/run139.py,3d6b3b4c14ab0bd00f242a52b62704f519a740d247e9404bf1ca36624f56537a,10373,2026-07-19T01:04:43+09:00,file-backed evidence; inspect source before upgrading claim
,python_source,outputs/URP4-1_R09_SLICE005_LABPC_FACTORY_GDRIVE_20260721/urp4/descriptor_service/v0_1/service.py,file:///C:/Users/chuck/Documents/Codex/2026-06-22/a2f23dee1d9a824b840a0175ca9a1f4b-https-app-notion-com-p/outputs/URP4-1_R09_SLICE005_LABPC_FACTORY_GDRIVE_20260721/urp4/descriptor_service/v0_1/service.py,37406a1004478b340297d3ce36408ea09682fd73d8e15f9411f218535db93d81,8707,2026-07-19T01:17:07+09:00,file-backed evidence; inspect source before upgrading claim
,python_source,outputs/URP4-1_R09_SLICE005_LABPC_FACTORY_GDRIVE_20260721/urp4/descriptor_service/v0_1/slicing.py,file:///C:/Users/chuck/Documents/Codex/2026-06-22/a2f23dee1d9a824b840a0175ca9a1f4b-https-app-notion-com-p/outputs/URP4-1_R09_SLICE005_LABPC_FACTORY_GDRIVE_20260721/urp4/descriptor_service/v0_1/slicing.py,9ab4213007b716f8ed361a6aecbbac7a8e5251459c6ff0feebac2e74dbc942ff,3461,2026-07-19T01:14:17+09:00,file-backed evidence; inspect source before upgrading claim
,python_source,outputs/URP4-1_R09_SLICE005_LABPC_FACTORY_GDRIVE_20260721/urp4/descriptor_service/v0_1/__init__.py,file:///C:/Users/chuck/Documents/Codex/2026-06-22/a2f23dee1d9a824b840a0175ca9a1f4b-https-app-notion-com-p/outputs/URP4-1_R09_SLICE005_LABPC_FACTORY_GDRIVE_20260721/urp4/descriptor_service/v0_1/__init__.py,6ee99b579e324aa8b52b04abbdf50725fc10b8d1caac0046a699088093e4d118,462,2026-07-19T01:17:19+09:00,file-backed evidence; inspect source before upgrading claim
,python_source,outputs/URP4-1_R09_SLICE005_LABPC_FACTORY_GDRIVE_20260721/urp4/generators/lattice_typeab/__init__.py,file:///C:/Users/chuck/Documents/Codex/2026-06-22/a2f23dee1d9a824b840a0175ca9a1f4b-https-app-notion-com-p/outputs/URP4-1_R09_SLICE005_LABPC_FACTORY_GDRIVE_20260721/urp4/generators/lattice_typeab/__init__.py,8d5fa45ab24ab7db58b60de6f8d2cee67d79b9a2b0aa750f862ec090adde317f,42,2026-07-19T11:03:54+09:00,file-backed evidence; inspect source before upgrading claim
,python_source,outputs/URP4-1_R09_SLICE005_LABPC_FACTORY_GDRIVE_20260721/urp4/generators/tpms_multiwall/__init__.py,file:///C:/Users/chuck/Documents/Codex/2026-06-22/a2f23dee1d9a824b840a0175ca9a1f4b-https-app-notion-com-p/outputs/URP4-1_R09_SLICE005_LABPC_FACTORY_GDRIVE_20260721/urp4/generators/tpms_multiwall/__init__.py,eda7ea70e2d2b1c17b03db3ac9efc6553dcfe8055064051e8e478fc5e0ee3b4e,51,2026-07-19T11:45:20+09:00,file-backed evidence; inspect source before upgrading claim
,python_source,outputs/URP4-1_R09_SLICE005_LABPC_FACTORY_GDRIVE_20260721/urp4/generators/voxel/__init__.py,file:///C:/Users/chuck/Documents/Codex/2026-06-22/a2f23dee1d9a824b840a0175ca9a1f4b-https-app-notion-com-p/outputs/URP4-1_R09_SLICE005_LABPC_FACTORY_GDRIVE_20260721/urp4/generators/voxel/__init__.py,77bffa1484a9d40a024634dd15f75dcaf4c303bc4ca13a618c7f8b0e5017b8ea,42,2026-07-19T12:24:01+09:00,file-backed evidence; inspect source before upgrading claim
,python_source,outputs/URP4-1_R09_SLICE005_LABPC_FACTORY_GDRIVE_20260721/urp4/generators/lattice_typeab/v0_1/contracts.py,file:///C:/Users/chuck/Documents/Codex/2026-06-22/a2f23dee1d9a824b840a0175ca9a1f4b-https-app-notion-com-p/outputs/URP4-1_R09_SLICE005_LABPC_FACTORY_GDRIVE_20260721/urp4/generators/lattice_typeab/v0_1/contracts.py,5d72d419433baf8a9d6e9e862beac223d00dc481849a4c82cab326797af29f20,6185,2026-07-19T11:03:54+09:00,file-backed evidence; inspect source before upgrading claim
,python_source,outputs/URP4-1_R09_SLICE005_LABPC_FACTORY_GDRIVE_20260721/urp4/generators/lattice_typeab/v0_1/descriptors.py,file:///C:/Users/chuck/Documents/Codex/2026-06-22/a2f23dee1d9a824b840a0175ca9a1f4b-https-app-notion-com-p/outputs/URP4-1_R09_SLICE005_LABPC_FACTORY_GDRIVE_20260721/urp4/generators/lattice_typeab/v0_1/descriptors.py,57707bc9ff020f2aa5fa1e530b45299e81f84890de3edb3b93640d926be4c0f1,6780,2026-07-19T11:11:12+09:00,file-backed evidence; inspect source before upgrading claim
,python_source,outputs/URP4-1_R09_SLICE005_LABPC_FACTORY_GDRIVE_20260721/urp4/generators/lattice_typeab/v0_1/exporters.py,file:///C:/Users/chuck/Documents/Codex/2026-06-22/a2f23dee1d9a824b840a0175ca9a1f4b-https-app-notion-com-p/outputs/URP4-1_R09_SLICE005_LABPC_FACTORY_GDRIVE_20260721/urp4/generators/lattice_typeab/v0_1/exporters.py,4a9b7b32f642cbb2717d562095f0ff22ba3de88b820747b61b8f0326934bb6c7,6292,2026-07-19T11:10:33+09:00,file-backed evidence; inspect source before upgrading claim
,python_source,outputs/URP4-1_R09_SLICE005_LABPC_FACTORY_GDRIVE_20260721/urp4/generators/lattice_typeab/v0_1/graph.py,file:///C:/Users/chuck/Documents/Codex/2026-06-22/a2f23dee1d9a824b840a0175ca9a1f4b-https-app-notion-com-p/outputs/URP4-1_R09_SLICE005_LABPC_FACTORY_GDRIVE_20260721/urp4/generators/lattice_typeab/v0_1/graph.py,13e23d2c957b476caf4c3fa0abe8efda78918f0407344feddf0e690bea46772e,11166,2026-07-19T11:03:54+09:00,file-backed evidence; inspect source before upgrading claim
,python_source,outputs/URP4-1_R09_SLICE005_LABPC_FACTORY_GDRIVE_20260721/urp4/generators/lattice_typeab/v0_1/models.py,file:///C:/Users/chuck/Documents/Codex/2026-06-22/a2f23dee1d9a824b840a0175ca9a1f4b-https-app-notion-com-p/outputs/URP4-1_R09_SLICE005_LABPC_FACTORY_GDRIVE_20260721/urp4/generators/lattice_typeab/v0_1/models.py,66329e2be7acb255f68a4d508c3931a6be9cbc41e4a3f053a6554cecb1ad4bcf,4834,2026-07-19T11:03:54+09:00,file-backed evidence; inspect source before upgrading claim
,python_source,outputs/URP4-1_R09_SLICE005_LABPC_FACTORY_GDRIVE_20260721/urp4/generators/lattice_typeab/v0_1/plugin.py,file:///C:/Users/chuck/Documents/Codex/2026-06-22/a2f23dee1d9a824b840a0175ca9a1f4b-https-app-notion-com-p/outputs/URP4-1_R09_SLICE005_LABPC_FACTORY_GDRIVE_20260721/urp4/generators/lattice_typeab/v0_1/plugin.py,bfe0d52005118603dccef6ae027aa8ca4a17da77a2248e36e020c03336126ab7,4674,2026-07-19T11:03:54+09:00,file-backed evidence; inspect source before upgrading claim
,python_source,outputs/URP4-1_R09_SLICE005_LABPC_FACTORY_GDRIVE_20260721/urp4/generators/lattice_typeab/v0_1/type_b.py,file:///C:/Users/chuck/Documents/Codex/2026-06-22/a2f23dee1d9a824b840a0175ca9a1f4b-https-app-notion-com-p/outputs/URP4-1_R09_SLICE005_LABPC_FACTORY_GDRIVE_20260721/urp4/generators/lattice_typeab/v0_1/type_b.py,997606649e41d354c6b894c367d4445cd0e9a7e1cd8d98b8629b1a6766967d08,6725,2026-07-19T11:03:54+09:00,file-backed evidence; inspect source before upgrading claim
,python_source,outputs/URP4-1_R09_SLICE005_LABPC_FACTORY_GDRIVE_20260721/urp4/generators/lattice_typeab/v0_1/__init__.py,file:///C:/Users/chuck/Documents/Codex/2026-06-22/a2f23dee1d9a824b840a0175ca9a1f4b-https-app-notion-com-p/outputs/URP4-1_R09_SLICE005_LABPC_FACTORY_GDRIVE_20260721/urp4/generators/lattice_typeab/v0_1/__init__.py,e420e61f8109bea1c5409ac874ae0e32428363a3426493cda88dcd976369afcb,563,2026-07-19T11:03:54+09:00,file-backed evidence; inspect source before upgrading claim
,python_source,outputs/URP4-1_R09_SLICE005_LABPC_FACTORY_GDRIVE_20260721/urp4/generators/tpms_multiwall/v0_1/contracts.py,file:///C:/Users/chuck/Documents/Codex/2026-06-22/a2f23dee1d9a824b840a0175ca9a1f4b-https-app-notion-com-p/outputs/URP4-1_R09_SLICE005_LABPC_FACTORY_GDRIVE_20260721/urp4/generators/tpms_multiwall/v0_1/contracts.py,4f13555ca9713513d5449fe6dfef7a2a642c28fa1bab85ff1ef137bafe73b8ec,7115,2026-07-19T11:48:45+09:00,file-backed evidence; inspect source before upgrading claim
,python_source,outputs/URP4-1_R09_SLICE005_LABPC_FACTORY_GDRIVE_20260721/urp4/generators/tpms_multiwall/v0_1/exporters.py,file:///C:/Users/chuck/Documents/Codex/2026-06-22/a2f23dee1d9a824b840a0175ca9a1f4b-https-app-notion-com-p/outputs/URP4-1_R09_SLICE005_LABPC_FACTORY_GDRIVE_20260721/urp4/generators/tpms_multiwall/v0_1/exporters.py,a21ef77ccce5328efc5091e9ed6e3a35aeed91b9ff656c1ddb87129fe9248c50,3358,2026-07-19T11:55:02+09:00,file-backed evidence; inspect source before upgrading claim
,python_source,outputs/URP4-1_R09_SLICE005_LABPC_FACTORY_GDRIVE_20260721/urp4/generators/tpms_multiwall/v0_1/fields.py,file:///C:/Users/chuck/Documents/Codex/2026-06-22/a2f23dee1d9a824b840a0175ca9a1f4b-https-app-notion-com-p/outputs/URP4-1_R09_SLICE005_LABPC_FACTORY_GDRIVE_20260721/urp4/generators/tpms_multiwall/v0_1/fields.py,e9a3e0c460252e6d437148eb0d1ee4257b8ead1c94d9d5bd3cffff0ee711c08d,3515,2026-07-19T11:46:08+09:00,file-backed evidence; inspect source before upgrading claim
,python_source,outputs/URP4-1_R09_SLICE005_LABPC_FACTORY_GDRIVE_20260721/urp4/generators/tpms_multiwall/v0_1/masking.py,file:///C:/Users/chuck/Documents/Codex/2026-06-22/a2f23dee1d9a824b840a0175ca9a1f4b-https-app-notion-com-p/outputs/URP4-1_R09_SLICE005_LABPC_FACTORY_GDRIVE_20260721/urp4/generators/tpms_multiwall/v0_1/masking.py,10ab73bd146669120350cede967a9f2a87745ab1553d1b97e10b576319e01512,14991,2026-07-19T11:47:37+09:00,file-backed evidence; inspect source before upgrading claim
,python_source,outputs/URP4-1_R09_SLICE005_LABPC_FACTORY_GDRIVE_20260721/urp4/generators/tpms_multiwall/v0_1/models.py,file:///C:/Users/chuck/Documents/Codex/2026-06-22/a2f23dee1d9a824b840a0175ca9a1f4b-https-app-notion-com-p/outputs/URP4-1_R09_SLICE005_LABPC_FACTORY_GDRIVE_20260721/urp4/generators/tpms_multiwall/v0_1/models.py,fff4adfc7f91fd372958635c8cbfea52f0920af200e0dfc23be9f2ce2b25d9ad,7197,2026-07-19T11:45:20+09:00,file-backed evidence; inspect source before upgrading claim
,python_source,outputs/URP4-1_R09_SLICE005_LABPC_FACTORY_GDRIVE_20260721/urp4/generators/tpms_multiwall/v0_1/plugin.py,file:///C:/Users/chuck/Documents/Codex/2026-06-22/a2f23dee1d9a824b840a0175ca9a1f4b-https-app-notion-com-p/outputs/URP4-1_R09_SLICE005_LABPC_FACTORY_GDRIVE_20260721/urp4/generators/tpms_multiwall/v0_1/plugin.py,6de380d4faf01b38e3da8ea5a5dd650e72c74b0f084b7aa023f5c5208dcc02bc,5852,2026-07-19T11:49:19+09:00,file-backed evidence; inspect source before upgrading claim
,python_source,outputs/URP4-1_R09_SLICE005_LABPC_FACTORY_GDRIVE_20260721/urp4/generators/tpms_multiwall/v0_1/registry.py,file:///C:/Users/chuck/Documents/Codex/2026-06-22/a2f23dee1d9a824b840a0175ca9a1f4b-https-app-notion-com-p/outputs/URP4-1_R09_SLICE005_LABPC_FACTORY_GDRIVE_20260721/urp4/generators/tpms_multiwall/v0_1/registry.py,5f5b59a3e8f19644c7e8ea81850eb6141a248f4cb96b68b41e561894544ecb99,2723,2026-07-19T11:46:08+09:00,file-backed evidence; inspect source before upgrading claim
,python_source,outputs/URP4-1_R09_SLICE005_LABPC_FACTORY_GDRIVE_20260721/urp4/generators/tpms_multiwall/v0_1/__init__.py,file:///C:/Users/chuck/Documents/Codex/2026-06-22/a2f23dee1d9a824b840a0175ca9a1f4b-https-app-notion-com-p/outputs/URP4-1_R09_SLICE005_LABPC_FACTORY_GDRIVE_20260721/urp4/generators/tpms_multiwall/v0_1/__init__.py,e9210e752e22985137682fb1abcf501c575f30c86cb60e2e6a25d8891b42732c,660,2026-07-19T11:45:20+09:00,file-backed evidence; inspect source before upgrading claim
,python_source,outputs/URP4-1_R09_SLICE005_LABPC_FACTORY_GDRIVE_20260721/urp4/generators/voxel/v0_1/contracts.py,file:///C:/Users/chuck/Documents/Codex/2026-06-22/a2f23dee1d9a824b840a0175ca9a1f4b-https-app-notion-com-p/outputs/URP4-1_R09_SLICE005_LABPC_FACTORY_GDRIVE_20260721/urp4/generators/voxel/v0_1/contracts.py,9bef1c6e8e41962fd6b02e9d45490c37abbd2378f6638f8c45e0b9ced8e7a86f,6536,2026-07-19T12:27:35+09:00,file-backed evidence; inspect source before upgrading claim
,python_source,outputs/URP4-1_R09_SLICE005_LABPC_FACTORY_GDRIVE_20260721/urp4/generators/voxel/v0_1/exporters.py,file:///C:/Users/chuck/Documents/Codex/2026-06-22/a2f23dee1d9a824b840a0175ca9a1f4b-https-app-notion-com-p/outputs/URP4-1_R09_SLICE005_LABPC_FACTORY_GDRIVE_20260721/urp4/generators/voxel/v0_1/exporters.py,f8eec2c0393806325467d224cee5897301ad2bbe4cfceacbcf4b9b553cb9317e,3127,2026-07-19T12:24:01+09:00,file-backed evidence; inspect source before upgrading claim
,python_source,outputs/URP4-1_R09_SLICE005_LABPC_FACTORY_GDRIVE_20260721/urp4/generators/voxel/v0_1/kernel.py,file:///C:/Users/chuck/Documents/Codex/2026-06-22/a2f23dee1d9a824b840a0175ca9a1f4b-https-app-notion-com-p/outputs/URP4-1_R09_SLICE005_LABPC_FACTORY_GDRIVE_20260721/urp4/generators/voxel/v0_1/kernel.py,664c73be3bc4609b0407baadf18bd9a4e69b788772e3724f2ae6d99a8952ca0a,1852,2026-07-19T12:25:00+09:00,file-backed evidence; inspect source before upgrading claim
,python_source,outputs/URP4-1_R09_SLICE005_LABPC_FACTORY_GDRIVE_20260721/urp4/generators/voxel/v0_1/models.py,file:///C:/Users/chuck/Documents/Codex/2026-06-22/a2f23dee1d9a824b840a0175ca9a1f4b-https-app-notion-com-p/outputs/URP4-1_R09_SLICE005_LABPC_FACTORY_GDRIVE_20260721/urp4/generators/voxel/v0_1/models.py,12c5b353be0007c51ca0a29cd9f8c886eb70c25f3ae3b8622e100d6c9f87b13b,7716,2026-07-19T12:25:44+09:00,file-backed evidence; inspect source before upgrading claim
,python_source,outputs/URP4-1_R09_SLICE005_LABPC_FACTORY_GDRIVE_20260721/urp4/generators/voxel/v0_1/plugin.py,file:///C:/Users/chuck/Documents/Codex/2026-06-22/a2f23dee1d9a824b840a0175ca9a1f4b-https-app-notion-com-p/outputs/URP4-1_R09_SLICE005_LABPC_FACTORY_GDRIVE_20260721/urp4/generators/voxel/v0_1/plugin.py,fc8e30927988c085d6df0b6400f2caf3f4f4d8f39cc17bc230074db014088ca7,5751,2026-07-19T12:24:01+09:00,file-backed evidence; inspect source before upgrading claim
,python_source,outputs/URP4-1_R09_SLICE005_LABPC_FACTORY_GDRIVE_20260721/urp4/generators/voxel/v0_1/registry.py,file:///C:/Users/chuck/Documents/Codex/2026-06-22/a2f23dee1d9a824b840a0175ca9a1f4b-https-app-notion-com-p/outputs/URP4-1_R09_SLICE005_LABPC_FACTORY_GDRIVE_20260721/urp4/generators/voxel/v0_1/registry.py,3d230edc0495b864a87134958967d3aed71b4c9cb8441567f714c77240f9a475,2183,2026-07-19T12:25:44+09:00,file-backed evidence; inspect source before upgrading claim
,python_source,outputs/URP4-1_R09_SLICE005_LABPC_FACTORY_GDRIVE_20260721/urp4/generators/voxel/v0_1/source_kernel.py,file:///C:/Users/chuck/Documents/Codex/2026-06-22/a2f23dee1d9a824b840a0175ca9a1f4b-https-app-notion-com-p/outputs/URP4-1_R09_SLICE005_LABPC_FACTORY_GDRIVE_20260721/urp4/generators/voxel/v0_1/source_kernel.py,db50808bc205f6b13a366ac88dd0ec5a31d23a36cef1b96e46489394f5164543,6084,2026-07-19T12:24:41+09:00,file-backed evidence; inspect source before upgrading claim
,python_source,outputs/URP4-1_R09_SLICE005_LABPC_FACTORY_GDRIVE_20260721/urp4/generators/voxel/v0_1/__init__.py,file:///C:/Users/chuck/Documents/Codex/2026-06-22/a2f23dee1d9a824b840a0175ca9a1f4b-https-app-notion-com-p/outputs/URP4-1_R09_SLICE005_LABPC_FACTORY_GDRIVE_20260721/urp4/generators/voxel/v0_1/__init__.py,4792eb5b2783c2f8c91dfa419037d00a8c420d221e7df632db30756ea417f6c7,429,2026-07-19T12:24:01+09:00,file-backed evidence; inspect source before upgrading claim
,python_source,outputs/URP4-1_R09_SLICE005_LABPC_FACTORY_GDRIVE_20260721/urp4/integration/theta_geometry_x/__init__.py,file:///C:/Users/chuck/Documents/Codex/2026-06-22/a2f23dee1d9a824b840a0175ca9a1f4b-https-app-notion-com-p/outputs/URP4-1_R09_SLICE005_LABPC_FACTORY_GDRIVE_20260721/urp4/integration/theta_geometry_x/__init__.py,f7451227d19b6f698751f99c14b367936f722d2b73f6adbc0742d3c4d946f41c,59,2026-07-19T12:57:15+09:00,file-backed evidence; inspect source before upgrading claim
,python_source,outputs/URP4-1_R09_SLICE005_LABPC_FACTORY_GDRIVE_20260721/urp4/integration/theta_geometry_x/v0_1/models.py,file:///C:/Users/chuck/Documents/Codex/2026-06-22/a2f23dee1d9a824b840a0175ca9a1f4b-https-app-notion-com-p/outputs/URP4-1_R09_SLICE005_LABPC_FACTORY_GDRIVE_20260721/urp4/integration/theta_geometry_x/v0_1/models.py,f06cb39a6bde97dceacb5183f07a7e66b552494c0de755cec3e8c5595bd89405,1834,2026-07-19T12:57:15+09:00,file-backed evidence; inspect source before upgrading claim
,python_source,outputs/URP4-1_R09_SLICE005_LABPC_FACTORY_GDRIVE_20260721/urp4/integration/theta_geometry_x/v0_1/registry.py,file:///C:/Users/chuck/Documents/Codex/2026-06-22/a2f23dee1d9a824b840a0175ca9a1f4b-https-app-notion-com-p/outputs/URP4-1_R09_SLICE005_LABPC_FACTORY_GDRIVE_20260721/urp4/integration/theta_geometry_x/v0_1/registry.py,602fe729d063bbf5c1bc0a0faf7571a56678bf6b99a9d76c3ebec743c1e8bbcd,19827,2026-07-19T12:59:12+09:00,file-backed evidence; inspect source before upgrading claim
,python_source,outputs/URP4-1_R09_SLICE005_LABPC_FACTORY_GDRIVE_20260721/urp4/integration/theta_geometry_x/v0_1/validation.py,file:///C:/Users/chuck/Documents/Codex/2026-06-22/a2f23dee1d9a824b840a0175ca9a1f4b-https-app-notion-com-p/outputs/URP4-1_R09_SLICE005_LABPC_FACTORY_GDRIVE_20260721/urp4/integration/theta_geometry_x/v0_1/validation.py,1dc404bf52d27d41690ba6e3b9f234660136b366180a10a4c91c9f888b90013b,10743,2026-07-19T12:57:15+09:00,file-backed evidence; inspect source before upgrading claim
,python_source,outputs/URP4-1_R09_SLICE005_LABPC_FACTORY_GDRIVE_20260721/urp4/integration/theta_geometry_x/v0_1/__init__.py,file:///C:/Users/chuck/Documents/Codex/2026-06-22/a2f23dee1d9a824b840a0175ca9a1f4b-https-app-notion-com-p/outputs/URP4-1_R09_SLICE005_LABPC_FACTORY_GDRIVE_20260721/urp4/integration/theta_geometry_x/v0_1/__init__.py,60b68dcd0de8c3bb58b4003b71f997e34c05f617731343ec428d287d236d2535,559,2026-07-19T12:57:15+09:00,file-backed evidence; inspect source before upgrading claim
,python_source,outputs/URP4-1_R09_SLICE005_LABPC_FACTORY_GDRIVE_20260721/urp4/legacy_reference/v0_1/adapters.py,file:///C:/Users/chuck/Documents/Codex/2026-06-22/a2f23dee1d9a824b840a0175ca9a1f4b-https-app-notion-com-p/outputs/URP4-1_R09_SLICE005_LABPC_FACTORY_GDRIVE_20260721/urp4/legacy_reference/v0_1/adapters.py,1ca9b01efd72e9a0772cce1a53562b88bf4b87e6c5b6fc1890a5872a94c0e32f,10283,2026-07-18T23:09:28+09:00,file-backed evidence; inspect source before upgrading claim
,python_source,outputs/URP4-1_R09_SLICE005_LABPC_FACTORY_GDRIVE_20260721/urp4/legacy_reference/v0_1/loader.py,file:///C:/Users/chuck/Documents/Codex/2026-06-22/a2f23dee1d9a824b840a0175ca9a1f4b-https-app-notion-com-p/outputs/URP4-1_R09_SLICE005_LABPC_FACTORY_GDRIVE_20260721/urp4/legacy_reference/v0_1/loader.py,00d64b51fa4dba7f0da68da2dc9ab638e04d493aa9319775a76b918c32c48f99,4717,2026-07-18T23:09:28+09:00,file-backed evidence; inspect source before upgrading claim
,python_source,outputs/URP4-1_R09_SLICE005_LABPC_FACTORY_GDRIVE_20260721/urp4/legacy_reference/v0_1/__init__.py,file:///C:/Users/chuck/Documents/Codex/2026-06-22/a2f23dee1d9a824b840a0175ca9a1f4b-https-app-notion-com-p/outputs/URP4-1_R09_SLICE005_LABPC_FACTORY_GDRIVE_20260721/urp4/legacy_reference/v0_1/__init__.py,975634194bfffed775ae6da5a1e4a84cc19c94b70bb3bb2ba06408240e6d550e,433,2026-07-18T23:09:28+09:00,file-backed evidence; inspect source before upgrading claim
,python_source,outputs/URP4-1_R09_SLICE005_LABPC_FACTORY_GDRIVE_20260721/urp4/orchestration/v0_1/engine.py,file:///C:/Users/chuck/Documents/Codex/2026-06-22/a2f23dee1d9a824b840a0175ca9a1f4b-https-app-notion-com-p/outputs/URP4-1_R09_SLICE005_LABPC_FACTORY_GDRIVE_20260721/urp4/orchestration/v0_1/engine.py,2543825d957b78fd045ebbe6fb2ddd6004a7d3ba053a701ffe36d9e948b3ec43,8604,2026-07-19T15:39:22+09:00,file-backed evidence; inspect source before upgrading claim
,python_source,outputs/URP4-1_R09_SLICE005_LABPC_FACTORY_GDRIVE_20260721/urp4/orchestration/v0_1/models.py,file:///C:/Users/chuck/Documents/Codex/2026-06-22/a2f23dee1d9a824b840a0175ca9a1f4b-https-app-notion-com-p/outputs/URP4-1_R09_SLICE005_LABPC_FACTORY_GDRIVE_20260721/urp4/orchestration/v0_1/models.py,f64c7c809d0942591125c49eb7f296f1732c780c95c6c6f1ce7cee88b2b00e53,3324,2026-07-19T15:38:22+09:00,file-backed evidence; inspect source before upgrading claim
,python_source,outputs/URP4-1_R09_SLICE005_LABPC_FACTORY_GDRIVE_20260721/urp4/orchestration/v0_1/registry.py,file:///C:/Users/chuck/Documents/Codex/2026-06-22/a2f23dee1d9a824b840a0175ca9a1f4b-https-app-notion-com-p/outputs/URP4-1_R09_SLICE005_LABPC_FACTORY_GDRIVE_20260721/urp4/orchestration/v0_1/registry.py,4f3aed7bf10d25f1b4d9271ff18018761c05703c791413dcc227d547753ca2b1,6465,2026-07-19T15:38:51+09:00,file-backed evidence; inspect source before upgrading claim
,python_source,outputs/URP4-1_R09_SLICE005_LABPC_FACTORY_GDRIVE_20260721/urp4/orchestration/v0_1/__init__.py,file:///C:/Users/chuck/Documents/Codex/2026-06-22/a2f23dee1d9a824b840a0175ca9a1f4b-https-app-notion-com-p/outputs/URP4-1_R09_SLICE005_LABPC_FACTORY_GDRIVE_20260721/urp4/orchestration/v0_1/__init__.py,a3015746509a2c8b997ab91ce343ca8a79edc9578aa90e5c574bc8599a21ef7b,736,2026-07-19T15:38:22+09:00,file-backed evidence; inspect source before upgrading claim
,python_source,outputs/URP4-1_R09_SLICE005_LABPC_FACTORY_GDRIVE_20260721/urp4/presentation/v0_1/canonical.py,file:///C:/Users/chuck/Documents/Codex/2026-06-22/a2f23dee1d9a824b840a0175ca9a1f4b-https-app-notion-com-p/outputs/URP4-1_R09_SLICE005_LABPC_FACTORY_GDRIVE_20260721/urp4/presentation/v0_1/canonical.py,59e904ea7a6440b51811cba677bba2a045523952fd6d43441857530db7820246,1471,2026-07-19T18:13:45+09:00,file-backed evidence; inspect source before upgrading claim
,python_source,outputs/URP4-1_R09_SLICE005_LABPC_FACTORY_GDRIVE_20260721/urp4/presentation/v0_1/dry_run.py,file:///C:/Users/chuck/Documents/Codex/2026-06-22/a2f23dee1d9a824b840a0175ca9a1f4b-https-app-notion-com-p/outputs/URP4-1_R09_SLICE005_LABPC_FACTORY_GDRIVE_20260721/urp4/presentation/v0_1/dry_run.py,6e48c229ef254e68316a37ab12e4f9f6f3687a05fd52f19be89f88ce911c8998,28137,2026-07-20T10:35:20+09:00,file-backed evidence; inspect source before upgrading claim
,python_source,outputs/URP4-1_R09_SLICE005_LABPC_FACTORY_GDRIVE_20260721/urp4/presentation/v0_1/ids.py,file:///C:/Users/chuck/Documents/Codex/2026-06-22/a2f23dee1d9a824b840a0175ca9a1f4b-https-app-notion-com-p/outputs/URP4-1_R09_SLICE005_LABPC_FACTORY_GDRIVE_20260721/urp4/presentation/v0_1/ids.py,cf5442d95f1dd18b1e5d76649fd9474abdea5a68c125edaaed0e0aaa78483ffc,7603,2026-07-19T18:22:38+09:00,file-backed evidence; inspect source before upgrading claim
,python_source,outputs/URP4-1_R09_SLICE005_LABPC_FACTORY_GDRIVE_20260721/urp4/presentation/v0_1/ledger.py,file:///C:/Users/chuck/Documents/Codex/2026-06-22/a2f23dee1d9a824b840a0175ca9a1f4b-https-app-notion-com-p/outputs/URP4-1_R09_SLICE005_LABPC_FACTORY_GDRIVE_20260721/urp4/presentation/v0_1/ledger.py,3504542c233e261a964169db740b3dfa36ba3cc4a63111a7868247871c85100e,14766,2026-07-19T18:33:30+09:00,file-backed evidence; inspect source before upgrading claim
,python_source,outputs/URP4-1_R09_SLICE005_LABPC_FACTORY_GDRIVE_20260721/urp4/presentation/v0_1/p2_preflight.py,file:///C:/Users/chuck/Documents/Codex/2026-06-22/a2f23dee1d9a824b840a0175ca9a1f4b-https-app-notion-com-p/outputs/URP4-1_R09_SLICE005_LABPC_FACTORY_GDRIVE_20260721/urp4/presentation/v0_1/p2_preflight.py,535dbd1ff190edebc14256bb4f83f5189ec0e892ef7c1d52fd894e5a1c61861b,40840,2026-07-20T10:40:26+09:00,file-backed evidence; inspect source before upgrading claim
,python_source,outputs/URP4-1_R09_SLICE005_LABPC_FACTORY_GDRIVE_20260721/urp4/presentation/v0_1/registrar.py,file:///C:/Users/chuck/Documents/Codex/2026-06-22/a2f23dee1d9a824b840a0175ca9a1f4b-https-app-notion-com-p/outputs/URP4-1_R09_SLICE005_LABPC_FACTORY_GDRIVE_20260721/urp4/presentation/v0_1/registrar.py,98ec8a8dab0d779544c043708f9dc452af2562d0ac424c98984442c701d8d76c,21274,2026-07-19T18:27:06+09:00,file-backed evidence; inspect source before upgrading claim
,python_source,outputs/URP4-1_R09_SLICE005_LABPC_FACTORY_GDRIVE_20260721/urp4/presentation/v0_1/scheduling.py,file:///C:/Users/chuck/Documents/Codex/2026-06-22/a2f23dee1d9a824b840a0175ca9a1f4b-https-app-notion-com-p/outputs/URP4-1_R09_SLICE005_LABPC_FACTORY_GDRIVE_20260721/urp4/presentation/v0_1/scheduling.py,bb06fe610818a18cb1b4d8a39de196bcbd559fabb9703969568b8726cd43f85a,5634,2026-07-19T18:21:01+09:00,file-backed evidence; inspect source before upgrading claim
,python_source,outputs/URP4-1_R09_SLICE005_LABPC_FACTORY_GDRIVE_20260721/urp4/presentation/v0_1/snapshot.py,file:///C:/Users/chuck/Documents/Codex/2026-06-22/a2f23dee1d9a824b840a0175ca9a1f4b-https-app-notion-com-p/outputs/URP4-1_R09_SLICE005_LABPC_FACTORY_GDRIVE_20260721/urp4/presentation/v0_1/snapshot.py,3f1832435e4997034c8abd2d133619705ebdd726aa608692653e7954437f8bdd,48167,2026-07-20T10:36:00+09:00,file-backed evidence; inspect source before upgrading claim
,python_source,outputs/URP4-1_R09_SLICE005_LABPC_FACTORY_GDRIVE_20260721/urp4/presentation/v0_1/__init__.py,file:///C:/Users/chuck/Documents/Codex/2026-06-22/a2f23dee1d9a824b840a0175ca9a1f4b-https-app-notion-com-p/outputs/URP4-1_R09_SLICE005_LABPC_FACTORY_GDRIVE_20260721/urp4/presentation/v0_1/__init__.py,467b8885a882dab98fb459da4038e53f9bd5f8fc165da1e181c7906d0f5c1d29,987,2026-07-20T09:43:22+09:00,file-backed evidence; inspect source before upgrading claim
,python_source,outputs/URP4-1_R09_SLICE005_LABPC_FACTORY_GDRIVE_20260721/urp4/training/v0_1/contracts.py,file:///C:/Users/chuck/Documents/Codex/2026-06-22/a2f23dee1d9a824b840a0175ca9a1f4b-https-app-notion-com-p/outputs/URP4-1_R09_SLICE005_LABPC_FACTORY_GDRIVE_20260721/urp4/training/v0_1/contracts.py,127fff910ed84108bc116c295ac1c890493e02e04a51e7025494867b10e803ac,2234,2026-07-19T15:02:40+09:00,file-backed evidence; inspect source before upgrading claim
,python_source,outputs/URP4-1_R09_SLICE005_LABPC_FACTORY_GDRIVE_20260721/urp4/training/v0_1/models.py,file:///C:/Users/chuck/Documents/Codex/2026-06-22/a2f23dee1d9a824b840a0175ca9a1f4b-https-app-notion-com-p/outputs/URP4-1_R09_SLICE005_LABPC_FACTORY_GDRIVE_20260721/urp4/training/v0_1/models.py,d1ea9c9497c37be0ae783445d9aa7451c24421cf7ae1e6907c76e14ebc80fc2a,4216,2026-07-19T15:02:40+09:00,file-backed evidence; inspect source before upgrading claim
,python_source,outputs/URP4-1_R09_SLICE005_LABPC_FACTORY_GDRIVE_20260721/urp4/training/v0_1/policy.py,file:///C:/Users/chuck/Documents/Codex/2026-06-22/a2f23dee1d9a824b840a0175ca9a1f4b-https-app-notion-com-p/outputs/URP4-1_R09_SLICE005_LABPC_FACTORY_GDRIVE_20260721/urp4/training/v0_1/policy.py,d7b6f9f40f5b1648616b57cc02103f5868bd3fadb3b46cb1371ed4a34e35e41c,12933,2026-07-19T15:02:40+09:00,file-backed evidence; inspect source before upgrading claim
,python_source,outputs/URP4-1_R09_SLICE005_LABPC_FACTORY_GDRIVE_20260721/urp4/training/v0_1/registry.py,file:///C:/Users/chuck/Documents/Codex/2026-06-22/a2f23dee1d9a824b840a0175ca9a1f4b-https-app-notion-com-p/outputs/URP4-1_R09_SLICE005_LABPC_FACTORY_GDRIVE_20260721/urp4/training/v0_1/registry.py,c7bc87dc730d06cef89c45a78b23372ba16eb186cf422c13a7628c2a9e8900b8,8947,2026-07-19T15:02:40+09:00,file-backed evidence; inspect source before upgrading claim
,python_source,outputs/URP4-1_R09_SLICE005_LABPC_FACTORY_GDRIVE_20260721/urp4/training/v0_1/source_audit.py,file:///C:/Users/chuck/Documents/Codex/2026-06-22/a2f23dee1d9a824b840a0175ca9a1f4b-https-app-notion-com-p/outputs/URP4-1_R09_SLICE005_LABPC_FACTORY_GDRIVE_20260721/urp4/training/v0_1/source_audit.py,92984e1a38db136dad6f99de7dac7607f6ec995ebfc2fcfcf1a7d173497eef39,5958,2026-07-19T15:03:45+09:00,file-backed evidence; inspect source before upgrading claim
,python_source,outputs/URP4-1_R09_SLICE005_LABPC_FACTORY_GDRIVE_20260721/urp4/training/v0_1/__init__.py,file:///C:/Users/chuck/Documents/Codex/2026-06-22/a2f23dee1d9a824b840a0175ca9a1f4b-https-app-notion-com-p/outputs/URP4-1_R09_SLICE005_LABPC_FACTORY_GDRIVE_20260721/urp4/training/v0_1/__init__.py,11eec2d05da853f97738b8a4f6de678f2ade8a81a23242eb808937d7d6200a5c,1798,2026-07-19T15:03:45+09:00,file-backed evidence; inspect source before upgrading claim
,python_source,outputs/URP4-1_R09_SLICE005_LABPC_FACTORY_GDRIVE_20260721_R1/factory/R09_SLICE_005_labpc_collect.py,file:///C:/Users/chuck/Documents/Codex/2026-06-22/a2f23dee1d9a824b840a0175ca9a1f4b-https-app-notion-com-p/outputs/URP4-1_R09_SLICE005_LABPC_FACTORY_GDRIVE_20260721_R1/factory/R09_SLICE_005_labpc_collect.py,fbc800d4fa26478f88361ad1663c74ff018ccfd9847a0bc537c64c065fd58cb7,2550,2026-07-21T11:28:27+09:00,file-backed evidence; inspect source before upgrading claim
,python_source,outputs/URP4-1_R09_SLICE005_LABPC_FACTORY_GDRIVE_20260721_R1/factory/R09_SLICE_005_labpc_collect_to_gdrive.py,file:///C:/Users/chuck/Documents/Codex/2026-06-22/a2f23dee1d9a824b840a0175ca9a1f4b-https-app-notion-com-p/outputs/URP4-1_R09_SLICE005_LABPC_FACTORY_GDRIVE_20260721_R1/factory/R09_SLICE_005_labpc_collect_to_gdrive.py,88c749917cab03a23430c0dd335fdd2d2fd77c7e3b1e3ba16fd21a4fa1d432ae,978,2026-07-21T11:48:37+09:00,file-backed evidence; inspect source before upgrading claim
,python_source,outputs/URP4-1_R09_SLICE005_LABPC_FACTORY_GDRIVE_20260721_R1/factory/R09_SLICE_005_labpc_common.py,file:///C:/Users/chuck/Documents/Codex/2026-06-22/a2f23dee1d9a824b840a0175ca9a1f4b-https-app-notion-com-p/outputs/URP4-1_R09_SLICE005_LABPC_FACTORY_GDRIVE_20260721_R1/factory/R09_SLICE_005_labpc_common.py,a87cf7a1c2d348246c40252b44a217a57e1e869751e466fa8567a3c6e2bc7bcf,2352,2026-07-21T11:24:39+09:00,file-backed evidence; inspect source before upgrading claim
,python_source,outputs/URP4-1_R09_SLICE005_LABPC_FACTORY_GDRIVE_20260721_R1/factory/R09_SLICE_005_labpc_doctor.py,file:///C:/Users/chuck/Documents/Codex/2026-06-22/a2f23dee1d9a824b840a0175ca9a1f4b-https-app-notion-com-p/outputs/URP4-1_R09_SLICE005_LABPC_FACTORY_GDRIVE_20260721_R1/factory/R09_SLICE_005_labpc_doctor.py,5db17f6a75ee4b1c8de64896c51d85c57e70fff83b26a72c2b6ce5337104553e,5651,2026-07-21T11:26:30+09:00,file-backed evidence; inspect source before upgrading claim
,python_source,outputs/URP4-1_R09_SLICE005_LABPC_FACTORY_GDRIVE_20260721_R1/factory/R09_SLICE_005_labpc_runner.py,file:///C:/Users/chuck/Documents/Codex/2026-06-22/a2f23dee1d9a824b840a0175ca9a1f4b-https-app-notion-com-p/outputs/URP4-1_R09_SLICE005_LABPC_FACTORY_GDRIVE_20260721_R1/factory/R09_SLICE_005_labpc_runner.py,0128f6478f2498307ddc9debc840238812d8c7f56955d8c9f67d22eb987746df,5822,2026-07-21T11:27:16+09:00,file-backed evidence; inspect source before upgrading claim
,python_source,outputs/URP4-1_R09_SLICE005_LABPC_FACTORY_GDRIVE_20260721_R1/factory/R09_SLICE_005_labpc_verify.py,file:///C:/Users/chuck/Documents/Codex/2026-06-22/a2f23dee1d9a824b840a0175ca9a1f4b-https-app-notion-com-p/outputs/URP4-1_R09_SLICE005_LABPC_FACTORY_GDRIVE_20260721_R1/factory/R09_SLICE_005_labpc_verify.py,bce7d8f41e529294eb9687dd8357088b81773395cfcf27d9e7afe16fc7b776eb,5776,2026-07-21T11:27:59+09:00,file-backed evidence; inspect source before upgrading claim
,python_source,outputs/URP4-1_R09_SLICE005_LABPC_FACTORY_GDRIVE_20260721_R1/factory/R09_SLICE_005_labpc_worker.py,file:///C:/Users/chuck/Documents/Codex/2026-06-22/a2f23dee1d9a824b840a0175ca9a1f4b-https-app-notion-com-p/outputs/URP4-1_R09_SLICE005_LABPC_FACTORY_GDRIVE_20260721_R1/factory/R09_SLICE_005_labpc_worker.py,8312f1e266ae177bf72fc90a2cf206746d4629968f4c2180a28e99973ab2b8b6,12413,2026-07-21T11:25:51+09:00,file-backed evidence; inspect source before upgrading claim
,python_source,outputs/URP4-1_R09_SLICE005_LABPC_FACTORY_GDRIVE_20260721_R1/urp4/__init__.py,file:///C:/Users/chuck/Documents/Codex/2026-06-22/a2f23dee1d9a824b840a0175ca9a1f4b-https-app-notion-com-p/outputs/URP4-1_R09_SLICE005_LABPC_FACTORY_GDRIVE_20260721_R1/urp4/__init__.py,41b78fc55f3d03cc83fbca1e4279665c463f33f5663ad8f5b57b00fff9a2ca0f,289,2026-07-18T22:33:21+09:00,file-backed evidence; inspect source before upgrading claim
,python_source,outputs/URP4-1_R09_SLICE005_LABPC_FACTORY_GDRIVE_20260721_R1/urp4/contracts/__init__.py,file:///C:/Users/chuck/Documents/Codex/2026-06-22/a2f23dee1d9a824b840a0175ca9a1f4b-https-app-notion-com-p/outputs/URP4-1_R09_SLICE005_LABPC_FACTORY_GDRIVE_20260721_R1/urp4/contracts/__init__.py,e5d6656c731246b64d8359e1d6cbbf8e12c38710d9e83e80dce2cfd8ef28b2b0,506,2026-07-18T22:33:21+09:00,file-backed evidence; inspect source before upgrading claim
,python_source,outputs/URP4-1_R09_SLICE005_LABPC_FACTORY_GDRIVE_20260721_R1/urp4/descriptor_service/__init__.py,file:///C:/Users/chuck/Documents/Codex/2026-06-22/a2f23dee1d9a824b840a0175ca9a1f4b-https-app-notion-com-p/outputs/URP4-1_R09_SLICE005_LABPC_FACTORY_GDRIVE_20260721_R1/urp4/descriptor_service/__init__.py,01b048d500ff1d73db3d568486f02981e5b44278a2fc860e168d03cc64b62dfc,185,2026-07-19T01:01:41+09:00,file-backed evidence; inspect source before upgrading claim
,python_source,outputs/URP4-1_R09_SLICE005_LABPC_FACTORY_GDRIVE_20260721_R1/urp4/generators/__init__.py,file:///C:/Users/chuck/Documents/Codex/2026-06-22/a2f23dee1d9a824b840a0175ca9a1f4b-https-app-notion-com-p/outputs/URP4-1_R09_SLICE005_LABPC_FACTORY_GDRIVE_20260721_R1/urp4/generators/__init__.py,b1bc199d8ce44ea32358466c10b26236b59081037b4372f355309d22327c4f2b,56,2026-07-19T11:03:54+09:00,file-backed evidence; inspect source before upgrading claim
,python_source,outputs/URP4-1_R09_SLICE005_LABPC_FACTORY_GDRIVE_20260721_R1/urp4/integration/__init__.py,file:///C:/Users/chuck/Documents/Codex/2026-06-22/a2f23dee1d9a824b840a0175ca9a1f4b-https-app-notion-com-p/outputs/URP4-1_R09_SLICE005_LABPC_FACTORY_GDRIVE_20260721_R1/urp4/integration/__init__.py,52721082f4f1ca28cf6b8d92bb4a2c2d2c94cbe47cdfbed9bb53a5d60723dd1e,52,2026-07-19T12:57:15+09:00,file-backed evidence; inspect source before upgrading claim
,python_source,outputs/URP4-1_R09_SLICE005_LABPC_FACTORY_GDRIVE_20260721_R1/urp4/legacy_reference/__init__.py,file:///C:/Users/chuck/Documents/Codex/2026-06-22/a2f23dee1d9a824b840a0175ca9a1f4b-https-app-notion-com-p/outputs/URP4-1_R09_SLICE005_LABPC_FACTORY_GDRIVE_20260721_R1/urp4/legacy_reference/__init__.py,40edb40874081713ef16598ede19f63a88e0ef6615b189df40a5e27f9e347b97,79,2026-07-18T23:09:28+09:00,file-backed evidence; inspect source before upgrading claim
,python_source,outputs/URP4-1_R09_SLICE005_LABPC_FACTORY_GDRIVE_20260721_R1/urp4/orchestration/__init__.py,file:///C:/Users/chuck/Documents/Codex/2026-06-22/a2f23dee1d9a824b840a0175ca9a1f4b-https-app-notion-com-p/outputs/URP4-1_R09_SLICE005_LABPC_FACTORY_GDRIVE_20260721_R1/urp4/orchestration/__init__.py,386ddbaff1cd91f26ff404952b6eb959755dfb2e20bc813748e38c945c8065af,38,2026-07-19T15:38:22+09:00,file-backed evidence; inspect source before upgrading claim
,python_source,outputs/URP4-1_R09_SLICE005_LABPC_FACTORY_GDRIVE_20260721_R1/urp4/presentation/__init__.py,file:///C:/Users/chuck/Documents/Codex/2026-06-22/a2f23dee1d9a824b840a0175ca9a1f4b-https-app-notion-com-p/outputs/URP4-1_R09_SLICE005_LABPC_FACTORY_GDRIVE_20260721_R1/urp4/presentation/__init__.py,62f77fac34125db78d4865637faea428ca4879da82b00c843eeae716d4317716,85,2026-07-19T18:13:45+09:00,file-backed evidence; inspect source before upgrading claim
,python_source,outputs/URP4-1_R09_SLICE005_LABPC_FACTORY_GDRIVE_20260721_R1/urp4/training/__init__.py,file:///C:/Users/chuck/Documents/Codex/2026-06-22/a2f23dee1d9a824b840a0175ca9a1f4b-https-app-notion-com-p/outputs/URP4-1_R09_SLICE005_LABPC_FACTORY_GDRIVE_20260721_R1/urp4/training/__init__.py,c361ab611500cad0c7222bdc6d6a7e8717f3a65c4907a2331eb195bea1e75891,165,2026-07-19T15:02:40+09:00,file-backed evidence; inspect source before upgrading claim
,python_source,outputs/URP4-1_R09_SLICE005_LABPC_FACTORY_GDRIVE_20260721_R1/urp4/contracts/v0_1/canonical.py,file:///C:/Users/chuck/Documents/Codex/2026-06-22/a2f23dee1d9a824b840a0175ca9a1f4b-https-app-notion-com-p/outputs/URP4-1_R09_SLICE005_LABPC_FACTORY_GDRIVE_20260721_R1/urp4/contracts/v0_1/canonical.py,16820525e28b5d6a1a8e305a2bf2102e279ae6ae35f76139e4203a1fa41b9ee9,2949,2026-07-18T22:33:21+09:00,file-backed evidence; inspect source before upgrading claim
,python_source,outputs/URP4-1_R09_SLICE005_LABPC_FACTORY_GDRIVE_20260721_R1/urp4/contracts/v0_1/ids.py,file:///C:/Users/chuck/Documents/Codex/2026-06-22/a2f23dee1d9a824b840a0175ca9a1f4b-https-app-notion-com-p/outputs/URP4-1_R09_SLICE005_LABPC_FACTORY_GDRIVE_20260721_R1/urp4/contracts/v0_1/ids.py,0190fafece4f9afb5d1f443f50a972737a727ee186d21789f4c7d1fba8780608,7194,2026-07-18T22:33:21+09:00,file-backed evidence; inspect source before upgrading claim
,python_source,outputs/URP4-1_R09_SLICE005_LABPC_FACTORY_GDRIVE_20260721_R1/urp4/contracts/v0_1/models.py,file:///C:/Users/chuck/Documents/Codex/2026-06-22/a2f23dee1d9a824b840a0175ca9a1f4b-https-app-notion-com-p/outputs/URP4-1_R09_SLICE005_LABPC_FACTORY_GDRIVE_20260721_R1/urp4/contracts/v0_1/models.py,5bf6dc0f4b3cc45ce7d33dd7fa93eef8fa3773a00626830537a3e09863af248a,1304,2026-07-18T22:33:21+09:00,file-backed evidence; inspect source before upgrading claim
,python_source,outputs/URP4-1_R09_SLICE005_LABPC_FACTORY_GDRIVE_20260721_R1/urp4/contracts/v0_1/validation.py,file:///C:/Users/chuck/Documents/Codex/2026-06-22/a2f23dee1d9a824b840a0175ca9a1f4b-https-app-notion-com-p/outputs/URP4-1_R09_SLICE005_LABPC_FACTORY_GDRIVE_20260721_R1/urp4/contracts/v0_1/validation.py,c32983dec08d25942cae055f123912ec8fd25f2d783813e18a461f5ebeff99b6,6526,2026-07-18T22:36:02+09:00,file-backed evidence; inspect source before upgrading claim
,python_source,outputs/URP4-1_R09_SLICE005_LABPC_FACTORY_GDRIVE_20260721_R1/urp4/contracts/v0_1/__init__.py,file:///C:/Users/chuck/Documents/Codex/2026-06-22/a2f23dee1d9a824b840a0175ca9a1f4b-https-app-notion-com-p/outputs/URP4-1_R09_SLICE005_LABPC_FACTORY_GDRIVE_20260721_R1/urp4/contracts/v0_1/__init__.py,0200ae980b28d41d9f61d02455223605a11ce8a4866a9518ed65777a5cbcb201,536,2026-07-18T22:33:21+09:00,file-backed evidence; inspect source before upgrading claim
,python_source,outputs/URP4-1_R09_SLICE005_LABPC_FACTORY_GDRIVE_20260721_R1/urp4/descriptor_service/v0_1/component.py,file:///C:/Users/chuck/Documents/Codex/2026-06-22/a2f23dee1d9a824b840a0175ca9a1f4b-https-app-notion-com-p/outputs/URP4-1_R09_SLICE005_LABPC_FACTORY_GDRIVE_20260721_R1/urp4/descriptor_service/v0_1/component.py,dd395c9e7e90d491181f851ca7afa1c13d0dfc63ec7b6b2be3c5da98b5e764cf,7528,2026-07-19T01:15:27+09:00,file-backed evidence; inspect source before upgrading claim
,python_source,outputs/URP4-1_R09_SLICE005_LABPC_FACTORY_GDRIVE_20260721_R1/urp4/descriptor_service/v0_1/config.py,file:///C:/Users/chuck/Documents/Codex/2026-06-22/a2f23dee1d9a824b840a0175ca9a1f4b-https-app-notion-com-p/outputs/URP4-1_R09_SLICE005_LABPC_FACTORY_GDRIVE_20260721_R1/urp4/descriptor_service/v0_1/config.py,79e72f02b554f7e0780993e7ec0e09f209dbc97b9e0d8f0503cabc2d1bcffaed,1928,2026-07-19T01:14:17+09:00,file-backed evidence; inspect source before upgrading claim
,python_source,outputs/URP4-1_R09_SLICE005_LABPC_FACTORY_GDRIVE_20260721_R1/urp4/descriptor_service/v0_1/contracts.py,file:///C:/Users/chuck/Documents/Codex/2026-06-22/a2f23dee1d9a824b840a0175ca9a1f4b-https-app-notion-com-p/outputs/URP4-1_R09_SLICE005_LABPC_FACTORY_GDRIVE_20260721_R1/urp4/descriptor_service/v0_1/contracts.py,aace4ae6edd9fa276dca1413abbbf26f4c79993b3d63d0c1f4a9e9079786b3f0,12695,2026-07-19T01:04:43+09:00,file-backed evidence; inspect source before upgrading claim
,python_source,outputs/URP4-1_R09_SLICE005_LABPC_FACTORY_GDRIVE_20260721_R1/urp4/descriptor_service/v0_1/formula.py,file:///C:/Users/chuck/Documents/Codex/2026-06-22/a2f23dee1d9a824b840a0175ca9a1f4b-https-app-notion-com-p/outputs/URP4-1_R09_SLICE005_LABPC_FACTORY_GDRIVE_20260721_R1/urp4/descriptor_service/v0_1/formula.py,d72075dcf6b7a3027a4473ffb87047903ecd01db5fc6f366a4bff0e0453a156e,538,2026-07-19T01:15:27+09:00,file-backed evidence; inspect source before upgrading claim
,python_source,outputs/URP4-1_R09_SLICE005_LABPC_FACTORY_GDRIVE_20260721_R1/urp4/descriptor_service/v0_1/geometry.py,file:///C:/Users/chuck/Documents/Codex/2026-06-22/a2f23dee1d9a824b840a0175ca9a1f4b-https-app-notion-com-p/outputs/URP4-1_R09_SLICE005_LABPC_FACTORY_GDRIVE_20260721_R1/urp4/descriptor_service/v0_1/geometry.py,580df093f8790137d79651909e2fb9b36f3f20ba69a26d558b97a5d35b074351,1665,2026-07-19T01:14:17+09:00,file-backed evidence; inspect source before upgrading claim
,python_source,outputs/URP4-1_R09_SLICE005_LABPC_FACTORY_GDRIVE_20260721_R1/urp4/descriptor_service/v0_1/models.py,file:///C:/Users/chuck/Documents/Codex/2026-06-22/a2f23dee1d9a824b840a0175ca9a1f4b-https-app-notion-com-p/outputs/URP4-1_R09_SLICE005_LABPC_FACTORY_GDRIVE_20260721_R1/urp4/descriptor_service/v0_1/models.py,696f747251d4143010cede2c8ef8f72e92262bdd1d08c06a9814da50a220784e,915,2026-07-19T01:01:41+09:00,file-backed evidence; inspect source before upgrading claim
,python_source,outputs/URP4-1_R09_SLICE005_LABPC_FACTORY_GDRIVE_20260721_R1/urp4/descriptor_service/v0_1/pipeline.py,file:///C:/Users/chuck/Documents/Codex/2026-06-22/a2f23dee1d9a824b840a0175ca9a1f4b-https-app-notion-com-p/outputs/URP4-1_R09_SLICE005_LABPC_FACTORY_GDRIVE_20260721_R1/urp4/descriptor_service/v0_1/pipeline.py,1ad4ea50c8e4676848881c8601373239fb185a12c7e5fa041edd7df56248f406,11647,2026-07-19T01:16:28+09:00,file-backed evidence; inspect source before upgrading claim
,python_source,outputs/URP4-1_R09_SLICE005_LABPC_FACTORY_GDRIVE_20260721_R1/urp4/descriptor_service/v0_1/pixel.py,file:///C:/Users/chuck/Documents/Codex/2026-06-22/a2f23dee1d9a824b840a0175ca9a1f4b-https-app-notion-com-p/outputs/URP4-1_R09_SLICE005_LABPC_FACTORY_GDRIVE_20260721_R1/urp4/descriptor_service/v0_1/pixel.py,3cd37430c720e4d6a572d1787c7f5c0a917965ea56aa451cd4b11ce945db6d72,3019,2026-07-19T01:14:17+09:00,file-backed evidence; inspect source before upgrading claim
,python_source,outputs/URP4-1_R09_SLICE005_LABPC_FACTORY_GDRIVE_20260721_R1/urp4/descriptor_service/v0_1/population.py,file:///C:/Users/chuck/Documents/Codex/2026-06-22/a2f23dee1d9a824b840a0175ca9a1f4b-https-app-notion-com-p/outputs/URP4-1_R09_SLICE005_LABPC_FACTORY_GDRIVE_20260721_R1/urp4/descriptor_service/v0_1/population.py,20fa690cc3acbb0b47569524694f339c25239a2359771b8a3cbb7c513b4e3478,1574,2026-07-19T01:17:19+09:00,file-backed evidence; inspect source before upgrading claim
,python_source,outputs/URP4-1_R09_SLICE005_LABPC_FACTORY_GDRIVE_20260721_R1/urp4/descriptor_service/v0_1/qa.py,file:///C:/Users/chuck/Documents/Codex/2026-06-22/a2f23dee1d9a824b840a0175ca9a1f4b-https-app-notion-com-p/outputs/URP4-1_R09_SLICE005_LABPC_FACTORY_GDRIVE_20260721_R1/urp4/descriptor_service/v0_1/qa.py,ceae088b19475ea7a8d5b32a04650805670e3ea5db0c8470b27722a706c90e2a,3121,2026-07-19T01:15:27+09:00,file-backed evidence; inspect source before upgrading claim
,python_source,outputs/URP4-1_R09_SLICE005_LABPC_FACTORY_GDRIVE_20260721_R1/urp4/descriptor_service/v0_1/run139.py,file:///C:/Users/chuck/Documents/Codex/2026-06-22/a2f23dee1d9a824b840a0175ca9a1f4b-https-app-notion-com-p/outputs/URP4-1_R09_SLICE005_LABPC_FACTORY_GDRIVE_20260721_R1/urp4/descriptor_service/v0_1/run139.py,3d6b3b4c14ab0bd00f242a52b62704f519a740d247e9404bf1ca36624f56537a,10373,2026-07-19T01:04:43+09:00,file-backed evidence; inspect source before upgrading claim
,python_source,outputs/URP4-1_R09_SLICE005_LABPC_FACTORY_GDRIVE_20260721_R1/urp4/descriptor_service/v0_1/service.py,file:///C:/Users/chuck/Documents/Codex/2026-06-22/a2f23dee1d9a824b840a0175ca9a1f4b-https-app-notion-com-p/outputs/URP4-1_R09_SLICE005_LABPC_FACTORY_GDRIVE_20260721_R1/urp4/descriptor_service/v0_1/service.py,37406a1004478b340297d3ce36408ea09682fd73d8e15f9411f218535db93d81,8707,2026-07-19T01:17:07+09:00,file-backed evidence; inspect source before upgrading claim
,python_source,outputs/URP4-1_R09_SLICE005_LABPC_FACTORY_GDRIVE_20260721_R1/urp4/descriptor_service/v0_1/slicing.py,file:///C:/Users/chuck/Documents/Codex/2026-06-22/a2f23dee1d9a824b840a0175ca9a1f4b-https-app-notion-com-p/outputs/URP4-1_R09_SLICE005_LABPC_FACTORY_GDRIVE_20260721_R1/urp4/descriptor_service/v0_1/slicing.py,9ab4213007b716f8ed361a6aecbbac7a8e5251459c6ff0feebac2e74dbc942ff,3461,2026-07-19T01:14:17+09:00,file-backed evidence; inspect source before upgrading claim
,python_source,outputs/URP4-1_R09_SLICE005_LABPC_FACTORY_GDRIVE_20260721_R1/urp4/descriptor_service/v0_1/__init__.py,file:///C:/Users/chuck/Documents/Codex/2026-06-22/a2f23dee1d9a824b840a0175ca9a1f4b-https-app-notion-com-p/outputs/URP4-1_R09_SLICE005_LABPC_FACTORY_GDRIVE_20260721_R1/urp4/descriptor_service/v0_1/__init__.py,6ee99b579e324aa8b52b04abbdf50725fc10b8d1caac0046a699088093e4d118,462,2026-07-19T01:17:19+09:00,file-backed evidence; inspect source before upgrading claim
,python_source,outputs/URP4-1_R09_SLICE005_LABPC_FACTORY_GDRIVE_20260721_R1/urp4/generators/lattice_typeab/__init__.py,file:///C:/Users/chuck/Documents/Codex/2026-06-22/a2f23dee1d9a824b840a0175ca9a1f4b-https-app-notion-com-p/outputs/URP4-1_R09_SLICE005_LABPC_FACTORY_GDRIVE_20260721_R1/urp4/generators/lattice_typeab/__init__.py,8d5fa45ab24ab7db58b60de6f8d2cee67d79b9a2b0aa750f862ec090adde317f,42,2026-07-19T11:03:54+09:00,file-backed evidence; inspect source before upgrading claim
,python_source,outputs/URP4-1_R09_SLICE005_LABPC_FACTORY_GDRIVE_20260721_R1/urp4/generators/tpms_multiwall/__init__.py,file:///C:/Users/chuck/Documents/Codex/2026-06-22/a2f23dee1d9a824b840a0175ca9a1f4b-https-app-notion-com-p/outputs/URP4-1_R09_SLICE005_LABPC_FACTORY_GDRIVE_20260721_R1/urp4/generators/tpms_multiwall/__init__.py,eda7ea70e2d2b1c17b03db3ac9efc6553dcfe8055064051e8e478fc5e0ee3b4e,51,2026-07-19T11:45:20+09:00,file-backed evidence; inspect source before upgrading claim
,python_source,outputs/URP4-1_R09_SLICE005_LABPC_FACTORY_GDRIVE_20260721_R1/urp4/generators/voxel/__init__.py,file:///C:/Users/chuck/Documents/Codex/2026-06-22/a2f23dee1d9a824b840a0175ca9a1f4b-https-app-notion-com-p/outputs/URP4-1_R09_SLICE005_LABPC_FACTORY_GDRIVE_20260721_R1/urp4/generators/voxel/__init__.py,77bffa1484a9d40a024634dd15f75dcaf4c303bc4ca13a618c7f8b0e5017b8ea,42,2026-07-19T12:24:01+09:00,file-backed evidence; inspect source before upgrading claim
,python_source,outputs/URP4-1_R09_SLICE005_LABPC_FACTORY_GDRIVE_20260721_R1/urp4/generators/lattice_typeab/v0_1/contracts.py,file:///C:/Users/chuck/Documents/Codex/2026-06-22/a2f23dee1d9a824b840a0175ca9a1f4b-https-app-notion-com-p/outputs/URP4-1_R09_SLICE005_LABPC_FACTORY_GDRIVE_20260721_R1/urp4/generators/lattice_typeab/v0_1/contracts.py,5d72d419433baf8a9d6e9e862beac223d00dc481849a4c82cab326797af29f20,6185,2026-07-19T11:03:54+09:00,file-backed evidence; inspect source before upgrading claim
,python_source,outputs/URP4-1_R09_SLICE005_LABPC_FACTORY_GDRIVE_20260721_R1/urp4/generators/lattice_typeab/v0_1/descriptors.py,file:///C:/Users/chuck/Documents/Codex/2026-06-22/a2f23dee1d9a824b840a0175ca9a1f4b-https-app-notion-com-p/outputs/URP4-1_R09_SLICE005_LABPC_FACTORY_GDRIVE_20260721_R1/urp4/generators/lattice_typeab/v0_1/descriptors.py,57707bc9ff020f2aa5fa1e530b45299e81f84890de3edb3b93640d926be4c0f1,6780,2026-07-19T11:11:12+09:00,file-backed evidence; inspect source before upgrading claim
,python_source,outputs/URP4-1_R09_SLICE005_LABPC_FACTORY_GDRIVE_20260721_R1/urp4/generators/lattice_typeab/v0_1/exporters.py,file:///C:/Users/chuck/Documents/Codex/2026-06-22/a2f23dee1d9a824b840a0175ca9a1f4b-https-app-notion-com-p/outputs/URP4-1_R09_SLICE005_LABPC_FACTORY_GDRIVE_20260721_R1/urp4/generators/lattice_typeab/v0_1/exporters.py,4a9b7b32f642cbb2717d562095f0ff22ba3de88b820747b61b8f0326934bb6c7,6292,2026-07-19T11:10:33+09:00,file-backed evidence; inspect source before upgrading claim
,python_source,outputs/URP4-1_R09_SLICE005_LABPC_FACTORY_GDRIVE_20260721_R1/urp4/generators/lattice_typeab/v0_1/graph.py,file:///C:/Users/chuck/Documents/Codex/2026-06-22/a2f23dee1d9a824b840a0175ca9a1f4b-https-app-notion-com-p/outputs/URP4-1_R09_SLICE005_LABPC_FACTORY_GDRIVE_20260721_R1/urp4/generators/lattice_typeab/v0_1/graph.py,13e23d2c957b476caf4c3fa0abe8efda78918f0407344feddf0e690bea46772e,11166,2026-07-19T11:03:54+09:00,file-backed evidence; inspect source before upgrading claim
,python_source,outputs/URP4-1_R09_SLICE005_LABPC_FACTORY_GDRIVE_20260721_R1/urp4/generators/lattice_typeab/v0_1/models.py,file:///C:/Users/chuck/Documents/Codex/2026-06-22/a2f23dee1d9a824b840a0175ca9a1f4b-https-app-notion-com-p/outputs/URP4-1_R09_SLICE005_LABPC_FACTORY_GDRIVE_20260721_R1/urp4/generators/lattice_typeab/v0_1/models.py,66329e2be7acb255f68a4d508c3931a6be9cbc41e4a3f053a6554cecb1ad4bcf,4834,2026-07-19T11:03:54+09:00,file-backed evidence; inspect source before upgrading claim
,python_source,outputs/URP4-1_R09_SLICE005_LABPC_FACTORY_GDRIVE_20260721_R1/urp4/generators/lattice_typeab/v0_1/plugin.py,file:///C:/Users/chuck/Documents/Codex/2026-06-22/a2f23dee1d9a824b840a0175ca9a1f4b-https-app-notion-com-p/outputs/URP4-1_R09_SLICE005_LABPC_FACTORY_GDRIVE_20260721_R1/urp4/generators/lattice_typeab/v0_1/plugin.py,bfe0d52005118603dccef6ae027aa8ca4a17da77a2248e36e020c03336126ab7,4674,2026-07-19T11:03:54+09:00,file-backed evidence; inspect source before upgrading claim
,python_source,outputs/URP4-1_R09_SLICE005_LABPC_FACTORY_GDRIVE_20260721_R1/urp4/generators/lattice_typeab/v0_1/type_b.py,file:///C:/Users/chuck/Documents/Codex/2026-06-22/a2f23dee1d9a824b840a0175ca9a1f4b-https-app-notion-com-p/outputs/URP4-1_R09_SLICE005_LABPC_FACTORY_GDRIVE_20260721_R1/urp4/generators/lattice_typeab/v0_1/type_b.py,997606649e41d354c6b894c367d4445cd0e9a7e1cd8d98b8629b1a6766967d08,6725,2026-07-19T11:03:54+09:00,file-backed evidence; inspect source before upgrading claim
,python_source,outputs/URP4-1_R09_SLICE005_LABPC_FACTORY_GDRIVE_20260721_R1/urp4/generators/lattice_typeab/v0_1/__init__.py,file:///C:/Users/chuck/Documents/Codex/2026-06-22/a2f23dee1d9a824b840a0175ca9a1f4b-https-app-notion-com-p/outputs/URP4-1_R09_SLICE005_LABPC_FACTORY_GDRIVE_20260721_R1/urp4/generators/lattice_typeab/v0_1/__init__.py,e420e61f8109bea1c5409ac874ae0e32428363a3426493cda88dcd976369afcb,563,2026-07-19T11:03:54+09:00,file-backed evidence; inspect source before upgrading claim
,python_source,outputs/URP4-1_R09_SLICE005_LABPC_FACTORY_GDRIVE_20260721_R1/urp4/generators/tpms_multiwall/v0_1/contracts.py,file:///C:/Users/chuck/Documents/Codex/2026-06-22/a2f23dee1d9a824b840a0175ca9a1f4b-https-app-notion-com-p/outputs/URP4-1_R09_SLICE005_LABPC_FACTORY_GDRIVE_20260721_R1/urp4/generators/tpms_multiwall/v0_1/contracts.py,4f13555ca9713513d5449fe6dfef7a2a642c28fa1bab85ff1ef137bafe73b8ec,7115,2026-07-19T11:48:45+09:00,file-backed evidence; inspect source before upgrading claim
,python_source,outputs/URP4-1_R09_SLICE005_LABPC_FACTORY_GDRIVE_20260721_R1/urp4/generators/tpms_multiwall/v0_1/exporters.py,file:///C:/Users/chuck/Documents/Codex/2026-06-22/a2f23dee1d9a824b840a0175ca9a1f4b-https-app-notion-com-p/outputs/URP4-1_R09_SLICE005_LABPC_FACTORY_GDRIVE_20260721_R1/urp4/generators/tpms_multiwall/v0_1/exporters.py,a21ef77ccce5328efc5091e9ed6e3a35aeed91b9ff656c1ddb87129fe9248c50,3358,2026-07-19T11:55:02+09:00,file-backed evidence; inspect source before upgrading claim
,python_source,outputs/URP4-1_R09_SLICE005_LABPC_FACTORY_GDRIVE_20260721_R1/urp4/generators/tpms_multiwall/v0_1/fields.py,file:///C:/Users/chuck/Documents/Codex/2026-06-22/a2f23dee1d9a824b840a0175ca9a1f4b-https-app-notion-com-p/outputs/URP4-1_R09_SLICE005_LABPC_FACTORY_GDRIVE_20260721_R1/urp4/generators/tpms_multiwall/v0_1/fields.py,e9a3e0c460252e6d437148eb0d1ee4257b8ead1c94d9d5bd3cffff0ee711c08d,3515,2026-07-19T11:46:08+09:00,file-backed evidence; inspect source before upgrading claim
,python_source,outputs/URP4-1_R09_SLICE005_LABPC_FACTORY_GDRIVE_20260721_R1/urp4/generators/tpms_multiwall/v0_1/masking.py,file:///C:/Users/chuck/Documents/Codex/2026-06-22/a2f23dee1d9a824b840a0175ca9a1f4b-https-app-notion-com-p/outputs/URP4-1_R09_SLICE005_LABPC_FACTORY_GDRIVE_20260721_R1/urp4/generators/tpms_multiwall/v0_1/masking.py,10ab73bd146669120350cede967a9f2a87745ab1553d1b97e10b576319e01512,14991,2026-07-19T11:47:37+09:00,file-backed evidence; inspect source before upgrading claim
,python_source,outputs/URP4-1_R09_SLICE005_LABPC_FACTORY_GDRIVE_20260721_R1/urp4/generators/tpms_multiwall/v0_1/models.py,file:///C:/Users/chuck/Documents/Codex/2026-06-22/a2f23dee1d9a824b840a0175ca9a1f4b-https-app-notion-com-p/outputs/URP4-1_R09_SLICE005_LABPC_FACTORY_GDRIVE_20260721_R1/urp4/generators/tpms_multiwall/v0_1/models.py,fff4adfc7f91fd372958635c8cbfea52f0920af200e0dfc23be9f2ce2b25d9ad,7197,2026-07-19T11:45:20+09:00,file-backed evidence; inspect source before upgrading claim
,python_source,outputs/URP4-1_R09_SLICE005_LABPC_FACTORY_GDRIVE_20260721_R1/urp4/generators/tpms_multiwall/v0_1/plugin.py,file:///C:/Users/chuck/Documents/Codex/2026-06-22/a2f23dee1d9a824b840a0175ca9a1f4b-https-app-notion-com-p/outputs/URP4-1_R09_SLICE005_LABPC_FACTORY_GDRIVE_20260721_R1/urp4/generators/tpms_multiwall/v0_1/plugin.py,6de380d4faf01b38e3da8ea5a5dd650e72c74b0f084b7aa023f5c5208dcc02bc,5852,2026-07-19T11:49:19+09:00,file-backed evidence; inspect source before upgrading claim
,python_source,outputs/URP4-1_R09_SLICE005_LABPC_FACTORY_GDRIVE_20260721_R1/urp4/generators/tpms_multiwall/v0_1/registry.py,file:///C:/Users/chuck/Documents/Codex/2026-06-22/a2f23dee1d9a824b840a0175ca9a1f4b-https-app-notion-com-p/outputs/URP4-1_R09_SLICE005_LABPC_FACTORY_GDRIVE_20260721_R1/urp4/generators/tpms_multiwall/v0_1/registry.py,5f5b59a3e8f19644c7e8ea81850eb6141a248f4cb96b68b41e561894544ecb99,2723,2026-07-19T11:46:08+09:00,file-backed evidence; inspect source before upgrading claim
,python_source,outputs/URP4-1_R09_SLICE005_LABPC_FACTORY_GDRIVE_20260721_R1/urp4/generators/tpms_multiwall/v0_1/__init__.py,file:///C:/Users/chuck/Documents/Codex/2026-06-22/a2f23dee1d9a824b840a0175ca9a1f4b-https-app-notion-com-p/outputs/URP4-1_R09_SLICE005_LABPC_FACTORY_GDRIVE_20260721_R1/urp4/generators/tpms_multiwall/v0_1/__init__.py,e9210e752e22985137682fb1abcf501c575f30c86cb60e2e6a25d8891b42732c,660,2026-07-19T11:45:20+09:00,file-backed evidence; inspect source before upgrading claim
,python_source,outputs/URP4-1_R09_SLICE005_LABPC_FACTORY_GDRIVE_20260721_R1/urp4/generators/voxel/v0_1/contracts.py,file:///C:/Users/chuck/Documents/Codex/2026-06-22/a2f23dee1d9a824b840a0175ca9a1f4b-https-app-notion-com-p/outputs/URP4-1_R09_SLICE005_LABPC_FACTORY_GDRIVE_20260721_R1/urp4/generators/voxel/v0_1/contracts.py,9bef1c6e8e41962fd6b02e9d45490c37abbd2378f6638f8c45e0b9ced8e7a86f,6536,2026-07-19T12:27:35+09:00,file-backed evidence; inspect source before upgrading claim
,python_source,outputs/URP4-1_R09_SLICE005_LABPC_FACTORY_GDRIVE_20260721_R1/urp4/generators/voxel/v0_1/exporters.py,file:///C:/Users/chuck/Documents/Codex/2026-06-22/a2f23dee1d9a824b840a0175ca9a1f4b-https-app-notion-com-p/outputs/URP4-1_R09_SLICE005_LABPC_FACTORY_GDRIVE_20260721_R1/urp4/generators/voxel/v0_1/exporters.py,f8eec2c0393806325467d224cee5897301ad2bbe4cfceacbcf4b9b553cb9317e,3127,2026-07-19T12:24:01+09:00,file-backed evidence; inspect source before upgrading claim
,python_source,outputs/URP4-1_R09_SLICE005_LABPC_FACTORY_GDRIVE_20260721_R1/urp4/generators/voxel/v0_1/kernel.py,file:///C:/Users/chuck/Documents/Codex/2026-06-22/a2f23dee1d9a824b840a0175ca9a1f4b-https-app-notion-com-p/outputs/URP4-1_R09_SLICE005_LABPC_FACTORY_GDRIVE_20260721_R1/urp4/generators/voxel/v0_1/kernel.py,664c73be3bc4609b0407baadf18bd9a4e69b788772e3724f2ae6d99a8952ca0a,1852,2026-07-19T12:25:00+09:00,file-backed evidence; inspect source before upgrading claim
,python_source,outputs/URP4-1_R09_SLICE005_LABPC_FACTORY_GDRIVE_20260721_R1/urp4/generators/voxel/v0_1/models.py,file:///C:/Users/chuck/Documents/Codex/2026-06-22/a2f23dee1d9a824b840a0175ca9a1f4b-https-app-notion-com-p/outputs/URP4-1_R09_SLICE005_LABPC_FACTORY_GDRIVE_20260721_R1/urp4/generators/voxel/v0_1/models.py,12c5b353be0007c51ca0a29cd9f8c886eb70c25f3ae3b8622e100d6c9f87b13b,7716,2026-07-19T12:25:44+09:00,file-backed evidence; inspect source before upgrading claim
,python_source,outputs/URP4-1_R09_SLICE005_LABPC_FACTORY_GDRIVE_20260721_R1/urp4/generators/voxel/v0_1/plugin.py,file:///C:/Users/chuck/Documents/Codex/2026-06-22/a2f23dee1d9a824b840a0175ca9a1f4b-https-app-notion-com-p/outputs/URP4-1_R09_SLICE005_LABPC_FACTORY_GDRIVE_20260721_R1/urp4/generators/voxel/v0_1/plugin.py,fc8e30927988c085d6df0b6400f2caf3f4f4d8f39cc17bc230074db014088ca7,5751,2026-07-19T12:24:01+09:00,file-backed evidence; inspect source before upgrading claim
,python_source,outputs/URP4-1_R09_SLICE005_LABPC_FACTORY_GDRIVE_20260721_R1/urp4/generators/voxel/v0_1/registry.py,file:///C:/Users/chuck/Documents/Codex/2026-06-22/a2f23dee1d9a824b840a0175ca9a1f4b-https-app-notion-com-p/outputs/URP4-1_R09_SLICE005_LABPC_FACTORY_GDRIVE_20260721_R1/urp4/generators/voxel/v0_1/registry.py,3d230edc0495b864a87134958967d3aed71b4c9cb8441567f714c77240f9a475,2183,2026-07-19T12:25:44+09:00,file-backed evidence; inspect source before upgrading claim
,python_source,outputs/URP4-1_R09_SLICE005_LABPC_FACTORY_GDRIVE_20260721_R1/urp4/generators/voxel/v0_1/source_kernel.py,file:///C:/Users/chuck/Documents/Codex/2026-06-22/a2f23dee1d9a824b840a0175ca9a1f4b-https-app-notion-com-p/outputs/URP4-1_R09_SLICE005_LABPC_FACTORY_GDRIVE_20260721_R1/urp4/generators/voxel/v0_1/source_kernel.py,db50808bc205f6b13a366ac88dd0ec5a31d23a36cef1b96e46489394f5164543,6084,2026-07-19T12:24:41+09:00,file-backed evidence; inspect source before upgrading claim
,python_source,outputs/URP4-1_R09_SLICE005_LABPC_FACTORY_GDRIVE_20260721_R1/urp4/generators/voxel/v0_1/__init__.py,file:///C:/Users/chuck/Documents/Codex/2026-06-22/a2f23dee1d9a824b840a0175ca9a1f4b-https-app-notion-com-p/outputs/URP4-1_R09_SLICE005_LABPC_FACTORY_GDRIVE_20260721_R1/urp4/generators/voxel/v0_1/__init__.py,4792eb5b2783c2f8c91dfa419037d00a8c420d221e7df632db30756ea417f6c7,429,2026-07-19T12:24:01+09:00,file-backed evidence; inspect source before upgrading claim
,python_source,outputs/URP4-1_R09_SLICE005_LABPC_FACTORY_GDRIVE_20260721_R1/urp4/integration/theta_geometry_x/__init__.py,file:///C:/Users/chuck/Documents/Codex/2026-06-22/a2f23dee1d9a824b840a0175ca9a1f4b-https-app-notion-com-p/outputs/URP4-1_R09_SLICE005_LABPC_FACTORY_GDRIVE_20260721_R1/urp4/integration/theta_geometry_x/__init__.py,f7451227d19b6f698751f99c14b367936f722d2b73f6adbc0742d3c4d946f41c,59,2026-07-19T12:57:15+09:00,file-backed evidence; inspect source before upgrading claim
,python_source,outputs/URP4-1_R09_SLICE005_LABPC_FACTORY_GDRIVE_20260721_R1/urp4/integration/theta_geometry_x/v0_1/models.py,file:///C:/Users/chuck/Documents/Codex/2026-06-22/a2f23dee1d9a824b840a0175ca9a1f4b-https-app-notion-com-p/outputs/URP4-1_R09_SLICE005_LABPC_FACTORY_GDRIVE_20260721_R1/urp4/integration/theta_geometry_x/v0_1/models.py,f06cb39a6bde97dceacb5183f07a7e66b552494c0de755cec3e8c5595bd89405,1834,2026-07-19T12:57:15+09:00,file-backed evidence; inspect source before upgrading claim
,python_source,outputs/URP4-1_R09_SLICE005_LABPC_FACTORY_GDRIVE_20260721_R1/urp4/integration/theta_geometry_x/v0_1/registry.py,file:///C:/Users/chuck/Documents/Codex/2026-06-22/a2f23dee1d9a824b840a0175ca9a1f4b-https-app-notion-com-p/outputs/URP4-1_R09_SLICE005_LABPC_FACTORY_GDRIVE_20260721_R1/urp4/integration/theta_geometry_x/v0_1/registry.py,602fe729d063bbf5c1bc0a0faf7571a56678bf6b99a9d76c3ebec743c1e8bbcd,19827,2026-07-19T12:59:12+09:00,file-backed evidence; inspect source before upgrading claim
,python_source,outputs/URP4-1_R09_SLICE005_LABPC_FACTORY_GDRIVE_20260721_R1/urp4/integration/theta_geometry_x/v0_1/validation.py,file:///C:/Users/chuck/Documents/Codex/2026-06-22/a2f23dee1d9a824b840a0175ca9a1f4b-https-app-notion-com-p/outputs/URP4-1_R09_SLICE005_LABPC_FACTORY_GDRIVE_20260721_R1/urp4/integration/theta_geometry_x/v0_1/validation.py,1dc404bf52d27d41690ba6e3b9f234660136b366180a10a4c91c9f888b90013b,10743,2026-07-19T12:57:15+09:00,file-backed evidence; inspect source before upgrading claim
,python_source,outputs/URP4-1_R09_SLICE005_LABPC_FACTORY_GDRIVE_20260721_R1/urp4/integration/theta_geometry_x/v0_1/__init__.py,file:///C:/Users/chuck/Documents/Codex/2026-06-22/a2f23dee1d9a824b840a0175ca9a1f4b-https-app-notion-com-p/outputs/URP4-1_R09_SLICE005_LABPC_FACTORY_GDRIVE_20260721_R1/urp4/integration/theta_geometry_x/v0_1/__init__.py,60b68dcd0de8c3bb58b4003b71f997e34c05f617731343ec428d287d236d2535,559,2026-07-19T12:57:15+09:00,file-backed evidence; inspect source before upgrading claim
,python_source,outputs/URP4-1_R09_SLICE005_LABPC_FACTORY_GDRIVE_20260721_R1/urp4/legacy_reference/v0_1/adapters.py,file:///C:/Users/chuck/Documents/Codex/2026-06-22/a2f23dee1d9a824b840a0175ca9a1f4b-https-app-notion-com-p/outputs/URP4-1_R09_SLICE005_LABPC_FACTORY_GDRIVE_20260721_R1/urp4/legacy_reference/v0_1/adapters.py,1ca9b01efd72e9a0772cce1a53562b88bf4b87e6c5b6fc1890a5872a94c0e32f,10283,2026-07-18T23:09:28+09:00,file-backed evidence; inspect source before upgrading claim
,python_source,outputs/URP4-1_R09_SLICE005_LABPC_FACTORY_GDRIVE_20260721_R1/urp4/legacy_reference/v0_1/loader.py,file:///C:/Users/chuck/Documents/Codex/2026-06-22/a2f23dee1d9a824b840a0175ca9a1f4b-https-app-notion-com-p/outputs/URP4-1_R09_SLICE005_LABPC_FACTORY_GDRIVE_20260721_R1/urp4/legacy_reference/v0_1/loader.py,00d64b51fa4dba7f0da68da2dc9ab638e04d493aa9319775a76b918c32c48f99,4717,2026-07-18T23:09:28+09:00,file-backed evidence; inspect source before upgrading claim
,python_source,outputs/URP4-1_R09_SLICE005_LABPC_FACTORY_GDRIVE_20260721_R1/urp4/legacy_reference/v0_1/__init__.py,file:///C:/Users/chuck/Documents/Codex/2026-06-22/a2f23dee1d9a824b840a0175ca9a1f4b-https-app-notion-com-p/outputs/URP4-1_R09_SLICE005_LABPC_FACTORY_GDRIVE_20260721_R1/urp4/legacy_reference/v0_1/__init__.py,975634194bfffed775ae6da5a1e4a84cc19c94b70bb3bb2ba06408240e6d550e,433,2026-07-18T23:09:28+09:00,file-backed evidence; inspect source before upgrading claim
,python_source,outputs/URP4-1_R09_SLICE005_LABPC_FACTORY_GDRIVE_20260721_R1/urp4/orchestration/v0_1/engine.py,file:///C:/Users/chuck/Documents/Codex/2026-06-22/a2f23dee1d9a824b840a0175ca9a1f4b-https-app-notion-com-p/outputs/URP4-1_R09_SLICE005_LABPC_FACTORY_GDRIVE_20260721_R1/urp4/orchestration/v0_1/engine.py,2543825d957b78fd045ebbe6fb2ddd6004a7d3ba053a701ffe36d9e948b3ec43,8604,2026-07-19T15:39:22+09:00,file-backed evidence; inspect source before upgrading claim
,python_source,outputs/URP4-1_R09_SLICE005_LABPC_FACTORY_GDRIVE_20260721_R1/urp4/orchestration/v0_1/models.py,file:///C:/Users/chuck/Documents/Codex/2026-06-22/a2f23dee1d9a824b840a0175ca9a1f4b-https-app-notion-com-p/outputs/URP4-1_R09_SLICE005_LABPC_FACTORY_GDRIVE_20260721_R1/urp4/orchestration/v0_1/models.py,f64c7c809d0942591125c49eb7f296f1732c780c95c6c6f1ce7cee88b2b00e53,3324,2026-07-19T15:38:22+09:00,file-backed evidence; inspect source before upgrading claim
,python_source,outputs/URP4-1_R09_SLICE005_LABPC_FACTORY_GDRIVE_20260721_R1/urp4/orchestration/v0_1/registry.py,file:///C:/Users/chuck/Documents/Codex/2026-06-22/a2f23dee1d9a824b840a0175ca9a1f4b-https-app-notion-com-p/outputs/URP4-1_R09_SLICE005_LABPC_FACTORY_GDRIVE_20260721_R1/urp4/orchestration/v0_1/registry.py,4f3aed7bf10d25f1b4d9271ff18018761c05703c791413dcc227d547753ca2b1,6465,2026-07-19T15:38:51+09:00,file-backed evidence; inspect source before upgrading claim
,python_source,outputs/URP4-1_R09_SLICE005_LABPC_FACTORY_GDRIVE_20260721_R1/urp4/orchestration/v0_1/__init__.py,file:///C:/Users/chuck/Documents/Codex/2026-06-22/a2f23dee1d9a824b840a0175ca9a1f4b-https-app-notion-com-p/outputs/URP4-1_R09_SLICE005_LABPC_FACTORY_GDRIVE_20260721_R1/urp4/orchestration/v0_1/__init__.py,a3015746509a2c8b997ab91ce343ca8a79edc9578aa90e5c574bc8599a21ef7b,736,2026-07-19T15:38:22+09:00,file-backed evidence; inspect source before upgrading claim
,python_source,outputs/URP4-1_R09_SLICE005_LABPC_FACTORY_GDRIVE_20260721_R1/urp4/presentation/v0_1/canonical.py,file:///C:/Users/chuck/Documents/Codex/2026-06-22/a2f23dee1d9a824b840a0175ca9a1f4b-https-app-notion-com-p/outputs/URP4-1_R09_SLICE005_LABPC_FACTORY_GDRIVE_20260721_R1/urp4/presentation/v0_1/canonical.py,59e904ea7a6440b51811cba677bba2a045523952fd6d43441857530db7820246,1471,2026-07-19T18:13:45+09:00,file-backed evidence; inspect source before upgrading claim
,python_source,outputs/URP4-1_R09_SLICE005_LABPC_FACTORY_GDRIVE_20260721_R1/urp4/presentation/v0_1/dry_run.py,file:///C:/Users/chuck/Documents/Codex/2026-06-22/a2f23dee1d9a824b840a0175ca9a1f4b-https-app-notion-com-p/outputs/URP4-1_R09_SLICE005_LABPC_FACTORY_GDRIVE_20260721_R1/urp4/presentation/v0_1/dry_run.py,6e48c229ef254e68316a37ab12e4f9f6f3687a05fd52f19be89f88ce911c8998,28137,2026-07-20T10:35:20+09:00,file-backed evidence; inspect source before upgrading claim
,python_source,outputs/URP4-1_R09_SLICE005_LABPC_FACTORY_GDRIVE_20260721_R1/urp4/presentation/v0_1/ids.py,file:///C:/Users/chuck/Documents/Codex/2026-06-22/a2f23dee1d9a824b840a0175ca9a1f4b-https-app-notion-com-p/outputs/URP4-1_R09_SLICE005_LABPC_FACTORY_GDRIVE_20260721_R1/urp4/presentation/v0_1/ids.py,cf5442d95f1dd18b1e5d76649fd9474abdea5a68c125edaaed0e0aaa78483ffc,7603,2026-07-19T18:22:38+09:00,file-backed evidence; inspect source before upgrading claim
,python_source,outputs/URP4-1_R09_SLICE005_LABPC_FACTORY_GDRIVE_20260721_R1/urp4/presentation/v0_1/ledger.py,file:///C:/Users/chuck/Documents/Codex/2026-06-22/a2f23dee1d9a824b840a0175ca9a1f4b-https-app-notion-com-p/outputs/URP4-1_R09_SLICE005_LABPC_FACTORY_GDRIVE_20260721_R1/urp4/presentation/v0_1/ledger.py,3504542c233e261a964169db740b3dfa36ba3cc4a63111a7868247871c85100e,14766,2026-07-19T18:33:30+09:00,file-backed evidence; inspect source before upgrading claim
,python_source,outputs/URP4-1_R09_SLICE005_LABPC_FACTORY_GDRIVE_20260721_R1/urp4/presentation/v0_1/p2_preflight.py,file:///C:/Users/chuck/Documents/Codex/2026-06-22/a2f23dee1d9a824b840a0175ca9a1f4b-https-app-notion-com-p/outputs/URP4-1_R09_SLICE005_LABPC_FACTORY_GDRIVE_20260721_R1/urp4/presentation/v0_1/p2_preflight.py,535dbd1ff190edebc14256bb4f83f5189ec0e892ef7c1d52fd894e5a1c61861b,40840,2026-07-20T10:40:26+09:00,file-backed evidence; inspect source before upgrading claim
,python_source,outputs/URP4-1_R09_SLICE005_LABPC_FACTORY_GDRIVE_20260721_R1/urp4/presentation/v0_1/registrar.py,file:///C:/Users/chuck/Documents/Codex/2026-06-22/a2f23dee1d9a824b840a0175ca9a1f4b-https-app-notion-com-p/outputs/URP4-1_R09_SLICE005_LABPC_FACTORY_GDRIVE_20260721_R1/urp4/presentation/v0_1/registrar.py,98ec8a8dab0d779544c043708f9dc452af2562d0ac424c98984442c701d8d76c,21274,2026-07-19T18:27:06+09:00,file-backed evidence; inspect source before upgrading claim
,python_source,outputs/URP4-1_R09_SLICE005_LABPC_FACTORY_GDRIVE_20260721_R1/urp4/presentation/v0_1/scheduling.py,file:///C:/Users/chuck/Documents/Codex/2026-06-22/a2f23dee1d9a824b840a0175ca9a1f4b-https-app-notion-com-p/outputs/URP4-1_R09_SLICE005_LABPC_FACTORY_GDRIVE_20260721_R1/urp4/presentation/v0_1/scheduling.py,bb06fe610818a18cb1b4d8a39de196bcbd559fabb9703969568b8726cd43f85a,5634,2026-07-19T18:21:01+09:00,file-backed evidence; inspect source before upgrading claim
,python_source,outputs/URP4-1_R09_SLICE005_LABPC_FACTORY_GDRIVE_20260721_R1/urp4/presentation/v0_1/snapshot.py,file:///C:/Users/chuck/Documents/Codex/2026-06-22/a2f23dee1d9a824b840a0175ca9a1f4b-https-app-notion-com-p/outputs/URP4-1_R09_SLICE005_LABPC_FACTORY_GDRIVE_20260721_R1/urp4/presentation/v0_1/snapshot.py,3f1832435e4997034c8abd2d133619705ebdd726aa608692653e7954437f8bdd,48167,2026-07-20T10:36:00+09:00,file-backed evidence; inspect source before upgrading claim
,python_source,outputs/URP4-1_R09_SLICE005_LABPC_FACTORY_GDRIVE_20260721_R1/urp4/presentation/v0_1/__init__.py,file:///C:/Users/chuck/Documents/Codex/2026-06-22/a2f23dee1d9a824b840a0175ca9a1f4b-https-app-notion-com-p/outputs/URP4-1_R09_SLICE005_LABPC_FACTORY_GDRIVE_20260721_R1/urp4/presentation/v0_1/__init__.py,467b8885a882dab98fb459da4038e53f9bd5f8fc165da1e181c7906d0f5c1d29,987,2026-07-20T09:43:22+09:00,file-backed evidence; inspect source before upgrading claim
,python_source,outputs/URP4-1_R09_SLICE005_LABPC_FACTORY_GDRIVE_20260721_R1/urp4/training/v0_1/contracts.py,file:///C:/Users/chuck/Documents/Codex/2026-06-22/a2f23dee1d9a824b840a0175ca9a1f4b-https-app-notion-com-p/outputs/URP4-1_R09_SLICE005_LABPC_FACTORY_GDRIVE_20260721_R1/urp4/training/v0_1/contracts.py,127fff910ed84108bc116c295ac1c890493e02e04a51e7025494867b10e803ac,2234,2026-07-19T15:02:40+09:00,file-backed evidence; inspect source before upgrading claim
,python_source,outputs/URP4-1_R09_SLICE005_LABPC_FACTORY_GDRIVE_20260721_R1/urp4/training/v0_1/models.py,file:///C:/Users/chuck/Documents/Codex/2026-06-22/a2f23dee1d9a824b840a0175ca9a1f4b-https-app-notion-com-p/outputs/URP4-1_R09_SLICE005_LABPC_FACTORY_GDRIVE_20260721_R1/urp4/training/v0_1/models.py,d1ea9c9497c37be0ae783445d9aa7451c24421cf7ae1e6907c76e14ebc80fc2a,4216,2026-07-19T15:02:40+09:00,file-backed evidence; inspect source before upgrading claim
,python_source,outputs/URP4-1_R09_SLICE005_LABPC_FACTORY_GDRIVE_20260721_R1/urp4/training/v0_1/policy.py,file:///C:/Users/chuck/Documents/Codex/2026-06-22/a2f23dee1d9a824b840a0175ca9a1f4b-https-app-notion-com-p/outputs/URP4-1_R09_SLICE005_LABPC_FACTORY_GDRIVE_20260721_R1/urp4/training/v0_1/policy.py,d7b6f9f40f5b1648616b57cc02103f5868bd3fadb3b46cb1371ed4a34e35e41c,12933,2026-07-19T15:02:40+09:00,file-backed evidence; inspect source before upgrading claim
,python_source,outputs/URP4-1_R09_SLICE005_LABPC_FACTORY_GDRIVE_20260721_R1/urp4/training/v0_1/registry.py,file:///C:/Users/chuck/Documents/Codex/2026-06-22/a2f23dee1d9a824b840a0175ca9a1f4b-https-app-notion-com-p/outputs/URP4-1_R09_SLICE005_LABPC_FACTORY_GDRIVE_20260721_R1/urp4/training/v0_1/registry.py,c7bc87dc730d06cef89c45a78b23372ba16eb186cf422c13a7628c2a9e8900b8,8947,2026-07-19T15:02:40+09:00,file-backed evidence; inspect source before upgrading claim
,python_source,outputs/URP4-1_R09_SLICE005_LABPC_FACTORY_GDRIVE_20260721_R1/urp4/training/v0_1/source_audit.py,file:///C:/Users/chuck/Documents/Codex/2026-06-22/a2f23dee1d9a824b840a0175ca9a1f4b-https-app-notion-com-p/outputs/URP4-1_R09_SLICE005_LABPC_FACTORY_GDRIVE_20260721_R1/urp4/training/v0_1/source_audit.py,92984e1a38db136dad6f99de7dac7607f6ec995ebfc2fcfcf1a7d173497eef39,5958,2026-07-19T15:03:45+09:00,file-backed evidence; inspect source before upgrading claim
,python_source,outputs/URP4-1_R09_SLICE005_LABPC_FACTORY_GDRIVE_20260721_R1/urp4/training/v0_1/__init__.py,file:///C:/Users/chuck/Documents/Codex/2026-06-22/a2f23dee1d9a824b840a0175ca9a1f4b-https-app-notion-com-p/outputs/URP4-1_R09_SLICE005_LABPC_FACTORY_GDRIVE_20260721_R1/urp4/training/v0_1/__init__.py,11eec2d05da853f97738b8a4f6de678f2ade8a81a23242eb808937d7d6200a5c,1798,2026-07-19T15:03:45+09:00,file-backed evidence; inspect source before upgrading claim
,python_source,outputs/URP4-1_R09_SLICE005_LABPC_FACTORY_USB_20260721/factory/R09_SLICE_005_labpc_collect.py,file:///C:/Users/chuck/Documents/Codex/2026-06-22/a2f23dee1d9a824b840a0175ca9a1f4b-https-app-notion-com-p/outputs/URP4-1_R09_SLICE005_LABPC_FACTORY_USB_20260721/factory/R09_SLICE_005_labpc_collect.py,fbc800d4fa26478f88361ad1663c74ff018ccfd9847a0bc537c64c065fd58cb7,2550,2026-07-21T11:28:27+09:00,file-backed evidence; inspect source before upgrading claim
,python_source,outputs/URP4-1_R09_SLICE005_LABPC_FACTORY_USB_20260721/factory/R09_SLICE_005_labpc_common.py,file:///C:/Users/chuck/Documents/Codex/2026-06-22/a2f23dee1d9a824b840a0175ca9a1f4b-https-app-notion-com-p/outputs/URP4-1_R09_SLICE005_LABPC_FACTORY_USB_20260721/factory/R09_SLICE_005_labpc_common.py,a87cf7a1c2d348246c40252b44a217a57e1e869751e466fa8567a3c6e2bc7bcf,2352,2026-07-21T11:24:39+09:00,file-backed evidence; inspect source before upgrading claim
,python_source,outputs/URP4-1_R09_SLICE005_LABPC_FACTORY_USB_20260721/factory/R09_SLICE_005_labpc_doctor.py,file:///C:/Users/chuck/Documents/Codex/2026-06-22/a2f23dee1d9a824b840a0175ca9a1f4b-https-app-notion-com-p/outputs/URP4-1_R09_SLICE005_LABPC_FACTORY_USB_20260721/factory/R09_SLICE_005_labpc_doctor.py,5db17f6a75ee4b1c8de64896c51d85c57e70fff83b26a72c2b6ce5337104553e,5651,2026-07-21T11:26:30+09:00,file-backed evidence; inspect source before upgrading claim
,python_source,outputs/URP4-1_R09_SLICE005_LABPC_FACTORY_USB_20260721/factory/R09_SLICE_005_labpc_runner.py,file:///C:/Users/chuck/Documents/Codex/2026-06-22/a2f23dee1d9a824b840a0175ca9a1f4b-https-app-notion-com-p/outputs/URP4-1_R09_SLICE005_LABPC_FACTORY_USB_20260721/factory/R09_SLICE_005_labpc_runner.py,0128f6478f2498307ddc9debc840238812d8c7f56955d8c9f67d22eb987746df,5822,2026-07-21T11:27:16+09:00,file-backed evidence; inspect source before upgrading claim
,python_source,outputs/URP4-1_R09_SLICE005_LABPC_FACTORY_USB_20260721/factory/R09_SLICE_005_labpc_verify.py,file:///C:/Users/chuck/Documents/Codex/2026-06-22/a2f23dee1d9a824b840a0175ca9a1f4b-https-app-notion-com-p/outputs/URP4-1_R09_SLICE005_LABPC_FACTORY_USB_20260721/factory/R09_SLICE_005_labpc_verify.py,bce7d8f41e529294eb9687dd8357088b81773395cfcf27d9e7afe16fc7b776eb,5776,2026-07-21T11:27:59+09:00,file-backed evidence; inspect source before upgrading claim
,python_source,outputs/URP4-1_R09_SLICE005_LABPC_FACTORY_USB_20260721/factory/R09_SLICE_005_labpc_worker.py,file:///C:/Users/chuck/Documents/Codex/2026-06-22/a2f23dee1d9a824b840a0175ca9a1f4b-https-app-notion-com-p/outputs/URP4-1_R09_SLICE005_LABPC_FACTORY_USB_20260721/factory/R09_SLICE_005_labpc_worker.py,8312f1e266ae177bf72fc90a2cf206746d4629968f4c2180a28e99973ab2b8b6,12413,2026-07-21T11:25:51+09:00,file-backed evidence; inspect source before upgrading claim
,python_source,outputs/URP4-1_R09_SLICE005_LABPC_FACTORY_USB_20260721/urp4/__init__.py,file:///C:/Users/chuck/Documents/Codex/2026-06-22/a2f23dee1d9a824b840a0175ca9a1f4b-https-app-notion-com-p/outputs/URP4-1_R09_SLICE005_LABPC_FACTORY_USB_20260721/urp4/__init__.py,41b78fc55f3d03cc83fbca1e4279665c463f33f5663ad8f5b57b00fff9a2ca0f,289,2026-07-18T22:33:21+09:00,file-backed evidence; inspect source before upgrading claim
,python_source,outputs/URP4-1_R09_SLICE005_LABPC_FACTORY_USB_20260721/urp4/contracts/__init__.py,file:///C:/Users/chuck/Documents/Codex/2026-06-22/a2f23dee1d9a824b840a0175ca9a1f4b-https-app-notion-com-p/outputs/URP4-1_R09_SLICE005_LABPC_FACTORY_USB_20260721/urp4/contracts/__init__.py,e5d6656c731246b64d8359e1d6cbbf8e12c38710d9e83e80dce2cfd8ef28b2b0,506,2026-07-18T22:33:21+09:00,file-backed evidence; inspect source before upgrading claim
,python_source,outputs/URP4-1_R09_SLICE005_LABPC_FACTORY_USB_20260721/urp4/descriptor_service/__init__.py,file:///C:/Users/chuck/Documents/Codex/2026-06-22/a2f23dee1d9a824b840a0175ca9a1f4b-https-app-notion-com-p/outputs/URP4-1_R09_SLICE005_LABPC_FACTORY_USB_20260721/urp4/descriptor_service/__init__.py,01b048d500ff1d73db3d568486f02981e5b44278a2fc860e168d03cc64b62dfc,185,2026-07-19T01:01:41+09:00,file-backed evidence; inspect source before upgrading claim
,python_source,outputs/URP4-1_R09_SLICE005_LABPC_FACTORY_USB_20260721/urp4/generators/__init__.py,file:///C:/Users/chuck/Documents/Codex/2026-06-22/a2f23dee1d9a824b840a0175ca9a1f4b-https-app-notion-com-p/outputs/URP4-1_R09_SLICE005_LABPC_FACTORY_USB_20260721/urp4/generators/__init__.py,b1bc199d8ce44ea32358466c10b26236b59081037b4372f355309d22327c4f2b,56,2026-07-19T11:03:54+09:00,file-backed evidence; inspect source before upgrading claim
,python_source,outputs/URP4-1_R09_SLICE005_LABPC_FACTORY_USB_20260721/urp4/integration/__init__.py,file:///C:/Users/chuck/Documents/Codex/2026-06-22/a2f23dee1d9a824b840a0175ca9a1f4b-https-app-notion-com-p/outputs/URP4-1_R09_SLICE005_LABPC_FACTORY_USB_20260721/urp4/integration/__init__.py,52721082f4f1ca28cf6b8d92bb4a2c2d2c94cbe47cdfbed9bb53a5d60723dd1e,52,2026-07-19T12:57:15+09:00,file-backed evidence; inspect source before upgrading claim
,python_source,outputs/URP4-1_R09_SLICE005_LABPC_FACTORY_USB_20260721/urp4/legacy_reference/__init__.py,file:///C:/Users/chuck/Documents/Codex/2026-06-22/a2f23dee1d9a824b840a0175ca9a1f4b-https-app-notion-com-p/outputs/URP4-1_R09_SLICE005_LABPC_FACTORY_USB_20260721/urp4/legacy_reference/__init__.py,40edb40874081713ef16598ede19f63a88e0ef6615b189df40a5e27f9e347b97,79,2026-07-18T23:09:28+09:00,file-backed evidence; inspect source before upgrading claim
,python_source,outputs/URP4-1_R09_SLICE005_LABPC_FACTORY_USB_20260721/urp4/orchestration/__init__.py,file:///C:/Users/chuck/Documents/Codex/2026-06-22/a2f23dee1d9a824b840a0175ca9a1f4b-https-app-notion-com-p/outputs/URP4-1_R09_SLICE005_LABPC_FACTORY_USB_20260721/urp4/orchestration/__init__.py,386ddbaff1cd91f26ff404952b6eb959755dfb2e20bc813748e38c945c8065af,38,2026-07-19T15:38:22+09:00,file-backed evidence; inspect source before upgrading claim
,python_source,outputs/URP4-1_R09_SLICE005_LABPC_FACTORY_USB_20260721/urp4/presentation/__init__.py,file:///C:/Users/chuck/Documents/Codex/2026-06-22/a2f23dee1d9a824b840a0175ca9a1f4b-https-app-notion-com-p/outputs/URP4-1_R09_SLICE005_LABPC_FACTORY_USB_20260721/urp4/presentation/__init__.py,62f77fac34125db78d4865637faea428ca4879da82b00c843eeae716d4317716,85,2026-07-19T18:13:45+09:00,file-backed evidence; inspect source before upgrading claim
,python_source,outputs/URP4-1_R09_SLICE005_LABPC_FACTORY_USB_20260721/urp4/training/__init__.py,file:///C:/Users/chuck/Documents/Codex/2026-06-22/a2f23dee1d9a824b840a0175ca9a1f4b-https-app-notion-com-p/outputs/URP4-1_R09_SLICE005_LABPC_FACTORY_USB_20260721/urp4/training/__init__.py,c361ab611500cad0c7222bdc6d6a7e8717f3a65c4907a2331eb195bea1e75891,165,2026-07-19T15:02:40+09:00,file-backed evidence; inspect source before upgrading claim
,python_source,outputs/URP4-1_R09_SLICE005_LABPC_FACTORY_USB_20260721/urp4/contracts/v0_1/canonical.py,file:///C:/Users/chuck/Documents/Codex/2026-06-22/a2f23dee1d9a824b840a0175ca9a1f4b-https-app-notion-com-p/outputs/URP4-1_R09_SLICE005_LABPC_FACTORY_USB_20260721/urp4/contracts/v0_1/canonical.py,16820525e28b5d6a1a8e305a2bf2102e279ae6ae35f76139e4203a1fa41b9ee9,2949,2026-07-18T22:33:21+09:00,file-backed evidence; inspect source before upgrading claim
,python_source,outputs/URP4-1_R09_SLICE005_LABPC_FACTORY_USB_20260721/urp4/contracts/v0_1/ids.py,file:///C:/Users/chuck/Documents/Codex/2026-06-22/a2f23dee1d9a824b840a0175ca9a1f4b-https-app-notion-com-p/outputs/URP4-1_R09_SLICE005_LABPC_FACTORY_USB_20260721/urp4/contracts/v0_1/ids.py,0190fafece4f9afb5d1f443f50a972737a727ee186d21789f4c7d1fba8780608,7194,2026-07-18T22:33:21+09:00,file-backed evidence; inspect source before upgrading claim
,python_source,outputs/URP4-1_R09_SLICE005_LABPC_FACTORY_USB_20260721/urp4/contracts/v0_1/models.py,file:///C:/Users/chuck/Documents/Codex/2026-06-22/a2f23dee1d9a824b840a0175ca9a1f4b-https-app-notion-com-p/outputs/URP4-1_R09_SLICE005_LABPC_FACTORY_USB_20260721/urp4/contracts/v0_1/models.py,5bf6dc0f4b3cc45ce7d33dd7fa93eef8fa3773a00626830537a3e09863af248a,1304,2026-07-18T22:33:21+09:00,file-backed evidence; inspect source before upgrading claim
,python_source,outputs/URP4-1_R09_SLICE005_LABPC_FACTORY_USB_20260721/urp4/contracts/v0_1/validation.py,file:///C:/Users/chuck/Documents/Codex/2026-06-22/a2f23dee1d9a824b840a0175ca9a1f4b-https-app-notion-com-p/outputs/URP4-1_R09_SLICE005_LABPC_FACTORY_USB_20260721/urp4/contracts/v0_1/validation.py,c32983dec08d25942cae055f123912ec8fd25f2d783813e18a461f5ebeff99b6,6526,2026-07-18T22:36:02+09:00,file-backed evidence; inspect source before upgrading claim
,python_source,outputs/URP4-1_R09_SLICE005_LABPC_FACTORY_USB_20260721/urp4/contracts/v0_1/__init__.py,file:///C:/Users/chuck/Documents/Codex/2026-06-22/a2f23dee1d9a824b840a0175ca9a1f4b-https-app-notion-com-p/outputs/URP4-1_R09_SLICE005_LABPC_FACTORY_USB_20260721/urp4/contracts/v0_1/__init__.py,0200ae980b28d41d9f61d02455223605a11ce8a4866a9518ed65777a5cbcb201,536,2026-07-18T22:33:21+09:00,file-backed evidence; inspect source before upgrading claim
,python_source,outputs/URP4-1_R09_SLICE005_LABPC_FACTORY_USB_20260721/urp4/descriptor_service/v0_1/component.py,file:///C:/Users/chuck/Documents/Codex/2026-06-22/a2f23dee1d9a824b840a0175ca9a1f4b-https-app-notion-com-p/outputs/URP4-1_R09_SLICE005_LABPC_FACTORY_USB_20260721/urp4/descriptor_service/v0_1/component.py,dd395c9e7e90d491181f851ca7afa1c13d0dfc63ec7b6b2be3c5da98b5e764cf,7528,2026-07-19T01:15:27+09:00,file-backed evidence; inspect source before upgrading claim
,python_source,outputs/URP4-1_R09_SLICE005_LABPC_FACTORY_USB_20260721/urp4/descriptor_service/v0_1/config.py,file:///C:/Users/chuck/Documents/Codex/2026-06-22/a2f23dee1d9a824b840a0175ca9a1f4b-https-app-notion-com-p/outputs/URP4-1_R09_SLICE005_LABPC_FACTORY_USB_20260721/urp4/descriptor_service/v0_1/config.py,79e72f02b554f7e0780993e7ec0e09f209dbc97b9e0d8f0503cabc2d1bcffaed,1928,2026-07-19T01:14:17+09:00,file-backed evidence; inspect source before upgrading claim
,python_source,outputs/URP4-1_R09_SLICE005_LABPC_FACTORY_USB_20260721/urp4/descriptor_service/v0_1/contracts.py,file:///C:/Users/chuck/Documents/Codex/2026-06-22/a2f23dee1d9a824b840a0175ca9a1f4b-https-app-notion-com-p/outputs/URP4-1_R09_SLICE005_LABPC_FACTORY_USB_20260721/urp4/descriptor_service/v0_1/contracts.py,aace4ae6edd9fa276dca1413abbbf26f4c79993b3d63d0c1f4a9e9079786b3f0,12695,2026-07-19T01:04:43+09:00,file-backed evidence; inspect source before upgrading claim
,python_source,outputs/URP4-1_R09_SLICE005_LABPC_FACTORY_USB_20260721/urp4/descriptor_service/v0_1/formula.py,file:///C:/Users/chuck/Documents/Codex/2026-06-22/a2f23dee1d9a824b840a0175ca9a1f4b-https-app-notion-com-p/outputs/URP4-1_R09_SLICE005_LABPC_FACTORY_USB_20260721/urp4/descriptor_service/v0_1/formula.py,d72075dcf6b7a3027a4473ffb87047903ecd01db5fc6f366a4bff0e0453a156e,538,2026-07-19T01:15:27+09:00,file-backed evidence; inspect source before upgrading claim
,python_source,outputs/URP4-1_R09_SLICE005_LABPC_FACTORY_USB_20260721/urp4/descriptor_service/v0_1/geometry.py,file:///C:/Users/chuck/Documents/Codex/2026-06-22/a2f23dee1d9a824b840a0175ca9a1f4b-https-app-notion-com-p/outputs/URP4-1_R09_SLICE005_LABPC_FACTORY_USB_20260721/urp4/descriptor_service/v0_1/geometry.py,580df093f8790137d79651909e2fb9b36f3f20ba69a26d558b97a5d35b074351,1665,2026-07-19T01:14:17+09:00,file-backed evidence; inspect source before upgrading claim
,python_source,outputs/URP4-1_R09_SLICE005_LABPC_FACTORY_USB_20260721/urp4/descriptor_service/v0_1/models.py,file:///C:/Users/chuck/Documents/Codex/2026-06-22/a2f23dee1d9a824b840a0175ca9a1f4b-https-app-notion-com-p/outputs/URP4-1_R09_SLICE005_LABPC_FACTORY_USB_20260721/urp4/descriptor_service/v0_1/models.py,696f747251d4143010cede2c8ef8f72e92262bdd1d08c06a9814da50a220784e,915,2026-07-19T01:01:41+09:00,file-backed evidence; inspect source before upgrading claim
,python_source,outputs/URP4-1_R09_SLICE005_LABPC_FACTORY_USB_20260721/urp4/descriptor_service/v0_1/pipeline.py,file:///C:/Users/chuck/Documents/Codex/2026-06-22/a2f23dee1d9a824b840a0175ca9a1f4b-https-app-notion-com-p/outputs/URP4-1_R09_SLICE005_LABPC_FACTORY_USB_20260721/urp4/descriptor_service/v0_1/pipeline.py,1ad4ea50c8e4676848881c8601373239fb185a12c7e5fa041edd7df56248f406,11647,2026-07-19T01:16:28+09:00,file-backed evidence; inspect source before upgrading claim
,python_source,outputs/URP4-1_R09_SLICE005_LABPC_FACTORY_USB_20260721/urp4/descriptor_service/v0_1/pixel.py,file:///C:/Users/chuck/Documents/Codex/2026-06-22/a2f23dee1d9a824b840a0175ca9a1f4b-https-app-notion-com-p/outputs/URP4-1_R09_SLICE005_LABPC_FACTORY_USB_20260721/urp4/descriptor_service/v0_1/pixel.py,3cd37430c720e4d6a572d1787c7f5c0a917965ea56aa451cd4b11ce945db6d72,3019,2026-07-19T01:14:17+09:00,file-backed evidence; inspect source before upgrading claim
,python_source,outputs/URP4-1_R09_SLICE005_LABPC_FACTORY_USB_20260721/urp4/descriptor_service/v0_1/population.py,file:///C:/Users/chuck/Documents/Codex/2026-06-22/a2f23dee1d9a824b840a0175ca9a1f4b-https-app-notion-com-p/outputs/URP4-1_R09_SLICE005_LABPC_FACTORY_USB_20260721/urp4/descriptor_service/v0_1/population.py,20fa690cc3acbb0b47569524694f339c25239a2359771b8a3cbb7c513b4e3478,1574,2026-07-19T01:17:19+09:00,file-backed evidence; inspect source before upgrading claim
,python_source,outputs/URP4-1_R09_SLICE005_LABPC_FACTORY_USB_20260721/urp4/descriptor_service/v0_1/qa.py,file:///C:/Users/chuck/Documents/Codex/2026-06-22/a2f23dee1d9a824b840a0175ca9a1f4b-https-app-notion-com-p/outputs/URP4-1_R09_SLICE005_LABPC_FACTORY_USB_20260721/urp4/descriptor_service/v0_1/qa.py,ceae088b19475ea7a8d5b32a04650805670e3ea5db0c8470b27722a706c90e2a,3121,2026-07-19T01:15:27+09:00,file-backed evidence; inspect source before upgrading claim
,python_source,outputs/URP4-1_R09_SLICE005_LABPC_FACTORY_USB_20260721/urp4/descriptor_service/v0_1/run139.py,file:///C:/Users/chuck/Documents/Codex/2026-06-22/a2f23dee1d9a824b840a0175ca9a1f4b-https-app-notion-com-p/outputs/URP4-1_R09_SLICE005_LABPC_FACTORY_USB_20260721/urp4/descriptor_service/v0_1/run139.py,3d6b3b4c14ab0bd00f242a52b62704f519a740d247e9404bf1ca36624f56537a,10373,2026-07-19T01:04:43+09:00,file-backed evidence; inspect source before upgrading claim
,python_source,outputs/URP4-1_R09_SLICE005_LABPC_FACTORY_USB_20260721/urp4/descriptor_service/v0_1/service.py,file:///C:/Users/chuck/Documents/Codex/2026-06-22/a2f23dee1d9a824b840a0175ca9a1f4b-https-app-notion-com-p/outputs/URP4-1_R09_SLICE005_LABPC_FACTORY_USB_20260721/urp4/descriptor_service/v0_1/service.py,37406a1004478b340297d3ce36408ea09682fd73d8e15f9411f218535db93d81,8707,2026-07-19T01:17:07+09:00,file-backed evidence; inspect source before upgrading claim
,python_source,outputs/URP4-1_R09_SLICE005_LABPC_FACTORY_USB_20260721/urp4/descriptor_service/v0_1/slicing.py,file:///C:/Users/chuck/Documents/Codex/2026-06-22/a2f23dee1d9a824b840a0175ca9a1f4b-https-app-notion-com-p/outputs/URP4-1_R09_SLICE005_LABPC_FACTORY_USB_20260721/urp4/descriptor_service/v0_1/slicing.py,9ab4213007b716f8ed361a6aecbbac7a8e5251459c6ff0feebac2e74dbc942ff,3461,2026-07-19T01:14:17+09:00,file-backed evidence; inspect source before upgrading claim
,python_source,outputs/URP4-1_R09_SLICE005_LABPC_FACTORY_USB_20260721/urp4/descriptor_service/v0_1/__init__.py,file:///C:/Users/chuck/Documents/Codex/2026-06-22/a2f23dee1d9a824b840a0175ca9a1f4b-https-app-notion-com-p/outputs/URP4-1_R09_SLICE005_LABPC_FACTORY_USB_20260721/urp4/descriptor_service/v0_1/__init__.py,6ee99b579e324aa8b52b04abbdf50725fc10b8d1caac0046a699088093e4d118,462,2026-07-19T01:17:19+09:00,file-backed evidence; inspect source before upgrading claim
,python_source,outputs/URP4-1_R09_SLICE005_LABPC_FACTORY_USB_20260721/urp4/generators/lattice_typeab/__init__.py,file:///C:/Users/chuck/Documents/Codex/2026-06-22/a2f23dee1d9a824b840a0175ca9a1f4b-https-app-notion-com-p/outputs/URP4-1_R09_SLICE005_LABPC_FACTORY_USB_20260721/urp4/generators/lattice_typeab/__init__.py,8d5fa45ab24ab7db58b60de6f8d2cee67d79b9a2b0aa750f862ec090adde317f,42,2026-07-19T11:03:54+09:00,file-backed evidence; inspect source before upgrading claim
,python_source,outputs/URP4-1_R09_SLICE005_LABPC_FACTORY_USB_20260721/urp4/generators/tpms_multiwall/__init__.py,file:///C:/Users/chuck/Documents/Codex/2026-06-22/a2f23dee1d9a824b840a0175ca9a1f4b-https-app-notion-com-p/outputs/URP4-1_R09_SLICE005_LABPC_FACTORY_USB_20260721/urp4/generators/tpms_multiwall/__init__.py,eda7ea70e2d2b1c17b03db3ac9efc6553dcfe8055064051e8e478fc5e0ee3b4e,51,2026-07-19T11:45:20+09:00,file-backed evidence; inspect source before upgrading claim
,python_source,outputs/URP4-1_R09_SLICE005_LABPC_FACTORY_USB_20260721/urp4/generators/voxel/__init__.py,file:///C:/Users/chuck/Documents/Codex/2026-06-22/a2f23dee1d9a824b840a0175ca9a1f4b-https-app-notion-com-p/outputs/URP4-1_R09_SLICE005_LABPC_FACTORY_USB_20260721/urp4/generators/voxel/__init__.py,77bffa1484a9d40a024634dd15f75dcaf4c303bc4ca13a618c7f8b0e5017b8ea,42,2026-07-19T12:24:01+09:00,file-backed evidence; inspect source before upgrading claim
,python_source,outputs/URP4-1_R09_SLICE005_LABPC_FACTORY_USB_20260721/urp4/generators/lattice_typeab/v0_1/contracts.py,file:///C:/Users/chuck/Documents/Codex/2026-06-22/a2f23dee1d9a824b840a0175ca9a1f4b-https-app-notion-com-p/outputs/URP4-1_R09_SLICE005_LABPC_FACTORY_USB_20260721/urp4/generators/lattice_typeab/v0_1/contracts.py,5d72d419433baf8a9d6e9e862beac223d00dc481849a4c82cab326797af29f20,6185,2026-07-19T11:03:54+09:00,file-backed evidence; inspect source before upgrading claim
,python_source,outputs/URP4-1_R09_SLICE005_LABPC_FACTORY_USB_20260721/urp4/generators/lattice_typeab/v0_1/descriptors.py,file:///C:/Users/chuck/Documents/Codex/2026-06-22/a2f23dee1d9a824b840a0175ca9a1f4b-https-app-notion-com-p/outputs/URP4-1_R09_SLICE005_LABPC_FACTORY_USB_20260721/urp4/generators/lattice_typeab/v0_1/descriptors.py,57707bc9ff020f2aa5fa1e530b45299e81f84890de3edb3b93640d926be4c0f1,6780,2026-07-19T11:11:12+09:00,file-backed evidence; inspect source before upgrading claim
,python_source,outputs/URP4-1_R09_SLICE005_LABPC_FACTORY_USB_20260721/urp4/generators/lattice_typeab/v0_1/exporters.py,file:///C:/Users/chuck/Documents/Codex/2026-06-22/a2f23dee1d9a824b840a0175ca9a1f4b-https-app-notion-com-p/outputs/URP4-1_R09_SLICE005_LABPC_FACTORY_USB_20260721/urp4/generators/lattice_typeab/v0_1/exporters.py,4a9b7b32f642cbb2717d562095f0ff22ba3de88b820747b61b8f0326934bb6c7,6292,2026-07-19T11:10:33+09:00,file-backed evidence; inspect source before upgrading claim
,python_source,outputs/URP4-1_R09_SLICE005_LABPC_FACTORY_USB_20260721/urp4/generators/lattice_typeab/v0_1/graph.py,file:///C:/Users/chuck/Documents/Codex/2026-06-22/a2f23dee1d9a824b840a0175ca9a1f4b-https-app-notion-com-p/outputs/URP4-1_R09_SLICE005_LABPC_FACTORY_USB_20260721/urp4/generators/lattice_typeab/v0_1/graph.py,13e23d2c957b476caf4c3fa0abe8efda78918f0407344feddf0e690bea46772e,11166,2026-07-19T11:03:54+09:00,file-backed evidence; inspect source before upgrading claim
,python_source,outputs/URP4-1_R09_SLICE005_LABPC_FACTORY_USB_20260721/urp4/generators/lattice_typeab/v0_1/models.py,file:///C:/Users/chuck/Documents/Codex/2026-06-22/a2f23dee1d9a824b840a0175ca9a1f4b-https-app-notion-com-p/outputs/URP4-1_R09_SLICE005_LABPC_FACTORY_USB_20260721/urp4/generators/lattice_typeab/v0_1/models.py,66329e2be7acb255f68a4d508c3931a6be9cbc41e4a3f053a6554cecb1ad4bcf,4834,2026-07-19T11:03:54+09:00,file-backed evidence; inspect source before upgrading claim
,python_source,outputs/URP4-1_R09_SLICE005_LABPC_FACTORY_USB_20260721/urp4/generators/lattice_typeab/v0_1/plugin.py,file:///C:/Users/chuck/Documents/Codex/2026-06-22/a2f23dee1d9a824b840a0175ca9a1f4b-https-app-notion-com-p/outputs/URP4-1_R09_SLICE005_LABPC_FACTORY_USB_20260721/urp4/generators/lattice_typeab/v0_1/plugin.py,bfe0d52005118603dccef6ae027aa8ca4a17da77a2248e36e020c03336126ab7,4674,2026-07-19T11:03:54+09:00,file-backed evidence; inspect source before upgrading claim
,python_source,outputs/URP4-1_R09_SLICE005_LABPC_FACTORY_USB_20260721/urp4/generators/lattice_typeab/v0_1/type_b.py,file:///C:/Users/chuck/Documents/Codex/2026-06-22/a2f23dee1d9a824b840a0175ca9a1f4b-https-app-notion-com-p/outputs/URP4-1_R09_SLICE005_LABPC_FACTORY_USB_20260721/urp4/generators/lattice_typeab/v0_1/type_b.py,997606649e41d354c6b894c367d4445cd0e9a7e1cd8d98b8629b1a6766967d08,6725,2026-07-19T11:03:54+09:00,file-backed evidence; inspect source before upgrading claim
,python_source,outputs/URP4-1_R09_SLICE005_LABPC_FACTORY_USB_20260721/urp4/generators/lattice_typeab/v0_1/__init__.py,file:///C:/Users/chuck/Documents/Codex/2026-06-22/a2f23dee1d9a824b840a0175ca9a1f4b-https-app-notion-com-p/outputs/URP4-1_R09_SLICE005_LABPC_FACTORY_USB_20260721/urp4/generators/lattice_typeab/v0_1/__init__.py,e420e61f8109bea1c5409ac874ae0e32428363a3426493cda88dcd976369afcb,563,2026-07-19T11:03:54+09:00,file-backed evidence; inspect source before upgrading claim
,python_source,outputs/URP4-1_R09_SLICE005_LABPC_FACTORY_USB_20260721/urp4/generators/tpms_multiwall/v0_1/contracts.py,file:///C:/Users/chuck/Documents/Codex/2026-06-22/a2f23dee1d9a824b840a0175ca9a1f4b-https-app-notion-com-p/outputs/URP4-1_R09_SLICE005_LABPC_FACTORY_USB_20260721/urp4/generators/tpms_multiwall/v0_1/contracts.py,4f13555ca9713513d5449fe6dfef7a2a642c28fa1bab85ff1ef137bafe73b8ec,7115,2026-07-19T11:48:45+09:00,file-backed evidence; inspect source before upgrading claim
,python_source,outputs/URP4-1_R09_SLICE005_LABPC_FACTORY_USB_20260721/urp4/generators/tpms_multiwall/v0_1/exporters.py,file:///C:/Users/chuck/Documents/Codex/2026-06-22/a2f23dee1d9a824b840a0175ca9a1f4b-https-app-notion-com-p/outputs/URP4-1_R09_SLICE005_LABPC_FACTORY_USB_20260721/urp4/generators/tpms_multiwall/v0_1/exporters.py,a21ef77ccce5328efc5091e9ed6e3a35aeed91b9ff656c1ddb87129fe9248c50,3358,2026-07-19T11:55:02+09:00,file-backed evidence; inspect source before upgrading claim
,python_source,outputs/URP4-1_R09_SLICE005_LABPC_FACTORY_USB_20260721/urp4/generators/tpms_multiwall/v0_1/fields.py,file:///C:/Users/chuck/Documents/Codex/2026-06-22/a2f23dee1d9a824b840a0175ca9a1f4b-https-app-notion-com-p/outputs/URP4-1_R09_SLICE005_LABPC_FACTORY_USB_20260721/urp4/generators/tpms_multiwall/v0_1/fields.py,e9a3e0c460252e6d437148eb0d1ee4257b8ead1c94d9d5bd3cffff0ee711c08d,3515,2026-07-19T11:46:08+09:00,file-backed evidence; inspect source before upgrading claim
,python_source,outputs/URP4-1_R09_SLICE005_LABPC_FACTORY_USB_20260721/urp4/generators/tpms_multiwall/v0_1/masking.py,file:///C:/Users/chuck/Documents/Codex/2026-06-22/a2f23dee1d9a824b840a0175ca9a1f4b-https-app-notion-com-p/outputs/URP4-1_R09_SLICE005_LABPC_FACTORY_USB_20260721/urp4/generators/tpms_multiwall/v0_1/masking.py,10ab73bd146669120350cede967a9f2a87745ab1553d1b97e10b576319e01512,14991,2026-07-19T11:47:37+09:00,file-backed evidence; inspect source before upgrading claim
,python_source,outputs/URP4-1_R09_SLICE005_LABPC_FACTORY_USB_20260721/urp4/generators/tpms_multiwall/v0_1/models.py,file:///C:/Users/chuck/Documents/Codex/2026-06-22/a2f23dee1d9a824b840a0175ca9a1f4b-https-app-notion-com-p/outputs/URP4-1_R09_SLICE005_LABPC_FACTORY_USB_20260721/urp4/generators/tpms_multiwall/v0_1/models.py,fff4adfc7f91fd372958635c8cbfea52f0920af200e0dfc23be9f2ce2b25d9ad,7197,2026-07-19T11:45:20+09:00,file-backed evidence; inspect source before upgrading claim
,python_source,outputs/URP4-1_R09_SLICE005_LABPC_FACTORY_USB_20260721/urp4/generators/tpms_multiwall/v0_1/plugin.py,file:///C:/Users/chuck/Documents/Codex/2026-06-22/a2f23dee1d9a824b840a0175ca9a1f4b-https-app-notion-com-p/outputs/URP4-1_R09_SLICE005_LABPC_FACTORY_USB_20260721/urp4/generators/tpms_multiwall/v0_1/plugin.py,6de380d4faf01b38e3da8ea5a5dd650e72c74b0f084b7aa023f5c5208dcc02bc,5852,2026-07-19T11:49:19+09:00,file-backed evidence; inspect source before upgrading claim
,python_source,outputs/URP4-1_R09_SLICE005_LABPC_FACTORY_USB_20260721/urp4/generators/tpms_multiwall/v0_1/registry.py,file:///C:/Users/chuck/Documents/Codex/2026-06-22/a2f23dee1d9a824b840a0175ca9a1f4b-https-app-notion-com-p/outputs/URP4-1_R09_SLICE005_LABPC_FACTORY_USB_20260721/urp4/generators/tpms_multiwall/v0_1/registry.py,5f5b59a3e8f19644c7e8ea81850eb6141a248f4cb96b68b41e561894544ecb99,2723,2026-07-19T11:46:08+09:00,file-backed evidence; inspect source before upgrading claim
,python_source,outputs/URP4-1_R09_SLICE005_LABPC_FACTORY_USB_20260721/urp4/generators/tpms_multiwall/v0_1/__init__.py,file:///C:/Users/chuck/Documents/Codex/2026-06-22/a2f23dee1d9a824b840a0175ca9a1f4b-https-app-notion-com-p/outputs/URP4-1_R09_SLICE005_LABPC_FACTORY_USB_20260721/urp4/generators/tpms_multiwall/v0_1/__init__.py,e9210e752e22985137682fb1abcf501c575f30c86cb60e2e6a25d8891b42732c,660,2026-07-19T11:45:20+09:00,file-backed evidence; inspect source before upgrading claim
,python_source,outputs/URP4-1_R09_SLICE005_LABPC_FACTORY_USB_20260721/urp4/generators/voxel/v0_1/contracts.py,file:///C:/Users/chuck/Documents/Codex/2026-06-22/a2f23dee1d9a824b840a0175ca9a1f4b-https-app-notion-com-p/outputs/URP4-1_R09_SLICE005_LABPC_FACTORY_USB_20260721/urp4/generators/voxel/v0_1/contracts.py,9bef1c6e8e41962fd6b02e9d45490c37abbd2378f6638f8c45e0b9ced8e7a86f,6536,2026-07-19T12:27:35+09:00,file-backed evidence; inspect source before upgrading claim
,python_source,outputs/URP4-1_R09_SLICE005_LABPC_FACTORY_USB_20260721/urp4/generators/voxel/v0_1/exporters.py,file:///C:/Users/chuck/Documents/Codex/2026-06-22/a2f23dee1d9a824b840a0175ca9a1f4b-https-app-notion-com-p/outputs/URP4-1_R09_SLICE005_LABPC_FACTORY_USB_20260721/urp4/generators/voxel/v0_1/exporters.py,f8eec2c0393806325467d224cee5897301ad2bbe4cfceacbcf4b9b553cb9317e,3127,2026-07-19T12:24:01+09:00,file-backed evidence; inspect source before upgrading claim
,python_source,outputs/URP4-1_R09_SLICE005_LABPC_FACTORY_USB_20260721/urp4/generators/voxel/v0_1/kernel.py,file:///C:/Users/chuck/Documents/Codex/2026-06-22/a2f23dee1d9a824b840a0175ca9a1f4b-https-app-notion-com-p/outputs/URP4-1_R09_SLICE005_LABPC_FACTORY_USB_20260721/urp4/generators/voxel/v0_1/kernel.py,664c73be3bc4609b0407baadf18bd9a4e69b788772e3724f2ae6d99a8952ca0a,1852,2026-07-19T12:25:00+09:00,file-backed evidence; inspect source before upgrading claim
,python_source,outputs/URP4-1_R09_SLICE005_LABPC_FACTORY_USB_20260721/urp4/generators/voxel/v0_1/models.py,file:///C:/Users/chuck/Documents/Codex/2026-06-22/a2f23dee1d9a824b840a0175ca9a1f4b-https-app-notion-com-p/outputs/URP4-1_R09_SLICE005_LABPC_FACTORY_USB_20260721/urp4/generators/voxel/v0_1/models.py,12c5b353be0007c51ca0a29cd9f8c886eb70c25f3ae3b8622e100d6c9f87b13b,7716,2026-07-19T12:25:44+09:00,file-backed evidence; inspect source before upgrading claim
,python_source,outputs/URP4-1_R09_SLICE005_LABPC_FACTORY_USB_20260721/urp4/generators/voxel/v0_1/plugin.py,file:///C:/Users/chuck/Documents/Codex/2026-06-22/a2f23dee1d9a824b840a0175ca9a1f4b-https-app-notion-com-p/outputs/URP4-1_R09_SLICE005_LABPC_FACTORY_USB_20260721/urp4/generators/voxel/v0_1/plugin.py,fc8e30927988c085d6df0b6400f2caf3f4f4d8f39cc17bc230074db014088ca7,5751,2026-07-19T12:24:01+09:00,file-backed evidence; inspect source before upgrading claim
,python_source,outputs/URP4-1_R09_SLICE005_LABPC_FACTORY_USB_20260721/urp4/generators/voxel/v0_1/registry.py,file:///C:/Users/chuck/Documents/Codex/2026-06-22/a2f23dee1d9a824b840a0175ca9a1f4b-https-app-notion-com-p/outputs/URP4-1_R09_SLICE005_LABPC_FACTORY_USB_20260721/urp4/generators/voxel/v0_1/registry.py,3d230edc0495b864a87134958967d3aed71b4c9cb8441567f714c77240f9a475,2183,2026-07-19T12:25:44+09:00,file-backed evidence; inspect source before upgrading claim
,python_source,outputs/URP4-1_R09_SLICE005_LABPC_FACTORY_USB_20260721/urp4/generators/voxel/v0_1/source_kernel.py,file:///C:/Users/chuck/Documents/Codex/2026-06-22/a2f23dee1d9a824b840a0175ca9a1f4b-https-app-notion-com-p/outputs/URP4-1_R09_SLICE005_LABPC_FACTORY_USB_20260721/urp4/generators/voxel/v0_1/source_kernel.py,db50808bc205f6b13a366ac88dd0ec5a31d23a36cef1b96e46489394f5164543,6084,2026-07-19T12:24:41+09:00,file-backed evidence; inspect source before upgrading claim
,python_source,outputs/URP4-1_R09_SLICE005_LABPC_FACTORY_USB_20260721/urp4/generators/voxel/v0_1/__init__.py,file:///C:/Users/chuck/Documents/Codex/2026-06-22/a2f23dee1d9a824b840a0175ca9a1f4b-https-app-notion-com-p/outputs/URP4-1_R09_SLICE005_LABPC_FACTORY_USB_20260721/urp4/generators/voxel/v0_1/__init__.py,4792eb5b2783c2f8c91dfa419037d00a8c420d221e7df632db30756ea417f6c7,429,2026-07-19T12:24:01+09:00,file-backed evidence; inspect source before upgrading claim
,python_source,outputs/URP4-1_R09_SLICE005_LABPC_FACTORY_USB_20260721/urp4/integration/theta_geometry_x/__init__.py,file:///C:/Users/chuck/Documents/Codex/2026-06-22/a2f23dee1d9a824b840a0175ca9a1f4b-https-app-notion-com-p/outputs/URP4-1_R09_SLICE005_LABPC_FACTORY_USB_20260721/urp4/integration/theta_geometry_x/__init__.py,f7451227d19b6f698751f99c14b367936f722d2b73f6adbc0742d3c4d946f41c,59,2026-07-19T12:57:15+09:00,file-backed evidence; inspect source before upgrading claim
,python_source,outputs/URP4-1_R09_SLICE005_LABPC_FACTORY_USB_20260721/urp4/integration/theta_geometry_x/v0_1/models.py,file:///C:/Users/chuck/Documents/Codex/2026-06-22/a2f23dee1d9a824b840a0175ca9a1f4b-https-app-notion-com-p/outputs/URP4-1_R09_SLICE005_LABPC_FACTORY_USB_20260721/urp4/integration/theta_geometry_x/v0_1/models.py,f06cb39a6bde97dceacb5183f07a7e66b552494c0de755cec3e8c5595bd89405,1834,2026-07-19T12:57:15+09:00,file-backed evidence; inspect source before upgrading claim
,python_source,outputs/URP4-1_R09_SLICE005_LABPC_FACTORY_USB_20260721/urp4/integration/theta_geometry_x/v0_1/registry.py,file:///C:/Users/chuck/Documents/Codex/2026-06-22/a2f23dee1d9a824b840a0175ca9a1f4b-https-app-notion-com-p/outputs/URP4-1_R09_SLICE005_LABPC_FACTORY_USB_20260721/urp4/integration/theta_geometry_x/v0_1/registry.py,602fe729d063bbf5c1bc0a0faf7571a56678bf6b99a9d76c3ebec743c1e8bbcd,19827,2026-07-19T12:59:12+09:00,file-backed evidence; inspect source before upgrading claim
,python_source,outputs/URP4-1_R09_SLICE005_LABPC_FACTORY_USB_20260721/urp4/integration/theta_geometry_x/v0_1/validation.py,file:///C:/Users/chuck/Documents/Codex/2026-06-22/a2f23dee1d9a824b840a0175ca9a1f4b-https-app-notion-com-p/outputs/URP4-1_R09_SLICE005_LABPC_FACTORY_USB_20260721/urp4/integration/theta_geometry_x/v0_1/validation.py,1dc404bf52d27d41690ba6e3b9f234660136b366180a10a4c91c9f888b90013b,10743,2026-07-19T12:57:15+09:00,file-backed evidence; inspect source before upgrading claim
,python_source,outputs/URP4-1_R09_SLICE005_LABPC_FACTORY_USB_20260721/urp4/integration/theta_geometry_x/v0_1/__init__.py,file:///C:/Users/chuck/Documents/Codex/2026-06-22/a2f23dee1d9a824b840a0175ca9a1f4b-https-app-notion-com-p/outputs/URP4-1_R09_SLICE005_LABPC_FACTORY_USB_20260721/urp4/integration/theta_geometry_x/v0_1/__init__.py,60b68dcd0de8c3bb58b4003b71f997e34c05f617731343ec428d287d236d2535,559,2026-07-19T12:57:15+09:00,file-backed evidence; inspect source before upgrading claim
,python_source,outputs/URP4-1_R09_SLICE005_LABPC_FACTORY_USB_20260721/urp4/legacy_reference/v0_1/adapters.py,file:///C:/Users/chuck/Documents/Codex/2026-06-22/a2f23dee1d9a824b840a0175ca9a1f4b-https-app-notion-com-p/outputs/URP4-1_R09_SLICE005_LABPC_FACTORY_USB_20260721/urp4/legacy_reference/v0_1/adapters.py,1ca9b01efd72e9a0772cce1a53562b88bf4b87e6c5b6fc1890a5872a94c0e32f,10283,2026-07-18T23:09:28+09:00,file-backed evidence; inspect source before upgrading claim
,python_source,outputs/URP4-1_R09_SLICE005_LABPC_FACTORY_USB_20260721/urp4/legacy_reference/v0_1/loader.py,file:///C:/Users/chuck/Documents/Codex/2026-06-22/a2f23dee1d9a824b840a0175ca9a1f4b-https-app-notion-com-p/outputs/URP4-1_R09_SLICE005_LABPC_FACTORY_USB_20260721/urp4/legacy_reference/v0_1/loader.py,00d64b51fa4dba7f0da68da2dc9ab638e04d493aa9319775a76b918c32c48f99,4717,2026-07-18T23:09:28+09:00,file-backed evidence; inspect source before upgrading claim
,python_source,outputs/URP4-1_R09_SLICE005_LABPC_FACTORY_USB_20260721/urp4/legacy_reference/v0_1/__init__.py,file:///C:/Users/chuck/Documents/Codex/2026-06-22/a2f23dee1d9a824b840a0175ca9a1f4b-https-app-notion-com-p/outputs/URP4-1_R09_SLICE005_LABPC_FACTORY_USB_20260721/urp4/legacy_reference/v0_1/__init__.py,975634194bfffed775ae6da5a1e4a84cc19c94b70bb3bb2ba06408240e6d550e,433,2026-07-18T23:09:28+09:00,file-backed evidence; inspect source before upgrading claim
,python_source,outputs/URP4-1_R09_SLICE005_LABPC_FACTORY_USB_20260721/urp4/orchestration/v0_1/engine.py,file:///C:/Users/chuck/Documents/Codex/2026-06-22/a2f23dee1d9a824b840a0175ca9a1f4b-https-app-notion-com-p/outputs/URP4-1_R09_SLICE005_LABPC_FACTORY_USB_20260721/urp4/orchestration/v0_1/engine.py,2543825d957b78fd045ebbe6fb2ddd6004a7d3ba053a701ffe36d9e948b3ec43,8604,2026-07-19T15:39:22+09:00,file-backed evidence; inspect source before upgrading claim
,python_source,outputs/URP4-1_R09_SLICE005_LABPC_FACTORY_USB_20260721/urp4/orchestration/v0_1/models.py,file:///C:/Users/chuck/Documents/Codex/2026-06-22/a2f23dee1d9a824b840a0175ca9a1f4b-https-app-notion-com-p/outputs/URP4-1_R09_SLICE005_LABPC_FACTORY_USB_20260721/urp4/orchestration/v0_1/models.py,f64c7c809d0942591125c49eb7f296f1732c780c95c6c6f1ce7cee88b2b00e53,3324,2026-07-19T15:38:22+09:00,file-backed evidence; inspect source before upgrading claim
,python_source,outputs/URP4-1_R09_SLICE005_LABPC_FACTORY_USB_20260721/urp4/orchestration/v0_1/registry.py,file:///C:/Users/chuck/Documents/Codex/2026-06-22/a2f23dee1d9a824b840a0175ca9a1f4b-https-app-notion-com-p/outputs/URP4-1_R09_SLICE005_LABPC_FACTORY_USB_20260721/urp4/orchestration/v0_1/registry.py,4f3aed7bf10d25f1b4d9271ff18018761c05703c791413dcc227d547753ca2b1,6465,2026-07-19T15:38:51+09:00,file-backed evidence; inspect source before upgrading claim
,python_source,outputs/URP4-1_R09_SLICE005_LABPC_FACTORY_USB_20260721/urp4/orchestration/v0_1/__init__.py,file:///C:/Users/chuck/Documents/Codex/2026-06-22/a2f23dee1d9a824b840a0175ca9a1f4b-https-app-notion-com-p/outputs/URP4-1_R09_SLICE005_LABPC_FACTORY_USB_20260721/urp4/orchestration/v0_1/__init__.py,a3015746509a2c8b997ab91ce343ca8a79edc9578aa90e5c574bc8599a21ef7b,736,2026-07-19T15:38:22+09:00,file-backed evidence; inspect source before upgrading claim
,python_source,outputs/URP4-1_R09_SLICE005_LABPC_FACTORY_USB_20260721/urp4/presentation/v0_1/canonical.py,file:///C:/Users/chuck/Documents/Codex/2026-06-22/a2f23dee1d9a824b840a0175ca9a1f4b-https-app-notion-com-p/outputs/URP4-1_R09_SLICE005_LABPC_FACTORY_USB_20260721/urp4/presentation/v0_1/canonical.py,59e904ea7a6440b51811cba677bba2a045523952fd6d43441857530db7820246,1471,2026-07-19T18:13:45+09:00,file-backed evidence; inspect source before upgrading claim
,python_source,outputs/URP4-1_R09_SLICE005_LABPC_FACTORY_USB_20260721/urp4/presentation/v0_1/dry_run.py,file:///C:/Users/chuck/Documents/Codex/2026-06-22/a2f23dee1d9a824b840a0175ca9a1f4b-https-app-notion-com-p/outputs/URP4-1_R09_SLICE005_LABPC_FACTORY_USB_20260721/urp4/presentation/v0_1/dry_run.py,6e48c229ef254e68316a37ab12e4f9f6f3687a05fd52f19be89f88ce911c8998,28137,2026-07-20T10:35:20+09:00,file-backed evidence; inspect source before upgrading claim
,python_source,outputs/URP4-1_R09_SLICE005_LABPC_FACTORY_USB_20260721/urp4/presentation/v0_1/ids.py,file:///C:/Users/chuck/Documents/Codex/2026-06-22/a2f23dee1d9a824b840a0175ca9a1f4b-https-app-notion-com-p/outputs/URP4-1_R09_SLICE005_LABPC_FACTORY_USB_20260721/urp4/presentation/v0_1/ids.py,cf5442d95f1dd18b1e5d76649fd9474abdea5a68c125edaaed0e0aaa78483ffc,7603,2026-07-19T18:22:38+09:00,file-backed evidence; inspect source before upgrading claim
,python_source,outputs/URP4-1_R09_SLICE005_LABPC_FACTORY_USB_20260721/urp4/presentation/v0_1/ledger.py,file:///C:/Users/chuck/Documents/Codex/2026-06-22/a2f23dee1d9a824b840a0175ca9a1f4b-https-app-notion-com-p/outputs/URP4-1_R09_SLICE005_LABPC_FACTORY_USB_20260721/urp4/presentation/v0_1/ledger.py,3504542c233e261a964169db740b3dfa36ba3cc4a63111a7868247871c85100e,14766,2026-07-19T18:33:30+09:00,file-backed evidence; inspect source before upgrading claim
,python_source,outputs/URP4-1_R09_SLICE005_LABPC_FACTORY_USB_20260721/urp4/presentation/v0_1/p2_preflight.py,file:///C:/Users/chuck/Documents/Codex/2026-06-22/a2f23dee1d9a824b840a0175ca9a1f4b-https-app-notion-com-p/outputs/URP4-1_R09_SLICE005_LABPC_FACTORY_USB_20260721/urp4/presentation/v0_1/p2_preflight.py,535dbd1ff190edebc14256bb4f83f5189ec0e892ef7c1d52fd894e5a1c61861b,40840,2026-07-20T10:40:26+09:00,file-backed evidence; inspect source before upgrading claim
,python_source,outputs/URP4-1_R09_SLICE005_LABPC_FACTORY_USB_20260721/urp4/presentation/v0_1/registrar.py,file:///C:/Users/chuck/Documents/Codex/2026-06-22/a2f23dee1d9a824b840a0175ca9a1f4b-https-app-notion-com-p/outputs/URP4-1_R09_SLICE005_LABPC_FACTORY_USB_20260721/urp4/presentation/v0_1/registrar.py,98ec8a8dab0d779544c043708f9dc452af2562d0ac424c98984442c701d8d76c,21274,2026-07-19T18:27:06+09:00,file-backed evidence; inspect source before upgrading claim
,python_source,outputs/URP4-1_R09_SLICE005_LABPC_FACTORY_USB_20260721/urp4/presentation/v0_1/scheduling.py,file:///C:/Users/chuck/Documents/Codex/2026-06-22/a2f23dee1d9a824b840a0175ca9a1f4b-https-app-notion-com-p/outputs/URP4-1_R09_SLICE005_LABPC_FACTORY_USB_20260721/urp4/presentation/v0_1/scheduling.py,bb06fe610818a18cb1b4d8a39de196bcbd559fabb9703969568b8726cd43f85a,5634,2026-07-19T18:21:01+09:00,file-backed evidence; inspect source before upgrading claim
,python_source,outputs/URP4-1_R09_SLICE005_LABPC_FACTORY_USB_20260721/urp4/presentation/v0_1/snapshot.py,file:///C:/Users/chuck/Documents/Codex/2026-06-22/a2f23dee1d9a824b840a0175ca9a1f4b-https-app-notion-com-p/outputs/URP4-1_R09_SLICE005_LABPC_FACTORY_USB_20260721/urp4/presentation/v0_1/snapshot.py,3f1832435e4997034c8abd2d133619705ebdd726aa608692653e7954437f8bdd,48167,2026-07-20T10:36:00+09:00,file-backed evidence; inspect source before upgrading claim
,python_source,outputs/URP4-1_R09_SLICE005_LABPC_FACTORY_USB_20260721/urp4/presentation/v0_1/__init__.py,file:///C:/Users/chuck/Documents/Codex/2026-06-22/a2f23dee1d9a824b840a0175ca9a1f4b-https-app-notion-com-p/outputs/URP4-1_R09_SLICE005_LABPC_FACTORY_USB_20260721/urp4/presentation/v0_1/__init__.py,467b8885a882dab98fb459da4038e53f9bd5f8fc165da1e181c7906d0f5c1d29,987,2026-07-20T09:43:22+09:00,file-backed evidence; inspect source before upgrading claim
,python_source,outputs/URP4-1_R09_SLICE005_LABPC_FACTORY_USB_20260721/urp4/training/v0_1/contracts.py,file:///C:/Users/chuck/Documents/Codex/2026-06-22/a2f23dee1d9a824b840a0175ca9a1f4b-https-app-notion-com-p/outputs/URP4-1_R09_SLICE005_LABPC_FACTORY_USB_20260721/urp4/training/v0_1/contracts.py,127fff910ed84108bc116c295ac1c890493e02e04a51e7025494867b10e803ac,2234,2026-07-19T15:02:40+09:00,file-backed evidence; inspect source before upgrading claim
,python_source,outputs/URP4-1_R09_SLICE005_LABPC_FACTORY_USB_20260721/urp4/training/v0_1/models.py,file:///C:/Users/chuck/Documents/Codex/2026-06-22/a2f23dee1d9a824b840a0175ca9a1f4b-https-app-notion-com-p/outputs/URP4-1_R09_SLICE005_LABPC_FACTORY_USB_20260721/urp4/training/v0_1/models.py,d1ea9c9497c37be0ae783445d9aa7451c24421cf7ae1e6907c76e14ebc80fc2a,4216,2026-07-19T15:02:40+09:00,file-backed evidence; inspect source before upgrading claim
,python_source,outputs/URP4-1_R09_SLICE005_LABPC_FACTORY_USB_20260721/urp4/training/v0_1/policy.py,file:///C:/Users/chuck/Documents/Codex/2026-06-22/a2f23dee1d9a824b840a0175ca9a1f4b-https-app-notion-com-p/outputs/URP4-1_R09_SLICE005_LABPC_FACTORY_USB_20260721/urp4/training/v0_1/policy.py,d7b6f9f40f5b1648616b57cc02103f5868bd3fadb3b46cb1371ed4a34e35e41c,12933,2026-07-19T15:02:40+09:00,file-backed evidence; inspect source before upgrading claim
,python_source,outputs/URP4-1_R09_SLICE005_LABPC_FACTORY_USB_20260721/urp4/training/v0_1/registry.py,file:///C:/Users/chuck/Documents/Codex/2026-06-22/a2f23dee1d9a824b840a0175ca9a1f4b-https-app-notion-com-p/outputs/URP4-1_R09_SLICE005_LABPC_FACTORY_USB_20260721/urp4/training/v0_1/registry.py,c7bc87dc730d06cef89c45a78b23372ba16eb186cf422c13a7628c2a9e8900b8,8947,2026-07-19T15:02:40+09:00,file-backed evidence; inspect source before upgrading claim
,python_source,outputs/URP4-1_R09_SLICE005_LABPC_FACTORY_USB_20260721/urp4/training/v0_1/source_audit.py,file:///C:/Users/chuck/Documents/Codex/2026-06-22/a2f23dee1d9a824b840a0175ca9a1f4b-https-app-notion-com-p/outputs/URP4-1_R09_SLICE005_LABPC_FACTORY_USB_20260721/urp4/training/v0_1/source_audit.py,92984e1a38db136dad6f99de7dac7607f6ec995ebfc2fcfcf1a7d173497eef39,5958,2026-07-19T15:03:45+09:00,file-backed evidence; inspect source before upgrading claim
,python_source,outputs/URP4-1_R09_SLICE005_LABPC_FACTORY_USB_20260721/urp4/training/v0_1/__init__.py,file:///C:/Users/chuck/Documents/Codex/2026-06-22/a2f23dee1d9a824b840a0175ca9a1f4b-https-app-notion-com-p/outputs/URP4-1_R09_SLICE005_LABPC_FACTORY_USB_20260721/urp4/training/v0_1/__init__.py,11eec2d05da853f97738b8a4f6de678f2ade8a81a23242eb808937d7d6200a5c,1798,2026-07-19T15:03:45+09:00,file-backed evidence; inspect source before upgrading claim
,python_source,urp4/contracts/__init__.py,file:///C:/Users/chuck/Documents/Codex/2026-06-22/a2f23dee1d9a824b840a0175ca9a1f4b-https-app-notion-com-p/urp4/contracts/__init__.py,e5d6656c731246b64d8359e1d6cbbf8e12c38710d9e83e80dce2cfd8ef28b2b0,506,2026-07-18T22:33:21+09:00,file-backed evidence; inspect source before upgrading claim
,python_source,urp4/descriptor_service/__init__.py,file:///C:/Users/chuck/Documents/Codex/2026-06-22/a2f23dee1d9a824b840a0175ca9a1f4b-https-app-notion-com-p/urp4/descriptor_service/__init__.py,01b048d500ff1d73db3d568486f02981e5b44278a2fc860e168d03cc64b62dfc,185,2026-07-19T01:01:41+09:00,file-backed evidence; inspect source before upgrading claim
,python_source,urp4/generators/__init__.py,file:///C:/Users/chuck/Documents/Codex/2026-06-22/a2f23dee1d9a824b840a0175ca9a1f4b-https-app-notion-com-p/urp4/generators/__init__.py,b1bc199d8ce44ea32358466c10b26236b59081037b4372f355309d22327c4f2b,56,2026-07-19T11:03:54+09:00,file-backed evidence; inspect source before upgrading claim
,python_source,urp4/geometry_io/__init__.py,file:///C:/Users/chuck/Documents/Codex/2026-06-22/a2f23dee1d9a824b840a0175ca9a1f4b-https-app-notion-com-p/urp4/geometry_io/__init__.py,4532d05bbcca8e192eabc670a056ff7fe6c18c7fdeac90d25af98082760c37b8,78,2026-07-22T02:45:18+09:00,file-backed evidence; inspect source before upgrading claim
,python_source,urp4/integration/__init__.py,file:///C:/Users/chuck/Documents/Codex/2026-06-22/a2f23dee1d9a824b840a0175ca9a1f4b-https-app-notion-com-p/urp4/integration/__init__.py,52721082f4f1ca28cf6b8d92bb4a2c2d2c94cbe47cdfbed9bb53a5d60723dd1e,52,2026-07-19T12:57:15+09:00,file-backed evidence; inspect source before upgrading claim
,python_source,urp4/legacy_reference/__init__.py,file:///C:/Users/chuck/Documents/Codex/2026-06-22/a2f23dee1d9a824b840a0175ca9a1f4b-https-app-notion-com-p/urp4/legacy_reference/__init__.py,40edb40874081713ef16598ede19f63a88e0ef6615b189df40a5e27f9e347b97,79,2026-07-18T23:09:28+09:00,file-backed evidence; inspect source before upgrading claim
,python_source,urp4/orchestration/__init__.py,file:///C:/Users/chuck/Documents/Codex/2026-06-22/a2f23dee1d9a824b840a0175ca9a1f4b-https-app-notion-com-p/urp4/orchestration/__init__.py,386ddbaff1cd91f26ff404952b6eb959755dfb2e20bc813748e38c945c8065af,38,2026-07-19T15:38:22+09:00,file-backed evidence; inspect source before upgrading claim
,python_source,urp4/presentation/__init__.py,file:///C:/Users/chuck/Documents/Codex/2026-06-22/a2f23dee1d9a824b840a0175ca9a1f4b-https-app-notion-com-p/urp4/presentation/__init__.py,62f77fac34125db78d4865637faea428ca4879da82b00c843eeae716d4317716,85,2026-07-19T18:13:45+09:00,file-backed evidence; inspect source before upgrading claim
,python_source,urp4/training/__init__.py,file:///C:/Users/chuck/Documents/Codex/2026-06-22/a2f23dee1d9a824b840a0175ca9a1f4b-https-app-notion-com-p/urp4/training/__init__.py,c361ab611500cad0c7222bdc6d6a7e8717f3a65c4907a2331eb195bea1e75891,165,2026-07-19T15:02:40+09:00,file-backed evidence; inspect source before upgrading claim
,python_source,urp4/contracts/v0_1/canonical.py,file:///C:/Users/chuck/Documents/Codex/2026-06-22/a2f23dee1d9a824b840a0175ca9a1f4b-https-app-notion-com-p/urp4/contracts/v0_1/canonical.py,16820525e28b5d6a1a8e305a2bf2102e279ae6ae35f76139e4203a1fa41b9ee9,2949,2026-07-18T22:33:21+09:00,file-backed evidence; inspect source before upgrading claim
,python_source,urp4/contracts/v0_1/ids.py,file:///C:/Users/chuck/Documents/Codex/2026-06-22/a2f23dee1d9a824b840a0175ca9a1f4b-https-app-notion-com-p/urp4/contracts/v0_1/ids.py,0190fafece4f9afb5d1f443f50a972737a727ee186d21789f4c7d1fba8780608,7194,2026-07-18T22:33:21+09:00,file-backed evidence; inspect source before upgrading claim
,python_source,urp4/contracts/v0_1/models.py,file:///C:/Users/chuck/Documents/Codex/2026-06-22/a2f23dee1d9a824b840a0175ca9a1f4b-https-app-notion-com-p/urp4/contracts/v0_1/models.py,5bf6dc0f4b3cc45ce7d33dd7fa93eef8fa3773a00626830537a3e09863af248a,1304,2026-07-18T22:33:21+09:00,file-backed evidence; inspect source before upgrading claim
,python_source,urp4/contracts/v0_1/validation.py,file:///C:/Users/chuck/Documents/Codex/2026-06-22/a2f23dee1d9a824b840a0175ca9a1f4b-https-app-notion-com-p/urp4/contracts/v0_1/validation.py,c32983dec08d25942cae055f123912ec8fd25f2d783813e18a461f5ebeff99b6,6526,2026-07-18T22:36:02+09:00,file-backed evidence; inspect source before upgrading claim
,python_source,urp4/contracts/v0_1/__init__.py,file:///C:/Users/chuck/Documents/Codex/2026-06-22/a2f23dee1d9a824b840a0175ca9a1f4b-https-app-notion-com-p/urp4/contracts/v0_1/__init__.py,0200ae980b28d41d9f61d02455223605a11ce8a4866a9518ed65777a5cbcb201,536,2026-07-18T22:33:21+09:00,file-backed evidence; inspect source before upgrading claim
,python_source,urp4/descriptor_service/v0_1/component.py,file:///C:/Users/chuck/Documents/Codex/2026-06-22/a2f23dee1d9a824b840a0175ca9a1f4b-https-app-notion-com-p/urp4/descriptor_service/v0_1/component.py,dd395c9e7e90d491181f851ca7afa1c13d0dfc63ec7b6b2be3c5da98b5e764cf,7528,2026-07-19T01:15:27+09:00,file-backed evidence; inspect source before upgrading claim
,python_source,urp4/descriptor_service/v0_1/config.py,file:///C:/Users/chuck/Documents/Codex/2026-06-22/a2f23dee1d9a824b840a0175ca9a1f4b-https-app-notion-com-p/urp4/descriptor_service/v0_1/config.py,79e72f02b554f7e0780993e7ec0e09f209dbc97b9e0d8f0503cabc2d1bcffaed,1928,2026-07-19T01:14:17+09:00,file-backed evidence; inspect source before upgrading claim
,python_source,urp4/descriptor_service/v0_1/contracts.py,file:///C:/Users/chuck/Documents/Codex/2026-06-22/a2f23dee1d9a824b840a0175ca9a1f4b-https-app-notion-com-p/urp4/descriptor_service/v0_1/contracts.py,aace4ae6edd9fa276dca1413abbbf26f4c79993b3d63d0c1f4a9e9079786b3f0,12695,2026-07-19T01:04:43+09:00,file-backed evidence; inspect source before upgrading claim
,python_source,urp4/descriptor_service/v0_1/formula.py,file:///C:/Users/chuck/Documents/Codex/2026-06-22/a2f23dee1d9a824b840a0175ca9a1f4b-https-app-notion-com-p/urp4/descriptor_service/v0_1/formula.py,d72075dcf6b7a3027a4473ffb87047903ecd01db5fc6f366a4bff0e0453a156e,538,2026-07-19T01:15:27+09:00,file-backed evidence; inspect source before upgrading claim
,python_source,urp4/descriptor_service/v0_1/geometry.py,file:///C:/Users/chuck/Documents/Codex/2026-06-22/a2f23dee1d9a824b840a0175ca9a1f4b-https-app-notion-com-p/urp4/descriptor_service/v0_1/geometry.py,580df093f8790137d79651909e2fb9b36f3f20ba69a26d558b97a5d35b074351,1665,2026-07-19T01:14:17+09:00,file-backed evidence; inspect source before upgrading claim
,python_source,urp4/descriptor_service/v0_1/models.py,file:///C:/Users/chuck/Documents/Codex/2026-06-22/a2f23dee1d9a824b840a0175ca9a1f4b-https-app-notion-com-p/urp4/descriptor_service/v0_1/models.py,696f747251d4143010cede2c8ef8f72e92262bdd1d08c06a9814da50a220784e,915,2026-07-19T01:01:41+09:00,file-backed evidence; inspect source before upgrading claim
,python_source,urp4/descriptor_service/v0_1/pipeline.py,file:///C:/Users/chuck/Documents/Codex/2026-06-22/a2f23dee1d9a824b840a0175ca9a1f4b-https-app-notion-com-p/urp4/descriptor_service/v0_1/pipeline.py,1ad4ea50c8e4676848881c8601373239fb185a12c7e5fa041edd7df56248f406,11647,2026-07-19T01:16:28+09:00,file-backed evidence; inspect source before upgrading claim
,python_source,urp4/descriptor_service/v0_1/pixel.py,file:///C:/Users/chuck/Documents/Codex/2026-06-22/a2f23dee1d9a824b840a0175ca9a1f4b-https-app-notion-com-p/urp4/descriptor_service/v0_1/pixel.py,3cd37430c720e4d6a572d1787c7f5c0a917965ea56aa451cd4b11ce945db6d72,3019,2026-07-19T01:14:17+09:00,file-backed evidence; inspect source before upgrading claim
,python_source,urp4/descriptor_service/v0_1/population.py,file:///C:/Users/chuck/Documents/Codex/2026-06-22/a2f23dee1d9a824b840a0175ca9a1f4b-https-app-notion-com-p/urp4/descriptor_service/v0_1/population.py,20fa690cc3acbb0b47569524694f339c25239a2359771b8a3cbb7c513b4e3478,1574,2026-07-19T01:17:19+09:00,file-backed evidence; inspect source before upgrading claim
,python_source,urp4/descriptor_service/v0_1/qa.py,file:///C:/Users/chuck/Documents/Codex/2026-06-22/a2f23dee1d9a824b840a0175ca9a1f4b-https-app-notion-com-p/urp4/descriptor_service/v0_1/qa.py,ceae088b19475ea7a8d5b32a04650805670e3ea5db0c8470b27722a706c90e2a,3121,2026-07-19T01:15:27+09:00,file-backed evidence; inspect source before upgrading claim
,python_source,urp4/descriptor_service/v0_1/run139.py,file:///C:/Users/chuck/Documents/Codex/2026-06-22/a2f23dee1d9a824b840a0175ca9a1f4b-https-app-notion-com-p/urp4/descriptor_service/v0_1/run139.py,3d6b3b4c14ab0bd00f242a52b62704f519a740d247e9404bf1ca36624f56537a,10373,2026-07-19T01:04:43+09:00,file-backed evidence; inspect source before upgrading claim
,python_source,urp4/descriptor_service/v0_1/service.py,file:///C:/Users/chuck/Documents/Codex/2026-06-22/a2f23dee1d9a824b840a0175ca9a1f4b-https-app-notion-com-p/urp4/descriptor_service/v0_1/service.py,37406a1004478b340297d3ce36408ea09682fd73d8e15f9411f218535db93d81,8707,2026-07-19T01:17:07+09:00,file-backed evidence; inspect source before upgrading claim
,python_source,urp4/descriptor_service/v0_1/slicing.py,file:///C:/Users/chuck/Documents/Codex/2026-06-22/a2f23dee1d9a824b840a0175ca9a1f4b-https-app-notion-com-p/urp4/descriptor_service/v0_1/slicing.py,9ab4213007b716f8ed361a6aecbbac7a8e5251459c6ff0feebac2e74dbc942ff,3461,2026-07-19T01:14:17+09:00,file-backed evidence; inspect source before upgrading claim
,python_source,urp4/descriptor_service/v0_1/__init__.py,file:///C:/Users/chuck/Documents/Codex/2026-06-22/a2f23dee1d9a824b840a0175ca9a1f4b-https-app-notion-com-p/urp4/descriptor_service/v0_1/__init__.py,6ee99b579e324aa8b52b04abbdf50725fc10b8d1caac0046a699088093e4d118,462,2026-07-19T01:17:19+09:00,file-backed evidence; inspect source before upgrading claim
,python_source,urp4/generators/lattice_typeab/__init__.py,file:///C:/Users/chuck/Documents/Codex/2026-06-22/a2f23dee1d9a824b840a0175ca9a1f4b-https-app-notion-com-p/urp4/generators/lattice_typeab/__init__.py,8d5fa45ab24ab7db58b60de6f8d2cee67d79b9a2b0aa750f862ec090adde317f,42,2026-07-19T11:03:54+09:00,file-backed evidence; inspect source before upgrading claim
,python_source,urp4/generators/tpms_multiwall/__init__.py,file:///C:/Users/chuck/Documents/Codex/2026-06-22/a2f23dee1d9a824b840a0175ca9a1f4b-https-app-notion-com-p/urp4/generators/tpms_multiwall/__init__.py,eda7ea70e2d2b1c17b03db3ac9efc6553dcfe8055064051e8e478fc5e0ee3b4e,51,2026-07-19T11:45:20+09:00,file-backed evidence; inspect source before upgrading claim
,python_source,urp4/generators/voxel/__init__.py,file:///C:/Users/chuck/Documents/Codex/2026-06-22/a2f23dee1d9a824b840a0175ca9a1f4b-https-app-notion-com-p/urp4/generators/voxel/__init__.py,77bffa1484a9d40a024634dd15f75dcaf4c303bc4ca13a618c7f8b0e5017b8ea,42,2026-07-19T12:24:01+09:00,file-backed evidence; inspect source before upgrading claim
,python_source,urp4/generators/lattice_typeab/v0_1/contracts.py,file:///C:/Users/chuck/Documents/Codex/2026-06-22/a2f23dee1d9a824b840a0175ca9a1f4b-https-app-notion-com-p/urp4/generators/lattice_typeab/v0_1/contracts.py,5d72d419433baf8a9d6e9e862beac223d00dc481849a4c82cab326797af29f20,6185,2026-07-19T11:03:54+09:00,file-backed evidence; inspect source before upgrading claim
,python_source,urp4/generators/lattice_typeab/v0_1/descriptors.py,file:///C:/Users/chuck/Documents/Codex/2026-06-22/a2f23dee1d9a824b840a0175ca9a1f4b-https-app-notion-com-p/urp4/generators/lattice_typeab/v0_1/descriptors.py,57707bc9ff020f2aa5fa1e530b45299e81f84890de3edb3b93640d926be4c0f1,6780,2026-07-19T11:11:12+09:00,file-backed evidence; inspect source before upgrading claim
,python_source,urp4/generators/lattice_typeab/v0_1/exporters.py,file:///C:/Users/chuck/Documents/Codex/2026-06-22/a2f23dee1d9a824b840a0175ca9a1f4b-https-app-notion-com-p/urp4/generators/lattice_typeab/v0_1/exporters.py,4a9b7b32f642cbb2717d562095f0ff22ba3de88b820747b61b8f0326934bb6c7,6292,2026-07-19T11:10:33+09:00,file-backed evidence; inspect source before upgrading claim
,python_source,urp4/generators/lattice_typeab/v0_1/graph.py,file:///C:/Users/chuck/Documents/Codex/2026-06-22/a2f23dee1d9a824b840a0175ca9a1f4b-https-app-notion-com-p/urp4/generators/lattice_typeab/v0_1/graph.py,13e23d2c957b476caf4c3fa0abe8efda78918f0407344feddf0e690bea46772e,11166,2026-07-19T11:03:54+09:00,file-backed evidence; inspect source before upgrading claim
,python_source,urp4/generators/lattice_typeab/v0_1/models.py,file:///C:/Users/chuck/Documents/Codex/2026-06-22/a2f23dee1d9a824b840a0175ca9a1f4b-https-app-notion-com-p/urp4/generators/lattice_typeab/v0_1/models.py,66329e2be7acb255f68a4d508c3931a6be9cbc41e4a3f053a6554cecb1ad4bcf,4834,2026-07-19T11:03:54+09:00,file-backed evidence; inspect source before upgrading claim
,python_source,urp4/generators/lattice_typeab/v0_1/plugin.py,file:///C:/Users/chuck/Documents/Codex/2026-06-22/a2f23dee1d9a824b840a0175ca9a1f4b-https-app-notion-com-p/urp4/generators/lattice_typeab/v0_1/plugin.py,bfe0d52005118603dccef6ae027aa8ca4a17da77a2248e36e020c03336126ab7,4674,2026-07-19T11:03:54+09:00,file-backed evidence; inspect source before upgrading claim
,python_source,urp4/generators/lattice_typeab/v0_1/type_b.py,file:///C:/Users/chuck/Documents/Codex/2026-06-22/a2f23dee1d9a824b840a0175ca9a1f4b-https-app-notion-com-p/urp4/generators/lattice_typeab/v0_1/type_b.py,997606649e41d354c6b894c367d4445cd0e9a7e1cd8d98b8629b1a6766967d08,6725,2026-07-19T11:03:54+09:00,file-backed evidence; inspect source before upgrading claim
,python_source,urp4/generators/lattice_typeab/v0_1/__init__.py,file:///C:/Users/chuck/Documents/Codex/2026-06-22/a2f23dee1d9a824b840a0175ca9a1f4b-https-app-notion-com-p/urp4/generators/lattice_typeab/v0_1/__init__.py,e420e61f8109bea1c5409ac874ae0e32428363a3426493cda88dcd976369afcb,563,2026-07-19T11:03:54+09:00,file-backed evidence; inspect source before upgrading claim
,python_source,urp4/generators/tpms_multiwall/v0_1/contracts.py,file:///C:/Users/chuck/Documents/Codex/2026-06-22/a2f23dee1d9a824b840a0175ca9a1f4b-https-app-notion-com-p/urp4/generators/tpms_multiwall/v0_1/contracts.py,4f13555ca9713513d5449fe6dfef7a2a642c28fa1bab85ff1ef137bafe73b8ec,7115,2026-07-19T11:48:45+09:00,file-backed evidence; inspect source before upgrading claim
,python_source,urp4/generators/tpms_multiwall/v0_1/exporters.py,file:///C:/Users/chuck/Documents/Codex/2026-06-22/a2f23dee1d9a824b840a0175ca9a1f4b-https-app-notion-com-p/urp4/generators/tpms_multiwall/v0_1/exporters.py,a21ef77ccce5328efc5091e9ed6e3a35aeed91b9ff656c1ddb87129fe9248c50,3358,2026-07-19T11:55:02+09:00,file-backed evidence; inspect source before upgrading claim
,python_source,urp4/generators/tpms_multiwall/v0_1/fields.py,file:///C:/Users/chuck/Documents/Codex/2026-06-22/a2f23dee1d9a824b840a0175ca9a1f4b-https-app-notion-com-p/urp4/generators/tpms_multiwall/v0_1/fields.py,e9a3e0c460252e6d437148eb0d1ee4257b8ead1c94d9d5bd3cffff0ee711c08d,3515,2026-07-19T11:46:08+09:00,file-backed evidence; inspect source before upgrading claim
,python_source,urp4/generators/tpms_multiwall/v0_1/masking.py,file:///C:/Users/chuck/Documents/Codex/2026-06-22/a2f23dee1d9a824b840a0175ca9a1f4b-https-app-notion-com-p/urp4/generators/tpms_multiwall/v0_1/masking.py,10ab73bd146669120350cede967a9f2a87745ab1553d1b97e10b576319e01512,14991,2026-07-19T11:47:37+09:00,file-backed evidence; inspect source before upgrading claim
,python_source,urp4/generators/tpms_multiwall/v0_1/models.py,file:///C:/Users/chuck/Documents/Codex/2026-06-22/a2f23dee1d9a824b840a0175ca9a1f4b-https-app-notion-com-p/urp4/generators/tpms_multiwall/v0_1/models.py,fff4adfc7f91fd372958635c8cbfea52f0920af200e0dfc23be9f2ce2b25d9ad,7197,2026-07-19T11:45:20+09:00,file-backed evidence; inspect source before upgrading claim
,python_source,urp4/generators/tpms_multiwall/v0_1/plugin.py,file:///C:/Users/chuck/Documents/Codex/2026-06-22/a2f23dee1d9a824b840a0175ca9a1f4b-https-app-notion-com-p/urp4/generators/tpms_multiwall/v0_1/plugin.py,6de380d4faf01b38e3da8ea5a5dd650e72c74b0f084b7aa023f5c5208dcc02bc,5852,2026-07-19T11:49:19+09:00,file-backed evidence; inspect source before upgrading claim
,python_source,urp4/generators/tpms_multiwall/v0_1/registry.py,file:///C:/Users/chuck/Documents/Codex/2026-06-22/a2f23dee1d9a824b840a0175ca9a1f4b-https-app-notion-com-p/urp4/generators/tpms_multiwall/v0_1/registry.py,5f5b59a3e8f19644c7e8ea81850eb6141a248f4cb96b68b41e561894544ecb99,2723,2026-07-19T11:46:08+09:00,file-backed evidence; inspect source before upgrading claim
,python_source,urp4/generators/tpms_multiwall/v0_1/__init__.py,file:///C:/Users/chuck/Documents/Codex/2026-06-22/a2f23dee1d9a824b840a0175ca9a1f4b-https-app-notion-com-p/urp4/generators/tpms_multiwall/v0_1/__init__.py,e9210e752e22985137682fb1abcf501c575f30c86cb60e2e6a25d8891b42732c,660,2026-07-19T11:45:20+09:00,file-backed evidence; inspect source before upgrading claim
,python_source,urp4/generators/voxel/v0_1/contracts.py,file:///C:/Users/chuck/Documents/Codex/2026-06-22/a2f23dee1d9a824b840a0175ca9a1f4b-https-app-notion-com-p/urp4/generators/voxel/v0_1/contracts.py,9bef1c6e8e41962fd6b02e9d45490c37abbd2378f6638f8c45e0b9ced8e7a86f,6536,2026-07-19T12:27:35+09:00,file-backed evidence; inspect source before upgrading claim
,python_source,urp4/generators/voxel/v0_1/exporters.py,file:///C:/Users/chuck/Documents/Codex/2026-06-22/a2f23dee1d9a824b840a0175ca9a1f4b-https-app-notion-com-p/urp4/generators/voxel/v0_1/exporters.py,f8eec2c0393806325467d224cee5897301ad2bbe4cfceacbcf4b9b553cb9317e,3127,2026-07-19T12:24:01+09:00,file-backed evidence; inspect source before upgrading claim
,python_source,urp4/generators/voxel/v0_1/kernel.py,file:///C:/Users/chuck/Documents/Codex/2026-06-22/a2f23dee1d9a824b840a0175ca9a1f4b-https-app-notion-com-p/urp4/generators/voxel/v0_1/kernel.py,664c73be3bc4609b0407baadf18bd9a4e69b788772e3724f2ae6d99a8952ca0a,1852,2026-07-19T12:25:00+09:00,file-backed evidence; inspect source before upgrading claim
,python_source,urp4/generators/voxel/v0_1/models.py,file:///C:/Users/chuck/Documents/Codex/2026-06-22/a2f23dee1d9a824b840a0175ca9a1f4b-https-app-notion-com-p/urp4/generators/voxel/v0_1/models.py,12c5b353be0007c51ca0a29cd9f8c886eb70c25f3ae3b8622e100d6c9f87b13b,7716,2026-07-19T12:25:44+09:00,file-backed evidence; inspect source before upgrading claim
,python_source,urp4/generators/voxel/v0_1/plugin.py,file:///C:/Users/chuck/Documents/Codex/2026-06-22/a2f23dee1d9a824b840a0175ca9a1f4b-https-app-notion-com-p/urp4/generators/voxel/v0_1/plugin.py,fc8e30927988c085d6df0b6400f2caf3f4f4d8f39cc17bc230074db014088ca7,5751,2026-07-19T12:24:01+09:00,file-backed evidence; inspect source before upgrading claim
,python_source,urp4/generators/voxel/v0_1/registry.py,file:///C:/Users/chuck/Documents/Codex/2026-06-22/a2f23dee1d9a824b840a0175ca9a1f4b-https-app-notion-com-p/urp4/generators/voxel/v0_1/registry.py,3d230edc0495b864a87134958967d3aed71b4c9cb8441567f714c77240f9a475,2183,2026-07-19T12:25:44+09:00,file-backed evidence; inspect source before upgrading claim
,python_source,urp4/generators/voxel/v0_1/source_kernel.py,file:///C:/Users/chuck/Documents/Codex/2026-06-22/a2f23dee1d9a824b840a0175ca9a1f4b-https-app-notion-com-p/urp4/generators/voxel/v0_1/source_kernel.py,db50808bc205f6b13a366ac88dd0ec5a31d23a36cef1b96e46489394f5164543,6084,2026-07-19T12:24:41+09:00,file-backed evidence; inspect source before upgrading claim
,python_source,urp4/generators/voxel/v0_1/__init__.py,file:///C:/Users/chuck/Documents/Codex/2026-06-22/a2f23dee1d9a824b840a0175ca9a1f4b-https-app-notion-com-p/urp4/generators/voxel/v0_1/__init__.py,4792eb5b2783c2f8c91dfa419037d00a8c420d221e7df632db30756ea417f6c7,429,2026-07-19T12:24:01+09:00,file-backed evidence; inspect source before upgrading claim
,python_source,urp4/geometry_io/v0_1/models.py,file:///C:/Users/chuck/Documents/Codex/2026-06-22/a2f23dee1d9a824b840a0175ca9a1f4b-https-app-notion-com-p/urp4/geometry_io/v0_1/models.py,85abe3c59de0b9fa2532d9455808e92abff62f4bcdd3b87c857b5f1c52e928d7,1289,2026-07-22T02:52:25+09:00,file-backed evidence; inspect source before upgrading claim
,python_source,urp4/geometry_io/v0_1/routing.py,file:///C:/Users/chuck/Documents/Codex/2026-06-22/a2f23dee1d9a824b840a0175ca9a1f4b-https-app-notion-com-p/urp4/geometry_io/v0_1/routing.py,6f8dde1ab5a0b95347cfa7d445d4c12129e59fe1cba069d7653c65c2e1c6b320,1472,2026-07-22T02:45:18+09:00,file-backed evidence; inspect source before upgrading claim
,python_source,urp4/geometry_io/v0_1/stl_import.py,file:///C:/Users/chuck/Documents/Codex/2026-06-22/a2f23dee1d9a824b840a0175ca9a1f4b-https-app-notion-com-p/urp4/geometry_io/v0_1/stl_import.py,31454eee7093526fae2cb6e06e811b1bbfb25ca18aa2d1e589d495ea6259ddc8,8590,2026-07-22T02:52:25+09:00,file-backed evidence; inspect source before upgrading claim
,python_source,urp4/geometry_io/v0_1/__init__.py,file:///C:/Users/chuck/Documents/Codex/2026-06-22/a2f23dee1d9a824b840a0175ca9a1f4b-https-app-notion-com-p/urp4/geometry_io/v0_1/__init__.py,02b2926e1bfc7ee566fb3e94bb08036afc2d8f2b80a3b9955b93338a58f3b56b,454,2026-07-22T02:45:18+09:00,file-backed evidence; inspect source before upgrading claim
,python_source,urp4/geometry_io/v0_2/step_import.py,file:///C:/Users/chuck/Documents/Codex/2026-06-22/a2f23dee1d9a824b840a0175ca9a1f4b-https-app-notion-com-p/urp4/geometry_io/v0_2/step_import.py,77482c3dee570f309b022407dc43656a83c63524cc4132c2041c4553a474f18a,15971,2026-07-24T10:35:26+09:00,file-backed evidence; inspect source before upgrading claim
,python_source,urp4/geometry_io/v0_2/__init__.py,file:///C:/Users/chuck/Documents/Codex/2026-06-22/a2f23dee1d9a824b840a0175ca9a1f4b-https-app-notion-com-p/urp4/geometry_io/v0_2/__init__.py,2947ba84dcf17a3b6007692bcb0c1659e6ce1f8425b8a91541895e3f8ebc7d57,361,2026-07-24T10:35:26+09:00,file-backed evidence; inspect source before upgrading claim
,python_source,urp4/geometry_io/v0_3/source_preflight.py,file:///C:/Users/chuck/Documents/Codex/2026-06-22/a2f23dee1d9a824b840a0175ca9a1f4b-https-app-notion-com-p/urp4/geometry_io/v0_3/source_preflight.py,210b8ece82adf348e097c400b516cce8d133a219122fad8649433a9790510d36,11527,2026-07-27T16:35:23+09:00,file-backed evidence; inspect source before upgrading claim
,python_source,urp4/geometry_io/v0_3/__init__.py,file:///C:/Users/chuck/Documents/Codex/2026-06-22/a2f23dee1d9a824b840a0175ca9a1f4b-https-app-notion-com-p/urp4/geometry_io/v0_3/__init__.py,685eddb2fd6330c7e194bb3a87dde7bff887f7501014aeb2488f766adb1a8651,444,2026-07-27T16:35:23+09:00,file-backed evidence; inspect source before upgrading claim
,python_source,urp4/geometry_io/v0_4/imported_winding.py,file:///C:/Users/chuck/Documents/Codex/2026-06-22/a2f23dee1d9a824b840a0175ca9a1f4b-https-app-notion-com-p/urp4/geometry_io/v0_4/imported_winding.py,33f304d457534864132563b76b4af0f2dfba1d5e6da4de43fc7daa00b8ce97ad,12616,2026-07-28T11:48:15+09:00,file-backed evidence; inspect source before upgrading claim
,python_source,urp4/geometry_io/v0_4/__init__.py,file:///C:/Users/chuck/Documents/Codex/2026-06-22/a2f23dee1d9a824b840a0175ca9a1f4b-https-app-notion-com-p/urp4/geometry_io/v0_4/__init__.py,f77ae9d005d5481a3ccb1882b621deee06fbd599a5bab007bec26e6ed9f3c0ed,700,2026-07-28T11:48:15+09:00,file-backed evidence; inspect source before upgrading claim
,python_source,urp4/integration/theta_geometry_x/__init__.py,file:///C:/Users/chuck/Documents/Codex/2026-06-22/a2f23dee1d9a824b840a0175ca9a1f4b-https-app-notion-com-p/urp4/integration/theta_geometry_x/__init__.py,f7451227d19b6f698751f99c14b367936f722d2b73f6adbc0742d3c4d946f41c,59,2026-07-19T12:57:15+09:00,file-backed evidence; inspect source before upgrading claim
,python_source,urp4/integration/theta_geometry_x/v0_1/models.py,file:///C:/Users/chuck/Documents/Codex/2026-06-22/a2f23dee1d9a824b840a0175ca9a1f4b-https-app-notion-com-p/urp4/integration/theta_geometry_x/v0_1/models.py,f06cb39a6bde97dceacb5183f07a7e66b552494c0de755cec3e8c5595bd89405,1834,2026-07-19T12:57:15+09:00,file-backed evidence; inspect source before upgrading claim
,python_source,urp4/integration/theta_geometry_x/v0_1/registry.py,file:///C:/Users/chuck/Documents/Codex/2026-06-22/a2f23dee1d9a824b840a0175ca9a1f4b-https-app-notion-com-p/urp4/integration/theta_geometry_x/v0_1/registry.py,602fe729d063bbf5c1bc0a0faf7571a56678bf6b99a9d76c3ebec743c1e8bbcd,19827,2026-07-19T12:59:12+09:00,file-backed evidence; inspect source before upgrading claim
,python_source,urp4/integration/theta_geometry_x/v0_1/validation.py,file:///C:/Users/chuck/Documents/Codex/2026-06-22/a2f23dee1d9a824b840a0175ca9a1f4b-https-app-notion-com-p/urp4/integration/theta_geometry_x/v0_1/validation.py,1dc404bf52d27d41690ba6e3b9f234660136b366180a10a4c91c9f888b90013b,10743,2026-07-19T12:57:15+09:00,file-backed evidence; inspect source before upgrading claim
,python_source,urp4/integration/theta_geometry_x/v0_1/__init__.py,file:///C:/Users/chuck/Documents/Codex/2026-06-22/a2f23dee1d9a824b840a0175ca9a1f4b-https-app-notion-com-p/urp4/integration/theta_geometry_x/v0_1/__init__.py,60b68dcd0de8c3bb58b4003b71f997e34c05f617731343ec428d287d236d2535,559,2026-07-19T12:57:15+09:00,file-backed evidence; inspect source before upgrading claim
,python_source,urp4/legacy_reference/v0_1/adapters.py,file:///C:/Users/chuck/Documents/Codex/2026-06-22/a2f23dee1d9a824b840a0175ca9a1f4b-https-app-notion-com-p/urp4/legacy_reference/v0_1/adapters.py,1ca9b01efd72e9a0772cce1a53562b88bf4b87e6c5b6fc1890a5872a94c0e32f,10283,2026-07-18T23:09:28+09:00,file-backed evidence; inspect source before upgrading claim
,python_source,urp4/legacy_reference/v0_1/loader.py,file:///C:/Users/chuck/Documents/Codex/2026-06-22/a2f23dee1d9a824b840a0175ca9a1f4b-https-app-notion-com-p/urp4/legacy_reference/v0_1/loader.py,00d64b51fa4dba7f0da68da2dc9ab638e04d493aa9319775a76b918c32c48f99,4717,2026-07-18T23:09:28+09:00,file-backed evidence; inspect source before upgrading claim
,python_source,urp4/legacy_reference/v0_1/__init__.py,file:///C:/Users/chuck/Documents/Codex/2026-06-22/a2f23dee1d9a824b840a0175ca9a1f4b-https-app-notion-com-p/urp4/legacy_reference/v0_1/__init__.py,975634194bfffed775ae6da5a1e4a84cc19c94b70bb3bb2ba06408240e6d550e,433,2026-07-18T23:09:28+09:00,file-backed evidence; inspect source before upgrading claim
,python_source,urp4/orchestration/v0_1/engine.py,file:///C:/Users/chuck/Documents/Codex/2026-06-22/a2f23dee1d9a824b840a0175ca9a1f4b-https-app-notion-com-p/urp4/orchestration/v0_1/engine.py,2543825d957b78fd045ebbe6fb2ddd6004a7d3ba053a701ffe36d9e948b3ec43,8604,2026-07-19T15:39:22+09:00,file-backed evidence; inspect source before upgrading claim
,python_source,urp4/orchestration/v0_1/models.py,file:///C:/Users/chuck/Documents/Codex/2026-06-22/a2f23dee1d9a824b840a0175ca9a1f4b-https-app-notion-com-p/urp4/orchestration/v0_1/models.py,f64c7c809d0942591125c49eb7f296f1732c780c95c6c6f1ce7cee88b2b00e53,3324,2026-07-19T15:38:22+09:00,file-backed evidence; inspect source before upgrading claim
,python_source,urp4/orchestration/v0_1/registry.py,file:///C:/Users/chuck/Documents/Codex/2026-06-22/a2f23dee1d9a824b840a0175ca9a1f4b-https-app-notion-com-p/urp4/orchestration/v0_1/registry.py,4f3aed7bf10d25f1b4d9271ff18018761c05703c791413dcc227d547753ca2b1,6465,2026-07-19T15:38:51+09:00,file-backed evidence; inspect source before upgrading claim
,python_source,urp4/orchestration/v0_1/__init__.py,file:///C:/Users/chuck/Documents/Codex/2026-06-22/a2f23dee1d9a824b840a0175ca9a1f4b-https-app-notion-com-p/urp4/orchestration/v0_1/__init__.py,a3015746509a2c8b997ab91ce343ca8a79edc9578aa90e5c574bc8599a21ef7b,736,2026-07-19T15:38:22+09:00,file-backed evidence; inspect source before upgrading claim
,python_source,urp4/presentation/v0_1/canonical.py,file:///C:/Users/chuck/Documents/Codex/2026-06-22/a2f23dee1d9a824b840a0175ca9a1f4b-https-app-notion-com-p/urp4/presentation/v0_1/canonical.py,59e904ea7a6440b51811cba677bba2a045523952fd6d43441857530db7820246,1471,2026-07-19T18:13:45+09:00,file-backed evidence; inspect source before upgrading claim
,python_source,urp4/presentation/v0_1/dry_run.py,file:///C:/Users/chuck/Documents/Codex/2026-06-22/a2f23dee1d9a824b840a0175ca9a1f4b-https-app-notion-com-p/urp4/presentation/v0_1/dry_run.py,6e48c229ef254e68316a37ab12e4f9f6f3687a05fd52f19be89f88ce911c8998,28137,2026-07-20T10:35:20+09:00,file-backed evidence; inspect source before upgrading claim
,python_source,urp4/presentation/v0_1/ids.py,file:///C:/Users/chuck/Documents/Codex/2026-06-22/a2f23dee1d9a824b840a0175ca9a1f4b-https-app-notion-com-p/urp4/presentation/v0_1/ids.py,cf5442d95f1dd18b1e5d76649fd9474abdea5a68c125edaaed0e0aaa78483ffc,7603,2026-07-19T18:22:38+09:00,file-backed evidence; inspect source before upgrading claim
,python_source,urp4/presentation/v0_1/ledger.py,file:///C:/Users/chuck/Documents/Codex/2026-06-22/a2f23dee1d9a824b840a0175ca9a1f4b-https-app-notion-com-p/urp4/presentation/v0_1/ledger.py,3504542c233e261a964169db740b3dfa36ba3cc4a63111a7868247871c85100e,14766,2026-07-19T18:33:30+09:00,file-backed evidence; inspect source before upgrading claim
,python_source,urp4/presentation/v0_1/p2_preflight.py,file:///C:/Users/chuck/Documents/Codex/2026-06-22/a2f23dee1d9a824b840a0175ca9a1f4b-https-app-notion-com-p/urp4/presentation/v0_1/p2_preflight.py,535dbd1ff190edebc14256bb4f83f5189ec0e892ef7c1d52fd894e5a1c61861b,40840,2026-07-20T10:40:26+09:00,file-backed evidence; inspect source before upgrading claim
,python_source,urp4/presentation/v0_1/registrar.py,file:///C:/Users/chuck/Documents/Codex/2026-06-22/a2f23dee1d9a824b840a0175ca9a1f4b-https-app-notion-com-p/urp4/presentation/v0_1/registrar.py,98ec8a8dab0d779544c043708f9dc452af2562d0ac424c98984442c701d8d76c,21274,2026-07-19T18:27:06+09:00,file-backed evidence; inspect source before upgrading claim
,python_source,urp4/presentation/v0_1/scheduling.py,file:///C:/Users/chuck/Documents/Codex/2026-06-22/a2f23dee1d9a824b840a0175ca9a1f4b-https-app-notion-com-p/urp4/presentation/v0_1/scheduling.py,bb06fe610818a18cb1b4d8a39de196bcbd559fabb9703969568b8726cd43f85a,5634,2026-07-19T18:21:01+09:00,file-backed evidence; inspect source before upgrading claim
,python_source,urp4/presentation/v0_1/snapshot.py,file:///C:/Users/chuck/Documents/Codex/2026-06-22/a2f23dee1d9a824b840a0175ca9a1f4b-https-app-notion-com-p/urp4/presentation/v0_1/snapshot.py,3f1832435e4997034c8abd2d133619705ebdd726aa608692653e7954437f8bdd,48167,2026-07-20T10:36:00+09:00,file-backed evidence; inspect source before upgrading claim
,python_source,urp4/presentation/v0_1/__init__.py,file:///C:/Users/chuck/Documents/Codex/2026-06-22/a2f23dee1d9a824b840a0175ca9a1f4b-https-app-notion-com-p/urp4/presentation/v0_1/__init__.py,467b8885a882dab98fb459da4038e53f9bd5f8fc165da1e181c7906d0f5c1d29,987,2026-07-20T09:43:22+09:00,file-backed evidence; inspect source before upgrading claim
,python_source,urp4/training/p1_adapter_v0_1/adapters.py,file:///C:/Users/chuck/Documents/Codex/2026-06-22/a2f23dee1d9a824b840a0175ca9a1f4b-https-app-notion-com-p/urp4/training/p1_adapter_v0_1/adapters.py,73e29758afc8b4324056c68708bf6ac255cbb7a62e4a414fdea81fcb8eabe1e4,8645,2026-07-21T23:02:47+09:00,file-backed evidence; inspect source before upgrading claim
,python_source,urp4/training/p1_adapter_v0_1/models.py,file:///C:/Users/chuck/Documents/Codex/2026-06-22/a2f23dee1d9a824b840a0175ca9a1f4b-https-app-notion-com-p/urp4/training/p1_adapter_v0_1/models.py,07214664ef1de073b5ea0bf3bd744429e4ec0b406b36f678144356e269e14824,2133,2026-07-21T23:02:14+09:00,file-backed evidence; inspect source before upgrading claim
,python_source,urp4/training/p1_adapter_v0_1/registry.py,file:///C:/Users/chuck/Documents/Codex/2026-06-22/a2f23dee1d9a824b840a0175ca9a1f4b-https-app-notion-com-p/urp4/training/p1_adapter_v0_1/registry.py,6cd60a8b98dce8febefa39b35ed2e41cdcc4a4e393c214f2324347758312faa2,5660,2026-07-21T23:02:14+09:00,file-backed evidence; inspect source before upgrading claim
,python_source,urp4/training/p1_adapter_v0_1/__init__.py,file:///C:/Users/chuck/Documents/Codex/2026-06-22/a2f23dee1d9a824b840a0175ca9a1f4b-https-app-notion-com-p/urp4/training/p1_adapter_v0_1/__init__.py,b04a593d4d0bca2a1bef26ce178e5a08cc12d9aaed7c12771431c68d0227f8a9,718,2026-07-21T23:02:14+09:00,file-backed evidence; inspect source before upgrading claim
,python_source,urp4/training/p1_exec_layer_v0_1/builders.py,file:///C:/Users/chuck/Documents/Codex/2026-06-22/a2f23dee1d9a824b840a0175ca9a1f4b-https-app-notion-com-p/urp4/training/p1_exec_layer_v0_1/builders.py,dd7d7effa549f3f7b32c1d23d70c5f8322f4e1798c1041daa69c105259de1080,4582,2026-07-21T23:43:56+09:00,file-backed evidence; inspect source before upgrading claim
,python_source,urp4/training/p1_exec_layer_v0_1/estimators.py,file:///C:/Users/chuck/Documents/Codex/2026-06-22/a2f23dee1d9a824b840a0175ca9a1f4b-https-app-notion-com-p/urp4/training/p1_exec_layer_v0_1/estimators.py,729f4759cf0d5e5844cc3370dc9d5f189299193a2d1bd4a5101be19213e872a5,13489,2026-07-21T23:42:35+09:00,file-backed evidence; inspect source before upgrading claim
,python_source,urp4/training/p1_exec_layer_v0_1/ledger.py,file:///C:/Users/chuck/Documents/Codex/2026-06-22/a2f23dee1d9a824b840a0175ca9a1f4b-https-app-notion-com-p/urp4/training/p1_exec_layer_v0_1/ledger.py,36aad8d9e584fbaa514f212190a93f0b24ca496342516a7b8ee65ca7e9267bac,1945,2026-07-21T23:42:35+09:00,file-backed evidence; inspect source before upgrading claim
,python_source,urp4/training/p1_exec_layer_v0_1/models.py,file:///C:/Users/chuck/Documents/Codex/2026-06-22/a2f23dee1d9a824b840a0175ca9a1f4b-https-app-notion-com-p/urp4/training/p1_exec_layer_v0_1/models.py,b6f3c09c91e4df2fc24685d9eb25dd899a171ddda9ea8fa0ca962b81d0545bda,1629,2026-07-21T23:42:35+09:00,file-backed evidence; inspect source before upgrading claim
,python_source,urp4/training/p1_exec_layer_v0_1/permit.py,file:///C:/Users/chuck/Documents/Codex/2026-06-22/a2f23dee1d9a824b840a0175ca9a1f4b-https-app-notion-com-p/urp4/training/p1_exec_layer_v0_1/permit.py,5396f85f4ccba6f9a2450676a93230e8b3a7e9b317af8628065d987e47fc2ed2,5347,2026-07-21T23:42:35+09:00,file-backed evidence; inspect source before upgrading claim
,python_source,urp4/training/p1_exec_layer_v0_1/__init__.py,file:///C:/Users/chuck/Documents/Codex/2026-06-22/a2f23dee1d9a824b840a0175ca9a1f4b-https-app-notion-com-p/urp4/training/p1_exec_layer_v0_1/__init__.py,a2582e0cfa92daa184a6d3582bdb1ccc198153c1f98bdbb04b01fa8b2c176ea3,1108,2026-07-21T23:42:35+09:00,file-backed evidence; inspect source before upgrading claim
,python_source,urp4/training/v0_1/contracts.py,file:///C:/Users/chuck/Documents/Codex/2026-06-22/a2f23dee1d9a824b840a0175ca9a1f4b-https-app-notion-com-p/urp4/training/v0_1/contracts.py,127fff910ed84108bc116c295ac1c890493e02e04a51e7025494867b10e803ac,2234,2026-07-19T15:02:40+09:00,file-backed evidence; inspect source before upgrading claim
,python_source,urp4/training/v0_1/models.py,file:///C:/Users/chuck/Documents/Codex/2026-06-22/a2f23dee1d9a824b840a0175ca9a1f4b-https-app-notion-com-p/urp4/training/v0_1/models.py,d1ea9c9497c37be0ae783445d9aa7451c24421cf7ae1e6907c76e14ebc80fc2a,4216,2026-07-19T15:02:40+09:00,file-backed evidence; inspect source before upgrading claim
,python_source,urp4/training/v0_1/policy.py,file:///C:/Users/chuck/Documents/Codex/2026-06-22/a2f23dee1d9a824b840a0175ca9a1f4b-https-app-notion-com-p/urp4/training/v0_1/policy.py,d7b6f9f40f5b1648616b57cc02103f5868bd3fadb3b46cb1371ed4a34e35e41c,12933,2026-07-19T15:02:40+09:00,file-backed evidence; inspect source before upgrading claim
,python_source,urp4/training/v0_1/registry.py,file:///C:/Users/chuck/Documents/Codex/2026-06-22/a2f23dee1d9a824b840a0175ca9a1f4b-https-app-notion-com-p/urp4/training/v0_1/registry.py,c7bc87dc730d06cef89c45a78b23372ba16eb186cf422c13a7628c2a9e8900b8,8947,2026-07-19T15:02:40+09:00,file-backed evidence; inspect source before upgrading claim
,python_source,urp4/training/v0_1/source_audit.py,file:///C:/Users/chuck/Documents/Codex/2026-06-22/a2f23dee1d9a824b840a0175ca9a1f4b-https-app-notion-com-p/urp4/training/v0_1/source_audit.py,92984e1a38db136dad6f99de7dac7607f6ec995ebfc2fcfcf1a7d173497eef39,5958,2026-07-19T15:03:45+09:00,file-backed evidence; inspect source before upgrading claim
,python_source,urp4/training/v0_1/__init__.py,file:///C:/Users/chuck/Documents/Codex/2026-06-22/a2f23dee1d9a824b840a0175ca9a1f4b-https-app-notion-com-p/urp4/training/v0_1/__init__.py,11eec2d05da853f97738b8a4f6de678f2ade8a81a23242eb808937d7d6200a5c,1798,2026-07-19T15:03:45+09:00,file-backed evidence; inspect source before upgrading claim
,python_source,urp4/training/v0_2/models.py,file:///C:/Users/chuck/Documents/Codex/2026-06-22/a2f23dee1d9a824b840a0175ca9a1f4b-https-app-notion-com-p/urp4/training/v0_2/models.py,19b24c1ab841d959702ef7e8f106a6652553ffcb98c816f216cd31fb47b96ec1,1888,2026-07-21T21:58:45+09:00,file-backed evidence; inspect source before upgrading claim
,python_source,urp4/training/v0_2/policy.py,file:///C:/Users/chuck/Documents/Codex/2026-06-22/a2f23dee1d9a824b840a0175ca9a1f4b-https-app-notion-com-p/urp4/training/v0_2/policy.py,ef694a208127515f0a2644e3c69c64a28c3ba4a6ed761dc3360c97258677ef57,5856,2026-07-21T21:58:45+09:00,file-backed evidence; inspect source before upgrading claim
,python_source,urp4/training/v0_2/registry.py,file:///C:/Users/chuck/Documents/Codex/2026-06-22/a2f23dee1d9a824b840a0175ca9a1f4b-https-app-notion-com-p/urp4/training/v0_2/registry.py,db296fc50fce1996759386f7278f862f36c8225fff4eafd20f791c229c35a3a6,4702,2026-07-21T21:58:45+09:00,file-backed evidence; inspect source before upgrading claim
,python_source,urp4/training/v0_2/__init__.py,file:///C:/Users/chuck/Documents/Codex/2026-06-22/a2f23dee1d9a824b840a0175ca9a1f4b-https-app-notion-com-p/urp4/training/v0_2/__init__.py,24c39f42b9b2475e7973f367ccb5e893a8fc0ee510cef85d5ea568486b9c63e8,557,2026-07-21T21:58:45+09:00,file-backed evidence; inspect source before upgrading claim
,python_source,URP4-1_DELIVERABLE/tests/audit_deliverable.py,file:///C:/Users/chuck/Documents/Codex/2026-06-22/a2f23dee1d9a824b840a0175ca9a1f4b-https-app-notion-com-p/URP4-1_DELIVERABLE/tests/audit_deliverable.py,02ae40134c075eb31fdc7c90fd7a3307e95c6ce8a500a9712adaf4826fe347e6,8326,2026-07-28T14:28:41+09:00,file-backed evidence; inspect source before upgrading claim
,python_source,URP4-1_DELIVERABLE/tests/controller_contract.py,file:///C:/Users/chuck/Documents/Codex/2026-06-22/a2f23dee1d9a824b840a0175ca9a1f4b-https-app-notion-com-p/URP4-1_DELIVERABLE/tests/controller_contract.py,026fbef0f3757e0e5b52f028b587a4df81c30a0d1268fc32abb3d4c21b41b0d3,6966,2026-07-28T15:00:32+09:00,file-backed evidence; inspect source before upgrading claim
,python_source,URP4-1_DELIVERABLE/tests/full_descriptor_smoke.py,file:///C:/Users/chuck/Documents/Codex/2026-06-22/a2f23dee1d9a824b840a0175ca9a1f4b-https-app-notion-com-p/URP4-1_DELIVERABLE/tests/full_descriptor_smoke.py,bf999f5f2bab0d3d8488a4f734f20ce6a2aef0723fd19451b158fd0740bf1db4,7563,2026-07-28T14:57:33+09:00,file-backed evidence; inspect source before upgrading claim
,python_source,URP4-1_DELIVERABLE/tests/resume_generated_fixture_descriptor.py,file:///C:/Users/chuck/Documents/Codex/2026-06-22/a2f23dee1d9a824b840a0175ca9a1f4b-https-app-notion-com-p/URP4-1_DELIVERABLE/tests/resume_generated_fixture_descriptor.py,6d17e0b203e92d76c1cfedced581138f089c49a1c3df45214d2fcac0fdb55a2b,2806,2026-07-28T14:22:28+09:00,file-backed evidence; inspect source before upgrading claim
,python_source,URP4-1_DELIVERABLE/tests/resume_voxel_smoke.py,file:///C:/Users/chuck/Documents/Codex/2026-06-22/a2f23dee1d9a824b840a0175ca9a1f4b-https-app-notion-com-p/URP4-1_DELIVERABLE/tests/resume_voxel_smoke.py,b61202a9e24c5b27a7f04293891b276bdfb5abcafec4f38561847a651f0eef80,1918,2026-07-28T13:42:24+09:00,file-backed evidence; inspect source before upgrading claim
,python_source,URP4-1_DELIVERABLE/tests/smoke_hq.py,file:///C:/Users/chuck/Documents/Codex/2026-06-22/a2f23dee1d9a824b840a0175ca9a1f4b-https-app-notion-com-p/URP4-1_DELIVERABLE/tests/smoke_hq.py,3f214ff0a82a23d26f4506ebc9c983b94e9bb85a1b7373c80b3081a0d74b06d2,5286,2026-07-28T14:57:33+09:00,file-backed evidence; inspect source before upgrading claim
,python_source,URP4-1_DELIVERABLE/urp4/__init__.py,file:///C:/Users/chuck/Documents/Codex/2026-06-22/a2f23dee1d9a824b840a0175ca9a1f4b-https-app-notion-com-p/URP4-1_DELIVERABLE/urp4/__init__.py,41b78fc55f3d03cc83fbca1e4279665c463f33f5663ad8f5b57b00fff9a2ca0f,289,2026-07-18T22:33:21+09:00,file-backed evidence; inspect source before upgrading claim
,python_source,URP4-1_DELIVERABLE/urp4/contracts/__init__.py,file:///C:/Users/chuck/Documents/Codex/2026-06-22/a2f23dee1d9a824b840a0175ca9a1f4b-https-app-notion-com-p/URP4-1_DELIVERABLE/urp4/contracts/__init__.py,e5d6656c731246b64d8359e1d6cbbf8e12c38710d9e83e80dce2cfd8ef28b2b0,506,2026-07-18T22:33:21+09:00,file-backed evidence; inspect source before upgrading claim
,python_source,URP4-1_DELIVERABLE/urp4/descriptor_service/__init__.py,file:///C:/Users/chuck/Documents/Codex/2026-06-22/a2f23dee1d9a824b840a0175ca9a1f4b-https-app-notion-com-p/URP4-1_DELIVERABLE/urp4/descriptor_service/__init__.py,01b048d500ff1d73db3d568486f02981e5b44278a2fc860e168d03cc64b62dfc,185,2026-07-19T01:01:41+09:00,file-backed evidence; inspect source before upgrading claim
,python_source,URP4-1_DELIVERABLE/urp4/generators/__init__.py,file:///C:/Users/chuck/Documents/Codex/2026-06-22/a2f23dee1d9a824b840a0175ca9a1f4b-https-app-notion-com-p/URP4-1_DELIVERABLE/urp4/generators/__init__.py,b1bc199d8ce44ea32358466c10b26236b59081037b4372f355309d22327c4f2b,56,2026-07-19T11:03:54+09:00,file-backed evidence; inspect source before upgrading claim
,python_source,URP4-1_DELIVERABLE/urp4/geometry_io/__init__.py,file:///C:/Users/chuck/Documents/Codex/2026-06-22/a2f23dee1d9a824b840a0175ca9a1f4b-https-app-notion-com-p/URP4-1_DELIVERABLE/urp4/geometry_io/__init__.py,4532d05bbcca8e192eabc670a056ff7fe6c18c7fdeac90d25af98082760c37b8,78,2026-07-22T02:45:18+09:00,file-backed evidence; inspect source before upgrading claim
,python_source,URP4-1_DELIVERABLE/urp4/hq/__init__.py,file:///C:/Users/chuck/Documents/Codex/2026-06-22/a2f23dee1d9a824b840a0175ca9a1f4b-https-app-notion-com-p/URP4-1_DELIVERABLE/urp4/hq/__init__.py,0cd39e96248dc05d5c8e1410255ce3efd3376735fa25f4d7ef3bf12b2f01616e,50,2026-07-28T13:39:12+09:00,file-backed evidence; inspect source before upgrading claim
,python_source,URP4-1_DELIVERABLE/urp4/route_policy/__init__.py,file:///C:/Users/chuck/Documents/Codex/2026-06-22/a2f23dee1d9a824b840a0175ca9a1f4b-https-app-notion-com-p/URP4-1_DELIVERABLE/urp4/route_policy/__init__.py,1c890d9d72bc907055d0fc60c9910a68e4b1d48784746222da2b17bcb9a456f6,80,2026-07-29T14:50:21+09:00,file-backed evidence; inspect source before upgrading claim
,python_source,URP4-1_DELIVERABLE/urp4/training/__init__.py,file:///C:/Users/chuck/Documents/Codex/2026-06-22/a2f23dee1d9a824b840a0175ca9a1f4b-https-app-notion-com-p/URP4-1_DELIVERABLE/urp4/training/__init__.py,c361ab611500cad0c7222bdc6d6a7e8717f3a65c4907a2331eb195bea1e75891,165,2026-07-19T15:02:40+09:00,file-backed evidence; inspect source before upgrading claim
,python_source,URP4-1_DELIVERABLE/urp4/contracts/v0_1/canonical.py,file:///C:/Users/chuck/Documents/Codex/2026-06-22/a2f23dee1d9a824b840a0175ca9a1f4b-https-app-notion-com-p/URP4-1_DELIVERABLE/urp4/contracts/v0_1/canonical.py,16820525e28b5d6a1a8e305a2bf2102e279ae6ae35f76139e4203a1fa41b9ee9,2949,2026-07-18T22:33:21+09:00,file-backed evidence; inspect source before upgrading claim
,python_source,URP4-1_DELIVERABLE/urp4/contracts/v0_1/ids.py,file:///C:/Users/chuck/Documents/Codex/2026-06-22/a2f23dee1d9a824b840a0175ca9a1f4b-https-app-notion-com-p/URP4-1_DELIVERABLE/urp4/contracts/v0_1/ids.py,0190fafece4f9afb5d1f443f50a972737a727ee186d21789f4c7d1fba8780608,7194,2026-07-18T22:33:21+09:00,file-backed evidence; inspect source before upgrading claim
,python_source,URP4-1_DELIVERABLE/urp4/contracts/v0_1/models.py,file:///C:/Users/chuck/Documents/Codex/2026-06-22/a2f23dee1d9a824b840a0175ca9a1f4b-https-app-notion-com-p/URP4-1_DELIVERABLE/urp4/contracts/v0_1/models.py,5bf6dc0f4b3cc45ce7d33dd7fa93eef8fa3773a00626830537a3e09863af248a,1304,2026-07-18T22:33:21+09:00,file-backed evidence; inspect source before upgrading claim
,python_source,URP4-1_DELIVERABLE/urp4/contracts/v0_1/validation.py,file:///C:/Users/chuck/Documents/Codex/2026-06-22/a2f23dee1d9a824b840a0175ca9a1f4b-https-app-notion-com-p/URP4-1_DELIVERABLE/urp4/contracts/v0_1/validation.py,c32983dec08d25942cae055f123912ec8fd25f2d783813e18a461f5ebeff99b6,6526,2026-07-18T22:36:02+09:00,file-backed evidence; inspect source before upgrading claim
,python_source,URP4-1_DELIVERABLE/urp4/contracts/v0_1/__init__.py,file:///C:/Users/chuck/Documents/Codex/2026-06-22/a2f23dee1d9a824b840a0175ca9a1f4b-https-app-notion-com-p/URP4-1_DELIVERABLE/urp4/contracts/v0_1/__init__.py,0200ae980b28d41d9f61d02455223605a11ce8a4866a9518ed65777a5cbcb201,536,2026-07-18T22:33:21+09:00,file-backed evidence; inspect source before upgrading claim
,python_source,URP4-1_DELIVERABLE/urp4/descriptor_service/v0_1/component.py,file:///C:/Users/chuck/Documents/Codex/2026-06-22/a2f23dee1d9a824b840a0175ca9a1f4b-https-app-notion-com-p/URP4-1_DELIVERABLE/urp4/descriptor_service/v0_1/component.py,dd395c9e7e90d491181f851ca7afa1c13d0dfc63ec7b6b2be3c5da98b5e764cf,7528,2026-07-19T01:15:27+09:00,file-backed evidence; inspect source before upgrading claim
,python_source,URP4-1_DELIVERABLE/urp4/descriptor_service/v0_1/config.py,file:///C:/Users/chuck/Documents/Codex/2026-06-22/a2f23dee1d9a824b840a0175ca9a1f4b-https-app-notion-com-p/URP4-1_DELIVERABLE/urp4/descriptor_service/v0_1/config.py,79e72f02b554f7e0780993e7ec0e09f209dbc97b9e0d8f0503cabc2d1bcffaed,1928,2026-07-19T01:14:17+09:00,file-backed evidence; inspect source before upgrading claim
,python_source,URP4-1_DELIVERABLE/urp4/descriptor_service/v0_1/contracts.py,file:///C:/Users/chuck/Documents/Codex/2026-06-22/a2f23dee1d9a824b840a0175ca9a1f4b-https-app-notion-com-p/URP4-1_DELIVERABLE/urp4/descriptor_service/v0_1/contracts.py,aace4ae6edd9fa276dca1413abbbf26f4c79993b3d63d0c1f4a9e9079786b3f0,12695,2026-07-19T01:04:43+09:00,file-backed evidence; inspect source before upgrading claim
,python_source,URP4-1_DELIVERABLE/urp4/descriptor_service/v0_1/formula.py,file:///C:/Users/chuck/Documents/Codex/2026-06-22/a2f23dee1d9a824b840a0175ca9a1f4b-https-app-notion-com-p/URP4-1_DELIVERABLE/urp4/descriptor_service/v0_1/formula.py,d72075dcf6b7a3027a4473ffb87047903ecd01db5fc6f366a4bff0e0453a156e,538,2026-07-19T01:15:27+09:00,file-backed evidence; inspect source before upgrading claim
,python_source,URP4-1_DELIVERABLE/urp4/descriptor_service/v0_1/geometry.py,file:///C:/Users/chuck/Documents/Codex/2026-06-22/a2f23dee1d9a824b840a0175ca9a1f4b-https-app-notion-com-p/URP4-1_DELIVERABLE/urp4/descriptor_service/v0_1/geometry.py,580df093f8790137d79651909e2fb9b36f3f20ba69a26d558b97a5d35b074351,1665,2026-07-19T01:14:17+09:00,file-backed evidence; inspect source before upgrading claim
,python_source,URP4-1_DELIVERABLE/urp4/descriptor_service/v0_1/models.py,file:///C:/Users/chuck/Documents/Codex/2026-06-22/a2f23dee1d9a824b840a0175ca9a1f4b-https-app-notion-com-p/URP4-1_DELIVERABLE/urp4/descriptor_service/v0_1/models.py,696f747251d4143010cede2c8ef8f72e92262bdd1d08c06a9814da50a220784e,915,2026-07-19T01:01:41+09:00,file-backed evidence; inspect source before upgrading claim
,python_source,URP4-1_DELIVERABLE/urp4/descriptor_service/v0_1/pipeline.py,file:///C:/Users/chuck/Documents/Codex/2026-06-22/a2f23dee1d9a824b840a0175ca9a1f4b-https-app-notion-com-p/URP4-1_DELIVERABLE/urp4/descriptor_service/v0_1/pipeline.py,1ad4ea50c8e4676848881c8601373239fb185a12c7e5fa041edd7df56248f406,11647,2026-07-19T01:16:28+09:00,file-backed evidence; inspect source before upgrading claim
,python_source,URP4-1_DELIVERABLE/urp4/descriptor_service/v0_1/pixel.py,file:///C:/Users/chuck/Documents/Codex/2026-06-22/a2f23dee1d9a824b840a0175ca9a1f4b-https-app-notion-com-p/URP4-1_DELIVERABLE/urp4/descriptor_service/v0_1/pixel.py,3cd37430c720e4d6a572d1787c7f5c0a917965ea56aa451cd4b11ce945db6d72,3019,2026-07-19T01:14:17+09:00,file-backed evidence; inspect source before upgrading claim
,python_source,URP4-1_DELIVERABLE/urp4/descriptor_service/v0_1/population.py,file:///C:/Users/chuck/Documents/Codex/2026-06-22/a2f23dee1d9a824b840a0175ca9a1f4b-https-app-notion-com-p/URP4-1_DELIVERABLE/urp4/descriptor_service/v0_1/population.py,20fa690cc3acbb0b47569524694f339c25239a2359771b8a3cbb7c513b4e3478,1574,2026-07-19T01:17:19+09:00,file-backed evidence; inspect source before upgrading claim
,python_source,URP4-1_DELIVERABLE/urp4/descriptor_service/v0_1/qa.py,file:///C:/Users/chuck/Documents/Codex/2026-06-22/a2f23dee1d9a824b840a0175ca9a1f4b-https-app-notion-com-p/URP4-1_DELIVERABLE/urp4/descriptor_service/v0_1/qa.py,ceae088b19475ea7a8d5b32a04650805670e3ea5db0c8470b27722a706c90e2a,3121,2026-07-19T01:15:27+09:00,file-backed evidence; inspect source before upgrading claim
,python_source,URP4-1_DELIVERABLE/urp4/descriptor_service/v0_1/run139.py,file:///C:/Users/chuck/Documents/Codex/2026-06-22/a2f23dee1d9a824b840a0175ca9a1f4b-https-app-notion-com-p/URP4-1_DELIVERABLE/urp4/descriptor_service/v0_1/run139.py,3d6b3b4c14ab0bd00f242a52b62704f519a740d247e9404bf1ca36624f56537a,10373,2026-07-19T01:04:43+09:00,file-backed evidence; inspect source before upgrading claim
,python_source,URP4-1_DELIVERABLE/urp4/descriptor_service/v0_1/service.py,file:///C:/Users/chuck/Documents/Codex/2026-06-22/a2f23dee1d9a824b840a0175ca9a1f4b-https-app-notion-com-p/URP4-1_DELIVERABLE/urp4/descriptor_service/v0_1/service.py,37406a1004478b340297d3ce36408ea09682fd73d8e15f9411f218535db93d81,8707,2026-07-19T01:17:07+09:00,file-backed evidence; inspect source before upgrading claim
,python_source,URP4-1_DELIVERABLE/urp4/descriptor_service/v0_1/slicing.py,file:///C:/Users/chuck/Documents/Codex/2026-06-22/a2f23dee1d9a824b840a0175ca9a1f4b-https-app-notion-com-p/URP4-1_DELIVERABLE/urp4/descriptor_service/v0_1/slicing.py,9ab4213007b716f8ed361a6aecbbac7a8e5251459c6ff0feebac2e74dbc942ff,3461,2026-07-19T01:14:17+09:00,file-backed evidence; inspect source before upgrading claim
,python_source,URP4-1_DELIVERABLE/urp4/descriptor_service/v0_1/__init__.py,file:///C:/Users/chuck/Documents/Codex/2026-06-22/a2f23dee1d9a824b840a0175ca9a1f4b-https-app-notion-com-p/URP4-1_DELIVERABLE/urp4/descriptor_service/v0_1/__init__.py,6ee99b579e324aa8b52b04abbdf50725fc10b8d1caac0046a699088093e4d118,462,2026-07-19T01:17:19+09:00,file-backed evidence; inspect source before upgrading claim
,python_source,URP4-1_DELIVERABLE/urp4/generators/lattice_typeab/__init__.py,file:///C:/Users/chuck/Documents/Codex/2026-06-22/a2f23dee1d9a824b840a0175ca9a1f4b-https-app-notion-com-p/URP4-1_DELIVERABLE/urp4/generators/lattice_typeab/__init__.py,8d5fa45ab24ab7db58b60de6f8d2cee67d79b9a2b0aa750f862ec090adde317f,42,2026-07-19T11:03:54+09:00,file-backed evidence; inspect source before upgrading claim
,python_source,URP4-1_DELIVERABLE/urp4/generators/tpms_multiwall/__init__.py,file:///C:/Users/chuck/Documents/Codex/2026-06-22/a2f23dee1d9a824b840a0175ca9a1f4b-https-app-notion-com-p/URP4-1_DELIVERABLE/urp4/generators/tpms_multiwall/__init__.py,eda7ea70e2d2b1c17b03db3ac9efc6553dcfe8055064051e8e478fc5e0ee3b4e,51,2026-07-19T11:45:20+09:00,file-backed evidence; inspect source before upgrading claim
,python_source,URP4-1_DELIVERABLE/urp4/generators/voxel/__init__.py,file:///C:/Users/chuck/Documents/Codex/2026-06-22/a2f23dee1d9a824b840a0175ca9a1f4b-https-app-notion-com-p/URP4-1_DELIVERABLE/urp4/generators/voxel/__init__.py,77bffa1484a9d40a024634dd15f75dcaf4c303bc4ca13a618c7f8b0e5017b8ea,42,2026-07-19T12:24:01+09:00,file-backed evidence; inspect source before upgrading claim
,python_source,URP4-1_DELIVERABLE/urp4/generators/lattice_typeab/v0_1/contracts.py,file:///C:/Users/chuck/Documents/Codex/2026-06-22/a2f23dee1d9a824b840a0175ca9a1f4b-https-app-notion-com-p/URP4-1_DELIVERABLE/urp4/generators/lattice_typeab/v0_1/contracts.py,5d72d419433baf8a9d6e9e862beac223d00dc481849a4c82cab326797af29f20,6185,2026-07-19T11:03:54+09:00,file-backed evidence; inspect source before upgrading claim
,python_source,URP4-1_DELIVERABLE/urp4/generators/lattice_typeab/v0_1/descriptors.py,file:///C:/Users/chuck/Documents/Codex/2026-06-22/a2f23dee1d9a824b840a0175ca9a1f4b-https-app-notion-com-p/URP4-1_DELIVERABLE/urp4/generators/lattice_typeab/v0_1/descriptors.py,57707bc9ff020f2aa5fa1e530b45299e81f84890de3edb3b93640d926be4c0f1,6780,2026-07-19T11:11:12+09:00,file-backed evidence; inspect source before upgrading claim
,python_source,URP4-1_DELIVERABLE/urp4/generators/lattice_typeab/v0_1/exporters.py,file:///C:/Users/chuck/Documents/Codex/2026-06-22/a2f23dee1d9a824b840a0175ca9a1f4b-https-app-notion-com-p/URP4-1_DELIVERABLE/urp4/generators/lattice_typeab/v0_1/exporters.py,4a9b7b32f642cbb2717d562095f0ff22ba3de88b820747b61b8f0326934bb6c7,6292,2026-07-19T11:10:33+09:00,file-backed evidence; inspect source before upgrading claim
,python_source,URP4-1_DELIVERABLE/urp4/generators/lattice_typeab/v0_1/graph.py,file:///C:/Users/chuck/Documents/Codex/2026-06-22/a2f23dee1d9a824b840a0175ca9a1f4b-https-app-notion-com-p/URP4-1_DELIVERABLE/urp4/generators/lattice_typeab/v0_1/graph.py,13e23d2c957b476caf4c3fa0abe8efda78918f0407344feddf0e690bea46772e,11166,2026-07-19T11:03:54+09:00,file-backed evidence; inspect source before upgrading claim
,python_source,URP4-1_DELIVERABLE/urp4/generators/lattice_typeab/v0_1/models.py,file:///C:/Users/chuck/Documents/Codex/2026-06-22/a2f23dee1d9a824b840a0175ca9a1f4b-https-app-notion-com-p/URP4-1_DELIVERABLE/urp4/generators/lattice_typeab/v0_1/models.py,66329e2be7acb255f68a4d508c3931a6be9cbc41e4a3f053a6554cecb1ad4bcf,4834,2026-07-19T11:03:54+09:00,file-backed evidence; inspect source before upgrading claim
,python_source,URP4-1_DELIVERABLE/urp4/generators/lattice_typeab/v0_1/plugin.py,file:///C:/Users/chuck/Documents/Codex/2026-06-22/a2f23dee1d9a824b840a0175ca9a1f4b-https-app-notion-com-p/URP4-1_DELIVERABLE/urp4/generators/lattice_typeab/v0_1/plugin.py,bfe0d52005118603dccef6ae027aa8ca4a17da77a2248e36e020c03336126ab7,4674,2026-07-19T11:03:54+09:00,file-backed evidence; inspect source before upgrading claim
,python_source,URP4-1_DELIVERABLE/urp4/generators/lattice_typeab/v0_1/type_b.py,file:///C:/Users/chuck/Documents/Codex/2026-06-22/a2f23dee1d9a824b840a0175ca9a1f4b-https-app-notion-com-p/URP4-1_DELIVERABLE/urp4/generators/lattice_typeab/v0_1/type_b.py,997606649e41d354c6b894c367d4445cd0e9a7e1cd8d98b8629b1a6766967d08,6725,2026-07-19T11:03:54+09:00,file-backed evidence; inspect source before upgrading claim
,python_source,URP4-1_DELIVERABLE/urp4/generators/lattice_typeab/v0_1/__init__.py,file:///C:/Users/chuck/Documents/Codex/2026-06-22/a2f23dee1d9a824b840a0175ca9a1f4b-https-app-notion-com-p/URP4-1_DELIVERABLE/urp4/generators/lattice_typeab/v0_1/__init__.py,e420e61f8109bea1c5409ac874ae0e32428363a3426493cda88dcd976369afcb,563,2026-07-19T11:03:54+09:00,file-backed evidence; inspect source before upgrading claim
,python_source,URP4-1_DELIVERABLE/urp4/generators/tpms_multiwall/v0_1/contracts.py,file:///C:/Users/chuck/Documents/Codex/2026-06-22/a2f23dee1d9a824b840a0175ca9a1f4b-https-app-notion-com-p/URP4-1_DELIVERABLE/urp4/generators/tpms_multiwall/v0_1/contracts.py,4f13555ca9713513d5449fe6dfef7a2a642c28fa1bab85ff1ef137bafe73b8ec,7115,2026-07-19T11:48:45+09:00,file-backed evidence; inspect source before upgrading claim
,python_source,URP4-1_DELIVERABLE/urp4/generators/tpms_multiwall/v0_1/exporters.py,file:///C:/Users/chuck/Documents/Codex/2026-06-22/a2f23dee1d9a824b840a0175ca9a1f4b-https-app-notion-com-p/URP4-1_DELIVERABLE/urp4/generators/tpms_multiwall/v0_1/exporters.py,a21ef77ccce5328efc5091e9ed6e3a35aeed91b9ff656c1ddb87129fe9248c50,3358,2026-07-19T11:55:02+09:00,file-backed evidence; inspect source before upgrading claim
,python_source,URP4-1_DELIVERABLE/urp4/generators/tpms_multiwall/v0_1/fields.py,file:///C:/Users/chuck/Documents/Codex/2026-06-22/a2f23dee1d9a824b840a0175ca9a1f4b-https-app-notion-com-p/URP4-1_DELIVERABLE/urp4/generators/tpms_multiwall/v0_1/fields.py,e9a3e0c460252e6d437148eb0d1ee4257b8ead1c94d9d5bd3cffff0ee711c08d,3515,2026-07-19T11:46:08+09:00,file-backed evidence; inspect source before upgrading claim
,python_source,URP4-1_DELIVERABLE/urp4/generators/tpms_multiwall/v0_1/masking.py,file:///C:/Users/chuck/Documents/Codex/2026-06-22/a2f23dee1d9a824b840a0175ca9a1f4b-https-app-notion-com-p/URP4-1_DELIVERABLE/urp4/generators/tpms_multiwall/v0_1/masking.py,10ab73bd146669120350cede967a9f2a87745ab1553d1b97e10b576319e01512,14991,2026-07-19T11:47:37+09:00,file-backed evidence; inspect source before upgrading claim
,python_source,URP4-1_DELIVERABLE/urp4/generators/tpms_multiwall/v0_1/models.py,file:///C:/Users/chuck/Documents/Codex/2026-06-22/a2f23dee1d9a824b840a0175ca9a1f4b-https-app-notion-com-p/URP4-1_DELIVERABLE/urp4/generators/tpms_multiwall/v0_1/models.py,fff4adfc7f91fd372958635c8cbfea52f0920af200e0dfc23be9f2ce2b25d9ad,7197,2026-07-19T11:45:20+09:00,file-backed evidence; inspect source before upgrading claim
,python_source,URP4-1_DELIVERABLE/urp4/generators/tpms_multiwall/v0_1/plugin.py,file:///C:/Users/chuck/Documents/Codex/2026-06-22/a2f23dee1d9a824b840a0175ca9a1f4b-https-app-notion-com-p/URP4-1_DELIVERABLE/urp4/generators/tpms_multiwall/v0_1/plugin.py,6de380d4faf01b38e3da8ea5a5dd650e72c74b0f084b7aa023f5c5208dcc02bc,5852,2026-07-19T11:49:19+09:00,file-backed evidence; inspect source before upgrading claim
,python_source,URP4-1_DELIVERABLE/urp4/generators/tpms_multiwall/v0_1/registry.py,file:///C:/Users/chuck/Documents/Codex/2026-06-22/a2f23dee1d9a824b840a0175ca9a1f4b-https-app-notion-com-p/URP4-1_DELIVERABLE/urp4/generators/tpms_multiwall/v0_1/registry.py,5f5b59a3e8f19644c7e8ea81850eb6141a248f4cb96b68b41e561894544ecb99,2723,2026-07-19T11:46:08+09:00,file-backed evidence; inspect source before upgrading claim
,python_source,URP4-1_DELIVERABLE/urp4/generators/tpms_multiwall/v0_1/__init__.py,file:///C:/Users/chuck/Documents/Codex/2026-06-22/a2f23dee1d9a824b840a0175ca9a1f4b-https-app-notion-com-p/URP4-1_DELIVERABLE/urp4/generators/tpms_multiwall/v0_1/__init__.py,e9210e752e22985137682fb1abcf501c575f30c86cb60e2e6a25d8891b42732c,660,2026-07-19T11:45:20+09:00,file-backed evidence; inspect source before upgrading claim
,python_source,URP4-1_DELIVERABLE/urp4/generators/voxel/v0_1/contracts.py,file:///C:/Users/chuck/Documents/Codex/2026-06-22/a2f23dee1d9a824b840a0175ca9a1f4b-https-app-notion-com-p/URP4-1_DELIVERABLE/urp4/generators/voxel/v0_1/contracts.py,9bef1c6e8e41962fd6b02e9d45490c37abbd2378f6638f8c45e0b9ced8e7a86f,6536,2026-07-19T12:27:35+09:00,file-backed evidence; inspect source before upgrading claim
,python_source,URP4-1_DELIVERABLE/urp4/generators/voxel/v0_1/exporters.py,file:///C:/Users/chuck/Documents/Codex/2026-06-22/a2f23dee1d9a824b840a0175ca9a1f4b-https-app-notion-com-p/URP4-1_DELIVERABLE/urp4/generators/voxel/v0_1/exporters.py,f8eec2c0393806325467d224cee5897301ad2bbe4cfceacbcf4b9b553cb9317e,3127,2026-07-19T12:24:01+09:00,file-backed evidence; inspect source before upgrading claim
,python_source,URP4-1_DELIVERABLE/urp4/generators/voxel/v0_1/kernel.py,file:///C:/Users/chuck/Documents/Codex/2026-06-22/a2f23dee1d9a824b840a0175ca9a1f4b-https-app-notion-com-p/URP4-1_DELIVERABLE/urp4/generators/voxel/v0_1/kernel.py,664c73be3bc4609b0407baadf18bd9a4e69b788772e3724f2ae6d99a8952ca0a,1852,2026-07-19T12:25:00+09:00,file-backed evidence; inspect source before upgrading claim
,python_source,URP4-1_DELIVERABLE/urp4/generators/voxel/v0_1/models.py,file:///C:/Users/chuck/Documents/Codex/2026-06-22/a2f23dee1d9a824b840a0175ca9a1f4b-https-app-notion-com-p/URP4-1_DELIVERABLE/urp4/generators/voxel/v0_1/models.py,12c5b353be0007c51ca0a29cd9f8c886eb70c25f3ae3b8622e100d6c9f87b13b,7716,2026-07-19T12:25:44+09:00,file-backed evidence; inspect source before upgrading claim
,python_source,URP4-1_DELIVERABLE/urp4/generators/voxel/v0_1/plugin.py,file:///C:/Users/chuck/Documents/Codex/2026-06-22/a2f23dee1d9a824b840a0175ca9a1f4b-https-app-notion-com-p/URP4-1_DELIVERABLE/urp4/generators/voxel/v0_1/plugin.py,fc8e30927988c085d6df0b6400f2caf3f4f4d8f39cc17bc230074db014088ca7,5751,2026-07-19T12:24:01+09:00,file-backed evidence; inspect source before upgrading claim
,python_source,URP4-1_DELIVERABLE/urp4/generators/voxel/v0_1/registry.py,file:///C:/Users/chuck/Documents/Codex/2026-06-22/a2f23dee1d9a824b840a0175ca9a1f4b-https-app-notion-com-p/URP4-1_DELIVERABLE/urp4/generators/voxel/v0_1/registry.py,3d230edc0495b864a87134958967d3aed71b4c9cb8441567f714c77240f9a475,2183,2026-07-19T12:25:44+09:00,file-backed evidence; inspect source before upgrading claim
,python_source,URP4-1_DELIVERABLE/urp4/generators/voxel/v0_1/source_kernel.py,file:///C:/Users/chuck/Documents/Codex/2026-06-22/a2f23dee1d9a824b840a0175ca9a1f4b-https-app-notion-com-p/URP4-1_DELIVERABLE/urp4/generators/voxel/v0_1/source_kernel.py,db50808bc205f6b13a366ac88dd0ec5a31d23a36cef1b96e46489394f5164543,6084,2026-07-19T12:24:41+09:00,file-backed evidence; inspect source before upgrading claim
,python_source,URP4-1_DELIVERABLE/urp4/generators/voxel/v0_1/__init__.py,file:///C:/Users/chuck/Documents/Codex/2026-06-22/a2f23dee1d9a824b840a0175ca9a1f4b-https-app-notion-com-p/URP4-1_DELIVERABLE/urp4/generators/voxel/v0_1/__init__.py,4792eb5b2783c2f8c91dfa419037d00a8c420d221e7df632db30756ea417f6c7,429,2026-07-19T12:24:01+09:00,file-backed evidence; inspect source before upgrading claim
,python_source,URP4-1_DELIVERABLE/urp4/geometry_io/v0_1/models.py,file:///C:/Users/chuck/Documents/Codex/2026-06-22/a2f23dee1d9a824b840a0175ca9a1f4b-https-app-notion-com-p/URP4-1_DELIVERABLE/urp4/geometry_io/v0_1/models.py,85abe3c59de0b9fa2532d9455808e92abff62f4bcdd3b87c857b5f1c52e928d7,1289,2026-07-22T02:52:25+09:00,file-backed evidence; inspect source before upgrading claim
,python_source,URP4-1_DELIVERABLE/urp4/geometry_io/v0_1/routing.py,file:///C:/Users/chuck/Documents/Codex/2026-06-22/a2f23dee1d9a824b840a0175ca9a1f4b-https-app-notion-com-p/URP4-1_DELIVERABLE/urp4/geometry_io/v0_1/routing.py,6f8dde1ab5a0b95347cfa7d445d4c12129e59fe1cba069d7653c65c2e1c6b320,1472,2026-07-22T02:45:18+09:00,file-backed evidence; inspect source before upgrading claim
,python_source,URP4-1_DELIVERABLE/urp4/geometry_io/v0_1/stl_import.py,file:///C:/Users/chuck/Documents/Codex/2026-06-22/a2f23dee1d9a824b840a0175ca9a1f4b-https-app-notion-com-p/URP4-1_DELIVERABLE/urp4/geometry_io/v0_1/stl_import.py,31454eee7093526fae2cb6e06e811b1bbfb25ca18aa2d1e589d495ea6259ddc8,8590,2026-07-22T02:52:25+09:00,file-backed evidence; inspect source before upgrading claim
,python_source,URP4-1_DELIVERABLE/urp4/geometry_io/v0_1/__init__.py,file:///C:/Users/chuck/Documents/Codex/2026-06-22/a2f23dee1d9a824b840a0175ca9a1f4b-https-app-notion-com-p/URP4-1_DELIVERABLE/urp4/geometry_io/v0_1/__init__.py,02b2926e1bfc7ee566fb3e94bb08036afc2d8f2b80a3b9955b93338a58f3b56b,454,2026-07-22T02:45:18+09:00,file-backed evidence; inspect source before upgrading claim
,python_source,URP4-1_DELIVERABLE/urp4/geometry_io/v0_2/step_import.py,file:///C:/Users/chuck/Documents/Codex/2026-06-22/a2f23dee1d9a824b840a0175ca9a1f4b-https-app-notion-com-p/URP4-1_DELIVERABLE/urp4/geometry_io/v0_2/step_import.py,77482c3dee570f309b022407dc43656a83c63524cc4132c2041c4553a474f18a,15971,2026-07-24T10:35:26+09:00,file-backed evidence; inspect source before upgrading claim
,python_source,URP4-1_DELIVERABLE/urp4/geometry_io/v0_2/__init__.py,file:///C:/Users/chuck/Documents/Codex/2026-06-22/a2f23dee1d9a824b840a0175ca9a1f4b-https-app-notion-com-p/URP4-1_DELIVERABLE/urp4/geometry_io/v0_2/__init__.py,2947ba84dcf17a3b6007692bcb0c1659e6ce1f8425b8a91541895e3f8ebc7d57,361,2026-07-24T10:35:26+09:00,file-backed evidence; inspect source before upgrading claim
,python_source,URP4-1_DELIVERABLE/urp4/geometry_io/v0_3/source_preflight.py,file:///C:/Users/chuck/Documents/Codex/2026-06-22/a2f23dee1d9a824b840a0175ca9a1f4b-https-app-notion-com-p/URP4-1_DELIVERABLE/urp4/geometry_io/v0_3/source_preflight.py,210b8ece82adf348e097c400b516cce8d133a219122fad8649433a9790510d36,11527,2026-07-27T16:35:23+09:00,file-backed evidence; inspect source before upgrading claim
,python_source,URP4-1_DELIVERABLE/urp4/geometry_io/v0_3/__init__.py,file:///C:/Users/chuck/Documents/Codex/2026-06-22/a2f23dee1d9a824b840a0175ca9a1f4b-https-app-notion-com-p/URP4-1_DELIVERABLE/urp4/geometry_io/v0_3/__init__.py,685eddb2fd6330c7e194bb3a87dde7bff887f7501014aeb2488f766adb1a8651,444,2026-07-27T16:35:23+09:00,file-backed evidence; inspect source before upgrading claim
,python_source,URP4-1_DELIVERABLE/urp4/geometry_io/v0_4/imported_winding.py,file:///C:/Users/chuck/Documents/Codex/2026-06-22/a2f23dee1d9a824b840a0175ca9a1f4b-https-app-notion-com-p/URP4-1_DELIVERABLE/urp4/geometry_io/v0_4/imported_winding.py,33f304d457534864132563b76b4af0f2dfba1d5e6da4de43fc7daa00b8ce97ad,12616,2026-07-28T11:48:15+09:00,file-backed evidence; inspect source before upgrading claim
,python_source,URP4-1_DELIVERABLE/urp4/geometry_io/v0_4/__init__.py,file:///C:/Users/chuck/Documents/Codex/2026-06-22/a2f23dee1d9a824b840a0175ca9a1f4b-https-app-notion-com-p/URP4-1_DELIVERABLE/urp4/geometry_io/v0_4/__init__.py,f77ae9d005d5481a3ccb1882b621deee06fbd599a5bab007bec26e6ed9f3c0ed,700,2026-07-28T11:48:15+09:00,file-backed evidence; inspect source before upgrading claim
,python_source,URP4-1_DELIVERABLE/urp4/geometry_io/v0_5/generated_normalization.py,file:///C:/Users/chuck/Documents/Codex/2026-06-22/a2f23dee1d9a824b840a0175ca9a1f4b-https-app-notion-com-p/URP4-1_DELIVERABLE/urp4/geometry_io/v0_5/generated_normalization.py,ea9c6339f25e6b7257b433d557390f30b99aa3c43dc4278c66fe68295b651eae,6566,2026-07-28T21:39:56+09:00,file-backed evidence; inspect source before upgrading claim
,python_source,URP4-1_DELIVERABLE/urp4/geometry_io/v0_5/__init__.py,file:///C:/Users/chuck/Documents/Codex/2026-06-22/a2f23dee1d9a824b840a0175ca9a1f4b-https-app-notion-com-p/URP4-1_DELIVERABLE/urp4/geometry_io/v0_5/__init__.py,2ce72d0e7a7d5592ec22c04fb2bd24763fc385665c1ce2500bbe5605f2c2cb33,423,2026-07-28T21:39:46+09:00,file-backed evidence; inspect source before upgrading claim
,python_source,URP4-1_DELIVERABLE/urp4/hq/v0_1/controller.py,file:///C:/Users/chuck/Documents/Codex/2026-06-22/a2f23dee1d9a824b840a0175ca9a1f4b-https-app-notion-com-p/URP4-1_DELIVERABLE/urp4/hq/v0_1/controller.py,a76e1ec4bd8ffc8733e1ade1201d3f92104664d26c07221d3068afbe0b099a12,17333,2026-07-28T15:00:32+09:00,file-backed evidence; inspect source before upgrading claim
,python_source,URP4-1_DELIVERABLE/urp4/hq/v0_1/engine.py,file:///C:/Users/chuck/Documents/Codex/2026-06-22/a2f23dee1d9a824b840a0175ca9a1f4b-https-app-notion-com-p/URP4-1_DELIVERABLE/urp4/hq/v0_1/engine.py,d4d11949faec7a1c33821d99f8b26e2d5f2bce50a7de63961ad9c5bff2fdccae,12926,2026-07-28T14:58:34+09:00,file-backed evidence; inspect source before upgrading claim
,python_source,URP4-1_DELIVERABLE/urp4/hq/v0_1/imported_pipeline.py,file:///C:/Users/chuck/Documents/Codex/2026-06-22/a2f23dee1d9a824b840a0175ca9a1f4b-https-app-notion-com-p/URP4-1_DELIVERABLE/urp4/hq/v0_1/imported_pipeline.py,e9670b8b9987d3a4c4edf39d2264bd5f6046b521b35c0088f34248be702a7531,8858,2026-07-28T13:39:12+09:00,file-backed evidence; inspect source before upgrading claim
,python_source,URP4-1_DELIVERABLE/urp4/hq/v0_1/__init__.py,file:///C:/Users/chuck/Documents/Codex/2026-06-22/a2f23dee1d9a824b840a0175ca9a1f4b-https-app-notion-com-p/URP4-1_DELIVERABLE/urp4/hq/v0_1/__init__.py,3773ef40cf8b17454842d719aea7af6a22dd571869fd57b15534b64d8f937cad,301,2026-07-28T13:39:12+09:00,file-backed evidence; inspect source before upgrading claim
,python_source,URP4-1_DELIVERABLE/urp4/hq/v0_2/models.py,file:///C:/Users/chuck/Documents/Codex/2026-06-22/a2f23dee1d9a824b840a0175ca9a1f4b-https-app-notion-com-p/URP4-1_DELIVERABLE/urp4/hq/v0_2/models.py,7ae7fd21fdaeb63b513f7789592201607173def2993cc8afad8ab5248ab16ae1,2120,2026-07-28T17:49:15+09:00,file-backed evidence; inspect source before upgrading claim
,python_source,URP4-1_DELIVERABLE/urp4/hq/v0_2/runtime.py,file:///C:/Users/chuck/Documents/Codex/2026-06-22/a2f23dee1d9a824b840a0175ca9a1f4b-https-app-notion-com-p/URP4-1_DELIVERABLE/urp4/hq/v0_2/runtime.py,b257b27dbac35fd1c6d7b447bae1e0a423424a5ecd59e4ae74213d02face17c9,7942,2026-07-28T18:01:38+09:00,file-backed evidence; inspect source before upgrading claim
,python_source,URP4-1_DELIVERABLE/urp4/hq/v0_2/__init__.py,file:///C:/Users/chuck/Documents/Codex/2026-06-22/a2f23dee1d9a824b840a0175ca9a1f4b-https-app-notion-com-p/URP4-1_DELIVERABLE/urp4/hq/v0_2/__init__.py,b78dd4cbd4737f2cb65aeff249d5f46e28baf9bcb28ea9073d4de402067a0044,640,2026-07-28T17:49:15+09:00,file-backed evidence; inspect source before upgrading claim
,python_source,URP4-1_DELIVERABLE/urp4/hq/v0_3/generated_n40_development.py,file:///C:/Users/chuck/Documents/Codex/2026-06-22/a2f23dee1d9a824b840a0175ca9a1f4b-https-app-notion-com-p/URP4-1_DELIVERABLE/urp4/hq/v0_3/generated_n40_development.py,d06ef1d5db02c811efb64873cf91faf8383d3c17e45b23cc2b4f5778be9b1ad4,8465,2026-07-28T22:12:04+09:00,file-backed evidence; inspect source before upgrading claim
,python_source,URP4-1_DELIVERABLE/urp4/hq/v0_3/__init__.py,file:///C:/Users/chuck/Documents/Codex/2026-06-22/a2f23dee1d9a824b840a0175ca9a1f4b-https-app-notion-com-p/URP4-1_DELIVERABLE/urp4/hq/v0_3/__init__.py,bcd9611d3e2365fd2849db0abe60f89c3bfd668848011494e79f29d5dba63d76,632,2026-07-28T22:07:15+09:00,file-backed evidence; inspect source before upgrading claim
,python_source,URP4-1_DELIVERABLE/urp4/route_policy/v0_1/controller.py,file:///C:/Users/chuck/Documents/Codex/2026-06-22/a2f23dee1d9a824b840a0175ca9a1f4b-https-app-notion-com-p/URP4-1_DELIVERABLE/urp4/route_policy/v0_1/controller.py,f44bd560521cf702d9d14da747646ab28b1624e0c6881242a1f1c2875e1f4ce5,6867,2026-07-29T14:50:21+09:00,file-backed evidence; inspect source before upgrading claim
,python_source,URP4-1_DELIVERABLE/urp4/route_policy/v0_1/models.py,file:///C:/Users/chuck/Documents/Codex/2026-06-22/a2f23dee1d9a824b840a0175ca9a1f4b-https-app-notion-com-p/URP4-1_DELIVERABLE/urp4/route_policy/v0_1/models.py,3a4eae1b705492266278693c8cadd9743ebf5348ae2fef16f702c9b4455fb6ff,1337,2026-07-29T14:50:21+09:00,file-backed evidence; inspect source before upgrading claim
,python_source,URP4-1_DELIVERABLE/urp4/route_policy/v0_1/__init__.py,file:///C:/Users/chuck/Documents/Codex/2026-06-22/a2f23dee1d9a824b840a0175ca9a1f4b-https-app-notion-com-p/URP4-1_DELIVERABLE/urp4/route_policy/v0_1/__init__.py,6445a4f35382f59b49f1caee02f139102d8290c453ad48e1cbcffc8a18c80bea,515,2026-07-29T14:50:21+09:00,file-backed evidence; inspect source before upgrading claim
,python_source,URP4-1_DELIVERABLE/urp4/training/p1_adapter_v0_1/adapters.py,file:///C:/Users/chuck/Documents/Codex/2026-06-22/a2f23dee1d9a824b840a0175ca9a1f4b-https-app-notion-com-p/URP4-1_DELIVERABLE/urp4/training/p1_adapter_v0_1/adapters.py,73e29758afc8b4324056c68708bf6ac255cbb7a62e4a414fdea81fcb8eabe1e4,8645,2026-07-21T23:02:47+09:00,file-backed evidence; inspect source before upgrading claim
,python_source,URP4-1_DELIVERABLE/urp4/training/p1_adapter_v0_1/models.py,file:///C:/Users/chuck/Documents/Codex/2026-06-22/a2f23dee1d9a824b840a0175ca9a1f4b-https-app-notion-com-p/URP4-1_DELIVERABLE/urp4/training/p1_adapter_v0_1/models.py,07214664ef1de073b5ea0bf3bd744429e4ec0b406b36f678144356e269e14824,2133,2026-07-21T23:02:14+09:00,file-backed evidence; inspect source before upgrading claim
,python_source,URP4-1_DELIVERABLE/urp4/training/p1_adapter_v0_1/registry.py,file:///C:/Users/chuck/Documents/Codex/2026-06-22/a2f23dee1d9a824b840a0175ca9a1f4b-https-app-notion-com-p/URP4-1_DELIVERABLE/urp4/training/p1_adapter_v0_1/registry.py,6cd60a8b98dce8febefa39b35ed2e41cdcc4a4e393c214f2324347758312faa2,5660,2026-07-21T23:02:14+09:00,file-backed evidence; inspect source before upgrading claim
,python_source,URP4-1_DELIVERABLE/urp4/training/p1_adapter_v0_1/__init__.py,file:///C:/Users/chuck/Documents/Codex/2026-06-22/a2f23dee1d9a824b840a0175ca9a1f4b-https-app-notion-com-p/URP4-1_DELIVERABLE/urp4/training/p1_adapter_v0_1/__init__.py,b04a593d4d0bca2a1bef26ce178e5a08cc12d9aaed7c12771431c68d0227f8a9,718,2026-07-21T23:02:14+09:00,file-backed evidence; inspect source before upgrading claim
,python_source,URP4-1_DELIVERABLE/urp4/training/p1_exec_layer_v0_1/builders.py,file:///C:/Users/chuck/Documents/Codex/2026-06-22/a2f23dee1d9a824b840a0175ca9a1f4b-https-app-notion-com-p/URP4-1_DELIVERABLE/urp4/training/p1_exec_layer_v0_1/builders.py,dd7d7effa549f3f7b32c1d23d70c5f8322f4e1798c1041daa69c105259de1080,4582,2026-07-21T23:43:56+09:00,file-backed evidence; inspect source before upgrading claim
,python_source,URP4-1_DELIVERABLE/urp4/training/p1_exec_layer_v0_1/estimators.py,file:///C:/Users/chuck/Documents/Codex/2026-06-22/a2f23dee1d9a824b840a0175ca9a1f4b-https-app-notion-com-p/URP4-1_DELIVERABLE/urp4/training/p1_exec_layer_v0_1/estimators.py,729f4759cf0d5e5844cc3370dc9d5f189299193a2d1bd4a5101be19213e872a5,13489,2026-07-21T23:42:35+09:00,file-backed evidence; inspect source before upgrading claim
,python_source,URP4-1_DELIVERABLE/urp4/training/p1_exec_layer_v0_1/ledger.py,file:///C:/Users/chuck/Documents/Codex/2026-06-22/a2f23dee1d9a824b840a0175ca9a1f4b-https-app-notion-com-p/URP4-1_DELIVERABLE/urp4/training/p1_exec_layer_v0_1/ledger.py,36aad8d9e584fbaa514f212190a93f0b24ca496342516a7b8ee65ca7e9267bac,1945,2026-07-21T23:42:35+09:00,file-backed evidence; inspect source before upgrading claim
,python_source,URP4-1_DELIVERABLE/urp4/training/p1_exec_layer_v0_1/models.py,file:///C:/Users/chuck/Documents/Codex/2026-06-22/a2f23dee1d9a824b840a0175ca9a1f4b-https-app-notion-com-p/URP4-1_DELIVERABLE/urp4/training/p1_exec_layer_v0_1/models.py,b6f3c09c91e4df2fc24685d9eb25dd899a171ddda9ea8fa0ca962b81d0545bda,1629,2026-07-21T23:42:35+09:00,file-backed evidence; inspect source before upgrading claim
,python_source,URP4-1_DELIVERABLE/urp4/training/p1_exec_layer_v0_1/permit.py,file:///C:/Users/chuck/Documents/Codex/2026-06-22/a2f23dee1d9a824b840a0175ca9a1f4b-https-app-notion-com-p/URP4-1_DELIVERABLE/urp4/training/p1_exec_layer_v0_1/permit.py,5396f85f4ccba6f9a2450676a93230e8b3a7e9b317af8628065d987e47fc2ed2,5347,2026-07-21T23:42:35+09:00,file-backed evidence; inspect source before upgrading claim
,python_source,URP4-1_DELIVERABLE/urp4/training/p1_exec_layer_v0_1/__init__.py,file:///C:/Users/chuck/Documents/Codex/2026-06-22/a2f23dee1d9a824b840a0175ca9a1f4b-https-app-notion-com-p/URP4-1_DELIVERABLE/urp4/training/p1_exec_layer_v0_1/__init__.py,a2582e0cfa92daa184a6d3582bdb1ccc198153c1f98bdbb04b01fa8b2c176ea3,1108,2026-07-21T23:42:35+09:00,file-backed evidence; inspect source before upgrading claim
,python_source,URP4-1_DELIVERABLE/urp4/training/v0_1/contracts.py,file:///C:/Users/chuck/Documents/Codex/2026-06-22/a2f23dee1d9a824b840a0175ca9a1f4b-https-app-notion-com-p/URP4-1_DELIVERABLE/urp4/training/v0_1/contracts.py,127fff910ed84108bc116c295ac1c890493e02e04a51e7025494867b10e803ac,2234,2026-07-19T15:02:40+09:00,file-backed evidence; inspect source before upgrading claim
,python_source,URP4-1_DELIVERABLE/urp4/training/v0_1/models.py,file:///C:/Users/chuck/Documents/Codex/2026-06-22/a2f23dee1d9a824b840a0175ca9a1f4b-https-app-notion-com-p/URP4-1_DELIVERABLE/urp4/training/v0_1/models.py,d1ea9c9497c37be0ae783445d9aa7451c24421cf7ae1e6907c76e14ebc80fc2a,4216,2026-07-19T15:02:40+09:00,file-backed evidence; inspect source before upgrading claim
,python_source,URP4-1_DELIVERABLE/urp4/training/v0_1/policy.py,file:///C:/Users/chuck/Documents/Codex/2026-06-22/a2f23dee1d9a824b840a0175ca9a1f4b-https-app-notion-com-p/URP4-1_DELIVERABLE/urp4/training/v0_1/policy.py,d7b6f9f40f5b1648616b57cc02103f5868bd3fadb3b46cb1371ed4a34e35e41c,12933,2026-07-19T15:02:40+09:00,file-backed evidence; inspect source before upgrading claim
,python_source,URP4-1_DELIVERABLE/urp4/training/v0_1/registry.py,file:///C:/Users/chuck/Documents/Codex/2026-06-22/a2f23dee1d9a824b840a0175ca9a1f4b-https-app-notion-com-p/URP4-1_DELIVERABLE/urp4/training/v0_1/registry.py,ecfa6ef574295138a4c12baaf058203c82ce1361066bfad0b55a97d4cd949695,9126,2026-07-28T13:57:54+09:00,file-backed evidence; inspect source before upgrading claim
,python_source,URP4-1_DELIVERABLE/urp4/training/v0_1/source_audit.py,file:///C:/Users/chuck/Documents/Codex/2026-06-22/a2f23dee1d9a824b840a0175ca9a1f4b-https-app-notion-com-p/URP4-1_DELIVERABLE/urp4/training/v0_1/source_audit.py,92984e1a38db136dad6f99de7dac7607f6ec995ebfc2fcfcf1a7d173497eef39,5958,2026-07-19T15:03:45+09:00,file-backed evidence; inspect source before upgrading claim
,python_source,URP4-1_DELIVERABLE/urp4/training/v0_1/__init__.py,file:///C:/Users/chuck/Documents/Codex/2026-06-22/a2f23dee1d9a824b840a0175ca9a1f4b-https-app-notion-com-p/URP4-1_DELIVERABLE/urp4/training/v0_1/__init__.py,11eec2d05da853f97738b8a4f6de678f2ade8a81a23242eb808937d7d6200a5c,1798,2026-07-19T15:03:45+09:00,file-backed evidence; inspect source before upgrading claim
,python_source,URP4-1_DELIVERABLE/urp4/training/v0_2/models.py,file:///C:/Users/chuck/Documents/Codex/2026-06-22/a2f23dee1d9a824b840a0175ca9a1f4b-https-app-notion-com-p/URP4-1_DELIVERABLE/urp4/training/v0_2/models.py,19b24c1ab841d959702ef7e8f106a6652553ffcb98c816f216cd31fb47b96ec1,1888,2026-07-21T21:58:45+09:00,file-backed evidence; inspect source before upgrading claim
,python_source,URP4-1_DELIVERABLE/urp4/training/v0_2/policy.py,file:///C:/Users/chuck/Documents/Codex/2026-06-22/a2f23dee1d9a824b840a0175ca9a1f4b-https-app-notion-com-p/URP4-1_DELIVERABLE/urp4/training/v0_2/policy.py,ef694a208127515f0a2644e3c69c64a28c3ba4a6ed761dc3360c97258677ef57,5856,2026-07-21T21:58:45+09:00,file-backed evidence; inspect source before upgrading claim
,python_source,URP4-1_DELIVERABLE/urp4/training/v0_2/registry.py,file:///C:/Users/chuck/Documents/Codex/2026-06-22/a2f23dee1d9a824b840a0175ca9a1f4b-https-app-notion-com-p/URP4-1_DELIVERABLE/urp4/training/v0_2/registry.py,db296fc50fce1996759386f7278f862f36c8225fff4eafd20f791c229c35a3a6,4702,2026-07-21T21:58:45+09:00,file-backed evidence; inspect source before upgrading claim
,python_source,URP4-1_DELIVERABLE/urp4/training/v0_2/__init__.py,file:///C:/Users/chuck/Documents/Codex/2026-06-22/a2f23dee1d9a824b840a0175ca9a1f4b-https-app-notion-com-p/URP4-1_DELIVERABLE/urp4/training/v0_2/__init__.py,24c39f42b9b2475e7973f367ccb5e893a8fc0ee510cef85d5ea568486b9c63e8,557,2026-07-21T21:58:45+09:00,file-backed evidence; inspect source before upgrading claim
,python_source,URP4-1_SUBMISSION_20260728_v0_1/tests/audit_deliverable.py,file:///C:/Users/chuck/Documents/Codex/2026-06-22/a2f23dee1d9a824b840a0175ca9a1f4b-https-app-notion-com-p/URP4-1_SUBMISSION_20260728_v0_1/tests/audit_deliverable.py,02ae40134c075eb31fdc7c90fd7a3307e95c6ce8a500a9712adaf4826fe347e6,8326,2026-07-28T14:28:40+09:00,file-backed evidence; inspect source before upgrading claim
,python_source,URP4-1_SUBMISSION_20260728_v0_1/tests/controller_contract.py,file:///C:/Users/chuck/Documents/Codex/2026-06-22/a2f23dee1d9a824b840a0175ca9a1f4b-https-app-notion-com-p/URP4-1_SUBMISSION_20260728_v0_1/tests/controller_contract.py,026fbef0f3757e0e5b52f028b587a4df81c30a0d1268fc32abb3d4c21b41b0d3,6966,2026-07-28T15:00:32+09:00,file-backed evidence; inspect source before upgrading claim
,python_source,URP4-1_SUBMISSION_20260728_v0_1/tests/full_descriptor_smoke.py,file:///C:/Users/chuck/Documents/Codex/2026-06-22/a2f23dee1d9a824b840a0175ca9a1f4b-https-app-notion-com-p/URP4-1_SUBMISSION_20260728_v0_1/tests/full_descriptor_smoke.py,bf999f5f2bab0d3d8488a4f734f20ce6a2aef0723fd19451b158fd0740bf1db4,7563,2026-07-28T14:57:32+09:00,file-backed evidence; inspect source before upgrading claim
,python_source,URP4-1_SUBMISSION_20260728_v0_1/tests/resume_generated_fixture_descriptor.py,file:///C:/Users/chuck/Documents/Codex/2026-06-22/a2f23dee1d9a824b840a0175ca9a1f4b-https-app-notion-com-p/URP4-1_SUBMISSION_20260728_v0_1/tests/resume_generated_fixture_descriptor.py,6d17e0b203e92d76c1cfedced581138f089c49a1c3df45214d2fcac0fdb55a2b,2806,2026-07-28T14:22:28+09:00,file-backed evidence; inspect source before upgrading claim
,python_source,URP4-1_SUBMISSION_20260728_v0_1/tests/resume_voxel_smoke.py,file:///C:/Users/chuck/Documents/Codex/2026-06-22/a2f23dee1d9a824b840a0175ca9a1f4b-https-app-notion-com-p/URP4-1_SUBMISSION_20260728_v0_1/tests/resume_voxel_smoke.py,b61202a9e24c5b27a7f04293891b276bdfb5abcafec4f38561847a651f0eef80,1918,2026-07-28T13:42:24+09:00,file-backed evidence; inspect source before upgrading claim
,python_source,URP4-1_SUBMISSION_20260728_v0_1/tests/smoke_hq.py,file:///C:/Users/chuck/Documents/Codex/2026-06-22/a2f23dee1d9a824b840a0175ca9a1f4b-https-app-notion-com-p/URP4-1_SUBMISSION_20260728_v0_1/tests/smoke_hq.py,3f214ff0a82a23d26f4506ebc9c983b94e9bb85a1b7373c80b3081a0d74b06d2,5286,2026-07-28T14:57:32+09:00,file-backed evidence; inspect source before upgrading claim
,python_source,URP4-1_SUBMISSION_20260728_v0_1/urp4/__init__.py,file:///C:/Users/chuck/Documents/Codex/2026-06-22/a2f23dee1d9a824b840a0175ca9a1f4b-https-app-notion-com-p/URP4-1_SUBMISSION_20260728_v0_1/urp4/__init__.py,41b78fc55f3d03cc83fbca1e4279665c463f33f5663ad8f5b57b00fff9a2ca0f,289,2026-07-18T22:33:20+09:00,file-backed evidence; inspect source before upgrading claim
,python_source,URP4-1_SUBMISSION_20260728_v0_1/urp4/contracts/__init__.py,file:///C:/Users/chuck/Documents/Codex/2026-06-22/a2f23dee1d9a824b840a0175ca9a1f4b-https-app-notion-com-p/URP4-1_SUBMISSION_20260728_v0_1/urp4/contracts/__init__.py,e5d6656c731246b64d8359e1d6cbbf8e12c38710d9e83e80dce2cfd8ef28b2b0,506,2026-07-18T22:33:20+09:00,file-backed evidence; inspect source before upgrading claim
,python_source,URP4-1_SUBMISSION_20260728_v0_1/urp4/descriptor_service/__init__.py,file:///C:/Users/chuck/Documents/Codex/2026-06-22/a2f23dee1d9a824b840a0175ca9a1f4b-https-app-notion-com-p/URP4-1_SUBMISSION_20260728_v0_1/urp4/descriptor_service/__init__.py,01b048d500ff1d73db3d568486f02981e5b44278a2fc860e168d03cc64b62dfc,185,2026-07-19T01:01:40+09:00,file-backed evidence; inspect source before upgrading claim
,python_source,URP4-1_SUBMISSION_20260728_v0_1/urp4/generators/__init__.py,file:///C:/Users/chuck/Documents/Codex/2026-06-22/a2f23dee1d9a824b840a0175ca9a1f4b-https-app-notion-com-p/URP4-1_SUBMISSION_20260728_v0_1/urp4/generators/__init__.py,b1bc199d8ce44ea32358466c10b26236b59081037b4372f355309d22327c4f2b,56,2026-07-19T11:03:54+09:00,file-backed evidence; inspect source before upgrading claim
,python_source,URP4-1_SUBMISSION_20260728_v0_1/urp4/geometry_io/__init__.py,file:///C:/Users/chuck/Documents/Codex/2026-06-22/a2f23dee1d9a824b840a0175ca9a1f4b-https-app-notion-com-p/URP4-1_SUBMISSION_20260728_v0_1/urp4/geometry_io/__init__.py,4532d05bbcca8e192eabc670a056ff7fe6c18c7fdeac90d25af98082760c37b8,78,2026-07-22T02:45:18+09:00,file-backed evidence; inspect source before upgrading claim
,python_source,URP4-1_SUBMISSION_20260728_v0_1/urp4/hq/__init__.py,file:///C:/Users/chuck/Documents/Codex/2026-06-22/a2f23dee1d9a824b840a0175ca9a1f4b-https-app-notion-com-p/URP4-1_SUBMISSION_20260728_v0_1/urp4/hq/__init__.py,0cd39e96248dc05d5c8e1410255ce3efd3376735fa25f4d7ef3bf12b2f01616e,50,2026-07-28T13:39:12+09:00,file-backed evidence; inspect source before upgrading claim
,python_source,URP4-1_SUBMISSION_20260728_v0_1/urp4/training/__init__.py,file:///C:/Users/chuck/Documents/Codex/2026-06-22/a2f23dee1d9a824b840a0175ca9a1f4b-https-app-notion-com-p/URP4-1_SUBMISSION_20260728_v0_1/urp4/training/__init__.py,c361ab611500cad0c7222bdc6d6a7e8717f3a65c4907a2331eb195bea1e75891,165,2026-07-19T15:02:40+09:00,file-backed evidence; inspect source before upgrading claim
,python_source,URP4-1_SUBMISSION_20260728_v0_1/urp4/contracts/v0_1/canonical.py,file:///C:/Users/chuck/Documents/Codex/2026-06-22/a2f23dee1d9a824b840a0175ca9a1f4b-https-app-notion-com-p/URP4-1_SUBMISSION_20260728_v0_1/urp4/contracts/v0_1/canonical.py,16820525e28b5d6a1a8e305a2bf2102e279ae6ae35f76139e4203a1fa41b9ee9,2949,2026-07-18T22:33:20+09:00,file-backed evidence; inspect source before upgrading claim
,python_source,URP4-1_SUBMISSION_20260728_v0_1/urp4/contracts/v0_1/ids.py,file:///C:/Users/chuck/Documents/Codex/2026-06-22/a2f23dee1d9a824b840a0175ca9a1f4b-https-app-notion-com-p/URP4-1_SUBMISSION_20260728_v0_1/urp4/contracts/v0_1/ids.py,0190fafece4f9afb5d1f443f50a972737a727ee186d21789f4c7d1fba8780608,7194,2026-07-18T22:33:20+09:00,file-backed evidence; inspect source before upgrading claim
,python_source,URP4-1_SUBMISSION_20260728_v0_1/urp4/contracts/v0_1/models.py,file:///C:/Users/chuck/Documents/Codex/2026-06-22/a2f23dee1d9a824b840a0175ca9a1f4b-https-app-notion-com-p/URP4-1_SUBMISSION_20260728_v0_1/urp4/contracts/v0_1/models.py,5bf6dc0f4b3cc45ce7d33dd7fa93eef8fa3773a00626830537a3e09863af248a,1304,2026-07-18T22:33:20+09:00,file-backed evidence; inspect source before upgrading claim
,python_source,URP4-1_SUBMISSION_20260728_v0_1/urp4/contracts/v0_1/validation.py,file:///C:/Users/chuck/Documents/Codex/2026-06-22/a2f23dee1d9a824b840a0175ca9a1f4b-https-app-notion-com-p/URP4-1_SUBMISSION_20260728_v0_1/urp4/contracts/v0_1/validation.py,c32983dec08d25942cae055f123912ec8fd25f2d783813e18a461f5ebeff99b6,6526,2026-07-18T22:36:02+09:00,file-backed evidence; inspect source before upgrading claim
,python_source,URP4-1_SUBMISSION_20260728_v0_1/urp4/contracts/v0_1/__init__.py,file:///C:/Users/chuck/Documents/Codex/2026-06-22/a2f23dee1d9a824b840a0175ca9a1f4b-https-app-notion-com-p/URP4-1_SUBMISSION_20260728_v0_1/urp4/contracts/v0_1/__init__.py,0200ae980b28d41d9f61d02455223605a11ce8a4866a9518ed65777a5cbcb201,536,2026-07-18T22:33:20+09:00,file-backed evidence; inspect source before upgrading claim
,python_source,URP4-1_SUBMISSION_20260728_v0_1/urp4/descriptor_service/v0_1/component.py,file:///C:/Users/chuck/Documents/Codex/2026-06-22/a2f23dee1d9a824b840a0175ca9a1f4b-https-app-notion-com-p/URP4-1_SUBMISSION_20260728_v0_1/urp4/descriptor_service/v0_1/component.py,dd395c9e7e90d491181f851ca7afa1c13d0dfc63ec7b6b2be3c5da98b5e764cf,7528,2026-07-19T01:15:26+09:00,file-backed evidence; inspect source before upgrading claim
,python_source,URP4-1_SUBMISSION_20260728_v0_1/urp4/descriptor_service/v0_1/config.py,file:///C:/Users/chuck/Documents/Codex/2026-06-22/a2f23dee1d9a824b840a0175ca9a1f4b-https-app-notion-com-p/URP4-1_SUBMISSION_20260728_v0_1/urp4/descriptor_service/v0_1/config.py,79e72f02b554f7e0780993e7ec0e09f209dbc97b9e0d8f0503cabc2d1bcffaed,1928,2026-07-19T01:14:16+09:00,file-backed evidence; inspect source before upgrading claim
,python_source,URP4-1_SUBMISSION_20260728_v0_1/urp4/descriptor_service/v0_1/contracts.py,file:///C:/Users/chuck/Documents/Codex/2026-06-22/a2f23dee1d9a824b840a0175ca9a1f4b-https-app-notion-com-p/URP4-1_SUBMISSION_20260728_v0_1/urp4/descriptor_service/v0_1/contracts.py,aace4ae6edd9fa276dca1413abbbf26f4c79993b3d63d0c1f4a9e9079786b3f0,12695,2026-07-19T01:04:42+09:00,file-backed evidence; inspect source before upgrading claim
,python_source,URP4-1_SUBMISSION_20260728_v0_1/urp4/descriptor_service/v0_1/formula.py,file:///C:/Users/chuck/Documents/Codex/2026-06-22/a2f23dee1d9a824b840a0175ca9a1f4b-https-app-notion-com-p/URP4-1_SUBMISSION_20260728_v0_1/urp4/descriptor_service/v0_1/formula.py,d72075dcf6b7a3027a4473ffb87047903ecd01db5fc6f366a4bff0e0453a156e,538,2026-07-19T01:15:26+09:00,file-backed evidence; inspect source before upgrading claim
,python_source,URP4-1_SUBMISSION_20260728_v0_1/urp4/descriptor_service/v0_1/geometry.py,file:///C:/Users/chuck/Documents/Codex/2026-06-22/a2f23dee1d9a824b840a0175ca9a1f4b-https-app-notion-com-p/URP4-1_SUBMISSION_20260728_v0_1/urp4/descriptor_service/v0_1/geometry.py,580df093f8790137d79651909e2fb9b36f3f20ba69a26d558b97a5d35b074351,1665,2026-07-19T01:14:16+09:00,file-backed evidence; inspect source before upgrading claim
,python_source,URP4-1_SUBMISSION_20260728_v0_1/urp4/descriptor_service/v0_1/models.py,file:///C:/Users/chuck/Documents/Codex/2026-06-22/a2f23dee1d9a824b840a0175ca9a1f4b-https-app-notion-com-p/URP4-1_SUBMISSION_20260728_v0_1/urp4/descriptor_service/v0_1/models.py,696f747251d4143010cede2c8ef8f72e92262bdd1d08c06a9814da50a220784e,915,2026-07-19T01:01:40+09:00,file-backed evidence; inspect source before upgrading claim
,python_source,URP4-1_SUBMISSION_20260728_v0_1/urp4/descriptor_service/v0_1/pipeline.py,file:///C:/Users/chuck/Documents/Codex/2026-06-22/a2f23dee1d9a824b840a0175ca9a1f4b-https-app-notion-com-p/URP4-1_SUBMISSION_20260728_v0_1/urp4/descriptor_service/v0_1/pipeline.py,1ad4ea50c8e4676848881c8601373239fb185a12c7e5fa041edd7df56248f406,11647,2026-07-19T01:16:28+09:00,file-backed evidence; inspect source before upgrading claim
,python_source,URP4-1_SUBMISSION_20260728_v0_1/urp4/descriptor_service/v0_1/pixel.py,file:///C:/Users/chuck/Documents/Codex/2026-06-22/a2f23dee1d9a824b840a0175ca9a1f4b-https-app-notion-com-p/URP4-1_SUBMISSION_20260728_v0_1/urp4/descriptor_service/v0_1/pixel.py,3cd37430c720e4d6a572d1787c7f5c0a917965ea56aa451cd4b11ce945db6d72,3019,2026-07-19T01:14:16+09:00,file-backed evidence; inspect source before upgrading claim
,python_source,URP4-1_SUBMISSION_20260728_v0_1/urp4/descriptor_service/v0_1/population.py,file:///C:/Users/chuck/Documents/Codex/2026-06-22/a2f23dee1d9a824b840a0175ca9a1f4b-https-app-notion-com-p/URP4-1_SUBMISSION_20260728_v0_1/urp4/descriptor_service/v0_1/population.py,20fa690cc3acbb0b47569524694f339c25239a2359771b8a3cbb7c513b4e3478,1574,2026-07-19T01:17:18+09:00,file-backed evidence; inspect source before upgrading claim
,python_source,URP4-1_SUBMISSION_20260728_v0_1/urp4/descriptor_service/v0_1/qa.py,file:///C:/Users/chuck/Documents/Codex/2026-06-22/a2f23dee1d9a824b840a0175ca9a1f4b-https-app-notion-com-p/URP4-1_SUBMISSION_20260728_v0_1/urp4/descriptor_service/v0_1/qa.py,ceae088b19475ea7a8d5b32a04650805670e3ea5db0c8470b27722a706c90e2a,3121,2026-07-19T01:15:26+09:00,file-backed evidence; inspect source before upgrading claim
,python_source,URP4-1_SUBMISSION_20260728_v0_1/urp4/descriptor_service/v0_1/run139.py,file:///C:/Users/chuck/Documents/Codex/2026-06-22/a2f23dee1d9a824b840a0175ca9a1f4b-https-app-notion-com-p/URP4-1_SUBMISSION_20260728_v0_1/urp4/descriptor_service/v0_1/run139.py,3d6b3b4c14ab0bd00f242a52b62704f519a740d247e9404bf1ca36624f56537a,10373,2026-07-19T01:04:42+09:00,file-backed evidence; inspect source before upgrading claim
,python_source,URP4-1_SUBMISSION_20260728_v0_1/urp4/descriptor_service/v0_1/service.py,file:///C:/Users/chuck/Documents/Codex/2026-06-22/a2f23dee1d9a824b840a0175ca9a1f4b-https-app-notion-com-p/URP4-1_SUBMISSION_20260728_v0_1/urp4/descriptor_service/v0_1/service.py,37406a1004478b340297d3ce36408ea09682fd73d8e15f9411f218535db93d81,8707,2026-07-19T01:17:06+09:00,file-backed evidence; inspect source before upgrading claim
,python_source,URP4-1_SUBMISSION_20260728_v0_1/urp4/descriptor_service/v0_1/slicing.py,file:///C:/Users/chuck/Documents/Codex/2026-06-22/a2f23dee1d9a824b840a0175ca9a1f4b-https-app-notion-com-p/URP4-1_SUBMISSION_20260728_v0_1/urp4/descriptor_service/v0_1/slicing.py,9ab4213007b716f8ed361a6aecbbac7a8e5251459c6ff0feebac2e74dbc942ff,3461,2026-07-19T01:14:16+09:00,file-backed evidence; inspect source before upgrading claim
,python_source,URP4-1_SUBMISSION_20260728_v0_1/urp4/descriptor_service/v0_1/__init__.py,file:///C:/Users/chuck/Documents/Codex/2026-06-22/a2f23dee1d9a824b840a0175ca9a1f4b-https-app-notion-com-p/URP4-1_SUBMISSION_20260728_v0_1/urp4/descriptor_service/v0_1/__init__.py,6ee99b579e324aa8b52b04abbdf50725fc10b8d1caac0046a699088093e4d118,462,2026-07-19T01:17:18+09:00,file-backed evidence; inspect source before upgrading claim
,python_source,URP4-1_SUBMISSION_20260728_v0_1/urp4/generators/lattice_typeab/__init__.py,file:///C:/Users/chuck/Documents/Codex/2026-06-22/a2f23dee1d9a824b840a0175ca9a1f4b-https-app-notion-com-p/URP4-1_SUBMISSION_20260728_v0_1/urp4/generators/lattice_typeab/__init__.py,8d5fa45ab24ab7db58b60de6f8d2cee67d79b9a2b0aa750f862ec090adde317f,42,2026-07-19T11:03:54+09:00,file-backed evidence; inspect source before upgrading claim
,python_source,URP4-1_SUBMISSION_20260728_v0_1/urp4/generators/tpms_multiwall/__init__.py,file:///C:/Users/chuck/Documents/Codex/2026-06-22/a2f23dee1d9a824b840a0175ca9a1f4b-https-app-notion-com-p/URP4-1_SUBMISSION_20260728_v0_1/urp4/generators/tpms_multiwall/__init__.py,eda7ea70e2d2b1c17b03db3ac9efc6553dcfe8055064051e8e478fc5e0ee3b4e,51,2026-07-19T11:45:20+09:00,file-backed evidence; inspect source before upgrading claim
,python_source,URP4-1_SUBMISSION_20260728_v0_1/urp4/generators/voxel/__init__.py,file:///C:/Users/chuck/Documents/Codex/2026-06-22/a2f23dee1d9a824b840a0175ca9a1f4b-https-app-notion-com-p/URP4-1_SUBMISSION_20260728_v0_1/urp4/generators/voxel/__init__.py,77bffa1484a9d40a024634dd15f75dcaf4c303bc4ca13a618c7f8b0e5017b8ea,42,2026-07-19T12:24:00+09:00,file-backed evidence; inspect source before upgrading claim
,python_source,URP4-1_SUBMISSION_20260728_v0_1/urp4/generators/lattice_typeab/v0_1/contracts.py,file:///C:/Users/chuck/Documents/Codex/2026-06-22/a2f23dee1d9a824b840a0175ca9a1f4b-https-app-notion-com-p/URP4-1_SUBMISSION_20260728_v0_1/urp4/generators/lattice_typeab/v0_1/contracts.py,5d72d419433baf8a9d6e9e862beac223d00dc481849a4c82cab326797af29f20,6185,2026-07-19T11:03:54+09:00,file-backed evidence; inspect source before upgrading claim
,python_source,URP4-1_SUBMISSION_20260728_v0_1/urp4/generators/lattice_typeab/v0_1/descriptors.py,file:///C:/Users/chuck/Documents/Codex/2026-06-22/a2f23dee1d9a824b840a0175ca9a1f4b-https-app-notion-com-p/URP4-1_SUBMISSION_20260728_v0_1/urp4/generators/lattice_typeab/v0_1/descriptors.py,57707bc9ff020f2aa5fa1e530b45299e81f84890de3edb3b93640d926be4c0f1,6780,2026-07-19T11:11:12+09:00,file-backed evidence; inspect source before upgrading claim
,python_source,URP4-1_SUBMISSION_20260728_v0_1/urp4/generators/lattice_typeab/v0_1/exporters.py,file:///C:/Users/chuck/Documents/Codex/2026-06-22/a2f23dee1d9a824b840a0175ca9a1f4b-https-app-notion-com-p/URP4-1_SUBMISSION_20260728_v0_1/urp4/generators/lattice_typeab/v0_1/exporters.py,4a9b7b32f642cbb2717d562095f0ff22ba3de88b820747b61b8f0326934bb6c7,6292,2026-07-19T11:10:32+09:00,file-backed evidence; inspect source before upgrading claim
,python_source,URP4-1_SUBMISSION_20260728_v0_1/urp4/generators/lattice_typeab/v0_1/graph.py,file:///C:/Users/chuck/Documents/Codex/2026-06-22/a2f23dee1d9a824b840a0175ca9a1f4b-https-app-notion-com-p/URP4-1_SUBMISSION_20260728_v0_1/urp4/generators/lattice_typeab/v0_1/graph.py,13e23d2c957b476caf4c3fa0abe8efda78918f0407344feddf0e690bea46772e,11166,2026-07-19T11:03:54+09:00,file-backed evidence; inspect source before upgrading claim
,python_source,URP4-1_SUBMISSION_20260728_v0_1/urp4/generators/lattice_typeab/v0_1/models.py,file:///C:/Users/chuck/Documents/Codex/2026-06-22/a2f23dee1d9a824b840a0175ca9a1f4b-https-app-notion-com-p/URP4-1_SUBMISSION_20260728_v0_1/urp4/generators/lattice_typeab/v0_1/models.py,66329e2be7acb255f68a4d508c3931a6be9cbc41e4a3f053a6554cecb1ad4bcf,4834,2026-07-19T11:03:54+09:00,file-backed evidence; inspect source before upgrading claim
,python_source,URP4-1_SUBMISSION_20260728_v0_1/urp4/generators/lattice_typeab/v0_1/plugin.py,file:///C:/Users/chuck/Documents/Codex/2026-06-22/a2f23dee1d9a824b840a0175ca9a1f4b-https-app-notion-com-p/URP4-1_SUBMISSION_20260728_v0_1/urp4/generators/lattice_typeab/v0_1/plugin.py,bfe0d52005118603dccef6ae027aa8ca4a17da77a2248e36e020c03336126ab7,4674,2026-07-19T11:03:54+09:00,file-backed evidence; inspect source before upgrading claim
,python_source,URP4-1_SUBMISSION_20260728_v0_1/urp4/generators/lattice_typeab/v0_1/type_b.py,file:///C:/Users/chuck/Documents/Codex/2026-06-22/a2f23dee1d9a824b840a0175ca9a1f4b-https-app-notion-com-p/URP4-1_SUBMISSION_20260728_v0_1/urp4/generators/lattice_typeab/v0_1/type_b.py,997606649e41d354c6b894c367d4445cd0e9a7e1cd8d98b8629b1a6766967d08,6725,2026-07-19T11:03:54+09:00,file-backed evidence; inspect source before upgrading claim
,python_source,URP4-1_SUBMISSION_20260728_v0_1/urp4/generators/lattice_typeab/v0_1/__init__.py,file:///C:/Users/chuck/Documents/Codex/2026-06-22/a2f23dee1d9a824b840a0175ca9a1f4b-https-app-notion-com-p/URP4-1_SUBMISSION_20260728_v0_1/urp4/generators/lattice_typeab/v0_1/__init__.py,e420e61f8109bea1c5409ac874ae0e32428363a3426493cda88dcd976369afcb,563,2026-07-19T11:03:54+09:00,file-backed evidence; inspect source before upgrading claim
,python_source,URP4-1_SUBMISSION_20260728_v0_1/urp4/generators/tpms_multiwall/v0_1/contracts.py,file:///C:/Users/chuck/Documents/Codex/2026-06-22/a2f23dee1d9a824b840a0175ca9a1f4b-https-app-notion-com-p/URP4-1_SUBMISSION_20260728_v0_1/urp4/generators/tpms_multiwall/v0_1/contracts.py,4f13555ca9713513d5449fe6dfef7a2a642c28fa1bab85ff1ef137bafe73b8ec,7115,2026-07-19T11:48:44+09:00,file-backed evidence; inspect source before upgrading claim
,python_source,URP4-1_SUBMISSION_20260728_v0_1/urp4/generators/tpms_multiwall/v0_1/exporters.py,file:///C:/Users/chuck/Documents/Codex/2026-06-22/a2f23dee1d9a824b840a0175ca9a1f4b-https-app-notion-com-p/URP4-1_SUBMISSION_20260728_v0_1/urp4/generators/tpms_multiwall/v0_1/exporters.py,a21ef77ccce5328efc5091e9ed6e3a35aeed91b9ff656c1ddb87129fe9248c50,3358,2026-07-19T11:55:02+09:00,file-backed evidence; inspect source before upgrading claim
,python_source,URP4-1_SUBMISSION_20260728_v0_1/urp4/generators/tpms_multiwall/v0_1/fields.py,file:///C:/Users/chuck/Documents/Codex/2026-06-22/a2f23dee1d9a824b840a0175ca9a1f4b-https-app-notion-com-p/URP4-1_SUBMISSION_20260728_v0_1/urp4/generators/tpms_multiwall/v0_1/fields.py,e9a3e0c460252e6d437148eb0d1ee4257b8ead1c94d9d5bd3cffff0ee711c08d,3515,2026-07-19T11:46:08+09:00,file-backed evidence; inspect source before upgrading claim
,python_source,URP4-1_SUBMISSION_20260728_v0_1/urp4/generators/tpms_multiwall/v0_1/masking.py,file:///C:/Users/chuck/Documents/Codex/2026-06-22/a2f23dee1d9a824b840a0175ca9a1f4b-https-app-notion-com-p/URP4-1_SUBMISSION_20260728_v0_1/urp4/generators/tpms_multiwall/v0_1/masking.py,10ab73bd146669120350cede967a9f2a87745ab1553d1b97e10b576319e01512,14991,2026-07-19T11:47:36+09:00,file-backed evidence; inspect source before upgrading claim
,python_source,URP4-1_SUBMISSION_20260728_v0_1/urp4/generators/tpms_multiwall/v0_1/models.py,file:///C:/Users/chuck/Documents/Codex/2026-06-22/a2f23dee1d9a824b840a0175ca9a1f4b-https-app-notion-com-p/URP4-1_SUBMISSION_20260728_v0_1/urp4/generators/tpms_multiwall/v0_1/models.py,fff4adfc7f91fd372958635c8cbfea52f0920af200e0dfc23be9f2ce2b25d9ad,7197,2026-07-19T11:45:20+09:00,file-backed evidence; inspect source before upgrading claim
,python_source,URP4-1_SUBMISSION_20260728_v0_1/urp4/generators/tpms_multiwall/v0_1/plugin.py,file:///C:/Users/chuck/Documents/Codex/2026-06-22/a2f23dee1d9a824b840a0175ca9a1f4b-https-app-notion-com-p/URP4-1_SUBMISSION_20260728_v0_1/urp4/generators/tpms_multiwall/v0_1/plugin.py,6de380d4faf01b38e3da8ea5a5dd650e72c74b0f084b7aa023f5c5208dcc02bc,5852,2026-07-19T11:49:18+09:00,file-backed evidence; inspect source before upgrading claim
,python_source,URP4-1_SUBMISSION_20260728_v0_1/urp4/generators/tpms_multiwall/v0_1/registry.py,file:///C:/Users/chuck/Documents/Codex/2026-06-22/a2f23dee1d9a824b840a0175ca9a1f4b-https-app-notion-com-p/URP4-1_SUBMISSION_20260728_v0_1/urp4/generators/tpms_multiwall/v0_1/registry.py,5f5b59a3e8f19644c7e8ea81850eb6141a248f4cb96b68b41e561894544ecb99,2723,2026-07-19T11:46:08+09:00,file-backed evidence; inspect source before upgrading claim
,python_source,URP4-1_SUBMISSION_20260728_v0_1/urp4/generators/tpms_multiwall/v0_1/__init__.py,file:///C:/Users/chuck/Documents/Codex/2026-06-22/a2f23dee1d9a824b840a0175ca9a1f4b-https-app-notion-com-p/URP4-1_SUBMISSION_20260728_v0_1/urp4/generators/tpms_multiwall/v0_1/__init__.py,e9210e752e22985137682fb1abcf501c575f30c86cb60e2e6a25d8891b42732c,660,2026-07-19T11:45:20+09:00,file-backed evidence; inspect source before upgrading claim
,python_source,URP4-1_SUBMISSION_20260728_v0_1/urp4/generators/voxel/v0_1/contracts.py,file:///C:/Users/chuck/Documents/Codex/2026-06-22/a2f23dee1d9a824b840a0175ca9a1f4b-https-app-notion-com-p/URP4-1_SUBMISSION_20260728_v0_1/urp4/generators/voxel/v0_1/contracts.py,9bef1c6e8e41962fd6b02e9d45490c37abbd2378f6638f8c45e0b9ced8e7a86f,6536,2026-07-19T12:27:34+09:00,file-backed evidence; inspect source before upgrading claim
,python_source,URP4-1_SUBMISSION_20260728_v0_1/urp4/generators/voxel/v0_1/exporters.py,file:///C:/Users/chuck/Documents/Codex/2026-06-22/a2f23dee1d9a824b840a0175ca9a1f4b-https-app-notion-com-p/URP4-1_SUBMISSION_20260728_v0_1/urp4/generators/voxel/v0_1/exporters.py,f8eec2c0393806325467d224cee5897301ad2bbe4cfceacbcf4b9b553cb9317e,3127,2026-07-19T12:24:00+09:00,file-backed evidence; inspect source before upgrading claim
,python_source,URP4-1_SUBMISSION_20260728_v0_1/urp4/generators/voxel/v0_1/kernel.py,file:///C:/Users/chuck/Documents/Codex/2026-06-22/a2f23dee1d9a824b840a0175ca9a1f4b-https-app-notion-com-p/URP4-1_SUBMISSION_20260728_v0_1/urp4/generators/voxel/v0_1/kernel.py,664c73be3bc4609b0407baadf18bd9a4e69b788772e3724f2ae6d99a8952ca0a,1852,2026-07-19T12:25:00+09:00,file-backed evidence; inspect source before upgrading claim
,python_source,URP4-1_SUBMISSION_20260728_v0_1/urp4/generators/voxel/v0_1/models.py,file:///C:/Users/chuck/Documents/Codex/2026-06-22/a2f23dee1d9a824b840a0175ca9a1f4b-https-app-notion-com-p/URP4-1_SUBMISSION_20260728_v0_1/urp4/generators/voxel/v0_1/models.py,12c5b353be0007c51ca0a29cd9f8c886eb70c25f3ae3b8622e100d6c9f87b13b,7716,2026-07-19T12:25:44+09:00,file-backed evidence; inspect source before upgrading claim
,python_source,URP4-1_SUBMISSION_20260728_v0_1/urp4/generators/voxel/v0_1/plugin.py,file:///C:/Users/chuck/Documents/Codex/2026-06-22/a2f23dee1d9a824b840a0175ca9a1f4b-https-app-notion-com-p/URP4-1_SUBMISSION_20260728_v0_1/urp4/generators/voxel/v0_1/plugin.py,fc8e30927988c085d6df0b6400f2caf3f4f4d8f39cc17bc230074db014088ca7,5751,2026-07-19T12:24:00+09:00,file-backed evidence; inspect source before upgrading claim
,python_source,URP4-1_SUBMISSION_20260728_v0_1/urp4/generators/voxel/v0_1/registry.py,file:///C:/Users/chuck/Documents/Codex/2026-06-22/a2f23dee1d9a824b840a0175ca9a1f4b-https-app-notion-com-p/URP4-1_SUBMISSION_20260728_v0_1/urp4/generators/voxel/v0_1/registry.py,3d230edc0495b864a87134958967d3aed71b4c9cb8441567f714c77240f9a475,2183,2026-07-19T12:25:44+09:00,file-backed evidence; inspect source before upgrading claim
,python_source,URP4-1_SUBMISSION_20260728_v0_1/urp4/generators/voxel/v0_1/source_kernel.py,file:///C:/Users/chuck/Documents/Codex/2026-06-22/a2f23dee1d9a824b840a0175ca9a1f4b-https-app-notion-com-p/URP4-1_SUBMISSION_20260728_v0_1/urp4/generators/voxel/v0_1/source_kernel.py,db50808bc205f6b13a366ac88dd0ec5a31d23a36cef1b96e46489394f5164543,6084,2026-07-19T12:24:40+09:00,file-backed evidence; inspect source before upgrading claim
,python_source,URP4-1_SUBMISSION_20260728_v0_1/urp4/generators/voxel/v0_1/__init__.py,file:///C:/Users/chuck/Documents/Codex/2026-06-22/a2f23dee1d9a824b840a0175ca9a1f4b-https-app-notion-com-p/URP4-1_SUBMISSION_20260728_v0_1/urp4/generators/voxel/v0_1/__init__.py,4792eb5b2783c2f8c91dfa419037d00a8c420d221e7df632db30756ea417f6c7,429,2026-07-19T12:24:00+09:00,file-backed evidence; inspect source before upgrading claim
,python_source,URP4-1_SUBMISSION_20260728_v0_1/urp4/geometry_io/v0_1/models.py,file:///C:/Users/chuck/Documents/Codex/2026-06-22/a2f23dee1d9a824b840a0175ca9a1f4b-https-app-notion-com-p/URP4-1_SUBMISSION_20260728_v0_1/urp4/geometry_io/v0_1/models.py,85abe3c59de0b9fa2532d9455808e92abff62f4bcdd3b87c857b5f1c52e928d7,1289,2026-07-22T02:52:24+09:00,file-backed evidence; inspect source before upgrading claim
,python_source,URP4-1_SUBMISSION_20260728_v0_1/urp4/geometry_io/v0_1/routing.py,file:///C:/Users/chuck/Documents/Codex/2026-06-22/a2f23dee1d9a824b840a0175ca9a1f4b-https-app-notion-com-p/URP4-1_SUBMISSION_20260728_v0_1/urp4/geometry_io/v0_1/routing.py,6f8dde1ab5a0b95347cfa7d445d4c12129e59fe1cba069d7653c65c2e1c6b320,1472,2026-07-22T02:45:18+09:00,file-backed evidence; inspect source before upgrading claim
,python_source,URP4-1_SUBMISSION_20260728_v0_1/urp4/geometry_io/v0_1/stl_import.py,file:///C:/Users/chuck/Documents/Codex/2026-06-22/a2f23dee1d9a824b840a0175ca9a1f4b-https-app-notion-com-p/URP4-1_SUBMISSION_20260728_v0_1/urp4/geometry_io/v0_1/stl_import.py,31454eee7093526fae2cb6e06e811b1bbfb25ca18aa2d1e589d495ea6259ddc8,8590,2026-07-22T02:52:24+09:00,file-backed evidence; inspect source before upgrading claim
,python_source,URP4-1_SUBMISSION_20260728_v0_1/urp4/geometry_io/v0_1/__init__.py,file:///C:/Users/chuck/Documents/Codex/2026-06-22/a2f23dee1d9a824b840a0175ca9a1f4b-https-app-notion-com-p/URP4-1_SUBMISSION_20260728_v0_1/urp4/geometry_io/v0_1/__init__.py,02b2926e1bfc7ee566fb3e94bb08036afc2d8f2b80a3b9955b93338a58f3b56b,454,2026-07-22T02:45:18+09:00,file-backed evidence; inspect source before upgrading claim
,python_source,URP4-1_SUBMISSION_20260728_v0_1/urp4/geometry_io/v0_2/step_import.py,file:///C:/Users/chuck/Documents/Codex/2026-06-22/a2f23dee1d9a824b840a0175ca9a1f4b-https-app-notion-com-p/URP4-1_SUBMISSION_20260728_v0_1/urp4/geometry_io/v0_2/step_import.py,77482c3dee570f309b022407dc43656a83c63524cc4132c2041c4553a474f18a,15971,2026-07-24T10:35:26+09:00,file-backed evidence; inspect source before upgrading claim
,python_source,URP4-1_SUBMISSION_20260728_v0_1/urp4/geometry_io/v0_2/__init__.py,file:///C:/Users/chuck/Documents/Codex/2026-06-22/a2f23dee1d9a824b840a0175ca9a1f4b-https-app-notion-com-p/URP4-1_SUBMISSION_20260728_v0_1/urp4/geometry_io/v0_2/__init__.py,2947ba84dcf17a3b6007692bcb0c1659e6ce1f8425b8a91541895e3f8ebc7d57,361,2026-07-24T10:35:26+09:00,file-backed evidence; inspect source before upgrading claim
,python_source,URP4-1_SUBMISSION_20260728_v0_1/urp4/geometry_io/v0_3/source_preflight.py,file:///C:/Users/chuck/Documents/Codex/2026-06-22/a2f23dee1d9a824b840a0175ca9a1f4b-https-app-notion-com-p/URP4-1_SUBMISSION_20260728_v0_1/urp4/geometry_io/v0_3/source_preflight.py,210b8ece82adf348e097c400b516cce8d133a219122fad8649433a9790510d36,11527,2026-07-27T16:35:22+09:00,file-backed evidence; inspect source before upgrading claim
,python_source,URP4-1_SUBMISSION_20260728_v0_1/urp4/geometry_io/v0_3/__init__.py,file:///C:/Users/chuck/Documents/Codex/2026-06-22/a2f23dee1d9a824b840a0175ca9a1f4b-https-app-notion-com-p/URP4-1_SUBMISSION_20260728_v0_1/urp4/geometry_io/v0_3/__init__.py,685eddb2fd6330c7e194bb3a87dde7bff887f7501014aeb2488f766adb1a8651,444,2026-07-27T16:35:22+09:00,file-backed evidence; inspect source before upgrading claim
,python_source,URP4-1_SUBMISSION_20260728_v0_1/urp4/geometry_io/v0_4/imported_winding.py,file:///C:/Users/chuck/Documents/Codex/2026-06-22/a2f23dee1d9a824b840a0175ca9a1f4b-https-app-notion-com-p/URP4-1_SUBMISSION_20260728_v0_1/urp4/geometry_io/v0_4/imported_winding.py,33f304d457534864132563b76b4af0f2dfba1d5e6da4de43fc7daa00b8ce97ad,12616,2026-07-28T11:48:14+09:00,file-backed evidence; inspect source before upgrading claim
,python_source,URP4-1_SUBMISSION_20260728_v0_1/urp4/geometry_io/v0_4/__init__.py,file:///C:/Users/chuck/Documents/Codex/2026-06-22/a2f23dee1d9a824b840a0175ca9a1f4b-https-app-notion-com-p/URP4-1_SUBMISSION_20260728_v0_1/urp4/geometry_io/v0_4/__init__.py,f77ae9d005d5481a3ccb1882b621deee06fbd599a5bab007bec26e6ed9f3c0ed,700,2026-07-28T11:48:14+09:00,file-backed evidence; inspect source before upgrading claim
,python_source,URP4-1_SUBMISSION_20260728_v0_1/urp4/hq/v0_1/controller.py,file:///C:/Users/chuck/Documents/Codex/2026-06-22/a2f23dee1d9a824b840a0175ca9a1f4b-https-app-notion-com-p/URP4-1_SUBMISSION_20260728_v0_1/urp4/hq/v0_1/controller.py,a76e1ec4bd8ffc8733e1ade1201d3f92104664d26c07221d3068afbe0b099a12,17333,2026-07-28T15:00:32+09:00,file-backed evidence; inspect source before upgrading claim
,python_source,URP4-1_SUBMISSION_20260728_v0_1/urp4/hq/v0_1/engine.py,file:///C:/Users/chuck/Documents/Codex/2026-06-22/a2f23dee1d9a824b840a0175ca9a1f4b-https-app-notion-com-p/URP4-1_SUBMISSION_20260728_v0_1/urp4/hq/v0_1/engine.py,d4d11949faec7a1c33821d99f8b26e2d5f2bce50a7de63961ad9c5bff2fdccae,12926,2026-07-28T14:58:34+09:00,file-backed evidence; inspect source before upgrading claim
,python_source,URP4-1_SUBMISSION_20260728_v0_1/urp4/hq/v0_1/imported_pipeline.py,file:///C:/Users/chuck/Documents/Codex/2026-06-22/a2f23dee1d9a824b840a0175ca9a1f4b-https-app-notion-com-p/URP4-1_SUBMISSION_20260728_v0_1/urp4/hq/v0_1/imported_pipeline.py,e9670b8b9987d3a4c4edf39d2264bd5f6046b521b35c0088f34248be702a7531,8858,2026-07-28T13:39:12+09:00,file-backed evidence; inspect source before upgrading claim
,python_source,URP4-1_SUBMISSION_20260728_v0_1/urp4/hq/v0_1/__init__.py,file:///C:/Users/chuck/Documents/Codex/2026-06-22/a2f23dee1d9a824b840a0175ca9a1f4b-https-app-notion-com-p/URP4-1_SUBMISSION_20260728_v0_1/urp4/hq/v0_1/__init__.py,3773ef40cf8b17454842d719aea7af6a22dd571869fd57b15534b64d8f937cad,301,2026-07-28T13:39:12+09:00,file-backed evidence; inspect source before upgrading claim
,python_source,URP4-1_SUBMISSION_20260728_v0_1/urp4/training/p1_adapter_v0_1/adapters.py,file:///C:/Users/chuck/Documents/Codex/2026-06-22/a2f23dee1d9a824b840a0175ca9a1f4b-https-app-notion-com-p/URP4-1_SUBMISSION_20260728_v0_1/urp4/training/p1_adapter_v0_1/adapters.py,73e29758afc8b4324056c68708bf6ac255cbb7a62e4a414fdea81fcb8eabe1e4,8645,2026-07-21T23:02:46+09:00,file-backed evidence; inspect source before upgrading claim
,python_source,URP4-1_SUBMISSION_20260728_v0_1/urp4/training/p1_adapter_v0_1/models.py,file:///C:/Users/chuck/Documents/Codex/2026-06-22/a2f23dee1d9a824b840a0175ca9a1f4b-https-app-notion-com-p/URP4-1_SUBMISSION_20260728_v0_1/urp4/training/p1_adapter_v0_1/models.py,07214664ef1de073b5ea0bf3bd744429e4ec0b406b36f678144356e269e14824,2133,2026-07-21T23:02:14+09:00,file-backed evidence; inspect source before upgrading claim
,python_source,URP4-1_SUBMISSION_20260728_v0_1/urp4/training/p1_adapter_v0_1/registry.py,file:///C:/Users/chuck/Documents/Codex/2026-06-22/a2f23dee1d9a824b840a0175ca9a1f4b-https-app-notion-com-p/URP4-1_SUBMISSION_20260728_v0_1/urp4/training/p1_adapter_v0_1/registry.py,6cd60a8b98dce8febefa39b35ed2e41cdcc4a4e393c214f2324347758312faa2,5660,2026-07-21T23:02:14+09:00,file-backed evidence; inspect source before upgrading claim
,python_source,URP4-1_SUBMISSION_20260728_v0_1/urp4/training/p1_adapter_v0_1/__init__.py,file:///C:/Users/chuck/Documents/Codex/2026-06-22/a2f23dee1d9a824b840a0175ca9a1f4b-https-app-notion-com-p/URP4-1_SUBMISSION_20260728_v0_1/urp4/training/p1_adapter_v0_1/__init__.py,b04a593d4d0bca2a1bef26ce178e5a08cc12d9aaed7c12771431c68d0227f8a9,718,2026-07-21T23:02:14+09:00,file-backed evidence; inspect source before upgrading claim
,python_source,URP4-1_SUBMISSION_20260728_v0_1/urp4/training/p1_exec_layer_v0_1/builders.py,file:///C:/Users/chuck/Documents/Codex/2026-06-22/a2f23dee1d9a824b840a0175ca9a1f4b-https-app-notion-com-p/URP4-1_SUBMISSION_20260728_v0_1/urp4/training/p1_exec_layer_v0_1/builders.py,dd7d7effa549f3f7b32c1d23d70c5f8322f4e1798c1041daa69c105259de1080,4582,2026-07-21T23:43:56+09:00,file-backed evidence; inspect source before upgrading claim
,python_source,URP4-1_SUBMISSION_20260728_v0_1/urp4/training/p1_exec_layer_v0_1/estimators.py,file:///C:/Users/chuck/Documents/Codex/2026-06-22/a2f23dee1d9a824b840a0175ca9a1f4b-https-app-notion-com-p/URP4-1_SUBMISSION_20260728_v0_1/urp4/training/p1_exec_layer_v0_1/estimators.py,729f4759cf0d5e5844cc3370dc9d5f189299193a2d1bd4a5101be19213e872a5,13489,2026-07-21T23:42:34+09:00,file-backed evidence; inspect source before upgrading claim
,python_source,URP4-1_SUBMISSION_20260728_v0_1/urp4/training/p1_exec_layer_v0_1/ledger.py,file:///C:/Users/chuck/Documents/Codex/2026-06-22/a2f23dee1d9a824b840a0175ca9a1f4b-https-app-notion-com-p/URP4-1_SUBMISSION_20260728_v0_1/urp4/training/p1_exec_layer_v0_1/ledger.py,36aad8d9e584fbaa514f212190a93f0b24ca496342516a7b8ee65ca7e9267bac,1945,2026-07-21T23:42:34+09:00,file-backed evidence; inspect source before upgrading claim
,python_source,URP4-1_SUBMISSION_20260728_v0_1/urp4/training/p1_exec_layer_v0_1/models.py,file:///C:/Users/chuck/Documents/Codex/2026-06-22/a2f23dee1d9a824b840a0175ca9a1f4b-https-app-notion-com-p/URP4-1_SUBMISSION_20260728_v0_1/urp4/training/p1_exec_layer_v0_1/models.py,b6f3c09c91e4df2fc24685d9eb25dd899a171ddda9ea8fa0ca962b81d0545bda,1629,2026-07-21T23:42:34+09:00,file-backed evidence; inspect source before upgrading claim
,python_source,URP4-1_SUBMISSION_20260728_v0_1/urp4/training/p1_exec_layer_v0_1/permit.py,file:///C:/Users/chuck/Documents/Codex/2026-06-22/a2f23dee1d9a824b840a0175ca9a1f4b-https-app-notion-com-p/URP4-1_SUBMISSION_20260728_v0_1/urp4/training/p1_exec_layer_v0_1/permit.py,5396f85f4ccba6f9a2450676a93230e8b3a7e9b317af8628065d987e47fc2ed2,5347,2026-07-21T23:42:34+09:00,file-backed evidence; inspect source before upgrading claim
,python_source,URP4-1_SUBMISSION_20260728_v0_1/urp4/training/p1_exec_layer_v0_1/__init__.py,file:///C:/Users/chuck/Documents/Codex/2026-06-22/a2f23dee1d9a824b840a0175ca9a1f4b-https-app-notion-com-p/URP4-1_SUBMISSION_20260728_v0_1/urp4/training/p1_exec_layer_v0_1/__init__.py,a2582e0cfa92daa184a6d3582bdb1ccc198153c1f98bdbb04b01fa8b2c176ea3,1108,2026-07-21T23:42:34+09:00,file-backed evidence; inspect source before upgrading claim
,python_source,URP4-1_SUBMISSION_20260728_v0_1/urp4/training/v0_1/contracts.py,file:///C:/Users/chuck/Documents/Codex/2026-06-22/a2f23dee1d9a824b840a0175ca9a1f4b-https-app-notion-com-p/URP4-1_SUBMISSION_20260728_v0_1/urp4/training/v0_1/contracts.py,127fff910ed84108bc116c295ac1c890493e02e04a51e7025494867b10e803ac,2234,2026-07-19T15:02:40+09:00,file-backed evidence; inspect source before upgrading claim
,python_source,URP4-1_SUBMISSION_20260728_v0_1/urp4/training/v0_1/models.py,file:///C:/Users/chuck/Documents/Codex/2026-06-22/a2f23dee1d9a824b840a0175ca9a1f4b-https-app-notion-com-p/URP4-1_SUBMISSION_20260728_v0_1/urp4/training/v0_1/models.py,d1ea9c9497c37be0ae783445d9aa7451c24421cf7ae1e6907c76e14ebc80fc2a,4216,2026-07-19T15:02:40+09:00,file-backed evidence; inspect source before upgrading claim
,python_source,URP4-1_SUBMISSION_20260728_v0_1/urp4/training/v0_1/policy.py,file:///C:/Users/chuck/Documents/Codex/2026-06-22/a2f23dee1d9a824b840a0175ca9a1f4b-https-app-notion-com-p/URP4-1_SUBMISSION_20260728_v0_1/urp4/training/v0_1/policy.py,d7b6f9f40f5b1648616b57cc02103f5868bd3fadb3b46cb1371ed4a34e35e41c,12933,2026-07-19T15:02:40+09:00,file-backed evidence; inspect source before upgrading claim
,python_source,URP4-1_SUBMISSION_20260728_v0_1/urp4/training/v0_1/registry.py,file:///C:/Users/chuck/Documents/Codex/2026-06-22/a2f23dee1d9a824b840a0175ca9a1f4b-https-app-notion-com-p/URP4-1_SUBMISSION_20260728_v0_1/urp4/training/v0_1/registry.py,ecfa6ef574295138a4c12baaf058203c82ce1361066bfad0b55a97d4cd949695,9126,2026-07-28T13:57:54+09:00,file-backed evidence; inspect source before upgrading claim
,python_source,URP4-1_SUBMISSION_20260728_v0_1/urp4/training/v0_1/source_audit.py,file:///C:/Users/chuck/Documents/Codex/2026-06-22/a2f23dee1d9a824b840a0175ca9a1f4b-https-app-notion-com-p/URP4-1_SUBMISSION_20260728_v0_1/urp4/training/v0_1/source_audit.py,92984e1a38db136dad6f99de7dac7607f6ec995ebfc2fcfcf1a7d173497eef39,5958,2026-07-19T15:03:44+09:00,file-backed evidence; inspect source before upgrading claim
,python_source,URP4-1_SUBMISSION_20260728_v0_1/urp4/training/v0_1/__init__.py,file:///C:/Users/chuck/Documents/Codex/2026-06-22/a2f23dee1d9a824b840a0175ca9a1f4b-https-app-notion-com-p/URP4-1_SUBMISSION_20260728_v0_1/urp4/training/v0_1/__init__.py,11eec2d05da853f97738b8a4f6de678f2ade8a81a23242eb808937d7d6200a5c,1798,2026-07-19T15:03:44+09:00,file-backed evidence; inspect source before upgrading claim
,python_source,URP4-1_SUBMISSION_20260728_v0_1/urp4/training/v0_2/models.py,file:///C:/Users/chuck/Documents/Codex/2026-06-22/a2f23dee1d9a824b840a0175ca9a1f4b-https-app-notion-com-p/URP4-1_SUBMISSION_20260728_v0_1/urp4/training/v0_2/models.py,19b24c1ab841d959702ef7e8f106a6652553ffcb98c816f216cd31fb47b96ec1,1888,2026-07-21T21:58:44+09:00,file-backed evidence; inspect source before upgrading claim
,python_source,URP4-1_SUBMISSION_20260728_v0_1/urp4/training/v0_2/policy.py,file:///C:/Users/chuck/Documents/Codex/2026-06-22/a2f23dee1d9a824b840a0175ca9a1f4b-https-app-notion-com-p/URP4-1_SUBMISSION_20260728_v0_1/urp4/training/v0_2/policy.py,ef694a208127515f0a2644e3c69c64a28c3ba4a6ed761dc3360c97258677ef57,5856,2026-07-21T21:58:44+09:00,file-backed evidence; inspect source before upgrading claim
,python_source,URP4-1_SUBMISSION_20260728_v0_1/urp4/training/v0_2/registry.py,file:///C:/Users/chuck/Documents/Codex/2026-06-22/a2f23dee1d9a824b840a0175ca9a1f4b-https-app-notion-com-p/URP4-1_SUBMISSION_20260728_v0_1/urp4/training/v0_2/registry.py,db296fc50fce1996759386f7278f862f36c8225fff4eafd20f791c229c35a3a6,4702,2026-07-21T21:58:44+09:00,file-backed evidence; inspect source before upgrading claim
,python_source,URP4-1_SUBMISSION_20260728_v0_1/urp4/training/v0_2/__init__.py,file:///C:/Users/chuck/Documents/Codex/2026-06-22/a2f23dee1d9a824b840a0175ca9a1f4b-https-app-notion-com-p/URP4-1_SUBMISSION_20260728_v0_1/urp4/training/v0_2/__init__.py,24c39f42b9b2475e7973f367ccb5e893a8fc0ee510cef85d5ea568486b9c63e8,557,2026-07-21T21:58:44+09:00,file-backed evidence; inspect source before upgrading claim
HQ-BLUEPRINT-001,work_evidence,experiments/lab_001_xy_connection_20260626/results/HQ-BLUEPRINT-001/MERGE_PACKET.md,file:///C:/Users/chuck/Documents/Codex/2026-06-22/a2f23dee1d9a824b840a0175ca9a1f4b-https-app-notion-com-p/experiments/lab_001_xy_connection_20260626/results/HQ-BLUEPRINT-001/MERGE_PACKET.md,5c77975c54ced9547e055499a236b8a69d08599a5ea50f596c59b032d4f12a74,2760,2026-07-28T18:02:57+09:00,file-backed evidence; inspect source before upgrading claim
HQ-GEOM-001,work_evidence,experiments/lab_001_xy_connection_20260626/results/HQ-GEOM-001/HQ-GEOM-001-20260728-001/INDEPENDENT_QA.json,file:///C:/Users/chuck/Documents/Codex/2026-06-22/a2f23dee1d9a824b840a0175ca9a1f4b-https-app-notion-com-p/experiments/lab_001_xy_connection_20260626/results/HQ-GEOM-001/HQ-GEOM-001-20260728-001/INDEPENDENT_QA.json,57baab0656685c8d4e89afdff819799a427b3b5612c314717358c45e62cf4e3c,1939,2026-07-28T22:03:49+09:00,file-backed evidence; inspect source before upgrading claim
HQ-GEOM-001,work_evidence,experiments/lab_001_xy_connection_20260626/results/HQ-GEOM-001/HQ-GEOM-001-20260728-001/MERGE_PACKET.md,file:///C:/Users/chuck/Documents/Codex/2026-06-22/a2f23dee1d9a824b840a0175ca9a1f4b-https-app-notion-com-p/experiments/lab_001_xy_connection_20260626/results/HQ-GEOM-001/HQ-GEOM-001-20260728-001/MERGE_PACKET.md,71964771fe7a61d4e5e1ece8e1dc71377610a74cad261b6b61b21e5d15b8b403,2089,2026-07-28T22:01:30+09:00,file-backed evidence; inspect source before upgrading claim
HQ-GEOM-002,work_evidence,experiments/lab_001_xy_connection_20260626/results/HQ-GEOM-002/HQ-GEOM-002-20260728-001/INDEPENDENT_QA.json,file:///C:/Users/chuck/Documents/Codex/2026-06-22/a2f23dee1d9a824b840a0175ca9a1f4b-https-app-notion-com-p/experiments/lab_001_xy_connection_20260626/results/HQ-GEOM-002/HQ-GEOM-002-20260728-001/INDEPENDENT_QA.json,9b11b1b1ada5ee8400315ddcbd13bd924e47ada16a6485cf2b5cf279bdb6238d,270,2026-07-28T22:13:36+09:00,file-backed evidence; inspect source before upgrading claim
HQ-GEOM-002,work_evidence,experiments/lab_001_xy_connection_20260626/results/HQ-GEOM-002/HQ-GEOM-002-20260728-001/MERGE_PACKET.md,file:///C:/Users/chuck/Documents/Codex/2026-06-22/a2f23dee1d9a824b840a0175ca9a1f4b-https-app-notion-com-p/experiments/lab_001_xy_connection_20260626/results/HQ-GEOM-002/HQ-GEOM-002-20260728-001/MERGE_PACKET.md,6efec5628e1a18ca92f9ef7a446eb2593b607391625635db4bec2cddcc93dd1b,1429,2026-07-28T22:14:43+09:00,file-backed evidence; inspect source before upgrading claim
HQ-GEOM-003,work_evidence,experiments/lab_001_xy_connection_20260626/results/HQ-GEOM-003/HQ-GEOM-003-20260728-001/MERGE_PACKET.md,file:///C:/Users/chuck/Documents/Codex/2026-06-22/a2f23dee1d9a824b840a0175ca9a1f4b-https-app-notion-com-p/experiments/lab_001_xy_connection_20260626/results/HQ-GEOM-003/HQ-GEOM-003-20260728-001/MERGE_PACKET.md,15818a2151c8f24f364f35186ad962bd78eb277470b1d4f6d9e66bcad1ad3c7d,886,2026-07-28T22:25:18+09:00,file-backed evidence; inspect source before upgrading claim
HQ-GEOM-003,work_evidence,experiments/lab_001_xy_connection_20260626/results/HQ-GEOM-003/HQ-GEOM-003-20260728-001/REPORT.md,file:///C:/Users/chuck/Documents/Codex/2026-06-22/a2f23dee1d9a824b840a0175ca9a1f4b-https-app-notion-com-p/experiments/lab_001_xy_connection_20260626/results/HQ-GEOM-003/HQ-GEOM-003-20260728-001/REPORT.md,b50611e6b64850a4e65103e2c151bd999895796eef4f0be78bc3157c8b8aaf1f,1664,2026-07-28T22:29:04+09:00,file-backed evidence; inspect source before upgrading claim
I007_F1,work_evidence,experiments/lab_001_xy_connection_20260626/results/I007_F1/IMSTL-007-20260728-002/INDEPENDENT_QA.json,file:///C:/Users/chuck/Documents/Codex/2026-06-22/a2f23dee1d9a824b840a0175ca9a1f4b-https-app-notion-com-p/experiments/lab_001_xy_connection_20260626/results/I007_F1/IMSTL-007-20260728-002/INDEPENDENT_QA.json,cba6e3aedce5e99c21beb0e06195a7c71902c35f25b8d9a7678e49dc5ec8f617,490,2026-07-28T16:22:05+09:00,file-backed evidence; inspect source before upgrading claim
I007_F1,work_evidence,experiments/lab_001_xy_connection_20260626/results/I007_F1/IMSTL-007-20260728-002/REPORT.md,file:///C:/Users/chuck/Documents/Codex/2026-06-22/a2f23dee1d9a824b840a0175ca9a1f4b-https-app-notion-com-p/experiments/lab_001_xy_connection_20260626/results/I007_F1/IMSTL-007-20260728-002/REPORT.md,9f533977797d89758fb49626edad277fad9265d0ff382455424164129ca31ce3,3244,2026-07-28T16:20:12+09:00,file-backed evidence; inspect source before upgrading claim
I008_F1,work_evidence,experiments/lab_001_xy_connection_20260626/results/I008_F1/IMSTL-008-20260728-002/INDEPENDENT_QA.json,file:///C:/Users/chuck/Documents/Codex/2026-06-22/a2f23dee1d9a824b840a0175ca9a1f4b-https-app-notion-com-p/experiments/lab_001_xy_connection_20260626/results/I008_F1/IMSTL-008-20260728-002/INDEPENDENT_QA.json,37379f5f6e4d1e9ee664dc382ff8bec16005926fd513662a3d89caf7050709ba,774,2026-07-28T21:27:20+09:00,file-backed evidence; inspect source before upgrading claim
I008_F1,work_evidence,experiments/lab_001_xy_connection_20260626/results/I008_F1/IMSTL-008-20260728-002/MERGE_PACKET.md,file:///C:/Users/chuck/Documents/Codex/2026-06-22/a2f23dee1d9a824b840a0175ca9a1f4b-https-app-notion-com-p/experiments/lab_001_xy_connection_20260626/results/I008_F1/IMSTL-008-20260728-002/MERGE_PACKET.md,321a9ae3569a0b18a776e9144b7708b16aa062d3e1183a495ea4faa137704c79,1509,2026-07-28T21:31:47+09:00,file-backed evidence; inspect source before upgrading claim
IMSTL-001_SOURCE_ROUTER_PREFLIGHT,work_evidence,experiments/lab_001_xy_connection_20260626/results/IMSTL-001_SOURCE_ROUTER_PREFLIGHT/IMSTL-001-20260727-001/INDEPENDENT_QA.json,file:///C:/Users/chuck/Documents/Codex/2026-06-22/a2f23dee1d9a824b840a0175ca9a1f4b-https-app-notion-com-p/experiments/lab_001_xy_connection_20260626/results/IMSTL-001_SOURCE_ROUTER_PREFLIGHT/IMSTL-001-20260727-001/INDEPENDENT_QA.json,cc594b88b33fd2388ceeed35fc1cc2de880b41d96dc480f0b5c32d484a4b5812,609,2026-07-27T16:37:39+09:00,file-backed evidence; inspect source before upgrading claim
IMSTL-001_SOURCE_ROUTER_PREFLIGHT,work_evidence,experiments/lab_001_xy_connection_20260626/results/IMSTL-001_SOURCE_ROUTER_PREFLIGHT/IMSTL-001-20260727-001/RUN_MANIFEST.json,file:///C:/Users/chuck/Documents/Codex/2026-06-22/a2f23dee1d9a824b840a0175ca9a1f4b-https-app-notion-com-p/experiments/lab_001_xy_connection_20260626/results/IMSTL-001_SOURCE_ROUTER_PREFLIGHT/IMSTL-001-20260727-001/RUN_MANIFEST.json,789837076b59f76dc5735c7bb4bd80cc867364864b57c3db7e9c1520864befbf,2361,2026-07-27T16:37:32+09:00,file-backed evidence; inspect source before upgrading claim
IMSTL-002_L28_ROBUST_PROTOTYPE,work_evidence,experiments/lab_001_xy_connection_20260626/results/IMSTL-002_L28_ROBUST_PROTOTYPE/IMSTL-002-20260727-001/INDEPENDENT_QA.json,file:///C:/Users/chuck/Documents/Codex/2026-06-22/a2f23dee1d9a824b840a0175ca9a1f4b-https-app-notion-com-p/experiments/lab_001_xy_connection_20260626/results/IMSTL-002_L28_ROBUST_PROTOTYPE/IMSTL-002-20260727-001/INDEPENDENT_QA.json,0c8f48c7f7c36c52e403593e23865079c2bd74c7ca9be8f0e16dbdbc7775e317,1255,2026-07-27T16:52:30+09:00,file-backed evidence; inspect source before upgrading claim
IMSTL-003_L28_WINDING_DOE,work_evidence,experiments/lab_001_xy_connection_20260626/results/IMSTL-003_L28_WINDING_DOE/IMSTL-003-20260727-002/INDEPENDENT_QA.json,file:///C:/Users/chuck/Documents/Codex/2026-06-22/a2f23dee1d9a824b840a0175ca9a1f4b-https-app-notion-com-p/experiments/lab_001_xy_connection_20260626/results/IMSTL-003_L28_WINDING_DOE/IMSTL-003-20260727-002/INDEPENDENT_QA.json,399076228190a0ae38dcd3d9b908907e4a2ef20ce0bde7505afac94b4f39dfc8,1242,2026-07-27T17:05:35+09:00,file-backed evidence; inspect source before upgrading claim
IMSTL-004_L28_FULL801,work_evidence,experiments/lab_001_xy_connection_20260626/results/IMSTL-004_L28_FULL801/IMSTL-004-20260728-001/INDEPENDENT_QA.json,file:///C:/Users/chuck/Documents/Codex/2026-06-22/a2f23dee1d9a824b840a0175ca9a1f4b-https-app-notion-com-p/experiments/lab_001_xy_connection_20260626/results/IMSTL-004_L28_FULL801/IMSTL-004-20260728-001/INDEPENDENT_QA.json,c7fea0c374811135d0c78298c8c85787272e09c289bb704e8922f857bfecd0b4,1587,2026-07-28T10:41:14+09:00,file-backed evidence; inspect source before upgrading claim
IMSTL-005_NB_DEV_INTEGRATION,work_evidence,experiments/lab_001_xy_connection_20260626/results/IMSTL-005_NB_DEV_INTEGRATION/IMSTL-005-20260728-002/INDEPENDENT_QA.json,file:///C:/Users/chuck/Documents/Codex/2026-06-22/a2f23dee1d9a824b840a0175ca9a1f4b-https-app-notion-com-p/experiments/lab_001_xy_connection_20260626/results/IMSTL-005_NB_DEV_INTEGRATION/IMSTL-005-20260728-002/INDEPENDENT_QA.json,446060662b024a374bd4457c991059ba6d2fc535751c7e208f598f9b34be5956,1958,2026-07-28T11:07:53+09:00,file-backed evidence; inspect source before upgrading claim
IMSTL-006_SMALL_GENERALIZATION,work_evidence,experiments/lab_001_xy_connection_20260626/results/IMSTL-006_SMALL_GENERALIZATION/IMSTL-006-20260728-002/INDEPENDENT_QA.json,file:///C:/Users/chuck/Documents/Codex/2026-06-22/a2f23dee1d9a824b840a0175ca9a1f4b-https-app-notion-com-p/experiments/lab_001_xy_connection_20260626/results/IMSTL-006_SMALL_GENERALIZATION/IMSTL-006-20260728-002/INDEPENDENT_QA.json,f10b4f2415427eb44b0f2e4cde8997a71f7e0f383a4034546d0bd45c5d2b40b6,882,2026-07-28T12:25:01+09:00,file-backed evidence; inspect source before upgrading claim
L28_STL2STP_CONCLUSION,work_evidence,experiments/lab_001_xy_connection_20260626/results/L28_STL2STP_CONCLUSION/L28-STL2STP-RESCONV-20260727-001/RUN_MANIFEST.json,file:///C:/Users/chuck/Documents/Codex/2026-06-22/a2f23dee1d9a824b840a0175ca9a1f4b-https-app-notion-com-p/experiments/lab_001_xy_connection_20260626/results/L28_STL2STP_CONCLUSION/L28-STL2STP-RESCONV-20260727-001/RUN_MANIFEST.json,cb8f86125df1904550002eae04db7ba67bd9b99e6d194f5bb2e44fa33437c229,8048,2026-07-27T15:09:13+09:00,file-backed evidence; inspect source before upgrading claim
NB-INTEGRATE-001,work_evidence,experiments/lab_001_xy_connection_20260626/results/NB-INTEGRATE-001/NB-INTEGRATE-001-20260729-001/INDEPENDENT_QA.json,file:///C:/Users/chuck/Documents/Codex/2026-06-22/a2f23dee1d9a824b840a0175ca9a1f4b-https-app-notion-com-p/experiments/lab_001_xy_connection_20260626/results/NB-INTEGRATE-001/NB-INTEGRATE-001-20260729-001/INDEPENDENT_QA.json,b83148ec3547cb83a3a557acaf4808a3fe649e5813a752eb5e59c16c85ff8c57,1109,2026-07-29T14:53:22+09:00,file-backed evidence; inspect source before upgrading claim
NB-INTEGRATE-001,work_evidence,experiments/lab_001_xy_connection_20260626/results/NB-INTEGRATE-001/NB-INTEGRATE-001-20260729-001/MERGE_PACKET.md,file:///C:/Users/chuck/Documents/Codex/2026-06-22/a2f23dee1d9a824b840a0175ca9a1f4b-https-app-notion-com-p/experiments/lab_001_xy_connection_20260626/results/NB-INTEGRATE-001/NB-INTEGRATE-001-20260729-001/MERGE_PACKET.md,9278dfb7af2e9aa82b5afeb2b962b28d5d68f4c00c88262065c3e915634114e5,1021,2026-07-29T14:55:27+09:00,file-backed evidence; inspect source before upgrading claim
NB-INTEGRATE-001,work_evidence,experiments/lab_001_xy_connection_20260626/results/NB-INTEGRATE-001/NB-INTEGRATE-001-20260729-001/REPORT.md,file:///C:/Users/chuck/Documents/Codex/2026-06-22/a2f23dee1d9a824b840a0175ca9a1f4b-https-app-notion-com-p/experiments/lab_001_xy_connection_20260626/results/NB-INTEGRATE-001/NB-INTEGRATE-001-20260729-001/REPORT.md,61265cdab4f3f447df8211736fdb0896eaaf0e3c48d30561367238e84e2b191f,2799,2026-07-29T14:55:27+09:00,file-backed evidence; inspect source before upgrading claim
PRESENTATION-HANDOFF-RUN361,work_evidence,experiments/lab_001_xy_connection_20260626/results/PRESENTATION-HANDOFF-RUN361/MERGE_PACKET.md,file:///C:/Users/chuck/Documents/Codex/2026-06-22/a2f23dee1d9a824b840a0175ca9a1f4b-https-app-notion-com-p/experiments/lab_001_xy_connection_20260626/results/PRESENTATION-HANDOFF-RUN361/MERGE_PACKET.md,dd316a50552d0718fd9b42853ecfa7ff7db54266db41af7b1f35ec7c5ed5e1b8,1533,2026-07-29T15:57:47+09:00,file-backed evidence; inspect source before upgrading claim
ROUTE-VALID-001,work_evidence,experiments/lab_001_xy_connection_20260626/results/ROUTE-VALID-001/ROUTE-VALID-001-20260729-001/INDEPENDENT_QA.json,file:///C:/Users/chuck/Documents/Codex/2026-06-22/a2f23dee1d9a824b840a0175ca9a1f4b-https-app-notion-com-p/experiments/lab_001_xy_connection_20260626/results/ROUTE-VALID-001/ROUTE-VALID-001-20260729-001/INDEPENDENT_QA.json,ee41193c5bae1852c15b00e41fd2aa2d1b8b66f7f03630522f09733464f730d6,1210,2026-07-29T10:20:42+09:00,file-backed evidence; inspect source before upgrading claim
ROUTE-VALID-001,work_evidence,experiments/lab_001_xy_connection_20260626/results/ROUTE-VALID-001/ROUTE-VALID-001-20260729-001/REPORT.md,file:///C:/Users/chuck/Documents/Codex/2026-06-22/a2f23dee1d9a824b840a0175ca9a1f4b-https-app-notion-com-p/experiments/lab_001_xy_connection_20260626/results/ROUTE-VALID-001/ROUTE-VALID-001-20260729-001/REPORT.md,40ad924c54137cc87a1e1e9bb71784e2536768553f63ff9385a15a874d0f5f9b,6325,2026-07-29T10:21:51+09:00,file-backed evidence; inspect source before upgrading claim
ROUTE-VALID-002,work_evidence,experiments/lab_001_xy_connection_20260626/results/ROUTE-VALID-002/ROUTE-VALID-002-20260729-001/INDEPENDENT_QA.json,file:///C:/Users/chuck/Documents/Codex/2026-06-22/a2f23dee1d9a824b840a0175ca9a1f4b-https-app-notion-com-p/experiments/lab_001_xy_connection_20260626/results/ROUTE-VALID-002/ROUTE-VALID-002-20260729-001/INDEPENDENT_QA.json,698ab6c2d874d20cd8b90f95fff756e4c0c7da464d4d6077ae6495659ea8faab,1137,2026-07-29T10:32:33+09:00,file-backed evidence; inspect source before upgrading claim
ROUTE-VALID-002,work_evidence,experiments/lab_001_xy_connection_20260626/results/ROUTE-VALID-002/ROUTE-VALID-002-20260729-001/MERGE_PACKET.md,file:///C:/Users/chuck/Documents/Codex/2026-06-22/a2f23dee1d9a824b840a0175ca9a1f4b-https-app-notion-com-p/experiments/lab_001_xy_connection_20260626/results/ROUTE-VALID-002/ROUTE-VALID-002-20260729-001/MERGE_PACKET.md,afd14316e03aa053eb09047877dbe080836b48b849a8e16038aff031b1bcd835,2332,2026-07-29T10:33:29+09:00,file-backed evidence; inspect source before upgrading claim
ROUTE-VALID-002,work_evidence,experiments/lab_001_xy_connection_20260626/results/ROUTE-VALID-002/ROUTE-VALID-002-20260729-001/REPORT.md,file:///C:/Users/chuck/Documents/Codex/2026-06-22/a2f23dee1d9a824b840a0175ca9a1f4b-https-app-notion-com-p/experiments/lab_001_xy_connection_20260626/results/ROUTE-VALID-002/ROUTE-VALID-002-20260729-001/REPORT.md,deb9ace078dd537ee8201d190404f8a464e5e3f997a3c3a4997e36b5e85b9448,4954,2026-07-29T10:33:29+09:00,file-backed evidence; inspect source before upgrading claim
ROUTE-VALID-003,work_evidence,experiments/lab_001_xy_connection_20260626/results/ROUTE-VALID-003/ROUTE-VALID-003-20260729-002/INDEPENDENT_QA.json,file:///C:/Users/chuck/Documents/Codex/2026-06-22/a2f23dee1d9a824b840a0175ca9a1f4b-https-app-notion-com-p/experiments/lab_001_xy_connection_20260626/results/ROUTE-VALID-003/ROUTE-VALID-003-20260729-002/INDEPENDENT_QA.json,1fcaedfd18c8166787807757ebc5cd5c9aabe752e7f79a3e0601338927e2873a,810,2026-07-29T11:30:40+09:00,file-backed evidence; inspect source before upgrading claim
ROUTE-VALID-003,work_evidence,experiments/lab_001_xy_connection_20260626/results/ROUTE-VALID-003/ROUTE-VALID-003-20260729-002/MERGE_PACKET.md,file:///C:/Users/chuck/Documents/Codex/2026-06-22/a2f23dee1d9a824b840a0175ca9a1f4b-https-app-notion-com-p/experiments/lab_001_xy_connection_20260626/results/ROUTE-VALID-003/ROUTE-VALID-003-20260729-002/MERGE_PACKET.md,3b3677ff65d1d88d03bab4d6bfc681f2ea4d6d803cf67f7e0a237fa5326eb28f,1404,2026-07-29T11:33:06+09:00,file-backed evidence; inspect source before upgrading claim
ROUTE-VALID-003,work_evidence,experiments/lab_001_xy_connection_20260626/results/ROUTE-VALID-003/ROUTE-VALID-003-20260729-002/REPORT.md,file:///C:/Users/chuck/Documents/Codex/2026-06-22/a2f23dee1d9a824b840a0175ca9a1f4b-https-app-notion-com-p/experiments/lab_001_xy_connection_20260626/results/ROUTE-VALID-003/ROUTE-VALID-003-20260729-002/REPORT.md,ae2019407ee718a2bb53b0437b22216162ac3e1d90bb67b1654ee189e8bf3d30,2063,2026-07-29T11:33:06+09:00,file-backed evidence; inspect source before upgrading claim
ROUTE-VALID-004,work_evidence,experiments/lab_001_xy_connection_20260626/results/ROUTE-VALID-004/ROUTE-VALID-004-20260729-001/INDEPENDENT_QA.json,file:///C:/Users/chuck/Documents/Codex/2026-06-22/a2f23dee1d9a824b840a0175ca9a1f4b-https-app-notion-com-p/experiments/lab_001_xy_connection_20260626/results/ROUTE-VALID-004/ROUTE-VALID-004-20260729-001/INDEPENDENT_QA.json,f9a5ae5a04396e6b72f2988e9e00c71dcd218c647fcd0c4843b2b1bccfdf6f64,818,2026-07-29T14:35:17+09:00,file-backed evidence; inspect source before upgrading claim
ROUTE-VALID-004,work_evidence,experiments/lab_001_xy_connection_20260626/results/ROUTE-VALID-004/ROUTE-VALID-004-20260729-001/MERGE_PACKET.md,file:///C:/Users/chuck/Documents/Codex/2026-06-22/a2f23dee1d9a824b840a0175ca9a1f4b-https-app-notion-com-p/experiments/lab_001_xy_connection_20260626/results/ROUTE-VALID-004/ROUTE-VALID-004-20260729-001/MERGE_PACKET.md,2b652cb8d8a17c9254f84de5906c38749ed28ecf269592334ce5bb32e750f667,1254,2026-07-29T14:27:28+09:00,file-backed evidence; inspect source before upgrading claim
ROUTE-VALID-004,work_evidence,experiments/lab_001_xy_connection_20260626/results/ROUTE-VALID-004/ROUTE-VALID-004-20260729-001/REPORT.md,file:///C:/Users/chuck/Documents/Codex/2026-06-22/a2f23dee1d9a824b840a0175ca9a1f4b-https-app-notion-com-p/experiments/lab_001_xy_connection_20260626/results/ROUTE-VALID-004/ROUTE-VALID-004-20260729-001/REPORT.md,cb72eeaea007558aa0a91872ea64e583fa30340b624048f11d47245523cdc063,5925,2026-07-29T14:27:28+09:00,file-backed evidence; inspect source before upgrading claim
STRICT-STEP-002,work_evidence,experiments/lab_001_xy_connection_20260626/results/STRICT-STEP-002/STRICT-STEP-002-20260728-001/INDEPENDENT_QA.json,file:///C:/Users/chuck/Documents/Codex/2026-06-22/a2f23dee1d9a824b840a0175ca9a1f4b-https-app-notion-com-p/experiments/lab_001_xy_connection_20260626/results/STRICT-STEP-002/STRICT-STEP-002-20260728-001/INDEPENDENT_QA.json,ecd9d4937ec65b749fa9084c5de428ae05ed3d8a63dc3af6eee9075d166cd37a,1432,2026-07-28T22:38:27+09:00,file-backed evidence; inspect source before upgrading claim
STRICT-STEP-002,work_evidence,experiments/lab_001_xy_connection_20260626/results/STRICT-STEP-002/STRICT-STEP-002-20260728-001/MERGE_PACKET.md,file:///C:/Users/chuck/Documents/Codex/2026-06-22/a2f23dee1d9a824b840a0175ca9a1f4b-https-app-notion-com-p/experiments/lab_001_xy_connection_20260626/results/STRICT-STEP-002/STRICT-STEP-002-20260728-001/MERGE_PACKET.md,7124929df0b635943c330ac94bcfafdac810201392548dda161107dbba33821a,1163,2026-07-28T22:39:17+09:00,file-backed evidence; inspect source before upgrading claim
STRICT-STEP-002,work_evidence,experiments/lab_001_xy_connection_20260626/results/STRICT-STEP-002/STRICT-STEP-002-20260728-001/REPORT.md,file:///C:/Users/chuck/Documents/Codex/2026-06-22/a2f23dee1d9a824b840a0175ca9a1f4b-https-app-notion-com-p/experiments/lab_001_xy_connection_20260626/results/STRICT-STEP-002/STRICT-STEP-002-20260728-001/REPORT.md,2d0f309e1e5acb47b4f0c719b1d571cf9a400f12fcb89a707b69fa9f5ff7eb35,3080,2026-07-28T22:39:17+09:00,file-backed evidence; inspect source before upgrading claim
STRICT-STEP-003,work_evidence,experiments/lab_001_xy_connection_20260626/results/STRICT-STEP-003/STRICT-STEP-003-20260728-001/INDEPENDENT_QA.json,file:///C:/Users/chuck/Documents/Codex/2026-06-22/a2f23dee1d9a824b840a0175ca9a1f4b-https-app-notion-com-p/experiments/lab_001_xy_connection_20260626/results/STRICT-STEP-003/STRICT-STEP-003-20260728-001/INDEPENDENT_QA.json,da5707faee6757882e67096ddd1db37ab4dd5a07b267451a31d82be6a6cdc24b,293,2026-07-28T22:49:46+09:00,file-backed evidence; inspect source before upgrading claim
STRICT-STEP-003,work_evidence,experiments/lab_001_xy_connection_20260626/results/STRICT-STEP-003/STRICT-STEP-003-20260728-001/MERGE_PACKET.md,file:///C:/Users/chuck/Documents/Codex/2026-06-22/a2f23dee1d9a824b840a0175ca9a1f4b-https-app-notion-com-p/experiments/lab_001_xy_connection_20260626/results/STRICT-STEP-003/STRICT-STEP-003-20260728-001/MERGE_PACKET.md,815e4c34d0392d3ea78364f7a0befa8e528b093f7f426011755c158c30f0407d,1069,2026-07-28T22:46:44+09:00,file-backed evidence; inspect source before upgrading claim
STRICT-STEP-003,work_evidence,experiments/lab_001_xy_connection_20260626/results/STRICT-STEP-003/STRICT-STEP-003-20260728-001/REPORT.md,file:///C:/Users/chuck/Documents/Codex/2026-06-22/a2f23dee1d9a824b840a0175ca9a1f4b-https-app-notion-com-p/experiments/lab_001_xy_connection_20260626/results/STRICT-STEP-003/STRICT-STEP-003-20260728-001/REPORT.md,e7b4cc6be17dffc7c2a226d977fcf970683259d5c678d51af9c62ec1534f74fe,3730,2026-07-28T22:46:44+09:00,file-backed evidence; inspect source before upgrading claim
STRICT-STEP-004,work_evidence,experiments/lab_001_xy_connection_20260626/results/STRICT-STEP-004/STRICT-STEP-004-20260728-002/INDEPENDENT_QA.json,file:///C:/Users/chuck/Documents/Codex/2026-06-22/a2f23dee1d9a824b840a0175ca9a1f4b-https-app-notion-com-p/experiments/lab_001_xy_connection_20260626/results/STRICT-STEP-004/STRICT-STEP-004-20260728-002/INDEPENDENT_QA.json,60a24e09bdcedba0e028dc65514c15578b244a43db19fe01d53fa470abe878b3,225,2026-07-28T23:36:54+09:00,file-backed evidence; inspect source before upgrading claim
STRICT-STEP-004,work_evidence,experiments/lab_001_xy_connection_20260626/results/STRICT-STEP-004/STRICT-STEP-004-20260728-002/REPORT.md,file:///C:/Users/chuck/Documents/Codex/2026-06-22/a2f23dee1d9a824b840a0175ca9a1f4b-https-app-notion-com-p/experiments/lab_001_xy_connection_20260626/results/STRICT-STEP-004/STRICT-STEP-004-20260728-002/REPORT.md,a0e9de551ce4de89b6eb4d6dd16e0be308b3a79ac9e8b713f61a8a9fcb094b40,1332,2026-07-28T23:36:29+09:00,file-backed evidence; inspect source before upgrading claim
STRICT-STEP-005,work_evidence,experiments/lab_001_xy_connection_20260626/results/STRICT-STEP-005/STRICT-STEP-005-20260728-001/REPORT.md,file:///C:/Users/chuck/Documents/Codex/2026-06-22/a2f23dee1d9a824b840a0175ca9a1f4b-https-app-notion-com-p/experiments/lab_001_xy_connection_20260626/results/STRICT-STEP-005/STRICT-STEP-005-20260728-001/REPORT.md,bc5123e48c34cbe9ceb0caaab3dc86ca1f13316781279c07f9337072ce63f55d,1385,2026-07-28T23:38:18+09:00,file-backed evidence; inspect source before upgrading claim
STRICT-STEP-006,work_evidence,experiments/lab_001_xy_connection_20260626/results/STRICT-STEP-006/STRICT-STEP-006-20260728-001/INDEPENDENT_QA.json,file:///C:/Users/chuck/Documents/Codex/2026-06-22/a2f23dee1d9a824b840a0175ca9a1f4b-https-app-notion-com-p/experiments/lab_001_xy_connection_20260626/results/STRICT-STEP-006/STRICT-STEP-006-20260728-001/INDEPENDENT_QA.json,31ee7978826c0420a9c5ad06d8101b98b1d4a74da183d479a828ddca11dc384c,183,2026-07-28T23:39:44+09:00,file-backed evidence; inspect source before upgrading claim
STRICT-STEP-006,work_evidence,experiments/lab_001_xy_connection_20260626/results/STRICT-STEP-006/STRICT-STEP-006-20260728-001/REPORT.md,file:///C:/Users/chuck/Documents/Codex/2026-06-22/a2f23dee1d9a824b840a0175ca9a1f4b-https-app-notion-com-p/experiments/lab_001_xy_connection_20260626/results/STRICT-STEP-006/STRICT-STEP-006-20260728-001/REPORT.md,84197cb662fa6d58d243df62588163b18d209ed2a3a93da8222200abc028b54b,707,2026-07-28T23:39:38+09:00,file-backed evidence; inspect source before upgrading claim
STRICT-STEP-007,work_evidence,experiments/lab_001_xy_connection_20260626/results/STRICT-STEP-007/STRICT-STEP-007-20260728-001/REPORT.md,file:///C:/Users/chuck/Documents/Codex/2026-06-22/a2f23dee1d9a824b840a0175ca9a1f4b-https-app-notion-com-p/experiments/lab_001_xy_connection_20260626/results/STRICT-STEP-007/STRICT-STEP-007-20260728-001/REPORT.md,d4974fba0fbf68d2c50c6e4afe76dac5915946246941c14bc50216838c74bb2d,494,2026-07-28T23:43:10+09:00,file-backed evidence; inspect source before upgrading claim
STRICT-STEP-008,work_evidence,experiments/lab_001_xy_connection_20260626/results/STRICT-STEP-008/STRICT-STEP-008-20260728-001/REPORT.md,file:///C:/Users/chuck/Documents/Codex/2026-06-22/a2f23dee1d9a824b840a0175ca9a1f4b-https-app-notion-com-p/experiments/lab_001_xy_connection_20260626/results/STRICT-STEP-008/STRICT-STEP-008-20260728-001/REPORT.md,f2ab6b0942b9ce886ce2c98aba887554638d84fb3ad4dc690038092bf59e51fb,1215,2026-07-28T23:44:55+09:00,file-backed evidence; inspect source before upgrading claim
STRICT-STEP-009,work_evidence,experiments/lab_001_xy_connection_20260626/results/STRICT-STEP-009/STRICT-STEP-009-20260728-001/REPORT.md,file:///C:/Users/chuck/Documents/Codex/2026-06-22/a2f23dee1d9a824b840a0175ca9a1f4b-https-app-notion-com-p/experiments/lab_001_xy_connection_20260626/results/STRICT-STEP-009/STRICT-STEP-009-20260728-001/REPORT.md,8256f245fd1851ea14a619ad6c4653e7544d49d2c2b061b3990faf43c039aa4b,1027,2026-07-28T23:45:57+09:00,file-backed evidence; inspect source before upgrading claim
STRICT-STEP-010,work_evidence,experiments/lab_001_xy_connection_20260626/results/STRICT-STEP-010/STRICT-STEP-010-20260728-001/INDEPENDENT_QA.json,file:///C:/Users/chuck/Documents/Codex/2026-06-22/a2f23dee1d9a824b840a0175ca9a1f4b-https-app-notion-com-p/experiments/lab_001_xy_connection_20260626/results/STRICT-STEP-010/STRICT-STEP-010-20260728-001/INDEPENDENT_QA.json,19f8480ae71426a362a06a9774c130d1c3cb32fa5969e5971aba81fdc3852371,146,2026-07-28T23:46:40+09:00,file-backed evidence; inspect source before upgrading claim
STRICT-STEP-010,work_evidence,experiments/lab_001_xy_connection_20260626/results/STRICT-STEP-010/STRICT-STEP-010-20260728-001/REPORT.md,file:///C:/Users/chuck/Documents/Codex/2026-06-22/a2f23dee1d9a824b840a0175ca9a1f4b-https-app-notion-com-p/experiments/lab_001_xy_connection_20260626/results/STRICT-STEP-010/STRICT-STEP-010-20260728-001/REPORT.md,30992f73fdd72ca0d139b8843035d584b60208c467e0381989e3a891070f9e16,414,2026-07-28T23:46:33+09:00,file-backed evidence; inspect source before upgrading claim
STRICT-STEP-011,work_evidence,experiments/lab_001_xy_connection_20260626/results/STRICT-STEP-011/STRICT-STEP-011-20260728-001/REPORT.md,file:///C:/Users/chuck/Documents/Codex/2026-06-22/a2f23dee1d9a824b840a0175ca9a1f4b-https-app-notion-com-p/experiments/lab_001_xy_connection_20260626/results/STRICT-STEP-011/STRICT-STEP-011-20260728-001/REPORT.md,de1879df91d13ed59b908367208705338de26821d4cfa1e96d16a1cc029dcbea,799,2026-07-28T23:47:52+09:00,file-backed evidence; inspect source before upgrading claim
STRICT-STEP-012,work_evidence,experiments/lab_001_xy_connection_20260626/results/STRICT-STEP-012/STRICT-STEP-012-20260728-001/REPORT.md,file:///C:/Users/chuck/Documents/Codex/2026-06-22/a2f23dee1d9a824b840a0175ca9a1f4b-https-app-notion-com-p/experiments/lab_001_xy_connection_20260626/results/STRICT-STEP-012/STRICT-STEP-012-20260728-001/REPORT.md,45d881ff604e72d9a724e36b6fadb8a25922996ecc3204a0c732ddb4ce73988c,389,2026-07-28T23:48:25+09:00,file-backed evidence; inspect source before upgrading claim
STRICT-STEP-013,work_evidence,experiments/lab_001_xy_connection_20260626/results/STRICT-STEP-013/STRICT-STEP-013-20260728-001/INDEPENDENT_QA.json,file:///C:/Users/chuck/Documents/Codex/2026-06-22/a2f23dee1d9a824b840a0175ca9a1f4b-https-app-notion-com-p/experiments/lab_001_xy_connection_20260626/results/STRICT-STEP-013/STRICT-STEP-013-20260728-001/INDEPENDENT_QA.json,1b5674c7ceea97e8544b03bb55689b16a15cf8ea95843baab468835bc56fe883,136,2026-07-28T23:49:30+09:00,file-backed evidence; inspect source before upgrading claim
STRICT-STEP-013,work_evidence,experiments/lab_001_xy_connection_20260626/results/STRICT-STEP-013/STRICT-STEP-013-20260728-001/REPORT.md,file:///C:/Users/chuck/Documents/Codex/2026-06-22/a2f23dee1d9a824b840a0175ca9a1f4b-https-app-notion-com-p/experiments/lab_001_xy_connection_20260626/results/STRICT-STEP-013/STRICT-STEP-013-20260728-001/REPORT.md,bcebde7aaa3fe9147bb951233d15617f0371c381e478e3c2fb8582ce4ff6eb87,415,2026-07-28T23:49:21+09:00,file-backed evidence; inspect source before upgrading claim
STRICT-STEP-015,work_evidence,experiments/lab_001_xy_connection_20260626/results/STRICT-STEP-015/STRICT-STEP-015-20260729-001/REPORT.md,file:///C:/Users/chuck/Documents/Codex/2026-06-22/a2f23dee1d9a824b840a0175ca9a1f4b-https-app-notion-com-p/experiments/lab_001_xy_connection_20260626/results/STRICT-STEP-015/STRICT-STEP-015-20260729-001/REPORT.md,f0f2506f09a32f98036aeb8133094b53cdcbec60fb8bb811cac6f83f3b572a02,748,2026-07-29T09:33:23+09:00,file-backed evidence; inspect source before upgrading claim
STRICT-STEP-017,work_evidence,experiments/lab_001_xy_connection_20260626/results/STRICT-STEP-017/STRICT-STEP-017-20260729-001/REPORT.md,file:///C:/Users/chuck/Documents/Codex/2026-06-22/a2f23dee1d9a824b840a0175ca9a1f4b-https-app-notion-com-p/experiments/lab_001_xy_connection_20260626/results/STRICT-STEP-017/STRICT-STEP-017-20260729-001/REPORT.md,50f0a5f8430fd536951fb70401331651273858bd011a7ff75cf4d3e5f0e92470,424,2026-07-29T09:35:30+09:00,file-backed evidence; inspect source before upgrading claim
STRICT-STEP-019,work_evidence,experiments/lab_001_xy_connection_20260626/results/STRICT-STEP-019/STRICT-STEP-019-20260730-001/INDEPENDENT_QA.json,file:///C:/Users/chuck/Documents/Codex/2026-06-22/a2f23dee1d9a824b840a0175ca9a1f4b-https-app-notion-com-p/experiments/lab_001_xy_connection_20260626/results/STRICT-STEP-019/STRICT-STEP-019-20260730-001/INDEPENDENT_QA.json,f2e9b7bdd0c5855cc8155300afc150cb675e87c93996ee9dbf9f88895dfe8c88,720,2026-07-30T16:53:34+09:00,file-backed evidence; inspect source before upgrading claim
STRICT-STEP-019,work_evidence,experiments/lab_001_xy_connection_20260626/results/STRICT-STEP-019/STRICT-STEP-019-20260730-001/MERGE_PACKET.md,file:///C:/Users/chuck/Documents/Codex/2026-06-22/a2f23dee1d9a824b840a0175ca9a1f4b-https-app-notion-com-p/experiments/lab_001_xy_connection_20260626/results/STRICT-STEP-019/STRICT-STEP-019-20260730-001/MERGE_PACKET.md,36a72d95ed2440380ee38557e812513758782b043157efcb345400128c263f72,1484,2026-07-30T16:54:12+09:00,file-backed evidence; inspect source before upgrading claim
STRICT-STEP-019,work_evidence,experiments/lab_001_xy_connection_20260626/results/STRICT-STEP-019/STRICT-STEP-019-20260730-001/REPORT.md,file:///C:/Users/chuck/Documents/Codex/2026-06-22/a2f23dee1d9a824b840a0175ca9a1f4b-https-app-notion-com-p/experiments/lab_001_xy_connection_20260626/results/STRICT-STEP-019/STRICT-STEP-019-20260730-001/REPORT.md,71575a7696864330492b73b98d6f37a97dc5b175a9a6bd7c6f1a2fa870b91d0a,2867,2026-07-30T16:54:12+09:00,file-backed evidence; inspect source before upgrading claim
STRICT-STEP-020,work_evidence,experiments/lab_001_xy_connection_20260626/results/STRICT-STEP-020/STRICT-STEP-020-20260730-001/INDEPENDENT_QA.json,file:///C:/Users/chuck/Documents/Codex/2026-06-22/a2f23dee1d9a824b840a0175ca9a1f4b-https-app-notion-com-p/experiments/lab_001_xy_connection_20260626/results/STRICT-STEP-020/STRICT-STEP-020-20260730-001/INDEPENDENT_QA.json,1949628da5e2f9bdd00fcd42b135eec9b27ec3d2339d4cc39510f5ef6512aef8,754,2026-07-30T17:27:38+09:00,file-backed evidence; inspect source before upgrading claim
STRICT-STEP-020,work_evidence,experiments/lab_001_xy_connection_20260626/results/STRICT-STEP-020/STRICT-STEP-020-20260730-001/MERGE_PACKET.md,file:///C:/Users/chuck/Documents/Codex/2026-06-22/a2f23dee1d9a824b840a0175ca9a1f4b-https-app-notion-com-p/experiments/lab_001_xy_connection_20260626/results/STRICT-STEP-020/STRICT-STEP-020-20260730-001/MERGE_PACKET.md,10a6f68c7b7eddd3bdba7c99f6822d0d02dfda386e2e696731e8f711d5dfa75e,1170,2026-07-30T17:26:44+09:00,file-backed evidence; inspect source before upgrading claim
STRICT-STEP-020,work_evidence,experiments/lab_001_xy_connection_20260626/results/STRICT-STEP-020/STRICT-STEP-020-20260730-001/REPORT.md,file:///C:/Users/chuck/Documents/Codex/2026-06-22/a2f23dee1d9a824b840a0175ca9a1f4b-https-app-notion-com-p/experiments/lab_001_xy_connection_20260626/results/STRICT-STEP-020/STRICT-STEP-020-20260730-001/REPORT.md,9acba94179ee0b9cef9708c9fa61fdeca0854da438ea38e0fb7a001ab933e84e,2042,2026-07-30T17:25:45+09:00,file-backed evidence; inspect source before upgrading claim
STRICT-STEP-021,work_evidence,experiments/lab_001_xy_connection_20260626/results/STRICT-STEP-021/STRICT-STEP-021-20260730-002/INDEPENDENT_QA.json,file:///C:/Users/chuck/Documents/Codex/2026-06-22/a2f23dee1d9a824b840a0175ca9a1f4b-https-app-notion-com-p/experiments/lab_001_xy_connection_20260626/results/STRICT-STEP-021/STRICT-STEP-021-20260730-002/INDEPENDENT_QA.json,cbb4bc18b2ffda1cf7342b96a53e2463326a04b773666ba94d457fa4583fdf07,931,2026-07-31T01:16:55+09:00,file-backed evidence; inspect source before upgrading claim
STRICT-STEP-021,work_evidence,experiments/lab_001_xy_connection_20260626/results/STRICT-STEP-021/STRICT-STEP-021-20260730-002/MERGE_PACKET.md,file:///C:/Users/chuck/Documents/Codex/2026-06-22/a2f23dee1d9a824b840a0175ca9a1f4b-https-app-notion-com-p/experiments/lab_001_xy_connection_20260626/results/STRICT-STEP-021/STRICT-STEP-021-20260730-002/MERGE_PACKET.md,8582fca29c5afbd851268c809122370104565ae91cf224c4036257bbde4e7b1f,858,2026-07-31T01:17:38+09:00,file-backed evidence; inspect source before upgrading claim
STRICT-STEP-021,work_evidence,experiments/lab_001_xy_connection_20260626/results/STRICT-STEP-021/STRICT-STEP-021-20260730-002/REPORT.md,file:///C:/Users/chuck/Documents/Codex/2026-06-22/a2f23dee1d9a824b840a0175ca9a1f4b-https-app-notion-com-p/experiments/lab_001_xy_connection_20260626/results/STRICT-STEP-021/STRICT-STEP-021-20260730-002/REPORT.md,6d90c81877e4571ce9831b8b754b68e00f997f21e765bb6721b3dd90adc684ef,1488,2026-07-31T01:17:38+09:00,file-backed evidence; inspect source before upgrading claim
STRICT-STEP-021,work_evidence,experiments/lab_001_xy_connection_20260626/results/STRICT-STEP-021/STRICT-STEP-021-20260730-002/RUN_STATE.json,file:///C:/Users/chuck/Documents/Codex/2026-06-22/a2f23dee1d9a824b840a0175ca9a1f4b-https-app-notion-com-p/experiments/lab_001_xy_connection_20260626/results/STRICT-STEP-021/STRICT-STEP-021-20260730-002/RUN_STATE.json,b195b0996c75d12cae694ee0b0c55712c01fcce0388df35c49e1bc822eb31470,369,2026-07-31T01:10:28+09:00,file-backed evidence; inspect source before upgrading claim
STRICT-STEP-021,work_evidence,experiments/lab_001_xy_connection_20260626/results/STRICT-STEP-021/quarantine/STRICT-STEP-021-20260730-001_concurrent_worker_overlap/RUN_STATE.json,file:///C:/Users/chuck/Documents/Codex/2026-06-22/a2f23dee1d9a824b840a0175ca9a1f4b-https-app-notion-com-p/experiments/lab_001_xy_connection_20260626/results/STRICT-STEP-021/quarantine/STRICT-STEP-021-20260730-001_concurrent_worker_overlap/RUN_STATE.json,af2eda2eccaefa8e9d2334b2ac13355bb6f1a17ce936410d6b8015ef7982a6e0,369,2026-07-30T20:34:19+09:00,file-backed evidence; inspect source before upgrading claim
STRICT-STEP-022,work_evidence,experiments/lab_001_xy_connection_20260626/results/STRICT-STEP-022/STRICT-STEP-022-20260731-001/INDEPENDENT_QA.json,file:///C:/Users/chuck/Documents/Codex/2026-06-22/a2f23dee1d9a824b840a0175ca9a1f4b-https-app-notion-com-p/experiments/lab_001_xy_connection_20260626/results/STRICT-STEP-022/STRICT-STEP-022-20260731-001/INDEPENDENT_QA.json,9df3853622dc0a7f650ff32fc34c768784daba3bbf87aa9e3fa106b2e8a1ce3f,664,2026-07-31T01:22:06+09:00,file-backed evidence; inspect source before upgrading claim
STRICT-STEP-022,work_evidence,experiments/lab_001_xy_connection_20260626/results/STRICT-STEP-022/STRICT-STEP-022-20260731-001/RUN_STATE.json,file:///C:/Users/chuck/Documents/Codex/2026-06-22/a2f23dee1d9a824b840a0175ca9a1f4b-https-app-notion-com-p/experiments/lab_001_xy_connection_20260626/results/STRICT-STEP-022/STRICT-STEP-022-20260731-001/RUN_STATE.json,c64fd530cd55f9a9573013517fbe68f435221c67c76e694426861cd62469325b,217,2026-07-31T01:22:06+09:00,file-backed evidence; inspect source before upgrading claim
STRICT-STEP-022,work_evidence,experiments/lab_001_xy_connection_20260626/results/STRICT-STEP-022/STRICT-STEP-022-20260731-002/INDEPENDENT_QA.json,file:///C:/Users/chuck/Documents/Codex/2026-06-22/a2f23dee1d9a824b840a0175ca9a1f4b-https-app-notion-com-p/experiments/lab_001_xy_connection_20260626/results/STRICT-STEP-022/STRICT-STEP-022-20260731-002/INDEPENDENT_QA.json,ef33167723ddc2e450dc2375e69e912b41f12720cba8f73628024788bfd53d43,722,2026-07-31T01:23:25+09:00,file-backed evidence; inspect source before upgrading claim
STRICT-STEP-022,work_evidence,experiments/lab_001_xy_connection_20260626/results/STRICT-STEP-022/STRICT-STEP-022-20260731-002/MERGE_PACKET.md,file:///C:/Users/chuck/Documents/Codex/2026-06-22/a2f23dee1d9a824b840a0175ca9a1f4b-https-app-notion-com-p/experiments/lab_001_xy_connection_20260626/results/STRICT-STEP-022/STRICT-STEP-022-20260731-002/MERGE_PACKET.md,f3c2286130252745d3db42125a9832a8d98180ac3bb44f298448c8fa426c0835,1079,2026-07-31T01:25:10+09:00,file-backed evidence; inspect source before upgrading claim
STRICT-STEP-022,work_evidence,experiments/lab_001_xy_connection_20260626/results/STRICT-STEP-022/STRICT-STEP-022-20260731-002/REPORT.md,file:///C:/Users/chuck/Documents/Codex/2026-06-22/a2f23dee1d9a824b840a0175ca9a1f4b-https-app-notion-com-p/experiments/lab_001_xy_connection_20260626/results/STRICT-STEP-022/STRICT-STEP-022-20260731-002/REPORT.md,462ed45ee3c3e4cd6c92eb7ae18a476ae7469364f40b4483cf6a6da70e32705f,3720,2026-07-31T01:25:10+09:00,file-backed evidence; inspect source before upgrading claim
STRICT-STEP-022,work_evidence,experiments/lab_001_xy_connection_20260626/results/STRICT-STEP-022/STRICT-STEP-022-20260731-002/RUN_STATE.json,file:///C:/Users/chuck/Documents/Codex/2026-06-22/a2f23dee1d9a824b840a0175ca9a1f4b-https-app-notion-com-p/experiments/lab_001_xy_connection_20260626/results/STRICT-STEP-022/STRICT-STEP-022-20260731-002/RUN_STATE.json,b49ef8fb497d1030aef71e760d933cb5a777fd19dd37b0a05303ef20b8ded369,217,2026-07-31T01:23:08+09:00,file-backed evidence; inspect source before upgrading claim
STRICT-STEP-022,work_evidence,experiments/lab_001_xy_connection_20260626/results/STRICT-STEP-022/STRICT-STEP-022-20260731-003/INDEPENDENT_QA.json,file:///C:/Users/chuck/Documents/Codex/2026-06-22/a2f23dee1d9a824b840a0175ca9a1f4b-https-app-notion-com-p/experiments/lab_001_xy_connection_20260626/results/STRICT-STEP-022/STRICT-STEP-022-20260731-003/INDEPENDENT_QA.json,70e75cbf7b98f6c0fa6217614aaaa95427a0f603451cbdcbaa7663c553f17dfa,778,2026-07-31T09:24:45+09:00,file-backed evidence; inspect source before upgrading claim
STRICT-STEP-022,work_evidence,experiments/lab_001_xy_connection_20260626/results/STRICT-STEP-022/STRICT-STEP-022-20260731-003/MERGE_PACKET.md,file:///C:/Users/chuck/Documents/Codex/2026-06-22/a2f23dee1d9a824b840a0175ca9a1f4b-https-app-notion-com-p/experiments/lab_001_xy_connection_20260626/results/STRICT-STEP-022/STRICT-STEP-022-20260731-003/MERGE_PACKET.md,1c811c9ebb7bcaecd62d6c4f3d164b685c755b313dec70b3db98a1c42b920bf4,504,2026-07-31T09:27:03+09:00,file-backed evidence; inspect source before upgrading claim
STRICT-STEP-022,work_evidence,experiments/lab_001_xy_connection_20260626/results/STRICT-STEP-022/STRICT-STEP-022-20260731-003/REPORT.md,file:///C:/Users/chuck/Documents/Codex/2026-06-22/a2f23dee1d9a824b840a0175ca9a1f4b-https-app-notion-com-p/experiments/lab_001_xy_connection_20260626/results/STRICT-STEP-022/STRICT-STEP-022-20260731-003/REPORT.md,3a172fb5e2f64d5d1fe6878fe2bd35fe62a2125bf7b7ee9c73fa2ef09b48834a,1217,2026-07-31T09:27:03+09:00,file-backed evidence; inspect source before upgrading claim
STRICT-STEP-022,work_evidence,experiments/lab_001_xy_connection_20260626/results/STRICT-STEP-022/STRICT-STEP-022-20260731-003/RUN_STATE.json,file:///C:/Users/chuck/Documents/Codex/2026-06-22/a2f23dee1d9a824b840a0175ca9a1f4b-https-app-notion-com-p/experiments/lab_001_xy_connection_20260626/results/STRICT-STEP-022/STRICT-STEP-022-20260731-003/RUN_STATE.json,813be41d06f0657efea24c2ddf2e0da032ebe26dc5667b918f8d367e1ecd1062,217,2026-07-31T09:24:44+09:00,file-backed evidence; inspect source before upgrading claim
STRICT-STEP-023,work_evidence,experiments/lab_001_xy_connection_20260626/results/STRICT-STEP-023/STRICT-STEP-023-20260731-003/RUN_STATE.json,file:///C:/Users/chuck/Documents/Codex/2026-06-22/a2f23dee1d9a824b840a0175ca9a1f4b-https-app-notion-com-p/experiments/lab_001_xy_connection_20260626/results/STRICT-STEP-023/STRICT-STEP-023-20260731-003/RUN_STATE.json,2aa7631a10dbd02e00a5fe15053e560f0f6c343d1a0d75fc78630a8e937184dc,303,2026-07-31T06:25:38+09:00,file-backed evidence; inspect source before upgrading claim
STRICT-STEP-023A,work_evidence,experiments/lab_001_xy_connection_20260626/results/STRICT-STEP-023A/STRICT-STEP-023A-20260731-001/INDEPENDENT_QA.json,file:///C:/Users/chuck/Documents/Codex/2026-06-22/a2f23dee1d9a824b840a0175ca9a1f4b-https-app-notion-com-p/experiments/lab_001_xy_connection_20260626/results/STRICT-STEP-023A/STRICT-STEP-023A-20260731-001/INDEPENDENT_QA.json,44e8de7449571cda4515f8b697a04d757254f1c6f34cb1d01869f3be61143469,350,2026-07-31T09:25:44+09:00,file-backed evidence; inspect source before upgrading claim
STRICT-STEP-023A,work_evidence,experiments/lab_001_xy_connection_20260626/results/STRICT-STEP-023A/STRICT-STEP-023A-20260731-001/MERGE_PACKET.md,file:///C:/Users/chuck/Documents/Codex/2026-06-22/a2f23dee1d9a824b840a0175ca9a1f4b-https-app-notion-com-p/experiments/lab_001_xy_connection_20260626/results/STRICT-STEP-023A/STRICT-STEP-023A-20260731-001/MERGE_PACKET.md,765a133fe2e780eed2494cebe24ea62e8dfb0c5bdf547620f3736282173f668a,900,2026-07-31T09:27:03+09:00,file-backed evidence; inspect source before upgrading claim
STRICT-STEP-023A,work_evidence,experiments/lab_001_xy_connection_20260626/results/STRICT-STEP-023A/STRICT-STEP-023A-20260731-001/REPORT.md,file:///C:/Users/chuck/Documents/Codex/2026-06-22/a2f23dee1d9a824b840a0175ca9a1f4b-https-app-notion-com-p/experiments/lab_001_xy_connection_20260626/results/STRICT-STEP-023A/STRICT-STEP-023A-20260731-001/REPORT.md,54bf53506251ef1dd0681e0f8d36e61bb465dc20c23b44c81c6621ee44715db0,2145,2026-07-31T09:27:03+09:00,file-backed evidence; inspect source before upgrading claim
STRICT-STEP-024,work_evidence,experiments/lab_001_xy_connection_20260626/results/STRICT-STEP-024/STRICT-STEP-024-20260731-003/INDEPENDENT_QA.json,file:///C:/Users/chuck/Documents/Codex/2026-06-22/a2f23dee1d9a824b840a0175ca9a1f4b-https-app-notion-com-p/experiments/lab_001_xy_connection_20260626/results/STRICT-STEP-024/STRICT-STEP-024-20260731-003/INDEPENDENT_QA.json,0303cf985d8f97e540de5250e99adbb252d7b53ca09ec86bc72fe3da9e96335d,388,2026-07-31T09:31:56+09:00,file-backed evidence; inspect source before upgrading claim
STRICT-STEP-024,work_evidence,experiments/lab_001_xy_connection_20260626/results/STRICT-STEP-024/STRICT-STEP-024-20260731-003/MERGE_PACKET.md,file:///C:/Users/chuck/Documents/Codex/2026-06-22/a2f23dee1d9a824b840a0175ca9a1f4b-https-app-notion-com-p/experiments/lab_001_xy_connection_20260626/results/STRICT-STEP-024/STRICT-STEP-024-20260731-003/MERGE_PACKET.md,a575cf43ad4e2324330087aff406dcee5eedb94d8b8f4c80110f8bbb54648433,668,2026-07-31T09:31:48+09:00,file-backed evidence; inspect source before upgrading claim
STRICT-STEP-024,work_evidence,experiments/lab_001_xy_connection_20260626/results/STRICT-STEP-024/STRICT-STEP-024-20260731-003/REPORT.md,file:///C:/Users/chuck/Documents/Codex/2026-06-22/a2f23dee1d9a824b840a0175ca9a1f4b-https-app-notion-com-p/experiments/lab_001_xy_connection_20260626/results/STRICT-STEP-024/STRICT-STEP-024-20260731-003/REPORT.md,7ff92888e70f2a03b046025a58b27be3c519f73fcb6074a56c4eb6730f82d123,1797,2026-07-31T09:33:00+09:00,file-backed evidence; inspect source before upgrading claim
STRICT-STEP-025,work_evidence,experiments/lab_001_xy_connection_20260626/results/STRICT-STEP-025/STRICT-STEP-025-20260731-001/REPORT.md,file:///C:/Users/chuck/Documents/Codex/2026-06-22/a2f23dee1d9a824b840a0175ca9a1f4b-https-app-notion-com-p/experiments/lab_001_xy_connection_20260626/results/STRICT-STEP-025/STRICT-STEP-025-20260731-001/REPORT.md,d0ce3f3783be0d41d19fc5ec9a72f04f537a62e5d37e96b53ce8b2cff9fd2ff6,1026,2026-07-31T09:35:07+09:00,file-backed evidence; inspect source before upgrading claim
STRICT-STEP-026,work_evidence,experiments/lab_001_xy_connection_20260626/results/STRICT-STEP-026/STRICT-STEP-026-20260731-001/RUN_STATE.json,file:///C:/Users/chuck/Documents/Codex/2026-06-22/a2f23dee1d9a824b840a0175ca9a1f4b-https-app-notion-com-p/experiments/lab_001_xy_connection_20260626/results/STRICT-STEP-026/STRICT-STEP-026-20260731-001/RUN_STATE.json,4cf6ffa3a2c65543748cd4436b47c7fd8dcacd1ef84ead44d1a0c8fa9ba17075,161,2026-07-31T10:49:46+09:00,file-backed evidence; inspect source before upgrading claim
TOUR-HQ-FINAL-HANDOFF_20260718,work_evidence,experiments/lab_001_xy_connection_20260626/results/TOUR-HQ-FINAL-HANDOFF_20260718/MERGE_PACKET.md,file:///C:/Users/chuck/Documents/Codex/2026-06-22/a2f23dee1d9a824b840a0175ca9a1f4b-https-app-notion-com-p/experiments/lab_001_xy_connection_20260626/results/TOUR-HQ-FINAL-HANDOFF_20260718/MERGE_PACKET.md,b75b61c415ef3b00cdd7e691c3c49680a494e4e56dfc4c31b023d12e086eae34,1611,2026-07-18T22:05:22+09:00,file-backed evidence; inspect source before upgrading claim
URP4-1_HQ_SUBMISSION_AUDIT_20260728,work_evidence,experiments/lab_001_xy_connection_20260626/results/URP4-1_HQ_SUBMISSION_AUDIT_20260728/MERGE_PACKET.md,file:///C:/Users/chuck/Documents/Codex/2026-06-22/a2f23dee1d9a824b840a0175ca9a1f4b-https-app-notion-com-p/experiments/lab_001_xy_connection_20260626/results/URP4-1_HQ_SUBMISSION_AUDIT_20260728/MERGE_PACKET.md,7db2c7e3fb4743cf50fb1a40671e91845d3550c0c6f2b02353eaa63e5515d232,14770,2026-07-28T15:32:29+09:00,file-backed evidence; inspect source before upgrading claim
STRICT-STEP-026,v1.1 authoritative evidence,experiments/lab_001_xy_connection_20260626/results/STRICT-STEP-026/STRICT-STEP-026-20260731-001/CONTRACT_MANIFEST.json,file:///C:/Users/chuck/Documents/Codex/2026-06-22/a2f23dee1d9a824b840a0175ca9a1f4b-https-app-notion-com-p/experiments/lab_001_xy_connection_20260626/results/STRICT-STEP-026/STRICT-STEP-026-20260731-001/CONTRACT_MANIFEST.json,7aaf2e86b8982c0f1d9c843e419ef4a74a2ccf97457b950103787ab7e3c2bc70,743,2026-07-31T09:37:51+09:00,Use only within the REPORT/QA scope; no broader scientific inference.
STRICT-STEP-026,v1.1 authoritative evidence,experiments/lab_001_xy_connection_20260626/results/STRICT-STEP-026/STRICT-STEP-026-20260731-001/direct_legacy_scalar_table.csv,file:///C:/Users/chuck/Documents/Codex/2026-06-22/a2f23dee1d9a824b840a0175ca9a1f4b-https-app-notion-com-p/experiments/lab_001_xy_connection_20260626/results/STRICT-STEP-026/STRICT-STEP-026-20260731-001/direct_legacy_scalar_table.csv,21adcebd3f2737b8523e380a9b1d06010a5aeec146f38888903eb2b9ea711372,2834,2026-08-01T07:39:58+09:00,Use only within the REPORT/QA scope; no broader scientific inference.
STRICT-STEP-026,v1.1 authoritative evidence,experiments/lab_001_xy_connection_20260626/results/STRICT-STEP-026/STRICT-STEP-026-20260731-001/INDEPENDENT_QA.json,file:///C:/Users/chuck/Documents/Codex/2026-06-22/a2f23dee1d9a824b840a0175ca9a1f4b-https-app-notion-com-p/experiments/lab_001_xy_connection_20260626/results/STRICT-STEP-026/STRICT-STEP-026-20260731-001/INDEPENDENT_QA.json,88efe036266847bfb29a74f967318ec8634a1ce07b0ebf9bb9ed1cfcd57d2c96,1161,2026-08-01T11:13:17+09:00,Use only within the REPORT/QA scope; no broader scientific inference.
STRICT-STEP-026,v1.1 authoritative evidence,experiments/lab_001_xy_connection_20260626/results/STRICT-STEP-026/STRICT-STEP-026-20260731-001/overlay_png_manifest.csv,file:///C:/Users/chuck/Documents/Codex/2026-06-22/a2f23dee1d9a824b840a0175ca9a1f4b-https-app-notion-com-p/experiments/lab_001_xy_connection_20260626/results/STRICT-STEP-026/STRICT-STEP-026-20260731-001/overlay_png_manifest.csv,57a6929d36929905fe1ee5f10d49f4dba9520f272d75df85882690cde3a0971b,68763,2026-08-01T07:31:17+09:00,Use only within the REPORT/QA scope; no broader scientific inference.
STRICT-STEP-026,v1.1 authoritative evidence,experiments/lab_001_xy_connection_20260626/results/STRICT-STEP-026/STRICT-STEP-026-20260731-001/slice_png_manifest.csv,file:///C:/Users/chuck/Documents/Codex/2026-06-22/a2f23dee1d9a824b840a0175ca9a1f4b-https-app-notion-com-p/experiments/lab_001_xy_connection_20260626/results/STRICT-STEP-026/STRICT-STEP-026-20260731-001/slice_png_manifest.csv,84a520421eb9a276af46752423754bf5d8d9428691f6cb79769d8a1c8d752882,76575,2026-08-01T07:31:17+09:00,Use only within the REPORT/QA scope; no broader scientific inference.
STRICT-STEP-026,v1.1 authoritative evidence,experiments/lab_001_xy_connection_20260626/results/POSTRUN-GATE-001/POSTRUN-GATE-001-20260801-001/C1_INDEPENDENT_QA_RESULT.json,file:///C:/Users/chuck/Documents/Codex/2026-06-22/a2f23dee1d9a824b840a0175ca9a1f4b-https-app-notion-com-p/experiments/lab_001_xy_connection_20260626/results/POSTRUN-GATE-001/POSTRUN-GATE-001-20260801-001/C1_INDEPENDENT_QA_RESULT.json,88efe036266847bfb29a74f967318ec8634a1ce07b0ebf9bb9ed1cfcd57d2c96,1161,2026-08-01T11:13:17+09:00,Use only within the REPORT/QA scope; no broader scientific inference.
STRICT-STEP-026,v1.1 authoritative evidence,experiments/lab_001_xy_connection_20260626/results/POSTRUN-GATE-001/POSTRUN-GATE-001-20260801-001/CLAIM_AND_STATUS_LEDGER.csv,file:///C:/Users/chuck/Documents/Codex/2026-06-22/a2f23dee1d9a824b840a0175ca9a1f4b-https-app-notion-com-p/experiments/lab_001_xy_connection_20260626/results/POSTRUN-GATE-001/POSTRUN-GATE-001-20260801-001/CLAIM_AND_STATUS_LEDGER.csv,8dd47988b02151b309196973c3e4d5f8dd26d93924971a9b84d8ffd322f483b8,3057,2026-08-01T11:17:02+09:00,Use only within the REPORT/QA scope; no broader scientific inference.
STRICT-STEP-026,v1.1 authoritative evidence,experiments/lab_001_xy_connection_20260626/results/POSTRUN-GATE-001/POSTRUN-GATE-001-20260801-001/MERGE_PACKET.md,file:///C:/Users/chuck/Documents/Codex/2026-06-22/a2f23dee1d9a824b840a0175ca9a1f4b-https-app-notion-com-p/experiments/lab_001_xy_connection_20260626/results/POSTRUN-GATE-001/POSTRUN-GATE-001-20260801-001/MERGE_PACKET.md,5f1df313ccebd29c9216f8fd00d630fe8418cb6ce760ee3a01774c1658288cf5,2071,2026-08-01T11:17:02+09:00,Use only within the REPORT/QA scope; no broader scientific inference.
STRICT-STEP-026,v1.1 authoritative evidence,experiments/lab_001_xy_connection_20260626/results/POSTRUN-GATE-001/POSTRUN-GATE-001-20260801-001/REPORT.md,file:///C:/Users/chuck/Documents/Codex/2026-06-22/a2f23dee1d9a824b840a0175ca9a1f4b-https-app-notion-com-p/experiments/lab_001_xy_connection_20260626/results/POSTRUN-GATE-001/POSTRUN-GATE-001-20260801-001/REPORT.md,8628e65c8d688bc52ac8f7fabc7396e756c5a5d4dbb1f38ae4982aa2f71af334,4145,2026-08-01T11:17:02+09:00,Use only within the REPORT/QA scope; no broader scientific inference.
STRICT-STEP-026,v1.1 authoritative evidence,experiments/lab_001_xy_connection_20260626/results/POSTRUN-GATE-001/POSTRUN-GATE-001-20260801-001/TRAIN_REPLAY_LIFECYCLE_AWARE_QA_V2.json,file:///C:/Users/chuck/Documents/Codex/2026-06-22/a2f23dee1d9a824b840a0175ca9a1f4b-https-app-notion-com-p/experiments/lab_001_xy_connection_20260626/results/POSTRUN-GATE-001/POSTRUN-GATE-001-20260801-001/TRAIN_REPLAY_LIFECYCLE_AWARE_QA_V2.json,407e82ba6bc8bd7b8eaa29c904128ee02cf5172ff07744ec008623db3a7d8d5e,2250,2026-08-01T11:17:02+09:00,Use only within the REPORT/QA scope; no broader scientific inference.
STRICT-STEP-026,v1.1 authoritative evidence,experiments/lab_001_xy_connection_20260626/results/POSTRUN-GATE-001/POSTRUN-GATE-001-20260801-001/TRAIN_REPLAY_QA_FAILURE_DISPOSITION.csv,file:///C:/Users/chuck/Documents/Codex/2026-06-22/a2f23dee1d9a824b840a0175ca9a1f4b-https-app-notion-com-p/experiments/lab_001_xy_connection_20260626/results/POSTRUN-GATE-001/POSTRUN-GATE-001-20260801-001/TRAIN_REPLAY_QA_FAILURE_DISPOSITION.csv,f4fa888da3f5c75959adbd302cee110f5d990102999eb34d33e528d642fbc79d,3752,2026-08-01T11:17:02+09:00,Use only within the REPORT/QA scope; no broader scientific inference.
TRAIN-AUDIT-001,v1.1 authoritative evidence,experiments/lab_001_xy_connection_20260626/results/TRAIN-AUDIT-001/TRAIN-AUDIT-001-20260731-001/MERGE_PACKET.md,file:///C:/Users/chuck/Documents/Codex/2026-06-22/a2f23dee1d9a824b840a0175ca9a1f4b-https-app-notion-com-p/experiments/lab_001_xy_connection_20260626/results/TRAIN-AUDIT-001/TRAIN-AUDIT-001-20260731-001/MERGE_PACKET.md,7d9370cf9ec00230449529c613ed5b8dc994c5c23616d9134136d7acf9a5ba02,1848,2026-07-31T15:38:22+09:00,Use only within the REPORT/QA scope; no broader scientific inference.
TRAIN-AUDIT-001,v1.1 authoritative evidence,experiments/lab_001_xy_connection_20260626/results/TRAIN-AUDIT-001/TRAIN-AUDIT-001-20260731-001/REPORT.md,file:///C:/Users/chuck/Documents/Codex/2026-06-22/a2f23dee1d9a824b840a0175ca9a1f4b-https-app-notion-com-p/experiments/lab_001_xy_connection_20260626/results/TRAIN-AUDIT-001/TRAIN-AUDIT-001-20260731-001/REPORT.md,f8a025a2ff3eef24eeda18a72180f0c0cc71893e82bfeb3acada44f15454ee08,8549,2026-07-31T15:38:22+09:00,Use only within the REPORT/QA scope; no broader scientific inference.
TRAIN-REPLAY-001,v1.1 authoritative evidence,experiments/lab_001_xy_connection_20260626/results/TRAIN-REPLAY-001/TRAIN-REPLAY-001-20260731-001/a1/out/01_RawData/group_size_summary.csv,file:///C:/Users/chuck/Documents/Codex/2026-06-22/a2f23dee1d9a824b840a0175ca9a1f4b-https-app-notion-com-p/experiments/lab_001_xy_connection_20260626/results/TRAIN-REPLAY-001/TRAIN-REPLAY-001-20260731-001/a1/out/01_RawData/group_size_summary.csv,0f74f0bac1ace4557036fb8cb6d75473721914b09bf093b5bc67cdf5b871a586,845,2026-07-31T15:59:14+09:00,Use only within the REPORT/QA scope; no broader scientific inference.
TRAIN-REPLAY-001,v1.1 authoritative evidence,experiments/lab_001_xy_connection_20260626/results/TRAIN-REPLAY-001/TRAIN-REPLAY-001-20260731-001/a1/out/01_RawData/group_size_summary.xlsx,file:///C:/Users/chuck/Documents/Codex/2026-06-22/a2f23dee1d9a824b840a0175ca9a1f4b-https-app-notion-com-p/experiments/lab_001_xy_connection_20260626/results/TRAIN-REPLAY-001/TRAIN-REPLAY-001-20260731-001/a1/out/01_RawData/group_size_summary.xlsx,7394331c701a2d0624ade6bbfa3d4e96c6484d770a22f19702d5caa48bd62e74,6893,2026-07-31T15:59:14+09:00,Use only within the REPORT/QA scope; no broader scientific inference.
TRAIN-REPLAY-001,v1.1 authoritative evidence,experiments/lab_001_xy_connection_20260626/results/TRAIN-REPLAY-001/TRAIN-REPLAY-001-20260731-001/a1/state.json,file:///C:/Users/chuck/Documents/Codex/2026-06-22/a2f23dee1d9a824b840a0175ca9a1f4b-https-app-notion-com-p/experiments/lab_001_xy_connection_20260626/results/TRAIN-REPLAY-001/TRAIN-REPLAY-001-20260731-001/a1/state.json,f95da84b5a04099e6d1afa9c2b46e7e1eabba5147319c1958801552f904aeb97,29571,2026-07-31T15:59:16+09:00,Use only within the REPORT/QA scope; no broader scientific inference.
TRAIN-REPLAY-001,v1.1 authoritative evidence,experiments/lab_001_xy_connection_20260626/results/TRAIN-REPLAY-001/TRAIN-REPLAY-001-20260731-001/actual_input_manifest.csv,file:///C:/Users/chuck/Documents/Codex/2026-06-22/a2f23dee1d9a824b840a0175ca9a1f4b-https-app-notion-com-p/experiments/lab_001_xy_connection_20260626/results/TRAIN-REPLAY-001/TRAIN-REPLAY-001-20260731-001/actual_input_manifest.csv,fec58312657677620ec9ab175b67295c789a221b4451fb261c187f3a642cb048,824,2026-08-01T08:32:19+09:00,Use only within the REPORT/QA scope; no broader scientific inference.
TRAIN-REPLAY-001,v1.1 authoritative evidence,experiments/lab_001_xy_connection_20260626/results/TRAIN-REPLAY-001/TRAIN-REPLAY-001-20260731-001/build_report_packet.py,file:///C:/Users/chuck/Documents/Codex/2026-06-22/a2f23dee1d9a824b840a0175ca9a1f4b-https-app-notion-com-p/experiments/lab_001_xy_connection_20260626/results/TRAIN-REPLAY-001/TRAIN-REPLAY-001-20260731-001/build_report_packet.py,2020d5bef1e4d6d0ffa90fcd3319a5ac485972a605e0fdf45b1fa79146d5ac8a,8956,2026-07-31T16:27:33+09:00,Use only within the REPORT/QA scope; no broader scientific inference.
TRAIN-REPLAY-001,v1.1 authoritative evidence,experiments/lab_001_xy_connection_20260626/results/TRAIN-REPLAY-001/TRAIN-REPLAY-001-20260731-001/extracted_training_contract.json,file:///C:/Users/chuck/Documents/Codex/2026-06-22/a2f23dee1d9a824b840a0175ca9a1f4b-https-app-notion-com-p/experiments/lab_001_xy_connection_20260626/results/TRAIN-REPLAY-001/TRAIN-REPLAY-001-20260731-001/extracted_training_contract.json,de08060a1c852f47f5e7f18589b7c235f2dabb8b87ef60a85550f128460ab73d,6542,2026-08-01T08:32:19+09:00,Use only within the REPORT/QA scope; no broader scientific inference.
TRAIN-REPLAY-001,v1.1 authoritative evidence,experiments/lab_001_xy_connection_20260626/results/TRAIN-REPLAY-001/TRAIN-REPLAY-001-20260731-001/generated_output_manifest.csv,file:///C:/Users/chuck/Documents/Codex/2026-06-22/a2f23dee1d9a824b840a0175ca9a1f4b-https-app-notion-com-p/experiments/lab_001_xy_connection_20260626/results/TRAIN-REPLAY-001/TRAIN-REPLAY-001-20260731-001/generated_output_manifest.csv,9f1c035950293cc5747fff5079c00678189d73d848dd0597cd0172d141f3bbff,122688,2026-08-01T08:32:22+09:00,Use only within the REPORT/QA scope; no broader scientific inference.
TRAIN-REPLAY-001,v1.1 authoritative evidence,experiments/lab_001_xy_connection_20260626/results/TRAIN-REPLAY-001/TRAIN-REPLAY-001-20260731-001/generated_outputs/01_RawData/group_size_summary.csv,file:///C:/Users/chuck/Documents/Codex/2026-06-22/a2f23dee1d9a824b840a0175ca9a1f4b-https-app-notion-com-p/experiments/lab_001_xy_connection_20260626/results/TRAIN-REPLAY-001/TRAIN-REPLAY-001-20260731-001/generated_outputs/01_RawData/group_size_summary.csv,0f74f0bac1ace4557036fb8cb6d75473721914b09bf093b5bc67cdf5b871a586,845,2026-07-31T16:01:07+09:00,Use only within the REPORT/QA scope; no broader scientific inference.
TRAIN-REPLAY-001,v1.1 authoritative evidence,experiments/lab_001_xy_connection_20260626/results/TRAIN-REPLAY-001/TRAIN-REPLAY-001-20260731-001/generated_outputs/01_RawData/group_size_summary.xlsx,file:///C:/Users/chuck/Documents/Codex/2026-06-22/a2f23dee1d9a824b840a0175ca9a1f4b-https-app-notion-com-p/experiments/lab_001_xy_connection_20260626/results/TRAIN-REPLAY-001/TRAIN-REPLAY-001-20260731-001/generated_outputs/01_RawData/group_size_summary.xlsx,4f2c9c5ee8fb5973d43722d82110ac5e9a074700ba8f4aa4dc54c8e3f234a128,6892,2026-07-31T16:01:07+09:00,Use only within the REPORT/QA scope; no broader scientific inference.
TRAIN-REPLAY-001,v1.1 authoritative evidence,experiments/lab_001_xy_connection_20260626/results/TRAIN-REPLAY-001/TRAIN-REPLAY-001-20260731-001/generated_outputs/02_ModelComparison/final_refit_summary.csv,file:///C:/Users/chuck/Documents/Codex/2026-06-22/a2f23dee1d9a824b840a0175ca9a1f4b-https-app-notion-com-p/experiments/lab_001_xy_connection_20260626/results/TRAIN-REPLAY-001/TRAIN-REPLAY-001-20260731-001/generated_outputs/02_ModelComparison/final_refit_summary.csv,b45e23db4efc087d5567a2321f0920d00952d320e3e8f65a4aa5692d8013afc1,2178,2026-08-01T08:31:46+09:00,Use only within the REPORT/QA scope; no broader scientific inference.
TRAIN-REPLAY-001,v1.1 authoritative evidence,experiments/lab_001_xy_connection_20260626/results/TRAIN-REPLAY-001/TRAIN-REPLAY-001-20260731-001/generated_outputs/02_ModelComparison/final_refit_summary.xlsx,file:///C:/Users/chuck/Documents/Codex/2026-06-22/a2f23dee1d9a824b840a0175ca9a1f4b-https-app-notion-com-p/experiments/lab_001_xy_connection_20260626/results/TRAIN-REPLAY-001/TRAIN-REPLAY-001-20260731-001/generated_outputs/02_ModelComparison/final_refit_summary.xlsx,674dd3cd09d1dba4174b095924aad5ff5550d11a47712542e8d249531cedce5d,6969,2026-08-01T08:31:46+09:00,Use only within the REPORT/QA scope; no broader scientific inference.
TRAIN-REPLAY-001,v1.1 authoritative evidence,experiments/lab_001_xy_connection_20260626/results/TRAIN-REPLAY-001/TRAIN-REPLAY-001-20260731-001/generated_outputs/02_ModelComparison/final_summary_merged.csv,file:///C:/Users/chuck/Documents/Codex/2026-06-22/a2f23dee1d9a824b840a0175ca9a1f4b-https-app-notion-com-p/experiments/lab_001_xy_connection_20260626/results/TRAIN-REPLAY-001/TRAIN-REPLAY-001-20260731-001/generated_outputs/02_ModelComparison/final_summary_merged.csv,3355df1342c08e967e406005e4057de97b59d488801d47ed7aede731021fea28,5246,2026-08-01T08:31:46+09:00,Use only within the REPORT/QA scope; no broader scientific inference.
TRAIN-REPLAY-001,v1.1 authoritative evidence,experiments/lab_001_xy_connection_20260626/results/TRAIN-REPLAY-001/TRAIN-REPLAY-001-20260731-001/generated_outputs/02_ModelComparison/final_summary_merged.xlsx,file:///C:/Users/chuck/Documents/Codex/2026-06-22/a2f23dee1d9a824b840a0175ca9a1f4b-https-app-notion-com-p/experiments/lab_001_xy_connection_20260626/results/TRAIN-REPLAY-001/TRAIN-REPLAY-001-20260731-001/generated_outputs/02_ModelComparison/final_summary_merged.xlsx,7b78e7aa936f1e3fc396bb94c3926d0588c5b837d3b2ec814904774585290f72,8498,2026-08-01T08:31:46+09:00,Use only within the REPORT/QA scope; no broader scientific inference.
TRAIN-REPLAY-001,v1.1 authoritative evidence,experiments/lab_001_xy_connection_20260626/results/TRAIN-REPLAY-001/TRAIN-REPLAY-001-20260731-001/independent_qa.json,file:///C:/Users/chuck/Documents/Codex/2026-06-22/a2f23dee1d9a824b840a0175ca9a1f4b-https-app-notion-com-p/experiments/lab_001_xy_connection_20260626/results/TRAIN-REPLAY-001/TRAIN-REPLAY-001-20260731-001/independent_qa.json,47ac16494dc5dc77774774e4dade5c22c399c6223c8f762ef0a43b850e206be9,3534,2026-08-01T08:32:23+09:00,Use only within the REPORT/QA scope; no broader scientific inference.
TRAIN-REPLAY-001,v1.1 authoritative evidence,experiments/lab_001_xy_connection_20260626/results/TRAIN-REPLAY-001/TRAIN-REPLAY-001-20260731-001/independent_qa.py,file:///C:/Users/chuck/Documents/Codex/2026-06-22/a2f23dee1d9a824b840a0175ca9a1f4b-https-app-notion-com-p/experiments/lab_001_xy_connection_20260626/results/TRAIN-REPLAY-001/TRAIN-REPLAY-001-20260731-001/independent_qa.py,5f40bc707224710edccc21c769d94dd557d9d9f544a798157b1fe96faf36ac00,8967,2026-07-31T16:11:08+09:00,Use only within the REPORT/QA scope; no broader scientific inference.
TRAIN-REPLAY-001,v1.1 authoritative evidence,experiments/lab_001_xy_connection_20260626/results/TRAIN-REPLAY-001/TRAIN-REPLAY-001-20260731-001/independent_qa_checks.csv,file:///C:/Users/chuck/Documents/Codex/2026-06-22/a2f23dee1d9a824b840a0175ca9a1f4b-https-app-notion-com-p/experiments/lab_001_xy_connection_20260626/results/TRAIN-REPLAY-001/TRAIN-REPLAY-001-20260731-001/independent_qa_checks.csv,72f245cf8663cb55de87c3c46bc2d40b567a61d3d4229138e59e6943a8b04cc5,1423,2026-08-01T08:32:23+09:00,Use only within the REPORT/QA scope; no broader scientific inference.
TRAIN-REPLAY-001,v1.1 authoritative evidence,experiments/lab_001_xy_connection_20260626/results/TRAIN-REPLAY-001/TRAIN-REPLAY-001-20260731-001/MERGE_PACKET.md,file:///C:/Users/chuck/Documents/Codex/2026-06-22/a2f23dee1d9a824b840a0175ca9a1f4b-https-app-notion-com-p/experiments/lab_001_xy_connection_20260626/results/TRAIN-REPLAY-001/TRAIN-REPLAY-001-20260731-001/MERGE_PACKET.md,eae80a9fe30ad2d70fc7ebf80f400d150717f9a2d506d5f592eea3af196dfdd9,1872,2026-08-01T08:32:23+09:00,Use only within the REPORT/QA scope; no broader scientific inference.
TRAIN-REPLAY-001,v1.1 authoritative evidence,experiments/lab_001_xy_connection_20260626/results/TRAIN-REPLAY-001/TRAIN-REPLAY-001-20260731-001/post_replay_watcher_state.json,file:///C:/Users/chuck/Documents/Codex/2026-06-22/a2f23dee1d9a824b840a0175ca9a1f4b-https-app-notion-com-p/experiments/lab_001_xy_connection_20260626/results/TRAIN-REPLAY-001/TRAIN-REPLAY-001-20260731-001/post_replay_watcher_state.json,73bcdbabb66acadc3dd39c573b168cc457dacbb5322ddf226feaddb44f9cb9ac,786,2026-08-01T08:32:23+09:00,Use only within the REPORT/QA scope; no broader scientific inference.
TRAIN-REPLAY-001,v1.1 authoritative evidence,experiments/lab_001_xy_connection_20260626/results/TRAIN-REPLAY-001/TRAIN-REPLAY-001-20260731-001/replay_state.json,file:///C:/Users/chuck/Documents/Codex/2026-06-22/a2f23dee1d9a824b840a0175ca9a1f4b-https-app-notion-com-p/experiments/lab_001_xy_connection_20260626/results/TRAIN-REPLAY-001/TRAIN-REPLAY-001-20260731-001/replay_state.json,d93483a471aab2709a62ca049fd4081c0927999a9020919a483e5f3717ceba5b,927,2026-08-01T08:31:47+09:00,Use only within the REPORT/QA scope; no broader scientific inference.
TRAIN-REPLAY-001,v1.1 authoritative evidence,experiments/lab_001_xy_connection_20260626/results/TRAIN-REPLAY-001/TRAIN-REPLAY-001-20260731-001/REPORT.md,file:///C:/Users/chuck/Documents/Codex/2026-06-22/a2f23dee1d9a824b840a0175ca9a1f4b-https-app-notion-com-p/experiments/lab_001_xy_connection_20260626/results/TRAIN-REPLAY-001/TRAIN-REPLAY-001-20260731-001/REPORT.md,b64ed97cbe64c6f0e0da89b6d8fe9af83f2ec90719f7891d1d8628282ff0ab90,6074,2026-08-01T08:32:23+09:00,Use only within the REPORT/QA scope; no broader scientific inference.
TRAIN-PARITY-001,v1.1 authoritative evidence,experiments/lab_001_xy_connection_20260626/results/TRAIN-PARITY-001/TRAIN-PARITY-001-20260801-001/DATASET_AND_GROUP_PARITY_CONTRACT.csv,file:///C:/Users/chuck/Documents/Codex/2026-06-22/a2f23dee1d9a824b840a0175ca9a1f4b-https-app-notion-com-p/experiments/lab_001_xy_connection_20260626/results/TRAIN-PARITY-001/TRAIN-PARITY-001-20260801-001/DATASET_AND_GROUP_PARITY_CONTRACT.csv,15f1a7107ef48029e337f0ef2f89d5be3c473e08a0f5fdf77bad885d2af2e368,3037,2026-08-01T11:41:03+09:00,Use only within the REPORT/QA scope; no broader scientific inference.
TRAIN-PARITY-001,v1.1 authoritative evidence,experiments/lab_001_xy_connection_20260626/results/TRAIN-PARITY-001/TRAIN-PARITY-001-20260801-001/FEATURE_METHOD_MODEL_PARITY_CONTRACT.csv,file:///C:/Users/chuck/Documents/Codex/2026-06-22/a2f23dee1d9a824b840a0175ca9a1f4b-https-app-notion-com-p/experiments/lab_001_xy_connection_20260626/results/TRAIN-PARITY-001/TRAIN-PARITY-001-20260801-001/FEATURE_METHOD_MODEL_PARITY_CONTRACT.csv,03202275109329aac9b5592e454f351ab4c26aa841d4a4bbb08da3a5e6212766,3303,2026-08-01T11:41:03+09:00,Use only within the REPORT/QA scope; no broader scientific inference.
TRAIN-PARITY-001,v1.1 authoritative evidence,experiments/lab_001_xy_connection_20260626/results/TRAIN-PARITY-001/TRAIN-PARITY-001-20260801-001/FOLD_MANIFEST_SCHEMA.csv,file:///C:/Users/chuck/Documents/Codex/2026-06-22/a2f23dee1d9a824b840a0175ca9a1f4b-https-app-notion-com-p/experiments/lab_001_xy_connection_20260626/results/TRAIN-PARITY-001/TRAIN-PARITY-001-20260801-001/FOLD_MANIFEST_SCHEMA.csv,85e95666f25d3b714e73ad6239acdd19cff48bf95f454e97b0c8b86bc50d3faa,2138,2026-08-01T11:41:03+09:00,Use only within the REPORT/QA scope; no broader scientific inference.
TRAIN-PARITY-001,v1.1 authoritative evidence,experiments/lab_001_xy_connection_20260626/results/TRAIN-PARITY-001/TRAIN-PARITY-001-20260801-001/FROZEN_SOURCE_EXECUTION_CONTRACT.json,file:///C:/Users/chuck/Documents/Codex/2026-06-22/a2f23dee1d9a824b840a0175ca9a1f4b-https-app-notion-com-p/experiments/lab_001_xy_connection_20260626/results/TRAIN-PARITY-001/TRAIN-PARITY-001-20260801-001/FROZEN_SOURCE_EXECUTION_CONTRACT.json,210c21291d94390936e68f5c30efd3adfbc2301078bfab5c7b0078312845890c,5429,2026-08-01T11:41:03+09:00,Use only within the REPORT/QA scope; no broader scientific inference.
TRAIN-PARITY-001,v1.1 authoritative evidence,experiments/lab_001_xy_connection_20260626/results/TRAIN-PARITY-001/TRAIN-PARITY-001-20260801-001/MERGE_PACKET.md,file:///C:/Users/chuck/Documents/Codex/2026-06-22/a2f23dee1d9a824b840a0175ca9a1f4b-https-app-notion-com-p/experiments/lab_001_xy_connection_20260626/results/TRAIN-PARITY-001/TRAIN-PARITY-001-20260801-001/MERGE_PACKET.md,3ecfdc49929c3f607b626e4dc0691f202217606d7026bcc808093aa4c093605c,1922,2026-08-01T11:41:03+09:00,Use only within the REPORT/QA scope; no broader scientific inference.
TRAIN-PARITY-001,v1.1 authoritative evidence,experiments/lab_001_xy_connection_20260626/results/TRAIN-PARITY-001/TRAIN-PARITY-001-20260801-001/REPORT.md,file:///C:/Users/chuck/Documents/Codex/2026-06-22/a2f23dee1d9a824b840a0175ca9a1f4b-https-app-notion-com-p/experiments/lab_001_xy_connection_20260626/results/TRAIN-PARITY-001/TRAIN-PARITY-001-20260801-001/REPORT.md,3da824020eecc3fcb9326c90ac8705045b84c465a78b6f84023055be69780077,7131,2026-08-01T11:41:03+09:00,Use only within the REPORT/QA scope; no broader scientific inference.
TRAIN-PARITY-002,v1.1 authoritative evidence,experiments/lab_001_xy_connection_20260626/results/TRAIN-PARITY-002/TRAIN-PARITY-002-20260801-001/artifacts/COLUMN_IDENTITY_LEDGER.csv,file:///C:/Users/chuck/Documents/Codex/2026-06-22/a2f23dee1d9a824b840a0175ca9a1f4b-https-app-notion-com-p/experiments/lab_001_xy_connection_20260626/results/TRAIN-PARITY-002/TRAIN-PARITY-002-20260801-001/artifacts/COLUMN_IDENTITY_LEDGER.csv,116b1a05950de4024683c1a79b3e7db5e89e7a92014461ac6f81504670b2af9b,41703,2026-08-01T11:52:52+09:00,Use only within the REPORT/QA scope; no broader scientific inference.
TRAIN-PARITY-002,v1.1 authoritative evidence,experiments/lab_001_xy_connection_20260626/results/TRAIN-PARITY-002/TRAIN-PARITY-002-20260801-001/artifacts/DATASET_MANIFEST.json,file:///C:/Users/chuck/Documents/Codex/2026-06-22/a2f23dee1d9a824b840a0175ca9a1f4b-https-app-notion-com-p/experiments/lab_001_xy_connection_20260626/results/TRAIN-PARITY-002/TRAIN-PARITY-002-20260801-001/artifacts/DATASET_MANIFEST.json,2e46b285eaf0b781076b63af01f43383da3e48c34346e4ebce031c38e548a7cd,869,2026-08-01T11:52:52+09:00,Use only within the REPORT/QA scope; no broader scientific inference.
TRAIN-PARITY-002,v1.1 authoritative evidence,experiments/lab_001_xy_connection_20260626/results/TRAIN-PARITY-002/TRAIN-PARITY-002-20260801-001/artifacts/METRIC_LEDGER_EMPTY.csv,file:///C:/Users/chuck/Documents/Codex/2026-06-22/a2f23dee1d9a824b840a0175ca9a1f4b-https-app-notion-com-p/experiments/lab_001_xy_connection_20260626/results/TRAIN-PARITY-002/TRAIN-PARITY-002-20260801-001/artifacts/METRIC_LEDGER_EMPTY.csv,e1a8348abee8b97aa13228eb8024753cda88ab90802703077b4d8ef68f8b6bd4,125,2026-08-01T11:52:57+09:00,Use only within the REPORT/QA scope; no broader scientific inference.
TRAIN-PARITY-002,v1.1 authoritative evidence,experiments/lab_001_xy_connection_20260626/results/TRAIN-PARITY-002/TRAIN-PARITY-002-20260801-001/artifacts/PREDICTION_LEDGER_EMPTY.csv,file:///C:/Users/chuck/Documents/Codex/2026-06-22/a2f23dee1d9a824b840a0175ca9a1f4b-https-app-notion-com-p/experiments/lab_001_xy_connection_20260626/results/TRAIN-PARITY-002/TRAIN-PARITY-002-20260801-001/artifacts/PREDICTION_LEDGER_EMPTY.csv,6fc225845896fc2938b33dcdea6dc00c08db870a0f1aaccf506fee2c5fd1de76,194,2026-08-01T11:52:57+09:00,Use only within the REPORT/QA scope; no broader scientific inference.
TRAIN-PARITY-002,v1.1 authoritative evidence,experiments/lab_001_xy_connection_20260626/results/TRAIN-PARITY-002/TRAIN-PARITY-002-20260801-001/artifacts/ROW_IDENTITY_LEDGER.csv,file:///C:/Users/chuck/Documents/Codex/2026-06-22/a2f23dee1d9a824b840a0175ca9a1f4b-https-app-notion-com-p/experiments/lab_001_xy_connection_20260626/results/TRAIN-PARITY-002/TRAIN-PARITY-002-20260801-001/artifacts/ROW_IDENTITY_LEDGER.csv,cab457352b8d818a2d52252dade30bf0aff8732ecdcd429b76f2722e97d6b2c6,434499,2026-08-01T11:52:52+09:00,Use only within the REPORT/QA scope; no broader scientific inference.
TRAIN-PARITY-002,v1.1 authoritative evidence,experiments/lab_001_xy_connection_20260626/results/TRAIN-PARITY-002/TRAIN-PARITY-002-20260801-001/artifacts/SHARED_FOLD_MANIFEST.csv,file:///C:/Users/chuck/Documents/Codex/2026-06-22/a2f23dee1d9a824b840a0175ca9a1f4b-https-app-notion-com-p/experiments/lab_001_xy_connection_20260626/results/TRAIN-PARITY-002/TRAIN-PARITY-002-20260801-001/artifacts/SHARED_FOLD_MANIFEST.csv,3b18913ef68b6487b273a113ab3b3c0569d3246444f17003f68c0e01af1e89a6,28360769,2026-08-01T11:52:57+09:00,Use only within the REPORT/QA scope; no broader scientific inference.
TRAIN-PARITY-002,v1.1 authoritative evidence,experiments/lab_001_xy_connection_20260626/results/TRAIN-PARITY-002/TRAIN-PARITY-002-20260801-001/artifacts/SHARED_FOLD_MANIFEST.meta.json,file:///C:/Users/chuck/Documents/Codex/2026-06-22/a2f23dee1d9a824b840a0175ca9a1f4b-https-app-notion-com-p/experiments/lab_001_xy_connection_20260626/results/TRAIN-PARITY-002/TRAIN-PARITY-002-20260801-001/artifacts/SHARED_FOLD_MANIFEST.meta.json,ca03ff740b0720404bdbeaa4e6da5031085aa1f5af897ca313bf3dbe9deda0c6,350,2026-08-01T11:52:57+09:00,Use only within the REPORT/QA scope; no broader scientific inference.
TRAIN-PARITY-002,v1.1 authoritative evidence,experiments/lab_001_xy_connection_20260626/results/TRAIN-PARITY-002/TRAIN-PARITY-002-20260801-001/artifacts/TARGET_SAMPLE_LEDGER.csv,file:///C:/Users/chuck/Documents/Codex/2026-06-22/a2f23dee1d9a824b840a0175ca9a1f4b-https-app-notion-com-p/experiments/lab_001_xy_connection_20260626/results/TRAIN-PARITY-002/TRAIN-PARITY-002-20260801-001/artifacts/TARGET_SAMPLE_LEDGER.csv,f7bf0e20d4df22a30c7d411ee1048d1ff009df2aaf2039f0eba62309d018466a,3596,2026-08-01T11:52:52+09:00,Use only within the REPORT/QA scope; no broader scientific inference.
TRAIN-PARITY-002,v1.1 authoritative evidence,experiments/lab_001_xy_connection_20260626/results/TRAIN-PARITY-002/TRAIN-PARITY-002-20260801-001/DATASET_EXTRACTOR_QA.csv,file:///C:/Users/chuck/Documents/Codex/2026-06-22/a2f23dee1d9a824b840a0175ca9a1f4b-https-app-notion-com-p/experiments/lab_001_xy_connection_20260626/results/TRAIN-PARITY-002/TRAIN-PARITY-002-20260801-001/DATASET_EXTRACTOR_QA.csv,a94a320a8b9e60df498fc583891413fb5cdfc6d28e38532033a00cf2e3802f8c,614,2026-08-01T11:52:57+09:00,Use only within the REPORT/QA scope; no broader scientific inference.
TRAIN-PARITY-002,v1.1 authoritative evidence,experiments/lab_001_xy_connection_20260626/results/TRAIN-PARITY-002/TRAIN-PARITY-002-20260801-001/GROUP_AND_FOLD_MANIFEST_QA.csv,file:///C:/Users/chuck/Documents/Codex/2026-06-22/a2f23dee1d9a824b840a0175ca9a1f4b-https-app-notion-com-p/experiments/lab_001_xy_connection_20260626/results/TRAIN-PARITY-002/TRAIN-PARITY-002-20260801-001/GROUP_AND_FOLD_MANIFEST_QA.csv,f61fcd1936ab6858c826567b5fae01c3851ef6a64beb3be31ca335d1298a5dd5,422,2026-08-01T11:52:59+09:00,Use only within the REPORT/QA scope; no broader scientific inference.
TRAIN-PARITY-002,v1.1 authoritative evidence,experiments/lab_001_xy_connection_20260626/results/TRAIN-PARITY-002/TRAIN-PARITY-002-20260801-001/implementation/contracts.py,file:///C:/Users/chuck/Documents/Codex/2026-06-22/a2f23dee1d9a824b840a0175ca9a1f4b-https-app-notion-com-p/experiments/lab_001_xy_connection_20260626/results/TRAIN-PARITY-002/TRAIN-PARITY-002-20260801-001/implementation/contracts.py,5875f7e9d3a977a59efa6b11ae6ff6b28e62b61274d08cc33cf5ce7486565603,5502,2026-08-01T11:50:37+09:00,Use only within the REPORT/QA scope; no broader scientific inference.
TRAIN-PARITY-002,v1.1 authoritative evidence,experiments/lab_001_xy_connection_20260626/results/TRAIN-PARITY-002/TRAIN-PARITY-002-20260801-001/implementation/ledgers.py,file:///C:/Users/chuck/Documents/Codex/2026-06-22/a2f23dee1d9a824b840a0175ca9a1f4b-https-app-notion-com-p/experiments/lab_001_xy_connection_20260626/results/TRAIN-PARITY-002/TRAIN-PARITY-002-20260801-001/implementation/ledgers.py,a341dd63223c65cc704d339a5fb7eccee5c13becf18c7a9b57a3f4eb45fd264c,1477,2026-08-01T11:50:37+09:00,Use only within the REPORT/QA scope; no broader scientific inference.
TRAIN-PARITY-002,v1.1 authoritative evidence,experiments/lab_001_xy_connection_20260626/results/TRAIN-PARITY-002/TRAIN-PARITY-002-20260801-001/IMPLEMENTATION_MANIFEST.json,file:///C:/Users/chuck/Documents/Codex/2026-06-22/a2f23dee1d9a824b840a0175ca9a1f4b-https-app-notion-com-p/experiments/lab_001_xy_connection_20260626/results/TRAIN-PARITY-002/TRAIN-PARITY-002-20260801-001/IMPLEMENTATION_MANIFEST.json,f79dbf6265c587464445cf13539085c0273efc28534811baddd0b7840919eb95,10609,2026-08-01T11:53:02+09:00,Use only within the REPORT/QA scope; no broader scientific inference.
TRAIN-PARITY-002,v1.1 authoritative evidence,experiments/lab_001_xy_connection_20260626/results/TRAIN-PARITY-002/TRAIN-PARITY-002-20260801-001/INDEPENDENT_QA.json,file:///C:/Users/chuck/Documents/Codex/2026-06-22/a2f23dee1d9a824b840a0175ca9a1f4b-https-app-notion-com-p/experiments/lab_001_xy_connection_20260626/results/TRAIN-PARITY-002/TRAIN-PARITY-002-20260801-001/INDEPENDENT_QA.json,b1fad32ad6e39ca7bc22a04d0be841c162f21c96fa35db6504e358616ac03366,3769,2026-08-01T11:53:21+09:00,Use only within the REPORT/QA scope; no broader scientific inference.
TRAIN-PARITY-002,v1.1 authoritative evidence,experiments/lab_001_xy_connection_20260626/results/TRAIN-PARITY-002/TRAIN-PARITY-002-20260801-001/independent_qa.py,file:///C:/Users/chuck/Documents/Codex/2026-06-22/a2f23dee1d9a824b840a0175ca9a1f4b-https-app-notion-com-p/experiments/lab_001_xy_connection_20260626/results/TRAIN-PARITY-002/TRAIN-PARITY-002-20260801-001/independent_qa.py,d32c5b07108f5483498b3259fa0885ae829815be7d501167deafb0d1d1d6e64d,5856,2026-08-01T11:52:36+09:00,Use only within the REPORT/QA scope; no broader scientific inference.
TRAIN-PARITY-002,v1.1 authoritative evidence,experiments/lab_001_xy_connection_20260626/results/TRAIN-PARITY-002/TRAIN-PARITY-002-20260801-001/MERGE_PACKET.md,file:///C:/Users/chuck/Documents/Codex/2026-06-22/a2f23dee1d9a824b840a0175ca9a1f4b-https-app-notion-com-p/experiments/lab_001_xy_connection_20260626/results/TRAIN-PARITY-002/TRAIN-PARITY-002-20260801-001/MERGE_PACKET.md,fd63eb1937ecb0bc67c40eb143111f3c5f041e08f25c511e1a1ec4d3e93caf00,1563,2026-08-01T11:54:04+09:00,Use only within the REPORT/QA scope; no broader scientific inference.
TRAIN-PARITY-002,v1.1 authoritative evidence,experiments/lab_001_xy_connection_20260626/results/TRAIN-PARITY-002/TRAIN-PARITY-002-20260801-001/NEGATIVE_FAIL_CLOSED_QA.csv,file:///C:/Users/chuck/Documents/Codex/2026-06-22/a2f23dee1d9a824b840a0175ca9a1f4b-https-app-notion-com-p/experiments/lab_001_xy_connection_20260626/results/TRAIN-PARITY-002/TRAIN-PARITY-002-20260801-001/NEGATIVE_FAIL_CLOSED_QA.csv,9fc9a39948a582825c891064ead65ff8ecc2ccc054c848a0dc3399e11fd79268,1892,2026-08-01T11:53:01+09:00,Use only within the REPORT/QA scope; no broader scientific inference.
TRAIN-PARITY-002,v1.1 authoritative evidence,experiments/lab_001_xy_connection_20260626/results/TRAIN-PARITY-002/TRAIN-PARITY-002-20260801-001/PREDICTION_METRIC_LEDGER_SCHEMA.csv,file:///C:/Users/chuck/Documents/Codex/2026-06-22/a2f23dee1d9a824b840a0175ca9a1f4b-https-app-notion-com-p/experiments/lab_001_xy_connection_20260626/results/TRAIN-PARITY-002/TRAIN-PARITY-002-20260801-001/PREDICTION_METRIC_LEDGER_SCHEMA.csv,5c3ca2c7b4fd72481077149b85b0aa0e23fe39ddcdbf1bbfc8c45556938d6cc7,1199,2026-08-01T11:52:59+09:00,Use only within the REPORT/QA scope; no broader scientific inference.
TRAIN-PARITY-002,v1.1 authoritative evidence,experiments/lab_001_xy_connection_20260626/results/TRAIN-PARITY-002/TRAIN-PARITY-002-20260801-001/REPORT.md,file:///C:/Users/chuck/Documents/Codex/2026-06-22/a2f23dee1d9a824b840a0175ca9a1f4b-https-app-notion-com-p/experiments/lab_001_xy_connection_20260626/results/TRAIN-PARITY-002/TRAIN-PARITY-002-20260801-001/REPORT.md,8c43dfb2e4c125c362c8a6e569e40579c61557ca97a40f9c045e3b63b31142fb,6103,2026-08-01T11:54:04+09:00,Use only within the REPORT/QA scope; no broader scientific inference.
TRAIN-PARITY-002A,v1.1 authoritative evidence,experiments/lab_001_xy_connection_20260626/results/TRAIN-PARITY-002A/TRAIN-PARITY-002A-20260801-001/artifacts/METRIC_LEDGER_EMPTY.csv,file:///C:/Users/chuck/Documents/Codex/2026-06-22/a2f23dee1d9a824b840a0175ca9a1f4b-https-app-notion-com-p/experiments/lab_001_xy_connection_20260626/results/TRAIN-PARITY-002A/TRAIN-PARITY-002A-20260801-001/artifacts/METRIC_LEDGER_EMPTY.csv,e1a8348abee8b97aa13228eb8024753cda88ab90802703077b4d8ef68f8b6bd4,125,2026-08-01T12:03:18+09:00,Use only within the REPORT/QA scope; no broader scientific inference.
TRAIN-PARITY-002A,v1.1 authoritative evidence,experiments/lab_001_xy_connection_20260626/results/TRAIN-PARITY-002A/TRAIN-PARITY-002A-20260801-001/artifacts/PREDICTION_LEDGER_EMPTY.csv,file:///C:/Users/chuck/Documents/Codex/2026-06-22/a2f23dee1d9a824b840a0175ca9a1f4b-https-app-notion-com-p/experiments/lab_001_xy_connection_20260626/results/TRAIN-PARITY-002A/TRAIN-PARITY-002A-20260801-001/artifacts/PREDICTION_LEDGER_EMPTY.csv,6fc225845896fc2938b33dcdea6dc00c08db870a0f1aaccf506fee2c5fd1de76,194,2026-08-01T12:03:18+09:00,Use only within the REPORT/QA scope; no broader scientific inference.
TRAIN-PARITY-002A,v1.1 authoritative evidence,experiments/lab_001_xy_connection_20260626/results/TRAIN-PARITY-002A/TRAIN-PARITY-002A-20260801-001/implementation/contracts.py,file:///C:/Users/chuck/Documents/Codex/2026-06-22/a2f23dee1d9a824b840a0175ca9a1f4b-https-app-notion-com-p/experiments/lab_001_xy_connection_20260626/results/TRAIN-PARITY-002A/TRAIN-PARITY-002A-20260801-001/implementation/contracts.py,738f32316d0bd27e6249cd88f56cd50420f2a0f405187a21bb9746c337f43273,4603,2026-08-01T12:01:35+09:00,Use only within the REPORT/QA scope; no broader scientific inference.
TRAIN-PARITY-002A,v1.1 authoritative evidence,experiments/lab_001_xy_connection_20260626/results/TRAIN-PARITY-002A/TRAIN-PARITY-002A-20260801-001/implementation/ledgers.py,file:///C:/Users/chuck/Documents/Codex/2026-06-22/a2f23dee1d9a824b840a0175ca9a1f4b-https-app-notion-com-p/experiments/lab_001_xy_connection_20260626/results/TRAIN-PARITY-002A/TRAIN-PARITY-002A-20260801-001/implementation/ledgers.py,57f8aa32c4aa8c465b4af48b823ee39ab0ce5a1e7d47a0b111ce43f5ee339897,1081,2026-08-01T12:01:35+09:00,Use only within the REPORT/QA scope; no broader scientific inference.
TRAIN-PARITY-002A,v1.1 authoritative evidence,experiments/lab_001_xy_connection_20260626/results/TRAIN-PARITY-002A/TRAIN-PARITY-002A-20260801-001/IMPLEMENTATION_MANIFEST.json,file:///C:/Users/chuck/Documents/Codex/2026-06-22/a2f23dee1d9a824b840a0175ca9a1f4b-https-app-notion-com-p/experiments/lab_001_xy_connection_20260626/results/TRAIN-PARITY-002A/TRAIN-PARITY-002A-20260801-001/IMPLEMENTATION_MANIFEST.json,f9792252a697f0c2671be0f1048462ffea3f97f8c0c378233adc8201536cc9d7,4493,2026-08-01T12:03:18+09:00,Use only within the REPORT/QA scope; no broader scientific inference.
TRAIN-PARITY-002A,v1.1 authoritative evidence,experiments/lab_001_xy_connection_20260626/results/TRAIN-PARITY-002A/TRAIN-PARITY-002A-20260801-001/INDEPENDENT_QA.json,file:///C:/Users/chuck/Documents/Codex/2026-06-22/a2f23dee1d9a824b840a0175ca9a1f4b-https-app-notion-com-p/experiments/lab_001_xy_connection_20260626/results/TRAIN-PARITY-002A/TRAIN-PARITY-002A-20260801-001/INDEPENDENT_QA.json,3e6b91df49ef911b393fbfaca688420bf00ab1b38ba4b1654d7fdc3d4b89465c,3506,2026-08-01T12:03:26+09:00,Use only within the REPORT/QA scope; no broader scientific inference.
TRAIN-PARITY-002A,v1.1 authoritative evidence,experiments/lab_001_xy_connection_20260626/results/TRAIN-PARITY-002A/TRAIN-PARITY-002A-20260801-001/independent_qa.py,file:///C:/Users/chuck/Documents/Codex/2026-06-22/a2f23dee1d9a824b840a0175ca9a1f4b-https-app-notion-com-p/experiments/lab_001_xy_connection_20260626/results/TRAIN-PARITY-002A/TRAIN-PARITY-002A-20260801-001/independent_qa.py,5a1bfb50332ea8625b421721311c713efc97ce4fc010fbfbde4511c3c186dd71,4969,2026-08-01T12:03:07+09:00,Use only within the REPORT/QA scope; no broader scientific inference.
TRAIN-PARITY-002A,v1.1 authoritative evidence,experiments/lab_001_xy_connection_20260626/results/TRAIN-PARITY-002A/TRAIN-PARITY-002A-20260801-001/MERGE_PACKET.md,file:///C:/Users/chuck/Documents/Codex/2026-06-22/a2f23dee1d9a824b840a0175ca9a1f4b-https-app-notion-com-p/experiments/lab_001_xy_connection_20260626/results/TRAIN-PARITY-002A/TRAIN-PARITY-002A-20260801-001/MERGE_PACKET.md,faa7fa0fb0fa14c38de4d573a2f2c10a02cc597c11054b9b730cacaf9891b084,1446,2026-08-01T12:04:05+09:00,Use only within the REPORT/QA scope; no broader scientific inference.
TRAIN-PARITY-002A,v1.1 authoritative evidence,experiments/lab_001_xy_connection_20260626/results/TRAIN-PARITY-002A/TRAIN-PARITY-002A-20260801-001/REPORT.md,file:///C:/Users/chuck/Documents/Codex/2026-06-22/a2f23dee1d9a824b840a0175ca9a1f4b-https-app-notion-com-p/experiments/lab_001_xy_connection_20260626/results/TRAIN-PARITY-002A/TRAIN-PARITY-002A-20260801-001/REPORT.md,2273f23c72009eb69050e0f0effabd1cdfdad3f49fdf73a73a45e93aeea6c582,6628,2026-08-01T12:04:05+09:00,Use only within the REPORT/QA scope; no broader scientific inference.
TRAIN-PARITY-002A,v1.1 authoritative evidence,experiments/lab_001_xy_connection_20260626/results/TRAIN-PARITY-002A/TRAIN-PARITY-002A-20260801-001/STATIC_AND_FIXTURE_QA.csv,file:///C:/Users/chuck/Documents/Codex/2026-06-22/a2f23dee1d9a824b840a0175ca9a1f4b-https-app-notion-com-p/experiments/lab_001_xy_connection_20260626/results/TRAIN-PARITY-002A/TRAIN-PARITY-002A-20260801-001/STATIC_AND_FIXTURE_QA.csv,abaaa2a7bab27dc10cb600e6faa19095cf3be12f9219626be00a06a4845788c6,5934,2026-08-01T12:03:18+09:00,Use only within the REPORT/QA scope; no broader scientific inference.
TRAIN-PARITY-003,v1.1 authoritative evidence,experiments/lab_001_xy_connection_20260626/results/TRAIN-PARITY-003/TRAIN-PARITY-003-20260801-001/BUILD_STATE.json,file:///C:/Users/chuck/Documents/Codex/2026-06-22/a2f23dee1d9a824b840a0175ca9a1f4b-https-app-notion-com-p/experiments/lab_001_xy_connection_20260626/results/TRAIN-PARITY-003/TRAIN-PARITY-003-20260801-001/BUILD_STATE.json,f5c100076f7caebf61974895847907d0eeec2e87c9f1af8eed7943601ee683bd,272,2026-08-01T12:17:30+09:00,Use only within the REPORT/QA scope; no broader scientific inference.
TRAIN-PARITY-003,v1.1 authoritative evidence,experiments/lab_001_xy_connection_20260626/results/TRAIN-PARITY-003/TRAIN-PARITY-003-20260801-001/CONTROLLED_EXECUTION_CONTRACT.json,file:///C:/Users/chuck/Documents/Codex/2026-06-22/a2f23dee1d9a824b840a0175ca9a1f4b-https-app-notion-com-p/experiments/lab_001_xy_connection_20260626/results/TRAIN-PARITY-003/TRAIN-PARITY-003-20260801-001/CONTROLLED_EXECUTION_CONTRACT.json,546db333d735a2ca19d9a6cec52ea0eb3ef8947211a85a032a8ce877eb3b3e11,5196,2026-08-01T12:17:30+09:00,Use only within the REPORT/QA scope; no broader scientific inference.
TRAIN-PARITY-003,v1.1 authoritative evidence,experiments/lab_001_xy_connection_20260626/results/TRAIN-PARITY-003/TRAIN-PARITY-003-20260801-001/independent_preregistration_qa.py,file:///C:/Users/chuck/Documents/Codex/2026-06-22/a2f23dee1d9a824b840a0175ca9a1f4b-https-app-notion-com-p/experiments/lab_001_xy_connection_20260626/results/TRAIN-PARITY-003/TRAIN-PARITY-003-20260801-001/independent_preregistration_qa.py,78f33aab0661bf53ea2c7ea66d919a6824170649336aca705036e613bb9e536b,6866,2026-08-01T12:17:20+09:00,Use only within the REPORT/QA scope; no broader scientific inference.
TRAIN-PARITY-003,v1.1 authoritative evidence,experiments/lab_001_xy_connection_20260626/results/TRAIN-PARITY-003/TRAIN-PARITY-003-20260801-001/MERGE_PACKET.md,file:///C:/Users/chuck/Documents/Codex/2026-06-22/a2f23dee1d9a824b840a0175ca9a1f4b-https-app-notion-com-p/experiments/lab_001_xy_connection_20260626/results/TRAIN-PARITY-003/TRAIN-PARITY-003-20260801-001/MERGE_PACKET.md,b54b44be0584a03b03658c0c5f8351ce630a8be81cfc7544dfa8ab50529b5faa,1074,2026-08-01T12:17:30+09:00,Use only within the REPORT/QA scope; no broader scientific inference.
TRAIN-PARITY-003,v1.1 authoritative evidence,experiments/lab_001_xy_connection_20260626/results/TRAIN-PARITY-003/TRAIN-PARITY-003-20260801-001/PREREGISTRATION_QA.json,file:///C:/Users/chuck/Documents/Codex/2026-06-22/a2f23dee1d9a824b840a0175ca9a1f4b-https-app-notion-com-p/experiments/lab_001_xy_connection_20260626/results/TRAIN-PARITY-003/TRAIN-PARITY-003-20260801-001/PREREGISTRATION_QA.json,7eaecdad4635c805adeab4bfe69cc72955c51911d01bb312b25c1eb9056f918b,4932,2026-08-01T12:17:48+09:00,Use only within the REPORT/QA scope; no broader scientific inference.
TRAIN-PARITY-003,v1.1 authoritative evidence,experiments/lab_001_xy_connection_20260626/results/TRAIN-PARITY-003/TRAIN-PARITY-003-20260801-001/REPORT.md,file:///C:/Users/chuck/Documents/Codex/2026-06-22/a2f23dee1d9a824b840a0175ca9a1f4b-https-app-notion-com-p/experiments/lab_001_xy_connection_20260626/results/TRAIN-PARITY-003/TRAIN-PARITY-003-20260801-001/REPORT.md,7dfac375559eb2ee28b661c1803225ede3e5bed4a88478f5399251e31f69e112,4210,2026-08-01T12:17:30+09:00,Use only within the REPORT/QA scope; no broader scientific inference.
TRAIN-PARITY-003,v1.1 authoritative evidence,experiments/lab_001_xy_connection_20260626/results/TRAIN-PARITY-003/TRAIN-PARITY-003-20260801-001/STAGE_PARITY_LEDGER_SCHEMA.csv,file:///C:/Users/chuck/Documents/Codex/2026-06-22/a2f23dee1d9a824b840a0175ca9a1f4b-https-app-notion-com-p/experiments/lab_001_xy_connection_20260626/results/TRAIN-PARITY-003/TRAIN-PARITY-003-20260801-001/STAGE_PARITY_LEDGER_SCHEMA.csv,7c2094a3f5d419e893d843c5ed29929414a6b26f9de7b6074bdc743bae5b6dfd,3806,2026-08-01T12:17:30+09:00,Use only within the REPORT/QA scope; no broader scientific inference.
TRAIN-PARITY-003A,v1.1 authoritative evidence,experiments/lab_001_xy_connection_20260626/results/TRAIN-PARITY-003A/TRAIN-PARITY-003A-20260801-001/ADAPTER_BRANCH_NO_FIT_QA.csv,file:///C:/Users/chuck/Documents/Codex/2026-06-22/a2f23dee1d9a824b840a0175ca9a1f4b-https-app-notion-com-p/experiments/lab_001_xy_connection_20260626/results/TRAIN-PARITY-003A/TRAIN-PARITY-003A-20260801-001/ADAPTER_BRANCH_NO_FIT_QA.csv,bf41af06aa65deaccadb226e4d32a7c63ab0fdb5233c64aac572bbc617f40aee,902,2026-08-01T12:30:16+09:00,Use only within the REPORT/QA scope; no broader scientific inference.
TRAIN-PARITY-003A,v1.1 authoritative evidence,experiments/lab_001_xy_connection_20260626/results/TRAIN-PARITY-003A/TRAIN-PARITY-003A-20260801-001/adapter_v0_1_1/implementation/contracts.py,file:///C:/Users/chuck/Documents/Codex/2026-06-22/a2f23dee1d9a824b840a0175ca9a1f4b-https-app-notion-com-p/experiments/lab_001_xy_connection_20260626/results/TRAIN-PARITY-003A/TRAIN-PARITY-003A-20260801-001/adapter_v0_1_1/implementation/contracts.py,efd4d7819dfa78be77be7b34b9437646eb6014983df868a51f07647ab69a9bbb,5979,2026-08-01T12:27:06+09:00,Use only within the REPORT/QA scope; no broader scientific inference.
TRAIN-PARITY-003A,v1.1 authoritative evidence,experiments/lab_001_xy_connection_20260626/results/TRAIN-PARITY-003A/TRAIN-PARITY-003A-20260801-001/adapter_v0_1_1/implementation/ledgers.py,file:///C:/Users/chuck/Documents/Codex/2026-06-22/a2f23dee1d9a824b840a0175ca9a1f4b-https-app-notion-com-p/experiments/lab_001_xy_connection_20260626/results/TRAIN-PARITY-003A/TRAIN-PARITY-003A-20260801-001/adapter_v0_1_1/implementation/ledgers.py,57f8aa32c4aa8c465b4af48b823ee39ab0ce5a1e7d47a0b111ce43f5ee339897,1081,2026-08-01T12:01:35+09:00,Use only within the REPORT/QA scope; no broader scientific inference.
TRAIN-PARITY-003A,v1.1 authoritative evidence,experiments/lab_001_xy_connection_20260626/results/TRAIN-PARITY-003A/TRAIN-PARITY-003A-20260801-001/ADAPTER_V0_1_1_CHANGE_MANIFEST.json,file:///C:/Users/chuck/Documents/Codex/2026-06-22/a2f23dee1d9a824b840a0175ca9a1f4b-https-app-notion-com-p/experiments/lab_001_xy_connection_20260626/results/TRAIN-PARITY-003A/TRAIN-PARITY-003A-20260801-001/ADAPTER_V0_1_1_CHANGE_MANIFEST.json,750735df1de7a5294a421000b649889a7b96efc1e219b58ddf58c597a17e04c4,3836,2026-08-01T12:30:16+09:00,Use only within the REPORT/QA scope; no broader scientific inference.
TRAIN-PARITY-003A,v1.1 authoritative evidence,experiments/lab_001_xy_connection_20260626/results/TRAIN-PARITY-003A/TRAIN-PARITY-003A-20260801-001/AFFECTED_CONTRACT_QA.json,file:///C:/Users/chuck/Documents/Codex/2026-06-22/a2f23dee1d9a824b840a0175ca9a1f4b-https-app-notion-com-p/experiments/lab_001_xy_connection_20260626/results/TRAIN-PARITY-003A/TRAIN-PARITY-003A-20260801-001/AFFECTED_CONTRACT_QA.json,b0122e4d0661e3dcb8725f390d4ba50af9da10921c198290cc74c09e0e8fcd07,465,2026-08-01T12:30:16+09:00,Use only within the REPORT/QA scope; no broader scientific inference.
TRAIN-PARITY-003A,v1.1 authoritative evidence,experiments/lab_001_xy_connection_20260626/results/TRAIN-PARITY-003A/TRAIN-PARITY-003A-20260801-001/FOLD_POLICY_REBIND_QA.csv,file:///C:/Users/chuck/Documents/Codex/2026-06-22/a2f23dee1d9a824b840a0175ca9a1f4b-https-app-notion-com-p/experiments/lab_001_xy_connection_20260626/results/TRAIN-PARITY-003A/TRAIN-PARITY-003A-20260801-001/FOLD_POLICY_REBIND_QA.csv,a818a6b57f5781ea8d18bb4f3cc8c70edc1d7632760ae3b5c7f4b56e60089eb2,4188,2026-08-01T12:26:37+09:00,Use only within the REPORT/QA scope; no broader scientific inference.
TRAIN-PARITY-003A,v1.1 authoritative evidence,experiments/lab_001_xy_connection_20260626/results/TRAIN-PARITY-003A/TRAIN-PARITY-003A-20260801-001/INDEPENDENT_QA.json,file:///C:/Users/chuck/Documents/Codex/2026-06-22/a2f23dee1d9a824b840a0175ca9a1f4b-https-app-notion-com-p/experiments/lab_001_xy_connection_20260626/results/TRAIN-PARITY-003A/TRAIN-PARITY-003A-20260801-001/INDEPENDENT_QA.json,013681d73b672e2d87a25bfa85fda39ab18f8125109d5c2e273aa4c6f1a52728,6908,2026-08-01T12:31:32+09:00,Use only within the REPORT/QA scope; no broader scientific inference.
TRAIN-PARITY-003A,v1.1 authoritative evidence,experiments/lab_001_xy_connection_20260626/results/TRAIN-PARITY-003A/TRAIN-PARITY-003A-20260801-001/independent_qa.py,file:///C:/Users/chuck/Documents/Codex/2026-06-22/a2f23dee1d9a824b840a0175ca9a1f4b-https-app-notion-com-p/experiments/lab_001_xy_connection_20260626/results/TRAIN-PARITY-003A/TRAIN-PARITY-003A-20260801-001/independent_qa.py,67392c68a593fde4e1f885e4b39899e89d9ef6fc4453af0a287d8cd3432c9ee6,8244,2026-08-01T12:31:26+09:00,Use only within the REPORT/QA scope; no broader scientific inference.
TRAIN-PARITY-003A,v1.1 authoritative evidence,experiments/lab_001_xy_connection_20260626/results/TRAIN-PARITY-003A/TRAIN-PARITY-003A-20260801-001/INDEPENDENT_QA_EXECUTION_ATTEMPT_LOG.json,file:///C:/Users/chuck/Documents/Codex/2026-06-22/a2f23dee1d9a824b840a0175ca9a1f4b-https-app-notion-com-p/experiments/lab_001_xy_connection_20260626/results/TRAIN-PARITY-003A/TRAIN-PARITY-003A-20260801-001/INDEPENDENT_QA_EXECUTION_ATTEMPT_LOG.json,daf7875a29c8b029e17564f7b04723f2536091023f0f60b52e5b0a8ec662dc9f,612,2026-08-01T12:31:41+09:00,Use only within the REPORT/QA scope; no broader scientific inference.
TRAIN-PARITY-003A,v1.1 authoritative evidence,experiments/lab_001_xy_connection_20260626/results/TRAIN-PARITY-003A/TRAIN-PARITY-003A-20260801-001/MERGE_PACKET.md,file:///C:/Users/chuck/Documents/Codex/2026-06-22/a2f23dee1d9a824b840a0175ca9a1f4b-https-app-notion-com-p/experiments/lab_001_xy_connection_20260626/results/TRAIN-PARITY-003A/TRAIN-PARITY-003A-20260801-001/MERGE_PACKET.md,24319d8d5a9b9fa9c9152f676e3c779171b874c777c87c3c8e245ade60268024,782,2026-08-01T12:31:54+09:00,Use only within the REPORT/QA scope; no broader scientific inference.
TRAIN-PARITY-003A,v1.1 authoritative evidence,experiments/lab_001_xy_connection_20260626/results/TRAIN-PARITY-003A/TRAIN-PARITY-003A-20260801-001/REPORT.md,file:///C:/Users/chuck/Documents/Codex/2026-06-22/a2f23dee1d9a824b840a0175ca9a1f4b-https-app-notion-com-p/experiments/lab_001_xy_connection_20260626/results/TRAIN-PARITY-003A/TRAIN-PARITY-003A-20260801-001/REPORT.md,70806f4b7f0f6d6470a2998043a5b15b3c8d6e9f18507feccbba45ead9732057,1536,2026-08-01T12:31:54+09:00,Use only within the REPORT/QA scope; no broader scientific inference.
TRAIN-PARITY-003A,v1.1 authoritative evidence,experiments/lab_001_xy_connection_20260626/results/TRAIN-PARITY-003A/TRAIN-PARITY-003A-20260801-001/run_affected_contract_qa.py,file:///C:/Users/chuck/Documents/Codex/2026-06-22/a2f23dee1d9a824b840a0175ca9a1f4b-https-app-notion-com-p/experiments/lab_001_xy_connection_20260626/results/TRAIN-PARITY-003A/TRAIN-PARITY-003A-20260801-001/run_affected_contract_qa.py,ebad95c403a8022746663ff2d1e958c37e7c16a4ba09de0b3a93c0759e6200a0,16144,2026-08-01T12:30:04+09:00,Use only within the REPORT/QA scope; no broader scientific inference.
TRAIN-PARITY-003A,v1.1 authoritative evidence,experiments/lab_001_xy_connection_20260626/results/TRAIN-PARITY-003A/TRAIN-PARITY-003A-20260801-001/TARGET_IDENTITY_CROSSWALK_V0_2.csv,file:///C:/Users/chuck/Documents/Codex/2026-06-22/a2f23dee1d9a824b840a0175ca9a1f4b-https-app-notion-com-p/experiments/lab_001_xy_connection_20260626/results/TRAIN-PARITY-003A/TRAIN-PARITY-003A-20260801-001/TARGET_IDENTITY_CROSSWALK_V0_2.csv,25ecac94db6c4e115e03a4af665a6f8a8d2a71fad7e50135f35ddb2b875e6a30,8310,2026-08-01T12:26:36+09:00,Use only within the REPORT/QA scope; no broader scientific inference.
TRAIN-PARITY-003A,v1.1 authoritative evidence,experiments/lab_001_xy_connection_20260626/results/TRAIN-PARITY-003A/TRAIN-PARITY-003A-20260801-001/TARGET_POLICY_NEGATIVE_QA.csv,file:///C:/Users/chuck/Documents/Codex/2026-06-22/a2f23dee1d9a824b840a0175ca9a1f4b-https-app-notion-com-p/experiments/lab_001_xy_connection_20260626/results/TRAIN-PARITY-003A/TRAIN-PARITY-003A-20260801-001/TARGET_POLICY_NEGATIVE_QA.csv,70e7a27d40e41bd5f333d701b815c2bc897f4a43b49333eec01b07361acc5227,1407,2026-08-01T12:30:13+09:00,Use only within the REPORT/QA scope; no broader scientific inference.
TRAIN-PARITY-004,v1.1 authoritative evidence,experiments/lab_001_xy_connection_20260626/results/TRAIN-PARITY-004/TRAIN-PARITY-004-20260801-001/ADAPTER_EXECUTION_MANIFEST.json,file:///C:/Users/chuck/Documents/Codex/2026-06-22/a2f23dee1d9a824b840a0175ca9a1f4b-https-app-notion-com-p/experiments/lab_001_xy_connection_20260626/results/TRAIN-PARITY-004/TRAIN-PARITY-004-20260801-001/ADAPTER_EXECUTION_MANIFEST.json,4daee545d26702fe91d7dee44dab6d9ee1d0f4bef57aaf498d72b81d748fd291,255,2026-08-01T12:58:12+09:00,Use only within the REPORT/QA scope; no broader scientific inference.
TRAIN-PARITY-004,v1.1 authoritative evidence,experiments/lab_001_xy_connection_20260626/results/TRAIN-PARITY-004/TRAIN-PARITY-004-20260801-001/ADAPTER_PREDICTION_LEDGER.csv,file:///C:/Users/chuck/Documents/Codex/2026-06-22/a2f23dee1d9a824b840a0175ca9a1f4b-https-app-notion-com-p/experiments/lab_001_xy_connection_20260626/results/TRAIN-PARITY-004/TRAIN-PARITY-004-20260801-001/ADAPTER_PREDICTION_LEDGER.csv,f0afca51c1a38ce9db4851581bc38945bcdbfc9b1da8c04ad08f9655e65855c3,149,2026-08-01T12:58:12+09:00,Use only within the REPORT/QA scope; no broader scientific inference.
TRAIN-PARITY-004,v1.1 authoritative evidence,experiments/lab_001_xy_connection_20260626/results/TRAIN-PARITY-004/TRAIN-PARITY-004-20260801-001/CHECKPOINT_AND_RESUME_MANIFEST.json,file:///C:/Users/chuck/Documents/Codex/2026-06-22/a2f23dee1d9a824b840a0175ca9a1f4b-https-app-notion-com-p/experiments/lab_001_xy_connection_20260626/results/TRAIN-PARITY-004/TRAIN-PARITY-004-20260801-001/CHECKPOINT_AND_RESUME_MANIFEST.json,d65b02399afad1333863d1810760760c78bb056f13e5f1b41a1abae9876cc073,2404,2026-08-01T12:58:12+09:00,Use only within the REPORT/QA scope; no broader scientific inference.
TRAIN-PARITY-004,v1.1 authoritative evidence,experiments/lab_001_xy_connection_20260626/results/TRAIN-PARITY-004/TRAIN-PARITY-004-20260801-001/FIRST_MISMATCH_REPORT.md,file:///C:/Users/chuck/Documents/Codex/2026-06-22/a2f23dee1d9a824b840a0175ca9a1f4b-https-app-notion-com-p/experiments/lab_001_xy_connection_20260626/results/TRAIN-PARITY-004/TRAIN-PARITY-004-20260801-001/FIRST_MISMATCH_REPORT.md,e68a7bad0e3fa12c35280c18cefd17ece3ed7faf68ba47f73898ea9770ff0665,302,2026-08-01T12:58:12+09:00,Use only within the REPORT/QA scope; no broader scientific inference.
TRAIN-PARITY-004,v1.1 authoritative evidence,experiments/lab_001_xy_connection_20260626/results/TRAIN-PARITY-004/TRAIN-PARITY-004-20260801-001/INDEPENDENT_QA.json,file:///C:/Users/chuck/Documents/Codex/2026-06-22/a2f23dee1d9a824b840a0175ca9a1f4b-https-app-notion-com-p/experiments/lab_001_xy_connection_20260626/results/TRAIN-PARITY-004/TRAIN-PARITY-004-20260801-001/INDEPENDENT_QA.json,260c7e7e4c44bbf4d1058621747ce7fd38d7ef6699b39282105c942a59e9b923,5512,2026-08-01T12:58:47+09:00,Use only within the REPORT/QA scope; no broader scientific inference.
TRAIN-PARITY-004,v1.1 authoritative evidence,experiments/lab_001_xy_connection_20260626/results/TRAIN-PARITY-004/TRAIN-PARITY-004-20260801-001/MERGE_PACKET.md,file:///C:/Users/chuck/Documents/Codex/2026-06-22/a2f23dee1d9a824b840a0175ca9a1f4b-https-app-notion-com-p/experiments/lab_001_xy_connection_20260626/results/TRAIN-PARITY-004/TRAIN-PARITY-004-20260801-001/MERGE_PACKET.md,695ce8b3bdcf963b399b39d89b967731fa1840b7a2290387037ad31292d54f6a,437,2026-08-01T12:58:47+09:00,Use only within the REPORT/QA scope; no broader scientific inference.
TRAIN-PARITY-004,v1.1 authoritative evidence,experiments/lab_001_xy_connection_20260626/results/TRAIN-PARITY-004/TRAIN-PARITY-004-20260801-001/METRIC_COMPARISON.csv,file:///C:/Users/chuck/Documents/Codex/2026-06-22/a2f23dee1d9a824b840a0175ca9a1f4b-https-app-notion-com-p/experiments/lab_001_xy_connection_20260626/results/TRAIN-PARITY-004/TRAIN-PARITY-004-20260801-001/METRIC_COMPARISON.csv,284e678fcd17b265525a86074342770db364cdba54449ecd3a8128d92f6bcbaf,114,2026-08-01T12:58:12+09:00,Use only within the REPORT/QA scope; no broader scientific inference.
TRAIN-PARITY-004,v1.1 authoritative evidence,experiments/lab_001_xy_connection_20260626/results/TRAIN-PARITY-004/TRAIN-PARITY-004-20260801-001/PREDICTION_COMPARISON.csv,file:///C:/Users/chuck/Documents/Codex/2026-06-22/a2f23dee1d9a824b840a0175ca9a1f4b-https-app-notion-com-p/experiments/lab_001_xy_connection_20260626/results/TRAIN-PARITY-004/TRAIN-PARITY-004-20260801-001/PREDICTION_COMPARISON.csv,ecacd3700a023842bff21169a838cc4746d0934274bbbcd189ba2facdeb28dd1,165,2026-08-01T12:58:12+09:00,Use only within the REPORT/QA scope; no broader scientific inference.
TRAIN-PARITY-004,v1.1 authoritative evidence,experiments/lab_001_xy_connection_20260626/results/TRAIN-PARITY-004/TRAIN-PARITY-004-20260801-001/PRODUCER_FINAL_STATE.json,file:///C:/Users/chuck/Documents/Codex/2026-06-22/a2f23dee1d9a824b840a0175ca9a1f4b-https-app-notion-com-p/experiments/lab_001_xy_connection_20260626/results/TRAIN-PARITY-004/TRAIN-PARITY-004-20260801-001/PRODUCER_FINAL_STATE.json,1b7d1373d9e8c60eef3f0aa469a48257fedc5b598f6b205fa9855430c3ac920d,232,2026-08-01T12:55:58+09:00,Use only within the REPORT/QA scope; no broader scientific inference.
TRAIN-PARITY-004,v1.1 authoritative evidence,experiments/lab_001_xy_connection_20260626/results/TRAIN-PARITY-004/TRAIN-PARITY-004-20260801-001/REPORT.md,file:///C:/Users/chuck/Documents/Codex/2026-06-22/a2f23dee1d9a824b840a0175ca9a1f4b-https-app-notion-com-p/experiments/lab_001_xy_connection_20260626/results/TRAIN-PARITY-004/TRAIN-PARITY-004-20260801-001/REPORT.md,3e3fdefb97105e06312717b5c20b0927b9fafef90289a09ee164b6530fb2313b,782,2026-08-01T12:58:47+09:00,Use only within the REPORT/QA scope; no broader scientific inference.
TRAIN-PARITY-004,v1.1 authoritative evidence,experiments/lab_001_xy_connection_20260626/results/TRAIN-PARITY-004/TRAIN-PARITY-004-20260801-001/SOURCE_EXECUTION_MANIFEST.json,file:///C:/Users/chuck/Documents/Codex/2026-06-22/a2f23dee1d9a824b840a0175ca9a1f4b-https-app-notion-com-p/experiments/lab_001_xy_connection_20260626/results/TRAIN-PARITY-004/TRAIN-PARITY-004-20260801-001/SOURCE_EXECUTION_MANIFEST.json,09a8c5b33243910a63ddabfc92e7b26043ac3be305cb2f834ebec047c9fc3030,3040,2026-08-01T12:58:12+09:00,Use only within the REPORT/QA scope; no broader scientific inference.
TRAIN-PARITY-004,v1.1 authoritative evidence,experiments/lab_001_xy_connection_20260626/results/TRAIN-PARITY-004/TRAIN-PARITY-004-20260801-001/SOURCE_PREDICTION_LEDGER.csv,file:///C:/Users/chuck/Documents/Codex/2026-06-22/a2f23dee1d9a824b840a0175ca9a1f4b-https-app-notion-com-p/experiments/lab_001_xy_connection_20260626/results/TRAIN-PARITY-004/TRAIN-PARITY-004-20260801-001/SOURCE_PREDICTION_LEDGER.csv,f0afca51c1a38ce9db4851581bc38945bcdbfc9b1da8c04ad08f9655e65855c3,149,2026-08-01T12:58:12+09:00,Use only within the REPORT/QA scope; no broader scientific inference.
TRAIN-PARITY-004,v1.1 authoritative evidence,experiments/lab_001_xy_connection_20260626/results/TRAIN-PARITY-004/TRAIN-PARITY-004-20260801-001/source_reference/stage_P4_contract_pre_fit.json,file:///C:/Users/chuck/Documents/Codex/2026-06-22/a2f23dee1d9a824b840a0175ca9a1f4b-https-app-notion-com-p/experiments/lab_001_xy_connection_20260626/results/TRAIN-PARITY-004/TRAIN-PARITY-004-20260801-001/source_reference/stage_P4_contract_pre_fit.json,58e09a7cc7d3aea970a6c9e9511d163ee21357831c4e637caa053032194384ba,4603,2026-08-01T12:55:47+09:00,Use only within the REPORT/QA scope; no broader scientific inference.
TRAIN-PARITY-004,v1.1 authoritative evidence,experiments/lab_001_xy_connection_20260626/results/TRAIN-PARITY-004/TRAIN-PARITY-004-20260801-001/STAGE_PARITY_LEDGER.csv,file:///C:/Users/chuck/Documents/Codex/2026-06-22/a2f23dee1d9a824b840a0175ca9a1f4b-https-app-notion-com-p/experiments/lab_001_xy_connection_20260626/results/TRAIN-PARITY-004/TRAIN-PARITY-004-20260801-001/STAGE_PARITY_LEDGER.csv,f2e626eb0644606c32f5075d8cdd7a2eccf0eada0d1496fc23530c2113f96c1a,977,2026-08-01T12:58:12+09:00,Use only within the REPORT/QA scope; no broader scientific inference.
COMP-FACTORY-001,v1.1 authoritative evidence,experiments/lab_001_xy_connection_20260626/data/processed/COMP-FACTORY-001/COMP-FACTORY-001-AI-LATTICE-20260731-142459/INDEPENDENT_QA.csv,file:///C:/Users/chuck/Documents/Codex/2026-06-22/a2f23dee1d9a824b840a0175ca9a1f4b-https-app-notion-com-p/experiments/lab_001_xy_connection_20260626/data/processed/COMP-FACTORY-001/COMP-FACTORY-001-AI-LATTICE-20260731-142459/INDEPENDENT_QA.csv,1a72200d92b8a3d00212e5cc7ae727762d874e2408508efad5ac4cbed543b8b3,2175,2026-07-31T14:25:12+09:00,Use only within the REPORT/QA scope; no broader scientific inference.
COMP-FACTORY-001,v1.1 authoritative evidence,experiments/lab_001_xy_connection_20260626/data/processed/COMP-FACTORY-001/COMP-FACTORY-001-AI-LATTICE-20260731-142459/INDEPENDENT_QA_SUMMARY.json,file:///C:/Users/chuck/Documents/Codex/2026-06-22/a2f23dee1d9a824b840a0175ca9a1f4b-https-app-notion-com-p/experiments/lab_001_xy_connection_20260626/data/processed/COMP-FACTORY-001/COMP-FACTORY-001-AI-LATTICE-20260731-142459/INDEPENDENT_QA_SUMMARY.json,83b56004467997dc01055b451327f93a467be07282904b2c9371c7910c264037,425,2026-07-31T14:25:12+09:00,Use only within the REPORT/QA scope; no broader scientific inference.
COMP-FACTORY-001,v1.1 authoritative evidence,experiments/lab_001_xy_connection_20260626/data/processed/COMP-FACTORY-001/COMP-FACTORY-001-AI-LATTICE-20260731-142459/MANIFEST.json,file:///C:/Users/chuck/Documents/Codex/2026-06-22/a2f23dee1d9a824b840a0175ca9a1f4b-https-app-notion-com-p/experiments/lab_001_xy_connection_20260626/data/processed/COMP-FACTORY-001/COMP-FACTORY-001-AI-LATTICE-20260731-142459/MANIFEST.json,8e1c248c69290692381883823bb2e84f0675cfcca3fc9fa76f302d5cdc7a4eda,4874,2026-07-31T14:25:03+09:00,Use only within the REPORT/QA scope; no broader scientific inference.
COMP-FACTORY-001,v1.1 authoritative evidence,experiments/lab_001_xy_connection_20260626/data/processed/COMP-FACTORY-001/COMP-FACTORY-001-AI-LATTICE-20260731-142459/producer_QA.csv,file:///C:/Users/chuck/Documents/Codex/2026-06-22/a2f23dee1d9a824b840a0175ca9a1f4b-https-app-notion-com-p/experiments/lab_001_xy_connection_20260626/data/processed/COMP-FACTORY-001/COMP-FACTORY-001-AI-LATTICE-20260731-142459/producer_QA.csv,8a0ade335c5256c4b92fb7fd6f3e15c44ae53d80f7cbdc3a16f4511f949f49e9,702,2026-07-31T14:25:03+09:00,Use only within the REPORT/QA scope; no broader scientific inference.
COMP-FACTORY-001,v1.1 authoritative evidence,experiments/lab_001_xy_connection_20260626/data/processed/COMP-FACTORY-001/COMP-FACTORY-001-AI-LATTICE-20260731-142459/REPORT.md,file:///C:/Users/chuck/Documents/Codex/2026-06-22/a2f23dee1d9a824b840a0175ca9a1f4b-https-app-notion-com-p/experiments/lab_001_xy_connection_20260626/data/processed/COMP-FACTORY-001/COMP-FACTORY-001-AI-LATTICE-20260731-142459/REPORT.md,0a74819b3dc792948dbb9a887a42b17cb2af42b5010f632f9aa6b1d5784de6c4,699,2026-07-31T14:25:03+09:00,Use only within the REPORT/QA scope; no broader scientific inference.
COMP-FACTORY-002,v1.1 authoritative evidence,experiments/lab_001_xy_connection_20260626/data/processed/COMP-FACTORY-002/COMP-FACTORY-002-AI-LATTICE-PILOT-20260731-144749/INDEPENDENT_QA.csv,file:///C:/Users/chuck/Documents/Codex/2026-06-22/a2f23dee1d9a824b840a0175ca9a1f4b-https-app-notion-com-p/experiments/lab_001_xy_connection_20260626/data/processed/COMP-FACTORY-002/COMP-FACTORY-002-AI-LATTICE-PILOT-20260731-144749/INDEPENDENT_QA.csv,fdefb6bfd552efbc9ef97d2aed2b1952e6ac90655940c5c62ca13611a710b08b,3494,2026-07-31T14:47:58+09:00,Use only within the REPORT/QA scope; no broader scientific inference.
COMP-FACTORY-002,v1.1 authoritative evidence,experiments/lab_001_xy_connection_20260626/data/processed/COMP-FACTORY-002/COMP-FACTORY-002-AI-LATTICE-PILOT-20260731-144749/INDEPENDENT_QA_SUMMARY.json,file:///C:/Users/chuck/Documents/Codex/2026-06-22/a2f23dee1d9a824b840a0175ca9a1f4b-https-app-notion-com-p/experiments/lab_001_xy_connection_20260626/data/processed/COMP-FACTORY-002/COMP-FACTORY-002-AI-LATTICE-PILOT-20260731-144749/INDEPENDENT_QA_SUMMARY.json,b3514e59f747834d77c325b77e96c9443ed739f463a30705562b9c74b0c9c68b,480,2026-07-31T14:47:58+09:00,Use only within the REPORT/QA scope; no broader scientific inference.
COMP-FACTORY-002,v1.1 authoritative evidence,experiments/lab_001_xy_connection_20260626/data/processed/COMP-FACTORY-002/COMP-FACTORY-002-AI-LATTICE-PILOT-20260731-144749/MANIFEST.json,file:///C:/Users/chuck/Documents/Codex/2026-06-22/a2f23dee1d9a824b840a0175ca9a1f4b-https-app-notion-com-p/experiments/lab_001_xy_connection_20260626/data/processed/COMP-FACTORY-002/COMP-FACTORY-002-AI-LATTICE-PILOT-20260731-144749/MANIFEST.json,286426acf31db50667cdb091184c39c90717b3ad226c6a241760d9854a1b08ee,4393,2026-07-31T14:47:56+09:00,Use only within the REPORT/QA scope; no broader scientific inference.
COMP-FACTORY-002,v1.1 authoritative evidence,experiments/lab_001_xy_connection_20260626/data/processed/COMP-FACTORY-002/COMP-FACTORY-002-AI-LATTICE-PILOT-20260731-144749/producer_QA.csv,file:///C:/Users/chuck/Documents/Codex/2026-06-22/a2f23dee1d9a824b840a0175ca9a1f4b-https-app-notion-com-p/experiments/lab_001_xy_connection_20260626/data/processed/COMP-FACTORY-002/COMP-FACTORY-002-AI-LATTICE-PILOT-20260731-144749/producer_QA.csv,d6887cf317d7463188d49de70ef587cfa240c3e98c87115d6cf9fdd24b883805,464,2026-07-31T14:47:55+09:00,Use only within the REPORT/QA scope; no broader scientific inference.
COMP-FACTORY-002,v1.1 authoritative evidence,experiments/lab_001_xy_connection_20260626/data/processed/COMP-FACTORY-002/COMP-FACTORY-002-AI-LATTICE-PILOT-20260731-144749/REPORT.md,file:///C:/Users/chuck/Documents/Codex/2026-06-22/a2f23dee1d9a824b840a0175ca9a1f4b-https-app-notion-com-p/experiments/lab_001_xy_connection_20260626/data/processed/COMP-FACTORY-002/COMP-FACTORY-002-AI-LATTICE-PILOT-20260731-144749/REPORT.md,3e172b200e3e87936b476635af10726f933eac665c9ec1f7184686acfb906623,997,2026-07-31T14:47:56+09:00,Use only within the REPORT/QA scope; no broader scientific inference.
COMP-FACTORY-002,v1.1 authoritative evidence,experiments/lab_001_xy_connection_20260626/data/processed/COMP-FACTORY-002/COMP-FACTORY-002-AI-LATTICE-PILOT-20260731-144749/target_screening_summary.csv,file:///C:/Users/chuck/Documents/Codex/2026-06-22/a2f23dee1d9a824b840a0175ca9a1f4b-https-app-notion-com-p/experiments/lab_001_xy_connection_20260626/data/processed/COMP-FACTORY-002/COMP-FACTORY-002-AI-LATTICE-PILOT-20260731-144749/target_screening_summary.csv,0cc53fa52ada10109b93f4ac25464e94fbde6048a05ecdccaa59b4a862a896f9,4973,2026-07-31T14:47:55+09:00,Use only within the REPORT/QA scope; no broader scientific inference.
COMP-FACTORY-002,v1.1 authoritative evidence,experiments/lab_001_xy_connection_20260626/data/processed/COMP-FACTORY-002/COMP-FACTORY-002-AI-LATTICE-PILOT-20260731-144749/target_y_source_block_summary.csv,file:///C:/Users/chuck/Documents/Codex/2026-06-22/a2f23dee1d9a824b840a0175ca9a1f4b-https-app-notion-com-p/experiments/lab_001_xy_connection_20260626/data/processed/COMP-FACTORY-002/COMP-FACTORY-002-AI-LATTICE-PILOT-20260731-144749/target_y_source_block_summary.csv,b9f53e8238d26fdace60163d47fe5e68838effe8c1d65d1728ed748a6fc2a5c7,6336,2026-07-31T14:47:55+09:00,Use only within the REPORT/QA scope; no broader scientific inference.
STRICT-STEP-026,terminal_snapshot_v1_1_r2,05_DESCRIPTOR_XREG_GEOMETRY_EVIDENCE/STRICT-STEP-026/RUN_STATE.json,package://05_DESCRIPTOR_XREG_GEOMETRY_EVIDENCE/STRICT-STEP-026/RUN_STATE.json,631ad313e9e38140f3d3a9d9f6daa5b6c033243ee873cae58f407972ac17f7aa,255,2026-08-02T00:47:06+09:00,Immutable package snapshot; terminal C1 state only; no cross-family scientific generalization.
SUBMIT-CLOSE-001,package_snapshot_v1_1_r2,09_LIMITATIONS_AND_RESUME/AI_START_HERE_SOURCE_POINTER.md,package://09_LIMITATIONS_AND_RESUME/AI_START_HERE_SOURCE_POINTER.md,c44b18d5aff34d87590939cd74eff23bb1c6a92252e1287651d0a6a98d0cf159,370406,2026-08-02T00:47:06+09:00,Package-specific current-state override; historical body remains read-only below the banner.
COMP-FACTORY-003,primary_report,07_COMPRESSION_DATA_AND_PILOT/COMP-FACTORY-004_HANDOFF/REPORT.md,07_COMPRESSION_DATA_AND_PILOT/COMP-FACTORY-004_HANDOFF/REPORT.md,183742bc6fad23921a14ce513570b27995d0800b0cd4387b684da0445187f6e6,5129,2026-08-02T02:50:34+09:00,technical intake and pilot summary only
COMP-FACTORY-004,pipeline_source,07_COMPRESSION_DATA_AND_PILOT/COMP-FACTORY-004_PIPELINE_SOURCE/PIPELINE_REPRODUCTION_GUIDE.md,07_COMPRESSION_DATA_AND_PILOT/COMP-FACTORY-004_PIPELINE_SOURCE/PIPELINE_REPRODUCTION_GUIDE.md,f5b57857028f935de746a872dc8f2e0d77c69064457586893caaf59f3eaca489,2552,2026-08-02T02:50:34+09:00,reproduction instructions; no promotion
COMP-FACTORY-004,bcl_QA,07_COMPRESSION_DATA_AND_PILOT/COMP-FACTORY-004_BCL/independent_QA_v2.json,07_COMPRESSION_DATA_AND_PILOT/COMP-FACTORY-004_BCL/independent_QA_v2.json,a3a5c30ad6d9666aa8630dbd0bde459f30c029e9ae068bc42d63bcf40485b0f9,383,2026-08-02T02:50:34+09:00,10/10 PASS_WITH_WARNINGS
COMP-FACTORY-004,voronoi_QA,07_COMPRESSION_DATA_AND_PILOT/COMP-FACTORY-004_VORONOI/independent_QA_v2.json,07_COMPRESSION_DATA_AND_PILOT/COMP-FACTORY-004_VORONOI/independent_QA_v2.json,dc95c54a9aa18472499d90ee3f0c8b8d6cb719b1f4b7d8a51f11f8d47ee3e2eb,388,2026-08-02T02:50:34+09:00,10/10 PASS_WITH_WARNINGS
COMP-FACTORY-003,source_manifest,04_REFERENCE_INPUTS/doctor_compression_data_20260802/SOURCE_MANIFEST.csv,04_REFERENCE_INPUTS/doctor_compression_data_20260802/SOURCE_MANIFEST.csv,8e51549c2127c4b7bcca7ab2c96522843075a635a92c1dd9d300935ec647fe74,4650,2026-08-02T02:50:34+09:00,11 protected sources; large files external
