path,sha256,source_status,line_count,ast_parse,functions,classes,imports
experiments/lab_001_xy_connection_20260626/prep/POST_NB_INTEGRATE_001_FS_TRAIN_20260729/preflight_no_fit.py,ecf03a9af0d1baa9c3b38e161ef18266787d7d19aa4b1fab972ed0d656a0fee2,support_or_unclassified,98,pass,"['sha256', 'validate', 'main']",[],"['__future__', 'argparse', 'hashlib', 'json', 'pathlib', 'typing']"
experiments/lab_001_xy_connection_20260626/results/HANDOFF-SYNC-001/HANDOFF-CUTOFF-20260731-001/HANDOFF_SYNC_001_build.py,7ba08873d366d79ef808fa637784f32bc9a4beaee5a4171800b39e3a2890a022,support_or_unclassified,432,pass,"['rel', 'sha256', 'text', 'source_status', 'file_url', 'safe_json', 'meaningful_line', 'notebook_audit', 'py_audit', 'all_files', 'first_evidence', 'infer_work_status', 'discover_latest_run', 'find_by_name', 'write_csv', 'build_svg', 'build_html', 'main']",[],"['__future__', 'ast', 'csv', 'hashlib', 'html', 'json', 'os', 're', 'subprocess', 'sys', 'collections', 'datetime', 'pathlib', 'typing', 'urllib.parse']"
experiments/lab_001_xy_connection_20260626/scripts/CINT_01_build_contract_fixtures.py,5b36e5bccadaa9f852ef169d19ff78a9d9345f9b0b4f91ca9683d6c745f1356e,research_factory_or_qa_script,554,pass,"['rel', 'read_csv', 'write_csv', 'write_json', 'source_ref', 'provenance', 'build_fixtures', 'write_registries', 'main']",[],"['__future__', 'csv', 'json', 'sys', 'pathlib', 'typing', 'urp4.contracts.v0_1.canonical', 'urp4.contracts.v0_1.ids', 'urp4.contracts.v0_1.validation']"
experiments/lab_001_xy_connection_20260626/scripts/CINT_01_protected_asset_guard.py,616b87a0dbc0399b48707f57928ae59f107f1126e2ffec96a1b0b518d66b0d69,research_factory_or_qa_script,222,pass,"['sha256_file', 'relative', 'git_value', 'collect_protected_assets', 'write_csv', 'read_csv', 'verify', 'main']",[],"['__future__', 'argparse', 'csv', 'hashlib', 'subprocess', 'pathlib']"
experiments/lab_001_xy_connection_20260626/scripts/CINT_01_run_harness.py,f3256987da375d02fd17e55f39beb69089afd094c4cfbe6cef4ec119323c3428,research_factory_or_qa_script,238,pass,"['sha256_file', 'rel', 'run', 'write_csv', 'main']",[],"['__future__', 'csv', 'hashlib', 'json', 're', 'subprocess', 'sys', 'datetime', 'pathlib']"
experiments/lab_001_xy_connection_20260626/scripts/CINT_02_run_harness.py,ac521fc04272267cd50494d8c0552b9532df09afc624ba08adeb1741a00d9afb,research_factory_or_qa_script,805,pass,"['rel', 'ensure_dirs', 'json_default', 'write_json', 'load_json', 'import_module', 'sha256_text', 'aggregate_directory_hash', 'make_authority_fixtures', 'canonical_panel_rows', 'color_combine', 'panel_png_dir', 'generate_missing_panel_pngs', 'validate_gray_contract', 'make_panel_manifest', 'reconstruct_masks', 'authority_once', 'panel_once', 'compare_payload', 'tolerance_for', 'flatten_values', 'protected_snapshot', 'make_applicability', 'make_report', 'output_manifest', 'refresh_manifest_only', 'main']",[],"['__future__', 'argparse', 'contextlib', 'csv', 'hashlib', 'importlib.util', 'io', 'json', 'math', 'os', 'shutil', 'subprocess', 'sys', 'tempfile', 'time', 'datetime', 'pathlib', 'typing', 'cv2', 'numpy', 'pandas', 'urp4.legacy_reference.v0_1.adapters', 'urp4.legacy_reference.v0_1.loader']"
experiments/lab_001_xy_connection_20260626/scripts/CINT_03_run_harness.py,c8d4c8555596b74b58b8875a90c55c9e5e05b35a77d1629ba740191707dbe9a9,research_factory_or_qa_script,423,pass,"['rel', 'write_csv', 'write_json', 'write_jsonl', 'run_logged', 'package_sha256', 'b3_streaming_proof', 'gate', 'main']",[],"['__future__', 'csv', 'hashlib', 'json', 're', 'subprocess', 'sys', 'datetime', 'pathlib', 'typing', 'pandas', 'urp4.contracts.v0_1.canonical', 'urp4.descriptor_service.v0_1.contracts', 'urp4.descriptor_service.v0_1.run139', 'urp4.descriptor_service.v0_1.models', 'urp4.descriptor_service.v0_1.pipeline', 'urp4.descriptor_service.v0_1.qa']"
experiments/lab_001_xy_connection_20260626/scripts/CINT_04_reference_adapter.py,93958b553e5500fbda5437a7cfb909d2690ae20933aaa5aada2f02a8af9ea4bf,research_factory_or_qa_script,127,pass,"['reference_config', 'load_reference_namespace', 'selected_function_lineage']",['ReferenceGraph'],"['__future__', 'ast', 'json', 'math', 'statistics', 'sys', 'collections', 'dataclasses', 'pathlib', 'types', 'typing', 'numpy', 'pandas', 'trimesh', 'openpyxl', 'scipy.spatial.distance', 'urp4.contracts.v0_1.canonical', 'urp4.generators.lattice_typeab.v0_1.models']"
experiments/lab_001_xy_connection_20260626/scripts/CINT_04_run_harness.py,5c04f7a407973acebc17190a124d74585ea2b650d50c7f08116d535759a2c0ef,research_factory_or_qa_script,325,pass,"['relative', 'write_csv', 'run_logged', 'gate', 'make_type_b_fixture', 'main']",[],"['__future__', 'csv', 'json', 'shutil', 'subprocess', 'sys', 'pathlib', 'numpy', 'openpyxl', 'urp4.contracts.v0_1.canonical', 'urp4.contracts.v0_1.validation', 'urp4.generators.lattice_typeab.v0_1', 'urp4.generators.lattice_typeab.v0_1.contracts', 'urp4.generators.lattice_typeab.v0_1.plugin', 'urp4.generators.lattice_typeab.v0_1.type_b', 'experiments.lab_001_xy_connection_20260626.scripts.CINT_04_reference_adapter']"
experiments/lab_001_xy_connection_20260626/scripts/CINT_05_reference_adapter.py,7babce886cb278cbefe99a3123d9e463fb5d6b09982a95aeaedfd800e1138e33,research_factory_or_qa_script,165,pass,"['_notebook', 'load_reference_namespace', 'build_reference_registry', 'selected_function_lineage']",[],"['__future__', 'ast', 'hashlib', 'json', 'struct', 'threading', 'pathlib', 'numpy', 'scipy.ndimage', 'skimage', 'urp4.contracts.v0_1.canonical']"
experiments/lab_001_xy_connection_20260626/scripts/CINT_05_run_harness.py,6c3f8d59445ad55903367215fff47a4b5d3e114fb69c0a32806698c68bb672a2,research_factory_or_qa_script,373,pass,"['relative', 'write_csv', 'run_logged', 'gate', 'main']",[],"['__future__', 'csv', 'hashlib', 'json', 're', 'shutil', 'subprocess', 'sys', 'pathlib', 'numpy', 'urp4.contracts.v0_1.canonical', 'urp4.contracts.v0_1.validation', 'urp4.generators.tpms_multiwall.v0_1', 'urp4.generators.tpms_multiwall.v0_1.contracts', 'urp4.generators.tpms_multiwall.v0_1.exporters', 'urp4.generators.tpms_multiwall.v0_1.masking', 'urp4.generators.tpms_multiwall.v0_1.plugin', 'experiments.lab_001_xy_connection_20260626.scripts.CINT_05_reference_adapter']"
experiments/lab_001_xy_connection_20260626/scripts/CINT_06_reference_adapter.py,2c6c0ed1785a6205099a96fb918e1f67f0b5b17ab60fc851b3ad1cd5b0789937,research_factory_or_qa_script,131,pass,"['_notebook', 'function_lineage', 'load_reference_namespace', 'make_reference_registry']",[],"['__future__', 'ast', 'hashlib', 'json', 'math', 'struct', 'threading', 'pathlib', 'numpy', 'scipy.ndimage', 'skimage', 'urp4.contracts.v0_1.canonical']"
experiments/lab_001_xy_connection_20260626/scripts/CINT_06_run_harness.py,a5e8b61fd5b0cde4f96e424c80dc311a539a0e20c051e81debf46cc8590519eb,research_factory_or_qa_script,300,pass,"['relative', 'write_csv', 'run_logged', 'gate', 'safe', 'source_config', 'main']",[],"['__future__', 'ast', 'csv', 'hashlib', 'json', 're', 'shutil', 'subprocess', 'sys', 'pathlib', 'numpy', 'urp4.contracts.v0_1.canonical', 'urp4.contracts.v0_1.validation', 'urp4.generators.voxel.v0_1', 'urp4.generators.voxel.v0_1.exporters', 'urp4.generators.voxel.v0_1.kernel', 'urp4.generators.voxel.v0_1.plugin', 'urp4.generators.voxel.v0_1.source_kernel', 'experiments.lab_001_xy_connection_20260626.scripts.CINT_06_reference_adapter']"
experiments/lab_001_xy_connection_20260626/scripts/CINT_07_run_harness.py,646f013d12bdbcdfcab97b8602c1ab6fbced73c40c960a80d8a046af8e1f4f87,research_factory_or_qa_script,646,pass,"['relative', 'write_csv', 'run_logged', 'gate', 'array_hash', 'lattice_fingerprint', 'mask_fingerprint', 'mesh_fingerprint', 'probe', 'lattice_probes', 'tpms_probes', 'voxel_probes', 'load_bundle', 'build_join_fixtures', 'build_schema_rows', 'prior_registry_crosswalk', 'activity_summary', 'output_manifest', 'main']",[],"['__future__', 'copy', 'csv', 'hashlib', 'json', 're', 'shutil', 'subprocess', 'sys', 'dataclasses', 'pathlib', 'typing', 'numpy', 'urp4.contracts.v0_1.canonical', 'urp4.generators.lattice_typeab.v0_1.graph', 'urp4.generators.lattice_typeab.v0_1.models', 'urp4.generators.tpms_multiwall.v0_1.masking', 'urp4.generators.tpms_multiwall.v0_1.models', 'urp4.generators.tpms_multiwall.v0_1.registry', 'urp4.generators.voxel.v0_1.kernel', 'urp4.generators.voxel.v0_1.models', 'urp4.generators.voxel.v0_1.registry', 'urp4.integration.theta_geometry_x.v0_1']"
experiments/lab_001_xy_connection_20260626/scripts/CINT_08_run_harness.py,4c6a460d4b1baf681af422b3c16b597b51e2e4bfa2f6a2761eabf3cb6b40cfa6,research_factory_or_qa_script,394,pass,"['canonical_json_bytes', 'file_sha256', 'relative', 'write_csv', 'run_logged', 'gate', 'split_contract', 'code_identity', 'config_identity', 'fixture_provenance', 'output_manifest', 'main']",[],"['__future__', 'csv', 'hashlib', 'json', 're', 'shutil', 'subprocess', 'sys', 'dataclasses', 'pathlib', 'typing', 'urp4.contracts.v0_1.canonical', 'urp4.contracts.v0_1.ids', 'urp4.contracts.v0_1.validation', 'urp4.training.v0_1']"
experiments/lab_001_xy_connection_20260626/scripts/CINT_09_run_harness.py,bd995e037b5854a1315241e45f4b9be6f1919491af9f95e4816b9e463fbe160f,research_factory_or_qa_script,263,pass,"['relative', 'write_csv', 'write_json', 'file_sha256', 'gate', 'run_logged', 'output_manifest', 'fixture_stage', 'main']",[],"['__future__', 'csv', 'hashlib', 'json', 're', 'shutil', 'subprocess', 'sys', 'dataclasses', 'pathlib', 'typing', 'urp4.contracts.v0_1.canonical', 'urp4.orchestration.v0_1']"
experiments/lab_001_xy_connection_20260626/scripts/CODE_MAP_001_build_code_inventory.py,761c123040d32d424705226ec343ec8d927bd4d798a086335a5aa2760de16413,research_factory_or_qa_script,171,pass,"['sha256', 'classify', 'main']",[],"['__future__', 'csv', 'hashlib', 'pathlib']"
experiments/lab_001_xy_connection_20260626/scripts/CTRL_20260721_dual_track_coordination_preregistration.py,b1b77a4e5955d3660d6e688d4c8a9d081e81d0ff4d8790a3a8c81023ad9e138a,research_factory_or_qa_script,366,pass,"['now_kst', 'sha256', 'read_json', 'csv_header', 'write_csv', 'main']",[],"['__future__', 'csv', 'hashlib', 'json', 'subprocess', 'datetime', 'pathlib']"
experiments/lab_001_xy_connection_20260626/scripts/FAST_CAP_001_xonly_bank_audit.py,9047e4433fd0d0e33bd764ca0c3b19d3322137996fa79c89a37f8e7461dbc377,research_factory_or_qa_script,12,pass,['main'],[],"['__future__', 'json', 'pathlib', 'numpy', 'pandas']"
experiments/lab_001_xy_connection_20260626/scripts/HQ_BLUEPRINT_001_build.py,84e4b09073668de1394deba164828b1783e49f708d06370601ec7e0653b0b06f,research_factory_or_qa_script,287,pass,"['sha256', 'tree_identity', 'write_json', 'write_csv', 'stage', 'protected_baseline', 'stage_doc', 'build_notebook', 'main']",[],"['__future__', 'csv', 'hashlib', 'json', 'pathlib', 'typing', 'nbformat']"
experiments/lab_001_xy_connection_20260626/scripts/HQ_BLUEPRINT_001_verify.py,e0478bd4f782268d6ee830678eaaebbff32193972e4d6a0888107ebe88070305,research_factory_or_qa_script,238,pass,"['sha256', 'tree_identity', 'write_csv', 'protected_audit', 'run_regression', 'main']",[],"['__future__', 'argparse', 'ast', 'csv', 'hashlib', 'json', 'subprocess', 'sys', 'dataclasses', 'pathlib', 'typing', 'nbformat', 'urp4.hq.v0_2']"
experiments/lab_001_xy_connection_20260626/scripts/HQ_GEOM_001_generated_family_normalization_regression.py,949a1f4f517bc5766fc23df3b424411212ef71b0c727bad81b0f9d3fb1fb048d,research_factory_or_qa_script,241,pass,"['write_json', 'write_csv', 'load_tables', 'ensure_descriptor', 'preflight', 'main']",[],"['__future__', 'argparse', 'csv', 'hashlib', 'json', 'sys', 'pathlib', 'numpy', 'pandas', 'urp4.contracts.v0_1.canonical', 'urp4.descriptor_service.v0_1', 'urp4.descriptor_service.v0_1.models', 'urp4.geometry_io.v0_3.source_preflight', 'urp4.geometry_io.v0_5']"
experiments/lab_001_xy_connection_20260626/scripts/HQ_GEOM_001_independent_qa.py,4832e04277379577580bfc8f637ea6f4e1988a418e4dbfdc68bb35d5b6b01c97,research_factory_or_qa_script,171,pass,"['write_csv', 'sha256', 'tree_hash', 'verify_local_manifest', 'recompute_scalars', 'main']",[],"['__future__', 'csv', 'hashlib', 'json', 'sys', 'pathlib', 'numpy', 'pandas', 'urp4.contracts.v0_1.canonical', 'urp4.descriptor_service.v0_1.geometry']"
experiments/lab_001_xy_connection_20260626/scripts/HQ_GEOM_002_contract_and_parity_QA.py,86c0bcd93cedca05a8f15d3bc61b9ca97b03970e52047bf14e9cc4d5fa512e2e,research_factory_or_qa_script,123,pass,"['write_csv', 'tree_hash', 'main']",[],"['__future__', 'csv', 'hashlib', 'json', 'sys', 'tempfile', 'dataclasses', 'pathlib', 'pandas', 'numpy', 'urp4.contracts.v0_1.canonical', 'urp4.hq.v0_3']"
experiments/lab_001_xy_connection_20260626/scripts/HQ_GEOM_002_generated_n40_development_route.py,3b0062ce5ffc4335e61b780c8b0c9f5f3a9f7c452222a5dc329c4dabb4c0dfd3,research_factory_or_qa_script,60,pass,"['write_csv', 'main']",[],"['__future__', 'csv', 'json', 'sys', 'pathlib', 'urp4.hq.v0_3']"
experiments/lab_001_xy_connection_20260626/scripts/HQ_GEOM_003_lattice_tpms_topology_exception_preregistration.py,91ec24951698ba499186a83b01623e21adc37c5b52657bbddc6ada338a69a7e8,research_factory_or_qa_script,173,pass,"['write_csv', 'tree_hash', 'protected_audit', 'main']",[],"['__future__', 'csv', 'hashlib', 'json', 'platform', 'sys', 'pathlib', 'urp4.contracts.v0_1.canonical', 'urp4.geometry_io.v0_3.source_preflight']"
experiments/lab_001_xy_connection_20260626/scripts/IMSTL_001_independent_qa.py,a71bc64b2ac10d3ebb26f908ac25ca271ad710f527b0fd3d7fd846923624ab04,research_factory_or_qa_script,65,pass,"['digest', 'main']",[],"['__future__', 'csv', 'json', 'hashlib', 'pathlib']"
experiments/lab_001_xy_connection_20260626/scripts/IMSTL_001_source_router_preflight.py,e4718fc7ef4e2df4227a51bb191807d93eb06c5eccba5e0e6ff845589451870f,research_factory_or_qa_script,210,pass,"['now', 'file_sha', 'atomic_json', 'atomic_csv', 'records', 'main']",[],"['__future__', 'csv', 'json', 'os', 'datetime', 'hashlib', 'pathlib', 'sys', 'time', 'urp4.geometry_io.v0_3']"
experiments/lab_001_xy_connection_20260626/scripts/IMSTL_002_independent_qa.py,f4c6d052ef60c312bd77446eae40f0647b82948a59ac0f322b3d05f3f12aed34,research_factory_or_qa_script,57,pass,"['sha256', 'main']",[],"['__future__', 'csv', 'hashlib', 'json', 'pathlib', 'cv2', 'numpy']"
experiments/lab_001_xy_connection_20260626/scripts/IMSTL_002_l28_robust_intersection_contour_prototype.py,a8a31dfb518ad829fef3974cc200346836578747a4f64e91ae03432243fbd17c,research_factory_or_qa_script,337,pass,"['now', 'sha256', 'stable_hash', 'write_json', 'write_csv', 'load_factory', 'load_mask', 'metrics', 'canonical_face_keys', 'deduplicate_faces', 'segment_groups', 'graph_diagnostics', 'choose_segments', 'normalize_stl', 'save_panel', 'main']",[],"['__future__', 'csv', 'hashlib', 'importlib.util', 'json', 'os', 'sys', 'collections', 'datetime', 'pathlib', 'typing', 'cv2', 'numpy', 'PIL']"
experiments/lab_001_xy_connection_20260626/scripts/IMSTL_003_independent_qa.py,933c35deaac6e0d657f364bef04239d4da334c615186f56bc129be050afa575a,research_factory_or_qa_script,23,pass,"['sha', 'main']",[],"['__future__', 'csv', 'hashlib', 'json', 'pathlib', 'cv2', 'numpy']"
experiments/lab_001_xy_connection_20260626/scripts/IMSTL_003_l28_oriented_winding_material_region_doe.py,5a4bd48a2e74445aaee28d0f241f64abb0b971c70c838d512e6eb0f1d1425622,research_factory_or_qa_script,230,pass,"['now', 'load_module', 'write_json', 'write_csv', 'oriented_section', 'winding_raster', 'face_components', 'load_mask', 'compare', 'save_panel', 'main']",[],"['__future__', 'csv', 'importlib.util', 'json', 'math', 'os', 'sys', 'datetime', 'pathlib', 'typing', 'cv2', 'numpy', 'PIL']"
experiments/lab_001_xy_connection_20260626/scripts/IMSTL_004_independent_qa.py,3e17ad578ecb73b27931b87c65ab0fc67bc451532bad984f585cc5ae761497f2,research_factory_or_qa_script,28,pass,"['sha', 'main']",[],"['__future__', 'csv', 'hashlib', 'json', 'math', 'random', 'pathlib', 'cv2', 'numpy', 'pandas']"
experiments/lab_001_xy_connection_20260626/scripts/IMSTL_004_l28_full801_oriented_winding_validation.py,1f81e037e6acb0fecd2d5c8ce6c9268fab4dec9aa77319d7c43a8b4496dfd327,research_factory_or_qa_script,128,pass,"['now', 'sha', 'stable', 'load_module', 'write_json', 'write_csv', 'read_csv', 'load_mask', 'mask_hash', 'compare', 'features', 'overlay', 'safe_corr', 'build_contract', 'process_vf', 'finalize', 'main']",[],"['__future__', 'csv', 'hashlib', 'importlib.util', 'json', 'math', 'os', 'sys', 'time', 'datetime', 'pathlib', 'typing', 'cv2', 'numpy', 'pandas', 'scipy.stats']"
experiments/lab_001_xy_connection_20260626/scripts/IMSTL_005_build_nb_dev_v0_5.py,f44f66b302f04c43a028f4ff62899488fbcfbd5c3385fc67003364096865d00c,research_factory_or_qa_script,255,pass,"['_cell', 'build', 'main']",[],"['__future__', 'argparse', 'hashlib', 'json', 'pathlib']"
experiments/lab_001_xy_connection_20260626/scripts/IMSTL_005_independent_qa.py,2215067711979a76d0b06fe1658abf00266daba0b448b1964c6c736103c784ec,research_factory_or_qa_script,118,pass,"['sha256', 'source_with', 'load_mask', 'main']",[],"['__future__', 'hashlib', 'json', 'sys', 'pathlib', 'cv2', 'nbformat', 'numpy', 'pandas', 'urp4.geometry_io.v0_4']"
experiments/lab_001_xy_connection_20260626/scripts/IMSTL_005_nb_dev_integration_smoke.py,a8e3f9fdb95d473c7fed9433b7563fd91e139f2fea28a14f2902de63444f1111,research_factory_or_qa_script,234,pass,"['sha256', 'write_json', 'execute_cell', 'configure_minimal', 'main']",[],"['__future__', 'contextlib', 'hashlib', 'io', 'json', 'os', 'shutil', 'datetime', 'pathlib', 'nbformat', 'pandas']"
experiments/lab_001_xy_connection_20260626/scripts/IMSTL_006_independent_qa.py,6e98e5aee43f25e5cad9311d74a611f6507f02023c5aff4765b06f0bbf4c56d5,research_factory_or_qa_script,207,pass,"['file_sha256', 'write_csv', 'main']",[],"['__future__', 'csv', 'hashlib', 'json', 'sys', 'pathlib', 'cv2', 'numpy', 'pandas', 'urp4.geometry_io.v0_4']"
experiments/lab_001_xy_connection_20260626/scripts/IMSTL_006_small_generalization_factory.py,91d7397123de7928172ed5cfc65e1e38ab4812bf1140e48c354f882af35c6d7a,research_factory_or_qa_script,568,pass,"['sha256', 'write_json', 'write_csv', 'load_formula_namespace', 'selected_slice_gate', 'process_model', 'finite', 'analyze', 'run_selected_phase', 'main']",['Aggregator'],"['__future__', 'contextlib', 'argparse', 'csv', 'hashlib', 'io', 'json', 'math', 'os', 'shutil', 'sys', 'time', 'collections', 'datetime', 'pathlib', 'cv2', 'nbformat', 'numpy', 'pandas', 'urp4.geometry_io.v0_4']"
experiments/lab_001_xy_connection_20260626/scripts/IMSTL_007_f1_resolution_pixel_phase_diagnosis.py,67de5aac713d4c1ae5ac56650e48756a6a2296cf2a7417c0ec9fec995a4cb763,research_factory_or_qa_script,465,pass,"['now', 'sha256', 'write_json', 'write_csv', 'filtered_topology', 'boundary_band', 'compare_masks', 'baseline_rows', 'contact_sheet', 'build_manifest', 'main']",[],"['__future__', 'csv', 'hashlib', 'json', 'math', 'os', 'sys', 'datetime', 'itertools', 'pathlib', 'cv2', 'numpy', 'pandas', 'urp4.geometry_io.v0_4']"
experiments/lab_001_xy_connection_20260626/scripts/IMSTL_007_independent_qa.py,9b03d2893ebe77bd755572a2f7758d70a9bd0054140437a5ac0c32146bc37271,research_factory_or_qa_script,223,pass,"['sha256', 'write_json', 'write_csv', 'topology', 'compare', 'manifest_valid', 'main']",[],"['__future__', 'csv', 'hashlib', 'json', 'math', 'sys', 'itertools', 'pathlib', 'cv2', 'numpy', 'pandas', 'urp4.geometry_io.v0_4']"
experiments/lab_001_xy_connection_20260626/scripts/IMSTL_008_f1_full_p1000_z801_nonregression.py,0c192181c7529c5de07dd558d8a7bce6ceebe6d44c0fa310ea8678c603ae0efc,research_factory_or_qa_script,207,pass,"['sha256', 'tree_identity', 'protected_audit', 'write_json', 'write_csv', 'main']",[],"['__future__', 'csv', 'hashlib', 'json', 'shutil', 'sys', 'datetime', 'pathlib', 'pandas', 'urp4.hq.v0_1', 'urp4.hq.v0_1.controller']"
experiments/lab_001_xy_connection_20260626/scripts/IMSTL_008_independent_qa.py,52b1bb88ee5dc0e416037c63ee885fa8e908a19bae6e558532bd3a0a9129293c,research_factory_or_qa_script,216,pass,"['sha256', 'tree_identity', 'write_json', 'write_csv', 'recompute_scalars', 'selected_replay', 'main']",[],"['__future__', 'csv', 'hashlib', 'json', 'math', 'sys', 'pathlib', 'cv2', 'numpy', 'pandas', 'urp4.geometry_io.v0_4']"
experiments/lab_001_xy_connection_20260626/scripts/L28_BUILD_VISUAL_REVIEW_QUEUE.py,897fc81b34be4504c63f6b72247748b58932be2293331c054929ed97150d92a7,research_factory_or_qa_script,121,pass,"['read_rows', 'load_gray', 'panel', 'stat_montage', 'route_montage', 'main']",[],"['__future__', 'csv', 'pathlib', 'cv2', 'numpy']"
experiments/lab_001_xy_connection_20260626/scripts/L28_DESCRIPTOR_VALIDATION_PACKAGE_PHASE1_TO_4.py,a4e1dbad9d07d647c8bbd1c0be4e7b51faffded6a7fbf02ee1d260e9281a313e,research_factory_or_qa_script,308,pass,"['utc_now', 'sha256', 'mask_hash', 'read_csv', 'atomic_csv', 'atomic_json', 'atomic_text', 'robust_z', 'profile_stats', 'phase1', 'build_profiles', 'phase2_and_3', 'phase4', 'main']",[],"['__future__', 'csv', 'hashlib', 'json', 'math', 'os', 'statistics', 'sys', 'collections', 'datetime', 'pathlib', 'typing', 'cv2', 'numpy']"
experiments/lab_001_xy_connection_20260626/scripts/L28_STL2STP_AND_RESOLUTION_CONCLUSION_FACTORY.py,b7a9b0f50024960d0e3ddfe73f10d5a2f675070cbd7a94224a1506e52d95e429,research_factory_or_qa_script,414,pass,"['now', 'sha256', 'load_module', 'atomic_json', 'atomic_csv', 'load_mask', 'mask_metrics', 'solidize_closed_shells', 'proxy_shapes', 'raster_shell', 'raster_solids', 'component_stats', 'overlay_stats', 'summarize', 'main']",[],"['__future__', 'csv', 'hashlib', 'importlib.util', 'json', 'math', 'os', 'statistics', 'sys', 'time', 'collections', 'datetime', 'pathlib', 'typing', 'cv2', 'numpy']"
experiments/lab_001_xy_connection_20260626/scripts/L28_VF45_ABC_FULL801_DIAGNOSTIC.py,b9ca2e0ed300a58f4280880f50449bbf9d87cdba46625869a628cc77c726e5a4,research_factory_or_qa_script,59,pass,"['mask', 'metrics', 'main']",[],"['__future__', 'csv', 'json', 'pathlib', 'cv2', 'numpy']"
experiments/lab_001_xy_connection_20260626/scripts/NB_INTEGRATE_001_build_development_notebook.py,291b67c2bb78d8f5747c79274934f3c4f2e011e7a5c4c66605b648a5eb3e5c95,research_factory_or_qa_script,114,pass,"['sha256', 'cell', 'main']",[],"['__future__', 'hashlib', 'json', 'pathlib']"
experiments/lab_001_xy_connection_20260626/scripts/NB_INTEGRATE_001_controller_smoke.py,1e9366986c8f22cf23891f613d35e9f2ced27e25af4ecca2bd4f46f1f6cbcafc,research_factory_or_qa_script,98,pass,"['sha256', 'main']",[],"['__future__', 'hashlib', 'json', 'platform', 'sys', 'pathlib', 'urp4.route_policy.v0_1']"
experiments/lab_001_xy_connection_20260626/scripts/NB_INTEGRATE_001_finalize.py,2b9c8fca0b9e8862dc22729dd5ce8434b3790e6b8f201be501d5f7d1508ca1d4,research_factory_or_qa_script,140,pass,"['sha256', 'main']",[],"['__future__', 'csv', 'hashlib', 'json', 'sys', 'pathlib']"
experiments/lab_001_xy_connection_20260626/scripts/NB_INTEGRATE_001_independent_regression_qa.py,abc2186df796ccde2d1fb793b2bff0061e4365366b546f4122630c76dd76ec59,research_factory_or_qa_script,94,pass,"['sha256', 'tree_identity', 'main']",[],"['__future__', 'csv', 'hashlib', 'json', 'subprocess', 'sys', 'pathlib']"
experiments/lab_001_xy_connection_20260626/scripts/NB_INTEGRATE_001_notebook_static_qa.py,54e5bc05bf6eddad4d29ad75bbbb3c65360f5ebd466fbf0b1b323bd38467ef85,research_factory_or_qa_script,49,pass,['main'],[],"['__future__', 'ast', 'json', 'sys', 'pathlib']"
experiments/lab_001_xy_connection_20260626/scripts/PRM052_FAST_utility_statistical_extension_xonly_census.py,e93972e6d7a30242572b558fe7567a73bed4128b879e0eb094efdbf5457a3c88,research_factory_or_qa_script,568,pass,"['now_kst', 'sha256', 'rel', 'write_csv', 'write_json', 'require_kmk312', 'load_t3b', 'file_record', 'freeze_contract', 'validate_contract', 'epsilon', 'finite', 'skew_unbiased', 'kurtosis_excess_unbiased', 'entropy16', 'gini', 'trimmed_mean', 'distribution_extension', 'profile_extension', 'largest_component_profile', 'schema', 'build_values', 'safe_corr', 'redundancy_and_classify', 'robust_space', 'collision', 'protected_audit', 'execute', 'main']",[],"['__future__', 'argparse', 'csv', 'hashlib', 'importlib.util', 'json', 'math', 'platform', 'subprocess', 'sys', 'datetime', 'pathlib', 'typing', 'numpy', 'pandas']"
experiments/lab_001_xy_connection_20260626/scripts/PRM053_FAST_independent_control_QA.py,9cc26cff1ab5bfb0b8301024a217d4bdd5e4954d3c7a03702510e056eb83d79b,research_factory_or_qa_script,293,pass,"['sha256', 'rel', 'write_csv', 'finite', 'eps', 'independent_skew', 'independent_entropy', 'independent_gini', 'independent_trimmed_mean', 'autocorr', 'slope', 'symmetry', 'raw_populations', 'formula_replay', 'robust_space', 'collision_replay', 'protected_replay', 'main']",[],"['__future__', 'hashlib', 'json', 'math', 'platform', 'subprocess', 'sys', 'datetime', 'pathlib', 'numpy', 'pandas']"
experiments/lab_001_xy_connection_20260626/scripts/PRM053_FAST_postmerge_sync_QA.py,efacfac0be74d738a308de784ba3b9c40f0c32d12c38f2cea45456b5886528b1,research_factory_or_qa_script,119,pass,"['sha256', 'text', 'marker_check', 'manifest_check', 'protected_check', 'main']",[],"['__future__', 'hashlib', 'json', 'platform', 'subprocess', 'sys', 'datetime', 'pathlib', 'pandas']"
experiments/lab_001_xy_connection_20260626/scripts/PRM053_FAST_utility_statistical_extension_xonly_census_repair.py,8ae390a2a0ff23c4f3404fb82962bd8fbd247c945bb7d71c0b801531dcf91e3e,research_factory_or_qa_script,572,pass,"['now_kst', 'sha256', 'rel', 'write_csv', 'write_json', 'require_kmk312', 'load_t3b', 'file_record', 'freeze_contract', 'validate_contract', 'epsilon', 'finite', 'skew_unbiased', 'kurtosis_excess_unbiased', 'entropy16', 'gini', 'trimmed_mean', 'distribution_extension', 'profile_extension', 'largest_component_profile', 'schema', 'build_values', 'safe_corr', 'redundancy_and_classify', 'robust_space', 'collision', 'protected_audit', 'execute', 'main']",[],"['__future__', 'argparse', 'csv', 'hashlib', 'importlib.util', 'json', 'math', 'platform', 'subprocess', 'sys', 'datetime', 'pathlib', 'typing', 'numpy', 'pandas']"
experiments/lab_001_xy_connection_20260626/scripts/PRM054_FAST_control_tower_review_QA.py,7d3eaa7d16182663b22da88ead229459942c4f228ef13a522bc475f29a9f3592,research_factory_or_qa_script,224,pass,"['sha256', 'rel', 'manifest_replay', 'contract_hash_replay', 'protected_replay', 'write_csv', 'main']",[],"['__future__', 'hashlib', 'json', 'platform', 'subprocess', 'sys', 'datetime', 'pathlib', 'pandas']"
experiments/lab_001_xy_connection_20260626/scripts/PRM054_FAST_nested_one_additional_feature_preregistration_nofit.py,67cc88efb545a53b034b8483fa3932e0ddc9b934943c3b372280a4b19e7693e7,research_factory_or_qa_script,535,pass,"['now_kst', 'sha256', 'rel', 'record', 'write_csv', 'require_runtime', 'safe_corr', 'relation', 'filter_partition', 'protected_replay', 'main']",[],"['__future__', 'hashlib', 'json', 'math', 'platform', 'subprocess', 'sys', 'datetime', 'pathlib', 'numpy', 'pandas']"
experiments/lab_001_xy_connection_20260626/scripts/PRM054_FAST_postmerge_sync_QA.py,c1cd73326b3d544ec3f27eadb88e45bf027be87ea7e7e14158492ad0d8ae412b,research_factory_or_qa_script,128,pass,"['sha256', 'read', 'marker', 'manifest_replay', 'protected_replay', 'main']",[],"['__future__', 'hashlib', 'json', 'platform', 'subprocess', 'sys', 'datetime', 'pathlib', 'pandas']"
experiments/lab_001_xy_connection_20260626/scripts/PRM054_FAST_preregistration_independent_QA.py,a89d514b26017d1fe9245b79f69163f8b4df7f3531e29b90c2f4a74e1e11aa06,research_factory_or_qa_script,272,pass,"['sha256', 'rel', 'write_csv', 'corr', 'duplicate', 'retained_for_partition', 'protected_replay', 'main']",[],"['__future__', 'hashlib', 'json', 'math', 'platform', 'subprocess', 'sys', 'datetime', 'pathlib', 'numpy', 'pandas']"
experiments/lab_001_xy_connection_20260626/scripts/PRM055_FAST_bounded_grouped_gm_replay.py,21b4e7ba3dff0c544f71a858a5bc7671ece72e63d316b5169b4a3d71664cd7cf,research_factory_or_qa_script,577,pass,"['now_kst', 'sha256', 'rel', 'record', 'write_csv', 'write_json', 'natural_id', 'average_ranks', 'correlation', 'metrics', 'ridge_predict', 'verify_live_authorization', 'protected_replay', 'load_modeling_view', 'support_rows', 'execute']",[],"['__future__', 'hashlib', 'json', 'math', 'platform', 'subprocess', 'sys', 'collections', 'datetime', 'pathlib', 'matplotlib', 'matplotlib.pyplot', 'numpy', 'pandas']"
experiments/lab_001_xy_connection_20260626/scripts/PRM055_FAST_control_tower_review.py,2532a79e8919c84aad06af0512f743c7b0c78e2054531d7333e82d515088e214,research_factory_or_qa_script,205,pass,"['now_kst', 'sha256', 'rel', 'record', 'write_csv', 'manifest_replay', 'protected_replay', 'main']",[],"['__future__', 'hashlib', 'json', 'platform', 'subprocess', 'sys', 'datetime', 'pathlib', 'pandas', 'PIL']"
experiments/lab_001_xy_connection_20260626/scripts/PRM055_FAST_independent_numerical_QA.py,d4094c81bf8a9896867e83255c5f2598712e55796fe5dd809ac17183aa758499,research_factory_or_qa_script,283,pass,"['now_kst', 'sha256', 'rel', 'record', 'write_csv', 'rank', 'corr', 'score', 'ridge', 'replay', 'main']",[],"['__future__', 'hashlib', 'json', 'math', 'platform', 'subprocess', 'sys', 'collections', 'datetime', 'pathlib', 'numpy', 'pandas']"
experiments/lab_001_xy_connection_20260626/scripts/PRM055_FAST_livehash_execution_authorization.py,72d45471708bbfe1958a3c75450f5841f149388bec9b511e824a29f5431f1ea5,research_factory_or_qa_script,226,pass,"['now_kst', 'sha256', 'rel', 'record', 'write_csv', 'manifest_replay', 'protected_replay', 'main']",[],"['__future__', 'hashlib', 'json', 'platform', 'subprocess', 'sys', 'datetime', 'pathlib', 'numpy', 'pandas']"
experiments/lab_001_xy_connection_20260626/scripts/PRM055_FAST_postmerge_sync_QA.py,da6680aa2b15618a71439e44b99fad45307ab80f491607cc291f59138a45d09f,research_factory_or_qa_script,128,pass,"['sha256', 'marker', 'manifest', 'protected', 'main']",[],"['__future__', 'hashlib', 'json', 'platform', 'subprocess', 'sys', 'datetime', 'pathlib', 'pandas']"
experiments/lab_001_xy_connection_20260626/scripts/PRM056_FAST_control_tower_review.py,259550d7b2d0f48e9af34a0ff4345d4d44682a94a0e52440b2b804db64efa625,research_factory_or_qa_script,233,pass,"['now_kst', 'sha256', 'rel', 'record', 'manifest_replay', 'contract_input_replay', 'protected_replay', 'write_csv', 'main']",[],"['__future__', 'hashlib', 'json', 'platform', 'subprocess', 'sys', 'datetime', 'pathlib', 'pandas', 'PIL']"
experiments/lab_001_xy_connection_20260626/scripts/PRM056_FAST_independent_replay_QA.py,1ba760e0bafdc03ec97ec1d138b5fa090d3aa6c22cef77f58cd6148f3888fc21,research_factory_or_qa_script,195,pass,"['require_runtime', 'sha256', 'source', 'tail_ratio', 'feature_support', 'main']",[],"['__future__', 'hashlib', 'json', 'math', 'platform', 'sys', 'pathlib', 'numpy', 'pandas', 'PIL']"
experiments/lab_001_xy_connection_20260626/scripts/PRM056_FAST_postmerge_sync_QA.py,d5f01902e144f63c27ba6c287d1941b1cdba2977ab91d431eea7971fdbf62845,research_factory_or_qa_script,133,pass,"['sha256', 'text', 'manifest_ok', 'protected_ok', 'main']",[],"['__future__', 'hashlib', 'json', 'platform', 'subprocess', 'sys', 'pathlib', 'pandas']"
experiments/lab_001_xy_connection_20260626/scripts/PRM056_FAST_tailratio_source_support_anatomy_nofit.py,1b20a18215ed33eb58b51697aad5cdbdf85ccc25d34b4910c1407f642b3d2170,research_factory_or_qa_script,568,pass,"['now_kst', 'require_kmk312', 'sha256', 'rel', 'write_csv', 'write_json', 'natural_key', 'frozen_inputs', 'freeze_contract', 'validate_contract', 'source_series', 'decompose_all58', 'support_feature_row', 'exact54_anatomy', 'make_figure', 'execute', 'main']",[],"['__future__', 'argparse', 'hashlib', 'json', 'math', 'platform', 'sys', 'datetime', 'pathlib', 'typing', 'matplotlib.pyplot', 'numpy', 'pandas']"
experiments/lab_001_xy_connection_20260626/scripts/PRM057_FAST_control_tower_review.py,99f548d294fa49c9af639ae7cecbdbb2adda25db8c45e39b49f70752f2a8bbf0,research_factory_or_qa_script,251,pass,"['now_kst', 'sha256', 'rel', 'record', 'replay_manifest', 'protected_replay', 'write_csv', 'make_figure', 'main']",[],"['__future__', 'hashlib', 'json', 'platform', 'subprocess', 'sys', 'datetime', 'pathlib', 'matplotlib', 'matplotlib.pyplot', 'pandas', 'PIL']"
experiments/lab_001_xy_connection_20260626/scripts/PRM057_FAST_independent_schema_negative_QA.py,27710b0ce711ac6901073a195a43f4d34585d3ec19393b76a4a44c3e4b16cbe6,research_factory_or_qa_script,201,pass,"['sha256', 'rel', 'longest_zero_run', 'zero_metrics', 'schema_valid', 'main']",[],"['__future__', 'hashlib', 'json', 'math', 'platform', 'sys', 'pathlib', 'numpy', 'pandas']"
experiments/lab_001_xy_connection_20260626/scripts/PRM057_FAST_postmerge_sync_QA.py,1e934613f6b7e0d7a98bc830b5a175aed13d82cc710fc56064575e832235d8f8,research_factory_or_qa_script,164,pass,"['sha256', 'read_text', 'manifest_ok', 'protected_ok', 'all_pass', 'main']",[],"['__future__', 'hashlib', 'json', 'platform', 'subprocess', 'sys', 'pathlib', 'pandas']"
experiments/lab_001_xy_connection_20260626/scripts/PRM057_FAST_zeroaware_engineering_definition_preregistration.py,366ab7440bd05c5fff5e7b5bac257230d04edb206672b9eebff292fcac979f45,research_factory_or_qa_script,432,pass,"['now_kst', 'require_kmk312', 'sha256', 'rel', 'write_csv', 'write_json', 'source_semantics', 'base_row', 'candidate_registry', 'guard_policy', 'block_policy', 'longest_zero_run_fraction', 'fixture_expectations', 'freeze']",[],"['__future__', 'hashlib', 'json', 'math', 'platform', 'sys', 'datetime', 'pathlib', 'typing', 'numpy', 'pandas']"
experiments/lab_001_xy_connection_20260626/scripts/PRM058_FAST_control_tower_review.py,30bdb80af9ffe339efd18bd4e75e01f3dc55bc783e86026c76b2d837c7419c99,research_factory_or_qa_script,244,pass,"['sha256', 'rel', 'write_csv', 'manifest_ok', 'protected_ok', 'build_figure', 'main']",[],"['__future__', 'hashlib', 'json', 'os', 'platform', 'subprocess', 'sys', 'pathlib', 'matplotlib.pyplot', 'pandas']"
experiments/lab_001_xy_connection_20260626/scripts/PRM058_FAST_independent_formula_negative_QA.py,d93d6ed93a873f304486f51c34a9a1ae6015eeca6231a4b07c09aa57e91fec62,research_factory_or_qa_script,273,pass,"['sha256', 'rel', 'write_csv', 'longest_zero_run', 'independent_stat', 'arrays', 'formula_replay', 'robust_space', 'collision_replay', 'negative_fixtures', 'manifest_ok', 'protected_ok', 'main']",[],"['__future__', 'hashlib', 'json', 'math', 'platform', 'subprocess', 'sys', 'pathlib', 'numpy', 'pandas']"
experiments/lab_001_xy_connection_20260626/scripts/PRM058_FAST_postmerge_sync_QA.py,182192db63905cc53c8f905568d9a68ab9a477d49d19aaa8be71e8a4d9cb4748,research_factory_or_qa_script,161,pass,"['sha256', 'read_text', 'manifest_ok', 'protected_ok', 'all_pass', 'main']",[],"['__future__', 'hashlib', 'json', 'platform', 'subprocess', 'sys', 'pathlib', 'pandas']"
experiments/lab_001_xy_connection_20260626/scripts/PRM058_FAST_zeroaware_all58_xonly_census.py,cbae842dd121ce0c1e6e40c2deb725decede87a248e38884876d3737ee05d03e,research_factory_or_qa_script,617,pass,"['now_kst', 'natural_key', 'require_kmk312', 'sha256', 'rel', 'record', 'write_csv', 'write_json', 'model_ids', 'freeze', 'validate_contract', 'longest_true_run', 'statistic', 'source_arrays', 'validate_source', 'calculate_values', 'coverage_table', 'relation_rows', 'classify', 'robust_space', 'collision_census', 'protected_ok', 'execute', 'main']",[],"['__future__', 'argparse', 'hashlib', 'json', 'math', 'platform', 're', 'subprocess', 'sys', 'datetime', 'pathlib', 'typing', 'numpy', 'pandas']"
experiments/lab_001_xy_connection_20260626/scripts/PRM059_FAST_expanded_candidate_bank_reconciliation.py,435a009fe0b057de6acf6b9206156ba0242d363256ab6a10d63abd5d14ba56c5,research_factory_or_qa_script,475,pass,"['now_kst', 'require_kmk312', 'sha256', 'rel', 'record', 'write_csv', 'write_json', 'freeze', 'validate_contract', 'value', 'normalize_registry', 'redundancy', 'representative_policy', 'column_manifest', 'protected_ok', 'execute', 'main']",['UnionFind'],"['__future__', 'argparse', 'hashlib', 'json', 'math', 'platform', 'shutil', 'subprocess', 'sys', 'datetime', 'pathlib', 'typing', 'numpy', 'pandas']"
experiments/lab_001_xy_connection_20260626/scripts/PRM060_FAST_control_review_visualization.py,ff265e0f2667f62faf5ab70323c94eb622f89d647eb54c71ff81b53f6658349f,research_factory_or_qa_script,167,pass,"['sha256', 'rel', 'main']",[],"['__future__', 'hashlib', 'json', 'os', 'datetime', 'pathlib', 'matplotlib', 'matplotlib.pyplot', 'numpy', 'pandas']"
experiments/lab_001_xy_connection_20260626/scripts/PRM060_FAST_expanded_candidate_bank_reconciliation_repair.py,ca058395d69fe40167ef54ebc69e8bfbec0e3113cd4cc337ac22f9a13a8188de,research_factory_or_qa_script,283,pass,"['now_kst', 'sha256', 'rel', 'record', 'load_prm059', 'require_runtime', 'freeze', 'validate_contract', 'prefix_check', 'execute', 'main']",[],"['__future__', 'argparse', 'hashlib', 'importlib.util', 'json', 'math', 'platform', 'shutil', 'sys', 'datetime', 'pathlib', 'typing', 'numpy', 'pandas']"
experiments/lab_001_xy_connection_20260626/scripts/PRM060_FAST_independent_registry_matrix_QA.py,274b6b672aa141f088d3aba0c7982fe7bf70a178a281939bfeb0899b020e6d05,research_factory_or_qa_script,223,pass,"['now_kst', 'sha256', 'rel', 'add', 'main']",[],"['__future__', 'hashlib', 'json', 'platform', 'sys', 'datetime', 'pathlib', 'numpy', 'pandas']"
experiments/lab_001_xy_connection_20260626/scripts/PRM060_FAST_postmerge_sync_QA.py,d3b1458226689e0c777f5755285ec9c89aaadd5ac73bee7c91ee61c6a3254fb3,research_factory_or_qa_script,154,pass,"['sha256', 'contains', 'main']",[],"['__future__', 'hashlib', 'json', 'subprocess', 'datetime', 'pathlib', 'pandas']"
experiments/lab_001_xy_connection_20260626/scripts/PRM061_FS4_control_review_visualization.py,5e4f08900dd1a273887b4865a433b338ac14d41300112ed927bdf41de80ca68f,research_factory_or_qa_script,185,pass,"['sha256', 'rel', 'add_box', 'main']",[],"['__future__', 'hashlib', 'json', 'os', 'datetime', 'pathlib', 'matplotlib', 'matplotlib.pyplot', 'matplotlib.patches', 'pandas']"
experiments/lab_001_xy_connection_20260626/scripts/PRM061_FS4_independent_QA.py,412d21fffa4d1b0d1d026acb226a4b77b765f5610b556c5623446a24539acd6d,research_factory_or_qa_script,218,pass,"['sha256', 'rel', 'expect_reject', 'base_candidate', 'oof_rows', 'main']",[],"['__future__', 'hashlib', 'json', 'platform', 'subprocess', 'sys', 'datetime', 'pathlib', 'pandas', 'urp4.training.v0_2']"
experiments/lab_001_xy_connection_20260626/scripts/PRM061_FS4_method_integration_preregistration_no_fit.py,8b312227d89aca8bcef8b33f087b5fc1af8e36a98968205156da14738e813fbe,research_factory_or_qa_script,359,pass,"['now_kst', 'sha256', 'rel', 'file_record', 'load_v02', 'contract_inputs', 'freeze', 'verify_contract', 'make_pipeline', 'make_leakage', 'make_budget', 'make_gates', 'make_open', 'execute', 'main']",[],"['__future__', 'argparse', 'hashlib', 'json', 'platform', 'sys', 'datetime', 'pathlib', 'typing', 'pandas']"
experiments/lab_001_xy_connection_20260626/scripts/PRM061_FS4_postmerge_sync_QA.py,e281cdf67992f4ab5542981ea46b4768fc17a8d708d71ea1f740d9c33d601bdb,research_factory_or_qa_script,154,pass,"['sha256', 'contains', 'main']",[],"['__future__', 'hashlib', 'json', 'subprocess', 'datetime', 'pathlib', 'pandas']"
experiments/lab_001_xy_connection_20260626/scripts/PRM062_A02_contract_status_adapter.py,df13fdf0e763e96c5b3eb11a5bffbb0bf0261cc9d4cba8db61f59863b40a8370,research_factory_or_qa_script,82,pass,"['sha256', 'main']",[],"['__future__', 'hashlib', 'importlib.util', 'json', 'sys', 'datetime', 'pathlib']"
experiments/lab_001_xy_connection_20260626/scripts/PRM062_A03_comparator_repair_acceptance.py,646d4423a241e226eac0418fd1edb36a040d9bb01cf3785860fbcaba26685709,research_factory_or_qa_script,170,pass,"['sha256', 'rel', 'compare_numeric', 'main']",[],"['__future__', 'hashlib', 'json', 'sys', 'datetime', 'pathlib', 'numpy', 'pandas']"
experiments/lab_001_xy_connection_20260626/scripts/PRM062_FS4_XREG_GM_control_visualization.py,f57bf6f1237e69648b8ced52afdc476d957a6b104e67868ee93a0ac15b6562c4,research_factory_or_qa_script,116,pass,"['sha256', 'rel', 'box', 'main']",[],"['__future__', 'hashlib', 'json', 'pathlib', 'matplotlib.pyplot', 'pandas', 'matplotlib.patches']"
experiments/lab_001_xy_connection_20260626/scripts/PRM062_FS4_XREG_GM_dataset_manifest_join_QA_no_fit.py,9fcaae35916dc7d5c4c0a7151aa964c70180091f2abdf9db587917b745401593,research_factory_or_qa_script,486,pass,"['now_kst', 'sha256', 'rel', 'record', 'inputs', 'freeze', 'verify_contract', 'natural_key', 'row_signature', 'execute', 'main']",[],"['__future__', 'argparse', 'hashlib', 'json', 'platform', 'sys', 'datetime', 'pathlib', 'typing', 'numpy', 'pandas']"
experiments/lab_001_xy_connection_20260626/scripts/PRM062_FS4_XREG_GM_independent_QA.py,9c425ae45fb6f82410e91f37f8b76f5a0aaa3f17ce0f872528f5c44a2dd67fc1,research_factory_or_qa_script,157,pass,"['sha256', 'rel', 'signature', 'main']",[],"['__future__', 'hashlib', 'json', 'sys', 'pathlib', 'numpy', 'pandas']"
experiments/lab_001_xy_connection_20260626/scripts/PRM062_FS4_XREG_GM_postmerge_sync_QA.py,bc503f5aaf701c915dff51cb758ec5867c19196858c6b4f3038a6e017ae07560,research_factory_or_qa_script,194,pass,"['sha256', 'contains', 'boolean', 'main']",[],"['__future__', 'hashlib', 'json', 'subprocess', 'datetime', 'pathlib', 'numpy', 'pandas', 'urp4.contracts.v0_1']"
experiments/lab_001_xy_connection_20260626/scripts/PRM063_FS4_P1_control_visualization.py,b00e26435edd74cf3702ee65a4ec1cc31397d0901ce0ef51fdd4976623ed488b,research_factory_or_qa_script,158,pass,"['sha256', 'main']",[],"['__future__', 'hashlib', 'json', 'os', 'datetime', 'pathlib', 'matplotlib.pyplot', 'pandas']"
experiments/lab_001_xy_connection_20260626/scripts/PRM063_FS4_P1_independent_QA.py,b72011f3d6863a96c53a80f2652e294b081893078a19351c7eb3d36fcf2bd215,research_factory_or_qa_script,200,pass,"['sha256', 'as_bool', 'validate', 'rejected', 'main']",[],"['__future__', 'hashlib', 'json', 'copy', 'datetime', 'pathlib', 'typing', 'pandas', 'urp4.contracts.v0_1']"
experiments/lab_001_xy_connection_20260626/scripts/PRM063_FS4_P1_postmerge_sync_QA.py,69081051f5b829213106ebc65e5140ae5645b8a81413978519b3068211fbfdd7,research_factory_or_qa_script,184,pass,"['sha256', 'contains', 'as_bool', 'main']",[],"['__future__', 'hashlib', 'json', 'subprocess', 'datetime', 'pathlib', 'typing', 'pandas']"
experiments/lab_001_xy_connection_20260626/scripts/PRM063_FS4_P1_representative_compatibility_preregistration_no_execution.py,c4797ec2fc38e6b1eef0b91c3f9b7e4f68624b3863f9b92038bb9570424c4f86,research_factory_or_qa_script,443,pass,"['now_kst', 'sha256', 'rel', 'file_record', 'as_bool', 'verify_sources', 'make_recipes', 'make_folds', 'make_budget', 'make_gates', 'make_prohibitions', 'main']",[],"['__future__', 'hashlib', 'json', 'platform', 'sys', 'datetime', 'pathlib', 'typing', 'pandas', 'sklearn.model_selection', 'urp4.contracts.v0_1']"
experiments/lab_001_xy_connection_20260626/scripts/PRM064_FS4_P1_adapter_implementation_no_fit.py,8723838b8d1ed23614aee3d24ca7b4ccfe63d1b4753437b88fe0b7f386581b3a,research_factory_or_qa_script,385,pass,"['now_kst', 'sha256', 'rel', 'file_record', 'truthy', 'verify_prm063', 'choose_fixture_rows', 'compile_plans', 'make_lineage', 'make_budget', 'run_unit_tests', 'main']",[],"['__future__', 'hashlib', 'json', 'platform', 'subprocess', 'sys', 'copy', 'datetime', 'pathlib', 'typing', 'pandas', 'urp4.training.p1_adapter_v0_1']"
experiments/lab_001_xy_connection_20260626/scripts/PRM064_FS4_P1_control_visualization.py,4b1a1d7fafb5a4348dab2aac9662a0dff266687d32201042afcc0d9221dc95b7,research_factory_or_qa_script,210,pass,"['now_kst', 'truthy', 'sha256', 'rel', 'make_figure', 'main']",[],"['__future__', 'hashlib', 'json', 'sys', 'datetime', 'pathlib', 'typing', 'matplotlib', 'matplotlib.pyplot', 'pandas']"
experiments/lab_001_xy_connection_20260626/scripts/PRM064_FS4_P1_independent_QA.py,d24a30a1dff0e0855e68357f8bbac6786a30e59923cc495b8eac8e49162b7eb9,research_factory_or_qa_script,260,pass,"['now_kst', 'sha256', 'sha256_bytes', 'rel', 'truthy', 'validate_contract_hashes', 'protected_audit', 'ast_no_execution_scan', 'load_fixture_rows', 'request', 'independent_negative', 'main']",[],"['__future__', 'ast', 'csv', 'hashlib', 'json', 'subprocess', 'sys', 'copy', 'datetime', 'pathlib', 'typing', 'pandas', 'urp4.training.p1_adapter_v0_1']"
experiments/lab_001_xy_connection_20260626/scripts/PRM064_FS4_P1_postmerge_sync_QA.py,0261cf96ce59f4d24e5e3a3d3bca3307f0b1ff0991947f32e987fbc241586d44,research_factory_or_qa_script,112,pass,"['truthy', 'text', 'main']",[],"['__future__', 'json', 'datetime', 'pathlib', 'typing', 'pandas']"
experiments/lab_001_xy_connection_20260626/scripts/PRM065_FS4_P1_control_visualization.py,d81bae6648b120afa84a8c18578c37f91aa30e076a0b9a356a660ecc3e0383ef,research_factory_or_qa_script,191,pass,"['truthy', 'sha256', 'rel', 'make_figure', 'main']",[],"['__future__', 'hashlib', 'json', 'datetime', 'pathlib', 'typing', 'matplotlib', 'matplotlib.pyplot', 'pandas']"
experiments/lab_001_xy_connection_20260626/scripts/PRM065_FS4_P1_independent_QA.py,cacd9ba6f42b844c4e61148b902d9feea548e207415273b3fd009d2920607c36,research_factory_or_qa_script,149,pass,"['truthy', 'sha256', 'rel', 'contract_replay', 'executable_scan', 'main']",[],"['__future__', 'ast', 'hashlib', 'json', 'subprocess', 'sys', 'datetime', 'pathlib', 'typing', 'pandas']"
experiments/lab_001_xy_connection_20260626/scripts/PRM065_FS4_P1_live_hash_execute_or_stop_review_no_fit.py,0c038d01b1820f03c35c6243780af7f4b32d2362e02e467b636216f24cf0514f,research_factory_or_qa_script,393,pass,"['now_kst', 'sha256', 'sha256_bytes', 'rel', 'truthy', 'file_record', 'replay_prm064', 'protected_audit', 'executable_layer_scan', 'process_snapshot', 'main']",[],"['__future__', 'ast', 'hashlib', 'json', 'platform', 'subprocess', 'sys', 'datetime', 'pathlib', 'typing', 'pandas', 'psutil']"
experiments/lab_001_xy_connection_20260626/scripts/PRM065_FS4_P1_postmerge_sync_QA.py,96a41385784ab18fa419ac8432422d0188657aa8e683bb38ae4d3e12567ec2c0,research_factory_or_qa_script,113,pass,"['truthy', 'read', 'main']",[],"['__future__', 'json', 'datetime', 'pathlib', 'typing', 'pandas']"
experiments/lab_001_xy_connection_20260626/scripts/PRM066_FS4_P1_control_visualization.py,a0f09ca070f709ea3f80b1677cd6c517ab8e768507ae6e54ae06b3e1c6b7f32e,research_factory_or_qa_script,232,pass,"['truthy', 'sha256', 'rel', 'make_figure', 'main']",[],"['__future__', 'hashlib', 'json', 'datetime', 'pathlib', 'typing', 'matplotlib', 'matplotlib.pyplot', 'pandas']"
experiments/lab_001_xy_connection_20260626/scripts/PRM066_FS4_P1_exec_layer_implementation_no_fit.py,3db4be4cfd9f485c88c0b51ffa578622771456af24b99775caee8ffb0cfa8d57,research_factory_or_qa_script,310,pass,"['now_kst', 'sha256', 'rel', 'file_record', 'truthy', 'replay_parent', 'build_graphs', 'run_unit', 'main']",['ExplodingArray'],"['__future__', 'hashlib', 'json', 'platform', 'subprocess', 'sys', 'datetime', 'pathlib', 'typing', 'pandas', 'sklearn.base', 'urp4.training.p1_exec_layer_v0_1']"
experiments/lab_001_xy_connection_20260626/scripts/PRM066_FS4_P1_independent_QA.py,8edff3cfb017d0f7e9b2c7155829afec0ecd160830363934fde7e8683837bb12,research_factory_or_qa_script,261,pass,"['truthy', 'sha256', 'rel', 'contract_replay', 'authorization_first_audit', 'build_and_block', 'main']",['ExplodingArray'],"['__future__', 'ast', 'hashlib', 'json', 'sys', 'datetime', 'pathlib', 'typing', 'pandas', 'sklearn.base', 'urp4.training.p1_exec_layer_v0_1']"
experiments/lab_001_xy_connection_20260626/scripts/PRM066_FS4_P1_postmerge_sync_QA.py,5f407012274b3dfdcd6a57355e2e27a15f5c60383848dba75492651c2bcc9df3,research_factory_or_qa_script,141,pass,"['truthy', 'text', 'count', 'main']",[],"['__future__', 'json', 'datetime', 'pathlib', 'typing', 'pandas']"
experiments/lab_001_xy_connection_20260626/scripts/PRM067_FS4_P1_AUTH2_control_visualization.py,25a2482e340efd208b44b27d851d15b7766941cd869ad06459067ac637de2efb,research_factory_or_qa_script,197,pass,"['truthy', 'sha256', 'rel', 'make_figure', 'main']",[],"['__future__', 'hashlib', 'json', 'datetime', 'pathlib', 'typing', 'matplotlib', 'matplotlib.pyplot', 'pandas']"
experiments/lab_001_xy_connection_20260626/scripts/PRM067_FS4_P1_AUTH2_independent_QA.py,50c71a861d93a35999d3b4dc69f0a8613c308df4c5bb30bc2ca53330fad3d045,research_factory_or_qa_script,158,pass,"['truthy', 'sha256', 'rel', 'replay', 'authorization_first', 'main']",[],"['__future__', 'ast', 'hashlib', 'json', 'datetime', 'pathlib', 'typing', 'pandas']"
experiments/lab_001_xy_connection_20260626/scripts/PRM067_FS4_P1_AUTH2_live_hash_review.py,8d35788b0484cbfed8f59e466a171e8374381b13be40a02b9644ec1a01dbd188,research_factory_or_qa_script,442,pass,"['now_kst', 'sha256', 'sha256_bytes', 'rel', 'truthy', 'file_record', 'replay_prm066', 'protected_audit', 'authorization_first_audit', 'process_snapshot', 'main']",[],"['__future__', 'ast', 'hashlib', 'json', 'platform', 'subprocess', 'sys', 'datetime', 'pathlib', 'typing', 'pandas', 'psutil']"
experiments/lab_001_xy_connection_20260626/scripts/PRM067_FS4_P1_AUTH2_postmerge_sync_QA.py,5cf1f26b8d4c2ac95303f1ca118f02b50d73f838dae0cf35bf4ec2c55f261af3,research_factory_or_qa_script,135,pass,"['truthy', 'text', 'count', 'main']",[],"['__future__', 'json', 'datetime', 'pathlib', 'typing', 'pandas']"
experiments/lab_001_xy_connection_20260626/scripts/PRM068_FS4_P1_AUTH2_control_visualization.py,07f2c3d008400bf0b1b28164291e3acc05863520781eebd1b984a12dee4f44f8,research_factory_or_qa_script,199,pass,"['truthy', 'sha256', 'rel', 'make_figure', 'main']",[],"['__future__', 'hashlib', 'json', 'datetime', 'pathlib', 'typing', 'matplotlib', 'matplotlib.pyplot', 'pandas']"
experiments/lab_001_xy_connection_20260626/scripts/PRM068_FS4_P1_AUTH2_GO_review.py,25c1488780eb3c9c5d02aa283a3fca83c1ed68ad27ef3614d3a5f707ef5a6126,research_factory_or_qa_script,496,pass,"['now_kst', 'sha256', 'sha256_bytes', 'rel', 'truthy', 'file_record', 'replay_parent', 'protected_audit', 'auth_first', 'process_classification', 'canonical_permit_payload', 'main']",[],"['__future__', 'ast', 'hashlib', 'json', 'platform', 'subprocess', 'sys', 'datetime', 'pathlib', 'typing', 'pandas', 'psutil']"
experiments/lab_001_xy_connection_20260626/scripts/PRM068_FS4_P1_AUTH2_independent_QA.py,f49fd2cf7c946f51d528c6d64709e08927854a4885ae27a941b239559f87737d,research_factory_or_qa_script,175,pass,"['truthy', 'sha256', 'rel', 'replay', 'canonical_payload', 'payload_hash', 'negative_fixtures', 'main']",[],"['__future__', 'hashlib', 'json', 'sys', 'tempfile', 'datetime', 'pathlib', 'typing', 'pandas', 'urp4.training.p1_exec_layer_v0_1']"
experiments/lab_001_xy_connection_20260626/scripts/PRM068_FS4_P1_AUTH2_postmerge_sync_QA.py,c3a4ea5f332ea6949a4189c1f149a7e8799fd673c84bd48e6592538017b64bc0,research_factory_or_qa_script,166,pass,"['truthy', 'read_text', 'token_count', 'sha256', 'all_passed', 'main']",[],"['__future__', 'hashlib', 'json', 'datetime', 'pathlib', 'typing', 'pandas']"
experiments/lab_001_xy_connection_20260626/scripts/PRM069_SLICE005_return_intake_audit.py,2998b008a2ad36ee8a69947916e20f001fc20452e0b1713c201ba6cd57b29523,research_factory_or_qa_script,210,pass,"['sha256', 'csv_rows', 'write_csv', 'main']",[],"['__future__', 'csv', 'hashlib', 'io', 'json', 'zipfile', 'datetime', 'pathlib']"
experiments/lab_001_xy_connection_20260626/scripts/PRM069_SLICE005_return_postmerge_QA.py,cfad984a9cc42b9209e641bcfe1e6b726b95c31fbb8344373d76772b53db4c2e,research_factory_or_qa_script,135,pass,"['text', 'sha256', 'rows', 'main']",[],"['__future__', 'csv', 'hashlib', 'json', 'zipfile', 'datetime', 'pathlib']"
experiments/lab_001_xy_connection_20260626/scripts/PRM070_SLICE005_convergence_control.py,cf119af83810e946431754270e0a8be4dadf303daee07bf59f3591a6ef9fc77b,research_factory_or_qa_script,486,pass,"['sha256', 'srd', 'q90', 'scalar_key', 'short_label', 'write_csv', 'main']",[],"['__future__', 'csv', 'hashlib', 'json', 'math', 'datetime', 'pathlib', 'matplotlib', 'matplotlib.pyplot', 'numpy', 'pandas']"
experiments/lab_001_xy_connection_20260626/scripts/PRM070_SLICE005_independent_control_QA.py,6befd6a81a82e1986efde487aa8d6bc8ed3d7a0ddea376ff9d388bcbbb8b13ff,research_factory_or_qa_script,185,pass,"['sha256', 'srd', 'write', 'main']",[],"['__future__', 'csv', 'hashlib', 'json', 'pathlib', 'numpy', 'pandas', 'PIL']"
experiments/lab_001_xy_connection_20260626/scripts/PRM070_SLICE005_postmerge_sync_QA.py,77e97b76022bd52060e4a7794d828c5ecc31917de6996f04aa5c6ccfc5de9ba9,research_factory_or_qa_script,132,pass,"['read', 'csv_rows', 'check']",[],"['__future__', 'csv', 'json', 'pathlib']"
experiments/lab_001_xy_connection_20260626/scripts/PRM071_FS4_P1_bounded_4method_run.py,3f3e663b1be0ae89c5bf09d0c274dc8c7ab631b108c5ef38a763c957426bbfa7,research_factory_or_qa_script,439,pass,"['sha256', 'truthy', 'split_ids', 'rmse', 'spearman', 'metrics', 'load_and_verify_contract', 'candidate_blocks', 'select_fold_features', 'save_csv', 'main']",[],"['__future__', 'csv', 'hashlib', 'json', 'math', 'os', 'platform', 'sys', 'time', 'datetime', 'pathlib', 'typing', 'matplotlib', 'matplotlib.pyplot', 'numpy', 'pandas', 'sklearn.metrics', 'urp4.training.p1_exec_layer_v0_1']"
experiments/lab_001_xy_connection_20260626/scripts/PRM071_FS4_P1_control_finalize.py,efa77610a32a72bdf0dc37c65a0895ff0accc16b3ed00396df8b29eaba6ec8b8,research_factory_or_qa_script,163,pass,"['sha256', 'add', 'main']",[],"['__future__', 'hashlib', 'json', 'subprocess', 'pathlib', 'typing', 'pandas']"
experiments/lab_001_xy_connection_20260626/scripts/PRM071_FS4_P1_independent_control_QA.py,e5f5b210b8d3b533e3950a4b7e9805e0a54f059475baeee37d8428a7c5556594,research_factory_or_qa_script,223,pass,"['sha256', 'calc', 'close', 'add', 'main']",[],"['__future__', 'csv', 'hashlib', 'json', 'math', 'pathlib', 'typing', 'matplotlib', 'matplotlib.pyplot', 'numpy', 'pandas', 'sklearn.metrics']"
experiments/lab_001_xy_connection_20260626/scripts/PRM071_FS4_P1_postmerge_sync_QA.py,87702f17f5ccc4a4fa616ec7590c2faade1fff91cb64cb69b5082ffe6fdfab4b,research_factory_or_qa_script,123,pass,"['read', 'digest', 'main']",[],"['__future__', 'hashlib', 'json', 'pathlib', 'pandas']"
experiments/lab_001_xy_connection_20260626/scripts/PRM072_P1_control_finalize.py,7d3510000758b90a168110c9748db0bbeb7dd7fa43a40462a0fad5d47bacdd7d,research_factory_or_qa_script,91,pass,"['sha256', 'main']",[],"['__future__', 'hashlib', 'json', 'pathlib', 'pandas']"
experiments/lab_001_xy_connection_20260626/scripts/PRM072_P1_failure_anatomy_and_P1B_preregistration_nofit.py,292f353d1c945c26bad4c8743bbec83965f57187a07f95e8e592eac13b80c2e2,research_factory_or_qa_script,517,pass,"['sha256', 'interval_overlap', 'robust_z_max', 'standard_z_max', 'write_csv', 'main']",[],"['__future__', 'hashlib', 'itertools', 'json', 'pathlib', 'typing', 'matplotlib', 'numpy', 'pandas', 'matplotlib.pyplot']"
experiments/lab_001_xy_connection_20260626/scripts/PRM072_P1_independent_QA.py,6cd91616f4feef261c1afd2483fd13f7cb251e7ad8e8337417be3e661983f8d4,research_factory_or_qa_script,139,pass,"['sha256', 'main']",[],"['__future__', 'ast', 'hashlib', 'itertools', 'json', 'subprocess', 'pathlib', 'numpy', 'pandas']"
experiments/lab_001_xy_connection_20260626/scripts/PRM072_P1_postmerge_sync_QA.py,2b05c7c60b009251899bd7984721c64d95927ced55c8891a80880a84b7a2fe8a,research_factory_or_qa_script,120,pass,"['read', 'sha256', 'replay_manifest', 'main']",[],"['__future__', 'hashlib', 'json', 'pathlib', 'numpy', 'pandas']"
experiments/lab_001_xy_connection_20260626/scripts/PRM073_all58_import_inventory.py,ba4b79b2f0800f25af4c4d8ce2167713c0ea05c6a97da9b8423a78f333f6b241,research_factory_or_qa_script,92,pass,"['sha256', 'main']",[],"['__future__', 'hashlib', 'json', 'sys', 'pathlib', 'pandas', 'urp4.geometry_io.v0_1']"
experiments/lab_001_xy_connection_20260626/scripts/PRM073_build_nb_dev_v0_3_stl_import.py,8418e94c6660e1087d760923541ad94b6d27b3d082d18fb075d399bd00334697,research_factory_or_qa_script,181,pass,"['_new_cell', 'build', 'main']",[],"['__future__', 'argparse', 'hashlib', 'json', 'pathlib']"
experiments/lab_001_xy_connection_20260626/scripts/PRM073_build_output_manifest.py,a40ec8e505041b0345d632ba6cf46ffd96169716c6f2e6bc0022e77f95077a9e,research_factory_or_qa_script,80,pass,"['sha256', 'main']",[],"['__future__', 'csv', 'hashlib', 'json', 'pathlib']"
experiments/lab_001_xy_connection_20260626/scripts/PRM073_nb_dev_import_independent_QA.py,05bd60e368f708a27c87fc3768b3ebdb752a2a939e8462ed9a028a8ffd6132e3,research_factory_or_qa_script,103,pass,"['sha256', 'current_guard_value', 'main']",[],"['__future__', 'hashlib', 'json', 'subprocess', 'pathlib', 'nbformat', 'pandas']"
experiments/lab_001_xy_connection_20260626/scripts/PRM073_nb_dev_import_smoke.py,fe014c85dc2137ca81acaf8bda6a4ef7f5b0f6bcd0f9174ab6967d0fb18f9f5e,research_factory_or_qa_script,187,pass,"['sha256', 'execute_cell', 'main']",[],"['__future__', 'contextlib', 'hashlib', 'io', 'json', 'os', 'shutil', 'datetime', 'pathlib', 'nbformat']"
experiments/lab_001_xy_connection_20260626/scripts/PRM073_postmerge_sync_QA.py,bded752e7fe5dc3e939ca8d192d4e57477d475a06110f5873e8d0559ea504cda,research_factory_or_qa_script,110,pass,"['text', 'sha256', 'xlsx_contains', 'main']",[],"['__future__', 'hashlib', 'json', 'zipfile', 'pathlib', 'pandas']"
experiments/lab_001_xy_connection_20260626/scripts/PRM074_F005_per_mm_control_finalize.py,f4dcc4c696b25dca5aa12b235c32c6a0003cbacfddd717c23ab88a430d786493,research_factory_or_qa_script,170,pass,"['sha256', 'main']",[],"['__future__', 'hashlib', 'json', 'subprocess', 'datetime', 'pathlib', 'typing', 'pandas']"
experiments/lab_001_xy_connection_20260626/scripts/PRM074_F005_per_mm_independent_QA.py,4d7cfb8d05bef257ac35ff50e2c31d44974ee44c4c72079266de92c9c162094e,research_factory_or_qa_script,112,pass,"['sha256', 'srd_array', 'main']",[],"['__future__', 'hashlib', 'json', 'pathlib', 'numpy', 'pandas']"
experiments/lab_001_xy_connection_20260626/scripts/PRM074_F005_per_mm_postmerge_sync_QA.py,478f92c2b05b8dc882b12d4a54f035e3a1b7bcb6f8c7f95151e27a1981e471bf,research_factory_or_qa_script,127,pass,"['read', 'sha256', 'main']",[],"['__future__', 'hashlib', 'json', 'py_compile', 'pathlib', 'pandas']"
experiments/lab_001_xy_connection_20260626/scripts/PRM074_F005_per_mm_yblind_replay.py,254b4e8c0b8cf9e79fc7b31383400090fb9790f153b382f40a0bf532f4c27273,research_factory_or_qa_script,418,pass,"['sha256', 'srd', 'q90', 'axis_evidence', 'main']",[],"['__future__', 'hashlib', 'json', 'math', 'datetime', 'pathlib', 'matplotlib', 'matplotlib.pyplot', 'numpy', 'pandas']"
experiments/lab_001_xy_connection_20260626/scripts/PRM075_independent_QA.py,8c9d7d178ce154d600717a0e4aa0e574c3ffe4b2f13928aec167c4f3e8c4e4a5,research_factory_or_qa_script,108,pass,['sha256'],[],"['__future__', 'hashlib', 'json', 'subprocess', 'pathlib', 'pandas']"
experiments/lab_001_xy_connection_20260626/scripts/PRM075_literature_guided_descriptor_discovery.py,76b053f192008becf656ab5678ef27984e6de7138eb8562b18b75c31ab31a20a,research_factory_or_qa_script,634,pass,"['sha256', 'frame']",[],"['__future__', 'hashlib', 'json', 'pathlib', 'pandas']"
experiments/lab_001_xy_connection_20260626/scripts/PRM075_postmerge_sync_QA.py,862a1fd5d82c54acfc38b3d0323c4283a85de2d7247716049039f8ceb5f1ac7e,research_factory_or_qa_script,100,pass,['text'],[],"['__future__', 'json', 'pathlib', 'pandas']"
experiments/lab_001_xy_connection_20260626/scripts/PRM076_independent_QA.py,89d2ff0c56b7189bd7cd0bd2eecdf5352e53c2257130bc156a499acb2cc0e718,research_factory_or_qa_script,133,pass,['sha256'],[],"['__future__', 'hashlib', 'json', 'subprocess', 'pathlib', 'pandas']"
experiments/lab_001_xy_connection_20260626/scripts/PRM076_literature_descriptor_gate_preregistration.py,685e381dfbab4a2dce18f48be74fc1c283c56bc00c9b62372f362252ba452240,research_factory_or_qa_script,922,pass,['sha256'],[],"['__future__', 'hashlib', 'json', 'pathlib', 'pandas']"
experiments/lab_001_xy_connection_20260626/scripts/PRM076_postmerge_sync_QA.py,0c136233f9a3211dc6c0a637e73ea8a1f9b726d461c314dfe8c2f5c2277e7962,research_factory_or_qa_script,94,pass,['read'],[],"['__future__', 'json', 'pathlib', 'pandas']"
experiments/lab_001_xy_connection_20260626/scripts/PRM077_first_wave_synthetic_truth_cost_canary.py,4e6b2e2af06b03e89f8df052100297f0356408260d19d071fc4562d5fe0b9075,research_factory_or_qa_script,468,pass,"['sha256', 'make_fixtures', 'line_runs', 'all_runs', 'chord_outputs', 's2_outputs', 'lineal_outputs', 'euler_outputs', 'fabric_outputs', 'compute_group', 'val', 'check']",[],"['__future__', 'hashlib', 'json', 'math', 'time', 'pathlib', 'numpy', 'pandas', 'psutil', 'trimesh', 'skimage.measure']"
experiments/lab_001_xy_connection_20260626/scripts/PRM077_independent_QA.py,8a3218b90ce0b14cfe79faa1ae4323981dbcf19844fc3c51c25c45ebf30f0fba,research_factory_or_qa_script,142,pass,"['sha256', 'value']",[],"['__future__', 'hashlib', 'json', 'subprocess', 'pathlib', 'numpy', 'pandas']"
experiments/lab_001_xy_connection_20260626/scripts/PRM077_postmerge_sync_QA.py,2ada4004c0007cbc92901ab52d408faabe32df99c4df8d2fbb50a86825516fd6,research_factory_or_qa_script,96,pass,['text'],[],"['__future__', 'json', 'pathlib', 'pandas']"
experiments/lab_001_xy_connection_20260626/scripts/PRM078_finalize_manifest.py,93c9b0001bfaf910aaef884faf20ed87c6c92a7ff07b811da0b5ad67476ebc19,research_factory_or_qa_script,54,pass,['sha256'],[],"['__future__', 'csv', 'hashlib', 'pathlib']"
experiments/lab_001_xy_connection_20260626/scripts/PRM078_first_wave_fixed_domain_representative_panel.py,27f1e15a17b1d3160866d9e428aaa2841e458a009bc4b7b893f253ee85859737,research_factory_or_qa_script,733,pass,"['sha256', 'write_csv', 'srd_percent', 'safe_spearman', 'top2_overlap', 'rasterize_fixed_domain', 'line_runs', 'all_runs', 'chord_outputs', 's2_outputs', 'lineal_outputs', 'euler_outputs', 'fabric_outputs', 'compute_group', 'output_role', 'infer_unit']",[],"['__future__', 'hashlib', 'json', 'math', 'time', 'itertools', 'pathlib', 'matplotlib', 'matplotlib.pyplot', 'numpy', 'pandas', 'psutil', 'vtk', 'scipy.stats', 'skimage.measure', 'vtk.util.numpy_support']"
experiments/lab_001_xy_connection_20260626/scripts/PRM078_independent_QA.py,4b097154b67f9a8e7785117793eb86e46634541fbcc73e5238f339ce0e2aefe7,research_factory_or_qa_script,275,pass,"['sha256', 'get_value', 'independent_raster', 'runs', 'pooled_runs', 'independent_fabric']",[],"['__future__', 'hashlib', 'json', 'math', 'subprocess', 'itertools', 'pathlib', 'numpy', 'pandas', 'vtk', 'skimage.measure', 'vtk.util.numpy_support']"
experiments/lab_001_xy_connection_20260626/scripts/PRM078_postmerge_sync_QA.py,68b72eeefe476af290894ddd6d7d4a02b75faa32b59f51f33b339d08be94ce05,research_factory_or_qa_script,174,pass,"['sha256', 'read', 'check']",[],"['__future__', 'csv', 'hashlib', 'json', 'pathlib', 'pandas']"
experiments/lab_001_xy_connection_20260626/scripts/PRM079_failure_anatomy_v128_preregistration.py,34678be021d17acb63b10198b329aa382f894b2d682f4a781bd4f463e5fedc14,research_factory_or_qa_script,570,pass,"['sha256', 'srd', 'top2_overlap', 's2_at_shift', 'efold_mm', 'classify_failure']",[],"['__future__', 'csv', 'hashlib', 'json', 'math', 'pathlib', 'matplotlib', 'matplotlib.pyplot', 'numpy', 'pandas', 'scipy.stats']"
experiments/lab_001_xy_connection_20260626/scripts/PRM079_finalize_manifest.py,d844c379c6f112d4c7987784de980a5039aaad61f12fc3876ea091072ea38a08,research_factory_or_qa_script,37,pass,['sha256'],[],"['__future__', 'csv', 'hashlib', 'pathlib']"
experiments/lab_001_xy_connection_20260626/scripts/PRM079_independent_QA.py,4020be4ab93232b338153fcd3f0f309c2408d927526508213baad42dbee9bf97,research_factory_or_qa_script,185,pass,"['sha256', 'direct_s2', 'direct_efold']",[],"['__future__', 'hashlib', 'json', 'math', 'subprocess', 'pathlib', 'numpy', 'pandas']"
experiments/lab_001_xy_connection_20260626/scripts/PRM079_postmerge_sync_QA.py,17673bbd215f0a2e6c4ac49094da1ab58834d01aa8931e47e5b3cefc49e2124b,research_factory_or_qa_script,171,pass,"['sha256', 'text', 'check']",[],"['__future__', 'csv', 'hashlib', 'json', 'pathlib', 'pandas']"
experiments/lab_001_xy_connection_20260626/scripts/PRM080_child_truth_bounded_V128.py,173f7a2928fd4f4dc4d27890de93a23e737c2b61e1f53ccd7c3e2f5be6620bdf,research_factory_or_qa_script,795,pass,"['sha256', 'srd', 'line_runs', 'all_runs', 'chord_outputs', 'parent_s2_outputs', 'lineal_outputs', 'euler_outputs', 'fabric_outputs', 'compute_parent_group', 'parent_output_role', 'parent_unit', 'fixed_s2_curve', 'crossing_efold', 'x002_child_outputs', 'rasterize_fixed_domain', 'tier_for', 'top2', 'pair_state', 'analytic_curve', 'triplet_compare']",[],"['__future__', 'hashlib', 'json', 'math', 'time', 'fnmatch', 'itertools', 'pathlib', 'matplotlib', 'matplotlib.pyplot', 'numpy', 'pandas', 'psutil', 'vtk', 'scipy.stats', 'skimage.measure', 'vtk.util.numpy_support']"
experiments/lab_001_xy_connection_20260626/scripts/PRM080_finalize_manifest.py,c258b8c898ca3eb14edc56d3d3c5b0bfc54947e279d656287cae2b46298790af,research_factory_or_qa_script,44,pass,['sha256'],[],"['__future__', 'csv', 'hashlib', 'pathlib']"
experiments/lab_001_xy_connection_20260626/scripts/PRM080_independent_QA.py,febdc6349d4c35512650837b85375c8cdeab32ecc8e6377961d679b5b01ade22,research_factory_or_qa_script,363,pass,"['sha256', 'independent_raster', 'direct_s2', 'direct_efold', 'direct_child', 'runs', 'pooled_runs', 'independent_fabric', 'analytic_curve', 'lookup']",[],"['__future__', 'hashlib', 'json', 'math', 'subprocess', 'itertools', 'pathlib', 'numpy', 'pandas', 'vtk', 'skimage.measure', 'vtk.util.numpy_support']"
experiments/lab_001_xy_connection_20260626/scripts/PRM080_postmerge_sync_QA.py,0989326f3b72ebacd2bc3c1eaf68107ad78777b3d65615aca855802085ea5bc4,research_factory_or_qa_script,185,pass,"['sha256', 'read', 'check']",[],"['__future__', 'hashlib', 'json', 'pathlib', 'pandas']"
experiments/lab_001_xy_connection_20260626/scripts/PRM081_finalize_manifest.py,ad5659fd84e8c6e25cdf60bf240f9c5b349c9da7a68ff8ed3a2b50ead760ab33,research_factory_or_qa_script,42,pass,['sha256'],[],"['__future__', 'csv', 'hashlib', 'pathlib']"
experiments/lab_001_xy_connection_20260626/scripts/PRM081_full58_yblind_census_preregistration.py,9a1c3e4693b2e14784badb4247bb2ac3fe461108a805f83af96522e56e6c4421,research_factory_or_qa_script,520,pass,"['sha256', 'natural_key', 'block_id', 'formula_family']",[],"['__future__', 'hashlib', 'json', 're', 'pathlib', 'matplotlib', 'matplotlib.pyplot', 'numpy', 'pandas']"
experiments/lab_001_xy_connection_20260626/scripts/PRM081_independent_QA.py,a2c881e1b21faa59067aba1a571a409a6c89f6d2c2be4af58de844113089bc55,research_factory_or_qa_script,233,pass,"['sha256', 'validate_state']",[],"['__future__', 'copy', 'hashlib', 'json', 'subprocess', 'pathlib', 'pandas']"
experiments/lab_001_xy_connection_20260626/scripts/PRM081_postmerge_sync_QA.py,1d0d949f9b0699421faa53d9f44cb39ce9151407eef234897c546f6a8adfe53c,research_factory_or_qa_script,130,pass,"['sha256', 'record']",[],"['__future__', 'csv', 'hashlib', 'json', 'pathlib']"
experiments/lab_001_xy_connection_20260626/scripts/PRM082_finalize_manifest.py,f9e15c4559f043232933abfbbc45ffd4cb5fcf2617460ea5f83ef92b240615dc,research_factory_or_qa_script,43,pass,['sha256'],[],"['__future__', 'csv', 'hashlib', 'pathlib']"
experiments/lab_001_xy_connection_20260626/scripts/PRM082_full58_yblind_runner.py,03d6c1a12371d83c6b2d76f9b87de2dec9edd65dd5a9ac7179500aa64fce9928,research_factory_or_qa_script,630,pass,"['sha256', 'canonical_hash', 'read_json', 'atomic_write_json', 'atomic_write_csv', 'atomic_save_mask', 'line_runs', 'all_runs', 'chord_outputs', 'lineal_outputs', 'euler_outputs', 'fabric_outputs', 'fixed_s2_curve', 'crossing_efold', 'x002_child_outputs', 'compute_all_outputs', 'rasterize_fixed_domain', 'validate_config', 'validate_permit', 'execution_plan', 'validate_done_marker', 'quarantine_partial', 'materialize_model', 'run_shard', 'robust_scaled_matrix', 'coverage_variation', 'redundancy_relations', 'pair_collisions', 'merge_all', 'doctor', 'main']",['ContractError'],"['__future__', 'argparse', 'hashlib', 'json', 'math', 'os', 'shutil', 'tempfile', 'time', 'itertools', 'pathlib', 'numpy', 'pandas', 'psutil', 'vtk', 'scipy.stats', 'skimage.measure', 'vtk.util.numpy_support']"
experiments/lab_001_xy_connection_20260626/scripts/PRM082_independent_QA.py,5296634acccdb30455e9ade1a855865bf68b32c5132cfe237fb387571f3bfc2d,research_factory_or_qa_script,209,pass,"['load_runner', 'record']",[],"['__future__', 'importlib.util', 'hashlib', 'json', 'os', 'shutil', 'subprocess', 'sys', 'pathlib', 'numpy', 'pandas']"
experiments/lab_001_xy_connection_20260626/scripts/PRM082_postmerge_sync_QA.py,0e7b0d86ee4f240682ccfd465b4ca0886cb3c6e9e516d9585e05a1661ad8334f,research_factory_or_qa_script,143,pass,"['sha256', 'record']",[],"['__future__', 'csv', 'hashlib', 'json', 'subprocess', 'pathlib', 'pandas']"
experiments/lab_001_xy_connection_20260626/scripts/PRM082_runner_implementation_and_authorization.py,dc032ae93f8b9e9a1001e124dc373f75bd0d22ec67dc816de040f09d2240ed16,research_factory_or_qa_script,399,pass,"['load_runner', 'write_json', 'relative', 'check', 'negative_case']",[],"['__future__', 'importlib.util', 'json', 'os', 'shutil', 'subprocess', 'sys', 'tempfile', 'pathlib', 'numpy', 'pandas', 'psutil', 'vtk']"
experiments/lab_001_xy_connection_20260626/scripts/PRM083_finalize_manifest.py,b305da2499340977ccf1232e9ab40e439a9960651b124b5a0292876fb869d9b1,research_factory_or_qa_script,112,pass,['sha256'],[],"['__future__', 'csv', 'hashlib', 'json', 'pathlib']"
experiments/lab_001_xy_connection_20260626/scripts/PRM083_independent_full58_QA.py,5eed98659db230e715781af592352276d69dc4fddbb994d27735a70ac700016c,research_factory_or_qa_script,421,pass,"['sha256', 'independent_raster', 'runs', 'pooled_runs', 'direct_s2', 'direct_efold', 'direct_child', 'independent_fabric', 'lineal_x_auc', 'lookup', 'record', 'compare']",[],"['__future__', 'hashlib', 'json', 'math', 'subprocess', 'itertools', 'pathlib', 'numpy', 'pandas', 'vtk', 'scipy.stats', 'skimage.measure', 'vtk.util.numpy_support']"
experiments/lab_001_xy_connection_20260626/scripts/PRM083_postmerge_sync_QA.py,67ce7ea8e006989f8f703100d23cefb5b19708c2ef19a65be6f628b27f87c4fb,research_factory_or_qa_script,170,pass,"['sha256', 'record']",[],"['__future__', 'csv', 'hashlib', 'json', 'pathlib', 'pandas']"
experiments/lab_001_xy_connection_20260626/scripts/PRM083_scientific_census_analysis.py,055201d8c83593561be84f5c38fd28a4741561811b5d6298c47f0531b89d12ea,research_factory_or_qa_script,281,pass,['sha256'],[],"['__future__', 'hashlib', 'json', 'math', 'pathlib', 'matplotlib', 'matplotlib.pyplot', 'numpy', 'pandas']"
experiments/lab_001_xy_connection_20260626/scripts/PRM084_candidate_qualification_X005_rescue_preregistration.py,259b89b34ef77c89c34b96b8190af231dd64d14420a6f9ae3f3db89c81334f40,research_factory_or_qa_script,432,pass,"['sha256', 'lane', 'find', 'union', 'qa']",[],"['__future__', 'csv', 'hashlib', 'json', 'math', 'pathlib', 'matplotlib', 'matplotlib.pyplot', 'numpy', 'pandas']"
experiments/lab_001_xy_connection_20260626/scripts/PRM084_finalize_manifest.py,beb01e61accbd991573bc3d564201de118e348032a7e1ac231d0a21d49de1e2b,research_factory_or_qa_script,41,pass,['sha256'],[],"['__future__', 'csv', 'hashlib', 'pathlib']"
experiments/lab_001_xy_connection_20260626/scripts/PRM084_independent_QA.py,0251b75b57ff93c66e0cf42ddc5b5728a1e5bbdb55b43321e4383c801d1b1936,research_factory_or_qa_script,156,pass,"['sha256', 'record', 'validate']",[],"['__future__', 'copy', 'csv', 'hashlib', 'json', 'pathlib', 'pandas']"
experiments/lab_001_xy_connection_20260626/scripts/PRM084_postmerge_sync_QA.py,837c8ba275c70a3230d222a019f7b0e9c5c9845835ab50e73ff083973eae03ce,research_factory_or_qa_script,134,pass,"['sha256', 'record']",[],"['__future__', 'csv', 'hashlib', 'json', 'pathlib', 'pandas']"
experiments/lab_001_xy_connection_20260626/scripts/PRM085_finalize_manifest.py,766760377b7f35245c97f4fca0e6c1ec4c3605bb0894fb30dc087b081ecbc0ee,research_factory_or_qa_script,41,pass,['sha256'],[],"['__future__', 'csv', 'hashlib', 'pathlib']"
experiments/lab_001_xy_connection_20260626/scripts/PRM085_independent_QA.py,3395179c8b3283d01185cbf4c27194b33c4be557dbcd0645062d2b6063cad2fd,research_factory_or_qa_script,257,pass,"['sha256', 'canonical_hash', 'independent_fabric', 'run_cli', 'check']",[],"['__future__', 'copy', 'hashlib', 'json', 'subprocess', 'tempfile', 'pathlib', 'numpy', 'pandas', 'skimage.measure']"
experiments/lab_001_xy_connection_20260626/scripts/PRM085_postmerge_sync_QA.py,2a0189dccf3401b037bfb0780b534ae77aa2ba61cad23ffe6a0f29b1f329221f,research_factory_or_qa_script,119,pass,"['sha256', 'record']",[],"['__future__', 'csv', 'hashlib', 'json', 'pathlib', 'pandas']"
experiments/lab_001_xy_connection_20260626/scripts/PRM085_review_visualization.py,d06317bf607b379235b40c0e565bf3eed0b2c24a84b4a63fd9daa645f14bb735,research_factory_or_qa_script,74,pass,[],[],"['pathlib', 'matplotlib', 'matplotlib.pyplot', 'numpy', 'pandas']"
experiments/lab_001_xy_connection_20260626/scripts/PRM085_runner_implementation_and_authorization.py,0524f9460f85b76ed4f1ea26615b0786ccd0dc35fc32d0c6268689162c7e396e,research_factory_or_qa_script,331,pass,"['sha256', 'canonical_hash', 'check']",[],"['__future__', 'copy', 'csv', 'hashlib', 'importlib.util', 'json', 'os', 'shutil', 'subprocess', 'tempfile', 'pathlib', 'numpy', 'pandas', 'psutil']"
experiments/lab_001_xy_connection_20260626/scripts/PRM085_X005_rescue_runner.py,82a31a52ce2585c6b8d433973d38252e0cca89b444510462ac1543c1f493da03,research_factory_or_qa_script,506,pass,"['sha256', 'canonical_hash', 'read_json', 'atomic_write_json', 'atomic_write_csv', 'atomic_save_mask', 'fabric_outputs', 'rasterize_fixed_domain', 'validate_config', 'validate_permit', 'execution_plan', 'cell_directory', 'validate_done_marker', 'quarantine_cell', 'run_cell', 'symmetric_relative_difference', 'merge_all', 'doctor', 'main']",['ContractError'],"['__future__', 'argparse', 'hashlib', 'json', 'math', 'os', 'shutil', 'tempfile', 'time', 'pathlib', 'numpy', 'pandas', 'psutil', 'vtk', 'scipy.stats', 'skimage.measure', 'vtk.util.numpy_support']"
experiments/lab_001_xy_connection_20260626/scripts/PRM086_execute_rescue.py,a44a7f2211afd33ead75637a53d15c56541de64641d06442139b8b17d59c68cb,research_factory_or_qa_script,121,pass,"['sha256', 'invoke']",[],"['__future__', 'hashlib', 'json', 'subprocess', 'time', 'datetime', 'pathlib', 'pandas', 'psutil']"
experiments/lab_001_xy_connection_20260626/scripts/PRM086_finalize_manifest.py,152040c86b4e0416d1c3a22d57ed1489ce8040f7f7e30e059a1edce1e5c84fc2,research_factory_or_qa_script,49,pass,['sha256'],[],"['__future__', 'csv', 'hashlib', 'pathlib']"
experiments/lab_001_xy_connection_20260626/scripts/PRM086_independent_replay.py,4780a57b96343c42e8a409a396a3aff3f74d75a7942bd87a9f2cb1d2eb9a4a79,research_factory_or_qa_script,240,pass,"['sha256', 'rasterize', 'fabric', 'srd', 'check']",[],"['__future__', 'hashlib', 'json', 'math', 'pathlib', 'numpy', 'pandas', 'vtk', 'scipy.stats', 'skimage.measure', 'vtk.util.numpy_support']"
experiments/lab_001_xy_connection_20260626/scripts/PRM086_postmerge_sync_QA.py,6543fae056b74d9e26cc78c5192cff194d9caf397b87893064a27a053c50af0a,research_factory_or_qa_script,110,pass,"['sha256', 'record']",[],"['__future__', 'csv', 'hashlib', 'json', 'pathlib', 'pandas']"
experiments/lab_001_xy_connection_20260626/scripts/PRM086_scientific_interpretation.py,8bf2a1d005090d2a6bda2b908a65fd2241a6eb8c4146f971ae6dc047c7ff5eab,research_factory_or_qa_script,131,pass,[],[],"['__future__', 'json', 'pathlib', 'matplotlib', 'matplotlib.pyplot', 'numpy', 'pandas']"
experiments/lab_001_xy_connection_20260626/scripts/PRM087_finalize_manifest.py,35e45c6aa35f713a621f3a26395257e6551ef27bb5bfa5b8fa05358b28e95c6f,research_factory_or_qa_script,37,pass,['sha256'],[],"['__future__', 'csv', 'hashlib', 'pathlib']"
experiments/lab_001_xy_connection_20260626/scripts/PRM087_independent_QA.py,db1ad0c7f4897b4f1a4aea65f228317c682e53029fa0d8ad7b2d8a669db26c7b,research_factory_or_qa_script,140,pass,"['sha256', 'record', 'validate']",[],"['__future__', 'copy', 'hashlib', 'json', 'pathlib', 'pandas']"
experiments/lab_001_xy_connection_20260626/scripts/PRM087_postmerge_sync_QA.py,ff7592ad934da7e079914600ebfafb26bdcf5b2c0d55916be2a8ac96c73e2286,research_factory_or_qa_script,34,pass,[],[],"['__future__', 'json', 'pathlib', 'pandas']"
experiments/lab_001_xy_connection_20260626/scripts/PRM087_second_wave_preregistration.py,75143a593ae8f1568d61d40a4c30a8a4f10b648103e85f34cad86a4cdee8b393,research_factory_or_qa_script,488,pass,"['sha256', 'add_output']",[],"['__future__', 'hashlib', 'json', 'pathlib', 'matplotlib', 'matplotlib.pyplot', 'pandas']"
experiments/lab_001_xy_connection_20260626/scripts/PRM088_execute_synthetic_canary.py,cd8709197c52161cf954b3a87eb1a3f9b37bba7b12b75903f0470481b5fb844e,research_factory_or_qa_script,340,pass,"['sha256', 'same', 'profile_call', 'output', 'support', 'fixture', 'axis_mapping']",[],"['__future__', 'hashlib', 'json', 'math', 'threading', 'time', 'pathlib', 'typing', 'numpy', 'pandas', 'psutil', 'PRM088_second_wave_descriptors']"
experiments/lab_001_xy_connection_20260626/scripts/PRM088_finalize_manifest.py,1a24291fe95e9cb6ee2d683ccbf998a995d54a2a3f182c34ba72a091f89b1ef7,research_factory_or_qa_script,37,pass,['sha256'],[],"['__future__', 'csv', 'hashlib', 'pathlib']"
experiments/lab_001_xy_connection_20260626/scripts/PRM088_independent_replay_and_review.py,e5c525cd83ee7b9c415c1b600f6159abaab759e95df9608796ddaeedfab046eb,research_factory_or_qa_script,438,pass,"['sha256', 'shifts', 'independent_topology', 'independent_cluster', 'separable_valid_masses', 'independent_lacunarity', 'independent_structure', 'add_truth', 'validate', 'record']",[],"['__future__', 'copy', 'hashlib', 'json', 'math', 'pathlib', 'matplotlib', 'matplotlib.pyplot', 'numpy', 'pandas', 'scipy', 'skimage.measure', 'PRM088_second_wave_descriptors']"
experiments/lab_001_xy_connection_20260626/scripts/PRM088_postmerge_sync_QA.py,eed50bfd43a779fc62f457dda3de6e31f8d2de5b9d50e16e7fbc08c2278aec27,research_factory_or_qa_script,33,pass,[],[],"['__future__', 'json', 'pathlib', 'pandas']"
experiments/lab_001_xy_connection_20260626/scripts/PRM088_prepare_synthetic_canary.py,28ca0141de6070dc227042ca2983108335ec36d12f4f6acd38698898f2677e9f,research_factory_or_qa_script,158,pass,['sha256'],[],"['__future__', 'hashlib', 'json', 'pathlib', 'pandas']"
experiments/lab_001_xy_connection_20260626/scripts/PRM088_second_wave_descriptors.py,748c4b514a9477c03a7cb580013d6d2bba88333136609b85ddc27e1b03e8aef6,research_factory_or_qa_script,285,pass,"['_integer_shifts', 'topology_terms', 'cluster_correlation', '_valid_window_masses', 'lacunarity', 'structure_factor', 'grid', 'synthetic_volume']",[],"['__future__', 'math', 'typing', 'numpy', 'scipy', 'skimage.measure']"
experiments/lab_001_xy_connection_20260626/scripts/PRM089_finalize_manifest.py,b918ab3e876888ad3f2098e4eb6756109ad8e238a62bef596c4e7889514cf3df,research_factory_or_qa_script,38,pass,['sha256'],[],"['__future__', 'csv', 'hashlib', 'pathlib']"
experiments/lab_001_xy_connection_20260626/scripts/PRM089_independent_QA.py,e3908a2d83379c5b2e485125f04629f54baffdecb204f0124a3c5e98ed167940,research_factory_or_qa_script,140,pass,"['sha256', 'read_json', 'write_json', 'failed', 'main']",[],"['__future__', 'copy', 'hashlib', 'json', 'sys', 'tempfile', 'pathlib', 'pandas', 'PRM089_second_wave_panel_runner']"
experiments/lab_001_xy_connection_20260626/scripts/PRM089_postmerge_sync_QA.py,20cff19d143c1e8e463c2aef3a573fd19a4878f26681e0f9b48bebd6b2f124c8,research_factory_or_qa_script,61,pass,"['sha256', 'main']",[],"['__future__', 'csv', 'hashlib', 'json', 'pathlib', 'pandas']"
experiments/lab_001_xy_connection_20260626/scripts/PRM089_prepare_panel_and_contract.py,b2b11e55170e1ecffc00f0f4a2ca62e42893c7bd8c91c17605686d09d7fc9d71,research_factory_or_qa_script,271,pass,"['sha256', 'canonical_hash', 'relative', 'read_json', 'write_csv', 'input_record', 'resolution_policy', 'main']",[],"['__future__', 'hashlib', 'json', 'pathlib', 'pandas']"
experiments/lab_001_xy_connection_20260626/scripts/PRM089_review_visualization.py,230813b0e27760c8f6c8654af839082ef088c8ada31ea3e561c3903e8f0c6599,research_factory_or_qa_script,117,pass,['main'],[],"['__future__', 'json', 'pathlib', 'matplotlib', 'matplotlib.pyplot', 'pandas']"
experiments/lab_001_xy_connection_20260626/scripts/PRM089_runner_implementation_and_authorization.py,dd8bfb770c5ee29175b78fe6b4cc832bafff64cf964e7dc2fa05897dac04a485,research_factory_or_qa_script,132,pass,"['sha256', 'read_json', 'run_doctor', 'main']",[],"['__future__', 'hashlib', 'json', 'subprocess', 'sys', 'pathlib', 'pandas']"
experiments/lab_001_xy_connection_20260626/scripts/PRM089_second_wave_panel_runner.py,f5e05103edb5e57580d47956d2710cd2cd9892ca36efe35226e31a53fb2cf4df,research_factory_or_qa_script,475,pass,"['sha256', 'canonical_hash', 'read_json', 'atomic_write_json', 'atomic_write_csv', 'cell_directory', 'validate_config', 'validate_contract', 'validate_permit', 'output_roster', '_missing_reasons', 'compute_outputs', 'validate_done_marker', 'quarantine_cell', 'run_cell', '_srd', 'merge_all', 'doctor', 'main']",['ContractError'],"['__future__', 'argparse', 'hashlib', 'json', 'math', 'os', 'shutil', 'tempfile', 'time', 'pathlib', 'numpy', 'pandas', 'psutil', 'scipy.stats', 'PRM088_second_wave_descriptors']"
experiments/lab_001_xy_connection_20260626/scripts/PRM090_execute_second_wave_panel.py,dbd38be96b38a9f6aac380e390b6c4cfe5522805cd82d0950c54dc7ea70dd9a9,research_factory_or_qa_script,140,pass,"['write_attempts', 'write_summary', 'main']",[],"['__future__', 'json', 'time', 'pathlib', 'pandas', 'PRM089_second_wave_panel_runner']"
experiments/lab_001_xy_connection_20260626/scripts/PRM090_finalize_manifest.py,2cd1a6a7fa41c4ed3cdd4f1f40a6b30150af054310bf0b2005bbdd9c36b49a04,research_factory_or_qa_script,36,pass,['sha256'],[],"['__future__', 'csv', 'hashlib', 'pathlib']"
experiments/lab_001_xy_connection_20260626/scripts/PRM090_independent_replay_and_review.py,ab0f78e113193a2ab72ab5a89e963189f3773e454ba455e0955b4b80dc0d203a,research_factory_or_qa_script,326,pass,"['sha256', 'read_json', 'shifts', 'independent_topology', 'independent_cluster', 'valid_window_sum', 'independent_lacunarity', 'independent_structure_factor', 'calculate_independently', 'same', 'srd', 'resolution_replay', 'pair_replay', 'main']",[],"['__future__', 'hashlib', 'json', 'math', 'pathlib', 'numpy', 'pandas', 'scipy', 'scipy.stats', 'skimage.measure']"
experiments/lab_001_xy_connection_20260626/scripts/PRM090_postmerge_sync_QA.py,e01cac17e8f10faca54794a7406ae6c15424f85356da41ac9565bb2ffaecc84d,research_factory_or_qa_script,59,pass,"['sha256', 'main']",[],"['__future__', 'csv', 'hashlib', 'json', 'pathlib', 'pandas']"
experiments/lab_001_xy_connection_20260626/scripts/PRM090_technical_interpretation.py,2cfcf380399a72281fa803a52fd3e2a5d74468c800beb06fb0cbd1f372fbeb35,research_factory_or_qa_script,168,pass,"['correlation', 'main']",[],"['__future__', 'json', 'math', 'itertools', 'pathlib', 'matplotlib', 'matplotlib.pyplot', 'numpy', 'pandas', 'scipy.stats']"
experiments/lab_001_xy_connection_20260626/scripts/PRM091_finalize_manifest.py,4bafdade6b2aae421827ba4d16c1a24c2499612e88fa221113f5d8b1df6dd7cd,research_factory_or_qa_script,42,pass,"['sha256', 'main']",[],"['__future__', 'csv', 'hashlib', 'pathlib']"
experiments/lab_001_xy_connection_20260626/scripts/PRM091_independent_policy_QA.py,0011006163b779fc27068fee35f44fcea031085877e4305c9180a3625af1efd2,research_factory_or_qa_script,105,pass,"['sha256', 'checked', 'main']",[],"['__future__', 'hashlib', 'json', 'pathlib', 'pandas']"
experiments/lab_001_xy_connection_20260626/scripts/PRM091_postmerge_sync_QA.py,afd6b5cde71ab4041a41a0028c424081a59e8d910d0a8d9cd8abec3bcc2a02b8,research_factory_or_qa_script,68,pass,"['sha256', 'main']",[],"['__future__', 'csv', 'hashlib', 'json', 'pathlib', 'pandas']"
experiments/lab_001_xy_connection_20260626/scripts/PRM091_render_policy_report.py,b2bd5d7f9b7a9203d13cbeb2dc01ae757c4c4e1dd198971d92b08db10547a518,research_factory_or_qa_script,108,pass,['main'],[],"['__future__', 'pathlib', 'matplotlib', 'matplotlib.pyplot', 'pandas']"
experiments/lab_001_xy_connection_20260626/scripts/PRM091_second_wave_qualification_preregistration.py,b8c677f2420619bce46fad8446e22e54bfc32eb2f7202df975104251688b8318,research_factory_or_qa_script,199,pass,"['sha256', 'relative', 'input_record', 'correlation', 'classify_relation', 'main']",[],"['__future__', 'hashlib', 'json', 'math', 'itertools', 'pathlib', 'numpy', 'pandas', 'scipy.stats']"
experiments/lab_001_xy_connection_20260626/scripts/PRM092_finalize_manifest.py,b987cb3031f073c1a9f8c23b6f10a539f3114ff52d982b80d562c2dfee49ad97,research_factory_or_qa_script,43,pass,"['sha256', 'main']",[],"['__future__', 'csv', 'hashlib', 'pathlib']"
experiments/lab_001_xy_connection_20260626/scripts/PRM092_independent_preflight_QA.py,4d40750082401f068c5facf8fd64f4f627fcfba399b6789b190b53ae7caae14a,research_factory_or_qa_script,106,pass,"['sha256', 'canonical_hash', 'subprocess_result', 'main']",[],"['__future__', 'hashlib', 'json', 'math', 'subprocess', 'sys', 'pathlib', 'pandas']"
experiments/lab_001_xy_connection_20260626/scripts/PRM092_postmerge_sync_QA.py,7241f51398de288df897d30dfcfddc3380e018dd2106c2dcc3e2ae1453ef65af,research_factory_or_qa_script,62,pass,"['sha256', 'main']",[],"['__future__', 'csv', 'hashlib', 'json', 'pathlib', 'pandas']"
experiments/lab_001_xy_connection_20260626/scripts/PRM092_prepare_full58_runner.py,7a797ec20775deb33ee082b64a886553ca656b14be11feda7ac18b67a54dbbad,research_factory_or_qa_script,195,pass,"['sha256', 'canonical_hash', 'relative', 'frozen_record', 'doctor', 'expected_failure', 'main']",[],"['__future__', 'hashlib', 'json', 'math', 'shutil', 'subprocess', 'sys', 'pathlib', 'pandas']"
experiments/lab_001_xy_connection_20260626/scripts/PRM092_render_preflight_report.py,d90410832ea10b96420e0ca3d86d6ed7eaf4084687f57ac548b2f01c77fc087c,research_factory_or_qa_script,105,pass,['main'],[],"['__future__', 'pathlib', 'matplotlib', 'matplotlib.pyplot', 'pandas']"
experiments/lab_001_xy_connection_20260626/scripts/PRM092_second_wave_full58_runner.py,4b9624264e02f8707ec19f9303c1e280f17e6ccd369b0f69b3d004f4017c07c1,research_factory_or_qa_script,379,pass,"['sha256', 'canonical_hash', 'read_json', 'atomic_write_json', 'atomic_write_csv', 'cell_directory', 'roster_ids', 'validate_config', 'validate_contract', 'validate_permit', '_missing_reasons', 'compute_outputs', 'validate_done_marker', 'quarantine_cell', 'run_cell', '_variation', '_relation', 'merge_all', 'doctor', 'main']",['ContractError'],"['__future__', 'argparse', 'hashlib', 'json', 'math', 'os', 'shutil', 'tempfile', 'time', 'itertools', 'pathlib', 'numpy', 'pandas', 'psutil', 'PRM088_second_wave_descriptors']"
experiments/lab_001_xy_connection_20260626/scripts/PRM093_finalize_manifest.py,11e28da7988cda21ab993b679fb6fb6cbb81def016f29039dce6ac37a49a6c48,research_factory_or_qa_script,42,pass,"['sha256', 'main']",[],"['__future__', 'csv', 'hashlib', 'pathlib']"
experiments/lab_001_xy_connection_20260626/scripts/PRM093_full58_permit_review.py,27100eab5a42473b7f6c3fe794612a5e6ccc41d75ad599d4cc8389b87de68cb1,research_factory_or_qa_script,140,pass,"['sha256', 'read_json', 'doctor', 'main']",[],"['__future__', 'csv', 'hashlib', 'json', 'shutil', 'subprocess', 'sys', 'datetime', 'pathlib', 'zoneinfo', 'pandas', 'psutil']"
experiments/lab_001_xy_connection_20260626/scripts/PRM093_independent_permit_QA.py,f0e5b133da63f88c53992f53c30e30a56f87793debbfa08a00620719ba2949c3,research_factory_or_qa_script,127,pass,"['sha256', 'doctor', 'attempt_run_with_invalid_permit', 'main']",[],"['__future__', 'hashlib', 'json', 'subprocess', 'sys', 'tempfile', 'copy', 'pathlib', 'pandas']"
experiments/lab_001_xy_connection_20260626/scripts/PRM093_postmerge_sync_QA.py,cc95f6232ed2468bbd31e014d5eda986a01455d97f3b3aa71d67c5be50c42377,research_factory_or_qa_script,60,pass,"['sha256', 'main']",[],"['__future__', 'csv', 'hashlib', 'json', 'pathlib', 'pandas']"
experiments/lab_001_xy_connection_20260626/scripts/PRM093_render_permit_report.py,dde96f20ee95a09bcc034c03b25ec86df6420ae91cf2a92537fd04f4fe6e404d,research_factory_or_qa_script,94,pass,['main'],[],"['__future__', 'pathlib', 'matplotlib', 'matplotlib.pyplot', 'pandas']"
experiments/lab_001_xy_connection_20260626/scripts/PRM094_execute_full58_census.py,23aa0de458c68ba6324712333b5b9c4d3ba7443f5c7a5dbce06a735baec90690,research_factory_or_qa_script,74,pass,"['invoke', 'main']",[],"['__future__', 'json', 'subprocess', 'sys', 'time', 'datetime', 'pathlib', 'zoneinfo', 'pandas']"
experiments/lab_001_xy_connection_20260626/scripts/PRM094_finalize_manifest.py,255b6641d89d5cc9761b94d828c1040c920c27d96b81d10a1034ade0e558d500,research_factory_or_qa_script,60,pass,"['sha256', 'main']",[],"['__future__', 'csv', 'hashlib', 'pathlib']"
experiments/lab_001_xy_connection_20260626/scripts/PRM094_independent_full58_replay.py,2e285e4ccc0268061af05720a92af840de37622fd8ae7bb82f5a0e8b88491ec3,research_factory_or_qa_script,166,pass,"['sha256', 'variation', 'relation', 'frame_values_same', 'main']",[],"['__future__', 'hashlib', 'json', 'math', 'itertools', 'pathlib', 'numpy', 'pandas', 'PRM090_independent_replay_and_review']"
experiments/lab_001_xy_connection_20260626/scripts/PRM094_postmerge_sync_QA.py,a5ba56cfe8e2bdedffe3bdc8db10244987472686870f508355521ac77664a63c,research_factory_or_qa_script,86,pass,"['sha256', 'main']",[],"['__future__', 'csv', 'hashlib', 'json', 'pathlib', 'pandas']"
experiments/lab_001_xy_connection_20260626/scripts/PRM094_technical_interpretation.py,6eb42aaa64349f82c8d62265208fa5d4aab83aaefe31e672b2af1f792b001a9d,research_factory_or_qa_script,265,pass,['main'],[],"['__future__', 'json', 'math', 'pathlib', 'matplotlib', 'matplotlib.pyplot', 'numpy', 'pandas']"
experiments/lab_001_xy_connection_20260626/scripts/PRM095_crossbank_technical_routing.py,d088b5576e725025ef09f34682b6a6b399475c1e1a48db5e944144818cbf7f78,research_factory_or_qa_script,416,pass,"['sha256', 'relative', 'is_variable', 'correlations', 'classify', 'main']",['UnionFind'],"['__future__', 'hashlib', 'json', 'math', 'pathlib', 'matplotlib', 'matplotlib.pyplot', 'numpy', 'pandas', 'scipy.stats']"
experiments/lab_001_xy_connection_20260626/scripts/PRM095_finalize_manifest.py,5c21b124b86259f724cfdee397c37ac6827dde809baf4d8f909de28787746f93,research_factory_or_qa_script,46,pass,"['sha256', 'main']",[],"['__future__', 'csv', 'hashlib', 'pathlib']"
experiments/lab_001_xy_connection_20260626/scripts/PRM095_independent_replay_and_QA.py,647be7539040fae52c5606bc89fd4cdcc35c7c791a65a6f0c84fd94c2774be47,research_factory_or_qa_script,202,pass,"['sha256', 'variable', 'corr', 'classify_independent', 'frame_same', 'main']",['Components'],"['__future__', 'hashlib', 'json', 'math', 'pathlib', 'numpy', 'pandas']"
experiments/lab_001_xy_connection_20260626/scripts/PRM095_postmerge_sync_QA.py,6d107881cff690c9ab79b8a617288858f017041cb59c6879b1fc89df0ed93716,research_factory_or_qa_script,79,pass,"['sha256', 'main']",[],"['__future__', 'csv', 'hashlib', 'json', 'pathlib', 'pandas']"
experiments/lab_001_xy_connection_20260626/scripts/PRM095_render_technical_report.py,c9ff7051fe288b095888b69794ce5cb2588de5df4830e81415a035b1328e1411,research_factory_or_qa_script,136,pass,['main'],[],"['__future__', 'json', 'pathlib', 'pandas']"
experiments/lab_001_xy_connection_20260626/scripts/PRM096_consolidate_xreg_and_route_third_wave.py,8474f17f414283a57940fc682ae6e6eac2ea4cf83b5c7a8ca3fe2917befd8486,research_factory_or_qa_script,371,pass,"['sha256', 'build_contract', 'main']",['UnionFind'],"['__future__', 'hashlib', 'json', 'collections', 'pathlib', 'matplotlib', 'numpy', 'pandas', 'matplotlib.pyplot']"
experiments/lab_001_xy_connection_20260626/scripts/PRM096_finalize_manifest.py,becb24deb6a2868c850a0404b35315e313b68b3096232b4af4a64e935723a8fb,research_factory_or_qa_script,45,pass,"['sha256', 'main']",[],"['__future__', 'csv', 'hashlib', 'pathlib']"
experiments/lab_001_xy_connection_20260626/scripts/PRM096_independent_bank_and_route_QA.py,4ec800b09ed0a3d71178962e08dc84594cb3b7b9645edfab32c3684cc0746df4,research_factory_or_qa_script,161,pass,"['sha256', 'connected_components', 'main']",[],"['__future__', 'hashlib', 'json', 'collections', 'pathlib', 'numpy', 'pandas']"
experiments/lab_001_xy_connection_20260626/scripts/PRM096_postmerge_sync_QA.py,b9e68cc4b60400c715a6576c83ca6fbadbcaccc7f792ac4a7a0dde265b3fc77c,research_factory_or_qa_script,81,pass,"['sha256', 'main']",[],"['__future__', 'csv', 'hashlib', 'json', 'pathlib', 'pandas']"
experiments/lab_001_xy_connection_20260626/scripts/PRM097_finalize_manifest.py,33a0db45accb932393b849d1ca6297f2e4fbc8b2bceaf29145df8d63aa90e7c5,research_factory_or_qa_script,96,pass,"['sha256', 'main']",[],"['__future__', 'hashlib', 'json', 'pathlib', 'pandas']"
experiments/lab_001_xy_connection_20260626/scripts/PRM097_freeze_third_wave_formula_contracts.py,2fbe5a956badff7b0bcab2adc1f5b91be709fe97b5613a33789ca8740f64b80d,research_factory_or_qa_script,397,pass,"['sha256', 'row', 'build_output_roster', 'build_formula_registry', 'build_boundary_policy', 'build_fixtures', 'build_source_crosswalk', 'main']",[],"['__future__', 'hashlib', 'importlib.util', 'json', 'pathlib', 'pandas']"
experiments/lab_001_xy_connection_20260626/scripts/PRM097_independent_QA.py,8ce6e5efbfae02f40f45a8f74f33e52e03142e51a096eb188efd7df4be3426eb,research_factory_or_qa_script,130,pass,"['sha256', 'read', 'as_bool_false', 'validate', 'main']",[],"['__future__', 'hashlib', 'json', 'pathlib', 'pandas']"
experiments/lab_001_xy_connection_20260626/scripts/PRM097_make_preregistration_figure.py,a51a2f45b964b1eeb48aec40c99e52b94fa0ad8a23f4f4e59ca48e6a73398ced,research_factory_or_qa_script,40,pass,[],[],"['pathlib', 'matplotlib', 'matplotlib.pyplot', 'pandas']"
experiments/lab_001_xy_connection_20260626/scripts/PRM097_postmerge_sync_QA.py,908c38c541b0c84f510986caf43b9344ce7422fd86dbf419e8f82c1b61f77496,research_factory_or_qa_script,100,pass,"['text', 'sha256', 'main']",[],"['__future__', 'hashlib', 'json', 'pathlib', 'pandas']"
experiments/lab_001_xy_connection_20260626/scripts/PRM098_C1_mask_alias_audit.py,7146a724c1700c7de006526014fd0e064851376911bea6bb776ca77d0cf141a4,research_factory_or_qa_script,34,pass,['main'],[],"['__future__', 'json', 'sys', 'time', 'pathlib', 'numpy', 'pandas', 'PRM098_materialize_V192_panel_masks']"
experiments/lab_001_xy_connection_20260626/scripts/PRM098_finalize_evidence.py,4aa26557e10dc4c3e5a71717dfa9328f6c0ee3315bf00fdfee87dde720d523e0,research_factory_or_qa_script,102,pass,"['write_attempt_ledger', 'make_figure']",[],"['__future__', 'csv', 'pathlib', 'matplotlib', 'matplotlib.pyplot', 'numpy', 'pandas']"
experiments/lab_001_xy_connection_20260626/scripts/PRM098_finalize_manifest.py,04686339af043bc5f7c3412b79768e24e176da21877e764f0fbeeed68afa11b2,research_factory_or_qa_script,63,pass,"['sha256', 'main']",[],"['__future__', 'hashlib', 'pathlib', 'pandas']"
experiments/lab_001_xy_connection_20260626/scripts/PRM098_independent_QA.py,2ea41ee3b9a998927f6888d703b521a9b5b86993c97a9f075cecceccfee3e298,research_factory_or_qa_script,83,pass,"['sha256', 'main']",[],"['__future__', 'hashlib', 'json', 'math', 'sys', 'pathlib', 'numpy', 'pandas', 'PRM098_third_wave_formula_library']"
experiments/lab_001_xy_connection_20260626/scripts/PRM098_materialize_V192_panel_masks.py,64ae4f1ad63b820dcf0bab91170bc80e4ff7e99966d4a893a500511e3f948ae6,research_factory_or_qa_script,68,pass,"['sha256', 'rasterize', 'main']",[],"['__future__', 'hashlib', 'json', 'os', 'tempfile', 'time', 'pathlib', 'numpy', 'pandas', 'psutil', 'vtk', 'vtk.util.numpy_support']"
experiments/lab_001_xy_connection_20260626/scripts/PRM098_postmerge_sync_QA.py,5540273e840f710c6934c7d76bea9ef90d6879d67318c441626baa8feef34817,research_factory_or_qa_script,150,pass,"['digest', 'main']",[],"['__future__', 'hashlib', 'json', 'os', 'pathlib', 'pandas', 'psutil']"
experiments/lab_001_xy_connection_20260626/scripts/PRM098_preflight_and_permit.py,72cfa9187e71170d4f264b3cb623e867d5a4e97d6e362e9553d0f7d7e08541ea,research_factory_or_qa_script,110,pass,"['sha256', 'main']",[],"['__future__', 'hashlib', 'json', 'os', 'datetime', 'pathlib', 'pandas', 'psutil']"
experiments/lab_001_xy_connection_20260626/scripts/PRM098_run_cell.py,12f424053b1a27f599f42f783e721f8a79b4ec1ccca36890a7926a6a26ab6d51,research_factory_or_qa_script,87,pass,"['sha256', 'atomic_csv', 'atomic_json', 'main']",['PeakMonitor'],"['__future__', 'argparse', 'hashlib', 'json', 'os', 'sys', 'threading', 'time', 'pathlib', 'numpy', 'pandas', 'psutil', 'PRM098_third_wave_formula_library']"
experiments/lab_001_xy_connection_20260626/scripts/PRM098_run_cost_canary.py,3b08af977b4ff763bf2a2d73cd113722b19846ee05f666e10b171f58be82d5b2,research_factory_or_qa_script,41,pass,['main'],[],"['__future__', 'json', 'subprocess', 'sys', 'time', 'pathlib', 'pandas']"
experiments/lab_001_xy_connection_20260626/scripts/PRM098_run_progressive_panel.py,8d2b79ab06d1f9624afcf9892203fce4d9e314f1bc2fb2b869a968a987ceb696,research_factory_or_qa_script,69,pass,"['sha256', 'valid_done', 'main']",[],"['__future__', 'hashlib', 'json', 'subprocess', 'sys', 'time', 'pathlib', 'pandas']"
experiments/lab_001_xy_connection_20260626/scripts/PRM098_run_synthetic_truth.py,2e3a38593fb70ae04394593d3afdacbe4450c762073b7396dafabf8e8d02c88b,research_factory_or_qa_script,170,pass,"['metric', 'brute_local_thickness', 'graph_fixtures', 'lt_fixtures', 'phase_fixtures', 'ect_fixtures', 'fibonacci_normals', 'main']",[],"['__future__', 'json', 'math', 'sys', 'time', 'pathlib', 'numpy', 'pandas', 'scipy', 'skimage.measure', 'PRM098_third_wave_formula_library']"
experiments/lab_001_xy_connection_20260626/scripts/PRM098_technical_gate_analysis.py,d288a14ac1df5d0c3bdc6dbe3ef8b0c74f074ff4c5a927656ab932c5bb53e4a4,research_factory_or_qa_script,90,pass,"['srd', 'rho', 'top2', 'main']",[],"['__future__', 'json', 'math', 'pathlib', 'numpy', 'pandas', 'scipy.stats']"
experiments/lab_001_xy_connection_20260626/scripts/PRM098_third_wave_formula_library.py,1f2c900ee8d9e5a96cc838c9b2cbb884133ffb3cbd6e83108b23197be77b3827,research_factory_or_qa_script,398,pass,"['_step', '_neighbors', 'skeleton_graph_outputs', 'local_thickness_field', 'local_thickness_outputs', '_line_runs', '_run_stats', 'phase_scale_outputs', 'ect_outputs_skimage_reference', '_cell_birth_count', '_cubical_euler_curve', 'ect_outputs', 'binary_glcm_at_shift', 'binary_glcm_outputs', 'normal_harmonics_from_normals', 'surface_normal_harmonic_outputs', 'compute_group']","['ResourceStop', 'GroupResult']","['__future__', 'math', 'time', 'dataclasses', 'networkx', 'numpy', 'scipy', 'scipy.special', 'skimage.measure', 'skimage.morphology']"
experiments/lab_001_xy_connection_20260626/scripts/PRM099_finalize_manifest.py,a55059317d53d19dbbbdaa44dd2af6eee98c4d6dfa76cb2d94e26e7c8986e2e2,research_factory_or_qa_script,45,pass,"['digest', 'main']",[],"['__future__', 'hashlib', 'pathlib', 'pandas']"
experiments/lab_001_xy_connection_20260626/scripts/PRM099_independent_permit_QA.py,74ea94c63598ca4b5ea19a6b6fa801aacdc4bc887525bdc2a6997820a5be5dbc,research_factory_or_qa_script,141,pass,"['sha256', 'relation', 'main']",[],"['__future__', 'hashlib', 'json', 'subprocess', 'sys', 'pathlib', 'numpy', 'pandas', 'scipy.stats']"
experiments/lab_001_xy_connection_20260626/scripts/PRM099_postmerge_sync_QA.py,b32f5b6cb936a521dc500f892ba7322d6da80ff02101d2a8fe2f114e9a1edf8e,research_factory_or_qa_script,123,pass,"['digest', 'main']",[],"['__future__', 'hashlib', 'json', 'os', 'subprocess', 'sys', 'pathlib', 'pandas', 'psutil']"
experiments/lab_001_xy_connection_20260626/scripts/PRM099_prepare_full58_permit_decision.py,6d3c8306715e5716b5203915a6e0899c071e04943e7ca8193b9204da5a69c8a1,research_factory_or_qa_script,289,pass,"['sha256', 'stable_hash', 'write_json', 'subprocess_doctor', 'parent_derived', 'relation', 'main']",[],"['__future__', 'hashlib', 'json', 'math', 'shutil', 'subprocess', 'sys', 'datetime', 'pathlib', 'zoneinfo', 'numpy', 'pandas', 'psutil', 'scipy.stats']"
experiments/lab_001_xy_connection_20260626/scripts/PRM099_render_permit_review.py,5fd49d5daebf273833ae0454c124e9a5872307fc89ded04c05455389f0db8b23,research_factory_or_qa_script,42,pass,['main'],[],"['__future__', 'pathlib', 'matplotlib', 'matplotlib.pyplot', 'pandas']"
experiments/lab_001_xy_connection_20260626/scripts/PRM099_third_wave_full58_runner.py,6f17380625f4b202214753ffdfca4d6147751f8bdb105c556e67790ee8b058f5,research_factory_or_qa_script,267,pass,"['sha256', 'read_json', 'atomic_json', 'atomic_csv', 'competitors', 'validate_config', 'validate_permit', 'validate_assets', 'doctor', 'derive_x019', 'run_cell', 'merge', 'parse']",[],"['__future__', 'argparse', 'hashlib', 'json', 'os', 'sys', 'time', 'pathlib', 'numpy', 'pandas', 'psutil', 'PRM098_third_wave_formula_library']"
experiments/lab_001_xy_connection_20260626/scripts/PRM100_execute_serial_cells.py,7105b8966e8a71c2d7cc6045c4e522d7233c975502db98134450240f5091c524,research_factory_or_qa_script,75,pass,"['atomic_json', 'main']",[],"['__future__', 'json', 'subprocess', 'sys', 'datetime', 'pathlib', 'zoneinfo', 'pandas']"
experiments/lab_001_xy_connection_20260626/scripts/PRM100_finalize_manifest.py,312f063d6a89c6613edc269ea4200d74769a3fb437a9c68d7265bb061f2f7178,research_factory_or_qa_script,45,pass,"['digest', 'main']",[],"['__future__', 'hashlib', 'pathlib', 'pandas']"
experiments/lab_001_xy_connection_20260626/scripts/PRM100_independent_xonly_QA.py,7d6bb8cc8c4883933763e4392f146ecc8da1ab2ed951da57d50abb724fbd37a9,research_factory_or_qa_script,129,pass,"['digest', 'variable', 'label', 'main']",[],"['__future__', 'hashlib', 'json', 'math', 'pathlib', 'numpy', 'pandas', 'scipy.stats']"
experiments/lab_001_xy_connection_20260626/scripts/PRM100_postmerge_sync_QA.py,40bd6c545864f0fd81a11478ec4838690945910b60ed993c12ba8c743f06532c,research_factory_or_qa_script,117,pass,"['digest', 'main']",[],"['__future__', 'hashlib', 'json', 'os', 'pathlib', 'pandas', 'psutil']"
experiments/lab_001_xy_connection_20260626/scripts/PRM100_render_xonly_review.py,ffc7013ac672d97b57901a9a54d2619336c1ed749a466d1f60c1177d0fd90dc0,research_factory_or_qa_script,32,pass,['main'],[],"['__future__', 'pathlib', 'matplotlib', 'matplotlib.pyplot', 'pandas']"
experiments/lab_001_xy_connection_20260626/scripts/PRM100_xonly_technical_review.py,8f5d333dab32e417e31db85dd7d78c48ec727c136543f972a146482d48d221dc,research_factory_or_qa_script,157,pass,"['sha256', 'variable', 'classify', 'main']",[],"['__future__', 'hashlib', 'json', 'math', 'pathlib', 'numpy', 'pandas', 'scipy.stats']"
experiments/lab_001_xy_connection_20260626/scripts/PRM101_consolidate_xreg_v0_3.py,27f2c28f2c8da0aff3176622a8da1ace2fd939e926e35275af1e403486320af6,research_factory_or_qa_script,115,pass,"['sha', 'main']",[],"['__future__', 'hashlib', 'json', 'pathlib', 'numpy', 'pandas']"
experiments/lab_001_xy_connection_20260626/scripts/PRM101_finalize_manifest.py,817842f41ac36926b2a1d2baf8fa8b7a49527750ee1af267647a6757177d92c6,research_factory_or_qa_script,20,pass,"['digest', 'main']",[],"['__future__', 'hashlib', 'pathlib', 'pandas']"
experiments/lab_001_xy_connection_20260626/scripts/PRM101_independent_consolidation_QA.py,d13a544f5a7fd535a9ad068cc6b4e8c7d42581ec99bdc0dc24db6700ee013e16,research_factory_or_qa_script,73,pass,"['sha', 'main']",[],"['__future__', 'hashlib', 'json', 'pathlib', 'numpy', 'pandas']"
experiments/lab_001_xy_connection_20260626/scripts/PRM101_postmerge_sync_QA.py,fbc2da2b05a15c7a4855435711e23f5ed8e40ac0b38e93d4f0e0aba7de5a72ec,research_factory_or_qa_script,20,pass,"['sha', 'main']",[],"['__future__', 'hashlib', 'json', 'pathlib', 'pandas']"
experiments/lab_001_xy_connection_20260626/scripts/PRM102_bc_raw_table_batch.py,fda76b59645f33de6c74c7f283fb0bec6565a26bf0b86a72699bb995d68a2241,research_factory_or_qa_script,81,pass,"['sha', 'stat', 'ntv', 'ac1', 'variable', 'relation', 'main']",[],"['__future__', 'hashlib', 'json', 'pathlib', 'numpy', 'pandas', 'scipy.stats']"
experiments/lab_001_xy_connection_20260626/scripts/PRM102_independent_QA.py,8aac5393534f82299d7482edc2409eb5c3bd6877e724107e5b7fc66457f795f8,research_factory_or_qa_script,27,pass,"['sha', 'main']",[],"['__future__', 'hashlib', 'json', 'pathlib', 'numpy', 'pandas']"
experiments/lab_001_xy_connection_20260626/scripts/PRM102_postmerge_sync_QA.py,edb01ed8bcf05aef903f8072d8345b212ead972ddb7bf9b8f66b0e2d9436079f,research_factory_or_qa_script,15,pass,['main'],[],"['__future__', 'json', 'pathlib', 'pandas']"
experiments/lab_001_xy_connection_20260626/scripts/PRM103_consolidate_bc_cohort_xreg_v0_4.py,b51dd83a886c27e9e7dbee92fbd6b2c5a9f6c6cf6a390451e1b80f4b69006079,research_factory_or_qa_script,43,pass,"['sha', 'main']",[],"['__future__', 'hashlib', 'json', 'pathlib', 'numpy', 'pandas']"
experiments/lab_001_xy_connection_20260626/scripts/PRM103_independent_QA.py,31f4b37f097824d6d297b40227d3a54f6db9b199f49d9a83da3d64435623242e,research_factory_or_qa_script,24,pass,"['sha', 'main']",[],"['__future__', 'hashlib', 'json', 'pathlib', 'numpy', 'pandas']"
experiments/lab_001_xy_connection_20260626/scripts/PRM104_independent_QA.py,a7a558406ac008f78cf539a3ba38ef63b572fa42fb885dd325c5c7dca50cb875,research_factory_or_qa_script,83,pass,"['sha256', 'close', 'main']",[],"['__future__', 'hashlib', 'json', 'pathlib', 'numpy', 'pandas']"
experiments/lab_001_xy_connection_20260626/scripts/PRM104_overlay_phase_profile_batch.py,9642c8329eb0b81a4805c34d26186f4443b3ff7b0873740376cc69d67f391c37,research_factory_or_qa_script,238,pass,"['sha256', 'profile_stats', 'variable', 'relation', 'main']",[],"['__future__', 'hashlib', 'json', 'pathlib', 'numpy', 'pandas', 'scipy.stats']"
experiments/lab_001_xy_connection_20260626/scripts/PRM105_consolidate_overlay_phase_xreg_v0_5.py,bb0908fc9e403c3e8d6e6f24c0e8a6d415ec63e4b14e325bc447f4a4ee25b0ed,research_factory_or_qa_script,275,pass,"['sha256', 'connected_components', 'main']",[],"['__future__', 'hashlib', 'json', 'collections', 'pathlib', 'numpy', 'pandas']"
experiments/lab_001_xy_connection_20260626/scripts/PRM105_independent_QA.py,9a69c4b1d991f3da93a242900050236b3d5fb61d8b6dc250cd302d4265bcfb9e,research_factory_or_qa_script,87,pass,"['sha256', 'canonical', 'main']",[],"['__future__', 'hashlib', 'json', 'collections', 'pathlib', 'numpy', 'pandas']"
experiments/lab_001_xy_connection_20260626/scripts/PRM106_independent_QA.py,e868938e04c97e73f317e9aada3761c5977d48e15cb63ac308ce6e46fa09d73c,research_factory_or_qa_script,90,pass,"['sha256', 'skewness', 'normalized_tv', 'main']",[],"['__future__', 'hashlib', 'json', 'pathlib', 'numpy', 'pandas']"
experiments/lab_001_xy_connection_20260626/scripts/PRM106_profile_dynamics_batch.py,c23b9fbb1ccd1b087bce41be45dccb6958081ea1d9de56619b2cc60e05449cc5,research_factory_or_qa_script,228,pass,"['sha256', 'ensure_variable', 'moment_skewness', 'excess_kurtosis', 'peak_to_mean', 'range_over_mean', 'lag1_autocorr', 'normalized_total_variation', 'variable', 'relation', 'main']",[],"['__future__', 'hashlib', 'json', 'pathlib', 'numpy', 'pandas', 'scipy.stats']"
experiments/lab_001_xy_connection_20260626/scripts/PRM107_consolidate_profile_dynamics_xreg_v0_6.py,c6fd04540fc01a561a0a8e937b2ffb4bb0f46c60d0dca42f8184ca65f4d69b33,research_factory_or_qa_script,190,pass,"['sha256', 'components', 'main']",[],"['__future__', 'hashlib', 'json', 'collections', 'pathlib', 'numpy', 'pandas']"
experiments/lab_001_xy_connection_20260626/scripts/PRM107_independent_QA.py,d2a39807135f565f47cd9f1b04e7afde17a2860e5722e1148def64f79743fe26,research_factory_or_qa_script,80,pass,"['sha256', 'canonical', 'main']",[],"['__future__', 'hashlib', 'json', 'pathlib', 'numpy', 'pandas']"
experiments/lab_001_xy_connection_20260626/scripts/PRM108_axial_distribution_symmetry_batch.py,d0d59435d9ea02fa814c16cd3258a212b7286f5085dc8e326023f430faf99324,research_factory_or_qa_script,188,pass,"['sha256', 'verified_profile', 'axial_centroid', 'axial_spread', 'reflection_asymmetry', 'variable', 'relation', 'main']",[],"['__future__', 'hashlib', 'json', 'pathlib', 'numpy', 'pandas', 'scipy.stats']"
experiments/lab_001_xy_connection_20260626/scripts/PRM108_independent_QA.py,329a0a3607ec0861db240ba330fde6fec06745e66ddfe4f3329d6796cf825445,research_factory_or_qa_script,89,pass,"['sha256', 'centroid', 'spread', 'asymmetry', 'main']",[],"['__future__', 'hashlib', 'json', 'pathlib', 'numpy', 'pandas']"
experiments/lab_001_xy_connection_20260626/scripts/PRM109_consolidate_axial_symmetry_xreg_v0_7.py,e1a0cd212c8d7d43b821d06653658f7f14463998b0a156c57b06ef4166a48112,research_factory_or_qa_script,307,pass,"['sha256', 'components', 'main']",[],"['__future__', 'hashlib', 'json', 'collections', 'pathlib', 'numpy', 'pandas']"
experiments/lab_001_xy_connection_20260626/scripts/PRM109_independent_QA.py,2da968eab910e78dfd90e160aae0a570141843cc3ac323e7271d15c5bdf38b89,research_factory_or_qa_script,165,pass,"['sha256', 'canonical', 'main']",[],"['__future__', 'hashlib', 'json', 'pathlib', 'numpy', 'pandas']"
experiments/lab_001_xy_connection_20260626/scripts/PRM110_axial_shape_entropy_batch.py,077d32a1b991c1704370ffe4ea8077ab975afde7be900383368c0c54f6e86b08,research_factory_or_qa_script,490,pass,"['sha256', 'distribution', 'axial_skewness', 'axial_excess_kurtosis', 'normalized_entropy', 'center_edge_contrast', 'variable', 'relation', 'main']",[],"['__future__', 'hashlib', 'json', 'pathlib', 'numpy', 'pandas', 'scipy.stats']"
experiments/lab_001_xy_connection_20260626/scripts/PRM110_independent_QA.py,a4b6cce893550f03a08138760a98322363866ade20fd164427cd779a08d23cc3,research_factory_or_qa_script,182,pass,"['sha256', 'shape_metrics', 'main']",[],"['__future__', 'hashlib', 'json', 'pathlib', 'numpy', 'pandas']"
experiments/lab_001_xy_connection_20260626/scripts/PRM111_consolidate_axial_shape_entropy_xreg_v0_8.py,a434b9a326f5c21d408d94e82f7a403c71059885434bb9a60e9c93a527e2c5ed,research_factory_or_qa_script,170,pass,"['sha256', 'graph_components', 'main']",[],"['__future__', 'hashlib', 'json', 'collections', 'pathlib', 'numpy', 'pandas']"
experiments/lab_001_xy_connection_20260626/scripts/PRM111_independent_QA.py,b66649ebc292d47ab6e44dd6b8633d5a1eb1674d1cf7f5ff23e692cc3e49360f,research_factory_or_qa_script,85,pass,"['sha256', 'pair', 'main']",[],"['__future__', 'hashlib', 'json', 'pathlib', 'numpy', 'pandas']"
experiments/lab_001_xy_connection_20260626/scripts/PRM112_axial_weighted_quantile_location_batch.py,cc5b7391f2881bf522d5b3852680cb64d22c071f4a7315217b7971727782f954,research_factory_or_qa_script,133,pass,"['sha256', 'weighted_position_quantile', 'variable', 'relation', 'main']",[],"['__future__', 'hashlib', 'json', 'pathlib', 'numpy', 'pandas', 'scipy.stats']"
experiments/lab_001_xy_connection_20260626/scripts/PRM112_independent_QA.py,e31222eb2c396aae79df191a756e511f1e0b84a92db4da556ec0493ed9f29ee8,research_factory_or_qa_script,89,pass,"['sha256', 'independent_quantile', 'main']",[],"['__future__', 'hashlib', 'json', 'pathlib', 'numpy', 'pandas']"
experiments/lab_001_xy_connection_20260626/scripts/PRM113_consolidate_weighted_quantile_location_xreg_v0_9.py,9de9e1466ec9df6100538abdd2bb8ea54cb55353366eb4d4d9dc181974cee9fe,research_factory_or_qa_script,106,pass,"['sha256', 'components', 'main']",[],"['__future__', 'hashlib', 'json', 'collections', 'pathlib', 'numpy', 'pandas']"
experiments/lab_001_xy_connection_20260626/scripts/PRM113_independent_QA.py,46d61acb173d70529fd339e1c5682673db36092537256210df13cb7cf8959458,research_factory_or_qa_script,80,pass,"['sha256', 'pair', 'main']",[],"['__future__', 'hashlib', 'json', 'pathlib', 'numpy', 'pandas']"
experiments/lab_001_xy_connection_20260626/scripts/PRM114_independent_QA.py,c5c965dbca70a332b85e8ecb9b84eed5a70fdc92801de7e5e8af4b99fdbe2418,research_factory_or_qa_script,19,pass,"['sha256', 'independent_metrics', 'main']",[],"['__future__', 'hashlib', 'json', 'pathlib', 'numpy', 'pandas']"
experiments/lab_001_xy_connection_20260626/scripts/PRM114_overlay_component_inequality_concentration_batch.py,13d99845594519a50309eee068d164d97e0f583ce86baed04b38bb3b074f1d11,research_factory_or_qa_script,51,pass,"['sha256', 'area_stats', 'pair_stats', 'variable', 'relation', 'main']",[],"['__future__', 'hashlib', 'json', 'pathlib', 'numpy', 'pandas', 'scipy.stats']"
experiments/lab_001_xy_connection_20260626/scripts/PRM115_consolidate_component_inequality_xreg_v1_0.py,3c5f2df04223f778dc7f9bbc1d893c3284dbb298af49f93555e4d6b966567bcd,research_factory_or_qa_script,32,pass,"['sha256', 'main']",[],"['__future__', 'hashlib', 'json', 'pathlib', 'numpy', 'pandas']"
experiments/lab_001_xy_connection_20260626/scripts/PRM115_independent_QA.py,97039249711d5eebedfcf052e147afe31c59fd6a060d3764c6d5043026aef842,research_factory_or_qa_script,16,pass,"['sha256', 'main']",[],"['__future__', 'hashlib', 'json', 'pathlib', 'numpy', 'pandas']"
experiments/lab_001_xy_connection_20260626/scripts/PRM116_component_filter_sensitivity_batch.py,6c329d0e88581589a143cad58f2e19342bf2acd96e2c3a31a0a5578b2a27f011,research_factory_or_qa_script,45,pass,"['sha256', 'mad', 'lag1', 'metrics', 'var', 'rel', 'main']",[],"['__future__', 'hashlib', 'json', 'pathlib', 'numpy', 'pandas', 'scipy.stats']"
experiments/lab_001_xy_connection_20260626/scripts/PRM116_independent_QA.py,e870c02664e5e1ec6e1efdac3b2a85889392776daf36a75cfe39fbf40f82f32b,research_factory_or_qa_script,17,pass,"['sha256', 'values', 'main']",[],"['__future__', 'hashlib', 'json', 'pathlib', 'numpy', 'pandas']"
experiments/lab_001_xy_connection_20260626/scripts/PRM117_consolidate_component_filter_sensitivity_xreg_v1_1.py,af72625cb700f1f06feb8b461c9e2ce3fff97d3e73ac79b1dba2c2bf3fb13b67,research_factory_or_qa_script,55,pass,"['sha256', 'components', 'main']",[],"['__future__', 'hashlib', 'json', 'collections', 'pathlib', 'numpy', 'pandas']"
experiments/lab_001_xy_connection_20260626/scripts/PRM117_independent_QA.py,9db3bda169ea8ddc7be8141a7b3d05112599c9eb99bc9eefdef79b2a235ab4fa,research_factory_or_qa_script,17,pass,"['sha256', 'pair', 'main']",[],"['__future__', 'hashlib', 'json', 'pathlib', 'numpy', 'pandas']"
experiments/lab_001_xy_connection_20260626/scripts/PRM118_independent_QA.py,2d64412766aa0947d56f12117b396ea98b960779258f063a3dc6abee2aaca0b8,research_factory_or_qa_script,114,pass,"['sha256', 'independent_values', 'main']",[],"['__future__', 'hashlib', 'json', 'pathlib', 'numpy', 'pandas']"
experiments/lab_001_xy_connection_20260626/scripts/PRM118_slice_component_filter_sensitivity_batch.py,14d6ea34e25823e8c56aca283bf8116427a2ea60a30891902a37afd9bb348ea9,research_factory_or_qa_script,37,pass,"['h', 'met', 'rel', 'main']",[],"['__future__', 'hashlib', 'json', 'pathlib', 'numpy', 'pandas', 'scipy.stats']"
experiments/lab_001_xy_connection_20260626/scripts/PRM119_consolidate_slice_component_filter_sensitivity_xreg_v1_2.py,41048dc381753c0c125e15c0abc94bf3d30a144b134d303681ba3c8ffedb6982,research_factory_or_qa_script,246,pass,"['sha256', 'connected_components', 'main']",[],"['__future__', 'hashlib', 'json', 'collections', 'pathlib', 'numpy', 'pandas']"
experiments/lab_001_xy_connection_20260626/scripts/PRM119_independent_QA.py,ec96de6c4f6ebed02bed03c0609f8b8f481f3d0300e926ac7276a05abe81fd74,research_factory_or_qa_script,110,pass,"['sha256', 'undirected', 'main']",[],"['__future__', 'hashlib', 'json', 'pathlib', 'numpy', 'pandas']"
experiments/lab_001_xy_connection_20260626/scripts/PRM120_independent_QA.py,160e1cea55d05a734b46d3e4a20e9f6c13869adce8e0d79e25860c97579fc5fa,research_factory_or_qa_script,100,pass,"['sha256', 'gini', 'independent_b3_probes', 'main']",[],"['__future__', 'hashlib', 'json', 'pathlib', 'numpy', 'pandas']"
experiments/lab_001_xy_connection_20260626/scripts/PRM120_overlay_pair_component_composition_batch.py,65b7fef6edb3383c151a399020ce9eb2c90eda6905f201f45619d335023242ff,research_factory_or_qa_script,231,pass,"['sha256', 'gini', 'pair_composition_profile', 'aggregate_profiles', 'variable', 'relation', 'main']",[],"['__future__', 'hashlib', 'json', 'pathlib', 'numpy', 'pandas', 'scipy.stats']"
experiments/lab_001_xy_connection_20260626/scripts/PRM121_consolidate_overlay_pair_component_composition_xreg_v1_3.py,a2b0adc9dc8b3f02122ce7c92719d811caf3d62cddb4f09b5bb49a0004e0c260,research_factory_or_qa_script,143,pass,"['sha256', 'graph', 'main']",[],"['__future__', 'hashlib', 'json', 'collections', 'pathlib', 'numpy', 'pandas']"
experiments/lab_001_xy_connection_20260626/scripts/PRM121_independent_QA.py,cd83d7f5f9419596bfdfd46f7bce9d51a589b2b2671eb073c1f31b32fc03f45c,research_factory_or_qa_script,85,pass,"['sha256', 'pair', 'main']",[],"['__future__', 'hashlib', 'json', 'pathlib', 'numpy', 'pandas']"
experiments/lab_001_xy_connection_20260626/scripts/PRM122_independent_QA.py,d0e5a5062bfffceba7d5c7dd36e717f90bfd19c2b27c6c298ebd2e37cc94a538,research_factory_or_qa_script,16,pass,"['h', 'met', 'main']",[],"['__future__', 'hashlib', 'json', 'pathlib', 'numpy', 'pandas']"
experiments/lab_001_xy_connection_20260626/scripts/PRM122_profile_jump_and_turn_batch.py,0498e6e2ceeca261fa8842fe58dc7f10ce17d518ec5117395e6641f3f317efe8,research_factory_or_qa_script,43,pass,"['h', 'metrics', 'var', 'rel', 'main']",[],"['__future__', 'hashlib', 'json', 'pathlib', 'numpy', 'pandas', 'scipy.stats']"
experiments/lab_001_xy_connection_20260626/scripts/PRM123_consolidate_profile_jump_turn_xreg_v1_4.py,ee4339e3572f4bb414c0c7fd26d78d17a0af3f6acf182dce3ded987a02da62ce,research_factory_or_qa_script,34,pass,"['graph', 'main']",[],"['__future__', 'json', 'hashlib', 'pathlib', 'collections', 'pandas', 'numpy']"
experiments/lab_001_xy_connection_20260626/scripts/PRM123_finalize_and_independent_QA.py,6e954a2cbb07b8b0003ace1605481dab4f1f7c9332be8353c7c6f759fc207a22,research_factory_or_qa_script,22,pass,"['comp', 'main']",[],"['__future__', 'pathlib', 'collections', 'numpy', 'pandas', 'json']"
experiments/lab_001_xy_connection_20260626/scripts/PRM124_overlay_phase_balance_batch.py,d2b85bff1dd8d1206d583f22f49af38ee66b969091010dee932fd5a1ef623169,research_factory_or_qa_script,23,pass,"['rel', 'main']",[],"['__future__', 'numpy', 'pandas', 'pathlib', 'scipy.stats']"
experiments/lab_001_xy_connection_20260626/scripts/PRM124_overlay_phase_balance_independent_qa.py,b94465082c26d1b93fd6a9371882a4908ed59af863f91c2ad1bc9458b2e133ae,research_factory_or_qa_script,118,pass,"['sha256', 'source_profile', 'result', 'main']",[],"['__future__', 'hashlib', 'json', 'pathlib', 'numpy', 'pandas']"
experiments/lab_001_xy_connection_20260626/scripts/PRM125_consolidate_overlay_phase_balance_xreg_v1_5.py,9c901f6d4387155d1466dc26fb36fa711af5d314eb97cd735d5ce2501b8a7bfa,research_factory_or_qa_script,146,pass,"['components', 'main']",[],"['__future__', 'collections', 'pathlib', 'numpy', 'pandas']"
experiments/lab_001_xy_connection_20260626/scripts/PRM125_finalize_and_independent_qa.py,009776144b6434387712a74d064dacb6e471f048f39cc519243159221dc557e9,research_factory_or_qa_script,83,pass,"['membership', 'main']",[],"['__future__', 'json', 'collections', 'pathlib', 'numpy', 'pandas']"
experiments/lab_001_xy_connection_20260626/scripts/PRM126_overlay_component_density_batch.py,9ba70d47331d905a6a25b393d122aa396779178b33699667f6b2edfa0a23ad9e,research_factory_or_qa_script,23,pass,"['rel', 'main']",[],"['__future__', 'numpy', 'pandas', 'pathlib', 'scipy.stats']"
experiments/lab_001_xy_connection_20260626/scripts/PRM126_overlay_component_density_independent_qa.py,be243f42b4f0c8ed759387419279907c1b58dbc6f55c177c1c7fa0e2c15d2fa2,research_factory_or_qa_script,17,pass,"['one', 'main']",[],"['__future__', 'json', 'pathlib', 'numpy', 'pandas']"
experiments/lab_001_xy_connection_20260626/scripts/PRM127_consolidate_overlay_component_density_xreg_v1_6.py,7cb167bc05647f8c83e0701cfc040a5e39a9c94db5e267145e31a3542e1db35d,research_factory_or_qa_script,35,pass,"['graph', 'main']",[],"['__future__', 'collections', 'pathlib', 'numpy', 'pandas']"
experiments/lab_001_xy_connection_20260626/scripts/PRM127_independent_qa.py,04d11716e8e71e65e0d1dd1207d34bf306b0a26d332aca7c0e200036327c6411,research_factory_or_qa_script,9,pass,['main'],[],"['__future__', 'json', 'pathlib', 'numpy', 'pandas']"
experiments/lab_001_xy_connection_20260626/scripts/PRM128_independent_qa.py,b3897f7da78f3369dd284c6ddd32950721d4df443ede1068a08bad03f95b84ec,research_factory_or_qa_script,18,pass,"['c', 'main']",[],"['__future__', 'json', 'pathlib', 'numpy', 'pandas', 'scipy.stats']"
experiments/lab_001_xy_connection_20260626/scripts/PRM128_overlay_phase_cross_correlation_batch.py,0a2625d5c34a9d607423f6ed678bd1a55154578029c8536e8ef5549f533b932f,research_factory_or_qa_script,27,pass,"['corr', 'rel', 'main']",[],"['__future__', 'numpy', 'pandas', 'pathlib', 'scipy.stats']"
experiments/lab_001_xy_connection_20260626/scripts/PRM129_consolidate_phase_cross_correlation_xreg_v1_7.py,ce1da67528e6c20eefa90439c7e81fd303455d117aa631fced307c3b9a8f4a35,research_factory_or_qa_script,34,pass,"['graph', 'main']",[],"['__future__', 'collections', 'pathlib', 'numpy', 'pandas']"
experiments/lab_001_xy_connection_20260626/scripts/PRM129_independent_qa.py,00d7222404fe30f28ef73af3dc462f104a457fb0de53b60e30acecd11e2cfd37,research_factory_or_qa_script,9,pass,['main'],[],"['__future__', 'json', 'pathlib', 'numpy', 'pandas']"
experiments/lab_001_xy_connection_20260626/scripts/PRM130_independent_qa.py,49ed47c44e5063437e2286e5ab98e6b14922b67ab610d732ce510dedb760ff1f,research_factory_or_qa_script,14,pass,['main'],[],"['__future__', 'json', 'pathlib', 'numpy', 'pandas']"
experiments/lab_001_xy_connection_20260626/scripts/PRM130_overlay_fraction_quantile_batch.py,4df83fbf4cb6c401109e4e2a651a89ac3b3603048aa1ec52d4834eccb0eede98,research_factory_or_qa_script,22,pass,"['rel', 'main']",[],"['__future__', 'numpy', 'pandas', 'pathlib', 'scipy.stats']"
experiments/lab_001_xy_connection_20260626/scripts/PRM131_consolidate_overlay_fraction_quantile_xreg_v1_8.py,d96145282cd11b798291832f3647b8776d79d60149b9d94cf6dbe2432e1ca50e,research_factory_or_qa_script,31,pass,['main'],[],"['__future__', 'collections', 'pathlib', 'numpy', 'pandas']"
experiments/lab_001_xy_connection_20260626/scripts/PRM132_137_fast_batch_autopilot.py,b57a6630ff2397adb5084573cd764d6f16d532c38b94cb92f9f27babc41d07fb,research_factory_or_qa_script,81,pass,"['rel', 'stats', 'comp', 'wave', 'main']",[],"['__future__', 'collections', 'pathlib', 'json', 'numpy', 'pandas', 'scipy.stats']"
experiments/lab_001_xy_connection_20260626/scripts/PRM132_137_independent_qa.py,f7031dcaff8b43e9fea072bdb7e00b237f9bb41020943293a9d8e0cbd5c47031,research_factory_or_qa_script,11,pass,"['check', 'main']",[],"['__future__', 'json', 'pathlib', 'numpy', 'pandas']"
experiments/lab_001_xy_connection_20260626/scripts/PRM138_143_fast_batch_autopilot.py,de4f249f8c895c7fa61dba532b03255cd37156fe6cf50c80dffec689de13693f,research_factory_or_qa_script,10,pass,['main'],[],"['__future__', 'importlib.util', 'json', 'pathlib']"
experiments/lab_001_xy_connection_20260626/scripts/PRM138_143_independent_qa.py,cbee9af7ef97a76540ba82dfa61ab3faa17843a447134b85e60e22c35b84dd35,research_factory_or_qa_script,11,pass,"['c', 'main']",[],"['__future__', 'json', 'pathlib', 'numpy', 'pandas']"
experiments/lab_001_xy_connection_20260626/scripts/PRM144_149_fast_batch_autopilot.py,cb239d75883427d9352beea1a299d9bdc5703edbc42c2f04b31acbf3b13e05f0,research_factory_or_qa_script,10,pass,['main'],[],"['__future__', 'importlib.util', 'json', 'pathlib']"
experiments/lab_001_xy_connection_20260626/scripts/PRM144_149_independent_qa.py,7fbf38b323fe7dd81ecbeff6c48ea7f11937e0f4a788618037a510f1a7cad295,research_factory_or_qa_script,11,pass,"['c', 'main']",[],"['__future__', 'json', 'pathlib', 'numpy', 'pandas']"
experiments/lab_001_xy_connection_20260626/scripts/R02_source_data_inventory.py,27f2b38aa9772501a89cb7a9c84d82b92370152c4f775171734c9d3504f27560,research_factory_or_qa_script,631,pass,"['now_kst', 'sha256_file', 'csv_write', 'rel', 'excel_col_to_index', 'cell_ref_to_rc', 'dim_to_rows_cols', 'read_shared_strings', 'read_workbook_sheet_map', 'read_cell_value', 'workbook_sheet_inventory', 'source_file_inventory', 'notebook_inventory', 'script_function_inventory', 'markdown_table', 'write_report', 'main']",[],"['__future__', 'ast', 'csv', 'datetime', 'hashlib', 'json', 'os', 're', 'sys', 'zipfile', 'pathlib', 'typing', 'xml.etree']"
experiments/lab_001_xy_connection_20260626/scripts/R03_R04_extract_variable_registry.py,61d1764a1497a2ec2b02f3dccdfec33cc14de46bf762570815495cfb97e5a969,research_factory_or_qa_script,699,pass,"['csv_write', 'col_letter', 'excel_col_to_index', 'cell_ref_to_rc', 'read_shared_strings', 'workbook_sheet_map', 'read_cell', 'is_number_like', 'normalize_name', 'ascii_slug', 'guess_role_family', 'score_row', 'collect_workbook_columns', 'collect_notebook_candidates', 'assign_variable_ids', 'alias_review', 'main']",['NotebookCandidateVisitor'],"['__future__', 'ast', 'csv', 'json', 'math', 're', 'zipfile', 'collections', 'pathlib', 'typing', 'xml.etree']"
experiments/lab_001_xy_connection_20260626/scripts/R03_workbook_schema_merge.py,edd7867a7527d9df5d51a3aa09831b96c0d0942f7ed48ee30fdf4b5359a0faa9,research_factory_or_qa_script,1101,pass,"['ensure_dirs', 'csv_write', 'col_letter', 'excel_col_to_index', 'cell_ref_to_rc', 'read_shared_strings', 'workbook_sheet_map', 'read_cell', 'load_workbook', 'try_float', 'almost_equal', 'slugify', 'normalize_observation_id', 'infer_structure_base_id', 'header_path', 'last_header_name', 'classify_total_column', 'classify_summary_column', 'column_stats', 'make_column_map', 'make_variable_id', 'total_row_kind', 'build_total_tables', 'build_summary_tables', 'descriptor_columns', 'values_for_columns', 'merge_vibration', 'merge_compression', 'fieldnames_union', 'write_report', 'main']",['SheetData'],"['__future__', 'csv', 'math', 're', 'zipfile', 'collections', 'dataclasses', 'pathlib', 'typing', 'xml.etree']"
experiments/lab_001_xy_connection_20260626/scripts/R04_variable_priority_dictionary.py,2cedb2bc56b84074f1856f68019d93dddfbebe37616f6a790b8e4f01bd5e7f2f,research_factory_or_qa_script,613,pass,"['read_csv', 'write_csv', 'to_int', 'to_float', 'normalize_name', 'ascii_slug', 'count_nonempty_by_prefix', 'infer_engineering_score', 'priority_band', 'recommended_descriptor_use', 'performance_score', 'y_metric_id_from_source_field', 'exact_notebook_overlap', 'build_descriptor_priority', 'build_target_y_priority', 'build_review_queue', 'write_report', 'main']",[],"['__future__', 'csv', 're', 'collections', 'pathlib', 'typing']"
experiments/lab_001_xy_connection_20260626/scripts/R05_xy_baseline_analysis.py,4471427b3c9f25d7938319054eb2823eaf22f6757d55f2bc8bbb39f6bf1902b7,research_factory_or_qa_script,914,pass,"['read_csv', 'write_csv', 'num', 'safe_float', 'find_variable_column', 'pearson_corr', 'spearman_corr', 'pairwise_n', 'summarize_target', 'association_score', 'make_feature_ranking', 'deterministic_folds', 'top_features_on_training', 'impute_standardize', 'ridge_fit_predict', 'regression_metrics', 'run_baseline_model', 'dataset_diagnostics', 'fmt_num', 'markdown_table', 'write_bar_svg', 'write_notebook', 'write_report', 'main']",['DatasetSpec'],"['__future__', 'html', 'json', 'dataclasses', 'datetime', 'pathlib', 'typing', 'numpy', 'pandas']"
experiments/lab_001_xy_connection_20260626/scripts/R06_forward_pipeline_validation.py,0cb5bee256829629e1411682932a58fc584dcbdabe97d96b1375edd6d8a2ba73,research_factory_or_qa_script,947,pass,"['read_notebook', 'write_csv', 'read_csv_dicts', 'clean_one_line', 'parse_cell_ast', 'import_names_from_ast', 'function_rows_from_ast', 'class_names_from_ast', 'infer_cell_stage', 'first_title', 'detect_side_effects', 'extract_config_from_cell', 'expected_candidate_count', 'module_available', 'dependency_check', 'subscript_string_key', 'classify_descriptor_key', 'descriptor_schema_rows', 'flow_map_and_functions', 'execution_note_for_cell', 'safe_cell1_probe', 'output_artifact_rows', 'count_exact_notebook_excel_matches', 'failure_log_rows', 'markdown_table', 'write_report', 'write_notebook_wrapper', 'main']",['DescriptorKeyVisitor'],"['__future__', 'ast', 'csv', 'importlib.util', 'json', 're', 'subprocess', 'sys', 'tempfile', 'collections', 'datetime', 'pathlib', 'typing']"
experiments/lab_001_xy_connection_20260626/scripts/R06_kmk312_prepare_preview_notebook.py,66b422ebbc157631c5e59ab6cad5ac7e328d16db10b7d1a5b7d511f40aa374d9,research_factory_or_qa_script,203,pass,"['replace_once', 'main']",[],"['__future__', 'json', 're', 'pathlib']"
experiments/lab_001_xy_connection_20260626/scripts/R06_kmk312_runtime_smoke.py,79780ec2335ae6e63029947a3a3f060115bf7fa1bbaf2f128bc0001425361533,research_factory_or_qa_script,258,pass,"['exec_code_cell', 'set_descriptor_flags', 'run_stage', 'main']",[],"['__future__', 'json', 'time', 'traceback', 'datetime', 'pathlib', 'pandas']"
experiments/lab_001_xy_connection_20260626/scripts/R06V2_build_integrated_candidate.py,65903efb2dff8738a6bb45fd4ca10310b4aa24a4962024530f3ee7c0befafd1a,research_factory_or_qa_script,476,pass,"['digest', 'replace_function', 'insert_before_function', 'patch_point_extractor', 'patch_slice_extractor', 'main']",[],"['__future__', 'ast', 'hashlib', 'json', 'pathlib']"
experiments/lab_001_xy_connection_20260626/scripts/R06V2_candidate_e2e.py,d71526c71bff858265caf10914cd4baed9661671bcca27eae3331de7dd33cb94,research_factory_or_qa_script,191,pass,"['exec_cell', 'stable_value', 'compare_descriptor_runs', 'main']",[],"['__future__', 'hashlib', 'json', 'math', 'time', 'traceback', 'datetime', 'pathlib', 'typing', 'numpy', 'pandas']"
experiments/lab_001_xy_connection_20260626/scripts/R06V2_family_e2e.py,a3e64f66d1bb854e779a3f67aa81016fdce40894590b2ace82839a37b63806f0,research_factory_or_qa_script,166,pass,"['exec_cell', 'prepare_candidates', 'configure', 'family_row', 'main']",[],"['__future__', 'json', 'time', 'traceback', 'datetime', 'pathlib', 'typing', 'numpy', 'pandas']"
experiments/lab_001_xy_connection_20260626/scripts/R06V2_legacy_notebook_parity.py,04c210e3cb53a30018250053fe4f760719675fe74359b531208f918a24aa8868,research_factory_or_qa_script,804,pass,"['sha256', 'write_csv', 'notebook', 'cell_source', 'strip_annotations', 'compile_functions', 'top_level_functions', 'generic_mapping', 'build_module_map', 'compare_arrays', 'result_row', 'point_parity', 'curvature_namespaces', 'curvature_parity', 'slice_namespaces', 'slice_masks', 'write_overlay', 'slice_parity', 'lattice_namespaces', 'lattice_parity', 'formula_rows', 'golden_registry', 'render_report', 'main']","['MeshStub', 'DummySemaphore']","['__future__', 'argparse', 'ast', 'copy', 'csv', 'hashlib', 'json', 'math', 'statistics', 'tempfile', 'collections', 'pathlib', 'typing', 'cv2', 'numpy', 'scipy.spatial']"
experiments/lab_001_xy_connection_20260626/scripts/R06V2_prepare_candidate_e2e.py,ccf4617636c4f4db421be881fb9fc53d1975725d017858e229d7039028d59230,research_factory_or_qa_script,75,pass,"['sha', 'replace_once', 'main']",[],"['__future__', 'hashlib', 'json', 'pathlib']"
experiments/lab_001_xy_connection_20260626/scripts/R07_analyze_lattice_ofat.py,d85e43a8370f4240823351c272ef635ea4ab2c099fd1948341daa453fa01834f,research_factory_or_qa_script,151,pass,"['file_hash', 'stl_geometry_hash', 'main']",[],"['__future__', 'hashlib', 'pathlib', 'numpy', 'pandas']"
experiments/lab_001_xy_connection_20260626/scripts/R07_build_lattice_ofat.py,6cfb0aa37e83afbb266a6c81644b456eba25753b9860351856848e94da921b47,research_factory_or_qa_script,90,pass,"['cast_like', 'main']",[],"['__future__', 'json', 'pathlib', 'pandas']"
experiments/lab_001_xy_connection_20260626/scripts/R07_build_theta_descriptor_map.py,f02dadcba21356fb34def2ce5e58fab4eb0759a5dc4c0a378bdf283b14c64079,research_factory_or_qa_script,877,pass,"['sha256', 'slug', 'normalize', 'json_text', 'is_number', 'extract_config_and_cells', 'candidate_source', 'load_candidate_records', 'group_name', 'explode_values', 'unique_display', 'classify_parameter', 'key_refs_in_function', 'function_usage', 'builder_key_lines', 'builder_for', 'config_range', 'make_theta_table', 'apply_empirical_evidence', 'r04_target_family', 'descriptor_cost', 'make_crosswalk', 'make_edges', 'pilot_values', 'make_ranges', 'write_report', 'main']",[],"['__future__', 'ast', 'hashlib', 'json', 'math', 're', 'shutil', 'collections', 'pathlib', 'typing', 'numpy', 'pandas']"
experiments/lab_001_xy_connection_20260626/scripts/R07_prepare_batch_tables.py,6a09325ea2ce64ab6e2335199ea784e5a18847aba2ff3eb57043443988d07008,research_factory_or_qa_script,287,pass,"['sha256_text', 'canonical_json', 'group_key', 'validate_record', 'balanced_head', 'main']",[],"['__future__', 'hashlib', 'json', 'pathlib', 'typing', 'numpy', 'pandas']"
experiments/lab_001_xy_connection_20260626/scripts/R07_resumable_t1_runner.py,95f0b0e3186120c72d6b4a3aba4fe7c72873df5ee6e52bdc5746bfcc5ffdb389,research_factory_or_qa_script,234,pass,"['sha256', 'atomic_csv', 'exec_cell', 'configure_t1', 'configure_slice_bridge', 'initialize_runtime', 'queue_from_table', 'main']",[],"['__future__', 'argparse', 'hashlib', 'json', 'os', 'platform', 'socket', 'time', 'traceback', 'datetime', 'pathlib', 'typing', 'pandas']"
experiments/lab_001_xy_connection_20260626/scripts/R07_summarize_t1_pilot.py,8c57c2619ce316bc1d6b7ec57a960cd3f325cb203e9eb46b10d81e3c3a6d2fb6,research_factory_or_qa_script,143,pass,"['sha256', 'format_float', 'main']",[],"['__future__', 'argparse', 'hashlib', 'pathlib', 'pandas']"
experiments/lab_001_xy_connection_20260626/scripts/R08_inverse_design_mvp.py,9679fb87b3db217a696c07c87e36d5e3798df04396bbb6a3108b6558bcbf5ea4,research_factory_or_qa_script,857,pass,"['json_text', 'sha256', 'markdown_table', 'target_and_x_ranges', 'selected_x_crosswalk', 'slice_target_comparison', 'theta_shortlist', 'normalized_candidate_matrix', 'select_candidates', 'binary_stl_body_hash', 'runtime_validation', 'write_report', 'main']",[],"['__future__', 'argparse', 'hashlib', 'json', 'pathlib', 'typing', 'numpy', 'pandas']"
experiments/lab_001_xy_connection_20260626/scripts/R09_016_selective_lineage_split.py,2c333559449ab4e4ef4b41e77aab926d5c1030c2dc6258c19fd4ea8b7e50c437,research_factory_or_qa_script,521,pass,"['pct', 'read_csv', 'code_contains', 'audit_working_standard', 'descriptor_family_priority', 'candidate_registry', 'md_table', 'write_report', 'main']",[],"['__future__', 'json', 'math', 'datetime', 'pathlib', 'typing', 'numpy', 'pandas']"
experiments/lab_001_xy_connection_20260626/scripts/R09_017_component_population_leff_runner.py,7ed62030caff0ee51c26ae967027d660e0016776ff2c4cc05d9369449effdf42,research_factory_or_qa_script,684,pass,"['import_probe', 'finite', 'mean', 'std', 'weighted_mean', 'weighted_std', 'rel_diff', 'perimeter_pixels', 'contact_edge_length_pixels', 'safe_div', 'safe_angle', 'component_features_for_pair', 'aggregate_candidate', 'excel_targets', 'compare_to_excel', 'md_table', 'run_model']",['ComponentFeature'],"['__future__', 'importlib.util', 'json', 'math', 'sys', 'dataclasses', 'datetime', 'pathlib', 'typing', 'cv2', 'numpy', 'pandas']"
experiments/lab_001_xy_connection_20260626/scripts/R09_018A_stdev_forensic_sweep.py,d76a5560729a0984f9f5a35a42093081bb7fa5fe81e683b781122965fe0ad042,research_factory_or_qa_script,844,pass,"['finite_array', 'safe_rel_diff', 'weighted_mean', 'weighted_std', 'weighted_std_unbiased', 'effective_n', 'robust_mad_std', 'iqr_std', 'quantile_range_std', 'trimmed_values', 'winsorized_values', 'stat_rows_for_vector', 'build_massori_filters', 'build_curvature_filters', 'apply_filter', 'layer_dispersion_rows', 'component_pool_rows', 'excel_stdev_targets', 'compare_candidates', 'md_table', 'run']",['FilterSpec'],"['__future__', 'json', 'math', 'dataclasses', 'datetime', 'pathlib', 'typing', 'numpy', 'pandas']"
experiments/lab_001_xy_connection_20260626/scripts/R09_018B_representative_stdev_survivor_validation.py,adba696612dfd89dc1f58b44e50dcb8d3bd6cb3ec87614b36c3dd435c8c9b21e,research_factory_or_qa_script,659,pass,"['import_module', 'finite', 'safe_rel_diff', 'weighted_mean', 'robust_mad_std', 'iqr_scaled', 'central80_scaled', 'trimmed_std', 'winsor_std', 'std_sample', 'std_pop', 'apply_filter', 'layer_table', 'build_survivor_specs', '_component_stat', '_layer_stat', '_layer_dispersion_stat', 'excel_targets', 'import_dependencies', 'output_paths', 'generate_component_table', 'validate_model', 'md_table', 'write_aggregate_report', 'main']",['SurvivorSpec'],"['__future__', 'argparse', 'importlib.util', 'json', 'math', 'sys', 'time', 'dataclasses', 'datetime', 'pathlib', 'typing', 'cv2', 'numpy', 'pandas']"
experiments/lab_001_xy_connection_20260626/scripts/R09_019_stdev_target_decomposition_generalized_search.py,33283b08d1738de9a4b49ff3180d9849602f5b0346d916bc37c3303d63c218f5,research_factory_or_qa_script,1052,pass,"['import_module', 'safe_rel_diff', 'status_from_rel', 'status_rank', 'excel_stdev_targets', 'alignment_for', 'generate_candidates_for_model', 'compare_candidates', 'summarize_global', 'summarize_target_decomposition', 'split_definitions', 'split_validation', 'split_validation_from_global', 'count_csv_rows', 'md_table', 'write_report_from_existing', 'write_report', 'finish_from_existing', 'run', 'main']",[],"['__future__', 'argparse', 'importlib.util', 'json', 'math', 'sys', 'time', 'datetime', 'pathlib', 'typing', 'numpy', 'pandas']"
experiments/lab_001_xy_connection_20260626/scripts/R09_020A_excel_stdev_ltp_working_relabel.py,bc6c3f3235709c1184268af2b95c57a03c5c61d138cd1543b3ecfd3b2058d905,research_factory_or_qa_script,159,pass,['main'],[],"['__future__', 'json', 'datetime', 'pathlib', 'pandas']"
experiments/lab_001_xy_connection_20260626/scripts/R09_020C_stdev_population_forensic.py,247b38bc353e4291bca5f65d604376061011b592f399087f5ea27882f21251fc,research_factory_or_qa_script,1100,pass,"['finite_array', 'safe_div', 'safe_rel_diff', 'status_from_rel', 'status_rank', 'weighted_mean', 'weighted_std', 'weighted_std_unbiased', 'effective_n', 'robust_mad_std', 'iqr_std', 'mean_abs_dev_scaled', 'trimmed_values', 'winsorized_values', 'build_filters', 'apply_filter', 'add_candidate_rows_for_vector', 'layer_total_descriptor_rows', 'layer_component_stat_rows', 'generate_component_layer_candidates', 'excel_targets', 'replicate_level_candidates', 'strict_alignment', 'loose_alignment', 'compare_candidates', 'summarize_b3', 'crosscheck_survivors', 'summarize_global', 'population_summary', 'target_interpretation', 'md_table', 'count_csv_rows', 'write_report', 'run']",['FilterSpec'],"['__future__', 'json', 'math', 'time', 'dataclasses', 'datetime', 'pathlib', 'typing', 'numpy', 'pandas']"
experiments/lab_001_xy_connection_20260626/scripts/R09_020D_curvature_lineage_audit.py,11733476474c7086f4021e90e22f54aae7633bdc2c419b3ce9a62960024ed01c,research_factory_or_qa_script,650,pass,"['finite', 'safe_div', 'std_pop', 'std_sample', 'sem_pop', 'weighted_mean', 'weighted_std', 'rel_diff', 'status_from_rel', 'formula_crosswalk_rows', 'candidate_design_rows', 'excel_curvature_targets', 'layer_vectors', 'add_stat', 'targeted_candidates_for_model', 'compare', 'target_summary', 'md_table', 'write_report', 'run']",[],"['__future__', 'json', 'math', 'time', 'datetime', 'pathlib', 'typing', 'numpy', 'pandas']"
experiments/lab_001_xy_connection_20260626/scripts/R09_020E_curvature_targeted_formula_sweep.py,8682d7821fa035c836def23fd1b108ce06f6f41680a66305268e2a186a4abf74,research_factory_or_qa_script,1082,pass,"['finite', 'rel_diff', 'status_from_rel', 'std_pop', 'std_sample', 'sem_pop', 'iqr_scaled', 'mad_scaled', 'trimmed_std', 'weighted_mean', 'weighted_std', 'safe_div', 'excel_curvature_targets', 'excel_replicate_curvature_rows', 'component_layer_vectors', 'layer_raw_vectors', 'add_stat_rows', 'candidate_rows_for_model', 'compare', 'summarize_by_target', 'summarize_formula_families', 'md_table', 'write_report', 'run']",[],"['__future__', 'json', 'math', 'time', 'warnings', 'datetime', 'pathlib', 'typing', 'numpy', 'pandas']"
experiments/lab_001_xy_connection_20260626/scripts/R09_020F_curvature_ag_legacy_py_parity_microtest.py,41a25149829674002b369313db11455d0face9fe446a113a8c28088de9d8eda0,research_factory_or_qa_script,883,pass,"['finite', 'safe_div', 'rel_diff', 'status_from_rel', 'std_pop', 'std_sample', 'sem_pop', 'iqr_scaled', 'mad_scaled', 'corr_pair', 'legacy_py2_source_evidence', 'excel_curvature_targets', 'read_numeric', 'component_layer_vectors', 'vector_stat_rows', 'candidate_rows_for_model', 'compare_to_excel', 'summarize_formula_families', 'vector_similarity_rows', 'md_table', 'write_report', 'run']",[],"['__future__', 'json', 'math', 're', 'time', 'datetime', 'pathlib', 'typing', 'numpy', 'pandas']"
experiments/lab_001_xy_connection_20260626/scripts/R09_020G_f1_source_provenance_exact_legacy_py_parity.py,6fc46531a07c071506745fc1fea1bb425a1a996165593c1329e7791aaba954c8,research_factory_or_qa_script,758,pass,"['sha256_file', 'rel_path', 'finite', 'std_pop', 'rel_diff', 'status_from_rel', 'md_table', 'mesh_stats', 'source_inventory', 'excel_f1_f2_replicate_table', 'legacy2_ltp_values_from_raw', 'exact_legacy_py2_parity_values', 'exact_legacy_py2_target_comparison', 'png_availability_audit', 'hypothesis_scorecard', 'make_report', 'main']",[],"['__future__', 'hashlib', 'json', 'math', 'time', 'datetime', 'pathlib', 'typing', 'numpy', 'pandas']"
experiments/lab_001_xy_connection_20260626/scripts/R09_020H_direct_legacy_py_image_execution.py,e36a0894e9ccefaa9c3be37b7307abd2825c9e42e8a9447eaaa68366f13c2cd6,research_factory_or_qa_script,905,pass,"['staged_stl_model_ids', 'rel_path', 'import_module', 'import_legacy_py2', 'finite', 'mean', 'std_pop', 'rel_diff', 'status_from_rel', 'png_dir_for_model', 'expected_png_path', 'color_combine_image', 'sanity_check_png_values', 'generate_pngs_for_model', 'run_legacy_direct', 'parse_legacy_name', 'csv_equivalent_values', 'compare_direct_vs_csv', 'excel_targets', 'compare_direct_vs_excel', 'md_table', 'make_report', 'model_png_inventory', 'main']",['ModelRunResult'],"['__future__', 'contextlib', 'importlib.util', 'io', 'json', 'math', 'os', 'sys', 'time', 'types', 'dataclasses', 'datetime', 'pathlib', 'typing', 'cv2', 'numpy', 'pandas']"
experiments/lab_001_xy_connection_20260626/scripts/R09_020I_excel_mismatch_bucketization.py,ac73a0751e1542da01377b9baa7a26ed3c2deede222f28c0aee6b9f181a47ecf,research_factory_or_qa_script,613,pass,"['rel_bucket', 'ratio_value', 'decide_bucket', 'md_table', 'make_priority_queue', 'make_report', 'main']",['BucketDecision'],"['__future__', 'json', 'math', 'dataclasses', 'datetime', 'pathlib', 'typing', 'numpy', 'pandas']"
experiments/lab_001_xy_connection_20260626/scripts/R09_020I_yx_visualization_pack.py,ba888c7e2bc4e6f59a39068b2f9738bb3702b9d015a970a9c6d065c92c1c9645,research_factory_or_qa_script,486,pass,"['rel_path', 'fit_origin', 'add_reference_lines', 'scatter_group', 'save_fig', 'metric_row', 'make_protocol', 'make_report', 'main']",[],"['__future__', 'json', 'math', 'datetime', 'pathlib', 'typing', 'numpy', 'pandas', 'matplotlib', 'matplotlib.pyplot', 'matplotlib.lines']"
experiments/lab_001_xy_connection_20260626/scripts/R09_020J_curvature_ag_anchor_outlier_split.py,1af68c69bcb74a44544ba7b84cab2ca23c1ea906c6ef0a82f3794cdd05393ac7,research_factory_or_qa_script,675,pass,"['rel_path', 'fit_origin', 'classify', 'add_plot_reference', 'plot_yx', 'make_class_count_plot', 'md_table', 'make_direction_pair_table', 'make_priority', 'make_report', 'main']",[],"['__future__', 'json', 'math', 'datetime', 'pathlib', 'typing', 'numpy', 'pandas', 'matplotlib', 'matplotlib.pyplot']"
experiments/lab_001_xy_connection_20260626/scripts/R09_020K_massori_stdev_lineage_audit.py,32b93066f5f5f1cc3a6ece9eea88bd1b4c9e7c1bbcf94cf46cd063d8e5f7ae54,research_factory_or_qa_script,984,pass,"['find_project_root', 'rel_path', 'read_csv', 'to_num', 'status_from_rel', 'safe_bool', 'fit_metrics', 'classify_massori_row', 'make_wide', 'permutation_audit', 'correlation_audit', 'direction_pair_audit', 'get_font', 'draw_axes', 'xy_to_px', 'draw_scatter_panel', 'plot_yx', 'plot_ratio_heatmap', 'markdown_table', 'main']",[],"['__future__', 'itertools', 'json', 'math', 'datetime', 'pathlib', 'typing', 'numpy', 'pandas', 'PIL']"
experiments/lab_001_xy_connection_20260626/scripts/R09_020L_massori_exact_population_replay.py,85661bac312a7d741690471c97eeca3108267a24a478ba20ecf18c325a35b574,research_factory_or_qa_script,890,pass,"['find_project_root', 'rel_path', 'read_csv', 'to_num', 'safe_rel', 'status_020c', 'status_count', 'fit_metrics', 'summarize_comparison', 'load_targets', 'load_direct_values', 'load_candidates', 'build_comparison', 'build_fixed_candidate_set', 'build_source_availability', 'candidate_level_summaries', 'direct_baseline_summary', 'get_font', 'draw_scatter', 'draw_rel_bar', 'markdown_table', 'main']",[],"['__future__', 'json', 'math', 'datetime', 'pathlib', 'typing', 'numpy', 'pandas', 'PIL']"
experiments/lab_001_xy_connection_20260626/scripts/R09_020M_massori_candidate_family_clustering.py,d0a21ade1b57d9f68e66cd0a355410a1b0793a802a1a36f6070267a9ae5f6981,research_factory_or_qa_script,867,pass,"['finite_median', 'finite_max', 'slope_origin_and_r2', 'status_counts', 'status_grade', 'add_keys', 'summarize_fixed_candidates', 'summarize_rule_clusters', 'build_semantic_conflict', 'build_model_target_best', 'build_decision_table', 'plot_yx', 'plot_rule_bars', 'plot_semantic_conflict', 'plot_model_heatmap', 'write_report', 'main']",[],"['__future__', 'json', 'math', 'dataclasses', 'datetime', 'pathlib', 'typing', 'matplotlib.pyplot', 'numpy', 'pandas']"
experiments/lab_001_xy_connection_20260626/scripts/R09_020N_massori_w_y_source_population_split.py,49f737750db116f990af73850f1743d17c7eb7ee330f1c038d7595038fa4d7b6,research_factory_or_qa_script,705,pass,"['finite_median', 'finite_max', 'slope_origin_and_r2', 'status_counts', 'grade', 'add_keys', 'build_wy_pair_audit', 'summarize_population_scope', 'build_leave_one_out', 'build_outlier_table', 'build_decision_table', 'plot_pair', 'plot_population_scope', 'plot_leave_one', 'plot_best_yx', 'md_table', 'write_report', 'main']",[],"['__future__', 'json', 'datetime', 'pathlib', 'matplotlib.pyplot', 'numpy', 'pandas']"
experiments/lab_001_xy_connection_20260626/scripts/R09_020O_massori_w_y_column_lineage_holdout_audit.py,6706d66bb50a8f6eb680cf0c564ee52c85b4fea1d88c7d6118004572b0442907,research_factory_or_qa_script,508,pass,"['ensure_dirs', 'num', 'rel_pair', 'pair_class', 'fit_origin', 'save_scatter', 'load_excel_wy', 'load_direct_wy', 'load_direct_excel_paired_rows', 'build_summary_replicate_copy_audit', 'summarize_pair_rows', 'make_report', 'main']",[],"['__future__', 'json', 'math', 'pathlib', 'matplotlib.pyplot', 'numpy', 'pandas']"
experiments/lab_001_xy_connection_20260626/scripts/R09_020P_broad_descriptor_summary_replicate_xcopy_audit.py,fc172be3e6c3da6258983714f8d947db6dcdd06c30e46db06e1359f3e001d7cc,research_factory_or_qa_script,498,pass,"['ensure_dirs', 'to_num', 'norm_raw', 'rel_diff', 'descriptor_block', 'compare_values', 'load_tables', 'build_wide', 'build_pair_audit', 'summarize_group', 'summarize_pair', 'make_bar', 'make_hist', 'make_report', 'main']",[],"['__future__', 'json', 'math', 'pathlib', 'matplotlib.pyplot', 'numpy', 'pandas']"
experiments/lab_001_xy_connection_20260626/scripts/R09_020R_y_replicate_semantics_target_selection_audit.py,3033f707cb2cf048800c24d0bb91f39a94b1391adde8aac7ad37b74b04468aac,research_factory_or_qa_script,749,pass,"['ensure_dirs', 'safe_float', 'rel_diff', 'classify_relation', 'infer_target_family', 'infer_optimization_direction', 'score_candidate', 'svg_text', 'write_bar_svg', 'write_grouped_bar_svg', 'write_scatter_grid_svg', 'df_to_markdown', 'main']",[],"['__future__', 'math', 'html', 'pathlib', 'typing', 'numpy', 'pandas']"
experiments/lab_001_xy_connection_20260626/scripts/R09_020S_official_y_target_selection_packet.py,7f4414d564ddc9ee082ced544bb6c36c4e91fcdd14ce158270541ebbfa64f78f,research_factory_or_qa_script,365,pass,"['fmt_cols', 'build_options', 'main']",[],"['__future__', 'pathlib', 'typing', 'numpy', 'pandas']"
experiments/lab_001_xy_connection_20260626/scripts/R09_020T_all_y_xy_atlas.py,52d97a216a68db5a3828128bfd247ac9553851414d5d52fc4b7fca65072c3997,research_factory_or_qa_script,1009,pass,"['ensure_dirs', 'safe_float', 'esc', 'short', 'df_to_markdown', 'infer_x_family', 'infer_descriptor_domain', 'infer_x_confidence', 'infer_y_domain', 'infer_y_objective', 'infer_y_family', 'y_status_from', 'pearson', 'spearman', 'write_bar_svg', 'write_confidence_svg', 'write_heatmap_svg', 'write_scatter_grid_svg', 'main']",[],"['__future__', 'html', 'math', 'pathlib', 'typing', 'numpy', 'pandas']"
experiments/lab_001_xy_connection_20260626/scripts/R09_020TA_x_x_descriptor_relation_atlas.py,8e95cf037004f7a6b9050d3c326dec01d08cda061a0ef11c547110eab852460b,research_factory_or_qa_script,762,pass,"['ensure_dirs', 'is_true', 'to_num', 'corr_pair', 'strength_label', 'esc', 'short_label', 'signed_corr_color', 'abs_color', 'family_color', 'markdown_table', 'write_svg', 'heatmap_svg', 'block_heatmap_svg', 'top_pairs_svg', 'cluster_map_svg', 'family_distribution_svg', 'connected_components', 'main']",[],"['__future__', 'csv', 'html', 'math', 'collections', 'pathlib', 'typing', 'numpy', 'pandas']"
experiments/lab_001_xy_connection_20260626/scripts/R09_020TB_y_y_performance_relation_atlas.py,225958f8f64ffa39640057a8839c91e0c2096533bf6ca6445335913fbfb90c90,research_factory_or_qa_script,694,pass,"['ensure_dirs', 'to_num', 'esc', 'short', 'markdown_table', 'corr_pair', 'strength_label', 'direction_sign', 'objective_relation', 'signed_color', 'domain_color', 'write_svg', 'heatmap_svg', 'cluster_map_svg', 'domain_panel_svg', 'tradeoff_scatter_svg', 'connected_components', 'parse_020s_columns', 'main']",[],"['__future__', 'html', 'math', 're', 'collections', 'pathlib', 'typing', 'numpy', 'pandas']"
experiments/lab_001_xy_connection_20260626/scripts/R09_020TC_family_aware_x_y_atlas.py,7cde15a97e409d9d51d989e4f366235b949024ad803533f737e8ced69e9cb805,research_factory_or_qa_script,1125,pass,"['ensure_dirs', 'esc', 'short', 'split_semicolon', 'to_num', 'corr_pair', 'markdown_table', 'explode_x_clusters', 'explode_y_groups', 'wide_corr_long', 'family_specific_long', 'direction_specific_long', 'leave_one_family_long', '_unused_previous_family_specific_long', '_unused_previous_direction_specific_long', 'leave_one_family_metrics', 'summarize_pair_metrics', 'build_matrix', 'build_generalization_summary', 'build_selected_y_sensitivity', 'svg_header', 'write_scatter_svg', 'write_matrix_svg', 'write_selected_svg', 'update_stage_registry', 'write_report', 'main']",[],"['__future__', 'html', 'math', 'pathlib', 'typing', 'numpy', 'pandas']"
experiments/lab_001_xy_connection_20260626/scripts/R09_020U_C_yg002_leakage_safe_baseline.py,5ef210565a0725e670ca91076fa16c762fa0dc3bae34482e831a694bd791fbb7,research_factory_or_qa_script,724,pass,"['ensure_dirs', 'to_float', 'fmt', 'read_csv_dicts', 'write_csv', 'mean', 'median', 'rankdata', 'pearson', 'spearman', 'solve_linear_system', 'fit_ridge', 'filter_rows', 'predict_fold', 'leave_family_group_predictions', 'metrics_for_predictions', 'fold_metrics', 'scale', 'svg_header', 'write_scatter_svg', 'write_obs_pred_svg', 'write_bar_svg', 'summarize_dataset', 'make_report', 'main']","['LinearModel', 'ModelSpec']","['__future__', 'csv', 'html', 'math', 'os', 'dataclasses', 'typing']"
experiments/lab_001_xy_connection_20260626/scripts/R09_020U_E_training_crosswalk_intake.py,763f644ffc7c38a0e320001fde588e77f34d7fb3d8afa0c6f444022e4789f306,research_factory_or_qa_script,1114,pass,"['ensure_dirs', 'col_to_num', 'num_to_col', 'col_range', 'parse_cell_ref', 'normalize_text', 'semantic_key', 'file_sha256', 'read_csv', 'write_csv', 'read_xlsx_sheets', 'header_chain', 'ffill_header_rows', 'range_role_total', 'build_total_column_registry', 'build_summary_column_registry', 'output_label_for_total_col', 'build_output_crosswalk', 'crosswalk_note', 'notebook_files', 'source_text', 'classify_notebook', 'parse_notebooks', 'classify_function', 'build_function_summary', 'build_feature_block_policy', 'build_method_policy', 'build_open_questions', 'label_for_total_col', 'build_column_drift_hotspots', 'build_fork_merge_review', 'build_stage_scope_policy', 'build_next_gate_queue', 'report_md', 'main']",['SheetData'],"['__future__', 'csv', 'hashlib', 'html', 'json', 'os', 're', 'zipfile', 'xml.etree.ElementTree', 'collections', 'dataclasses', 'typing']"
experiments/lab_001_xy_connection_20260626/scripts/R09_20260714_finalize_notion_geometry_recovery.py,cb69cbce6f68bd7aa404bd2693e633b4ef4d15373a600db0addc3bb0b0425a72,research_factory_or_qa_script,222,pass,"['hash_file', 'write_csv', 'model_id', 'ensure_l20', 'main']",[],"['__future__', 'csv', 'hashlib', 're', 'shutil', 'zipfile', 'collections', 'datetime', 'pathlib']"
experiments/lab_001_xy_connection_20260626/scripts/R09_20260714_notion_geometry_download.py,a0630aeb9adb2318a3abe70ca9b0655c14c14abc08dd599d81ff7e8ee4971883,research_factory_or_qa_script,306,pass,"['parse_args', 'read_inventory', 'read_token', 'notion_get_block', 'resolve_file', 'download', 'hash_file', 'safe_extract', 'write_csv', 'main']",[],"['__future__', 'argparse', 'csv', 'hashlib', 'json', 'os', 'shutil', 'sys', 'time', 'urllib.error', 'urllib.request', 'zipfile', 'datetime', 'pathlib']"
experiments/lab_001_xy_connection_20260626/scripts/R09_20260715_build_geometry_validation_report.py,b816ada0cc4d614f66946172a87dfdde2bea4b3cbc4313f0effe23fe2e5236ba,research_factory_or_qa_script,292,pass,"['sha256', 'rel', 'md_table', 'main']",[],"['__future__', 'hashlib', 'pathlib', 'pandas']"
experiments/lab_001_xy_connection_20260626/scripts/R09_20260715_finalize_canonical_geometry_and_n40.py,6218d8ab862e77980ee2a9f7180225d1f28d71ce80f4e9fd492c6a550c49a6ba,research_factory_or_qa_script,382,pass,"['sha256_file', 'rel', 'rel_diff', 'choose_canonical', 'identity_policy', 'disposition_for', 'write_n40', 'vtk_validate', 'main']",[],"['__future__', 'gc', 'hashlib', 'math', 'os', 'time', 'pathlib', 'numpy', 'pandas', 'vtk']"
experiments/lab_001_xy_connection_20260626/scripts/R09_20260715_geometry_source_full_validation.py,4fa4170b0cd2085b852c3ccd51fee01e9a674cf6e00749685abe51f2e2b3038b,research_factory_or_qa_script,532,pass,"['sha256_file', 'rel', 'natural_id_key', 'id_from_name', 'discover_candidates', 'reservoir_merge', 'binary_stl_stats', 'normalized_points', 'cube_transforms', 'shape_compare', 'safe_rel_diff', 'classify_pair', 'provisional_priority', 'plot_contact_sheet', 'main']",['Candidate'],"['__future__', 'argparse', 'hashlib', 'itertools', 'json', 'math', 're', 'time', 'dataclasses', 'pathlib', 'typing', 'matplotlib', 'matplotlib.pyplot', 'numpy', 'pandas', 'scipy.spatial']"
experiments/lab_001_xy_connection_20260626/scripts/R09_20260715_high_density_source_variant_audit.py,ac895d4ec1935bb95c57c288bdeba3a159d29d5c9f83dc4dfbbb8c0b06e82390,research_factory_or_qa_script,172,pass,"['load_points', 'transforms', 'deterministic_subset', 'find_best_transform', 'apply_transform', 'symmetric_distances', 'rel_diff', 'main']",[],"['__future__', 'itertools', 're', 'pathlib', 'numpy', 'pandas', 'vtk', 'scipy.spatial', 'vtk.util.numpy_support']"
experiments/lab_001_xy_connection_20260626/scripts/R09_20260715_inventor_stp_full_validation.py,d2da8ace5782bdb8d15139a632d3f1fc40ef2123baa9879c7f70a318c65f29c3,research_factory_or_qa_script,223,pass,"['sha256_file', 'step_token_counts', 'open_and_measure', 'main']",[],"['__future__', 'argparse', 'hashlib', 're', 'time', 'traceback', 'pathlib', 'pandas', 'win32com.client']"
experiments/lab_001_xy_connection_20260626/scripts/R09_20260715_plot_geometry_validation_dashboard.py,0385871edd242e77305287fc3b0574611675461472d838c29c70bbb92d0996c0,research_factory_or_qa_script,93,pass,['main'],[],"['__future__', 'pathlib', 'matplotlib', 'matplotlib.pyplot', 'numpy', 'pandas']"
experiments/lab_001_xy_connection_20260626/scripts/R09_20260715_vtk_stl_topology_audit.py,a08d2242c1037f8d217a5dd6404f952a95793fd8cc372e3e7ca18968fa7ce3d7,research_factory_or_qa_script,144,pass,"['edge_count', 'audit_one', 'main']",[],"['__future__', 'argparse', 'gc', 'time', 'pathlib', 'pandas', 'vtk']"
experiments/lab_001_xy_connection_20260626/scripts/R09_AREA_001_initial_area_source_column_unit_lineage.py,6d085c6c1d7dc6170fe8e5d069db60a335298520984ffea394a92801a2700dee,research_factory_or_qa_script,459,pass,"['sha256', 'load_parser', 'compact_actual_header', 'build_lineage', 'compare_aliases', 'parse_notebook_ranges', 'build_header_correction', 'build_evidence', 'build_queue', 'make_figure', 'write_report', 'main']",[],"['__future__', 'ast', 'csv', 'hashlib', 'importlib.util', 'json', 'math', 're', 'pathlib', 'pandas', 'PIL']"
experiments/lab_001_xy_connection_20260626/scripts/R09_B3_formula_variant_sweep.py,39b63f0e8a6e9f3061002d5eae8c2b6305931f02f33abc4de1a54474bccd1324,research_factory_or_qa_script,938,pass,"['import_probe', 'read_csv', 'write_csv', 'to_float', 'rel_diff', 'pearson', 'slope_origin', 'stats', 'stat_triplet', 'contact_edge_length_pixels', 'perimeter_pixels', 'area_per_pixel', 'length_per_pixel', 'component_areas_from_mask', 'pair_components', 'overlay_component_arrays', 'compute_thickness_variant', 'compute_mass_variant', 'compute_angle_curvature_variant', 'compute_pa_variant', 'compute_variant', 'build_masks', 'comparison_rows_for_variant', 'summarize', 'choose_best', 'md_table', 'main']",['PairComponents'],"['__future__', 'csv', 'importlib.util', 'math', 'argparse', 'sys', 'collections', 'dataclasses', 'datetime', 'pathlib', 'typing', 'cv2', 'numpy']"
experiments/lab_001_xy_connection_20260626/scripts/R09_B3_legacy_formula_replay.py,909eb35e61816c57bdfa86f7b1e2e2ff732689da26d0f3c2b10e9262d9af09d7,research_factory_or_qa_script,477,pass,"['import_probe', 'read_csv', 'write_csv', 'to_float', 'stats_unweighted', 'rel_diff', 'pearson', 'slope_origin', 'contact_edge_length_pixels', 'old_v2_thickness_from_binary_masks', 'old_v2_overlay_from_pair', 'old_v2_overlay_from_binary_masks', 'compute_axis', 'build_comparison', 'summarize', 'table', 'main']",[],"['__future__', 'csv', 'importlib.util', 'math', 'sys', 'dataclasses', 'datetime', 'pathlib', 'typing', 'cv2', 'numpy']"
experiments/lab_001_xy_connection_20260626/scripts/R09_B3_massori_stdev_hypothesis.py,4e218f423cc85ad3b54d672cc066bc87d650a8bf3c71d063f6d5148ffaf5337f,research_factory_or_qa_script,781,pass,"['import_probe', 'read_csv', 'write_csv', 'to_float', 'rel_diff', 'pearson', 'slope_origin', 'finite_arr', 'mean', 'std', 'sem', 'weighted_mean', 'weighted_std', 'mass_value', 'component_values_for_pair', 'build_axis_masks', 'compute_axis_raw_from_masks', 'descriptor_from_layers', 'excel_mass_rows', 'strict_comparison_rows', 'crosswalk_swap_rows', 'summarize', 'md_table', 'parse_configs', 'main']",['LayerMassStats'],"['__future__', 'argparse', 'csv', 'importlib.util', 'math', 'sys', 'collections', 'dataclasses', 'datetime', 'pathlib', 'typing', 'cv2', 'numpy']"
experiments/lab_001_xy_connection_20260626/scripts/R09_B3_one_model_forensic_audit.py,6faa923a01e21958c099911976c24cf0d151540cb8d0de40ec5b32fd107bddd7,research_factory_or_qa_script,721,pass,"['read_csv_rows', 'write_csv', 'to_float', 'rel_diff', 'linreg_through_origin', 'pearson', 'describe', 'summarize_group', 'axis_hypothesis', 'inspect_workbook', 'legacy_code_clues', 'sweep_b3_summary', 'markdown_table', 'build_report', 'main']",[],"['__future__', 'csv', 'json', 'math', 're', 'dataclasses', 'datetime', 'pathlib', 'statistics', 'typing']"
experiments/lab_001_xy_connection_20260626/scripts/R09_build_model_family_registry.py,9d37eeaf4b34529ba210af619bb2e91a66f2d88dd4a288580352e0164d26059a,research_factory_or_qa_script,315,pass,"['load_excel_rows', 'load_manifest', 'load_archive_entries']",[],"['__future__', 'csv', 'json', 'pathlib']"
experiments/lab_001_xy_connection_20260626/scripts/R09_compare_pilot_excel_descriptors.py,eadf9980468a9b546ca0ee9d0562a38587d6abf84c68b65d71d4f5a17eb114e9,research_factory_or_qa_script,322,pass,"['excel_column', 'load_total_sheet', 'load_column_metadata', 'build_crosswalk', 'write_csv', 'numeric', 'main']",[],"['__future__', 'csv', 'json', 'math', 'statistics', 'collections', 'datetime', 'pathlib', 'zoneinfo']"
experiments/lab_001_xy_connection_20260626/scripts/R09_DESCRIPTOR_001_integrated_census_schema_cycle_policy.py,378199cbf203ecc5f4f2f8fcd2bd1616d5d424eadc9b0f97ee50d080f7527a32,research_factory_or_qa_script,879,pass,"['now_kst', 'sha256_file', 'stable_hash', 'clean', 'norm_token', 'infer_family', 'infer_stat', 'infer_population', 'infer_unit', 'family_equation', 'base_row', 'notebook_lines', 'source_match', 'normalize_block_population', 'build_excel_rows', 'training_family', 'build_training_rows', 'build_nb_orig_rows', 'build_nb_current_rows', 'build_legacy_rows', 'build_xrv_rows', 'add_presence_flags', 'build_schema', 'build_policy_tables', 'build_factory_manifest', 'markdown_table', 'main']",[],"['__future__', 'hashlib', 'json', 're', 'datetime', 'pathlib', 'typing', 'pandas']"
experiments/lab_001_xy_connection_20260626/scripts/R09_forensic_factory.py,5040a1aaf72eb4d132856f6b18f3d5e01396811aca3be88a92d7195562698dc1,research_factory_or_qa_script,486,pass,"['now_kst', 'safe_slug', 'read_csv', 'write_csv', 'append_csv', 'load_config', 'stl_rows_by_model', 'excel_models', 'model_has_excel_massori', 'expand_jobs', 'command_for_job', 'build_manifest', 'doctor', 'load_status', 'run_manifest', 'summarize_status', 'main']",[],"['__future__', 'argparse', 'csv', 'importlib.util', 'json', 'os', 'platform', 'subprocess', 'sys', 'time', 'datetime', 'pathlib', 'typing']"
experiments/lab_001_xy_connection_20260626/scripts/R09_generate_training_line_by_line_textbooks_20260709.py,69d9bb96cd5fb89e6df9fdeabc0b5092310b3fbd76817764b09fc3402fc02aac,research_factory_or_qa_script,638,pass,"['source_to_text', 'sha256_file', 'md_escape', 'fenced_code', 'guess_cell_role', 'explain_line', 'inventory_code', 'extract_assignments', 'parse_ast_defs', 'numbered_code', 'write_doc', 'write_index', 'write_registry', 'main']",[],"['__future__', 'ast', 'csv', 'hashlib', 'json', 're', 'collections', 'datetime', 'pathlib', 'typing']"
experiments/lab_001_xy_connection_20260626/scripts/R09_inventory_notion_zip_archives.py,5150c5f8d9023189de73e2213fec92c9afac4dd933483d43add0b235a85dfc4e,research_factory_or_qa_script,405,pass,"['candidate_model_id', 'notion_page', 'zip_attachments', 'notion_signed_url', 'range_get', 'decode_name', 'parse_zip64_extra', 'remote_zip_entries', 'crc32_file', 'raw_lookup']",[],"['__future__', 'csv', 'json', 're', 'struct', 'urllib.parse', 'zlib', 'collections', 'pathlib', 'requests']"
experiments/lab_001_xy_connection_20260626/scripts/R09_massori_v02_forensic.py,6d08b5ce688dbc825458c9fc627dffb1b596212e6042ab4697027f3140e9ca41,research_factory_or_qa_script,678,pass,"['import_probe', 'read_csv', 'write_csv', 'to_float', 'rel_diff', 'pearson', 'slope_origin', 'finite_arr', 'mean', 'std', 'sem', 'weighted_mean', 'weighted_std', 'mass_value', 'component_values_for_pair', 'parse_configs', 'build_axis_masks', 'compute_axis_raw_from_masks', 'descriptor_from_layers', 'excel_mass_rows', 'strict_comparison_rows', 'summarize', 'md_table', 'main']",['LayerMassStats'],"['__future__', 'argparse', 'csv', 'importlib.util', 'math', 'sys', 'collections', 'dataclasses', 'datetime', 'pathlib', 'typing', 'cv2', 'numpy']"
experiments/lab_001_xy_connection_20260626/scripts/R09_POINT_001_source_population_excel_lineage_crosswalk.py,39909a11f152ba0a2beef581273c110e8f276a4c2366dde644fbc6cdfa8eca34,research_factory_or_qa_script,455,pass,"['sha256', 'load_parser', 'notebook_function_sources', 'build_source_population_table', 'build_formula_table', 'build_column_crosswalk', 'compare_excel_aliases', 'build_queue', 'make_figure', 'write_report', 'main']",[],"['__future__', 'ast', 'csv', 'hashlib', 'importlib.util', 'json', 'math', 'pathlib', 'pandas', 'PIL']"
experiments/lab_001_xy_connection_20260626/scripts/R09_ppt_slice_setting_reproduction_probe.py,407a5f7fc38c739d4436d454e64eac5f0ad6517b31d17798e97fcdfef27266d7,research_factory_or_qa_script,766,pass,"['configure_output_paths', 'sha256_file', 'resolve_stl_path', 'load_and_fit_mesh', 'normalized_normal', 'polygon_to_mask_points', 'rasterize_section', 'perimeter_pixels', 'contact_edge_length_pixels', 'connected_components_2d', 'legacy_perimeter_to_area_components', 'slice_pair_descriptors', 'stats', 'slice_positions', 'extract_axis_descriptors', 'build_excel_comparison', 'write_report', 'main']",['SliceProfile'],"['__future__', 'argparse', 'hashlib', 'json', 'math', 'time', 'warnings', 'dataclasses', 'datetime', 'pathlib', 'typing', 'cv2', 'numpy', 'pandas', 'trimesh']"
experiments/lab_001_xy_connection_20260626/scripts/R09_ppt_slice_setting_validation_sweep.py,8aed57e404d5aa3dfe1b1a9ea8d5c0618bc9bd745c446fae7cd4a876a83e66ae,research_factory_or_qa_script,475,pass,"['parse_args', 'command_for', 'extract_written_path', 'finite_float', 'similarity_metrics', 'run_probe', 'resolve_panel_models', 'write_report', 'main']","['PanelModel', 'Candidate']","['__future__', 'argparse', 'math', 're', 'subprocess', 'sys', 'time', 'dataclasses', 'datetime', 'pathlib', 'typing', 'numpy', 'pandas']"
experiments/lab_001_xy_connection_20260626/scripts/R09_RESLICE_002_r1v2_pathsafe_native_smoke.py,deb3070607721cb3480f9e2162b52aeb2e4e2203ecbe7a26b9aa34172a7cfd2d,research_factory_or_qa_script,1288,pass,"['import_module', 'now_kst', 'rel', 'sha256_file', 'config_hash', 'write_csv', 'write_json', 'read_csv', 'formula_rows', 'exclusion_rows', 'prepare', 'vectorized_segments', 'cv_components', 'save_mask', 'read_mask', 'save_overlay', 'read_overlay_counts', 'table_hash_manifest', 'artifact_manifest', 'latest_complete_attempt', 'next_attempt', 'descriptor_rows', 'excel_comparison', 'process_model', 'combine_model_table', 'prior_lineage_parity', 'markdown_table', 'finalize', 'main']",[],"['__future__', 'argparse', 'csv', 'hashlib', 'importlib.util', 'json', 'math', 'platform', 'shutil', 'sys', 'time', 'traceback', 'datetime', 'pathlib', 'typing', 'cv2', 'matplotlib', 'matplotlib.pyplot', 'numpy', 'pandas', 'PIL']"
experiments/lab_001_xy_connection_20260626/scripts/R09_RESLICE_003_all58_resumable_factory.py,8d2a65d6f1f0622a5256593823af457de2414a6bd3bf3227015b4addb346dcf3,research_factory_or_qa_script,258,pass,"['import_base', 'load_model_ids', 'configure', 'latest_qc', 'write_status', 'prepare', '_run_worker_subprocess', 'run_pending', 'main']",[],"['__future__', 'argparse', 'concurrent.futures', 'importlib.util', 'json', 'subprocess', 'sys', 'traceback', 'pathlib', 'pandas']"
experiments/lab_001_xy_connection_20260626/scripts/R09_RESLICE_003_finalize_qa.py,a7783fc2e295e76c09938f86ca2e4984be1872d7567fd6fc0403437e2f723b34,research_factory_or_qa_script,363,pass,"['sha256', 'latest_complete_attempt', 'regression_row', 'markdown_table', 'main']",[],"['__future__', 'hashlib', 'json', 'pathlib', 'matplotlib', 'matplotlib.pyplot', 'numpy', 'pandas']"
experiments/lab_001_xy_connection_20260626/scripts/R09_SLICE005_R2_repair_aggregate_verification.py,870335d61ce65b3ca51e3008c5a383f4da788332c1e24b08602e0a127c6efa5b,research_factory_or_qa_script,213,pass,"['read_csv', 'sha256', 'write_csv_atomic', 'write_json_atomic', 'safe_job_name', 'passed_attempt', 'finite_nine', 'normalize', 'main']",[],"['__future__', 'csv', 'hashlib', 'json', 'math', 'os', 'datetime', 'pathlib']"
experiments/lab_001_xy_connection_20260626/scripts/R09_SLICE_002C_b3_smoke_image_pixel_component_packet.py,a50f51504ea6de3d01ce3ed27d7bb276ae4f6cfdd1468e7a3460b3fc0906a5f4,research_factory_or_qa_script,665,pass,"['find_workspace_root', 'sha256_file', 'load_manifest', 'ensure_run_skeleton', 'load_binary_stl_vertices', 'unique_points', 'triangle_plane_segments_z', 'rasterize_segments_scanline', 'connected_components', 'save_mask_png', 'save_overlay_png', 'write_csv', 'rel_to_run', 'main']",[],"['__future__', 'csv', 'hashlib', 'json', 'math', 'os', 'platform', 'struct', 'sys', 'time', 'collections', 'pathlib', 'typing', 'numpy', 'pandas', 'PIL']"
experiments/lab_001_xy_connection_20260626/scripts/R09_SLICE_002C_policy_normalize_stl_to_40mm.py,e0c72c31fab50607f0f6e6ec1e7fd3749e9e9c6a1eded8fdfcd9419459936078,research_factory_or_qa_script,317,pass,"['workspace_root', 'sha256_file', 'read_binary_stl', 'read_stl_triangles', 'compute_normals', 'write_binary_stl', 'model_id_from_name', 'processed_name_for', 'main']",[],"['__future__', 'csv', 'io', 'hashlib', 'json', 'math', 'struct', 'sys', 'pathlib', 'typing', 'numpy', 'trimesh']"
experiments/lab_001_xy_connection_20260626/scripts/R09_SLICE_002D_b3_standard_seed_full_artifact_packet.py,a44038ba272a784b203f9feedda9b83ca0a80e95cc21bfba3c424fddb0c18170,research_factory_or_qa_script,543,pass,"['workspace_root', 'sha256_file', 'short_hash_payload', 'write_csv', 'rel', 'ensure_dirs', 'save_bool_png', 'save_overlay', 'artifact_manifest', 'main']",[],"['__future__', 'csv', 'hashlib', 'json', 'os', 'platform', 'sys', 'time', 'datetime', 'pathlib', 'typing', 'numpy', 'pandas', 'PIL', 'R09_SLICE_002C_b3_smoke_image_pixel_component_packet']"
experiments/lab_001_xy_connection_20260626/scripts/R09_SLICE_002E_descriptor_calculation_and_excel_comparison.py,03961d4d60aa1a71902a7919fa3eb5f0385053447005a096bd958d67ea463c3e,research_factory_or_qa_script,553,pass,"['import_r09_017', 'read_json', 'load_mask', 'markdown_table', 'rel_diff', 'candidate_status', 'build_overlay_features', 'compute_candidates', 'compare_to_excel', 'prior_delta', 'write_report', 'main']",[],"['__future__', 'importlib.util', 'json', 'math', 'sys', 'datetime', 'pathlib', 'typing', 'numpy', 'pandas', 'PIL']"
experiments/lab_001_xy_connection_20260626/scripts/R09_SLICE_002E_make_visualizations.py,18b67aac87bf437d423b2a39b9af835b90070c63d50adb6c1f63136571c940a9,research_factory_or_qa_script,130,pass,"['safe_float_series', 'main']",[],"['__future__', 'pathlib', 'matplotlib', 'matplotlib.pyplot', 'numpy', 'pandas']"
experiments/lab_001_xy_connection_20260626/scripts/R09_SLICE_002F_b3_sensitivity_and_representative_gate.py,7ef2757f5157fb29e7f1f94ae8e3063f77a00de15842ce100ba0cad2e08f4fce,research_factory_or_qa_script,545,pass,"['import_r09_017', 'rel_diff', 'status_label', 'markdown_table', 'compute_candidates', 'compare_to_excel', 'filter_tables', 'target_stability', 'make_figures', 'main']",[],"['__future__', 'importlib.util', 'json', 'math', 'sys', 'datetime', 'pathlib', 'typing', 'matplotlib', 'matplotlib.pyplot', 'numpy', 'pandas']"
experiments/lab_001_xy_connection_20260626/scripts/R09_SLICE_002G_c1_l1_representative_artifact_and_comparison.py,c74b6dfef43e5ec144dcd6022a59e2816d81697c147775510f68dee6fd8b86d7,research_factory_or_qa_script,1022,pass,"['import_module', 'rel', 'load_mask', 'finite_rel_diff', 'status_for', 'candidate_specs', 'markdown_table', 'ensure_project_dirs', 'run_config', 'generate_artifact_packet', 'build_overlay_features', 'compute_candidates', 'compare_candidates', 'b3_survivor_targets', 'cross_family_survivor_check', 'make_gate_matrix', 'write_visualizations', 'write_report', 'main']",[],"['__future__', 'importlib.util', 'json', 'math', 'platform', 'sys', 'time', 'datetime', 'pathlib', 'typing', 'numpy', 'pandas', 'PIL']"
experiments/lab_001_xy_connection_20260626/scripts/R09_SLICE_002G_finalize_report_and_figures.py,b0d90ef9cd3bbe27ff6c79e72cb906cdc3ca4d351877d29616455d29db3787a1,research_factory_or_qa_script,306,pass,"['rel', 'read_csv', 'md_table', 'row_count', 'write_figures', 'main']",[],"['__future__', 'json', 'datetime', 'pathlib', 'typing', 'numpy', 'pandas']"
experiments/lab_001_xy_connection_20260626/scripts/R09_SLICE_002G_REVIEW_descriptor_specific_failures_and_patch_policy.py,3b77a741611585deac3708b59645bfb1b37ebcb190c4dcc9fc1b1f220abcb969,research_factory_or_qa_script,903,pass,"['rel_diff', 'safe_corr', 'safe_spearman', 'direct_status', 'numeric_consensus_status', 'markdown_table', 'load_candidates', 'build_corrected_targets', 'compare_candidates', 'build_consensus', 'build_policy', 'build_failure_clusters', 'build_patch_queue', 'build_next_queue', 'make_figure', 'build_report', 'main']",[],"['__future__', 'datetime', 'json', 'math', 'pathlib', 'typing', 'matplotlib', 'numpy', 'pandas', 'matplotlib.pyplot']"
experiments/lab_001_xy_connection_20260626/scripts/R09_SLICE_002H_target_column_remap_and_cached_recompare.py,9307f8df11cbb7fd9a3499bf5fd76131d59f490f6fea76c72649975a6a11fd69,research_factory_or_qa_script,442,pass,"['import_r09_017', 'rel_diff', 'markdown_table', 'load_candidates', 'build_target_audit', 'cached_recompare', 'review_parity', 'selected_policy_verification', 'make_figure', 'build_next_queue', 'build_report', 'main']",[],"['__future__', 'datetime', 'importlib.util', 'json', 'math', 'pathlib', 'sys', 'typing', 'matplotlib', 'numpy', 'pandas', 'matplotlib.pyplot']"
experiments/lab_001_xy_connection_20260626/scripts/R09_SLICE_002I_legacy_py_parity_selected_avg.py,aeac7c9eec5b97cf134fff3c1187583808a2f3b167be1032d8287308edee73ee,research_factory_or_qa_script,804,pass,"['rel_path', 'finite_float', 'relative_difference', 'numeric_status', 'import_module', 'make_numpy_backed_cupy', 'import_legacy_modules', 'color_dir', 'mask_dir', 'png_count', 'legacy_py_inventory', 'make_crosswalk', 'execute_legacy_py2', 'execute_legacy_py3', 'selected_candidates', 'direct_value', 'compare_selected_to_legacy', 'plot_parity', 'md_table', 'make_report', 'main']",[],"['__future__', 'contextlib', 'importlib.util', 'io', 'json', 'math', 'os', 'sys', 'time', 'types', 'datetime', 'pathlib', 'typing', 'matplotlib.pyplot', 'numpy', 'pandas']"
experiments/lab_001_xy_connection_20260626/scripts/R09_SLICE_002J_selected_avg_inclusion_fallback_sensitivity.py,663d8c3bd74da6d5df20e0951a4f9030e5287d7ac5b794da68dcb9fd697e2e78,research_factory_or_qa_script,608,pass,"['rel_path', 'finite', 'mean', 'weighted_mean', 'rel_diff', 'numeric_status', 'color_dir', 'mask_dir', 'numeric_paths', 'contact_length', 'contour_pa', 'analyze_overlay', 'overlay_tables', 'mask_component_table', 'layer_weighted_aggregate', 'append_variant', 'make_variants_for_model', 'lookup_variant', 'lookup_direct', 'direct_reconstruction_parity', 'selected_candidate_crosswalk', 'effect_rows', 'eligibility_table', 'plot_sensitivity', 'md_table', 'report', 'main']",['OverlayComponent'],"['__future__', 'json', 'math', 'os', 'time', 'dataclasses', 'datetime', 'pathlib', 'typing', 'cv2', 'matplotlib.pyplot', 'numpy', 'pandas']"
experiments/lab_001_xy_connection_20260626/scripts/R09_SLICE_002K_descriptor_specific_patch_proposal_gate.py,22293449b0869dd47f6e8ac2b38956ea75ade86fe0122644b738d3a4bbc9334d,research_factory_or_qa_script,467,pass,"['rel_path', 'read_notebook_cell', 'line_of', 'source_inventory', 'cell_candidates', 'policy_table', 'acceptance_checklist', 'deferred_exclusions', 'md_table', 'make_report', 'main']",[],"['__future__', 'json', 'datetime', 'pathlib', 'typing', 'pandas']"
experiments/lab_001_xy_connection_20260626/scripts/R09_SLICE_002L_build_nb_compat_legacy_png.py,3e6b14650e3167cdf81a3164f628778ba4e094eec0247e85a90b83eec16c46d3,research_factory_or_qa_script,319,pass,"['sha256', 'source_text', 'main']",[],"['__future__', 'hashlib', 'json', 'pathlib']"
experiments/lab_001_xy_connection_20260626/scripts/R09_SLICE_002L_nb_compat_adapter_parity_test.py,33be8d429cbdd94e162e62aa9ed7747edf353dafd8f827593454757d40079617,research_factory_or_qa_script,363,pass,"['exact_alias', 'adapter_namespace', 'reference_lookup', 'numeric_status', 'write_figure', 'run_negative_contract_tests', 'markdown_table', 'write_report', 'main']",[],"['__future__', 'json', 'math', 'pathlib', 'cv2', 'numpy', 'pandas']"
experiments/lab_001_xy_connection_20260626/scripts/R09_SLICE_002M_nb_compat_dispatch_e2e_noninterference.py,83638d59aac21220444f3e630eef9b8d4e51d2d9eab68c2f97cabe1e99c6eabc,research_factory_or_qa_script,418,pass,"['sha256', 'load_notebook_namespace', 'base_row', 'is_compatibility_key', 'compare_value', 'compare_generic', 'draw_figure', 'markdown_table', 'main']",[],"['__future__', 'hashlib', 'json', 'math', 'pathlib', 'typing', 'cv2', 'numpy', 'pandas']"
experiments/lab_001_xy_connection_20260626/scripts/R09_SLICE_005_B3_coarse_canary_analyze.py,c8eb2862c6a2fdb8cdd0c9face37ef2e666b306f1ce024e5f5d108d6c9cf30a6,research_factory_or_qa_script,113,pass,"['now', 'rel', 'sha', 'asset', 'write_csv', 'write_json', 'main']",[],"['__future__', 'hashlib', 'json', 'platform', 'sys', 'datetime', 'pathlib', 'matplotlib', 'matplotlib.pyplot', 'numpy', 'pandas', 'T3P_mesh_native_grouped_evaluation_preregistration_no_fit']"
experiments/lab_001_xy_connection_20260626/scripts/R09_SLICE_005_B3_coarse_canary_control_review.py,5debd5732b391f6141b64b5b237e31cada7b73f103ba8dec929ac04eed2d58e9,research_factory_or_qa_script,245,pass,"['sha256', 'read_json', 'read_gate_csv', 'all_true', 'write_csv', 'rel', 'main']",[],"['__future__', 'csv', 'hashlib', 'json', 'datetime', 'pathlib', 'zoneinfo']"
experiments/lab_001_xy_connection_20260626/scripts/R09_SLICE_005_B3_coarse_canary_final_preregistration.py,ad2d121eb641cc7ff159ecd9ae9d7acae4f50798ad482f0884d47e29a4cbc660,research_factory_or_qa_script,97,pass,"['now', 'rel', 'sha', 'asset', 'write_json', 'write_csv', 'main']",[],"['__future__', 'hashlib', 'json', 'platform', 'shutil', 'sys', 'datetime', 'pathlib', 'pandas', 'psutil', 'T3P_mesh_native_grouped_evaluation_preregistration_no_fit']"
experiments/lab_001_xy_connection_20260626/scripts/R09_SLICE_005_B3_coarse_canary_independent_QA.py,cd8164a67b2ec3b7971ec19c1fb9eb64f026badcee292b72a24c500aff4677ec,research_factory_or_qa_script,81,pass,"['now', 'rel', 'sha', 'asset', 'write_csv', 'write_json', 'manifest_ok', 'recompute', 'main']",[],"['__future__', 'hashlib', 'json', 'platform', 'sys', 'datetime', 'pathlib', 'numpy', 'pandas', 'T3P_mesh_native_grouped_evaluation_preregistration_no_fit']"
experiments/lab_001_xy_connection_20260626/scripts/R09_SLICE_005_B3_coarse_canary_official_sync_QA.py,9736f2c70d107a6c54c12837a72b7ffd8866bcd01d4301ba6855ada4816539b3,research_factory_or_qa_script,128,pass,"['sha', 'contains', 'write_csv', 'rel', 'main']",[],"['__future__', 'csv', 'hashlib', 'json', 'datetime', 'pathlib', 'zoneinfo', 'T3P_mesh_native_grouped_evaluation_preregistration_no_fit']"
experiments/lab_001_xy_connection_20260626/scripts/R09_SLICE_005_B3_coarse_canary_preregistration.py,f08ece73f0965ecac949bcb3b2497a57172a96cbeeb3d5526af121649d4edc6f,research_factory_or_qa_script,186,pass,"['now_kst', 'rel', 'sha', 'asset', 'write_csv', 'write_json', 'main']",[],"['__future__', 'hashlib', 'json', 'platform', 'shutil', 'sys', 'datetime', 'pathlib', 'pandas', 'psutil', 'T3P_mesh_native_grouped_evaluation_preregistration_no_fit']"
experiments/lab_001_xy_connection_20260626/scripts/R09_SLICE_005_B3_coarse_canary_repair_preregistration.py,f4313fa7fd3a8b720bfbd256a8ca25067db5a1ec7b81c42be5ecc91357f2902f,research_factory_or_qa_script,117,pass,"['now', 'rel', 'sha', 'asset', 'write_csv', 'write_json', 'main']",[],"['__future__', 'hashlib', 'json', 'platform', 'shutil', 'sys', 'datetime', 'pathlib', 'pandas', 'psutil', 'T3P_mesh_native_grouped_evaluation_preregistration_no_fit']"
experiments/lab_001_xy_connection_20260626/scripts/R09_SLICE_005_B3_coarse_canary_worker.py,f43b38c9a33c6e9f1d965ed7a20cc36b93c6cc5c806e156ad31739be14f39917,research_factory_or_qa_script,216,pass,"['now_kst', 'rel', 'sha', 'atomic_json', 'dir_bytes', 'scalar_rows', 'main']",['ResourceSampler'],"['__future__', 'argparse', 'hashlib', 'json', 'os', 'platform', 'shutil', 'sys', 'threading', 'time', 'traceback', 'datetime', 'pathlib', 'typing', 'numpy', 'pandas', 'psutil', 'urp4.descriptor_service.v0_1.config', 'urp4.descriptor_service.v0_1.formula', 'urp4.descriptor_service.v0_1.pipeline', 'urp4.descriptor_service.v0_1.population']"
experiments/lab_001_xy_connection_20260626/scripts/R09_SLICE_005_build_labpc_gdrive_factory.py,fbee2783ead3ccfbeefec3c40a761887479e15224dc872727aa0924b08712fd0,research_factory_or_qa_script,189,pass,"['sha256', 'write_manifest', 'main']",[],"['__future__', 'csv', 'hashlib', 'json', 'os', 'shutil', 'datetime', 'pathlib']"
experiments/lab_001_xy_connection_20260626/scripts/R09_SLICE_005_build_labpc_usb_factory.py,a2a9e78a8a1e1128a2c069c389ad3daf018be511a7920a14a3040cbee1e9f72c,research_factory_or_qa_script,338,pass,"['sha', 'read_csv', 'write_csv', 'copy_file', 'main']",[],"['__future__', 'csv', 'hashlib', 'json', 'shutil', 'datetime', 'pathlib']"
experiments/lab_001_xy_connection_20260626/scripts/R09_SLICE_005_labpc_collect.py,fbc800d4fa26478f88361ad1663c74ff018ccfd9847a0bc537c64c065fd58cb7,research_factory_or_qa_script,75,pass,['main'],[],"['__future__', 'argparse', 'json', 'socket', 'zipfile', 'pathlib', 'R09_SLICE_005_labpc_common']"
experiments/lab_001_xy_connection_20260626/scripts/R09_SLICE_005_labpc_common.py,a87cf7a1c2d348246c40252b44a217a57e1e869751e466fa8567a3c6e2bc7bcf,research_factory_or_qa_script,81,pass,"['now_kst', 'package_root', 'sha256', 'atomic_json', 'read_json', 'read_csv', 'write_csv', 'safe_job_name', 'directory_bytes', 'verify_manifest']",[],"['__future__', 'csv', 'hashlib', 'json', 'os', 'datetime', 'pathlib']"
experiments/lab_001_xy_connection_20260626/scripts/R09_SLICE_005_labpc_doctor.py,5db17f6a75ee4b1c8de64896c51d85c57e70fff83b26a72c2b6ce5337104553e,research_factory_or_qa_script,134,pass,['main'],[],"['__future__', 'argparse', 'importlib', 'json', 'os', 'platform', 'shutil', 'socket', 'sys', 'pathlib', 'psutil', 'R09_SLICE_005_labpc_common']"
experiments/lab_001_xy_connection_20260626/scripts/R09_SLICE_005_labpc_runner.py,0128f6478f2498307ddc9debc840238812d8c7f56955d8c9f67d22eb987746df,research_factory_or_qa_script,161,pass,"['attempt_state', 'job_state', 'write_ledger', 'main']",[],"['__future__', 'argparse', 'json', 'subprocess', 'sys', 'time', 'pathlib', 'R09_SLICE_005_labpc_common']"
experiments/lab_001_xy_connection_20260626/scripts/R09_SLICE_005_labpc_usb_prep_official_sync_QA.py,f8b4a46bf52eb527e331ab5730f9fcc18c9ae0671c1951bbfe4b70715e650399,research_factory_or_qa_script,103,pass,"['contains', 'write_csv', 'main']",[],"['__future__', 'csv', 'json', 'sys', 'datetime', 'pathlib', 'T3P_mesh_native_grouped_evaluation_preregistration_no_fit', 'R09_SLICE_005_labpc_common']"
experiments/lab_001_xy_connection_20260626/scripts/R09_SLICE_005_labpc_verify.py,bce7d8f41e529294eb9687dd8357088b81773395cfcf27d9e7afe16fc7b776eb,research_factory_or_qa_script,146,pass,"['passed_attempt', 'main']",[],"['__future__', 'csv', 'json', 'math', 'pathlib', 'R09_SLICE_005_labpc_common']"
experiments/lab_001_xy_connection_20260626/scripts/R09_SLICE_005_labpc_worker.py,8312f1e266ae177bf72fc90a2cf206746d4629968f4c2180a28e99973ab2b8b6,research_factory_or_qa_script,298,pass,"['scalar_rows', 'main']",['ResourceSampler'],"['__future__', 'argparse', 'json', 'os', 'platform', 'shutil', 'sys', 'threading', 'time', 'traceback', 'pathlib', 'numpy', 'pandas', 'psutil', 'R09_SLICE_005_labpc_common', 'urp4.descriptor_service.v0_1.config', 'urp4.descriptor_service.v0_1.formula', 'urp4.descriptor_service.v0_1.pipeline', 'urp4.descriptor_service.v0_1.population']"
experiments/lab_001_xy_connection_20260626/scripts/R09_SLICE_005_official_sync_audit.py,4175eb62cfdb60b06ae2984ae5791dc0d79acd3fcde4e7de611eab5ca70b9673,research_factory_or_qa_script,107,pass,"['read', 'sha', 'manifest_ok', 'main']",[],"['__future__', 'hashlib', 'json', 'platform', 'sys', 'datetime', 'pathlib', 'pandas', 'T3P_mesh_native_grouped_evaluation_preregistration_no_fit']"
experiments/lab_001_xy_connection_20260626/scripts/R09_SLICE_005_strict_convergence_control_review.py,269dba62111dc59544f801f7a63e448e89d7734a399170526c9defacd606ae6e,research_factory_or_qa_script,214,pass,"['now_kst', 'rel', 'sha', 'asset', 'write_csv', 'write_json', 'manifest_ok', 'main']",[],"['__future__', 'hashlib', 'json', 'platform', 'sys', 'datetime', 'pathlib', 'typing', 'pandas', 'T3P_mesh_native_grouped_evaluation_preregistration_no_fit']"
experiments/lab_001_xy_connection_20260626/scripts/R09_SLICE_005_strict_convergence_independent_QA.py,3efa7b9b2c986898c282ec33149cd778c3256dd4118f82efc2bffbb303f62c84,research_factory_or_qa_script,166,pass,"['now_kst', 'rel', 'sha', 'asset', 'write_csv', 'write_json', 'manifest_check', 'main']",[],"['__future__', 'hashlib', 'json', 'math', 'platform', 'sys', 'datetime', 'pathlib', 'typing', 'pandas', 'T3P_mesh_native_grouped_evaluation_preregistration_no_fit', 'urp4.descriptor_service.v0_1.config']"
experiments/lab_001_xy_connection_20260626/scripts/R09_SLICE_005_strict_convergence_preregistration_noexec.py,183dcb5822023a019436c2ef55d47d1e4bd612983ca6e60005838ef991983e29,research_factory_or_qa_script,515,pass,"['now_kst', 'rel', 'sha', 'asset', 'write_csv', 'write_json', 'runtime_guard', 'reconciliation', 'panel', 'matrix', 'formula_scope', 'gates', 'resource_budget', 'next_queue', 'draw_matrix', 'main']",[],"['__future__', 'ast', 'hashlib', 'json', 'platform', 'sys', 'datetime', 'pathlib', 'typing', 'matplotlib', 'matplotlib.pyplot', 'pandas', 'T3P_mesh_native_grouped_evaluation_preregistration_no_fit']"
experiments/lab_001_xy_connection_20260626/scripts/R09_stl_quality_preflight.py,e2754d9c50af7e22a6291b7f762b63fceb5383308a6d59bf17587471c723216e,research_factory_or_qa_script,385,pass,"['sha256_file', 'load_manifest', 'as_mesh', 'f', 'component_count', 'topology_metrics', 'classify', 'inspect_one', 'write_csv', 'write_report', 'main']",[],"['__future__', 'argparse', 'csv', 'hashlib', 'math', 'platform', 'sys', 'collections', 'datetime', 'pathlib', 'zoneinfo', 'numpy', 'trimesh']"
experiments/lab_001_xy_connection_20260626/scripts/R09_stl_reference_pilot.py,c8a7477f90ff88d31155f856e50e7a4bede92cdf39de32ed9e6ae5ab61f73a9b,research_factory_or_qa_script,293,pass,"['sha256_file', 'exec_cell', 'configure', 'build_rows', 'scalarize', 'status_row', 'checkpoint', 'write_report', 'main']",[],"['__future__', 'argparse', 'hashlib', 'json', 'platform', 'time', 'traceback', 'datetime', 'pathlib', 'typing', 'zoneinfo', 'numpy', 'pandas']"
experiments/lab_001_xy_connection_20260626/scripts/R09_SURF_002_surface_curvature_mesh_qa_outlier_convergence.py,c84da7edac05d5332568408c320692bbb2f03124a496fdf8fdd22a0d4750312e,research_factory_or_qa_script,566,pass,"['sha256', 'load_notebook_namespace', 'face_geometry', 'min_triangle_angle_deg', 'mesh_qa', 'weighted_mean_std', 'curvature_metrics', 'simplify_legacy_rule', 'build_lineage', 'build_queue', 'make_figure', 'write_report', 'main']",[],"['__future__', 'hashlib', 'json', 'math', 'time', 'pathlib', 'typing', 'numpy', 'open3d', 'pandas', 'PIL', 'scipy.sparse', 'scipy.sparse.csgraph']"
experiments/lab_001_xy_connection_20260626/scripts/R09_SURF_003_multiresolution_doe_factory_prep.py,23959186e2776cf7a6f8ba72dbff3ddb8ace9f295fffa275a1c4a43c7da7fba9,research_factory_or_qa_script,239,pass,"['sha256', 'read_csv', 'write_csv', 'build_figure', 'main']",[],"['__future__', 'csv', 'hashlib', 'json', 'pathlib', 'PIL']"
experiments/lab_001_xy_connection_20260626/scripts/R09_SURF_004_execute_multiresolution_sensitivity.py,4b050c3a9c588733ec6db43eb0b402888ef5cda2f16d7514a843bed4f06b20f0,research_factory_or_qa_script,380,pass,"['sha256', 'read_csv', 'write_csv', 'load_surf002', 'simplify', 'rel_error', 'volume', 'exact_component_count', 'build_figure', 'main']",[],"['__future__', 'argparse', 'csv', 'hashlib', 'importlib.util', 'json', 'math', 'time', 'pathlib', 'numpy', 'open3d', 'PIL', 'scipy.sparse', 'scipy.sparse.csgraph']"
experiments/lab_001_xy_connection_20260626/scripts/R09_TRAIN_002_current_data_five_output_pilot_spec.py,2315333dc02b0bd53df673acc3119b1a31a9972b25db3ae48c1c925fc74be95c,research_factory_or_qa_script,475,pass,"['sha256', 'load_parser_module', 'parse_fixed_output_columns', 'compact_header', 'analyze_targets', 'build_feature_policy', 'build_split_policy', 'build_method_policy', 'build_queue', 'make_figure', 'write_report', 'main']",[],"['__future__', 'ast', 'csv', 'hashlib', 'importlib.util', 'json', 're', 'collections', 'pathlib', 'pandas', 'PIL']"
experiments/lab_001_xy_connection_20260626/scripts/R09_TRAIN_003_gm_dataset_freeze_leakage_audit.py,0d63b3cc89080a1a884371db73ddc0c7125dfe395bcea2b05517d8d07c3cafcb,research_factory_or_qa_script,532,pass,"['sha256', 'load_parser_module', 'numeric', 'canonical_x_key', 'feature_policy', 'make_figure', 'main']",[],"['__future__', 'csv', 'hashlib', 'importlib.util', 'json', 'math', 'collections', 'pathlib', 'numpy', 'pandas', 'PIL']"
experiments/lab_001_xy_connection_20260626/scripts/R09_TRAIN_004_gm_interpretable_grouped_baseline.py,1ee8bdde3813451329b8025b924e2232545bd428f74f79ea4d1bd2dcf260fa20,research_factory_or_qa_script,413,pass,"['sha256', 'metrics', 'build_estimator', 'candidate_params', 'select_hyperparameters', 'make_figure', 'main']",[],"['__future__', 'hashlib', 'itertools', 'json', 'math', 'collections', 'pathlib', 'numpy', 'pandas', 'PIL', 'sklearn.base', 'sklearn.linear_model', 'sklearn.metrics', 'sklearn.pipeline', 'sklearn.preprocessing']"
experiments/lab_001_xy_connection_20260626/scripts/R09_TRAIN_005_gm_add_aq_curvature_sensitivity.py,d9ffda4a24e25c73f6e9ccb4baaa9370d873fe7f9240f54489285723d2703099,research_factory_or_qa_script,337,pass,"['sha256', 'load_baseline_module', 'make_figure', 'main']",[],"['__future__', 'hashlib', 'importlib.util', 'json', 'math', 'collections', 'pathlib', 'numpy', 'pandas', 'PIL']"
experiments/lab_001_xy_connection_20260626/scripts/R09_TRAIN_006_ct_residual_information_gap_diagnosis.py,4b2276ada6ee2383d48dfea3aa66eeec725091511e5fd0d48e6068d4eb86ff2c,research_factory_or_qa_script,321,pass,"['sha256', 'rmse', 'excel_col_index', 'make_figure', 'main']",[],"['__future__', 'hashlib', 'json', 'math', 'pathlib', 'numpy', 'pandas', 'PIL', 'sklearn.preprocessing']"
experiments/lab_001_xy_connection_20260626/scripts/R09_TRAIN_007_nested_one_additional_feature_selection.py,99e797713c579ade5566de8b95d4f5c0c334410d2cf4f548332f39acff7cbfc6,research_factory_or_qa_script,446,pass,"['sha256', 'metrics', 'build_model', 'parameter_grid', 'spearman', 'candidate_filter_for_inner', 'excel_index', 'evaluate_inner_pipeline', 'best_inner_pipeline', 'nearest_rms_audit', 'make_figure', 'main']",[],"['__future__', 'hashlib', 'itertools', 'json', 'math', 'warnings', 'collections', 'pathlib', 'numpy', 'pandas', 'PIL', 'sklearn.exceptions', 'sklearn.linear_model', 'sklearn.metrics', 'sklearn.pipeline', 'sklearn.preprocessing']"
experiments/lab_001_xy_connection_20260626/scripts/R09_TRAIN_007_preregister_candidate_eligibility_and_theta_lane.py,657e6548f1d352399e95f39b5869feef72ccc972b187e00375032b8bb836ce8b,research_factory_or_qa_script,530,pass,"['sha256', 'verify_sources', 'spearman', 'parse_descriptor', 'build_eligibility', 'build_uniqueness', 'build_protocol', 'infer_unit', 'infer_type', 'build_theta_registry', 'build_theta_queue', 'build_theta_source_identity', 'make_figure', 'main']",[],"['__future__', 'hashlib', 'json', 'math', 'pathlib', 'numpy', 'pandas', 'PIL']"
experiments/lab_001_xy_connection_20260626/scripts/R09_y_equals_x_similarity_analysis.py,1c426168a57de43bdbee4c0a0eadff4d19a3e1f66527b9a8dfceb165d0de2099,research_factory_or_qa_script,381,pass,"['as_bool', 'safe_float_array', 'slope_through_origin', 'pearson_r', 'r2_against', 'rmse', 'summarize_group', 'build_summary', 'add_outlier_columns', 'make_plots', 'write_report', 'main']",[],"['__future__', 'math', 'datetime', 'pathlib', 'numpy', 'pandas']"
experiments/lab_001_xy_connection_20260626/scripts/ROUTE_VALID_001_independent_qa.py,375dac53e61759a4c0844ac64e7b13fe392fdbbc1833153b24944a0bc7755355,research_factory_or_qa_script,113,pass,"['sha256_file', 'read_csv', 'metrics', 'main']",[],"['__future__', 'csv', 'hashlib', 'json', 'sys', 'pathlib', 'cv2', 'numpy']"
experiments/lab_001_xy_connection_20260626/scripts/ROUTE_VALID_001_source_eligibility_and_c1_three_route.py,1acd07ab10c9063aa1deba5df4408cd6be5b61b7d42718cbb1a0cd6ce98a89c4,research_factory_or_qa_script,442,pass,"['sha256_file', 'stable_hash', 'read_csv', 'write_csv', 'source_check', 'audit_eligibility', 'component_hole_counts', 'metrics', 'load_existing_step_masks', 'route_c_mask', 'main']",[],"['__future__', 'csv', 'hashlib', 'json', 'os', 'sys', 'time', 'pathlib', 'typing', 'cv2', 'numpy']"
experiments/lab_001_xy_connection_20260626/scripts/ROUTE_VALID_002_b1_l7_cross_family_selected_slice.py,5442b10574726c0f6b8b7c5bdc2c1b05c62e96e296ce470b2a58e341977fb8e4,research_factory_or_qa_script,433,pass,"['sha256_file', 'stable_hash', 'read_csv', 'write_csv', 'hash_check', 'contract_replay', 'component_hole_counts', 'route_measurement', 'comparison', 'load_step_tools', 'step_a_b_masks', 'imported_c_mask', 'save_mask', 'protected_file_audit', 'main']",[],"['__future__', 'csv', 'hashlib', 'importlib.util', 'json', 'sys', 'time', 'pathlib', 'typing', 'cv2', 'numpy']"
experiments/lab_001_xy_connection_20260626/scripts/ROUTE_VALID_002_independent_qa.py,50e10a764bfc358fa1516a3687ca4863b55bb0765411a977dad2ac7663c340be,research_factory_or_qa_script,125,pass,"['sha256_file', 'read_csv', 'image_metrics', 'main']",[],"['__future__', 'csv', 'hashlib', 'json', 'sys', 'pathlib', 'cv2', 'numpy']"
experiments/lab_001_xy_connection_20260626/scripts/ROUTE_VALID_003_f1_step_reference_pixel_phase.py,dc1ac46c743e217de4eab3cb542703cb2fd200df77e6128487a76902db3ce233,research_factory_or_qa_script,669,pass,"['sha256_file', 'stable_hash', 'read_csv', 'write_csv', 'write_json', 'relative', 'packed_mask_sha256', 'hash_check', 'load_step_tools', 'filtered_topology', 'boundary_band', 'compare_masks', 'build_output_manifest', 'protected_file_audit', 'common_contract_and_evidence', 'common_affine_step', 'sample_brep_section_curves', 'even_odd_pixel_center_raster', 'direct_brep_mask', 'controlled_tess_mask', 'mask_path', 'write_mask', 'metric_summary', 'worst_case_figures', 'main']",[],"['__future__', 'csv', 'hashlib', 'importlib.util', 'json', 'math', 'os', 'sys', 'time', 'collections', 'pathlib', 'typing', 'cv2', 'numpy', 'OCP.BRepAdaptor', 'OCP.BRepBuilderAPI', 'OCP.GCPnts', 'OCP.TopAbs', 'OCP.TopExp', 'OCP.TopoDS', 'OCP.gp']"
experiments/lab_001_xy_connection_20260626/scripts/ROUTE_VALID_003_finalize.py,e0bab69518020d24e54bf3da77a563e0903c5389386f0f0985f2dc2cef1125f2,research_factory_or_qa_script,59,pass,"['sha', 'rc', 'wc', 'manifest', 'cmp', 'main']",[],"['__future__', 'csv', 'hashlib', 'json', 'os', 'pathlib', 'cv2', 'numpy']"
experiments/lab_001_xy_connection_20260626/scripts/ROUTE_VALID_003_independent_qa.py,5f15af2f5602c8f6e46809222ceac2a13e9d68457bdbf7051c4a307fbbc211d2,research_factory_or_qa_script,143,pass,"['sha256_file', 'read_csv', 'write_csv', 'packed_hash', 'load_mask', 'recompute', 'protected_audit', 'main']",[],"['__future__', 'csv', 'hashlib', 'json', 'math', 'os', 'pathlib', 'cv2', 'numpy']"
experiments/lab_001_xy_connection_20260626/scripts/ROUTE_VALID_003A_brep_curve_raster_adapter_probe.py,8471fa1acdfd8ac55ebf4405b881172e1b68e4e932fdc4c4687cbbb123679eaf,research_factory_or_qa_script,90,pass,"['sha', 'wc', 'load_tools', 'sample_segments', 'even_odd_raster', 'iou', 'main']",[],"['__future__', 'csv', 'hashlib', 'importlib.util', 'json', 'sys', 'time', 'pathlib', 'typing', 'cv2', 'numpy', 'OCP.BRepAdaptor', 'OCP.BRepBuilderAPI', 'OCP.GCPnts', 'OCP.TopAbs', 'OCP.TopExp', 'OCP.TopoDS', 'OCP.gp']"
experiments/lab_001_xy_connection_20260626/scripts/ROUTE_VALID_003A_f1_z400_targeted_attribution_replay.py,c29e89cdf3e028c00756a4f6e3f458e3d6dd60ddd8313fb500d737b5c0e9e8fe,research_factory_or_qa_script,349,pass,"['sha256', 'stable_hash', 'read_csv', 'write_csv', 'write_json', 'relative', 'packed_mask_sha', 'read_mask', 'write_mask', 'load_module', 'protected_audit', 'bbox', 'topology', 'boundary_fraction', 'compare', 'exact_classifier_chunk', 'exact_classifier_mask', 'make_common_step', 'panel', 'main']",[],"['__future__', 'csv', 'concurrent.futures', 'hashlib', 'importlib.util', 'json', 'math', 'os', 'sys', 'time', 'pathlib', 'typing', 'cv2', 'numpy', 'OCP.BRepBuilderAPI', 'OCP.BRepClass3d', 'OCP.TopAbs', 'OCP.gp']"
experiments/lab_001_xy_connection_20260626/scripts/ROUTE_VALID_003A_finalize.py,43aa0b152cfe412773fbb3130a4e671b6deb85fc5c5a11bd2efa660f4fa8e313,research_factory_or_qa_script,31,pass,"['rc', 'sha', 'main']",[],"['__future__', 'csv', 'hashlib', 'json', 'pathlib']"
experiments/lab_001_xy_connection_20260626/scripts/ROUTE_VALID_003A_independent_qa.py,074f033e3bdbd1a6b1972310a032c4bf20b985a3fd3641fc6401c17cce31c381,research_factory_or_qa_script,43,pass,"['sha', 'rc', 'wm', 'mask', 'packed', 'metrics', 'main']",[],"['__future__', 'csv', 'hashlib', 'json', 'sys', 'pathlib', 'cv2', 'numpy']"
experiments/lab_001_xy_connection_20260626/scripts/ROUTE_VALID_004_independent_policy_qa.py,97ef0817c25e64dac41c5f6ce4f1c7694d146256f5b69b68dd9e5a20336ef6bd,research_factory_or_qa_script,127,pass,"['rows', 'sha256', 'tree_identity', 'protected_audit', 'main']",[],"['__future__', 'csv', 'hashlib', 'json', 'pathlib']"
experiments/lab_001_xy_connection_20260626/scripts/ROUTE_VALID_004_route_policy_and_nb_integration_gate.py,2267c6792d17e3efe3caf959e12d4355ec85aab1eaabc707ff5bb317e8222d06,research_factory_or_qa_script,297,pass,"['sha256', 'write_csv', 'write_text', 'main']",[],"['__future__', 'csv', 'hashlib', 'json', 'datetime', 'pathlib']"
experiments/lab_001_xy_connection_20260626/scripts/STRICT_GEOM_001_l28_phase0_1_audit.py,6582045697ef20bc4d6ef27baf04a0c4cc41119246bd06bf708c78f6dc91ec85,research_factory_or_qa_script,383,pass,"['sha256_file', 'utc_now', 'compact', 'write_csv', 'native_backend', 'copy_raw', 'mesh_edge_topology', 'audit_stl', '_ocp_imports', '_count', 'audit_stp', 'rel_diff', 'has_exact_40mm', 'report', 'main']",[],"['__future__', 'csv', 'hashlib', 'json', 'shutil', 'sys', 'datetime', 'pathlib', 'typing', 'numpy', 'trimesh']"
experiments/lab_001_xy_connection_20260626/scripts/STRICT_GEOM_001_l28_phase4_8_completion_audit.py,7f4a0e522ae7032c295381165632794960adf335e1fe34a3bca5bdf995f8e655,research_factory_or_qa_script,569,pass,"['sha256', 'read_json', 'write_json', 'write_csv', 'mask_path', 'diag_path', 'load_mask', 'metric', 'component_summary', 'foreground_span_stats', 'shift_zero', 'route_integrity', 'save_deep_dive_image', 'save_top_anomaly_sheet', 'save_profile_plot', 'audit', 'report', 'geom002_design']",[],"['__future__', 'csv', 'hashlib', 'json', 'math', 'collections', 'datetime', 'pathlib', 'typing', 'cv2', 'numpy', 'PIL']"
experiments/lab_001_xy_connection_20260626/scripts/STRICT_GEOM_001_l28_vf45_three_path_factory.py,367efb0458a6d7834945d05f11ee8d79d7ff71015012fa3643f4963c5c111425,research_factory_or_qa_script,1367,pass,"['sha256_file', 'utc_now', 'stable_hash', 'atomic_json', 'read_json', 'bbox_from_vertices', 'config_payload', 'imports_ocp', 'ocp_shape_bbox', 'ocp_count', 'ocp_shape_meta', 'read_stp', 'write_stp', 'normalize_shape', 'parse_binary_stl', 'mesh_topology_anomaly_edges', 'raw_stl_qa', 'create_proxy', 'prep_paths', 'assert_common_transform', 'preflight', 'route_root', 'ensure_route_dirs', 'endpoint_adjusted_z', 'section_segments_from_triangles', 'section_segments_from_brep', 'rasterize_segments', 'component_rows', 'save_mask', 'save_overlay', 'write_csv', 'ast_formula_adapter', 'stats', 'descriptor_pair', 'collect_descriptor_summary', 'route_geometry', 'topology_overlap_count', 'run_route', 'consolidate_component_tables', 'finalize_route', 'mask_metrics', 'route_slice_diag', 'compute_periodicity', 'write_contact_sheet', 'analyze', 'make_report', 'main']",[],"['__future__', 'argparse', 'ast', 'csv', 'hashlib', 'json', 'math', 'shutil', 'sys', 'time', 'collections', 'datetime', 'pathlib', 'typing', 'cv2', 'numpy', 'PIL']"
experiments/lab_001_xy_connection_20260626/scripts/STRICT_GEOM_002_independent_QA.py,50ce430b523430b4997b26ba969ab19d640b3ba5365c6e3d66433e9fb668accc,research_factory_or_qa_script,70,pass,"['read', 'sha', 'main']",[],"['__future__', 'csv', 'hashlib', 'json', 'datetime', 'pathlib']"
experiments/lab_001_xy_connection_20260626/scripts/STRICT_GEOM_002_pixel_semantics_and_resolution_gate.py,250a861abaf5b4be883d57664d152d47ae9f179e4e538b27a2554256c7974aaf,research_factory_or_qa_script,605,pass,"['now', 'sha256', 'stable_hash', 'write_json', 'write_csv', 'load_factory', 'endpoint_audit', 'hole_count', 'component_metrics', 'mask_metric', 'min_area_pixels', 'translate_triangles', 'translate_shape', 'make_box_triangles', 'make_cylinder_triangles', 'make_annulus_triangles', 'make_fixture_breps', 'fixture_specs', 'raster', 'route_segments', 'fixture_lane', 'select_l28_indices', 'l28_geometries', 'physical_component_rows', 'l28_lane', 'report', 'read_csv_rows', 'finalize_existing', 'main']",[],"['__future__', 'argparse', 'csv', 'hashlib', 'importlib.util', 'json', 'math', 'os', 'sys', 'collections', 'datetime', 'pathlib', 'typing', 'cv2', 'numpy']"
experiments/lab_001_xy_connection_20260626/scripts/STRICT_GEOM_003_independent_QA.py,a6f9c1560d3b7e2ea284926adf60f80c5e6d0099ae22c970c42ab0b6fcb1b7f3,research_factory_or_qa_script,51,pass,"['read', 'main']",[],"['__future__', 'csv', 'json', 'datetime', 'pathlib']"
experiments/lab_001_xy_connection_20260626/scripts/STRICT_GEOM_003_section_closure_tolerance_loop_audit.py,3e1f84918c8d4eaa770ecb9c013cd3cb04c5a84187ac50f5629e2113345b8bf2,research_factory_or_qa_script,296,pass,"['utc', 'sha', 'atomic_json', 'write_csv', 'load_factory', 'segment_path', 'stored_mask_path', 'load_segments', 'cluster_loop_graph', 'mask_metric', 'raster', 'run', 'summarize', 'main']",['UnionFind'],"['__future__', 'csv', 'hashlib', 'importlib.util', 'json', 'os', 'sys', 'collections', 'datetime', 'pathlib', 'typing', 'cv2', 'numpy', 'scipy.spatial']"
experiments/lab_001_xy_connection_20260626/scripts/STRICT_GEOM_004_brep_section_wire_edge_lineage_audit.py,be55c10c0447d9918af72d3f8cb40dbaec6a32c3c65e8ca36ea319707e701b36,research_factory_or_qa_script,210,pass,"['now', 'sha', 'atomic_json', 'write_csv', 'load_factory', 'stored_diag', 'native_section', 'section_edges', 'wire_metrics', 'run', 'finalize', 'main']",[],"['__future__', 'csv', 'hashlib', 'importlib.util', 'json', 'os', 'sys', 'datetime', 'pathlib', 'typing', 'OCP.BRep', 'OCP.ShapeAnalysis', 'OCP.TopAbs', 'OCP.TopTools']"
experiments/lab_001_xy_connection_20260626/scripts/STRICT_GEOM_004_independent_QA.py,9edfa21c032dbab887a7205646c3f6b6892534b2db79b4babdf5eecc0cf6e23b,research_factory_or_qa_script,81,pass,"['sha256', 'main']",[],"['__future__', 'csv', 'hashlib', 'json', 'datetime', 'pathlib']"
experiments/lab_001_xy_connection_20260626/scripts/STRICT_GEOM_005_independent_QA.py,885461096d1d2e2acbd447b89a55b74c165f25d05102a2fe00f57a3615d055f3,research_factory_or_qa_script,65,pass,"['sha256', 'main']",[],"['__future__', 'csv', 'hashlib', 'json', 'datetime', 'pathlib']"
experiments/lab_001_xy_connection_20260626/scripts/STRICT_GEOM_005_wire_ordering_raster_invariance.py,41c5f80b916a4e87198d47ae32da64033e0bb27d66bcb95f1fa4563be3ecca46,research_factory_or_qa_script,253,pass,"['utc_now', 'sha256', 'atomic_json', 'write_csv', 'load_factory', 'native_section', 'section_edges', 'sample_edge', 'ordered_wire_segments', 'segment_multiset', 'stored_mask', 'run', 'finalize', 'main']",[],"['__future__', 'csv', 'hashlib', 'importlib.util', 'json', 'os', 'sys', 'collections', 'datetime', 'pathlib', 'typing', 'numpy', 'OCP.ShapeAnalysis', 'OCP.TopTools', 'PIL']"
experiments/lab_001_xy_connection_20260626/scripts/STRICT_GEOM_006_phase_a_endpoint_quarantine_correction.py,13bedadd293f836f2d841ccce13f2601cf3dd3d561e385e03380848d974c27b2,research_factory_or_qa_script,132,pass,"['sha256', 'atomic_json', 'write_csv', 'load_phase_a', 'parse_bool', 'main']",[],"['__future__', 'csv', 'hashlib', 'importlib.util', 'json', 'os', 'sys', 'datetime', 'pathlib', 'typing']"
experiments/lab_001_xy_connection_20260626/scripts/STRICT_GEOM_006_phase_a_face_rasterizer_fixtures.py,34880a3279656aab4670b54c6e83cd0e2a7488084fb379ebbd6a50160ac9eaf8,research_factory_or_qa_script,378,pass,"['utc_now', 'sha256', 'atomic_json', 'write_csv', 'load_factory', 'plane_face', 'section_edge_sequence', 'closed_fixture_specs', 'open_u_wire', 'connect_wires', 'wire_status', 'curve_bounds', 'face_record', 'uv_affine', 'face_mask', 'component_hole_counts', 'area_tolerance', 'run', 'finalize', 'main']",[],"['__future__', 'csv', 'hashlib', 'importlib.util', 'json', 'math', 'os', 'sys', 'collections', 'datetime', 'pathlib', 'typing', 'cv2', 'numpy', 'OCP.BRep', 'OCP.BRepAlgoAPI', 'OCP.BRepBuilderAPI', 'OCP.BRepClass', 'OCP.BRepPrimAPI', 'OCP.BRepAdaptor', 'OCP.GCPnts', 'OCP.GeomAPI', 'OCP.ShapeAnalysis', 'OCP.TopAbs', 'OCP.TopExp', 'OCP.TopTools', 'OCP.TopoDS', 'OCP.gp']"
experiments/lab_001_xy_connection_20260626/scripts/STRICT_GEOM_006_phase_a_independent_QA.py,42317ba381ca985652a02f6fa0b6cbd476b37c1d416f3c1736f17b7f8373bdd7,research_factory_or_qa_script,73,pass,"['sha256', 'yes', 'main']",[],"['__future__', 'csv', 'hashlib', 'json', 'datetime', 'pathlib']"
experiments/lab_001_xy_connection_20260626/scripts/STRICT_GEOM_007_phase_b_independent_QA.py,1fbae06bada432a69d7908f4d23a6756f21bf50fa5854e2eeff6b6e98d1a500b,research_factory_or_qa_script,227,pass,"['sha256', 'read_csv', 'write_csv', 'main']",[],"['__future__', 'csv', 'hashlib', 'json', 'collections', 'datetime', 'pathlib', 'typing']"
experiments/lab_001_xy_connection_20260626/scripts/STRICT_GEOM_007_phase_b_selected_slice_face_rasterizer.py,ff02ab92bd8aeddfa67f7b6437a1d63ca7930532d4bb215c4e9d7e740c35d850,research_factory_or_qa_script,907,pass,"['utc_now', 'sha256', 'stable_hash', 'atomic_json', 'write_csv', 'load_factory', 'contract_payload', 'prerequisite_gate', 'native_section', 'edge_list', 'edge_signature', 'edge_signature_counter', 'connect_wires', 'endpoint_degree', 'curve_bounds', 'build_face_records', 'uv_affine', 'classify_face', 'components_and_holes', 'boundary', 'compare_masks', 'sg001_mask', 'shard_directory', 'terminal_manifest_valid', 'execute_shard', 'finalize', 'main']",[],"['__future__', 'argparse', 'csv', 'hashlib', 'importlib.util', 'json', 'math', 'os', 'sys', 'collections', 'datetime', 'pathlib', 'typing', 'cv2', 'numpy', 'OCP.BRep', 'OCP.BRepAdaptor', 'OCP.BRepAlgoAPI', 'OCP.BRepBuilderAPI', 'OCP.BRepCheck', 'OCP.BRepClass', 'OCP.GCPnts', 'OCP.GeomAPI', 'OCP.ShapeAnalysis', 'OCP.TopAbs', 'OCP.TopExp', 'OCP.TopTools', 'OCP.TopoDS', 'OCP.gp']"
experiments/lab_001_xy_connection_20260626/scripts/STRICT_GEOM_007_preregistration_QA.py,a97288ffb37c234951f13b45f69439df04c3899ef321d68fe1d874400549f187,research_factory_or_qa_script,190,pass,"['sha256', 'main']",[],"['__future__', 'csv', 'hashlib', 'json', 'datetime', 'pathlib']"
experiments/lab_001_xy_connection_20260626/scripts/STRICT_GEOM_008_independent_QA.py,c837da83be30bcacc1869d52cc656a51c4e40d20cc12d9e93d0d46147225566f,research_factory_or_qa_script,100,pass,"['rows', 'sha256', 'main']",[],"['__future__', 'csv', 'hashlib', 'json', 'collections', 'datetime', 'pathlib']"
experiments/lab_001_xy_connection_20260626/scripts/STRICT_GEOM_008_native_section_junction_cycle_audit.py,3281c6fb4d6d6c77cdfe3df41fb856ee2e4a15ccd19d87d383264bc4129d6012,research_factory_or_qa_script,407,pass,"['utc_now', 'sha256', 'stable_hash', 'atomic_json', 'write_csv', 'load_factory', 'preflight', 'native_section', 'edges', 'point_tuple', 'distance', 'edge_record', 'coordinate_key', 'graph_summary', 'connect_wires', 'wire_rows', 'run', 'main']",['TopologyInterner'],"['__future__', 'csv', 'hashlib', 'importlib.util', 'json', 'math', 'os', 'sys', 'collections', 'datetime', 'pathlib', 'typing', 'numpy', 'OCP.BRep', 'OCP.BRepAdaptor', 'OCP.BRepAlgoAPI', 'OCP.BRepBuilderAPI', 'OCP.ShapeAnalysis', 'OCP.TopAbs', 'OCP.TopExp', 'OCP.TopTools', 'OCP.TopoDS', 'OCP.gp']"
experiments/lab_001_xy_connection_20260626/scripts/STRICT_GEOM_009_independent_QA.py,56e9d242747b5ea9e4ceb456627f40a41f48344391837b8b9ab6e13ecc724b23,research_factory_or_qa_script,127,pass,"['sha256', 'rows', 'truth', 'matching_count', 'main']",[],"['__future__', 'csv', 'hashlib', 'json', 'collections', 'pathlib']"
experiments/lab_001_xy_connection_20260626/scripts/STRICT_GEOM_009_section_edge_ancestor_face_lineage_audit.py,127f31260aa2b7d698f40a028543a4eae0f11693366ddbdc0ed169cce0a8c6bf,research_factory_or_qa_script,461,pass,"['utc_now', 'sha256', 'atomic_json', 'atomic_csv', 'load_factory', 'expected_sg008', 'preflight', 'indexed_map', 'owner_membership', 'source_topology', 'source_face_edge_ids', 'source_surface_type', 'quantized_node', 'node_text', 'native_section', 'matching_count', 'pipe', 'section_audit', 'run']",[],"['__future__', 'csv', 'hashlib', 'importlib.util', 'itertools', 'json', 'os', 'sys', 'collections', 'datetime', 'pathlib', 'typing', 'OCP.BRep', 'OCP.BRepAdaptor', 'OCP.BRepAlgoAPI', 'OCP.BRepBuilderAPI', 'OCP.TopAbs', 'OCP.TopExp', 'OCP.TopTools', 'OCP.TopoDS', 'OCP.gp']"
experiments/lab_001_xy_connection_20260626/scripts/STRICT_GEOM_010_independent_QA.py,4652958bce2711bcca308ccb52b02c9dd30478a488b98d951cad9195a714b289,research_factory_or_qa_script,115,pass,"['rows', 'truth', 'sha256', 'main']",[],"['__future__', 'csv', 'hashlib', 'json', 'math', 'collections', 'pathlib']"
experiments/lab_001_xy_connection_20260626/scripts/STRICT_GEOM_010_residual_halfedge_transversality_contact_audit.py,b936bd98670724204e01c5479649fb97894724a8e7cc7b105d250fcec8691c2b,research_factory_or_qa_script,492,pass,"['utc_now', 'atomic_json', 'atomic_csv', 'read_csv', 'truth', 'pipe', 'load_sg009', 'enumerate_matchings', 'derive_residual_registry', 'preflight', 'quantized_node', 'normalized', 'face_normal_metrics', 'face_z_relation', 'boundary_edge_metrics', 'target_edge_adjacency', 'process_route', 'run']",[],"['__future__', 'csv', 'hashlib', 'importlib.util', 'json', 'math', 'os', 'sys', 'collections', 'datetime', 'pathlib', 'typing', 'OCP.BRep', 'OCP.BRepAdaptor', 'OCP.BRepBndLib', 'OCP.BRepBuilderAPI', 'OCP.BRepExtrema', 'OCP.Bnd', 'OCP.GCPnts', 'OCP.GeomAPI', 'OCP.GeomLProp', 'OCP.TopAbs', 'OCP.TopExp', 'OCP.TopoDS', 'OCP.gp']"
experiments/lab_001_xy_connection_20260626/scripts/STRICT_GEOM_011_independent_QA.py,516edb0cb56b0397161d5c3821853a79c7dda4c39eabe1602cb35210d7fd38d3,research_factory_or_qa_script,128,pass,"['rows', 'truth', 'sha256', 'main']",[],"['__future__', 'csv', 'hashlib', 'json', 'math', 'collections', 'pathlib']"
experiments/lab_001_xy_connection_20260626/scripts/STRICT_GEOM_011_local_neighbor_face_compound_replay.py,8f11adf046751f10ff882513fc3311ce0484a412160c170a605b19bb1e38089e,research_factory_or_qa_script,427,pass,"['utc_now', 'atomic_json', 'atomic_csv', 'read_csv', 'truth', 'pipe', 'load_sg010', 'frozen_inputs', 'unique_face_registry', 'preflight', 'quantized_node', 'normalized', 'inward_direction', 'cutter_face', 'section_face', 'shape_edges', 'vertex_count', 'full_incidence', 'local_directions', 'dot', 'target_edge_adjacency', 'run']",[],"['__future__', 'csv', 'importlib.util', 'json', 'math', 'os', 'sys', 'collections', 'datetime', 'pathlib', 'typing', 'OCP.BRep', 'OCP.BRepAdaptor', 'OCP.BRepAlgoAPI', 'OCP.BRepBuilderAPI', 'OCP.BRepExtrema', 'OCP.GCPnts', 'OCP.TopAbs', 'OCP.TopExp', 'OCP.TopoDS', 'OCP.gp']"
experiments/lab_001_xy_connection_20260626/scripts/STRICT_GEOM_012_coincident_face_owner_parity_audit.py,b2670164148294b07749eee635f40fd291d45cd432c1b0fbd257dabc891ad72c,research_factory_or_qa_script,450,pass,"['utc_now', 'atomic_json', 'atomic_csv', 'read_csv', 'pipe', 'parse_pipe', 'load_module', 'preflight', 'shape_bbox', 'bbox_contains', 'source_owner_inventory', 'full_edge_map', 'edge_midpoint_frame', 'oriented_face_normal', 'classify_point', 'run']",[],"['__future__', 'csv', 'importlib.util', 'json', 'math', 'os', 'sys', 'collections', 'datetime', 'pathlib', 'typing', 'OCP.BRep', 'OCP.BRepAdaptor', 'OCP.BRepBndLib', 'OCP.BRepBuilderAPI', 'OCP.BRepCheck', 'OCP.BRepClass3d', 'OCP.Bnd', 'OCP.GeomAPI', 'OCP.GeomLProp', 'OCP.TopAbs', 'OCP.TopExp', 'OCP.TopoDS', 'OCP.gp']"
experiments/lab_001_xy_connection_20260626/scripts/STRICT_GEOM_012_independent_QA.py,bfcc04defc7d0b8b085d148aa3f2cb96bccdd043b55687107c3477bd01751462,research_factory_or_qa_script,133,pass,"['rows', 'truth', 'parse_pipe', 'sha256', 'main']",[],"['__future__', 'csv', 'hashlib', 'json', 'math', 'collections', 'pathlib']"
experiments/lab_001_xy_connection_20260626/scripts/STRICT_GEOM_013_C_seam_exclusion_graph_closure_audit.py,8473e4b57685a6918d6c3ba444cb54d97cf4b6d445c761fcc62e5237819d23ba,research_factory_or_qa_script,212,pass,"['utc_now', 'read_csv', 'atomic_json', 'atomic_csv', 'truth', 'graph_metrics', 'run']",[],"['__future__', 'csv', 'json', 'os', 'collections', 'datetime', 'pathlib', 'typing']"
experiments/lab_001_xy_connection_20260626/scripts/STRICT_GEOM_013_independent_QA.py,32cda904c24917ae31f471d2945e42f28da315933ddd4dc685565abdc08a68ed,research_factory_or_qa_script,103,pass,"['rows', 'truth', 'sha256', 'main']",[],"['__future__', 'csv', 'hashlib', 'json', 'collections', 'pathlib']"
experiments/lab_001_xy_connection_20260626/scripts/STRICT_GEOM_014_C_full_section_edge_union_boundary_classification.py,b8c08768789fe21f6f1eb46d947828cc21f609004b663b1ee1445bc77d055570,research_factory_or_qa_script,440,pass,"['utc_now', 'load_module', 'read_csv', 'atomic_json', 'atomic_csv', 'truth', 'sha256', 'pipe', 'preflight', 'classify_edge', 'process_slice', 'run']",[],"['__future__', 'csv', 'hashlib', 'importlib.util', 'json', 'math', 'os', 'sys', 'time', 'collections', 'datetime', 'pathlib', 'typing', 'OCP.gp']"
experiments/lab_001_xy_connection_20260626/scripts/STRICT_GEOM_014_independent_QA.py,e6a3a2f89b7ef01ef7b4cbb43a3c69617155fd8721e5c129aa1bbf8dcfd9b707,research_factory_or_qa_script,245,pass,"['rows', 'truth', 'parse_pipe', 'sha256', 'atomic_csv', 'graph_metrics', 'main']",[],"['__future__', 'csv', 'hashlib', 'json', 'collections', 'pathlib', 'typing']"
experiments/lab_001_xy_connection_20260626/scripts/STRICT_GEOM_015_C_along_edge_multipoint_local_clearance_audit.py,d89c5971f297d1d11875292eec8018aaf6bc1445c890266d8ff38a9e09fbce5e,research_factory_or_qa_script,537,pass,"['utc_now', 'load_module', 'read_csv', 'atomic_json', 'atomic_csv', 'truth', 'pipe', 'sha256', 'preflight', 'curve_frame', 'role_from_state', 'query_pair', 'sample_edge', 'chunk_paths', 'completed_chunks', 'flush_chunk', 'run']",[],"['__future__', 'csv', 'hashlib', 'importlib.util', 'json', 'math', 'os', 'statistics', 'sys', 'time', 'collections', 'datetime', 'pathlib', 'typing', 'OCP.BRepAdaptor', 'OCP.GCPnts', 'OCP.gp']"
experiments/lab_001_xy_connection_20260626/scripts/STRICT_GEOM_015_independent_QA.py,d824cb061a194d185fc1da910442a99a3b8f4fc05c90b2e682a3312a6f1dec50,research_factory_or_qa_script,257,pass,"['rows', 'truth', 'parse_pipe', 'sha256', 'atomic_csv', 'role', 'graph_metrics', 'main']",[],"['__future__', 'csv', 'hashlib', 'json', 'math', 'collections', 'pathlib', 'typing']"
experiments/lab_001_xy_connection_20260626/scripts/STRICT_GEOM_016_C_odd_node_endpoint_segment_lineage_audit.py,2ba1cfa718dead78eb5c3f98b92cad4509b1ff8e4b266801c837437a4cd87592,research_factory_or_qa_script,537,pass,"['utc_now', 'load_module', 'read_csv', 'atomic_json', 'atomic_csv', 'truth', 'pipe', 'sha256', 'node_point', 'transition_node_id', 'preflight', 'curve_frame', 'endpoint_ray', 'point_union_state', 'pair_role', 'query_pair', 'build_node_sectors', 'checkpoint_paths', 'load_chunks', 'flush_chunk', 'refine_edge', 'run']",[],"['__future__', 'csv', 'hashlib', 'importlib.util', 'json', 'math', 'os', 'sys', 'time', 'collections', 'datetime', 'pathlib', 'typing', 'OCP.BRepAdaptor', 'OCP.gp']"
experiments/lab_001_xy_connection_20260626/scripts/STRICT_GEOM_016_independent_QA.py,46860fa1718ad11338243f07fffe149923635fa5e8b8cf18a78ec1900c8b9b6e,research_factory_or_qa_script,181,pass,"['rows', 'truth', 'sha256', 'atomic_csv', 'graph_metrics', 'main']",[],"['__future__', 'csv', 'hashlib', 'json', 'collections', 'pathlib', 'typing']"
experiments/lab_001_xy_connection_20260626/scripts/STRICT_GEOM_017_C_node_sector_multiangle_face_partition_audit.py,2e1506386535ac790212b9aef8421c163b873b5283161ff83fe0ad42c9b7961f,research_factory_or_qa_script,531,pass,"['utc_now', 'load_module', 'read_csv', 'atomic_json', 'atomic_csv', 'sha256', 'pipe', 'truth', 'preflight', 'build_solid_face_map', 'boundary_face_hits', 'ray_layout', 'sample_node', 'checkpoint_paths', 'flush_checkpoint', 'load_checkpoints', 'run']",[],"['__future__', 'csv', 'hashlib', 'importlib.util', 'json', 'math', 'os', 'sys', 'time', 'collections', 'datetime', 'pathlib', 'typing', 'OCP.BRep', 'OCP.BRepClass', 'OCP.GeomAPI', 'OCP.TopAbs', 'OCP.TopoDS', 'OCP.gp']"
experiments/lab_001_xy_connection_20260626/scripts/STRICT_GEOM_017_independent_QA.py,550df58062a53f4a8366d7d7f3b636dd1e90b24631a94d6ec93f4790fdd3a7d1,research_factory_or_qa_script,215,pass,"['rows', 'truth', 'sha256', 'atomic_csv', 'graph_metrics', 'main']",[],"['__future__', 'csv', 'hashlib', 'json', 'collections', 'pathlib', 'typing']"
experiments/lab_001_xy_connection_20260626/scripts/STRICT_GEOM_018_C_polar_transition_face_branch_audit.py,f27e3a6cccb9717abab7f03825193e8d00dcbb5f461b0054f3a970d390c64096,research_factory_or_qa_script,488,pass,"['utc_now', 'load_module', 'read_csv', 'atomic_json', 'atomic_csv', 'sha256', 'pipe', 'truth', 'graph_metrics', 'problem_id', 'preflight', 'classify_at', 'refine_transition', 'checkpoint_paths', 'flush_chunk', 'load_chunks', 'run']",[],"['__future__', 'csv', 'hashlib', 'importlib.util', 'json', 'math', 'os', 'sys', 'time', 'collections', 'datetime', 'pathlib', 'typing', 'OCP.gp']"
experiments/lab_001_xy_connection_20260626/scripts/STRICT_GEOM_018_global_sync_QA.py,1884e1a1d76848e74aa2d4d23131abb8970fac480fec30d57514d6fb38b2a4d7,research_factory_or_qa_script,71,pass,"['text', 'max_index', 'main']",[],"['__future__', 'json', 're', 'pathlib']"
experiments/lab_001_xy_connection_20260626/scripts/STRICT_GEOM_018_independent_QA.py,f48d7ce59c38c61cb9715e85f648e6431c8f3ef536d1bd18c8cc8e123da8c0aa,research_factory_or_qa_script,204,pass,"['rows', 'truth', 'sha256', 'graph_metrics', 'main']",[],"['__future__', 'csv', 'hashlib', 'json', 'collections', 'pathlib', 'typing']"
experiments/lab_001_xy_connection_20260626/scripts/STRICT_GEOM_019_C_exact_section_curve_face_boundary_continuation_audit.py,be652054bd40a539036f36f069df9426266889061cf4f9bc0321da32542a8dcb,research_factory_or_qa_script,537,pass,"['utc_now', 'load_module', 'read_csv', 'atomic_json', 'atomic_csv', 'sha256', 'truth', 'pipe', 'node_xyz', 'euclidean', 'edge_frame', 'evaluate_curve', 'distance_to_edge', 'partial_lengths', 'checkpoint_paths', 'load_location_chunks', 'flush_location_chunk', 'preflight', 'build_local_graph', 'shortest_paths', 'reconstruct', 'local_path', 'run']",[],"['__future__', 'csv', 'hashlib', 'heapq', 'importlib.util', 'json', 'math', 'os', 'sys', 'time', 'collections', 'datetime', 'pathlib', 'typing', 'OCP.BRepAdaptor', 'OCP.BRepBuilderAPI', 'OCP.BRepExtrema', 'OCP.GCPnts', 'OCP.TopAbs', 'OCP.TopExp', 'OCP.TopoDS', 'OCP.gp']"
experiments/lab_001_xy_connection_20260626/scripts/STRICT_GEOM_019_global_sync_QA.py,d7d8fd7f0b034d13a0c8c4dfc3debcade121fc3e40358d90f7784c0095ee83db,research_factory_or_qa_script,65,pass,"['text', 'max_index', 'main']",[],"['__future__', 'json', 're', 'pathlib']"
experiments/lab_001_xy_connection_20260626/scripts/STRICT_GEOM_019_independent_QA.py,581a657e5bb036c52d1c439fc4e1d82dfc7cca4625a90a2f768921eb1c5cbcab,research_factory_or_qa_script,135,pass,"['rows', 'truth', 'sha256', 'main']",[],"['__future__', 'csv', 'hashlib', 'json', 'collections', 'pathlib', 'typing']"
experiments/lab_001_xy_connection_20260626/scripts/STRICT_GEOM_020_C_nonincident_curve_component_and_path_length_spectrum_audit.py,e76d114d6661a63f25bcf24aaf423c9cf57dab87a6db564c106103eb729b1a57,research_factory_or_qa_script,466,pass,"['utc_now', 'read_csv', 'load_module', 'atomic_json', 'atomic_csv', 'sha256', 'truth', 'node_xyz', 'euclidean', 'pipe', 'build_adjacency', 'components', 'dijkstra', 'reconstruct', 'exact_edge_frames', 'exact_partial_lengths', 'preflight', 'run']",[],"['__future__', 'csv', 'hashlib', 'heapq', 'importlib.util', 'json', 'math', 'os', 'sys', 'time', 'collections', 'datetime', 'pathlib', 'typing', 'OCP.BRepAdaptor', 'OCP.GCPnts', 'OCP.TopAbs', 'OCP.TopExp', 'OCP.TopoDS']"
experiments/lab_001_xy_connection_20260626/scripts/STRICT_GEOM_020_global_sync_QA.py,508d84acd152821a5f4239d997696775068495691e7ab14c9d707877d7a7f7de,research_factory_or_qa_script,62,pass,"['contains', 'row_count', 'run']",[],"['__future__', 'csv', 'json', 'pathlib']"
experiments/lab_001_xy_connection_20260626/scripts/STRICT_GEOM_020_independent_QA.py,71b442b709503ae75f9b78322ec3bc3f5e8691d597bdf081fe14584f81a5642b,research_factory_or_qa_script,180,pass,"['read_csv', 'truth', 'atomic_json', 'adjacency', 'component_sizes', 'independent_distances', 'run']",[],"['__future__', 'csv', 'heapq', 'json', 'math', 'os', 'collections', 'datetime', 'pathlib', 'typing']"
experiments/lab_001_xy_connection_20260626/scripts/STRICT_GEOM_021_C_unique_microchain_continuation_graph_closure_audit.py,fb1907249ef3f93f294404ccb877aa3d990cddb4423fea885ca4f55e7cd0523f,research_factory_or_qa_script,264,pass,"['now', 'read_csv', 'write_csv', 'write_json', 'sha256', 'truth', 'connected_components', 'preflight', 'run']",[],"['__future__', 'csv', 'hashlib', 'json', 'os', 'collections', 'datetime', 'pathlib', 'typing']"
experiments/lab_001_xy_connection_20260626/scripts/STRICT_GEOM_022_L28_VF_TRIAD_SOURCE_AND_SELECTED_SECTION_AUDIT.py,5b92413904cb39de5cae90049b35f5a509141ca7d5ae6b242657a827a1aa0aa5,research_factory_or_qa_script,217,pass,"['now', 'sha256', 'load_module', 'write_json', 'write_csv', 'flatten', 'preflight', 'run']",[],"['__future__', 'csv', 'hashlib', 'importlib.util', 'json', 'os', 'sys', 'datetime', 'pathlib', 'typing', 'numpy']"
experiments/lab_001_xy_connection_20260626/scripts/STRICT_GEOM_023_L28_TRIAD_PER_SOLID_SECTION_CLOSURE_AUDIT.py,3e6ed052ab777006b34b7c9b5d0bdf8d45143612f109986ccb8c61fe8d1851fb,research_factory_or_qa_script,135,pass,"['now', 'load_module', 'write_json', 'write_csv', 'run']",[],"['__future__', 'csv', 'importlib.util', 'json', 'os', 'sys', 'datetime', 'pathlib', 'typing', 'numpy']"
experiments/lab_001_xy_connection_20260626/scripts/STRICT_GEOM_024_L28_TRIAD_PER_SOLID_UNION_MASK_RESOLUTION_PILOT.py,d04b997706d44f9d7f3bce3247412ceacef86bd281c89b71942caa520bf60531,research_factory_or_qa_script,193,pass,"['now', 'sha256', 'load_module', 'write_json', 'write_csv', 'components', 'main']",[],"['__future__', 'csv', 'hashlib', 'importlib.util', 'json', 'os', 'sys', 'datetime', 'pathlib', 'typing', 'numpy']"
experiments/lab_001_xy_connection_20260626/scripts/STRICT_GEOM_025_L28_TRIAD_HALF_OPEN_RAY_RASTER_QA.py,6509f4723b7cd34d7136f4ad7296ec21e945b42453899122352eb1b6273edc4f,research_factory_or_qa_script,181,pass,"['now', 'load_module', 'write_json', 'write_csv', 'read_csv', 'raster_half_open', 'main']",[],"['__future__', 'csv', 'importlib.util', 'json', 'math', 'os', 'sys', 'datetime', 'pathlib', 'typing', 'numpy']"
experiments/lab_001_xy_connection_20260626/scripts/STRICT_GEOM_026_full801_independent_QA.py,b750ed861d17b62f630471ec33bf061a721261a98d712ff1b3501df5a827c242,research_factory_or_qa_script,61,pass,"['rows', 'sha256', 'main']",[],"['__future__', 'csv', 'hashlib', 'json', 'math', 'pathlib']"
experiments/lab_001_xy_connection_20260626/scripts/STRICT_GEOM_026_L28_TRIAD_FULL801_STREAMING_PER_SOLID_RAW_DESCRIPTOR_FACTORY.py,5a02b78bc44781a169c90f05bc3de8ea0e1863a7209d012ede63a4c3a3e46d77,research_factory_or_qa_script,261,pass,"['now', 'sha256', 'load_module', 'read_csv', 'write_csv', 'write_json', 'mask_hash', 'raster_half_open', 'component_stats', 'checkpoint_paths', 'run_variant', 'main']",[],"['__future__', 'csv', 'hashlib', 'importlib.util', 'json', 'math', 'os', 'sys', 'time', 'datetime', 'pathlib', 'typing', 'numpy']"
experiments/lab_001_xy_connection_20260626/scripts/STRICT_GEOM_027_L28_TRIAD_FULL801_ARCHIVAL_MASK_FACTORY.py,7499b04244f79d5530ff2508071e986fcfe946b9a165e735f843288b8eeed8fb,research_factory_or_qa_script,167,pass,"['now', 'load_module', 'write_json', 'main']",[],"['__future__', 'csv', 'importlib.util', 'json', 'os', 'sys', 'time', 'datetime', 'pathlib', 'typing', 'numpy']"
experiments/lab_001_xy_connection_20260626/scripts/STRICT_GEOM_028_L28_RAW_PROFILE_CANDIDATE_PACKET_NOY.py,e16195a9b19586ae4b005ea4b7ee14e12c9592bbcf4d6d19a6fc2bfe39c7551c,research_factory_or_qa_script,43,pass,"['read', 'write', 'stat', 'main']",[],"['__future__', 'csv', 'json', 'math', 'os', 'pathlib', 'numpy']"
experiments/lab_001_xy_connection_20260626/scripts/STRICT_L7_002_finalize_merge.py,589930e395bb2f16cdb30f88e801c377e6173a3c6a1c78dda9e602a1b902517d,research_factory_or_qa_script,95,pass,"['digest', 'load_main_module', 'main']",[],"['__future__', 'csv', 'hashlib', 'importlib.util', 'pathlib']"
experiments/lab_001_xy_connection_20260626/scripts/STRICT_L7_002_historical_source_configuration_crosswalk_audit.py,2812e2b831597dfd595ef5759f153e63729142366f71b112b0a082b94e75da07,research_factory_or_qa_script,585,pass,"['sha256', 'rel_diff', 'write_csv', 'load_contract', 'verify_parent_inputs', 'verify_protected_assets', 'aggregate_current_model', 'current_massori_58', 'excel_massori_summary', 'direct_l7', 'col_number', 'read_xlsx_cells', 'workbook_provenance', 'build_parity', 'lineage_table', 'cross_statistic_match', 'nearest_model_audit', 'component_sensitivity', 'classify_hypotheses', 'make_figures', 'main']",[],"['__future__', 'csv', 'hashlib', 'json', 'math', 'subprocess', 'sys', 'zipfile', 'datetime', 'pathlib', 'xml.etree', 'matplotlib', 'matplotlib.pyplot', 'numpy', 'pandas', 'scipy.stats']"
experiments/lab_001_xy_connection_20260626/scripts/STRICT_L7_002_independent_QA.py,900a7baf4f752ed06a276d4311c8cc86f19d525c34ab89814478e64340d302d5,research_factory_or_qa_script,189,pass,"['digest', 'close', 'main']",[],"['__future__', 'csv', 'hashlib', 'json', 'math', 'pathlib', 'statistics']"
experiments/lab_001_xy_connection_20260626/scripts/STRICT_PARITY_P1_build_nb_current_entrypoint_contract.py,270894c7916c109add7b02d80932f7dead643af6d4e03bcb8360ba145d168cf7,research_factory_or_qa_script,114,pass,"['sha256_bytes', 'write_csv', 'line_of', 'functions', 'main']",[],"['__future__', 'ast', 'csv', 'hashlib', 'json', 'datetime', 'pathlib']"
experiments/lab_001_xy_connection_20260626/scripts/STRICT_PARITY_P1A_b3_golden_png_nb_formula_adapter.py,0291d93e4bbd7eaf49c2a2d930a0954df2a0915a0094b25ab32e6711b9a16818,research_factory_or_qa_script,285,pass,"['sha256_file', 'write_csv', 'numeric_suffix', 'load_nb_functions', 'masks_from_png', 'weighted_summary', 'main']",[],"['__future__', 'ast', 'contextlib', 'csv', 'hashlib', 'json', 'io', 'os', 'pickle', 'math', 'sys', 'collections', 'datetime', 'pathlib', 'cv2', 'numpy', 'urp4.legacy_reference.v0_1.loader']"
experiments/lab_001_xy_connection_20260626/scripts/STRICT_PARITY_P1B_locked_7model_formula_panel.py,15aa7144b90b319793a29f4953a794e5c1d73189d305333e196880de99eeafb2,research_factory_or_qa_script,175,pass,"['sha256', 'read_csv', 'write_csv', 'load_p1a_module', 'main']",[],"['__future__', 'csv', 'hashlib', 'importlib.util', 'json', 'os', 'sys', 'datetime', 'pathlib']"
experiments/lab_001_xy_connection_20260626/scripts/STRICT_PARITY_P2A_b3_native_pilot_preflight.py,d05a26ba7d98e26851bb975ed4945d46f5edf1373ef90e627e5da2e163a7061b,research_factory_or_qa_script,290,pass,"['sha256_file', 'sha256_text', 'canonical_hash', 'assignment_dict', 'apply_cell16', 'write_csv', 'main']",[],"['__future__', 'argparse', 'ast', 'csv', 'hashlib', 'json', 'platform', 'sys', 'datetime', 'pathlib', 'cv2', 'numpy', 'scipy', 'trimesh']"
experiments/lab_001_xy_connection_20260626/scripts/STRICT_PARITY_P2B_b3_native_trace_execution.py,f29440f68ed3b3e54b4c45b2492498ef2b260ffe0d67b26972a799b1abb3ac37,research_factory_or_qa_script,319,pass,"['sha256_file', 'canonical_hash', 'write_csv', 'exact_function_nodes', 'load_exact_namespace', 'stable_mask_hash', 'trace_voxelize', 'flatten_result', 'main']",[],"['__future__', 'ast', 'csv', 'hashlib', 'json', 'math', 'struct', 'sys', 'collections', 'datetime', 'pathlib', 'cv2', 'numpy', 'pandas', 'scipy', 'scipy.ndimage', 'trimesh']"
experiments/lab_001_xy_connection_20260626/scripts/STRICT_PARITY_P2C_locked_7model_native_expansion_preflight.py,a2d47d55687c46b09b2e774c0448b3d6618276513482b67e3839dfadc03ec6bd,research_factory_or_qa_script,439,pass,"['sha256_file', 'write_csv', 'binary_stl_metadata', 'verify_p2b_manifest', 'main']",[],"['__future__', 'csv', 'hashlib', 'json', 'math', 'platform', 'shutil', 'struct', 'sys', 'datetime', 'pathlib', 'numpy']"
experiments/lab_001_xy_connection_20260626/scripts/STRICT_PARITY_P2D_locked_native_trace_shard.py,d588ddcad4a1b14e81f9facbd84d704d278c058328b613e256ec9fb40bee1662,research_factory_or_qa_script,556,pass,"['sha256_file', 'write_csv', 'write_json', 'load_p2b_module', 'verify_manifest', 'existing_shard_passes', 'load_contract', 'quarantine_incomplete', 'checkpoint_payload', 'preflight', 'execute', 'main']",[],"['__future__', 'argparse', 'csv', 'hashlib', 'importlib.util', 'json', 'math', 'shutil', 'sys', 'time', 'collections', 'datetime', 'pathlib', 'numpy']"
experiments/lab_001_xy_connection_20260626/scripts/STRICT_PARITY_P2D_panel_merge_audit.py,d38e8aa22f2884966a5c36ff46aeda407eb1863aa65caa2145df1f9e367e4147,research_factory_or_qa_script,398,pass,"['sha256_file', 'write_csv', 'verify_manifest', 'read_result', 'numeric_or_none', 'main']",[],"['__future__', 'csv', 'hashlib', 'json', 'math', 'sys', 'datetime', 'itertools', 'pathlib', 'numpy']"
experiments/lab_001_xy_connection_20260626/scripts/STRICT_PARITY_P2E_native_vs_golden_configuration_delta_audit.py,87e521e3d82805c15559e5c957af270515c465c4c2c1bbb81ca398b4bc8b86c7,research_factory_or_qa_script,418,pass,"['sha256_file', 'read_csv', 'write_csv', 'verify_manifest', 'finite_float', 'correlation_rows', 'main']",[],"['__future__', 'csv', 'hashlib', 'json', 'math', 'sys', 'datetime', 'pathlib', 'numpy', 'scipy.stats']"
experiments/lab_001_xy_connection_20260626/scripts/STRICT_REC_001_build_parity_reentry_matrix.py,8bab943327437457d0d9b2b3b97b3d4a916eb0887886699123268425768b77db,research_factory_or_qa_script,136,pass,"['sha256', 'rel', 'write_csv', 'main']",[],"['__future__', 'csv', 'hashlib', 'datetime', 'pathlib']"
experiments/lab_001_xy_connection_20260626/scripts/STRICT_STEP_001_build_nb_dev_v0_4_step_preferred.py,5b311fbacd9370e75d038bdbbd7e24bcbce7f3f7cab0ffe50a774a2de0e787b5,research_factory_or_qa_script,263,pass,"['sha256_file', 'patch_runner', 'main']",[],"['__future__', 'hashlib', 'pathlib', 'nbformat']"
experiments/lab_001_xy_connection_20260626/scripts/STRICT_STEP_001_global_route_audit.py,3afffbcf89a795bb968cc047c886c8d4ef499d0ea4cd4ebd9c376bb7fbbfeba1,research_factory_or_qa_script,192,pass,"['sha', 'main']",[],"['__future__', 'datetime', 'hashlib', 'pathlib', 'importlib.metadata', 'json', 'sys', 'pandas', 'trimesh', 'urp4.geometry_io.v0_2']"
experiments/lab_001_xy_connection_20260626/scripts/STRICT_STEP_002_b3_direct_brep_plane_section_rasterizer.py,d7fae7ca6c79165d2ef877e0a98a0f8224b42bfca71f1cbc222a72e0ac529149,research_factory_or_qa_script,221,pass,"['write_csv', 'tree_hash', 'load_face_fixture_tools', 'filtered_components', 'protected_audit', 'main']",[],"['__future__', 'csv', 'hashlib', 'importlib.util', 'json', 'sys', 'pathlib', 'typing', 'cv2', 'numpy', 'OCP.BRepBuilderAPI', 'OCP.gp', 'urp4.contracts.v0_1.canonical', 'urp4.geometry_io.v0_2.step_import']"
experiments/lab_001_xy_connection_20260626/scripts/STRICT_STEP_002_independent_qa.py,7e2ce0a1440e7ec83e089d833073cb336e829b368aa72286ed296ae0f31ecd3c,research_factory_or_qa_script,83,pass,"['tree_hash', 'main']",[],"['__future__', 'csv', 'hashlib', 'json', 'sys', 'pathlib', 'cv2', 'numpy', 'urp4.contracts.v0_1.canonical']"
experiments/lab_001_xy_connection_20260626/scripts/STRICT_STEP_003_b3_direct_brep_contract_preregistration.py,c1fe71da82524fd1774715a909d3d93071ec4eeabb16f526091221562916e90f,research_factory_or_qa_script,138,pass,"['sha256', 'tree_hash', 'write_csv', 'protected_audit', 'main']",[],"['__future__', 'csv', 'hashlib', 'json', 'sys', 'pathlib']"
experiments/lab_001_xy_connection_20260626/scripts/STRICT_STEP_003_independent_contract_qa.py,8181643fb8b732f0eff692720c4238a04e8fa6f551f7e9c4709c2b6377a261f5,research_factory_or_qa_script,37,pass,"['digest', 'main']",[],"['__future__', 'csv', 'hashlib', 'json', 'sys', 'pathlib']"
experiments/lab_001_xy_connection_20260626/scripts/STRICT_STEP_004_b3_selected_panel_execution.py,18feb13d57aabf4820ca022926a6600f8f69dff6ed95ed4f6a96cd64252412b6,research_factory_or_qa_script,69,pass,"['csvw', 'loadsg', 'filt', 'direct_mask', 'main']",[],"['__future__', 'csv', 'hashlib', 'importlib.util', 'json', 'sys', 'pathlib', 'cv2', 'numpy', 'OCP.BRepBuilderAPI', 'OCP.gp', 'OCP.BRepClass', 'OCP.TopAbs', 'urp4.contracts.v0_1.canonical', 'urp4.geometry_io.v0_2.step_import', 'urp4.descriptor_service.v0_1.slicing']"
experiments/lab_001_xy_connection_20260626/scripts/STRICT_STEP_004_finalize_existing_artifacts.py,7dbd55dc731eacdacf7415c169171c6b512f1f546bcfbd026ad245f0f024606a,research_factory_or_qa_script,35,pass,"['h', 'wc', 'ch', 'main']",[],"['__future__', 'csv', 'hashlib', 'json', 'sys', 'pathlib', 'cv2', 'numpy']"
experiments/lab_001_xy_connection_20260626/scripts/STRICT_STEP_004_independent_artifact_qa.py,a56d5081010b38c871035ad0f32083d84b582394ceacac2b69454eb289e83953,research_factory_or_qa_script,13,pass,"['h', 'main']",[],"['__future__', 'csv', 'hashlib', 'json', 'sys', 'pathlib']"
experiments/lab_001_xy_connection_20260626/scripts/STRICT_STEP_005_route_delta_visual_forensics.py,5b1483266a7aeaf87b097ee26c0b7485d98308fb5013d411537bdd3e10051c14,research_factory_or_qa_script,31,pass,"['w', 'm', 'iou', 'main']",[],"['__future__', 'csv', 'json', 'sys', 'pathlib', 'cv2', 'numpy']"
experiments/lab_001_xy_connection_20260626/scripts/STRICT_STEP_006_phase00_overlay_trace_contract.py,cde7ea8bad1090efb11a4e41dd325f61f948ba87d31b29b3640c47f23c784d57,research_factory_or_qa_script,26,pass,"['h', 'wc', 'main']",[],"['__future__', 'csv', 'hashlib', 'json', 'sys', 'pathlib']"
experiments/lab_001_xy_connection_20260626/scripts/STRICT_STEP_007_finalize_existing_artifacts.py,829012639a3a706d8bbb45309065370ac1a1b9f675d398429c4e66cf92d7ab66,research_factory_or_qa_script,30,pass,"['h', 'wc', 'main']",[],"['__future__', 'csv', 'hashlib', 'json', 'sys', 'pathlib', 'cv2']"
experiments/lab_001_xy_connection_20260626/scripts/STRICT_STEP_007_overlay_trace_execution.py,a264057a794c376ae31341ad8b27331d7f40467c3ecfcf012265ee1063d6e563,research_factory_or_qa_script,54,pass,"['wc', 'loadsg', 'fmask', 'overlay', 'iou', 'main']",[],"['__future__', 'csv', 'hashlib', 'importlib.util', 'json', 'sys', 'pathlib', 'cv2', 'numpy', 'OCP.BRepBuilderAPI', 'OCP.gp', 'OCP.BRepClass', 'OCP.TopAbs', 'urp4.contracts.v0_1.canonical', 'urp4.geometry_io.v0_2.step_import', 'urp4.descriptor_service.v0_1.slicing']"
experiments/lab_001_xy_connection_20260626/scripts/STRICT_STEP_008_overlay_component_delta_review.py,87710b4a427a4c58ef7b00fb036dd1d5174d1a96c892b5d7ddf569e1de512df0,research_factory_or_qa_script,30,pass,"['wc', 'cc', 'main']",[],"['__future__', 'csv', 'json', 'sys', 'pathlib', 'cv2', 'numpy']"
experiments/lab_001_xy_connection_20260626/scripts/STRICT_STEP_009_change_region_component_sensitivity.py,c6030b537652ba9721006cb7563cefab26243a388b25deddf60f4be04ca1e5a7,research_factory_or_qa_script,28,pass,"['wc', 'comps', 'main']",[],"['__future__', 'csv', 'json', 'sys', 'pathlib', 'cv2', 'numpy']"
experiments/lab_001_xy_connection_20260626/scripts/STRICT_STEP_010_local_descriptor_sensitivity_contract.py,91b6cb7d89b0513acb9a9aa1ea0313bbfe7dc4f944904239e7c9e873b4b89e4b,research_factory_or_qa_script,26,pass,"['wc', 'main']",[],"['__future__', 'csv', 'json', 'sys', 'pathlib']"
experiments/lab_001_xy_connection_20260626/scripts/STRICT_STEP_011_local_overlay_metric_execution.py,6f24e766bd81e4b0b536120aa59a718ae0ac3970bd955d17b5a6eaf9a05e1b88,research_factory_or_qa_script,20,pass,"['rd', 'wc', 'main']",[],"['__future__', 'csv', 'json', 'sys', 'pathlib']"
experiments/lab_001_xy_connection_20260626/scripts/STRICT_STEP_012_area_only_scope_decision.py,574f6dd11d921f1df59b1905ad911d9db61523819cce1ede06935c05c7c2eb29,research_factory_or_qa_script,16,pass,"['wc', 'main']",[],"['__future__', 'csv', 'json', 'sys', 'pathlib']"
experiments/lab_001_xy_connection_20260626/scripts/STRICT_STEP_013_area_primitive_z801_contract.py,48de358b885238e6cb82ec30fdb86a1791be23870f7467a282e30d6c08c2ab49,research_factory_or_qa_script,25,pass,"['wc', 'main']",[],"['__future__', 'csv', 'json', 'sys', 'pathlib']"
experiments/lab_001_xy_connection_20260626/scripts/STRICT_STEP_014_area_trace_summary_after_completion.py,5663f54d8617f447269a4e90601ef06a9f49a4e6fd770493dbf0a4fabef44aa3,research_factory_or_qa_script,15,pass,['main'],[],"['__future__', 'csv', 'json', 'sys', 'pathlib', 'numpy']"
experiments/lab_001_xy_connection_20260626/scripts/STRICT_STEP_014_b3_z801_area_trace_runner.py,e6a935055d9d9e0cf2a24d122ce16656b4b08895fd696cf2dd0df16a97eb9614,research_factory_or_qa_script,32,pass,['main'],[],"['__future__', 'csv', 'importlib.util', 'json', 'sys', 'pathlib', 'cv2', 'numpy']"
experiments/lab_001_xy_connection_20260626/scripts/STRICT_STEP_014_independent_completion_qa.py,6eb086357b7c3963ab5761100ec206ecfdc09c723a93bcf8ae32a7a636003f98,research_factory_or_qa_script,12,pass,['main'],[],"['__future__', 'csv', 'json', 'sys', 'pathlib']"
experiments/lab_001_xy_connection_20260626/scripts/STRICT_STEP_015_b3_area_route_decision.py,370830f30307fb4ad0a75ef48d266e465be5813da9ca322a8f0c2fcd5473b18b,research_factory_or_qa_script,16,pass,['main'],[],"['__future__', 'json', 'sys', 'pathlib']"
experiments/lab_001_xy_connection_20260626/scripts/STRICT_STEP_016_anchor_replay.py,2e3060975876439853a52c2000aa6fe82a6fd1895842b57b488bd2c8a1cc8375,research_factory_or_qa_script,19,pass,['main'],[],"['__future__', 'importlib.util', 'json', 'sys', 'pathlib', 'cv2', 'numpy']"
experiments/lab_001_xy_connection_20260626/scripts/STRICT_STEP_017_cross_family_area_panel_contract.py,c213eb7a7e9f375e19db8a9b58269be877323b358c810b23a31c773d25165157,research_factory_or_qa_script,14,pass,['main'],[],"['__future__', 'csv', 'json', 'sys', 'pathlib']"
experiments/lab_001_xy_connection_20260626/scripts/STRICT_STEP_018_c1_l1_area_screen.py,4e3d03c7d4d4fde54edde74c5e57a7eae2db37065e5279f6aa3aa68e3ed4b5b0,research_factory_or_qa_script,25,pass,"['wc', 'main']",[],"['__future__', 'csv', 'importlib.util', 'json', 'sys', 'pathlib', 'cv2', 'numpy']"
experiments/lab_001_xy_connection_20260626/scripts/STRICT_STEP_018_finalize_area_screen.py,b8f6d07dc89868b84abe48be417426523f6a0f614e8d4a5b0790172d1297f17c,research_factory_or_qa_script,13,pass,['main'],[],"['pathlib', 'csv', 'json', 'cv2']"
experiments/lab_001_xy_connection_20260626/scripts/STRICT_STEP_018_l1_p1000_resume.py,38c9fc0bb1093573ba4b24cd760b34e5227c6394cfca46156d5f53cdc9f639d8,research_factory_or_qa_script,8,pass,['main'],[],"['pathlib', 'importlib.util', 'sys', 'csv', 'cv2']"
experiments/lab_001_xy_connection_20260626/scripts/STRICT_STEP_019_b3_component_primitive_selected_slice.py,a846fd182a766255b474a23a6569128ffb38779621d61cf9b44c6127372fc2a7,research_factory_or_qa_script,316,pass,"['sha256', 'tree_hash', 'write_csv', 'load_strict007', 'protected_audit', 'component_rows', 'compose_direct_mask', 'write_report', 'main']",[],"['__future__', 'csv', 'hashlib', 'importlib.util', 'json', 'sys', 'pathlib', 'cv2', 'numpy']"
experiments/lab_001_xy_connection_20260626/scripts/STRICT_STEP_019_independent_qa.py,6f7fcd2561871d0525e0bb8aee35fda15b47e964dc71b01c198ba944f208b8c5,research_factory_or_qa_script,118,pass,"['sha256', 'read_csv', 'tree_hash', 'write_csv', 'main']",[],"['__future__', 'csv', 'hashlib', 'json', 'sys', 'pathlib', 'cv2', 'numpy']"
experiments/lab_001_xy_connection_20260626/scripts/STRICT_STEP_020_b3_z801_component_pooling_preregistration.py,7856d67731b6a4509d4665295555dafa7cbdbacfa2e5bc10a13673915abbd9df,research_factory_or_qa_script,219,pass,"['sha256', 'tree_hash', 'write_csv', 'protected_audit', 'formula_lineage_rows', 'primitive_schema_rows', 'execution_rows', 'report_text', 'main']",[],"['__future__', 'csv', 'hashlib', 'json', 'sys', 'pathlib']"
experiments/lab_001_xy_connection_20260626/scripts/STRICT_STEP_020_independent_qa.py,ce7980cc62ad02c713f1ac11ccd9c81eb386fc0930067da86d13370d91107647,research_factory_or_qa_script,84,pass,"['sha256', 'tree_hash', 'main']",[],"['__future__', 'csv', 'hashlib', 'json', 'sys', 'pathlib']"
experiments/lab_001_xy_connection_20260626/scripts/STRICT_STEP_021_b3_route_a_z801_raw_primitives.py,248fc212fd4f7b981d390f77ad7dab2a85894c577aa77602afa7630a4de731a7,research_factory_or_qa_script,264,pass,"['sha256', 'tree_hash', 'load_helper', 'append_rows', 'read_rows', 'protected_audit', 'write_state', 'init_or_validate', 'direct_mask', 'component_stats', 'slice_tables', 'contact_length', 'overlay_tables', 'reconstruct_previous', 'main']",[],"['__future__', 'argparse', 'csv', 'hashlib', 'importlib.util', 'json', 'sys', 'time', 'pathlib', 'cv2', 'numpy']"
experiments/lab_001_xy_connection_20260626/scripts/STRICT_STEP_021_independent_qa.py,32db14d815d2c0116d835e34820a24d6a0161a1c119d2ea5e37acceecdbd1fc9,research_factory_or_qa_script,114,pass,"['sha256', 'tree_hash', 'read_csv', 'load_runner', 'main']",[],"['__future__', 'csv', 'hashlib', 'importlib.util', 'json', 'sys', 'pathlib', 'cv2', 'numpy']"
experiments/lab_001_xy_connection_20260626/scripts/STRICT_STEP_022_b3_legacy_py_raw_table_formula_replay.py,d161aacf0eb8e693f8528654bea088e45223e5f8ff23af76624840eabc8365c9,research_factory_or_qa_script,229,pass,"['sha256', 'assert_runtime', 'pop_stats', 'add_population', 'main']",[],"['__future__', 'csv', 'hashlib', 'json', 'sys', 'pathlib', 'numpy', 'pandas']"
experiments/lab_001_xy_connection_20260626/scripts/STRICT_STEP_022_independent_qa.py,6aeabd4b239ec4dfa06bc26fedcb5fc2f98314fe94f5ce741df9037e3920f05c,research_factory_or_qa_script,62,pass,"['sha256', 'scalar', 'main']",[],"['__future__', 'hashlib', 'json', 'sys', 'pathlib', 'numpy', 'pandas']"
experiments/lab_001_xy_connection_20260626/scripts/STRICT_STEP_023_b3_temporary_png_direct_legacy_py_parity.py,6138f1f0bd4d04995db6f9b2e158d05bbf8b9ea58aee873c1dd04ebc100e6feb,research_factory_or_qa_script,125,pass,"['sha256', 'load_module', 'write_csv', 'write_state', 'as_rows', 'main']",[],"['__future__', 'csv', 'hashlib', 'importlib.util', 'json', 'shutil', 'sys', 'time', 'pathlib', 'cv2', 'numpy', 'pandas']"
experiments/lab_001_xy_connection_20260626/scripts/STRICT_STEP_023_independent_qa.py,0d6fde77f27ab85c33d95adc4696d95a5dde041ec106dcc9a3a9ab3dc2197100,research_factory_or_qa_script,44,pass,"['sha256', 'main']",[],"['__future__', 'hashlib', 'json', 'sys', 'pathlib', 'numpy', 'pandas']"
experiments/lab_001_xy_connection_20260626/scripts/STRICT_STEP_023A_corrected_formula_reconciliation_and_eviction.py,d8a3d2f1590ce0ea1e788fe9dcbf2384621e2e409a6a5d8416183e9311175792,research_factory_or_qa_script,55,pass,"['sha256', 'write_csv', 'main']",[],"['__future__', 'csv', 'hashlib', 'json', 'shutil', 'sys', 'pathlib', 'numpy', 'pandas']"
experiments/lab_001_xy_connection_20260626/scripts/STRICT_STEP_023A_independent_qa.py,2e7049e46cf36348971defdeef2b69e5502d14b2e760cb2f93c122e9beb8d18e,research_factory_or_qa_script,12,pass,['main'],[],"['__future__', 'json', 'sys', 'pathlib', 'numpy', 'pandas']"
experiments/lab_001_xy_connection_20260626/scripts/STRICT_STEP_024_b3_historical_x_only_crosswalk.py,a621904f2d10034abed32fd9eb7f2ad1584d8c981ad99c071ca10a4920fa382a,research_factory_or_qa_script,58,pass,"['sha256', 'col_letter', 'main']",[],"['__future__', 'hashlib', 'json', 'sys', 'pathlib', 'matplotlib', 'matplotlib.pyplot', 'numpy', 'pandas', 'openpyxl', 'scipy.stats']"
experiments/lab_001_xy_connection_20260626/scripts/STRICT_STEP_024_independent_qa.py,9d31a2b516fe96243ff6e8d1e84bc12f1b2c01f6e041ede260da0eee3c62aab6,research_factory_or_qa_script,17,pass,"['sha', 'main']",[],"['__future__', 'hashlib', 'json', 'sys', 'pathlib', 'numpy', 'pandas']"
experiments/lab_001_xy_connection_20260626/scripts/STRICT_STEP_025_cross_family_panel_preregistration.py,5941266552b4034e0b44ed0d8888ef585753f17916bc7a7212f94ded18fd2b88,research_factory_or_qa_script,37,pass,"['sha', 'lookup', 'main']",[],"['__future__', 'hashlib', 'json', 'sys', 'pathlib', 'pandas']"
experiments/lab_001_xy_connection_20260626/scripts/STRICT_STEP_026_c1_direct_legacy_py_xonly.py,7b4a6ee2b1168bfe24cffbe75d75d21045e4c7ac1d48e9e310e08a956a43db13,research_factory_or_qa_script,48,pass,"['sha', 'load', 'csvout', 'state', 'main']",[],"['__future__', 'csv', 'hashlib', 'importlib.util', 'json', 'shutil', 'sys', 'time', 'pathlib', 'cv2', 'numpy', 'pandas', 'openpyxl']"
experiments/lab_001_xy_connection_20260626/scripts/STRICT_STEP_026_c1_independent_qa.py,fee9e359aeb3f24a5b740d9ea71f444230d0c09ea157529966d14fe9d1f38112,research_factory_or_qa_script,80,pass,"['sha256_file', 'csv_rows', 'main']",[],"['__future__', 'csv', 'hashlib', 'json', 'sys', 'pathlib']"
experiments/lab_001_xy_connection_20260626/scripts/T3O_mesh_native_3d_topology_inertia_census.py,5e91186c2740d1322ac46bfdb70ac221cf7b8856ac76e7dbbc64bfd8f20b65de,research_factory_or_qa_script,467,pass,"['sha256', 'write_csv', 'verify_contract', 'protected_qa', 'load_mesh', 'safe_ratio', 'compute_model', 'exact_duplicate', 'proportional_duplicate', 'correlation', 'build_registry', 'robust_pair_distances', 'make_figures', 'main']",[],"['__future__', 'hashlib', 'importlib.util', 'json', 'math', 'sys', 'datetime', 'pathlib', 'matplotlib', 'matplotlib.pyplot', 'numpy', 'pandas', 'trimesh', 'scipy.stats']"
experiments/lab_001_xy_connection_20260626/scripts/T3O_mesh_native_independent_QA.py,e1fa57707135db51d0969b50218bf6de771a01514a346a9d0f19c33f7db5dbcd,research_factory_or_qa_script,196,pass,"['sha256', 'add', 'main']",[],"['__future__', 'hashlib', 'importlib.util', 'json', 'math', 'sys', 'pathlib', 'numpy', 'pandas', 'trimesh', 'PIL']"
experiments/lab_001_xy_connection_20260626/scripts/T3O_mesh_native_resumable_factory.py,de5da19a147354abc6a7a01b7d95173f51bac391243b788492843801a74bd682,research_factory_or_qa_script,378,pass,"['now', 'sha256', 'atomic_text', 'atomic_json', 'atomic_csv', 'append_log', 'import_engine', 'load_geometry', 'model_paths', 'read_json', 'runtime_identity', 'checkpoint_valid', 'write_checkpoint', 'worker', 'status_frame', 'refresh_status', 'monitor_worker', 'run_pending', 'finalize', 'main']",[],"['__future__', 'argparse', 'hashlib', 'importlib.util', 'json', 'os', 'subprocess', 'sys', 'time', 'traceback', 'datetime', 'pathlib', 'pandas', 'psutil']"
experiments/lab_001_xy_connection_20260626/scripts/T3P_mesh_native_grouped_evaluation_control_review.py,10e3b0c6578e388180bfe27399f8c9ce7455978c4108b7ed3a81aa16d8aeca42,research_factory_or_qa_script,168,pass,"['now_kst', 'rel', 'sha256_file', 'asset', 'write_csv', 'write_json', 'verify_manifest', 'main']",[],"['__future__', 'hashlib', 'json', 'platform', 'sys', 'datetime', 'pathlib', 'typing', 'numpy', 'pandas', 'T3P_mesh_native_grouped_evaluation_preregistration_no_fit']"
experiments/lab_001_xy_connection_20260626/scripts/T3P_mesh_native_grouped_evaluation_execution.py,282524314acc816b090c70f80ee36d49c702b72dd52de6e33b4438c0288155cf,research_factory_or_qa_script,704,pass,"['now_kst', 'rel', 'sha256_file', 'asset', 'write_csv', 'write_json', 'require_runtime', 'bool_series', 'verify_preregistered_state', 'frozen_inputs', 'freeze', 'verify_execution_contract', 'technical', 'fold_filter', 'branch_id', 'fit_branch', 'fit_f001', 'build_model_view', 'split_checks', 'evaluate', 'self_test', 'main']",['UnionFind'],"['__future__', 'argparse', 'hashlib', 'json', 'math', 'platform', 'sys', 'collections', 'datetime', 'pathlib', 'typing', 'matplotlib', 'matplotlib.pyplot', 'numpy', 'pandas', 'TOUR_C001_T3D_GM_bounded_nested_replay', 'T3P_mesh_native_grouped_evaluation_preregistration_no_fit']"
experiments/lab_001_xy_connection_20260626/scripts/T3P_mesh_native_grouped_evaluation_independent_qa.py,7f9a6cd80a707f92e4a910409677e6ef0a884a5b9a11b2175f5729ef87d9963d,research_factory_or_qa_script,351,pass,"['now_kst', 'rel', 'sha256_file', 'asset', 'write_csv', 'write_json', 'require_runtime', 'verify_inputs', 'corr', 'metrics', 'representatives', 'fit_predict', 'fit_f001', 'branch_id', 'replay', 'main']",[],"['__future__', 'hashlib', 'json', 'math', 'platform', 'sys', 'collections', 'datetime', 'pathlib', 'typing', 'numpy', 'pandas', 'T3P_mesh_native_grouped_evaluation_preregistration_no_fit']"
experiments/lab_001_xy_connection_20260626/scripts/T3P_mesh_native_grouped_evaluation_preregistration_no_fit.py,4b8bf1a00d63515d751265138a64d2f12a5519482bfd28049c3e86d30b4aa41a,research_factory_or_qa_script,382,pass,"['sha256', 'write_csv', 'input_record', 'pair_relation', 'filter_partition', 'protected_post', 'main']",[],"['__future__', 'hashlib', 'importlib.util', 'json', 'math', 'sys', 'datetime', 'pathlib', 'numpy', 'pandas', 'scipy.stats']"
experiments/lab_001_xy_connection_20260626/scripts/T3P_official_sync_audit.py,231a69ff75c3c203d418f0ada83a392298eec7c151b2db8e80960ab8c707f0bb,research_factory_or_qa_script,95,pass,"['sha', 'manifest_ok', 'contains', 'main']",[],"['__future__', 'hashlib', 'json', 'subprocess', 'datetime', 'pathlib', 'pandas', 'T3P_mesh_native_grouped_evaluation_preregistration_no_fit']"
experiments/lab_001_xy_connection_20260626/scripts/T3Q_official_sync_audit.py,7510b7da92fe5623f96df078ff6311dd7d71ea3c2b8b367593bfccf8f2d7dbbc,research_factory_or_qa_script,122,pass,"['sha', 'manifest_ok', 'text', 'contains', 'main']",[],"['__future__', 'hashlib', 'json', 'platform', 'subprocess', 'sys', 'datetime', 'pathlib', 'pandas', 'T3P_mesh_native_grouped_evaluation_preregistration_no_fit']"
experiments/lab_001_xy_connection_20260626/scripts/T3Q_T3PX_support_range_control_review.py,8a342f1ea881029ee94698c277fa7b9ed4f29beda73721bb94451455d3d77697,research_factory_or_qa_script,208,pass,"['now_kst', 'rel', 'sha', 'asset', 'write_csv', 'write_json', 'verify_manifest', 'true_series', 'main']",[],"['__future__', 'hashlib', 'json', 'platform', 'sys', 'datetime', 'pathlib', 'typing', 'pandas', 'T3P_mesh_native_grouped_evaluation_preregistration_no_fit']"
experiments/lab_001_xy_connection_20260626/scripts/T3Q_T3PX_support_range_family_transfer_anatomy_nofit.py,320dee594fb19ca89e954c97db0565b57dec3860f06c19a06daff5df69996b40,research_factory_or_qa_script,521,pass,"['now_kst', 'rel', 'sha', 'asset', 'write_csv', 'write_json', 'require_runtime', 'truth', 'verify_manifest', 'live_verification', 'input_assets', 'freeze', 'verify_contract', 'spearman', 'overlap_coefficient', 'support_stats', 'evaluate', 'execute', 'self_test', 'main']",[],"['__future__', 'argparse', 'hashlib', 'json', 'math', 'platform', 'sys', 'datetime', 'pathlib', 'typing', 'matplotlib', 'matplotlib.pyplot', 'numpy', 'pandas', 'T3P_mesh_native_grouped_evaluation_preregistration_no_fit']"
experiments/lab_001_xy_connection_20260626/scripts/T3Q_T3PX_support_range_independent_QA.py,d6a889152493572a9a69fc2d884c8b4c33d3b775726a9a251ea1a041ad99f4aa,research_factory_or_qa_script,462,pass,"['now_kst', 'rel', 'sha256_file', 'asset', 'write_csv', 'write_json', 'require_runtime', 'verify_assets', 'rank_correlation', 'interval_overlap', 'replay', 'compare_frame', 'main']",[],"['__future__', 'hashlib', 'json', 'math', 'platform', 'sys', 'datetime', 'pathlib', 'typing', 'numpy', 'pandas', 'T3P_mesh_native_grouped_evaluation_preregistration_no_fit']"
experiments/lab_001_xy_connection_20260626/scripts/T3Q_T3PX_visual_QA_repair.py,0b95f7f32ef30433a76d1e46eecd19bde302bdae2b893c570b84e4a2f390e0b1,research_factory_or_qa_script,83,pass,"['sha', 'rel', 'main']",[],"['__future__', 'hashlib', 'json', 'platform', 'sys', 'pathlib', 'matplotlib', 'matplotlib.pyplot', 'pandas']"
experiments/lab_001_xy_connection_20260626/scripts/T3R_official_sync_audit.py,7987b149ff81d6b783ec000697a9435f0e1a91e15f0085c1a8c13ff10814e56c,research_factory_or_qa_script,123,pass,"['sha', 'manifest_ok', 'text', 'contains', 'main']",[],"['__future__', 'hashlib', 'json', 'platform', 'subprocess', 'sys', 'datetime', 'pathlib', 'pandas', 'T3P_mesh_native_grouped_evaluation_preregistration_no_fit']"
experiments/lab_001_xy_connection_20260626/scripts/T3R_support_aware_safety_policy_control_review.py,84fcd212ef130a5f9858923e1f6ff275e232f45b585262cc795f98746d75231a,research_factory_or_qa_script,170,pass,"['now_kst', 'rel', 'sha', 'asset', 'manifest_ok', 'write_csv', 'write_json', 'true_series', 'main']",[],"['__future__', 'hashlib', 'json', 'platform', 'sys', 'datetime', 'pathlib', 'typing', 'matplotlib.image', 'pandas', 'T3P_mesh_native_grouped_evaluation_preregistration_no_fit']"
experiments/lab_001_xy_connection_20260626/scripts/T3R_support_aware_safety_policy_independent_QA.py,4bbabb59233bc4483aed91e3ea8e02ce9d81333ec08cc0a32d78bc829422731c,research_factory_or_qa_script,175,pass,"['now_kst', 'rel', 'sha', 'asset', 'write_csv', 'write_json', 'support_decision', 'manifest_ok', 'main']",[],"['__future__', 'hashlib', 'json', 'math', 'platform', 'sys', 'datetime', 'pathlib', 'typing', 'numpy', 'pandas', 'T3P_mesh_native_grouped_evaluation_preregistration_no_fit']"
experiments/lab_001_xy_connection_20260626/scripts/T3R_support_aware_safety_policy_preregistration_nofit.py,9e0deb4e003bb5e0ee091cc519065537dab3103d4528f6638b1b5e43651dd14e,research_factory_or_qa_script,307,pass,"['now_kst', 'rel', 'sha', 'asset', 'write_csv', 'write_json', 'runtime_guard', 'support_policy', 'evidence_lanes', 'future_gates', 'claim_boundaries', 'draw_flow', 'main']",[],"['__future__', 'hashlib', 'json', 'platform', 'sys', 'datetime', 'pathlib', 'typing', 'matplotlib', 'matplotlib.pyplot', 'matplotlib.patches', 'pandas', 'T3P_mesh_native_grouped_evaluation_preregistration_no_fit']"
experiments/lab_001_xy_connection_20260626/scripts/test_CINT_01_contracts.py,d2f845992f164d8f35953b6b1e12b9b3e0a65bafce7cfa0cd31894a20109d335,research_factory_or_qa_script,227,pass,"['load_documents', 'rebuilt']",['TestCINT01Contracts'],"['__future__', 'copy', 'json', 'math', 'sys', 'unittest', 'pathlib', 'urp4.contracts.v0_1.canonical', 'urp4.contracts.v0_1.ids', 'urp4.contracts.v0_1.models', 'urp4.contracts.v0_1.validation']"
experiments/lab_001_xy_connection_20260626/scripts/test_CINT_03_descriptor_service.py,3cbb7b018b8b0141c2d53b93e4bb1d6b45a44606c1b53d597a01ed244236420b,research_factory_or_qa_script,176,pass,"['synthetic_tables', 'write_unit_cube_stl']","['DescriptorServiceUnitTests', 'FrozenRun139IntegrationTests', 'ExtractionModeTests']","['__future__', 'unittest', 'struct', 'tempfile', 'pathlib', 'unittest.mock', 'numpy', 'pandas', 'urp4.descriptor_service.v0_1.models', 'urp4.descriptor_service.v0_1.run139', 'urp4.descriptor_service.v0_1.config', 'urp4.descriptor_service.v0_1.pipeline', 'urp4.descriptor_service.v0_1.qa', 'urp4.descriptor_service.v0_1.service']"
experiments/lab_001_xy_connection_20260626/scripts/test_CINT_04_lattice_typeab.py,514ca6890d6b3d6997602ac8c28e122c53cc5d5d46b4aa7c354e858e23d68c40,research_factory_or_qa_script,149,pass,"['tiny_config', 'write_type_b_fixture']","['TypeASourceParityTests', 'TypeBGateTests', 'ContractAndNegativeTests']","['__future__', 'tempfile', 'unittest', 'pathlib', 'numpy', 'openpyxl', 'urp4.contracts.v0_1.canonical', 'urp4.generators.lattice_typeab.v0_1', 'urp4.generators.lattice_typeab.v0_1.exporters', 'urp4.generators.lattice_typeab.v0_1.graph', 'urp4.generators.lattice_typeab.v0_1.plugin', 'urp4.generators.lattice_typeab.v0_1.type_b', '.CINT_04_reference_adapter']"
experiments/lab_001_xy_connection_20260626/scripts/test_CINT_05_tpms_multiwall.py,271cb11c2a141af0c17b318447038e5745e9aeffdf49efc1cad1f95bfa8fc6e8,research_factory_or_qa_script,149,pass,['fixture_candidate'],"['RegistryParityTests', 'SourceParityTests', 'ContractAndNegativeTests']","['__future__', 'copy', 'tempfile', 'unittest', 'pathlib', 'numpy', 'urp4.contracts.v0_1.canonical', 'urp4.generators.tpms_multiwall.v0_1', 'urp4.generators.tpms_multiwall.v0_1.exporters', 'urp4.generators.tpms_multiwall.v0_1.masking', 'urp4.generators.tpms_multiwall.v0_1.plugin', '.CINT_05_reference_adapter']"
experiments/lab_001_xy_connection_20260626/scripts/test_CINT_06_voxel.py,9aa114a9b3183c6c23fafc37179315fd18bc993a94023661d7251a971fe514a4,research_factory_or_qa_script,139,pass,['fixture'],"['SourceIdentityTests', 'FixedReplayTests', 'ContractAndNegativeTests']","['__future__', 'copy', 'tempfile', 'unittest', 'pathlib', 'numpy', 'urp4.contracts.v0_1.canonical', 'urp4.generators.voxel.v0_1', 'urp4.generators.voxel.v0_1.exporters', 'urp4.generators.voxel.v0_1.kernel', 'urp4.generators.voxel.v0_1.plugin', '.CINT_06_reference_adapter']"
experiments/lab_001_xy_connection_20260626/scripts/test_CINT_07_theta_geometry_x.py,7474633fd24ae464c03061f66b6f623f07658c79891487eedb681a7b0a93e47e,research_factory_or_qa_script,208,pass,"['load_bundle', 'rebuild']","['RegistryTests', 'JoinTests']","['__future__', 'copy', 'json', 'unittest', 'dataclasses', 'pathlib', 'urp4.contracts.v0_1.ids', 'urp4.integration.theta_geometry_x.v0_1']"
experiments/lab_001_xy_connection_20260626/scripts/test_CINT_08_training_engine.py,53821b4321bfbbee301dccd98e8f0ae7a9186a47cfe6b867c1dae429202c445b,research_factory_or_qa_script,319,pass,"['split_contract', 'provenance', 'dataset_document', 'valid_plan']","['SourceRegistryTests', 'MethodAndFeaturePolicyTests', 'GroupedEvaluationTests', 'OOFEnsembleTests', 'PlanAndManifestTests']","['__future__', 'copy', 'hashlib', 'json', 'tempfile', 'unittest', 'dataclasses', 'pathlib', 'urp4.contracts.v0_1.ids', 'urp4.contracts.v0_1.models', 'urp4.training.v0_1']"
experiments/lab_001_xy_connection_20260626/scripts/test_CINT_09_orchestrator.py,48d059ec9b26e2c70d06c4490f7d072705eb67dd12539af344c186790a2a2ed8,research_factory_or_qa_script,211,pass,['stage'],"['TestCINT09Registry', 'TestCINT09Plan', 'TestCINT09Execution']","['__future__', 'unittest', 'dataclasses', 'pathlib', 'urp4.orchestration.v0_1', 'urp4.orchestration.v0_1.engine']"
experiments/lab_001_xy_connection_20260626/scripts/test_geometry_io_v0_3_source_router.py,18f81619f5626c92b4ee6f8b02d66e90ab0625abef8e541d48ef72ce788ab019,research_factory_or_qa_script,26,pass,[],['SourceRouterTests'],"['__future__', 'unittest', 'urp4.geometry_io.v0_3', 'urp4.geometry_io.v0_3.source_preflight']"
experiments/lab_001_xy_connection_20260626/scripts/test_IMSTL005_imported_winding_module.py,cdf6f55749c6460e76db21b3e51e9245efc6b2f13ec930c3b08aeeb3ecd7e937,research_factory_or_qa_script,66,pass,"['_load', 'main']",[],"['pathlib', 'sys', 'cv2', 'numpy', 'urp4.geometry_io.v0_4']"
experiments/lab_001_xy_connection_20260626/scripts/test_NB_INTEGRATE_001_route_policy.py,2bbe7e47995b937ec6b3e305cfe1d498a5d84f521b3370466bf3080e9d0b3f71,research_factory_or_qa_script,119,pass,[],['RoutePolicyTests'],"['__future__', 'hashlib', 'sys', 'tempfile', 'unittest', 'pathlib', 'urp4.route_policy.v0_1']"
experiments/lab_001_xy_connection_20260626/scripts/test_PRES_00_harness.py,dcbd1ded0dc254fb3724e497ba52d3f1757172ad0f27c985658bec789dc579b4,research_factory_or_qa_script,81,pass,[],['PresHarnessP0Test'],"['__future__', 'tempfile', 'unittest', 'pathlib', 'urp4.presentation.v0_1.canonical', 'urp4.presentation.v0_1.dry_run', 'urp4.presentation.v0_1.ids', 'urp4.presentation.v0_1.ledger']"
experiments/lab_001_xy_connection_20260626/scripts/test_PRES_01_snapshot.py,efab61dc064923c20ce7e7cae1389b42f1edf6755e52fabaa685aa625fddea8c,research_factory_or_qa_script,94,pass,[],['PresSnapshotP1Test'],"['__future__', 'json', 'tempfile', 'unittest', 'pathlib', 'urp4.presentation.v0_1.snapshot']"
experiments/lab_001_xy_connection_20260626/scripts/test_PRES_02_preflight.py,f1cde520111320312c59d6d78af43dbec07f3d9409447616acb97fd6c11885f1,research_factory_or_qa_script,72,pass,"['test_p2_gate_is_exact_and_founder_authorized', 'test_intentional_faults_and_normal_fixtures_classify_exactly', 'test_verified_profile_self_hashes_are_stable', 'test_low_contrast_fixture_is_below_preregistered_threshold', 'test_preflight_manifest_covers_files_and_locked_assets_are_exact']",[],"['__future__', 'json', 'pathlib', 'urp4.presentation.v0_1.p2_preflight']"
experiments/lab_001_xy_connection_20260626/scripts/test_PRM061_fs4_integration_contract.py,a8da4dd71b45a05d781f74bde7e54f57f467403d7431d6761e572d6542c3792f,research_factory_or_qa_script,130,pass,[],['FS4IntegrationContractTests'],"['__future__', 'unittest', 'urp4.training.v0_2']"
experiments/lab_001_xy_connection_20260626/scripts/test_PRM064_fs4_p1_adapters_no_fit.py,eefb491cd39e1132d981cc99e3df0180eb8bf002bcd324d29d804fb8418c4958,research_factory_or_qa_script,160,pass,['load_rows'],['TestP1AdaptersNoFit'],"['__future__', 'csv', 'unittest', 'copy', 'pathlib', 'urp4.training.p1_adapter_v0_1']"
experiments/lab_001_xy_connection_20260626/scripts/test_PRM066_fs4_p1_exec_layer_no_fit.py,0597b5fe5a95681b991829867d90d897a9ca3729adfbebc62859b36df7a7660d,research_factory_or_qa_script,142,pass,['builder'],"['ExplodingArray', 'TestP1ExecutableLayerNoFit']","['__future__', 'hashlib', 'json', 'tempfile', 'unittest', 'pathlib', 'sklearn.base', 'urp4.training.p1_exec_layer_v0_1', 'urp4.training.p1_exec_layer_v0_1.permit']"
experiments/lab_001_xy_connection_20260626/scripts/test_PRM073_geometry_import.py,76e9c5cb15f1ac3c5e6e1a48fb0d08e339c60604fc929c750b065001c8d4ccb3,research_factory_or_qa_script,74,pass,[],['GeometryImportTests'],"['__future__', 'tempfile', 'unittest', 'pathlib', 'pandas', 'trimesh', 'urp4.geometry_io.v0_1']"
experiments/lab_001_xy_connection_20260626/scripts/TOUR_C001_dataset_xrv1_t3_xx_factory.py,b75161b0b9d8d0cc0089614d68c4ffcfbd411d43414f1f69ca67c67a137064e9,research_factory_or_qa_script,951,pass,"['sha256_file', 'relative', 'write_csv', 'write_json', 'model_key', 'main']",['UnionFind'],"['__future__', 'hashlib', 'itertools', 'json', 'math', 're', 'subprocess', 'sys', 'datetime', 'pathlib', 'typing', 'numpy', 'pandas', 'urp4.contracts.v0_1', 'urp4.contracts.v0_1.ids']"
experiments/lab_001_xy_connection_20260626/scripts/TOUR_C001_T3B_all58_candidate_enrichment_and_xonly_census.py,cd7c6671d6cc0143cee9c8aaad9ddd90b01360dda75653f4eca350212b669e1b,research_factory_or_qa_script,962,pass,"['now_kst', 'sha256_file', 'rel', 'write_csv', 'write_json', 'require_kmk312', 'slice004_gate', 'model_ids', 'direct_schema', 'derived_schema', 'freeze_contract', 'validate_contract', 'primitive_series', 'distribution', 'profile_values', 'build_values', 'tolerant_unique', 'robust_stats', 'coverage_table', 'safe_corr', 'redundancy', 'classify', 'robust_matrix', 'collision_audit', 'protected_verification', 'preregistration_draft', 'execute', 'self_test', 'main']","['Primitive', 'UnionFind']","['__future__', 'argparse', 'hashlib', 'json', 'math', 'os', 'platform', 'subprocess', 'sys', 'dataclasses', 'datetime', 'pathlib', 'typing', 'numpy', 'pandas']"
experiments/lab_001_xy_connection_20260626/scripts/TOUR_C001_T3C_GM_nested_selection_preregistration.py,54dbe8a8bc88b19685156df357283fc5e922e5cee631614da7194996e174a255,research_factory_or_qa_script,636,pass,"['root_dir', 'sha256', 'read_csv', 'write_csv', 'paths', 'verify_parent', 'candidate_policy', 'target_policy_rows', 'split_policy_rows', 'protocol_rows', 'budget_rows', 'negative_rows', 'validate_folds', 'verify_protected', 'rel', 'execute', 'self_test', 'main']",[],"['__future__', 'argparse', 'csv', 'hashlib', 'json', 'subprocess', 'collections', 'datetime', 'pathlib']"
experiments/lab_001_xy_connection_20260626/scripts/TOUR_C001_T3D_control_tower_finalize.py,b205e86d2e6bc0d43a8c297af1cb469842500d450600c6a21c1ab4e689fc78cb,research_factory_or_qa_script,158,pass,"['sha', 'main']",[],"['__future__', 'hashlib', 'json', 'subprocess', 'pathlib', 'pandas', 'PIL']"
experiments/lab_001_xy_connection_20260626/scripts/TOUR_C001_T3D_GM_bounded_nested_replay.py,f2dace2400d943d9f8b22deff43f28ee0b64c58d630c1429e4258e9f877ecfd8,research_factory_or_qa_script,907,pass,"['now_utc', 'sha256', 'relative', 'asset', 'write_csv', 'write_json', 'stable_float', 'average_ranks', 'corr', 'metrics', 'robust_variation', 'fit_univariate_ols', 'fit_augmented_ridge', 'fit_branch', 'fit_f001', 'priority_tuple', 'fold_local_filter', 'verify_parent', 'materialize_modeling_view', 'validate_fold_contract', 'freeze_contract', 'verify_execution_contract', 'branch_label', 'execute', 'make_plots', 'render_report', 'self_test', 'main']",['UnionFind'],"['__future__', 'argparse', 'hashlib', 'json', 'math', 'platform', 'subprocess', 'sys', 'collections', 'datetime', 'pathlib', 'typing', 'matplotlib', 'matplotlib.pyplot', 'numpy', 'pandas']"
experiments/lab_001_xy_connection_20260626/scripts/TOUR_C001_T3D_GM_independent_QA.py,dd46e88e47dd00c756b23d70113d6cdcbee9307ad14a388410eefd9a8b60a2d0,research_factory_or_qa_script,146,pass,"['sha', 'metric', 'main']",[],"['__future__', 'hashlib', 'json', 'math', 'pathlib', 'numpy', 'pandas']"
experiments/lab_001_xy_connection_20260626/scripts/TOUR_C001_T3E_control_tower_finalize.py,97bdb6efd5e948d0823fb461921f795fb498f5931accbc5550b04009d1451daf,research_factory_or_qa_script,204,pass,"['sha256', 'read_csv', 'write_csv', 'main']",[],"['__future__', 'csv', 'hashlib', 'json', 'sys', 'datetime', 'pathlib', 'PIL']"
experiments/lab_001_xy_connection_20260626/scripts/TOUR_C001_T3E_independent_QA.py,ba468294a9fd22ffd4f04352904b435ba4bfcd14429d060e65813c313329e7c6,research_factory_or_qa_script,137,pass,"['sha', 'rho', 'main']",[],"['__future__', 'hashlib', 'json', 'math', 'pathlib', 'numpy', 'pandas', 'PIL']"
experiments/lab_001_xy_connection_20260626/scripts/TOUR_C001_T3E_L_domain_angle_diagnosis.py,52b93f08ba990f3d0f03c3be1deaa0cc751b93ad8fa900311b17b3dd2ff835b8,research_factory_or_qa_script,532,pass,"['now', 'sha', 'rel', 'asset', 'write_csv', 'write_json', 'ranks', 'correlation', 'distribution', 'verify_inputs', 'protected_recheck', 'freeze', 'execute', 'make_figures', 'render_report', 'self_test', 'main']",[],"['__future__', 'argparse', 'hashlib', 'itertools', 'json', 'math', 'platform', 'subprocess', 'datetime', 'pathlib', 'typing', 'matplotlib', 'matplotlib.pyplot', 'numpy', 'pandas']"
experiments/lab_001_xy_connection_20260626/scripts/TOUR_C001_T3F_control_tower_finalize.py,451ac59bf9745989d390f91ea257d0d88638ee2474af36af00a17ecf977b6938,research_factory_or_qa_script,199,pass,"['sha256', 'read_csv', 'write_csv', 'main']",[],"['__future__', 'csv', 'hashlib', 'json', 'sys', 'datetime', 'pathlib']"
experiments/lab_001_xy_connection_20260626/scripts/TOUR_C001_T3F_E1_bounded_architecture_diagnostic.py,5291e46295fe0a5b29259c2094e582be3f37acb95d8d2f06c7d6e973db5939e8,research_factory_or_qa_script,1027,pass,"['now', 'root_dir', 'sha256', 'read_csv', 'write_csv', 'rel', 'asset', 'stable_hash', 'paths', 'verify_protected', 'exact_metadata', 'k_group', 'build_splits', 'freeze', 'verify_contract_inputs', 'gaussian_solve', 'make_estimator', 'model_signature', 'predict', 'metric_values', 'execute_lane_g', 'execute_lane_k', 'compute_metrics', 'metric_lookup', 'architecture_summaries', 'collision_diagnostics', 'make_figures', 'execute', 'main']","['DeterministicLinearModel', 'FitRecorder']","['__future__', 'argparse', 'csv', 'hashlib', 'json', 'platform', 'subprocess', 'dataclasses', 'datetime', 'pathlib', 'typing', 'matplotlib', 'matplotlib.pyplot', 'numpy', 'pandas']"
experiments/lab_001_xy_connection_20260626/scripts/TOUR_C001_T3F_E1_control_tower_finalize.py,5a44309c428f05c4ba1e8e50305d4c54a6f7329bf1455f711c38a28702d4a891,research_factory_or_qa_script,226,pass,"['sha256', 'read_csv', 'write_csv', 'main']",[],"['__future__', 'csv', 'hashlib', 'json', 'sys', 'datetime', 'pathlib', 'PIL']"
experiments/lab_001_xy_connection_20260626/scripts/TOUR_C001_T3F_E1_independent_QA.py,5e43c4da41141929d34ca92b068365b0c7dd6e6d5b7e58fd9eb3a4f15a6817df,research_factory_or_qa_script,200,pass,"['sha256', 'read_csv', 'write_csv', 'metric', 'main']",[],"['__future__', 'csv', 'hashlib', 'json', 'sys', 'pathlib', 'numpy', 'pandas', 'PIL']"
experiments/lab_001_xy_connection_20260626/scripts/TOUR_C001_T3F_E1_visual_QA_render.py,f61584fe597ca42546ec8715a523d4ec27387b73fae3bc43cc6fa891b4810180,research_factory_or_qa_script,144,pass,"['project_root', 'render']",[],"['__future__', 'pathlib', 'matplotlib', 'matplotlib.pyplot', 'pandas']"
experiments/lab_001_xy_connection_20260626/scripts/TOUR_C001_T3F_family_domain_architecture_preregistration.py,1eaacf0670b2bb523128f6d7210146694c1989e32af79173034e44c1daaf24e6,research_factory_or_qa_script,741,pass,"['root_dir', 'sha256', 'read_csv', 'write_csv', 'rel', 'paths', 'verify_parent_inputs', 'exact_family_counts', 'domain_rows', 'lane_rows', 'backbone_rows', 'architecture_rows', 'success_rows', 'budget_rows', 'negative_rows', 'pending_rows', 'verify_protected', 'main']",[],"['__future__', 'csv', 'hashlib', 'json', 'subprocess', 'collections', 'datetime', 'pathlib']"
experiments/lab_001_xy_connection_20260626/scripts/TOUR_C001_T3F_independent_QA.py,34796186567f77a2c84c654b98dcef42a8e201c34909e8d7dbb0ac4f318d497a,research_factory_or_qa_script,135,pass,"['sha256', 'read_csv', 'write_csv', 'main']",[],"['__future__', 'csv', 'hashlib', 'json', 'sys', 'pathlib']"
experiments/lab_001_xy_connection_20260626/scripts/TOUR_C001_T3G_control_tower_finalize.py,21db02d24282172359900ac4a61771c1d3c2f1cd696dcc2b7d7e116f4b7df324,research_factory_or_qa_script,310,pass,"['sha256', 'read_csv', 'write_csv', 'main']",[],"['__future__', 'csv', 'hashlib', 'json', 'subprocess', 'sys', 'datetime', 'pathlib', 'PIL']"
experiments/lab_001_xy_connection_20260626/scripts/TOUR_C001_T3G_independent_QA.py,81fbeba7c1874cc5499f819f24f8528a49c49f00b46a85919eb01c210acdac47,research_factory_or_qa_script,165,pass,"['root_dir', 'sha256', 'read_csv', 'write_csv', 'main']",[],"['__future__', 'csv', 'hashlib', 'json', 'platform', 'pathlib', 'PIL']"
experiments/lab_001_xy_connection_20260626/scripts/TOUR_C001_T3G_representation_vs_target_failure_decision.py,a25e892601e6ce829da73311133b833602b75a7306fc1afb01d17ac0a26a2d51,research_factory_or_qa_script,408,pass,"['root_dir', 'sha256', 'read_csv', 'write_csv', 'asset', 'paths', 'main']",[],"['__future__', 'csv', 'hashlib', 'json', 'platform', 'subprocess', 'datetime', 'pathlib', 'matplotlib', 'matplotlib.pyplot']"
experiments/lab_001_xy_connection_20260626/scripts/TOUR_C001_T3H_GX_bounded_execution.py,ee0e84ca7d58a9e454708a6a5fdea9840c276012ae6305804d0b33cb642a2de9,research_factory_or_qa_script,614,pass,"['root_dir', 'now', 'sha256', 'stable_hash', 'read_csv', 'write_csv', 'rel', 'asset', 'paths', 'verify_prereg_manifest', 'verify_contract_inputs', 'verify_protected', 'read_gx_values', 'gaussian_solve', 'metric_values', 'execute_lane_g', 'execute_lane_k', 'compute_metrics', 'lookup', 'summaries', 'make_figures', 'main']","['DeterministicLinearModel', 'FitRecorder']","['__future__', 'csv', 'hashlib', 'json', 'math', 'platform', 'subprocess', 'dataclasses', 'datetime', 'pathlib', 'typing', 'matplotlib', 'matplotlib.pyplot', 'numpy', 'pandas', 'openpyxl']"
experiments/lab_001_xy_connection_20260626/scripts/TOUR_C001_T3H_GX_control_tower_finalize.py,219568d4eecaf0641c9eabac451de5007284f0f1cda750a4c194db2c349a76de,research_factory_or_qa_script,229,pass,"['root_dir', 'sha256', 'read_csv', 'write_csv', 'asset', 'main']",[],"['__future__', 'csv', 'hashlib', 'json', 'platform', 'datetime', 'pathlib', 'pandas', 'PIL']"
experiments/lab_001_xy_connection_20260626/scripts/TOUR_C001_T3H_GX_independent_QA.py,453b08c115bd787ec9b2f87907b3d7c130928aa4230731e473f81d5427b647bf,research_factory_or_qa_script,222,pass,"['root_dir', 'sha256', 'read_csv', 'write_csv', 'paths', 'vector_refit', 'metrics', 'main']",[],"['__future__', 'csv', 'hashlib', 'json', 'math', 'platform', 'pathlib', 'numpy', 'pandas']"
experiments/lab_001_xy_connection_20260626/scripts/TOUR_C001_T3H_GX_target_transfer_preregistration.py,5b2839099f356c8591a6432723a7485b35e477a91aabb4d39f4ad4cf9d41f050,research_factory_or_qa_script,645,pass,"['root_dir', 'sha256', 'read_csv', 'write_csv', 'asset', 'paths', 'source_presence_rows', 'main']",[],"['__future__', 'csv', 'hashlib', 'json', 'math', 'platform', 'subprocess', 'collections', 'datetime', 'pathlib', 'matplotlib', 'matplotlib.pyplot', 'openpyxl']"
experiments/lab_001_xy_connection_20260626/scripts/TOUR_C001_T3I_control_finalize.py,229af64733a37eae3c51558069e7222f96ae53649ec4580a7177e0e8816a50de,research_factory_or_qa_script,141,pass,"['rel', 'sha256_file', 'verify_manifest', 'main']",[],"['__future__', 'hashlib', 'json', 'datetime', 'pathlib', 'pandas']"
experiments/lab_001_xy_connection_20260626/scripts/TOUR_C001_T3I_independent_QA.py,b809e1f00cd9ce3f1b350db6d5c51793ca6583e2784c45efb8f18bf0caa085aa,research_factory_or_qa_script,228,pass,"['now_kst', 'rel', 'sha256_file', 'write_csv', 'verify_manifest', 'robust_space', 'distance_and_rank', 'direct_recompute', 'main']",[],"['__future__', 'hashlib', 'json', 'math', 'platform', 'sys', 'datetime', 'pathlib', 'typing', 'numpy', 'pandas', 'PIL']"
experiments/lab_001_xy_connection_20260626/scripts/TOUR_C001_T3I_representation_source_preregistration.py,97eb7de9f50fe55137fa3e06fad5ad09873e2110a27a70f23ea92f98335d0ef0,research_factory_or_qa_script,1030,pass,"['now_kst', 'rel', 'sha256_file', 'write_csv', 'write_json', 'read_csv', 'read_json', 'require_kmk312', 'model_ids', 'verify_manifest', 'verify_parent_gates', 'candidate_schema', 'input_files', 'freeze_contract', 'validate_contract', 'epsilon', 'safe_ratio', 'autocorrelation', 'spectral_metrics', 'gini', 'state_metrics', 'profile_metrics', 'model_values', 'tolerant_unique', 'safe_corr', 'pair_metrics', 'within_redundancy', 'against_t3b_redundancy', 'coverage', 'source_association', 'classify', 'robust_matrix', 'collision_audit', 'protected_verification', 'make_figures', 'execute', 'self_test', 'main']","['Candidate', 'UnionFind']","['__future__', 'argparse', 'hashlib', 'json', 'math', 'platform', 'subprocess', 'sys', 'dataclasses', 'datetime', 'pathlib', 'typing', 'matplotlib', 'matplotlib.pyplot', 'numpy', 'pandas']"
experiments/lab_001_xy_connection_20260626/scripts/TOUR_C001_T3J_control_finalize.py,8b71fb1782d18bb9502142935da3bc4e98750fa27dc7a7a34e7d38274e4c89c3,research_factory_or_qa_script,189,pass,"['require_runtime', 'sha256_file', 'rel', 'manifest_ok', 'truth_count', 'main']",[],"['__future__', 'hashlib', 'json', 'platform', 'sys', 'datetime', 'pathlib', 'pandas']"
experiments/lab_001_xy_connection_20260626/scripts/TOUR_C001_T3J_grouped_gm_representation_preregistration.py,142e004426d6df467a91e4e5d7bd9d3b84a206bd41304f1b53b1f8622efef5f0,research_factory_or_qa_script,730,pass,"['now_kst', 'rel', 'sha256_file', 'write_csv', 'write_json', 'read_csv', 'read_json', 'require_kmk312', 'verify_manifest', 'parent_gate', 'protected_verification', 'safe_corr', 'train_technical_status', 'fold_preflight', 'input_files', 'execute', 'self_test', 'main']",[],"['__future__', 'argparse', 'hashlib', 'json', 'math', 'platform', 'subprocess', 'sys', 'datetime', 'pathlib', 'typing', 'matplotlib', 'matplotlib.pyplot', 'numpy', 'pandas']"
experiments/lab_001_xy_connection_20260626/scripts/TOUR_C001_T3J_grouped_gm_representation_replay.py,8995ca83b225239b6429f2f001888777c66e193ddee19a20f2d342e68197371c,research_factory_or_qa_script,888,pass,"['now_kst', 'rel', 'sha256_file', 'asset', 'write_csv', 'write_json', 'require_runtime', 'manifest_check', 'protected_check', 'live_verification', 'input_assets', 'freeze', 'verify_contract', 'technical', 'fold_filter', 'branch_id', 'fit_branch', 'fit_f001', 'model_view', 'split_checks', 'execute', 'make_figures', 'render_report', 'self_test', 'main']",['UnionFind'],"['__future__', 'argparse', 'hashlib', 'json', 'math', 'platform', 'subprocess', 'sys', 'collections', 'datetime', 'pathlib', 'typing', 'matplotlib', 'matplotlib.pyplot', 'numpy', 'pandas', 'TOUR_C001_T3D_GM_bounded_nested_replay']"
experiments/lab_001_xy_connection_20260626/scripts/TOUR_C001_T3J_independent_QA.py,33acf8787dea5efb392eab15d30729718fed02e1d4f187239db91714e315c268,research_factory_or_qa_script,282,pass,"['require_runtime', 'sha256_file', 'rel', 'add', 'verify_manifest', 'corr', 'technical', 'independent_partition_counts', 'main']",[],"['__future__', 'hashlib', 'json', 'math', 'platform', 'sys', 'datetime', 'pathlib', 'numpy', 'pandas', 'PIL']"
experiments/lab_001_xy_connection_20260626/scripts/TOUR_C001_T3JX_control_finalize.py,1629222936dffd8abdcd1bf71688a07ac418eff4df6b22b7f625322200545bbf,research_factory_or_qa_script,197,pass,"['require_runtime', 'sha256_file', 'rel', 'verify_manifest', 'fresh_protected', 'truth_count', 'main']",[],"['__future__', 'hashlib', 'json', 'platform', 'subprocess', 'sys', 'datetime', 'pathlib', 'pandas']"
experiments/lab_001_xy_connection_20260626/scripts/TOUR_C001_T3JX_independent_numerical_QA.py,62a61cb5433f9a52335f9deff27d68c8e82c490dfebd6ff8865d0bd43691b5bd,research_factory_or_qa_script,391,pass,"['require_runtime', 'sha256_file', 'rel', 'verify_manifest', 'ranks', 'corr', 'metrics', 'independent_fit', 'ids', 'close', 'main']",[],"['__future__', 'hashlib', 'json', 'math', 'platform', 'sys', 'pathlib', 'typing', 'numpy', 'pandas']"
experiments/lab_001_xy_connection_20260626/scripts/TOUR_C001_T3K_control_finalize.py,7721b6484ea5133693a177fbbcba587baf80c767c385897c82d4f80b776e4576,research_factory_or_qa_script,192,pass,"['rel', 'sha256_file', 'asset', 'write_csv', 'check_manifest', 'main']",[],"['__future__', 'hashlib', 'json', 'platform', 'sys', 'pathlib', 'pandas', 'PIL']"
experiments/lab_001_xy_connection_20260626/scripts/TOUR_C001_T3K_independent_QA.py,3b1c1a051e305eee7ba58df1651ec2bbc426ab622f6218221ccb8ef7ca04f635,research_factory_or_qa_script,237,pass,"['rel', 'sha256_file', 'asset', 'write_csv', 'write_json', 'close', 'spearman', 'metric', 'add_check', 'verify_execution_manifest', 'main']",[],"['__future__', 'hashlib', 'json', 'math', 'platform', 'sys', 'pathlib', 'numpy', 'pandas', 'PIL']"
experiments/lab_001_xy_connection_20260626/scripts/TOUR_C001_T3K_ordering_generalization_anatomy.py,96fba9ebda60605cbeea9461c4a75c8d45e2da862e622570b90b5450d534356f,research_factory_or_qa_script,563,pass,"['now_kst', 'rel', 'sha256_file', 'asset', 'write_csv', 'write_json', 'require_runtime', 'verify_manifest', 'protected_rows', 'live_verification', 'freeze', 'verify_contract', 'rank', 'corr', 'metric', 'execute', 'make_figures', 'render_report', 'self_test', 'main']",[],"['__future__', 'argparse', 'hashlib', 'json', 'math', 'platform', 'subprocess', 'sys', 'datetime', 'pathlib', 'typing', 'matplotlib', 'matplotlib.pyplot', 'numpy', 'pandas']"
experiments/lab_001_xy_connection_20260626/scripts/TOUR_C001_T3L_control_finalize.py,8f7d1ed7e2673c8312aa7991baba06d8c28b0a1da62eba159e8227278d4c8456,research_factory_or_qa_script,201,pass,"['rel', 'sha256_file', 'asset', 'write_csv', 'check_manifest', 'main']",[],"['__future__', 'hashlib', 'json', 'platform', 'sys', 'pathlib', 'pandas', 'PIL']"
experiments/lab_001_xy_connection_20260626/scripts/TOUR_C001_T3L_independent_QA.py,001c76ad4b7665409fff5db42e6c2559083be370e7584c6488d19b140a5828b0,research_factory_or_qa_script,297,pass,"['rel', 'sha256_file', 'asset', 'write_csv', 'close', 'rho', 'robust_scale', 'add', 'main']",[],"['__future__', 'hashlib', 'json', 'math', 'platform', 'sys', 'pathlib', 'numpy', 'pandas', 'openpyxl', 'PIL']"
experiments/lab_001_xy_connection_20260626/scripts/TOUR_C001_T3L_L_sign_source_forensic.py,18d0b69aaba2199d4bb30fa77afa96963244453e3958c471c81aef592f83b3d6,research_factory_or_qa_script,672,pass,"['now_kst', 'rel', 'sha256_file', 'asset', 'resolve_asset', 'write_csv', 'write_json', 'require_runtime', 'verify_manifest', 'protected_rows', 'live_verification', 'freeze', 'verify_contract', 'rho', 'sign_of', 'robust_scale', 'execute', 'make_figures', 'render_report', 'self_test', 'main']",[],"['__future__', 'argparse', 'hashlib', 'json', 'math', 'platform', 'subprocess', 'sys', 'datetime', 'pathlib', 'typing', 'matplotlib', 'matplotlib.pyplot', 'numpy', 'pandas', 'openpyxl']"
experiments/lab_001_xy_connection_20260626/scripts/TOUR_C001_T3M_control_finalize.py,a628274d2555c5c716ee4a33c7a3b65d48dafd71f32e69351309cf30e28793fe,research_factory_or_qa_script,229,pass,"['rel', 'sha256', 'record', 'verify_manifest', 'main']",[],"['__future__', 'argparse', 'hashlib', 'json', 'platform', 'sys', 'pathlib', 'typing', 'matplotlib.image', 'pandas']"
experiments/lab_001_xy_connection_20260626/scripts/TOUR_C001_T3M_domain_conditional_replay_preregistration.py,3fe3ee463eb1f79ef8c1072f87c63ed37ae08d55e1e70d12087de9a8818fd0d6,research_factory_or_qa_script,782,pass,"['now_kst', 'rel', 'sha256', 'record', 'verify_manifest', 'safe_corr', 'technical', 'make_outer_registry', 'stable_group_assignment', 'make_inner_registry', 'fold_preflight', 'verify_protected', 'main']",[],"['__future__', 'argparse', 'hashlib', 'json', 'math', 'platform', 'subprocess', 'sys', 'datetime', 'pathlib', 'typing', 'matplotlib', 'matplotlib.pyplot', 'numpy', 'pandas']"
experiments/lab_001_xy_connection_20260626/scripts/TOUR_C001_T3M_independent_QA.py,ac504fa12f3f7309c888042a76bfc5e1af2702948220231e7a50398f5563273c,research_factory_or_qa_script,316,pass,"['rel', 'sha256', 'record', 'verify_manifest', 'stable_assignment', 'reconstruct_outer', 'reconstruct_inner', 'corr', 'retained_count', 'main']",[],"['__future__', 'argparse', 'hashlib', 'json', 'math', 'platform', 'sys', 'pathlib', 'typing', 'numpy', 'pandas']"
experiments/lab_001_xy_connection_20260626/scripts/TOUR_C001_T3M_lane_K_bounded_execution.py,12cf85f41db0ab8d5f0198ef5b5e4413e259a2d7844d317a6ae2dc0d7e9b1b30,research_factory_or_qa_script,788,pass,"['now_kst', 'rel', 'sha256_file', 'asset', 'write_csv', 'write_json', 'require_runtime', 'verify_manifest', 'verify_protected', 'parent_verification', 'input_assets', 'freeze', 'verify_addendum', 'branch_id', 'fit_branch', 'fit_f001', 'metric_row', 'truth', 'preflight_representatives', 'build_view_after_verification', 'evaluate_gate', 'execute', 'main']",[],"['__future__', 'argparse', 'hashlib', 'json', 'math', 'platform', 'subprocess', 'sys', 'collections', 'datetime', 'pathlib', 'typing', 'matplotlib', 'matplotlib.pyplot', 'numpy', 'pandas', 'TOUR_C001_T3D_GM_bounded_nested_replay']"
experiments/lab_001_xy_connection_20260626/scripts/TOUR_C001_T3M_lane_K_control_finalize.py,08de41e1faef2c0ea3c13d49a71492bcad7f347c4c0f5472e003c4583102beea,research_factory_or_qa_script,190,pass,"['rel', 'sha', 'asset', 'truth', 'verify_manifest', 'verify_protected', 'main']",[],"['__future__', 'hashlib', 'json', 'platform', 'subprocess', 'sys', 'pathlib', 'typing', 'numpy', 'pandas']"
experiments/lab_001_xy_connection_20260626/scripts/TOUR_C001_T3M_lane_K_independent_QA.py,11b39c68492bdd800f19e21f9e605046616aa7564d70cecd29aa67039e1ba8aa,research_factory_or_qa_script,296,pass,"['rel', 'sha', 'asset', 'write_csv', 'ranks', 'corr', 'metrics', 'ols', 'ridge', 'fit', 'is_true', 'reps', 'verify_manifest', 'main']",[],"['__future__', 'hashlib', 'json', 'math', 'platform', 'sys', 'pathlib', 'typing', 'numpy', 'pandas']"
experiments/lab_001_xy_connection_20260626/scripts/TOUR_C001_T3N_candidate_census_schema_correction.py,95b2ecb582483e95580dae6ede758b2fd7b7a5895a4e2ed10dc89a60a07b21ad,research_factory_or_qa_script,137,pass,"['rel', 'sha', 'asset', 'truth', 'verify_manifest', 'freeze', 'execute']",[],"['__future__', 'argparse', 'hashlib', 'json', 'platform', 'sys', 'pathlib', 'typing', 'pandas']"
experiments/lab_001_xy_connection_20260626/scripts/TOUR_C001_T3N_control_finalize.py,7d55238e28fca675e50bddd4a49254e806c530f12b7ff5261aac74f6b526ecc4,research_factory_or_qa_script,192,pass,"['rel', 'sha', 'asset', 'truth', 'verify_manifest', 'verify_protected', 'main']",[],"['__future__', 'hashlib', 'json', 'platform', 'subprocess', 'sys', 'pathlib', 'typing', 'pandas']"
experiments/lab_001_xy_connection_20260626/scripts/TOUR_C001_T3N_independent_QA.py,45f7f744d7e296a2add3bf9d83bc80bad058c8dfa104a65a6682f8fe102bf0da,research_factory_or_qa_script,192,pass,"['rel', 'sha', 'asset', 'truth', 'verify_manifest', 'ranks', 'spearman', 'main']",[],"['__future__', 'hashlib', 'json', 'math', 'platform', 'sys', 'pathlib', 'typing', 'numpy', 'pandas']"
experiments/lab_001_xy_connection_20260626/scripts/TOUR_C001_T3N_lane_K_selection_instability_anatomy.py,9dc48359201a26d8e0d3a49bf42dd8e782d4d48c4869c07fca4b643c8abdc322,research_factory_or_qa_script,491,pass,"['now_kst', 'rel', 'sha', 'asset', 'write_csv', 'write_json', 'truth', 'require_runtime', 'verify_manifest', 'verify_protected', 'live_verification', 'frozen_inputs', 'freeze', 'verify_contract', 'rmse', 'average_ranks', 'spearman', 'evaluate', 'execute', 'main']",[],"['__future__', 'argparse', 'hashlib', 'json', 'math', 'platform', 'subprocess', 'sys', 'datetime', 'itertools', 'pathlib', 'typing', 'matplotlib', 'matplotlib.pyplot', 'numpy', 'pandas']"
experiments/lab_001_xy_connection_20260626/scripts/TOUR_C001_T3N_visual_presentation_repair.py,d98fb934ce020073328a3fec95e8967e1c4826cf6d2b1e66e3667ed5f1696ac5,research_factory_or_qa_script,60,pass,"['short', 'main']",[],"['pathlib', 'matplotlib', 'matplotlib.pyplot', 'pandas']"
experiments/lab_001_xy_connection_20260626/scripts/TOUR_C001_T4_GM_BOUNDED_REPLAY.py,443d276c43b9a857643f750fd83a6b798c72d5c57536753d2a587ff05efd0362,research_factory_or_qa_script,871,pass,"['sha256', 'write_csv', 'write_json', 'stable_float', 'average_ranks', 'corr', 'regression_metrics', 'fit_univariate', 'verify_contract_assets', 'make_plots', 'main']",[],"['__future__', 'hashlib', 'json', 'math', 'platform', 'subprocess', 'sys', 'collections', 'datetime', 'pathlib', 'typing', 'matplotlib', 'matplotlib.pyplot', 'numpy', 'pandas']"
experiments/lab_001_xy_connection_20260626/scripts/TOUR_C001_T4_GM_FAILURE_ANATOMY.py,5aafa5dc95891449fbb2e5b45b85755a7fbf88b13805a3b65e6c217f18852131,research_factory_or_qa_script,937,pass,"['sha256', 'write_csv', 'write_json', 'average_ranks', 'corr', 'raw_slope', 'variance_decomposition', 'center_within', 'z_within', 'loo_sign_stability', 'verify_parent_assets', 'make_figures', 'main']",[],"['__future__', 'csv', 'hashlib', 'json', 'math', 'platform', 'sys', 'datetime', 'itertools', 'pathlib', 'typing', 'matplotlib', 'matplotlib.pyplot', 'numpy', 'pandas']"
experiments/lab_001_xy_connection_20260626/scripts/TOUR_C001_T4_GM_PREREG_NO_FIT.py,cdd4af782d3981c17d3a5418d3abe7a702661232f9cac893868c6a6589ebbe8e,research_factory_or_qa_script,697,pass,"['sha256', 'json_hash', 'write_csv', 'write_json', 'model_sort_key', 'qa_row', 'main']",[],"['__future__', 'csv', 'hashlib', 'json', 'platform', 'subprocess', 'sys', 'datetime', 'pathlib', 'numpy', 'openpyxl', 'pandas', 'urp4.training.v0_1.policy']"
experiments/lab_001_xy_connection_20260626/scripts/TOUR_C001_T4R_001_nofit_rescue_audit.py,c103dc89e01b5f3400ddf4b3fc57ff5e21518d14194bfa539e5299a43c0ba71f,research_factory_or_qa_script,661,pass,"['sha256_file', 'rel', 'write_csv', 'write_json', 'spearman', 'scale_vector', 'append_attempt', 'main', 'entrypoint']",[],"['__future__', 'argparse', 'csv', 'hashlib', 'json', 'math', 'os', 'shutil', 'sys', 'tempfile', 'traceback', 'datetime', 'itertools', 'pathlib', 'matplotlib', 'matplotlib.pyplot', 'numpy', 'pandas']"
experiments/lab_001_xy_connection_20260626/scripts/TOUR_C001_T4R_SLICE_001_t8_t9_legacy_detail_convergence.py,51fad660f74ada2113d2eb9ca5a72d818718a82a238c802ab6d564f639cec203,research_factory_or_qa_script,781,pass,"['now_kst', 'rel', 'hash_json', 'write_json', 'write_csv', 'load_module', 'validate_environment_and_contract', 'config_hash', 'exact_combine', 'descriptor_rows', 'prepare_baseline', 'run_one', 'symmetric_relative_difference', 'contact_sheet', 'aggregate', 'verify_protected_against_immediate_prior', 'parse_args', 'main']",[],"['__future__', 'argparse', 'csv', 'hashlib', 'importlib.util', 'json', 'math', 'os', 'platform', 'shutil', 'sys', 'time', 'datetime', 'pathlib', 'typing', 'cv2', 'matplotlib', 'matplotlib.pyplot', 'numpy', 'pandas', 'PIL', 'urp4.legacy_reference.v0_1.adapters', 'urp4.legacy_reference.v0_1.loader']"
experiments/lab_001_xy_connection_20260626/scripts/TOUR_C001_T4R_SLICE_002_seven_model_noy_panel_audit.py,3acb34016809984533f33de1623c02d66f536e050c14b8b0655227ff30d1f195,research_factory_or_qa_script,571,pass,"['now_kst', 'rel', 'sha256_file', 'write_json', 'write_csv', 'validate_contract', 'value_from_payload', 'symmetric_relative_difference', 'ranks', 'correlation', 'robust_z', 'protected_verification', 'main']",['UnionFind'],"['__future__', 'csv', 'hashlib', 'json', 'math', 'subprocess', 'sys', 'datetime', 'itertools', 'pathlib', 'typing', 'matplotlib', 'matplotlib.pyplot', 'numpy', 'pandas']"
experiments/lab_001_xy_connection_20260626/scripts/TOUR_C001_T4R_SLICE_003A_matched_source_five_model_audit.py,8fbb3a879cf5b97b17d5e5e43df99e5925ed733b914d761af11468f90c2ba67b,research_factory_or_qa_script,694,pass,"['now_kst', 'rel', 'sha256_file', 'write_json', 'write_csv', 'load_module', 'configure_exact_pipeline', 'validate_contract', 'run_one', 'symmetric_relative_difference', 'weighted_std', 'extract_selected', 'old_cached_full_values', 'reslice_proxy_rows', 'signal_summary', 'redundancy', 'protected_verification', 'make_figures', 'aggregate', 'parse_args', 'main']",[],"['__future__', 'argparse', 'csv', 'hashlib', 'importlib.util', 'json', 'math', 'platform', 'subprocess', 'sys', 'datetime', 'pathlib', 'typing', 'matplotlib', 'matplotlib.pyplot', 'numpy', 'pandas', 'PIL']"
experiments/lab_001_xy_connection_20260626/scripts/TOUR_C001_T4R_SLICE_004_all58_source_matched_exact_extraction.py,f2a6e8ab6d6ecd499fa1a470328154c95ee098d6664de6309fc9278c3a9966cc,research_factory_or_qa_script,834,pass,"['now_kst', 'rel', 'sha256_file', 'hash_json', 'write_json', 'write_csv', 'load_module', 'require_kmk312', 'registry_frame', 'model_maps', 'configure_base', 'aggregate_directory_hash', 'parent_evidence', 'freeze_contract', 'validate_contract', 'valid_complete', 'copy_slice003a_reuse', 'process_mask', 'prepare_cint02_reuse', 'model_to_shard', 'prepare', 'claim', 'worker', 'status', 'reset_failed', 'launch_workers', 'aggregate', 'parse_args', 'main']",[],"['__future__', 'argparse', 'csv', 'hashlib', 'importlib.util', 'json', 'math', 'os', 'platform', 'shutil', 'subprocess', 'sys', 'time', 'traceback', 'datetime', 'pathlib', 'typing', 'cv2', 'numpy', 'pandas']"
experiments/lab_001_xy_connection_20260626/scripts/TOUR_C001_T4R_SLICE_004_independent_QA_and_manifest.py,0e70b6a78cb0d20822186d5c548e4de26187053f37ff3c784111460e80ae5556,research_factory_or_qa_script,184,pass,"['sha256', 'rel', 'write_csv', 'protected_verification', 'main']",[],"['__future__', 'hashlib', 'json', 'os', 'platform', 'subprocess', 'sys', 'pathlib', 'numpy', 'pandas']"
experiments/lab_001_xy_connection_20260626/source/URP4-1/1._parameter_rawdata_0726.py,1e52abc000cda8faaf3edbcc834278d4d7669e825683098376dd87e44a88a536,support_or_unclassified,433,pass,"['get_slice_list', 'append_area_list', 'area_per_pixel_direction', 'extract_numbers', 'process_images', 'process_wb_image', 'colorcombine', 'isolated_color_result', 'WBisolated_color_result', 'save_to_excel']",[],"['os', 're', 'cv2', 'numpy', 'pandas', 'concurrent.futures', 'collections', 'multiprocessing', 'operator']"
experiments/lab_001_xy_connection_20260626/source/URP4-1/2._Parameter_result_0727.py,cdaea5ef1262ca0ea79a7b8ce16a15f435037e779e2688bdecbe80400b3d5c47,support_or_unclassified,247,pass,"['color_divide', 'labeling', 'sum_array', 'sum_array_edge', 'labeling_perimeter_area', 'get_contact_edge_length', 'massorientation_curvature', 'thickness', 'user_input', 'process_one_path', 'main']",[],"['cv2', 'numpy', 'cupy', 'os', 'pandas', 'time', 'math', 'collections']"
experiments/lab_001_xy_connection_20260626/source/URP4-1/3._parameter_angle_all_0727.py,8a64d05839a606df15055d7c9d84565aa889b5e0c63b57b7f27e19ad76f92ceb,support_or_unclassified,247,pass,"['wait_until_memory_is_free', 'sum_array', 'sum_array_edge', 'labeling', 'find_nonzero_safe', 'calc_perimeter_to_area', 'get_contact_edge_length', 'process_file', 'weighted_avg_std', 'process_all', 'save_results']",[],"['os', 'cv2', 'numpy', 'pandas', 'time', 'cupy', 'threading']"
experiments/lab_001_xy_connection_20260626/source/URP4-1/Curvature_Extraction_New.py,373e3763c735e775565ef2d2da4b90f866ff5cfff3c85b5d0150b0b17a90f42a,support_or_unclassified,475,pass,"['convert_o3d_to_pyvista', 'visualize_and_save', 'area_weighted_stats', 'area_weighted_hist', '_face_areas_and_normals', '_angles_of_tri', 'compute_mixed_voronoi_areas', '_cot_angle', '_vertex_angles_sum', '_is_boundary_vertices', 'discrete_curvatures_ddg', '_build_adjacency', 'estimate_principal_curvatures_area_weighted', 'estimate_principal_curvatures_knn']",[],"['numpy', 'pandas', 'open3d', 'pyvista', 'os', 'glob']"
experiments/lab_001_xy_connection_20260626/source/URP4-1/Extract_structure_variable.py,81b2c8ab202b6a4e539a2d630363027b9d146379cbe687945277e0053d2e8b10,support_or_unclassified,1210,pass,"['to_float', 'split_excel_args', 'strip_outer_parentheses', 'get_numeric_cell', 'evaluate_excel_expr', 'evaluate_excel_condition', 'key3', 'canonical_strut_key', 'round_or_none', 'mean_or_none', 'stdev_or_none', 'weighted_mean_or_none', 'weighted_stdev_or_none', 'count_triplet_rows', 'compute_strut_length_and_angles', 'set_basic_style', 'set_summary_style', 'read_nodes_from_sheet', 'read_struts_from_sheet', 'get_unique_struts', 'compute_weighted_global_angle_stats', 'compute_node_weighted_angle_stats', 'read_global_l_over_d_values_from_sheet', 'compute_node_l_over_d_stats', 'compute_summary_metrics', 'main']",[],"['math', 're', 'statistics', 'pathlib', 'collections', 'datetime', 'openpyxl', 'openpyxl.styles', 'openpyxl.utils', 'openpyxl.utils.cell']"
experiments/lab_001_xy_connection_20260626/source/URP4-1/Parameter_distribution_New.py,2dfec52592e0195482fc99613a63a3a021b7a427a078efdb79dc836f9296a453,support_or_unclassified,123,pass,[],[],"['pandas', 'numpy', 'os']"
experiments/parallel_forks/20260708_parallel_harness/FORK_C_stl_stp_batch_preparation/artifacts/FORK_C_generate_batch_prep.py,36c87a9878000f661176e6ab6c8cc0743d7bcc0d2ddb5f28f33eaf8ce9beb61e,support_or_unclassified,649,pass,"['split_entries', 'rel', 'local_files', 'find_candidates', 'row_lookup', 'classify', 'planned_operation', 'risk_for', 'main']",[],"['__future__', 'csv', 'datetime', 'pathlib', 'typing', 'pandas']"
experiments/parallel_forks/20260708_training_deep_intake/FORK_A_workbook_crosswalk/build_workbook_crosswalk.py,9e31e5c750149b86b6384b89c1816c8a75cc95a8fa5e5163051a4c2be2ed77e3,support_or_unclassified,1319,pass,"['q', 'col_to_idx', 'idx_to_col', 'split_cell_ref', 'parse_range_ref', 'value_to_str', 'clean_ws', 'norm_text', 'is_numeric_like', 'coerce_cell_value', 'concat_text_nodes', 'parse_xlsx', 'read_csv_dicts', 'build_dataset_dict_col_map', 'build_feature_policy_col_map', 'write_csv', 'is_row1_index_or_scale_marker', 'header_levels_for', 'semantic_parts_from_levels', 'infer_domain', 'infer_objective', 'infer_direction', 'normalize_group', 'range_zone', 'sample_values', 'family_group_from_id', 'infer_row_identity', 'semicolon_join', 'unique_join', 'build_column_registry', 'build_output_crosswalk', 'build_row_family_summary', 'build_risk_findings', 'make_merge_packet', 'main']",['Sheet'],"['__future__', 'csv', 'math', 're', 'statistics', 'sys', 'zipfile', 'xml.etree.ElementTree', 'collections', 'datetime', 'pathlib', 'typing']"
experiments/parallel_forks/20260708_training_deep_intake/FORK_B_notebook_lineage/analyze_training_notebooks.py,98d82ae0c88985cebbaffd65ce2c1a7980f15e27c4eeb586192c49a927bffb82,support_or_unclassified,1059,pass,"['infer_meta', 'parse_html_table', 'get_source', 'sha1', 'trunc', 'first_nonempty', 'parse_tree', 'unparse', 'node_source', 'cell_role', 'assignment_targets', 'summarize_value', 'constant_category', 'import_category', 'family_tag', 'load_notebooks', 'extract_output_mapping', 'extract_selected_combos', 'extract_stages_from_fixed', 'excel_col_to_num', 'num_to_excel_col', 'expand_excel_cols', 'extract_workbook_header_map', 'write_csv', 'main']","['SimpleHTMLTableParser', 'ImportVisitor', 'FunctionVisitor']","['ast', 'csv', 'hashlib', 'html', 'json', 're', 'zipfile', 'collections', 'html.parser', 'pathlib', 'xml.etree.ElementTree']"
experiments/parallel_forks/20260713_fast_pilot_valid_theta_harness/FORK_THETA_active_parameter_long_crosswalk/artifacts/R09_THETA_001_build_fork_artifacts.py,d25614000aa310e4ee0a9d364633809329f19a3f1ee5014f9dc8bca3355030cf,support_or_unclassified,524,pass,"['is_missing', 'scalar_string', 'value_type', 'flatten', 'raw_parameter_name', 'parameter_decision', 'build_long', 'registry_status', 'build_legacy_crosswalk', 'leakage_audit', 'abc_preregistration', 'main']",[],"['__future__', 'json', 'math', 'pathlib', 'typing', 'pandas']"
experiments/parallel_forks/20260714_prm027_three_day_sprint_harness/FORK_A_FAST/artifacts/R09_SPRINT_001A_W2_FAST_TOURNAMENT_executor_v3.py,251df7a9de9fc77395c301cc78e34dba49d3f4c526468824f361c86c15a5baba,support_or_unclassified,886,pass,"['find_root', 'sha256_file', 'sha256_json', 'stable_number', 'canonical_hashes', 'tolerance_groups', 'make_specs', 'build_model', 'rmse', 'safe_spearman', 'metric_row', 'evaluate_inner_candidate', 'choose_candidate', 'collision_audit', 'run_branch', 'make_figures', 'main']","['UnionFind', 'BaggedSubspaceRidge', 'CompleteCaseBlend', 'Spec']","['__future__', 'hashlib', 'json', 'math', 'platform', 'sys', 'time', 'warnings', 'dataclasses', 'pathlib', 'typing', 'matplotlib', 'matplotlib.pyplot', 'numpy', 'pandas', 'scipy.stats', 'sklearn.base', 'sklearn.decomposition', 'sklearn.ensemble', 'sklearn.linear_model', 'sklearn.metrics', 'sklearn.pipeline', 'sklearn.preprocessing', 'sklearn.svm']"
experiments/parallel_forks/20260714_prm027_three_day_sprint_harness/FORK_A_FAST/artifacts/R09_SPRINT_001A_W2_FAST_TOURNAMENT_executor_v4.py,41ca751272500ceb0e728ca280e388bd64ec7d8c591b0a17edd398007b278525,support_or_unclassified,886,pass,"['find_root', 'sha256_file', 'sha256_json', 'stable_number', 'canonical_hashes', 'tolerance_groups', 'make_specs', 'build_model', 'rmse', 'safe_spearman', 'metric_row', 'evaluate_inner_candidate', 'choose_candidate', 'collision_audit', 'run_branch', 'make_figures', 'main']","['UnionFind', 'BaggedSubspaceRidge', 'CompleteCaseBlend', 'Spec']","['__future__', 'hashlib', 'json', 'math', 'platform', 'sys', 'time', 'warnings', 'dataclasses', 'pathlib', 'typing', 'matplotlib', 'matplotlib.pyplot', 'numpy', 'pandas', 'scipy.stats', 'sklearn.base', 'sklearn.decomposition', 'sklearn.ensemble', 'sklearn.linear_model', 'sklearn.metrics', 'sklearn.pipeline', 'sklearn.preprocessing', 'sklearn.svm']"
experiments/parallel_forks/20260714_prm027_three_day_sprint_harness/FORK_A_FAST/artifacts/R09_SPRINT_001A_W2_v3_v4_invariance.py,a10fc52a2fa274a53fcf11917d45d1d5307b0613d569260a5daa93a017a5b6c6,support_or_unclassified,112,pass,"['sha256_file', 'compare_csv', 'main']",[],"['__future__', 'hashlib', 'json', 'pathlib', 'numpy', 'pandas']"
experiments/parallel_forks/20260714_prm027_three_day_sprint_harness/FORK_A_FAST/artifacts/R09_SPRINT_001A_wave1_preregister.py,aaf98264a7db23f666ac19b13c9ad88e4ff598eda46b909dc25773e084feb6a4,support_or_unclassified,732,pass,"['find_root', 'sha256_file', 'sha256_json', 'excel_range', 'stable_number', 'exact_keys', 'tolerance_keys', 'summarize_collision', 'main']","['UnionFind', 'Block']","['__future__', 'hashlib', 'json', 'math', 'platform', 'sys', 'dataclasses', 'pathlib', 'numpy', 'pandas', 'scipy.stats']"
experiments/parallel_forks/20260714_prm027_three_day_sprint_harness/FORK_A_FAST/artifacts/test_R09_SPRINT_001A_W2_frozen_outputs.py,882d70253e2edc2169e40b36019ae4d3c5d8d166e28d692362d65c50de85ff2f,support_or_unclassified,168,pass,"['sha256_file', 'close', 'main']",[],"['__future__', 'hashlib', 'json', 'pathlib', 'numpy', 'pandas', 'scipy.stats', 'sklearn.metrics']"
experiments/parallel_forks/20260714_prm027_three_day_sprint_harness/FORK_A_FAST/artifacts/test_R09_SPRINT_001A_wave1_preregister.py,3db02d5193f8511a053108f4ae68bd35ebe029b067605960185123c9084331ee,support_or_unclassified,69,pass,['main'],[],"['__future__', 'json', 'sys', 'pathlib', 'pandas']"
experiments/parallel_forks/20260714_prm027_three_day_sprint_harness/FORK_A_FAST/rescue/R09_RESLICE_001C_adapter_skeleton.py,0a5a130bba2b85d391709b0c2bd77e616d71bb8f517b6b215ee53197c4b9120e,support_or_unclassified,135,pass,"['load_config', 'validate_dry_run_config', 'dry_run_plan', 'execute', 'main']",[],"['__future__', 'argparse', 'json', 'pathlib', 'typing']"
experiments/parallel_forks/20260714_prm027_three_day_sprint_harness/FORK_A_FAST/rescue/test_R09_RESLICE_001C_static_contract.py,d7a6a6662665b23f5ec91cc755621ae90a8ef6b7b0b25e1355cc1921a27cba07,support_or_unclassified,49,pass,['main'],[],"['__future__', 'ast', 'json', 'subprocess', 'sys', 'pathlib']"
experiments/parallel_forks/20260714_prm027_three_day_sprint_harness/FORK_B_STRICT/artifacts/audit_rescue_source_identity.py,1d29a93a3f9c2a45525d934c715a749b403b535bf10041c397b4e05755de3283,support_or_unclassified,261,pass,"['sha256', 'truth', 'relpath', 'add', 'main']",[],"['__future__', 'hashlib', 'json', 'math', 'sys', 'pathlib', 'pandas']"
experiments/parallel_forks/20260714_prm027_three_day_sprint_harness/FORK_B_STRICT/artifacts/audit_wave2_fast_results.py,3e4be91ec6863a72d89e113be14b9777ecf2d68426d7df3f7a07677dd7f53b89,support_or_unclassified,254,pass,"['sha256_file', 'add', 'metric', 'close', 'main']",[],"['__future__', 'hashlib', 'json', 'math', 'sys', 'pathlib', 'numpy', 'pandas', 'scipy.stats']"
experiments/parallel_forks/20260714_prm027_three_day_sprint_harness/FORK_B_STRICT/artifacts/build_strict_registry.py,82f9ea3c45fdadaa12c858df3823cc7345a258a93a7d84b94f852d9143a7d2eb,support_or_unclassified,234,pass,"['source_formula', 'parity', 'advice', 'main']",[],"['pathlib', 'json', 'pandas']"
experiments/parallel_forks/20260714_prm027_three_day_sprint_harness/FORK_C_QA_RED_TEAM/artifacts/R09_QA_001_wave1_red_team_audit.py,c850bccd0cc3d38c566f8be7c4e69dd79977cecc4497656cf0381e4b20307c66,support_or_unclassified,283,pass,"['sha256', 'state', 'metric_row', 'main']",[],"['__future__', 'hashlib', 'json', 'math', 'pathlib', 'numpy', 'pandas']"
experiments/parallel_forks/20260714_prm027_three_day_sprint_harness/FORK_C_QA_RED_TEAM/artifacts/R09_QA_002_wave2_metric_recalculator.py,76b8ec7757be6adbb86718aa6d734d3d2818dbb06c805ac84094e81c60892713,support_or_unclassified,58,pass,"['sha256', 'metrics', 'main']",[],"['__future__', 'argparse', 'hashlib', 'json', 'pathlib', 'numpy', 'pandas']"
experiments/parallel_forks/20260714_prm027_three_day_sprint_harness/FORK_C_QA_RED_TEAM/artifacts/R09_QA_003_wave2_fast_oof_audit.py,b14b9dfd088c5ea2cb485377468ed227d71b5d915be9a4cde816cd5aff11eaa1,support_or_unclassified,319,pass,"['sha256', 'read_csv', 'metric', 'close', 'expected_choice', 'main']",[],"['__future__', 'hashlib', 'json', 'pathlib', 'numpy', 'pandas', 'scipy.stats', 'sklearn.metrics']"
experiments/parallel_forks/20260714_prm027_three_day_sprint_harness/FORK_C_QA_RED_TEAM/rescue/artifacts/R09_RESLICE_001A_freeze.py,ac8981f78f487077c16a3cf7d95253d3cbd9fb9323810798280f5d745ab1db62,support_or_unclassified,46,pass,['sha256'],[],"['__future__', 'hashlib', 'json', 'datetime', 'pathlib', 'zoneinfo']"
experiments/parallel_forks/20260714_prm027_three_day_sprint_harness/FORK_C_QA_RED_TEAM/rescue/artifacts/R09_RESLICE_001A_prepare.py,48148f25237039319d180f73f7037fa729ea119218270f816a5b9f20c9483d37,support_or_unclassified,275,pass,"['sha256', 'rel', 'row_numbers', 'main']",[],"['__future__', 'hashlib', 'json', 're', 'sys', 'pathlib', 'numpy', 'pandas']"
experiments/parallel_forks/20260714_prm027_three_day_sprint_harness/FORK_C_QA_RED_TEAM/rescue/artifacts/R09_RESLICE_001A_streaming_adapter.py,9551c47f578998e7b4f54ca77e3349e0fb7548675888dfd8d8d705f4be963497,support_or_unclassified,19,pass,['main'],[],['__future__']
experiments/parallel_forks/20260714_theta002_valid008_harness/FORK_A_workspace_provenance_search/artifacts/run_workspace_provenance_search.py,f35aafd87cca3ff0f9bde5393f8486a78fc0c3efe3791df98c41f8bc7df62e25,support_or_unclassified,601,pass,"['sha256', 'iso_mtime', 'write_csv', 'classify', 'excluded_workspace', 'relevant_download_top_level', 'iter_search_files', 'decode_text', 'xlsx_rows', 'json_record_pairs', 'scan_file', 'stl_metadata', 'main']",[],"['__future__', 'csv', 'hashlib', 'json', 'os', 're', 'struct', 'sys', 'zipfile', 'collections', 'datetime', 'pathlib', 'xml.etree']"
experiments/parallel_forks/20260714_theta002_valid008_harness/FORK_C_valid008_metadata_patch/artifacts/R09_VALID_008_metadata_patch.py,947b3bfa0988d194162953b18f9993c870e2f6ed9359a00664797d9c8b659e86,support_or_unclassified,341,pass,"['sha256_file', 'sha256_text', 'load_official_module', 'classify_population', 'classify_statistic', 'classify_derived', 'parse_descriptor_v2', 'normalize_semantic_header', 'semantic_header_repeat_groups', 'protected_train007_paths', 'snapshot_hashes', 'normalized_value_hash', 'build_metadata_v2', 'main']",[],"['__future__', 'hashlib', 'importlib.util', 'json', 'math', 're', 'functools', 'pathlib', 'pandas']"
experiments/parallel_forks/20260714_theta002_valid008_harness/FORK_C_valid008_metadata_patch/artifacts/test_R09_VALID_008_metadata_patch.py,849066b405826f519720de3990790b41f1c7e9234f9b960245d98f773c41ebf1,support_or_unclassified,133,pass,[],"['ParserPrecedenceTests', 'RegistryIntegrationTests']","['__future__', 'importlib.util', 'unittest', 'pathlib', 'pandas']"
experiments/parallel_forks/20260716_generator_intake/audit_lattice_notebook/audit_notebook.py,a89f14cb5a7a7ffb7dacb2f6e0018677e4e9abb41642e0f11d595908c13dc7f2,support_or_unclassified,190,pass,"['source', 'normalize_cell', 'normalize_line', 'substantive_lines', 'ast_inventory', 'notebook_inventory', 'comparison', 'main']",[],"['__future__', 'ast', 'collections', 'difflib', 'hashlib', 'json', 're', 'pathlib']"
output/pdf/skg.py,e3b0c44298fc1c149afbf4c8996fb92427ae41e4649b934ca495991b7852b855,support_or_unclassified,0,pass,[],[],[]
outputs/URP4-1/1._parameter_rawdata_0726.py,1e52abc000cda8faaf3edbcc834278d4d7669e825683098376dd87e44a88a536,protected_reference_source,433,pass,"['get_slice_list', 'append_area_list', 'area_per_pixel_direction', 'extract_numbers', 'process_images', 'process_wb_image', 'colorcombine', 'isolated_color_result', 'WBisolated_color_result', 'save_to_excel']",[],"['os', 're', 'cv2', 'numpy', 'pandas', 'concurrent.futures', 'collections', 'multiprocessing', 'operator']"
outputs/URP4-1/2._Parameter_result_0727.py,cdaea5ef1262ca0ea79a7b8ce16a15f435037e779e2688bdecbe80400b3d5c47,protected_reference_source,247,pass,"['color_divide', 'labeling', 'sum_array', 'sum_array_edge', 'labeling_perimeter_area', 'get_contact_edge_length', 'massorientation_curvature', 'thickness', 'user_input', 'process_one_path', 'main']",[],"['cv2', 'numpy', 'cupy', 'os', 'pandas', 'time', 'math', 'collections']"
outputs/URP4-1/3._parameter_angle_all_0727.py,8a64d05839a606df15055d7c9d84565aa889b5e0c63b57b7f27e19ad76f92ceb,protected_reference_source,247,pass,"['wait_until_memory_is_free', 'sum_array', 'sum_array_edge', 'labeling', 'find_nonzero_safe', 'calc_perimeter_to_area', 'get_contact_edge_length', 'process_file', 'weighted_avg_std', 'process_all', 'save_results']",[],"['os', 'cv2', 'numpy', 'pandas', 'time', 'cupy', 'threading']"
outputs/URP4-1/Curvature_Extraction_New.py,373e3763c735e775565ef2d2da4b90f866ff5cfff3c85b5d0150b0b17a90f42a,protected_reference_source,475,pass,"['convert_o3d_to_pyvista', 'visualize_and_save', 'area_weighted_stats', 'area_weighted_hist', '_face_areas_and_normals', '_angles_of_tri', 'compute_mixed_voronoi_areas', '_cot_angle', '_vertex_angles_sum', '_is_boundary_vertices', 'discrete_curvatures_ddg', '_build_adjacency', 'estimate_principal_curvatures_area_weighted', 'estimate_principal_curvatures_knn']",[],"['numpy', 'pandas', 'open3d', 'pyvista', 'os', 'glob']"
outputs/URP4-1/Extract_structure_variable.py,81b2c8ab202b6a4e539a2d630363027b9d146379cbe687945277e0053d2e8b10,protected_reference_source,1210,pass,"['to_float', 'split_excel_args', 'strip_outer_parentheses', 'get_numeric_cell', 'evaluate_excel_expr', 'evaluate_excel_condition', 'key3', 'canonical_strut_key', 'round_or_none', 'mean_or_none', 'stdev_or_none', 'weighted_mean_or_none', 'weighted_stdev_or_none', 'count_triplet_rows', 'compute_strut_length_and_angles', 'set_basic_style', 'set_summary_style', 'read_nodes_from_sheet', 'read_struts_from_sheet', 'get_unique_struts', 'compute_weighted_global_angle_stats', 'compute_node_weighted_angle_stats', 'read_global_l_over_d_values_from_sheet', 'compute_node_l_over_d_stats', 'compute_summary_metrics', 'main']",[],"['math', 're', 'statistics', 'pathlib', 'collections', 'datetime', 'openpyxl', 'openpyxl.styles', 'openpyxl.utils', 'openpyxl.utils.cell']"
outputs/URP4-1/Parameter_distribution_New.py,2dfec52592e0195482fc99613a63a3a021b7a427a078efdb79dc836f9296a453,protected_reference_source,123,pass,[],[],"['pandas', 'numpy', 'os']"
outputs/URP4-1_R09_SLICE005_LABPC_FACTORY_GDRIVE_20260721/factory/R09_SLICE_005_labpc_collect.py,fbc800d4fa26478f88361ad1663c74ff018ccfd9847a0bc537c64c065fd58cb7,support_or_unclassified,75,pass,['main'],[],"['__future__', 'argparse', 'json', 'socket', 'zipfile', 'pathlib', 'R09_SLICE_005_labpc_common']"
outputs/URP4-1_R09_SLICE005_LABPC_FACTORY_GDRIVE_20260721/factory/R09_SLICE_005_labpc_collect_to_gdrive.py,88c749917cab03a23430c0dd335fdd2d2fd77c7e3b1e3ba16fd21a4fa1d432ae,support_or_unclassified,29,pass,['main'],[],"['__future__', 'json', 'shutil', 'subprocess', 'sys', 'pathlib']"
outputs/URP4-1_R09_SLICE005_LABPC_FACTORY_GDRIVE_20260721/factory/R09_SLICE_005_labpc_common.py,a87cf7a1c2d348246c40252b44a217a57e1e869751e466fa8567a3c6e2bc7bcf,support_or_unclassified,81,pass,"['now_kst', 'package_root', 'sha256', 'atomic_json', 'read_json', 'read_csv', 'write_csv', 'safe_job_name', 'directory_bytes', 'verify_manifest']",[],"['__future__', 'csv', 'hashlib', 'json', 'os', 'datetime', 'pathlib']"
outputs/URP4-1_R09_SLICE005_LABPC_FACTORY_GDRIVE_20260721/factory/R09_SLICE_005_labpc_doctor.py,5db17f6a75ee4b1c8de64896c51d85c57e70fff83b26a72c2b6ce5337104553e,support_or_unclassified,134,pass,['main'],[],"['__future__', 'argparse', 'importlib', 'json', 'os', 'platform', 'shutil', 'socket', 'sys', 'pathlib', 'psutil', 'R09_SLICE_005_labpc_common']"
outputs/URP4-1_R09_SLICE005_LABPC_FACTORY_GDRIVE_20260721/factory/R09_SLICE_005_labpc_runner.py,0128f6478f2498307ddc9debc840238812d8c7f56955d8c9f67d22eb987746df,support_or_unclassified,161,pass,"['attempt_state', 'job_state', 'write_ledger', 'main']",[],"['__future__', 'argparse', 'json', 'subprocess', 'sys', 'time', 'pathlib', 'R09_SLICE_005_labpc_common']"
outputs/URP4-1_R09_SLICE005_LABPC_FACTORY_GDRIVE_20260721/factory/R09_SLICE_005_labpc_verify.py,bce7d8f41e529294eb9687dd8357088b81773395cfcf27d9e7afe16fc7b776eb,support_or_unclassified,146,pass,"['passed_attempt', 'main']",[],"['__future__', 'csv', 'json', 'math', 'pathlib', 'R09_SLICE_005_labpc_common']"
outputs/URP4-1_R09_SLICE005_LABPC_FACTORY_GDRIVE_20260721/factory/R09_SLICE_005_labpc_worker.py,8312f1e266ae177bf72fc90a2cf206746d4629968f4c2180a28e99973ab2b8b6,support_or_unclassified,298,pass,"['scalar_rows', 'main']",['ResourceSampler'],"['__future__', 'argparse', 'json', 'os', 'platform', 'shutil', 'sys', 'threading', 'time', 'traceback', 'pathlib', 'numpy', 'pandas', 'psutil', 'R09_SLICE_005_labpc_common', 'urp4.descriptor_service.v0_1.config', 'urp4.descriptor_service.v0_1.formula', 'urp4.descriptor_service.v0_1.pipeline', 'urp4.descriptor_service.v0_1.population']"
outputs/URP4-1_R09_SLICE005_LABPC_FACTORY_GDRIVE_20260721/urp4/__init__.py,41b78fc55f3d03cc83fbca1e4279665c463f33f5663ad8f5b57b00fff9a2ca0f,support_or_unclassified,9,pass,[],[],[]
outputs/URP4-1_R09_SLICE005_LABPC_FACTORY_GDRIVE_20260721/urp4/contracts/__init__.py,e5d6656c731246b64d8359e1d6cbbf8e12c38710d9e83e80dce2cfd8ef28b2b0,support_or_unclassified,26,pass,[],[],['.v0_1']
outputs/URP4-1_R09_SLICE005_LABPC_FACTORY_GDRIVE_20260721/urp4/contracts/v0_1/__init__.py,0200ae980b28d41d9f61d02455223605a11ce8a4866a9518ed65777a5cbcb201,support_or_unclassified,24,pass,[],[],"['.ids', '.models', '.validation']"
outputs/URP4-1_R09_SLICE005_LABPC_FACTORY_GDRIVE_20260721/urp4/contracts/v0_1/canonical.py,16820525e28b5d6a1a8e305a2bf2102e279ae6ae35f76139e4203a1fa41b9ee9,support_or_unclassified,89,pass,"['_assert_finite', 'canonical_json_bytes', 'sha256_hex', 'sha256_file', 'validate_sha256', 'normalize_relative_path']",['CanonicalizationError'],"['__future__', 'hashlib', 'json', 'math', 're', 'pathlib', 'typing']"
outputs/URP4-1_R09_SLICE005_LABPC_FACTORY_GDRIVE_20260721/urp4/contracts/v0_1/ids.py,0190fafece4f9afb5d1f443f50a972737a727ee186d21789f4c7d1fba8780608,support_or_unclassified,206,pass,"['_slug', 'scalar_output_identity', 'make_scalar_output_id', 'identity_payload', 'expected_identity_sha256', 'expected_object_id', 'build_document']",[],"['__future__', 'copy', 're', 'datetime', 'typing', '.canonical']"
outputs/URP4-1_R09_SLICE005_LABPC_FACTORY_GDRIVE_20260721/urp4/contracts/v0_1/models.py,5bf6dc0f4b3cc45ce7d33dd7fa93eef8fa3773a00626830537a3e09863af248a,support_or_unclassified,53,pass,[],"['ContractDocument', 'GenerationRequest', 'GeometryArtifact', 'DescriptorResult', 'DatasetManifest', 'TrainingRunManifest']","['__future__', 'copy', 'dataclasses', 'typing']"
outputs/URP4-1_R09_SLICE005_LABPC_FACTORY_GDRIVE_20260721/urp4/contracts/v0_1/validation.py,c32983dec08d25942cae055f123912ec8fd25f2d783813e18a461f5ebeff99b6,support_or_unclassified,142,pass,"['_validator', '_raise_schema_errors', '_check_paths', '_check_source_scoped_ids', 'validate_document', 'validate_bundle']",['ContractValidationError'],"['__future__', 'json', 're', 'functools', 'pathlib', 'typing', 'jsonschema', '.canonical', '.ids']"
outputs/URP4-1_R09_SLICE005_LABPC_FACTORY_GDRIVE_20260721/urp4/descriptor_service/__init__.py,01b048d500ff1d73db3d568486f02981e5b44278a2fc860e168d03cc64b62dfc,support_or_unclassified,5,pass,[],[],['.v0_1']
outputs/URP4-1_R09_SLICE005_LABPC_FACTORY_GDRIVE_20260721/urp4/descriptor_service/v0_1/__init__.py,6ee99b579e324aa8b52b04abbdf50725fc10b8d1caac0046a699088093e4d118,support_or_unclassified,15,pass,[],[],"['.models', '.pipeline', '.service']"
outputs/URP4-1_R09_SLICE005_LABPC_FACTORY_GDRIVE_20260721/urp4/descriptor_service/v0_1/component.py,dd395c9e7e90d491181f851ca7afa1c13d0dfc63ec7b6b2be3c5da98b5e764cf,support_or_unclassified,173,pass,"['perimeter_pixels', 'contact_edge_length_pixels', 'safe_div', 'safe_angle', 'component_features_for_pair']",['ComponentFeature'],"['__future__', 'math', 'dataclasses', 'typing', 'cv2', 'numpy']"
outputs/URP4-1_R09_SLICE005_LABPC_FACTORY_GDRIVE_20260721/urp4/descriptor_service/v0_1/config.py,79e72f02b554f7e0780993e7ec0e09f209dbc97b9e0d8f0503cabc2d1bcffaed,support_or_unclassified,47,pass,[],['ExtractionConfig'],"['__future__', 'dataclasses', 'urp4.contracts.v0_1.canonical']"
outputs/URP4-1_R09_SLICE005_LABPC_FACTORY_GDRIVE_20260721/urp4/descriptor_service/v0_1/contracts.py,aace4ae6edd9fa276dca1413abbbf26f4c79993b3d63d0c1f4a9e9079786b3f0,support_or_unclassified,268,pass,"['_rel', '_source_ref', '_provenance', 'geometry_reference_documents', 'descriptor_documents']",[],"['__future__', 'json', 'pathlib', 'typing', 'pandas', 'urp4.contracts.v0_1.canonical', 'urp4.contracts.v0_1.ids', 'urp4.contracts.v0_1.validation', '.service']"
outputs/URP4-1_R09_SLICE005_LABPC_FACTORY_GDRIVE_20260721/urp4/descriptor_service/v0_1/formula.py,d72075dcf6b7a3027a4473ffb87047903ecd01db5fc6f366a4bff0e0453a156e,support_or_unclassified,19,pass,"['population_mean', 'population_std_ddof0']",[],"['__future__', 'numpy']"
outputs/URP4-1_R09_SLICE005_LABPC_FACTORY_GDRIVE_20260721/urp4/descriptor_service/v0_1/geometry.py,580df093f8790137d79651909e2fb9b36f3f20ba69a26d558b97a5d35b074351,support_or_unclassified,44,pass,"['load_binary_stl_vertices', 'geometry_bounds']",[],"['__future__', 'struct', 'pathlib', 'numpy', 'urp4.contracts.v0_1.canonical']"
outputs/URP4-1_R09_SLICE005_LABPC_FACTORY_GDRIVE_20260721/urp4/descriptor_service/v0_1/models.py,696f747251d4143010cede2c8ef8f72e92262bdd1d08c06a9814da50a220784e,support_or_unclassified,40,pass,[],"['DescriptorServiceError', 'PrimitiveTables', 'ScalarResult']","['__future__', 'dataclasses', 'typing', 'pandas']"
outputs/URP4-1_R09_SLICE005_LABPC_FACTORY_GDRIVE_20260721/urp4/descriptor_service/v0_1/pipeline.py,1ad4ea50c8e4676848881c8601373239fb185a12c7e5fa041edd7df56248f406,support_or_unclassified,257,pass,['_sha256'],"['ExtractionOutput', 'Run139ExtractionPipeline']","['__future__', 'hashlib', 'shutil', 'dataclasses', 'pathlib', 'typing', 'numpy', 'pandas', '.component', '.config', '.geometry', '.models', '.pixel', '.slicing']"
outputs/URP4-1_R09_SLICE005_LABPC_FACTORY_GDRIVE_20260721/urp4/descriptor_service/v0_1/pixel.py,3cd37430c720e4d6a572d1787c7f5c0a917965ea56aa451cd4b11ce945db6d72,support_or_unclassified,78,pass,"['save_mask', 'read_mask', 'save_overlay', 'read_overlay_counts', 'connected_components']",[],"['__future__', 'pathlib', 'typing', 'cv2', 'numpy', 'PIL']"
outputs/URP4-1_R09_SLICE005_LABPC_FACTORY_GDRIVE_20260721/urp4/descriptor_service/v0_1/population.py,20fa690cc3acbb0b47569524694f339c25239a2359771b8a3cbb7c513b4e3478,support_or_unclassified,40,pass,"['slice_occupancy', 'slice_component_count', 'overlay_change_fraction', 'overlay_overlap_fraction', 'finite_component_population']",[],"['__future__', 'numpy', 'pandas']"
outputs/URP4-1_R09_SLICE005_LABPC_FACTORY_GDRIVE_20260721/urp4/descriptor_service/v0_1/qa.py,ceae088b19475ea7a8d5b32a04650805670e3ea5db0c8470b27722a706c90e2a,support_or_unclassified,82,pass,"['compare_tables', 'assert_streaming_cleanup']",[],"['__future__', 'pathlib', 'typing', 'numpy', 'pandas']"
outputs/URP4-1_R09_SLICE005_LABPC_FACTORY_GDRIVE_20260721/urp4/descriptor_service/v0_1/run139.py,3d6b3b4c14ab0bd00f242a52b62704f519a740d247e9404bf1ca36624f56537a,support_or_unclassified,207,pass,[],"['AttemptEvidence', 'FrozenRun139Adapter']","['__future__', 'json', 'dataclasses', 'pathlib', 'numpy', 'pandas', 'urp4.contracts.v0_1.canonical', '.models', '.service']"
outputs/URP4-1_R09_SLICE005_LABPC_FACTORY_GDRIVE_20260721/urp4/descriptor_service/v0_1/service.py,37406a1004478b340297d3ce36408ea09682fd73d8e15f9411f218535db93d81,support_or_unclassified,187,pass,[],['Run139DescriptorService'],"['__future__', 'collections.abc', 'numpy', 'pandas', '.formula', '.models', '.population']"
outputs/URP4-1_R09_SLICE005_LABPC_FACTORY_GDRIVE_20260721/urp4/descriptor_service/v0_1/slicing.py,9ab4213007b716f8ed361a6aecbbac7a8e5251459c6ff0feebac2e74dbc942ff,support_or_unclassified,85,pass,"['vectorized_segments', 'rasterize_segments_scanline']",[],"['__future__', 'math', 'numpy']"
outputs/URP4-1_R09_SLICE005_LABPC_FACTORY_GDRIVE_20260721/urp4/generators/__init__.py,b1bc199d8ce44ea32358466c10b26236b59081037b4372f355309d22327c4f2b,support_or_unclassified,2,pass,[],[],[]
outputs/URP4-1_R09_SLICE005_LABPC_FACTORY_GDRIVE_20260721/urp4/generators/lattice_typeab/__init__.py,8d5fa45ab24ab7db58b60de6f8d2cee67d79b9a2b0aa750f862ec090adde317f,support_or_unclassified,2,pass,[],[],[]
outputs/URP4-1_R09_SLICE005_LABPC_FACTORY_GDRIVE_20260721/urp4/generators/lattice_typeab/v0_1/__init__.py,e420e61f8109bea1c5409ac874ae0e32428363a3426493cda88dcd976369afcb,support_or_unclassified,23,pass,[],[],"['.contracts', '.models', '.plugin']"
outputs/URP4-1_R09_SLICE005_LABPC_FACTORY_GDRIVE_20260721/urp4/generators/lattice_typeab/v0_1/contracts.py,5d72d419433baf8a9d6e9e862beac223d00dc481849a4c82cab326797af29f20,support_or_unclassified,107,pass,"['_theta', 'build_type_a_request', 'build_geometry_artifact']",[],"['__future__', 'pathlib', 'typing', 'urp4.contracts.v0_1.canonical', 'urp4.contracts.v0_1.ids', 'urp4.contracts.v0_1.models', '.models']"
outputs/URP4-1_R09_SLICE005_LABPC_FACTORY_GDRIVE_20260721/urp4/generators/lattice_typeab/v0_1/descriptors.py,57707bc9ff020f2aa5fa1e530b45299e81f84890de3edb3b93640d926be4c0f1,support_or_unclassified,127,pass,"['_mean', '_sample_std', '_weighted', '_axis_angles', 'extract_start_end_structural_factors']",[],"['__future__', 'math', 'statistics', 'collections', 'numpy', '.graph', '.models']"
outputs/URP4-1_R09_SLICE005_LABPC_FACTORY_GDRIVE_20260721/urp4/generators/lattice_typeab/v0_1/exporters.py,4a9b7b32f642cbb2717d562095f0ff22ba3de88b820747b61b8f0326934bb6c7,support_or_unclassified,134,pass,"['_cylinder_between', 'build_cylinder_sphere_mesh', 'export_stl', '_freecad_modules', 'export_step_optional', 'mesh_qa']",[],"['__future__', 'sys', 'pathlib', 'numpy', 'trimesh', 'urp4.contracts.v0_1.canonical', '.models']"
outputs/URP4-1_R09_SLICE005_LABPC_FACTORY_GDRIVE_20260721/urp4/generators/lattice_typeab/v0_1/graph.py,13e23d2c957b476caf4c3fa0abe8efda78918f0407344feddf0e690bea46772e,support_or_unclassified,270,pass,"['_key3', 'deduplicate_nodes_edges', 'connected_components', 'ensure_connected', '_base_unit_nodes', 'generate_type_a_unit_cell', 'standardize_unit_cell', 'tile_unit_cell', 'strut_lengths', 'calculate_volume_fraction', 'assign_uniform_radius_for_vf', 'create_type_a_model']",[],"['__future__', 'math', 'typing', 'numpy', 'scipy.spatial.distance', '.models']"
outputs/URP4-1_R09_SLICE005_LABPC_FACTORY_GDRIVE_20260721/urp4/generators/lattice_typeab/v0_1/models.py,66329e2be7acb255f68a4d508c3931a6be9cbc41e4a3f053a6554cecb1ad4bcf,support_or_unclassified,120,pass,[],"['LatticeGeneratorError', 'TypeBInputUnavailable', 'StepBackendUnavailable', 'GenerationConfig', 'LatticeGraph', 'ExportAttempt']","['__future__', 'dataclasses', 'typing', 'numpy']"
outputs/URP4-1_R09_SLICE005_LABPC_FACTORY_GDRIVE_20260721/urp4/generators/lattice_typeab/v0_1/plugin.py,bfe0d52005118603dccef6ae027aa8ca4a17da77a2248e36e020c03336126ab7,support_or_unclassified,100,pass,['package_code_sha256'],"['GenerationOutcome', 'LatticeTypeABPlugin']","['__future__', 'json', 'dataclasses', 'pathlib', 'numpy', 'urp4.contracts.v0_1.canonical', 'urp4.contracts.v0_1.models', '.contracts', '.descriptors', '.exporters', '.graph', '.models']"
outputs/URP4-1_R09_SLICE005_LABPC_FACTORY_GDRIVE_20260721/urp4/generators/lattice_typeab/v0_1/type_b.py,997606649e41d354c6b894c367d4445cd0e9a7e1cd8d98b8629b1a6766967d08,support_or_unclassified,151,pass,"['_number', '_build_graph', 'load_type_b_workbook', 'normalize_or_tile_imported_lattice', 'create_type_b_model']",[],"['__future__', 'math', 'pathlib', 'typing', 'numpy', 'openpyxl', 'urp4.contracts.v0_1.canonical', '.graph', '.models']"
outputs/URP4-1_R09_SLICE005_LABPC_FACTORY_GDRIVE_20260721/urp4/generators/tpms_multiwall/__init__.py,eda7ea70e2d2b1c17b03db3ac9efc6553dcfe8055064051e8e478fc5e0ee3b4e,support_or_unclassified,2,pass,[],[],[]
outputs/URP4-1_R09_SLICE005_LABPC_FACTORY_GDRIVE_20260721/urp4/generators/tpms_multiwall/v0_1/__init__.py,e9210e752e22985137682fb1abcf501c575f30c86cb60e2e6a25d8891b42732c,support_or_unclassified,26,pass,[],[],"['.contracts', '.models', '.plugin', '.registry']"
outputs/URP4-1_R09_SLICE005_LABPC_FACTORY_GDRIVE_20260721/urp4/generators/tpms_multiwall/v0_1/contracts.py,4f13555ca9713513d5449fe6dfef7a2a642c28fa1bab85ff1ef137bafe73b8ec,support_or_unclassified,140,pass,"['_theta', 'build_multiwall_request', 'build_geometry_artifact']",[],"['__future__', 'pathlib', 'typing', 'urp4.contracts.v0_1.canonical', 'urp4.contracts.v0_1.ids', 'urp4.contracts.v0_1.models', '.models']"
outputs/URP4-1_R09_SLICE005_LABPC_FACTORY_GDRIVE_20260721/urp4/generators/tpms_multiwall/v0_1/exporters.py,a21ef77ccce5328efc5091e9ed6e3a35aeed91b9ff656c1ddb87129fe9248c50,support_or_unclassified,88,pass,"['write_binary_stl', 'export_stl', 'mesh_qa']",[],"['__future__', 'struct', 'pathlib', 'numpy', 'trimesh', 'urp4.contracts.v0_1.canonical', '.models']"
outputs/URP4-1_R09_SLICE005_LABPC_FACTORY_GDRIVE_20260721/urp4/generators/tpms_multiwall/v0_1/fields.py,e9a3e0c460252e6d437148eb0d1ee4257b8ead1c94d9d5bd3cffff0ee711c08d,support_or_unclassified,93,pass,"['make_tpms_grid', 'tpms_field']",[],"['__future__', 'numpy']"
outputs/URP4-1_R09_SLICE005_LABPC_FACTORY_GDRIVE_20260721/urp4/generators/tpms_multiwall/v0_1/masking.py,10ab73bd146669120350cede967a9f2a87745ab1553d1b97e10b576319e01512,support_or_unclassified,379,pass,"['estimate_mask_vf', 'count_connected_components', 'keep_largest_component', '_draw_voxel_bridge', 'repair_mask_connectivity', 'enforce_min_hole_size', '_raw_mask_from_band', 'make_mask_for_target_vf', 'generate_tpms_mask', 'check_thickness_consistency', 'check_open_cell', 'mesh_from_binary_mask', 'generate_tpms_candidate']",[],"['__future__', 'json', 'numpy', 'scipy.ndimage', 'skimage', '.fields', '.models']"
outputs/URP4-1_R09_SLICE005_LABPC_FACTORY_GDRIVE_20260721/urp4/generators/tpms_multiwall/v0_1/models.py,fff4adfc7f91fd372958635c8cbfea52f0920af200e0dfc23be9f2ce2b25d9ad,support_or_unclassified,183,pass,[],"['TPMSGeneratorError', 'TPMSComponent', 'MultiwallGenerationConfig', 'MultiwallCandidate', 'TPMSGenerationResult', 'ExportAttempt']","['__future__', 'dataclasses', 'pathlib', 'typing', 'numpy']"
outputs/URP4-1_R09_SLICE005_LABPC_FACTORY_GDRIVE_20260721/urp4/generators/tpms_multiwall/v0_1/plugin.py,6de380d4faf01b38e3da8ea5a5dd650e72c74b0f084b7aa023f5c5208dcc02bc,support_or_unclassified,140,pass,['package_code_sha256'],"['GenerationOutcome', 'TPMSMultiwallPlugin']","['__future__', 'dataclasses', 'pathlib', 'numpy', 'urp4.contracts.v0_1.canonical', 'urp4.contracts.v0_1.models', '.contracts', '.exporters', '.masking', '.models']"
outputs/URP4-1_R09_SLICE005_LABPC_FACTORY_GDRIVE_20260721/urp4/generators/tpms_multiwall/v0_1/registry.py,5f5b59a3e8f19644c7e8ea81850eb6141a248f4cb96b68b41e561894544ecb99,support_or_unclassified,76,pass,"['_uniform', '_integer', 'build_multiwall_candidate_registry']",[],"['__future__', 'numpy', '.models']"
outputs/URP4-1_R09_SLICE005_LABPC_FACTORY_GDRIVE_20260721/urp4/generators/voxel/__init__.py,77bffa1484a9d40a024634dd15f75dcaf4c303bc4ca13a618c7f8b0e5017b8ea,support_or_unclassified,2,pass,[],[],[]
outputs/URP4-1_R09_SLICE005_LABPC_FACTORY_GDRIVE_20260721/urp4/generators/voxel/v0_1/__init__.py,4792eb5b2783c2f8c91dfa419037d00a8c420d221e7df632db30756ea417f6c7,support_or_unclassified,9,pass,[],[],"['.contracts', '.models', '.plugin', '.registry']"
outputs/URP4-1_R09_SLICE005_LABPC_FACTORY_GDRIVE_20260721/urp4/generators/voxel/v0_1/contracts.py,9bef1c6e8e41962fd6b02e9d45490c37abbd2378f6638f8c45e0b9ced8e7a86f,support_or_unclassified,110,pass,"['_contract_safe_params', '_theta', 'build_voxel_request', 'build_geometry_artifact']",[],"['__future__', 'typing', 'urp4.contracts.v0_1.canonical', 'urp4.contracts.v0_1.ids', 'urp4.contracts.v0_1.models', '.models', '.source_kernel']"
outputs/URP4-1_R09_SLICE005_LABPC_FACTORY_GDRIVE_20260721/urp4/generators/voxel/v0_1/exporters.py,f8eec2c0393806325467d224cee5897301ad2bbe4cfceacbcf4b9b553cb9317e,support_or_unclassified,69,pass,"['write_binary_stl', 'export_stl', 'mesh_qa']",[],"['__future__', 'struct', 'pathlib', 'numpy', 'trimesh', 'urp4.contracts.v0_1.canonical', '.models']"
outputs/URP4-1_R09_SLICE005_LABPC_FACTORY_GDRIVE_20260721/urp4/generators/voxel/v0_1/kernel.py,664c73be3bc4609b0407baadf18bd9a4e69b788772e3724f2ae6d99a8952ca0a,support_or_unclassified,41,pass,"['source_runtime_config', 'generate_voxel_candidate', 'generate_voxel_mask']",[],"['__future__', 'numpy', '.models', '.source_kernel']"
outputs/URP4-1_R09_SLICE005_LABPC_FACTORY_GDRIVE_20260721/urp4/generators/voxel/v0_1/models.py,12c5b353be0007c51ca0a29cd9f8c886eb70c25f3ae3b8622e100d6c9f87b13b,support_or_unclassified,175,pass,[],"['VoxelGeneratorError', 'VoxelGenerationConfig', 'VoxelCandidate', 'VoxelGenerationResult', 'ExportAttempt']","['__future__', 'dataclasses', 'pathlib', 'typing', 'numpy']"
outputs/URP4-1_R09_SLICE005_LABPC_FACTORY_GDRIVE_20260721/urp4/generators/voxel/v0_1/plugin.py,fc8e30927988c085d6df0b6400f2caf3f4f4d8f39cc17bc230074db014088ca7,support_or_unclassified,99,pass,['package_code_sha256'],"['GenerationOutcome', 'VoxelPlugin']","['__future__', 'dataclasses', 'pathlib', 'numpy', 'urp4.contracts.v0_1.canonical', 'urp4.contracts.v0_1.models', '.contracts', '.exporters', '.kernel', '.models', '.source_kernel']"
outputs/URP4-1_R09_SLICE005_LABPC_FACTORY_GDRIVE_20260721/urp4/generators/voxel/v0_1/registry.py,3d230edc0495b864a87134958967d3aed71b4c9cb8441567f714c77240f9a475,support_or_unclassified,42,pass,['build_voxel_registry'],[],"['__future__', 'numpy', '.models']"
outputs/URP4-1_R09_SLICE005_LABPC_FACTORY_GDRIVE_20260721/urp4/generators/voxel/v0_1/source_kernel.py,db50808bc205f6b13a366ac88dd0ec5a31d23a36cef1b96e46489394f5164543,support_or_unclassified,143,pass,"['verify_sources', '_selected_module', 'load_source_namespace']",[],"['__future__', 'ast', 'json', 'math', 'struct', 'threading', 'pathlib', 'typing', 'numpy', 'scipy.ndimage', 'skimage', 'urp4.contracts.v0_1.canonical']"
outputs/URP4-1_R09_SLICE005_LABPC_FACTORY_GDRIVE_20260721/urp4/integration/__init__.py,52721082f4f1ca28cf6b8d92bb4a2c2d2c94cbe47cdfbed9bb53a5d60723dd1e,support_or_unclassified,2,pass,[],[],[]
outputs/URP4-1_R09_SLICE005_LABPC_FACTORY_GDRIVE_20260721/urp4/integration/theta_geometry_x/__init__.py,f7451227d19b6f698751f99c14b367936f722d2b73f6adbc0742d3c4d946f41c,support_or_unclassified,2,pass,[],[],[]
outputs/URP4-1_R09_SLICE005_LABPC_FACTORY_GDRIVE_20260721/urp4/integration/theta_geometry_x/v0_1/__init__.py,60b68dcd0de8c3bb58b4003b71f997e34c05f617731343ec428d287d236d2535,support_or_unclassified,19,pass,[],[],"['.models', '.registry', '.validation']"
outputs/URP4-1_R09_SLICE005_LABPC_FACTORY_GDRIVE_20260721/urp4/integration/theta_geometry_x/v0_1/models.py,f06cb39a6bde97dceacb5183f07a7e66b552494c0de755cec3e8c5595bd89405,support_or_unclassified,76,pass,[],"['ThetaGeometryXError', 'ThetaSpec', 'ThetaGeometryXRecord']","['__future__', 'dataclasses', 'typing']"
outputs/URP4-1_R09_SLICE005_LABPC_FACTORY_GDRIVE_20260721/urp4/integration/theta_geometry_x/v0_1/registry.py,602fe729d063bbf5c1bc0a0faf7571a56678bf6b99a9d76c3ebec743c1e8bbcd,support_or_unclassified,130,pass,"['_spec', 'build_registry', 'registry_by_id']",[],"['__future__', '.models']"
outputs/URP4-1_R09_SLICE005_LABPC_FACTORY_GDRIVE_20260721/urp4/integration/theta_geometry_x/v0_1/validation.py,1dc404bf52d27d41690ba6e3b9f234660136b366180a10a4c91c9f888b90013b,support_or_unclassified,216,pass,"['_json', '_matches_applicable', 'validate_theta_values', '_verify_geometry_file', 'build_record', 'validate_sibling_group']",[],"['__future__', 'json', 'collections.abc', 'pathlib', 'typing', 'urp4.contracts.v0_1.canonical', 'urp4.contracts.v0_1.models', '.models']"
outputs/URP4-1_R09_SLICE005_LABPC_FACTORY_GDRIVE_20260721/urp4/legacy_reference/__init__.py,40edb40874081713ef16598ede19f63a88e0ef6615b189df40a5e27f9e347b97,support_or_unclassified,2,pass,[],[],[]
outputs/URP4-1_R09_SLICE005_LABPC_FACTORY_GDRIVE_20260721/urp4/legacy_reference/v0_1/__init__.py,975634194bfffed775ae6da5a1e4a84cc19c94b70bb3bb2ba06408240e6d550e,support_or_unclassified,22,pass,[],[],['.adapters']
outputs/URP4-1_R09_SLICE005_LABPC_FACTORY_GDRIVE_20260721/urp4/legacy_reference/v0_1/adapters.py,1ca9b01efd72e9a0772cce1a53562b88bf4b87e6c5b6fc1890a5872a94c0e32f,support_or_unclassified,271,pass,"['_source', 'source_registry', '_capture_call', 'run_rawdata', 'run_slice_result', 'run_angle_all', 'run_surface_curvature', 'run_point_distribution', 'run_lattice_structure']",[],"['__future__', 'contextlib', 'io', 'math', 'collections', 'pathlib', 'typing', 'cv2', 'numpy', 'open3d', 'openpyxl', 'pandas', '.loader']"
outputs/URP4-1_R09_SLICE005_LABPC_FACTORY_GDRIVE_20260721/urp4/legacy_reference/v0_1/loader.py,00d64b51fa4dba7f0da68da2dc9ab638e04d493aa9319775a76b918c32c48f99,support_or_unclassified,150,pass,"['sha256_file', 'verify_source', 'build_numpy_cupy_shim', 'temporary_cupy_shim', 'load_source_module', 'function_line_spans', 'load_function_subset', 'patched_input', 'run_source_script']","['_FakeRuntime', '_FakeDevice']","['__future__', 'ast', 'builtins', 'contextlib', 'hashlib', 'importlib.util', 'runpy', 'sys', 'types', 'uuid', 'pathlib', 'typing', 'numpy']"
outputs/URP4-1_R09_SLICE005_LABPC_FACTORY_GDRIVE_20260721/urp4/orchestration/__init__.py,386ddbaff1cd91f26ff404952b6eb959755dfb2e20bc813748e38c945c8065af,support_or_unclassified,2,pass,[],[],[]
outputs/URP4-1_R09_SLICE005_LABPC_FACTORY_GDRIVE_20260721/urp4/orchestration/v0_1/__init__.py,a3015746509a2c8b997ab91ce343ca8a79edc9578aa90e5c574bc8599a21ef7b,support_or_unclassified,38,pass,[],[],"['.engine', '.models', '.registry']"
outputs/URP4-1_R09_SLICE005_LABPC_FACTORY_GDRIVE_20260721/urp4/orchestration/v0_1/engine.py,2543825d957b78fd045ebbe6fb2ddd6004a7d3ba053a701ffe36d9e948b3ec43,support_or_unclassified,193,pass,"['build_plan', 'plan_sha256', 'validate_plan', '_state_sha', '_make_state', 'validate_state', 'run_plan']",[],"['__future__', 'dataclasses', 'typing', 'urp4.contracts.v0_1.canonical', '.models', '.registry']"
outputs/URP4-1_R09_SLICE005_LABPC_FACTORY_GDRIVE_20260721/urp4/orchestration/v0_1/models.py,f64c7c809d0942591125c49eb7f296f1732c780c95c6c6f1ce7cee88b2b00e53,support_or_unclassified,111,pass,[],"['OrchestrationError', 'StageSpec', 'OrchestrationPlan', 'StageRecord', 'OrchestrationState']","['__future__', 'dataclasses', 'typing']"
outputs/URP4-1_R09_SLICE005_LABPC_FACTORY_GDRIVE_20260721/urp4/orchestration/v0_1/registry.py,4f3aed7bf10d25f1b4d9271ff18018761c05703c791413dcc227d547753ca2b1,support_or_unclassified,93,pass,"['build_cint_stage_registry', '_merge_status', '_validate_exports', 'build_interface_validators']",[],"['__future__', 'importlib', 'pathlib', 'typing', '.models']"
outputs/URP4-1_R09_SLICE005_LABPC_FACTORY_GDRIVE_20260721/urp4/presentation/__init__.py,62f77fac34125db78d4865637faea428ca4879da82b00c843eeae716d4317716,support_or_unclassified,2,pass,[],[],[]
outputs/URP4-1_R09_SLICE005_LABPC_FACTORY_GDRIVE_20260721/urp4/presentation/v0_1/__init__.py,467b8885a882dab98fb459da4038e53f9bd5f8fc165da1e181c7906d0f5c1d29,support_or_unclassified,30,pass,[],[],"['.canonical', '.ids', '.ledger', '.registrar', '.scheduling', '.snapshot']"
outputs/URP4-1_R09_SLICE005_LABPC_FACTORY_GDRIVE_20260721/urp4/presentation/v0_1/canonical.py,59e904ea7a6440b51811cba677bba2a045523952fd6d43441857530db7820246,support_or_unclassified,52,pass,"['sha256_without_members', 'sha256_without_nested_member']",[],"['__future__', 'copy', 'typing', 'urp4.contracts.v0_1.canonical']"
outputs/URP4-1_R09_SLICE005_LABPC_FACTORY_GDRIVE_20260721/urp4/presentation/v0_1/dry_run.py,6e48c229ef254e68316a37ab12e4f9f6f3687a05fd52f19be89f88ce911c8998,support_or_unclassified,703,pass,"['_ref', '_file_ref', '_genome', '_slides', '_base_manifest', '_assert_schema', '_state_to_active', 'run_dry_run']",[],"['__future__', 'json', 'shutil', 'copy', 'datetime', 'pathlib', 'typing', 'jsonschema', '.canonical', '.ids', '.ledger', '.registrar', '.scheduling']"
outputs/URP4-1_R09_SLICE005_LABPC_FACTORY_GDRIVE_20260721/urp4/presentation/v0_1/ids.py,cf5442d95f1dd18b1e5d76649fd9474abdea5a68c125edaaed0e0aaa78483ffc,support_or_unclassified,199,pass,"['uuid7', 'is_uuid7']","['AllocationError', 'IdAllocator']","['__future__', 'json', 'os', 'secrets', 'time', 'uuid', 'contextlib', 'pathlib', 'typing', '.canonical']"
outputs/URP4-1_R09_SLICE005_LABPC_FACTORY_GDRIVE_20260721/urp4/presentation/v0_1/ledger.py,3504542c233e261a964169db740b3dfa36ba3cc4a63111a7868247871c85100e,support_or_unclassified,350,pass,"['_utc_timestamp', '_event_identity', 'project_events']","['LedgerError', 'EventLedger']","['__future__', 'json', 'os', 'contextlib', 'copy', 'datetime', 'pathlib', 'typing', 'jsonschema', '.canonical']"
outputs/URP4-1_R09_SLICE005_LABPC_FACTORY_GDRIVE_20260721/urp4/presentation/v0_1/p2_preflight.py,535dbd1ff190edebc14256bb4f83f5189ec0e892ef7c1d52fd894e5a1c61861b,support_or_unclassified,988,pass,"['now_kst', 'canonical_bytes', 'sha256_bytes', 'sha256_file', 'file_record', 'load_json', 'write_json', 'write_text', 'profile_hash', 'finish_profile', 'run', 'rgb_channel', 'contrast_ratio', 'image_record', 'image_metrics', 'iter_typefaces', 'layout_overflow', 'font_name', 'audit_font', 'package_tree_record', 'make_locked_asset_bundle', 'fixture_paths', 'slides_test_results', 'base_profile', 'build_profiles', 'main']",[],"['__future__', 'argparse', 'hashlib', 'json', 'platform', 'shutil', 'subprocess', 'sys', 'copy', 'datetime', 'pathlib', 'typing', 'numpy', 'fontTools.ttLib', 'PIL']"
outputs/URP4-1_R09_SLICE005_LABPC_FACTORY_GDRIVE_20260721/urp4/presentation/v0_1/registrar.py,98ec8a8dab0d779544c043708f9dc452af2562d0ac424c98984442c701d8d76c,support_or_unclassified,474,pass,"['_load_schema', '_pointer_parts', 'resolve_pointer', '_escape_pointer', 'json_diff', 'compute_spec_fingerprint', 'compute_instance_fingerprint', 'seal_manifest', 'verify_manifest_hashes']","['ValidationIssue', 'RegistrationError', 'CandidateRegistrar']","['__future__', 'json', 'os', 'copy', 'dataclasses', 'pathlib', 'typing', 'jsonschema', '.canonical', '.ids', '.ledger']"
outputs/URP4-1_R09_SLICE005_LABPC_FACTORY_GDRIVE_20260721/urp4/presentation/v0_1/scheduling.py,bb06fe610818a18cb1b4d8a39de196bcbd559fabb9703969568b8726cd43f85a,support_or_unclassified,158,pass,"['_timestamp', '_labels', '_uuid7_from_rng', 'make_reversed_pair_matches', 'human_packet', 'assert_balanced']",['SchedulingError'],"['__future__', 'random', 'time', 'uuid', 'copy', 'datetime', 'typing']"
outputs/URP4-1_R09_SLICE005_LABPC_FACTORY_GDRIVE_20260721/urp4/presentation/v0_1/snapshot.py,3f1832435e4997034c8abd2d133619705ebdd726aa608692653e7954437f8bdd,support_or_unclassified,632,pass,"['_write_new', '_seal', 'verify_snapshot_artifact', '_project_ref', '_vault_ref', '_evidence_item', '_claim', '_slide', 'build_p1_snapshot', 'verify_p1_semantics', 'verify_snapshot_directory']",['SnapshotError'],"['__future__', 'json', 'os', 'copy', 'datetime', 'pathlib', 'typing', 'jsonschema', '.canonical']"
outputs/URP4-1_R09_SLICE005_LABPC_FACTORY_GDRIVE_20260721/urp4/training/__init__.py,c361ab611500cad0c7222bdc6d6a7e8717f3a65c4907a2331eb195bea1e75891,support_or_unclassified,6,pass,[],[],[]
outputs/URP4-1_R09_SLICE005_LABPC_FACTORY_GDRIVE_20260721/urp4/training/v0_1/__init__.py,11eec2d05da853f97738b8a4f6de678f2ade8a81a23242eb808937d7d6200a5c,support_or_unclassified,69,pass,[],[],"['.contracts', '.models', '.policy', '.registry', '.source_audit']"
outputs/URP4-1_R09_SLICE005_LABPC_FACTORY_GDRIVE_20260721/urp4/training/v0_1/contracts.py,127fff910ed84108bc116c295ac1c890493e02e04a51e7025494867b10e803ac,support_or_unclassified,55,pass,['build_pending_training_manifest'],[],"['__future__', 'copy', 'typing', 'urp4.contracts.v0_1.ids', 'urp4.contracts.v0_1.models', '.models']"
outputs/URP4-1_R09_SLICE005_LABPC_FACTORY_GDRIVE_20260721/urp4/training/v0_1/models.py,d1ea9c9497c37be0ae783445d9aa7451c24421cf7ae1e6907c76e14ebc80fc2a,support_or_unclassified,162,pass,[],"['TrainingPolicyError', 'TrainingSourceSpec', 'MethodPluginSpec', 'FeatureBlockSpec', 'NotebookAudit', 'FeatureRoute', 'FoldAssignment', 'TrainingPlan']","['__future__', 'dataclasses', 'typing']"
outputs/URP4-1_R09_SLICE005_LABPC_FACTORY_GDRIVE_20260721/urp4/training/v0_1/policy.py,d7b6f9f40f5b1648616b57cc02103f5868bd3fadb3b46cb1371ed4a34e35e41c,support_or_unclassified,251,pass,"['_stable_id', 'validate_semantic_id', 'route_features', 'validate_split_contract', 'plan_outer_folds', 'validate_selection_records', 'validate_oof_ensemble_inputs', 'build_training_plan']",[],"['__future__', 'hashlib', 'json', 're', 'collections', 'typing', '.models', '.registry']"
outputs/URP4-1_R09_SLICE005_LABPC_FACTORY_GDRIVE_20260721/urp4/training/v0_1/registry.py,c7bc87dc730d06cef89c45a78b23372ba16eb186cf422c13a7628c2a9e8900b8,support_or_unclassified,69,pass,"['build_source_registry', 'source_registry_by_alias', 'build_method_registry', 'method_registry_by_id', 'build_feature_block_registry', 'feature_registry_by_id']",[],"['__future__', '.models']"
outputs/URP4-1_R09_SLICE005_LABPC_FACTORY_GDRIVE_20260721/urp4/training/v0_1/source_audit.py,92984e1a38db136dad6f99de7dac7607f6ec995ebfc2fcfcf1a7d173497eef39,support_or_unclassified,138,pass,"['sha256_file', '_literal_assignments', 'audit_notebook', 'audit_sources', 'definition_inventory']",[],"['__future__', 'ast', 'hashlib', 'json', 'pathlib', 'typing', '.models']"
outputs/URP4-1_R09_SLICE005_LABPC_FACTORY_GDRIVE_20260721_R1/factory/R09_SLICE_005_labpc_collect.py,fbc800d4fa26478f88361ad1663c74ff018ccfd9847a0bc537c64c065fd58cb7,support_or_unclassified,75,pass,['main'],[],"['__future__', 'argparse', 'json', 'socket', 'zipfile', 'pathlib', 'R09_SLICE_005_labpc_common']"
outputs/URP4-1_R09_SLICE005_LABPC_FACTORY_GDRIVE_20260721_R1/factory/R09_SLICE_005_labpc_collect_to_gdrive.py,88c749917cab03a23430c0dd335fdd2d2fd77c7e3b1e3ba16fd21a4fa1d432ae,support_or_unclassified,29,pass,['main'],[],"['__future__', 'json', 'shutil', 'subprocess', 'sys', 'pathlib']"
outputs/URP4-1_R09_SLICE005_LABPC_FACTORY_GDRIVE_20260721_R1/factory/R09_SLICE_005_labpc_common.py,a87cf7a1c2d348246c40252b44a217a57e1e869751e466fa8567a3c6e2bc7bcf,support_or_unclassified,81,pass,"['now_kst', 'package_root', 'sha256', 'atomic_json', 'read_json', 'read_csv', 'write_csv', 'safe_job_name', 'directory_bytes', 'verify_manifest']",[],"['__future__', 'csv', 'hashlib', 'json', 'os', 'datetime', 'pathlib']"
outputs/URP4-1_R09_SLICE005_LABPC_FACTORY_GDRIVE_20260721_R1/factory/R09_SLICE_005_labpc_doctor.py,5db17f6a75ee4b1c8de64896c51d85c57e70fff83b26a72c2b6ce5337104553e,support_or_unclassified,134,pass,['main'],[],"['__future__', 'argparse', 'importlib', 'json', 'os', 'platform', 'shutil', 'socket', 'sys', 'pathlib', 'psutil', 'R09_SLICE_005_labpc_common']"
outputs/URP4-1_R09_SLICE005_LABPC_FACTORY_GDRIVE_20260721_R1/factory/R09_SLICE_005_labpc_runner.py,0128f6478f2498307ddc9debc840238812d8c7f56955d8c9f67d22eb987746df,support_or_unclassified,161,pass,"['attempt_state', 'job_state', 'write_ledger', 'main']",[],"['__future__', 'argparse', 'json', 'subprocess', 'sys', 'time', 'pathlib', 'R09_SLICE_005_labpc_common']"
outputs/URP4-1_R09_SLICE005_LABPC_FACTORY_GDRIVE_20260721_R1/factory/R09_SLICE_005_labpc_verify.py,bce7d8f41e529294eb9687dd8357088b81773395cfcf27d9e7afe16fc7b776eb,support_or_unclassified,146,pass,"['passed_attempt', 'main']",[],"['__future__', 'csv', 'json', 'math', 'pathlib', 'R09_SLICE_005_labpc_common']"
outputs/URP4-1_R09_SLICE005_LABPC_FACTORY_GDRIVE_20260721_R1/factory/R09_SLICE_005_labpc_worker.py,8312f1e266ae177bf72fc90a2cf206746d4629968f4c2180a28e99973ab2b8b6,support_or_unclassified,298,pass,"['scalar_rows', 'main']",['ResourceSampler'],"['__future__', 'argparse', 'json', 'os', 'platform', 'shutil', 'sys', 'threading', 'time', 'traceback', 'pathlib', 'numpy', 'pandas', 'psutil', 'R09_SLICE_005_labpc_common', 'urp4.descriptor_service.v0_1.config', 'urp4.descriptor_service.v0_1.formula', 'urp4.descriptor_service.v0_1.pipeline', 'urp4.descriptor_service.v0_1.population']"
outputs/URP4-1_R09_SLICE005_LABPC_FACTORY_GDRIVE_20260721_R1/urp4/__init__.py,41b78fc55f3d03cc83fbca1e4279665c463f33f5663ad8f5b57b00fff9a2ca0f,support_or_unclassified,9,pass,[],[],[]
outputs/URP4-1_R09_SLICE005_LABPC_FACTORY_GDRIVE_20260721_R1/urp4/contracts/__init__.py,e5d6656c731246b64d8359e1d6cbbf8e12c38710d9e83e80dce2cfd8ef28b2b0,support_or_unclassified,26,pass,[],[],['.v0_1']
outputs/URP4-1_R09_SLICE005_LABPC_FACTORY_GDRIVE_20260721_R1/urp4/contracts/v0_1/__init__.py,0200ae980b28d41d9f61d02455223605a11ce8a4866a9518ed65777a5cbcb201,support_or_unclassified,24,pass,[],[],"['.ids', '.models', '.validation']"
outputs/URP4-1_R09_SLICE005_LABPC_FACTORY_GDRIVE_20260721_R1/urp4/contracts/v0_1/canonical.py,16820525e28b5d6a1a8e305a2bf2102e279ae6ae35f76139e4203a1fa41b9ee9,support_or_unclassified,89,pass,"['_assert_finite', 'canonical_json_bytes', 'sha256_hex', 'sha256_file', 'validate_sha256', 'normalize_relative_path']",['CanonicalizationError'],"['__future__', 'hashlib', 'json', 'math', 're', 'pathlib', 'typing']"
outputs/URP4-1_R09_SLICE005_LABPC_FACTORY_GDRIVE_20260721_R1/urp4/contracts/v0_1/ids.py,0190fafece4f9afb5d1f443f50a972737a727ee186d21789f4c7d1fba8780608,support_or_unclassified,206,pass,"['_slug', 'scalar_output_identity', 'make_scalar_output_id', 'identity_payload', 'expected_identity_sha256', 'expected_object_id', 'build_document']",[],"['__future__', 'copy', 're', 'datetime', 'typing', '.canonical']"
outputs/URP4-1_R09_SLICE005_LABPC_FACTORY_GDRIVE_20260721_R1/urp4/contracts/v0_1/models.py,5bf6dc0f4b3cc45ce7d33dd7fa93eef8fa3773a00626830537a3e09863af248a,support_or_unclassified,53,pass,[],"['ContractDocument', 'GenerationRequest', 'GeometryArtifact', 'DescriptorResult', 'DatasetManifest', 'TrainingRunManifest']","['__future__', 'copy', 'dataclasses', 'typing']"
outputs/URP4-1_R09_SLICE005_LABPC_FACTORY_GDRIVE_20260721_R1/urp4/contracts/v0_1/validation.py,c32983dec08d25942cae055f123912ec8fd25f2d783813e18a461f5ebeff99b6,support_or_unclassified,142,pass,"['_validator', '_raise_schema_errors', '_check_paths', '_check_source_scoped_ids', 'validate_document', 'validate_bundle']",['ContractValidationError'],"['__future__', 'json', 're', 'functools', 'pathlib', 'typing', 'jsonschema', '.canonical', '.ids']"
outputs/URP4-1_R09_SLICE005_LABPC_FACTORY_GDRIVE_20260721_R1/urp4/descriptor_service/__init__.py,01b048d500ff1d73db3d568486f02981e5b44278a2fc860e168d03cc64b62dfc,support_or_unclassified,5,pass,[],[],['.v0_1']
outputs/URP4-1_R09_SLICE005_LABPC_FACTORY_GDRIVE_20260721_R1/urp4/descriptor_service/v0_1/__init__.py,6ee99b579e324aa8b52b04abbdf50725fc10b8d1caac0046a699088093e4d118,support_or_unclassified,15,pass,[],[],"['.models', '.pipeline', '.service']"
outputs/URP4-1_R09_SLICE005_LABPC_FACTORY_GDRIVE_20260721_R1/urp4/descriptor_service/v0_1/component.py,dd395c9e7e90d491181f851ca7afa1c13d0dfc63ec7b6b2be3c5da98b5e764cf,support_or_unclassified,173,pass,"['perimeter_pixels', 'contact_edge_length_pixels', 'safe_div', 'safe_angle', 'component_features_for_pair']",['ComponentFeature'],"['__future__', 'math', 'dataclasses', 'typing', 'cv2', 'numpy']"
outputs/URP4-1_R09_SLICE005_LABPC_FACTORY_GDRIVE_20260721_R1/urp4/descriptor_service/v0_1/config.py,79e72f02b554f7e0780993e7ec0e09f209dbc97b9e0d8f0503cabc2d1bcffaed,support_or_unclassified,47,pass,[],['ExtractionConfig'],"['__future__', 'dataclasses', 'urp4.contracts.v0_1.canonical']"
outputs/URP4-1_R09_SLICE005_LABPC_FACTORY_GDRIVE_20260721_R1/urp4/descriptor_service/v0_1/contracts.py,aace4ae6edd9fa276dca1413abbbf26f4c79993b3d63d0c1f4a9e9079786b3f0,support_or_unclassified,268,pass,"['_rel', '_source_ref', '_provenance', 'geometry_reference_documents', 'descriptor_documents']",[],"['__future__', 'json', 'pathlib', 'typing', 'pandas', 'urp4.contracts.v0_1.canonical', 'urp4.contracts.v0_1.ids', 'urp4.contracts.v0_1.validation', '.service']"
outputs/URP4-1_R09_SLICE005_LABPC_FACTORY_GDRIVE_20260721_R1/urp4/descriptor_service/v0_1/formula.py,d72075dcf6b7a3027a4473ffb87047903ecd01db5fc6f366a4bff0e0453a156e,support_or_unclassified,19,pass,"['population_mean', 'population_std_ddof0']",[],"['__future__', 'numpy']"
outputs/URP4-1_R09_SLICE005_LABPC_FACTORY_GDRIVE_20260721_R1/urp4/descriptor_service/v0_1/geometry.py,580df093f8790137d79651909e2fb9b36f3f20ba69a26d558b97a5d35b074351,support_or_unclassified,44,pass,"['load_binary_stl_vertices', 'geometry_bounds']",[],"['__future__', 'struct', 'pathlib', 'numpy', 'urp4.contracts.v0_1.canonical']"
outputs/URP4-1_R09_SLICE005_LABPC_FACTORY_GDRIVE_20260721_R1/urp4/descriptor_service/v0_1/models.py,696f747251d4143010cede2c8ef8f72e92262bdd1d08c06a9814da50a220784e,support_or_unclassified,40,pass,[],"['DescriptorServiceError', 'PrimitiveTables', 'ScalarResult']","['__future__', 'dataclasses', 'typing', 'pandas']"
outputs/URP4-1_R09_SLICE005_LABPC_FACTORY_GDRIVE_20260721_R1/urp4/descriptor_service/v0_1/pipeline.py,1ad4ea50c8e4676848881c8601373239fb185a12c7e5fa041edd7df56248f406,support_or_unclassified,257,pass,['_sha256'],"['ExtractionOutput', 'Run139ExtractionPipeline']","['__future__', 'hashlib', 'shutil', 'dataclasses', 'pathlib', 'typing', 'numpy', 'pandas', '.component', '.config', '.geometry', '.models', '.pixel', '.slicing']"
outputs/URP4-1_R09_SLICE005_LABPC_FACTORY_GDRIVE_20260721_R1/urp4/descriptor_service/v0_1/pixel.py,3cd37430c720e4d6a572d1787c7f5c0a917965ea56aa451cd4b11ce945db6d72,support_or_unclassified,78,pass,"['save_mask', 'read_mask', 'save_overlay', 'read_overlay_counts', 'connected_components']",[],"['__future__', 'pathlib', 'typing', 'cv2', 'numpy', 'PIL']"
outputs/URP4-1_R09_SLICE005_LABPC_FACTORY_GDRIVE_20260721_R1/urp4/descriptor_service/v0_1/population.py,20fa690cc3acbb0b47569524694f339c25239a2359771b8a3cbb7c513b4e3478,support_or_unclassified,40,pass,"['slice_occupancy', 'slice_component_count', 'overlay_change_fraction', 'overlay_overlap_fraction', 'finite_component_population']",[],"['__future__', 'numpy', 'pandas']"
outputs/URP4-1_R09_SLICE005_LABPC_FACTORY_GDRIVE_20260721_R1/urp4/descriptor_service/v0_1/qa.py,ceae088b19475ea7a8d5b32a04650805670e3ea5db0c8470b27722a706c90e2a,support_or_unclassified,82,pass,"['compare_tables', 'assert_streaming_cleanup']",[],"['__future__', 'pathlib', 'typing', 'numpy', 'pandas']"
outputs/URP4-1_R09_SLICE005_LABPC_FACTORY_GDRIVE_20260721_R1/urp4/descriptor_service/v0_1/run139.py,3d6b3b4c14ab0bd00f242a52b62704f519a740d247e9404bf1ca36624f56537a,support_or_unclassified,207,pass,[],"['AttemptEvidence', 'FrozenRun139Adapter']","['__future__', 'json', 'dataclasses', 'pathlib', 'numpy', 'pandas', 'urp4.contracts.v0_1.canonical', '.models', '.service']"
outputs/URP4-1_R09_SLICE005_LABPC_FACTORY_GDRIVE_20260721_R1/urp4/descriptor_service/v0_1/service.py,37406a1004478b340297d3ce36408ea09682fd73d8e15f9411f218535db93d81,support_or_unclassified,187,pass,[],['Run139DescriptorService'],"['__future__', 'collections.abc', 'numpy', 'pandas', '.formula', '.models', '.population']"
outputs/URP4-1_R09_SLICE005_LABPC_FACTORY_GDRIVE_20260721_R1/urp4/descriptor_service/v0_1/slicing.py,9ab4213007b716f8ed361a6aecbbac7a8e5251459c6ff0feebac2e74dbc942ff,support_or_unclassified,85,pass,"['vectorized_segments', 'rasterize_segments_scanline']",[],"['__future__', 'math', 'numpy']"
outputs/URP4-1_R09_SLICE005_LABPC_FACTORY_GDRIVE_20260721_R1/urp4/generators/__init__.py,b1bc199d8ce44ea32358466c10b26236b59081037b4372f355309d22327c4f2b,support_or_unclassified,2,pass,[],[],[]
outputs/URP4-1_R09_SLICE005_LABPC_FACTORY_GDRIVE_20260721_R1/urp4/generators/lattice_typeab/__init__.py,8d5fa45ab24ab7db58b60de6f8d2cee67d79b9a2b0aa750f862ec090adde317f,support_or_unclassified,2,pass,[],[],[]
outputs/URP4-1_R09_SLICE005_LABPC_FACTORY_GDRIVE_20260721_R1/urp4/generators/lattice_typeab/v0_1/__init__.py,e420e61f8109bea1c5409ac874ae0e32428363a3426493cda88dcd976369afcb,support_or_unclassified,23,pass,[],[],"['.contracts', '.models', '.plugin']"
outputs/URP4-1_R09_SLICE005_LABPC_FACTORY_GDRIVE_20260721_R1/urp4/generators/lattice_typeab/v0_1/contracts.py,5d72d419433baf8a9d6e9e862beac223d00dc481849a4c82cab326797af29f20,support_or_unclassified,107,pass,"['_theta', 'build_type_a_request', 'build_geometry_artifact']",[],"['__future__', 'pathlib', 'typing', 'urp4.contracts.v0_1.canonical', 'urp4.contracts.v0_1.ids', 'urp4.contracts.v0_1.models', '.models']"
outputs/URP4-1_R09_SLICE005_LABPC_FACTORY_GDRIVE_20260721_R1/urp4/generators/lattice_typeab/v0_1/descriptors.py,57707bc9ff020f2aa5fa1e530b45299e81f84890de3edb3b93640d926be4c0f1,support_or_unclassified,127,pass,"['_mean', '_sample_std', '_weighted', '_axis_angles', 'extract_start_end_structural_factors']",[],"['__future__', 'math', 'statistics', 'collections', 'numpy', '.graph', '.models']"
outputs/URP4-1_R09_SLICE005_LABPC_FACTORY_GDRIVE_20260721_R1/urp4/generators/lattice_typeab/v0_1/exporters.py,4a9b7b32f642cbb2717d562095f0ff22ba3de88b820747b61b8f0326934bb6c7,support_or_unclassified,134,pass,"['_cylinder_between', 'build_cylinder_sphere_mesh', 'export_stl', '_freecad_modules', 'export_step_optional', 'mesh_qa']",[],"['__future__', 'sys', 'pathlib', 'numpy', 'trimesh', 'urp4.contracts.v0_1.canonical', '.models']"
outputs/URP4-1_R09_SLICE005_LABPC_FACTORY_GDRIVE_20260721_R1/urp4/generators/lattice_typeab/v0_1/graph.py,13e23d2c957b476caf4c3fa0abe8efda78918f0407344feddf0e690bea46772e,support_or_unclassified,270,pass,"['_key3', 'deduplicate_nodes_edges', 'connected_components', 'ensure_connected', '_base_unit_nodes', 'generate_type_a_unit_cell', 'standardize_unit_cell', 'tile_unit_cell', 'strut_lengths', 'calculate_volume_fraction', 'assign_uniform_radius_for_vf', 'create_type_a_model']",[],"['__future__', 'math', 'typing', 'numpy', 'scipy.spatial.distance', '.models']"
outputs/URP4-1_R09_SLICE005_LABPC_FACTORY_GDRIVE_20260721_R1/urp4/generators/lattice_typeab/v0_1/models.py,66329e2be7acb255f68a4d508c3931a6be9cbc41e4a3f053a6554cecb1ad4bcf,support_or_unclassified,120,pass,[],"['LatticeGeneratorError', 'TypeBInputUnavailable', 'StepBackendUnavailable', 'GenerationConfig', 'LatticeGraph', 'ExportAttempt']","['__future__', 'dataclasses', 'typing', 'numpy']"
outputs/URP4-1_R09_SLICE005_LABPC_FACTORY_GDRIVE_20260721_R1/urp4/generators/lattice_typeab/v0_1/plugin.py,bfe0d52005118603dccef6ae027aa8ca4a17da77a2248e36e020c03336126ab7,support_or_unclassified,100,pass,['package_code_sha256'],"['GenerationOutcome', 'LatticeTypeABPlugin']","['__future__', 'json', 'dataclasses', 'pathlib', 'numpy', 'urp4.contracts.v0_1.canonical', 'urp4.contracts.v0_1.models', '.contracts', '.descriptors', '.exporters', '.graph', '.models']"
outputs/URP4-1_R09_SLICE005_LABPC_FACTORY_GDRIVE_20260721_R1/urp4/generators/lattice_typeab/v0_1/type_b.py,997606649e41d354c6b894c367d4445cd0e9a7e1cd8d98b8629b1a6766967d08,support_or_unclassified,151,pass,"['_number', '_build_graph', 'load_type_b_workbook', 'normalize_or_tile_imported_lattice', 'create_type_b_model']",[],"['__future__', 'math', 'pathlib', 'typing', 'numpy', 'openpyxl', 'urp4.contracts.v0_1.canonical', '.graph', '.models']"
outputs/URP4-1_R09_SLICE005_LABPC_FACTORY_GDRIVE_20260721_R1/urp4/generators/tpms_multiwall/__init__.py,eda7ea70e2d2b1c17b03db3ac9efc6553dcfe8055064051e8e478fc5e0ee3b4e,support_or_unclassified,2,pass,[],[],[]
outputs/URP4-1_R09_SLICE005_LABPC_FACTORY_GDRIVE_20260721_R1/urp4/generators/tpms_multiwall/v0_1/__init__.py,e9210e752e22985137682fb1abcf501c575f30c86cb60e2e6a25d8891b42732c,support_or_unclassified,26,pass,[],[],"['.contracts', '.models', '.plugin', '.registry']"
outputs/URP4-1_R09_SLICE005_LABPC_FACTORY_GDRIVE_20260721_R1/urp4/generators/tpms_multiwall/v0_1/contracts.py,4f13555ca9713513d5449fe6dfef7a2a642c28fa1bab85ff1ef137bafe73b8ec,support_or_unclassified,140,pass,"['_theta', 'build_multiwall_request', 'build_geometry_artifact']",[],"['__future__', 'pathlib', 'typing', 'urp4.contracts.v0_1.canonical', 'urp4.contracts.v0_1.ids', 'urp4.contracts.v0_1.models', '.models']"
outputs/URP4-1_R09_SLICE005_LABPC_FACTORY_GDRIVE_20260721_R1/urp4/generators/tpms_multiwall/v0_1/exporters.py,a21ef77ccce5328efc5091e9ed6e3a35aeed91b9ff656c1ddb87129fe9248c50,support_or_unclassified,88,pass,"['write_binary_stl', 'export_stl', 'mesh_qa']",[],"['__future__', 'struct', 'pathlib', 'numpy', 'trimesh', 'urp4.contracts.v0_1.canonical', '.models']"
outputs/URP4-1_R09_SLICE005_LABPC_FACTORY_GDRIVE_20260721_R1/urp4/generators/tpms_multiwall/v0_1/fields.py,e9a3e0c460252e6d437148eb0d1ee4257b8ead1c94d9d5bd3cffff0ee711c08d,support_or_unclassified,93,pass,"['make_tpms_grid', 'tpms_field']",[],"['__future__', 'numpy']"
outputs/URP4-1_R09_SLICE005_LABPC_FACTORY_GDRIVE_20260721_R1/urp4/generators/tpms_multiwall/v0_1/masking.py,10ab73bd146669120350cede967a9f2a87745ab1553d1b97e10b576319e01512,support_or_unclassified,379,pass,"['estimate_mask_vf', 'count_connected_components', 'keep_largest_component', '_draw_voxel_bridge', 'repair_mask_connectivity', 'enforce_min_hole_size', '_raw_mask_from_band', 'make_mask_for_target_vf', 'generate_tpms_mask', 'check_thickness_consistency', 'check_open_cell', 'mesh_from_binary_mask', 'generate_tpms_candidate']",[],"['__future__', 'json', 'numpy', 'scipy.ndimage', 'skimage', '.fields', '.models']"
outputs/URP4-1_R09_SLICE005_LABPC_FACTORY_GDRIVE_20260721_R1/urp4/generators/tpms_multiwall/v0_1/models.py,fff4adfc7f91fd372958635c8cbfea52f0920af200e0dfc23be9f2ce2b25d9ad,support_or_unclassified,183,pass,[],"['TPMSGeneratorError', 'TPMSComponent', 'MultiwallGenerationConfig', 'MultiwallCandidate', 'TPMSGenerationResult', 'ExportAttempt']","['__future__', 'dataclasses', 'pathlib', 'typing', 'numpy']"
outputs/URP4-1_R09_SLICE005_LABPC_FACTORY_GDRIVE_20260721_R1/urp4/generators/tpms_multiwall/v0_1/plugin.py,6de380d4faf01b38e3da8ea5a5dd650e72c74b0f084b7aa023f5c5208dcc02bc,support_or_unclassified,140,pass,['package_code_sha256'],"['GenerationOutcome', 'TPMSMultiwallPlugin']","['__future__', 'dataclasses', 'pathlib', 'numpy', 'urp4.contracts.v0_1.canonical', 'urp4.contracts.v0_1.models', '.contracts', '.exporters', '.masking', '.models']"
outputs/URP4-1_R09_SLICE005_LABPC_FACTORY_GDRIVE_20260721_R1/urp4/generators/tpms_multiwall/v0_1/registry.py,5f5b59a3e8f19644c7e8ea81850eb6141a248f4cb96b68b41e561894544ecb99,support_or_unclassified,76,pass,"['_uniform', '_integer', 'build_multiwall_candidate_registry']",[],"['__future__', 'numpy', '.models']"
outputs/URP4-1_R09_SLICE005_LABPC_FACTORY_GDRIVE_20260721_R1/urp4/generators/voxel/__init__.py,77bffa1484a9d40a024634dd15f75dcaf4c303bc4ca13a618c7f8b0e5017b8ea,support_or_unclassified,2,pass,[],[],[]
outputs/URP4-1_R09_SLICE005_LABPC_FACTORY_GDRIVE_20260721_R1/urp4/generators/voxel/v0_1/__init__.py,4792eb5b2783c2f8c91dfa419037d00a8c420d221e7df632db30756ea417f6c7,support_or_unclassified,9,pass,[],[],"['.contracts', '.models', '.plugin', '.registry']"
outputs/URP4-1_R09_SLICE005_LABPC_FACTORY_GDRIVE_20260721_R1/urp4/generators/voxel/v0_1/contracts.py,9bef1c6e8e41962fd6b02e9d45490c37abbd2378f6638f8c45e0b9ced8e7a86f,support_or_unclassified,110,pass,"['_contract_safe_params', '_theta', 'build_voxel_request', 'build_geometry_artifact']",[],"['__future__', 'typing', 'urp4.contracts.v0_1.canonical', 'urp4.contracts.v0_1.ids', 'urp4.contracts.v0_1.models', '.models', '.source_kernel']"
outputs/URP4-1_R09_SLICE005_LABPC_FACTORY_GDRIVE_20260721_R1/urp4/generators/voxel/v0_1/exporters.py,f8eec2c0393806325467d224cee5897301ad2bbe4cfceacbcf4b9b553cb9317e,support_or_unclassified,69,pass,"['write_binary_stl', 'export_stl', 'mesh_qa']",[],"['__future__', 'struct', 'pathlib', 'numpy', 'trimesh', 'urp4.contracts.v0_1.canonical', '.models']"
outputs/URP4-1_R09_SLICE005_LABPC_FACTORY_GDRIVE_20260721_R1/urp4/generators/voxel/v0_1/kernel.py,664c73be3bc4609b0407baadf18bd9a4e69b788772e3724f2ae6d99a8952ca0a,support_or_unclassified,41,pass,"['source_runtime_config', 'generate_voxel_candidate', 'generate_voxel_mask']",[],"['__future__', 'numpy', '.models', '.source_kernel']"
outputs/URP4-1_R09_SLICE005_LABPC_FACTORY_GDRIVE_20260721_R1/urp4/generators/voxel/v0_1/models.py,12c5b353be0007c51ca0a29cd9f8c886eb70c25f3ae3b8622e100d6c9f87b13b,support_or_unclassified,175,pass,[],"['VoxelGeneratorError', 'VoxelGenerationConfig', 'VoxelCandidate', 'VoxelGenerationResult', 'ExportAttempt']","['__future__', 'dataclasses', 'pathlib', 'typing', 'numpy']"
outputs/URP4-1_R09_SLICE005_LABPC_FACTORY_GDRIVE_20260721_R1/urp4/generators/voxel/v0_1/plugin.py,fc8e30927988c085d6df0b6400f2caf3f4f4d8f39cc17bc230074db014088ca7,support_or_unclassified,99,pass,['package_code_sha256'],"['GenerationOutcome', 'VoxelPlugin']","['__future__', 'dataclasses', 'pathlib', 'numpy', 'urp4.contracts.v0_1.canonical', 'urp4.contracts.v0_1.models', '.contracts', '.exporters', '.kernel', '.models', '.source_kernel']"
outputs/URP4-1_R09_SLICE005_LABPC_FACTORY_GDRIVE_20260721_R1/urp4/generators/voxel/v0_1/registry.py,3d230edc0495b864a87134958967d3aed71b4c9cb8441567f714c77240f9a475,support_or_unclassified,42,pass,['build_voxel_registry'],[],"['__future__', 'numpy', '.models']"
outputs/URP4-1_R09_SLICE005_LABPC_FACTORY_GDRIVE_20260721_R1/urp4/generators/voxel/v0_1/source_kernel.py,db50808bc205f6b13a366ac88dd0ec5a31d23a36cef1b96e46489394f5164543,support_or_unclassified,143,pass,"['verify_sources', '_selected_module', 'load_source_namespace']",[],"['__future__', 'ast', 'json', 'math', 'struct', 'threading', 'pathlib', 'typing', 'numpy', 'scipy.ndimage', 'skimage', 'urp4.contracts.v0_1.canonical']"
outputs/URP4-1_R09_SLICE005_LABPC_FACTORY_GDRIVE_20260721_R1/urp4/integration/__init__.py,52721082f4f1ca28cf6b8d92bb4a2c2d2c94cbe47cdfbed9bb53a5d60723dd1e,support_or_unclassified,2,pass,[],[],[]
outputs/URP4-1_R09_SLICE005_LABPC_FACTORY_GDRIVE_20260721_R1/urp4/integration/theta_geometry_x/__init__.py,f7451227d19b6f698751f99c14b367936f722d2b73f6adbc0742d3c4d946f41c,support_or_unclassified,2,pass,[],[],[]
outputs/URP4-1_R09_SLICE005_LABPC_FACTORY_GDRIVE_20260721_R1/urp4/integration/theta_geometry_x/v0_1/__init__.py,60b68dcd0de8c3bb58b4003b71f997e34c05f617731343ec428d287d236d2535,support_or_unclassified,19,pass,[],[],"['.models', '.registry', '.validation']"
outputs/URP4-1_R09_SLICE005_LABPC_FACTORY_GDRIVE_20260721_R1/urp4/integration/theta_geometry_x/v0_1/models.py,f06cb39a6bde97dceacb5183f07a7e66b552494c0de755cec3e8c5595bd89405,support_or_unclassified,76,pass,[],"['ThetaGeometryXError', 'ThetaSpec', 'ThetaGeometryXRecord']","['__future__', 'dataclasses', 'typing']"
outputs/URP4-1_R09_SLICE005_LABPC_FACTORY_GDRIVE_20260721_R1/urp4/integration/theta_geometry_x/v0_1/registry.py,602fe729d063bbf5c1bc0a0faf7571a56678bf6b99a9d76c3ebec743c1e8bbcd,support_or_unclassified,130,pass,"['_spec', 'build_registry', 'registry_by_id']",[],"['__future__', '.models']"
outputs/URP4-1_R09_SLICE005_LABPC_FACTORY_GDRIVE_20260721_R1/urp4/integration/theta_geometry_x/v0_1/validation.py,1dc404bf52d27d41690ba6e3b9f234660136b366180a10a4c91c9f888b90013b,support_or_unclassified,216,pass,"['_json', '_matches_applicable', 'validate_theta_values', '_verify_geometry_file', 'build_record', 'validate_sibling_group']",[],"['__future__', 'json', 'collections.abc', 'pathlib', 'typing', 'urp4.contracts.v0_1.canonical', 'urp4.contracts.v0_1.models', '.models']"
outputs/URP4-1_R09_SLICE005_LABPC_FACTORY_GDRIVE_20260721_R1/urp4/legacy_reference/__init__.py,40edb40874081713ef16598ede19f63a88e0ef6615b189df40a5e27f9e347b97,support_or_unclassified,2,pass,[],[],[]
outputs/URP4-1_R09_SLICE005_LABPC_FACTORY_GDRIVE_20260721_R1/urp4/legacy_reference/v0_1/__init__.py,975634194bfffed775ae6da5a1e4a84cc19c94b70bb3bb2ba06408240e6d550e,support_or_unclassified,22,pass,[],[],['.adapters']
outputs/URP4-1_R09_SLICE005_LABPC_FACTORY_GDRIVE_20260721_R1/urp4/legacy_reference/v0_1/adapters.py,1ca9b01efd72e9a0772cce1a53562b88bf4b87e6c5b6fc1890a5872a94c0e32f,support_or_unclassified,271,pass,"['_source', 'source_registry', '_capture_call', 'run_rawdata', 'run_slice_result', 'run_angle_all', 'run_surface_curvature', 'run_point_distribution', 'run_lattice_structure']",[],"['__future__', 'contextlib', 'io', 'math', 'collections', 'pathlib', 'typing', 'cv2', 'numpy', 'open3d', 'openpyxl', 'pandas', '.loader']"
outputs/URP4-1_R09_SLICE005_LABPC_FACTORY_GDRIVE_20260721_R1/urp4/legacy_reference/v0_1/loader.py,00d64b51fa4dba7f0da68da2dc9ab638e04d493aa9319775a76b918c32c48f99,support_or_unclassified,150,pass,"['sha256_file', 'verify_source', 'build_numpy_cupy_shim', 'temporary_cupy_shim', 'load_source_module', 'function_line_spans', 'load_function_subset', 'patched_input', 'run_source_script']","['_FakeRuntime', '_FakeDevice']","['__future__', 'ast', 'builtins', 'contextlib', 'hashlib', 'importlib.util', 'runpy', 'sys', 'types', 'uuid', 'pathlib', 'typing', 'numpy']"
outputs/URP4-1_R09_SLICE005_LABPC_FACTORY_GDRIVE_20260721_R1/urp4/orchestration/__init__.py,386ddbaff1cd91f26ff404952b6eb959755dfb2e20bc813748e38c945c8065af,support_or_unclassified,2,pass,[],[],[]
outputs/URP4-1_R09_SLICE005_LABPC_FACTORY_GDRIVE_20260721_R1/urp4/orchestration/v0_1/__init__.py,a3015746509a2c8b997ab91ce343ca8a79edc9578aa90e5c574bc8599a21ef7b,support_or_unclassified,38,pass,[],[],"['.engine', '.models', '.registry']"
outputs/URP4-1_R09_SLICE005_LABPC_FACTORY_GDRIVE_20260721_R1/urp4/orchestration/v0_1/engine.py,2543825d957b78fd045ebbe6fb2ddd6004a7d3ba053a701ffe36d9e948b3ec43,support_or_unclassified,193,pass,"['build_plan', 'plan_sha256', 'validate_plan', '_state_sha', '_make_state', 'validate_state', 'run_plan']",[],"['__future__', 'dataclasses', 'typing', 'urp4.contracts.v0_1.canonical', '.models', '.registry']"
outputs/URP4-1_R09_SLICE005_LABPC_FACTORY_GDRIVE_20260721_R1/urp4/orchestration/v0_1/models.py,f64c7c809d0942591125c49eb7f296f1732c780c95c6c6f1ce7cee88b2b00e53,support_or_unclassified,111,pass,[],"['OrchestrationError', 'StageSpec', 'OrchestrationPlan', 'StageRecord', 'OrchestrationState']","['__future__', 'dataclasses', 'typing']"
outputs/URP4-1_R09_SLICE005_LABPC_FACTORY_GDRIVE_20260721_R1/urp4/orchestration/v0_1/registry.py,4f3aed7bf10d25f1b4d9271ff18018761c05703c791413dcc227d547753ca2b1,support_or_unclassified,93,pass,"['build_cint_stage_registry', '_merge_status', '_validate_exports', 'build_interface_validators']",[],"['__future__', 'importlib', 'pathlib', 'typing', '.models']"
outputs/URP4-1_R09_SLICE005_LABPC_FACTORY_GDRIVE_20260721_R1/urp4/presentation/__init__.py,62f77fac34125db78d4865637faea428ca4879da82b00c843eeae716d4317716,support_or_unclassified,2,pass,[],[],[]
outputs/URP4-1_R09_SLICE005_LABPC_FACTORY_GDRIVE_20260721_R1/urp4/presentation/v0_1/__init__.py,467b8885a882dab98fb459da4038e53f9bd5f8fc165da1e181c7906d0f5c1d29,support_or_unclassified,30,pass,[],[],"['.canonical', '.ids', '.ledger', '.registrar', '.scheduling', '.snapshot']"
outputs/URP4-1_R09_SLICE005_LABPC_FACTORY_GDRIVE_20260721_R1/urp4/presentation/v0_1/canonical.py,59e904ea7a6440b51811cba677bba2a045523952fd6d43441857530db7820246,support_or_unclassified,52,pass,"['sha256_without_members', 'sha256_without_nested_member']",[],"['__future__', 'copy', 'typing', 'urp4.contracts.v0_1.canonical']"
outputs/URP4-1_R09_SLICE005_LABPC_FACTORY_GDRIVE_20260721_R1/urp4/presentation/v0_1/dry_run.py,6e48c229ef254e68316a37ab12e4f9f6f3687a05fd52f19be89f88ce911c8998,support_or_unclassified,703,pass,"['_ref', '_file_ref', '_genome', '_slides', '_base_manifest', '_assert_schema', '_state_to_active', 'run_dry_run']",[],"['__future__', 'json', 'shutil', 'copy', 'datetime', 'pathlib', 'typing', 'jsonschema', '.canonical', '.ids', '.ledger', '.registrar', '.scheduling']"
outputs/URP4-1_R09_SLICE005_LABPC_FACTORY_GDRIVE_20260721_R1/urp4/presentation/v0_1/ids.py,cf5442d95f1dd18b1e5d76649fd9474abdea5a68c125edaaed0e0aaa78483ffc,support_or_unclassified,199,pass,"['uuid7', 'is_uuid7']","['AllocationError', 'IdAllocator']","['__future__', 'json', 'os', 'secrets', 'time', 'uuid', 'contextlib', 'pathlib', 'typing', '.canonical']"
outputs/URP4-1_R09_SLICE005_LABPC_FACTORY_GDRIVE_20260721_R1/urp4/presentation/v0_1/ledger.py,3504542c233e261a964169db740b3dfa36ba3cc4a63111a7868247871c85100e,support_or_unclassified,350,pass,"['_utc_timestamp', '_event_identity', 'project_events']","['LedgerError', 'EventLedger']","['__future__', 'json', 'os', 'contextlib', 'copy', 'datetime', 'pathlib', 'typing', 'jsonschema', '.canonical']"
outputs/URP4-1_R09_SLICE005_LABPC_FACTORY_GDRIVE_20260721_R1/urp4/presentation/v0_1/p2_preflight.py,535dbd1ff190edebc14256bb4f83f5189ec0e892ef7c1d52fd894e5a1c61861b,support_or_unclassified,988,pass,"['now_kst', 'canonical_bytes', 'sha256_bytes', 'sha256_file', 'file_record', 'load_json', 'write_json', 'write_text', 'profile_hash', 'finish_profile', 'run', 'rgb_channel', 'contrast_ratio', 'image_record', 'image_metrics', 'iter_typefaces', 'layout_overflow', 'font_name', 'audit_font', 'package_tree_record', 'make_locked_asset_bundle', 'fixture_paths', 'slides_test_results', 'base_profile', 'build_profiles', 'main']",[],"['__future__', 'argparse', 'hashlib', 'json', 'platform', 'shutil', 'subprocess', 'sys', 'copy', 'datetime', 'pathlib', 'typing', 'numpy', 'fontTools.ttLib', 'PIL']"
outputs/URP4-1_R09_SLICE005_LABPC_FACTORY_GDRIVE_20260721_R1/urp4/presentation/v0_1/registrar.py,98ec8a8dab0d779544c043708f9dc452af2562d0ac424c98984442c701d8d76c,support_or_unclassified,474,pass,"['_load_schema', '_pointer_parts', 'resolve_pointer', '_escape_pointer', 'json_diff', 'compute_spec_fingerprint', 'compute_instance_fingerprint', 'seal_manifest', 'verify_manifest_hashes']","['ValidationIssue', 'RegistrationError', 'CandidateRegistrar']","['__future__', 'json', 'os', 'copy', 'dataclasses', 'pathlib', 'typing', 'jsonschema', '.canonical', '.ids', '.ledger']"
outputs/URP4-1_R09_SLICE005_LABPC_FACTORY_GDRIVE_20260721_R1/urp4/presentation/v0_1/scheduling.py,bb06fe610818a18cb1b4d8a39de196bcbd559fabb9703969568b8726cd43f85a,support_or_unclassified,158,pass,"['_timestamp', '_labels', '_uuid7_from_rng', 'make_reversed_pair_matches', 'human_packet', 'assert_balanced']",['SchedulingError'],"['__future__', 'random', 'time', 'uuid', 'copy', 'datetime', 'typing']"
outputs/URP4-1_R09_SLICE005_LABPC_FACTORY_GDRIVE_20260721_R1/urp4/presentation/v0_1/snapshot.py,3f1832435e4997034c8abd2d133619705ebdd726aa608692653e7954437f8bdd,support_or_unclassified,632,pass,"['_write_new', '_seal', 'verify_snapshot_artifact', '_project_ref', '_vault_ref', '_evidence_item', '_claim', '_slide', 'build_p1_snapshot', 'verify_p1_semantics', 'verify_snapshot_directory']",['SnapshotError'],"['__future__', 'json', 'os', 'copy', 'datetime', 'pathlib', 'typing', 'jsonschema', '.canonical']"
outputs/URP4-1_R09_SLICE005_LABPC_FACTORY_GDRIVE_20260721_R1/urp4/training/__init__.py,c361ab611500cad0c7222bdc6d6a7e8717f3a65c4907a2331eb195bea1e75891,support_or_unclassified,6,pass,[],[],[]
outputs/URP4-1_R09_SLICE005_LABPC_FACTORY_GDRIVE_20260721_R1/urp4/training/v0_1/__init__.py,11eec2d05da853f97738b8a4f6de678f2ade8a81a23242eb808937d7d6200a5c,support_or_unclassified,69,pass,[],[],"['.contracts', '.models', '.policy', '.registry', '.source_audit']"
outputs/URP4-1_R09_SLICE005_LABPC_FACTORY_GDRIVE_20260721_R1/urp4/training/v0_1/contracts.py,127fff910ed84108bc116c295ac1c890493e02e04a51e7025494867b10e803ac,support_or_unclassified,55,pass,['build_pending_training_manifest'],[],"['__future__', 'copy', 'typing', 'urp4.contracts.v0_1.ids', 'urp4.contracts.v0_1.models', '.models']"
outputs/URP4-1_R09_SLICE005_LABPC_FACTORY_GDRIVE_20260721_R1/urp4/training/v0_1/models.py,d1ea9c9497c37be0ae783445d9aa7451c24421cf7ae1e6907c76e14ebc80fc2a,support_or_unclassified,162,pass,[],"['TrainingPolicyError', 'TrainingSourceSpec', 'MethodPluginSpec', 'FeatureBlockSpec', 'NotebookAudit', 'FeatureRoute', 'FoldAssignment', 'TrainingPlan']","['__future__', 'dataclasses', 'typing']"
outputs/URP4-1_R09_SLICE005_LABPC_FACTORY_GDRIVE_20260721_R1/urp4/training/v0_1/policy.py,d7b6f9f40f5b1648616b57cc02103f5868bd3fadb3b46cb1371ed4a34e35e41c,support_or_unclassified,251,pass,"['_stable_id', 'validate_semantic_id', 'route_features', 'validate_split_contract', 'plan_outer_folds', 'validate_selection_records', 'validate_oof_ensemble_inputs', 'build_training_plan']",[],"['__future__', 'hashlib', 'json', 're', 'collections', 'typing', '.models', '.registry']"
outputs/URP4-1_R09_SLICE005_LABPC_FACTORY_GDRIVE_20260721_R1/urp4/training/v0_1/registry.py,c7bc87dc730d06cef89c45a78b23372ba16eb186cf422c13a7628c2a9e8900b8,support_or_unclassified,69,pass,"['build_source_registry', 'source_registry_by_alias', 'build_method_registry', 'method_registry_by_id', 'build_feature_block_registry', 'feature_registry_by_id']",[],"['__future__', '.models']"
outputs/URP4-1_R09_SLICE005_LABPC_FACTORY_GDRIVE_20260721_R1/urp4/training/v0_1/source_audit.py,92984e1a38db136dad6f99de7dac7607f6ec995ebfc2fcfcf1a7d173497eef39,support_or_unclassified,138,pass,"['sha256_file', '_literal_assignments', 'audit_notebook', 'audit_sources', 'definition_inventory']",[],"['__future__', 'ast', 'hashlib', 'json', 'pathlib', 'typing', '.models']"
outputs/URP4-1_R09_SLICE005_LABPC_FACTORY_USB_20260721/factory/R09_SLICE_005_labpc_collect.py,fbc800d4fa26478f88361ad1663c74ff018ccfd9847a0bc537c64c065fd58cb7,support_or_unclassified,75,pass,['main'],[],"['__future__', 'argparse', 'json', 'socket', 'zipfile', 'pathlib', 'R09_SLICE_005_labpc_common']"
outputs/URP4-1_R09_SLICE005_LABPC_FACTORY_USB_20260721/factory/R09_SLICE_005_labpc_common.py,a87cf7a1c2d348246c40252b44a217a57e1e869751e466fa8567a3c6e2bc7bcf,support_or_unclassified,81,pass,"['now_kst', 'package_root', 'sha256', 'atomic_json', 'read_json', 'read_csv', 'write_csv', 'safe_job_name', 'directory_bytes', 'verify_manifest']",[],"['__future__', 'csv', 'hashlib', 'json', 'os', 'datetime', 'pathlib']"
outputs/URP4-1_R09_SLICE005_LABPC_FACTORY_USB_20260721/factory/R09_SLICE_005_labpc_doctor.py,5db17f6a75ee4b1c8de64896c51d85c57e70fff83b26a72c2b6ce5337104553e,support_or_unclassified,134,pass,['main'],[],"['__future__', 'argparse', 'importlib', 'json', 'os', 'platform', 'shutil', 'socket', 'sys', 'pathlib', 'psutil', 'R09_SLICE_005_labpc_common']"
outputs/URP4-1_R09_SLICE005_LABPC_FACTORY_USB_20260721/factory/R09_SLICE_005_labpc_runner.py,0128f6478f2498307ddc9debc840238812d8c7f56955d8c9f67d22eb987746df,support_or_unclassified,161,pass,"['attempt_state', 'job_state', 'write_ledger', 'main']",[],"['__future__', 'argparse', 'json', 'subprocess', 'sys', 'time', 'pathlib', 'R09_SLICE_005_labpc_common']"
outputs/URP4-1_R09_SLICE005_LABPC_FACTORY_USB_20260721/factory/R09_SLICE_005_labpc_verify.py,bce7d8f41e529294eb9687dd8357088b81773395cfcf27d9e7afe16fc7b776eb,support_or_unclassified,146,pass,"['passed_attempt', 'main']",[],"['__future__', 'csv', 'json', 'math', 'pathlib', 'R09_SLICE_005_labpc_common']"
outputs/URP4-1_R09_SLICE005_LABPC_FACTORY_USB_20260721/factory/R09_SLICE_005_labpc_worker.py,8312f1e266ae177bf72fc90a2cf206746d4629968f4c2180a28e99973ab2b8b6,support_or_unclassified,298,pass,"['scalar_rows', 'main']",['ResourceSampler'],"['__future__', 'argparse', 'json', 'os', 'platform', 'shutil', 'sys', 'threading', 'time', 'traceback', 'pathlib', 'numpy', 'pandas', 'psutil', 'R09_SLICE_005_labpc_common', 'urp4.descriptor_service.v0_1.config', 'urp4.descriptor_service.v0_1.formula', 'urp4.descriptor_service.v0_1.pipeline', 'urp4.descriptor_service.v0_1.population']"
outputs/URP4-1_R09_SLICE005_LABPC_FACTORY_USB_20260721/urp4/__init__.py,41b78fc55f3d03cc83fbca1e4279665c463f33f5663ad8f5b57b00fff9a2ca0f,support_or_unclassified,9,pass,[],[],[]
outputs/URP4-1_R09_SLICE005_LABPC_FACTORY_USB_20260721/urp4/contracts/__init__.py,e5d6656c731246b64d8359e1d6cbbf8e12c38710d9e83e80dce2cfd8ef28b2b0,support_or_unclassified,26,pass,[],[],['.v0_1']
outputs/URP4-1_R09_SLICE005_LABPC_FACTORY_USB_20260721/urp4/contracts/v0_1/__init__.py,0200ae980b28d41d9f61d02455223605a11ce8a4866a9518ed65777a5cbcb201,support_or_unclassified,24,pass,[],[],"['.ids', '.models', '.validation']"
outputs/URP4-1_R09_SLICE005_LABPC_FACTORY_USB_20260721/urp4/contracts/v0_1/canonical.py,16820525e28b5d6a1a8e305a2bf2102e279ae6ae35f76139e4203a1fa41b9ee9,support_or_unclassified,89,pass,"['_assert_finite', 'canonical_json_bytes', 'sha256_hex', 'sha256_file', 'validate_sha256', 'normalize_relative_path']",['CanonicalizationError'],"['__future__', 'hashlib', 'json', 'math', 're', 'pathlib', 'typing']"
outputs/URP4-1_R09_SLICE005_LABPC_FACTORY_USB_20260721/urp4/contracts/v0_1/ids.py,0190fafece4f9afb5d1f443f50a972737a727ee186d21789f4c7d1fba8780608,support_or_unclassified,206,pass,"['_slug', 'scalar_output_identity', 'make_scalar_output_id', 'identity_payload', 'expected_identity_sha256', 'expected_object_id', 'build_document']",[],"['__future__', 'copy', 're', 'datetime', 'typing', '.canonical']"
outputs/URP4-1_R09_SLICE005_LABPC_FACTORY_USB_20260721/urp4/contracts/v0_1/models.py,5bf6dc0f4b3cc45ce7d33dd7fa93eef8fa3773a00626830537a3e09863af248a,support_or_unclassified,53,pass,[],"['ContractDocument', 'GenerationRequest', 'GeometryArtifact', 'DescriptorResult', 'DatasetManifest', 'TrainingRunManifest']","['__future__', 'copy', 'dataclasses', 'typing']"
outputs/URP4-1_R09_SLICE005_LABPC_FACTORY_USB_20260721/urp4/contracts/v0_1/validation.py,c32983dec08d25942cae055f123912ec8fd25f2d783813e18a461f5ebeff99b6,support_or_unclassified,142,pass,"['_validator', '_raise_schema_errors', '_check_paths', '_check_source_scoped_ids', 'validate_document', 'validate_bundle']",['ContractValidationError'],"['__future__', 'json', 're', 'functools', 'pathlib', 'typing', 'jsonschema', '.canonical', '.ids']"
outputs/URP4-1_R09_SLICE005_LABPC_FACTORY_USB_20260721/urp4/descriptor_service/__init__.py,01b048d500ff1d73db3d568486f02981e5b44278a2fc860e168d03cc64b62dfc,support_or_unclassified,5,pass,[],[],['.v0_1']
outputs/URP4-1_R09_SLICE005_LABPC_FACTORY_USB_20260721/urp4/descriptor_service/v0_1/__init__.py,6ee99b579e324aa8b52b04abbdf50725fc10b8d1caac0046a699088093e4d118,support_or_unclassified,15,pass,[],[],"['.models', '.pipeline', '.service']"
outputs/URP4-1_R09_SLICE005_LABPC_FACTORY_USB_20260721/urp4/descriptor_service/v0_1/component.py,dd395c9e7e90d491181f851ca7afa1c13d0dfc63ec7b6b2be3c5da98b5e764cf,support_or_unclassified,173,pass,"['perimeter_pixels', 'contact_edge_length_pixels', 'safe_div', 'safe_angle', 'component_features_for_pair']",['ComponentFeature'],"['__future__', 'math', 'dataclasses', 'typing', 'cv2', 'numpy']"
outputs/URP4-1_R09_SLICE005_LABPC_FACTORY_USB_20260721/urp4/descriptor_service/v0_1/config.py,79e72f02b554f7e0780993e7ec0e09f209dbc97b9e0d8f0503cabc2d1bcffaed,support_or_unclassified,47,pass,[],['ExtractionConfig'],"['__future__', 'dataclasses', 'urp4.contracts.v0_1.canonical']"
outputs/URP4-1_R09_SLICE005_LABPC_FACTORY_USB_20260721/urp4/descriptor_service/v0_1/contracts.py,aace4ae6edd9fa276dca1413abbbf26f4c79993b3d63d0c1f4a9e9079786b3f0,support_or_unclassified,268,pass,"['_rel', '_source_ref', '_provenance', 'geometry_reference_documents', 'descriptor_documents']",[],"['__future__', 'json', 'pathlib', 'typing', 'pandas', 'urp4.contracts.v0_1.canonical', 'urp4.contracts.v0_1.ids', 'urp4.contracts.v0_1.validation', '.service']"
outputs/URP4-1_R09_SLICE005_LABPC_FACTORY_USB_20260721/urp4/descriptor_service/v0_1/formula.py,d72075dcf6b7a3027a4473ffb87047903ecd01db5fc6f366a4bff0e0453a156e,support_or_unclassified,19,pass,"['population_mean', 'population_std_ddof0']",[],"['__future__', 'numpy']"
outputs/URP4-1_R09_SLICE005_LABPC_FACTORY_USB_20260721/urp4/descriptor_service/v0_1/geometry.py,580df093f8790137d79651909e2fb9b36f3f20ba69a26d558b97a5d35b074351,support_or_unclassified,44,pass,"['load_binary_stl_vertices', 'geometry_bounds']",[],"['__future__', 'struct', 'pathlib', 'numpy', 'urp4.contracts.v0_1.canonical']"
outputs/URP4-1_R09_SLICE005_LABPC_FACTORY_USB_20260721/urp4/descriptor_service/v0_1/models.py,696f747251d4143010cede2c8ef8f72e92262bdd1d08c06a9814da50a220784e,support_or_unclassified,40,pass,[],"['DescriptorServiceError', 'PrimitiveTables', 'ScalarResult']","['__future__', 'dataclasses', 'typing', 'pandas']"
outputs/URP4-1_R09_SLICE005_LABPC_FACTORY_USB_20260721/urp4/descriptor_service/v0_1/pipeline.py,1ad4ea50c8e4676848881c8601373239fb185a12c7e5fa041edd7df56248f406,support_or_unclassified,257,pass,['_sha256'],"['ExtractionOutput', 'Run139ExtractionPipeline']","['__future__', 'hashlib', 'shutil', 'dataclasses', 'pathlib', 'typing', 'numpy', 'pandas', '.component', '.config', '.geometry', '.models', '.pixel', '.slicing']"
outputs/URP4-1_R09_SLICE005_LABPC_FACTORY_USB_20260721/urp4/descriptor_service/v0_1/pixel.py,3cd37430c720e4d6a572d1787c7f5c0a917965ea56aa451cd4b11ce945db6d72,support_or_unclassified,78,pass,"['save_mask', 'read_mask', 'save_overlay', 'read_overlay_counts', 'connected_components']",[],"['__future__', 'pathlib', 'typing', 'cv2', 'numpy', 'PIL']"
outputs/URP4-1_R09_SLICE005_LABPC_FACTORY_USB_20260721/urp4/descriptor_service/v0_1/population.py,20fa690cc3acbb0b47569524694f339c25239a2359771b8a3cbb7c513b4e3478,support_or_unclassified,40,pass,"['slice_occupancy', 'slice_component_count', 'overlay_change_fraction', 'overlay_overlap_fraction', 'finite_component_population']",[],"['__future__', 'numpy', 'pandas']"
outputs/URP4-1_R09_SLICE005_LABPC_FACTORY_USB_20260721/urp4/descriptor_service/v0_1/qa.py,ceae088b19475ea7a8d5b32a04650805670e3ea5db0c8470b27722a706c90e2a,support_or_unclassified,82,pass,"['compare_tables', 'assert_streaming_cleanup']",[],"['__future__', 'pathlib', 'typing', 'numpy', 'pandas']"
outputs/URP4-1_R09_SLICE005_LABPC_FACTORY_USB_20260721/urp4/descriptor_service/v0_1/run139.py,3d6b3b4c14ab0bd00f242a52b62704f519a740d247e9404bf1ca36624f56537a,support_or_unclassified,207,pass,[],"['AttemptEvidence', 'FrozenRun139Adapter']","['__future__', 'json', 'dataclasses', 'pathlib', 'numpy', 'pandas', 'urp4.contracts.v0_1.canonical', '.models', '.service']"
outputs/URP4-1_R09_SLICE005_LABPC_FACTORY_USB_20260721/urp4/descriptor_service/v0_1/service.py,37406a1004478b340297d3ce36408ea09682fd73d8e15f9411f218535db93d81,support_or_unclassified,187,pass,[],['Run139DescriptorService'],"['__future__', 'collections.abc', 'numpy', 'pandas', '.formula', '.models', '.population']"
outputs/URP4-1_R09_SLICE005_LABPC_FACTORY_USB_20260721/urp4/descriptor_service/v0_1/slicing.py,9ab4213007b716f8ed361a6aecbbac7a8e5251459c6ff0feebac2e74dbc942ff,support_or_unclassified,85,pass,"['vectorized_segments', 'rasterize_segments_scanline']",[],"['__future__', 'math', 'numpy']"
outputs/URP4-1_R09_SLICE005_LABPC_FACTORY_USB_20260721/urp4/generators/__init__.py,b1bc199d8ce44ea32358466c10b26236b59081037b4372f355309d22327c4f2b,support_or_unclassified,2,pass,[],[],[]
outputs/URP4-1_R09_SLICE005_LABPC_FACTORY_USB_20260721/urp4/generators/lattice_typeab/__init__.py,8d5fa45ab24ab7db58b60de6f8d2cee67d79b9a2b0aa750f862ec090adde317f,support_or_unclassified,2,pass,[],[],[]
outputs/URP4-1_R09_SLICE005_LABPC_FACTORY_USB_20260721/urp4/generators/lattice_typeab/v0_1/__init__.py,e420e61f8109bea1c5409ac874ae0e32428363a3426493cda88dcd976369afcb,support_or_unclassified,23,pass,[],[],"['.contracts', '.models', '.plugin']"
outputs/URP4-1_R09_SLICE005_LABPC_FACTORY_USB_20260721/urp4/generators/lattice_typeab/v0_1/contracts.py,5d72d419433baf8a9d6e9e862beac223d00dc481849a4c82cab326797af29f20,support_or_unclassified,107,pass,"['_theta', 'build_type_a_request', 'build_geometry_artifact']",[],"['__future__', 'pathlib', 'typing', 'urp4.contracts.v0_1.canonical', 'urp4.contracts.v0_1.ids', 'urp4.contracts.v0_1.models', '.models']"
outputs/URP4-1_R09_SLICE005_LABPC_FACTORY_USB_20260721/urp4/generators/lattice_typeab/v0_1/descriptors.py,57707bc9ff020f2aa5fa1e530b45299e81f84890de3edb3b93640d926be4c0f1,support_or_unclassified,127,pass,"['_mean', '_sample_std', '_weighted', '_axis_angles', 'extract_start_end_structural_factors']",[],"['__future__', 'math', 'statistics', 'collections', 'numpy', '.graph', '.models']"
outputs/URP4-1_R09_SLICE005_LABPC_FACTORY_USB_20260721/urp4/generators/lattice_typeab/v0_1/exporters.py,4a9b7b32f642cbb2717d562095f0ff22ba3de88b820747b61b8f0326934bb6c7,support_or_unclassified,134,pass,"['_cylinder_between', 'build_cylinder_sphere_mesh', 'export_stl', '_freecad_modules', 'export_step_optional', 'mesh_qa']",[],"['__future__', 'sys', 'pathlib', 'numpy', 'trimesh', 'urp4.contracts.v0_1.canonical', '.models']"
outputs/URP4-1_R09_SLICE005_LABPC_FACTORY_USB_20260721/urp4/generators/lattice_typeab/v0_1/graph.py,13e23d2c957b476caf4c3fa0abe8efda78918f0407344feddf0e690bea46772e,support_or_unclassified,270,pass,"['_key3', 'deduplicate_nodes_edges', 'connected_components', 'ensure_connected', '_base_unit_nodes', 'generate_type_a_unit_cell', 'standardize_unit_cell', 'tile_unit_cell', 'strut_lengths', 'calculate_volume_fraction', 'assign_uniform_radius_for_vf', 'create_type_a_model']",[],"['__future__', 'math', 'typing', 'numpy', 'scipy.spatial.distance', '.models']"
outputs/URP4-1_R09_SLICE005_LABPC_FACTORY_USB_20260721/urp4/generators/lattice_typeab/v0_1/models.py,66329e2be7acb255f68a4d508c3931a6be9cbc41e4a3f053a6554cecb1ad4bcf,support_or_unclassified,120,pass,[],"['LatticeGeneratorError', 'TypeBInputUnavailable', 'StepBackendUnavailable', 'GenerationConfig', 'LatticeGraph', 'ExportAttempt']","['__future__', 'dataclasses', 'typing', 'numpy']"
outputs/URP4-1_R09_SLICE005_LABPC_FACTORY_USB_20260721/urp4/generators/lattice_typeab/v0_1/plugin.py,bfe0d52005118603dccef6ae027aa8ca4a17da77a2248e36e020c03336126ab7,support_or_unclassified,100,pass,['package_code_sha256'],"['GenerationOutcome', 'LatticeTypeABPlugin']","['__future__', 'json', 'dataclasses', 'pathlib', 'numpy', 'urp4.contracts.v0_1.canonical', 'urp4.contracts.v0_1.models', '.contracts', '.descriptors', '.exporters', '.graph', '.models']"
outputs/URP4-1_R09_SLICE005_LABPC_FACTORY_USB_20260721/urp4/generators/lattice_typeab/v0_1/type_b.py,997606649e41d354c6b894c367d4445cd0e9a7e1cd8d98b8629b1a6766967d08,support_or_unclassified,151,pass,"['_number', '_build_graph', 'load_type_b_workbook', 'normalize_or_tile_imported_lattice', 'create_type_b_model']",[],"['__future__', 'math', 'pathlib', 'typing', 'numpy', 'openpyxl', 'urp4.contracts.v0_1.canonical', '.graph', '.models']"
outputs/URP4-1_R09_SLICE005_LABPC_FACTORY_USB_20260721/urp4/generators/tpms_multiwall/__init__.py,eda7ea70e2d2b1c17b03db3ac9efc6553dcfe8055064051e8e478fc5e0ee3b4e,support_or_unclassified,2,pass,[],[],[]
outputs/URP4-1_R09_SLICE005_LABPC_FACTORY_USB_20260721/urp4/generators/tpms_multiwall/v0_1/__init__.py,e9210e752e22985137682fb1abcf501c575f30c86cb60e2e6a25d8891b42732c,support_or_unclassified,26,pass,[],[],"['.contracts', '.models', '.plugin', '.registry']"
outputs/URP4-1_R09_SLICE005_LABPC_FACTORY_USB_20260721/urp4/generators/tpms_multiwall/v0_1/contracts.py,4f13555ca9713513d5449fe6dfef7a2a642c28fa1bab85ff1ef137bafe73b8ec,support_or_unclassified,140,pass,"['_theta', 'build_multiwall_request', 'build_geometry_artifact']",[],"['__future__', 'pathlib', 'typing', 'urp4.contracts.v0_1.canonical', 'urp4.contracts.v0_1.ids', 'urp4.contracts.v0_1.models', '.models']"
outputs/URP4-1_R09_SLICE005_LABPC_FACTORY_USB_20260721/urp4/generators/tpms_multiwall/v0_1/exporters.py,a21ef77ccce5328efc5091e9ed6e3a35aeed91b9ff656c1ddb87129fe9248c50,support_or_unclassified,88,pass,"['write_binary_stl', 'export_stl', 'mesh_qa']",[],"['__future__', 'struct', 'pathlib', 'numpy', 'trimesh', 'urp4.contracts.v0_1.canonical', '.models']"
outputs/URP4-1_R09_SLICE005_LABPC_FACTORY_USB_20260721/urp4/generators/tpms_multiwall/v0_1/fields.py,e9a3e0c460252e6d437148eb0d1ee4257b8ead1c94d9d5bd3cffff0ee711c08d,support_or_unclassified,93,pass,"['make_tpms_grid', 'tpms_field']",[],"['__future__', 'numpy']"
outputs/URP4-1_R09_SLICE005_LABPC_FACTORY_USB_20260721/urp4/generators/tpms_multiwall/v0_1/masking.py,10ab73bd146669120350cede967a9f2a87745ab1553d1b97e10b576319e01512,support_or_unclassified,379,pass,"['estimate_mask_vf', 'count_connected_components', 'keep_largest_component', '_draw_voxel_bridge', 'repair_mask_connectivity', 'enforce_min_hole_size', '_raw_mask_from_band', 'make_mask_for_target_vf', 'generate_tpms_mask', 'check_thickness_consistency', 'check_open_cell', 'mesh_from_binary_mask', 'generate_tpms_candidate']",[],"['__future__', 'json', 'numpy', 'scipy.ndimage', 'skimage', '.fields', '.models']"
outputs/URP4-1_R09_SLICE005_LABPC_FACTORY_USB_20260721/urp4/generators/tpms_multiwall/v0_1/models.py,fff4adfc7f91fd372958635c8cbfea52f0920af200e0dfc23be9f2ce2b25d9ad,support_or_unclassified,183,pass,[],"['TPMSGeneratorError', 'TPMSComponent', 'MultiwallGenerationConfig', 'MultiwallCandidate', 'TPMSGenerationResult', 'ExportAttempt']","['__future__', 'dataclasses', 'pathlib', 'typing', 'numpy']"
outputs/URP4-1_R09_SLICE005_LABPC_FACTORY_USB_20260721/urp4/generators/tpms_multiwall/v0_1/plugin.py,6de380d4faf01b38e3da8ea5a5dd650e72c74b0f084b7aa023f5c5208dcc02bc,support_or_unclassified,140,pass,['package_code_sha256'],"['GenerationOutcome', 'TPMSMultiwallPlugin']","['__future__', 'dataclasses', 'pathlib', 'numpy', 'urp4.contracts.v0_1.canonical', 'urp4.contracts.v0_1.models', '.contracts', '.exporters', '.masking', '.models']"
outputs/URP4-1_R09_SLICE005_LABPC_FACTORY_USB_20260721/urp4/generators/tpms_multiwall/v0_1/registry.py,5f5b59a3e8f19644c7e8ea81850eb6141a248f4cb96b68b41e561894544ecb99,support_or_unclassified,76,pass,"['_uniform', '_integer', 'build_multiwall_candidate_registry']",[],"['__future__', 'numpy', '.models']"
outputs/URP4-1_R09_SLICE005_LABPC_FACTORY_USB_20260721/urp4/generators/voxel/__init__.py,77bffa1484a9d40a024634dd15f75dcaf4c303bc4ca13a618c7f8b0e5017b8ea,support_or_unclassified,2,pass,[],[],[]
outputs/URP4-1_R09_SLICE005_LABPC_FACTORY_USB_20260721/urp4/generators/voxel/v0_1/__init__.py,4792eb5b2783c2f8c91dfa419037d00a8c420d221e7df632db30756ea417f6c7,support_or_unclassified,9,pass,[],[],"['.contracts', '.models', '.plugin', '.registry']"
outputs/URP4-1_R09_SLICE005_LABPC_FACTORY_USB_20260721/urp4/generators/voxel/v0_1/contracts.py,9bef1c6e8e41962fd6b02e9d45490c37abbd2378f6638f8c45e0b9ced8e7a86f,support_or_unclassified,110,pass,"['_contract_safe_params', '_theta', 'build_voxel_request', 'build_geometry_artifact']",[],"['__future__', 'typing', 'urp4.contracts.v0_1.canonical', 'urp4.contracts.v0_1.ids', 'urp4.contracts.v0_1.models', '.models', '.source_kernel']"
outputs/URP4-1_R09_SLICE005_LABPC_FACTORY_USB_20260721/urp4/generators/voxel/v0_1/exporters.py,f8eec2c0393806325467d224cee5897301ad2bbe4cfceacbcf4b9b553cb9317e,support_or_unclassified,69,pass,"['write_binary_stl', 'export_stl', 'mesh_qa']",[],"['__future__', 'struct', 'pathlib', 'numpy', 'trimesh', 'urp4.contracts.v0_1.canonical', '.models']"
outputs/URP4-1_R09_SLICE005_LABPC_FACTORY_USB_20260721/urp4/generators/voxel/v0_1/kernel.py,664c73be3bc4609b0407baadf18bd9a4e69b788772e3724f2ae6d99a8952ca0a,support_or_unclassified,41,pass,"['source_runtime_config', 'generate_voxel_candidate', 'generate_voxel_mask']",[],"['__future__', 'numpy', '.models', '.source_kernel']"
outputs/URP4-1_R09_SLICE005_LABPC_FACTORY_USB_20260721/urp4/generators/voxel/v0_1/models.py,12c5b353be0007c51ca0a29cd9f8c886eb70c25f3ae3b8622e100d6c9f87b13b,support_or_unclassified,175,pass,[],"['VoxelGeneratorError', 'VoxelGenerationConfig', 'VoxelCandidate', 'VoxelGenerationResult', 'ExportAttempt']","['__future__', 'dataclasses', 'pathlib', 'typing', 'numpy']"
outputs/URP4-1_R09_SLICE005_LABPC_FACTORY_USB_20260721/urp4/generators/voxel/v0_1/plugin.py,fc8e30927988c085d6df0b6400f2caf3f4f4d8f39cc17bc230074db014088ca7,support_or_unclassified,99,pass,['package_code_sha256'],"['GenerationOutcome', 'VoxelPlugin']","['__future__', 'dataclasses', 'pathlib', 'numpy', 'urp4.contracts.v0_1.canonical', 'urp4.contracts.v0_1.models', '.contracts', '.exporters', '.kernel', '.models', '.source_kernel']"
outputs/URP4-1_R09_SLICE005_LABPC_FACTORY_USB_20260721/urp4/generators/voxel/v0_1/registry.py,3d230edc0495b864a87134958967d3aed71b4c9cb8441567f714c77240f9a475,support_or_unclassified,42,pass,['build_voxel_registry'],[],"['__future__', 'numpy', '.models']"
outputs/URP4-1_R09_SLICE005_LABPC_FACTORY_USB_20260721/urp4/generators/voxel/v0_1/source_kernel.py,db50808bc205f6b13a366ac88dd0ec5a31d23a36cef1b96e46489394f5164543,support_or_unclassified,143,pass,"['verify_sources', '_selected_module', 'load_source_namespace']",[],"['__future__', 'ast', 'json', 'math', 'struct', 'threading', 'pathlib', 'typing', 'numpy', 'scipy.ndimage', 'skimage', 'urp4.contracts.v0_1.canonical']"
outputs/URP4-1_R09_SLICE005_LABPC_FACTORY_USB_20260721/urp4/integration/__init__.py,52721082f4f1ca28cf6b8d92bb4a2c2d2c94cbe47cdfbed9bb53a5d60723dd1e,support_or_unclassified,2,pass,[],[],[]
outputs/URP4-1_R09_SLICE005_LABPC_FACTORY_USB_20260721/urp4/integration/theta_geometry_x/__init__.py,f7451227d19b6f698751f99c14b367936f722d2b73f6adbc0742d3c4d946f41c,support_or_unclassified,2,pass,[],[],[]
outputs/URP4-1_R09_SLICE005_LABPC_FACTORY_USB_20260721/urp4/integration/theta_geometry_x/v0_1/__init__.py,60b68dcd0de8c3bb58b4003b71f997e34c05f617731343ec428d287d236d2535,support_or_unclassified,19,pass,[],[],"['.models', '.registry', '.validation']"
outputs/URP4-1_R09_SLICE005_LABPC_FACTORY_USB_20260721/urp4/integration/theta_geometry_x/v0_1/models.py,f06cb39a6bde97dceacb5183f07a7e66b552494c0de755cec3e8c5595bd89405,support_or_unclassified,76,pass,[],"['ThetaGeometryXError', 'ThetaSpec', 'ThetaGeometryXRecord']","['__future__', 'dataclasses', 'typing']"
outputs/URP4-1_R09_SLICE005_LABPC_FACTORY_USB_20260721/urp4/integration/theta_geometry_x/v0_1/registry.py,602fe729d063bbf5c1bc0a0faf7571a56678bf6b99a9d76c3ebec743c1e8bbcd,support_or_unclassified,130,pass,"['_spec', 'build_registry', 'registry_by_id']",[],"['__future__', '.models']"
outputs/URP4-1_R09_SLICE005_LABPC_FACTORY_USB_20260721/urp4/integration/theta_geometry_x/v0_1/validation.py,1dc404bf52d27d41690ba6e3b9f234660136b366180a10a4c91c9f888b90013b,support_or_unclassified,216,pass,"['_json', '_matches_applicable', 'validate_theta_values', '_verify_geometry_file', 'build_record', 'validate_sibling_group']",[],"['__future__', 'json', 'collections.abc', 'pathlib', 'typing', 'urp4.contracts.v0_1.canonical', 'urp4.contracts.v0_1.models', '.models']"
outputs/URP4-1_R09_SLICE005_LABPC_FACTORY_USB_20260721/urp4/legacy_reference/__init__.py,40edb40874081713ef16598ede19f63a88e0ef6615b189df40a5e27f9e347b97,support_or_unclassified,2,pass,[],[],[]
outputs/URP4-1_R09_SLICE005_LABPC_FACTORY_USB_20260721/urp4/legacy_reference/v0_1/__init__.py,975634194bfffed775ae6da5a1e4a84cc19c94b70bb3bb2ba06408240e6d550e,support_or_unclassified,22,pass,[],[],['.adapters']
outputs/URP4-1_R09_SLICE005_LABPC_FACTORY_USB_20260721/urp4/legacy_reference/v0_1/adapters.py,1ca9b01efd72e9a0772cce1a53562b88bf4b87e6c5b6fc1890a5872a94c0e32f,support_or_unclassified,271,pass,"['_source', 'source_registry', '_capture_call', 'run_rawdata', 'run_slice_result', 'run_angle_all', 'run_surface_curvature', 'run_point_distribution', 'run_lattice_structure']",[],"['__future__', 'contextlib', 'io', 'math', 'collections', 'pathlib', 'typing', 'cv2', 'numpy', 'open3d', 'openpyxl', 'pandas', '.loader']"
outputs/URP4-1_R09_SLICE005_LABPC_FACTORY_USB_20260721/urp4/legacy_reference/v0_1/loader.py,00d64b51fa4dba7f0da68da2dc9ab638e04d493aa9319775a76b918c32c48f99,support_or_unclassified,150,pass,"['sha256_file', 'verify_source', 'build_numpy_cupy_shim', 'temporary_cupy_shim', 'load_source_module', 'function_line_spans', 'load_function_subset', 'patched_input', 'run_source_script']","['_FakeRuntime', '_FakeDevice']","['__future__', 'ast', 'builtins', 'contextlib', 'hashlib', 'importlib.util', 'runpy', 'sys', 'types', 'uuid', 'pathlib', 'typing', 'numpy']"
outputs/URP4-1_R09_SLICE005_LABPC_FACTORY_USB_20260721/urp4/orchestration/__init__.py,386ddbaff1cd91f26ff404952b6eb959755dfb2e20bc813748e38c945c8065af,support_or_unclassified,2,pass,[],[],[]
outputs/URP4-1_R09_SLICE005_LABPC_FACTORY_USB_20260721/urp4/orchestration/v0_1/__init__.py,a3015746509a2c8b997ab91ce343ca8a79edc9578aa90e5c574bc8599a21ef7b,support_or_unclassified,38,pass,[],[],"['.engine', '.models', '.registry']"
outputs/URP4-1_R09_SLICE005_LABPC_FACTORY_USB_20260721/urp4/orchestration/v0_1/engine.py,2543825d957b78fd045ebbe6fb2ddd6004a7d3ba053a701ffe36d9e948b3ec43,support_or_unclassified,193,pass,"['build_plan', 'plan_sha256', 'validate_plan', '_state_sha', '_make_state', 'validate_state', 'run_plan']",[],"['__future__', 'dataclasses', 'typing', 'urp4.contracts.v0_1.canonical', '.models', '.registry']"
outputs/URP4-1_R09_SLICE005_LABPC_FACTORY_USB_20260721/urp4/orchestration/v0_1/models.py,f64c7c809d0942591125c49eb7f296f1732c780c95c6c6f1ce7cee88b2b00e53,support_or_unclassified,111,pass,[],"['OrchestrationError', 'StageSpec', 'OrchestrationPlan', 'StageRecord', 'OrchestrationState']","['__future__', 'dataclasses', 'typing']"
outputs/URP4-1_R09_SLICE005_LABPC_FACTORY_USB_20260721/urp4/orchestration/v0_1/registry.py,4f3aed7bf10d25f1b4d9271ff18018761c05703c791413dcc227d547753ca2b1,support_or_unclassified,93,pass,"['build_cint_stage_registry', '_merge_status', '_validate_exports', 'build_interface_validators']",[],"['__future__', 'importlib', 'pathlib', 'typing', '.models']"
outputs/URP4-1_R09_SLICE005_LABPC_FACTORY_USB_20260721/urp4/presentation/__init__.py,62f77fac34125db78d4865637faea428ca4879da82b00c843eeae716d4317716,support_or_unclassified,2,pass,[],[],[]
outputs/URP4-1_R09_SLICE005_LABPC_FACTORY_USB_20260721/urp4/presentation/v0_1/__init__.py,467b8885a882dab98fb459da4038e53f9bd5f8fc165da1e181c7906d0f5c1d29,support_or_unclassified,30,pass,[],[],"['.canonical', '.ids', '.ledger', '.registrar', '.scheduling', '.snapshot']"
outputs/URP4-1_R09_SLICE005_LABPC_FACTORY_USB_20260721/urp4/presentation/v0_1/canonical.py,59e904ea7a6440b51811cba677bba2a045523952fd6d43441857530db7820246,support_or_unclassified,52,pass,"['sha256_without_members', 'sha256_without_nested_member']",[],"['__future__', 'copy', 'typing', 'urp4.contracts.v0_1.canonical']"
outputs/URP4-1_R09_SLICE005_LABPC_FACTORY_USB_20260721/urp4/presentation/v0_1/dry_run.py,6e48c229ef254e68316a37ab12e4f9f6f3687a05fd52f19be89f88ce911c8998,support_or_unclassified,703,pass,"['_ref', '_file_ref', '_genome', '_slides', '_base_manifest', '_assert_schema', '_state_to_active', 'run_dry_run']",[],"['__future__', 'json', 'shutil', 'copy', 'datetime', 'pathlib', 'typing', 'jsonschema', '.canonical', '.ids', '.ledger', '.registrar', '.scheduling']"
outputs/URP4-1_R09_SLICE005_LABPC_FACTORY_USB_20260721/urp4/presentation/v0_1/ids.py,cf5442d95f1dd18b1e5d76649fd9474abdea5a68c125edaaed0e0aaa78483ffc,support_or_unclassified,199,pass,"['uuid7', 'is_uuid7']","['AllocationError', 'IdAllocator']","['__future__', 'json', 'os', 'secrets', 'time', 'uuid', 'contextlib', 'pathlib', 'typing', '.canonical']"
outputs/URP4-1_R09_SLICE005_LABPC_FACTORY_USB_20260721/urp4/presentation/v0_1/ledger.py,3504542c233e261a964169db740b3dfa36ba3cc4a63111a7868247871c85100e,support_or_unclassified,350,pass,"['_utc_timestamp', '_event_identity', 'project_events']","['LedgerError', 'EventLedger']","['__future__', 'json', 'os', 'contextlib', 'copy', 'datetime', 'pathlib', 'typing', 'jsonschema', '.canonical']"
outputs/URP4-1_R09_SLICE005_LABPC_FACTORY_USB_20260721/urp4/presentation/v0_1/p2_preflight.py,535dbd1ff190edebc14256bb4f83f5189ec0e892ef7c1d52fd894e5a1c61861b,support_or_unclassified,988,pass,"['now_kst', 'canonical_bytes', 'sha256_bytes', 'sha256_file', 'file_record', 'load_json', 'write_json', 'write_text', 'profile_hash', 'finish_profile', 'run', 'rgb_channel', 'contrast_ratio', 'image_record', 'image_metrics', 'iter_typefaces', 'layout_overflow', 'font_name', 'audit_font', 'package_tree_record', 'make_locked_asset_bundle', 'fixture_paths', 'slides_test_results', 'base_profile', 'build_profiles', 'main']",[],"['__future__', 'argparse', 'hashlib', 'json', 'platform', 'shutil', 'subprocess', 'sys', 'copy', 'datetime', 'pathlib', 'typing', 'numpy', 'fontTools.ttLib', 'PIL']"
outputs/URP4-1_R09_SLICE005_LABPC_FACTORY_USB_20260721/urp4/presentation/v0_1/registrar.py,98ec8a8dab0d779544c043708f9dc452af2562d0ac424c98984442c701d8d76c,support_or_unclassified,474,pass,"['_load_schema', '_pointer_parts', 'resolve_pointer', '_escape_pointer', 'json_diff', 'compute_spec_fingerprint', 'compute_instance_fingerprint', 'seal_manifest', 'verify_manifest_hashes']","['ValidationIssue', 'RegistrationError', 'CandidateRegistrar']","['__future__', 'json', 'os', 'copy', 'dataclasses', 'pathlib', 'typing', 'jsonschema', '.canonical', '.ids', '.ledger']"
outputs/URP4-1_R09_SLICE005_LABPC_FACTORY_USB_20260721/urp4/presentation/v0_1/scheduling.py,bb06fe610818a18cb1b4d8a39de196bcbd559fabb9703969568b8726cd43f85a,support_or_unclassified,158,pass,"['_timestamp', '_labels', '_uuid7_from_rng', 'make_reversed_pair_matches', 'human_packet', 'assert_balanced']",['SchedulingError'],"['__future__', 'random', 'time', 'uuid', 'copy', 'datetime', 'typing']"
outputs/URP4-1_R09_SLICE005_LABPC_FACTORY_USB_20260721/urp4/presentation/v0_1/snapshot.py,3f1832435e4997034c8abd2d133619705ebdd726aa608692653e7954437f8bdd,support_or_unclassified,632,pass,"['_write_new', '_seal', 'verify_snapshot_artifact', '_project_ref', '_vault_ref', '_evidence_item', '_claim', '_slide', 'build_p1_snapshot', 'verify_p1_semantics', 'verify_snapshot_directory']",['SnapshotError'],"['__future__', 'json', 'os', 'copy', 'datetime', 'pathlib', 'typing', 'jsonschema', '.canonical']"
outputs/URP4-1_R09_SLICE005_LABPC_FACTORY_USB_20260721/urp4/training/__init__.py,c361ab611500cad0c7222bdc6d6a7e8717f3a65c4907a2331eb195bea1e75891,support_or_unclassified,6,pass,[],[],[]
outputs/URP4-1_R09_SLICE005_LABPC_FACTORY_USB_20260721/urp4/training/v0_1/__init__.py,11eec2d05da853f97738b8a4f6de678f2ade8a81a23242eb808937d7d6200a5c,support_or_unclassified,69,pass,[],[],"['.contracts', '.models', '.policy', '.registry', '.source_audit']"
outputs/URP4-1_R09_SLICE005_LABPC_FACTORY_USB_20260721/urp4/training/v0_1/contracts.py,127fff910ed84108bc116c295ac1c890493e02e04a51e7025494867b10e803ac,support_or_unclassified,55,pass,['build_pending_training_manifest'],[],"['__future__', 'copy', 'typing', 'urp4.contracts.v0_1.ids', 'urp4.contracts.v0_1.models', '.models']"
outputs/URP4-1_R09_SLICE005_LABPC_FACTORY_USB_20260721/urp4/training/v0_1/models.py,d1ea9c9497c37be0ae783445d9aa7451c24421cf7ae1e6907c76e14ebc80fc2a,support_or_unclassified,162,pass,[],"['TrainingPolicyError', 'TrainingSourceSpec', 'MethodPluginSpec', 'FeatureBlockSpec', 'NotebookAudit', 'FeatureRoute', 'FoldAssignment', 'TrainingPlan']","['__future__', 'dataclasses', 'typing']"
outputs/URP4-1_R09_SLICE005_LABPC_FACTORY_USB_20260721/urp4/training/v0_1/policy.py,d7b6f9f40f5b1648616b57cc02103f5868bd3fadb3b46cb1371ed4a34e35e41c,support_or_unclassified,251,pass,"['_stable_id', 'validate_semantic_id', 'route_features', 'validate_split_contract', 'plan_outer_folds', 'validate_selection_records', 'validate_oof_ensemble_inputs', 'build_training_plan']",[],"['__future__', 'hashlib', 'json', 're', 'collections', 'typing', '.models', '.registry']"
outputs/URP4-1_R09_SLICE005_LABPC_FACTORY_USB_20260721/urp4/training/v0_1/registry.py,c7bc87dc730d06cef89c45a78b23372ba16eb186cf422c13a7628c2a9e8900b8,support_or_unclassified,69,pass,"['build_source_registry', 'source_registry_by_alias', 'build_method_registry', 'method_registry_by_id', 'build_feature_block_registry', 'feature_registry_by_id']",[],"['__future__', '.models']"
outputs/URP4-1_R09_SLICE005_LABPC_FACTORY_USB_20260721/urp4/training/v0_1/source_audit.py,92984e1a38db136dad6f99de7dac7607f6ec995ebfc2fcfcf1a7d173497eef39,support_or_unclassified,138,pass,"['sha256_file', '_literal_assignments', 'audit_notebook', 'audit_sources', 'definition_inventory']",[],"['__future__', 'ast', 'hashlib', 'json', 'pathlib', 'typing', '.models']"
urp4/__init__.py,41b78fc55f3d03cc83fbca1e4279665c463f33f5663ad8f5b57b00fff9a2ca0f,support_or_unclassified,9,pass,[],[],[]
urp4/contracts/__init__.py,e5d6656c731246b64d8359e1d6cbbf8e12c38710d9e83e80dce2cfd8ef28b2b0,support_or_unclassified,26,pass,[],[],['.v0_1']
urp4/contracts/v0_1/__init__.py,0200ae980b28d41d9f61d02455223605a11ce8a4866a9518ed65777a5cbcb201,support_or_unclassified,24,pass,[],[],"['.ids', '.models', '.validation']"
urp4/contracts/v0_1/canonical.py,16820525e28b5d6a1a8e305a2bf2102e279ae6ae35f76139e4203a1fa41b9ee9,support_or_unclassified,89,pass,"['_assert_finite', 'canonical_json_bytes', 'sha256_hex', 'sha256_file', 'validate_sha256', 'normalize_relative_path']",['CanonicalizationError'],"['__future__', 'hashlib', 'json', 'math', 're', 'pathlib', 'typing']"
urp4/contracts/v0_1/ids.py,0190fafece4f9afb5d1f443f50a972737a727ee186d21789f4c7d1fba8780608,support_or_unclassified,206,pass,"['_slug', 'scalar_output_identity', 'make_scalar_output_id', 'identity_payload', 'expected_identity_sha256', 'expected_object_id', 'build_document']",[],"['__future__', 'copy', 're', 'datetime', 'typing', '.canonical']"
urp4/contracts/v0_1/models.py,5bf6dc0f4b3cc45ce7d33dd7fa93eef8fa3773a00626830537a3e09863af248a,support_or_unclassified,53,pass,[],"['ContractDocument', 'GenerationRequest', 'GeometryArtifact', 'DescriptorResult', 'DatasetManifest', 'TrainingRunManifest']","['__future__', 'copy', 'dataclasses', 'typing']"
urp4/contracts/v0_1/validation.py,c32983dec08d25942cae055f123912ec8fd25f2d783813e18a461f5ebeff99b6,support_or_unclassified,142,pass,"['_validator', '_raise_schema_errors', '_check_paths', '_check_source_scoped_ids', 'validate_document', 'validate_bundle']",['ContractValidationError'],"['__future__', 'json', 're', 'functools', 'pathlib', 'typing', 'jsonschema', '.canonical', '.ids']"
urp4/descriptor_service/__init__.py,01b048d500ff1d73db3d568486f02981e5b44278a2fc860e168d03cc64b62dfc,support_or_unclassified,5,pass,[],[],['.v0_1']
urp4/descriptor_service/v0_1/__init__.py,6ee99b579e324aa8b52b04abbdf50725fc10b8d1caac0046a699088093e4d118,support_or_unclassified,15,pass,[],[],"['.models', '.pipeline', '.service']"
urp4/descriptor_service/v0_1/component.py,dd395c9e7e90d491181f851ca7afa1c13d0dfc63ec7b6b2be3c5da98b5e764cf,support_or_unclassified,173,pass,"['perimeter_pixels', 'contact_edge_length_pixels', 'safe_div', 'safe_angle', 'component_features_for_pair']",['ComponentFeature'],"['__future__', 'math', 'dataclasses', 'typing', 'cv2', 'numpy']"
urp4/descriptor_service/v0_1/config.py,79e72f02b554f7e0780993e7ec0e09f209dbc97b9e0d8f0503cabc2d1bcffaed,support_or_unclassified,47,pass,[],['ExtractionConfig'],"['__future__', 'dataclasses', 'urp4.contracts.v0_1.canonical']"
urp4/descriptor_service/v0_1/contracts.py,aace4ae6edd9fa276dca1413abbbf26f4c79993b3d63d0c1f4a9e9079786b3f0,support_or_unclassified,268,pass,"['_rel', '_source_ref', '_provenance', 'geometry_reference_documents', 'descriptor_documents']",[],"['__future__', 'json', 'pathlib', 'typing', 'pandas', 'urp4.contracts.v0_1.canonical', 'urp4.contracts.v0_1.ids', 'urp4.contracts.v0_1.validation', '.service']"
urp4/descriptor_service/v0_1/formula.py,d72075dcf6b7a3027a4473ffb87047903ecd01db5fc6f366a4bff0e0453a156e,support_or_unclassified,19,pass,"['population_mean', 'population_std_ddof0']",[],"['__future__', 'numpy']"
urp4/descriptor_service/v0_1/geometry.py,580df093f8790137d79651909e2fb9b36f3f20ba69a26d558b97a5d35b074351,support_or_unclassified,44,pass,"['load_binary_stl_vertices', 'geometry_bounds']",[],"['__future__', 'struct', 'pathlib', 'numpy', 'urp4.contracts.v0_1.canonical']"
urp4/descriptor_service/v0_1/models.py,696f747251d4143010cede2c8ef8f72e92262bdd1d08c06a9814da50a220784e,support_or_unclassified,40,pass,[],"['DescriptorServiceError', 'PrimitiveTables', 'ScalarResult']","['__future__', 'dataclasses', 'typing', 'pandas']"
urp4/descriptor_service/v0_1/pipeline.py,1ad4ea50c8e4676848881c8601373239fb185a12c7e5fa041edd7df56248f406,support_or_unclassified,257,pass,['_sha256'],"['ExtractionOutput', 'Run139ExtractionPipeline']","['__future__', 'hashlib', 'shutil', 'dataclasses', 'pathlib', 'typing', 'numpy', 'pandas', '.component', '.config', '.geometry', '.models', '.pixel', '.slicing']"
urp4/descriptor_service/v0_1/pixel.py,3cd37430c720e4d6a572d1787c7f5c0a917965ea56aa451cd4b11ce945db6d72,support_or_unclassified,78,pass,"['save_mask', 'read_mask', 'save_overlay', 'read_overlay_counts', 'connected_components']",[],"['__future__', 'pathlib', 'typing', 'cv2', 'numpy', 'PIL']"
urp4/descriptor_service/v0_1/population.py,20fa690cc3acbb0b47569524694f339c25239a2359771b8a3cbb7c513b4e3478,support_or_unclassified,40,pass,"['slice_occupancy', 'slice_component_count', 'overlay_change_fraction', 'overlay_overlap_fraction', 'finite_component_population']",[],"['__future__', 'numpy', 'pandas']"
urp4/descriptor_service/v0_1/qa.py,ceae088b19475ea7a8d5b32a04650805670e3ea5db0c8470b27722a706c90e2a,support_or_unclassified,82,pass,"['compare_tables', 'assert_streaming_cleanup']",[],"['__future__', 'pathlib', 'typing', 'numpy', 'pandas']"
urp4/descriptor_service/v0_1/run139.py,3d6b3b4c14ab0bd00f242a52b62704f519a740d247e9404bf1ca36624f56537a,support_or_unclassified,207,pass,[],"['AttemptEvidence', 'FrozenRun139Adapter']","['__future__', 'json', 'dataclasses', 'pathlib', 'numpy', 'pandas', 'urp4.contracts.v0_1.canonical', '.models', '.service']"
urp4/descriptor_service/v0_1/service.py,37406a1004478b340297d3ce36408ea09682fd73d8e15f9411f218535db93d81,support_or_unclassified,187,pass,[],['Run139DescriptorService'],"['__future__', 'collections.abc', 'numpy', 'pandas', '.formula', '.models', '.population']"
urp4/descriptor_service/v0_1/slicing.py,9ab4213007b716f8ed361a6aecbbac7a8e5251459c6ff0feebac2e74dbc942ff,support_or_unclassified,85,pass,"['vectorized_segments', 'rasterize_segments_scanline']",[],"['__future__', 'math', 'numpy']"
urp4/generators/__init__.py,b1bc199d8ce44ea32358466c10b26236b59081037b4372f355309d22327c4f2b,support_or_unclassified,2,pass,[],[],[]
urp4/generators/lattice_typeab/__init__.py,8d5fa45ab24ab7db58b60de6f8d2cee67d79b9a2b0aa750f862ec090adde317f,support_or_unclassified,2,pass,[],[],[]
urp4/generators/lattice_typeab/v0_1/__init__.py,e420e61f8109bea1c5409ac874ae0e32428363a3426493cda88dcd976369afcb,support_or_unclassified,23,pass,[],[],"['.contracts', '.models', '.plugin']"
urp4/generators/lattice_typeab/v0_1/contracts.py,5d72d419433baf8a9d6e9e862beac223d00dc481849a4c82cab326797af29f20,support_or_unclassified,107,pass,"['_theta', 'build_type_a_request', 'build_geometry_artifact']",[],"['__future__', 'pathlib', 'typing', 'urp4.contracts.v0_1.canonical', 'urp4.contracts.v0_1.ids', 'urp4.contracts.v0_1.models', '.models']"
urp4/generators/lattice_typeab/v0_1/descriptors.py,57707bc9ff020f2aa5fa1e530b45299e81f84890de3edb3b93640d926be4c0f1,support_or_unclassified,127,pass,"['_mean', '_sample_std', '_weighted', '_axis_angles', 'extract_start_end_structural_factors']",[],"['__future__', 'math', 'statistics', 'collections', 'numpy', '.graph', '.models']"
urp4/generators/lattice_typeab/v0_1/exporters.py,4a9b7b32f642cbb2717d562095f0ff22ba3de88b820747b61b8f0326934bb6c7,support_or_unclassified,134,pass,"['_cylinder_between', 'build_cylinder_sphere_mesh', 'export_stl', '_freecad_modules', 'export_step_optional', 'mesh_qa']",[],"['__future__', 'sys', 'pathlib', 'numpy', 'trimesh', 'urp4.contracts.v0_1.canonical', '.models']"
urp4/generators/lattice_typeab/v0_1/graph.py,13e23d2c957b476caf4c3fa0abe8efda78918f0407344feddf0e690bea46772e,support_or_unclassified,270,pass,"['_key3', 'deduplicate_nodes_edges', 'connected_components', 'ensure_connected', '_base_unit_nodes', 'generate_type_a_unit_cell', 'standardize_unit_cell', 'tile_unit_cell', 'strut_lengths', 'calculate_volume_fraction', 'assign_uniform_radius_for_vf', 'create_type_a_model']",[],"['__future__', 'math', 'typing', 'numpy', 'scipy.spatial.distance', '.models']"
urp4/generators/lattice_typeab/v0_1/models.py,66329e2be7acb255f68a4d508c3931a6be9cbc41e4a3f053a6554cecb1ad4bcf,support_or_unclassified,120,pass,[],"['LatticeGeneratorError', 'TypeBInputUnavailable', 'StepBackendUnavailable', 'GenerationConfig', 'LatticeGraph', 'ExportAttempt']","['__future__', 'dataclasses', 'typing', 'numpy']"
urp4/generators/lattice_typeab/v0_1/plugin.py,bfe0d52005118603dccef6ae027aa8ca4a17da77a2248e36e020c03336126ab7,support_or_unclassified,100,pass,['package_code_sha256'],"['GenerationOutcome', 'LatticeTypeABPlugin']","['__future__', 'json', 'dataclasses', 'pathlib', 'numpy', 'urp4.contracts.v0_1.canonical', 'urp4.contracts.v0_1.models', '.contracts', '.descriptors', '.exporters', '.graph', '.models']"
urp4/generators/lattice_typeab/v0_1/type_b.py,997606649e41d354c6b894c367d4445cd0e9a7e1cd8d98b8629b1a6766967d08,support_or_unclassified,151,pass,"['_number', '_build_graph', 'load_type_b_workbook', 'normalize_or_tile_imported_lattice', 'create_type_b_model']",[],"['__future__', 'math', 'pathlib', 'typing', 'numpy', 'openpyxl', 'urp4.contracts.v0_1.canonical', '.graph', '.models']"
urp4/generators/tpms_multiwall/__init__.py,eda7ea70e2d2b1c17b03db3ac9efc6553dcfe8055064051e8e478fc5e0ee3b4e,support_or_unclassified,2,pass,[],[],[]
urp4/generators/tpms_multiwall/v0_1/__init__.py,e9210e752e22985137682fb1abcf501c575f30c86cb60e2e6a25d8891b42732c,support_or_unclassified,26,pass,[],[],"['.contracts', '.models', '.plugin', '.registry']"
urp4/generators/tpms_multiwall/v0_1/contracts.py,4f13555ca9713513d5449fe6dfef7a2a642c28fa1bab85ff1ef137bafe73b8ec,support_or_unclassified,140,pass,"['_theta', 'build_multiwall_request', 'build_geometry_artifact']",[],"['__future__', 'pathlib', 'typing', 'urp4.contracts.v0_1.canonical', 'urp4.contracts.v0_1.ids', 'urp4.contracts.v0_1.models', '.models']"
urp4/generators/tpms_multiwall/v0_1/exporters.py,a21ef77ccce5328efc5091e9ed6e3a35aeed91b9ff656c1ddb87129fe9248c50,support_or_unclassified,88,pass,"['write_binary_stl', 'export_stl', 'mesh_qa']",[],"['__future__', 'struct', 'pathlib', 'numpy', 'trimesh', 'urp4.contracts.v0_1.canonical', '.models']"
urp4/generators/tpms_multiwall/v0_1/fields.py,e9a3e0c460252e6d437148eb0d1ee4257b8ead1c94d9d5bd3cffff0ee711c08d,support_or_unclassified,93,pass,"['make_tpms_grid', 'tpms_field']",[],"['__future__', 'numpy']"
urp4/generators/tpms_multiwall/v0_1/masking.py,10ab73bd146669120350cede967a9f2a87745ab1553d1b97e10b576319e01512,support_or_unclassified,379,pass,"['estimate_mask_vf', 'count_connected_components', 'keep_largest_component', '_draw_voxel_bridge', 'repair_mask_connectivity', 'enforce_min_hole_size', '_raw_mask_from_band', 'make_mask_for_target_vf', 'generate_tpms_mask', 'check_thickness_consistency', 'check_open_cell', 'mesh_from_binary_mask', 'generate_tpms_candidate']",[],"['__future__', 'json', 'numpy', 'scipy.ndimage', 'skimage', '.fields', '.models']"
urp4/generators/tpms_multiwall/v0_1/models.py,fff4adfc7f91fd372958635c8cbfea52f0920af200e0dfc23be9f2ce2b25d9ad,support_or_unclassified,183,pass,[],"['TPMSGeneratorError', 'TPMSComponent', 'MultiwallGenerationConfig', 'MultiwallCandidate', 'TPMSGenerationResult', 'ExportAttempt']","['__future__', 'dataclasses', 'pathlib', 'typing', 'numpy']"
urp4/generators/tpms_multiwall/v0_1/plugin.py,6de380d4faf01b38e3da8ea5a5dd650e72c74b0f084b7aa023f5c5208dcc02bc,support_or_unclassified,140,pass,['package_code_sha256'],"['GenerationOutcome', 'TPMSMultiwallPlugin']","['__future__', 'dataclasses', 'pathlib', 'numpy', 'urp4.contracts.v0_1.canonical', 'urp4.contracts.v0_1.models', '.contracts', '.exporters', '.masking', '.models']"
urp4/generators/tpms_multiwall/v0_1/registry.py,5f5b59a3e8f19644c7e8ea81850eb6141a248f4cb96b68b41e561894544ecb99,support_or_unclassified,76,pass,"['_uniform', '_integer', 'build_multiwall_candidate_registry']",[],"['__future__', 'numpy', '.models']"
urp4/generators/voxel/__init__.py,77bffa1484a9d40a024634dd15f75dcaf4c303bc4ca13a618c7f8b0e5017b8ea,support_or_unclassified,2,pass,[],[],[]
urp4/generators/voxel/v0_1/__init__.py,4792eb5b2783c2f8c91dfa419037d00a8c420d221e7df632db30756ea417f6c7,support_or_unclassified,9,pass,[],[],"['.contracts', '.models', '.plugin', '.registry']"
urp4/generators/voxel/v0_1/contracts.py,9bef1c6e8e41962fd6b02e9d45490c37abbd2378f6638f8c45e0b9ced8e7a86f,support_or_unclassified,110,pass,"['_contract_safe_params', '_theta', 'build_voxel_request', 'build_geometry_artifact']",[],"['__future__', 'typing', 'urp4.contracts.v0_1.canonical', 'urp4.contracts.v0_1.ids', 'urp4.contracts.v0_1.models', '.models', '.source_kernel']"
urp4/generators/voxel/v0_1/exporters.py,f8eec2c0393806325467d224cee5897301ad2bbe4cfceacbcf4b9b553cb9317e,support_or_unclassified,69,pass,"['write_binary_stl', 'export_stl', 'mesh_qa']",[],"['__future__', 'struct', 'pathlib', 'numpy', 'trimesh', 'urp4.contracts.v0_1.canonical', '.models']"
urp4/generators/voxel/v0_1/kernel.py,664c73be3bc4609b0407baadf18bd9a4e69b788772e3724f2ae6d99a8952ca0a,support_or_unclassified,41,pass,"['source_runtime_config', 'generate_voxel_candidate', 'generate_voxel_mask']",[],"['__future__', 'numpy', '.models', '.source_kernel']"
urp4/generators/voxel/v0_1/models.py,12c5b353be0007c51ca0a29cd9f8c886eb70c25f3ae3b8622e100d6c9f87b13b,support_or_unclassified,175,pass,[],"['VoxelGeneratorError', 'VoxelGenerationConfig', 'VoxelCandidate', 'VoxelGenerationResult', 'ExportAttempt']","['__future__', 'dataclasses', 'pathlib', 'typing', 'numpy']"
urp4/generators/voxel/v0_1/plugin.py,fc8e30927988c085d6df0b6400f2caf3f4f4d8f39cc17bc230074db014088ca7,support_or_unclassified,99,pass,['package_code_sha256'],"['GenerationOutcome', 'VoxelPlugin']","['__future__', 'dataclasses', 'pathlib', 'numpy', 'urp4.contracts.v0_1.canonical', 'urp4.contracts.v0_1.models', '.contracts', '.exporters', '.kernel', '.models', '.source_kernel']"
urp4/generators/voxel/v0_1/registry.py,3d230edc0495b864a87134958967d3aed71b4c9cb8441567f714c77240f9a475,support_or_unclassified,42,pass,['build_voxel_registry'],[],"['__future__', 'numpy', '.models']"
urp4/generators/voxel/v0_1/source_kernel.py,db50808bc205f6b13a366ac88dd0ec5a31d23a36cef1b96e46489394f5164543,support_or_unclassified,143,pass,"['verify_sources', '_selected_module', 'load_source_namespace']",[],"['__future__', 'ast', 'json', 'math', 'struct', 'threading', 'pathlib', 'typing', 'numpy', 'scipy.ndimage', 'skimage', 'urp4.contracts.v0_1.canonical']"
urp4/geometry_io/__init__.py,4532d05bbcca8e192eabc670a056ff7fe6c18c7fdeac90d25af98082760c37b8,support_or_unclassified,2,pass,[],[],[]
urp4/geometry_io/v0_1/__init__.py,02b2926e1bfc7ee566fb3e94bb08036afc2d8f2b80a3b9955b93338a58f3b56b,support_or_unclassified,16,pass,[],[],"['.models', '.routing', '.stl_import']"
urp4/geometry_io/v0_1/models.py,85abe3c59de0b9fa2532d9455808e92abff62f4bcdd3b87c857b5f1c52e928d7,support_or_unclassified,43,pass,[],"['GeometryImportError', 'STLImportConfig']","['__future__', 'dataclasses', 'pathlib']"
urp4/geometry_io/v0_1/routing.py,6f8dde1ab5a0b95347cfa7d445d4c12129e59fe1cba069d7653c65c2e1c6b320,support_or_unclassified,39,pass,['route_geometry_inputs'],[],"['__future__', 'pandas', '.models', '.stl_import']"
urp4/geometry_io/v0_1/stl_import.py,31454eee7093526fae2cb6e06e811b1bbfb25ca18aa2d1e589d495ea6259ddc8,support_or_unclassified,204,pass,"['_model_id', '_family_and_generator', 'discover_stl_files', '_load_mesh', 'inspect_stl', 'build_stl_import_table', 'iter_source_hashes']",[],"['__future__', 're', 'pathlib', 'typing', 'numpy', 'pandas', 'trimesh', 'urp4.contracts.v0_1.canonical', 'urp4.descriptor_service.v0_1.geometry', '.models']"
urp4/geometry_io/v0_2/__init__.py,2947ba84dcf17a3b6007692bcb0c1659e6ce1f8425b8a91541895e3f8ebc7d57,support_or_unclassified,15,pass,[],[],['.step_import']
urp4/geometry_io/v0_2/step_import.py,77482c3dee570f309b022407dc43656a83c63524cc4132c2041c4553a474f18a,support_or_unclassified,371,pass,"['sha256_file', '_model_id_from_path', '_iter_geometry_files', 'inventory_step_preferred_inputs', '_ocp_modules', '_shape_bbox', '_shape_volume', '_normalize_shape', '_read_step_shape', '_shape_to_arrays', '_stl_to_step_proxy', 'prepare_analysis_geometry']","['GeometryRouteError', 'GeometryRouteConfig']","['__future__', 'dataclasses', 'hashlib', 'pathlib', 're', 'typing', 'numpy']"
urp4/geometry_io/v0_3/__init__.py,685eddb2fd6330c7e194bb3a87dde7bff887f7501014aeb2488f766adb1a8651,support_or_unclassified,19,pass,[],[],['.source_preflight']
urp4/geometry_io/v0_3/source_preflight.py,210b8ece82adf348e097c400b516cce8d133a219122fad8649433a9790510d36,support_or_unclassified,307,pass,"['sha256_file', 'route_id_for_source_type', '_load_stl_raw', '_inspect_stl', '_count_subshapes', '_inspect_step', 'inspect_source']","['SourcePreflightError', 'GeometrySourceRecord']","['__future__', 'dataclasses', 'hashlib', 'pathlib', 'typing', 'numpy', 'trimesh']"
urp4/geometry_io/v0_4/__init__.py,f77ae9d005d5481a3ccb1882b621deee06fbd599a5bab007bec26e6ed9f3c0ed,support_or_unclassified,26,pass,[],[],['.imported_winding']
urp4/geometry_io/v0_4/imported_winding.py,33f304d457534864132563b76b4af0f2dfba1d5e6da4de43fc7daa00b8ce97ad,support_or_unclassified,304,pass,"['load_imported_stl_triangles', 'oriented_section_z', 'active_triangle_subsets_z', 'winding_raster', 'imported_stl_mask_stream', 'mask_packedbits_sha256']",['ImportedSTLWindingConfig'],"['__future__', 'hashlib', 'math', 'dataclasses', 'pathlib', 'typing', 'numpy', 'urp4.contracts.v0_1.canonical', 'urp4.descriptor_service.v0_1.geometry']"
urp4/integration/__init__.py,52721082f4f1ca28cf6b8d92bb4a2c2d2c94cbe47cdfbed9bb53a5d60723dd1e,support_or_unclassified,2,pass,[],[],[]
urp4/integration/theta_geometry_x/__init__.py,f7451227d19b6f698751f99c14b367936f722d2b73f6adbc0742d3c4d946f41c,support_or_unclassified,2,pass,[],[],[]
urp4/integration/theta_geometry_x/v0_1/__init__.py,60b68dcd0de8c3bb58b4003b71f997e34c05f617731343ec428d287d236d2535,support_or_unclassified,19,pass,[],[],"['.models', '.registry', '.validation']"
urp4/integration/theta_geometry_x/v0_1/models.py,f06cb39a6bde97dceacb5183f07a7e66b552494c0de755cec3e8c5595bd89405,support_or_unclassified,76,pass,[],"['ThetaGeometryXError', 'ThetaSpec', 'ThetaGeometryXRecord']","['__future__', 'dataclasses', 'typing']"
urp4/integration/theta_geometry_x/v0_1/registry.py,602fe729d063bbf5c1bc0a0faf7571a56678bf6b99a9d76c3ebec743c1e8bbcd,support_or_unclassified,130,pass,"['_spec', 'build_registry', 'registry_by_id']",[],"['__future__', '.models']"
urp4/integration/theta_geometry_x/v0_1/validation.py,1dc404bf52d27d41690ba6e3b9f234660136b366180a10a4c91c9f888b90013b,support_or_unclassified,216,pass,"['_json', '_matches_applicable', 'validate_theta_values', '_verify_geometry_file', 'build_record', 'validate_sibling_group']",[],"['__future__', 'json', 'collections.abc', 'pathlib', 'typing', 'urp4.contracts.v0_1.canonical', 'urp4.contracts.v0_1.models', '.models']"
urp4/legacy_reference/__init__.py,40edb40874081713ef16598ede19f63a88e0ef6615b189df40a5e27f9e347b97,support_or_unclassified,2,pass,[],[],[]
urp4/legacy_reference/v0_1/__init__.py,975634194bfffed775ae6da5a1e4a84cc19c94b70bb3bb2ba06408240e6d550e,support_or_unclassified,22,pass,[],[],['.adapters']
urp4/legacy_reference/v0_1/adapters.py,1ca9b01efd72e9a0772cce1a53562b88bf4b87e6c5b6fc1890a5872a94c0e32f,support_or_unclassified,271,pass,"['_source', 'source_registry', '_capture_call', 'run_rawdata', 'run_slice_result', 'run_angle_all', 'run_surface_curvature', 'run_point_distribution', 'run_lattice_structure']",[],"['__future__', 'contextlib', 'io', 'math', 'collections', 'pathlib', 'typing', 'cv2', 'numpy', 'open3d', 'openpyxl', 'pandas', '.loader']"
urp4/legacy_reference/v0_1/loader.py,00d64b51fa4dba7f0da68da2dc9ab638e04d493aa9319775a76b918c32c48f99,support_or_unclassified,150,pass,"['sha256_file', 'verify_source', 'build_numpy_cupy_shim', 'temporary_cupy_shim', 'load_source_module', 'function_line_spans', 'load_function_subset', 'patched_input', 'run_source_script']","['_FakeRuntime', '_FakeDevice']","['__future__', 'ast', 'builtins', 'contextlib', 'hashlib', 'importlib.util', 'runpy', 'sys', 'types', 'uuid', 'pathlib', 'typing', 'numpy']"
urp4/orchestration/__init__.py,386ddbaff1cd91f26ff404952b6eb959755dfb2e20bc813748e38c945c8065af,support_or_unclassified,2,pass,[],[],[]
urp4/orchestration/v0_1/__init__.py,a3015746509a2c8b997ab91ce343ca8a79edc9578aa90e5c574bc8599a21ef7b,support_or_unclassified,38,pass,[],[],"['.engine', '.models', '.registry']"
urp4/orchestration/v0_1/engine.py,2543825d957b78fd045ebbe6fb2ddd6004a7d3ba053a701ffe36d9e948b3ec43,support_or_unclassified,193,pass,"['build_plan', 'plan_sha256', 'validate_plan', '_state_sha', '_make_state', 'validate_state', 'run_plan']",[],"['__future__', 'dataclasses', 'typing', 'urp4.contracts.v0_1.canonical', '.models', '.registry']"
urp4/orchestration/v0_1/models.py,f64c7c809d0942591125c49eb7f296f1732c780c95c6c6f1ce7cee88b2b00e53,support_or_unclassified,111,pass,[],"['OrchestrationError', 'StageSpec', 'OrchestrationPlan', 'StageRecord', 'OrchestrationState']","['__future__', 'dataclasses', 'typing']"
urp4/orchestration/v0_1/registry.py,4f3aed7bf10d25f1b4d9271ff18018761c05703c791413dcc227d547753ca2b1,support_or_unclassified,93,pass,"['build_cint_stage_registry', '_merge_status', '_validate_exports', 'build_interface_validators']",[],"['__future__', 'importlib', 'pathlib', 'typing', '.models']"
urp4/presentation/__init__.py,62f77fac34125db78d4865637faea428ca4879da82b00c843eeae716d4317716,support_or_unclassified,2,pass,[],[],[]
urp4/presentation/v0_1/__init__.py,467b8885a882dab98fb459da4038e53f9bd5f8fc165da1e181c7906d0f5c1d29,support_or_unclassified,30,pass,[],[],"['.canonical', '.ids', '.ledger', '.registrar', '.scheduling', '.snapshot']"
urp4/presentation/v0_1/canonical.py,59e904ea7a6440b51811cba677bba2a045523952fd6d43441857530db7820246,support_or_unclassified,52,pass,"['sha256_without_members', 'sha256_without_nested_member']",[],"['__future__', 'copy', 'typing', 'urp4.contracts.v0_1.canonical']"
urp4/presentation/v0_1/dry_run.py,6e48c229ef254e68316a37ab12e4f9f6f3687a05fd52f19be89f88ce911c8998,support_or_unclassified,703,pass,"['_ref', '_file_ref', '_genome', '_slides', '_base_manifest', '_assert_schema', '_state_to_active', 'run_dry_run']",[],"['__future__', 'json', 'shutil', 'copy', 'datetime', 'pathlib', 'typing', 'jsonschema', '.canonical', '.ids', '.ledger', '.registrar', '.scheduling']"
urp4/presentation/v0_1/ids.py,cf5442d95f1dd18b1e5d76649fd9474abdea5a68c125edaaed0e0aaa78483ffc,support_or_unclassified,199,pass,"['uuid7', 'is_uuid7']","['AllocationError', 'IdAllocator']","['__future__', 'json', 'os', 'secrets', 'time', 'uuid', 'contextlib', 'pathlib', 'typing', '.canonical']"
urp4/presentation/v0_1/ledger.py,3504542c233e261a964169db740b3dfa36ba3cc4a63111a7868247871c85100e,support_or_unclassified,350,pass,"['_utc_timestamp', '_event_identity', 'project_events']","['LedgerError', 'EventLedger']","['__future__', 'json', 'os', 'contextlib', 'copy', 'datetime', 'pathlib', 'typing', 'jsonschema', '.canonical']"
urp4/presentation/v0_1/p2_preflight.py,535dbd1ff190edebc14256bb4f83f5189ec0e892ef7c1d52fd894e5a1c61861b,support_or_unclassified,988,pass,"['now_kst', 'canonical_bytes', 'sha256_bytes', 'sha256_file', 'file_record', 'load_json', 'write_json', 'write_text', 'profile_hash', 'finish_profile', 'run', 'rgb_channel', 'contrast_ratio', 'image_record', 'image_metrics', 'iter_typefaces', 'layout_overflow', 'font_name', 'audit_font', 'package_tree_record', 'make_locked_asset_bundle', 'fixture_paths', 'slides_test_results', 'base_profile', 'build_profiles', 'main']",[],"['__future__', 'argparse', 'hashlib', 'json', 'platform', 'shutil', 'subprocess', 'sys', 'copy', 'datetime', 'pathlib', 'typing', 'numpy', 'fontTools.ttLib', 'PIL']"
urp4/presentation/v0_1/registrar.py,98ec8a8dab0d779544c043708f9dc452af2562d0ac424c98984442c701d8d76c,support_or_unclassified,474,pass,"['_load_schema', '_pointer_parts', 'resolve_pointer', '_escape_pointer', 'json_diff', 'compute_spec_fingerprint', 'compute_instance_fingerprint', 'seal_manifest', 'verify_manifest_hashes']","['ValidationIssue', 'RegistrationError', 'CandidateRegistrar']","['__future__', 'json', 'os', 'copy', 'dataclasses', 'pathlib', 'typing', 'jsonschema', '.canonical', '.ids', '.ledger']"
urp4/presentation/v0_1/scheduling.py,bb06fe610818a18cb1b4d8a39de196bcbd559fabb9703969568b8726cd43f85a,support_or_unclassified,158,pass,"['_timestamp', '_labels', '_uuid7_from_rng', 'make_reversed_pair_matches', 'human_packet', 'assert_balanced']",['SchedulingError'],"['__future__', 'random', 'time', 'uuid', 'copy', 'datetime', 'typing']"
urp4/presentation/v0_1/snapshot.py,3f1832435e4997034c8abd2d133619705ebdd726aa608692653e7954437f8bdd,support_or_unclassified,632,pass,"['_write_new', '_seal', 'verify_snapshot_artifact', '_project_ref', '_vault_ref', '_evidence_item', '_claim', '_slide', 'build_p1_snapshot', 'verify_p1_semantics', 'verify_snapshot_directory']",['SnapshotError'],"['__future__', 'json', 'os', 'copy', 'datetime', 'pathlib', 'typing', 'jsonschema', '.canonical']"
urp4/training/__init__.py,c361ab611500cad0c7222bdc6d6a7e8717f3a65c4907a2331eb195bea1e75891,support_or_unclassified,6,pass,[],[],[]
urp4/training/p1_adapter_v0_1/__init__.py,b04a593d4d0bca2a1bef26ce178e5a08cc12d9aaed7c12771431c68d0227f8a9,support_or_unclassified,21,pass,[],[],"['.adapters', '.models', '.registry']"
urp4/training/p1_adapter_v0_1/adapters.py,73e29758afc8b4324056c68708bf6ac255cbb7a62e4a414fdea81fcb8eabe1e4,support_or_unclassified,193,pass,"['_reject_target_payload', '_truthy', '_applicable_families', '_validate_candidate_rows', 'compile_adapter_plan', 'deny_execution']",[],"['__future__', 're', 'collections', 'collections.abc', 'typing', '.models', '.registry']"
urp4/training/p1_adapter_v0_1/models.py,07214664ef1de073b5ea0bf3bd744429e4ec0b406b36f678144356e269e14824,support_or_unclassified,78,pass,[],"['AdapterContractError', 'RepresentativeAdapterSpec', 'AdapterPlan']","['__future__', 'dataclasses', 'typing']"
urp4/training/p1_adapter_v0_1/registry.py,6cd60a8b98dce8febefa39b35ed2e41cdcc4a4e393c214f2324347758312faa2,support_or_unclassified,94,pass,['get_adapter_spec'],[],"['__future__', '.models']"
urp4/training/p1_exec_layer_v0_1/__init__.py,a2582e0cfa92daa184a6d3582bdb1ccc198153c1f98bdbb04b01fa8b2c176ea3,support_or_unclassified,32,pass,[],[],"['.builders', '.estimators', '.ledger', '.models', '.permit']"
urp4/training/p1_exec_layer_v0_1/builders.py,dd7d7effa549f3f7b32c1d23d70c5f8322f4e1798c1041daa69c105259de1080,support_or_unclassified,114,pass,"['_base_pipeline', '_validate_outer', 'build_representative_estimator', 'build_representative_graph']",[],"['__future__', 'sklearn.impute', 'sklearn.linear_model', 'sklearn.pipeline', 'sklearn.preprocessing', 'urp4.training.p1_adapter_v0_1', '.estimators', '.models', '.permit']"
urp4/training/p1_exec_layer_v0_1/estimators.py,729f4759cf0d5e5844cc3370dc9d5f189299193a2d1bd4a5101be19213e872a5,support_or_unclassified,280,pass,['_ridge_pipeline'],"['_GuardedEstimator', 'GuardedWeightedBlendRegressor', 'GuardedStabilityLassoRidge', 'GuardedOMPThenRidge', 'GuardedFeatureAwareEnsemble']","['__future__', 'numpy', 'sklearn.base', 'sklearn.impute', 'sklearn.linear_model', 'sklearn.metrics', 'sklearn.model_selection', 'sklearn.pipeline', 'sklearn.preprocessing', 'sklearn.utils.validation', '.models', '.permit']"
urp4/training/p1_exec_layer_v0_1/ledger.py,36aad8d9e584fbaa514f212190a93f0b24ca496342516a7b8ee65ca7e9267bac,support_or_unclassified,55,pass,"['prospective_fit_ledger', 'prospective_fit_summary']",[],"['__future__', 'collections', 'typing', '.permit']"
urp4/training/p1_exec_layer_v0_1/models.py,b6f3c09c91e4df2fc24685d9eb25dd899a171ddda9ea8fa0ca962b81d0545bda,support_or_unclassified,57,pass,[],"['ExecLayerContractError', 'ExecutionPermit', 'ExecutionGraph']","['__future__', 'dataclasses', 'typing']"
urp4/training/p1_exec_layer_v0_1/permit.py,5396f85f4ccba6f9a2450676a93230e8b3a7e9b317af8628065d987e47fc2ed2,support_or_unclassified,107,pass,"['_sha256', '_canonical_payload', '_payload_sha256', 'load_execution_permit', 'assert_execution_authorized']",[],"['__future__', 'hashlib', 'json', 'pathlib', 'typing', '.models']"
urp4/training/v0_1/__init__.py,11eec2d05da853f97738b8a4f6de678f2ade8a81a23242eb808937d7d6200a5c,support_or_unclassified,69,pass,[],[],"['.contracts', '.models', '.policy', '.registry', '.source_audit']"
urp4/training/v0_1/contracts.py,127fff910ed84108bc116c295ac1c890493e02e04a51e7025494867b10e803ac,support_or_unclassified,55,pass,['build_pending_training_manifest'],[],"['__future__', 'copy', 'typing', 'urp4.contracts.v0_1.ids', 'urp4.contracts.v0_1.models', '.models']"
urp4/training/v0_1/models.py,d1ea9c9497c37be0ae783445d9aa7451c24421cf7ae1e6907c76e14ebc80fc2a,support_or_unclassified,162,pass,[],"['TrainingPolicyError', 'TrainingSourceSpec', 'MethodPluginSpec', 'FeatureBlockSpec', 'NotebookAudit', 'FeatureRoute', 'FoldAssignment', 'TrainingPlan']","['__future__', 'dataclasses', 'typing']"
urp4/training/v0_1/policy.py,d7b6f9f40f5b1648616b57cc02103f5868bd3fadb3b46cb1371ed4a34e35e41c,support_or_unclassified,251,pass,"['_stable_id', 'validate_semantic_id', 'route_features', 'validate_split_contract', 'plan_outer_folds', 'validate_selection_records', 'validate_oof_ensemble_inputs', 'build_training_plan']",[],"['__future__', 'hashlib', 'json', 're', 'collections', 'typing', '.models', '.registry']"
urp4/training/v0_1/registry.py,c7bc87dc730d06cef89c45a78b23372ba16eb186cf422c13a7628c2a9e8900b8,support_or_unclassified,69,pass,"['build_source_registry', 'source_registry_by_alias', 'build_method_registry', 'method_registry_by_id', 'build_feature_block_registry', 'feature_registry_by_id']",[],"['__future__', '.models']"
urp4/training/v0_1/source_audit.py,92984e1a38db136dad6f99de7dac7607f6ec995ebfc2fcfcf1a7d173497eef39,support_or_unclassified,138,pass,"['sha256_file', '_literal_assignments', 'audit_notebook', 'audit_sources', 'definition_inventory']",[],"['__future__', 'ast', 'hashlib', 'json', 'pathlib', 'typing', '.models']"
urp4/training/v0_2/__init__.py,24c39f42b9b2475e7973f367ccb5e893a8fc0ee510cef85d5ea568486b9c63e8,support_or_unclassified,16,pass,[],[],"['.models', '.policy', '.registry']"
urp4/training/v0_2/models.py,19b24c1ab841d959702ef7e8f106a6652553ffcb98c816f216cd31fb47b96ec1,support_or_unclassified,67,pass,[],"['FS4ContractError', 'MethodFamilyRole', 'FS4IntegrationPlan']","['__future__', 'dataclasses', 'typing']"
urp4/training/v0_2/policy.py,ef694a208127515f0a2644e3c69c64a28c3ba4a6ed761dc3360c97258677ef57,support_or_unclassified,122,pass,"['validate_candidate_interface', 'build_no_fit_plan', 'validate_oof_merge_records']",[],"['__future__', 'collections', 'typing', '.models', '.registry']"
urp4/training/v0_2/registry.py,db296fc50fce1996759386f7278f862f36c8225fff4eafd20f791c229c35a3a6,support_or_unclassified,115,pass,[],[],"['__future__', '.models']"
URP4-1_DELIVERABLE/tests/audit_deliverable.py,02ae40134c075eb31fdc7c90fd7a3307e95c6ce8a500a9712adaf4826fe347e6,development_or_release_engine,161,pass,"['sha', 'source_rows', 'complete_runs', 'output_manifest_valid', 'main']",[],"['__future__', 'hashlib', 'json', 'sys', 'pathlib', 'nbformat', 'pandas', 'urp4.generators.lattice_typeab.v0_1.contracts', 'urp4.generators.tpms_multiwall.v0_1.contracts', 'urp4.generators.voxel.v0_1.source_kernel', 'urp4.training.v0_1.registry']"
URP4-1_DELIVERABLE/tests/controller_contract.py,026fbef0f3757e0e5b52f028b587a4df81c30a0d1268fc32abb3d4c21b41b0d3,development_or_release_engine,119,pass,"['generated', 'imported', 'main']",[],"['__future__', 'json', 'sys', 'dataclasses', 'pathlib', 'urp4.hq.v0_1', 'urp4.hq.v0_1.controller']"
URP4-1_DELIVERABLE/tests/full_descriptor_smoke.py,bf999f5f2bab0d3d8488a4f734f20ce6a2aef0723fd19451b158fd0740bf1db4,development_or_release_engine,165,pass,"['sha256', 'main']",[],"['__future__', 'json', 'hashlib', 'sys', 'dataclasses', 'pathlib', 'pandas', 'trimesh', 'urp4.hq.v0_1', 'urp4.hq.v0_1.controller']"
URP4-1_DELIVERABLE/tests/resume_generated_fixture_descriptor.py,6d17e0b203e92d76c1cfedced581138f089c49a1c3df45214d2fcac0fdb55a2b,development_or_release_engine,69,pass,['main'],[],"['__future__', 'json', 'sys', 'pathlib', 'pandas', 'trimesh', 'urp4.hq.v0_1', 'urp4.hq.v0_1.controller']"
URP4-1_DELIVERABLE/tests/resume_voxel_smoke.py,b61202a9e24c5b27a7f04293891b276bdfb5abcafec4f38561847a651f0eef80,development_or_release_engine,59,pass,['main'],[],"['__future__', 'json', 'dataclasses', 'pandas', 'smoke_hq', 'urp4.hq.v0_1']"
URP4-1_DELIVERABLE/tests/smoke_hq.py,3f214ff0a82a23d26f4506ebc9c983b94e9bb85a1b7373c80b3081a0d74b06d2,development_or_release_engine,110,pass,"['base', 'main']",[],"['__future__', 'json', 'sys', 'dataclasses', 'pathlib', 'pandas', 'urp4.hq.v0_1', 'urp4.hq.v0_1.controller']"
URP4-1_DELIVERABLE/urp4/__init__.py,41b78fc55f3d03cc83fbca1e4279665c463f33f5663ad8f5b57b00fff9a2ca0f,development_or_release_engine,9,pass,[],[],[]
URP4-1_DELIVERABLE/urp4/contracts/__init__.py,e5d6656c731246b64d8359e1d6cbbf8e12c38710d9e83e80dce2cfd8ef28b2b0,development_or_release_engine,26,pass,[],[],['.v0_1']
URP4-1_DELIVERABLE/urp4/contracts/v0_1/__init__.py,0200ae980b28d41d9f61d02455223605a11ce8a4866a9518ed65777a5cbcb201,development_or_release_engine,24,pass,[],[],"['.ids', '.models', '.validation']"
URP4-1_DELIVERABLE/urp4/contracts/v0_1/canonical.py,16820525e28b5d6a1a8e305a2bf2102e279ae6ae35f76139e4203a1fa41b9ee9,development_or_release_engine,89,pass,"['_assert_finite', 'canonical_json_bytes', 'sha256_hex', 'sha256_file', 'validate_sha256', 'normalize_relative_path']",['CanonicalizationError'],"['__future__', 'hashlib', 'json', 'math', 're', 'pathlib', 'typing']"
URP4-1_DELIVERABLE/urp4/contracts/v0_1/ids.py,0190fafece4f9afb5d1f443f50a972737a727ee186d21789f4c7d1fba8780608,development_or_release_engine,206,pass,"['_slug', 'scalar_output_identity', 'make_scalar_output_id', 'identity_payload', 'expected_identity_sha256', 'expected_object_id', 'build_document']",[],"['__future__', 'copy', 're', 'datetime', 'typing', '.canonical']"
URP4-1_DELIVERABLE/urp4/contracts/v0_1/models.py,5bf6dc0f4b3cc45ce7d33dd7fa93eef8fa3773a00626830537a3e09863af248a,development_or_release_engine,53,pass,[],"['ContractDocument', 'GenerationRequest', 'GeometryArtifact', 'DescriptorResult', 'DatasetManifest', 'TrainingRunManifest']","['__future__', 'copy', 'dataclasses', 'typing']"
URP4-1_DELIVERABLE/urp4/contracts/v0_1/validation.py,c32983dec08d25942cae055f123912ec8fd25f2d783813e18a461f5ebeff99b6,development_or_release_engine,142,pass,"['_validator', '_raise_schema_errors', '_check_paths', '_check_source_scoped_ids', 'validate_document', 'validate_bundle']",['ContractValidationError'],"['__future__', 'json', 're', 'functools', 'pathlib', 'typing', 'jsonschema', '.canonical', '.ids']"
URP4-1_DELIVERABLE/urp4/descriptor_service/__init__.py,01b048d500ff1d73db3d568486f02981e5b44278a2fc860e168d03cc64b62dfc,development_or_release_engine,5,pass,[],[],['.v0_1']
URP4-1_DELIVERABLE/urp4/descriptor_service/v0_1/__init__.py,6ee99b579e324aa8b52b04abbdf50725fc10b8d1caac0046a699088093e4d118,development_or_release_engine,15,pass,[],[],"['.models', '.pipeline', '.service']"
URP4-1_DELIVERABLE/urp4/descriptor_service/v0_1/component.py,dd395c9e7e90d491181f851ca7afa1c13d0dfc63ec7b6b2be3c5da98b5e764cf,development_or_release_engine,173,pass,"['perimeter_pixels', 'contact_edge_length_pixels', 'safe_div', 'safe_angle', 'component_features_for_pair']",['ComponentFeature'],"['__future__', 'math', 'dataclasses', 'typing', 'cv2', 'numpy']"
URP4-1_DELIVERABLE/urp4/descriptor_service/v0_1/config.py,79e72f02b554f7e0780993e7ec0e09f209dbc97b9e0d8f0503cabc2d1bcffaed,development_or_release_engine,47,pass,[],['ExtractionConfig'],"['__future__', 'dataclasses', 'urp4.contracts.v0_1.canonical']"
URP4-1_DELIVERABLE/urp4/descriptor_service/v0_1/contracts.py,aace4ae6edd9fa276dca1413abbbf26f4c79993b3d63d0c1f4a9e9079786b3f0,development_or_release_engine,268,pass,"['_rel', '_source_ref', '_provenance', 'geometry_reference_documents', 'descriptor_documents']",[],"['__future__', 'json', 'pathlib', 'typing', 'pandas', 'urp4.contracts.v0_1.canonical', 'urp4.contracts.v0_1.ids', 'urp4.contracts.v0_1.validation', '.service']"
URP4-1_DELIVERABLE/urp4/descriptor_service/v0_1/formula.py,d72075dcf6b7a3027a4473ffb87047903ecd01db5fc6f366a4bff0e0453a156e,development_or_release_engine,19,pass,"['population_mean', 'population_std_ddof0']",[],"['__future__', 'numpy']"
URP4-1_DELIVERABLE/urp4/descriptor_service/v0_1/geometry.py,580df093f8790137d79651909e2fb9b36f3f20ba69a26d558b97a5d35b074351,development_or_release_engine,44,pass,"['load_binary_stl_vertices', 'geometry_bounds']",[],"['__future__', 'struct', 'pathlib', 'numpy', 'urp4.contracts.v0_1.canonical']"
URP4-1_DELIVERABLE/urp4/descriptor_service/v0_1/models.py,696f747251d4143010cede2c8ef8f72e92262bdd1d08c06a9814da50a220784e,development_or_release_engine,40,pass,[],"['DescriptorServiceError', 'PrimitiveTables', 'ScalarResult']","['__future__', 'dataclasses', 'typing', 'pandas']"
URP4-1_DELIVERABLE/urp4/descriptor_service/v0_1/pipeline.py,1ad4ea50c8e4676848881c8601373239fb185a12c7e5fa041edd7df56248f406,development_or_release_engine,257,pass,['_sha256'],"['ExtractionOutput', 'Run139ExtractionPipeline']","['__future__', 'hashlib', 'shutil', 'dataclasses', 'pathlib', 'typing', 'numpy', 'pandas', '.component', '.config', '.geometry', '.models', '.pixel', '.slicing']"
URP4-1_DELIVERABLE/urp4/descriptor_service/v0_1/pixel.py,3cd37430c720e4d6a572d1787c7f5c0a917965ea56aa451cd4b11ce945db6d72,development_or_release_engine,78,pass,"['save_mask', 'read_mask', 'save_overlay', 'read_overlay_counts', 'connected_components']",[],"['__future__', 'pathlib', 'typing', 'cv2', 'numpy', 'PIL']"
URP4-1_DELIVERABLE/urp4/descriptor_service/v0_1/population.py,20fa690cc3acbb0b47569524694f339c25239a2359771b8a3cbb7c513b4e3478,development_or_release_engine,40,pass,"['slice_occupancy', 'slice_component_count', 'overlay_change_fraction', 'overlay_overlap_fraction', 'finite_component_population']",[],"['__future__', 'numpy', 'pandas']"
URP4-1_DELIVERABLE/urp4/descriptor_service/v0_1/qa.py,ceae088b19475ea7a8d5b32a04650805670e3ea5db0c8470b27722a706c90e2a,development_or_release_engine,82,pass,"['compare_tables', 'assert_streaming_cleanup']",[],"['__future__', 'pathlib', 'typing', 'numpy', 'pandas']"
URP4-1_DELIVERABLE/urp4/descriptor_service/v0_1/run139.py,3d6b3b4c14ab0bd00f242a52b62704f519a740d247e9404bf1ca36624f56537a,development_or_release_engine,207,pass,[],"['AttemptEvidence', 'FrozenRun139Adapter']","['__future__', 'json', 'dataclasses', 'pathlib', 'numpy', 'pandas', 'urp4.contracts.v0_1.canonical', '.models', '.service']"
URP4-1_DELIVERABLE/urp4/descriptor_service/v0_1/service.py,37406a1004478b340297d3ce36408ea09682fd73d8e15f9411f218535db93d81,development_or_release_engine,187,pass,[],['Run139DescriptorService'],"['__future__', 'collections.abc', 'numpy', 'pandas', '.formula', '.models', '.population']"
URP4-1_DELIVERABLE/urp4/descriptor_service/v0_1/slicing.py,9ab4213007b716f8ed361a6aecbbac7a8e5251459c6ff0feebac2e74dbc942ff,development_or_release_engine,85,pass,"['vectorized_segments', 'rasterize_segments_scanline']",[],"['__future__', 'math', 'numpy']"
URP4-1_DELIVERABLE/urp4/generators/__init__.py,b1bc199d8ce44ea32358466c10b26236b59081037b4372f355309d22327c4f2b,development_or_release_engine,2,pass,[],[],[]
URP4-1_DELIVERABLE/urp4/generators/lattice_typeab/__init__.py,8d5fa45ab24ab7db58b60de6f8d2cee67d79b9a2b0aa750f862ec090adde317f,development_or_release_engine,2,pass,[],[],[]
URP4-1_DELIVERABLE/urp4/generators/lattice_typeab/v0_1/__init__.py,e420e61f8109bea1c5409ac874ae0e32428363a3426493cda88dcd976369afcb,development_or_release_engine,23,pass,[],[],"['.contracts', '.models', '.plugin']"
URP4-1_DELIVERABLE/urp4/generators/lattice_typeab/v0_1/contracts.py,5d72d419433baf8a9d6e9e862beac223d00dc481849a4c82cab326797af29f20,development_or_release_engine,107,pass,"['_theta', 'build_type_a_request', 'build_geometry_artifact']",[],"['__future__', 'pathlib', 'typing', 'urp4.contracts.v0_1.canonical', 'urp4.contracts.v0_1.ids', 'urp4.contracts.v0_1.models', '.models']"
URP4-1_DELIVERABLE/urp4/generators/lattice_typeab/v0_1/descriptors.py,57707bc9ff020f2aa5fa1e530b45299e81f84890de3edb3b93640d926be4c0f1,development_or_release_engine,127,pass,"['_mean', '_sample_std', '_weighted', '_axis_angles', 'extract_start_end_structural_factors']",[],"['__future__', 'math', 'statistics', 'collections', 'numpy', '.graph', '.models']"
URP4-1_DELIVERABLE/urp4/generators/lattice_typeab/v0_1/exporters.py,4a9b7b32f642cbb2717d562095f0ff22ba3de88b820747b61b8f0326934bb6c7,development_or_release_engine,134,pass,"['_cylinder_between', 'build_cylinder_sphere_mesh', 'export_stl', '_freecad_modules', 'export_step_optional', 'mesh_qa']",[],"['__future__', 'sys', 'pathlib', 'numpy', 'trimesh', 'urp4.contracts.v0_1.canonical', '.models']"
URP4-1_DELIVERABLE/urp4/generators/lattice_typeab/v0_1/graph.py,13e23d2c957b476caf4c3fa0abe8efda78918f0407344feddf0e690bea46772e,development_or_release_engine,270,pass,"['_key3', 'deduplicate_nodes_edges', 'connected_components', 'ensure_connected', '_base_unit_nodes', 'generate_type_a_unit_cell', 'standardize_unit_cell', 'tile_unit_cell', 'strut_lengths', 'calculate_volume_fraction', 'assign_uniform_radius_for_vf', 'create_type_a_model']",[],"['__future__', 'math', 'typing', 'numpy', 'scipy.spatial.distance', '.models']"
URP4-1_DELIVERABLE/urp4/generators/lattice_typeab/v0_1/models.py,66329e2be7acb255f68a4d508c3931a6be9cbc41e4a3f053a6554cecb1ad4bcf,development_or_release_engine,120,pass,[],"['LatticeGeneratorError', 'TypeBInputUnavailable', 'StepBackendUnavailable', 'GenerationConfig', 'LatticeGraph', 'ExportAttempt']","['__future__', 'dataclasses', 'typing', 'numpy']"
URP4-1_DELIVERABLE/urp4/generators/lattice_typeab/v0_1/plugin.py,bfe0d52005118603dccef6ae027aa8ca4a17da77a2248e36e020c03336126ab7,development_or_release_engine,100,pass,['package_code_sha256'],"['GenerationOutcome', 'LatticeTypeABPlugin']","['__future__', 'json', 'dataclasses', 'pathlib', 'numpy', 'urp4.contracts.v0_1.canonical', 'urp4.contracts.v0_1.models', '.contracts', '.descriptors', '.exporters', '.graph', '.models']"
URP4-1_DELIVERABLE/urp4/generators/lattice_typeab/v0_1/type_b.py,997606649e41d354c6b894c367d4445cd0e9a7e1cd8d98b8629b1a6766967d08,development_or_release_engine,151,pass,"['_number', '_build_graph', 'load_type_b_workbook', 'normalize_or_tile_imported_lattice', 'create_type_b_model']",[],"['__future__', 'math', 'pathlib', 'typing', 'numpy', 'openpyxl', 'urp4.contracts.v0_1.canonical', '.graph', '.models']"
URP4-1_DELIVERABLE/urp4/generators/tpms_multiwall/__init__.py,eda7ea70e2d2b1c17b03db3ac9efc6553dcfe8055064051e8e478fc5e0ee3b4e,development_or_release_engine,2,pass,[],[],[]
URP4-1_DELIVERABLE/urp4/generators/tpms_multiwall/v0_1/__init__.py,e9210e752e22985137682fb1abcf501c575f30c86cb60e2e6a25d8891b42732c,development_or_release_engine,26,pass,[],[],"['.contracts', '.models', '.plugin', '.registry']"
URP4-1_DELIVERABLE/urp4/generators/tpms_multiwall/v0_1/contracts.py,4f13555ca9713513d5449fe6dfef7a2a642c28fa1bab85ff1ef137bafe73b8ec,development_or_release_engine,140,pass,"['_theta', 'build_multiwall_request', 'build_geometry_artifact']",[],"['__future__', 'pathlib', 'typing', 'urp4.contracts.v0_1.canonical', 'urp4.contracts.v0_1.ids', 'urp4.contracts.v0_1.models', '.models']"
URP4-1_DELIVERABLE/urp4/generators/tpms_multiwall/v0_1/exporters.py,a21ef77ccce5328efc5091e9ed6e3a35aeed91b9ff656c1ddb87129fe9248c50,development_or_release_engine,88,pass,"['write_binary_stl', 'export_stl', 'mesh_qa']",[],"['__future__', 'struct', 'pathlib', 'numpy', 'trimesh', 'urp4.contracts.v0_1.canonical', '.models']"
URP4-1_DELIVERABLE/urp4/generators/tpms_multiwall/v0_1/fields.py,e9a3e0c460252e6d437148eb0d1ee4257b8ead1c94d9d5bd3cffff0ee711c08d,development_or_release_engine,93,pass,"['make_tpms_grid', 'tpms_field']",[],"['__future__', 'numpy']"
URP4-1_DELIVERABLE/urp4/generators/tpms_multiwall/v0_1/masking.py,10ab73bd146669120350cede967a9f2a87745ab1553d1b97e10b576319e01512,development_or_release_engine,379,pass,"['estimate_mask_vf', 'count_connected_components', 'keep_largest_component', '_draw_voxel_bridge', 'repair_mask_connectivity', 'enforce_min_hole_size', '_raw_mask_from_band', 'make_mask_for_target_vf', 'generate_tpms_mask', 'check_thickness_consistency', 'check_open_cell', 'mesh_from_binary_mask', 'generate_tpms_candidate']",[],"['__future__', 'json', 'numpy', 'scipy.ndimage', 'skimage', '.fields', '.models']"
URP4-1_DELIVERABLE/urp4/generators/tpms_multiwall/v0_1/models.py,fff4adfc7f91fd372958635c8cbfea52f0920af200e0dfc23be9f2ce2b25d9ad,development_or_release_engine,183,pass,[],"['TPMSGeneratorError', 'TPMSComponent', 'MultiwallGenerationConfig', 'MultiwallCandidate', 'TPMSGenerationResult', 'ExportAttempt']","['__future__', 'dataclasses', 'pathlib', 'typing', 'numpy']"
URP4-1_DELIVERABLE/urp4/generators/tpms_multiwall/v0_1/plugin.py,6de380d4faf01b38e3da8ea5a5dd650e72c74b0f084b7aa023f5c5208dcc02bc,development_or_release_engine,140,pass,['package_code_sha256'],"['GenerationOutcome', 'TPMSMultiwallPlugin']","['__future__', 'dataclasses', 'pathlib', 'numpy', 'urp4.contracts.v0_1.canonical', 'urp4.contracts.v0_1.models', '.contracts', '.exporters', '.masking', '.models']"
URP4-1_DELIVERABLE/urp4/generators/tpms_multiwall/v0_1/registry.py,5f5b59a3e8f19644c7e8ea81850eb6141a248f4cb96b68b41e561894544ecb99,development_or_release_engine,76,pass,"['_uniform', '_integer', 'build_multiwall_candidate_registry']",[],"['__future__', 'numpy', '.models']"
URP4-1_DELIVERABLE/urp4/generators/voxel/__init__.py,77bffa1484a9d40a024634dd15f75dcaf4c303bc4ca13a618c7f8b0e5017b8ea,development_or_release_engine,2,pass,[],[],[]
URP4-1_DELIVERABLE/urp4/generators/voxel/v0_1/__init__.py,4792eb5b2783c2f8c91dfa419037d00a8c420d221e7df632db30756ea417f6c7,development_or_release_engine,9,pass,[],[],"['.contracts', '.models', '.plugin', '.registry']"
URP4-1_DELIVERABLE/urp4/generators/voxel/v0_1/contracts.py,9bef1c6e8e41962fd6b02e9d45490c37abbd2378f6638f8c45e0b9ced8e7a86f,development_or_release_engine,110,pass,"['_contract_safe_params', '_theta', 'build_voxel_request', 'build_geometry_artifact']",[],"['__future__', 'typing', 'urp4.contracts.v0_1.canonical', 'urp4.contracts.v0_1.ids', 'urp4.contracts.v0_1.models', '.models', '.source_kernel']"
URP4-1_DELIVERABLE/urp4/generators/voxel/v0_1/exporters.py,f8eec2c0393806325467d224cee5897301ad2bbe4cfceacbcf4b9b553cb9317e,development_or_release_engine,69,pass,"['write_binary_stl', 'export_stl', 'mesh_qa']",[],"['__future__', 'struct', 'pathlib', 'numpy', 'trimesh', 'urp4.contracts.v0_1.canonical', '.models']"
URP4-1_DELIVERABLE/urp4/generators/voxel/v0_1/kernel.py,664c73be3bc4609b0407baadf18bd9a4e69b788772e3724f2ae6d99a8952ca0a,development_or_release_engine,41,pass,"['source_runtime_config', 'generate_voxel_candidate', 'generate_voxel_mask']",[],"['__future__', 'numpy', '.models', '.source_kernel']"
URP4-1_DELIVERABLE/urp4/generators/voxel/v0_1/models.py,12c5b353be0007c51ca0a29cd9f8c886eb70c25f3ae3b8622e100d6c9f87b13b,development_or_release_engine,175,pass,[],"['VoxelGeneratorError', 'VoxelGenerationConfig', 'VoxelCandidate', 'VoxelGenerationResult', 'ExportAttempt']","['__future__', 'dataclasses', 'pathlib', 'typing', 'numpy']"
URP4-1_DELIVERABLE/urp4/generators/voxel/v0_1/plugin.py,fc8e30927988c085d6df0b6400f2caf3f4f4d8f39cc17bc230074db014088ca7,development_or_release_engine,99,pass,['package_code_sha256'],"['GenerationOutcome', 'VoxelPlugin']","['__future__', 'dataclasses', 'pathlib', 'numpy', 'urp4.contracts.v0_1.canonical', 'urp4.contracts.v0_1.models', '.contracts', '.exporters', '.kernel', '.models', '.source_kernel']"
URP4-1_DELIVERABLE/urp4/generators/voxel/v0_1/registry.py,3d230edc0495b864a87134958967d3aed71b4c9cb8441567f714c77240f9a475,development_or_release_engine,42,pass,['build_voxel_registry'],[],"['__future__', 'numpy', '.models']"
URP4-1_DELIVERABLE/urp4/generators/voxel/v0_1/source_kernel.py,db50808bc205f6b13a366ac88dd0ec5a31d23a36cef1b96e46489394f5164543,development_or_release_engine,143,pass,"['verify_sources', '_selected_module', 'load_source_namespace']",[],"['__future__', 'ast', 'json', 'math', 'struct', 'threading', 'pathlib', 'typing', 'numpy', 'scipy.ndimage', 'skimage', 'urp4.contracts.v0_1.canonical']"
URP4-1_DELIVERABLE/urp4/geometry_io/__init__.py,4532d05bbcca8e192eabc670a056ff7fe6c18c7fdeac90d25af98082760c37b8,development_or_release_engine,2,pass,[],[],[]
URP4-1_DELIVERABLE/urp4/geometry_io/v0_1/__init__.py,02b2926e1bfc7ee566fb3e94bb08036afc2d8f2b80a3b9955b93338a58f3b56b,development_or_release_engine,16,pass,[],[],"['.models', '.routing', '.stl_import']"
URP4-1_DELIVERABLE/urp4/geometry_io/v0_1/models.py,85abe3c59de0b9fa2532d9455808e92abff62f4bcdd3b87c857b5f1c52e928d7,development_or_release_engine,43,pass,[],"['GeometryImportError', 'STLImportConfig']","['__future__', 'dataclasses', 'pathlib']"
URP4-1_DELIVERABLE/urp4/geometry_io/v0_1/routing.py,6f8dde1ab5a0b95347cfa7d445d4c12129e59fe1cba069d7653c65c2e1c6b320,development_or_release_engine,39,pass,['route_geometry_inputs'],[],"['__future__', 'pandas', '.models', '.stl_import']"
URP4-1_DELIVERABLE/urp4/geometry_io/v0_1/stl_import.py,31454eee7093526fae2cb6e06e811b1bbfb25ca18aa2d1e589d495ea6259ddc8,development_or_release_engine,204,pass,"['_model_id', '_family_and_generator', 'discover_stl_files', '_load_mesh', 'inspect_stl', 'build_stl_import_table', 'iter_source_hashes']",[],"['__future__', 're', 'pathlib', 'typing', 'numpy', 'pandas', 'trimesh', 'urp4.contracts.v0_1.canonical', 'urp4.descriptor_service.v0_1.geometry', '.models']"
URP4-1_DELIVERABLE/urp4/geometry_io/v0_2/__init__.py,2947ba84dcf17a3b6007692bcb0c1659e6ce1f8425b8a91541895e3f8ebc7d57,development_or_release_engine,15,pass,[],[],['.step_import']
URP4-1_DELIVERABLE/urp4/geometry_io/v0_2/step_import.py,77482c3dee570f309b022407dc43656a83c63524cc4132c2041c4553a474f18a,development_or_release_engine,371,pass,"['sha256_file', '_model_id_from_path', '_iter_geometry_files', 'inventory_step_preferred_inputs', '_ocp_modules', '_shape_bbox', '_shape_volume', '_normalize_shape', '_read_step_shape', '_shape_to_arrays', '_stl_to_step_proxy', 'prepare_analysis_geometry']","['GeometryRouteError', 'GeometryRouteConfig']","['__future__', 'dataclasses', 'hashlib', 'pathlib', 're', 'typing', 'numpy']"
URP4-1_DELIVERABLE/urp4/geometry_io/v0_3/__init__.py,685eddb2fd6330c7e194bb3a87dde7bff887f7501014aeb2488f766adb1a8651,development_or_release_engine,19,pass,[],[],['.source_preflight']
URP4-1_DELIVERABLE/urp4/geometry_io/v0_3/source_preflight.py,210b8ece82adf348e097c400b516cce8d133a219122fad8649433a9790510d36,development_or_release_engine,307,pass,"['sha256_file', 'route_id_for_source_type', '_load_stl_raw', '_inspect_stl', '_count_subshapes', '_inspect_step', 'inspect_source']","['SourcePreflightError', 'GeometrySourceRecord']","['__future__', 'dataclasses', 'hashlib', 'pathlib', 'typing', 'numpy', 'trimesh']"
URP4-1_DELIVERABLE/urp4/geometry_io/v0_4/__init__.py,f77ae9d005d5481a3ccb1882b621deee06fbd599a5bab007bec26e6ed9f3c0ed,development_or_release_engine,26,pass,[],[],['.imported_winding']
URP4-1_DELIVERABLE/urp4/geometry_io/v0_4/imported_winding.py,33f304d457534864132563b76b4af0f2dfba1d5e6da4de43fc7daa00b8ce97ad,development_or_release_engine,304,pass,"['load_imported_stl_triangles', 'oriented_section_z', 'active_triangle_subsets_z', 'winding_raster', 'imported_stl_mask_stream', 'mask_packedbits_sha256']",['ImportedSTLWindingConfig'],"['__future__', 'hashlib', 'math', 'dataclasses', 'pathlib', 'typing', 'numpy', 'urp4.contracts.v0_1.canonical', 'urp4.descriptor_service.v0_1.geometry']"
URP4-1_DELIVERABLE/urp4/geometry_io/v0_5/__init__.py,2ce72d0e7a7d5592ec22c04fb2bd24763fc385665c1ce2500bbe5605f2c2cb33,development_or_release_engine,10,pass,[],[],['.generated_normalization']
URP4-1_DELIVERABLE/urp4/geometry_io/v0_5/generated_normalization.py,ea9c6339f25e6b7257b433d557390f30b99aa3c43dc4278c66fe68295b651eae,development_or_release_engine,143,pass,"['_write_binary_stl', '_manifest_payload', 'normalize_generated_stl']",['GeneratedNormalizationConfig'],"['__future__', 'hashlib', 'json', 'struct', 'dataclasses', 'pathlib', 'numpy', 'urp4.contracts.v0_1.canonical', 'urp4.descriptor_service.v0_1.geometry']"
URP4-1_DELIVERABLE/urp4/hq/__init__.py,0cd39e96248dc05d5c8e1410255ce3efd3376735fa25f4d7ef3bf12b2f01616e,development_or_release_engine,2,pass,[],[],[]
URP4-1_DELIVERABLE/urp4/hq/v0_1/__init__.py,3773ef40cf8b17454842d719aea7af6a22dd571869fd57b15534b64d8f937cad,development_or_release_engine,7,pass,[],[],"['.controller', '.engine']"
URP4-1_DELIVERABLE/urp4/hq/v0_1/controller.py,a76e1ec4bd8ffc8733e1ade1201d3f92104664d26c07221d3068afbe0b099a12,development_or_release_engine,386,pass,"['_sha256', 'controller_from_dict', 'validate_and_freeze']","['WorkflowControl', 'PathControl', 'GeometryControl', 'ImportControl', 'GeneratorControl', 'LatticeControl', 'TPMSControl', 'VoxelControl', 'SliceControl', 'DescriptorControl', 'ArtifactControl', 'TrainingControl', 'URP4Controller', 'FrozenRunConfig']","['__future__', 'hashlib', 'json', 'dataclasses', 'pathlib', 'typing', 'urp4.descriptor_service.v0_1.service', 'urp4.geometry_io.v0_4.imported_winding']"
URP4-1_DELIVERABLE/urp4/hq/v0_1/engine.py,d4d11949faec7a1c33821d99f8b26e2d5f2bce50a7de63961ad9c5bff2fdccae,development_or_release_engine,255,pass,"['_write_json', '_write_output_manifest', '_generated_geometry', 'run_hq']",[],"['__future__', 'json', 'hashlib', 'dataclasses', 'datetime', 'pathlib', 'typing', 'pandas', 'urp4.contracts.v0_1.canonical', 'urp4.descriptor_service.v0_1', 'urp4.descriptor_service.v0_1.config', 'urp4.generators.lattice_typeab.v0_1', 'urp4.generators.lattice_typeab.v0_1.plugin', 'urp4.generators.tpms_multiwall.v0_1', 'urp4.generators.tpms_multiwall.v0_1.plugin', 'urp4.generators.voxel.v0_1', 'urp4.generators.voxel.v0_1.plugin', 'urp4.geometry_io.v0_3.source_preflight', 'urp4.geometry_io.v0_4.imported_winding', '.controller', '.imported_pipeline']"
URP4-1_DELIVERABLE/urp4/hq/v0_1/imported_pipeline.py,e9670b8b9987d3a4c4edf39d2264bd5f6046b521b35c0088f34248be702a7531,development_or_release_engine,200,pass,"['_sha256', 'extract_imported_stl']",['ImportedExtractionOutput'],"['__future__', 'hashlib', 'json', 'dataclasses', 'pathlib', 'pandas', 'urp4.descriptor_service.v0_1.component', 'urp4.descriptor_service.v0_1.models', 'urp4.descriptor_service.v0_1.pixel', 'urp4.geometry_io.v0_4.imported_winding']"
URP4-1_DELIVERABLE/urp4/hq/v0_2/__init__.py,b78dd4cbd4737f2cb65aeff249d5f46e28baf9bcb28ea9073d4de402067a0044,development_or_release_engine,25,pass,[],[],"['.models', '.runtime']"
URP4-1_DELIVERABLE/urp4/hq/v0_2/models.py,7ae7fd21fdaeb63b513f7789592201607173def2993cc8afad8ab5248ab16ae1,development_or_release_engine,62,pass,[],['BlueprintController'],"['__future__', 'dataclasses', 'typing']"
URP4-1_DELIVERABLE/urp4/hq/v0_2/runtime.py,b257b27dbac35fd1c6d7b447bae1e0a423424a5ecd59e4ae74213d02face17c9,development_or_release_engine,159,pass,"['_sha256_json', '_assert_kmk312', 'validate_and_freeze_blueprint', 'write_frozen_blueprint', 'load_stage_registry', 'validate_stage_registry', 'stage_view']",[],"['__future__', 'hashlib', 'json', 'platform', 'sys', 'dataclasses', 'datetime', 'pathlib', 'typing', '.models']"
URP4-1_DELIVERABLE/urp4/hq/v0_3/__init__.py,bcd9611d3e2365fd2849db0abe60f89c3bfd668848011494e79f29d5dba63d76,development_or_release_engine,19,pass,[],[],['.generated_n40_development']
URP4-1_DELIVERABLE/urp4/hq/v0_3/generated_n40_development.py,d06ef1d5db02c811efb64873cf91faf8383d3c17e45b23cc2b4f5778be9b1ad4,development_or_release_engine,187,pass,"['_assert_kmk312', '_write_json', 'validate_generated_n40_request', 'run_generated_n40_development']",['GeneratedN40DevelopmentRequest'],"['__future__', 'json', 'platform', 'sys', 'dataclasses', 'pathlib', 'typing', 'pandas', 'urp4.contracts.v0_1.canonical', 'urp4.descriptor_service.v0_1', 'urp4.geometry_io.v0_3.source_preflight', 'urp4.geometry_io.v0_5']"
URP4-1_DELIVERABLE/urp4/route_policy/__init__.py,1c890d9d72bc907055d0fc60c9910a68e4b1d48784746222da2b17bcb9a456f6,development_or_release_engine,1,pass,[],[],[]
URP4-1_DELIVERABLE/urp4/route_policy/v0_1/__init__.py,6445a4f35382f59b49f1caee02f139102d8290c453ad48e1cbcffc8a18c80bea,development_or_release_engine,24,pass,[],[],"['.controller', '.models']"
URP4-1_DELIVERABLE/urp4/route_policy/v0_1/controller.py,f44bd560521cf702d9d14da747646ab28b1624e0c6881242a1f1c2875e1f4ce5,development_or_release_engine,161,pass,"['sha256_file', '_canonical_hash', '_require', '_validated_import_config', 'decide_route', 'build_development_manifest']",['RoutePolicyError'],"['__future__', 'hashlib', 'json', 'platform', 'sys', 'dataclasses', 'pathlib', 'typing', '.models']"
URP4-1_DELIVERABLE/urp4/route_policy/v0_1/models.py,3a4eae1b705492266278693c8cadd9743ebf5348ae2fef16f702c9b4455fb6ff,development_or_release_engine,46,pass,[],"['ImportRouteRequest', 'RouteDecision']","['__future__', 'dataclasses', 'typing']"
URP4-1_DELIVERABLE/urp4/training/__init__.py,c361ab611500cad0c7222bdc6d6a7e8717f3a65c4907a2331eb195bea1e75891,development_or_release_engine,6,pass,[],[],[]
URP4-1_DELIVERABLE/urp4/training/p1_adapter_v0_1/__init__.py,b04a593d4d0bca2a1bef26ce178e5a08cc12d9aaed7c12771431c68d0227f8a9,development_or_release_engine,21,pass,[],[],"['.adapters', '.models', '.registry']"
URP4-1_DELIVERABLE/urp4/training/p1_adapter_v0_1/adapters.py,73e29758afc8b4324056c68708bf6ac255cbb7a62e4a414fdea81fcb8eabe1e4,development_or_release_engine,193,pass,"['_reject_target_payload', '_truthy', '_applicable_families', '_validate_candidate_rows', 'compile_adapter_plan', 'deny_execution']",[],"['__future__', 're', 'collections', 'collections.abc', 'typing', '.models', '.registry']"
URP4-1_DELIVERABLE/urp4/training/p1_adapter_v0_1/models.py,07214664ef1de073b5ea0bf3bd744429e4ec0b406b36f678144356e269e14824,development_or_release_engine,78,pass,[],"['AdapterContractError', 'RepresentativeAdapterSpec', 'AdapterPlan']","['__future__', 'dataclasses', 'typing']"
URP4-1_DELIVERABLE/urp4/training/p1_adapter_v0_1/registry.py,6cd60a8b98dce8febefa39b35ed2e41cdcc4a4e393c214f2324347758312faa2,development_or_release_engine,94,pass,['get_adapter_spec'],[],"['__future__', '.models']"
URP4-1_DELIVERABLE/urp4/training/p1_exec_layer_v0_1/__init__.py,a2582e0cfa92daa184a6d3582bdb1ccc198153c1f98bdbb04b01fa8b2c176ea3,development_or_release_engine,32,pass,[],[],"['.builders', '.estimators', '.ledger', '.models', '.permit']"
URP4-1_DELIVERABLE/urp4/training/p1_exec_layer_v0_1/builders.py,dd7d7effa549f3f7b32c1d23d70c5f8322f4e1798c1041daa69c105259de1080,development_or_release_engine,114,pass,"['_base_pipeline', '_validate_outer', 'build_representative_estimator', 'build_representative_graph']",[],"['__future__', 'sklearn.impute', 'sklearn.linear_model', 'sklearn.pipeline', 'sklearn.preprocessing', 'urp4.training.p1_adapter_v0_1', '.estimators', '.models', '.permit']"
URP4-1_DELIVERABLE/urp4/training/p1_exec_layer_v0_1/estimators.py,729f4759cf0d5e5844cc3370dc9d5f189299193a2d1bd4a5101be19213e872a5,development_or_release_engine,280,pass,['_ridge_pipeline'],"['_GuardedEstimator', 'GuardedWeightedBlendRegressor', 'GuardedStabilityLassoRidge', 'GuardedOMPThenRidge', 'GuardedFeatureAwareEnsemble']","['__future__', 'numpy', 'sklearn.base', 'sklearn.impute', 'sklearn.linear_model', 'sklearn.metrics', 'sklearn.model_selection', 'sklearn.pipeline', 'sklearn.preprocessing', 'sklearn.utils.validation', '.models', '.permit']"
URP4-1_DELIVERABLE/urp4/training/p1_exec_layer_v0_1/ledger.py,36aad8d9e584fbaa514f212190a93f0b24ca496342516a7b8ee65ca7e9267bac,development_or_release_engine,55,pass,"['prospective_fit_ledger', 'prospective_fit_summary']",[],"['__future__', 'collections', 'typing', '.permit']"
URP4-1_DELIVERABLE/urp4/training/p1_exec_layer_v0_1/models.py,b6f3c09c91e4df2fc24685d9eb25dd899a171ddda9ea8fa0ca962b81d0545bda,development_or_release_engine,57,pass,[],"['ExecLayerContractError', 'ExecutionPermit', 'ExecutionGraph']","['__future__', 'dataclasses', 'typing']"
URP4-1_DELIVERABLE/urp4/training/p1_exec_layer_v0_1/permit.py,5396f85f4ccba6f9a2450676a93230e8b3a7e9b317af8628065d987e47fc2ed2,development_or_release_engine,107,pass,"['_sha256', '_canonical_payload', '_payload_sha256', 'load_execution_permit', 'assert_execution_authorized']",[],"['__future__', 'hashlib', 'json', 'pathlib', 'typing', '.models']"
URP4-1_DELIVERABLE/urp4/training/v0_1/__init__.py,11eec2d05da853f97738b8a4f6de678f2ade8a81a23242eb808937d7d6200a5c,development_or_release_engine,69,pass,[],[],"['.contracts', '.models', '.policy', '.registry', '.source_audit']"
URP4-1_DELIVERABLE/urp4/training/v0_1/contracts.py,127fff910ed84108bc116c295ac1c890493e02e04a51e7025494867b10e803ac,development_or_release_engine,55,pass,['build_pending_training_manifest'],[],"['__future__', 'copy', 'typing', 'urp4.contracts.v0_1.ids', 'urp4.contracts.v0_1.models', '.models']"
URP4-1_DELIVERABLE/urp4/training/v0_1/models.py,d1ea9c9497c37be0ae783445d9aa7451c24421cf7ae1e6907c76e14ebc80fc2a,development_or_release_engine,162,pass,[],"['TrainingPolicyError', 'TrainingSourceSpec', 'MethodPluginSpec', 'FeatureBlockSpec', 'NotebookAudit', 'FeatureRoute', 'FoldAssignment', 'TrainingPlan']","['__future__', 'dataclasses', 'typing']"
URP4-1_DELIVERABLE/urp4/training/v0_1/policy.py,d7b6f9f40f5b1648616b57cc02103f5868bd3fadb3b46cb1371ed4a34e35e41c,development_or_release_engine,251,pass,"['_stable_id', 'validate_semantic_id', 'route_features', 'validate_split_contract', 'plan_outer_folds', 'validate_selection_records', 'validate_oof_ensemble_inputs', 'build_training_plan']",[],"['__future__', 'hashlib', 'json', 're', 'collections', 'typing', '.models', '.registry']"
URP4-1_DELIVERABLE/urp4/training/v0_1/registry.py,ecfa6ef574295138a4c12baaf058203c82ce1361066bfad0b55a97d4cd949695,development_or_release_engine,71,pass,"['build_source_registry', 'source_registry_by_alias', 'build_method_registry', 'method_registry_by_id', 'build_feature_block_registry', 'feature_registry_by_id']",[],"['__future__', '.models']"
URP4-1_DELIVERABLE/urp4/training/v0_1/source_audit.py,92984e1a38db136dad6f99de7dac7607f6ec995ebfc2fcfcf1a7d173497eef39,development_or_release_engine,138,pass,"['sha256_file', '_literal_assignments', 'audit_notebook', 'audit_sources', 'definition_inventory']",[],"['__future__', 'ast', 'hashlib', 'json', 'pathlib', 'typing', '.models']"
URP4-1_DELIVERABLE/urp4/training/v0_2/__init__.py,24c39f42b9b2475e7973f367ccb5e893a8fc0ee510cef85d5ea568486b9c63e8,development_or_release_engine,16,pass,[],[],"['.models', '.policy', '.registry']"
URP4-1_DELIVERABLE/urp4/training/v0_2/models.py,19b24c1ab841d959702ef7e8f106a6652553ffcb98c816f216cd31fb47b96ec1,development_or_release_engine,67,pass,[],"['FS4ContractError', 'MethodFamilyRole', 'FS4IntegrationPlan']","['__future__', 'dataclasses', 'typing']"
URP4-1_DELIVERABLE/urp4/training/v0_2/policy.py,ef694a208127515f0a2644e3c69c64a28c3ba4a6ed761dc3360c97258677ef57,development_or_release_engine,122,pass,"['validate_candidate_interface', 'build_no_fit_plan', 'validate_oof_merge_records']",[],"['__future__', 'collections', 'typing', '.models', '.registry']"
URP4-1_DELIVERABLE/urp4/training/v0_2/registry.py,db296fc50fce1996759386f7278f862f36c8225fff4eafd20f791c229c35a3a6,development_or_release_engine,115,pass,[],[],"['__future__', '.models']"
URP4-1_SUBMISSION_20260728_v0_1/tests/audit_deliverable.py,02ae40134c075eb31fdc7c90fd7a3307e95c6ce8a500a9712adaf4826fe347e6,release_snapshot_copy,161,pass,"['sha', 'source_rows', 'complete_runs', 'output_manifest_valid', 'main']",[],"['__future__', 'hashlib', 'json', 'sys', 'pathlib', 'nbformat', 'pandas', 'urp4.generators.lattice_typeab.v0_1.contracts', 'urp4.generators.tpms_multiwall.v0_1.contracts', 'urp4.generators.voxel.v0_1.source_kernel', 'urp4.training.v0_1.registry']"
URP4-1_SUBMISSION_20260728_v0_1/tests/controller_contract.py,026fbef0f3757e0e5b52f028b587a4df81c30a0d1268fc32abb3d4c21b41b0d3,release_snapshot_copy,119,pass,"['generated', 'imported', 'main']",[],"['__future__', 'json', 'sys', 'dataclasses', 'pathlib', 'urp4.hq.v0_1', 'urp4.hq.v0_1.controller']"
URP4-1_SUBMISSION_20260728_v0_1/tests/full_descriptor_smoke.py,bf999f5f2bab0d3d8488a4f734f20ce6a2aef0723fd19451b158fd0740bf1db4,release_snapshot_copy,165,pass,"['sha256', 'main']",[],"['__future__', 'json', 'hashlib', 'sys', 'dataclasses', 'pathlib', 'pandas', 'trimesh', 'urp4.hq.v0_1', 'urp4.hq.v0_1.controller']"
URP4-1_SUBMISSION_20260728_v0_1/tests/resume_generated_fixture_descriptor.py,6d17e0b203e92d76c1cfedced581138f089c49a1c3df45214d2fcac0fdb55a2b,release_snapshot_copy,69,pass,['main'],[],"['__future__', 'json', 'sys', 'pathlib', 'pandas', 'trimesh', 'urp4.hq.v0_1', 'urp4.hq.v0_1.controller']"
URP4-1_SUBMISSION_20260728_v0_1/tests/resume_voxel_smoke.py,b61202a9e24c5b27a7f04293891b276bdfb5abcafec4f38561847a651f0eef80,release_snapshot_copy,59,pass,['main'],[],"['__future__', 'json', 'dataclasses', 'pandas', 'smoke_hq', 'urp4.hq.v0_1']"
URP4-1_SUBMISSION_20260728_v0_1/tests/smoke_hq.py,3f214ff0a82a23d26f4506ebc9c983b94e9bb85a1b7373c80b3081a0d74b06d2,release_snapshot_copy,110,pass,"['base', 'main']",[],"['__future__', 'json', 'sys', 'dataclasses', 'pathlib', 'pandas', 'urp4.hq.v0_1', 'urp4.hq.v0_1.controller']"
URP4-1_SUBMISSION_20260728_v0_1/urp4/__init__.py,41b78fc55f3d03cc83fbca1e4279665c463f33f5663ad8f5b57b00fff9a2ca0f,release_snapshot_copy,9,pass,[],[],[]
URP4-1_SUBMISSION_20260728_v0_1/urp4/contracts/__init__.py,e5d6656c731246b64d8359e1d6cbbf8e12c38710d9e83e80dce2cfd8ef28b2b0,release_snapshot_copy,26,pass,[],[],['.v0_1']
URP4-1_SUBMISSION_20260728_v0_1/urp4/contracts/v0_1/__init__.py,0200ae980b28d41d9f61d02455223605a11ce8a4866a9518ed65777a5cbcb201,release_snapshot_copy,24,pass,[],[],"['.ids', '.models', '.validation']"
URP4-1_SUBMISSION_20260728_v0_1/urp4/contracts/v0_1/canonical.py,16820525e28b5d6a1a8e305a2bf2102e279ae6ae35f76139e4203a1fa41b9ee9,release_snapshot_copy,89,pass,"['_assert_finite', 'canonical_json_bytes', 'sha256_hex', 'sha256_file', 'validate_sha256', 'normalize_relative_path']",['CanonicalizationError'],"['__future__', 'hashlib', 'json', 'math', 're', 'pathlib', 'typing']"
URP4-1_SUBMISSION_20260728_v0_1/urp4/contracts/v0_1/ids.py,0190fafece4f9afb5d1f443f50a972737a727ee186d21789f4c7d1fba8780608,release_snapshot_copy,206,pass,"['_slug', 'scalar_output_identity', 'make_scalar_output_id', 'identity_payload', 'expected_identity_sha256', 'expected_object_id', 'build_document']",[],"['__future__', 'copy', 're', 'datetime', 'typing', '.canonical']"
URP4-1_SUBMISSION_20260728_v0_1/urp4/contracts/v0_1/models.py,5bf6dc0f4b3cc45ce7d33dd7fa93eef8fa3773a00626830537a3e09863af248a,release_snapshot_copy,53,pass,[],"['ContractDocument', 'GenerationRequest', 'GeometryArtifact', 'DescriptorResult', 'DatasetManifest', 'TrainingRunManifest']","['__future__', 'copy', 'dataclasses', 'typing']"
URP4-1_SUBMISSION_20260728_v0_1/urp4/contracts/v0_1/validation.py,c32983dec08d25942cae055f123912ec8fd25f2d783813e18a461f5ebeff99b6,release_snapshot_copy,142,pass,"['_validator', '_raise_schema_errors', '_check_paths', '_check_source_scoped_ids', 'validate_document', 'validate_bundle']",['ContractValidationError'],"['__future__', 'json', 're', 'functools', 'pathlib', 'typing', 'jsonschema', '.canonical', '.ids']"
URP4-1_SUBMISSION_20260728_v0_1/urp4/descriptor_service/__init__.py,01b048d500ff1d73db3d568486f02981e5b44278a2fc860e168d03cc64b62dfc,release_snapshot_copy,5,pass,[],[],['.v0_1']
URP4-1_SUBMISSION_20260728_v0_1/urp4/descriptor_service/v0_1/__init__.py,6ee99b579e324aa8b52b04abbdf50725fc10b8d1caac0046a699088093e4d118,release_snapshot_copy,15,pass,[],[],"['.models', '.pipeline', '.service']"
URP4-1_SUBMISSION_20260728_v0_1/urp4/descriptor_service/v0_1/component.py,dd395c9e7e90d491181f851ca7afa1c13d0dfc63ec7b6b2be3c5da98b5e764cf,release_snapshot_copy,173,pass,"['perimeter_pixels', 'contact_edge_length_pixels', 'safe_div', 'safe_angle', 'component_features_for_pair']",['ComponentFeature'],"['__future__', 'math', 'dataclasses', 'typing', 'cv2', 'numpy']"
URP4-1_SUBMISSION_20260728_v0_1/urp4/descriptor_service/v0_1/config.py,79e72f02b554f7e0780993e7ec0e09f209dbc97b9e0d8f0503cabc2d1bcffaed,release_snapshot_copy,47,pass,[],['ExtractionConfig'],"['__future__', 'dataclasses', 'urp4.contracts.v0_1.canonical']"
URP4-1_SUBMISSION_20260728_v0_1/urp4/descriptor_service/v0_1/contracts.py,aace4ae6edd9fa276dca1413abbbf26f4c79993b3d63d0c1f4a9e9079786b3f0,release_snapshot_copy,268,pass,"['_rel', '_source_ref', '_provenance', 'geometry_reference_documents', 'descriptor_documents']",[],"['__future__', 'json', 'pathlib', 'typing', 'pandas', 'urp4.contracts.v0_1.canonical', 'urp4.contracts.v0_1.ids', 'urp4.contracts.v0_1.validation', '.service']"
URP4-1_SUBMISSION_20260728_v0_1/urp4/descriptor_service/v0_1/formula.py,d72075dcf6b7a3027a4473ffb87047903ecd01db5fc6f366a4bff0e0453a156e,release_snapshot_copy,19,pass,"['population_mean', 'population_std_ddof0']",[],"['__future__', 'numpy']"
URP4-1_SUBMISSION_20260728_v0_1/urp4/descriptor_service/v0_1/geometry.py,580df093f8790137d79651909e2fb9b36f3f20ba69a26d558b97a5d35b074351,release_snapshot_copy,44,pass,"['load_binary_stl_vertices', 'geometry_bounds']",[],"['__future__', 'struct', 'pathlib', 'numpy', 'urp4.contracts.v0_1.canonical']"
URP4-1_SUBMISSION_20260728_v0_1/urp4/descriptor_service/v0_1/models.py,696f747251d4143010cede2c8ef8f72e92262bdd1d08c06a9814da50a220784e,release_snapshot_copy,40,pass,[],"['DescriptorServiceError', 'PrimitiveTables', 'ScalarResult']","['__future__', 'dataclasses', 'typing', 'pandas']"
URP4-1_SUBMISSION_20260728_v0_1/urp4/descriptor_service/v0_1/pipeline.py,1ad4ea50c8e4676848881c8601373239fb185a12c7e5fa041edd7df56248f406,release_snapshot_copy,257,pass,['_sha256'],"['ExtractionOutput', 'Run139ExtractionPipeline']","['__future__', 'hashlib', 'shutil', 'dataclasses', 'pathlib', 'typing', 'numpy', 'pandas', '.component', '.config', '.geometry', '.models', '.pixel', '.slicing']"
URP4-1_SUBMISSION_20260728_v0_1/urp4/descriptor_service/v0_1/pixel.py,3cd37430c720e4d6a572d1787c7f5c0a917965ea56aa451cd4b11ce945db6d72,release_snapshot_copy,78,pass,"['save_mask', 'read_mask', 'save_overlay', 'read_overlay_counts', 'connected_components']",[],"['__future__', 'pathlib', 'typing', 'cv2', 'numpy', 'PIL']"
URP4-1_SUBMISSION_20260728_v0_1/urp4/descriptor_service/v0_1/population.py,20fa690cc3acbb0b47569524694f339c25239a2359771b8a3cbb7c513b4e3478,release_snapshot_copy,40,pass,"['slice_occupancy', 'slice_component_count', 'overlay_change_fraction', 'overlay_overlap_fraction', 'finite_component_population']",[],"['__future__', 'numpy', 'pandas']"
URP4-1_SUBMISSION_20260728_v0_1/urp4/descriptor_service/v0_1/qa.py,ceae088b19475ea7a8d5b32a04650805670e3ea5db0c8470b27722a706c90e2a,release_snapshot_copy,82,pass,"['compare_tables', 'assert_streaming_cleanup']",[],"['__future__', 'pathlib', 'typing', 'numpy', 'pandas']"
URP4-1_SUBMISSION_20260728_v0_1/urp4/descriptor_service/v0_1/run139.py,3d6b3b4c14ab0bd00f242a52b62704f519a740d247e9404bf1ca36624f56537a,release_snapshot_copy,207,pass,[],"['AttemptEvidence', 'FrozenRun139Adapter']","['__future__', 'json', 'dataclasses', 'pathlib', 'numpy', 'pandas', 'urp4.contracts.v0_1.canonical', '.models', '.service']"
URP4-1_SUBMISSION_20260728_v0_1/urp4/descriptor_service/v0_1/service.py,37406a1004478b340297d3ce36408ea09682fd73d8e15f9411f218535db93d81,release_snapshot_copy,187,pass,[],['Run139DescriptorService'],"['__future__', 'collections.abc', 'numpy', 'pandas', '.formula', '.models', '.population']"
URP4-1_SUBMISSION_20260728_v0_1/urp4/descriptor_service/v0_1/slicing.py,9ab4213007b716f8ed361a6aecbbac7a8e5251459c6ff0feebac2e74dbc942ff,release_snapshot_copy,85,pass,"['vectorized_segments', 'rasterize_segments_scanline']",[],"['__future__', 'math', 'numpy']"
URP4-1_SUBMISSION_20260728_v0_1/urp4/generators/__init__.py,b1bc199d8ce44ea32358466c10b26236b59081037b4372f355309d22327c4f2b,release_snapshot_copy,2,pass,[],[],[]
URP4-1_SUBMISSION_20260728_v0_1/urp4/generators/lattice_typeab/__init__.py,8d5fa45ab24ab7db58b60de6f8d2cee67d79b9a2b0aa750f862ec090adde317f,release_snapshot_copy,2,pass,[],[],[]
URP4-1_SUBMISSION_20260728_v0_1/urp4/generators/lattice_typeab/v0_1/__init__.py,e420e61f8109bea1c5409ac874ae0e32428363a3426493cda88dcd976369afcb,release_snapshot_copy,23,pass,[],[],"['.contracts', '.models', '.plugin']"
URP4-1_SUBMISSION_20260728_v0_1/urp4/generators/lattice_typeab/v0_1/contracts.py,5d72d419433baf8a9d6e9e862beac223d00dc481849a4c82cab326797af29f20,release_snapshot_copy,107,pass,"['_theta', 'build_type_a_request', 'build_geometry_artifact']",[],"['__future__', 'pathlib', 'typing', 'urp4.contracts.v0_1.canonical', 'urp4.contracts.v0_1.ids', 'urp4.contracts.v0_1.models', '.models']"
URP4-1_SUBMISSION_20260728_v0_1/urp4/generators/lattice_typeab/v0_1/descriptors.py,57707bc9ff020f2aa5fa1e530b45299e81f84890de3edb3b93640d926be4c0f1,release_snapshot_copy,127,pass,"['_mean', '_sample_std', '_weighted', '_axis_angles', 'extract_start_end_structural_factors']",[],"['__future__', 'math', 'statistics', 'collections', 'numpy', '.graph', '.models']"
URP4-1_SUBMISSION_20260728_v0_1/urp4/generators/lattice_typeab/v0_1/exporters.py,4a9b7b32f642cbb2717d562095f0ff22ba3de88b820747b61b8f0326934bb6c7,release_snapshot_copy,134,pass,"['_cylinder_between', 'build_cylinder_sphere_mesh', 'export_stl', '_freecad_modules', 'export_step_optional', 'mesh_qa']",[],"['__future__', 'sys', 'pathlib', 'numpy', 'trimesh', 'urp4.contracts.v0_1.canonical', '.models']"
URP4-1_SUBMISSION_20260728_v0_1/urp4/generators/lattice_typeab/v0_1/graph.py,13e23d2c957b476caf4c3fa0abe8efda78918f0407344feddf0e690bea46772e,release_snapshot_copy,270,pass,"['_key3', 'deduplicate_nodes_edges', 'connected_components', 'ensure_connected', '_base_unit_nodes', 'generate_type_a_unit_cell', 'standardize_unit_cell', 'tile_unit_cell', 'strut_lengths', 'calculate_volume_fraction', 'assign_uniform_radius_for_vf', 'create_type_a_model']",[],"['__future__', 'math', 'typing', 'numpy', 'scipy.spatial.distance', '.models']"
URP4-1_SUBMISSION_20260728_v0_1/urp4/generators/lattice_typeab/v0_1/models.py,66329e2be7acb255f68a4d508c3931a6be9cbc41e4a3f053a6554cecb1ad4bcf,release_snapshot_copy,120,pass,[],"['LatticeGeneratorError', 'TypeBInputUnavailable', 'StepBackendUnavailable', 'GenerationConfig', 'LatticeGraph', 'ExportAttempt']","['__future__', 'dataclasses', 'typing', 'numpy']"
URP4-1_SUBMISSION_20260728_v0_1/urp4/generators/lattice_typeab/v0_1/plugin.py,bfe0d52005118603dccef6ae027aa8ca4a17da77a2248e36e020c03336126ab7,release_snapshot_copy,100,pass,['package_code_sha256'],"['GenerationOutcome', 'LatticeTypeABPlugin']","['__future__', 'json', 'dataclasses', 'pathlib', 'numpy', 'urp4.contracts.v0_1.canonical', 'urp4.contracts.v0_1.models', '.contracts', '.descriptors', '.exporters', '.graph', '.models']"
URP4-1_SUBMISSION_20260728_v0_1/urp4/generators/lattice_typeab/v0_1/type_b.py,997606649e41d354c6b894c367d4445cd0e9a7e1cd8d98b8629b1a6766967d08,release_snapshot_copy,151,pass,"['_number', '_build_graph', 'load_type_b_workbook', 'normalize_or_tile_imported_lattice', 'create_type_b_model']",[],"['__future__', 'math', 'pathlib', 'typing', 'numpy', 'openpyxl', 'urp4.contracts.v0_1.canonical', '.graph', '.models']"
URP4-1_SUBMISSION_20260728_v0_1/urp4/generators/tpms_multiwall/__init__.py,eda7ea70e2d2b1c17b03db3ac9efc6553dcfe8055064051e8e478fc5e0ee3b4e,release_snapshot_copy,2,pass,[],[],[]
URP4-1_SUBMISSION_20260728_v0_1/urp4/generators/tpms_multiwall/v0_1/__init__.py,e9210e752e22985137682fb1abcf501c575f30c86cb60e2e6a25d8891b42732c,release_snapshot_copy,26,pass,[],[],"['.contracts', '.models', '.plugin', '.registry']"
URP4-1_SUBMISSION_20260728_v0_1/urp4/generators/tpms_multiwall/v0_1/contracts.py,4f13555ca9713513d5449fe6dfef7a2a642c28fa1bab85ff1ef137bafe73b8ec,release_snapshot_copy,140,pass,"['_theta', 'build_multiwall_request', 'build_geometry_artifact']",[],"['__future__', 'pathlib', 'typing', 'urp4.contracts.v0_1.canonical', 'urp4.contracts.v0_1.ids', 'urp4.contracts.v0_1.models', '.models']"
URP4-1_SUBMISSION_20260728_v0_1/urp4/generators/tpms_multiwall/v0_1/exporters.py,a21ef77ccce5328efc5091e9ed6e3a35aeed91b9ff656c1ddb87129fe9248c50,release_snapshot_copy,88,pass,"['write_binary_stl', 'export_stl', 'mesh_qa']",[],"['__future__', 'struct', 'pathlib', 'numpy', 'trimesh', 'urp4.contracts.v0_1.canonical', '.models']"
URP4-1_SUBMISSION_20260728_v0_1/urp4/generators/tpms_multiwall/v0_1/fields.py,e9a3e0c460252e6d437148eb0d1ee4257b8ead1c94d9d5bd3cffff0ee711c08d,release_snapshot_copy,93,pass,"['make_tpms_grid', 'tpms_field']",[],"['__future__', 'numpy']"
URP4-1_SUBMISSION_20260728_v0_1/urp4/generators/tpms_multiwall/v0_1/masking.py,10ab73bd146669120350cede967a9f2a87745ab1553d1b97e10b576319e01512,release_snapshot_copy,379,pass,"['estimate_mask_vf', 'count_connected_components', 'keep_largest_component', '_draw_voxel_bridge', 'repair_mask_connectivity', 'enforce_min_hole_size', '_raw_mask_from_band', 'make_mask_for_target_vf', 'generate_tpms_mask', 'check_thickness_consistency', 'check_open_cell', 'mesh_from_binary_mask', 'generate_tpms_candidate']",[],"['__future__', 'json', 'numpy', 'scipy.ndimage', 'skimage', '.fields', '.models']"
URP4-1_SUBMISSION_20260728_v0_1/urp4/generators/tpms_multiwall/v0_1/models.py,fff4adfc7f91fd372958635c8cbfea52f0920af200e0dfc23be9f2ce2b25d9ad,release_snapshot_copy,183,pass,[],"['TPMSGeneratorError', 'TPMSComponent', 'MultiwallGenerationConfig', 'MultiwallCandidate', 'TPMSGenerationResult', 'ExportAttempt']","['__future__', 'dataclasses', 'pathlib', 'typing', 'numpy']"
URP4-1_SUBMISSION_20260728_v0_1/urp4/generators/tpms_multiwall/v0_1/plugin.py,6de380d4faf01b38e3da8ea5a5dd650e72c74b0f084b7aa023f5c5208dcc02bc,release_snapshot_copy,140,pass,['package_code_sha256'],"['GenerationOutcome', 'TPMSMultiwallPlugin']","['__future__', 'dataclasses', 'pathlib', 'numpy', 'urp4.contracts.v0_1.canonical', 'urp4.contracts.v0_1.models', '.contracts', '.exporters', '.masking', '.models']"
URP4-1_SUBMISSION_20260728_v0_1/urp4/generators/tpms_multiwall/v0_1/registry.py,5f5b59a3e8f19644c7e8ea81850eb6141a248f4cb96b68b41e561894544ecb99,release_snapshot_copy,76,pass,"['_uniform', '_integer', 'build_multiwall_candidate_registry']",[],"['__future__', 'numpy', '.models']"
URP4-1_SUBMISSION_20260728_v0_1/urp4/generators/voxel/__init__.py,77bffa1484a9d40a024634dd15f75dcaf4c303bc4ca13a618c7f8b0e5017b8ea,release_snapshot_copy,2,pass,[],[],[]
URP4-1_SUBMISSION_20260728_v0_1/urp4/generators/voxel/v0_1/__init__.py,4792eb5b2783c2f8c91dfa419037d00a8c420d221e7df632db30756ea417f6c7,release_snapshot_copy,9,pass,[],[],"['.contracts', '.models', '.plugin', '.registry']"
URP4-1_SUBMISSION_20260728_v0_1/urp4/generators/voxel/v0_1/contracts.py,9bef1c6e8e41962fd6b02e9d45490c37abbd2378f6638f8c45e0b9ced8e7a86f,release_snapshot_copy,110,pass,"['_contract_safe_params', '_theta', 'build_voxel_request', 'build_geometry_artifact']",[],"['__future__', 'typing', 'urp4.contracts.v0_1.canonical', 'urp4.contracts.v0_1.ids', 'urp4.contracts.v0_1.models', '.models', '.source_kernel']"
URP4-1_SUBMISSION_20260728_v0_1/urp4/generators/voxel/v0_1/exporters.py,f8eec2c0393806325467d224cee5897301ad2bbe4cfceacbcf4b9b553cb9317e,release_snapshot_copy,69,pass,"['write_binary_stl', 'export_stl', 'mesh_qa']",[],"['__future__', 'struct', 'pathlib', 'numpy', 'trimesh', 'urp4.contracts.v0_1.canonical', '.models']"
URP4-1_SUBMISSION_20260728_v0_1/urp4/generators/voxel/v0_1/kernel.py,664c73be3bc4609b0407baadf18bd9a4e69b788772e3724f2ae6d99a8952ca0a,release_snapshot_copy,41,pass,"['source_runtime_config', 'generate_voxel_candidate', 'generate_voxel_mask']",[],"['__future__', 'numpy', '.models', '.source_kernel']"
URP4-1_SUBMISSION_20260728_v0_1/urp4/generators/voxel/v0_1/models.py,12c5b353be0007c51ca0a29cd9f8c886eb70c25f3ae3b8622e100d6c9f87b13b,release_snapshot_copy,175,pass,[],"['VoxelGeneratorError', 'VoxelGenerationConfig', 'VoxelCandidate', 'VoxelGenerationResult', 'ExportAttempt']","['__future__', 'dataclasses', 'pathlib', 'typing', 'numpy']"
URP4-1_SUBMISSION_20260728_v0_1/urp4/generators/voxel/v0_1/plugin.py,fc8e30927988c085d6df0b6400f2caf3f4f4d8f39cc17bc230074db014088ca7,release_snapshot_copy,99,pass,['package_code_sha256'],"['GenerationOutcome', 'VoxelPlugin']","['__future__', 'dataclasses', 'pathlib', 'numpy', 'urp4.contracts.v0_1.canonical', 'urp4.contracts.v0_1.models', '.contracts', '.exporters', '.kernel', '.models', '.source_kernel']"
URP4-1_SUBMISSION_20260728_v0_1/urp4/generators/voxel/v0_1/registry.py,3d230edc0495b864a87134958967d3aed71b4c9cb8441567f714c77240f9a475,release_snapshot_copy,42,pass,['build_voxel_registry'],[],"['__future__', 'numpy', '.models']"
URP4-1_SUBMISSION_20260728_v0_1/urp4/generators/voxel/v0_1/source_kernel.py,db50808bc205f6b13a366ac88dd0ec5a31d23a36cef1b96e46489394f5164543,release_snapshot_copy,143,pass,"['verify_sources', '_selected_module', 'load_source_namespace']",[],"['__future__', 'ast', 'json', 'math', 'struct', 'threading', 'pathlib', 'typing', 'numpy', 'scipy.ndimage', 'skimage', 'urp4.contracts.v0_1.canonical']"
URP4-1_SUBMISSION_20260728_v0_1/urp4/geometry_io/__init__.py,4532d05bbcca8e192eabc670a056ff7fe6c18c7fdeac90d25af98082760c37b8,release_snapshot_copy,2,pass,[],[],[]
URP4-1_SUBMISSION_20260728_v0_1/urp4/geometry_io/v0_1/__init__.py,02b2926e1bfc7ee566fb3e94bb08036afc2d8f2b80a3b9955b93338a58f3b56b,release_snapshot_copy,16,pass,[],[],"['.models', '.routing', '.stl_import']"
URP4-1_SUBMISSION_20260728_v0_1/urp4/geometry_io/v0_1/models.py,85abe3c59de0b9fa2532d9455808e92abff62f4bcdd3b87c857b5f1c52e928d7,release_snapshot_copy,43,pass,[],"['GeometryImportError', 'STLImportConfig']","['__future__', 'dataclasses', 'pathlib']"
URP4-1_SUBMISSION_20260728_v0_1/urp4/geometry_io/v0_1/routing.py,6f8dde1ab5a0b95347cfa7d445d4c12129e59fe1cba069d7653c65c2e1c6b320,release_snapshot_copy,39,pass,['route_geometry_inputs'],[],"['__future__', 'pandas', '.models', '.stl_import']"
URP4-1_SUBMISSION_20260728_v0_1/urp4/geometry_io/v0_1/stl_import.py,31454eee7093526fae2cb6e06e811b1bbfb25ca18aa2d1e589d495ea6259ddc8,release_snapshot_copy,204,pass,"['_model_id', '_family_and_generator', 'discover_stl_files', '_load_mesh', 'inspect_stl', 'build_stl_import_table', 'iter_source_hashes']",[],"['__future__', 're', 'pathlib', 'typing', 'numpy', 'pandas', 'trimesh', 'urp4.contracts.v0_1.canonical', 'urp4.descriptor_service.v0_1.geometry', '.models']"
URP4-1_SUBMISSION_20260728_v0_1/urp4/geometry_io/v0_2/__init__.py,2947ba84dcf17a3b6007692bcb0c1659e6ce1f8425b8a91541895e3f8ebc7d57,release_snapshot_copy,15,pass,[],[],['.step_import']
URP4-1_SUBMISSION_20260728_v0_1/urp4/geometry_io/v0_2/step_import.py,77482c3dee570f309b022407dc43656a83c63524cc4132c2041c4553a474f18a,release_snapshot_copy,371,pass,"['sha256_file', '_model_id_from_path', '_iter_geometry_files', 'inventory_step_preferred_inputs', '_ocp_modules', '_shape_bbox', '_shape_volume', '_normalize_shape', '_read_step_shape', '_shape_to_arrays', '_stl_to_step_proxy', 'prepare_analysis_geometry']","['GeometryRouteError', 'GeometryRouteConfig']","['__future__', 'dataclasses', 'hashlib', 'pathlib', 're', 'typing', 'numpy']"
URP4-1_SUBMISSION_20260728_v0_1/urp4/geometry_io/v0_3/__init__.py,685eddb2fd6330c7e194bb3a87dde7bff887f7501014aeb2488f766adb1a8651,release_snapshot_copy,19,pass,[],[],['.source_preflight']
URP4-1_SUBMISSION_20260728_v0_1/urp4/geometry_io/v0_3/source_preflight.py,210b8ece82adf348e097c400b516cce8d133a219122fad8649433a9790510d36,release_snapshot_copy,307,pass,"['sha256_file', 'route_id_for_source_type', '_load_stl_raw', '_inspect_stl', '_count_subshapes', '_inspect_step', 'inspect_source']","['SourcePreflightError', 'GeometrySourceRecord']","['__future__', 'dataclasses', 'hashlib', 'pathlib', 'typing', 'numpy', 'trimesh']"
URP4-1_SUBMISSION_20260728_v0_1/urp4/geometry_io/v0_4/__init__.py,f77ae9d005d5481a3ccb1882b621deee06fbd599a5bab007bec26e6ed9f3c0ed,release_snapshot_copy,26,pass,[],[],['.imported_winding']
URP4-1_SUBMISSION_20260728_v0_1/urp4/geometry_io/v0_4/imported_winding.py,33f304d457534864132563b76b4af0f2dfba1d5e6da4de43fc7daa00b8ce97ad,release_snapshot_copy,304,pass,"['load_imported_stl_triangles', 'oriented_section_z', 'active_triangle_subsets_z', 'winding_raster', 'imported_stl_mask_stream', 'mask_packedbits_sha256']",['ImportedSTLWindingConfig'],"['__future__', 'hashlib', 'math', 'dataclasses', 'pathlib', 'typing', 'numpy', 'urp4.contracts.v0_1.canonical', 'urp4.descriptor_service.v0_1.geometry']"
URP4-1_SUBMISSION_20260728_v0_1/urp4/hq/__init__.py,0cd39e96248dc05d5c8e1410255ce3efd3376735fa25f4d7ef3bf12b2f01616e,release_snapshot_copy,2,pass,[],[],[]
URP4-1_SUBMISSION_20260728_v0_1/urp4/hq/v0_1/__init__.py,3773ef40cf8b17454842d719aea7af6a22dd571869fd57b15534b64d8f937cad,release_snapshot_copy,7,pass,[],[],"['.controller', '.engine']"
URP4-1_SUBMISSION_20260728_v0_1/urp4/hq/v0_1/controller.py,a76e1ec4bd8ffc8733e1ade1201d3f92104664d26c07221d3068afbe0b099a12,release_snapshot_copy,386,pass,"['_sha256', 'controller_from_dict', 'validate_and_freeze']","['WorkflowControl', 'PathControl', 'GeometryControl', 'ImportControl', 'GeneratorControl', 'LatticeControl', 'TPMSControl', 'VoxelControl', 'SliceControl', 'DescriptorControl', 'ArtifactControl', 'TrainingControl', 'URP4Controller', 'FrozenRunConfig']","['__future__', 'hashlib', 'json', 'dataclasses', 'pathlib', 'typing', 'urp4.descriptor_service.v0_1.service', 'urp4.geometry_io.v0_4.imported_winding']"
URP4-1_SUBMISSION_20260728_v0_1/urp4/hq/v0_1/engine.py,d4d11949faec7a1c33821d99f8b26e2d5f2bce50a7de63961ad9c5bff2fdccae,release_snapshot_copy,255,pass,"['_write_json', '_write_output_manifest', '_generated_geometry', 'run_hq']",[],"['__future__', 'json', 'hashlib', 'dataclasses', 'datetime', 'pathlib', 'typing', 'pandas', 'urp4.contracts.v0_1.canonical', 'urp4.descriptor_service.v0_1', 'urp4.descriptor_service.v0_1.config', 'urp4.generators.lattice_typeab.v0_1', 'urp4.generators.lattice_typeab.v0_1.plugin', 'urp4.generators.tpms_multiwall.v0_1', 'urp4.generators.tpms_multiwall.v0_1.plugin', 'urp4.generators.voxel.v0_1', 'urp4.generators.voxel.v0_1.plugin', 'urp4.geometry_io.v0_3.source_preflight', 'urp4.geometry_io.v0_4.imported_winding', '.controller', '.imported_pipeline']"
URP4-1_SUBMISSION_20260728_v0_1/urp4/hq/v0_1/imported_pipeline.py,e9670b8b9987d3a4c4edf39d2264bd5f6046b521b35c0088f34248be702a7531,release_snapshot_copy,200,pass,"['_sha256', 'extract_imported_stl']",['ImportedExtractionOutput'],"['__future__', 'hashlib', 'json', 'dataclasses', 'pathlib', 'pandas', 'urp4.descriptor_service.v0_1.component', 'urp4.descriptor_service.v0_1.models', 'urp4.descriptor_service.v0_1.pixel', 'urp4.geometry_io.v0_4.imported_winding']"
URP4-1_SUBMISSION_20260728_v0_1/urp4/training/__init__.py,c361ab611500cad0c7222bdc6d6a7e8717f3a65c4907a2331eb195bea1e75891,release_snapshot_copy,6,pass,[],[],[]
URP4-1_SUBMISSION_20260728_v0_1/urp4/training/p1_adapter_v0_1/__init__.py,b04a593d4d0bca2a1bef26ce178e5a08cc12d9aaed7c12771431c68d0227f8a9,release_snapshot_copy,21,pass,[],[],"['.adapters', '.models', '.registry']"
URP4-1_SUBMISSION_20260728_v0_1/urp4/training/p1_adapter_v0_1/adapters.py,73e29758afc8b4324056c68708bf6ac255cbb7a62e4a414fdea81fcb8eabe1e4,release_snapshot_copy,193,pass,"['_reject_target_payload', '_truthy', '_applicable_families', '_validate_candidate_rows', 'compile_adapter_plan', 'deny_execution']",[],"['__future__', 're', 'collections', 'collections.abc', 'typing', '.models', '.registry']"
URP4-1_SUBMISSION_20260728_v0_1/urp4/training/p1_adapter_v0_1/models.py,07214664ef1de073b5ea0bf3bd744429e4ec0b406b36f678144356e269e14824,release_snapshot_copy,78,pass,[],"['AdapterContractError', 'RepresentativeAdapterSpec', 'AdapterPlan']","['__future__', 'dataclasses', 'typing']"
URP4-1_SUBMISSION_20260728_v0_1/urp4/training/p1_adapter_v0_1/registry.py,6cd60a8b98dce8febefa39b35ed2e41cdcc4a4e393c214f2324347758312faa2,release_snapshot_copy,94,pass,['get_adapter_spec'],[],"['__future__', '.models']"
URP4-1_SUBMISSION_20260728_v0_1/urp4/training/p1_exec_layer_v0_1/__init__.py,a2582e0cfa92daa184a6d3582bdb1ccc198153c1f98bdbb04b01fa8b2c176ea3,release_snapshot_copy,32,pass,[],[],"['.builders', '.estimators', '.ledger', '.models', '.permit']"
URP4-1_SUBMISSION_20260728_v0_1/urp4/training/p1_exec_layer_v0_1/builders.py,dd7d7effa549f3f7b32c1d23d70c5f8322f4e1798c1041daa69c105259de1080,release_snapshot_copy,114,pass,"['_base_pipeline', '_validate_outer', 'build_representative_estimator', 'build_representative_graph']",[],"['__future__', 'sklearn.impute', 'sklearn.linear_model', 'sklearn.pipeline', 'sklearn.preprocessing', 'urp4.training.p1_adapter_v0_1', '.estimators', '.models', '.permit']"
URP4-1_SUBMISSION_20260728_v0_1/urp4/training/p1_exec_layer_v0_1/estimators.py,729f4759cf0d5e5844cc3370dc9d5f189299193a2d1bd4a5101be19213e872a5,release_snapshot_copy,280,pass,['_ridge_pipeline'],"['_GuardedEstimator', 'GuardedWeightedBlendRegressor', 'GuardedStabilityLassoRidge', 'GuardedOMPThenRidge', 'GuardedFeatureAwareEnsemble']","['__future__', 'numpy', 'sklearn.base', 'sklearn.impute', 'sklearn.linear_model', 'sklearn.metrics', 'sklearn.model_selection', 'sklearn.pipeline', 'sklearn.preprocessing', 'sklearn.utils.validation', '.models', '.permit']"
URP4-1_SUBMISSION_20260728_v0_1/urp4/training/p1_exec_layer_v0_1/ledger.py,36aad8d9e584fbaa514f212190a93f0b24ca496342516a7b8ee65ca7e9267bac,release_snapshot_copy,55,pass,"['prospective_fit_ledger', 'prospective_fit_summary']",[],"['__future__', 'collections', 'typing', '.permit']"
URP4-1_SUBMISSION_20260728_v0_1/urp4/training/p1_exec_layer_v0_1/models.py,b6f3c09c91e4df2fc24685d9eb25dd899a171ddda9ea8fa0ca962b81d0545bda,release_snapshot_copy,57,pass,[],"['ExecLayerContractError', 'ExecutionPermit', 'ExecutionGraph']","['__future__', 'dataclasses', 'typing']"
URP4-1_SUBMISSION_20260728_v0_1/urp4/training/p1_exec_layer_v0_1/permit.py,5396f85f4ccba6f9a2450676a93230e8b3a7e9b317af8628065d987e47fc2ed2,release_snapshot_copy,107,pass,"['_sha256', '_canonical_payload', '_payload_sha256', 'load_execution_permit', 'assert_execution_authorized']",[],"['__future__', 'hashlib', 'json', 'pathlib', 'typing', '.models']"
URP4-1_SUBMISSION_20260728_v0_1/urp4/training/v0_1/__init__.py,11eec2d05da853f97738b8a4f6de678f2ade8a81a23242eb808937d7d6200a5c,release_snapshot_copy,69,pass,[],[],"['.contracts', '.models', '.policy', '.registry', '.source_audit']"
URP4-1_SUBMISSION_20260728_v0_1/urp4/training/v0_1/contracts.py,127fff910ed84108bc116c295ac1c890493e02e04a51e7025494867b10e803ac,release_snapshot_copy,55,pass,['build_pending_training_manifest'],[],"['__future__', 'copy', 'typing', 'urp4.contracts.v0_1.ids', 'urp4.contracts.v0_1.models', '.models']"
URP4-1_SUBMISSION_20260728_v0_1/urp4/training/v0_1/models.py,d1ea9c9497c37be0ae783445d9aa7451c24421cf7ae1e6907c76e14ebc80fc2a,release_snapshot_copy,162,pass,[],"['TrainingPolicyError', 'TrainingSourceSpec', 'MethodPluginSpec', 'FeatureBlockSpec', 'NotebookAudit', 'FeatureRoute', 'FoldAssignment', 'TrainingPlan']","['__future__', 'dataclasses', 'typing']"
URP4-1_SUBMISSION_20260728_v0_1/urp4/training/v0_1/policy.py,d7b6f9f40f5b1648616b57cc02103f5868bd3fadb3b46cb1371ed4a34e35e41c,release_snapshot_copy,251,pass,"['_stable_id', 'validate_semantic_id', 'route_features', 'validate_split_contract', 'plan_outer_folds', 'validate_selection_records', 'validate_oof_ensemble_inputs', 'build_training_plan']",[],"['__future__', 'hashlib', 'json', 're', 'collections', 'typing', '.models', '.registry']"
URP4-1_SUBMISSION_20260728_v0_1/urp4/training/v0_1/registry.py,ecfa6ef574295138a4c12baaf058203c82ce1361066bfad0b55a97d4cd949695,release_snapshot_copy,71,pass,"['build_source_registry', 'source_registry_by_alias', 'build_method_registry', 'method_registry_by_id', 'build_feature_block_registry', 'feature_registry_by_id']",[],"['__future__', '.models']"
URP4-1_SUBMISSION_20260728_v0_1/urp4/training/v0_1/source_audit.py,92984e1a38db136dad6f99de7dac7607f6ec995ebfc2fcfcf1a7d173497eef39,release_snapshot_copy,138,pass,"['sha256_file', '_literal_assignments', 'audit_notebook', 'audit_sources', 'definition_inventory']",[],"['__future__', 'ast', 'hashlib', 'json', 'pathlib', 'typing', '.models']"
URP4-1_SUBMISSION_20260728_v0_1/urp4/training/v0_2/__init__.py,24c39f42b9b2475e7973f367ccb5e893a8fc0ee510cef85d5ea568486b9c63e8,release_snapshot_copy,16,pass,[],[],"['.models', '.policy', '.registry']"
URP4-1_SUBMISSION_20260728_v0_1/urp4/training/v0_2/models.py,19b24c1ab841d959702ef7e8f106a6652553ffcb98c816f216cd31fb47b96ec1,release_snapshot_copy,67,pass,[],"['FS4ContractError', 'MethodFamilyRole', 'FS4IntegrationPlan']","['__future__', 'dataclasses', 'typing']"
URP4-1_SUBMISSION_20260728_v0_1/urp4/training/v0_2/policy.py,ef694a208127515f0a2644e3c69c64a28c3ba4a6ed761dc3360c97258677ef57,release_snapshot_copy,122,pass,"['validate_candidate_interface', 'build_no_fit_plan', 'validate_oof_merge_records']",[],"['__future__', 'collections', 'typing', '.models', '.registry']"
URP4-1_SUBMISSION_20260728_v0_1/urp4/training/v0_2/registry.py,db296fc50fce1996759386f7278f862f36c8225fff4eafd20f791c229c35a3a6,release_snapshot_copy,115,pass,[],[],"['__future__', '.models']"
work/analyze_sources.py,6e18a69bc14f1a4a0755c3a8716d51922e489d26cdad18ac87f2e7706f089f3d,support_or_unclassified,205,pass,"['dotted_name', 'source_text', 'simple_value', 'analyze_python', 'analyze_notebook', 'main']",[],"['__future__', 'ast', 'json', 're', 'sys', 'tokenize', 'pathlib']"
