work_id,track,purpose,position_in_full_pipeline,planned_scope,last_completed_run,currently_active_run,execution_status,calculation_scope,qa_status,scientific_status,notebook_integration_status,regression_status,submission_status,source_files,result_files,config_and_environment,evidence_hash,confirmed_conclusion,claim_boundary,remaining_problem,next_gate,owner_session,last_verified_at,primary_evidence_path,release_status
FAST-CAP-001,research_support_or_archive,Audited result root: FAST-CAP-001,S4-S9 evidence surface; exact lifecycle requires producer evidence,read-only reconciled from actual result root,,,unresolved_no_audited_evidence,not inferred beyond artifact evidence,no_independent_qa_found,unresolved,not_inferred_from_artifact_presence,not independently replayed by handoff,not_merged_or_no_packet_found,,,see manifest/config evidence if present,,artifact existence only; report claims separately bounded,No scientific conclusion inferred solely from result folder existence.,requires direct report/QA review where status is not explicit,owner review / evidence reconciliation,research control tower unless explicitly UI/demo,2026-07-31T11:26:55+09:00,,not_merged_or_no_packet_found
HANDOFF-SYNC-001,research_support_or_archive,Audited result root: HANDOFF-SYNC-001,S4-S9 evidence surface; exact lifecycle requires producer evidence,read-only reconciled from actual result root,HANDOFF-CUTOFF-20260731-001,,unresolved_no_audited_evidence,not inferred beyond artifact evidence,no_independent_qa_found,unresolved,not_inferred_from_artifact_presence,not independently replayed by handoff,not_merged_or_no_packet_found,,,see manifest/config evidence if present,,artifact existence only; report claims separately bounded,No scientific conclusion inferred solely from result folder existence.,requires direct report/QA review where status is not explicit,owner review / evidence reconciliation,research control tower unless explicitly UI/demo,2026-07-31T11:26:55+09:00,,not_merged_or_no_packet_found
HQ-BLUEPRINT-001,hq_integration_release,Audited result root: HQ-BLUEPRINT-001,S4-S9 evidence surface; exact lifecycle requires producer evidence,read-only reconciled from actual result root,,,completed_artifacts_present,not inferred beyond artifact evidence,no_independent_qa_found,unresolved,not_inferred_from_artifact_presence,not independently replayed by handoff,merge_packet_present,,experiments/lab_001_xy_connection_20260626/results/HQ-BLUEPRINT-001/MERGE_PACKET.md,see manifest/config evidence if present,5c77975c54ced9547e055499a236b8a69d08599a5ea50f596c59b032d4f12a74,artifact existence only; report claims separately bounded,No scientific conclusion inferred solely from result folder existence.,requires direct report/QA review where status is not explicit,owner review / evidence reconciliation,research control tower unless explicitly UI/demo,2026-07-31T11:26:55+09:00,experiments/lab_001_xy_connection_20260626/results/HQ-BLUEPRINT-001/MERGE_PACKET.md,merge_packet_present
HQ-GEOM-001,hq_integration_release,Audited result root: HQ-GEOM-001,S4-S9 evidence surface; exact lifecycle requires producer evidence,read-only reconciled from actual result root,HQ-GEOM-001-20260728-001,,completed_artifacts_present,not inferred beyond artifact evidence,independent_qa_present,unresolved,not_inferred_from_artifact_presence,not independently replayed by handoff,merge_packet_present,,experiments/lab_001_xy_connection_20260626/results/HQ-GEOM-001/HQ-GEOM-001-20260728-001/INDEPENDENT_QA.json; experiments/lab_001_xy_connection_20260626/results/HQ-GEOM-001/HQ-GEOM-001-20260728-001/MERGE_PACKET.md,see manifest/config evidence if present,57baab0656685c8d4e89afdff819799a427b3b5612c314717358c45e62cf4e3c,artifact existence only; report claims separately bounded,No scientific conclusion inferred solely from result folder existence.,requires direct report/QA review where status is not explicit,owner review / evidence reconciliation,research control tower unless explicitly UI/demo,2026-07-31T11:26:55+09:00,experiments/lab_001_xy_connection_20260626/results/HQ-GEOM-001/HQ-GEOM-001-20260728-001/INDEPENDENT_QA.json,merge_packet_present
HQ-GEOM-002,hq_integration_release,Audited result root: HQ-GEOM-002,S4-S9 evidence surface; exact lifecycle requires producer evidence,read-only reconciled from actual result root,HQ-GEOM-002-20260728-001,,completed_artifacts_present,not inferred beyond artifact evidence,independent_qa_present,unresolved,not_inferred_from_artifact_presence,not independently replayed by handoff,merge_packet_present,,experiments/lab_001_xy_connection_20260626/results/HQ-GEOM-002/HQ-GEOM-002-20260728-001/INDEPENDENT_QA.json; experiments/lab_001_xy_connection_20260626/results/HQ-GEOM-002/HQ-GEOM-002-20260728-001/MERGE_PACKET.md,see manifest/config evidence if present,9b11b1b1ada5ee8400315ddcbd13bd924e47ada16a6485cf2b5cf279bdb6238d,artifact existence only; report claims separately bounded,No scientific conclusion inferred solely from result folder existence.,requires direct report/QA review where status is not explicit,owner review / evidence reconciliation,research control tower unless explicitly UI/demo,2026-07-31T11:26:55+09:00,experiments/lab_001_xy_connection_20260626/results/HQ-GEOM-002/HQ-GEOM-002-20260728-001/INDEPENDENT_QA.json,merge_packet_present
HQ-GEOM-003,hq_integration_release,Audited result root: HQ-GEOM-003,S4-S9 evidence surface; exact lifecycle requires producer evidence,read-only reconciled from actual result root,HQ-GEOM-003-20260728-001,,completed_artifacts_present,not inferred beyond artifact evidence,no_independent_qa_found,claim_boundary_requires_report_review,not_inferred_from_artifact_presence,not independently replayed by handoff,merge_packet_present,,experiments/lab_001_xy_connection_20260626/results/HQ-GEOM-003/HQ-GEOM-003-20260728-001/MERGE_PACKET.md; experiments/lab_001_xy_connection_20260626/results/HQ-GEOM-003/HQ-GEOM-003-20260728-001/REPORT.md,see manifest/config evidence if present,b50611e6b64850a4e65103e2c151bd999895796eef4f0be78bc3157c8b8aaf1f,artifact existence only; report claims separately bounded,No scientific conclusion inferred solely from result folder existence.,requires direct report/QA review where status is not explicit,owner review / evidence reconciliation,research control tower unless explicitly UI/demo,2026-07-31T11:26:55+09:00,experiments/lab_001_xy_connection_20260626/results/HQ-GEOM-003/HQ-GEOM-003-20260728-001/REPORT.md,merge_packet_present
I007_F1,research_support_or_archive,Audited result root: I007_F1,S4-S9 evidence surface; exact lifecycle requires producer evidence,read-only reconciled from actual result root,IMSTL-007-20260728-002,,quarantined_or_superseded,not inferred beyond artifact evidence,independent_qa_present,claim_boundary_requires_report_review,not_inferred_from_artifact_presence,not independently replayed by handoff,not_merged_or_no_packet_found,,experiments/lab_001_xy_connection_20260626/results/I007_F1/IMSTL-007-20260728-002/INDEPENDENT_QA.json; experiments/lab_001_xy_connection_20260626/results/I007_F1/IMSTL-007-20260728-002/REPORT.md,see manifest/config evidence if present,9f533977797d89758fb49626edad277fad9265d0ff382455424164129ca31ce3,artifact existence only; report claims separately bounded,No scientific conclusion inferred solely from result folder existence.,requires direct report/QA review where status is not explicit,owner review / evidence reconciliation,research control tower unless explicitly UI/demo,2026-07-31T11:26:55+09:00,experiments/lab_001_xy_connection_20260626/results/I007_F1/IMSTL-007-20260728-002/REPORT.md,not_merged_or_no_packet_found
I008_F1,research_support_or_archive,Audited result root: I008_F1,S4-S9 evidence surface; exact lifecycle requires producer evidence,read-only reconciled from actual result root,IMSTL-008-20260728-002,,quarantined_or_superseded,not inferred beyond artifact evidence,independent_qa_present,unresolved,not_inferred_from_artifact_presence,not independently replayed by handoff,merge_packet_present,,experiments/lab_001_xy_connection_20260626/results/I008_F1/IMSTL-008-20260728-002/INDEPENDENT_QA.json; experiments/lab_001_xy_connection_20260626/results/I008_F1/IMSTL-008-20260728-002/MERGE_PACKET.md,see manifest/config evidence if present,37379f5f6e4d1e9ee664dc382ff8bec16005926fd513662a3d89caf7050709ba,artifact existence only; report claims separately bounded,No scientific conclusion inferred solely from result folder existence.,requires direct report/QA review where status is not explicit,owner review / evidence reconciliation,research control tower unless explicitly UI/demo,2026-07-31T11:26:55+09:00,experiments/lab_001_xy_connection_20260626/results/I008_F1/IMSTL-008-20260728-002/INDEPENDENT_QA.json,merge_packet_present
IMSTL-001_SOURCE_ROUTER_PREFLIGHT,imported_stl_slicer,Audited result root: IMSTL-001_SOURCE_ROUTER_PREFLIGHT,S4-S9 evidence surface; exact lifecycle requires producer evidence,read-only reconciled from actual result root,IMSTL-001-20260727-001,,completed_artifacts_present,not inferred beyond artifact evidence,independent_qa_present,unresolved,not_inferred_from_artifact_presence,not independently replayed by handoff,not_merged_or_no_packet_found,,experiments/lab_001_xy_connection_20260626/results/IMSTL-001_SOURCE_ROUTER_PREFLIGHT/IMSTL-001-20260727-001/INDEPENDENT_QA.json; experiments/lab_001_xy_connection_20260626/results/IMSTL-001_SOURCE_ROUTER_PREFLIGHT/IMSTL-001-20260727-001/RUN_MANIFEST.json,see manifest/config evidence if present,cc594b88b33fd2388ceeed35fc1cc2de880b41d96dc480f0b5c32d484a4b5812,artifact existence only; report claims separately bounded,No scientific conclusion inferred solely from result folder existence.,requires direct report/QA review where status is not explicit,owner review / evidence reconciliation,research control tower unless explicitly UI/demo,2026-07-31T11:26:55+09:00,experiments/lab_001_xy_connection_20260626/results/IMSTL-001_SOURCE_ROUTER_PREFLIGHT/IMSTL-001-20260727-001/INDEPENDENT_QA.json,not_merged_or_no_packet_found
IMSTL-002_L28_ROBUST_PROTOTYPE,imported_stl_slicer,Audited result root: IMSTL-002_L28_ROBUST_PROTOTYPE,S4-S9 evidence surface; exact lifecycle requires producer evidence,read-only reconciled from actual result root,IMSTL-002-20260727-001,,completed_artifacts_present,not inferred beyond artifact evidence,independent_qa_present,unresolved,not_inferred_from_artifact_presence,not independently replayed by handoff,not_merged_or_no_packet_found,,experiments/lab_001_xy_connection_20260626/results/IMSTL-002_L28_ROBUST_PROTOTYPE/IMSTL-002-20260727-001/INDEPENDENT_QA.json,see manifest/config evidence if present,0c8f48c7f7c36c52e403593e23865079c2bd74c7ca9be8f0e16dbdbc7775e317,artifact existence only; report claims separately bounded,No scientific conclusion inferred solely from result folder existence.,requires direct report/QA review where status is not explicit,owner review / evidence reconciliation,research control tower unless explicitly UI/demo,2026-07-31T11:26:55+09:00,experiments/lab_001_xy_connection_20260626/results/IMSTL-002_L28_ROBUST_PROTOTYPE/IMSTL-002-20260727-001/INDEPENDENT_QA.json,not_merged_or_no_packet_found
IMSTL-003_L28_WINDING_DOE,imported_stl_slicer,Audited result root: IMSTL-003_L28_WINDING_DOE,S4-S9 evidence surface; exact lifecycle requires producer evidence,read-only reconciled from actual result root,IMSTL-003-20260727-002,,completed_artifacts_present,not inferred beyond artifact evidence,independent_qa_present,unresolved,not_inferred_from_artifact_presence,not independently replayed by handoff,not_merged_or_no_packet_found,,experiments/lab_001_xy_connection_20260626/results/IMSTL-003_L28_WINDING_DOE/IMSTL-003-20260727-002/INDEPENDENT_QA.json,see manifest/config evidence if present,399076228190a0ae38dcd3d9b908907e4a2ef20ce0bde7505afac94b4f39dfc8,artifact existence only; report claims separately bounded,No scientific conclusion inferred solely from result folder existence.,requires direct report/QA review where status is not explicit,owner review / evidence reconciliation,research control tower unless explicitly UI/demo,2026-07-31T11:26:55+09:00,experiments/lab_001_xy_connection_20260626/results/IMSTL-003_L28_WINDING_DOE/IMSTL-003-20260727-002/INDEPENDENT_QA.json,not_merged_or_no_packet_found
IMSTL-004_L28_FULL801,imported_stl_slicer,Audited result root: IMSTL-004_L28_FULL801,S4-S9 evidence surface; exact lifecycle requires producer evidence,read-only reconciled from actual result root,IMSTL-004-20260728-001,,completed_artifacts_present,not inferred beyond artifact evidence,independent_qa_present,unresolved,not_inferred_from_artifact_presence,not independently replayed by handoff,not_merged_or_no_packet_found,,experiments/lab_001_xy_connection_20260626/results/IMSTL-004_L28_FULL801/IMSTL-004-20260728-001/INDEPENDENT_QA.json,see manifest/config evidence if present,c7fea0c374811135d0c78298c8c85787272e09c289bb704e8922f857bfecd0b4,artifact existence only; report claims separately bounded,No scientific conclusion inferred solely from result folder existence.,requires direct report/QA review where status is not explicit,owner review / evidence reconciliation,research control tower unless explicitly UI/demo,2026-07-31T11:26:55+09:00,experiments/lab_001_xy_connection_20260626/results/IMSTL-004_L28_FULL801/IMSTL-004-20260728-001/INDEPENDENT_QA.json,not_merged_or_no_packet_found
IMSTL-005_NB_DEV_INTEGRATION,imported_stl_slicer,Audited result root: IMSTL-005_NB_DEV_INTEGRATION,S4-S9 evidence surface; exact lifecycle requires producer evidence,read-only reconciled from actual result root,IMSTL-005-20260728-002,,completed_artifacts_present,not inferred beyond artifact evidence,independent_qa_present,unresolved,not_inferred_from_artifact_presence,not independently replayed by handoff,not_merged_or_no_packet_found,,experiments/lab_001_xy_connection_20260626/results/IMSTL-005_NB_DEV_INTEGRATION/IMSTL-005-20260728-002/INDEPENDENT_QA.json,see manifest/config evidence if present,446060662b024a374bd4457c991059ba6d2fc535751c7e208f598f9b34be5956,artifact existence only; report claims separately bounded,No scientific conclusion inferred solely from result folder existence.,requires direct report/QA review where status is not explicit,owner review / evidence reconciliation,research control tower unless explicitly UI/demo,2026-07-31T11:26:55+09:00,experiments/lab_001_xy_connection_20260626/results/IMSTL-005_NB_DEV_INTEGRATION/IMSTL-005-20260728-002/INDEPENDENT_QA.json,not_merged_or_no_packet_found
IMSTL-006_SMALL_GENERALIZATION,imported_stl_slicer,Audited result root: IMSTL-006_SMALL_GENERALIZATION,S4-S9 evidence surface; exact lifecycle requires producer evidence,read-only reconciled from actual result root,IMSTL-006-20260728-002,,completed_artifacts_present,not inferred beyond artifact evidence,independent_qa_present,unresolved,not_inferred_from_artifact_presence,not independently replayed by handoff,not_merged_or_no_packet_found,,experiments/lab_001_xy_connection_20260626/results/IMSTL-006_SMALL_GENERALIZATION/IMSTL-006-20260728-002/INDEPENDENT_QA.json,see manifest/config evidence if present,f10b4f2415427eb44b0f2e4cde8997a71f7e0f383a4034546d0bd45c5d2b40b6,artifact existence only; report claims separately bounded,No scientific conclusion inferred solely from result folder existence.,requires direct report/QA review where status is not explicit,owner review / evidence reconciliation,research control tower unless explicitly UI/demo,2026-07-31T11:26:55+09:00,experiments/lab_001_xy_connection_20260626/results/IMSTL-006_SMALL_GENERALIZATION/IMSTL-006-20260728-002/INDEPENDENT_QA.json,not_merged_or_no_packet_found
IMSTL-007_F1_RESOLUTION_PIXEL_PHASE,imported_stl_slicer,Audited result root: IMSTL-007_F1_RESOLUTION_PIXEL_PHASE,S4-S9 evidence surface; exact lifecycle requires producer evidence,read-only reconciled from actual result root,IMSTL-007-20260728-001,,unresolved_no_audited_evidence,not inferred beyond artifact evidence,no_independent_qa_found,unresolved,not_inferred_from_artifact_presence,not independently replayed by handoff,not_merged_or_no_packet_found,,,see manifest/config evidence if present,,artifact existence only; report claims separately bounded,No scientific conclusion inferred solely from result folder existence.,requires direct report/QA review where status is not explicit,owner review / evidence reconciliation,research control tower unless explicitly UI/demo,2026-07-31T11:26:55+09:00,,not_merged_or_no_packet_found
L28_DESCRIPTOR_VALIDATION,imported_stl_slicer,Audited result root: L28_DESCRIPTOR_VALIDATION,S4-S9 evidence surface; exact lifecycle requires producer evidence,read-only reconciled from actual result root,L28-DESCVAL-PKG-20260727-002,,unresolved_no_audited_evidence,not inferred beyond artifact evidence,no_independent_qa_found,unresolved,not_inferred_from_artifact_presence,not independently replayed by handoff,not_merged_or_no_packet_found,,,see manifest/config evidence if present,,artifact existence only; report claims separately bounded,No scientific conclusion inferred solely from result folder existence.,requires direct report/QA review where status is not explicit,owner review / evidence reconciliation,research control tower unless explicitly UI/demo,2026-07-31T11:26:55+09:00,,not_merged_or_no_packet_found
L28_STL2STP_CONCLUSION,imported_stl_slicer,Audited result root: L28_STL2STP_CONCLUSION,S4-S9 evidence surface; exact lifecycle requires producer evidence,read-only reconciled from actual result root,L28-STL2STP-RESCONV-20260727-001,,completed_artifacts_present,not inferred beyond artifact evidence,no_independent_qa_found,unresolved,not_inferred_from_artifact_presence,not independently replayed by handoff,not_merged_or_no_packet_found,,experiments/lab_001_xy_connection_20260626/results/L28_STL2STP_CONCLUSION/L28-STL2STP-RESCONV-20260727-001/RUN_MANIFEST.json,see manifest/config evidence if present,cb8f86125df1904550002eae04db7ba67bd9b99e6d194f5bb2e44fa33437c229,artifact existence only; report claims separately bounded,No scientific conclusion inferred solely from result folder existence.,requires direct report/QA review where status is not explicit,owner review / evidence reconciliation,research control tower unless explicitly UI/demo,2026-07-31T11:26:55+09:00,experiments/lab_001_xy_connection_20260626/results/L28_STL2STP_CONCLUSION/L28-STL2STP-RESCONV-20260727-001/RUN_MANIFEST.json,not_merged_or_no_packet_found
NB-INTEGRATE-001,hq_integration_release,Audited result root: NB-INTEGRATE-001,S4-S9 evidence surface; exact lifecycle requires producer evidence,read-only reconciled from actual result root,NB-INTEGRATE-001-20260729-001,,completed_artifacts_present,not inferred beyond artifact evidence,independent_qa_present,claim_boundary_requires_report_review,not_inferred_from_artifact_presence,not independently replayed by handoff,merge_packet_present,,experiments/lab_001_xy_connection_20260626/results/NB-INTEGRATE-001/NB-INTEGRATE-001-20260729-001/INDEPENDENT_QA.json; experiments/lab_001_xy_connection_20260626/results/NB-INTEGRATE-001/NB-INTEGRATE-001-20260729-001/MERGE_PACKET.md; experiments/lab_001_xy_connection_20260626/results/NB-INTEGRATE-001/NB-INTEGRATE-001-20260729-001/REPORT.md,see manifest/config evidence if present,61265cdab4f3f447df8211736fdb0896eaaf0e3c48d30561367238e84e2b191f,artifact existence only; report claims separately bounded,No scientific conclusion inferred solely from result folder existence.,requires direct report/QA review where status is not explicit,owner review / evidence reconciliation,research control tower unless explicitly UI/demo,2026-07-31T11:26:55+09:00,experiments/lab_001_xy_connection_20260626/results/NB-INTEGRATE-001/NB-INTEGRATE-001-20260729-001/REPORT.md,merge_packet_present
PRESENTATION-HANDOFF-RUN361,research_support_or_archive,Audited result root: PRESENTATION-HANDOFF-RUN361,S4-S9 evidence surface; exact lifecycle requires producer evidence,read-only reconciled from actual result root,,,completed_artifacts_present,not inferred beyond artifact evidence,no_independent_qa_found,unresolved,not_inferred_from_artifact_presence,not independently replayed by handoff,merge_packet_present,,experiments/lab_001_xy_connection_20260626/results/PRESENTATION-HANDOFF-RUN361/MERGE_PACKET.md,see manifest/config evidence if present,dd316a50552d0718fd9b42853ecfa7ff7db54266db41af7b1f35ec7c5ed5e1b8,artifact existence only; report claims separately bounded,No scientific conclusion inferred solely from result folder existence.,requires direct report/QA review where status is not explicit,owner review / evidence reconciliation,research control tower unless explicitly UI/demo,2026-07-31T11:26:55+09:00,experiments/lab_001_xy_connection_20260626/results/PRESENTATION-HANDOFF-RUN361/MERGE_PACKET.md,merge_packet_present
ROUTE-VALID-001,route_validation_imported_stl,Audited result root: ROUTE-VALID-001,S4-S9 evidence surface; exact lifecycle requires producer evidence,read-only reconciled from actual result root,ROUTE-VALID-001-20260729-001,,completed_artifacts_present,not inferred beyond artifact evidence,independent_qa_present,claim_boundary_requires_report_review,not_inferred_from_artifact_presence,not independently replayed by handoff,not_merged_or_no_packet_found,,experiments/lab_001_xy_connection_20260626/results/ROUTE-VALID-001/ROUTE-VALID-001-20260729-001/INDEPENDENT_QA.json; experiments/lab_001_xy_connection_20260626/results/ROUTE-VALID-001/ROUTE-VALID-001-20260729-001/REPORT.md,see manifest/config evidence if present,40ad924c54137cc87a1e1e9bb71784e2536768553f63ff9385a15a874d0f5f9b,artifact existence only; report claims separately bounded,No scientific conclusion inferred solely from result folder existence.,requires direct report/QA review where status is not explicit,owner review / evidence reconciliation,research control tower unless explicitly UI/demo,2026-07-31T11:26:55+09:00,experiments/lab_001_xy_connection_20260626/results/ROUTE-VALID-001/ROUTE-VALID-001-20260729-001/REPORT.md,not_merged_or_no_packet_found
ROUTE-VALID-002,route_validation_imported_stl,Audited result root: ROUTE-VALID-002,S4-S9 evidence surface; exact lifecycle requires producer evidence,read-only reconciled from actual result root,ROUTE-VALID-002-20260729-001,,completed_artifacts_present,not inferred beyond artifact evidence,independent_qa_present,claim_boundary_requires_report_review,not_inferred_from_artifact_presence,not independently replayed by handoff,merge_packet_present,,experiments/lab_001_xy_connection_20260626/results/ROUTE-VALID-002/ROUTE-VALID-002-20260729-001/INDEPENDENT_QA.json; experiments/lab_001_xy_connection_20260626/results/ROUTE-VALID-002/ROUTE-VALID-002-20260729-001/MERGE_PACKET.md; experiments/lab_001_xy_connection_20260626/results/ROUTE-VALID-002/ROUTE-VALID-002-20260729-001/REPORT.md,see manifest/config evidence if present,deb9ace078dd537ee8201d190404f8a464e5e3f997a3c3a4997e36b5e85b9448,artifact existence only; report claims separately bounded,No scientific conclusion inferred solely from result folder existence.,requires direct report/QA review where status is not explicit,owner review / evidence reconciliation,research control tower unless explicitly UI/demo,2026-07-31T11:26:55+09:00,experiments/lab_001_xy_connection_20260626/results/ROUTE-VALID-002/ROUTE-VALID-002-20260729-001/REPORT.md,merge_packet_present
ROUTE-VALID-003,route_validation_imported_stl,Audited result root: ROUTE-VALID-003,S4-S9 evidence surface; exact lifecycle requires producer evidence,read-only reconciled from actual result root,ROUTE-VALID-003-20260729-002,,quarantined_or_superseded,not inferred beyond artifact evidence,independent_qa_present,claim_boundary_requires_report_review,not_inferred_from_artifact_presence,not independently replayed by handoff,merge_packet_present,,experiments/lab_001_xy_connection_20260626/results/ROUTE-VALID-003/ROUTE-VALID-003-20260729-002/INDEPENDENT_QA.json; experiments/lab_001_xy_connection_20260626/results/ROUTE-VALID-003/ROUTE-VALID-003-20260729-002/MERGE_PACKET.md; experiments/lab_001_xy_connection_20260626/results/ROUTE-VALID-003/ROUTE-VALID-003-20260729-002/REPORT.md,see manifest/config evidence if present,ae2019407ee718a2bb53b0437b22216162ac3e1d90bb67b1654ee189e8bf3d30,artifact existence only; report claims separately bounded,No scientific conclusion inferred solely from result folder existence.,requires direct report/QA review where status is not explicit,owner review / evidence reconciliation,research control tower unless explicitly UI/demo,2026-07-31T11:26:55+09:00,experiments/lab_001_xy_connection_20260626/results/ROUTE-VALID-003/ROUTE-VALID-003-20260729-002/REPORT.md,merge_packet_present
ROUTE-VALID-003A,route_validation_imported_stl,Audited result root: ROUTE-VALID-003A,S4-S9 evidence surface; exact lifecycle requires producer evidence,read-only reconciled from actual result root,ROUTE-VALID-003A-20260729-003,,unresolved_no_audited_evidence,not inferred beyond artifact evidence,no_independent_qa_found,unresolved,not_inferred_from_artifact_presence,not independently replayed by handoff,not_merged_or_no_packet_found,,,see manifest/config evidence if present,,artifact existence only; report claims separately bounded,No scientific conclusion inferred solely from result folder existence.,requires direct report/QA review where status is not explicit,owner review / evidence reconciliation,research control tower unless explicitly UI/demo,2026-07-31T11:26:55+09:00,,not_merged_or_no_packet_found
ROUTE-VALID-004,route_validation_imported_stl,Audited result root: ROUTE-VALID-004,S4-S9 evidence surface; exact lifecycle requires producer evidence,read-only reconciled from actual result root,ROUTE-VALID-004-20260729-001,,quarantined_or_superseded,not inferred beyond artifact evidence,independent_qa_present,claim_boundary_requires_report_review,not_inferred_from_artifact_presence,not independently replayed by handoff,merge_packet_present,,experiments/lab_001_xy_connection_20260626/results/ROUTE-VALID-004/ROUTE-VALID-004-20260729-001/INDEPENDENT_QA.json; experiments/lab_001_xy_connection_20260626/results/ROUTE-VALID-004/ROUTE-VALID-004-20260729-001/MERGE_PACKET.md; experiments/lab_001_xy_connection_20260626/results/ROUTE-VALID-004/ROUTE-VALID-004-20260729-001/REPORT.md,see manifest/config evidence if present,cb72eeaea007558aa0a91872ea64e583fa30340b624048f11d47245523cdc063,artifact existence only; report claims separately bounded,No scientific conclusion inferred solely from result folder existence.,requires direct report/QA review where status is not explicit,owner review / evidence reconciliation,research control tower unless explicitly UI/demo,2026-07-31T11:26:55+09:00,experiments/lab_001_xy_connection_20260626/results/ROUTE-VALID-004/ROUTE-VALID-004-20260729-001/REPORT.md,merge_packet_present
SG002_L28,research_support_or_archive,Audited result root: SG002_L28,S4-S9 evidence surface; exact lifecycle requires producer evidence,read-only reconciled from actual result root,,,unresolved_no_audited_evidence,not inferred beyond artifact evidence,no_independent_qa_found,unresolved,not_inferred_from_artifact_presence,not independently replayed by handoff,not_merged_or_no_packet_found,,,see manifest/config evidence if present,,artifact existence only; report claims separately bounded,No scientific conclusion inferred solely from result folder existence.,requires direct report/QA review where status is not explicit,owner review / evidence reconciliation,research control tower unless explicitly UI/demo,2026-07-31T11:26:55+09:00,,not_merged_or_no_packet_found
SG003_L28,research_support_or_archive,Audited result root: SG003_L28,S4-S9 evidence surface; exact lifecycle requires producer evidence,read-only reconciled from actual result root,,,unresolved_no_audited_evidence,not inferred beyond artifact evidence,no_independent_qa_found,unresolved,not_inferred_from_artifact_presence,not independently replayed by handoff,not_merged_or_no_packet_found,,,see manifest/config evidence if present,,artifact existence only; report claims separately bounded,No scientific conclusion inferred solely from result folder existence.,requires direct report/QA review where status is not explicit,owner review / evidence reconciliation,research control tower unless explicitly UI/demo,2026-07-31T11:26:55+09:00,,not_merged_or_no_packet_found
SG004_L28,research_support_or_archive,Audited result root: SG004_L28,S4-S9 evidence surface; exact lifecycle requires producer evidence,read-only reconciled from actual result root,,,unresolved_no_audited_evidence,not inferred beyond artifact evidence,no_independent_qa_found,unresolved,not_inferred_from_artifact_presence,not independently replayed by handoff,not_merged_or_no_packet_found,,,see manifest/config evidence if present,,artifact existence only; report claims separately bounded,No scientific conclusion inferred solely from result folder existence.,requires direct report/QA review where status is not explicit,owner review / evidence reconciliation,research control tower unless explicitly UI/demo,2026-07-31T11:26:55+09:00,,not_merged_or_no_packet_found
SG005_L28,research_support_or_archive,Audited result root: SG005_L28,S4-S9 evidence surface; exact lifecycle requires producer evidence,read-only reconciled from actual result root,,,unresolved_no_audited_evidence,not inferred beyond artifact evidence,no_independent_qa_found,unresolved,not_inferred_from_artifact_presence,not independently replayed by handoff,not_merged_or_no_packet_found,,,see manifest/config evidence if present,,artifact existence only; report claims separately bounded,No scientific conclusion inferred solely from result folder existence.,requires direct report/QA review where status is not explicit,owner review / evidence reconciliation,research control tower unless explicitly UI/demo,2026-07-31T11:26:55+09:00,,not_merged_or_no_packet_found
SG006_L28,research_support_or_archive,Audited result root: SG006_L28,S4-S9 evidence surface; exact lifecycle requires producer evidence,read-only reconciled from actual result root,,,unresolved_no_audited_evidence,not inferred beyond artifact evidence,no_independent_qa_found,unresolved,not_inferred_from_artifact_presence,not independently replayed by handoff,not_merged_or_no_packet_found,,,see manifest/config evidence if present,,artifact existence only; report claims separately bounded,No scientific conclusion inferred solely from result folder existence.,requires direct report/QA review where status is not explicit,owner review / evidence reconciliation,research control tower unless explicitly UI/demo,2026-07-31T11:26:55+09:00,,not_merged_or_no_packet_found
SG007_L28,research_support_or_archive,Audited result root: SG007_L28,S4-S9 evidence surface; exact lifecycle requires producer evidence,read-only reconciled from actual result root,derived_noncanonical,,unresolved_no_audited_evidence,not inferred beyond artifact evidence,no_independent_qa_found,unresolved,not_inferred_from_artifact_presence,not independently replayed by handoff,not_merged_or_no_packet_found,,,see manifest/config evidence if present,,artifact existence only; report claims separately bounded,No scientific conclusion inferred solely from result folder existence.,requires direct report/QA review where status is not explicit,owner review / evidence reconciliation,research control tower unless explicitly UI/demo,2026-07-31T11:26:55+09:00,,not_merged_or_no_packet_found
SG008_L28,research_support_or_archive,Audited result root: SG008_L28,S4-S9 evidence surface; exact lifecycle requires producer evidence,read-only reconciled from actual result root,,,unresolved_no_audited_evidence,not inferred beyond artifact evidence,no_independent_qa_found,unresolved,not_inferred_from_artifact_presence,not independently replayed by handoff,not_merged_or_no_packet_found,,,see manifest/config evidence if present,,artifact existence only; report claims separately bounded,No scientific conclusion inferred solely from result folder existence.,requires direct report/QA review where status is not explicit,owner review / evidence reconciliation,research control tower unless explicitly UI/demo,2026-07-31T11:26:55+09:00,,not_merged_or_no_packet_found
SG009_L28,research_support_or_archive,Audited result root: SG009_L28,S4-S9 evidence surface; exact lifecycle requires producer evidence,read-only reconciled from actual result root,,,unresolved_no_audited_evidence,not inferred beyond artifact evidence,no_independent_qa_found,unresolved,not_inferred_from_artifact_presence,not independently replayed by handoff,not_merged_or_no_packet_found,,,see manifest/config evidence if present,,artifact existence only; report claims separately bounded,No scientific conclusion inferred solely from result folder existence.,requires direct report/QA review where status is not explicit,owner review / evidence reconciliation,research control tower unless explicitly UI/demo,2026-07-31T11:26:55+09:00,,not_merged_or_no_packet_found
SG010_L28,research_support_or_archive,Audited result root: SG010_L28,S4-S9 evidence surface; exact lifecycle requires producer evidence,read-only reconciled from actual result root,,,unresolved_no_audited_evidence,not inferred beyond artifact evidence,no_independent_qa_found,unresolved,not_inferred_from_artifact_presence,not independently replayed by handoff,not_merged_or_no_packet_found,,,see manifest/config evidence if present,,artifact existence only; report claims separately bounded,No scientific conclusion inferred solely from result folder existence.,requires direct report/QA review where status is not explicit,owner review / evidence reconciliation,research control tower unless explicitly UI/demo,2026-07-31T11:26:55+09:00,,not_merged_or_no_packet_found
SG011_L28,research_support_or_archive,Audited result root: SG011_L28,S4-S9 evidence surface; exact lifecycle requires producer evidence,read-only reconciled from actual result root,,,unresolved_no_audited_evidence,not inferred beyond artifact evidence,no_independent_qa_found,unresolved,not_inferred_from_artifact_presence,not independently replayed by handoff,not_merged_or_no_packet_found,,,see manifest/config evidence if present,,artifact existence only; report claims separately bounded,No scientific conclusion inferred solely from result folder existence.,requires direct report/QA review where status is not explicit,owner review / evidence reconciliation,research control tower unless explicitly UI/demo,2026-07-31T11:26:55+09:00,,not_merged_or_no_packet_found
SG012_L28,research_support_or_archive,Audited result root: SG012_L28,S4-S9 evidence surface; exact lifecycle requires producer evidence,read-only reconciled from actual result root,,,unresolved_no_audited_evidence,not inferred beyond artifact evidence,no_independent_qa_found,unresolved,not_inferred_from_artifact_presence,not independently replayed by handoff,not_merged_or_no_packet_found,,,see manifest/config evidence if present,,artifact existence only; report claims separately bounded,No scientific conclusion inferred solely from result folder existence.,requires direct report/QA review where status is not explicit,owner review / evidence reconciliation,research control tower unless explicitly UI/demo,2026-07-31T11:26:55+09:00,,not_merged_or_no_packet_found
SG013_L28,research_support_or_archive,Audited result root: SG013_L28,S4-S9 evidence surface; exact lifecycle requires producer evidence,read-only reconciled from actual result root,,,unresolved_no_audited_evidence,not inferred beyond artifact evidence,no_independent_qa_found,unresolved,not_inferred_from_artifact_presence,not independently replayed by handoff,not_merged_or_no_packet_found,,,see manifest/config evidence if present,,artifact existence only; report claims separately bounded,No scientific conclusion inferred solely from result folder existence.,requires direct report/QA review where status is not explicit,owner review / evidence reconciliation,research control tower unless explicitly UI/demo,2026-07-31T11:26:55+09:00,,not_merged_or_no_packet_found
SG014_L28,research_support_or_archive,Audited result root: SG014_L28,S4-S9 evidence surface; exact lifecycle requires producer evidence,read-only reconciled from actual result root,checkpoints,,unresolved_no_audited_evidence,not inferred beyond artifact evidence,no_independent_qa_found,unresolved,not_inferred_from_artifact_presence,not independently replayed by handoff,not_merged_or_no_packet_found,,,see manifest/config evidence if present,,artifact existence only; report claims separately bounded,No scientific conclusion inferred solely from result folder existence.,requires direct report/QA review where status is not explicit,owner review / evidence reconciliation,research control tower unless explicitly UI/demo,2026-07-31T11:26:55+09:00,,not_merged_or_no_packet_found
SG015_L28,research_support_or_archive,Audited result root: SG015_L28,S4-S9 evidence surface; exact lifecycle requires producer evidence,read-only reconciled from actual result root,checkpoints,,unresolved_no_audited_evidence,not inferred beyond artifact evidence,no_independent_qa_found,unresolved,not_inferred_from_artifact_presence,not independently replayed by handoff,not_merged_or_no_packet_found,,,see manifest/config evidence if present,,artifact existence only; report claims separately bounded,No scientific conclusion inferred solely from result folder existence.,requires direct report/QA review where status is not explicit,owner review / evidence reconciliation,research control tower unless explicitly UI/demo,2026-07-31T11:26:55+09:00,,not_merged_or_no_packet_found
SG016_L28,research_support_or_archive,Audited result root: SG016_L28,S4-S9 evidence surface; exact lifecycle requires producer evidence,read-only reconciled from actual result root,checkpoints,,unresolved_no_audited_evidence,not inferred beyond artifact evidence,no_independent_qa_found,unresolved,not_inferred_from_artifact_presence,not independently replayed by handoff,not_merged_or_no_packet_found,,,see manifest/config evidence if present,,artifact existence only; report claims separately bounded,No scientific conclusion inferred solely from result folder existence.,requires direct report/QA review where status is not explicit,owner review / evidence reconciliation,research control tower unless explicitly UI/demo,2026-07-31T11:26:55+09:00,,not_merged_or_no_packet_found
SG017_L28,research_support_or_archive,Audited result root: SG017_L28,S4-S9 evidence surface; exact lifecycle requires producer evidence,read-only reconciled from actual result root,edge_checkpoints,,unresolved_no_audited_evidence,not inferred beyond artifact evidence,no_independent_qa_found,unresolved,not_inferred_from_artifact_presence,not independently replayed by handoff,not_merged_or_no_packet_found,,,see manifest/config evidence if present,,artifact existence only; report claims separately bounded,No scientific conclusion inferred solely from result folder existence.,requires direct report/QA review where status is not explicit,owner review / evidence reconciliation,research control tower unless explicitly UI/demo,2026-07-31T11:26:55+09:00,,not_merged_or_no_packet_found
SG018_L28,research_support_or_archive,Audited result root: SG018_L28,S4-S9 evidence surface; exact lifecycle requires producer evidence,read-only reconciled from actual result root,checkpoints,,unresolved_no_audited_evidence,not inferred beyond artifact evidence,no_independent_qa_found,unresolved,not_inferred_from_artifact_presence,not independently replayed by handoff,not_merged_or_no_packet_found,,,see manifest/config evidence if present,,artifact existence only; report claims separately bounded,No scientific conclusion inferred solely from result folder existence.,requires direct report/QA review where status is not explicit,owner review / evidence reconciliation,research control tower unless explicitly UI/demo,2026-07-31T11:26:55+09:00,,not_merged_or_no_packet_found
SG019_L28,research_support_or_archive,Audited result root: SG019_L28,S4-S9 evidence surface; exact lifecycle requires producer evidence,read-only reconciled from actual result root,checkpoints,,unresolved_no_audited_evidence,not inferred beyond artifact evidence,no_independent_qa_found,unresolved,not_inferred_from_artifact_presence,not independently replayed by handoff,not_merged_or_no_packet_found,,,see manifest/config evidence if present,,artifact existence only; report claims separately bounded,No scientific conclusion inferred solely from result folder existence.,requires direct report/QA review where status is not explicit,owner review / evidence reconciliation,research control tower unless explicitly UI/demo,2026-07-31T11:26:55+09:00,,not_merged_or_no_packet_found
SG020_L28,research_support_or_archive,Audited result root: SG020_L28,S4-S9 evidence surface; exact lifecycle requires producer evidence,read-only reconciled from actual result root,,,unresolved_no_audited_evidence,not inferred beyond artifact evidence,no_independent_qa_found,unresolved,not_inferred_from_artifact_presence,not independently replayed by handoff,not_merged_or_no_packet_found,,,see manifest/config evidence if present,,artifact existence only; report claims separately bounded,No scientific conclusion inferred solely from result folder existence.,requires direct report/QA review where status is not explicit,owner review / evidence reconciliation,research control tower unless explicitly UI/demo,2026-07-31T11:26:55+09:00,,not_merged_or_no_packet_found
SG021_L28,research_support_or_archive,Audited result root: SG021_L28,S4-S9 evidence surface; exact lifecycle requires producer evidence,read-only reconciled from actual result root,,,unresolved_no_audited_evidence,not inferred beyond artifact evidence,no_independent_qa_found,unresolved,not_inferred_from_artifact_presence,not independently replayed by handoff,not_merged_or_no_packet_found,,,see manifest/config evidence if present,,artifact existence only; report claims separately bounded,No scientific conclusion inferred solely from result folder existence.,requires direct report/QA review where status is not explicit,owner review / evidence reconciliation,research control tower unless explicitly UI/demo,2026-07-31T11:26:55+09:00,,not_merged_or_no_packet_found
SG022_L28,research_support_or_archive,Audited result root: SG022_L28,S4-S9 evidence surface; exact lifecycle requires producer evidence,read-only reconciled from actual result root,,,unresolved_no_audited_evidence,not inferred beyond artifact evidence,no_independent_qa_found,unresolved,not_inferred_from_artifact_presence,not independently replayed by handoff,not_merged_or_no_packet_found,,,see manifest/config evidence if present,,artifact existence only; report claims separately bounded,No scientific conclusion inferred solely from result folder existence.,requires direct report/QA review where status is not explicit,owner review / evidence reconciliation,research control tower unless explicitly UI/demo,2026-07-31T11:26:55+09:00,,not_merged_or_no_packet_found
SG023_L28,research_support_or_archive,Audited result root: SG023_L28,S4-S9 evidence surface; exact lifecycle requires producer evidence,read-only reconciled from actual result root,,,unresolved_no_audited_evidence,not inferred beyond artifact evidence,no_independent_qa_found,unresolved,not_inferred_from_artifact_presence,not independently replayed by handoff,not_merged_or_no_packet_found,,,see manifest/config evidence if present,,artifact existence only; report claims separately bounded,No scientific conclusion inferred solely from result folder existence.,requires direct report/QA review where status is not explicit,owner review / evidence reconciliation,research control tower unless explicitly UI/demo,2026-07-31T11:26:55+09:00,,not_merged_or_no_packet_found
SG024_L28,research_support_or_archive,Audited result root: SG024_L28,S4-S9 evidence surface; exact lifecycle requires producer evidence,read-only reconciled from actual result root,,,unresolved_no_audited_evidence,not inferred beyond artifact evidence,no_independent_qa_found,unresolved,not_inferred_from_artifact_presence,not independently replayed by handoff,not_merged_or_no_packet_found,,,see manifest/config evidence if present,,artifact existence only; report claims separately bounded,No scientific conclusion inferred solely from result folder existence.,requires direct report/QA review where status is not explicit,owner review / evidence reconciliation,research control tower unless explicitly UI/demo,2026-07-31T11:26:55+09:00,,not_merged_or_no_packet_found
SG025_L28,research_support_or_archive,Audited result root: SG025_L28,S4-S9 evidence surface; exact lifecycle requires producer evidence,read-only reconciled from actual result root,,,unresolved_no_audited_evidence,not inferred beyond artifact evidence,no_independent_qa_found,unresolved,not_inferred_from_artifact_presence,not independently replayed by handoff,not_merged_or_no_packet_found,,,see manifest/config evidence if present,,artifact existence only; report claims separately bounded,No scientific conclusion inferred solely from result folder existence.,requires direct report/QA review where status is not explicit,owner review / evidence reconciliation,research control tower unless explicitly UI/demo,2026-07-31T11:26:55+09:00,,not_merged_or_no_packet_found
SG026_L28,research_support_or_archive,Audited result root: SG026_L28,S4-S9 evidence surface; exact lifecycle requires producer evidence,read-only reconciled from actual result root,,,unresolved_no_audited_evidence,not inferred beyond artifact evidence,no_independent_qa_found,unresolved,not_inferred_from_artifact_presence,not independently replayed by handoff,not_merged_or_no_packet_found,,,see manifest/config evidence if present,,artifact existence only; report claims separately bounded,No scientific conclusion inferred solely from result folder existence.,requires direct report/QA review where status is not explicit,owner review / evidence reconciliation,research control tower unless explicitly UI/demo,2026-07-31T11:26:55+09:00,,not_merged_or_no_packet_found
SG027_L28,research_support_or_archive,Audited result root: SG027_L28,S4-S9 evidence surface; exact lifecycle requires producer evidence,read-only reconciled from actual result root,SG027-L28TRIAD-P1000-Z801-20260727-002,,unresolved_no_audited_evidence,not inferred beyond artifact evidence,no_independent_qa_found,unresolved,not_inferred_from_artifact_presence,not independently replayed by handoff,not_merged_or_no_packet_found,,,see manifest/config evidence if present,,artifact existence only; report claims separately bounded,No scientific conclusion inferred solely from result folder existence.,requires direct report/QA review where status is not explicit,owner review / evidence reconciliation,research control tower unless explicitly UI/demo,2026-07-31T11:26:55+09:00,,not_merged_or_no_packet_found
SG028_L28,research_support_or_archive,Audited result root: SG028_L28,S4-S9 evidence surface; exact lifecycle requires producer evidence,read-only reconciled from actual result root,,,unresolved_no_audited_evidence,not inferred beyond artifact evidence,no_independent_qa_found,unresolved,not_inferred_from_artifact_presence,not independently replayed by handoff,not_merged_or_no_packet_found,,,see manifest/config evidence if present,,artifact existence only; report claims separately bounded,No scientific conclusion inferred solely from result folder existence.,requires direct report/QA review where status is not explicit,owner review / evidence reconciliation,research control tower unless explicitly UI/demo,2026-07-31T11:26:55+09:00,,not_merged_or_no_packet_found
STRICT-GEOM-001_L28_THREE-PATH_SLICE_EQUIVALENCE,research_support_or_archive,Audited result root: STRICT-GEOM-001_L28_THREE-PATH_SLICE_EQUIVALENCE,S4-S9 evidence surface; exact lifecycle requires producer evidence,read-only reconciled from actual result root,,,unresolved_no_audited_evidence,not inferred beyond artifact evidence,no_independent_qa_found,unresolved,not_inferred_from_artifact_presence,not independently replayed by handoff,not_merged_or_no_packet_found,,,see manifest/config evidence if present,,artifact existence only; report claims separately bounded,No scientific conclusion inferred solely from result folder existence.,requires direct report/QA review where status is not explicit,owner review / evidence reconciliation,research control tower unless explicitly UI/demo,2026-07-31T11:26:55+09:00,,not_merged_or_no_packet_found
STRICT-GEOM-002_PIXEL_SEMANTICS_RESOLUTION_GATE,research_support_or_archive,Audited result root: STRICT-GEOM-002_PIXEL_SEMANTICS_RESOLUTION_GATE,S4-S9 evidence surface; exact lifecycle requires producer evidence,read-only reconciled from actual result root,,,unresolved_no_audited_evidence,not inferred beyond artifact evidence,no_independent_qa_found,unresolved,not_inferred_from_artifact_presence,not independently replayed by handoff,not_merged_or_no_packet_found,,,see manifest/config evidence if present,,artifact existence only; report claims separately bounded,No scientific conclusion inferred solely from result folder existence.,requires direct report/QA review where status is not explicit,owner review / evidence reconciliation,research control tower unless explicitly UI/demo,2026-07-31T11:26:55+09:00,,not_merged_or_no_packet_found
STRICT-PARITY-P1,research_support_or_archive,Audited result root: STRICT-PARITY-P1,S4-S9 evidence surface; exact lifecycle requires producer evidence,read-only reconciled from actual result root,,,unresolved_no_audited_evidence,not inferred beyond artifact evidence,no_independent_qa_found,unresolved,not_inferred_from_artifact_presence,not independently replayed by handoff,not_merged_or_no_packet_found,,,see manifest/config evidence if present,,artifact existence only; report claims separately bounded,No scientific conclusion inferred solely from result folder existence.,requires direct report/QA review where status is not explicit,owner review / evidence reconciliation,research control tower unless explicitly UI/demo,2026-07-31T11:26:55+09:00,,not_merged_or_no_packet_found
STRICT-PARITY-P1A,research_support_or_archive,Audited result root: STRICT-PARITY-P1A,S4-S9 evidence surface; exact lifecycle requires producer evidence,read-only reconciled from actual result root,,,unresolved_no_audited_evidence,not inferred beyond artifact evidence,no_independent_qa_found,unresolved,not_inferred_from_artifact_presence,not independently replayed by handoff,not_merged_or_no_packet_found,,,see manifest/config evidence if present,,artifact existence only; report claims separately bounded,No scientific conclusion inferred solely from result folder existence.,requires direct report/QA review where status is not explicit,owner review / evidence reconciliation,research control tower unless explicitly UI/demo,2026-07-31T11:26:55+09:00,,not_merged_or_no_packet_found
STRICT-PARITY-P1B,research_support_or_archive,Audited result root: STRICT-PARITY-P1B,S4-S9 evidence surface; exact lifecycle requires producer evidence,read-only reconciled from actual result root,T9,,unresolved_no_audited_evidence,not inferred beyond artifact evidence,no_independent_qa_found,unresolved,not_inferred_from_artifact_presence,not independently replayed by handoff,not_merged_or_no_packet_found,,,see manifest/config evidence if present,,artifact existence only; report claims separately bounded,No scientific conclusion inferred solely from result folder existence.,requires direct report/QA review where status is not explicit,owner review / evidence reconciliation,research control tower unless explicitly UI/demo,2026-07-31T11:26:55+09:00,,not_merged_or_no_packet_found
STRICT-PARITY-P1B-v2,research_support_or_archive,Audited result root: STRICT-PARITY-P1B-v2,S4-S9 evidence surface; exact lifecycle requires producer evidence,read-only reconciled from actual result root,T9,,unresolved_no_audited_evidence,not inferred beyond artifact evidence,no_independent_qa_found,unresolved,not_inferred_from_artifact_presence,not independently replayed by handoff,not_merged_or_no_packet_found,,,see manifest/config evidence if present,,artifact existence only; report claims separately bounded,No scientific conclusion inferred solely from result folder existence.,requires direct report/QA review where status is not explicit,owner review / evidence reconciliation,research control tower unless explicitly UI/demo,2026-07-31T11:26:55+09:00,,not_merged_or_no_packet_found
STRICT-PARITY-P2,research_support_or_archive,Audited result root: STRICT-PARITY-P2,S4-S9 evidence surface; exact lifecycle requires producer evidence,read-only reconciled from actual result root,,,unresolved_no_audited_evidence,not inferred beyond artifact evidence,no_independent_qa_found,unresolved,not_inferred_from_artifact_presence,not independently replayed by handoff,not_merged_or_no_packet_found,,,see manifest/config evidence if present,,artifact existence only; report claims separately bounded,No scientific conclusion inferred solely from result folder existence.,requires direct report/QA review where status is not explicit,owner review / evidence reconciliation,research control tower unless explicitly UI/demo,2026-07-31T11:26:55+09:00,,not_merged_or_no_packet_found
STRICT-PARITY-P2A,research_support_or_archive,Audited result root: STRICT-PARITY-P2A,S4-S9 evidence surface; exact lifecycle requires producer evidence,read-only reconciled from actual result root,,,unresolved_no_audited_evidence,not inferred beyond artifact evidence,no_independent_qa_found,unresolved,not_inferred_from_artifact_presence,not independently replayed by handoff,not_merged_or_no_packet_found,,,see manifest/config evidence if present,,artifact existence only; report claims separately bounded,No scientific conclusion inferred solely from result folder existence.,requires direct report/QA review where status is not explicit,owner review / evidence reconciliation,research control tower unless explicitly UI/demo,2026-07-31T11:26:55+09:00,,not_merged_or_no_packet_found
STRICT-PARITY-P2B,research_support_or_archive,Audited result root: STRICT-PARITY-P2B,S4-S9 evidence surface; exact lifecycle requires producer evidence,read-only reconciled from actual result root,,,unresolved_no_audited_evidence,not inferred beyond artifact evidence,no_independent_qa_found,unresolved,not_inferred_from_artifact_presence,not independently replayed by handoff,not_merged_or_no_packet_found,,,see manifest/config evidence if present,,artifact existence only; report claims separately bounded,No scientific conclusion inferred solely from result folder existence.,requires direct report/QA review where status is not explicit,owner review / evidence reconciliation,research control tower unless explicitly UI/demo,2026-07-31T11:26:55+09:00,,not_merged_or_no_packet_found
STRICT-PARITY-P2C,research_support_or_archive,Audited result root: STRICT-PARITY-P2C,S4-S9 evidence surface; exact lifecycle requires producer evidence,read-only reconciled from actual result root,,,unresolved_no_audited_evidence,not inferred beyond artifact evidence,no_independent_qa_found,unresolved,not_inferred_from_artifact_presence,not independently replayed by handoff,not_merged_or_no_packet_found,,,see manifest/config evidence if present,,artifact existence only; report claims separately bounded,No scientific conclusion inferred solely from result folder existence.,requires direct report/QA review where status is not explicit,owner review / evidence reconciliation,research control tower unless explicitly UI/demo,2026-07-31T11:26:55+09:00,,not_merged_or_no_packet_found
STRICT-PARITY-P2D,research_support_or_archive,Audited result root: STRICT-PARITY-P2D,S4-S9 evidence surface; exact lifecycle requires producer evidence,read-only reconciled from actual result root,runtime_logs,,unresolved_no_audited_evidence,not inferred beyond artifact evidence,no_independent_qa_found,unresolved,not_inferred_from_artifact_presence,not independently replayed by handoff,not_merged_or_no_packet_found,,,see manifest/config evidence if present,,artifact existence only; report claims separately bounded,No scientific conclusion inferred solely from result folder existence.,requires direct report/QA review where status is not explicit,owner review / evidence reconciliation,research control tower unless explicitly UI/demo,2026-07-31T11:26:55+09:00,,not_merged_or_no_packet_found
STRICT-PARITY-P2E,research_support_or_archive,Audited result root: STRICT-PARITY-P2E,S4-S9 evidence surface; exact lifecycle requires producer evidence,read-only reconciled from actual result root,,,unresolved_no_audited_evidence,not inferred beyond artifact evidence,no_independent_qa_found,unresolved,not_inferred_from_artifact_presence,not independently replayed by handoff,not_merged_or_no_packet_found,,,see manifest/config evidence if present,,artifact existence only; report claims separately bounded,No scientific conclusion inferred solely from result folder existence.,requires direct report/QA review where status is not explicit,owner review / evidence reconciliation,research control tower unless explicitly UI/demo,2026-07-31T11:26:55+09:00,,not_merged_or_no_packet_found
STRICT-REC-001,research_support_or_archive,Audited result root: STRICT-REC-001,S4-S9 evidence surface; exact lifecycle requires producer evidence,read-only reconciled from actual result root,,,unresolved_no_audited_evidence,not inferred beyond artifact evidence,no_independent_qa_found,unresolved,not_inferred_from_artifact_presence,not independently replayed by handoff,not_merged_or_no_packet_found,,,see manifest/config evidence if present,,artifact existence only; report claims separately bounded,No scientific conclusion inferred solely from result folder existence.,requires direct report/QA review where status is not explicit,owner review / evidence reconciliation,research control tower unless explicitly UI/demo,2026-07-31T11:26:55+09:00,,not_merged_or_no_packet_found
STRICT-STEP-001,strict_step_direct_step,Audited result root: STRICT-STEP-001,S4-S9 evidence surface; exact lifecycle requires producer evidence,read-only reconciled from actual result root,,,unresolved_no_audited_evidence,not inferred beyond artifact evidence,no_independent_qa_found,unresolved,not_inferred_from_artifact_presence,not independently replayed by handoff,not_merged_or_no_packet_found,,,see manifest/config evidence if present,,artifact existence only; report claims separately bounded,No scientific conclusion inferred solely from result folder existence.,requires direct report/QA review where status is not explicit,owner review / evidence reconciliation,research control tower unless explicitly UI/demo,2026-07-31T11:26:55+09:00,,not_merged_or_no_packet_found
STRICT-STEP-002,strict_step_direct_step,Audited result root: STRICT-STEP-002,S4-S9 evidence surface; exact lifecycle requires producer evidence,read-only reconciled from actual result root,STRICT-STEP-002-20260728-001,,quarantined_or_superseded,not inferred beyond artifact evidence,independent_qa_present,claim_boundary_requires_report_review,not_inferred_from_artifact_presence,not independently replayed by handoff,merge_packet_present,,experiments/lab_001_xy_connection_20260626/results/STRICT-STEP-002/STRICT-STEP-002-20260728-001/INDEPENDENT_QA.json; experiments/lab_001_xy_connection_20260626/results/STRICT-STEP-002/STRICT-STEP-002-20260728-001/MERGE_PACKET.md; experiments/lab_001_xy_connection_20260626/results/STRICT-STEP-002/STRICT-STEP-002-20260728-001/REPORT.md,see manifest/config evidence if present,2d0f309e1e5acb47b4f0c719b1d571cf9a400f12fcb89a707b69fa9f5ff7eb35,artifact existence only; report claims separately bounded,No scientific conclusion inferred solely from result folder existence.,requires direct report/QA review where status is not explicit,owner review / evidence reconciliation,research control tower unless explicitly UI/demo,2026-07-31T11:26:55+09:00,experiments/lab_001_xy_connection_20260626/results/STRICT-STEP-002/STRICT-STEP-002-20260728-001/REPORT.md,merge_packet_present
STRICT-STEP-003,strict_step_direct_step,Audited result root: STRICT-STEP-003,S4-S9 evidence surface; exact lifecycle requires producer evidence,read-only reconciled from actual result root,STRICT-STEP-003-20260728-001,,quarantined_or_superseded,not inferred beyond artifact evidence,independent_qa_present,claim_boundary_requires_report_review,not_inferred_from_artifact_presence,not independently replayed by handoff,merge_packet_present,,experiments/lab_001_xy_connection_20260626/results/STRICT-STEP-003/STRICT-STEP-003-20260728-001/INDEPENDENT_QA.json; experiments/lab_001_xy_connection_20260626/results/STRICT-STEP-003/STRICT-STEP-003-20260728-001/MERGE_PACKET.md; experiments/lab_001_xy_connection_20260626/results/STRICT-STEP-003/STRICT-STEP-003-20260728-001/REPORT.md,see manifest/config evidence if present,e7b4cc6be17dffc7c2a226d977fcf970683259d5c678d51af9c62ec1534f74fe,artifact existence only; report claims separately bounded,No scientific conclusion inferred solely from result folder existence.,requires direct report/QA review where status is not explicit,owner review / evidence reconciliation,research control tower unless explicitly UI/demo,2026-07-31T11:26:55+09:00,experiments/lab_001_xy_connection_20260626/results/STRICT-STEP-003/STRICT-STEP-003-20260728-001/REPORT.md,merge_packet_present
STRICT-STEP-004,strict_step_direct_step,Audited result root: STRICT-STEP-004,S4-S9 evidence surface; exact lifecycle requires producer evidence,read-only reconciled from actual result root,STRICT-STEP-004-20260728-002,,quarantined_or_superseded,not inferred beyond artifact evidence,independent_qa_present,claim_boundary_requires_report_review,not_inferred_from_artifact_presence,not independently replayed by handoff,not_merged_or_no_packet_found,,experiments/lab_001_xy_connection_20260626/results/STRICT-STEP-004/STRICT-STEP-004-20260728-002/INDEPENDENT_QA.json; experiments/lab_001_xy_connection_20260626/results/STRICT-STEP-004/STRICT-STEP-004-20260728-002/REPORT.md,see manifest/config evidence if present,a0e9de551ce4de89b6eb4d6dd16e0be308b3a79ac9e8b713f61a8a9fcb094b40,artifact existence only; report claims separately bounded,No scientific conclusion inferred solely from result folder existence.,requires direct report/QA review where status is not explicit,owner review / evidence reconciliation,research control tower unless explicitly UI/demo,2026-07-31T11:26:55+09:00,experiments/lab_001_xy_connection_20260626/results/STRICT-STEP-004/STRICT-STEP-004-20260728-002/REPORT.md,not_merged_or_no_packet_found
STRICT-STEP-005,strict_step_direct_step,Audited result root: STRICT-STEP-005,S4-S9 evidence surface; exact lifecycle requires producer evidence,read-only reconciled from actual result root,STRICT-STEP-005-20260728-001,,failed_or_partial,not inferred beyond artifact evidence,no_independent_qa_found,claim_boundary_requires_report_review,not_inferred_from_artifact_presence,not independently replayed by handoff,not_merged_or_no_packet_found,,experiments/lab_001_xy_connection_20260626/results/STRICT-STEP-005/STRICT-STEP-005-20260728-001/REPORT.md,see manifest/config evidence if present,bc5123e48c34cbe9ceb0caaab3dc86ca1f13316781279c07f9337072ce63f55d,artifact existence only; report claims separately bounded,No scientific conclusion inferred solely from result folder existence.,requires direct report/QA review where status is not explicit,owner review / evidence reconciliation,research control tower unless explicitly UI/demo,2026-07-31T11:26:55+09:00,experiments/lab_001_xy_connection_20260626/results/STRICT-STEP-005/STRICT-STEP-005-20260728-001/REPORT.md,not_merged_or_no_packet_found
STRICT-STEP-006,strict_step_direct_step,Audited result root: STRICT-STEP-006,S4-S9 evidence surface; exact lifecycle requires producer evidence,read-only reconciled from actual result root,STRICT-STEP-006-20260728-001,,completed_artifacts_present,not inferred beyond artifact evidence,independent_qa_present,claim_boundary_requires_report_review,not_inferred_from_artifact_presence,not independently replayed by handoff,not_merged_or_no_packet_found,,experiments/lab_001_xy_connection_20260626/results/STRICT-STEP-006/STRICT-STEP-006-20260728-001/INDEPENDENT_QA.json; experiments/lab_001_xy_connection_20260626/results/STRICT-STEP-006/STRICT-STEP-006-20260728-001/REPORT.md,see manifest/config evidence if present,84197cb662fa6d58d243df62588163b18d209ed2a3a93da8222200abc028b54b,artifact existence only; report claims separately bounded,No scientific conclusion inferred solely from result folder existence.,requires direct report/QA review where status is not explicit,owner review / evidence reconciliation,research control tower unless explicitly UI/demo,2026-07-31T11:26:55+09:00,experiments/lab_001_xy_connection_20260626/results/STRICT-STEP-006/STRICT-STEP-006-20260728-001/REPORT.md,not_merged_or_no_packet_found
STRICT-STEP-007,strict_step_direct_step,Audited result root: STRICT-STEP-007,S4-S9 evidence surface; exact lifecycle requires producer evidence,read-only reconciled from actual result root,STRICT-STEP-007-20260728-001,,completed_artifacts_present,not inferred beyond artifact evidence,no_independent_qa_found,claim_boundary_requires_report_review,not_inferred_from_artifact_presence,not independently replayed by handoff,not_merged_or_no_packet_found,,experiments/lab_001_xy_connection_20260626/results/STRICT-STEP-007/STRICT-STEP-007-20260728-001/REPORT.md,see manifest/config evidence if present,d4974fba0fbf68d2c50c6e4afe76dac5915946246941c14bc50216838c74bb2d,artifact existence only; report claims separately bounded,No scientific conclusion inferred solely from result folder existence.,requires direct report/QA review where status is not explicit,owner review / evidence reconciliation,research control tower unless explicitly UI/demo,2026-07-31T11:26:55+09:00,experiments/lab_001_xy_connection_20260626/results/STRICT-STEP-007/STRICT-STEP-007-20260728-001/REPORT.md,not_merged_or_no_packet_found
STRICT-STEP-008,strict_step_direct_step,Audited result root: STRICT-STEP-008,S4-S9 evidence surface; exact lifecycle requires producer evidence,read-only reconciled from actual result root,STRICT-STEP-008-20260728-001,,completed_artifacts_present,not inferred beyond artifact evidence,no_independent_qa_found,claim_boundary_requires_report_review,not_inferred_from_artifact_presence,not independently replayed by handoff,not_merged_or_no_packet_found,,experiments/lab_001_xy_connection_20260626/results/STRICT-STEP-008/STRICT-STEP-008-20260728-001/REPORT.md,see manifest/config evidence if present,f2ab6b0942b9ce886ce2c98aba887554638d84fb3ad4dc690038092bf59e51fb,artifact existence only; report claims separately bounded,No scientific conclusion inferred solely from result folder existence.,requires direct report/QA review where status is not explicit,owner review / evidence reconciliation,research control tower unless explicitly UI/demo,2026-07-31T11:26:55+09:00,experiments/lab_001_xy_connection_20260626/results/STRICT-STEP-008/STRICT-STEP-008-20260728-001/REPORT.md,not_merged_or_no_packet_found
STRICT-STEP-009,strict_step_direct_step,Audited result root: STRICT-STEP-009,S4-S9 evidence surface; exact lifecycle requires producer evidence,read-only reconciled from actual result root,STRICT-STEP-009-20260728-001,,completed_artifacts_present,not inferred beyond artifact evidence,no_independent_qa_found,claim_boundary_requires_report_review,not_inferred_from_artifact_presence,not independently replayed by handoff,not_merged_or_no_packet_found,,experiments/lab_001_xy_connection_20260626/results/STRICT-STEP-009/STRICT-STEP-009-20260728-001/REPORT.md,see manifest/config evidence if present,8256f245fd1851ea14a619ad6c4653e7544d49d2c2b061b3990faf43c039aa4b,artifact existence only; report claims separately bounded,No scientific conclusion inferred solely from result folder existence.,requires direct report/QA review where status is not explicit,owner review / evidence reconciliation,research control tower unless explicitly UI/demo,2026-07-31T11:26:55+09:00,experiments/lab_001_xy_connection_20260626/results/STRICT-STEP-009/STRICT-STEP-009-20260728-001/REPORT.md,not_merged_or_no_packet_found
STRICT-STEP-010,strict_step_direct_step,Audited result root: STRICT-STEP-010,S4-S9 evidence surface; exact lifecycle requires producer evidence,read-only reconciled from actual result root,STRICT-STEP-010-20260728-001,,completed_artifacts_present,not inferred beyond artifact evidence,independent_qa_present,claim_boundary_requires_report_review,not_inferred_from_artifact_presence,not independently replayed by handoff,not_merged_or_no_packet_found,,experiments/lab_001_xy_connection_20260626/results/STRICT-STEP-010/STRICT-STEP-010-20260728-001/INDEPENDENT_QA.json; experiments/lab_001_xy_connection_20260626/results/STRICT-STEP-010/STRICT-STEP-010-20260728-001/REPORT.md,see manifest/config evidence if present,30992f73fdd72ca0d139b8843035d584b60208c467e0381989e3a891070f9e16,artifact existence only; report claims separately bounded,No scientific conclusion inferred solely from result folder existence.,requires direct report/QA review where status is not explicit,owner review / evidence reconciliation,research control tower unless explicitly UI/demo,2026-07-31T11:26:55+09:00,experiments/lab_001_xy_connection_20260626/results/STRICT-STEP-010/STRICT-STEP-010-20260728-001/REPORT.md,not_merged_or_no_packet_found
STRICT-STEP-011,strict_step_direct_step,Audited result root: STRICT-STEP-011,S4-S9 evidence surface; exact lifecycle requires producer evidence,read-only reconciled from actual result root,STRICT-STEP-011-20260728-001,,completed_artifacts_present,not inferred beyond artifact evidence,no_independent_qa_found,claim_boundary_requires_report_review,not_inferred_from_artifact_presence,not independently replayed by handoff,not_merged_or_no_packet_found,,experiments/lab_001_xy_connection_20260626/results/STRICT-STEP-011/STRICT-STEP-011-20260728-001/REPORT.md,see manifest/config evidence if present,de1879df91d13ed59b908367208705338de26821d4cfa1e96d16a1cc029dcbea,artifact existence only; report claims separately bounded,No scientific conclusion inferred solely from result folder existence.,requires direct report/QA review where status is not explicit,owner review / evidence reconciliation,research control tower unless explicitly UI/demo,2026-07-31T11:26:55+09:00,experiments/lab_001_xy_connection_20260626/results/STRICT-STEP-011/STRICT-STEP-011-20260728-001/REPORT.md,not_merged_or_no_packet_found
STRICT-STEP-012,strict_step_direct_step,Audited result root: STRICT-STEP-012,S4-S9 evidence surface; exact lifecycle requires producer evidence,read-only reconciled from actual result root,STRICT-STEP-012-20260728-001,,completed_artifacts_present,not inferred beyond artifact evidence,no_independent_qa_found,claim_boundary_requires_report_review,not_inferred_from_artifact_presence,not independently replayed by handoff,not_merged_or_no_packet_found,,experiments/lab_001_xy_connection_20260626/results/STRICT-STEP-012/STRICT-STEP-012-20260728-001/REPORT.md,see manifest/config evidence if present,45d881ff604e72d9a724e36b6fadb8a25922996ecc3204a0c732ddb4ce73988c,artifact existence only; report claims separately bounded,No scientific conclusion inferred solely from result folder existence.,requires direct report/QA review where status is not explicit,owner review / evidence reconciliation,research control tower unless explicitly UI/demo,2026-07-31T11:26:55+09:00,experiments/lab_001_xy_connection_20260626/results/STRICT-STEP-012/STRICT-STEP-012-20260728-001/REPORT.md,not_merged_or_no_packet_found
STRICT-STEP-013,strict_step_direct_step,Audited result root: STRICT-STEP-013,S4-S9 evidence surface; exact lifecycle requires producer evidence,read-only reconciled from actual result root,STRICT-STEP-013-20260728-001,,completed_artifacts_present,not inferred beyond artifact evidence,independent_qa_present,claim_boundary_requires_report_review,not_inferred_from_artifact_presence,not independently replayed by handoff,not_merged_or_no_packet_found,,experiments/lab_001_xy_connection_20260626/results/STRICT-STEP-013/STRICT-STEP-013-20260728-001/INDEPENDENT_QA.json; experiments/lab_001_xy_connection_20260626/results/STRICT-STEP-013/STRICT-STEP-013-20260728-001/REPORT.md,see manifest/config evidence if present,bcebde7aaa3fe9147bb951233d15617f0371c381e478e3c2fb8582ce4ff6eb87,artifact existence only; report claims separately bounded,No scientific conclusion inferred solely from result folder existence.,requires direct report/QA review where status is not explicit,owner review / evidence reconciliation,research control tower unless explicitly UI/demo,2026-07-31T11:26:55+09:00,experiments/lab_001_xy_connection_20260626/results/STRICT-STEP-013/STRICT-STEP-013-20260728-001/REPORT.md,not_merged_or_no_packet_found
STRICT-STEP-014,strict_step_direct_step,Audited result root: STRICT-STEP-014,S4-S9 evidence surface; exact lifecycle requires producer evidence,read-only reconciled from actual result root,STRICT-STEP-014-20260728-001,,unresolved_no_audited_evidence,not inferred beyond artifact evidence,no_independent_qa_found,unresolved,not_inferred_from_artifact_presence,not independently replayed by handoff,not_merged_or_no_packet_found,,,see manifest/config evidence if present,,artifact existence only; report claims separately bounded,No scientific conclusion inferred solely from result folder existence.,requires direct report/QA review where status is not explicit,owner review / evidence reconciliation,research control tower unless explicitly UI/demo,2026-07-31T11:26:55+09:00,,not_merged_or_no_packet_found
STRICT-STEP-015,strict_step_direct_step,Audited result root: STRICT-STEP-015,S4-S9 evidence surface; exact lifecycle requires producer evidence,read-only reconciled from actual result root,STRICT-STEP-015-20260729-001,,completed_artifacts_present,not inferred beyond artifact evidence,no_independent_qa_found,claim_boundary_requires_report_review,not_inferred_from_artifact_presence,not independently replayed by handoff,not_merged_or_no_packet_found,,experiments/lab_001_xy_connection_20260626/results/STRICT-STEP-015/STRICT-STEP-015-20260729-001/REPORT.md,see manifest/config evidence if present,f0f2506f09a32f98036aeb8133094b53cdcbec60fb8bb811cac6f83f3b572a02,artifact existence only; report claims separately bounded,No scientific conclusion inferred solely from result folder existence.,requires direct report/QA review where status is not explicit,owner review / evidence reconciliation,research control tower unless explicitly UI/demo,2026-07-31T11:26:55+09:00,experiments/lab_001_xy_connection_20260626/results/STRICT-STEP-015/STRICT-STEP-015-20260729-001/REPORT.md,not_merged_or_no_packet_found
STRICT-STEP-016,strict_step_direct_step,Audited result root: STRICT-STEP-016,S4-S9 evidence surface; exact lifecycle requires producer evidence,read-only reconciled from actual result root,STRICT-STEP-016-20260729-001,,unresolved_no_audited_evidence,not inferred beyond artifact evidence,no_independent_qa_found,unresolved,not_inferred_from_artifact_presence,not independently replayed by handoff,not_merged_or_no_packet_found,,,see manifest/config evidence if present,,artifact existence only; report claims separately bounded,No scientific conclusion inferred solely from result folder existence.,requires direct report/QA review where status is not explicit,owner review / evidence reconciliation,research control tower unless explicitly UI/demo,2026-07-31T11:26:55+09:00,,not_merged_or_no_packet_found
STRICT-STEP-017,strict_step_direct_step,Audited result root: STRICT-STEP-017,S4-S9 evidence surface; exact lifecycle requires producer evidence,read-only reconciled from actual result root,STRICT-STEP-017-20260729-001,,completed_artifacts_present,not inferred beyond artifact evidence,no_independent_qa_found,claim_boundary_requires_report_review,not_inferred_from_artifact_presence,not independently replayed by handoff,not_merged_or_no_packet_found,,experiments/lab_001_xy_connection_20260626/results/STRICT-STEP-017/STRICT-STEP-017-20260729-001/REPORT.md,see manifest/config evidence if present,50f0a5f8430fd536951fb70401331651273858bd011a7ff75cf4d3e5f0e92470,artifact existence only; report claims separately bounded,No scientific conclusion inferred solely from result folder existence.,requires direct report/QA review where status is not explicit,owner review / evidence reconciliation,research control tower unless explicitly UI/demo,2026-07-31T11:26:55+09:00,experiments/lab_001_xy_connection_20260626/results/STRICT-STEP-017/STRICT-STEP-017-20260729-001/REPORT.md,not_merged_or_no_packet_found
STRICT-STEP-018,strict_step_direct_step,Audited result root: STRICT-STEP-018,S4-S9 evidence surface; exact lifecycle requires producer evidence,read-only reconciled from actual result root,STRICT-STEP-018-20260729-001,,unresolved_no_audited_evidence,not inferred beyond artifact evidence,no_independent_qa_found,unresolved,not_inferred_from_artifact_presence,not independently replayed by handoff,not_merged_or_no_packet_found,,,see manifest/config evidence if present,,artifact existence only; report claims separately bounded,No scientific conclusion inferred solely from result folder existence.,requires direct report/QA review where status is not explicit,owner review / evidence reconciliation,research control tower unless explicitly UI/demo,2026-07-31T11:26:55+09:00,,not_merged_or_no_packet_found
STRICT-STEP-019,strict_step_direct_step,Audited result root: STRICT-STEP-019,S4-S9 evidence surface; exact lifecycle requires producer evidence,read-only reconciled from actual result root,STRICT-STEP-019-20260730-001,,completed_artifacts_present,not inferred beyond artifact evidence,independent_qa_present,claim_boundary_requires_report_review,not_inferred_from_artifact_presence,not independently replayed by handoff,merge_packet_present,,experiments/lab_001_xy_connection_20260626/results/STRICT-STEP-019/STRICT-STEP-019-20260730-001/INDEPENDENT_QA.json; experiments/lab_001_xy_connection_20260626/results/STRICT-STEP-019/STRICT-STEP-019-20260730-001/MERGE_PACKET.md; experiments/lab_001_xy_connection_20260626/results/STRICT-STEP-019/STRICT-STEP-019-20260730-001/REPORT.md,see manifest/config evidence if present,71575a7696864330492b73b98d6f37a97dc5b175a9a6bd7c6f1a2fa870b91d0a,artifact existence only; report claims separately bounded,No scientific conclusion inferred solely from result folder existence.,requires direct report/QA review where status is not explicit,owner review / evidence reconciliation,research control tower unless explicitly UI/demo,2026-07-31T11:26:55+09:00,experiments/lab_001_xy_connection_20260626/results/STRICT-STEP-019/STRICT-STEP-019-20260730-001/REPORT.md,merge_packet_present
STRICT-STEP-020,strict_step_direct_step,Audited result root: STRICT-STEP-020,S4-S9 evidence surface; exact lifecycle requires producer evidence,read-only reconciled from actual result root,STRICT-STEP-020-20260730-001,,completed_artifacts_present,not inferred beyond artifact evidence,independent_qa_present,claim_boundary_requires_report_review,not_inferred_from_artifact_presence,not independently replayed by handoff,merge_packet_present,,experiments/lab_001_xy_connection_20260626/results/STRICT-STEP-020/STRICT-STEP-020-20260730-001/INDEPENDENT_QA.json; experiments/lab_001_xy_connection_20260626/results/STRICT-STEP-020/STRICT-STEP-020-20260730-001/MERGE_PACKET.md; experiments/lab_001_xy_connection_20260626/results/STRICT-STEP-020/STRICT-STEP-020-20260730-001/REPORT.md,see manifest/config evidence if present,9acba94179ee0b9cef9708c9fa61fdeca0854da438ea38e0fb7a001ab933e84e,artifact existence only; report claims separately bounded,No scientific conclusion inferred solely from result folder existence.,requires direct report/QA review where status is not explicit,owner review / evidence reconciliation,research control tower unless explicitly UI/demo,2026-07-31T11:26:55+09:00,experiments/lab_001_xy_connection_20260626/results/STRICT-STEP-020/STRICT-STEP-020-20260730-001/REPORT.md,merge_packet_present
STRICT-STEP-021,strict_step_direct_step,Audited result root: STRICT-STEP-021,S4-S9 evidence surface; exact lifecycle requires producer evidence,read-only reconciled from actual result root,STRICT-STEP-021-20260730-002,,completed_artifacts_present,not inferred beyond artifact evidence,independent_qa_present,claim_boundary_requires_report_review,not_inferred_from_artifact_presence,not independently replayed by handoff,merge_packet_present,,experiments/lab_001_xy_connection_20260626/results/STRICT-STEP-021/STRICT-STEP-021-20260730-002/INDEPENDENT_QA.json; experiments/lab_001_xy_connection_20260626/results/STRICT-STEP-021/STRICT-STEP-021-20260730-002/MERGE_PACKET.md; experiments/lab_001_xy_connection_20260626/results/STRICT-STEP-021/STRICT-STEP-021-20260730-002/REPORT.md; experiments/lab_001_xy_connection_20260626/results/STRICT-STEP-021/STRICT-STEP-021-20260730-002/RUN_STATE.json,see manifest/config evidence if present,6d90c81877e4571ce9831b8b754b68e00f997f21e765bb6721b3dd90adc684ef,artifact existence only; report claims separately bounded,No scientific conclusion inferred solely from result folder existence.,requires direct report/QA review where status is not explicit,owner review / evidence reconciliation,research control tower unless explicitly UI/demo,2026-07-31T11:26:55+09:00,experiments/lab_001_xy_connection_20260626/results/STRICT-STEP-021/STRICT-STEP-021-20260730-002/REPORT.md,merge_packet_present
STRICT-STEP-022,strict_step_direct_step,Audited result root: STRICT-STEP-022,S4-S9 evidence surface; exact lifecycle requires producer evidence,read-only reconciled from actual result root,STRICT-STEP-022-20260731-003,,completed_artifacts_present,not inferred beyond artifact evidence,independent_qa_present,claim_boundary_requires_report_review,not_inferred_from_artifact_presence,not independently replayed by handoff,merge_packet_present,,experiments/lab_001_xy_connection_20260626/results/STRICT-STEP-022/STRICT-STEP-022-20260731-003/INDEPENDENT_QA.json; experiments/lab_001_xy_connection_20260626/results/STRICT-STEP-022/STRICT-STEP-022-20260731-003/MERGE_PACKET.md; experiments/lab_001_xy_connection_20260626/results/STRICT-STEP-022/STRICT-STEP-022-20260731-003/REPORT.md; experiments/lab_001_xy_connection_20260626/results/STRICT-STEP-022/STRICT-STEP-022-20260731-003/RUN_STATE.json,see manifest/config evidence if present,3a172fb5e2f64d5d1fe6878fe2bd35fe62a2125bf7b7ee9c73fa2ef09b48834a,artifact existence only; report claims separately bounded,No scientific conclusion inferred solely from result folder existence.,requires direct report/QA review where status is not explicit,owner review / evidence reconciliation,research control tower unless explicitly UI/demo,2026-07-31T11:26:55+09:00,experiments/lab_001_xy_connection_20260626/results/STRICT-STEP-022/STRICT-STEP-022-20260731-003/REPORT.md,merge_packet_present
STRICT-STEP-023,strict_step_direct_step,Audited result root: STRICT-STEP-023,S4-S9 evidence surface; exact lifecycle requires producer evidence,read-only reconciled from actual result root,STRICT-STEP-023-20260731-003,,failed_or_partial,not inferred beyond artifact evidence,no_independent_qa_found,unresolved,not_inferred_from_artifact_presence,not independently replayed by handoff,not_merged_or_no_packet_found,,experiments/lab_001_xy_connection_20260626/results/STRICT-STEP-023/STRICT-STEP-023-20260731-003/RUN_STATE.json,see manifest/config evidence if present,2aa7631a10dbd02e00a5fe15053e560f0f6c343d1a0d75fc78630a8e937184dc,artifact existence only; report claims separately bounded,No scientific conclusion inferred solely from result folder existence.,requires direct report/QA review where status is not explicit,owner review / evidence reconciliation,research control tower unless explicitly UI/demo,2026-07-31T11:26:55+09:00,experiments/lab_001_xy_connection_20260626/results/STRICT-STEP-023/STRICT-STEP-023-20260731-003/RUN_STATE.json,not_merged_or_no_packet_found
STRICT-STEP-023A,strict_step_direct_step,Audited result root: STRICT-STEP-023A,S4-S9 evidence surface; exact lifecycle requires producer evidence,read-only reconciled from actual result root,STRICT-STEP-023A-20260731-001,,completed_artifacts_present,not inferred beyond artifact evidence,independent_qa_present,claim_boundary_requires_report_review,not_inferred_from_artifact_presence,not independently replayed by handoff,merge_packet_present,,experiments/lab_001_xy_connection_20260626/results/STRICT-STEP-023A/STRICT-STEP-023A-20260731-001/INDEPENDENT_QA.json; experiments/lab_001_xy_connection_20260626/results/STRICT-STEP-023A/STRICT-STEP-023A-20260731-001/MERGE_PACKET.md; experiments/lab_001_xy_connection_20260626/results/STRICT-STEP-023A/STRICT-STEP-023A-20260731-001/REPORT.md,see manifest/config evidence if present,54bf53506251ef1dd0681e0f8d36e61bb465dc20c23b44c81c6621ee44715db0,artifact existence only; report claims separately bounded,No scientific conclusion inferred solely from result folder existence.,requires direct report/QA review where status is not explicit,owner review / evidence reconciliation,research control tower unless explicitly UI/demo,2026-07-31T11:26:55+09:00,experiments/lab_001_xy_connection_20260626/results/STRICT-STEP-023A/STRICT-STEP-023A-20260731-001/REPORT.md,merge_packet_present
STRICT-STEP-024,strict_step_direct_step,Audited result root: STRICT-STEP-024,S4-S9 evidence surface; exact lifecycle requires producer evidence,read-only reconciled from actual result root,STRICT-STEP-024-20260731-003,,completed_artifacts_present,not inferred beyond artifact evidence,independent_qa_present,claim_boundary_requires_report_review,not_inferred_from_artifact_presence,not independently replayed by handoff,merge_packet_present,,experiments/lab_001_xy_connection_20260626/results/STRICT-STEP-024/STRICT-STEP-024-20260731-003/INDEPENDENT_QA.json; experiments/lab_001_xy_connection_20260626/results/STRICT-STEP-024/STRICT-STEP-024-20260731-003/MERGE_PACKET.md; experiments/lab_001_xy_connection_20260626/results/STRICT-STEP-024/STRICT-STEP-024-20260731-003/REPORT.md,see manifest/config evidence if present,7ff92888e70f2a03b046025a58b27be3c519f73fcb6074a56c4eb6730f82d123,artifact existence only; report claims separately bounded,No scientific conclusion inferred solely from result folder existence.,requires direct report/QA review where status is not explicit,owner review / evidence reconciliation,research control tower unless explicitly UI/demo,2026-07-31T11:26:55+09:00,experiments/lab_001_xy_connection_20260626/results/STRICT-STEP-024/STRICT-STEP-024-20260731-003/REPORT.md,merge_packet_present
STRICT-STEP-025,strict_step_direct_step,Audited result root: STRICT-STEP-025,S4-S9 evidence surface; exact lifecycle requires producer evidence,read-only reconciled from actual result root,STRICT-STEP-025-20260731-003,,completed_artifacts_present,not inferred beyond artifact evidence,no_independent_qa_found,claim_boundary_requires_report_review,not_inferred_from_artifact_presence,not independently replayed by handoff,not_merged_or_no_packet_found,,,see manifest/config evidence if present,,artifact existence only; report claims separately bounded,No scientific conclusion inferred solely from result folder existence.,requires direct report/QA review where status is not explicit,owner review / evidence reconciliation,research control tower unless explicitly UI/demo,2026-07-31T11:26:55+09:00,,not_merged_or_no_packet_found
STRICT-STEP-026,strict_step_direct_step,C1 original STEP Route A direct B-rep N40/P1000/Z801 x-only execution,S4 full calculation → S5 independent artifact QA,C1 only; direct LEGACY-PY 40 scalar descriptors; no y/training/inverse design,STRICT-STEP-026-20260731-001,,completed_with_evidence,801 slices; 800 overlays; 40 direct scalar rows; 9 retained anchors,independent_QA_9_of_9_PASS_exactly_once,confirmed_within_C1_direct_STEP_x_only_scope,not_integrated_into_NB_CURRENT,artifact_integrity_replayed_by_POSTRUN_GATE_001,evidence_ready,experiments/lab_001_xy_connection_20260626/results/STRICT-STEP-026/STRICT-STEP-026-20260731-001/CONTRACT_MANIFEST.json,experiments/lab_001_xy_connection_20260626/results/STRICT-STEP-026/STRICT-STEP-026-20260731-001/RUN_STATE.json; experiments/lab_001_xy_connection_20260626/results/STRICT-STEP-026/STRICT-STEP-026-20260731-001/INDEPENDENT_QA.json; experiments/lab_001_xy_connection_20260626/results/STRICT-STEP-026/STRICT-STEP-026-20260731-001/direct_legacy_scalar_table.csv; experiments/lab_001_xy_connection_20260626/results/POSTRUN-GATE-001/POSTRUN-GATE-001-20260801-001/REPORT.md,project-local KMK312 / Python 3.12.12; Route A; N40; z; P1000; PHASE-00; Z801,88efe036266847bfb29a74f967318ec8634a1ce07b0ebf9bb9ed1cfcd57d2c96,C1 technical x-only calculation completed without scientific execution error; independent artifact QA passed 9/9.,"C1 direct STEP only. No all58, Excel physical parity, y, feature promotion, model, or inverse-design claim.",Cross-family/general production qualification remains separate.,No further research execution in this submission close; future revision only if authorized.,research control tower 019f403b-4486-7ee0-b1a0-e0754e134c1b,2026-08-01T13:27:44+09:00,experiments/lab_001_xy_connection_20260626/results/POSTRUN-GATE-001/POSTRUN-GATE-001-20260801-001/REPORT.md,evidence_ready
TOUR-HQ-FINAL-HANDOFF_20260718,hq_integration_release,Audited result root: TOUR-HQ-FINAL-HANDOFF_20260718,S4-S9 evidence surface; exact lifecycle requires producer evidence,read-only reconciled from actual result root,,,completed_artifacts_present,not inferred beyond artifact evidence,no_independent_qa_found,unresolved,not_inferred_from_artifact_presence,not independently replayed by handoff,merge_packet_present,,experiments/lab_001_xy_connection_20260626/results/TOUR-HQ-FINAL-HANDOFF_20260718/MERGE_PACKET.md,see manifest/config evidence if present,b75b61c415ef3b00cdd7e691c3c49680a494e4e56dfc4c31b023d12e086eae34,artifact existence only; report claims separately bounded,No scientific conclusion inferred solely from result folder existence.,requires direct report/QA review where status is not explicit,owner review / evidence reconciliation,research control tower unless explicitly UI/demo,2026-07-31T11:26:55+09:00,experiments/lab_001_xy_connection_20260626/results/TOUR-HQ-FINAL-HANDOFF_20260718/MERGE_PACKET.md,merge_packet_present
TOUR-HQ-LIVE-007_observation_20260718,hq_integration_release,Audited result root: TOUR-HQ-LIVE-007_observation_20260718,S4-S9 evidence surface; exact lifecycle requires producer evidence,read-only reconciled from actual result root,,,unresolved_no_audited_evidence,not inferred beyond artifact evidence,no_independent_qa_found,unresolved,not_inferred_from_artifact_presence,not independently replayed by handoff,not_merged_or_no_packet_found,,,see manifest/config evidence if present,,artifact existence only; report claims separately bounded,No scientific conclusion inferred solely from result folder existence.,requires direct report/QA review where status is not explicit,owner review / evidence reconciliation,research control tower unless explicitly UI/demo,2026-07-31T11:26:55+09:00,,not_merged_or_no_packet_found
URP4-1_HQ_FINALIZATION_20260728,hq_integration_release,Audited result root: URP4-1_HQ_FINALIZATION_20260728,S4-S9 evidence surface; exact lifecycle requires producer evidence,read-only reconciled from actual result root,,,unresolved_no_audited_evidence,not inferred beyond artifact evidence,no_independent_qa_found,unresolved,not_inferred_from_artifact_presence,not independently replayed by handoff,not_merged_or_no_packet_found,,,see manifest/config evidence if present,,artifact existence only; report claims separately bounded,No scientific conclusion inferred solely from result folder existence.,requires direct report/QA review where status is not explicit,owner review / evidence reconciliation,research control tower unless explicitly UI/demo,2026-07-31T11:26:55+09:00,,not_merged_or_no_packet_found
URP4-1_HQ_SUBMISSION_AUDIT_20260728,hq_integration_release,Audited result root: URP4-1_HQ_SUBMISSION_AUDIT_20260728,S4-S9 evidence surface; exact lifecycle requires producer evidence,read-only reconciled from actual result root,,,completed_artifacts_present,not inferred beyond artifact evidence,no_independent_qa_found,unresolved,not_inferred_from_artifact_presence,not independently replayed by handoff,merge_packet_present,,experiments/lab_001_xy_connection_20260626/results/URP4-1_HQ_SUBMISSION_AUDIT_20260728/MERGE_PACKET.md,see manifest/config evidence if present,7db2c7e3fb4743cf50fb1a40671e91845d3550c0c6f2b02353eaa63e5515d232,artifact existence only; report claims separately bounded,No scientific conclusion inferred solely from result folder existence.,requires direct report/QA review where status is not explicit,owner review / evidence reconciliation,research control tower unless explicitly UI/demo,2026-07-31T11:26:55+09:00,experiments/lab_001_xy_connection_20260626/results/URP4-1_HQ_SUBMISSION_AUDIT_20260728/MERGE_PACKET.md,merge_packet_present
training_line_by_line,research_support_or_archive,Audited result root: training_line_by_line,S4-S9 evidence surface; exact lifecycle requires producer evidence,read-only reconciled from actual result root,,,unresolved_no_audited_evidence,not inferred beyond artifact evidence,no_independent_qa_found,unresolved,not_inferred_from_artifact_presence,not independently replayed by handoff,not_merged_or_no_packet_found,,,see manifest/config evidence if present,,artifact existence only; report claims separately bounded,No scientific conclusion inferred solely from result folder existence.,requires direct report/QA review where status is not explicit,owner review / evidence reconciliation,research control tower unless explicitly UI/demo,2026-07-31T11:26:55+09:00,,not_merged_or_no_packet_found
HQ-LIVE-001,hq_integration_release,Historic official-log work ID; no matching direct result root identified in this cutoff.,unresolved; producer run/evidence must be located,log-provenance record only,,,unresolved_log_only,not inferred,no_result_root_or_qa_evidence_identified,unresolved,unresolved,unresolved,not_assessed,,experiments/lab_001_xy_connection_20260626/runlog.md:6746,not inferred from log mention,7f5d641e5b296cc97994e9788939e1b14d8dc57613f7677ac21a061cd01db5ba,Only that the ID occurs in an official-state log.,"No execution, QA, or scientific completion implied.",Locate producer run or explicitly archive as historical/log-only.,reverse trace from official log to producer evidence.,historical/unknown,2026-07-31T11:36:30+09:00,experiments/lab_001_xy_connection_20260626/runlog.md,not_assessed
HQ-LIVE-002,hq_integration_release,Historic official-log work ID; no matching direct result root identified in this cutoff.,unresolved; producer run/evidence must be located,log-provenance record only,,,unresolved_log_only,not inferred,no_result_root_or_qa_evidence_identified,unresolved,unresolved,unresolved,not_assessed,,experiments/lab_001_xy_connection_20260626/runlog.md:6758,not inferred from log mention,7f5d641e5b296cc97994e9788939e1b14d8dc57613f7677ac21a061cd01db5ba,Only that the ID occurs in an official-state log.,"No execution, QA, or scientific completion implied.",Locate producer run or explicitly archive as historical/log-only.,reverse trace from official log to producer evidence.,historical/unknown,2026-07-31T11:36:30+09:00,experiments/lab_001_xy_connection_20260626/runlog.md,not_assessed
HQ-LIVE-003,hq_integration_release,Historic official-log work ID; no matching direct result root identified in this cutoff.,unresolved; producer run/evidence must be located,log-provenance record only,,,unresolved_log_only,not inferred,no_result_root_or_qa_evidence_identified,unresolved,unresolved,unresolved,not_assessed,,experiments/lab_001_xy_connection_20260626/runlog.md:6769,not inferred from log mention,7f5d641e5b296cc97994e9788939e1b14d8dc57613f7677ac21a061cd01db5ba,Only that the ID occurs in an official-state log.,"No execution, QA, or scientific completion implied.",Locate producer run or explicitly archive as historical/log-only.,reverse trace from official log to producer evidence.,historical/unknown,2026-07-31T11:36:30+09:00,experiments/lab_001_xy_connection_20260626/runlog.md,not_assessed
HQ-LIVE-004,hq_integration_release,Historic official-log work ID; no matching direct result root identified in this cutoff.,unresolved; producer run/evidence must be located,log-provenance record only,,,unresolved_log_only,not inferred,no_result_root_or_qa_evidence_identified,unresolved,unresolved,unresolved,not_assessed,,experiments/lab_001_xy_connection_20260626/runlog.md:6777,not inferred from log mention,7f5d641e5b296cc97994e9788939e1b14d8dc57613f7677ac21a061cd01db5ba,Only that the ID occurs in an official-state log.,"No execution, QA, or scientific completion implied.",Locate producer run or explicitly archive as historical/log-only.,reverse trace from official log to producer evidence.,historical/unknown,2026-07-31T11:36:30+09:00,experiments/lab_001_xy_connection_20260626/runlog.md,not_assessed
HQ-LIVE-005,hq_integration_release,Historic official-log work ID; no matching direct result root identified in this cutoff.,unresolved; producer run/evidence must be located,log-provenance record only,,,unresolved_log_only,not inferred,no_result_root_or_qa_evidence_identified,unresolved,unresolved,unresolved,not_assessed,,experiments/lab_001_xy_connection_20260626/runlog.md:6786,not inferred from log mention,7f5d641e5b296cc97994e9788939e1b14d8dc57613f7677ac21a061cd01db5ba,Only that the ID occurs in an official-state log.,"No execution, QA, or scientific completion implied.",Locate producer run or explicitly archive as historical/log-only.,reverse trace from official log to producer evidence.,historical/unknown,2026-07-31T11:36:30+09:00,experiments/lab_001_xy_connection_20260626/runlog.md,not_assessed
HQ-LIVE-006,hq_integration_release,Historic official-log work ID; no matching direct result root identified in this cutoff.,unresolved; producer run/evidence must be located,log-provenance record only,,,unresolved_log_only,not inferred,no_result_root_or_qa_evidence_identified,unresolved,unresolved,unresolved,not_assessed,,experiments/lab_001_xy_connection_20260626/runlog.md:6795,not inferred from log mention,7f5d641e5b296cc97994e9788939e1b14d8dc57613f7677ac21a061cd01db5ba,Only that the ID occurs in an official-state log.,"No execution, QA, or scientific completion implied.",Locate producer run or explicitly archive as historical/log-only.,reverse trace from official log to producer evidence.,historical/unknown,2026-07-31T11:36:30+09:00,experiments/lab_001_xy_connection_20260626/runlog.md,not_assessed
HQ-LIVE-007,hq_integration_release,Historic official-log work ID; no matching direct result root identified in this cutoff.,unresolved; producer run/evidence must be located,log-provenance record only,,,unresolved_log_only,not inferred,no_result_root_or_qa_evidence_identified,unresolved,unresolved,unresolved,not_assessed,,experiments/lab_001_xy_connection_20260626/runlog.md:6804,not inferred from log mention,7f5d641e5b296cc97994e9788939e1b14d8dc57613f7677ac21a061cd01db5ba,Only that the ID occurs in an official-state log.,"No execution, QA, or scientific completion implied.",Locate producer run or explicitly archive as historical/log-only.,reverse trace from official log to producer evidence.,historical/unknown,2026-07-31T11:36:30+09:00,experiments/lab_001_xy_connection_20260626/runlog.md,not_assessed
IMSTL-001,imported_stl_slicer,Historic official-log work ID; no matching direct result root identified in this cutoff.,unresolved; producer run/evidence must be located,log-provenance record only,,,unresolved_log_only,not inferred,no_result_root_or_qa_evidence_identified,unresolved,unresolved,unresolved,not_assessed,,experiments/lab_001_xy_connection_20260626/runlog.md:8294,not inferred from log mention,7f5d641e5b296cc97994e9788939e1b14d8dc57613f7677ac21a061cd01db5ba,Only that the ID occurs in an official-state log.,"No execution, QA, or scientific completion implied.",Locate producer run or explicitly archive as historical/log-only.,reverse trace from official log to producer evidence.,historical/unknown,2026-07-31T11:36:30+09:00,experiments/lab_001_xy_connection_20260626/runlog.md,not_assessed
IMSTL-002,imported_stl_slicer,Historic official-log work ID; no matching direct result root identified in this cutoff.,unresolved; producer run/evidence must be located,log-provenance record only,,,unresolved_log_only,not inferred,no_result_root_or_qa_evidence_identified,unresolved,unresolved,unresolved,not_assessed,,experiments/lab_001_xy_connection_20260626/runlog.md:8304,not inferred from log mention,7f5d641e5b296cc97994e9788939e1b14d8dc57613f7677ac21a061cd01db5ba,Only that the ID occurs in an official-state log.,"No execution, QA, or scientific completion implied.",Locate producer run or explicitly archive as historical/log-only.,reverse trace from official log to producer evidence.,historical/unknown,2026-07-31T11:36:30+09:00,experiments/lab_001_xy_connection_20260626/runlog.md,not_assessed
IMSTL-003,imported_stl_slicer,Historic official-log work ID; no matching direct result root identified in this cutoff.,unresolved; producer run/evidence must be located,log-provenance record only,,,unresolved_log_only,not inferred,no_result_root_or_qa_evidence_identified,unresolved,unresolved,unresolved,not_assessed,,experiments/lab_001_xy_connection_20260626/runlog.md:8312,not inferred from log mention,7f5d641e5b296cc97994e9788939e1b14d8dc57613f7677ac21a061cd01db5ba,Only that the ID occurs in an official-state log.,"No execution, QA, or scientific completion implied.",Locate producer run or explicitly archive as historical/log-only.,reverse trace from official log to producer evidence.,historical/unknown,2026-07-31T11:36:30+09:00,experiments/lab_001_xy_connection_20260626/runlog.md,not_assessed
IMSTL-004,imported_stl_slicer,Historic official-log work ID; no matching direct result root identified in this cutoff.,unresolved; producer run/evidence must be located,log-provenance record only,,,unresolved_log_only,not inferred,no_result_root_or_qa_evidence_identified,unresolved,unresolved,unresolved,not_assessed,,experiments/lab_001_xy_connection_20260626/runlog.md:8320,not inferred from log mention,7f5d641e5b296cc97994e9788939e1b14d8dc57613f7677ac21a061cd01db5ba,Only that the ID occurs in an official-state log.,"No execution, QA, or scientific completion implied.",Locate producer run or explicitly archive as historical/log-only.,reverse trace from official log to producer evidence.,historical/unknown,2026-07-31T11:36:30+09:00,experiments/lab_001_xy_connection_20260626/runlog.md,not_assessed
IMSTL-005,imported_stl_slicer,Historic official-log work ID; no matching direct result root identified in this cutoff.,unresolved; producer run/evidence must be located,log-provenance record only,,,unresolved_log_only,not inferred,no_result_root_or_qa_evidence_identified,unresolved,unresolved,unresolved,not_assessed,,experiments/lab_001_xy_connection_20260626/runlog.md:8328,not inferred from log mention,7f5d641e5b296cc97994e9788939e1b14d8dc57613f7677ac21a061cd01db5ba,Only that the ID occurs in an official-state log.,"No execution, QA, or scientific completion implied.",Locate producer run or explicitly archive as historical/log-only.,reverse trace from official log to producer evidence.,historical/unknown,2026-07-31T11:36:30+09:00,experiments/lab_001_xy_connection_20260626/runlog.md,not_assessed
IMSTL-006,imported_stl_slicer,Historic official-log work ID; no matching direct result root identified in this cutoff.,unresolved; producer run/evidence must be located,log-provenance record only,,,unresolved_log_only,not inferred,no_result_root_or_qa_evidence_identified,unresolved,unresolved,unresolved,not_assessed,,experiments/lab_001_xy_connection_20260626/runlog.md:8336,not inferred from log mention,7f5d641e5b296cc97994e9788939e1b14d8dc57613f7677ac21a061cd01db5ba,Only that the ID occurs in an official-state log.,"No execution, QA, or scientific completion implied.",Locate producer run or explicitly archive as historical/log-only.,reverse trace from official log to producer evidence.,historical/unknown,2026-07-31T11:36:30+09:00,experiments/lab_001_xy_connection_20260626/runlog.md,not_assessed
IMSTL-007,imported_stl_slicer,Historic official-log work ID; no matching direct result root identified in this cutoff.,unresolved; producer run/evidence must be located,log-provenance record only,,,unresolved_log_only,not inferred,no_result_root_or_qa_evidence_identified,unresolved,unresolved,unresolved,not_assessed,,experiments/lab_001_xy_connection_20260626/runlog.md:8370,not inferred from log mention,7f5d641e5b296cc97994e9788939e1b14d8dc57613f7677ac21a061cd01db5ba,Only that the ID occurs in an official-state log.,"No execution, QA, or scientific completion implied.",Locate producer run or explicitly archive as historical/log-only.,reverse trace from official log to producer evidence.,historical/unknown,2026-07-31T11:36:30+09:00,experiments/lab_001_xy_connection_20260626/runlog.md,not_assessed
IMSTL-008,imported_stl_slicer,Historic official-log work ID; no matching direct result root identified in this cutoff.,unresolved; producer run/evidence must be located,log-provenance record only,,,unresolved_log_only,not inferred,no_result_root_or_qa_evidence_identified,unresolved,unresolved,unresolved,not_assessed,,experiments/lab_001_xy_connection_20260626/runlog.md:8387,not inferred from log mention,7f5d641e5b296cc97994e9788939e1b14d8dc57613f7677ac21a061cd01db5ba,Only that the ID occurs in an official-state log.,"No execution, QA, or scientific completion implied.",Locate producer run or explicitly archive as historical/log-only.,reverse trace from official log to producer evidence.,historical/unknown,2026-07-31T11:36:30+09:00,experiments/lab_001_xy_connection_20260626/runlog.md,not_assessed
PRM-002,training_feature_selection,Historic official-log work ID; no matching direct result root identified in this cutoff.,unresolved; producer run/evidence must be located,log-provenance record only,,,unresolved_log_only,not inferred,no_result_root_or_qa_evidence_identified,unresolved,unresolved,unresolved,not_assessed,,experiments/lab_001_xy_connection_20260626/decision_log.md:742,not inferred from log mention,cd5900fcab1e0a5427cf1610eff053cd156f0e85bfc320f8e410802b9183ff87,Only that the ID occurs in an official-state log.,"No execution, QA, or scientific completion implied.",Locate producer run or explicitly archive as historical/log-only.,reverse trace from official log to producer evidence.,historical/unknown,2026-07-31T11:36:30+09:00,experiments/lab_001_xy_connection_20260626/decision_log.md,not_assessed
PRM-004,training_feature_selection,Historic official-log work ID; no matching direct result root identified in this cutoff.,unresolved; producer run/evidence must be located,log-provenance record only,,,unresolved_log_only,not inferred,no_result_root_or_qa_evidence_identified,unresolved,unresolved,unresolved,not_assessed,,experiments/lab_001_xy_connection_20260626/decision_log.md:797,not inferred from log mention,cd5900fcab1e0a5427cf1610eff053cd156f0e85bfc320f8e410802b9183ff87,Only that the ID occurs in an official-state log.,"No execution, QA, or scientific completion implied.",Locate producer run or explicitly archive as historical/log-only.,reverse trace from official log to producer evidence.,historical/unknown,2026-07-31T11:36:30+09:00,experiments/lab_001_xy_connection_20260626/decision_log.md,not_assessed
PRM-026,training_feature_selection,Historic official-log work ID; no matching direct result root identified in this cutoff.,unresolved; producer run/evidence must be located,log-provenance record only,,,unresolved_log_only,not inferred,no_result_root_or_qa_evidence_identified,unresolved,unresolved,unresolved,not_assessed,,experiments/lab_001_xy_connection_20260626/runlog.md:6272,not inferred from log mention,7f5d641e5b296cc97994e9788939e1b14d8dc57613f7677ac21a061cd01db5ba,Only that the ID occurs in an official-state log.,"No execution, QA, or scientific completion implied.",Locate producer run or explicitly archive as historical/log-only.,reverse trace from official log to producer evidence.,historical/unknown,2026-07-31T11:36:30+09:00,experiments/lab_001_xy_connection_20260626/runlog.md,not_assessed
PRM-027,training_feature_selection,Historic official-log work ID; no matching direct result root identified in this cutoff.,unresolved; producer run/evidence must be located,log-provenance record only,,,unresolved_log_only,not inferred,no_result_root_or_qa_evidence_identified,unresolved,unresolved,unresolved,not_assessed,,experiments/lab_001_xy_connection_20260626/runlog.md:6592,not inferred from log mention,7f5d641e5b296cc97994e9788939e1b14d8dc57613f7677ac21a061cd01db5ba,Only that the ID occurs in an official-state log.,"No execution, QA, or scientific completion implied.",Locate producer run or explicitly archive as historical/log-only.,reverse trace from official log to producer evidence.,historical/unknown,2026-07-31T11:36:30+09:00,experiments/lab_001_xy_connection_20260626/runlog.md,not_assessed
PRM-028,training_feature_selection,Historic official-log work ID; no matching direct result root identified in this cutoff.,unresolved; producer run/evidence must be located,log-provenance record only,,,unresolved_log_only,not inferred,no_result_root_or_qa_evidence_identified,unresolved,unresolved,unresolved,not_assessed,,experiments/lab_001_xy_connection_20260626/runlog.md:6726,not inferred from log mention,7f5d641e5b296cc97994e9788939e1b14d8dc57613f7677ac21a061cd01db5ba,Only that the ID occurs in an official-state log.,"No execution, QA, or scientific completion implied.",Locate producer run or explicitly archive as historical/log-only.,reverse trace from official log to producer evidence.,historical/unknown,2026-07-31T11:36:30+09:00,experiments/lab_001_xy_connection_20260626/runlog.md,not_assessed
PRM-029,training_feature_selection,Historic official-log work ID; no matching direct result root identified in this cutoff.,unresolved; producer run/evidence must be located,log-provenance record only,,,unresolved_log_only,not inferred,no_result_root_or_qa_evidence_identified,unresolved,unresolved,unresolved,not_assessed,,AI_START_HERE.md:4806,not inferred from log mention,53ccc7bd56ab05cc78c512506904061f2486a31c808aea8dd59437bb0a983343,Only that the ID occurs in an official-state log.,"No execution, QA, or scientific completion implied.",Locate producer run or explicitly archive as historical/log-only.,reverse trace from official log to producer evidence.,historical/unknown,2026-07-31T11:36:30+09:00,AI_START_HERE.md,not_assessed
PRM-030,training_feature_selection,Historic official-log work ID; no matching direct result root identified in this cutoff.,unresolved; producer run/evidence must be located,log-provenance record only,,,unresolved_log_only,not inferred,no_result_root_or_qa_evidence_identified,unresolved,unresolved,unresolved,not_assessed,,experiments/lab_001_xy_connection_20260626/runlog.md:7068,not inferred from log mention,7f5d641e5b296cc97994e9788939e1b14d8dc57613f7677ac21a061cd01db5ba,Only that the ID occurs in an official-state log.,"No execution, QA, or scientific completion implied.",Locate producer run or explicitly archive as historical/log-only.,reverse trace from official log to producer evidence.,historical/unknown,2026-07-31T11:36:30+09:00,experiments/lab_001_xy_connection_20260626/runlog.md,not_assessed
PRM-031,training_feature_selection,Historic official-log work ID; no matching direct result root identified in this cutoff.,unresolved; producer run/evidence must be located,log-provenance record only,,,unresolved_log_only,not inferred,no_result_root_or_qa_evidence_identified,unresolved,unresolved,unresolved,not_assessed,,experiments/lab_001_xy_connection_20260626/runlog.md:7079,not inferred from log mention,7f5d641e5b296cc97994e9788939e1b14d8dc57613f7677ac21a061cd01db5ba,Only that the ID occurs in an official-state log.,"No execution, QA, or scientific completion implied.",Locate producer run or explicitly archive as historical/log-only.,reverse trace from official log to producer evidence.,historical/unknown,2026-07-31T11:36:30+09:00,experiments/lab_001_xy_connection_20260626/runlog.md,not_assessed
PRM-032,training_feature_selection,Historic official-log work ID; no matching direct result root identified in this cutoff.,unresolved; producer run/evidence must be located,log-provenance record only,,,unresolved_log_only,not inferred,no_result_root_or_qa_evidence_identified,unresolved,unresolved,unresolved,not_assessed,,AI_START_HERE.md:4992,not inferred from log mention,53ccc7bd56ab05cc78c512506904061f2486a31c808aea8dd59437bb0a983343,Only that the ID occurs in an official-state log.,"No execution, QA, or scientific completion implied.",Locate producer run or explicitly archive as historical/log-only.,reverse trace from official log to producer evidence.,historical/unknown,2026-07-31T11:36:30+09:00,AI_START_HERE.md,not_assessed
PRM-033,training_feature_selection,Historic official-log work ID; no matching direct result root identified in this cutoff.,unresolved; producer run/evidence must be located,log-provenance record only,,,unresolved_log_only,not inferred,no_result_root_or_qa_evidence_identified,unresolved,unresolved,unresolved,not_assessed,,AI_START_HERE.md:5031,not inferred from log mention,53ccc7bd56ab05cc78c512506904061f2486a31c808aea8dd59437bb0a983343,Only that the ID occurs in an official-state log.,"No execution, QA, or scientific completion implied.",Locate producer run or explicitly archive as historical/log-only.,reverse trace from official log to producer evidence.,historical/unknown,2026-07-31T11:36:30+09:00,AI_START_HERE.md,not_assessed
PRM-034,training_feature_selection,Historic official-log work ID; no matching direct result root identified in this cutoff.,unresolved; producer run/evidence must be located,log-provenance record only,,,unresolved_log_only,not inferred,no_result_root_or_qa_evidence_identified,unresolved,unresolved,unresolved,not_assessed,,experiments/lab_001_xy_connection_20260626/runlog.md:7136,not inferred from log mention,7f5d641e5b296cc97994e9788939e1b14d8dc57613f7677ac21a061cd01db5ba,Only that the ID occurs in an official-state log.,"No execution, QA, or scientific completion implied.",Locate producer run or explicitly archive as historical/log-only.,reverse trace from official log to producer evidence.,historical/unknown,2026-07-31T11:36:30+09:00,experiments/lab_001_xy_connection_20260626/runlog.md,not_assessed
PRM-035,training_feature_selection,Historic official-log work ID; no matching direct result root identified in this cutoff.,unresolved; producer run/evidence must be located,log-provenance record only,,,unresolved_log_only,not inferred,no_result_root_or_qa_evidence_identified,unresolved,unresolved,unresolved,not_assessed,,experiments/lab_001_xy_connection_20260626/runlog.md:7147,not inferred from log mention,7f5d641e5b296cc97994e9788939e1b14d8dc57613f7677ac21a061cd01db5ba,Only that the ID occurs in an official-state log.,"No execution, QA, or scientific completion implied.",Locate producer run or explicitly archive as historical/log-only.,reverse trace from official log to producer evidence.,historical/unknown,2026-07-31T11:36:30+09:00,experiments/lab_001_xy_connection_20260626/runlog.md,not_assessed
PRM-036,training_feature_selection,Historic official-log work ID; no matching direct result root identified in this cutoff.,unresolved; producer run/evidence must be located,log-provenance record only,,,unresolved_log_only,not inferred,no_result_root_or_qa_evidence_identified,unresolved,unresolved,unresolved,not_assessed,,experiments/lab_001_xy_connection_20260626/runlog.md:7167,not inferred from log mention,7f5d641e5b296cc97994e9788939e1b14d8dc57613f7677ac21a061cd01db5ba,Only that the ID occurs in an official-state log.,"No execution, QA, or scientific completion implied.",Locate producer run or explicitly archive as historical/log-only.,reverse trace from official log to producer evidence.,historical/unknown,2026-07-31T11:36:30+09:00,experiments/lab_001_xy_connection_20260626/runlog.md,not_assessed
PRM-037,training_feature_selection,Historic official-log work ID; no matching direct result root identified in this cutoff.,unresolved; producer run/evidence must be located,log-provenance record only,,,unresolved_log_only,not inferred,no_result_root_or_qa_evidence_identified,unresolved,unresolved,unresolved,not_assessed,,experiments/lab_001_xy_connection_20260626/runlog.md:7177,not inferred from log mention,7f5d641e5b296cc97994e9788939e1b14d8dc57613f7677ac21a061cd01db5ba,Only that the ID occurs in an official-state log.,"No execution, QA, or scientific completion implied.",Locate producer run or explicitly archive as historical/log-only.,reverse trace from official log to producer evidence.,historical/unknown,2026-07-31T11:36:30+09:00,experiments/lab_001_xy_connection_20260626/runlog.md,not_assessed
PRM-038,training_feature_selection,Historic official-log work ID; no matching direct result root identified in this cutoff.,unresolved; producer run/evidence must be located,log-provenance record only,,,unresolved_log_only,not inferred,no_result_root_or_qa_evidence_identified,unresolved,unresolved,unresolved,not_assessed,,experiments/lab_001_xy_connection_20260626/runlog.md:7188,not inferred from log mention,7f5d641e5b296cc97994e9788939e1b14d8dc57613f7677ac21a061cd01db5ba,Only that the ID occurs in an official-state log.,"No execution, QA, or scientific completion implied.",Locate producer run or explicitly archive as historical/log-only.,reverse trace from official log to producer evidence.,historical/unknown,2026-07-31T11:36:30+09:00,experiments/lab_001_xy_connection_20260626/runlog.md,not_assessed
PRM-039,training_feature_selection,Historic official-log work ID; no matching direct result root identified in this cutoff.,unresolved; producer run/evidence must be located,log-provenance record only,,,unresolved_log_only,not inferred,no_result_root_or_qa_evidence_identified,unresolved,unresolved,unresolved,not_assessed,,experiments/lab_001_xy_connection_20260626/runlog.md:7207,not inferred from log mention,7f5d641e5b296cc97994e9788939e1b14d8dc57613f7677ac21a061cd01db5ba,Only that the ID occurs in an official-state log.,"No execution, QA, or scientific completion implied.",Locate producer run or explicitly archive as historical/log-only.,reverse trace from official log to producer evidence.,historical/unknown,2026-07-31T11:36:30+09:00,experiments/lab_001_xy_connection_20260626/runlog.md,not_assessed
PRM-040,training_feature_selection,Historic official-log work ID; no matching direct result root identified in this cutoff.,unresolved; producer run/evidence must be located,log-provenance record only,,,unresolved_log_only,not inferred,no_result_root_or_qa_evidence_identified,unresolved,unresolved,unresolved,not_assessed,,experiments/lab_001_xy_connection_20260626/runlog.md:7218,not inferred from log mention,7f5d641e5b296cc97994e9788939e1b14d8dc57613f7677ac21a061cd01db5ba,Only that the ID occurs in an official-state log.,"No execution, QA, or scientific completion implied.",Locate producer run or explicitly archive as historical/log-only.,reverse trace from official log to producer evidence.,historical/unknown,2026-07-31T11:36:30+09:00,experiments/lab_001_xy_connection_20260626/runlog.md,not_assessed
PRM-041,training_feature_selection,Historic official-log work ID; no matching direct result root identified in this cutoff.,unresolved; producer run/evidence must be located,log-provenance record only,,,unresolved_log_only,not inferred,no_result_root_or_qa_evidence_identified,unresolved,unresolved,unresolved,not_assessed,,experiments/lab_001_xy_connection_20260626/runlog.md:7228,not inferred from log mention,7f5d641e5b296cc97994e9788939e1b14d8dc57613f7677ac21a061cd01db5ba,Only that the ID occurs in an official-state log.,"No execution, QA, or scientific completion implied.",Locate producer run or explicitly archive as historical/log-only.,reverse trace from official log to producer evidence.,historical/unknown,2026-07-31T11:36:30+09:00,experiments/lab_001_xy_connection_20260626/runlog.md,not_assessed
PRM-042,training_feature_selection,Historic official-log work ID; no matching direct result root identified in this cutoff.,unresolved; producer run/evidence must be located,log-provenance record only,,,unresolved_log_only,not inferred,no_result_root_or_qa_evidence_identified,unresolved,unresolved,unresolved,not_assessed,,experiments/lab_001_xy_connection_20260626/runlog.md:7237,not inferred from log mention,7f5d641e5b296cc97994e9788939e1b14d8dc57613f7677ac21a061cd01db5ba,Only that the ID occurs in an official-state log.,"No execution, QA, or scientific completion implied.",Locate producer run or explicitly archive as historical/log-only.,reverse trace from official log to producer evidence.,historical/unknown,2026-07-31T11:36:30+09:00,experiments/lab_001_xy_connection_20260626/runlog.md,not_assessed
PRM-043,training_feature_selection,Historic official-log work ID; no matching direct result root identified in this cutoff.,unresolved; producer run/evidence must be located,log-provenance record only,,,unresolved_log_only,not inferred,no_result_root_or_qa_evidence_identified,unresolved,unresolved,unresolved,not_assessed,,experiments/lab_001_xy_connection_20260626/runlog.md:7246,not inferred from log mention,7f5d641e5b296cc97994e9788939e1b14d8dc57613f7677ac21a061cd01db5ba,Only that the ID occurs in an official-state log.,"No execution, QA, or scientific completion implied.",Locate producer run or explicitly archive as historical/log-only.,reverse trace from official log to producer evidence.,historical/unknown,2026-07-31T11:36:30+09:00,experiments/lab_001_xy_connection_20260626/runlog.md,not_assessed
PRM-044,training_feature_selection,Historic official-log work ID; no matching direct result root identified in this cutoff.,unresolved; producer run/evidence must be located,log-provenance record only,,,unresolved_log_only,not inferred,no_result_root_or_qa_evidence_identified,unresolved,unresolved,unresolved,not_assessed,,experiments/lab_001_xy_connection_20260626/runlog.md:7256,not inferred from log mention,7f5d641e5b296cc97994e9788939e1b14d8dc57613f7677ac21a061cd01db5ba,Only that the ID occurs in an official-state log.,"No execution, QA, or scientific completion implied.",Locate producer run or explicitly archive as historical/log-only.,reverse trace from official log to producer evidence.,historical/unknown,2026-07-31T11:36:30+09:00,experiments/lab_001_xy_connection_20260626/runlog.md,not_assessed
PRM-045,training_feature_selection,Historic official-log work ID; no matching direct result root identified in this cutoff.,unresolved; producer run/evidence must be located,log-provenance record only,,,unresolved_log_only,not inferred,no_result_root_or_qa_evidence_identified,unresolved,unresolved,unresolved,not_assessed,,experiments/lab_001_xy_connection_20260626/runlog.md:7266,not inferred from log mention,7f5d641e5b296cc97994e9788939e1b14d8dc57613f7677ac21a061cd01db5ba,Only that the ID occurs in an official-state log.,"No execution, QA, or scientific completion implied.",Locate producer run or explicitly archive as historical/log-only.,reverse trace from official log to producer evidence.,historical/unknown,2026-07-31T11:36:30+09:00,experiments/lab_001_xy_connection_20260626/runlog.md,not_assessed
PRM-046,training_feature_selection,Historic official-log work ID; no matching direct result root identified in this cutoff.,unresolved; producer run/evidence must be located,log-provenance record only,,,unresolved_log_only,not inferred,no_result_root_or_qa_evidence_identified,unresolved,unresolved,unresolved,not_assessed,,experiments/lab_001_xy_connection_20260626/runlog.md:7283,not inferred from log mention,7f5d641e5b296cc97994e9788939e1b14d8dc57613f7677ac21a061cd01db5ba,Only that the ID occurs in an official-state log.,"No execution, QA, or scientific completion implied.",Locate producer run or explicitly archive as historical/log-only.,reverse trace from official log to producer evidence.,historical/unknown,2026-07-31T11:36:30+09:00,experiments/lab_001_xy_connection_20260626/runlog.md,not_assessed
PRM-047,training_feature_selection,Historic official-log work ID; no matching direct result root identified in this cutoff.,unresolved; producer run/evidence must be located,log-provenance record only,,,unresolved_log_only,not inferred,no_result_root_or_qa_evidence_identified,unresolved,unresolved,unresolved,not_assessed,,experiments/lab_001_xy_connection_20260626/runlog.md:7287,not inferred from log mention,7f5d641e5b296cc97994e9788939e1b14d8dc57613f7677ac21a061cd01db5ba,Only that the ID occurs in an official-state log.,"No execution, QA, or scientific completion implied.",Locate producer run or explicitly archive as historical/log-only.,reverse trace from official log to producer evidence.,historical/unknown,2026-07-31T11:36:30+09:00,experiments/lab_001_xy_connection_20260626/runlog.md,not_assessed
PRM-048,training_feature_selection,Historic official-log work ID; no matching direct result root identified in this cutoff.,unresolved; producer run/evidence must be located,log-provenance record only,,,unresolved_log_only,not inferred,no_result_root_or_qa_evidence_identified,unresolved,unresolved,unresolved,not_assessed,,experiments/lab_001_xy_connection_20260626/runlog.md:7287,not inferred from log mention,7f5d641e5b296cc97994e9788939e1b14d8dc57613f7677ac21a061cd01db5ba,Only that the ID occurs in an official-state log.,"No execution, QA, or scientific completion implied.",Locate producer run or explicitly archive as historical/log-only.,reverse trace from official log to producer evidence.,historical/unknown,2026-07-31T11:36:30+09:00,experiments/lab_001_xy_connection_20260626/runlog.md,not_assessed
PRM-049,training_feature_selection,Historic official-log work ID; no matching direct result root identified in this cutoff.,unresolved; producer run/evidence must be located,log-provenance record only,,,unresolved_log_only,not inferred,no_result_root_or_qa_evidence_identified,unresolved,unresolved,unresolved,not_assessed,,experiments/lab_001_xy_connection_20260626/runlog.md:7287,not inferred from log mention,7f5d641e5b296cc97994e9788939e1b14d8dc57613f7677ac21a061cd01db5ba,Only that the ID occurs in an official-state log.,"No execution, QA, or scientific completion implied.",Locate producer run or explicitly archive as historical/log-only.,reverse trace from official log to producer evidence.,historical/unknown,2026-07-31T11:36:30+09:00,experiments/lab_001_xy_connection_20260626/runlog.md,not_assessed
PRM-050,training_feature_selection,Historic official-log work ID; no matching direct result root identified in this cutoff.,unresolved; producer run/evidence must be located,log-provenance record only,,,unresolved_log_only,not inferred,no_result_root_or_qa_evidence_identified,unresolved,unresolved,unresolved,not_assessed,,experiments/lab_001_xy_connection_20260626/runlog.md:7297,not inferred from log mention,7f5d641e5b296cc97994e9788939e1b14d8dc57613f7677ac21a061cd01db5ba,Only that the ID occurs in an official-state log.,"No execution, QA, or scientific completion implied.",Locate producer run or explicitly archive as historical/log-only.,reverse trace from official log to producer evidence.,historical/unknown,2026-07-31T11:36:30+09:00,experiments/lab_001_xy_connection_20260626/runlog.md,not_assessed
PRM-051,training_feature_selection,Historic official-log work ID; no matching direct result root identified in this cutoff.,unresolved; producer run/evidence must be located,log-provenance record only,,,unresolved_log_only,not inferred,no_result_root_or_qa_evidence_identified,unresolved,unresolved,unresolved,not_assessed,,experiments/lab_001_xy_connection_20260626/runlog.md:7316,not inferred from log mention,7f5d641e5b296cc97994e9788939e1b14d8dc57613f7677ac21a061cd01db5ba,Only that the ID occurs in an official-state log.,"No execution, QA, or scientific completion implied.",Locate producer run or explicitly archive as historical/log-only.,reverse trace from official log to producer evidence.,historical/unknown,2026-07-31T11:36:30+09:00,experiments/lab_001_xy_connection_20260626/runlog.md,not_assessed
PRM-052,training_feature_selection,Historic official-log work ID; no matching direct result root identified in this cutoff.,unresolved; producer run/evidence must be located,log-provenance record only,,,unresolved_log_only,not inferred,no_result_root_or_qa_evidence_identified,unresolved,unresolved,unresolved,not_assessed,,experiments/lab_001_xy_connection_20260626/runlog.md:7321,not inferred from log mention,7f5d641e5b296cc97994e9788939e1b14d8dc57613f7677ac21a061cd01db5ba,Only that the ID occurs in an official-state log.,"No execution, QA, or scientific completion implied.",Locate producer run or explicitly archive as historical/log-only.,reverse trace from official log to producer evidence.,historical/unknown,2026-07-31T11:36:30+09:00,experiments/lab_001_xy_connection_20260626/runlog.md,not_assessed
PRM-053,training_feature_selection,Historic official-log work ID; no matching direct result root identified in this cutoff.,unresolved; producer run/evidence must be located,log-provenance record only,,,unresolved_log_only,not inferred,no_result_root_or_qa_evidence_identified,unresolved,unresolved,unresolved,not_assessed,,experiments/lab_001_xy_connection_20260626/runlog.md:7319,not inferred from log mention,7f5d641e5b296cc97994e9788939e1b14d8dc57613f7677ac21a061cd01db5ba,Only that the ID occurs in an official-state log.,"No execution, QA, or scientific completion implied.",Locate producer run or explicitly archive as historical/log-only.,reverse trace from official log to producer evidence.,historical/unknown,2026-07-31T11:36:30+09:00,experiments/lab_001_xy_connection_20260626/runlog.md,not_assessed
PRM-054,training_feature_selection,Historic official-log work ID; no matching direct result root identified in this cutoff.,unresolved; producer run/evidence must be located,log-provenance record only,,,unresolved_log_only,not inferred,no_result_root_or_qa_evidence_identified,unresolved,unresolved,unresolved,not_assessed,,experiments/lab_001_xy_connection_20260626/runlog.md:7326,not inferred from log mention,7f5d641e5b296cc97994e9788939e1b14d8dc57613f7677ac21a061cd01db5ba,Only that the ID occurs in an official-state log.,"No execution, QA, or scientific completion implied.",Locate producer run or explicitly archive as historical/log-only.,reverse trace from official log to producer evidence.,historical/unknown,2026-07-31T11:36:30+09:00,experiments/lab_001_xy_connection_20260626/runlog.md,not_assessed
PRM-055,training_feature_selection,Historic official-log work ID; no matching direct result root identified in this cutoff.,unresolved; producer run/evidence must be located,log-provenance record only,,,unresolved_log_only,not inferred,no_result_root_or_qa_evidence_identified,unresolved,unresolved,unresolved,not_assessed,,experiments/lab_001_xy_connection_20260626/runlog.md:7336,not inferred from log mention,7f5d641e5b296cc97994e9788939e1b14d8dc57613f7677ac21a061cd01db5ba,Only that the ID occurs in an official-state log.,"No execution, QA, or scientific completion implied.",Locate producer run or explicitly archive as historical/log-only.,reverse trace from official log to producer evidence.,historical/unknown,2026-07-31T11:36:30+09:00,experiments/lab_001_xy_connection_20260626/runlog.md,not_assessed
PRM-056,training_feature_selection,Historic official-log work ID; no matching direct result root identified in this cutoff.,unresolved; producer run/evidence must be located,log-provenance record only,,,unresolved_log_only,not inferred,no_result_root_or_qa_evidence_identified,unresolved,unresolved,unresolved,not_assessed,,experiments/lab_001_xy_connection_20260626/runlog.md:7350,not inferred from log mention,7f5d641e5b296cc97994e9788939e1b14d8dc57613f7677ac21a061cd01db5ba,Only that the ID occurs in an official-state log.,"No execution, QA, or scientific completion implied.",Locate producer run or explicitly archive as historical/log-only.,reverse trace from official log to producer evidence.,historical/unknown,2026-07-31T11:36:30+09:00,experiments/lab_001_xy_connection_20260626/runlog.md,not_assessed
PRM-057,training_feature_selection,Historic official-log work ID; no matching direct result root identified in this cutoff.,unresolved; producer run/evidence must be located,log-provenance record only,,,unresolved_log_only,not inferred,no_result_root_or_qa_evidence_identified,unresolved,unresolved,unresolved,not_assessed,,experiments/lab_001_xy_connection_20260626/runlog.md:7361,not inferred from log mention,7f5d641e5b296cc97994e9788939e1b14d8dc57613f7677ac21a061cd01db5ba,Only that the ID occurs in an official-state log.,"No execution, QA, or scientific completion implied.",Locate producer run or explicitly archive as historical/log-only.,reverse trace from official log to producer evidence.,historical/unknown,2026-07-31T11:36:30+09:00,experiments/lab_001_xy_connection_20260626/runlog.md,not_assessed
PRM-058,training_feature_selection,Historic official-log work ID; no matching direct result root identified in this cutoff.,unresolved; producer run/evidence must be located,log-provenance record only,,,unresolved_log_only,not inferred,no_result_root_or_qa_evidence_identified,unresolved,unresolved,unresolved,not_assessed,,experiments/lab_001_xy_connection_20260626/runlog.md:7369,not inferred from log mention,7f5d641e5b296cc97994e9788939e1b14d8dc57613f7677ac21a061cd01db5ba,Only that the ID occurs in an official-state log.,"No execution, QA, or scientific completion implied.",Locate producer run or explicitly archive as historical/log-only.,reverse trace from official log to producer evidence.,historical/unknown,2026-07-31T11:36:30+09:00,experiments/lab_001_xy_connection_20260626/runlog.md,not_assessed
PRM-059,training_feature_selection,Historic official-log work ID; no matching direct result root identified in this cutoff.,unresolved; producer run/evidence must be located,log-provenance record only,,,unresolved_log_only,not inferred,no_result_root_or_qa_evidence_identified,unresolved,unresolved,unresolved,not_assessed,,experiments/lab_001_xy_connection_20260626/runlog.md:7389,not inferred from log mention,7f5d641e5b296cc97994e9788939e1b14d8dc57613f7677ac21a061cd01db5ba,Only that the ID occurs in an official-state log.,"No execution, QA, or scientific completion implied.",Locate producer run or explicitly archive as historical/log-only.,reverse trace from official log to producer evidence.,historical/unknown,2026-07-31T11:36:30+09:00,experiments/lab_001_xy_connection_20260626/runlog.md,not_assessed
PRM-060,training_feature_selection,Historic official-log work ID; no matching direct result root identified in this cutoff.,unresolved; producer run/evidence must be located,log-provenance record only,,,unresolved_log_only,not inferred,no_result_root_or_qa_evidence_identified,unresolved,unresolved,unresolved,not_assessed,,experiments/lab_001_xy_connection_20260626/runlog.md:7389,not inferred from log mention,7f5d641e5b296cc97994e9788939e1b14d8dc57613f7677ac21a061cd01db5ba,Only that the ID occurs in an official-state log.,"No execution, QA, or scientific completion implied.",Locate producer run or explicitly archive as historical/log-only.,reverse trace from official log to producer evidence.,historical/unknown,2026-07-31T11:36:30+09:00,experiments/lab_001_xy_connection_20260626/runlog.md,not_assessed
PRM-061,training_feature_selection,Historic official-log work ID; no matching direct result root identified in this cutoff.,unresolved; producer run/evidence must be located,log-provenance record only,,,unresolved_log_only,not inferred,no_result_root_or_qa_evidence_identified,unresolved,unresolved,unresolved,not_assessed,,experiments/lab_001_xy_connection_20260626/runlog.md:7399,not inferred from log mention,7f5d641e5b296cc97994e9788939e1b14d8dc57613f7677ac21a061cd01db5ba,Only that the ID occurs in an official-state log.,"No execution, QA, or scientific completion implied.",Locate producer run or explicitly archive as historical/log-only.,reverse trace from official log to producer evidence.,historical/unknown,2026-07-31T11:36:30+09:00,experiments/lab_001_xy_connection_20260626/runlog.md,not_assessed
PRM-062,training_feature_selection,Historic official-log work ID; no matching direct result root identified in this cutoff.,unresolved; producer run/evidence must be located,log-provenance record only,,,unresolved_log_only,not inferred,no_result_root_or_qa_evidence_identified,unresolved,unresolved,unresolved,not_assessed,,experiments/lab_001_xy_connection_20260626/runlog.md:7410,not inferred from log mention,7f5d641e5b296cc97994e9788939e1b14d8dc57613f7677ac21a061cd01db5ba,Only that the ID occurs in an official-state log.,"No execution, QA, or scientific completion implied.",Locate producer run or explicitly archive as historical/log-only.,reverse trace from official log to producer evidence.,historical/unknown,2026-07-31T11:36:30+09:00,experiments/lab_001_xy_connection_20260626/runlog.md,not_assessed
PRM-063,training_feature_selection,Historic official-log work ID; no matching direct result root identified in this cutoff.,unresolved; producer run/evidence must be located,log-provenance record only,,,unresolved_log_only,not inferred,no_result_root_or_qa_evidence_identified,unresolved,unresolved,unresolved,not_assessed,,experiments/lab_001_xy_connection_20260626/runlog.md:7421,not inferred from log mention,7f5d641e5b296cc97994e9788939e1b14d8dc57613f7677ac21a061cd01db5ba,Only that the ID occurs in an official-state log.,"No execution, QA, or scientific completion implied.",Locate producer run or explicitly archive as historical/log-only.,reverse trace from official log to producer evidence.,historical/unknown,2026-07-31T11:36:30+09:00,experiments/lab_001_xy_connection_20260626/runlog.md,not_assessed
PRM-064,training_feature_selection,Historic official-log work ID; no matching direct result root identified in this cutoff.,unresolved; producer run/evidence must be located,log-provenance record only,,,unresolved_log_only,not inferred,no_result_root_or_qa_evidence_identified,unresolved,unresolved,unresolved,not_assessed,,experiments/lab_001_xy_connection_20260626/runlog.md:7431,not inferred from log mention,7f5d641e5b296cc97994e9788939e1b14d8dc57613f7677ac21a061cd01db5ba,Only that the ID occurs in an official-state log.,"No execution, QA, or scientific completion implied.",Locate producer run or explicitly archive as historical/log-only.,reverse trace from official log to producer evidence.,historical/unknown,2026-07-31T11:36:30+09:00,experiments/lab_001_xy_connection_20260626/runlog.md,not_assessed
PRM-065,training_feature_selection,Historic official-log work ID; no matching direct result root identified in this cutoff.,unresolved; producer run/evidence must be located,log-provenance record only,,,unresolved_log_only,not inferred,no_result_root_or_qa_evidence_identified,unresolved,unresolved,unresolved,not_assessed,,experiments/lab_001_xy_connection_20260626/runlog.md:7443,not inferred from log mention,7f5d641e5b296cc97994e9788939e1b14d8dc57613f7677ac21a061cd01db5ba,Only that the ID occurs in an official-state log.,"No execution, QA, or scientific completion implied.",Locate producer run or explicitly archive as historical/log-only.,reverse trace from official log to producer evidence.,historical/unknown,2026-07-31T11:36:30+09:00,experiments/lab_001_xy_connection_20260626/runlog.md,not_assessed
PRM-066,training_feature_selection,Historic official-log work ID; no matching direct result root identified in this cutoff.,unresolved; producer run/evidence must be located,log-provenance record only,,,unresolved_log_only,not inferred,no_result_root_or_qa_evidence_identified,unresolved,unresolved,unresolved,not_assessed,,experiments/lab_001_xy_connection_20260626/runlog.md:7454,not inferred from log mention,7f5d641e5b296cc97994e9788939e1b14d8dc57613f7677ac21a061cd01db5ba,Only that the ID occurs in an official-state log.,"No execution, QA, or scientific completion implied.",Locate producer run or explicitly archive as historical/log-only.,reverse trace from official log to producer evidence.,historical/unknown,2026-07-31T11:36:30+09:00,experiments/lab_001_xy_connection_20260626/runlog.md,not_assessed
PRM-067,training_feature_selection,Historic official-log work ID; no matching direct result root identified in this cutoff.,unresolved; producer run/evidence must be located,log-provenance record only,,,unresolved_log_only,not inferred,no_result_root_or_qa_evidence_identified,unresolved,unresolved,unresolved,not_assessed,,experiments/lab_001_xy_connection_20260626/runlog.md:7463,not inferred from log mention,7f5d641e5b296cc97994e9788939e1b14d8dc57613f7677ac21a061cd01db5ba,Only that the ID occurs in an official-state log.,"No execution, QA, or scientific completion implied.",Locate producer run or explicitly archive as historical/log-only.,reverse trace from official log to producer evidence.,historical/unknown,2026-07-31T11:36:30+09:00,experiments/lab_001_xy_connection_20260626/runlog.md,not_assessed
PRM-068,training_feature_selection,Historic official-log work ID; no matching direct result root identified in this cutoff.,unresolved; producer run/evidence must be located,log-provenance record only,,,unresolved_log_only,not inferred,no_result_root_or_qa_evidence_identified,unresolved,unresolved,unresolved,not_assessed,,experiments/lab_001_xy_connection_20260626/runlog.md:7473,not inferred from log mention,7f5d641e5b296cc97994e9788939e1b14d8dc57613f7677ac21a061cd01db5ba,Only that the ID occurs in an official-state log.,"No execution, QA, or scientific completion implied.",Locate producer run or explicitly archive as historical/log-only.,reverse trace from official log to producer evidence.,historical/unknown,2026-07-31T11:36:30+09:00,experiments/lab_001_xy_connection_20260626/runlog.md,not_assessed
PRM-069,training_feature_selection,Historic official-log work ID; no matching direct result root identified in this cutoff.,unresolved; producer run/evidence must be located,log-provenance record only,,,unresolved_log_only,not inferred,no_result_root_or_qa_evidence_identified,unresolved,unresolved,unresolved,not_assessed,,experiments/lab_001_xy_connection_20260626/runlog.md:7484,not inferred from log mention,7f5d641e5b296cc97994e9788939e1b14d8dc57613f7677ac21a061cd01db5ba,Only that the ID occurs in an official-state log.,"No execution, QA, or scientific completion implied.",Locate producer run or explicitly archive as historical/log-only.,reverse trace from official log to producer evidence.,historical/unknown,2026-07-31T11:36:30+09:00,experiments/lab_001_xy_connection_20260626/runlog.md,not_assessed
PRM-070,training_feature_selection,Historic official-log work ID; no matching direct result root identified in this cutoff.,unresolved; producer run/evidence must be located,log-provenance record only,,,unresolved_log_only,not inferred,no_result_root_or_qa_evidence_identified,unresolved,unresolved,unresolved,not_assessed,,experiments/lab_001_xy_connection_20260626/runlog.md:7495,not inferred from log mention,7f5d641e5b296cc97994e9788939e1b14d8dc57613f7677ac21a061cd01db5ba,Only that the ID occurs in an official-state log.,"No execution, QA, or scientific completion implied.",Locate producer run or explicitly archive as historical/log-only.,reverse trace from official log to producer evidence.,historical/unknown,2026-07-31T11:36:30+09:00,experiments/lab_001_xy_connection_20260626/runlog.md,not_assessed
PRM-071,training_feature_selection,Historic official-log work ID; no matching direct result root identified in this cutoff.,unresolved; producer run/evidence must be located,log-provenance record only,,,unresolved_log_only,not inferred,no_result_root_or_qa_evidence_identified,unresolved,unresolved,unresolved,not_assessed,,experiments/lab_001_xy_connection_20260626/runlog.md:7506,not inferred from log mention,7f5d641e5b296cc97994e9788939e1b14d8dc57613f7677ac21a061cd01db5ba,Only that the ID occurs in an official-state log.,"No execution, QA, or scientific completion implied.",Locate producer run or explicitly archive as historical/log-only.,reverse trace from official log to producer evidence.,historical/unknown,2026-07-31T11:36:30+09:00,experiments/lab_001_xy_connection_20260626/runlog.md,not_assessed
PRM-072,training_feature_selection,Historic official-log work ID; no matching direct result root identified in this cutoff.,unresolved; producer run/evidence must be located,log-provenance record only,,,unresolved_log_only,not inferred,no_result_root_or_qa_evidence_identified,unresolved,unresolved,unresolved,not_assessed,,experiments/lab_001_xy_connection_20260626/runlog.md:7516,not inferred from log mention,7f5d641e5b296cc97994e9788939e1b14d8dc57613f7677ac21a061cd01db5ba,Only that the ID occurs in an official-state log.,"No execution, QA, or scientific completion implied.",Locate producer run or explicitly archive as historical/log-only.,reverse trace from official log to producer evidence.,historical/unknown,2026-07-31T11:36:30+09:00,experiments/lab_001_xy_connection_20260626/runlog.md,not_assessed
PRM-073,training_feature_selection,Historic official-log work ID; no matching direct result root identified in this cutoff.,unresolved; producer run/evidence must be located,log-provenance record only,,,unresolved_log_only,not inferred,no_result_root_or_qa_evidence_identified,unresolved,unresolved,unresolved,not_assessed,,experiments/lab_001_xy_connection_20260626/runlog.md:7528,not inferred from log mention,7f5d641e5b296cc97994e9788939e1b14d8dc57613f7677ac21a061cd01db5ba,Only that the ID occurs in an official-state log.,"No execution, QA, or scientific completion implied.",Locate producer run or explicitly archive as historical/log-only.,reverse trace from official log to producer evidence.,historical/unknown,2026-07-31T11:36:30+09:00,experiments/lab_001_xy_connection_20260626/runlog.md,not_assessed
PRM-074,training_feature_selection,Historic official-log work ID; no matching direct result root identified in this cutoff.,unresolved; producer run/evidence must be located,log-provenance record only,,,unresolved_log_only,not inferred,no_result_root_or_qa_evidence_identified,unresolved,unresolved,unresolved,not_assessed,,experiments/lab_001_xy_connection_20260626/runlog.md:7537,not inferred from log mention,7f5d641e5b296cc97994e9788939e1b14d8dc57613f7677ac21a061cd01db5ba,Only that the ID occurs in an official-state log.,"No execution, QA, or scientific completion implied.",Locate producer run or explicitly archive as historical/log-only.,reverse trace from official log to producer evidence.,historical/unknown,2026-07-31T11:36:30+09:00,experiments/lab_001_xy_connection_20260626/runlog.md,not_assessed
PRM-075,training_feature_selection,Historic official-log work ID; no matching direct result root identified in this cutoff.,unresolved; producer run/evidence must be located,log-provenance record only,,,unresolved_log_only,not inferred,no_result_root_or_qa_evidence_identified,unresolved,unresolved,unresolved,not_assessed,,experiments/lab_001_xy_connection_20260626/runlog.md:7546,not inferred from log mention,7f5d641e5b296cc97994e9788939e1b14d8dc57613f7677ac21a061cd01db5ba,Only that the ID occurs in an official-state log.,"No execution, QA, or scientific completion implied.",Locate producer run or explicitly archive as historical/log-only.,reverse trace from official log to producer evidence.,historical/unknown,2026-07-31T11:36:30+09:00,experiments/lab_001_xy_connection_20260626/runlog.md,not_assessed
PRM-076,training_feature_selection,Historic official-log work ID; no matching direct result root identified in this cutoff.,unresolved; producer run/evidence must be located,log-provenance record only,,,unresolved_log_only,not inferred,no_result_root_or_qa_evidence_identified,unresolved,unresolved,unresolved,not_assessed,,experiments/lab_001_xy_connection_20260626/runlog.md:7556,not inferred from log mention,7f5d641e5b296cc97994e9788939e1b14d8dc57613f7677ac21a061cd01db5ba,Only that the ID occurs in an official-state log.,"No execution, QA, or scientific completion implied.",Locate producer run or explicitly archive as historical/log-only.,reverse trace from official log to producer evidence.,historical/unknown,2026-07-31T11:36:30+09:00,experiments/lab_001_xy_connection_20260626/runlog.md,not_assessed
PRM-077,training_feature_selection,Historic official-log work ID; no matching direct result root identified in this cutoff.,unresolved; producer run/evidence must be located,log-provenance record only,,,unresolved_log_only,not inferred,no_result_root_or_qa_evidence_identified,unresolved,unresolved,unresolved,not_assessed,,experiments/lab_001_xy_connection_20260626/runlog.md:7564,not inferred from log mention,7f5d641e5b296cc97994e9788939e1b14d8dc57613f7677ac21a061cd01db5ba,Only that the ID occurs in an official-state log.,"No execution, QA, or scientific completion implied.",Locate producer run or explicitly archive as historical/log-only.,reverse trace from official log to producer evidence.,historical/unknown,2026-07-31T11:36:30+09:00,experiments/lab_001_xy_connection_20260626/runlog.md,not_assessed
PRM-078,training_feature_selection,Historic official-log work ID; no matching direct result root identified in this cutoff.,unresolved; producer run/evidence must be located,log-provenance record only,,,unresolved_log_only,not inferred,no_result_root_or_qa_evidence_identified,unresolved,unresolved,unresolved,not_assessed,,experiments/lab_001_xy_connection_20260626/runlog.md:7572,not inferred from log mention,7f5d641e5b296cc97994e9788939e1b14d8dc57613f7677ac21a061cd01db5ba,Only that the ID occurs in an official-state log.,"No execution, QA, or scientific completion implied.",Locate producer run or explicitly archive as historical/log-only.,reverse trace from official log to producer evidence.,historical/unknown,2026-07-31T11:36:30+09:00,experiments/lab_001_xy_connection_20260626/runlog.md,not_assessed
PRM-079,training_feature_selection,Historic official-log work ID; no matching direct result root identified in this cutoff.,unresolved; producer run/evidence must be located,log-provenance record only,,,unresolved_log_only,not inferred,no_result_root_or_qa_evidence_identified,unresolved,unresolved,unresolved,not_assessed,,experiments/lab_001_xy_connection_20260626/runlog.md:7582,not inferred from log mention,7f5d641e5b296cc97994e9788939e1b14d8dc57613f7677ac21a061cd01db5ba,Only that the ID occurs in an official-state log.,"No execution, QA, or scientific completion implied.",Locate producer run or explicitly archive as historical/log-only.,reverse trace from official log to producer evidence.,historical/unknown,2026-07-31T11:36:30+09:00,experiments/lab_001_xy_connection_20260626/runlog.md,not_assessed
PRM-080,training_feature_selection,Historic official-log work ID; no matching direct result root identified in this cutoff.,unresolved; producer run/evidence must be located,log-provenance record only,,,unresolved_log_only,not inferred,no_result_root_or_qa_evidence_identified,unresolved,unresolved,unresolved,not_assessed,,experiments/lab_001_xy_connection_20260626/runlog.md:7591,not inferred from log mention,7f5d641e5b296cc97994e9788939e1b14d8dc57613f7677ac21a061cd01db5ba,Only that the ID occurs in an official-state log.,"No execution, QA, or scientific completion implied.",Locate producer run or explicitly archive as historical/log-only.,reverse trace from official log to producer evidence.,historical/unknown,2026-07-31T11:36:30+09:00,experiments/lab_001_xy_connection_20260626/runlog.md,not_assessed
PRM-081,training_feature_selection,Historic official-log work ID; no matching direct result root identified in this cutoff.,unresolved; producer run/evidence must be located,log-provenance record only,,,unresolved_log_only,not inferred,no_result_root_or_qa_evidence_identified,unresolved,unresolved,unresolved,not_assessed,,experiments/lab_001_xy_connection_20260626/runlog.md:7603,not inferred from log mention,7f5d641e5b296cc97994e9788939e1b14d8dc57613f7677ac21a061cd01db5ba,Only that the ID occurs in an official-state log.,"No execution, QA, or scientific completion implied.",Locate producer run or explicitly archive as historical/log-only.,reverse trace from official log to producer evidence.,historical/unknown,2026-07-31T11:36:30+09:00,experiments/lab_001_xy_connection_20260626/runlog.md,not_assessed
PRM-082,training_feature_selection,Historic official-log work ID; no matching direct result root identified in this cutoff.,unresolved; producer run/evidence must be located,log-provenance record only,,,unresolved_log_only,not inferred,no_result_root_or_qa_evidence_identified,unresolved,unresolved,unresolved,not_assessed,,experiments/lab_001_xy_connection_20260626/runlog.md:7612,not inferred from log mention,7f5d641e5b296cc97994e9788939e1b14d8dc57613f7677ac21a061cd01db5ba,Only that the ID occurs in an official-state log.,"No execution, QA, or scientific completion implied.",Locate producer run or explicitly archive as historical/log-only.,reverse trace from official log to producer evidence.,historical/unknown,2026-07-31T11:36:30+09:00,experiments/lab_001_xy_connection_20260626/runlog.md,not_assessed
PRM-083,training_feature_selection,Historic official-log work ID; no matching direct result root identified in this cutoff.,unresolved; producer run/evidence must be located,log-provenance record only,,,unresolved_log_only,not inferred,no_result_root_or_qa_evidence_identified,unresolved,unresolved,unresolved,not_assessed,,experiments/lab_001_xy_connection_20260626/runlog.md:7620,not inferred from log mention,7f5d641e5b296cc97994e9788939e1b14d8dc57613f7677ac21a061cd01db5ba,Only that the ID occurs in an official-state log.,"No execution, QA, or scientific completion implied.",Locate producer run or explicitly archive as historical/log-only.,reverse trace from official log to producer evidence.,historical/unknown,2026-07-31T11:36:30+09:00,experiments/lab_001_xy_connection_20260626/runlog.md,not_assessed
PRM-084,training_feature_selection,Historic official-log work ID; no matching direct result root identified in this cutoff.,unresolved; producer run/evidence must be located,log-provenance record only,,,unresolved_log_only,not inferred,no_result_root_or_qa_evidence_identified,unresolved,unresolved,unresolved,not_assessed,,experiments/lab_001_xy_connection_20260626/runlog.md:7633,not inferred from log mention,7f5d641e5b296cc97994e9788939e1b14d8dc57613f7677ac21a061cd01db5ba,Only that the ID occurs in an official-state log.,"No execution, QA, or scientific completion implied.",Locate producer run or explicitly archive as historical/log-only.,reverse trace from official log to producer evidence.,historical/unknown,2026-07-31T11:36:30+09:00,experiments/lab_001_xy_connection_20260626/runlog.md,not_assessed
PRM-085,training_feature_selection,Historic official-log work ID; no matching direct result root identified in this cutoff.,unresolved; producer run/evidence must be located,log-provenance record only,,,unresolved_log_only,not inferred,no_result_root_or_qa_evidence_identified,unresolved,unresolved,unresolved,not_assessed,,experiments/lab_001_xy_connection_20260626/runlog.md:7643,not inferred from log mention,7f5d641e5b296cc97994e9788939e1b14d8dc57613f7677ac21a061cd01db5ba,Only that the ID occurs in an official-state log.,"No execution, QA, or scientific completion implied.",Locate producer run or explicitly archive as historical/log-only.,reverse trace from official log to producer evidence.,historical/unknown,2026-07-31T11:36:30+09:00,experiments/lab_001_xy_connection_20260626/runlog.md,not_assessed
PRM-086,training_feature_selection,Historic official-log work ID; no matching direct result root identified in this cutoff.,unresolved; producer run/evidence must be located,log-provenance record only,,,unresolved_log_only,not inferred,no_result_root_or_qa_evidence_identified,unresolved,unresolved,unresolved,not_assessed,,experiments/lab_001_xy_connection_20260626/runlog.md:7650,not inferred from log mention,7f5d641e5b296cc97994e9788939e1b14d8dc57613f7677ac21a061cd01db5ba,Only that the ID occurs in an official-state log.,"No execution, QA, or scientific completion implied.",Locate producer run or explicitly archive as historical/log-only.,reverse trace from official log to producer evidence.,historical/unknown,2026-07-31T11:36:30+09:00,experiments/lab_001_xy_connection_20260626/runlog.md,not_assessed
PRM-087,training_feature_selection,Historic official-log work ID; no matching direct result root identified in this cutoff.,unresolved; producer run/evidence must be located,log-provenance record only,,,unresolved_log_only,not inferred,no_result_root_or_qa_evidence_identified,unresolved,unresolved,unresolved,not_assessed,,experiments/lab_001_xy_connection_20260626/runlog.md:7661,not inferred from log mention,7f5d641e5b296cc97994e9788939e1b14d8dc57613f7677ac21a061cd01db5ba,Only that the ID occurs in an official-state log.,"No execution, QA, or scientific completion implied.",Locate producer run or explicitly archive as historical/log-only.,reverse trace from official log to producer evidence.,historical/unknown,2026-07-31T11:36:30+09:00,experiments/lab_001_xy_connection_20260626/runlog.md,not_assessed
PRM-088,training_feature_selection,Historic official-log work ID; no matching direct result root identified in this cutoff.,unresolved; producer run/evidence must be located,log-provenance record only,,,unresolved_log_only,not inferred,no_result_root_or_qa_evidence_identified,unresolved,unresolved,unresolved,not_assessed,,experiments/lab_001_xy_connection_20260626/runlog.md:7670,not inferred from log mention,7f5d641e5b296cc97994e9788939e1b14d8dc57613f7677ac21a061cd01db5ba,Only that the ID occurs in an official-state log.,"No execution, QA, or scientific completion implied.",Locate producer run or explicitly archive as historical/log-only.,reverse trace from official log to producer evidence.,historical/unknown,2026-07-31T11:36:30+09:00,experiments/lab_001_xy_connection_20260626/runlog.md,not_assessed
PRM-089,training_feature_selection,Historic official-log work ID; no matching direct result root identified in this cutoff.,unresolved; producer run/evidence must be located,log-provenance record only,,,unresolved_log_only,not inferred,no_result_root_or_qa_evidence_identified,unresolved,unresolved,unresolved,not_assessed,,experiments/lab_001_xy_connection_20260626/runlog.md:7679,not inferred from log mention,7f5d641e5b296cc97994e9788939e1b14d8dc57613f7677ac21a061cd01db5ba,Only that the ID occurs in an official-state log.,"No execution, QA, or scientific completion implied.",Locate producer run or explicitly archive as historical/log-only.,reverse trace from official log to producer evidence.,historical/unknown,2026-07-31T11:36:30+09:00,experiments/lab_001_xy_connection_20260626/runlog.md,not_assessed
PRM-090,training_feature_selection,Historic official-log work ID; no matching direct result root identified in this cutoff.,unresolved; producer run/evidence must be located,log-provenance record only,,,unresolved_log_only,not inferred,no_result_root_or_qa_evidence_identified,unresolved,unresolved,unresolved,not_assessed,,experiments/lab_001_xy_connection_20260626/runlog.md:7685,not inferred from log mention,7f5d641e5b296cc97994e9788939e1b14d8dc57613f7677ac21a061cd01db5ba,Only that the ID occurs in an official-state log.,"No execution, QA, or scientific completion implied.",Locate producer run or explicitly archive as historical/log-only.,reverse trace from official log to producer evidence.,historical/unknown,2026-07-31T11:36:30+09:00,experiments/lab_001_xy_connection_20260626/runlog.md,not_assessed
PRM-091,training_feature_selection,Historic official-log work ID; no matching direct result root identified in this cutoff.,unresolved; producer run/evidence must be located,log-provenance record only,,,unresolved_log_only,not inferred,no_result_root_or_qa_evidence_identified,unresolved,unresolved,unresolved,not_assessed,,experiments/lab_001_xy_connection_20260626/runlog.md:7696,not inferred from log mention,7f5d641e5b296cc97994e9788939e1b14d8dc57613f7677ac21a061cd01db5ba,Only that the ID occurs in an official-state log.,"No execution, QA, or scientific completion implied.",Locate producer run or explicitly archive as historical/log-only.,reverse trace from official log to producer evidence.,historical/unknown,2026-07-31T11:36:30+09:00,experiments/lab_001_xy_connection_20260626/runlog.md,not_assessed
PRM-092,training_feature_selection,Historic official-log work ID; no matching direct result root identified in this cutoff.,unresolved; producer run/evidence must be located,log-provenance record only,,,unresolved_log_only,not inferred,no_result_root_or_qa_evidence_identified,unresolved,unresolved,unresolved,not_assessed,,experiments/lab_001_xy_connection_20260626/runlog.md:7704,not inferred from log mention,7f5d641e5b296cc97994e9788939e1b14d8dc57613f7677ac21a061cd01db5ba,Only that the ID occurs in an official-state log.,"No execution, QA, or scientific completion implied.",Locate producer run or explicitly archive as historical/log-only.,reverse trace from official log to producer evidence.,historical/unknown,2026-07-31T11:36:30+09:00,experiments/lab_001_xy_connection_20260626/runlog.md,not_assessed
PRM-093,training_feature_selection,Historic official-log work ID; no matching direct result root identified in this cutoff.,unresolved; producer run/evidence must be located,log-provenance record only,,,unresolved_log_only,not inferred,no_result_root_or_qa_evidence_identified,unresolved,unresolved,unresolved,not_assessed,,experiments/lab_001_xy_connection_20260626/runlog.md:7712,not inferred from log mention,7f5d641e5b296cc97994e9788939e1b14d8dc57613f7677ac21a061cd01db5ba,Only that the ID occurs in an official-state log.,"No execution, QA, or scientific completion implied.",Locate producer run or explicitly archive as historical/log-only.,reverse trace from official log to producer evidence.,historical/unknown,2026-07-31T11:36:30+09:00,experiments/lab_001_xy_connection_20260626/runlog.md,not_assessed
PRM-094,training_feature_selection,Historic official-log work ID; no matching direct result root identified in this cutoff.,unresolved; producer run/evidence must be located,log-provenance record only,,,unresolved_log_only,not inferred,no_result_root_or_qa_evidence_identified,unresolved,unresolved,unresolved,not_assessed,,experiments/lab_001_xy_connection_20260626/runlog.md:7723,not inferred from log mention,7f5d641e5b296cc97994e9788939e1b14d8dc57613f7677ac21a061cd01db5ba,Only that the ID occurs in an official-state log.,"No execution, QA, or scientific completion implied.",Locate producer run or explicitly archive as historical/log-only.,reverse trace from official log to producer evidence.,historical/unknown,2026-07-31T11:36:30+09:00,experiments/lab_001_xy_connection_20260626/runlog.md,not_assessed
PRM-095,training_feature_selection,Historic official-log work ID; no matching direct result root identified in this cutoff.,unresolved; producer run/evidence must be located,log-provenance record only,,,unresolved_log_only,not inferred,no_result_root_or_qa_evidence_identified,unresolved,unresolved,unresolved,not_assessed,,experiments/lab_001_xy_connection_20260626/runlog.md:7733,not inferred from log mention,7f5d641e5b296cc97994e9788939e1b14d8dc57613f7677ac21a061cd01db5ba,Only that the ID occurs in an official-state log.,"No execution, QA, or scientific completion implied.",Locate producer run or explicitly archive as historical/log-only.,reverse trace from official log to producer evidence.,historical/unknown,2026-07-31T11:36:30+09:00,experiments/lab_001_xy_connection_20260626/runlog.md,not_assessed
PRM-096,training_feature_selection,Historic official-log work ID; no matching direct result root identified in this cutoff.,unresolved; producer run/evidence must be located,log-provenance record only,,,unresolved_log_only,not inferred,no_result_root_or_qa_evidence_identified,unresolved,unresolved,unresolved,not_assessed,,experiments/lab_001_xy_connection_20260626/runlog.md:7745,not inferred from log mention,7f5d641e5b296cc97994e9788939e1b14d8dc57613f7677ac21a061cd01db5ba,Only that the ID occurs in an official-state log.,"No execution, QA, or scientific completion implied.",Locate producer run or explicitly archive as historical/log-only.,reverse trace from official log to producer evidence.,historical/unknown,2026-07-31T11:36:30+09:00,experiments/lab_001_xy_connection_20260626/runlog.md,not_assessed
PRM-097,training_feature_selection,Historic official-log work ID; no matching direct result root identified in this cutoff.,unresolved; producer run/evidence must be located,log-provenance record only,,,unresolved_log_only,not inferred,no_result_root_or_qa_evidence_identified,unresolved,unresolved,unresolved,not_assessed,,experiments/lab_001_xy_connection_20260626/runlog.md:7757,not inferred from log mention,7f5d641e5b296cc97994e9788939e1b14d8dc57613f7677ac21a061cd01db5ba,Only that the ID occurs in an official-state log.,"No execution, QA, or scientific completion implied.",Locate producer run or explicitly archive as historical/log-only.,reverse trace from official log to producer evidence.,historical/unknown,2026-07-31T11:36:30+09:00,experiments/lab_001_xy_connection_20260626/runlog.md,not_assessed
PRM-098,training_feature_selection,Historic official-log work ID; no matching direct result root identified in this cutoff.,unresolved; producer run/evidence must be located,log-provenance record only,,,unresolved_log_only,not inferred,no_result_root_or_qa_evidence_identified,unresolved,unresolved,unresolved,not_assessed,,experiments/lab_001_xy_connection_20260626/runlog.md:7767,not inferred from log mention,7f5d641e5b296cc97994e9788939e1b14d8dc57613f7677ac21a061cd01db5ba,Only that the ID occurs in an official-state log.,"No execution, QA, or scientific completion implied.",Locate producer run or explicitly archive as historical/log-only.,reverse trace from official log to producer evidence.,historical/unknown,2026-07-31T11:36:30+09:00,experiments/lab_001_xy_connection_20260626/runlog.md,not_assessed
PRM-099,training_feature_selection,Historic official-log work ID; no matching direct result root identified in this cutoff.,unresolved; producer run/evidence must be located,log-provenance record only,,,unresolved_log_only,not inferred,no_result_root_or_qa_evidence_identified,unresolved,unresolved,unresolved,not_assessed,,experiments/lab_001_xy_connection_20260626/runlog.md:7779,not inferred from log mention,7f5d641e5b296cc97994e9788939e1b14d8dc57613f7677ac21a061cd01db5ba,Only that the ID occurs in an official-state log.,"No execution, QA, or scientific completion implied.",Locate producer run or explicitly archive as historical/log-only.,reverse trace from official log to producer evidence.,historical/unknown,2026-07-31T11:36:30+09:00,experiments/lab_001_xy_connection_20260626/runlog.md,not_assessed
PRM-100,training_feature_selection,Historic official-log work ID; no matching direct result root identified in this cutoff.,unresolved; producer run/evidence must be located,log-provenance record only,,,unresolved_log_only,not inferred,no_result_root_or_qa_evidence_identified,unresolved,unresolved,unresolved,not_assessed,,experiments/lab_001_xy_connection_20260626/runlog.md:7790,not inferred from log mention,7f5d641e5b296cc97994e9788939e1b14d8dc57613f7677ac21a061cd01db5ba,Only that the ID occurs in an official-state log.,"No execution, QA, or scientific completion implied.",Locate producer run or explicitly archive as historical/log-only.,reverse trace from official log to producer evidence.,historical/unknown,2026-07-31T11:36:30+09:00,experiments/lab_001_xy_connection_20260626/runlog.md,not_assessed
PRM-101,training_feature_selection,Historic official-log work ID; no matching direct result root identified in this cutoff.,unresolved; producer run/evidence must be located,log-provenance record only,,,unresolved_log_only,not inferred,no_result_root_or_qa_evidence_identified,unresolved,unresolved,unresolved,not_assessed,,experiments/lab_001_xy_connection_20260626/runlog.md:7801,not inferred from log mention,7f5d641e5b296cc97994e9788939e1b14d8dc57613f7677ac21a061cd01db5ba,Only that the ID occurs in an official-state log.,"No execution, QA, or scientific completion implied.",Locate producer run or explicitly archive as historical/log-only.,reverse trace from official log to producer evidence.,historical/unknown,2026-07-31T11:36:30+09:00,experiments/lab_001_xy_connection_20260626/runlog.md,not_assessed
PRM-102,training_feature_selection,Historic official-log work ID; no matching direct result root identified in this cutoff.,unresolved; producer run/evidence must be located,log-provenance record only,,,unresolved_log_only,not inferred,no_result_root_or_qa_evidence_identified,unresolved,unresolved,unresolved,not_assessed,,experiments/lab_001_xy_connection_20260626/runlog.md:7809,not inferred from log mention,7f5d641e5b296cc97994e9788939e1b14d8dc57613f7677ac21a061cd01db5ba,Only that the ID occurs in an official-state log.,"No execution, QA, or scientific completion implied.",Locate producer run or explicitly archive as historical/log-only.,reverse trace from official log to producer evidence.,historical/unknown,2026-07-31T11:36:30+09:00,experiments/lab_001_xy_connection_20260626/runlog.md,not_assessed
PRM-103,training_feature_selection,Historic official-log work ID; no matching direct result root identified in this cutoff.,unresolved; producer run/evidence must be located,log-provenance record only,,,unresolved_log_only,not inferred,no_result_root_or_qa_evidence_identified,unresolved,unresolved,unresolved,not_assessed,,experiments/lab_001_xy_connection_20260626/runlog.md:7819,not inferred from log mention,7f5d641e5b296cc97994e9788939e1b14d8dc57613f7677ac21a061cd01db5ba,Only that the ID occurs in an official-state log.,"No execution, QA, or scientific completion implied.",Locate producer run or explicitly archive as historical/log-only.,reverse trace from official log to producer evidence.,historical/unknown,2026-07-31T11:36:30+09:00,experiments/lab_001_xy_connection_20260626/runlog.md,not_assessed
PRM-104,training_feature_selection,Historic official-log work ID; no matching direct result root identified in this cutoff.,unresolved; producer run/evidence must be located,log-provenance record only,,,unresolved_log_only,not inferred,no_result_root_or_qa_evidence_identified,unresolved,unresolved,unresolved,not_assessed,,experiments/lab_001_xy_connection_20260626/runlog.md:7827,not inferred from log mention,7f5d641e5b296cc97994e9788939e1b14d8dc57613f7677ac21a061cd01db5ba,Only that the ID occurs in an official-state log.,"No execution, QA, or scientific completion implied.",Locate producer run or explicitly archive as historical/log-only.,reverse trace from official log to producer evidence.,historical/unknown,2026-07-31T11:36:30+09:00,experiments/lab_001_xy_connection_20260626/runlog.md,not_assessed
PRM-105,training_feature_selection,Historic official-log work ID; no matching direct result root identified in this cutoff.,unresolved; producer run/evidence must be located,log-provenance record only,,,unresolved_log_only,not inferred,no_result_root_or_qa_evidence_identified,unresolved,unresolved,unresolved,not_assessed,,experiments/lab_001_xy_connection_20260626/runlog.md:7834,not inferred from log mention,7f5d641e5b296cc97994e9788939e1b14d8dc57613f7677ac21a061cd01db5ba,Only that the ID occurs in an official-state log.,"No execution, QA, or scientific completion implied.",Locate producer run or explicitly archive as historical/log-only.,reverse trace from official log to producer evidence.,historical/unknown,2026-07-31T11:36:30+09:00,experiments/lab_001_xy_connection_20260626/runlog.md,not_assessed
PRM-106,training_feature_selection,Historic official-log work ID; no matching direct result root identified in this cutoff.,unresolved; producer run/evidence must be located,log-provenance record only,,,unresolved_log_only,not inferred,no_result_root_or_qa_evidence_identified,unresolved,unresolved,unresolved,not_assessed,,experiments/lab_001_xy_connection_20260626/runlog.md:7845,not inferred from log mention,7f5d641e5b296cc97994e9788939e1b14d8dc57613f7677ac21a061cd01db5ba,Only that the ID occurs in an official-state log.,"No execution, QA, or scientific completion implied.",Locate producer run or explicitly archive as historical/log-only.,reverse trace from official log to producer evidence.,historical/unknown,2026-07-31T11:36:30+09:00,experiments/lab_001_xy_connection_20260626/runlog.md,not_assessed
PRM-107,training_feature_selection,Historic official-log work ID; no matching direct result root identified in this cutoff.,unresolved; producer run/evidence must be located,log-provenance record only,,,unresolved_log_only,not inferred,no_result_root_or_qa_evidence_identified,unresolved,unresolved,unresolved,not_assessed,,experiments/lab_001_xy_connection_20260626/runlog.md:7851,not inferred from log mention,7f5d641e5b296cc97994e9788939e1b14d8dc57613f7677ac21a061cd01db5ba,Only that the ID occurs in an official-state log.,"No execution, QA, or scientific completion implied.",Locate producer run or explicitly archive as historical/log-only.,reverse trace from official log to producer evidence.,historical/unknown,2026-07-31T11:36:30+09:00,experiments/lab_001_xy_connection_20260626/runlog.md,not_assessed
PRM-108,training_feature_selection,Historic official-log work ID; no matching direct result root identified in this cutoff.,unresolved; producer run/evidence must be located,log-provenance record only,,,unresolved_log_only,not inferred,no_result_root_or_qa_evidence_identified,unresolved,unresolved,unresolved,not_assessed,,experiments/lab_001_xy_connection_20260626/runlog.md:7859,not inferred from log mention,7f5d641e5b296cc97994e9788939e1b14d8dc57613f7677ac21a061cd01db5ba,Only that the ID occurs in an official-state log.,"No execution, QA, or scientific completion implied.",Locate producer run or explicitly archive as historical/log-only.,reverse trace from official log to producer evidence.,historical/unknown,2026-07-31T11:36:30+09:00,experiments/lab_001_xy_connection_20260626/runlog.md,not_assessed
PRM-109,training_feature_selection,Historic official-log work ID; no matching direct result root identified in this cutoff.,unresolved; producer run/evidence must be located,log-provenance record only,,,unresolved_log_only,not inferred,no_result_root_or_qa_evidence_identified,unresolved,unresolved,unresolved,not_assessed,,experiments/lab_001_xy_connection_20260626/runlog.md:7870,not inferred from log mention,7f5d641e5b296cc97994e9788939e1b14d8dc57613f7677ac21a061cd01db5ba,Only that the ID occurs in an official-state log.,"No execution, QA, or scientific completion implied.",Locate producer run or explicitly archive as historical/log-only.,reverse trace from official log to producer evidence.,historical/unknown,2026-07-31T11:36:30+09:00,experiments/lab_001_xy_connection_20260626/runlog.md,not_assessed
PRM-110,training_feature_selection,Historic official-log work ID; no matching direct result root identified in this cutoff.,unresolved; producer run/evidence must be located,log-provenance record only,,,unresolved_log_only,not inferred,no_result_root_or_qa_evidence_identified,unresolved,unresolved,unresolved,not_assessed,,experiments/lab_001_xy_connection_20260626/runlog.md:7880,not inferred from log mention,7f5d641e5b296cc97994e9788939e1b14d8dc57613f7677ac21a061cd01db5ba,Only that the ID occurs in an official-state log.,"No execution, QA, or scientific completion implied.",Locate producer run or explicitly archive as historical/log-only.,reverse trace from official log to producer evidence.,historical/unknown,2026-07-31T11:36:30+09:00,experiments/lab_001_xy_connection_20260626/runlog.md,not_assessed
PRM-111,training_feature_selection,Historic official-log work ID; no matching direct result root identified in this cutoff.,unresolved; producer run/evidence must be located,log-provenance record only,,,unresolved_log_only,not inferred,no_result_root_or_qa_evidence_identified,unresolved,unresolved,unresolved,not_assessed,,experiments/lab_001_xy_connection_20260626/runlog.md:7891,not inferred from log mention,7f5d641e5b296cc97994e9788939e1b14d8dc57613f7677ac21a061cd01db5ba,Only that the ID occurs in an official-state log.,"No execution, QA, or scientific completion implied.",Locate producer run or explicitly archive as historical/log-only.,reverse trace from official log to producer evidence.,historical/unknown,2026-07-31T11:36:30+09:00,experiments/lab_001_xy_connection_20260626/runlog.md,not_assessed
PRM-112,training_feature_selection,Historic official-log work ID; no matching direct result root identified in this cutoff.,unresolved; producer run/evidence must be located,log-provenance record only,,,unresolved_log_only,not inferred,no_result_root_or_qa_evidence_identified,unresolved,unresolved,unresolved,not_assessed,,experiments/lab_001_xy_connection_20260626/runlog.md:7900,not inferred from log mention,7f5d641e5b296cc97994e9788939e1b14d8dc57613f7677ac21a061cd01db5ba,Only that the ID occurs in an official-state log.,"No execution, QA, or scientific completion implied.",Locate producer run or explicitly archive as historical/log-only.,reverse trace from official log to producer evidence.,historical/unknown,2026-07-31T11:36:30+09:00,experiments/lab_001_xy_connection_20260626/runlog.md,not_assessed
PRM-113,training_feature_selection,Historic official-log work ID; no matching direct result root identified in this cutoff.,unresolved; producer run/evidence must be located,log-provenance record only,,,unresolved_log_only,not inferred,no_result_root_or_qa_evidence_identified,unresolved,unresolved,unresolved,not_assessed,,experiments/lab_001_xy_connection_20260626/runlog.md:7908,not inferred from log mention,7f5d641e5b296cc97994e9788939e1b14d8dc57613f7677ac21a061cd01db5ba,Only that the ID occurs in an official-state log.,"No execution, QA, or scientific completion implied.",Locate producer run or explicitly archive as historical/log-only.,reverse trace from official log to producer evidence.,historical/unknown,2026-07-31T11:36:30+09:00,experiments/lab_001_xy_connection_20260626/runlog.md,not_assessed
PRM-114,training_feature_selection,Historic official-log work ID; no matching direct result root identified in this cutoff.,unresolved; producer run/evidence must be located,log-provenance record only,,,unresolved_log_only,not inferred,no_result_root_or_qa_evidence_identified,unresolved,unresolved,unresolved,not_assessed,,experiments/lab_001_xy_connection_20260626/runlog.md:7919,not inferred from log mention,7f5d641e5b296cc97994e9788939e1b14d8dc57613f7677ac21a061cd01db5ba,Only that the ID occurs in an official-state log.,"No execution, QA, or scientific completion implied.",Locate producer run or explicitly archive as historical/log-only.,reverse trace from official log to producer evidence.,historical/unknown,2026-07-31T11:36:30+09:00,experiments/lab_001_xy_connection_20260626/runlog.md,not_assessed
PRM-115,training_feature_selection,Historic official-log work ID; no matching direct result root identified in this cutoff.,unresolved; producer run/evidence must be located,log-provenance record only,,,unresolved_log_only,not inferred,no_result_root_or_qa_evidence_identified,unresolved,unresolved,unresolved,not_assessed,,experiments/lab_001_xy_connection_20260626/runlog.md:7925,not inferred from log mention,7f5d641e5b296cc97994e9788939e1b14d8dc57613f7677ac21a061cd01db5ba,Only that the ID occurs in an official-state log.,"No execution, QA, or scientific completion implied.",Locate producer run or explicitly archive as historical/log-only.,reverse trace from official log to producer evidence.,historical/unknown,2026-07-31T11:36:30+09:00,experiments/lab_001_xy_connection_20260626/runlog.md,not_assessed
PRM-116,training_feature_selection,Historic official-log work ID; no matching direct result root identified in this cutoff.,unresolved; producer run/evidence must be located,log-provenance record only,,,unresolved_log_only,not inferred,no_result_root_or_qa_evidence_identified,unresolved,unresolved,unresolved,not_assessed,,experiments/lab_001_xy_connection_20260626/runlog.md:7935,not inferred from log mention,7f5d641e5b296cc97994e9788939e1b14d8dc57613f7677ac21a061cd01db5ba,Only that the ID occurs in an official-state log.,"No execution, QA, or scientific completion implied.",Locate producer run or explicitly archive as historical/log-only.,reverse trace from official log to producer evidence.,historical/unknown,2026-07-31T11:36:30+09:00,experiments/lab_001_xy_connection_20260626/runlog.md,not_assessed
PRM-117,training_feature_selection,Historic official-log work ID; no matching direct result root identified in this cutoff.,unresolved; producer run/evidence must be located,log-provenance record only,,,unresolved_log_only,not inferred,no_result_root_or_qa_evidence_identified,unresolved,unresolved,unresolved,not_assessed,,experiments/lab_001_xy_connection_20260626/runlog.md:7941,not inferred from log mention,7f5d641e5b296cc97994e9788939e1b14d8dc57613f7677ac21a061cd01db5ba,Only that the ID occurs in an official-state log.,"No execution, QA, or scientific completion implied.",Locate producer run or explicitly archive as historical/log-only.,reverse trace from official log to producer evidence.,historical/unknown,2026-07-31T11:36:30+09:00,experiments/lab_001_xy_connection_20260626/runlog.md,not_assessed
PRM-118,training_feature_selection,Historic official-log work ID; no matching direct result root identified in this cutoff.,unresolved; producer run/evidence must be located,log-provenance record only,,,unresolved_log_only,not inferred,no_result_root_or_qa_evidence_identified,unresolved,unresolved,unresolved,not_assessed,,experiments/lab_001_xy_connection_20260626/runlog.md:7950,not inferred from log mention,7f5d641e5b296cc97994e9788939e1b14d8dc57613f7677ac21a061cd01db5ba,Only that the ID occurs in an official-state log.,"No execution, QA, or scientific completion implied.",Locate producer run or explicitly archive as historical/log-only.,reverse trace from official log to producer evidence.,historical/unknown,2026-07-31T11:36:30+09:00,experiments/lab_001_xy_connection_20260626/runlog.md,not_assessed
PRM-119,training_feature_selection,Historic official-log work ID; no matching direct result root identified in this cutoff.,unresolved; producer run/evidence must be located,log-provenance record only,,,unresolved_log_only,not inferred,no_result_root_or_qa_evidence_identified,unresolved,unresolved,unresolved,not_assessed,,experiments/lab_001_xy_connection_20260626/runlog.md:7956,not inferred from log mention,7f5d641e5b296cc97994e9788939e1b14d8dc57613f7677ac21a061cd01db5ba,Only that the ID occurs in an official-state log.,"No execution, QA, or scientific completion implied.",Locate producer run or explicitly archive as historical/log-only.,reverse trace from official log to producer evidence.,historical/unknown,2026-07-31T11:36:30+09:00,experiments/lab_001_xy_connection_20260626/runlog.md,not_assessed
PRM-120,training_feature_selection,Historic official-log work ID; no matching direct result root identified in this cutoff.,unresolved; producer run/evidence must be located,log-provenance record only,,,unresolved_log_only,not inferred,no_result_root_or_qa_evidence_identified,unresolved,unresolved,unresolved,not_assessed,,experiments/lab_001_xy_connection_20260626/runlog.md:7966,not inferred from log mention,7f5d641e5b296cc97994e9788939e1b14d8dc57613f7677ac21a061cd01db5ba,Only that the ID occurs in an official-state log.,"No execution, QA, or scientific completion implied.",Locate producer run or explicitly archive as historical/log-only.,reverse trace from official log to producer evidence.,historical/unknown,2026-07-31T11:36:30+09:00,experiments/lab_001_xy_connection_20260626/runlog.md,not_assessed
PRM-121,training_feature_selection,Historic official-log work ID; no matching direct result root identified in this cutoff.,unresolved; producer run/evidence must be located,log-provenance record only,,,unresolved_log_only,not inferred,no_result_root_or_qa_evidence_identified,unresolved,unresolved,unresolved,not_assessed,,experiments/lab_001_xy_connection_20260626/runlog.md:7972,not inferred from log mention,7f5d641e5b296cc97994e9788939e1b14d8dc57613f7677ac21a061cd01db5ba,Only that the ID occurs in an official-state log.,"No execution, QA, or scientific completion implied.",Locate producer run or explicitly archive as historical/log-only.,reverse trace from official log to producer evidence.,historical/unknown,2026-07-31T11:36:30+09:00,experiments/lab_001_xy_connection_20260626/runlog.md,not_assessed
PRM-122,training_feature_selection,Historic official-log work ID; no matching direct result root identified in this cutoff.,unresolved; producer run/evidence must be located,log-provenance record only,,,unresolved_log_only,not inferred,no_result_root_or_qa_evidence_identified,unresolved,unresolved,unresolved,not_assessed,,experiments/lab_001_xy_connection_20260626/runlog.md:7982,not inferred from log mention,7f5d641e5b296cc97994e9788939e1b14d8dc57613f7677ac21a061cd01db5ba,Only that the ID occurs in an official-state log.,"No execution, QA, or scientific completion implied.",Locate producer run or explicitly archive as historical/log-only.,reverse trace from official log to producer evidence.,historical/unknown,2026-07-31T11:36:30+09:00,experiments/lab_001_xy_connection_20260626/runlog.md,not_assessed
PRM-123,training_feature_selection,Historic official-log work ID; no matching direct result root identified in this cutoff.,unresolved; producer run/evidence must be located,log-provenance record only,,,unresolved_log_only,not inferred,no_result_root_or_qa_evidence_identified,unresolved,unresolved,unresolved,not_assessed,,experiments/lab_001_xy_connection_20260626/runlog.md:7989,not inferred from log mention,7f5d641e5b296cc97994e9788939e1b14d8dc57613f7677ac21a061cd01db5ba,Only that the ID occurs in an official-state log.,"No execution, QA, or scientific completion implied.",Locate producer run or explicitly archive as historical/log-only.,reverse trace from official log to producer evidence.,historical/unknown,2026-07-31T11:36:30+09:00,experiments/lab_001_xy_connection_20260626/runlog.md,not_assessed
PRM-124,training_feature_selection,Historic official-log work ID; no matching direct result root identified in this cutoff.,unresolved; producer run/evidence must be located,log-provenance record only,,,unresolved_log_only,not inferred,no_result_root_or_qa_evidence_identified,unresolved,unresolved,unresolved,not_assessed,,experiments/lab_001_xy_connection_20260626/runlog.md:7994,not inferred from log mention,7f5d641e5b296cc97994e9788939e1b14d8dc57613f7677ac21a061cd01db5ba,Only that the ID occurs in an official-state log.,"No execution, QA, or scientific completion implied.",Locate producer run or explicitly archive as historical/log-only.,reverse trace from official log to producer evidence.,historical/unknown,2026-07-31T11:36:30+09:00,experiments/lab_001_xy_connection_20260626/runlog.md,not_assessed
PRM-125,training_feature_selection,Historic official-log work ID; no matching direct result root identified in this cutoff.,unresolved; producer run/evidence must be located,log-provenance record only,,,unresolved_log_only,not inferred,no_result_root_or_qa_evidence_identified,unresolved,unresolved,unresolved,not_assessed,,experiments/lab_001_xy_connection_20260626/runlog.md:8001,not inferred from log mention,7f5d641e5b296cc97994e9788939e1b14d8dc57613f7677ac21a061cd01db5ba,Only that the ID occurs in an official-state log.,"No execution, QA, or scientific completion implied.",Locate producer run or explicitly archive as historical/log-only.,reverse trace from official log to producer evidence.,historical/unknown,2026-07-31T11:36:30+09:00,experiments/lab_001_xy_connection_20260626/runlog.md,not_assessed
PRM-126,training_feature_selection,Historic official-log work ID; no matching direct result root identified in this cutoff.,unresolved; producer run/evidence must be located,log-provenance record only,,,unresolved_log_only,not inferred,no_result_root_or_qa_evidence_identified,unresolved,unresolved,unresolved,not_assessed,,experiments/lab_001_xy_connection_20260626/runlog.md:8007,not inferred from log mention,7f5d641e5b296cc97994e9788939e1b14d8dc57613f7677ac21a061cd01db5ba,Only that the ID occurs in an official-state log.,"No execution, QA, or scientific completion implied.",Locate producer run or explicitly archive as historical/log-only.,reverse trace from official log to producer evidence.,historical/unknown,2026-07-31T11:36:30+09:00,experiments/lab_001_xy_connection_20260626/runlog.md,not_assessed
PRM-127,training_feature_selection,Historic official-log work ID; no matching direct result root identified in this cutoff.,unresolved; producer run/evidence must be located,log-provenance record only,,,unresolved_log_only,not inferred,no_result_root_or_qa_evidence_identified,unresolved,unresolved,unresolved,not_assessed,,experiments/lab_001_xy_connection_20260626/runlog.md:8014,not inferred from log mention,7f5d641e5b296cc97994e9788939e1b14d8dc57613f7677ac21a061cd01db5ba,Only that the ID occurs in an official-state log.,"No execution, QA, or scientific completion implied.",Locate producer run or explicitly archive as historical/log-only.,reverse trace from official log to producer evidence.,historical/unknown,2026-07-31T11:36:30+09:00,experiments/lab_001_xy_connection_20260626/runlog.md,not_assessed
PRM-128,training_feature_selection,Historic official-log work ID; no matching direct result root identified in this cutoff.,unresolved; producer run/evidence must be located,log-provenance record only,,,unresolved_log_only,not inferred,no_result_root_or_qa_evidence_identified,unresolved,unresolved,unresolved,not_assessed,,AI_START_HERE.md:6129,not inferred from log mention,53ccc7bd56ab05cc78c512506904061f2486a31c808aea8dd59437bb0a983343,Only that the ID occurs in an official-state log.,"No execution, QA, or scientific completion implied.",Locate producer run or explicitly archive as historical/log-only.,reverse trace from official log to producer evidence.,historical/unknown,2026-07-31T11:36:30+09:00,AI_START_HERE.md,not_assessed
PRM-129,training_feature_selection,Historic official-log work ID; no matching direct result root identified in this cutoff.,unresolved; producer run/evidence must be located,log-provenance record only,,,unresolved_log_only,not inferred,no_result_root_or_qa_evidence_identified,unresolved,unresolved,unresolved,not_assessed,,AI_START_HERE.md:6135,not inferred from log mention,53ccc7bd56ab05cc78c512506904061f2486a31c808aea8dd59437bb0a983343,Only that the ID occurs in an official-state log.,"No execution, QA, or scientific completion implied.",Locate producer run or explicitly archive as historical/log-only.,reverse trace from official log to producer evidence.,historical/unknown,2026-07-31T11:36:30+09:00,AI_START_HERE.md,not_assessed
PRM-130,training_feature_selection,Historic official-log work ID; no matching direct result root identified in this cutoff.,unresolved; producer run/evidence must be located,log-provenance record only,,,unresolved_log_only,not inferred,no_result_root_or_qa_evidence_identified,unresolved,unresolved,unresolved,not_assessed,,AI_START_HERE.md:6140,not inferred from log mention,53ccc7bd56ab05cc78c512506904061f2486a31c808aea8dd59437bb0a983343,Only that the ID occurs in an official-state log.,"No execution, QA, or scientific completion implied.",Locate producer run or explicitly archive as historical/log-only.,reverse trace from official log to producer evidence.,historical/unknown,2026-07-31T11:36:30+09:00,AI_START_HERE.md,not_assessed
PRM-131,training_feature_selection,Historic official-log work ID; no matching direct result root identified in this cutoff.,unresolved; producer run/evidence must be located,log-provenance record only,,,unresolved_log_only,not inferred,no_result_root_or_qa_evidence_identified,unresolved,unresolved,unresolved,not_assessed,,experiments/lab_001_xy_connection_20260626/runlog.md:8019,not inferred from log mention,7f5d641e5b296cc97994e9788939e1b14d8dc57613f7677ac21a061cd01db5ba,Only that the ID occurs in an official-state log.,"No execution, QA, or scientific completion implied.",Locate producer run or explicitly archive as historical/log-only.,reverse trace from official log to producer evidence.,historical/unknown,2026-07-31T11:36:30+09:00,experiments/lab_001_xy_connection_20260626/runlog.md,not_assessed
PRM-138,training_feature_selection,Historic official-log work ID; no matching direct result root identified in this cutoff.,unresolved; producer run/evidence must be located,log-provenance record only,,,unresolved_log_only,not inferred,no_result_root_or_qa_evidence_identified,unresolved,unresolved,unresolved,not_assessed,,experiments/lab_001_xy_connection_20260626/runlog.md:8025,not inferred from log mention,7f5d641e5b296cc97994e9788939e1b14d8dc57613f7677ac21a061cd01db5ba,Only that the ID occurs in an official-state log.,"No execution, QA, or scientific completion implied.",Locate producer run or explicitly archive as historical/log-only.,reverse trace from official log to producer evidence.,historical/unknown,2026-07-31T11:36:30+09:00,experiments/lab_001_xy_connection_20260626/runlog.md,not_assessed
PRM-144,training_feature_selection,Historic official-log work ID; no matching direct result root identified in this cutoff.,unresolved; producer run/evidence must be located,log-provenance record only,,,unresolved_log_only,not inferred,no_result_root_or_qa_evidence_identified,unresolved,unresolved,unresolved,not_assessed,,experiments/lab_001_xy_connection_20260626/runlog.md:8030,not inferred from log mention,7f5d641e5b296cc97994e9788939e1b14d8dc57613f7677ac21a061cd01db5ba,Only that the ID occurs in an official-state log.,"No execution, QA, or scientific completion implied.",Locate producer run or explicitly archive as historical/log-only.,reverse trace from official log to producer evidence.,historical/unknown,2026-07-31T11:36:30+09:00,experiments/lab_001_xy_connection_20260626/runlog.md,not_assessed
R09-010,training_feature_selection,Historic official-log work ID; no matching direct result root identified in this cutoff.,unresolved; producer run/evidence must be located,log-provenance record only,,,unresolved_log_only,not inferred,no_result_root_or_qa_evidence_identified,unresolved,unresolved,unresolved,not_assessed,,outputs/URP4-1_ROADMAP_LOG.md:2502,not inferred from log mention,bd3c4fb6da9e2e13aae70329b6279201395209e11da9a1543f1a5cd73bb90f47,Only that the ID occurs in an official-state log.,"No execution, QA, or scientific completion implied.",Locate producer run or explicitly archive as historical/log-only.,reverse trace from official log to producer evidence.,historical/unknown,2026-07-31T11:36:30+09:00,outputs/URP4-1_ROADMAP_LOG.md,not_assessed
R09-011,training_feature_selection,Historic official-log work ID; no matching direct result root identified in this cutoff.,unresolved; producer run/evidence must be located,log-provenance record only,,,unresolved_log_only,not inferred,no_result_root_or_qa_evidence_identified,unresolved,unresolved,unresolved,not_assessed,,outputs/URP4-1_ROADMAP_LOG.md:2562,not inferred from log mention,bd3c4fb6da9e2e13aae70329b6279201395209e11da9a1543f1a5cd73bb90f47,Only that the ID occurs in an official-state log.,"No execution, QA, or scientific completion implied.",Locate producer run or explicitly archive as historical/log-only.,reverse trace from official log to producer evidence.,historical/unknown,2026-07-31T11:36:30+09:00,outputs/URP4-1_ROADMAP_LOG.md,not_assessed
R09-015B,training_feature_selection,Historic official-log work ID; no matching direct result root identified in this cutoff.,unresolved; producer run/evidence must be located,log-provenance record only,,,unresolved_log_only,not inferred,no_result_root_or_qa_evidence_identified,unresolved,unresolved,unresolved,not_assessed,,experiments/lab_001_xy_connection_20260626/runlog.md:2562,not inferred from log mention,7f5d641e5b296cc97994e9788939e1b14d8dc57613f7677ac21a061cd01db5ba,Only that the ID occurs in an official-state log.,"No execution, QA, or scientific completion implied.",Locate producer run or explicitly archive as historical/log-only.,reverse trace from official log to producer evidence.,historical/unknown,2026-07-31T11:36:30+09:00,experiments/lab_001_xy_connection_20260626/runlog.md,not_assessed
R09-017,training_feature_selection,Historic official-log work ID; no matching direct result root identified in this cutoff.,unresolved; producer run/evidence must be located,log-provenance record only,,,unresolved_log_only,not inferred,no_result_root_or_qa_evidence_identified,unresolved,unresolved,unresolved,not_assessed,,experiments/lab_001_xy_connection_20260626/runlog.md:5853,not inferred from log mention,7f5d641e5b296cc97994e9788939e1b14d8dc57613f7677ac21a061cd01db5ba,Only that the ID occurs in an official-state log.,"No execution, QA, or scientific completion implied.",Locate producer run or explicitly archive as historical/log-only.,reverse trace from official log to producer evidence.,historical/unknown,2026-07-31T11:36:30+09:00,experiments/lab_001_xy_connection_20260626/runlog.md,not_assessed
R09-018A,training_feature_selection,Historic official-log work ID; no matching direct result root identified in this cutoff.,unresolved; producer run/evidence must be located,log-provenance record only,,,unresolved_log_only,not inferred,no_result_root_or_qa_evidence_identified,unresolved,unresolved,unresolved,not_assessed,,experiments/lab_001_xy_connection_20260626/runlog.md:2892,not inferred from log mention,7f5d641e5b296cc97994e9788939e1b14d8dc57613f7677ac21a061cd01db5ba,Only that the ID occurs in an official-state log.,"No execution, QA, or scientific completion implied.",Locate producer run or explicitly archive as historical/log-only.,reverse trace from official log to producer evidence.,historical/unknown,2026-07-31T11:36:30+09:00,experiments/lab_001_xy_connection_20260626/runlog.md,not_assessed
R09-20260701-001,training_feature_selection,Historic official-log work ID; no matching direct result root identified in this cutoff.,unresolved; producer run/evidence must be located,log-provenance record only,,,unresolved_log_only,not inferred,no_result_root_or_qa_evidence_identified,unresolved,unresolved,unresolved,not_assessed,,experiments/lab_001_xy_connection_20260626/runlog.md:1028,not inferred from log mention,7f5d641e5b296cc97994e9788939e1b14d8dc57613f7677ac21a061cd01db5ba,Only that the ID occurs in an official-state log.,"No execution, QA, or scientific completion implied.",Locate producer run or explicitly archive as historical/log-only.,reverse trace from official log to producer evidence.,historical/unknown,2026-07-31T11:36:30+09:00,experiments/lab_001_xy_connection_20260626/runlog.md,not_assessed
R09-20260701-002,training_feature_selection,Historic official-log work ID; no matching direct result root identified in this cutoff.,unresolved; producer run/evidence must be located,log-provenance record only,,,unresolved_log_only,not inferred,no_result_root_or_qa_evidence_identified,unresolved,unresolved,unresolved,not_assessed,,experiments/lab_001_xy_connection_20260626/runlog.md:1056,not inferred from log mention,7f5d641e5b296cc97994e9788939e1b14d8dc57613f7677ac21a061cd01db5ba,Only that the ID occurs in an official-state log.,"No execution, QA, or scientific completion implied.",Locate producer run or explicitly archive as historical/log-only.,reverse trace from official log to producer evidence.,historical/unknown,2026-07-31T11:36:30+09:00,experiments/lab_001_xy_connection_20260626/runlog.md,not_assessed
R09-20260701-003,training_feature_selection,Historic official-log work ID; no matching direct result root identified in this cutoff.,unresolved; producer run/evidence must be located,log-provenance record only,,,unresolved_log_only,not inferred,no_result_root_or_qa_evidence_identified,unresolved,unresolved,unresolved,not_assessed,,experiments/lab_001_xy_connection_20260626/runlog.md:1082,not inferred from log mention,7f5d641e5b296cc97994e9788939e1b14d8dc57613f7677ac21a061cd01db5ba,Only that the ID occurs in an official-state log.,"No execution, QA, or scientific completion implied.",Locate producer run or explicitly archive as historical/log-only.,reverse trace from official log to producer evidence.,historical/unknown,2026-07-31T11:36:30+09:00,experiments/lab_001_xy_connection_20260626/runlog.md,not_assessed
R09-20260701-004,training_feature_selection,Historic official-log work ID; no matching direct result root identified in this cutoff.,unresolved; producer run/evidence must be located,log-provenance record only,,,unresolved_log_only,not inferred,no_result_root_or_qa_evidence_identified,unresolved,unresolved,unresolved,not_assessed,,experiments/lab_001_xy_connection_20260626/runlog.md:1129,not inferred from log mention,7f5d641e5b296cc97994e9788939e1b14d8dc57613f7677ac21a061cd01db5ba,Only that the ID occurs in an official-state log.,"No execution, QA, or scientific completion implied.",Locate producer run or explicitly archive as historical/log-only.,reverse trace from official log to producer evidence.,historical/unknown,2026-07-31T11:36:30+09:00,experiments/lab_001_xy_connection_20260626/runlog.md,not_assessed
R09-20260701-005,training_feature_selection,Historic official-log work ID; no matching direct result root identified in this cutoff.,unresolved; producer run/evidence must be located,log-provenance record only,,,unresolved_log_only,not inferred,no_result_root_or_qa_evidence_identified,unresolved,unresolved,unresolved,not_assessed,,experiments/lab_001_xy_connection_20260626/runlog.md:1153,not inferred from log mention,7f5d641e5b296cc97994e9788939e1b14d8dc57613f7677ac21a061cd01db5ba,Only that the ID occurs in an official-state log.,"No execution, QA, or scientific completion implied.",Locate producer run or explicitly archive as historical/log-only.,reverse trace from official log to producer evidence.,historical/unknown,2026-07-31T11:36:30+09:00,experiments/lab_001_xy_connection_20260626/runlog.md,not_assessed
R09-20260701-006,training_feature_selection,Historic official-log work ID; no matching direct result root identified in this cutoff.,unresolved; producer run/evidence must be located,log-provenance record only,,,unresolved_log_only,not inferred,no_result_root_or_qa_evidence_identified,unresolved,unresolved,unresolved,not_assessed,,experiments/lab_001_xy_connection_20260626/runlog.md:1205,not inferred from log mention,7f5d641e5b296cc97994e9788939e1b14d8dc57613f7677ac21a061cd01db5ba,Only that the ID occurs in an official-state log.,"No execution, QA, or scientific completion implied.",Locate producer run or explicitly archive as historical/log-only.,reverse trace from official log to producer evidence.,historical/unknown,2026-07-31T11:36:30+09:00,experiments/lab_001_xy_connection_20260626/runlog.md,not_assessed
R09-20260701-007,training_feature_selection,Historic official-log work ID; no matching direct result root identified in this cutoff.,unresolved; producer run/evidence must be located,log-provenance record only,,,unresolved_log_only,not inferred,no_result_root_or_qa_evidence_identified,unresolved,unresolved,unresolved,not_assessed,,outputs/URP4-1_ROADMAP_LOG.md:2023,not inferred from log mention,bd3c4fb6da9e2e13aae70329b6279201395209e11da9a1543f1a5cd73bb90f47,Only that the ID occurs in an official-state log.,"No execution, QA, or scientific completion implied.",Locate producer run or explicitly archive as historical/log-only.,reverse trace from official log to producer evidence.,historical/unknown,2026-07-31T11:36:30+09:00,outputs/URP4-1_ROADMAP_LOG.md,not_assessed
R09-20260701-007A,training_feature_selection,Historic official-log work ID; no matching direct result root identified in this cutoff.,unresolved; producer run/evidence must be located,log-provenance record only,,,unresolved_log_only,not inferred,no_result_root_or_qa_evidence_identified,unresolved,unresolved,unresolved,not_assessed,,experiments/lab_001_xy_connection_20260626/runlog.md:1252,not inferred from log mention,7f5d641e5b296cc97994e9788939e1b14d8dc57613f7677ac21a061cd01db5ba,Only that the ID occurs in an official-state log.,"No execution, QA, or scientific completion implied.",Locate producer run or explicitly archive as historical/log-only.,reverse trace from official log to producer evidence.,historical/unknown,2026-07-31T11:36:30+09:00,experiments/lab_001_xy_connection_20260626/runlog.md,not_assessed
R09-20260701-007B,training_feature_selection,Historic official-log work ID; no matching direct result root identified in this cutoff.,unresolved; producer run/evidence must be located,log-provenance record only,,,unresolved_log_only,not inferred,no_result_root_or_qa_evidence_identified,unresolved,unresolved,unresolved,not_assessed,,experiments/lab_001_xy_connection_20260626/runlog.md:1307,not inferred from log mention,7f5d641e5b296cc97994e9788939e1b14d8dc57613f7677ac21a061cd01db5ba,Only that the ID occurs in an official-state log.,"No execution, QA, or scientific completion implied.",Locate producer run or explicitly archive as historical/log-only.,reverse trace from official log to producer evidence.,historical/unknown,2026-07-31T11:36:30+09:00,experiments/lab_001_xy_connection_20260626/runlog.md,not_assessed
R09-20260701-007C,training_feature_selection,Historic official-log work ID; no matching direct result root identified in this cutoff.,unresolved; producer run/evidence must be located,log-provenance record only,,,unresolved_log_only,not inferred,no_result_root_or_qa_evidence_identified,unresolved,unresolved,unresolved,not_assessed,,experiments/lab_001_xy_connection_20260626/runlog.md:1360,not inferred from log mention,7f5d641e5b296cc97994e9788939e1b14d8dc57613f7677ac21a061cd01db5ba,Only that the ID occurs in an official-state log.,"No execution, QA, or scientific completion implied.",Locate producer run or explicitly archive as historical/log-only.,reverse trace from official log to producer evidence.,historical/unknown,2026-07-31T11:36:30+09:00,experiments/lab_001_xy_connection_20260626/runlog.md,not_assessed
R09-20260701-007D,training_feature_selection,Historic official-log work ID; no matching direct result root identified in this cutoff.,unresolved; producer run/evidence must be located,log-provenance record only,,,unresolved_log_only,not inferred,no_result_root_or_qa_evidence_identified,unresolved,unresolved,unresolved,not_assessed,,experiments/lab_001_xy_connection_20260626/runlog.md:1396,not inferred from log mention,7f5d641e5b296cc97994e9788939e1b14d8dc57613f7677ac21a061cd01db5ba,Only that the ID occurs in an official-state log.,"No execution, QA, or scientific completion implied.",Locate producer run or explicitly archive as historical/log-only.,reverse trace from official log to producer evidence.,historical/unknown,2026-07-31T11:36:30+09:00,experiments/lab_001_xy_connection_20260626/runlog.md,not_assessed
R09-20260701-007E,training_feature_selection,Historic official-log work ID; no matching direct result root identified in this cutoff.,unresolved; producer run/evidence must be located,log-provenance record only,,,unresolved_log_only,not inferred,no_result_root_or_qa_evidence_identified,unresolved,unresolved,unresolved,not_assessed,,experiments/lab_001_xy_connection_20260626/decision_log.md:1054,not inferred from log mention,cd5900fcab1e0a5427cf1610eff053cd156f0e85bfc320f8e410802b9183ff87,Only that the ID occurs in an official-state log.,"No execution, QA, or scientific completion implied.",Locate producer run or explicitly archive as historical/log-only.,reverse trace from official log to producer evidence.,historical/unknown,2026-07-31T11:36:30+09:00,experiments/lab_001_xy_connection_20260626/decision_log.md,not_assessed
R09-20260702-007E,training_feature_selection,Historic official-log work ID; no matching direct result root identified in this cutoff.,unresolved; producer run/evidence must be located,log-provenance record only,,,unresolved_log_only,not inferred,no_result_root_or_qa_evidence_identified,unresolved,unresolved,unresolved,not_assessed,,experiments/lab_001_xy_connection_20260626/runlog.md:1474,not inferred from log mention,7f5d641e5b296cc97994e9788939e1b14d8dc57613f7677ac21a061cd01db5ba,Only that the ID occurs in an official-state log.,"No execution, QA, or scientific completion implied.",Locate producer run or explicitly archive as historical/log-only.,reverse trace from official log to producer evidence.,historical/unknown,2026-07-31T11:36:30+09:00,experiments/lab_001_xy_connection_20260626/runlog.md,not_assessed
R09-20260702-007F,training_feature_selection,Historic official-log work ID; no matching direct result root identified in this cutoff.,unresolved; producer run/evidence must be located,log-provenance record only,,,unresolved_log_only,not inferred,no_result_root_or_qa_evidence_identified,unresolved,unresolved,unresolved,not_assessed,,experiments/lab_001_xy_connection_20260626/runlog.md:1689,not inferred from log mention,7f5d641e5b296cc97994e9788939e1b14d8dc57613f7677ac21a061cd01db5ba,Only that the ID occurs in an official-state log.,"No execution, QA, or scientific completion implied.",Locate producer run or explicitly archive as historical/log-only.,reverse trace from official log to producer evidence.,historical/unknown,2026-07-31T11:36:30+09:00,experiments/lab_001_xy_connection_20260626/runlog.md,not_assessed
R09-20260702-007G,training_feature_selection,Historic official-log work ID; no matching direct result root identified in this cutoff.,unresolved; producer run/evidence must be located,log-provenance record only,,,unresolved_log_only,not inferred,no_result_root_or_qa_evidence_identified,unresolved,unresolved,unresolved,not_assessed,,experiments/lab_001_xy_connection_20260626/runlog.md:1766,not inferred from log mention,7f5d641e5b296cc97994e9788939e1b14d8dc57613f7677ac21a061cd01db5ba,Only that the ID occurs in an official-state log.,"No execution, QA, or scientific completion implied.",Locate producer run or explicitly archive as historical/log-only.,reverse trace from official log to producer evidence.,historical/unknown,2026-07-31T11:36:30+09:00,experiments/lab_001_xy_connection_20260626/runlog.md,not_assessed
R09-20260703-008A,training_feature_selection,Historic official-log work ID; no matching direct result root identified in this cutoff.,unresolved; producer run/evidence must be located,log-provenance record only,,,unresolved_log_only,not inferred,no_result_root_or_qa_evidence_identified,unresolved,unresolved,unresolved,not_assessed,,experiments/lab_001_xy_connection_20260626/runlog.md:1825,not inferred from log mention,7f5d641e5b296cc97994e9788939e1b14d8dc57613f7677ac21a061cd01db5ba,Only that the ID occurs in an official-state log.,"No execution, QA, or scientific completion implied.",Locate producer run or explicitly archive as historical/log-only.,reverse trace from official log to producer evidence.,historical/unknown,2026-07-31T11:36:30+09:00,experiments/lab_001_xy_connection_20260626/runlog.md,not_assessed
R09-20260703-008B,training_feature_selection,Historic official-log work ID; no matching direct result root identified in this cutoff.,unresolved; producer run/evidence must be located,log-provenance record only,,,unresolved_log_only,not inferred,no_result_root_or_qa_evidence_identified,unresolved,unresolved,unresolved,not_assessed,,experiments/lab_001_xy_connection_20260626/runlog.md:1895,not inferred from log mention,7f5d641e5b296cc97994e9788939e1b14d8dc57613f7677ac21a061cd01db5ba,Only that the ID occurs in an official-state log.,"No execution, QA, or scientific completion implied.",Locate producer run or explicitly archive as historical/log-only.,reverse trace from official log to producer evidence.,historical/unknown,2026-07-31T11:36:30+09:00,experiments/lab_001_xy_connection_20260626/runlog.md,not_assessed
R09-20260703-008C,training_feature_selection,Historic official-log work ID; no matching direct result root identified in this cutoff.,unresolved; producer run/evidence must be located,log-provenance record only,,,unresolved_log_only,not inferred,no_result_root_or_qa_evidence_identified,unresolved,unresolved,unresolved,not_assessed,,experiments/lab_001_xy_connection_20260626/runlog.md:1972,not inferred from log mention,7f5d641e5b296cc97994e9788939e1b14d8dc57613f7677ac21a061cd01db5ba,Only that the ID occurs in an official-state log.,"No execution, QA, or scientific completion implied.",Locate producer run or explicitly archive as historical/log-only.,reverse trace from official log to producer evidence.,historical/unknown,2026-07-31T11:36:30+09:00,experiments/lab_001_xy_connection_20260626/runlog.md,not_assessed
R09-20260703-009,training_feature_selection,Historic official-log work ID; no matching direct result root identified in this cutoff.,unresolved; producer run/evidence must be located,log-provenance record only,,,unresolved_log_only,not inferred,no_result_root_or_qa_evidence_identified,unresolved,unresolved,unresolved,not_assessed,,AI_START_HERE.md:1114,not inferred from log mention,53ccc7bd56ab05cc78c512506904061f2486a31c808aea8dd59437bb0a983343,Only that the ID occurs in an official-state log.,"No execution, QA, or scientific completion implied.",Locate producer run or explicitly archive as historical/log-only.,reverse trace from official log to producer evidence.,historical/unknown,2026-07-31T11:36:30+09:00,AI_START_HERE.md,not_assessed
R09-20260703-009-LAB-PC-RUN2-MASSORI-801,training_feature_selection,Historic official-log work ID; no matching direct result root identified in this cutoff.,unresolved; producer run/evidence must be located,log-provenance record only,,,unresolved_log_only,not inferred,no_result_root_or_qa_evidence_identified,unresolved,unresolved,unresolved,not_assessed,,experiments/lab_001_xy_connection_20260626/runlog.md:2032,not inferred from log mention,7f5d641e5b296cc97994e9788939e1b14d8dc57613f7677ac21a061cd01db5ba,Only that the ID occurs in an official-state log.,"No execution, QA, or scientific completion implied.",Locate producer run or explicitly archive as historical/log-only.,reverse trace from official log to producer evidence.,historical/unknown,2026-07-31T11:36:30+09:00,experiments/lab_001_xy_connection_20260626/runlog.md,not_assessed
R09-20260703-010,training_feature_selection,Historic official-log work ID; no matching direct result root identified in this cutoff.,unresolved; producer run/evidence must be located,log-provenance record only,,,unresolved_log_only,not inferred,no_result_root_or_qa_evidence_identified,unresolved,unresolved,unresolved,not_assessed,,experiments/lab_001_xy_connection_20260626/runlog.md:2104,not inferred from log mention,7f5d641e5b296cc97994e9788939e1b14d8dc57613f7677ac21a061cd01db5ba,Only that the ID occurs in an official-state log.,"No execution, QA, or scientific completion implied.",Locate producer run or explicitly archive as historical/log-only.,reverse trace from official log to producer evidence.,historical/unknown,2026-07-31T11:36:30+09:00,experiments/lab_001_xy_connection_20260626/runlog.md,not_assessed
R09-20260703-011,training_feature_selection,Historic official-log work ID; no matching direct result root identified in this cutoff.,unresolved; producer run/evidence must be located,log-provenance record only,,,unresolved_log_only,not inferred,no_result_root_or_qa_evidence_identified,unresolved,unresolved,unresolved,not_assessed,,experiments/lab_001_xy_connection_20260626/runlog.md:2173,not inferred from log mention,7f5d641e5b296cc97994e9788939e1b14d8dc57613f7677ac21a061cd01db5ba,Only that the ID occurs in an official-state log.,"No execution, QA, or scientific completion implied.",Locate producer run or explicitly archive as historical/log-only.,reverse trace from official log to producer evidence.,historical/unknown,2026-07-31T11:36:30+09:00,experiments/lab_001_xy_connection_20260626/runlog.md,not_assessed
R09-20260703-012,training_feature_selection,Historic official-log work ID; no matching direct result root identified in this cutoff.,unresolved; producer run/evidence must be located,log-provenance record only,,,unresolved_log_only,not inferred,no_result_root_or_qa_evidence_identified,unresolved,unresolved,unresolved,not_assessed,,experiments/lab_001_xy_connection_20260626/runlog.md:2237,not inferred from log mention,7f5d641e5b296cc97994e9788939e1b14d8dc57613f7677ac21a061cd01db5ba,Only that the ID occurs in an official-state log.,"No execution, QA, or scientific completion implied.",Locate producer run or explicitly archive as historical/log-only.,reverse trace from official log to producer evidence.,historical/unknown,2026-07-31T11:36:30+09:00,experiments/lab_001_xy_connection_20260626/runlog.md,not_assessed
R09-20260703-012A,training_feature_selection,Historic official-log work ID; no matching direct result root identified in this cutoff.,unresolved; producer run/evidence must be located,log-provenance record only,,,unresolved_log_only,not inferred,no_result_root_or_qa_evidence_identified,unresolved,unresolved,unresolved,not_assessed,,experiments/lab_001_xy_connection_20260626/runlog.md:2289,not inferred from log mention,7f5d641e5b296cc97994e9788939e1b14d8dc57613f7677ac21a061cd01db5ba,Only that the ID occurs in an official-state log.,"No execution, QA, or scientific completion implied.",Locate producer run or explicitly archive as historical/log-only.,reverse trace from official log to producer evidence.,historical/unknown,2026-07-31T11:36:30+09:00,experiments/lab_001_xy_connection_20260626/runlog.md,not_assessed
R09-20260703-013,training_feature_selection,Historic official-log work ID; no matching direct result root identified in this cutoff.,unresolved; producer run/evidence must be located,log-provenance record only,,,unresolved_log_only,not inferred,no_result_root_or_qa_evidence_identified,unresolved,unresolved,unresolved,not_assessed,,experiments/lab_001_xy_connection_20260626/runlog.md:2286,not inferred from log mention,7f5d641e5b296cc97994e9788939e1b14d8dc57613f7677ac21a061cd01db5ba,Only that the ID occurs in an official-state log.,"No execution, QA, or scientific completion implied.",Locate producer run or explicitly archive as historical/log-only.,reverse trace from official log to producer evidence.,historical/unknown,2026-07-31T11:36:30+09:00,experiments/lab_001_xy_connection_20260626/runlog.md,not_assessed
R09-20260703-014,training_feature_selection,Historic official-log work ID; no matching direct result root identified in this cutoff.,unresolved; producer run/evidence must be located,log-provenance record only,,,unresolved_log_only,not inferred,no_result_root_or_qa_evidence_identified,unresolved,unresolved,unresolved,not_assessed,,experiments/lab_001_xy_connection_20260626/runlog.md:2407,not inferred from log mention,7f5d641e5b296cc97994e9788939e1b14d8dc57613f7677ac21a061cd01db5ba,Only that the ID occurs in an official-state log.,"No execution, QA, or scientific completion implied.",Locate producer run or explicitly archive as historical/log-only.,reverse trace from official log to producer evidence.,historical/unknown,2026-07-31T11:36:30+09:00,experiments/lab_001_xy_connection_20260626/runlog.md,not_assessed
R09-20260703-015,training_feature_selection,Historic official-log work ID; no matching direct result root identified in this cutoff.,unresolved; producer run/evidence must be located,log-provenance record only,,,unresolved_log_only,not inferred,no_result_root_or_qa_evidence_identified,unresolved,unresolved,unresolved,not_assessed,,experiments/lab_001_xy_connection_20260626/runlog.md:2465,not inferred from log mention,7f5d641e5b296cc97994e9788939e1b14d8dc57613f7677ac21a061cd01db5ba,Only that the ID occurs in an official-state log.,"No execution, QA, or scientific completion implied.",Locate producer run or explicitly archive as historical/log-only.,reverse trace from official log to producer evidence.,historical/unknown,2026-07-31T11:36:30+09:00,experiments/lab_001_xy_connection_20260626/runlog.md,not_assessed
R09-20260703-015B,training_feature_selection,Historic official-log work ID; no matching direct result root identified in this cutoff.,unresolved; producer run/evidence must be located,log-provenance record only,,,unresolved_log_only,not inferred,no_result_root_or_qa_evidence_identified,unresolved,unresolved,unresolved,not_assessed,,experiments/lab_001_xy_connection_20260626/runlog.md:2470,not inferred from log mention,7f5d641e5b296cc97994e9788939e1b14d8dc57613f7677ac21a061cd01db5ba,Only that the ID occurs in an official-state log.,"No execution, QA, or scientific completion implied.",Locate producer run or explicitly archive as historical/log-only.,reverse trace from official log to producer evidence.,historical/unknown,2026-07-31T11:36:30+09:00,experiments/lab_001_xy_connection_20260626/runlog.md,not_assessed
R09-20260703-016,training_feature_selection,Historic official-log work ID; no matching direct result root identified in this cutoff.,unresolved; producer run/evidence must be located,log-provenance record only,,,unresolved_log_only,not inferred,no_result_root_or_qa_evidence_identified,unresolved,unresolved,unresolved,not_assessed,,experiments/lab_001_xy_connection_20260626/runlog.md:2536,not inferred from log mention,7f5d641e5b296cc97994e9788939e1b14d8dc57613f7677ac21a061cd01db5ba,Only that the ID occurs in an official-state log.,"No execution, QA, or scientific completion implied.",Locate producer run or explicitly archive as historical/log-only.,reverse trace from official log to producer evidence.,historical/unknown,2026-07-31T11:36:30+09:00,experiments/lab_001_xy_connection_20260626/runlog.md,not_assessed
R09-20260703-016A,training_feature_selection,Historic official-log work ID; no matching direct result root identified in this cutoff.,unresolved; producer run/evidence must be located,log-provenance record only,,,unresolved_log_only,not inferred,no_result_root_or_qa_evidence_identified,unresolved,unresolved,unresolved,not_assessed,,experiments/lab_001_xy_connection_20260626/runlog.md:2541,not inferred from log mention,7f5d641e5b296cc97994e9788939e1b14d8dc57613f7677ac21a061cd01db5ba,Only that the ID occurs in an official-state log.,"No execution, QA, or scientific completion implied.",Locate producer run or explicitly archive as historical/log-only.,reverse trace from official log to producer evidence.,historical/unknown,2026-07-31T11:36:30+09:00,experiments/lab_001_xy_connection_20260626/runlog.md,not_assessed
R09-20260704-016B,training_feature_selection,Historic official-log work ID; no matching direct result root identified in this cutoff.,unresolved; producer run/evidence must be located,log-provenance record only,,,unresolved_log_only,not inferred,no_result_root_or_qa_evidence_identified,unresolved,unresolved,unresolved,not_assessed,,experiments/lab_001_xy_connection_20260626/runlog.md:2588,not inferred from log mention,7f5d641e5b296cc97994e9788939e1b14d8dc57613f7677ac21a061cd01db5ba,Only that the ID occurs in an official-state log.,"No execution, QA, or scientific completion implied.",Locate producer run or explicitly archive as historical/log-only.,reverse trace from official log to producer evidence.,historical/unknown,2026-07-31T11:36:30+09:00,experiments/lab_001_xy_connection_20260626/runlog.md,not_assessed
R09-20260704-017,training_feature_selection,Historic official-log work ID; no matching direct result root identified in this cutoff.,unresolved; producer run/evidence must be located,log-provenance record only,,,unresolved_log_only,not inferred,no_result_root_or_qa_evidence_identified,unresolved,unresolved,unresolved,not_assessed,,experiments/lab_001_xy_connection_20260626/runlog.md:2643,not inferred from log mention,7f5d641e5b296cc97994e9788939e1b14d8dc57613f7677ac21a061cd01db5ba,Only that the ID occurs in an official-state log.,"No execution, QA, or scientific completion implied.",Locate producer run or explicitly archive as historical/log-only.,reverse trace from official log to producer evidence.,historical/unknown,2026-07-31T11:36:30+09:00,experiments/lab_001_xy_connection_20260626/runlog.md,not_assessed
R09-20260704-018,training_feature_selection,Historic official-log work ID; no matching direct result root identified in this cutoff.,unresolved; producer run/evidence must be located,log-provenance record only,,,unresolved_log_only,not inferred,no_result_root_or_qa_evidence_identified,unresolved,unresolved,unresolved,not_assessed,,experiments/lab_001_xy_connection_20260626/runlog.md:2719,not inferred from log mention,7f5d641e5b296cc97994e9788939e1b14d8dc57613f7677ac21a061cd01db5ba,Only that the ID occurs in an official-state log.,"No execution, QA, or scientific completion implied.",Locate producer run or explicitly archive as historical/log-only.,reverse trace from official log to producer evidence.,historical/unknown,2026-07-31T11:36:30+09:00,experiments/lab_001_xy_connection_20260626/runlog.md,not_assessed
R09-20260704-018A,training_feature_selection,Historic official-log work ID; no matching direct result root identified in this cutoff.,unresolved; producer run/evidence must be located,log-provenance record only,,,unresolved_log_only,not inferred,no_result_root_or_qa_evidence_identified,unresolved,unresolved,unresolved,not_assessed,,experiments/lab_001_xy_connection_20260626/runlog.md:2724,not inferred from log mention,7f5d641e5b296cc97994e9788939e1b14d8dc57613f7677ac21a061cd01db5ba,Only that the ID occurs in an official-state log.,"No execution, QA, or scientific completion implied.",Locate producer run or explicitly archive as historical/log-only.,reverse trace from official log to producer evidence.,historical/unknown,2026-07-31T11:36:30+09:00,experiments/lab_001_xy_connection_20260626/runlog.md,not_assessed
R09-20260704-018B,training_feature_selection,Historic official-log work ID; no matching direct result root identified in this cutoff.,unresolved; producer run/evidence must be located,log-provenance record only,,,unresolved_log_only,not inferred,no_result_root_or_qa_evidence_identified,unresolved,unresolved,unresolved,not_assessed,,experiments/lab_001_xy_connection_20260626/runlog.md:2781,not inferred from log mention,7f5d641e5b296cc97994e9788939e1b14d8dc57613f7677ac21a061cd01db5ba,Only that the ID occurs in an official-state log.,"No execution, QA, or scientific completion implied.",Locate producer run or explicitly archive as historical/log-only.,reverse trace from official log to producer evidence.,historical/unknown,2026-07-31T11:36:30+09:00,experiments/lab_001_xy_connection_20260626/runlog.md,not_assessed
R09-20260705-018B,training_feature_selection,Historic official-log work ID; no matching direct result root identified in this cutoff.,unresolved; producer run/evidence must be located,log-provenance record only,,,unresolved_log_only,not inferred,no_result_root_or_qa_evidence_identified,unresolved,unresolved,unresolved,not_assessed,,experiments/lab_001_xy_connection_20260626/runlog.md:2786,not inferred from log mention,7f5d641e5b296cc97994e9788939e1b14d8dc57613f7677ac21a061cd01db5ba,Only that the ID occurs in an official-state log.,"No execution, QA, or scientific completion implied.",Locate producer run or explicitly archive as historical/log-only.,reverse trace from official log to producer evidence.,historical/unknown,2026-07-31T11:36:30+09:00,experiments/lab_001_xy_connection_20260626/runlog.md,not_assessed
R09-20260705-019,training_feature_selection,Historic official-log work ID; no matching direct result root identified in this cutoff.,unresolved; producer run/evidence must be located,log-provenance record only,,,unresolved_log_only,not inferred,no_result_root_or_qa_evidence_identified,unresolved,unresolved,unresolved,not_assessed,,experiments/lab_001_xy_connection_20260626/runlog.md:2858,not inferred from log mention,7f5d641e5b296cc97994e9788939e1b14d8dc57613f7677ac21a061cd01db5ba,Only that the ID occurs in an official-state log.,"No execution, QA, or scientific completion implied.",Locate producer run or explicitly archive as historical/log-only.,reverse trace from official log to producer evidence.,historical/unknown,2026-07-31T11:36:30+09:00,experiments/lab_001_xy_connection_20260626/runlog.md,not_assessed
R09-20260705-020,training_feature_selection,Historic official-log work ID; no matching direct result root identified in this cutoff.,unresolved; producer run/evidence must be located,log-provenance record only,,,unresolved_log_only,not inferred,no_result_root_or_qa_evidence_identified,unresolved,unresolved,unresolved,not_assessed,,experiments/lab_001_xy_connection_20260626/runlog.md:2966,not inferred from log mention,7f5d641e5b296cc97994e9788939e1b14d8dc57613f7677ac21a061cd01db5ba,Only that the ID occurs in an official-state log.,"No execution, QA, or scientific completion implied.",Locate producer run or explicitly archive as historical/log-only.,reverse trace from official log to producer evidence.,historical/unknown,2026-07-31T11:36:30+09:00,experiments/lab_001_xy_connection_20260626/runlog.md,not_assessed
R09-20260706-020A,training_feature_selection,Historic official-log work ID; no matching direct result root identified in this cutoff.,unresolved; producer run/evidence must be located,log-provenance record only,,,unresolved_log_only,not inferred,no_result_root_or_qa_evidence_identified,unresolved,unresolved,unresolved,not_assessed,,experiments/lab_001_xy_connection_20260626/runlog.md:2969,not inferred from log mention,7f5d641e5b296cc97994e9788939e1b14d8dc57613f7677ac21a061cd01db5ba,Only that the ID occurs in an official-state log.,"No execution, QA, or scientific completion implied.",Locate producer run or explicitly archive as historical/log-only.,reverse trace from official log to producer evidence.,historical/unknown,2026-07-31T11:36:30+09:00,experiments/lab_001_xy_connection_20260626/runlog.md,not_assessed
R09-20260706-020B,training_feature_selection,Historic official-log work ID; no matching direct result root identified in this cutoff.,unresolved; producer run/evidence must be located,log-provenance record only,,,unresolved_log_only,not inferred,no_result_root_or_qa_evidence_identified,unresolved,unresolved,unresolved,not_assessed,,experiments/lab_001_xy_connection_20260626/runlog.md:3028,not inferred from log mention,7f5d641e5b296cc97994e9788939e1b14d8dc57613f7677ac21a061cd01db5ba,Only that the ID occurs in an official-state log.,"No execution, QA, or scientific completion implied.",Locate producer run or explicitly archive as historical/log-only.,reverse trace from official log to producer evidence.,historical/unknown,2026-07-31T11:36:30+09:00,experiments/lab_001_xy_connection_20260626/runlog.md,not_assessed
R09-20260706-020C,training_feature_selection,Historic official-log work ID; no matching direct result root identified in this cutoff.,unresolved; producer run/evidence must be located,log-provenance record only,,,unresolved_log_only,not inferred,no_result_root_or_qa_evidence_identified,unresolved,unresolved,unresolved,not_assessed,,experiments/lab_001_xy_connection_20260626/runlog.md:3072,not inferred from log mention,7f5d641e5b296cc97994e9788939e1b14d8dc57613f7677ac21a061cd01db5ba,Only that the ID occurs in an official-state log.,"No execution, QA, or scientific completion implied.",Locate producer run or explicitly archive as historical/log-only.,reverse trace from official log to producer evidence.,historical/unknown,2026-07-31T11:36:30+09:00,experiments/lab_001_xy_connection_20260626/runlog.md,not_assessed
R09-20260706-020D,training_feature_selection,Historic official-log work ID; no matching direct result root identified in this cutoff.,unresolved; producer run/evidence must be located,log-provenance record only,,,unresolved_log_only,not inferred,no_result_root_or_qa_evidence_identified,unresolved,unresolved,unresolved,not_assessed,,experiments/lab_001_xy_connection_20260626/runlog.md:3150,not inferred from log mention,7f5d641e5b296cc97994e9788939e1b14d8dc57613f7677ac21a061cd01db5ba,Only that the ID occurs in an official-state log.,"No execution, QA, or scientific completion implied.",Locate producer run or explicitly archive as historical/log-only.,reverse trace from official log to producer evidence.,historical/unknown,2026-07-31T11:36:30+09:00,experiments/lab_001_xy_connection_20260626/runlog.md,not_assessed
R09-20260706-020E,training_feature_selection,Historic official-log work ID; no matching direct result root identified in this cutoff.,unresolved; producer run/evidence must be located,log-provenance record only,,,unresolved_log_only,not inferred,no_result_root_or_qa_evidence_identified,unresolved,unresolved,unresolved,not_assessed,,experiments/lab_001_xy_connection_20260626/runlog.md:3245,not inferred from log mention,7f5d641e5b296cc97994e9788939e1b14d8dc57613f7677ac21a061cd01db5ba,Only that the ID occurs in an official-state log.,"No execution, QA, or scientific completion implied.",Locate producer run or explicitly archive as historical/log-only.,reverse trace from official log to producer evidence.,historical/unknown,2026-07-31T11:36:30+09:00,experiments/lab_001_xy_connection_20260626/runlog.md,not_assessed
R09-20260706-020F,training_feature_selection,Historic official-log work ID; no matching direct result root identified in this cutoff.,unresolved; producer run/evidence must be located,log-provenance record only,,,unresolved_log_only,not inferred,no_result_root_or_qa_evidence_identified,unresolved,unresolved,unresolved,not_assessed,,experiments/lab_001_xy_connection_20260626/runlog.md:3373,not inferred from log mention,7f5d641e5b296cc97994e9788939e1b14d8dc57613f7677ac21a061cd01db5ba,Only that the ID occurs in an official-state log.,"No execution, QA, or scientific completion implied.",Locate producer run or explicitly archive as historical/log-only.,reverse trace from official log to producer evidence.,historical/unknown,2026-07-31T11:36:30+09:00,experiments/lab_001_xy_connection_20260626/runlog.md,not_assessed
R09-20260706-020G,training_feature_selection,Historic official-log work ID; no matching direct result root identified in this cutoff.,unresolved; producer run/evidence must be located,log-provenance record only,,,unresolved_log_only,not inferred,no_result_root_or_qa_evidence_identified,unresolved,unresolved,unresolved,not_assessed,,experiments/lab_001_xy_connection_20260626/runlog.md:3501,not inferred from log mention,7f5d641e5b296cc97994e9788939e1b14d8dc57613f7677ac21a061cd01db5ba,Only that the ID occurs in an official-state log.,"No execution, QA, or scientific completion implied.",Locate producer run or explicitly archive as historical/log-only.,reverse trace from official log to producer evidence.,historical/unknown,2026-07-31T11:36:30+09:00,experiments/lab_001_xy_connection_20260626/runlog.md,not_assessed
R09-20260706-020H,training_feature_selection,Historic official-log work ID; no matching direct result root identified in this cutoff.,unresolved; producer run/evidence must be located,log-provenance record only,,,unresolved_log_only,not inferred,no_result_root_or_qa_evidence_identified,unresolved,unresolved,unresolved,not_assessed,,experiments/lab_001_xy_connection_20260626/runlog.md:3573,not inferred from log mention,7f5d641e5b296cc97994e9788939e1b14d8dc57613f7677ac21a061cd01db5ba,Only that the ID occurs in an official-state log.,"No execution, QA, or scientific completion implied.",Locate producer run or explicitly archive as historical/log-only.,reverse trace from official log to producer evidence.,historical/unknown,2026-07-31T11:36:30+09:00,experiments/lab_001_xy_connection_20260626/runlog.md,not_assessed
R09-20260707-020H,training_feature_selection,Historic official-log work ID; no matching direct result root identified in this cutoff.,unresolved; producer run/evidence must be located,log-provenance record only,,,unresolved_log_only,not inferred,no_result_root_or_qa_evidence_identified,unresolved,unresolved,unresolved,not_assessed,,experiments/lab_001_xy_connection_20260626/runlog.md:3578,not inferred from log mention,7f5d641e5b296cc97994e9788939e1b14d8dc57613f7677ac21a061cd01db5ba,Only that the ID occurs in an official-state log.,"No execution, QA, or scientific completion implied.",Locate producer run or explicitly archive as historical/log-only.,reverse trace from official log to producer evidence.,historical/unknown,2026-07-31T11:36:30+09:00,experiments/lab_001_xy_connection_20260626/runlog.md,not_assessed
R09-20260707-020I,training_feature_selection,Historic official-log work ID; no matching direct result root identified in this cutoff.,unresolved; producer run/evidence must be located,log-provenance record only,,,unresolved_log_only,not inferred,no_result_root_or_qa_evidence_identified,unresolved,unresolved,unresolved,not_assessed,,experiments/lab_001_xy_connection_20260626/runlog.md:3650,not inferred from log mention,7f5d641e5b296cc97994e9788939e1b14d8dc57613f7677ac21a061cd01db5ba,Only that the ID occurs in an official-state log.,"No execution, QA, or scientific completion implied.",Locate producer run or explicitly archive as historical/log-only.,reverse trace from official log to producer evidence.,historical/unknown,2026-07-31T11:36:30+09:00,experiments/lab_001_xy_connection_20260626/runlog.md,not_assessed
R09-20260707-020J,training_feature_selection,Historic official-log work ID; no matching direct result root identified in this cutoff.,unresolved; producer run/evidence must be located,log-provenance record only,,,unresolved_log_only,not inferred,no_result_root_or_qa_evidence_identified,unresolved,unresolved,unresolved,not_assessed,,experiments/lab_001_xy_connection_20260626/runlog.md:3721,not inferred from log mention,7f5d641e5b296cc97994e9788939e1b14d8dc57613f7677ac21a061cd01db5ba,Only that the ID occurs in an official-state log.,"No execution, QA, or scientific completion implied.",Locate producer run or explicitly archive as historical/log-only.,reverse trace from official log to producer evidence.,historical/unknown,2026-07-31T11:36:30+09:00,experiments/lab_001_xy_connection_20260626/runlog.md,not_assessed
R09-20260707-020K,training_feature_selection,Historic official-log work ID; no matching direct result root identified in this cutoff.,unresolved; producer run/evidence must be located,log-provenance record only,,,unresolved_log_only,not inferred,no_result_root_or_qa_evidence_identified,unresolved,unresolved,unresolved,not_assessed,,experiments/lab_001_xy_connection_20260626/runlog.md:3798,not inferred from log mention,7f5d641e5b296cc97994e9788939e1b14d8dc57613f7677ac21a061cd01db5ba,Only that the ID occurs in an official-state log.,"No execution, QA, or scientific completion implied.",Locate producer run or explicitly archive as historical/log-only.,reverse trace from official log to producer evidence.,historical/unknown,2026-07-31T11:36:30+09:00,experiments/lab_001_xy_connection_20260626/runlog.md,not_assessed
R09-20260707-020L,training_feature_selection,Historic official-log work ID; no matching direct result root identified in this cutoff.,unresolved; producer run/evidence must be located,log-provenance record only,,,unresolved_log_only,not inferred,no_result_root_or_qa_evidence_identified,unresolved,unresolved,unresolved,not_assessed,,experiments/lab_001_xy_connection_20260626/runlog.md:3967,not inferred from log mention,7f5d641e5b296cc97994e9788939e1b14d8dc57613f7677ac21a061cd01db5ba,Only that the ID occurs in an official-state log.,"No execution, QA, or scientific completion implied.",Locate producer run or explicitly archive as historical/log-only.,reverse trace from official log to producer evidence.,historical/unknown,2026-07-31T11:36:30+09:00,experiments/lab_001_xy_connection_20260626/runlog.md,not_assessed
R09-20260707-020M,training_feature_selection,Historic official-log work ID; no matching direct result root identified in this cutoff.,unresolved; producer run/evidence must be located,log-provenance record only,,,unresolved_log_only,not inferred,no_result_root_or_qa_evidence_identified,unresolved,unresolved,unresolved,not_assessed,,experiments/lab_001_xy_connection_20260626/runlog.md:4073,not inferred from log mention,7f5d641e5b296cc97994e9788939e1b14d8dc57613f7677ac21a061cd01db5ba,Only that the ID occurs in an official-state log.,"No execution, QA, or scientific completion implied.",Locate producer run or explicitly archive as historical/log-only.,reverse trace from official log to producer evidence.,historical/unknown,2026-07-31T11:36:30+09:00,experiments/lab_001_xy_connection_20260626/runlog.md,not_assessed
R09-20260707-020N,training_feature_selection,Historic official-log work ID; no matching direct result root identified in this cutoff.,unresolved; producer run/evidence must be located,log-provenance record only,,,unresolved_log_only,not inferred,no_result_root_or_qa_evidence_identified,unresolved,unresolved,unresolved,not_assessed,,experiments/lab_001_xy_connection_20260626/runlog.md:4197,not inferred from log mention,7f5d641e5b296cc97994e9788939e1b14d8dc57613f7677ac21a061cd01db5ba,Only that the ID occurs in an official-state log.,"No execution, QA, or scientific completion implied.",Locate producer run or explicitly archive as historical/log-only.,reverse trace from official log to producer evidence.,historical/unknown,2026-07-31T11:36:30+09:00,experiments/lab_001_xy_connection_20260626/runlog.md,not_assessed
R09-20260707-020O,training_feature_selection,Historic official-log work ID; no matching direct result root identified in this cutoff.,unresolved; producer run/evidence must be located,log-provenance record only,,,unresolved_log_only,not inferred,no_result_root_or_qa_evidence_identified,unresolved,unresolved,unresolved,not_assessed,,experiments/lab_001_xy_connection_20260626/runlog.md:4276,not inferred from log mention,7f5d641e5b296cc97994e9788939e1b14d8dc57613f7677ac21a061cd01db5ba,Only that the ID occurs in an official-state log.,"No execution, QA, or scientific completion implied.",Locate producer run or explicitly archive as historical/log-only.,reverse trace from official log to producer evidence.,historical/unknown,2026-07-31T11:36:30+09:00,experiments/lab_001_xy_connection_20260626/runlog.md,not_assessed
R09-20260707-020P,training_feature_selection,Historic official-log work ID; no matching direct result root identified in this cutoff.,unresolved; producer run/evidence must be located,log-provenance record only,,,unresolved_log_only,not inferred,no_result_root_or_qa_evidence_identified,unresolved,unresolved,unresolved,not_assessed,,experiments/lab_001_xy_connection_20260626/runlog.md:4358,not inferred from log mention,7f5d641e5b296cc97994e9788939e1b14d8dc57613f7677ac21a061cd01db5ba,Only that the ID occurs in an official-state log.,"No execution, QA, or scientific completion implied.",Locate producer run or explicitly archive as historical/log-only.,reverse trace from official log to producer evidence.,historical/unknown,2026-07-31T11:36:30+09:00,experiments/lab_001_xy_connection_20260626/runlog.md,not_assessed
R09-20260707-020Q,training_feature_selection,Historic official-log work ID; no matching direct result root identified in this cutoff.,unresolved; producer run/evidence must be located,log-provenance record only,,,unresolved_log_only,not inferred,no_result_root_or_qa_evidence_identified,unresolved,unresolved,unresolved,not_assessed,,experiments/lab_001_xy_connection_20260626/runlog.md:4431,not inferred from log mention,7f5d641e5b296cc97994e9788939e1b14d8dc57613f7677ac21a061cd01db5ba,Only that the ID occurs in an official-state log.,"No execution, QA, or scientific completion implied.",Locate producer run or explicitly archive as historical/log-only.,reverse trace from official log to producer evidence.,historical/unknown,2026-07-31T11:36:30+09:00,experiments/lab_001_xy_connection_20260626/runlog.md,not_assessed
R09-20260707-020R,training_feature_selection,Historic official-log work ID; no matching direct result root identified in this cutoff.,unresolved; producer run/evidence must be located,log-provenance record only,,,unresolved_log_only,not inferred,no_result_root_or_qa_evidence_identified,unresolved,unresolved,unresolved,not_assessed,,experiments/lab_001_xy_connection_20260626/runlog.md:4475,not inferred from log mention,7f5d641e5b296cc97994e9788939e1b14d8dc57613f7677ac21a061cd01db5ba,Only that the ID occurs in an official-state log.,"No execution, QA, or scientific completion implied.",Locate producer run or explicitly archive as historical/log-only.,reverse trace from official log to producer evidence.,historical/unknown,2026-07-31T11:36:30+09:00,experiments/lab_001_xy_connection_20260626/runlog.md,not_assessed
R09-20260707-020S,training_feature_selection,Historic official-log work ID; no matching direct result root identified in this cutoff.,unresolved; producer run/evidence must be located,log-provenance record only,,,unresolved_log_only,not inferred,no_result_root_or_qa_evidence_identified,unresolved,unresolved,unresolved,not_assessed,,experiments/lab_001_xy_connection_20260626/runlog.md:4537,not inferred from log mention,7f5d641e5b296cc97994e9788939e1b14d8dc57613f7677ac21a061cd01db5ba,Only that the ID occurs in an official-state log.,"No execution, QA, or scientific completion implied.",Locate producer run or explicitly archive as historical/log-only.,reverse trace from official log to producer evidence.,historical/unknown,2026-07-31T11:36:30+09:00,experiments/lab_001_xy_connection_20260626/runlog.md,not_assessed
R09-20260707-020T,training_feature_selection,Historic official-log work ID; no matching direct result root identified in this cutoff.,unresolved; producer run/evidence must be located,log-provenance record only,,,unresolved_log_only,not inferred,no_result_root_or_qa_evidence_identified,unresolved,unresolved,unresolved,not_assessed,,experiments/lab_001_xy_connection_20260626/runlog.md:4589,not inferred from log mention,7f5d641e5b296cc97994e9788939e1b14d8dc57613f7677ac21a061cd01db5ba,Only that the ID occurs in an official-state log.,"No execution, QA, or scientific completion implied.",Locate producer run or explicitly archive as historical/log-only.,reverse trace from official log to producer evidence.,historical/unknown,2026-07-31T11:36:30+09:00,experiments/lab_001_xy_connection_20260626/runlog.md,not_assessed
R09-20260708-020T,training_feature_selection,Historic official-log work ID; no matching direct result root identified in this cutoff.,unresolved; producer run/evidence must be located,log-provenance record only,,,unresolved_log_only,not inferred,no_result_root_or_qa_evidence_identified,unresolved,unresolved,unresolved,not_assessed,,experiments/lab_001_xy_connection_20260626/runlog.md:4601,not inferred from log mention,7f5d641e5b296cc97994e9788939e1b14d8dc57613f7677ac21a061cd01db5ba,Only that the ID occurs in an official-state log.,"No execution, QA, or scientific completion implied.",Locate producer run or explicitly archive as historical/log-only.,reverse trace from official log to producer evidence.,historical/unknown,2026-07-31T11:36:30+09:00,experiments/lab_001_xy_connection_20260626/runlog.md,not_assessed
R09-20260708-020U,training_feature_selection,Historic official-log work ID; no matching direct result root identified in this cutoff.,unresolved; producer run/evidence must be located,log-provenance record only,,,unresolved_log_only,not inferred,no_result_root_or_qa_evidence_identified,unresolved,unresolved,unresolved,not_assessed,,experiments/lab_001_xy_connection_20260626/runlog.md:4702,not inferred from log mention,7f5d641e5b296cc97994e9788939e1b14d8dc57613f7677ac21a061cd01db5ba,Only that the ID occurs in an official-state log.,"No execution, QA, or scientific completion implied.",Locate producer run or explicitly archive as historical/log-only.,reverse trace from official log to producer evidence.,historical/unknown,2026-07-31T11:36:30+09:00,experiments/lab_001_xy_connection_20260626/runlog.md,not_assessed
R09-20260714-THETA-002,training_feature_selection,Historic official-log work ID; no matching direct result root identified in this cutoff.,unresolved; producer run/evidence must be located,log-provenance record only,,,unresolved_log_only,not inferred,no_result_root_or_qa_evidence_identified,unresolved,unresolved,unresolved,not_assessed,,AI_START_HERE.md:4220,not inferred from log mention,53ccc7bd56ab05cc78c512506904061f2486a31c808aea8dd59437bb0a983343,Only that the ID occurs in an official-state log.,"No execution, QA, or scientific completion implied.",Locate producer run or explicitly archive as historical/log-only.,reverse trace from official log to producer evidence.,historical/unknown,2026-07-31T11:36:30+09:00,AI_START_HERE.md,not_assessed
R09-20260715-RESLICE-003,training_feature_selection,Historic official-log work ID; no matching direct result root identified in this cutoff.,unresolved; producer run/evidence must be located,log-provenance record only,,,unresolved_log_only,not inferred,no_result_root_or_qa_evidence_identified,unresolved,unresolved,unresolved,not_assessed,,AI_START_HERE.md:659,not inferred from log mention,53ccc7bd56ab05cc78c512506904061f2486a31c808aea8dd59437bb0a983343,Only that the ID occurs in an official-state log.,"No execution, QA, or scientific completion implied.",Locate producer run or explicitly archive as historical/log-only.,reverse trace from official log to producer evidence.,historical/unknown,2026-07-31T11:36:30+09:00,AI_START_HERE.md,not_assessed
R09-20260720-TOUR-C001-T3C-GM-001,training_feature_selection,Historic official-log work ID; no matching direct result root identified in this cutoff.,unresolved; producer run/evidence must be located,log-provenance record only,,,unresolved_log_only,not inferred,no_result_root_or_qa_evidence_identified,unresolved,unresolved,unresolved,not_assessed,,outputs/URP4-1_ROADMAP_LOG.md:8045,not inferred from log mention,bd3c4fb6da9e2e13aae70329b6279201395209e11da9a1543f1a5cd73bb90f47,Only that the ID occurs in an official-state log.,"No execution, QA, or scientific completion implied.",Locate producer run or explicitly archive as historical/log-only.,reverse trace from official log to producer evidence.,historical/unknown,2026-07-31T11:36:30+09:00,outputs/URP4-1_ROADMAP_LOG.md,not_assessed
R09-20260720-TOUR-C001-T3D-GM-NESTED-001,training_feature_selection,Historic official-log work ID; no matching direct result root identified in this cutoff.,unresolved; producer run/evidence must be located,log-provenance record only,,,unresolved_log_only,not inferred,no_result_root_or_qa_evidence_identified,unresolved,unresolved,unresolved,not_assessed,,outputs/URP4-1_ROADMAP_LOG.md:8078,not inferred from log mention,bd3c4fb6da9e2e13aae70329b6279201395209e11da9a1543f1a5cd73bb90f47,Only that the ID occurs in an official-state log.,"No execution, QA, or scientific completion implied.",Locate producer run or explicitly archive as historical/log-only.,reverse trace from official log to producer evidence.,historical/unknown,2026-07-31T11:36:30+09:00,outputs/URP4-1_ROADMAP_LOG.md,not_assessed
R09-20260720-TOUR-C001-T3E-L-DOMAIN-ANGLE-001,training_feature_selection,Historic official-log work ID; no matching direct result root identified in this cutoff.,unresolved; producer run/evidence must be located,log-provenance record only,,,unresolved_log_only,not inferred,no_result_root_or_qa_evidence_identified,unresolved,unresolved,unresolved,not_assessed,,outputs/URP4-1_ROADMAP_LOG.md:8112,not inferred from log mention,bd3c4fb6da9e2e13aae70329b6279201395209e11da9a1543f1a5cd73bb90f47,Only that the ID occurs in an official-state log.,"No execution, QA, or scientific completion implied.",Locate producer run or explicitly archive as historical/log-only.,reverse trace from official log to producer evidence.,historical/unknown,2026-07-31T11:36:30+09:00,outputs/URP4-1_ROADMAP_LOG.md,not_assessed
R09-20260720-TOUR-C001-T3F-ARCH-001,training_feature_selection,Historic official-log work ID; no matching direct result root identified in this cutoff.,unresolved; producer run/evidence must be located,log-provenance record only,,,unresolved_log_only,not inferred,no_result_root_or_qa_evidence_identified,unresolved,unresolved,unresolved,not_assessed,,outputs/URP4-1_ROADMAP_LOG.md:8148,not inferred from log mention,bd3c4fb6da9e2e13aae70329b6279201395209e11da9a1543f1a5cd73bb90f47,Only that the ID occurs in an official-state log.,"No execution, QA, or scientific completion implied.",Locate producer run or explicitly archive as historical/log-only.,reverse trace from official log to producer evidence.,historical/unknown,2026-07-31T11:36:30+09:00,outputs/URP4-1_ROADMAP_LOG.md,not_assessed
R09-20260720-TOUR-C001-T3F-E1-ARCH-001,training_feature_selection,Historic official-log work ID; no matching direct result root identified in this cutoff.,unresolved; producer run/evidence must be located,log-provenance record only,,,unresolved_log_only,not inferred,no_result_root_or_qa_evidence_identified,unresolved,unresolved,unresolved,not_assessed,,outputs/URP4-1_ROADMAP_LOG.md:8184,not inferred from log mention,bd3c4fb6da9e2e13aae70329b6279201395209e11da9a1543f1a5cd73bb90f47,Only that the ID occurs in an official-state log.,"No execution, QA, or scientific completion implied.",Locate producer run or explicitly archive as historical/log-only.,reverse trace from official log to producer evidence.,historical/unknown,2026-07-31T11:36:30+09:00,outputs/URP4-1_ROADMAP_LOG.md,not_assessed
R09-20260720-TOUR-C001-T3G-DECISION-001,training_feature_selection,Historic official-log work ID; no matching direct result root identified in this cutoff.,unresolved; producer run/evidence must be located,log-provenance record only,,,unresolved_log_only,not inferred,no_result_root_or_qa_evidence_identified,unresolved,unresolved,unresolved,not_assessed,,outputs/URP4-1_ROADMAP_LOG.md:8217,not inferred from log mention,bd3c4fb6da9e2e13aae70329b6279201395209e11da9a1543f1a5cd73bb90f47,Only that the ID occurs in an official-state log.,"No execution, QA, or scientific completion implied.",Locate producer run or explicitly archive as historical/log-only.,reverse trace from official log to producer evidence.,historical/unknown,2026-07-31T11:36:30+09:00,outputs/URP4-1_ROADMAP_LOG.md,not_assessed
R09-20260720-TOUR-C001-T3H-GX-PREREG-001,training_feature_selection,Historic official-log work ID; no matching direct result root identified in this cutoff.,unresolved; producer run/evidence must be located,log-provenance record only,,,unresolved_log_only,not inferred,no_result_root_or_qa_evidence_identified,unresolved,unresolved,unresolved,not_assessed,,outputs/URP4-1_ROADMAP_LOG.md:8248,not inferred from log mention,bd3c4fb6da9e2e13aae70329b6279201395209e11da9a1543f1a5cd73bb90f47,Only that the ID occurs in an official-state log.,"No execution, QA, or scientific completion implied.",Locate producer run or explicitly archive as historical/log-only.,reverse trace from official log to producer evidence.,historical/unknown,2026-07-31T11:36:30+09:00,outputs/URP4-1_ROADMAP_LOG.md,not_assessed
R09-20260720-TOUR-C001-T3H-GX-TARGET-TRANSFER-001,training_feature_selection,Historic official-log work ID; no matching direct result root identified in this cutoff.,unresolved; producer run/evidence must be located,log-provenance record only,,,unresolved_log_only,not inferred,no_result_root_or_qa_evidence_identified,unresolved,unresolved,unresolved,not_assessed,,outputs/URP4-1_ROADMAP_LOG.md:8282,not inferred from log mention,bd3c4fb6da9e2e13aae70329b6279201395209e11da9a1543f1a5cd73bb90f47,Only that the ID occurs in an official-state log.,"No execution, QA, or scientific completion implied.",Locate producer run or explicitly archive as historical/log-only.,reverse trace from official log to producer evidence.,historical/unknown,2026-07-31T11:36:30+09:00,outputs/URP4-1_ROADMAP_LOG.md,not_assessed
R09-20260720-TOUR-C001-T4R-001,training_feature_selection,Historic official-log work ID; no matching direct result root identified in this cutoff.,unresolved; producer run/evidence must be located,log-provenance record only,,,unresolved_log_only,not inferred,no_result_root_or_qa_evidence_identified,unresolved,unresolved,unresolved,not_assessed,,outputs/URP4-1_ROADMAP_LOG.md:7841,not inferred from log mention,bd3c4fb6da9e2e13aae70329b6279201395209e11da9a1543f1a5cd73bb90f47,Only that the ID occurs in an official-state log.,"No execution, QA, or scientific completion implied.",Locate producer run or explicitly archive as historical/log-only.,reverse trace from official log to producer evidence.,historical/unknown,2026-07-31T11:36:30+09:00,outputs/URP4-1_ROADMAP_LOG.md,not_assessed
R09-20260720-TOUR-C001-T4R-SLICE-001,training_feature_selection,Historic official-log work ID; no matching direct result root identified in this cutoff.,unresolved; producer run/evidence must be located,log-provenance record only,,,unresolved_log_only,not inferred,no_result_root_or_qa_evidence_identified,unresolved,unresolved,unresolved,not_assessed,,outputs/URP4-1_ROADMAP_LOG.md:7874,not inferred from log mention,bd3c4fb6da9e2e13aae70329b6279201395209e11da9a1543f1a5cd73bb90f47,Only that the ID occurs in an official-state log.,"No execution, QA, or scientific completion implied.",Locate producer run or explicitly archive as historical/log-only.,reverse trace from official log to producer evidence.,historical/unknown,2026-07-31T11:36:30+09:00,outputs/URP4-1_ROADMAP_LOG.md,not_assessed
R09-20260720-TOUR-C001-T4R-SLICE-002,training_feature_selection,Historic official-log work ID; no matching direct result root identified in this cutoff.,unresolved; producer run/evidence must be located,log-provenance record only,,,unresolved_log_only,not inferred,no_result_root_or_qa_evidence_identified,unresolved,unresolved,unresolved,not_assessed,,outputs/URP4-1_ROADMAP_LOG.md:7907,not inferred from log mention,bd3c4fb6da9e2e13aae70329b6279201395209e11da9a1543f1a5cd73bb90f47,Only that the ID occurs in an official-state log.,"No execution, QA, or scientific completion implied.",Locate producer run or explicitly archive as historical/log-only.,reverse trace from official log to producer evidence.,historical/unknown,2026-07-31T11:36:30+09:00,outputs/URP4-1_ROADMAP_LOG.md,not_assessed
R09-20260720-TOUR-C001-T4R-SLICE-003A,training_feature_selection,Historic official-log work ID; no matching direct result root identified in this cutoff.,unresolved; producer run/evidence must be located,log-provenance record only,,,unresolved_log_only,not inferred,no_result_root_or_qa_evidence_identified,unresolved,unresolved,unresolved,not_assessed,,outputs/URP4-1_ROADMAP_LOG.md:7940,not inferred from log mention,bd3c4fb6da9e2e13aae70329b6279201395209e11da9a1543f1a5cd73bb90f47,Only that the ID occurs in an official-state log.,"No execution, QA, or scientific completion implied.",Locate producer run or explicitly archive as historical/log-only.,reverse trace from official log to producer evidence.,historical/unknown,2026-07-31T11:36:30+09:00,outputs/URP4-1_ROADMAP_LOG.md,not_assessed
R09-20260720-TOUR-C001-T4R-SLICE-004,training_feature_selection,Historic official-log work ID; no matching direct result root identified in this cutoff.,unresolved; producer run/evidence must be located,log-provenance record only,,,unresolved_log_only,not inferred,no_result_root_or_qa_evidence_identified,unresolved,unresolved,unresolved,not_assessed,,outputs/URP4-1_ROADMAP_LOG.md:7981,not inferred from log mention,bd3c4fb6da9e2e13aae70329b6279201395209e11da9a1543f1a5cd73bb90f47,Only that the ID occurs in an official-state log.,"No execution, QA, or scientific completion implied.",Locate producer run or explicitly archive as historical/log-only.,reverse trace from official log to producer evidence.,historical/unknown,2026-07-31T11:36:30+09:00,outputs/URP4-1_ROADMAP_LOG.md,not_assessed
R09-20260721-SLICE-005,training_feature_selection,Historic official-log work ID; no matching direct result root identified in this cutoff.,unresolved; producer run/evidence must be located,log-provenance record only,,,unresolved_log_only,not inferred,no_result_root_or_qa_evidence_identified,unresolved,unresolved,unresolved,not_assessed,,AI_START_HERE.md:251,not inferred from log mention,53ccc7bd56ab05cc78c512506904061f2486a31c808aea8dd59437bb0a983343,Only that the ID occurs in an official-state log.,"No execution, QA, or scientific completion implied.",Locate producer run or explicitly archive as historical/log-only.,reverse trace from official log to producer evidence.,historical/unknown,2026-07-31T11:36:30+09:00,AI_START_HERE.md,not_assessed
R09-20260721-STRICT-L7-002,training_feature_selection,Historic official-log work ID; no matching direct result root identified in this cutoff.,unresolved; producer run/evidence must be located,log-provenance record only,,,unresolved_log_only,not inferred,no_result_root_or_qa_evidence_identified,unresolved,unresolved,unresolved,not_assessed,,outputs/URP4-1_ROADMAP_LOG.md:8547,not inferred from log mention,bd3c4fb6da9e2e13aae70329b6279201395209e11da9a1543f1a5cd73bb90f47,Only that the ID occurs in an official-state log.,"No execution, QA, or scientific completion implied.",Locate producer run or explicitly archive as historical/log-only.,reverse trace from official log to producer evidence.,historical/unknown,2026-07-31T11:36:30+09:00,outputs/URP4-1_ROADMAP_LOG.md,not_assessed
R09-20260723-STRICT-REC-001,training_feature_selection,Historic official-log work ID; no matching direct result root identified in this cutoff.,unresolved; producer run/evidence must be located,log-provenance record only,,,unresolved_log_only,not inferred,no_result_root_or_qa_evidence_identified,unresolved,unresolved,unresolved,not_assessed,,outputs/URP4-1_ROADMAP_LOG.md:9947,not inferred from log mention,bd3c4fb6da9e2e13aae70329b6279201395209e11da9a1543f1a5cd73bb90f47,Only that the ID occurs in an official-state log.,"No execution, QA, or scientific completion implied.",Locate producer run or explicitly archive as historical/log-only.,reverse trace from official log to producer evidence.,historical/unknown,2026-07-31T11:36:30+09:00,outputs/URP4-1_ROADMAP_LOG.md,not_assessed
R09-20260724-STRICT-GEOM-001,training_feature_selection,Historic official-log work ID; no matching direct result root identified in this cutoff.,unresolved; producer run/evidence must be located,log-provenance record only,,,unresolved_log_only,not inferred,no_result_root_or_qa_evidence_identified,unresolved,unresolved,unresolved,not_assessed,,outputs/URP4-1_ROADMAP_LOG.md:10045,not inferred from log mention,bd3c4fb6da9e2e13aae70329b6279201395209e11da9a1543f1a5cd73bb90f47,Only that the ID occurs in an official-state log.,"No execution, QA, or scientific completion implied.",Locate producer run or explicitly archive as historical/log-only.,reverse trace from official log to producer evidence.,historical/unknown,2026-07-31T11:36:30+09:00,outputs/URP4-1_ROADMAP_LOG.md,not_assessed
R09-20260724-STRICT-GEOM-002,training_feature_selection,Historic official-log work ID; no matching direct result root identified in this cutoff.,unresolved; producer run/evidence must be located,log-provenance record only,,,unresolved_log_only,not inferred,no_result_root_or_qa_evidence_identified,unresolved,unresolved,unresolved,not_assessed,,outputs/URP4-1_ROADMAP_LOG.md:10071,not inferred from log mention,bd3c4fb6da9e2e13aae70329b6279201395209e11da9a1543f1a5cd73bb90f47,Only that the ID occurs in an official-state log.,"No execution, QA, or scientific completion implied.",Locate producer run or explicitly archive as historical/log-only.,reverse trace from official log to producer evidence.,historical/unknown,2026-07-31T11:36:30+09:00,outputs/URP4-1_ROADMAP_LOG.md,not_assessed
R09-20260724-STRICT-GEOM-003,training_feature_selection,Historic official-log work ID; no matching direct result root identified in this cutoff.,unresolved; producer run/evidence must be located,log-provenance record only,,,unresolved_log_only,not inferred,no_result_root_or_qa_evidence_identified,unresolved,unresolved,unresolved,not_assessed,,outputs/URP4-1_ROADMAP_LOG.md:10079,not inferred from log mention,bd3c4fb6da9e2e13aae70329b6279201395209e11da9a1543f1a5cd73bb90f47,Only that the ID occurs in an official-state log.,"No execution, QA, or scientific completion implied.",Locate producer run or explicitly archive as historical/log-only.,reverse trace from official log to producer evidence.,historical/unknown,2026-07-31T11:36:30+09:00,outputs/URP4-1_ROADMAP_LOG.md,not_assessed
R09-20260724-STRICT-GEOM-004,training_feature_selection,Historic official-log work ID; no matching direct result root identified in this cutoff.,unresolved; producer run/evidence must be located,log-provenance record only,,,unresolved_log_only,not inferred,no_result_root_or_qa_evidence_identified,unresolved,unresolved,unresolved,not_assessed,,outputs/URP4-1_ROADMAP_LOG.md:10087,not inferred from log mention,bd3c4fb6da9e2e13aae70329b6279201395209e11da9a1543f1a5cd73bb90f47,Only that the ID occurs in an official-state log.,"No execution, QA, or scientific completion implied.",Locate producer run or explicitly archive as historical/log-only.,reverse trace from official log to producer evidence.,historical/unknown,2026-07-31T11:36:30+09:00,outputs/URP4-1_ROADMAP_LOG.md,not_assessed
R09-20260724-STRICT-GEOM-005,training_feature_selection,Historic official-log work ID; no matching direct result root identified in this cutoff.,unresolved; producer run/evidence must be located,log-provenance record only,,,unresolved_log_only,not inferred,no_result_root_or_qa_evidence_identified,unresolved,unresolved,unresolved,not_assessed,,outputs/URP4-1_ROADMAP_LOG.md:10095,not inferred from log mention,bd3c4fb6da9e2e13aae70329b6279201395209e11da9a1543f1a5cd73bb90f47,Only that the ID occurs in an official-state log.,"No execution, QA, or scientific completion implied.",Locate producer run or explicitly archive as historical/log-only.,reverse trace from official log to producer evidence.,historical/unknown,2026-07-31T11:36:30+09:00,outputs/URP4-1_ROADMAP_LOG.md,not_assessed
R09-20260724-STRICT-GEOM-006,training_feature_selection,Historic official-log work ID; no matching direct result root identified in this cutoff.,unresolved; producer run/evidence must be located,log-provenance record only,,,unresolved_log_only,not inferred,no_result_root_or_qa_evidence_identified,unresolved,unresolved,unresolved,not_assessed,,outputs/URP4-1_ROADMAP_LOG.md:10103,not inferred from log mention,bd3c4fb6da9e2e13aae70329b6279201395209e11da9a1543f1a5cd73bb90f47,Only that the ID occurs in an official-state log.,"No execution, QA, or scientific completion implied.",Locate producer run or explicitly archive as historical/log-only.,reverse trace from official log to producer evidence.,historical/unknown,2026-07-31T11:36:30+09:00,outputs/URP4-1_ROADMAP_LOG.md,not_assessed
R09-20260724-STRICT-STEP-001,training_feature_selection,Historic official-log work ID; no matching direct result root identified in this cutoff.,unresolved; producer run/evidence must be located,log-provenance record only,,,unresolved_log_only,not inferred,no_result_root_or_qa_evidence_identified,unresolved,unresolved,unresolved,not_assessed,,outputs/URP4-1_ROADMAP_LOG.md:10037,not inferred from log mention,bd3c4fb6da9e2e13aae70329b6279201395209e11da9a1543f1a5cd73bb90f47,Only that the ID occurs in an official-state log.,"No execution, QA, or scientific completion implied.",Locate producer run or explicitly archive as historical/log-only.,reverse trace from official log to producer evidence.,historical/unknown,2026-07-31T11:36:30+09:00,outputs/URP4-1_ROADMAP_LOG.md,not_assessed
R09-20260725-STRICT-GEOM-006,training_feature_selection,Historic official-log work ID; no matching direct result root identified in this cutoff.,unresolved; producer run/evidence must be located,log-provenance record only,,,unresolved_log_only,not inferred,no_result_root_or_qa_evidence_identified,unresolved,unresolved,unresolved,not_assessed,,outputs/URP4-1_ROADMAP_LOG.md:10111,not inferred from log mention,bd3c4fb6da9e2e13aae70329b6279201395209e11da9a1543f1a5cd73bb90f47,Only that the ID occurs in an official-state log.,"No execution, QA, or scientific completion implied.",Locate producer run or explicitly archive as historical/log-only.,reverse trace from official log to producer evidence.,historical/unknown,2026-07-31T11:36:30+09:00,outputs/URP4-1_ROADMAP_LOG.md,not_assessed
R09-20260726-STRICT-GEOM-007,training_feature_selection,Historic official-log work ID; no matching direct result root identified in this cutoff.,unresolved; producer run/evidence must be located,log-provenance record only,,,unresolved_log_only,not inferred,no_result_root_or_qa_evidence_identified,unresolved,unresolved,unresolved,not_assessed,,outputs/URP4-1_ROADMAP_LOG.md:10119,not inferred from log mention,bd3c4fb6da9e2e13aae70329b6279201395209e11da9a1543f1a5cd73bb90f47,Only that the ID occurs in an official-state log.,"No execution, QA, or scientific completion implied.",Locate producer run or explicitly archive as historical/log-only.,reverse trace from official log to producer evidence.,historical/unknown,2026-07-31T11:36:30+09:00,outputs/URP4-1_ROADMAP_LOG.md,not_assessed
R09-20260726-STRICT-GEOM-008,training_feature_selection,Historic official-log work ID; no matching direct result root identified in this cutoff.,unresolved; producer run/evidence must be located,log-provenance record only,,,unresolved_log_only,not inferred,no_result_root_or_qa_evidence_identified,unresolved,unresolved,unresolved,not_assessed,,outputs/URP4-1_ROADMAP_LOG.md:10138,not inferred from log mention,bd3c4fb6da9e2e13aae70329b6279201395209e11da9a1543f1a5cd73bb90f47,Only that the ID occurs in an official-state log.,"No execution, QA, or scientific completion implied.",Locate producer run or explicitly archive as historical/log-only.,reverse trace from official log to producer evidence.,historical/unknown,2026-07-31T11:36:30+09:00,outputs/URP4-1_ROADMAP_LOG.md,not_assessed
R09-20260726-STRICT-GEOM-009,training_feature_selection,Historic official-log work ID; no matching direct result root identified in this cutoff.,unresolved; producer run/evidence must be located,log-provenance record only,,,unresolved_log_only,not inferred,no_result_root_or_qa_evidence_identified,unresolved,unresolved,unresolved,not_assessed,,outputs/URP4-1_ROADMAP_LOG.md:10148,not inferred from log mention,bd3c4fb6da9e2e13aae70329b6279201395209e11da9a1543f1a5cd73bb90f47,Only that the ID occurs in an official-state log.,"No execution, QA, or scientific completion implied.",Locate producer run or explicitly archive as historical/log-only.,reverse trace from official log to producer evidence.,historical/unknown,2026-07-31T11:36:30+09:00,outputs/URP4-1_ROADMAP_LOG.md,not_assessed
R09-20260726-STRICT-GEOM-010,training_feature_selection,Historic official-log work ID; no matching direct result root identified in this cutoff.,unresolved; producer run/evidence must be located,log-provenance record only,,,unresolved_log_only,not inferred,no_result_root_or_qa_evidence_identified,unresolved,unresolved,unresolved,not_assessed,,outputs/URP4-1_ROADMAP_LOG.md:10158,not inferred from log mention,bd3c4fb6da9e2e13aae70329b6279201395209e11da9a1543f1a5cd73bb90f47,Only that the ID occurs in an official-state log.,"No execution, QA, or scientific completion implied.",Locate producer run or explicitly archive as historical/log-only.,reverse trace from official log to producer evidence.,historical/unknown,2026-07-31T11:36:30+09:00,outputs/URP4-1_ROADMAP_LOG.md,not_assessed
R09-20260726-STRICT-GEOM-011,training_feature_selection,Historic official-log work ID; no matching direct result root identified in this cutoff.,unresolved; producer run/evidence must be located,log-provenance record only,,,unresolved_log_only,not inferred,no_result_root_or_qa_evidence_identified,unresolved,unresolved,unresolved,not_assessed,,outputs/URP4-1_ROADMAP_LOG.md:10168,not inferred from log mention,bd3c4fb6da9e2e13aae70329b6279201395209e11da9a1543f1a5cd73bb90f47,Only that the ID occurs in an official-state log.,"No execution, QA, or scientific completion implied.",Locate producer run or explicitly archive as historical/log-only.,reverse trace from official log to producer evidence.,historical/unknown,2026-07-31T11:36:30+09:00,outputs/URP4-1_ROADMAP_LOG.md,not_assessed
R09-20260726-STRICT-GEOM-012,training_feature_selection,Historic official-log work ID; no matching direct result root identified in this cutoff.,unresolved; producer run/evidence must be located,log-provenance record only,,,unresolved_log_only,not inferred,no_result_root_or_qa_evidence_identified,unresolved,unresolved,unresolved,not_assessed,,outputs/URP4-1_ROADMAP_LOG.md:10178,not inferred from log mention,bd3c4fb6da9e2e13aae70329b6279201395209e11da9a1543f1a5cd73bb90f47,Only that the ID occurs in an official-state log.,"No execution, QA, or scientific completion implied.",Locate producer run or explicitly archive as historical/log-only.,reverse trace from official log to producer evidence.,historical/unknown,2026-07-31T11:36:30+09:00,outputs/URP4-1_ROADMAP_LOG.md,not_assessed
R09-20260726-STRICT-GEOM-013,training_feature_selection,Historic official-log work ID; no matching direct result root identified in this cutoff.,unresolved; producer run/evidence must be located,log-provenance record only,,,unresolved_log_only,not inferred,no_result_root_or_qa_evidence_identified,unresolved,unresolved,unresolved,not_assessed,,outputs/URP4-1_ROADMAP_LOG.md:10188,not inferred from log mention,bd3c4fb6da9e2e13aae70329b6279201395209e11da9a1543f1a5cd73bb90f47,Only that the ID occurs in an official-state log.,"No execution, QA, or scientific completion implied.",Locate producer run or explicitly archive as historical/log-only.,reverse trace from official log to producer evidence.,historical/unknown,2026-07-31T11:36:30+09:00,outputs/URP4-1_ROADMAP_LOG.md,not_assessed
R09-20260727-IMSTL-001,training_feature_selection,Historic official-log work ID; no matching direct result root identified in this cutoff.,unresolved; producer run/evidence must be located,log-provenance record only,,,unresolved_log_only,not inferred,no_result_root_or_qa_evidence_identified,unresolved,unresolved,unresolved,not_assessed,,outputs/URP4-1_ROADMAP_LOG.md:10297,not inferred from log mention,bd3c4fb6da9e2e13aae70329b6279201395209e11da9a1543f1a5cd73bb90f47,Only that the ID occurs in an official-state log.,"No execution, QA, or scientific completion implied.",Locate producer run or explicitly archive as historical/log-only.,reverse trace from official log to producer evidence.,historical/unknown,2026-07-31T11:36:30+09:00,outputs/URP4-1_ROADMAP_LOG.md,not_assessed
R09-20260727-IMSTL-002,training_feature_selection,Historic official-log work ID; no matching direct result root identified in this cutoff.,unresolved; producer run/evidence must be located,log-provenance record only,,,unresolved_log_only,not inferred,no_result_root_or_qa_evidence_identified,unresolved,unresolved,unresolved,not_assessed,,outputs/URP4-1_ROADMAP_LOG.md:10307,not inferred from log mention,bd3c4fb6da9e2e13aae70329b6279201395209e11da9a1543f1a5cd73bb90f47,Only that the ID occurs in an official-state log.,"No execution, QA, or scientific completion implied.",Locate producer run or explicitly archive as historical/log-only.,reverse trace from official log to producer evidence.,historical/unknown,2026-07-31T11:36:30+09:00,outputs/URP4-1_ROADMAP_LOG.md,not_assessed
R09-20260727-IMSTL-003,training_feature_selection,Historic official-log work ID; no matching direct result root identified in this cutoff.,unresolved; producer run/evidence must be located,log-provenance record only,,,unresolved_log_only,not inferred,no_result_root_or_qa_evidence_identified,unresolved,unresolved,unresolved,not_assessed,,outputs/URP4-1_ROADMAP_LOG.md:10315,not inferred from log mention,bd3c4fb6da9e2e13aae70329b6279201395209e11da9a1543f1a5cd73bb90f47,Only that the ID occurs in an official-state log.,"No execution, QA, or scientific completion implied.",Locate producer run or explicitly archive as historical/log-only.,reverse trace from official log to producer evidence.,historical/unknown,2026-07-31T11:36:30+09:00,outputs/URP4-1_ROADMAP_LOG.md,not_assessed
R09-20260727-STRICT-GEOM-014,training_feature_selection,Historic official-log work ID; no matching direct result root identified in this cutoff.,unresolved; producer run/evidence must be located,log-provenance record only,,,unresolved_log_only,not inferred,no_result_root_or_qa_evidence_identified,unresolved,unresolved,unresolved,not_assessed,,outputs/URP4-1_ROADMAP_LOG.md:10198,not inferred from log mention,bd3c4fb6da9e2e13aae70329b6279201395209e11da9a1543f1a5cd73bb90f47,Only that the ID occurs in an official-state log.,"No execution, QA, or scientific completion implied.",Locate producer run or explicitly archive as historical/log-only.,reverse trace from official log to producer evidence.,historical/unknown,2026-07-31T11:36:30+09:00,outputs/URP4-1_ROADMAP_LOG.md,not_assessed
R09-20260727-STRICT-GEOM-015,training_feature_selection,Historic official-log work ID; no matching direct result root identified in this cutoff.,unresolved; producer run/evidence must be located,log-provenance record only,,,unresolved_log_only,not inferred,no_result_root_or_qa_evidence_identified,unresolved,unresolved,unresolved,not_assessed,,outputs/URP4-1_ROADMAP_LOG.md:10208,not inferred from log mention,bd3c4fb6da9e2e13aae70329b6279201395209e11da9a1543f1a5cd73bb90f47,Only that the ID occurs in an official-state log.,"No execution, QA, or scientific completion implied.",Locate producer run or explicitly archive as historical/log-only.,reverse trace from official log to producer evidence.,historical/unknown,2026-07-31T11:36:30+09:00,outputs/URP4-1_ROADMAP_LOG.md,not_assessed
R09-20260727-STRICT-GEOM-016,training_feature_selection,Historic official-log work ID; no matching direct result root identified in this cutoff.,unresolved; producer run/evidence must be located,log-provenance record only,,,unresolved_log_only,not inferred,no_result_root_or_qa_evidence_identified,unresolved,unresolved,unresolved,not_assessed,,outputs/URP4-1_ROADMAP_LOG.md:10217,not inferred from log mention,bd3c4fb6da9e2e13aae70329b6279201395209e11da9a1543f1a5cd73bb90f47,Only that the ID occurs in an official-state log.,"No execution, QA, or scientific completion implied.",Locate producer run or explicitly archive as historical/log-only.,reverse trace from official log to producer evidence.,historical/unknown,2026-07-31T11:36:30+09:00,outputs/URP4-1_ROADMAP_LOG.md,not_assessed
R09-20260727-STRICT-GEOM-017,training_feature_selection,Historic official-log work ID; no matching direct result root identified in this cutoff.,unresolved; producer run/evidence must be located,log-provenance record only,,,unresolved_log_only,not inferred,no_result_root_or_qa_evidence_identified,unresolved,unresolved,unresolved,not_assessed,,outputs/URP4-1_ROADMAP_LOG.md:10227,not inferred from log mention,bd3c4fb6da9e2e13aae70329b6279201395209e11da9a1543f1a5cd73bb90f47,Only that the ID occurs in an official-state log.,"No execution, QA, or scientific completion implied.",Locate producer run or explicitly archive as historical/log-only.,reverse trace from official log to producer evidence.,historical/unknown,2026-07-31T11:36:30+09:00,outputs/URP4-1_ROADMAP_LOG.md,not_assessed
R09-20260727-STRICT-GEOM-018,training_feature_selection,Historic official-log work ID; no matching direct result root identified in this cutoff.,unresolved; producer run/evidence must be located,log-provenance record only,,,unresolved_log_only,not inferred,no_result_root_or_qa_evidence_identified,unresolved,unresolved,unresolved,not_assessed,,outputs/URP4-1_ROADMAP_LOG.md:10237,not inferred from log mention,bd3c4fb6da9e2e13aae70329b6279201395209e11da9a1543f1a5cd73bb90f47,Only that the ID occurs in an official-state log.,"No execution, QA, or scientific completion implied.",Locate producer run or explicitly archive as historical/log-only.,reverse trace from official log to producer evidence.,historical/unknown,2026-07-31T11:36:30+09:00,outputs/URP4-1_ROADMAP_LOG.md,not_assessed
R09-20260727-STRICT-GEOM-019,training_feature_selection,Historic official-log work ID; no matching direct result root identified in this cutoff.,unresolved; producer run/evidence must be located,log-provenance record only,,,unresolved_log_only,not inferred,no_result_root_or_qa_evidence_identified,unresolved,unresolved,unresolved,not_assessed,,outputs/URP4-1_ROADMAP_LOG.md:10247,not inferred from log mention,bd3c4fb6da9e2e13aae70329b6279201395209e11da9a1543f1a5cd73bb90f47,Only that the ID occurs in an official-state log.,"No execution, QA, or scientific completion implied.",Locate producer run or explicitly archive as historical/log-only.,reverse trace from official log to producer evidence.,historical/unknown,2026-07-31T11:36:30+09:00,outputs/URP4-1_ROADMAP_LOG.md,not_assessed
R09-20260727-STRICT-GEOM-020,training_feature_selection,Historic official-log work ID; no matching direct result root identified in this cutoff.,unresolved; producer run/evidence must be located,log-provenance record only,,,unresolved_log_only,not inferred,no_result_root_or_qa_evidence_identified,unresolved,unresolved,unresolved,not_assessed,,outputs/URP4-1_ROADMAP_LOG.md:10257,not inferred from log mention,bd3c4fb6da9e2e13aae70329b6279201395209e11da9a1543f1a5cd73bb90f47,Only that the ID occurs in an official-state log.,"No execution, QA, or scientific completion implied.",Locate producer run or explicitly archive as historical/log-only.,reverse trace from official log to producer evidence.,historical/unknown,2026-07-31T11:36:30+09:00,outputs/URP4-1_ROADMAP_LOG.md,not_assessed
R09-20260728-HQ-AUDIT-002,training_feature_selection,Historic official-log work ID; no matching direct result root identified in this cutoff.,unresolved; producer run/evidence must be located,log-provenance record only,,,unresolved_log_only,not inferred,no_result_root_or_qa_evidence_identified,unresolved,unresolved,unresolved,not_assessed,,outputs/URP4-1_ROADMAP_LOG.md:10359,not inferred from log mention,bd3c4fb6da9e2e13aae70329b6279201395209e11da9a1543f1a5cd73bb90f47,Only that the ID occurs in an official-state log.,"No execution, QA, or scientific completion implied.",Locate producer run or explicitly archive as historical/log-only.,reverse trace from official log to producer evidence.,historical/unknown,2026-07-31T11:36:30+09:00,outputs/URP4-1_ROADMAP_LOG.md,not_assessed
R09-20260728-HQ-BLUEPRINT-001,training_feature_selection,Historic official-log work ID; no matching direct result root identified in this cutoff.,unresolved; producer run/evidence must be located,log-provenance record only,,,unresolved_log_only,not inferred,no_result_root_or_qa_evidence_identified,unresolved,unresolved,unresolved,not_assessed,,outputs/URP4-1_ROADMAP_LOG.md:10387,not inferred from log mention,bd3c4fb6da9e2e13aae70329b6279201395209e11da9a1543f1a5cd73bb90f47,Only that the ID occurs in an official-state log.,"No execution, QA, or scientific completion implied.",Locate producer run or explicitly archive as historical/log-only.,reverse trace from official log to producer evidence.,historical/unknown,2026-07-31T11:36:30+09:00,outputs/URP4-1_ROADMAP_LOG.md,not_assessed
R09-20260728-HQ-FINAL-001,training_feature_selection,Historic official-log work ID; no matching direct result root identified in this cutoff.,unresolved; producer run/evidence must be located,log-provenance record only,,,unresolved_log_only,not inferred,no_result_root_or_qa_evidence_identified,unresolved,unresolved,unresolved,not_assessed,,outputs/URP4-1_ROADMAP_LOG.md:10349,not inferred from log mention,bd3c4fb6da9e2e13aae70329b6279201395209e11da9a1543f1a5cd73bb90f47,Only that the ID occurs in an official-state log.,"No execution, QA, or scientific completion implied.",Locate producer run or explicitly archive as historical/log-only.,reverse trace from official log to producer evidence.,historical/unknown,2026-07-31T11:36:30+09:00,outputs/URP4-1_ROADMAP_LOG.md,not_assessed
R09-20260728-HQ-GEOM-001,training_feature_selection,Historic official-log work ID; no matching direct result root identified in this cutoff.,unresolved; producer run/evidence must be located,log-provenance record only,,,unresolved_log_only,not inferred,no_result_root_or_qa_evidence_identified,unresolved,unresolved,unresolved,not_assessed,,outputs/URP4-1_ROADMAP_LOG.md:10408,not inferred from log mention,bd3c4fb6da9e2e13aae70329b6279201395209e11da9a1543f1a5cd73bb90f47,Only that the ID occurs in an official-state log.,"No execution, QA, or scientific completion implied.",Locate producer run or explicitly archive as historical/log-only.,reverse trace from official log to producer evidence.,historical/unknown,2026-07-31T11:36:30+09:00,outputs/URP4-1_ROADMAP_LOG.md,not_assessed
R09-20260728-HQ-GEOM-002,training_feature_selection,Historic official-log work ID; no matching direct result root identified in this cutoff.,unresolved; producer run/evidence must be located,log-provenance record only,,,unresolved_log_only,not inferred,no_result_root_or_qa_evidence_identified,unresolved,unresolved,unresolved,not_assessed,,outputs/URP4-1_ROADMAP_LOG.md:10416,not inferred from log mention,bd3c4fb6da9e2e13aae70329b6279201395209e11da9a1543f1a5cd73bb90f47,Only that the ID occurs in an official-state log.,"No execution, QA, or scientific completion implied.",Locate producer run or explicitly archive as historical/log-only.,reverse trace from official log to producer evidence.,historical/unknown,2026-07-31T11:36:30+09:00,outputs/URP4-1_ROADMAP_LOG.md,not_assessed
R09-20260728-HQ-GEOM-003,training_feature_selection,Historic official-log work ID; no matching direct result root identified in this cutoff.,unresolved; producer run/evidence must be located,log-provenance record only,,,unresolved_log_only,not inferred,no_result_root_or_qa_evidence_identified,unresolved,unresolved,unresolved,not_assessed,,outputs/URP4-1_ROADMAP_LOG.md:10424,not inferred from log mention,bd3c4fb6da9e2e13aae70329b6279201395209e11da9a1543f1a5cd73bb90f47,Only that the ID occurs in an official-state log.,"No execution, QA, or scientific completion implied.",Locate producer run or explicitly archive as historical/log-only.,reverse trace from official log to producer evidence.,historical/unknown,2026-07-31T11:36:30+09:00,outputs/URP4-1_ROADMAP_LOG.md,not_assessed
R09-20260728-IMSTL-004,training_feature_selection,Historic official-log work ID; no matching direct result root identified in this cutoff.,unresolved; producer run/evidence must be located,log-provenance record only,,,unresolved_log_only,not inferred,no_result_root_or_qa_evidence_identified,unresolved,unresolved,unresolved,not_assessed,,outputs/URP4-1_ROADMAP_LOG.md:10323,not inferred from log mention,bd3c4fb6da9e2e13aae70329b6279201395209e11da9a1543f1a5cd73bb90f47,Only that the ID occurs in an official-state log.,"No execution, QA, or scientific completion implied.",Locate producer run or explicitly archive as historical/log-only.,reverse trace from official log to producer evidence.,historical/unknown,2026-07-31T11:36:30+09:00,outputs/URP4-1_ROADMAP_LOG.md,not_assessed
R09-20260728-IMSTL-005,training_feature_selection,Historic official-log work ID; no matching direct result root identified in this cutoff.,unresolved; producer run/evidence must be located,log-provenance record only,,,unresolved_log_only,not inferred,no_result_root_or_qa_evidence_identified,unresolved,unresolved,unresolved,not_assessed,,outputs/URP4-1_ROADMAP_LOG.md:10331,not inferred from log mention,bd3c4fb6da9e2e13aae70329b6279201395209e11da9a1543f1a5cd73bb90f47,Only that the ID occurs in an official-state log.,"No execution, QA, or scientific completion implied.",Locate producer run or explicitly archive as historical/log-only.,reverse trace from official log to producer evidence.,historical/unknown,2026-07-31T11:36:30+09:00,outputs/URP4-1_ROADMAP_LOG.md,not_assessed
R09-20260728-IMSTL-006,training_feature_selection,Historic official-log work ID; no matching direct result root identified in this cutoff.,unresolved; producer run/evidence must be located,log-provenance record only,,,unresolved_log_only,not inferred,no_result_root_or_qa_evidence_identified,unresolved,unresolved,unresolved,not_assessed,,outputs/URP4-1_ROADMAP_LOG.md:10339,not inferred from log mention,bd3c4fb6da9e2e13aae70329b6279201395209e11da9a1543f1a5cd73bb90f47,Only that the ID occurs in an official-state log.,"No execution, QA, or scientific completion implied.",Locate producer run or explicitly archive as historical/log-only.,reverse trace from official log to producer evidence.,historical/unknown,2026-07-31T11:36:30+09:00,outputs/URP4-1_ROADMAP_LOG.md,not_assessed
R09-20260728-IMSTL-007,training_feature_selection,Historic official-log work ID; no matching direct result root identified in this cutoff.,unresolved; producer run/evidence must be located,log-provenance record only,,,unresolved_log_only,not inferred,no_result_root_or_qa_evidence_identified,unresolved,unresolved,unresolved,not_assessed,,outputs/URP4-1_ROADMAP_LOG.md:10377,not inferred from log mention,bd3c4fb6da9e2e13aae70329b6279201395209e11da9a1543f1a5cd73bb90f47,Only that the ID occurs in an official-state log.,"No execution, QA, or scientific completion implied.",Locate producer run or explicitly archive as historical/log-only.,reverse trace from official log to producer evidence.,historical/unknown,2026-07-31T11:36:30+09:00,outputs/URP4-1_ROADMAP_LOG.md,not_assessed
R09-20260728-IMSTL-008,training_feature_selection,Historic official-log work ID; no matching direct result root identified in this cutoff.,unresolved; producer run/evidence must be located,log-provenance record only,,,unresolved_log_only,not inferred,no_result_root_or_qa_evidence_identified,unresolved,unresolved,unresolved,not_assessed,,outputs/URP4-1_ROADMAP_LOG.md:10398,not inferred from log mention,bd3c4fb6da9e2e13aae70329b6279201395209e11da9a1543f1a5cd73bb90f47,Only that the ID occurs in an official-state log.,"No execution, QA, or scientific completion implied.",Locate producer run or explicitly archive as historical/log-only.,reverse trace from official log to producer evidence.,historical/unknown,2026-07-31T11:36:30+09:00,outputs/URP4-1_ROADMAP_LOG.md,not_assessed
R09-20260728-STRICT-STEP-002,training_feature_selection,Historic official-log work ID; no matching direct result root identified in this cutoff.,unresolved; producer run/evidence must be located,log-provenance record only,,,unresolved_log_only,not inferred,no_result_root_or_qa_evidence_identified,unresolved,unresolved,unresolved,not_assessed,,outputs/URP4-1_ROADMAP_LOG.md:10432,not inferred from log mention,bd3c4fb6da9e2e13aae70329b6279201395209e11da9a1543f1a5cd73bb90f47,Only that the ID occurs in an official-state log.,"No execution, QA, or scientific completion implied.",Locate producer run or explicitly archive as historical/log-only.,reverse trace from official log to producer evidence.,historical/unknown,2026-07-31T11:36:30+09:00,outputs/URP4-1_ROADMAP_LOG.md,not_assessed
R09-20260728-STRICT-STEP-003,training_feature_selection,Historic official-log work ID; no matching direct result root identified in this cutoff.,unresolved; producer run/evidence must be located,log-provenance record only,,,unresolved_log_only,not inferred,no_result_root_or_qa_evidence_identified,unresolved,unresolved,unresolved,not_assessed,,outputs/URP4-1_ROADMAP_LOG.md:10441,not inferred from log mention,bd3c4fb6da9e2e13aae70329b6279201395209e11da9a1543f1a5cd73bb90f47,Only that the ID occurs in an official-state log.,"No execution, QA, or scientific completion implied.",Locate producer run or explicitly archive as historical/log-only.,reverse trace from official log to producer evidence.,historical/unknown,2026-07-31T11:36:30+09:00,outputs/URP4-1_ROADMAP_LOG.md,not_assessed
R09-20260729-NB-INTEGRATE-001,training_feature_selection,Historic official-log work ID; no matching direct result root identified in this cutoff.,unresolved; producer run/evidence must be located,log-provenance record only,,,unresolved_log_only,not inferred,no_result_root_or_qa_evidence_identified,unresolved,unresolved,unresolved,not_assessed,,outputs/URP4-1_ROADMAP_LOG.md:10480,not inferred from log mention,bd3c4fb6da9e2e13aae70329b6279201395209e11da9a1543f1a5cd73bb90f47,Only that the ID occurs in an official-state log.,"No execution, QA, or scientific completion implied.",Locate producer run or explicitly archive as historical/log-only.,reverse trace from official log to producer evidence.,historical/unknown,2026-07-31T11:36:30+09:00,outputs/URP4-1_ROADMAP_LOG.md,not_assessed
R09-20260729-ROUTE-VALID-001,training_feature_selection,Historic official-log work ID; no matching direct result root identified in this cutoff.,unresolved; producer run/evidence must be located,log-provenance record only,,,unresolved_log_only,not inferred,no_result_root_or_qa_evidence_identified,unresolved,unresolved,unresolved,not_assessed,,outputs/URP4-1_ROADMAP_LOG.md:10449,not inferred from log mention,bd3c4fb6da9e2e13aae70329b6279201395209e11da9a1543f1a5cd73bb90f47,Only that the ID occurs in an official-state log.,"No execution, QA, or scientific completion implied.",Locate producer run or explicitly archive as historical/log-only.,reverse trace from official log to producer evidence.,historical/unknown,2026-07-31T11:36:30+09:00,outputs/URP4-1_ROADMAP_LOG.md,not_assessed
R09-20260729-ROUTE-VALID-002,training_feature_selection,Historic official-log work ID; no matching direct result root identified in this cutoff.,unresolved; producer run/evidence must be located,log-provenance record only,,,unresolved_log_only,not inferred,no_result_root_or_qa_evidence_identified,unresolved,unresolved,unresolved,not_assessed,,outputs/URP4-1_ROADMAP_LOG.md:10457,not inferred from log mention,bd3c4fb6da9e2e13aae70329b6279201395209e11da9a1543f1a5cd73bb90f47,Only that the ID occurs in an official-state log.,"No execution, QA, or scientific completion implied.",Locate producer run or explicitly archive as historical/log-only.,reverse trace from official log to producer evidence.,historical/unknown,2026-07-31T11:36:30+09:00,outputs/URP4-1_ROADMAP_LOG.md,not_assessed
R09-20260729-ROUTE-VALID-003,training_feature_selection,Historic official-log work ID; no matching direct result root identified in this cutoff.,unresolved; producer run/evidence must be located,log-provenance record only,,,unresolved_log_only,not inferred,no_result_root_or_qa_evidence_identified,unresolved,unresolved,unresolved,not_assessed,,outputs/URP4-1_ROADMAP_LOG.md:10465,not inferred from log mention,bd3c4fb6da9e2e13aae70329b6279201395209e11da9a1543f1a5cd73bb90f47,Only that the ID occurs in an official-state log.,"No execution, QA, or scientific completion implied.",Locate producer run or explicitly archive as historical/log-only.,reverse trace from official log to producer evidence.,historical/unknown,2026-07-31T11:36:30+09:00,outputs/URP4-1_ROADMAP_LOG.md,not_assessed
R09-20260729-ROUTE-VALID-004,training_feature_selection,Historic official-log work ID; no matching direct result root identified in this cutoff.,unresolved; producer run/evidence must be located,log-provenance record only,,,unresolved_log_only,not inferred,no_result_root_or_qa_evidence_identified,unresolved,unresolved,unresolved,not_assessed,,outputs/URP4-1_ROADMAP_LOG.md:10472,not inferred from log mention,bd3c4fb6da9e2e13aae70329b6279201395209e11da9a1543f1a5cd73bb90f47,Only that the ID occurs in an official-state log.,"No execution, QA, or scientific completion implied.",Locate producer run or explicitly archive as historical/log-only.,reverse trace from official log to producer evidence.,historical/unknown,2026-07-31T11:36:30+09:00,outputs/URP4-1_ROADMAP_LOG.md,not_assessed
R09-20260731-STRICT-STEP-021,training_feature_selection,Historic official-log work ID; no matching direct result root identified in this cutoff.,unresolved; producer run/evidence must be located,log-provenance record only,,,unresolved_log_only,not inferred,no_result_root_or_qa_evidence_identified,unresolved,unresolved,unresolved,not_assessed,,outputs/URP4-1_ROADMAP_LOG.md:10487,not inferred from log mention,bd3c4fb6da9e2e13aae70329b6279201395209e11da9a1543f1a5cd73bb90f47,Only that the ID occurs in an official-state log.,"No execution, QA, or scientific completion implied.",Locate producer run or explicitly archive as historical/log-only.,reverse trace from official log to producer evidence.,historical/unknown,2026-07-31T11:36:30+09:00,outputs/URP4-1_ROADMAP_LOG.md,not_assessed
R09-20260731-STRICT-STEP-023,training_feature_selection,Historic official-log work ID; no matching direct result root identified in this cutoff.,unresolved; producer run/evidence must be located,log-provenance record only,,,unresolved_log_only,not inferred,no_result_root_or_qa_evidence_identified,unresolved,unresolved,unresolved,not_assessed,,outputs/URP4-1_ROADMAP_LOG.md:10493,not inferred from log mention,bd3c4fb6da9e2e13aae70329b6279201395209e11da9a1543f1a5cd73bb90f47,Only that the ID occurs in an official-state log.,"No execution, QA, or scientific completion implied.",Locate producer run or explicitly archive as historical/log-only.,reverse trace from official log to producer evidence.,historical/unknown,2026-07-31T11:36:30+09:00,outputs/URP4-1_ROADMAP_LOG.md,not_assessed
R09-20260731-STRICT-STEP-024,training_feature_selection,Historic official-log work ID; no matching direct result root identified in this cutoff.,unresolved; producer run/evidence must be located,log-provenance record only,,,unresolved_log_only,not inferred,no_result_root_or_qa_evidence_identified,unresolved,unresolved,unresolved,not_assessed,,outputs/URP4-1_ROADMAP_LOG.md:10503,not inferred from log mention,bd3c4fb6da9e2e13aae70329b6279201395209e11da9a1543f1a5cd73bb90f47,Only that the ID occurs in an official-state log.,"No execution, QA, or scientific completion implied.",Locate producer run or explicitly archive as historical/log-only.,reverse trace from official log to producer evidence.,historical/unknown,2026-07-31T11:36:30+09:00,outputs/URP4-1_ROADMAP_LOG.md,not_assessed
R09-AREA-001,training_feature_selection,Historic official-log work ID; no matching direct result root identified in this cutoff.,unresolved; producer run/evidence must be located,log-provenance record only,,,unresolved_log_only,not inferred,no_result_root_or_qa_evidence_identified,unresolved,unresolved,unresolved,not_assessed,,experiments/lab_001_xy_connection_20260626/runlog.md:6371,not inferred from log mention,7f5d641e5b296cc97994e9788939e1b14d8dc57613f7677ac21a061cd01db5ba,Only that the ID occurs in an official-state log.,"No execution, QA, or scientific completion implied.",Locate producer run or explicitly archive as historical/log-only.,reverse trace from official log to producer evidence.,historical/unknown,2026-07-31T11:36:30+09:00,experiments/lab_001_xy_connection_20260626/runlog.md,not_assessed
R09-BB-001,training_feature_selection,Historic official-log work ID; no matching direct result root identified in this cutoff.,unresolved; producer run/evidence must be located,log-provenance record only,,,unresolved_log_only,not inferred,no_result_root_or_qa_evidence_identified,unresolved,unresolved,unresolved,not_assessed,,experiments/lab_001_xy_connection_20260626/runlog.md:2310,not inferred from log mention,7f5d641e5b296cc97994e9788939e1b14d8dc57613f7677ac21a061cd01db5ba,Only that the ID occurs in an official-state log.,"No execution, QA, or scientific completion implied.",Locate producer run or explicitly archive as historical/log-only.,reverse trace from official log to producer evidence.,historical/unknown,2026-07-31T11:36:30+09:00,experiments/lab_001_xy_connection_20260626/runlog.md,not_assessed
R09-BB-002,training_feature_selection,Historic official-log work ID; no matching direct result root identified in this cutoff.,unresolved; producer run/evidence must be located,log-provenance record only,,,unresolved_log_only,not inferred,no_result_root_or_qa_evidence_identified,unresolved,unresolved,unresolved,not_assessed,,experiments/lab_001_xy_connection_20260626/runlog.md:2311,not inferred from log mention,7f5d641e5b296cc97994e9788939e1b14d8dc57613f7677ac21a061cd01db5ba,Only that the ID occurs in an official-state log.,"No execution, QA, or scientific completion implied.",Locate producer run or explicitly archive as historical/log-only.,reverse trace from official log to producer evidence.,historical/unknown,2026-07-31T11:36:30+09:00,experiments/lab_001_xy_connection_20260626/runlog.md,not_assessed
R09-BB-003,training_feature_selection,Historic official-log work ID; no matching direct result root identified in this cutoff.,unresolved; producer run/evidence must be located,log-provenance record only,,,unresolved_log_only,not inferred,no_result_root_or_qa_evidence_identified,unresolved,unresolved,unresolved,not_assessed,,experiments/lab_001_xy_connection_20260626/runlog.md:2312,not inferred from log mention,7f5d641e5b296cc97994e9788939e1b14d8dc57613f7677ac21a061cd01db5ba,Only that the ID occurs in an official-state log.,"No execution, QA, or scientific completion implied.",Locate producer run or explicitly archive as historical/log-only.,reverse trace from official log to producer evidence.,historical/unknown,2026-07-31T11:36:30+09:00,experiments/lab_001_xy_connection_20260626/runlog.md,not_assessed
R09-BB-004,training_feature_selection,Historic official-log work ID; no matching direct result root identified in this cutoff.,unresolved; producer run/evidence must be located,log-provenance record only,,,unresolved_log_only,not inferred,no_result_root_or_qa_evidence_identified,unresolved,unresolved,unresolved,not_assessed,,experiments/lab_001_xy_connection_20260626/runlog.md:2313,not inferred from log mention,7f5d641e5b296cc97994e9788939e1b14d8dc57613f7677ac21a061cd01db5ba,Only that the ID occurs in an official-state log.,"No execution, QA, or scientific completion implied.",Locate producer run or explicitly archive as historical/log-only.,reverse trace from official log to producer evidence.,historical/unknown,2026-07-31T11:36:30+09:00,experiments/lab_001_xy_connection_20260626/runlog.md,not_assessed
R09-BB-005,training_feature_selection,Historic official-log work ID; no matching direct result root identified in this cutoff.,unresolved; producer run/evidence must be located,log-provenance record only,,,unresolved_log_only,not inferred,no_result_root_or_qa_evidence_identified,unresolved,unresolved,unresolved,not_assessed,,experiments/lab_001_xy_connection_20260626/runlog.md:2314,not inferred from log mention,7f5d641e5b296cc97994e9788939e1b14d8dc57613f7677ac21a061cd01db5ba,Only that the ID occurs in an official-state log.,"No execution, QA, or scientific completion implied.",Locate producer run or explicitly archive as historical/log-only.,reverse trace from official log to producer evidence.,historical/unknown,2026-07-31T11:36:30+09:00,experiments/lab_001_xy_connection_20260626/runlog.md,not_assessed
R09-BB-006,training_feature_selection,Historic official-log work ID; no matching direct result root identified in this cutoff.,unresolved; producer run/evidence must be located,log-provenance record only,,,unresolved_log_only,not inferred,no_result_root_or_qa_evidence_identified,unresolved,unresolved,unresolved,not_assessed,,experiments/lab_001_xy_connection_20260626/runlog.md:2315,not inferred from log mention,7f5d641e5b296cc97994e9788939e1b14d8dc57613f7677ac21a061cd01db5ba,Only that the ID occurs in an official-state log.,"No execution, QA, or scientific completion implied.",Locate producer run or explicitly archive as historical/log-only.,reverse trace from official log to producer evidence.,historical/unknown,2026-07-31T11:36:30+09:00,experiments/lab_001_xy_connection_20260626/runlog.md,not_assessed
R09-BB-007,training_feature_selection,Historic official-log work ID; no matching direct result root identified in this cutoff.,unresolved; producer run/evidence must be located,log-provenance record only,,,unresolved_log_only,not inferred,no_result_root_or_qa_evidence_identified,unresolved,unresolved,unresolved,not_assessed,,experiments/lab_001_xy_connection_20260626/runlog.md:2316,not inferred from log mention,7f5d641e5b296cc97994e9788939e1b14d8dc57613f7677ac21a061cd01db5ba,Only that the ID occurs in an official-state log.,"No execution, QA, or scientific completion implied.",Locate producer run or explicitly archive as historical/log-only.,reverse trace from official log to producer evidence.,historical/unknown,2026-07-31T11:36:30+09:00,experiments/lab_001_xy_connection_20260626/runlog.md,not_assessed
R09-BB-008,training_feature_selection,Historic official-log work ID; no matching direct result root identified in this cutoff.,unresolved; producer run/evidence must be located,log-provenance record only,,,unresolved_log_only,not inferred,no_result_root_or_qa_evidence_identified,unresolved,unresolved,unresolved,not_assessed,,experiments/lab_001_xy_connection_20260626/runlog.md:2317,not inferred from log mention,7f5d641e5b296cc97994e9788939e1b14d8dc57613f7677ac21a061cd01db5ba,Only that the ID occurs in an official-state log.,"No execution, QA, or scientific completion implied.",Locate producer run or explicitly archive as historical/log-only.,reverse trace from official log to producer evidence.,historical/unknown,2026-07-31T11:36:30+09:00,experiments/lab_001_xy_connection_20260626/runlog.md,not_assessed
R09-BB-009,training_feature_selection,Historic official-log work ID; no matching direct result root identified in this cutoff.,unresolved; producer run/evidence must be located,log-provenance record only,,,unresolved_log_only,not inferred,no_result_root_or_qa_evidence_identified,unresolved,unresolved,unresolved,not_assessed,,experiments/lab_001_xy_connection_20260626/runlog.md:2318,not inferred from log mention,7f5d641e5b296cc97994e9788939e1b14d8dc57613f7677ac21a061cd01db5ba,Only that the ID occurs in an official-state log.,"No execution, QA, or scientific completion implied.",Locate producer run or explicitly archive as historical/log-only.,reverse trace from official log to producer evidence.,historical/unknown,2026-07-31T11:36:30+09:00,experiments/lab_001_xy_connection_20260626/runlog.md,not_assessed
R09-BB-010,training_feature_selection,Historic official-log work ID; no matching direct result root identified in this cutoff.,unresolved; producer run/evidence must be located,log-provenance record only,,,unresolved_log_only,not inferred,no_result_root_or_qa_evidence_identified,unresolved,unresolved,unresolved,not_assessed,,experiments/lab_001_xy_connection_20260626/runlog.md:2319,not inferred from log mention,7f5d641e5b296cc97994e9788939e1b14d8dc57613f7677ac21a061cd01db5ba,Only that the ID occurs in an official-state log.,"No execution, QA, or scientific completion implied.",Locate producer run or explicitly archive as historical/log-only.,reverse trace from official log to producer evidence.,historical/unknown,2026-07-31T11:36:30+09:00,experiments/lab_001_xy_connection_20260626/runlog.md,not_assessed
R09-BB-011,training_feature_selection,Historic official-log work ID; no matching direct result root identified in this cutoff.,unresolved; producer run/evidence must be located,log-provenance record only,,,unresolved_log_only,not inferred,no_result_root_or_qa_evidence_identified,unresolved,unresolved,unresolved,not_assessed,,experiments/lab_001_xy_connection_20260626/runlog.md:2320,not inferred from log mention,7f5d641e5b296cc97994e9788939e1b14d8dc57613f7677ac21a061cd01db5ba,Only that the ID occurs in an official-state log.,"No execution, QA, or scientific completion implied.",Locate producer run or explicitly archive as historical/log-only.,reverse trace from official log to producer evidence.,historical/unknown,2026-07-31T11:36:30+09:00,experiments/lab_001_xy_connection_20260626/runlog.md,not_assessed
R09-BB-012,training_feature_selection,Historic official-log work ID; no matching direct result root identified in this cutoff.,unresolved; producer run/evidence must be located,log-provenance record only,,,unresolved_log_only,not inferred,no_result_root_or_qa_evidence_identified,unresolved,unresolved,unresolved,not_assessed,,experiments/lab_001_xy_connection_20260626/runlog.md:2321,not inferred from log mention,7f5d641e5b296cc97994e9788939e1b14d8dc57613f7677ac21a061cd01db5ba,Only that the ID occurs in an official-state log.,"No execution, QA, or scientific completion implied.",Locate producer run or explicitly archive as historical/log-only.,reverse trace from official log to producer evidence.,historical/unknown,2026-07-31T11:36:30+09:00,experiments/lab_001_xy_connection_20260626/runlog.md,not_assessed
R09-BB-013,training_feature_selection,Historic official-log work ID; no matching direct result root identified in this cutoff.,unresolved; producer run/evidence must be located,log-provenance record only,,,unresolved_log_only,not inferred,no_result_root_or_qa_evidence_identified,unresolved,unresolved,unresolved,not_assessed,,experiments/lab_001_xy_connection_20260626/decision_log.md:1502,not inferred from log mention,cd5900fcab1e0a5427cf1610eff053cd156f0e85bfc320f8e410802b9183ff87,Only that the ID occurs in an official-state log.,"No execution, QA, or scientific completion implied.",Locate producer run or explicitly archive as historical/log-only.,reverse trace from official log to producer evidence.,historical/unknown,2026-07-31T11:36:30+09:00,experiments/lab_001_xy_connection_20260626/decision_log.md,not_assessed
R09-BB-014,training_feature_selection,Historic official-log work ID; no matching direct result root identified in this cutoff.,unresolved; producer run/evidence must be located,log-provenance record only,,,unresolved_log_only,not inferred,no_result_root_or_qa_evidence_identified,unresolved,unresolved,unresolved,not_assessed,,experiments/lab_001_xy_connection_20260626/runlog.md:2424,not inferred from log mention,7f5d641e5b296cc97994e9788939e1b14d8dc57613f7677ac21a061cd01db5ba,Only that the ID occurs in an official-state log.,"No execution, QA, or scientific completion implied.",Locate producer run or explicitly archive as historical/log-only.,reverse trace from official log to producer evidence.,historical/unknown,2026-07-31T11:36:30+09:00,experiments/lab_001_xy_connection_20260626/runlog.md,not_assessed
R09-BB-015,training_feature_selection,Historic official-log work ID; no matching direct result root identified in this cutoff.,unresolved; producer run/evidence must be located,log-provenance record only,,,unresolved_log_only,not inferred,no_result_root_or_qa_evidence_identified,unresolved,unresolved,unresolved,not_assessed,,experiments/lab_001_xy_connection_20260626/runlog.md:2485,not inferred from log mention,7f5d641e5b296cc97994e9788939e1b14d8dc57613f7677ac21a061cd01db5ba,Only that the ID occurs in an official-state log.,"No execution, QA, or scientific completion implied.",Locate producer run or explicitly archive as historical/log-only.,reverse trace from official log to producer evidence.,historical/unknown,2026-07-31T11:36:30+09:00,experiments/lab_001_xy_connection_20260626/runlog.md,not_assessed
R09-BB-016,training_feature_selection,Historic official-log work ID; no matching direct result root identified in this cutoff.,unresolved; producer run/evidence must be located,log-provenance record only,,,unresolved_log_only,not inferred,no_result_root_or_qa_evidence_identified,unresolved,unresolved,unresolved,not_assessed,,experiments/lab_001_xy_connection_20260626/runlog.md:2578,not inferred from log mention,7f5d641e5b296cc97994e9788939e1b14d8dc57613f7677ac21a061cd01db5ba,Only that the ID occurs in an official-state log.,"No execution, QA, or scientific completion implied.",Locate producer run or explicitly archive as historical/log-only.,reverse trace from official log to producer evidence.,historical/unknown,2026-07-31T11:36:30+09:00,experiments/lab_001_xy_connection_20260626/runlog.md,not_assessed
R09-BB-017,training_feature_selection,Historic official-log work ID; no matching direct result root identified in this cutoff.,unresolved; producer run/evidence must be located,log-provenance record only,,,unresolved_log_only,not inferred,no_result_root_or_qa_evidence_identified,unresolved,unresolved,unresolved,not_assessed,,experiments/lab_001_xy_connection_20260626/runlog.md:2572,not inferred from log mention,7f5d641e5b296cc97994e9788939e1b14d8dc57613f7677ac21a061cd01db5ba,Only that the ID occurs in an official-state log.,"No execution, QA, or scientific completion implied.",Locate producer run or explicitly archive as historical/log-only.,reverse trace from official log to producer evidence.,historical/unknown,2026-07-31T11:36:30+09:00,experiments/lab_001_xy_connection_20260626/runlog.md,not_assessed
R09-BB-018,training_feature_selection,Historic official-log work ID; no matching direct result root identified in this cutoff.,unresolved; producer run/evidence must be located,log-provenance record only,,,unresolved_log_only,not inferred,no_result_root_or_qa_evidence_identified,unresolved,unresolved,unresolved,not_assessed,,experiments/lab_001_xy_connection_20260626/runlog.md:2574,not inferred from log mention,7f5d641e5b296cc97994e9788939e1b14d8dc57613f7677ac21a061cd01db5ba,Only that the ID occurs in an official-state log.,"No execution, QA, or scientific completion implied.",Locate producer run or explicitly archive as historical/log-only.,reverse trace from official log to producer evidence.,historical/unknown,2026-07-31T11:36:30+09:00,experiments/lab_001_xy_connection_20260626/runlog.md,not_assessed
R09-BB-019,training_feature_selection,Historic official-log work ID; no matching direct result root identified in this cutoff.,unresolved; producer run/evidence must be located,log-provenance record only,,,unresolved_log_only,not inferred,no_result_root_or_qa_evidence_identified,unresolved,unresolved,unresolved,not_assessed,,experiments/lab_001_xy_connection_20260626/runlog.md:2576,not inferred from log mention,7f5d641e5b296cc97994e9788939e1b14d8dc57613f7677ac21a061cd01db5ba,Only that the ID occurs in an official-state log.,"No execution, QA, or scientific completion implied.",Locate producer run or explicitly archive as historical/log-only.,reverse trace from official log to producer evidence.,historical/unknown,2026-07-31T11:36:30+09:00,experiments/lab_001_xy_connection_20260626/runlog.md,not_assessed
R09-BB-020,training_feature_selection,Historic official-log work ID; no matching direct result root identified in this cutoff.,unresolved; producer run/evidence must be located,log-provenance record only,,,unresolved_log_only,not inferred,no_result_root_or_qa_evidence_identified,unresolved,unresolved,unresolved,not_assessed,,experiments/lab_001_xy_connection_20260626/runlog.md:2713,not inferred from log mention,7f5d641e5b296cc97994e9788939e1b14d8dc57613f7677ac21a061cd01db5ba,Only that the ID occurs in an official-state log.,"No execution, QA, or scientific completion implied.",Locate producer run or explicitly archive as historical/log-only.,reverse trace from official log to producer evidence.,historical/unknown,2026-07-31T11:36:30+09:00,experiments/lab_001_xy_connection_20260626/runlog.md,not_assessed
R09-BB-021,training_feature_selection,Historic official-log work ID; no matching direct result root identified in this cutoff.,unresolved; producer run/evidence must be located,log-provenance record only,,,unresolved_log_only,not inferred,no_result_root_or_qa_evidence_identified,unresolved,unresolved,unresolved,not_assessed,,experiments/lab_001_xy_connection_20260626/runlog.md:2714,not inferred from log mention,7f5d641e5b296cc97994e9788939e1b14d8dc57613f7677ac21a061cd01db5ba,Only that the ID occurs in an official-state log.,"No execution, QA, or scientific completion implied.",Locate producer run or explicitly archive as historical/log-only.,reverse trace from official log to producer evidence.,historical/unknown,2026-07-31T11:36:30+09:00,experiments/lab_001_xy_connection_20260626/runlog.md,not_assessed
R09-BB-022,training_feature_selection,Historic official-log work ID; no matching direct result root identified in this cutoff.,unresolved; producer run/evidence must be located,log-provenance record only,,,unresolved_log_only,not inferred,no_result_root_or_qa_evidence_identified,unresolved,unresolved,unresolved,not_assessed,,experiments/lab_001_xy_connection_20260626/runlog.md:2776,not inferred from log mention,7f5d641e5b296cc97994e9788939e1b14d8dc57613f7677ac21a061cd01db5ba,Only that the ID occurs in an official-state log.,"No execution, QA, or scientific completion implied.",Locate producer run or explicitly archive as historical/log-only.,reverse trace from official log to producer evidence.,historical/unknown,2026-07-31T11:36:30+09:00,experiments/lab_001_xy_connection_20260626/runlog.md,not_assessed
R09-BB-023,training_feature_selection,Historic official-log work ID; no matching direct result root identified in this cutoff.,unresolved; producer run/evidence must be located,log-provenance record only,,,unresolved_log_only,not inferred,no_result_root_or_qa_evidence_identified,unresolved,unresolved,unresolved,not_assessed,,experiments/lab_001_xy_connection_20260626/runlog.md:2853,not inferred from log mention,7f5d641e5b296cc97994e9788939e1b14d8dc57613f7677ac21a061cd01db5ba,Only that the ID occurs in an official-state log.,"No execution, QA, or scientific completion implied.",Locate producer run or explicitly archive as historical/log-only.,reverse trace from official log to producer evidence.,historical/unknown,2026-07-31T11:36:30+09:00,experiments/lab_001_xy_connection_20260626/runlog.md,not_assessed
R09-BB-024,training_feature_selection,Historic official-log work ID; no matching direct result root identified in this cutoff.,unresolved; producer run/evidence must be located,log-provenance record only,,,unresolved_log_only,not inferred,no_result_root_or_qa_evidence_identified,unresolved,unresolved,unresolved,not_assessed,,experiments/lab_001_xy_connection_20260626/runlog.md:2960,not inferred from log mention,7f5d641e5b296cc97994e9788939e1b14d8dc57613f7677ac21a061cd01db5ba,Only that the ID occurs in an official-state log.,"No execution, QA, or scientific completion implied.",Locate producer run or explicitly archive as historical/log-only.,reverse trace from official log to producer evidence.,historical/unknown,2026-07-31T11:36:30+09:00,experiments/lab_001_xy_connection_20260626/runlog.md,not_assessed
R09-BB-025,training_feature_selection,Historic official-log work ID; no matching direct result root identified in this cutoff.,unresolved; producer run/evidence must be located,log-provenance record only,,,unresolved_log_only,not inferred,no_result_root_or_qa_evidence_identified,unresolved,unresolved,unresolved,not_assessed,,experiments/lab_001_xy_connection_20260626/runlog.md:2961,not inferred from log mention,7f5d641e5b296cc97994e9788939e1b14d8dc57613f7677ac21a061cd01db5ba,Only that the ID occurs in an official-state log.,"No execution, QA, or scientific completion implied.",Locate producer run or explicitly archive as historical/log-only.,reverse trace from official log to producer evidence.,historical/unknown,2026-07-31T11:36:30+09:00,experiments/lab_001_xy_connection_20260626/runlog.md,not_assessed
R09-BB-026,training_feature_selection,Historic official-log work ID; no matching direct result root identified in this cutoff.,unresolved; producer run/evidence must be located,log-provenance record only,,,unresolved_log_only,not inferred,no_result_root_or_qa_evidence_identified,unresolved,unresolved,unresolved,not_assessed,,experiments/lab_001_xy_connection_20260626/runlog.md:3022,not inferred from log mention,7f5d641e5b296cc97994e9788939e1b14d8dc57613f7677ac21a061cd01db5ba,Only that the ID occurs in an official-state log.,"No execution, QA, or scientific completion implied.",Locate producer run or explicitly archive as historical/log-only.,reverse trace from official log to producer evidence.,historical/unknown,2026-07-31T11:36:30+09:00,experiments/lab_001_xy_connection_20260626/runlog.md,not_assessed
R09-BB-027,training_feature_selection,Historic official-log work ID; no matching direct result root identified in this cutoff.,unresolved; producer run/evidence must be located,log-provenance record only,,,unresolved_log_only,not inferred,no_result_root_or_qa_evidence_identified,unresolved,unresolved,unresolved,not_assessed,,experiments/lab_001_xy_connection_20260626/runlog.md:3143,not inferred from log mention,7f5d641e5b296cc97994e9788939e1b14d8dc57613f7677ac21a061cd01db5ba,Only that the ID occurs in an official-state log.,"No execution, QA, or scientific completion implied.",Locate producer run or explicitly archive as historical/log-only.,reverse trace from official log to producer evidence.,historical/unknown,2026-07-31T11:36:30+09:00,experiments/lab_001_xy_connection_20260626/runlog.md,not_assessed
R09-BB-028,training_feature_selection,Historic official-log work ID; no matching direct result root identified in this cutoff.,unresolved; producer run/evidence must be located,log-provenance record only,,,unresolved_log_only,not inferred,no_result_root_or_qa_evidence_identified,unresolved,unresolved,unresolved,not_assessed,,experiments/lab_001_xy_connection_20260626/runlog.md:3144,not inferred from log mention,7f5d641e5b296cc97994e9788939e1b14d8dc57613f7677ac21a061cd01db5ba,Only that the ID occurs in an official-state log.,"No execution, QA, or scientific completion implied.",Locate producer run or explicitly archive as historical/log-only.,reverse trace from official log to producer evidence.,historical/unknown,2026-07-31T11:36:30+09:00,experiments/lab_001_xy_connection_20260626/runlog.md,not_assessed
R09-BB-029,training_feature_selection,Historic official-log work ID; no matching direct result root identified in this cutoff.,unresolved; producer run/evidence must be located,log-provenance record only,,,unresolved_log_only,not inferred,no_result_root_or_qa_evidence_identified,unresolved,unresolved,unresolved,not_assessed,,experiments/lab_001_xy_connection_20260626/runlog.md:3145,not inferred from log mention,7f5d641e5b296cc97994e9788939e1b14d8dc57613f7677ac21a061cd01db5ba,Only that the ID occurs in an official-state log.,"No execution, QA, or scientific completion implied.",Locate producer run or explicitly archive as historical/log-only.,reverse trace from official log to producer evidence.,historical/unknown,2026-07-31T11:36:30+09:00,experiments/lab_001_xy_connection_20260626/runlog.md,not_assessed
R09-BB-030,training_feature_selection,Historic official-log work ID; no matching direct result root identified in this cutoff.,unresolved; producer run/evidence must be located,log-provenance record only,,,unresolved_log_only,not inferred,no_result_root_or_qa_evidence_identified,unresolved,unresolved,unresolved,not_assessed,,experiments/lab_001_xy_connection_20260626/runlog.md:3238,not inferred from log mention,7f5d641e5b296cc97994e9788939e1b14d8dc57613f7677ac21a061cd01db5ba,Only that the ID occurs in an official-state log.,"No execution, QA, or scientific completion implied.",Locate producer run or explicitly archive as historical/log-only.,reverse trace from official log to producer evidence.,historical/unknown,2026-07-31T11:36:30+09:00,experiments/lab_001_xy_connection_20260626/runlog.md,not_assessed
R09-BB-031,training_feature_selection,Historic official-log work ID; no matching direct result root identified in this cutoff.,unresolved; producer run/evidence must be located,log-provenance record only,,,unresolved_log_only,not inferred,no_result_root_or_qa_evidence_identified,unresolved,unresolved,unresolved,not_assessed,,experiments/lab_001_xy_connection_20260626/runlog.md:3239,not inferred from log mention,7f5d641e5b296cc97994e9788939e1b14d8dc57613f7677ac21a061cd01db5ba,Only that the ID occurs in an official-state log.,"No execution, QA, or scientific completion implied.",Locate producer run or explicitly archive as historical/log-only.,reverse trace from official log to producer evidence.,historical/unknown,2026-07-31T11:36:30+09:00,experiments/lab_001_xy_connection_20260626/runlog.md,not_assessed
R09-BB-032,training_feature_selection,Historic official-log work ID; no matching direct result root identified in this cutoff.,unresolved; producer run/evidence must be located,log-provenance record only,,,unresolved_log_only,not inferred,no_result_root_or_qa_evidence_identified,unresolved,unresolved,unresolved,not_assessed,,experiments/lab_001_xy_connection_20260626/runlog.md:3240,not inferred from log mention,7f5d641e5b296cc97994e9788939e1b14d8dc57613f7677ac21a061cd01db5ba,Only that the ID occurs in an official-state log.,"No execution, QA, or scientific completion implied.",Locate producer run or explicitly archive as historical/log-only.,reverse trace from official log to producer evidence.,historical/unknown,2026-07-31T11:36:30+09:00,experiments/lab_001_xy_connection_20260626/runlog.md,not_assessed
R09-BB-033,training_feature_selection,Historic official-log work ID; no matching direct result root identified in this cutoff.,unresolved; producer run/evidence must be located,log-provenance record only,,,unresolved_log_only,not inferred,no_result_root_or_qa_evidence_identified,unresolved,unresolved,unresolved,not_assessed,,experiments/lab_001_xy_connection_20260626/runlog.md:3365,not inferred from log mention,7f5d641e5b296cc97994e9788939e1b14d8dc57613f7677ac21a061cd01db5ba,Only that the ID occurs in an official-state log.,"No execution, QA, or scientific completion implied.",Locate producer run or explicitly archive as historical/log-only.,reverse trace from official log to producer evidence.,historical/unknown,2026-07-31T11:36:30+09:00,experiments/lab_001_xy_connection_20260626/runlog.md,not_assessed
R09-BB-034,training_feature_selection,Historic official-log work ID; no matching direct result root identified in this cutoff.,unresolved; producer run/evidence must be located,log-provenance record only,,,unresolved_log_only,not inferred,no_result_root_or_qa_evidence_identified,unresolved,unresolved,unresolved,not_assessed,,experiments/lab_001_xy_connection_20260626/runlog.md:3366,not inferred from log mention,7f5d641e5b296cc97994e9788939e1b14d8dc57613f7677ac21a061cd01db5ba,Only that the ID occurs in an official-state log.,"No execution, QA, or scientific completion implied.",Locate producer run or explicitly archive as historical/log-only.,reverse trace from official log to producer evidence.,historical/unknown,2026-07-31T11:36:30+09:00,experiments/lab_001_xy_connection_20260626/runlog.md,not_assessed
R09-BB-035,training_feature_selection,Historic official-log work ID; no matching direct result root identified in this cutoff.,unresolved; producer run/evidence must be located,log-provenance record only,,,unresolved_log_only,not inferred,no_result_root_or_qa_evidence_identified,unresolved,unresolved,unresolved,not_assessed,,experiments/lab_001_xy_connection_20260626/runlog.md:3367,not inferred from log mention,7f5d641e5b296cc97994e9788939e1b14d8dc57613f7677ac21a061cd01db5ba,Only that the ID occurs in an official-state log.,"No execution, QA, or scientific completion implied.",Locate producer run or explicitly archive as historical/log-only.,reverse trace from official log to producer evidence.,historical/unknown,2026-07-31T11:36:30+09:00,experiments/lab_001_xy_connection_20260626/runlog.md,not_assessed
R09-BB-036,training_feature_selection,Historic official-log work ID; no matching direct result root identified in this cutoff.,unresolved; producer run/evidence must be located,log-provenance record only,,,unresolved_log_only,not inferred,no_result_root_or_qa_evidence_identified,unresolved,unresolved,unresolved,not_assessed,,experiments/lab_001_xy_connection_20260626/runlog.md:3368,not inferred from log mention,7f5d641e5b296cc97994e9788939e1b14d8dc57613f7677ac21a061cd01db5ba,Only that the ID occurs in an official-state log.,"No execution, QA, or scientific completion implied.",Locate producer run or explicitly archive as historical/log-only.,reverse trace from official log to producer evidence.,historical/unknown,2026-07-31T11:36:30+09:00,experiments/lab_001_xy_connection_20260626/runlog.md,not_assessed
R09-BB-037,training_feature_selection,Historic official-log work ID; no matching direct result root identified in this cutoff.,unresolved; producer run/evidence must be located,log-provenance record only,,,unresolved_log_only,not inferred,no_result_root_or_qa_evidence_identified,unresolved,unresolved,unresolved,not_assessed,,experiments/lab_001_xy_connection_20260626/runlog.md:3493,not inferred from log mention,7f5d641e5b296cc97994e9788939e1b14d8dc57613f7677ac21a061cd01db5ba,Only that the ID occurs in an official-state log.,"No execution, QA, or scientific completion implied.",Locate producer run or explicitly archive as historical/log-only.,reverse trace from official log to producer evidence.,historical/unknown,2026-07-31T11:36:30+09:00,experiments/lab_001_xy_connection_20260626/runlog.md,not_assessed
R09-BB-038,training_feature_selection,Historic official-log work ID; no matching direct result root identified in this cutoff.,unresolved; producer run/evidence must be located,log-provenance record only,,,unresolved_log_only,not inferred,no_result_root_or_qa_evidence_identified,unresolved,unresolved,unresolved,not_assessed,,experiments/lab_001_xy_connection_20260626/runlog.md:3494,not inferred from log mention,7f5d641e5b296cc97994e9788939e1b14d8dc57613f7677ac21a061cd01db5ba,Only that the ID occurs in an official-state log.,"No execution, QA, or scientific completion implied.",Locate producer run or explicitly archive as historical/log-only.,reverse trace from official log to producer evidence.,historical/unknown,2026-07-31T11:36:30+09:00,experiments/lab_001_xy_connection_20260626/runlog.md,not_assessed
R09-BB-039,training_feature_selection,Historic official-log work ID; no matching direct result root identified in this cutoff.,unresolved; producer run/evidence must be located,log-provenance record only,,,unresolved_log_only,not inferred,no_result_root_or_qa_evidence_identified,unresolved,unresolved,unresolved,not_assessed,,experiments/lab_001_xy_connection_20260626/runlog.md:3495,not inferred from log mention,7f5d641e5b296cc97994e9788939e1b14d8dc57613f7677ac21a061cd01db5ba,Only that the ID occurs in an official-state log.,"No execution, QA, or scientific completion implied.",Locate producer run or explicitly archive as historical/log-only.,reverse trace from official log to producer evidence.,historical/unknown,2026-07-31T11:36:30+09:00,experiments/lab_001_xy_connection_20260626/runlog.md,not_assessed
R09-BB-040,training_feature_selection,Historic official-log work ID; no matching direct result root identified in this cutoff.,unresolved; producer run/evidence must be located,log-provenance record only,,,unresolved_log_only,not inferred,no_result_root_or_qa_evidence_identified,unresolved,unresolved,unresolved,not_assessed,,experiments/lab_001_xy_connection_20260626/runlog.md:3496,not inferred from log mention,7f5d641e5b296cc97994e9788939e1b14d8dc57613f7677ac21a061cd01db5ba,Only that the ID occurs in an official-state log.,"No execution, QA, or scientific completion implied.",Locate producer run or explicitly archive as historical/log-only.,reverse trace from official log to producer evidence.,historical/unknown,2026-07-31T11:36:30+09:00,experiments/lab_001_xy_connection_20260626/runlog.md,not_assessed
R09-BB-041,training_feature_selection,Historic official-log work ID; no matching direct result root identified in this cutoff.,unresolved; producer run/evidence must be located,log-provenance record only,,,unresolved_log_only,not inferred,no_result_root_or_qa_evidence_identified,unresolved,unresolved,unresolved,not_assessed,,experiments/lab_001_xy_connection_20260626/runlog.md:3557,not inferred from log mention,7f5d641e5b296cc97994e9788939e1b14d8dc57613f7677ac21a061cd01db5ba,Only that the ID occurs in an official-state log.,"No execution, QA, or scientific completion implied.",Locate producer run or explicitly archive as historical/log-only.,reverse trace from official log to producer evidence.,historical/unknown,2026-07-31T11:36:30+09:00,experiments/lab_001_xy_connection_20260626/runlog.md,not_assessed
R09-BB-042,training_feature_selection,Historic official-log work ID; no matching direct result root identified in this cutoff.,unresolved; producer run/evidence must be located,log-provenance record only,,,unresolved_log_only,not inferred,no_result_root_or_qa_evidence_identified,unresolved,unresolved,unresolved,not_assessed,,experiments/lab_001_xy_connection_20260626/runlog.md:3558,not inferred from log mention,7f5d641e5b296cc97994e9788939e1b14d8dc57613f7677ac21a061cd01db5ba,Only that the ID occurs in an official-state log.,"No execution, QA, or scientific completion implied.",Locate producer run or explicitly archive as historical/log-only.,reverse trace from official log to producer evidence.,historical/unknown,2026-07-31T11:36:30+09:00,experiments/lab_001_xy_connection_20260626/runlog.md,not_assessed
R09-BB-043,training_feature_selection,Historic official-log work ID; no matching direct result root identified in this cutoff.,unresolved; producer run/evidence must be located,log-provenance record only,,,unresolved_log_only,not inferred,no_result_root_or_qa_evidence_identified,unresolved,unresolved,unresolved,not_assessed,,experiments/lab_001_xy_connection_20260626/runlog.md:3559,not inferred from log mention,7f5d641e5b296cc97994e9788939e1b14d8dc57613f7677ac21a061cd01db5ba,Only that the ID occurs in an official-state log.,"No execution, QA, or scientific completion implied.",Locate producer run or explicitly archive as historical/log-only.,reverse trace from official log to producer evidence.,historical/unknown,2026-07-31T11:36:30+09:00,experiments/lab_001_xy_connection_20260626/runlog.md,not_assessed
R09-BB-044,training_feature_selection,Historic official-log work ID; no matching direct result root identified in this cutoff.,unresolved; producer run/evidence must be located,log-provenance record only,,,unresolved_log_only,not inferred,no_result_root_or_qa_evidence_identified,unresolved,unresolved,unresolved,not_assessed,,experiments/lab_001_xy_connection_20260626/runlog.md:3560,not inferred from log mention,7f5d641e5b296cc97994e9788939e1b14d8dc57613f7677ac21a061cd01db5ba,Only that the ID occurs in an official-state log.,"No execution, QA, or scientific completion implied.",Locate producer run or explicitly archive as historical/log-only.,reverse trace from official log to producer evidence.,historical/unknown,2026-07-31T11:36:30+09:00,experiments/lab_001_xy_connection_20260626/runlog.md,not_assessed
R09-BB-045,training_feature_selection,Historic official-log work ID; no matching direct result root identified in this cutoff.,unresolved; producer run/evidence must be located,log-provenance record only,,,unresolved_log_only,not inferred,no_result_root_or_qa_evidence_identified,unresolved,unresolved,unresolved,not_assessed,,experiments/lab_001_xy_connection_20260626/runlog.md:3633,not inferred from log mention,7f5d641e5b296cc97994e9788939e1b14d8dc57613f7677ac21a061cd01db5ba,Only that the ID occurs in an official-state log.,"No execution, QA, or scientific completion implied.",Locate producer run or explicitly archive as historical/log-only.,reverse trace from official log to producer evidence.,historical/unknown,2026-07-31T11:36:30+09:00,experiments/lab_001_xy_connection_20260626/runlog.md,not_assessed
R09-BB-046,training_feature_selection,Historic official-log work ID; no matching direct result root identified in this cutoff.,unresolved; producer run/evidence must be located,log-provenance record only,,,unresolved_log_only,not inferred,no_result_root_or_qa_evidence_identified,unresolved,unresolved,unresolved,not_assessed,,experiments/lab_001_xy_connection_20260626/runlog.md:3634,not inferred from log mention,7f5d641e5b296cc97994e9788939e1b14d8dc57613f7677ac21a061cd01db5ba,Only that the ID occurs in an official-state log.,"No execution, QA, or scientific completion implied.",Locate producer run or explicitly archive as historical/log-only.,reverse trace from official log to producer evidence.,historical/unknown,2026-07-31T11:36:30+09:00,experiments/lab_001_xy_connection_20260626/runlog.md,not_assessed
R09-BB-047,training_feature_selection,Historic official-log work ID; no matching direct result root identified in this cutoff.,unresolved; producer run/evidence must be located,log-provenance record only,,,unresolved_log_only,not inferred,no_result_root_or_qa_evidence_identified,unresolved,unresolved,unresolved,not_assessed,,experiments/lab_001_xy_connection_20260626/runlog.md:3635,not inferred from log mention,7f5d641e5b296cc97994e9788939e1b14d8dc57613f7677ac21a061cd01db5ba,Only that the ID occurs in an official-state log.,"No execution, QA, or scientific completion implied.",Locate producer run or explicitly archive as historical/log-only.,reverse trace from official log to producer evidence.,historical/unknown,2026-07-31T11:36:30+09:00,experiments/lab_001_xy_connection_20260626/runlog.md,not_assessed
R09-BB-048,training_feature_selection,Historic official-log work ID; no matching direct result root identified in this cutoff.,unresolved; producer run/evidence must be located,log-provenance record only,,,unresolved_log_only,not inferred,no_result_root_or_qa_evidence_identified,unresolved,unresolved,unresolved,not_assessed,,experiments/lab_001_xy_connection_20260626/runlog.md:3636,not inferred from log mention,7f5d641e5b296cc97994e9788939e1b14d8dc57613f7677ac21a061cd01db5ba,Only that the ID occurs in an official-state log.,"No execution, QA, or scientific completion implied.",Locate producer run or explicitly archive as historical/log-only.,reverse trace from official log to producer evidence.,historical/unknown,2026-07-31T11:36:30+09:00,experiments/lab_001_xy_connection_20260626/runlog.md,not_assessed
R09-BB-049,training_feature_selection,Historic official-log work ID; no matching direct result root identified in this cutoff.,unresolved; producer run/evidence must be located,log-provenance record only,,,unresolved_log_only,not inferred,no_result_root_or_qa_evidence_identified,unresolved,unresolved,unresolved,not_assessed,,experiments/lab_001_xy_connection_20260626/runlog.md:3705,not inferred from log mention,7f5d641e5b296cc97994e9788939e1b14d8dc57613f7677ac21a061cd01db5ba,Only that the ID occurs in an official-state log.,"No execution, QA, or scientific completion implied.",Locate producer run or explicitly archive as historical/log-only.,reverse trace from official log to producer evidence.,historical/unknown,2026-07-31T11:36:30+09:00,experiments/lab_001_xy_connection_20260626/runlog.md,not_assessed
R09-BB-050,training_feature_selection,Historic official-log work ID; no matching direct result root identified in this cutoff.,unresolved; producer run/evidence must be located,log-provenance record only,,,unresolved_log_only,not inferred,no_result_root_or_qa_evidence_identified,unresolved,unresolved,unresolved,not_assessed,,experiments/lab_001_xy_connection_20260626/runlog.md:3706,not inferred from log mention,7f5d641e5b296cc97994e9788939e1b14d8dc57613f7677ac21a061cd01db5ba,Only that the ID occurs in an official-state log.,"No execution, QA, or scientific completion implied.",Locate producer run or explicitly archive as historical/log-only.,reverse trace from official log to producer evidence.,historical/unknown,2026-07-31T11:36:30+09:00,experiments/lab_001_xy_connection_20260626/runlog.md,not_assessed
R09-BB-051,training_feature_selection,Historic official-log work ID; no matching direct result root identified in this cutoff.,unresolved; producer run/evidence must be located,log-provenance record only,,,unresolved_log_only,not inferred,no_result_root_or_qa_evidence_identified,unresolved,unresolved,unresolved,not_assessed,,experiments/lab_001_xy_connection_20260626/runlog.md:3707,not inferred from log mention,7f5d641e5b296cc97994e9788939e1b14d8dc57613f7677ac21a061cd01db5ba,Only that the ID occurs in an official-state log.,"No execution, QA, or scientific completion implied.",Locate producer run or explicitly archive as historical/log-only.,reverse trace from official log to producer evidence.,historical/unknown,2026-07-31T11:36:30+09:00,experiments/lab_001_xy_connection_20260626/runlog.md,not_assessed
R09-BB-052,training_feature_selection,Historic official-log work ID; no matching direct result root identified in this cutoff.,unresolved; producer run/evidence must be located,log-provenance record only,,,unresolved_log_only,not inferred,no_result_root_or_qa_evidence_identified,unresolved,unresolved,unresolved,not_assessed,,experiments/lab_001_xy_connection_20260626/runlog.md:3708,not inferred from log mention,7f5d641e5b296cc97994e9788939e1b14d8dc57613f7677ac21a061cd01db5ba,Only that the ID occurs in an official-state log.,"No execution, QA, or scientific completion implied.",Locate producer run or explicitly archive as historical/log-only.,reverse trace from official log to producer evidence.,historical/unknown,2026-07-31T11:36:30+09:00,experiments/lab_001_xy_connection_20260626/runlog.md,not_assessed
R09-BB-053,training_feature_selection,Historic official-log work ID; no matching direct result root identified in this cutoff.,unresolved; producer run/evidence must be located,log-provenance record only,,,unresolved_log_only,not inferred,no_result_root_or_qa_evidence_identified,unresolved,unresolved,unresolved,not_assessed,,experiments/lab_001_xy_connection_20260626/runlog.md:3788,not inferred from log mention,7f5d641e5b296cc97994e9788939e1b14d8dc57613f7677ac21a061cd01db5ba,Only that the ID occurs in an official-state log.,"No execution, QA, or scientific completion implied.",Locate producer run or explicitly archive as historical/log-only.,reverse trace from official log to producer evidence.,historical/unknown,2026-07-31T11:36:30+09:00,experiments/lab_001_xy_connection_20260626/runlog.md,not_assessed
R09-BB-054,training_feature_selection,Historic official-log work ID; no matching direct result root identified in this cutoff.,unresolved; producer run/evidence must be located,log-provenance record only,,,unresolved_log_only,not inferred,no_result_root_or_qa_evidence_identified,unresolved,unresolved,unresolved,not_assessed,,experiments/lab_001_xy_connection_20260626/runlog.md:3869,not inferred from log mention,7f5d641e5b296cc97994e9788939e1b14d8dc57613f7677ac21a061cd01db5ba,Only that the ID occurs in an official-state log.,"No execution, QA, or scientific completion implied.",Locate producer run or explicitly archive as historical/log-only.,reverse trace from official log to producer evidence.,historical/unknown,2026-07-31T11:36:30+09:00,experiments/lab_001_xy_connection_20260626/runlog.md,not_assessed
R09-BB-055,training_feature_selection,Historic official-log work ID; no matching direct result root identified in this cutoff.,unresolved; producer run/evidence must be located,log-provenance record only,,,unresolved_log_only,not inferred,no_result_root_or_qa_evidence_identified,unresolved,unresolved,unresolved,not_assessed,,experiments/lab_001_xy_connection_20260626/runlog.md:3870,not inferred from log mention,7f5d641e5b296cc97994e9788939e1b14d8dc57613f7677ac21a061cd01db5ba,Only that the ID occurs in an official-state log.,"No execution, QA, or scientific completion implied.",Locate producer run or explicitly archive as historical/log-only.,reverse trace from official log to producer evidence.,historical/unknown,2026-07-31T11:36:30+09:00,experiments/lab_001_xy_connection_20260626/runlog.md,not_assessed
R09-BB-056,training_feature_selection,Historic official-log work ID; no matching direct result root identified in this cutoff.,unresolved; producer run/evidence must be located,log-provenance record only,,,unresolved_log_only,not inferred,no_result_root_or_qa_evidence_identified,unresolved,unresolved,unresolved,not_assessed,,experiments/lab_001_xy_connection_20260626/runlog.md:3959,not inferred from log mention,7f5d641e5b296cc97994e9788939e1b14d8dc57613f7677ac21a061cd01db5ba,Only that the ID occurs in an official-state log.,"No execution, QA, or scientific completion implied.",Locate producer run or explicitly archive as historical/log-only.,reverse trace from official log to producer evidence.,historical/unknown,2026-07-31T11:36:30+09:00,experiments/lab_001_xy_connection_20260626/runlog.md,not_assessed
R09-BB-057,training_feature_selection,Historic official-log work ID; no matching direct result root identified in this cutoff.,unresolved; producer run/evidence must be located,log-provenance record only,,,unresolved_log_only,not inferred,no_result_root_or_qa_evidence_identified,unresolved,unresolved,unresolved,not_assessed,,experiments/lab_001_xy_connection_20260626/runlog.md:3960,not inferred from log mention,7f5d641e5b296cc97994e9788939e1b14d8dc57613f7677ac21a061cd01db5ba,Only that the ID occurs in an official-state log.,"No execution, QA, or scientific completion implied.",Locate producer run or explicitly archive as historical/log-only.,reverse trace from official log to producer evidence.,historical/unknown,2026-07-31T11:36:30+09:00,experiments/lab_001_xy_connection_20260626/runlog.md,not_assessed
R09-BB-058,training_feature_selection,Historic official-log work ID; no matching direct result root identified in this cutoff.,unresolved; producer run/evidence must be located,log-provenance record only,,,unresolved_log_only,not inferred,no_result_root_or_qa_evidence_identified,unresolved,unresolved,unresolved,not_assessed,,experiments/lab_001_xy_connection_20260626/runlog.md:3961,not inferred from log mention,7f5d641e5b296cc97994e9788939e1b14d8dc57613f7677ac21a061cd01db5ba,Only that the ID occurs in an official-state log.,"No execution, QA, or scientific completion implied.",Locate producer run or explicitly archive as historical/log-only.,reverse trace from official log to producer evidence.,historical/unknown,2026-07-31T11:36:30+09:00,experiments/lab_001_xy_connection_20260626/runlog.md,not_assessed
R09-BB-059,training_feature_selection,Historic official-log work ID; no matching direct result root identified in this cutoff.,unresolved; producer run/evidence must be located,log-provenance record only,,,unresolved_log_only,not inferred,no_result_root_or_qa_evidence_identified,unresolved,unresolved,unresolved,not_assessed,,experiments/lab_001_xy_connection_20260626/runlog.md:3962,not inferred from log mention,7f5d641e5b296cc97994e9788939e1b14d8dc57613f7677ac21a061cd01db5ba,Only that the ID occurs in an official-state log.,"No execution, QA, or scientific completion implied.",Locate producer run or explicitly archive as historical/log-only.,reverse trace from official log to producer evidence.,historical/unknown,2026-07-31T11:36:30+09:00,experiments/lab_001_xy_connection_20260626/runlog.md,not_assessed
R09-BB-060,training_feature_selection,Historic official-log work ID; no matching direct result root identified in this cutoff.,unresolved; producer run/evidence must be located,log-provenance record only,,,unresolved_log_only,not inferred,no_result_root_or_qa_evidence_identified,unresolved,unresolved,unresolved,not_assessed,,experiments/lab_001_xy_connection_20260626/runlog.md:4061,not inferred from log mention,7f5d641e5b296cc97994e9788939e1b14d8dc57613f7677ac21a061cd01db5ba,Only that the ID occurs in an official-state log.,"No execution, QA, or scientific completion implied.",Locate producer run or explicitly archive as historical/log-only.,reverse trace from official log to producer evidence.,historical/unknown,2026-07-31T11:36:30+09:00,experiments/lab_001_xy_connection_20260626/runlog.md,not_assessed
R09-BB-061,training_feature_selection,Historic official-log work ID; no matching direct result root identified in this cutoff.,unresolved; producer run/evidence must be located,log-provenance record only,,,unresolved_log_only,not inferred,no_result_root_or_qa_evidence_identified,unresolved,unresolved,unresolved,not_assessed,,experiments/lab_001_xy_connection_20260626/runlog.md:4062,not inferred from log mention,7f5d641e5b296cc97994e9788939e1b14d8dc57613f7677ac21a061cd01db5ba,Only that the ID occurs in an official-state log.,"No execution, QA, or scientific completion implied.",Locate producer run or explicitly archive as historical/log-only.,reverse trace from official log to producer evidence.,historical/unknown,2026-07-31T11:36:30+09:00,experiments/lab_001_xy_connection_20260626/runlog.md,not_assessed
R09-BB-062,training_feature_selection,Historic official-log work ID; no matching direct result root identified in this cutoff.,unresolved; producer run/evidence must be located,log-provenance record only,,,unresolved_log_only,not inferred,no_result_root_or_qa_evidence_identified,unresolved,unresolved,unresolved,not_assessed,,experiments/lab_001_xy_connection_20260626/runlog.md:4063,not inferred from log mention,7f5d641e5b296cc97994e9788939e1b14d8dc57613f7677ac21a061cd01db5ba,Only that the ID occurs in an official-state log.,"No execution, QA, or scientific completion implied.",Locate producer run or explicitly archive as historical/log-only.,reverse trace from official log to producer evidence.,historical/unknown,2026-07-31T11:36:30+09:00,experiments/lab_001_xy_connection_20260626/runlog.md,not_assessed
R09-BB-063,training_feature_selection,Historic official-log work ID; no matching direct result root identified in this cutoff.,unresolved; producer run/evidence must be located,log-provenance record only,,,unresolved_log_only,not inferred,no_result_root_or_qa_evidence_identified,unresolved,unresolved,unresolved,not_assessed,,experiments/lab_001_xy_connection_20260626/runlog.md:4183,not inferred from log mention,7f5d641e5b296cc97994e9788939e1b14d8dc57613f7677ac21a061cd01db5ba,Only that the ID occurs in an official-state log.,"No execution, QA, or scientific completion implied.",Locate producer run or explicitly archive as historical/log-only.,reverse trace from official log to producer evidence.,historical/unknown,2026-07-31T11:36:30+09:00,experiments/lab_001_xy_connection_20260626/runlog.md,not_assessed
R09-BB-064,training_feature_selection,Historic official-log work ID; no matching direct result root identified in this cutoff.,unresolved; producer run/evidence must be located,log-provenance record only,,,unresolved_log_only,not inferred,no_result_root_or_qa_evidence_identified,unresolved,unresolved,unresolved,not_assessed,,experiments/lab_001_xy_connection_20260626/runlog.md:4184,not inferred from log mention,7f5d641e5b296cc97994e9788939e1b14d8dc57613f7677ac21a061cd01db5ba,Only that the ID occurs in an official-state log.,"No execution, QA, or scientific completion implied.",Locate producer run or explicitly archive as historical/log-only.,reverse trace from official log to producer evidence.,historical/unknown,2026-07-31T11:36:30+09:00,experiments/lab_001_xy_connection_20260626/runlog.md,not_assessed
R09-BB-065,training_feature_selection,Historic official-log work ID; no matching direct result root identified in this cutoff.,unresolved; producer run/evidence must be located,log-provenance record only,,,unresolved_log_only,not inferred,no_result_root_or_qa_evidence_identified,unresolved,unresolved,unresolved,not_assessed,,experiments/lab_001_xy_connection_20260626/runlog.md:4185,not inferred from log mention,7f5d641e5b296cc97994e9788939e1b14d8dc57613f7677ac21a061cd01db5ba,Only that the ID occurs in an official-state log.,"No execution, QA, or scientific completion implied.",Locate producer run or explicitly archive as historical/log-only.,reverse trace from official log to producer evidence.,historical/unknown,2026-07-31T11:36:30+09:00,experiments/lab_001_xy_connection_20260626/runlog.md,not_assessed
R09-BB-066,training_feature_selection,Historic official-log work ID; no matching direct result root identified in this cutoff.,unresolved; producer run/evidence must be located,log-provenance record only,,,unresolved_log_only,not inferred,no_result_root_or_qa_evidence_identified,unresolved,unresolved,unresolved,not_assessed,,experiments/lab_001_xy_connection_20260626/runlog.md:4186,not inferred from log mention,7f5d641e5b296cc97994e9788939e1b14d8dc57613f7677ac21a061cd01db5ba,Only that the ID occurs in an official-state log.,"No execution, QA, or scientific completion implied.",Locate producer run or explicitly archive as historical/log-only.,reverse trace from official log to producer evidence.,historical/unknown,2026-07-31T11:36:30+09:00,experiments/lab_001_xy_connection_20260626/runlog.md,not_assessed
R09-BB-116,training_feature_selection,Historic official-log work ID; no matching direct result root identified in this cutoff.,unresolved; producer run/evidence must be located,log-provenance record only,,,unresolved_log_only,not inferred,no_result_root_or_qa_evidence_identified,unresolved,unresolved,unresolved,not_assessed,,AI_START_HERE.md:2819,not inferred from log mention,53ccc7bd56ab05cc78c512506904061f2486a31c808aea8dd59437bb0a983343,Only that the ID occurs in an official-state log.,"No execution, QA, or scientific completion implied.",Locate producer run or explicitly archive as historical/log-only.,reverse trace from official log to producer evidence.,historical/unknown,2026-07-31T11:36:30+09:00,AI_START_HERE.md,not_assessed
R09-BB-117,training_feature_selection,Historic official-log work ID; no matching direct result root identified in this cutoff.,unresolved; producer run/evidence must be located,log-provenance record only,,,unresolved_log_only,not inferred,no_result_root_or_qa_evidence_identified,unresolved,unresolved,unresolved,not_assessed,,AI_START_HERE.md:2820,not inferred from log mention,53ccc7bd56ab05cc78c512506904061f2486a31c808aea8dd59437bb0a983343,Only that the ID occurs in an official-state log.,"No execution, QA, or scientific completion implied.",Locate producer run or explicitly archive as historical/log-only.,reverse trace from official log to producer evidence.,historical/unknown,2026-07-31T11:36:30+09:00,AI_START_HERE.md,not_assessed
R09-BB-118,training_feature_selection,Historic official-log work ID; no matching direct result root identified in this cutoff.,unresolved; producer run/evidence must be located,log-provenance record only,,,unresolved_log_only,not inferred,no_result_root_or_qa_evidence_identified,unresolved,unresolved,unresolved,not_assessed,,AI_START_HERE.md:2821,not inferred from log mention,53ccc7bd56ab05cc78c512506904061f2486a31c808aea8dd59437bb0a983343,Only that the ID occurs in an official-state log.,"No execution, QA, or scientific completion implied.",Locate producer run or explicitly archive as historical/log-only.,reverse trace from official log to producer evidence.,historical/unknown,2026-07-31T11:36:30+09:00,AI_START_HERE.md,not_assessed
R09-BB-119,training_feature_selection,Historic official-log work ID; no matching direct result root identified in this cutoff.,unresolved; producer run/evidence must be located,log-provenance record only,,,unresolved_log_only,not inferred,no_result_root_or_qa_evidence_identified,unresolved,unresolved,unresolved,not_assessed,,AI_START_HERE.md:2822,not inferred from log mention,53ccc7bd56ab05cc78c512506904061f2486a31c808aea8dd59437bb0a983343,Only that the ID occurs in an official-state log.,"No execution, QA, or scientific completion implied.",Locate producer run or explicitly archive as historical/log-only.,reverse trace from official log to producer evidence.,historical/unknown,2026-07-31T11:36:30+09:00,AI_START_HERE.md,not_assessed
R09-BB-120,training_feature_selection,Historic official-log work ID; no matching direct result root identified in this cutoff.,unresolved; producer run/evidence must be located,log-provenance record only,,,unresolved_log_only,not inferred,no_result_root_or_qa_evidence_identified,unresolved,unresolved,unresolved,not_assessed,,AI_START_HERE.md:2823,not inferred from log mention,53ccc7bd56ab05cc78c512506904061f2486a31c808aea8dd59437bb0a983343,Only that the ID occurs in an official-state log.,"No execution, QA, or scientific completion implied.",Locate producer run or explicitly archive as historical/log-only.,reverse trace from official log to producer evidence.,historical/unknown,2026-07-31T11:36:30+09:00,AI_START_HERE.md,not_assessed
R09-BB-205,training_feature_selection,Historic official-log work ID; no matching direct result root identified in this cutoff.,unresolved; producer run/evidence must be located,log-provenance record only,,,unresolved_log_only,not inferred,no_result_root_or_qa_evidence_identified,unresolved,unresolved,unresolved,not_assessed,,outputs/URP4-1_ROADMAP_LOG.md:5980,not inferred from log mention,bd3c4fb6da9e2e13aae70329b6279201395209e11da9a1543f1a5cd73bb90f47,Only that the ID occurs in an official-state log.,"No execution, QA, or scientific completion implied.",Locate producer run or explicitly archive as historical/log-only.,reverse trace from official log to producer evidence.,historical/unknown,2026-07-31T11:36:30+09:00,outputs/URP4-1_ROADMAP_LOG.md,not_assessed
R09-BB-206,training_feature_selection,Historic official-log work ID; no matching direct result root identified in this cutoff.,unresolved; producer run/evidence must be located,log-provenance record only,,,unresolved_log_only,not inferred,no_result_root_or_qa_evidence_identified,unresolved,unresolved,unresolved,not_assessed,,outputs/URP4-1_ROADMAP_LOG.md:6036,not inferred from log mention,bd3c4fb6da9e2e13aae70329b6279201395209e11da9a1543f1a5cd73bb90f47,Only that the ID occurs in an official-state log.,"No execution, QA, or scientific completion implied.",Locate producer run or explicitly archive as historical/log-only.,reverse trace from official log to producer evidence.,historical/unknown,2026-07-31T11:36:30+09:00,outputs/URP4-1_ROADMAP_LOG.md,not_assessed
R09-BB-207,training_feature_selection,Historic official-log work ID; no matching direct result root identified in this cutoff.,unresolved; producer run/evidence must be located,log-provenance record only,,,unresolved_log_only,not inferred,no_result_root_or_qa_evidence_identified,unresolved,unresolved,unresolved,not_assessed,,outputs/URP4-1_ROADMAP_LOG.md:6092,not inferred from log mention,bd3c4fb6da9e2e13aae70329b6279201395209e11da9a1543f1a5cd73bb90f47,Only that the ID occurs in an official-state log.,"No execution, QA, or scientific completion implied.",Locate producer run or explicitly archive as historical/log-only.,reverse trace from official log to producer evidence.,historical/unknown,2026-07-31T11:36:30+09:00,outputs/URP4-1_ROADMAP_LOG.md,not_assessed
R09-BB-208,training_feature_selection,Historic official-log work ID; no matching direct result root identified in this cutoff.,unresolved; producer run/evidence must be located,log-provenance record only,,,unresolved_log_only,not inferred,no_result_root_or_qa_evidence_identified,unresolved,unresolved,unresolved,not_assessed,,outputs/URP4-1_ROADMAP_LOG.md:6154,not inferred from log mention,bd3c4fb6da9e2e13aae70329b6279201395209e11da9a1543f1a5cd73bb90f47,Only that the ID occurs in an official-state log.,"No execution, QA, or scientific completion implied.",Locate producer run or explicitly archive as historical/log-only.,reverse trace from official log to producer evidence.,historical/unknown,2026-07-31T11:36:30+09:00,outputs/URP4-1_ROADMAP_LOG.md,not_assessed
R09-BB-209,training_feature_selection,Historic official-log work ID; no matching direct result root identified in this cutoff.,unresolved; producer run/evidence must be located,log-provenance record only,,,unresolved_log_only,not inferred,no_result_root_or_qa_evidence_identified,unresolved,unresolved,unresolved,not_assessed,,outputs/URP4-1_ROADMAP_LOG.md:6217,not inferred from log mention,bd3c4fb6da9e2e13aae70329b6279201395209e11da9a1543f1a5cd73bb90f47,Only that the ID occurs in an official-state log.,"No execution, QA, or scientific completion implied.",Locate producer run or explicitly archive as historical/log-only.,reverse trace from official log to producer evidence.,historical/unknown,2026-07-31T11:36:30+09:00,outputs/URP4-1_ROADMAP_LOG.md,not_assessed
R09-BB-210,training_feature_selection,Historic official-log work ID; no matching direct result root identified in this cutoff.,unresolved; producer run/evidence must be located,log-provenance record only,,,unresolved_log_only,not inferred,no_result_root_or_qa_evidence_identified,unresolved,unresolved,unresolved,not_assessed,,outputs/URP4-1_ROADMAP_LOG.md:6256,not inferred from log mention,bd3c4fb6da9e2e13aae70329b6279201395209e11da9a1543f1a5cd73bb90f47,Only that the ID occurs in an official-state log.,"No execution, QA, or scientific completion implied.",Locate producer run or explicitly archive as historical/log-only.,reverse trace from official log to producer evidence.,historical/unknown,2026-07-31T11:36:30+09:00,outputs/URP4-1_ROADMAP_LOG.md,not_assessed
R09-BB-211,training_feature_selection,Historic official-log work ID; no matching direct result root identified in this cutoff.,unresolved; producer run/evidence must be located,log-provenance record only,,,unresolved_log_only,not inferred,no_result_root_or_qa_evidence_identified,unresolved,unresolved,unresolved,not_assessed,,outputs/URP4-1_ROADMAP_LOG.md:6284,not inferred from log mention,bd3c4fb6da9e2e13aae70329b6279201395209e11da9a1543f1a5cd73bb90f47,Only that the ID occurs in an official-state log.,"No execution, QA, or scientific completion implied.",Locate producer run or explicitly archive as historical/log-only.,reverse trace from official log to producer evidence.,historical/unknown,2026-07-31T11:36:30+09:00,outputs/URP4-1_ROADMAP_LOG.md,not_assessed
R09-BB-212,training_feature_selection,Historic official-log work ID; no matching direct result root identified in this cutoff.,unresolved; producer run/evidence must be located,log-provenance record only,,,unresolved_log_only,not inferred,no_result_root_or_qa_evidence_identified,unresolved,unresolved,unresolved,not_assessed,,outputs/URP4-1_ROADMAP_LOG.md:6312,not inferred from log mention,bd3c4fb6da9e2e13aae70329b6279201395209e11da9a1543f1a5cd73bb90f47,Only that the ID occurs in an official-state log.,"No execution, QA, or scientific completion implied.",Locate producer run or explicitly archive as historical/log-only.,reverse trace from official log to producer evidence.,historical/unknown,2026-07-31T11:36:30+09:00,outputs/URP4-1_ROADMAP_LOG.md,not_assessed
R09-BB-213,training_feature_selection,Historic official-log work ID; no matching direct result root identified in this cutoff.,unresolved; producer run/evidence must be located,log-provenance record only,,,unresolved_log_only,not inferred,no_result_root_or_qa_evidence_identified,unresolved,unresolved,unresolved,not_assessed,,outputs/URP4-1_ROADMAP_LOG.md:6339,not inferred from log mention,bd3c4fb6da9e2e13aae70329b6279201395209e11da9a1543f1a5cd73bb90f47,Only that the ID occurs in an official-state log.,"No execution, QA, or scientific completion implied.",Locate producer run or explicitly archive as historical/log-only.,reverse trace from official log to producer evidence.,historical/unknown,2026-07-31T11:36:30+09:00,outputs/URP4-1_ROADMAP_LOG.md,not_assessed
R09-BB-214,training_feature_selection,Historic official-log work ID; no matching direct result root identified in this cutoff.,unresolved; producer run/evidence must be located,log-provenance record only,,,unresolved_log_only,not inferred,no_result_root_or_qa_evidence_identified,unresolved,unresolved,unresolved,not_assessed,,outputs/URP4-1_ROADMAP_LOG.md:6359,not inferred from log mention,bd3c4fb6da9e2e13aae70329b6279201395209e11da9a1543f1a5cd73bb90f47,Only that the ID occurs in an official-state log.,"No execution, QA, or scientific completion implied.",Locate producer run or explicitly archive as historical/log-only.,reverse trace from official log to producer evidence.,historical/unknown,2026-07-31T11:36:30+09:00,outputs/URP4-1_ROADMAP_LOG.md,not_assessed
R09-BB-215,training_feature_selection,Historic official-log work ID; no matching direct result root identified in this cutoff.,unresolved; producer run/evidence must be located,log-provenance record only,,,unresolved_log_only,not inferred,no_result_root_or_qa_evidence_identified,unresolved,unresolved,unresolved,not_assessed,,outputs/URP4-1_ROADMAP_LOG.md:6373,not inferred from log mention,bd3c4fb6da9e2e13aae70329b6279201395209e11da9a1543f1a5cd73bb90f47,Only that the ID occurs in an official-state log.,"No execution, QA, or scientific completion implied.",Locate producer run or explicitly archive as historical/log-only.,reverse trace from official log to producer evidence.,historical/unknown,2026-07-31T11:36:30+09:00,outputs/URP4-1_ROADMAP_LOG.md,not_assessed
R09-BB-216,training_feature_selection,Historic official-log work ID; no matching direct result root identified in this cutoff.,unresolved; producer run/evidence must be located,log-provenance record only,,,unresolved_log_only,not inferred,no_result_root_or_qa_evidence_identified,unresolved,unresolved,unresolved,not_assessed,,AI_START_HERE.md:4030,not inferred from log mention,53ccc7bd56ab05cc78c512506904061f2486a31c808aea8dd59437bb0a983343,Only that the ID occurs in an official-state log.,"No execution, QA, or scientific completion implied.",Locate producer run or explicitly archive as historical/log-only.,reverse trace from official log to producer evidence.,historical/unknown,2026-07-31T11:36:30+09:00,AI_START_HERE.md,not_assessed
R09-BB-221,training_feature_selection,Historic official-log work ID; no matching direct result root identified in this cutoff.,unresolved; producer run/evidence must be located,log-provenance record only,,,unresolved_log_only,not inferred,no_result_root_or_qa_evidence_identified,unresolved,unresolved,unresolved,not_assessed,,outputs/URP4-1_ROADMAP_LOG.md:6398,not inferred from log mention,bd3c4fb6da9e2e13aae70329b6279201395209e11da9a1543f1a5cd73bb90f47,Only that the ID occurs in an official-state log.,"No execution, QA, or scientific completion implied.",Locate producer run or explicitly archive as historical/log-only.,reverse trace from official log to producer evidence.,historical/unknown,2026-07-31T11:36:30+09:00,outputs/URP4-1_ROADMAP_LOG.md,not_assessed
R09-BB-222,training_feature_selection,Historic official-log work ID; no matching direct result root identified in this cutoff.,unresolved; producer run/evidence must be located,log-provenance record only,,,unresolved_log_only,not inferred,no_result_root_or_qa_evidence_identified,unresolved,unresolved,unresolved,not_assessed,,outputs/URP4-1_ROADMAP_LOG.md:6433,not inferred from log mention,bd3c4fb6da9e2e13aae70329b6279201395209e11da9a1543f1a5cd73bb90f47,Only that the ID occurs in an official-state log.,"No execution, QA, or scientific completion implied.",Locate producer run or explicitly archive as historical/log-only.,reverse trace from official log to producer evidence.,historical/unknown,2026-07-31T11:36:30+09:00,outputs/URP4-1_ROADMAP_LOG.md,not_assessed
R09-BB-223,training_feature_selection,Historic official-log work ID; no matching direct result root identified in this cutoff.,unresolved; producer run/evidence must be located,log-provenance record only,,,unresolved_log_only,not inferred,no_result_root_or_qa_evidence_identified,unresolved,unresolved,unresolved,not_assessed,,outputs/URP4-1_ROADMAP_LOG.md:6461,not inferred from log mention,bd3c4fb6da9e2e13aae70329b6279201395209e11da9a1543f1a5cd73bb90f47,Only that the ID occurs in an official-state log.,"No execution, QA, or scientific completion implied.",Locate producer run or explicitly archive as historical/log-only.,reverse trace from official log to producer evidence.,historical/unknown,2026-07-31T11:36:30+09:00,outputs/URP4-1_ROADMAP_LOG.md,not_assessed
R09-BB-226,training_feature_selection,Historic official-log work ID; no matching direct result root identified in this cutoff.,unresolved; producer run/evidence must be located,log-provenance record only,,,unresolved_log_only,not inferred,no_result_root_or_qa_evidence_identified,unresolved,unresolved,unresolved,not_assessed,,outputs/URP4-1_ROADMAP_LOG.md:6461,not inferred from log mention,bd3c4fb6da9e2e13aae70329b6279201395209e11da9a1543f1a5cd73bb90f47,Only that the ID occurs in an official-state log.,"No execution, QA, or scientific completion implied.",Locate producer run or explicitly archive as historical/log-only.,reverse trace from official log to producer evidence.,historical/unknown,2026-07-31T11:36:30+09:00,outputs/URP4-1_ROADMAP_LOG.md,not_assessed
R09-BB-227,training_feature_selection,Historic official-log work ID; no matching direct result root identified in this cutoff.,unresolved; producer run/evidence must be located,log-provenance record only,,,unresolved_log_only,not inferred,no_result_root_or_qa_evidence_identified,unresolved,unresolved,unresolved,not_assessed,,outputs/URP4-1_ROADMAP_LOG.md:6488,not inferred from log mention,bd3c4fb6da9e2e13aae70329b6279201395209e11da9a1543f1a5cd73bb90f47,Only that the ID occurs in an official-state log.,"No execution, QA, or scientific completion implied.",Locate producer run or explicitly archive as historical/log-only.,reverse trace from official log to producer evidence.,historical/unknown,2026-07-31T11:36:30+09:00,outputs/URP4-1_ROADMAP_LOG.md,not_assessed
R09-BB-231,training_feature_selection,Historic official-log work ID; no matching direct result root identified in this cutoff.,unresolved; producer run/evidence must be located,log-provenance record only,,,unresolved_log_only,not inferred,no_result_root_or_qa_evidence_identified,unresolved,unresolved,unresolved,not_assessed,,outputs/URP4-1_ROADMAP_LOG.md:6488,not inferred from log mention,bd3c4fb6da9e2e13aae70329b6279201395209e11da9a1543f1a5cd73bb90f47,Only that the ID occurs in an official-state log.,"No execution, QA, or scientific completion implied.",Locate producer run or explicitly archive as historical/log-only.,reverse trace from official log to producer evidence.,historical/unknown,2026-07-31T11:36:30+09:00,outputs/URP4-1_ROADMAP_LOG.md,not_assessed
R09-BB-232,training_feature_selection,Historic official-log work ID; no matching direct result root identified in this cutoff.,unresolved; producer run/evidence must be located,log-provenance record only,,,unresolved_log_only,not inferred,no_result_root_or_qa_evidence_identified,unresolved,unresolved,unresolved,not_assessed,,outputs/URP4-1_ROADMAP_LOG.md:6514,not inferred from log mention,bd3c4fb6da9e2e13aae70329b6279201395209e11da9a1543f1a5cd73bb90f47,Only that the ID occurs in an official-state log.,"No execution, QA, or scientific completion implied.",Locate producer run or explicitly archive as historical/log-only.,reverse trace from official log to producer evidence.,historical/unknown,2026-07-31T11:36:30+09:00,outputs/URP4-1_ROADMAP_LOG.md,not_assessed
R09-BB-237,training_feature_selection,Historic official-log work ID; no matching direct result root identified in this cutoff.,unresolved; producer run/evidence must be located,log-provenance record only,,,unresolved_log_only,not inferred,no_result_root_or_qa_evidence_identified,unresolved,unresolved,unresolved,not_assessed,,outputs/URP4-1_ROADMAP_LOG.md:6514,not inferred from log mention,bd3c4fb6da9e2e13aae70329b6279201395209e11da9a1543f1a5cd73bb90f47,Only that the ID occurs in an official-state log.,"No execution, QA, or scientific completion implied.",Locate producer run or explicitly archive as historical/log-only.,reverse trace from official log to producer evidence.,historical/unknown,2026-07-31T11:36:30+09:00,outputs/URP4-1_ROADMAP_LOG.md,not_assessed
R09-BB-238,training_feature_selection,Historic official-log work ID; no matching direct result root identified in this cutoff.,unresolved; producer run/evidence must be located,log-provenance record only,,,unresolved_log_only,not inferred,no_result_root_or_qa_evidence_identified,unresolved,unresolved,unresolved,not_assessed,,AI_START_HERE.md:3875,not inferred from log mention,53ccc7bd56ab05cc78c512506904061f2486a31c808aea8dd59437bb0a983343,Only that the ID occurs in an official-state log.,"No execution, QA, or scientific completion implied.",Locate producer run or explicitly archive as historical/log-only.,reverse trace from official log to producer evidence.,historical/unknown,2026-07-31T11:36:30+09:00,AI_START_HERE.md,not_assessed
R09-BB-243,training_feature_selection,Historic official-log work ID; no matching direct result root identified in this cutoff.,unresolved; producer run/evidence must be located,log-provenance record only,,,unresolved_log_only,not inferred,no_result_root_or_qa_evidence_identified,unresolved,unresolved,unresolved,not_assessed,,outputs/URP4-1_ROADMAP_LOG.md:6540,not inferred from log mention,bd3c4fb6da9e2e13aae70329b6279201395209e11da9a1543f1a5cd73bb90f47,Only that the ID occurs in an official-state log.,"No execution, QA, or scientific completion implied.",Locate producer run or explicitly archive as historical/log-only.,reverse trace from official log to producer evidence.,historical/unknown,2026-07-31T11:36:30+09:00,outputs/URP4-1_ROADMAP_LOG.md,not_assessed
R09-BB-244,training_feature_selection,Historic official-log work ID; no matching direct result root identified in this cutoff.,unresolved; producer run/evidence must be located,log-provenance record only,,,unresolved_log_only,not inferred,no_result_root_or_qa_evidence_identified,unresolved,unresolved,unresolved,not_assessed,,AI_START_HERE.md:3833,not inferred from log mention,53ccc7bd56ab05cc78c512506904061f2486a31c808aea8dd59437bb0a983343,Only that the ID occurs in an official-state log.,"No execution, QA, or scientific completion implied.",Locate producer run or explicitly archive as historical/log-only.,reverse trace from official log to producer evidence.,historical/unknown,2026-07-31T11:36:30+09:00,AI_START_HERE.md,not_assessed
R09-BB-248,training_feature_selection,Historic official-log work ID; no matching direct result root identified in this cutoff.,unresolved; producer run/evidence must be located,log-provenance record only,,,unresolved_log_only,not inferred,no_result_root_or_qa_evidence_identified,unresolved,unresolved,unresolved,not_assessed,,outputs/URP4-1_ROADMAP_LOG.md:6564,not inferred from log mention,bd3c4fb6da9e2e13aae70329b6279201395209e11da9a1543f1a5cd73bb90f47,Only that the ID occurs in an official-state log.,"No execution, QA, or scientific completion implied.",Locate producer run or explicitly archive as historical/log-only.,reverse trace from official log to producer evidence.,historical/unknown,2026-07-31T11:36:30+09:00,outputs/URP4-1_ROADMAP_LOG.md,not_assessed
R09-BB-254,training_feature_selection,Historic official-log work ID; no matching direct result root identified in this cutoff.,unresolved; producer run/evidence must be located,log-provenance record only,,,unresolved_log_only,not inferred,no_result_root_or_qa_evidence_identified,unresolved,unresolved,unresolved,not_assessed,,AI_START_HERE.md:4110,not inferred from log mention,53ccc7bd56ab05cc78c512506904061f2486a31c808aea8dd59437bb0a983343,Only that the ID occurs in an official-state log.,"No execution, QA, or scientific completion implied.",Locate producer run or explicitly archive as historical/log-only.,reverse trace from official log to producer evidence.,historical/unknown,2026-07-31T11:36:30+09:00,AI_START_HERE.md,not_assessed
R09-BB-260,training_feature_selection,Historic official-log work ID; no matching direct result root identified in this cutoff.,unresolved; producer run/evidence must be located,log-provenance record only,,,unresolved_log_only,not inferred,no_result_root_or_qa_evidence_identified,unresolved,unresolved,unresolved,not_assessed,,outputs/URP4-1_ROADMAP_LOG.md:6588,not inferred from log mention,bd3c4fb6da9e2e13aae70329b6279201395209e11da9a1543f1a5cd73bb90f47,Only that the ID occurs in an official-state log.,"No execution, QA, or scientific completion implied.",Locate producer run or explicitly archive as historical/log-only.,reverse trace from official log to producer evidence.,historical/unknown,2026-07-31T11:36:30+09:00,outputs/URP4-1_ROADMAP_LOG.md,not_assessed
R09-BB-266,training_feature_selection,Historic official-log work ID; no matching direct result root identified in this cutoff.,unresolved; producer run/evidence must be located,log-provenance record only,,,unresolved_log_only,not inferred,no_result_root_or_qa_evidence_identified,unresolved,unresolved,unresolved,not_assessed,,AI_START_HERE.md:4133,not inferred from log mention,53ccc7bd56ab05cc78c512506904061f2486a31c808aea8dd59437bb0a983343,Only that the ID occurs in an official-state log.,"No execution, QA, or scientific completion implied.",Locate producer run or explicitly archive as historical/log-only.,reverse trace from official log to producer evidence.,historical/unknown,2026-07-31T11:36:30+09:00,AI_START_HERE.md,not_assessed
R09-BB-272,training_feature_selection,Historic official-log work ID; no matching direct result root identified in this cutoff.,unresolved; producer run/evidence must be located,log-provenance record only,,,unresolved_log_only,not inferred,no_result_root_or_qa_evidence_identified,unresolved,unresolved,unresolved,not_assessed,,AI_START_HERE.md:4162,not inferred from log mention,53ccc7bd56ab05cc78c512506904061f2486a31c808aea8dd59437bb0a983343,Only that the ID occurs in an official-state log.,"No execution, QA, or scientific completion implied.",Locate producer run or explicitly archive as historical/log-only.,reverse trace from official log to producer evidence.,historical/unknown,2026-07-31T11:36:30+09:00,AI_START_HERE.md,not_assessed
R09-BB-279,training_feature_selection,Historic official-log work ID; no matching direct result root identified in this cutoff.,unresolved; producer run/evidence must be located,log-provenance record only,,,unresolved_log_only,not inferred,no_result_root_or_qa_evidence_identified,unresolved,unresolved,unresolved,not_assessed,,outputs/URP4-1_ROADMAP_LOG.md:6656,not inferred from log mention,bd3c4fb6da9e2e13aae70329b6279201395209e11da9a1543f1a5cd73bb90f47,Only that the ID occurs in an official-state log.,"No execution, QA, or scientific completion implied.",Locate producer run or explicitly archive as historical/log-only.,reverse trace from official log to producer evidence.,historical/unknown,2026-07-31T11:36:30+09:00,outputs/URP4-1_ROADMAP_LOG.md,not_assessed
R09-BB-285,training_feature_selection,Historic official-log work ID; no matching direct result root identified in this cutoff.,unresolved; producer run/evidence must be located,log-provenance record only,,,unresolved_log_only,not inferred,no_result_root_or_qa_evidence_identified,unresolved,unresolved,unresolved,not_assessed,,outputs/URP4-1_ROADMAP_LOG.md:6657,not inferred from log mention,bd3c4fb6da9e2e13aae70329b6279201395209e11da9a1543f1a5cd73bb90f47,Only that the ID occurs in an official-state log.,"No execution, QA, or scientific completion implied.",Locate producer run or explicitly archive as historical/log-only.,reverse trace from official log to producer evidence.,historical/unknown,2026-07-31T11:36:30+09:00,outputs/URP4-1_ROADMAP_LOG.md,not_assessed
R09-BB-290,training_feature_selection,Historic official-log work ID; no matching direct result root identified in this cutoff.,unresolved; producer run/evidence must be located,log-provenance record only,,,unresolved_log_only,not inferred,no_result_root_or_qa_evidence_identified,unresolved,unresolved,unresolved,not_assessed,,AI_START_HERE.md:4195,not inferred from log mention,53ccc7bd56ab05cc78c512506904061f2486a31c808aea8dd59437bb0a983343,Only that the ID occurs in an official-state log.,"No execution, QA, or scientific completion implied.",Locate producer run or explicitly archive as historical/log-only.,reverse trace from official log to producer evidence.,historical/unknown,2026-07-31T11:36:30+09:00,AI_START_HERE.md,not_assessed
R09-BB-298,training_feature_selection,Historic official-log work ID; no matching direct result root identified in this cutoff.,unresolved; producer run/evidence must be located,log-provenance record only,,,unresolved_log_only,not inferred,no_result_root_or_qa_evidence_identified,unresolved,unresolved,unresolved,not_assessed,,AI_START_HERE.md:4236,not inferred from log mention,53ccc7bd56ab05cc78c512506904061f2486a31c808aea8dd59437bb0a983343,Only that the ID occurs in an official-state log.,"No execution, QA, or scientific completion implied.",Locate producer run or explicitly archive as historical/log-only.,reverse trace from official log to producer evidence.,historical/unknown,2026-07-31T11:36:30+09:00,AI_START_HERE.md,not_assessed
R09-BB-305,training_feature_selection,Historic official-log work ID; no matching direct result root identified in this cutoff.,unresolved; producer run/evidence must be located,log-provenance record only,,,unresolved_log_only,not inferred,no_result_root_or_qa_evidence_identified,unresolved,unresolved,unresolved,not_assessed,,outputs/URP4-1_ROADMAP_LOG.md:6704,not inferred from log mention,bd3c4fb6da9e2e13aae70329b6279201395209e11da9a1543f1a5cd73bb90f47,Only that the ID occurs in an official-state log.,"No execution, QA, or scientific completion implied.",Locate producer run or explicitly archive as historical/log-only.,reverse trace from official log to producer evidence.,historical/unknown,2026-07-31T11:36:30+09:00,outputs/URP4-1_ROADMAP_LOG.md,not_assessed
R09-BB-310,training_feature_selection,Historic official-log work ID; no matching direct result root identified in this cutoff.,unresolved; producer run/evidence must be located,log-provenance record only,,,unresolved_log_only,not inferred,no_result_root_or_qa_evidence_identified,unresolved,unresolved,unresolved,not_assessed,,AI_START_HERE.md:4274,not inferred from log mention,53ccc7bd56ab05cc78c512506904061f2486a31c808aea8dd59437bb0a983343,Only that the ID occurs in an official-state log.,"No execution, QA, or scientific completion implied.",Locate producer run or explicitly archive as historical/log-only.,reverse trace from official log to producer evidence.,historical/unknown,2026-07-31T11:36:30+09:00,AI_START_HERE.md,not_assessed
R09-BB-317,training_feature_selection,Historic official-log work ID; no matching direct result root identified in this cutoff.,unresolved; producer run/evidence must be located,log-provenance record only,,,unresolved_log_only,not inferred,no_result_root_or_qa_evidence_identified,unresolved,unresolved,unresolved,not_assessed,,AI_START_HERE.md:4312,not inferred from log mention,53ccc7bd56ab05cc78c512506904061f2486a31c808aea8dd59437bb0a983343,Only that the ID occurs in an official-state log.,"No execution, QA, or scientific completion implied.",Locate producer run or explicitly archive as historical/log-only.,reverse trace from official log to producer evidence.,historical/unknown,2026-07-31T11:36:30+09:00,AI_START_HERE.md,not_assessed
R09-BB-320,training_feature_selection,Historic official-log work ID; no matching direct result root identified in this cutoff.,unresolved; producer run/evidence must be located,log-provenance record only,,,unresolved_log_only,not inferred,no_result_root_or_qa_evidence_identified,unresolved,unresolved,unresolved,not_assessed,,outputs/URP4-1_ROADMAP_LOG.md:6789,not inferred from log mention,bd3c4fb6da9e2e13aae70329b6279201395209e11da9a1543f1a5cd73bb90f47,Only that the ID occurs in an official-state log.,"No execution, QA, or scientific completion implied.",Locate producer run or explicitly archive as historical/log-only.,reverse trace from official log to producer evidence.,historical/unknown,2026-07-31T11:36:30+09:00,outputs/URP4-1_ROADMAP_LOG.md,not_assessed
R09-BB-324,training_feature_selection,Historic official-log work ID; no matching direct result root identified in this cutoff.,unresolved; producer run/evidence must be located,log-provenance record only,,,unresolved_log_only,not inferred,no_result_root_or_qa_evidence_identified,unresolved,unresolved,unresolved,not_assessed,,AI_START_HERE.md:4349,not inferred from log mention,53ccc7bd56ab05cc78c512506904061f2486a31c808aea8dd59437bb0a983343,Only that the ID occurs in an official-state log.,"No execution, QA, or scientific completion implied.",Locate producer run or explicitly archive as historical/log-only.,reverse trace from official log to producer evidence.,historical/unknown,2026-07-31T11:36:30+09:00,AI_START_HERE.md,not_assessed
R09-BB-328,training_feature_selection,Historic official-log work ID; no matching direct result root identified in this cutoff.,unresolved; producer run/evidence must be located,log-provenance record only,,,unresolved_log_only,not inferred,no_result_root_or_qa_evidence_identified,unresolved,unresolved,unresolved,not_assessed,,AI_START_HERE.md:4384,not inferred from log mention,53ccc7bd56ab05cc78c512506904061f2486a31c808aea8dd59437bb0a983343,Only that the ID occurs in an official-state log.,"No execution, QA, or scientific completion implied.",Locate producer run or explicitly archive as historical/log-only.,reverse trace from official log to producer evidence.,historical/unknown,2026-07-31T11:36:30+09:00,AI_START_HERE.md,not_assessed
R09-BB-331,training_feature_selection,Historic official-log work ID; no matching direct result root identified in this cutoff.,unresolved; producer run/evidence must be located,log-provenance record only,,,unresolved_log_only,not inferred,no_result_root_or_qa_evidence_identified,unresolved,unresolved,unresolved,not_assessed,,AI_START_HERE.md:4417,not inferred from log mention,53ccc7bd56ab05cc78c512506904061f2486a31c808aea8dd59437bb0a983343,Only that the ID occurs in an official-state log.,"No execution, QA, or scientific completion implied.",Locate producer run or explicitly archive as historical/log-only.,reverse trace from official log to producer evidence.,historical/unknown,2026-07-31T11:36:30+09:00,AI_START_HERE.md,not_assessed
R09-BB-334,training_feature_selection,Historic official-log work ID; no matching direct result root identified in this cutoff.,unresolved; producer run/evidence must be located,log-provenance record only,,,unresolved_log_only,not inferred,no_result_root_or_qa_evidence_identified,unresolved,unresolved,unresolved,not_assessed,,AI_START_HERE.md:4460,not inferred from log mention,53ccc7bd56ab05cc78c512506904061f2486a31c808aea8dd59437bb0a983343,Only that the ID occurs in an official-state log.,"No execution, QA, or scientific completion implied.",Locate producer run or explicitly archive as historical/log-only.,reverse trace from official log to producer evidence.,historical/unknown,2026-07-31T11:36:30+09:00,AI_START_HERE.md,not_assessed
R09-BB-342,training_feature_selection,Historic official-log work ID; no matching direct result root identified in this cutoff.,unresolved; producer run/evidence must be located,log-provenance record only,,,unresolved_log_only,not inferred,no_result_root_or_qa_evidence_identified,unresolved,unresolved,unresolved,not_assessed,,AI_START_HERE.md:4504,not inferred from log mention,53ccc7bd56ab05cc78c512506904061f2486a31c808aea8dd59437bb0a983343,Only that the ID occurs in an official-state log.,"No execution, QA, or scientific completion implied.",Locate producer run or explicitly archive as historical/log-only.,reverse trace from official log to producer evidence.,historical/unknown,2026-07-31T11:36:30+09:00,AI_START_HERE.md,not_assessed
R09-BB-349,training_feature_selection,Historic official-log work ID; no matching direct result root identified in this cutoff.,unresolved; producer run/evidence must be located,log-provenance record only,,,unresolved_log_only,not inferred,no_result_root_or_qa_evidence_identified,unresolved,unresolved,unresolved,not_assessed,,outputs/URP4-1_ROADMAP_LOG.md:6965,not inferred from log mention,bd3c4fb6da9e2e13aae70329b6279201395209e11da9a1543f1a5cd73bb90f47,Only that the ID occurs in an official-state log.,"No execution, QA, or scientific completion implied.",Locate producer run or explicitly archive as historical/log-only.,reverse trace from official log to producer evidence.,historical/unknown,2026-07-31T11:36:30+09:00,outputs/URP4-1_ROADMAP_LOG.md,not_assessed
R09-BB-356,training_feature_selection,Historic official-log work ID; no matching direct result root identified in this cutoff.,unresolved; producer run/evidence must be located,log-provenance record only,,,unresolved_log_only,not inferred,no_result_root_or_qa_evidence_identified,unresolved,unresolved,unresolved,not_assessed,,AI_START_HERE.md:661,not inferred from log mention,53ccc7bd56ab05cc78c512506904061f2486a31c808aea8dd59437bb0a983343,Only that the ID occurs in an official-state log.,"No execution, QA, or scientific completion implied.",Locate producer run or explicitly archive as historical/log-only.,reverse trace from official log to producer evidence.,historical/unknown,2026-07-31T11:36:30+09:00,AI_START_HERE.md,not_assessed
R09-BB-361,training_feature_selection,Historic official-log work ID; no matching direct result root identified in this cutoff.,unresolved; producer run/evidence must be located,log-provenance record only,,,unresolved_log_only,not inferred,no_result_root_or_qa_evidence_identified,unresolved,unresolved,unresolved,not_assessed,,AI_START_HERE.md:647,not inferred from log mention,53ccc7bd56ab05cc78c512506904061f2486a31c808aea8dd59437bb0a983343,Only that the ID occurs in an official-state log.,"No execution, QA, or scientific completion implied.",Locate producer run or explicitly archive as historical/log-only.,reverse trace from official log to producer evidence.,historical/unknown,2026-07-31T11:36:30+09:00,AI_START_HERE.md,not_assessed
R09-BB-365,training_feature_selection,Historic official-log work ID; no matching direct result root identified in this cutoff.,unresolved; producer run/evidence must be located,log-provenance record only,,,unresolved_log_only,not inferred,no_result_root_or_qa_evidence_identified,unresolved,unresolved,unresolved,not_assessed,,AI_START_HERE.md:634,not inferred from log mention,53ccc7bd56ab05cc78c512506904061f2486a31c808aea8dd59437bb0a983343,Only that the ID occurs in an official-state log.,"No execution, QA, or scientific completion implied.",Locate producer run or explicitly archive as historical/log-only.,reverse trace from official log to producer evidence.,historical/unknown,2026-07-31T11:36:30+09:00,AI_START_HERE.md,not_assessed
R09-BB-372,training_feature_selection,Historic official-log work ID; no matching direct result root identified in this cutoff.,unresolved; producer run/evidence must be located,log-provenance record only,,,unresolved_log_only,not inferred,no_result_root_or_qa_evidence_identified,unresolved,unresolved,unresolved,not_assessed,,AI_START_HERE.md:618,not inferred from log mention,53ccc7bd56ab05cc78c512506904061f2486a31c808aea8dd59437bb0a983343,Only that the ID occurs in an official-state log.,"No execution, QA, or scientific completion implied.",Locate producer run or explicitly archive as historical/log-only.,reverse trace from official log to producer evidence.,historical/unknown,2026-07-31T11:36:30+09:00,AI_START_HERE.md,not_assessed
R09-BB-373,training_feature_selection,Historic official-log work ID; no matching direct result root identified in this cutoff.,unresolved; producer run/evidence must be located,log-provenance record only,,,unresolved_log_only,not inferred,no_result_root_or_qa_evidence_identified,unresolved,unresolved,unresolved,not_assessed,,AI_START_HERE.md:606,not inferred from log mention,53ccc7bd56ab05cc78c512506904061f2486a31c808aea8dd59437bb0a983343,Only that the ID occurs in an official-state log.,"No execution, QA, or scientific completion implied.",Locate producer run or explicitly archive as historical/log-only.,reverse trace from official log to producer evidence.,historical/unknown,2026-07-31T11:36:30+09:00,AI_START_HERE.md,not_assessed
R09-BB-376,training_feature_selection,Historic official-log work ID; no matching direct result root identified in this cutoff.,unresolved; producer run/evidence must be located,log-provenance record only,,,unresolved_log_only,not inferred,no_result_root_or_qa_evidence_identified,unresolved,unresolved,unresolved,not_assessed,,outputs/URP4-1_ROADMAP_LOG.md:7180,not inferred from log mention,bd3c4fb6da9e2e13aae70329b6279201395209e11da9a1543f1a5cd73bb90f47,Only that the ID occurs in an official-state log.,"No execution, QA, or scientific completion implied.",Locate producer run or explicitly archive as historical/log-only.,reverse trace from official log to producer evidence.,historical/unknown,2026-07-31T11:36:30+09:00,outputs/URP4-1_ROADMAP_LOG.md,not_assessed
R09-BB-377,training_feature_selection,Historic official-log work ID; no matching direct result root identified in this cutoff.,unresolved; producer run/evidence must be located,log-provenance record only,,,unresolved_log_only,not inferred,no_result_root_or_qa_evidence_identified,unresolved,unresolved,unresolved,not_assessed,,outputs/URP4-1_ROADMAP_LOG.md:7218,not inferred from log mention,bd3c4fb6da9e2e13aae70329b6279201395209e11da9a1543f1a5cd73bb90f47,Only that the ID occurs in an official-state log.,"No execution, QA, or scientific completion implied.",Locate producer run or explicitly archive as historical/log-only.,reverse trace from official log to producer evidence.,historical/unknown,2026-07-31T11:36:30+09:00,outputs/URP4-1_ROADMAP_LOG.md,not_assessed
R09-BB-378,training_feature_selection,Historic official-log work ID; no matching direct result root identified in this cutoff.,unresolved; producer run/evidence must be located,log-provenance record only,,,unresolved_log_only,not inferred,no_result_root_or_qa_evidence_identified,unresolved,unresolved,unresolved,not_assessed,,outputs/URP4-1_ROADMAP_LOG.md:7244,not inferred from log mention,bd3c4fb6da9e2e13aae70329b6279201395209e11da9a1543f1a5cd73bb90f47,Only that the ID occurs in an official-state log.,"No execution, QA, or scientific completion implied.",Locate producer run or explicitly archive as historical/log-only.,reverse trace from official log to producer evidence.,historical/unknown,2026-07-31T11:36:30+09:00,outputs/URP4-1_ROADMAP_LOG.md,not_assessed
R09-BB-379,training_feature_selection,Historic official-log work ID; no matching direct result root identified in this cutoff.,unresolved; producer run/evidence must be located,log-provenance record only,,,unresolved_log_only,not inferred,no_result_root_or_qa_evidence_identified,unresolved,unresolved,unresolved,not_assessed,,outputs/URP4-1_ROADMAP_LOG.md:7269,not inferred from log mention,bd3c4fb6da9e2e13aae70329b6279201395209e11da9a1543f1a5cd73bb90f47,Only that the ID occurs in an official-state log.,"No execution, QA, or scientific completion implied.",Locate producer run or explicitly archive as historical/log-only.,reverse trace from official log to producer evidence.,historical/unknown,2026-07-31T11:36:30+09:00,outputs/URP4-1_ROADMAP_LOG.md,not_assessed
R09-BB-380,training_feature_selection,Historic official-log work ID; no matching direct result root identified in this cutoff.,unresolved; producer run/evidence must be located,log-provenance record only,,,unresolved_log_only,not inferred,no_result_root_or_qa_evidence_identified,unresolved,unresolved,unresolved,not_assessed,,outputs/URP4-1_ROADMAP_LOG.md:7296,not inferred from log mention,bd3c4fb6da9e2e13aae70329b6279201395209e11da9a1543f1a5cd73bb90f47,Only that the ID occurs in an official-state log.,"No execution, QA, or scientific completion implied.",Locate producer run or explicitly archive as historical/log-only.,reverse trace from official log to producer evidence.,historical/unknown,2026-07-31T11:36:30+09:00,outputs/URP4-1_ROADMAP_LOG.md,not_assessed
R09-BB-381,training_feature_selection,Historic official-log work ID; no matching direct result root identified in this cutoff.,unresolved; producer run/evidence must be located,log-provenance record only,,,unresolved_log_only,not inferred,no_result_root_or_qa_evidence_identified,unresolved,unresolved,unresolved,not_assessed,,AI_START_HERE.md:594,not inferred from log mention,53ccc7bd56ab05cc78c512506904061f2486a31c808aea8dd59437bb0a983343,Only that the ID occurs in an official-state log.,"No execution, QA, or scientific completion implied.",Locate producer run or explicitly archive as historical/log-only.,reverse trace from official log to producer evidence.,historical/unknown,2026-07-31T11:36:30+09:00,AI_START_HERE.md,not_assessed
R09-BB-382,training_feature_selection,Historic official-log work ID; no matching direct result root identified in this cutoff.,unresolved; producer run/evidence must be located,log-provenance record only,,,unresolved_log_only,not inferred,no_result_root_or_qa_evidence_identified,unresolved,unresolved,unresolved,not_assessed,,outputs/URP4-1_ROADMAP_LOG.md:7362,not inferred from log mention,bd3c4fb6da9e2e13aae70329b6279201395209e11da9a1543f1a5cd73bb90f47,Only that the ID occurs in an official-state log.,"No execution, QA, or scientific completion implied.",Locate producer run or explicitly archive as historical/log-only.,reverse trace from official log to producer evidence.,historical/unknown,2026-07-31T11:36:30+09:00,outputs/URP4-1_ROADMAP_LOG.md,not_assessed
R09-BB-383,training_feature_selection,Historic official-log work ID; no matching direct result root identified in this cutoff.,unresolved; producer run/evidence must be located,log-provenance record only,,,unresolved_log_only,not inferred,no_result_root_or_qa_evidence_identified,unresolved,unresolved,unresolved,not_assessed,,outputs/URP4-1_ROADMAP_LOG.md:7394,not inferred from log mention,bd3c4fb6da9e2e13aae70329b6279201395209e11da9a1543f1a5cd73bb90f47,Only that the ID occurs in an official-state log.,"No execution, QA, or scientific completion implied.",Locate producer run or explicitly archive as historical/log-only.,reverse trace from official log to producer evidence.,historical/unknown,2026-07-31T11:36:30+09:00,outputs/URP4-1_ROADMAP_LOG.md,not_assessed
R09-BB-385,training_feature_selection,Historic official-log work ID; no matching direct result root identified in this cutoff.,unresolved; producer run/evidence must be located,log-provenance record only,,,unresolved_log_only,not inferred,no_result_root_or_qa_evidence_identified,unresolved,unresolved,unresolved,not_assessed,,outputs/URP4-1_ROADMAP_LOG.md:7424,not inferred from log mention,bd3c4fb6da9e2e13aae70329b6279201395209e11da9a1543f1a5cd73bb90f47,Only that the ID occurs in an official-state log.,"No execution, QA, or scientific completion implied.",Locate producer run or explicitly archive as historical/log-only.,reverse trace from official log to producer evidence.,historical/unknown,2026-07-31T11:36:30+09:00,outputs/URP4-1_ROADMAP_LOG.md,not_assessed
R09-BB-388,training_feature_selection,Historic official-log work ID; no matching direct result root identified in this cutoff.,unresolved; producer run/evidence must be located,log-provenance record only,,,unresolved_log_only,not inferred,no_result_root_or_qa_evidence_identified,unresolved,unresolved,unresolved,not_assessed,,outputs/URP4-1_ROADMAP_LOG.md:7459,not inferred from log mention,bd3c4fb6da9e2e13aae70329b6279201395209e11da9a1543f1a5cd73bb90f47,Only that the ID occurs in an official-state log.,"No execution, QA, or scientific completion implied.",Locate producer run or explicitly archive as historical/log-only.,reverse trace from official log to producer evidence.,historical/unknown,2026-07-31T11:36:30+09:00,outputs/URP4-1_ROADMAP_LOG.md,not_assessed
R09-BB-392,training_feature_selection,Historic official-log work ID; no matching direct result root identified in this cutoff.,unresolved; producer run/evidence must be located,log-provenance record only,,,unresolved_log_only,not inferred,no_result_root_or_qa_evidence_identified,unresolved,unresolved,unresolved,not_assessed,,outputs/URP4-1_ROADMAP_LOG.md:7495,not inferred from log mention,bd3c4fb6da9e2e13aae70329b6279201395209e11da9a1543f1a5cd73bb90f47,Only that the ID occurs in an official-state log.,"No execution, QA, or scientific completion implied.",Locate producer run or explicitly archive as historical/log-only.,reverse trace from official log to producer evidence.,historical/unknown,2026-07-31T11:36:30+09:00,outputs/URP4-1_ROADMAP_LOG.md,not_assessed
R09-BB-398,training_feature_selection,Historic official-log work ID; no matching direct result root identified in this cutoff.,unresolved; producer run/evidence must be located,log-provenance record only,,,unresolved_log_only,not inferred,no_result_root_or_qa_evidence_identified,unresolved,unresolved,unresolved,not_assessed,,outputs/URP4-1_ROADMAP_LOG.md:7532,not inferred from log mention,bd3c4fb6da9e2e13aae70329b6279201395209e11da9a1543f1a5cd73bb90f47,Only that the ID occurs in an official-state log.,"No execution, QA, or scientific completion implied.",Locate producer run or explicitly archive as historical/log-only.,reverse trace from official log to producer evidence.,historical/unknown,2026-07-31T11:36:30+09:00,outputs/URP4-1_ROADMAP_LOG.md,not_assessed
R09-BB-404,training_feature_selection,Historic official-log work ID; no matching direct result root identified in this cutoff.,unresolved; producer run/evidence must be located,log-provenance record only,,,unresolved_log_only,not inferred,no_result_root_or_qa_evidence_identified,unresolved,unresolved,unresolved,not_assessed,,outputs/URP4-1_ROADMAP_LOG.md:7568,not inferred from log mention,bd3c4fb6da9e2e13aae70329b6279201395209e11da9a1543f1a5cd73bb90f47,Only that the ID occurs in an official-state log.,"No execution, QA, or scientific completion implied.",Locate producer run or explicitly archive as historical/log-only.,reverse trace from official log to producer evidence.,historical/unknown,2026-07-31T11:36:30+09:00,outputs/URP4-1_ROADMAP_LOG.md,not_assessed
R09-BB-410,training_feature_selection,Historic official-log work ID; no matching direct result root identified in this cutoff.,unresolved; producer run/evidence must be located,log-provenance record only,,,unresolved_log_only,not inferred,no_result_root_or_qa_evidence_identified,unresolved,unresolved,unresolved,not_assessed,,AI_START_HERE.md:500,not inferred from log mention,53ccc7bd56ab05cc78c512506904061f2486a31c808aea8dd59437bb0a983343,Only that the ID occurs in an official-state log.,"No execution, QA, or scientific completion implied.",Locate producer run or explicitly archive as historical/log-only.,reverse trace from official log to producer evidence.,historical/unknown,2026-07-31T11:36:30+09:00,AI_START_HERE.md,not_assessed
R09-BB-417,training_feature_selection,Historic official-log work ID; no matching direct result root identified in this cutoff.,unresolved; producer run/evidence must be located,log-provenance record only,,,unresolved_log_only,not inferred,no_result_root_or_qa_evidence_identified,unresolved,unresolved,unresolved,not_assessed,,AI_START_HERE.md:4545,not inferred from log mention,53ccc7bd56ab05cc78c512506904061f2486a31c808aea8dd59437bb0a983343,Only that the ID occurs in an official-state log.,"No execution, QA, or scientific completion implied.",Locate producer run or explicitly archive as historical/log-only.,reverse trace from official log to producer evidence.,historical/unknown,2026-07-31T11:36:30+09:00,AI_START_HERE.md,not_assessed
R09-BB-424,training_feature_selection,Historic official-log work ID; no matching direct result root identified in this cutoff.,unresolved; producer run/evidence must be located,log-provenance record only,,,unresolved_log_only,not inferred,no_result_root_or_qa_evidence_identified,unresolved,unresolved,unresolved,not_assessed,,AI_START_HERE.md:4587,not inferred from log mention,53ccc7bd56ab05cc78c512506904061f2486a31c808aea8dd59437bb0a983343,Only that the ID occurs in an official-state log.,"No execution, QA, or scientific completion implied.",Locate producer run or explicitly archive as historical/log-only.,reverse trace from official log to producer evidence.,historical/unknown,2026-07-31T11:36:30+09:00,AI_START_HERE.md,not_assessed
R09-BB-430,training_feature_selection,Historic official-log work ID; no matching direct result root identified in this cutoff.,unresolved; producer run/evidence must be located,log-provenance record only,,,unresolved_log_only,not inferred,no_result_root_or_qa_evidence_identified,unresolved,unresolved,unresolved,not_assessed,,AI_START_HERE.md:4626,not inferred from log mention,53ccc7bd56ab05cc78c512506904061f2486a31c808aea8dd59437bb0a983343,Only that the ID occurs in an official-state log.,"No execution, QA, or scientific completion implied.",Locate producer run or explicitly archive as historical/log-only.,reverse trace from official log to producer evidence.,historical/unknown,2026-07-31T11:36:30+09:00,AI_START_HERE.md,not_assessed
R09-BB-437,training_feature_selection,Historic official-log work ID; no matching direct result root identified in this cutoff.,unresolved; producer run/evidence must be located,log-provenance record only,,,unresolved_log_only,not inferred,no_result_root_or_qa_evidence_identified,unresolved,unresolved,unresolved,not_assessed,,AI_START_HERE.md:484,not inferred from log mention,53ccc7bd56ab05cc78c512506904061f2486a31c808aea8dd59437bb0a983343,Only that the ID occurs in an official-state log.,"No execution, QA, or scientific completion implied.",Locate producer run or explicitly archive as historical/log-only.,reverse trace from official log to producer evidence.,historical/unknown,2026-07-31T11:36:30+09:00,AI_START_HERE.md,not_assessed
R09-BB-438,training_feature_selection,Historic official-log work ID; no matching direct result root identified in this cutoff.,unresolved; producer run/evidence must be located,log-provenance record only,,,unresolved_log_only,not inferred,no_result_root_or_qa_evidence_identified,unresolved,unresolved,unresolved,not_assessed,,AI_START_HERE.md:4662,not inferred from log mention,53ccc7bd56ab05cc78c512506904061f2486a31c808aea8dd59437bb0a983343,Only that the ID occurs in an official-state log.,"No execution, QA, or scientific completion implied.",Locate producer run or explicitly archive as historical/log-only.,reverse trace from official log to producer evidence.,historical/unknown,2026-07-31T11:36:30+09:00,AI_START_HERE.md,not_assessed
R09-BB-444,training_feature_selection,Historic official-log work ID; no matching direct result root identified in this cutoff.,unresolved; producer run/evidence must be located,log-provenance record only,,,unresolved_log_only,not inferred,no_result_root_or_qa_evidence_identified,unresolved,unresolved,unresolved,not_assessed,,AI_START_HERE.md:472,not inferred from log mention,53ccc7bd56ab05cc78c512506904061f2486a31c808aea8dd59437bb0a983343,Only that the ID occurs in an official-state log.,"No execution, QA, or scientific completion implied.",Locate producer run or explicitly archive as historical/log-only.,reverse trace from official log to producer evidence.,historical/unknown,2026-07-31T11:36:30+09:00,AI_START_HERE.md,not_assessed
R09-BB-450,training_feature_selection,Historic official-log work ID; no matching direct result root identified in this cutoff.,unresolved; producer run/evidence must be located,log-provenance record only,,,unresolved_log_only,not inferred,no_result_root_or_qa_evidence_identified,unresolved,unresolved,unresolved,not_assessed,,AI_START_HERE.md:459,not inferred from log mention,53ccc7bd56ab05cc78c512506904061f2486a31c808aea8dd59437bb0a983343,Only that the ID occurs in an official-state log.,"No execution, QA, or scientific completion implied.",Locate producer run or explicitly archive as historical/log-only.,reverse trace from official log to producer evidence.,historical/unknown,2026-07-31T11:36:30+09:00,AI_START_HERE.md,not_assessed
R09-BB-457,training_feature_selection,Historic official-log work ID; no matching direct result root identified in this cutoff.,unresolved; producer run/evidence must be located,log-provenance record only,,,unresolved_log_only,not inferred,no_result_root_or_qa_evidence_identified,unresolved,unresolved,unresolved,not_assessed,,AI_START_HERE.md:445,not inferred from log mention,53ccc7bd56ab05cc78c512506904061f2486a31c808aea8dd59437bb0a983343,Only that the ID occurs in an official-state log.,"No execution, QA, or scientific completion implied.",Locate producer run or explicitly archive as historical/log-only.,reverse trace from official log to producer evidence.,historical/unknown,2026-07-31T11:36:30+09:00,AI_START_HERE.md,not_assessed
R09-BB-464,training_feature_selection,Historic official-log work ID; no matching direct result root identified in this cutoff.,unresolved; producer run/evidence must be located,log-provenance record only,,,unresolved_log_only,not inferred,no_result_root_or_qa_evidence_identified,unresolved,unresolved,unresolved,not_assessed,,AI_START_HERE.md:430,not inferred from log mention,53ccc7bd56ab05cc78c512506904061f2486a31c808aea8dd59437bb0a983343,Only that the ID occurs in an official-state log.,"No execution, QA, or scientific completion implied.",Locate producer run or explicitly archive as historical/log-only.,reverse trace from official log to producer evidence.,historical/unknown,2026-07-31T11:36:30+09:00,AI_START_HERE.md,not_assessed
R09-BB-471,training_feature_selection,Historic official-log work ID; no matching direct result root identified in this cutoff.,unresolved; producer run/evidence must be located,log-provenance record only,,,unresolved_log_only,not inferred,no_result_root_or_qa_evidence_identified,unresolved,unresolved,unresolved,not_assessed,,AI_START_HERE.md:417,not inferred from log mention,53ccc7bd56ab05cc78c512506904061f2486a31c808aea8dd59437bb0a983343,Only that the ID occurs in an official-state log.,"No execution, QA, or scientific completion implied.",Locate producer run or explicitly archive as historical/log-only.,reverse trace from official log to producer evidence.,historical/unknown,2026-07-31T11:36:30+09:00,AI_START_HERE.md,not_assessed
R09-BB-477,training_feature_selection,Historic official-log work ID; no matching direct result root identified in this cutoff.,unresolved; producer run/evidence must be located,log-provenance record only,,,unresolved_log_only,not inferred,no_result_root_or_qa_evidence_identified,unresolved,unresolved,unresolved,not_assessed,,AI_START_HERE.md:4702,not inferred from log mention,53ccc7bd56ab05cc78c512506904061f2486a31c808aea8dd59437bb0a983343,Only that the ID occurs in an official-state log.,"No execution, QA, or scientific completion implied.",Locate producer run or explicitly archive as historical/log-only.,reverse trace from official log to producer evidence.,historical/unknown,2026-07-31T11:36:30+09:00,AI_START_HERE.md,not_assessed
R09-BB-483,training_feature_selection,Historic official-log work ID; no matching direct result root identified in this cutoff.,unresolved; producer run/evidence must be located,log-provenance record only,,,unresolved_log_only,not inferred,no_result_root_or_qa_evidence_identified,unresolved,unresolved,unresolved,not_assessed,,AI_START_HERE.md:4735,not inferred from log mention,53ccc7bd56ab05cc78c512506904061f2486a31c808aea8dd59437bb0a983343,Only that the ID occurs in an official-state log.,"No execution, QA, or scientific completion implied.",Locate producer run or explicitly archive as historical/log-only.,reverse trace from official log to producer evidence.,historical/unknown,2026-07-31T11:36:30+09:00,AI_START_HERE.md,not_assessed
R09-BB-488,training_feature_selection,Historic official-log work ID; no matching direct result root identified in this cutoff.,unresolved; producer run/evidence must be located,log-provenance record only,,,unresolved_log_only,not inferred,no_result_root_or_qa_evidence_identified,unresolved,unresolved,unresolved,not_assessed,,AI_START_HERE.md:4770,not inferred from log mention,53ccc7bd56ab05cc78c512506904061f2486a31c808aea8dd59437bb0a983343,Only that the ID occurs in an official-state log.,"No execution, QA, or scientific completion implied.",Locate producer run or explicitly archive as historical/log-only.,reverse trace from official log to producer evidence.,historical/unknown,2026-07-31T11:36:30+09:00,AI_START_HERE.md,not_assessed
R09-BB-494,training_feature_selection,Historic official-log work ID; no matching direct result root identified in this cutoff.,unresolved; producer run/evidence must be located,log-provenance record only,,,unresolved_log_only,not inferred,no_result_root_or_qa_evidence_identified,unresolved,unresolved,unresolved,not_assessed,,AI_START_HERE.md:4806,not inferred from log mention,53ccc7bd56ab05cc78c512506904061f2486a31c808aea8dd59437bb0a983343,Only that the ID occurs in an official-state log.,"No execution, QA, or scientific completion implied.",Locate producer run or explicitly archive as historical/log-only.,reverse trace from official log to producer evidence.,historical/unknown,2026-07-31T11:36:30+09:00,AI_START_HERE.md,not_assessed
R09-BB-501,training_feature_selection,Historic official-log work ID; no matching direct result root identified in this cutoff.,unresolved; producer run/evidence must be located,log-provenance record only,,,unresolved_log_only,not inferred,no_result_root_or_qa_evidence_identified,unresolved,unresolved,unresolved,not_assessed,,AI_START_HERE.md:4843,not inferred from log mention,53ccc7bd56ab05cc78c512506904061f2486a31c808aea8dd59437bb0a983343,Only that the ID occurs in an official-state log.,"No execution, QA, or scientific completion implied.",Locate producer run or explicitly archive as historical/log-only.,reverse trace from official log to producer evidence.,historical/unknown,2026-07-31T11:36:30+09:00,AI_START_HERE.md,not_assessed
R09-BB-508,training_feature_selection,Historic official-log work ID; no matching direct result root identified in this cutoff.,unresolved; producer run/evidence must be located,log-provenance record only,,,unresolved_log_only,not inferred,no_result_root_or_qa_evidence_identified,unresolved,unresolved,unresolved,not_assessed,,AI_START_HERE.md:4881,not inferred from log mention,53ccc7bd56ab05cc78c512506904061f2486a31c808aea8dd59437bb0a983343,Only that the ID occurs in an official-state log.,"No execution, QA, or scientific completion implied.",Locate producer run or explicitly archive as historical/log-only.,reverse trace from official log to producer evidence.,historical/unknown,2026-07-31T11:36:30+09:00,AI_START_HERE.md,not_assessed
R09-BB-516,training_feature_selection,Historic official-log work ID; no matching direct result root identified in this cutoff.,unresolved; producer run/evidence must be located,log-provenance record only,,,unresolved_log_only,not inferred,no_result_root_or_qa_evidence_identified,unresolved,unresolved,unresolved,not_assessed,,AI_START_HERE.md:4921,not inferred from log mention,53ccc7bd56ab05cc78c512506904061f2486a31c808aea8dd59437bb0a983343,Only that the ID occurs in an official-state log.,"No execution, QA, or scientific completion implied.",Locate producer run or explicitly archive as historical/log-only.,reverse trace from official log to producer evidence.,historical/unknown,2026-07-31T11:36:30+09:00,AI_START_HERE.md,not_assessed
R09-BB-525,training_feature_selection,Historic official-log work ID; no matching direct result root identified in this cutoff.,unresolved; producer run/evidence must be located,log-provenance record only,,,unresolved_log_only,not inferred,no_result_root_or_qa_evidence_identified,unresolved,unresolved,unresolved,not_assessed,,AI_START_HERE.md:4958,not inferred from log mention,53ccc7bd56ab05cc78c512506904061f2486a31c808aea8dd59437bb0a983343,Only that the ID occurs in an official-state log.,"No execution, QA, or scientific completion implied.",Locate producer run or explicitly archive as historical/log-only.,reverse trace from official log to producer evidence.,historical/unknown,2026-07-31T11:36:30+09:00,AI_START_HERE.md,not_assessed
R09-BB-534,training_feature_selection,Historic official-log work ID; no matching direct result root identified in this cutoff.,unresolved; producer run/evidence must be located,log-provenance record only,,,unresolved_log_only,not inferred,no_result_root_or_qa_evidence_identified,unresolved,unresolved,unresolved,not_assessed,,AI_START_HERE.md:4992,not inferred from log mention,53ccc7bd56ab05cc78c512506904061f2486a31c808aea8dd59437bb0a983343,Only that the ID occurs in an official-state log.,"No execution, QA, or scientific completion implied.",Locate producer run or explicitly archive as historical/log-only.,reverse trace from official log to producer evidence.,historical/unknown,2026-07-31T11:36:30+09:00,AI_START_HERE.md,not_assessed
R09-BB-543,training_feature_selection,Historic official-log work ID; no matching direct result root identified in this cutoff.,unresolved; producer run/evidence must be located,log-provenance record only,,,unresolved_log_only,not inferred,no_result_root_or_qa_evidence_identified,unresolved,unresolved,unresolved,not_assessed,,AI_START_HERE.md:5031,not inferred from log mention,53ccc7bd56ab05cc78c512506904061f2486a31c808aea8dd59437bb0a983343,Only that the ID occurs in an official-state log.,"No execution, QA, or scientific completion implied.",Locate producer run or explicitly archive as historical/log-only.,reverse trace from official log to producer evidence.,historical/unknown,2026-07-31T11:36:30+09:00,AI_START_HERE.md,not_assessed
R09-BB-553,training_feature_selection,Historic official-log work ID; no matching direct result root identified in this cutoff.,unresolved; producer run/evidence must be located,log-provenance record only,,,unresolved_log_only,not inferred,no_result_root_or_qa_evidence_identified,unresolved,unresolved,unresolved,not_assessed,,AI_START_HERE.md:5069,not inferred from log mention,53ccc7bd56ab05cc78c512506904061f2486a31c808aea8dd59437bb0a983343,Only that the ID occurs in an official-state log.,"No execution, QA, or scientific completion implied.",Locate producer run or explicitly archive as historical/log-only.,reverse trace from official log to producer evidence.,historical/unknown,2026-07-31T11:36:30+09:00,AI_START_HERE.md,not_assessed
R09-BB-560,training_feature_selection,Historic official-log work ID; no matching direct result root identified in this cutoff.,unresolved; producer run/evidence must be located,log-provenance record only,,,unresolved_log_only,not inferred,no_result_root_or_qa_evidence_identified,unresolved,unresolved,unresolved,not_assessed,,AI_START_HERE.md:5107,not inferred from log mention,53ccc7bd56ab05cc78c512506904061f2486a31c808aea8dd59437bb0a983343,Only that the ID occurs in an official-state log.,"No execution, QA, or scientific completion implied.",Locate producer run or explicitly archive as historical/log-only.,reverse trace from official log to producer evidence.,historical/unknown,2026-07-31T11:36:30+09:00,AI_START_HERE.md,not_assessed
R09-BB-567,training_feature_selection,Historic official-log work ID; no matching direct result root identified in this cutoff.,unresolved; producer run/evidence must be located,log-provenance record only,,,unresolved_log_only,not inferred,no_result_root_or_qa_evidence_identified,unresolved,unresolved,unresolved,not_assessed,,AI_START_HERE.md:403,not inferred from log mention,53ccc7bd56ab05cc78c512506904061f2486a31c808aea8dd59437bb0a983343,Only that the ID occurs in an official-state log.,"No execution, QA, or scientific completion implied.",Locate producer run or explicitly archive as historical/log-only.,reverse trace from official log to producer evidence.,historical/unknown,2026-07-31T11:36:30+09:00,AI_START_HERE.md,not_assessed
R09-BB-574,training_feature_selection,Historic official-log work ID; no matching direct result root identified in this cutoff.,unresolved; producer run/evidence must be located,log-provenance record only,,,unresolved_log_only,not inferred,no_result_root_or_qa_evidence_identified,unresolved,unresolved,unresolved,not_assessed,,AI_START_HERE.md:390,not inferred from log mention,53ccc7bd56ab05cc78c512506904061f2486a31c808aea8dd59437bb0a983343,Only that the ID occurs in an official-state log.,"No execution, QA, or scientific completion implied.",Locate producer run or explicitly archive as historical/log-only.,reverse trace from official log to producer evidence.,historical/unknown,2026-07-31T11:36:30+09:00,AI_START_HERE.md,not_assessed
R09-BB-582,training_feature_selection,Historic official-log work ID; no matching direct result root identified in this cutoff.,unresolved; producer run/evidence must be located,log-provenance record only,,,unresolved_log_only,not inferred,no_result_root_or_qa_evidence_identified,unresolved,unresolved,unresolved,not_assessed,,AI_START_HERE.md:377,not inferred from log mention,53ccc7bd56ab05cc78c512506904061f2486a31c808aea8dd59437bb0a983343,Only that the ID occurs in an official-state log.,"No execution, QA, or scientific completion implied.",Locate producer run or explicitly archive as historical/log-only.,reverse trace from official log to producer evidence.,historical/unknown,2026-07-31T11:36:30+09:00,AI_START_HERE.md,not_assessed
R09-BB-590,training_feature_selection,Historic official-log work ID; no matching direct result root identified in this cutoff.,unresolved; producer run/evidence must be located,log-provenance record only,,,unresolved_log_only,not inferred,no_result_root_or_qa_evidence_identified,unresolved,unresolved,unresolved,not_assessed,,AI_START_HERE.md:363,not inferred from log mention,53ccc7bd56ab05cc78c512506904061f2486a31c808aea8dd59437bb0a983343,Only that the ID occurs in an official-state log.,"No execution, QA, or scientific completion implied.",Locate producer run or explicitly archive as historical/log-only.,reverse trace from official log to producer evidence.,historical/unknown,2026-07-31T11:36:30+09:00,AI_START_HERE.md,not_assessed
R09-BB-599,training_feature_selection,Historic official-log work ID; no matching direct result root identified in this cutoff.,unresolved; producer run/evidence must be located,log-provenance record only,,,unresolved_log_only,not inferred,no_result_root_or_qa_evidence_identified,unresolved,unresolved,unresolved,not_assessed,,AI_START_HERE.md:348,not inferred from log mention,53ccc7bd56ab05cc78c512506904061f2486a31c808aea8dd59437bb0a983343,Only that the ID occurs in an official-state log.,"No execution, QA, or scientific completion implied.",Locate producer run or explicitly archive as historical/log-only.,reverse trace from official log to producer evidence.,historical/unknown,2026-07-31T11:36:30+09:00,AI_START_HERE.md,not_assessed
R09-BB-607,training_feature_selection,Historic official-log work ID; no matching direct result root identified in this cutoff.,unresolved; producer run/evidence must be located,log-provenance record only,,,unresolved_log_only,not inferred,no_result_root_or_qa_evidence_identified,unresolved,unresolved,unresolved,not_assessed,,AI_START_HERE.md:332,not inferred from log mention,53ccc7bd56ab05cc78c512506904061f2486a31c808aea8dd59437bb0a983343,Only that the ID occurs in an official-state log.,"No execution, QA, or scientific completion implied.",Locate producer run or explicitly archive as historical/log-only.,reverse trace from official log to producer evidence.,historical/unknown,2026-07-31T11:36:30+09:00,AI_START_HERE.md,not_assessed
R09-BB-615,training_feature_selection,Historic official-log work ID; no matching direct result root identified in this cutoff.,unresolved; producer run/evidence must be located,log-provenance record only,,,unresolved_log_only,not inferred,no_result_root_or_qa_evidence_identified,unresolved,unresolved,unresolved,not_assessed,,AI_START_HERE.md:316,not inferred from log mention,53ccc7bd56ab05cc78c512506904061f2486a31c808aea8dd59437bb0a983343,Only that the ID occurs in an official-state log.,"No execution, QA, or scientific completion implied.",Locate producer run or explicitly archive as historical/log-only.,reverse trace from official log to producer evidence.,historical/unknown,2026-07-31T11:36:30+09:00,AI_START_HERE.md,not_assessed
R09-BB-624,training_feature_selection,Historic official-log work ID; no matching direct result root identified in this cutoff.,unresolved; producer run/evidence must be located,log-provenance record only,,,unresolved_log_only,not inferred,no_result_root_or_qa_evidence_identified,unresolved,unresolved,unresolved,not_assessed,,AI_START_HERE.md:5146,not inferred from log mention,53ccc7bd56ab05cc78c512506904061f2486a31c808aea8dd59437bb0a983343,Only that the ID occurs in an official-state log.,"No execution, QA, or scientific completion implied.",Locate producer run or explicitly archive as historical/log-only.,reverse trace from official log to producer evidence.,historical/unknown,2026-07-31T11:36:30+09:00,AI_START_HERE.md,not_assessed
R09-BB-631,training_feature_selection,Historic official-log work ID; no matching direct result root identified in this cutoff.,unresolved; producer run/evidence must be located,log-provenance record only,,,unresolved_log_only,not inferred,no_result_root_or_qa_evidence_identified,unresolved,unresolved,unresolved,not_assessed,,AI_START_HERE.md:301,not inferred from log mention,53ccc7bd56ab05cc78c512506904061f2486a31c808aea8dd59437bb0a983343,Only that the ID occurs in an official-state log.,"No execution, QA, or scientific completion implied.",Locate producer run or explicitly archive as historical/log-only.,reverse trace from official log to producer evidence.,historical/unknown,2026-07-31T11:36:30+09:00,AI_START_HERE.md,not_assessed
R09-BB-638,training_feature_selection,Historic official-log work ID; no matching direct result root identified in this cutoff.,unresolved; producer run/evidence must be located,log-provenance record only,,,unresolved_log_only,not inferred,no_result_root_or_qa_evidence_identified,unresolved,unresolved,unresolved,not_assessed,,AI_START_HERE.md:290,not inferred from log mention,53ccc7bd56ab05cc78c512506904061f2486a31c808aea8dd59437bb0a983343,Only that the ID occurs in an official-state log.,"No execution, QA, or scientific completion implied.",Locate producer run or explicitly archive as historical/log-only.,reverse trace from official log to producer evidence.,historical/unknown,2026-07-31T11:36:30+09:00,AI_START_HERE.md,not_assessed
R09-BB-644,training_feature_selection,Historic official-log work ID; no matching direct result root identified in this cutoff.,unresolved; producer run/evidence must be located,log-provenance record only,,,unresolved_log_only,not inferred,no_result_root_or_qa_evidence_identified,unresolved,unresolved,unresolved,not_assessed,,AI_START_HERE.md:277,not inferred from log mention,53ccc7bd56ab05cc78c512506904061f2486a31c808aea8dd59437bb0a983343,Only that the ID occurs in an official-state log.,"No execution, QA, or scientific completion implied.",Locate producer run or explicitly archive as historical/log-only.,reverse trace from official log to producer evidence.,historical/unknown,2026-07-31T11:36:30+09:00,AI_START_HERE.md,not_assessed
R09-BB-651,training_feature_selection,Historic official-log work ID; no matching direct result root identified in this cutoff.,unresolved; producer run/evidence must be located,log-provenance record only,,,unresolved_log_only,not inferred,no_result_root_or_qa_evidence_identified,unresolved,unresolved,unresolved,not_assessed,,AI_START_HERE.md:5189,not inferred from log mention,53ccc7bd56ab05cc78c512506904061f2486a31c808aea8dd59437bb0a983343,Only that the ID occurs in an official-state log.,"No execution, QA, or scientific completion implied.",Locate producer run or explicitly archive as historical/log-only.,reverse trace from official log to producer evidence.,historical/unknown,2026-07-31T11:36:30+09:00,AI_START_HERE.md,not_assessed
R09-BB-659,training_feature_selection,Historic official-log work ID; no matching direct result root identified in this cutoff.,unresolved; producer run/evidence must be located,log-provenance record only,,,unresolved_log_only,not inferred,no_result_root_or_qa_evidence_identified,unresolved,unresolved,unresolved,not_assessed,,AI_START_HERE.md:5227,not inferred from log mention,53ccc7bd56ab05cc78c512506904061f2486a31c808aea8dd59437bb0a983343,Only that the ID occurs in an official-state log.,"No execution, QA, or scientific completion implied.",Locate producer run or explicitly archive as historical/log-only.,reverse trace from official log to producer evidence.,historical/unknown,2026-07-31T11:36:30+09:00,AI_START_HERE.md,not_assessed
R09-BB-667,training_feature_selection,Historic official-log work ID; no matching direct result root identified in this cutoff.,unresolved; producer run/evidence must be located,log-provenance record only,,,unresolved_log_only,not inferred,no_result_root_or_qa_evidence_identified,unresolved,unresolved,unresolved,not_assessed,,AI_START_HERE.md:5262,not inferred from log mention,53ccc7bd56ab05cc78c512506904061f2486a31c808aea8dd59437bb0a983343,Only that the ID occurs in an official-state log.,"No execution, QA, or scientific completion implied.",Locate producer run or explicitly archive as historical/log-only.,reverse trace from official log to producer evidence.,historical/unknown,2026-07-31T11:36:30+09:00,AI_START_HERE.md,not_assessed
R09-BB-675,training_feature_selection,Historic official-log work ID; no matching direct result root identified in this cutoff.,unresolved; producer run/evidence must be located,log-provenance record only,,,unresolved_log_only,not inferred,no_result_root_or_qa_evidence_identified,unresolved,unresolved,unresolved,not_assessed,,AI_START_HERE.md:264,not inferred from log mention,53ccc7bd56ab05cc78c512506904061f2486a31c808aea8dd59437bb0a983343,Only that the ID occurs in an official-state log.,"No execution, QA, or scientific completion implied.",Locate producer run or explicitly archive as historical/log-only.,reverse trace from official log to producer evidence.,historical/unknown,2026-07-31T11:36:30+09:00,AI_START_HERE.md,not_assessed
R09-BB-684,training_feature_selection,Historic official-log work ID; no matching direct result root identified in this cutoff.,unresolved; producer run/evidence must be located,log-provenance record only,,,unresolved_log_only,not inferred,no_result_root_or_qa_evidence_identified,unresolved,unresolved,unresolved,not_assessed,,AI_START_HERE.md:252,not inferred from log mention,53ccc7bd56ab05cc78c512506904061f2486a31c808aea8dd59437bb0a983343,Only that the ID occurs in an official-state log.,"No execution, QA, or scientific completion implied.",Locate producer run or explicitly archive as historical/log-only.,reverse trace from official log to producer evidence.,historical/unknown,2026-07-31T11:36:30+09:00,AI_START_HERE.md,not_assessed
R09-BB-693,training_feature_selection,Historic official-log work ID; no matching direct result root identified in this cutoff.,unresolved; producer run/evidence must be located,log-provenance record only,,,unresolved_log_only,not inferred,no_result_root_or_qa_evidence_identified,unresolved,unresolved,unresolved,not_assessed,,AI_START_HERE.md:5275,not inferred from log mention,53ccc7bd56ab05cc78c512506904061f2486a31c808aea8dd59437bb0a983343,Only that the ID occurs in an official-state log.,"No execution, QA, or scientific completion implied.",Locate producer run or explicitly archive as historical/log-only.,reverse trace from official log to producer evidence.,historical/unknown,2026-07-31T11:36:30+09:00,AI_START_HERE.md,not_assessed
R09-BB-697,training_feature_selection,Historic official-log work ID; no matching direct result root identified in this cutoff.,unresolved; producer run/evidence must be located,log-provenance record only,,,unresolved_log_only,not inferred,no_result_root_or_qa_evidence_identified,unresolved,unresolved,unresolved,not_assessed,,AI_START_HERE.md:5285,not inferred from log mention,53ccc7bd56ab05cc78c512506904061f2486a31c808aea8dd59437bb0a983343,Only that the ID occurs in an official-state log.,"No execution, QA, or scientific completion implied.",Locate producer run or explicitly archive as historical/log-only.,reverse trace from official log to producer evidence.,historical/unknown,2026-07-31T11:36:30+09:00,AI_START_HERE.md,not_assessed
R09-BB-705,training_feature_selection,Historic official-log work ID; no matching direct result root identified in this cutoff.,unresolved; producer run/evidence must be located,log-provenance record only,,,unresolved_log_only,not inferred,no_result_root_or_qa_evidence_identified,unresolved,unresolved,unresolved,not_assessed,,AI_START_HERE.md:5297,not inferred from log mention,53ccc7bd56ab05cc78c512506904061f2486a31c808aea8dd59437bb0a983343,Only that the ID occurs in an official-state log.,"No execution, QA, or scientific completion implied.",Locate producer run or explicitly archive as historical/log-only.,reverse trace from official log to producer evidence.,historical/unknown,2026-07-31T11:36:30+09:00,AI_START_HERE.md,not_assessed
R09-BB-711,training_feature_selection,Historic official-log work ID; no matching direct result root identified in this cutoff.,unresolved; producer run/evidence must be located,log-provenance record only,,,unresolved_log_only,not inferred,no_result_root_or_qa_evidence_identified,unresolved,unresolved,unresolved,not_assessed,,AI_START_HERE.md:5310,not inferred from log mention,53ccc7bd56ab05cc78c512506904061f2486a31c808aea8dd59437bb0a983343,Only that the ID occurs in an official-state log.,"No execution, QA, or scientific completion implied.",Locate producer run or explicitly archive as historical/log-only.,reverse trace from official log to producer evidence.,historical/unknown,2026-07-31T11:36:30+09:00,AI_START_HERE.md,not_assessed
R09-BB-719,training_feature_selection,Historic official-log work ID; no matching direct result root identified in this cutoff.,unresolved; producer run/evidence must be located,log-provenance record only,,,unresolved_log_only,not inferred,no_result_root_or_qa_evidence_identified,unresolved,unresolved,unresolved,not_assessed,,AI_START_HERE.md:5323,not inferred from log mention,53ccc7bd56ab05cc78c512506904061f2486a31c808aea8dd59437bb0a983343,Only that the ID occurs in an official-state log.,"No execution, QA, or scientific completion implied.",Locate producer run or explicitly archive as historical/log-only.,reverse trace from official log to producer evidence.,historical/unknown,2026-07-31T11:36:30+09:00,AI_START_HERE.md,not_assessed
R09-BB-727,training_feature_selection,Historic official-log work ID; no matching direct result root identified in this cutoff.,unresolved; producer run/evidence must be located,log-provenance record only,,,unresolved_log_only,not inferred,no_result_root_or_qa_evidence_identified,unresolved,unresolved,unresolved,not_assessed,,AI_START_HERE.md:5336,not inferred from log mention,53ccc7bd56ab05cc78c512506904061f2486a31c808aea8dd59437bb0a983343,Only that the ID occurs in an official-state log.,"No execution, QA, or scientific completion implied.",Locate producer run or explicitly archive as historical/log-only.,reverse trace from official log to producer evidence.,historical/unknown,2026-07-31T11:36:30+09:00,AI_START_HERE.md,not_assessed
R09-BB-733,training_feature_selection,Historic official-log work ID; no matching direct result root identified in this cutoff.,unresolved; producer run/evidence must be located,log-provenance record only,,,unresolved_log_only,not inferred,no_result_root_or_qa_evidence_identified,unresolved,unresolved,unresolved,not_assessed,,AI_START_HERE.md:5347,not inferred from log mention,53ccc7bd56ab05cc78c512506904061f2486a31c808aea8dd59437bb0a983343,Only that the ID occurs in an official-state log.,"No execution, QA, or scientific completion implied.",Locate producer run or explicitly archive as historical/log-only.,reverse trace from official log to producer evidence.,historical/unknown,2026-07-31T11:36:30+09:00,AI_START_HERE.md,not_assessed
R09-BB-742,training_feature_selection,Historic official-log work ID; no matching direct result root identified in this cutoff.,unresolved; producer run/evidence must be located,log-provenance record only,,,unresolved_log_only,not inferred,no_result_root_or_qa_evidence_identified,unresolved,unresolved,unresolved,not_assessed,,AI_START_HERE.md:5358,not inferred from log mention,53ccc7bd56ab05cc78c512506904061f2486a31c808aea8dd59437bb0a983343,Only that the ID occurs in an official-state log.,"No execution, QA, or scientific completion implied.",Locate producer run or explicitly archive as historical/log-only.,reverse trace from official log to producer evidence.,historical/unknown,2026-07-31T11:36:30+09:00,AI_START_HERE.md,not_assessed
R09-BB-750,training_feature_selection,Historic official-log work ID; no matching direct result root identified in this cutoff.,unresolved; producer run/evidence must be located,log-provenance record only,,,unresolved_log_only,not inferred,no_result_root_or_qa_evidence_identified,unresolved,unresolved,unresolved,not_assessed,,AI_START_HERE.md:5370,not inferred from log mention,53ccc7bd56ab05cc78c512506904061f2486a31c808aea8dd59437bb0a983343,Only that the ID occurs in an official-state log.,"No execution, QA, or scientific completion implied.",Locate producer run or explicitly archive as historical/log-only.,reverse trace from official log to producer evidence.,historical/unknown,2026-07-31T11:36:30+09:00,AI_START_HERE.md,not_assessed
R09-BB-759,training_feature_selection,Historic official-log work ID; no matching direct result root identified in this cutoff.,unresolved; producer run/evidence must be located,log-provenance record only,,,unresolved_log_only,not inferred,no_result_root_or_qa_evidence_identified,unresolved,unresolved,unresolved,not_assessed,,AI_START_HERE.md:5385,not inferred from log mention,53ccc7bd56ab05cc78c512506904061f2486a31c808aea8dd59437bb0a983343,Only that the ID occurs in an official-state log.,"No execution, QA, or scientific completion implied.",Locate producer run or explicitly archive as historical/log-only.,reverse trace from official log to producer evidence.,historical/unknown,2026-07-31T11:36:30+09:00,AI_START_HERE.md,not_assessed
R09-BB-768,training_feature_selection,Historic official-log work ID; no matching direct result root identified in this cutoff.,unresolved; producer run/evidence must be located,log-provenance record only,,,unresolved_log_only,not inferred,no_result_root_or_qa_evidence_identified,unresolved,unresolved,unresolved,not_assessed,,AI_START_HERE.md:5400,not inferred from log mention,53ccc7bd56ab05cc78c512506904061f2486a31c808aea8dd59437bb0a983343,Only that the ID occurs in an official-state log.,"No execution, QA, or scientific completion implied.",Locate producer run or explicitly archive as historical/log-only.,reverse trace from official log to producer evidence.,historical/unknown,2026-07-31T11:36:30+09:00,AI_START_HERE.md,not_assessed
R09-BB-778,training_feature_selection,Historic official-log work ID; no matching direct result root identified in this cutoff.,unresolved; producer run/evidence must be located,log-provenance record only,,,unresolved_log_only,not inferred,no_result_root_or_qa_evidence_identified,unresolved,unresolved,unresolved,not_assessed,,AI_START_HERE.md:5413,not inferred from log mention,53ccc7bd56ab05cc78c512506904061f2486a31c808aea8dd59437bb0a983343,Only that the ID occurs in an official-state log.,"No execution, QA, or scientific completion implied.",Locate producer run or explicitly archive as historical/log-only.,reverse trace from official log to producer evidence.,historical/unknown,2026-07-31T11:36:30+09:00,AI_START_HERE.md,not_assessed
R09-BB-787,training_feature_selection,Historic official-log work ID; no matching direct result root identified in this cutoff.,unresolved; producer run/evidence must be located,log-provenance record only,,,unresolved_log_only,not inferred,no_result_root_or_qa_evidence_identified,unresolved,unresolved,unresolved,not_assessed,,AI_START_HERE.md:5426,not inferred from log mention,53ccc7bd56ab05cc78c512506904061f2486a31c808aea8dd59437bb0a983343,Only that the ID occurs in an official-state log.,"No execution, QA, or scientific completion implied.",Locate producer run or explicitly archive as historical/log-only.,reverse trace from official log to producer evidence.,historical/unknown,2026-07-31T11:36:30+09:00,AI_START_HERE.md,not_assessed
R09-BB-796,training_feature_selection,Historic official-log work ID; no matching direct result root identified in this cutoff.,unresolved; producer run/evidence must be located,log-provenance record only,,,unresolved_log_only,not inferred,no_result_root_or_qa_evidence_identified,unresolved,unresolved,unresolved,not_assessed,,AI_START_HERE.md:5438,not inferred from log mention,53ccc7bd56ab05cc78c512506904061f2486a31c808aea8dd59437bb0a983343,Only that the ID occurs in an official-state log.,"No execution, QA, or scientific completion implied.",Locate producer run or explicitly archive as historical/log-only.,reverse trace from official log to producer evidence.,historical/unknown,2026-07-31T11:36:30+09:00,AI_START_HERE.md,not_assessed
R09-BB-805,training_feature_selection,Historic official-log work ID; no matching direct result root identified in this cutoff.,unresolved; producer run/evidence must be located,log-provenance record only,,,unresolved_log_only,not inferred,no_result_root_or_qa_evidence_identified,unresolved,unresolved,unresolved,not_assessed,,AI_START_HERE.md:5450,not inferred from log mention,53ccc7bd56ab05cc78c512506904061f2486a31c808aea8dd59437bb0a983343,Only that the ID occurs in an official-state log.,"No execution, QA, or scientific completion implied.",Locate producer run or explicitly archive as historical/log-only.,reverse trace from official log to producer evidence.,historical/unknown,2026-07-31T11:36:30+09:00,AI_START_HERE.md,not_assessed
R09-BB-814,training_feature_selection,Historic official-log work ID; no matching direct result root identified in this cutoff.,unresolved; producer run/evidence must be located,log-provenance record only,,,unresolved_log_only,not inferred,no_result_root_or_qa_evidence_identified,unresolved,unresolved,unresolved,not_assessed,,AI_START_HERE.md:5462,not inferred from log mention,53ccc7bd56ab05cc78c512506904061f2486a31c808aea8dd59437bb0a983343,Only that the ID occurs in an official-state log.,"No execution, QA, or scientific completion implied.",Locate producer run or explicitly archive as historical/log-only.,reverse trace from official log to producer evidence.,historical/unknown,2026-07-31T11:36:30+09:00,AI_START_HERE.md,not_assessed
R09-BB-823,training_feature_selection,Historic official-log work ID; no matching direct result root identified in this cutoff.,unresolved; producer run/evidence must be located,log-provenance record only,,,unresolved_log_only,not inferred,no_result_root_or_qa_evidence_identified,unresolved,unresolved,unresolved,not_assessed,,AI_START_HERE.md:5474,not inferred from log mention,53ccc7bd56ab05cc78c512506904061f2486a31c808aea8dd59437bb0a983343,Only that the ID occurs in an official-state log.,"No execution, QA, or scientific completion implied.",Locate producer run or explicitly archive as historical/log-only.,reverse trace from official log to producer evidence.,historical/unknown,2026-07-31T11:36:30+09:00,AI_START_HERE.md,not_assessed
R09-BB-832,training_feature_selection,Historic official-log work ID; no matching direct result root identified in this cutoff.,unresolved; producer run/evidence must be located,log-provenance record only,,,unresolved_log_only,not inferred,no_result_root_or_qa_evidence_identified,unresolved,unresolved,unresolved,not_assessed,,AI_START_HERE.md:5487,not inferred from log mention,53ccc7bd56ab05cc78c512506904061f2486a31c808aea8dd59437bb0a983343,Only that the ID occurs in an official-state log.,"No execution, QA, or scientific completion implied.",Locate producer run or explicitly archive as historical/log-only.,reverse trace from official log to producer evidence.,historical/unknown,2026-07-31T11:36:30+09:00,AI_START_HERE.md,not_assessed
R09-BB-842,training_feature_selection,Historic official-log work ID; no matching direct result root identified in this cutoff.,unresolved; producer run/evidence must be located,log-provenance record only,,,unresolved_log_only,not inferred,no_result_root_or_qa_evidence_identified,unresolved,unresolved,unresolved,not_assessed,,AI_START_HERE.md:5501,not inferred from log mention,53ccc7bd56ab05cc78c512506904061f2486a31c808aea8dd59437bb0a983343,Only that the ID occurs in an official-state log.,"No execution, QA, or scientific completion implied.",Locate producer run or explicitly archive as historical/log-only.,reverse trace from official log to producer evidence.,historical/unknown,2026-07-31T11:36:30+09:00,AI_START_HERE.md,not_assessed
R09-BB-851,training_feature_selection,Historic official-log work ID; no matching direct result root identified in this cutoff.,unresolved; producer run/evidence must be located,log-provenance record only,,,unresolved_log_only,not inferred,no_result_root_or_qa_evidence_identified,unresolved,unresolved,unresolved,not_assessed,,AI_START_HERE.md:5515,not inferred from log mention,53ccc7bd56ab05cc78c512506904061f2486a31c808aea8dd59437bb0a983343,Only that the ID occurs in an official-state log.,"No execution, QA, or scientific completion implied.",Locate producer run or explicitly archive as historical/log-only.,reverse trace from official log to producer evidence.,historical/unknown,2026-07-31T11:36:30+09:00,AI_START_HERE.md,not_assessed
R09-BB-862,training_feature_selection,Historic official-log work ID; no matching direct result root identified in this cutoff.,unresolved; producer run/evidence must be located,log-provenance record only,,,unresolved_log_only,not inferred,no_result_root_or_qa_evidence_identified,unresolved,unresolved,unresolved,not_assessed,,AI_START_HERE.md:5529,not inferred from log mention,53ccc7bd56ab05cc78c512506904061f2486a31c808aea8dd59437bb0a983343,Only that the ID occurs in an official-state log.,"No execution, QA, or scientific completion implied.",Locate producer run or explicitly archive as historical/log-only.,reverse trace from official log to producer evidence.,historical/unknown,2026-07-31T11:36:30+09:00,AI_START_HERE.md,not_assessed
R09-BB-874,training_feature_selection,Historic official-log work ID; no matching direct result root identified in this cutoff.,unresolved; producer run/evidence must be located,log-provenance record only,,,unresolved_log_only,not inferred,no_result_root_or_qa_evidence_identified,unresolved,unresolved,unresolved,not_assessed,,AI_START_HERE.md:5543,not inferred from log mention,53ccc7bd56ab05cc78c512506904061f2486a31c808aea8dd59437bb0a983343,Only that the ID occurs in an official-state log.,"No execution, QA, or scientific completion implied.",Locate producer run or explicitly archive as historical/log-only.,reverse trace from official log to producer evidence.,historical/unknown,2026-07-31T11:36:30+09:00,AI_START_HERE.md,not_assessed
R09-BB-887,training_feature_selection,Historic official-log work ID; no matching direct result root identified in this cutoff.,unresolved; producer run/evidence must be located,log-provenance record only,,,unresolved_log_only,not inferred,no_result_root_or_qa_evidence_identified,unresolved,unresolved,unresolved,not_assessed,,AI_START_HERE.md:5559,not inferred from log mention,53ccc7bd56ab05cc78c512506904061f2486a31c808aea8dd59437bb0a983343,Only that the ID occurs in an official-state log.,"No execution, QA, or scientific completion implied.",Locate producer run or explicitly archive as historical/log-only.,reverse trace from official log to producer evidence.,historical/unknown,2026-07-31T11:36:30+09:00,AI_START_HERE.md,not_assessed
R09-BB-899,training_feature_selection,Historic official-log work ID; no matching direct result root identified in this cutoff.,unresolved; producer run/evidence must be located,log-provenance record only,,,unresolved_log_only,not inferred,no_result_root_or_qa_evidence_identified,unresolved,unresolved,unresolved,not_assessed,,AI_START_HERE.md:5573,not inferred from log mention,53ccc7bd56ab05cc78c512506904061f2486a31c808aea8dd59437bb0a983343,Only that the ID occurs in an official-state log.,"No execution, QA, or scientific completion implied.",Locate producer run or explicitly archive as historical/log-only.,reverse trace from official log to producer evidence.,historical/unknown,2026-07-31T11:36:30+09:00,AI_START_HERE.md,not_assessed
R09-BB-909,training_feature_selection,Historic official-log work ID; no matching direct result root identified in this cutoff.,unresolved; producer run/evidence must be located,log-provenance record only,,,unresolved_log_only,not inferred,no_result_root_or_qa_evidence_identified,unresolved,unresolved,unresolved,not_assessed,,AI_START_HERE.md:240,not inferred from log mention,53ccc7bd56ab05cc78c512506904061f2486a31c808aea8dd59437bb0a983343,Only that the ID occurs in an official-state log.,"No execution, QA, or scientific completion implied.",Locate producer run or explicitly archive as historical/log-only.,reverse trace from official log to producer evidence.,historical/unknown,2026-07-31T11:36:30+09:00,AI_START_HERE.md,not_assessed
R09-BB-922,training_feature_selection,Historic official-log work ID; no matching direct result root identified in this cutoff.,unresolved; producer run/evidence must be located,log-provenance record only,,,unresolved_log_only,not inferred,no_result_root_or_qa_evidence_identified,unresolved,unresolved,unresolved,not_assessed,,AI_START_HERE.md:5585,not inferred from log mention,53ccc7bd56ab05cc78c512506904061f2486a31c808aea8dd59437bb0a983343,Only that the ID occurs in an official-state log.,"No execution, QA, or scientific completion implied.",Locate producer run or explicitly archive as historical/log-only.,reverse trace from official log to producer evidence.,historical/unknown,2026-07-31T11:36:30+09:00,AI_START_HERE.md,not_assessed
R09-BB-935,training_feature_selection,Historic official-log work ID; no matching direct result root identified in this cutoff.,unresolved; producer run/evidence must be located,log-provenance record only,,,unresolved_log_only,not inferred,no_result_root_or_qa_evidence_identified,unresolved,unresolved,unresolved,not_assessed,,AI_START_HERE.md:5596,not inferred from log mention,53ccc7bd56ab05cc78c512506904061f2486a31c808aea8dd59437bb0a983343,Only that the ID occurs in an official-state log.,"No execution, QA, or scientific completion implied.",Locate producer run or explicitly archive as historical/log-only.,reverse trace from official log to producer evidence.,historical/unknown,2026-07-31T11:36:30+09:00,AI_START_HERE.md,not_assessed
R09-BB-944,training_feature_selection,Historic official-log work ID; no matching direct result root identified in this cutoff.,unresolved; producer run/evidence must be located,log-provenance record only,,,unresolved_log_only,not inferred,no_result_root_or_qa_evidence_identified,unresolved,unresolved,unresolved,not_assessed,,AI_START_HERE.md:5607,not inferred from log mention,53ccc7bd56ab05cc78c512506904061f2486a31c808aea8dd59437bb0a983343,Only that the ID occurs in an official-state log.,"No execution, QA, or scientific completion implied.",Locate producer run or explicitly archive as historical/log-only.,reverse trace from official log to producer evidence.,historical/unknown,2026-07-31T11:36:30+09:00,AI_START_HERE.md,not_assessed
R09-BB-947,training_feature_selection,Historic official-log work ID; no matching direct result root identified in this cutoff.,unresolved; producer run/evidence must be located,log-provenance record only,,,unresolved_log_only,not inferred,no_result_root_or_qa_evidence_identified,unresolved,unresolved,unresolved,not_assessed,,AI_START_HERE.md:5620,not inferred from log mention,53ccc7bd56ab05cc78c512506904061f2486a31c808aea8dd59437bb0a983343,Only that the ID occurs in an official-state log.,"No execution, QA, or scientific completion implied.",Locate producer run or explicitly archive as historical/log-only.,reverse trace from official log to producer evidence.,historical/unknown,2026-07-31T11:36:30+09:00,AI_START_HERE.md,not_assessed
R09-BB-954,training_feature_selection,Historic official-log work ID; no matching direct result root identified in this cutoff.,unresolved; producer run/evidence must be located,log-provenance record only,,,unresolved_log_only,not inferred,no_result_root_or_qa_evidence_identified,unresolved,unresolved,unresolved,not_assessed,,AI_START_HERE.md:5634,not inferred from log mention,53ccc7bd56ab05cc78c512506904061f2486a31c808aea8dd59437bb0a983343,Only that the ID occurs in an official-state log.,"No execution, QA, or scientific completion implied.",Locate producer run or explicitly archive as historical/log-only.,reverse trace from official log to producer evidence.,historical/unknown,2026-07-31T11:36:30+09:00,AI_START_HERE.md,not_assessed
R09-BB-961,training_feature_selection,Historic official-log work ID; no matching direct result root identified in this cutoff.,unresolved; producer run/evidence must be located,log-provenance record only,,,unresolved_log_only,not inferred,no_result_root_or_qa_evidence_identified,unresolved,unresolved,unresolved,not_assessed,,AI_START_HERE.md:5647,not inferred from log mention,53ccc7bd56ab05cc78c512506904061f2486a31c808aea8dd59437bb0a983343,Only that the ID occurs in an official-state log.,"No execution, QA, or scientific completion implied.",Locate producer run or explicitly archive as historical/log-only.,reverse trace from official log to producer evidence.,historical/unknown,2026-07-31T11:36:30+09:00,AI_START_HERE.md,not_assessed
R09-BB-968,training_feature_selection,Historic official-log work ID; no matching direct result root identified in this cutoff.,unresolved; producer run/evidence must be located,log-provenance record only,,,unresolved_log_only,not inferred,no_result_root_or_qa_evidence_identified,unresolved,unresolved,unresolved,not_assessed,,AI_START_HERE.md:5660,not inferred from log mention,53ccc7bd56ab05cc78c512506904061f2486a31c808aea8dd59437bb0a983343,Only that the ID occurs in an official-state log.,"No execution, QA, or scientific completion implied.",Locate producer run or explicitly archive as historical/log-only.,reverse trace from official log to producer evidence.,historical/unknown,2026-07-31T11:36:30+09:00,AI_START_HERE.md,not_assessed
R09-BB-975,training_feature_selection,Historic official-log work ID; no matching direct result root identified in this cutoff.,unresolved; producer run/evidence must be located,log-provenance record only,,,unresolved_log_only,not inferred,no_result_root_or_qa_evidence_identified,unresolved,unresolved,unresolved,not_assessed,,AI_START_HERE.md:5674,not inferred from log mention,53ccc7bd56ab05cc78c512506904061f2486a31c808aea8dd59437bb0a983343,Only that the ID occurs in an official-state log.,"No execution, QA, or scientific completion implied.",Locate producer run or explicitly archive as historical/log-only.,reverse trace from official log to producer evidence.,historical/unknown,2026-07-31T11:36:30+09:00,AI_START_HERE.md,not_assessed
R09-BB-982,training_feature_selection,Historic official-log work ID; no matching direct result root identified in this cutoff.,unresolved; producer run/evidence must be located,log-provenance record only,,,unresolved_log_only,not inferred,no_result_root_or_qa_evidence_identified,unresolved,unresolved,unresolved,not_assessed,,AI_START_HERE.md:5687,not inferred from log mention,53ccc7bd56ab05cc78c512506904061f2486a31c808aea8dd59437bb0a983343,Only that the ID occurs in an official-state log.,"No execution, QA, or scientific completion implied.",Locate producer run or explicitly archive as historical/log-only.,reverse trace from official log to producer evidence.,historical/unknown,2026-07-31T11:36:30+09:00,AI_START_HERE.md,not_assessed
R09-BB-990,training_feature_selection,Historic official-log work ID; no matching direct result root identified in this cutoff.,unresolved; producer run/evidence must be located,log-provenance record only,,,unresolved_log_only,not inferred,no_result_root_or_qa_evidence_identified,unresolved,unresolved,unresolved,not_assessed,,AI_START_HERE.md:5700,not inferred from log mention,53ccc7bd56ab05cc78c512506904061f2486a31c808aea8dd59437bb0a983343,Only that the ID occurs in an official-state log.,"No execution, QA, or scientific completion implied.",Locate producer run or explicitly archive as historical/log-only.,reverse trace from official log to producer evidence.,historical/unknown,2026-07-31T11:36:30+09:00,AI_START_HERE.md,not_assessed
R09-BB-998,training_feature_selection,Historic official-log work ID; no matching direct result root identified in this cutoff.,unresolved; producer run/evidence must be located,log-provenance record only,,,unresolved_log_only,not inferred,no_result_root_or_qa_evidence_identified,unresolved,unresolved,unresolved,not_assessed,,AI_START_HERE.md:5711,not inferred from log mention,53ccc7bd56ab05cc78c512506904061f2486a31c808aea8dd59437bb0a983343,Only that the ID occurs in an official-state log.,"No execution, QA, or scientific completion implied.",Locate producer run or explicitly archive as historical/log-only.,reverse trace from official log to producer evidence.,historical/unknown,2026-07-31T11:36:30+09:00,AI_START_HERE.md,not_assessed
R09-DESC-001,training_feature_selection,Historic official-log work ID; no matching direct result root identified in this cutoff.,unresolved; producer run/evidence must be located,log-provenance record only,,,unresolved_log_only,not inferred,no_result_root_or_qa_evidence_identified,unresolved,unresolved,unresolved,not_assessed,,outputs/URP4-1_ROADMAP_LOG.md:6962,not inferred from log mention,bd3c4fb6da9e2e13aae70329b6279201395209e11da9a1543f1a5cd73bb90f47,Only that the ID occurs in an official-state log.,"No execution, QA, or scientific completion implied.",Locate producer run or explicitly archive as historical/log-only.,reverse trace from official log to producer evidence.,historical/unknown,2026-07-31T11:36:30+09:00,outputs/URP4-1_ROADMAP_LOG.md,not_assessed
R09-POINT-001,training_feature_selection,Historic official-log work ID; no matching direct result root identified in this cutoff.,unresolved; producer run/evidence must be located,log-provenance record only,,,unresolved_log_only,not inferred,no_result_root_or_qa_evidence_identified,unresolved,unresolved,unresolved,not_assessed,,experiments/lab_001_xy_connection_20260626/runlog.md:6286,not inferred from log mention,7f5d641e5b296cc97994e9788939e1b14d8dc57613f7677ac21a061cd01db5ba,Only that the ID occurs in an official-state log.,"No execution, QA, or scientific completion implied.",Locate producer run or explicitly archive as historical/log-only.,reverse trace from official log to producer evidence.,historical/unknown,2026-07-31T11:36:30+09:00,experiments/lab_001_xy_connection_20260626/runlog.md,not_assessed
R09-RESLICE-001,training_feature_selection,Historic official-log work ID; no matching direct result root identified in this cutoff.,unresolved; producer run/evidence must be located,log-provenance record only,,,unresolved_log_only,not inferred,no_result_root_or_qa_evidence_identified,unresolved,unresolved,unresolved,not_assessed,,experiments/lab_001_xy_connection_20260626/runlog.md:6619,not inferred from log mention,7f5d641e5b296cc97994e9788939e1b14d8dc57613f7677ac21a061cd01db5ba,Only that the ID occurs in an official-state log.,"No execution, QA, or scientific completion implied.",Locate producer run or explicitly archive as historical/log-only.,reverse trace from official log to producer evidence.,historical/unknown,2026-07-31T11:36:30+09:00,experiments/lab_001_xy_connection_20260626/runlog.md,not_assessed
R09-RESLICE-002,training_feature_selection,Historic official-log work ID; no matching direct result root identified in this cutoff.,unresolved; producer run/evidence must be located,log-provenance record only,,,unresolved_log_only,not inferred,no_result_root_or_qa_evidence_identified,unresolved,unresolved,unresolved,not_assessed,,AI_START_HERE.md:4486,not inferred from log mention,53ccc7bd56ab05cc78c512506904061f2486a31c808aea8dd59437bb0a983343,Only that the ID occurs in an official-state log.,"No execution, QA, or scientific completion implied.",Locate producer run or explicitly archive as historical/log-only.,reverse trace from official log to producer evidence.,historical/unknown,2026-07-31T11:36:30+09:00,AI_START_HERE.md,not_assessed
R09-RESLICE-003,training_feature_selection,Historic official-log work ID; no matching direct result root identified in this cutoff.,unresolved; producer run/evidence must be located,log-provenance record only,,,unresolved_log_only,not inferred,no_result_root_or_qa_evidence_identified,unresolved,unresolved,unresolved,not_assessed,,experiments/lab_001_xy_connection_20260626/runlog.md:6704,not inferred from log mention,7f5d641e5b296cc97994e9788939e1b14d8dc57613f7677ac21a061cd01db5ba,Only that the ID occurs in an official-state log.,"No execution, QA, or scientific completion implied.",Locate producer run or explicitly archive as historical/log-only.,reverse trace from official log to producer evidence.,historical/unknown,2026-07-31T11:36:30+09:00,experiments/lab_001_xy_connection_20260626/runlog.md,not_assessed
R09-SLICE-001,training_feature_selection,Historic official-log work ID; no matching direct result root identified in this cutoff.,unresolved; producer run/evidence must be located,log-provenance record only,,,unresolved_log_only,not inferred,no_result_root_or_qa_evidence_identified,unresolved,unresolved,unresolved,not_assessed,,experiments/lab_001_xy_connection_20260626/runlog.md:5321,not inferred from log mention,7f5d641e5b296cc97994e9788939e1b14d8dc57613f7677ac21a061cd01db5ba,Only that the ID occurs in an official-state log.,"No execution, QA, or scientific completion implied.",Locate producer run or explicitly archive as historical/log-only.,reverse trace from official log to producer evidence.,historical/unknown,2026-07-31T11:36:30+09:00,experiments/lab_001_xy_connection_20260626/runlog.md,not_assessed
R09-SLICE-002,training_feature_selection,Historic official-log work ID; no matching direct result root identified in this cutoff.,unresolved; producer run/evidence must be located,log-provenance record only,,,unresolved_log_only,not inferred,no_result_root_or_qa_evidence_identified,unresolved,unresolved,unresolved,not_assessed,,experiments/lab_001_xy_connection_20260626/runlog.md:5376,not inferred from log mention,7f5d641e5b296cc97994e9788939e1b14d8dc57613f7677ac21a061cd01db5ba,Only that the ID occurs in an official-state log.,"No execution, QA, or scientific completion implied.",Locate producer run or explicitly archive as historical/log-only.,reverse trace from official log to producer evidence.,historical/unknown,2026-07-31T11:36:30+09:00,experiments/lab_001_xy_connection_20260626/runlog.md,not_assessed
R09-SLICE-002A,training_feature_selection,Historic official-log work ID; no matching direct result root identified in this cutoff.,unresolved; producer run/evidence must be located,log-provenance record only,,,unresolved_log_only,not inferred,no_result_root_or_qa_evidence_identified,unresolved,unresolved,unresolved,not_assessed,,experiments/lab_001_xy_connection_20260626/runlog.md:5425,not inferred from log mention,7f5d641e5b296cc97994e9788939e1b14d8dc57613f7677ac21a061cd01db5ba,Only that the ID occurs in an official-state log.,"No execution, QA, or scientific completion implied.",Locate producer run or explicitly archive as historical/log-only.,reverse trace from official log to producer evidence.,historical/unknown,2026-07-31T11:36:30+09:00,experiments/lab_001_xy_connection_20260626/runlog.md,not_assessed
R09-SLICE-002B,training_feature_selection,Historic official-log work ID; no matching direct result root identified in this cutoff.,unresolved; producer run/evidence must be located,log-provenance record only,,,unresolved_log_only,not inferred,no_result_root_or_qa_evidence_identified,unresolved,unresolved,unresolved,not_assessed,,experiments/lab_001_xy_connection_20260626/runlog.md:5473,not inferred from log mention,7f5d641e5b296cc97994e9788939e1b14d8dc57613f7677ac21a061cd01db5ba,Only that the ID occurs in an official-state log.,"No execution, QA, or scientific completion implied.",Locate producer run or explicitly archive as historical/log-only.,reverse trace from official log to producer evidence.,historical/unknown,2026-07-31T11:36:30+09:00,experiments/lab_001_xy_connection_20260626/runlog.md,not_assessed
R09-SLICE-002C,training_feature_selection,Historic official-log work ID; no matching direct result root identified in this cutoff.,unresolved; producer run/evidence must be located,log-provenance record only,,,unresolved_log_only,not inferred,no_result_root_or_qa_evidence_identified,unresolved,unresolved,unresolved,not_assessed,,experiments/lab_001_xy_connection_20260626/runlog.md:5519,not inferred from log mention,7f5d641e5b296cc97994e9788939e1b14d8dc57613f7677ac21a061cd01db5ba,Only that the ID occurs in an official-state log.,"No execution, QA, or scientific completion implied.",Locate producer run or explicitly archive as historical/log-only.,reverse trace from official log to producer evidence.,historical/unknown,2026-07-31T11:36:30+09:00,experiments/lab_001_xy_connection_20260626/runlog.md,not_assessed
R09-SLICE-002D,training_feature_selection,Historic official-log work ID; no matching direct result root identified in this cutoff.,unresolved; producer run/evidence must be located,log-provenance record only,,,unresolved_log_only,not inferred,no_result_root_or_qa_evidence_identified,unresolved,unresolved,unresolved,not_assessed,,experiments/lab_001_xy_connection_20260626/runlog.md:5762,not inferred from log mention,7f5d641e5b296cc97994e9788939e1b14d8dc57613f7677ac21a061cd01db5ba,Only that the ID occurs in an official-state log.,"No execution, QA, or scientific completion implied.",Locate producer run or explicitly archive as historical/log-only.,reverse trace from official log to producer evidence.,historical/unknown,2026-07-31T11:36:30+09:00,experiments/lab_001_xy_connection_20260626/runlog.md,not_assessed
R09-SLICE-002E,training_feature_selection,Historic official-log work ID; no matching direct result root identified in this cutoff.,unresolved; producer run/evidence must be located,log-provenance record only,,,unresolved_log_only,not inferred,no_result_root_or_qa_evidence_identified,unresolved,unresolved,unresolved,not_assessed,,experiments/lab_001_xy_connection_20260626/runlog.md:5843,not inferred from log mention,7f5d641e5b296cc97994e9788939e1b14d8dc57613f7677ac21a061cd01db5ba,Only that the ID occurs in an official-state log.,"No execution, QA, or scientific completion implied.",Locate producer run or explicitly archive as historical/log-only.,reverse trace from official log to producer evidence.,historical/unknown,2026-07-31T11:36:30+09:00,experiments/lab_001_xy_connection_20260626/runlog.md,not_assessed
R09-SLICE-002F,training_feature_selection,Historic official-log work ID; no matching direct result root identified in this cutoff.,unresolved; producer run/evidence must be located,log-provenance record only,,,unresolved_log_only,not inferred,no_result_root_or_qa_evidence_identified,unresolved,unresolved,unresolved,not_assessed,,experiments/lab_001_xy_connection_20260626/runlog.md:5931,not inferred from log mention,7f5d641e5b296cc97994e9788939e1b14d8dc57613f7677ac21a061cd01db5ba,Only that the ID occurs in an official-state log.,"No execution, QA, or scientific completion implied.",Locate producer run or explicitly archive as historical/log-only.,reverse trace from official log to producer evidence.,historical/unknown,2026-07-31T11:36:30+09:00,experiments/lab_001_xy_connection_20260626/runlog.md,not_assessed
R09-SLICE-002G,training_feature_selection,Historic official-log work ID; no matching direct result root identified in this cutoff.,unresolved; producer run/evidence must be located,log-provenance record only,,,unresolved_log_only,not inferred,no_result_root_or_qa_evidence_identified,unresolved,unresolved,unresolved,not_assessed,,experiments/lab_001_xy_connection_20260626/runlog.md:6000,not inferred from log mention,7f5d641e5b296cc97994e9788939e1b14d8dc57613f7677ac21a061cd01db5ba,Only that the ID occurs in an official-state log.,"No execution, QA, or scientific completion implied.",Locate producer run or explicitly archive as historical/log-only.,reverse trace from official log to producer evidence.,historical/unknown,2026-07-31T11:36:30+09:00,experiments/lab_001_xy_connection_20260626/runlog.md,not_assessed
R09-SLICE-002H,training_feature_selection,Historic official-log work ID; no matching direct result root identified in this cutoff.,unresolved; producer run/evidence must be located,log-provenance record only,,,unresolved_log_only,not inferred,no_result_root_or_qa_evidence_identified,unresolved,unresolved,unresolved,not_assessed,,experiments/lab_001_xy_connection_20260626/runlog.md:6117,not inferred from log mention,7f5d641e5b296cc97994e9788939e1b14d8dc57613f7677ac21a061cd01db5ba,Only that the ID occurs in an official-state log.,"No execution, QA, or scientific completion implied.",Locate producer run or explicitly archive as historical/log-only.,reverse trace from official log to producer evidence.,historical/unknown,2026-07-31T11:36:30+09:00,experiments/lab_001_xy_connection_20260626/runlog.md,not_assessed
R09-SLICE-002I,training_feature_selection,Historic official-log work ID; no matching direct result root identified in this cutoff.,unresolved; producer run/evidence must be located,log-provenance record only,,,unresolved_log_only,not inferred,no_result_root_or_qa_evidence_identified,unresolved,unresolved,unresolved,not_assessed,,experiments/lab_001_xy_connection_20260626/runlog.md:6147,not inferred from log mention,7f5d641e5b296cc97994e9788939e1b14d8dc57613f7677ac21a061cd01db5ba,Only that the ID occurs in an official-state log.,"No execution, QA, or scientific completion implied.",Locate producer run or explicitly archive as historical/log-only.,reverse trace from official log to producer evidence.,historical/unknown,2026-07-31T11:36:30+09:00,experiments/lab_001_xy_connection_20260626/runlog.md,not_assessed
R09-SLICE-002J,training_feature_selection,Historic official-log work ID; no matching direct result root identified in this cutoff.,unresolved; producer run/evidence must be located,log-provenance record only,,,unresolved_log_only,not inferred,no_result_root_or_qa_evidence_identified,unresolved,unresolved,unresolved,not_assessed,,experiments/lab_001_xy_connection_20260626/runlog.md:6172,not inferred from log mention,7f5d641e5b296cc97994e9788939e1b14d8dc57613f7677ac21a061cd01db5ba,Only that the ID occurs in an official-state log.,"No execution, QA, or scientific completion implied.",Locate producer run or explicitly archive as historical/log-only.,reverse trace from official log to producer evidence.,historical/unknown,2026-07-31T11:36:30+09:00,experiments/lab_001_xy_connection_20260626/runlog.md,not_assessed
R09-SLICE-002K,training_feature_selection,Historic official-log work ID; no matching direct result root identified in this cutoff.,unresolved; producer run/evidence must be located,log-provenance record only,,,unresolved_log_only,not inferred,no_result_root_or_qa_evidence_identified,unresolved,unresolved,unresolved,not_assessed,,experiments/lab_001_xy_connection_20260626/runlog.md:6199,not inferred from log mention,7f5d641e5b296cc97994e9788939e1b14d8dc57613f7677ac21a061cd01db5ba,Only that the ID occurs in an official-state log.,"No execution, QA, or scientific completion implied.",Locate producer run or explicitly archive as historical/log-only.,reverse trace from official log to producer evidence.,historical/unknown,2026-07-31T11:36:30+09:00,experiments/lab_001_xy_connection_20260626/runlog.md,not_assessed
R09-SLICE-002L,training_feature_selection,Historic official-log work ID; no matching direct result root identified in this cutoff.,unresolved; producer run/evidence must be located,log-provenance record only,,,unresolved_log_only,not inferred,no_result_root_or_qa_evidence_identified,unresolved,unresolved,unresolved,not_assessed,,experiments/lab_001_xy_connection_20260626/runlog.md:6222,not inferred from log mention,7f5d641e5b296cc97994e9788939e1b14d8dc57613f7677ac21a061cd01db5ba,Only that the ID occurs in an official-state log.,"No execution, QA, or scientific completion implied.",Locate producer run or explicitly archive as historical/log-only.,reverse trace from official log to producer evidence.,historical/unknown,2026-07-31T11:36:30+09:00,experiments/lab_001_xy_connection_20260626/runlog.md,not_assessed
R09-SLICE-002M,training_feature_selection,Historic official-log work ID; no matching direct result root identified in this cutoff.,unresolved; producer run/evidence must be located,log-provenance record only,,,unresolved_log_only,not inferred,no_result_root_or_qa_evidence_identified,unresolved,unresolved,unresolved,not_assessed,,experiments/lab_001_xy_connection_20260626/runlog.md:6256,not inferred from log mention,7f5d641e5b296cc97994e9788939e1b14d8dc57613f7677ac21a061cd01db5ba,Only that the ID occurs in an official-state log.,"No execution, QA, or scientific completion implied.",Locate producer run or explicitly archive as historical/log-only.,reverse trace from official log to producer evidence.,historical/unknown,2026-07-31T11:36:30+09:00,experiments/lab_001_xy_connection_20260626/runlog.md,not_assessed
R09-SLICE-003,training_feature_selection,Historic official-log work ID; no matching direct result root identified in this cutoff.,unresolved; producer run/evidence must be located,log-provenance record only,,,unresolved_log_only,not inferred,no_result_root_or_qa_evidence_identified,unresolved,unresolved,unresolved,not_assessed,,experiments/lab_001_xy_connection_20260626/runlog.md:5321,not inferred from log mention,7f5d641e5b296cc97994e9788939e1b14d8dc57613f7677ac21a061cd01db5ba,Only that the ID occurs in an official-state log.,"No execution, QA, or scientific completion implied.",Locate producer run or explicitly archive as historical/log-only.,reverse trace from official log to producer evidence.,historical/unknown,2026-07-31T11:36:30+09:00,experiments/lab_001_xy_connection_20260626/runlog.md,not_assessed
R09-SLICE-004,training_feature_selection,Historic official-log work ID; no matching direct result root identified in this cutoff.,unresolved; producer run/evidence must be located,log-provenance record only,,,unresolved_log_only,not inferred,no_result_root_or_qa_evidence_identified,unresolved,unresolved,unresolved,not_assessed,,experiments/lab_001_xy_connection_20260626/decision_log.md:3752,not inferred from log mention,cd5900fcab1e0a5427cf1610eff053cd156f0e85bfc320f8e410802b9183ff87,Only that the ID occurs in an official-state log.,"No execution, QA, or scientific completion implied.",Locate producer run or explicitly archive as historical/log-only.,reverse trace from official log to producer evidence.,historical/unknown,2026-07-31T11:36:30+09:00,experiments/lab_001_xy_connection_20260626/decision_log.md,not_assessed
R09-SLICE-005,training_feature_selection,Historic official-log work ID; no matching direct result root identified in this cutoff.,unresolved; producer run/evidence must be located,log-provenance record only,,,unresolved_log_only,not inferred,no_result_root_or_qa_evidence_identified,unresolved,unresolved,unresolved,not_assessed,,experiments/lab_001_xy_connection_20260626/runlog.md:7274,not inferred from log mention,7f5d641e5b296cc97994e9788939e1b14d8dc57613f7677ac21a061cd01db5ba,Only that the ID occurs in an official-state log.,"No execution, QA, or scientific completion implied.",Locate producer run or explicitly archive as historical/log-only.,reverse trace from official log to producer evidence.,historical/unknown,2026-07-31T11:36:30+09:00,experiments/lab_001_xy_connection_20260626/runlog.md,not_assessed
R09-SPRINT-000,training_feature_selection,Historic official-log work ID; no matching direct result root identified in this cutoff.,unresolved; producer run/evidence must be located,log-provenance record only,,,unresolved_log_only,not inferred,no_result_root_or_qa_evidence_identified,unresolved,unresolved,unresolved,not_assessed,,outputs/URP4-1_ROADMAP_LOG.md:6731,not inferred from log mention,bd3c4fb6da9e2e13aae70329b6279201395209e11da9a1543f1a5cd73bb90f47,Only that the ID occurs in an official-state log.,"No execution, QA, or scientific completion implied.",Locate producer run or explicitly archive as historical/log-only.,reverse trace from official log to producer evidence.,historical/unknown,2026-07-31T11:36:30+09:00,outputs/URP4-1_ROADMAP_LOG.md,not_assessed
R09-SPRINT-001,training_feature_selection,Historic official-log work ID; no matching direct result root identified in this cutoff.,unresolved; producer run/evidence must be located,log-provenance record only,,,unresolved_log_only,not inferred,no_result_root_or_qa_evidence_identified,unresolved,unresolved,unresolved,not_assessed,,experiments/lab_001_xy_connection_20260626/runlog.md:6599,not inferred from log mention,7f5d641e5b296cc97994e9788939e1b14d8dc57613f7677ac21a061cd01db5ba,Only that the ID occurs in an official-state log.,"No execution, QA, or scientific completion implied.",Locate producer run or explicitly archive as historical/log-only.,reverse trace from official log to producer evidence.,historical/unknown,2026-07-31T11:36:30+09:00,experiments/lab_001_xy_connection_20260626/runlog.md,not_assessed
R09-STP-001,training_feature_selection,Historic official-log work ID; no matching direct result root identified in this cutoff.,unresolved; producer run/evidence must be located,log-provenance record only,,,unresolved_log_only,not inferred,no_result_root_or_qa_evidence_identified,unresolved,unresolved,unresolved,not_assessed,,experiments/lab_001_xy_connection_20260626/decision_log.md:4266,not inferred from log mention,cd5900fcab1e0a5427cf1610eff053cd156f0e85bfc320f8e410802b9183ff87,Only that the ID occurs in an official-state log.,"No execution, QA, or scientific completion implied.",Locate producer run or explicitly archive as historical/log-only.,reverse trace from official log to producer evidence.,historical/unknown,2026-07-31T11:36:30+09:00,experiments/lab_001_xy_connection_20260626/decision_log.md,not_assessed
R09-SURF-002,training_feature_selection,Historic official-log work ID; no matching direct result root identified in this cutoff.,unresolved; producer run/evidence must be located,log-provenance record only,,,unresolved_log_only,not inferred,no_result_root_or_qa_evidence_identified,unresolved,unresolved,unresolved,not_assessed,,experiments/lab_001_xy_connection_20260626/runlog.md:6401,not inferred from log mention,7f5d641e5b296cc97994e9788939e1b14d8dc57613f7677ac21a061cd01db5ba,Only that the ID occurs in an official-state log.,"No execution, QA, or scientific completion implied.",Locate producer run or explicitly archive as historical/log-only.,reverse trace from official log to producer evidence.,historical/unknown,2026-07-31T11:36:30+09:00,experiments/lab_001_xy_connection_20260626/runlog.md,not_assessed
R09-SURF-003,training_feature_selection,Historic official-log work ID; no matching direct result root identified in this cutoff.,unresolved; producer run/evidence must be located,log-provenance record only,,,unresolved_log_only,not inferred,no_result_root_or_qa_evidence_identified,unresolved,unresolved,unresolved,not_assessed,,experiments/lab_001_xy_connection_20260626/runlog.md:6430,not inferred from log mention,7f5d641e5b296cc97994e9788939e1b14d8dc57613f7677ac21a061cd01db5ba,Only that the ID occurs in an official-state log.,"No execution, QA, or scientific completion implied.",Locate producer run or explicitly archive as historical/log-only.,reverse trace from official log to producer evidence.,historical/unknown,2026-07-31T11:36:30+09:00,experiments/lab_001_xy_connection_20260626/runlog.md,not_assessed
R09-SURF-004,training_feature_selection,Historic official-log work ID; no matching direct result root identified in this cutoff.,unresolved; producer run/evidence must be located,log-provenance record only,,,unresolved_log_only,not inferred,no_result_root_or_qa_evidence_identified,unresolved,unresolved,unresolved,not_assessed,,experiments/lab_001_xy_connection_20260626/runlog.md:6441,not inferred from log mention,7f5d641e5b296cc97994e9788939e1b14d8dc57613f7677ac21a061cd01db5ba,Only that the ID occurs in an official-state log.,"No execution, QA, or scientific completion implied.",Locate producer run or explicitly archive as historical/log-only.,reverse trace from official log to producer evidence.,historical/unknown,2026-07-31T11:36:30+09:00,experiments/lab_001_xy_connection_20260626/runlog.md,not_assessed
R09-THETA-001,training_feature_selection,Historic official-log work ID; no matching direct result root identified in this cutoff.,unresolved; producer run/evidence must be located,log-provenance record only,,,unresolved_log_only,not inferred,no_result_root_or_qa_evidence_identified,unresolved,unresolved,unresolved,not_assessed,,experiments/lab_001_xy_connection_20260626/runlog.md:6547,not inferred from log mention,7f5d641e5b296cc97994e9788939e1b14d8dc57613f7677ac21a061cd01db5ba,Only that the ID occurs in an official-state log.,"No execution, QA, or scientific completion implied.",Locate producer run or explicitly archive as historical/log-only.,reverse trace from official log to producer evidence.,historical/unknown,2026-07-31T11:36:30+09:00,experiments/lab_001_xy_connection_20260626/runlog.md,not_assessed
R09-THETA-002,training_feature_selection,Historic official-log work ID; no matching direct result root identified in this cutoff.,unresolved; producer run/evidence must be located,log-provenance record only,,,unresolved_log_only,not inferred,no_result_root_or_qa_evidence_identified,unresolved,unresolved,unresolved,not_assessed,,experiments/lab_001_xy_connection_20260626/runlog.md:6563,not inferred from log mention,7f5d641e5b296cc97994e9788939e1b14d8dc57613f7677ac21a061cd01db5ba,Only that the ID occurs in an official-state log.,"No execution, QA, or scientific completion implied.",Locate producer run or explicitly archive as historical/log-only.,reverse trace from official log to producer evidence.,historical/unknown,2026-07-31T11:36:30+09:00,experiments/lab_001_xy_connection_20260626/runlog.md,not_assessed
R09-THETA-X-001,training_feature_selection,Historic official-log work ID; no matching direct result root identified in this cutoff.,unresolved; producer run/evidence must be located,log-provenance record only,,,unresolved_log_only,not inferred,no_result_root_or_qa_evidence_identified,unresolved,unresolved,unresolved,not_assessed,,experiments/lab_001_xy_connection_20260626/runlog.md:6579,not inferred from log mention,7f5d641e5b296cc97994e9788939e1b14d8dc57613f7677ac21a061cd01db5ba,Only that the ID occurs in an official-state log.,"No execution, QA, or scientific completion implied.",Locate producer run or explicitly archive as historical/log-only.,reverse trace from official log to producer evidence.,historical/unknown,2026-07-31T11:36:30+09:00,experiments/lab_001_xy_connection_20260626/runlog.md,not_assessed
R09-TRAIN-001,training_feature_selection,Historic official-log work ID; no matching direct result root identified in this cutoff.,unresolved; producer run/evidence must be located,log-provenance record only,,,unresolved_log_only,not inferred,no_result_root_or_qa_evidence_identified,unresolved,unresolved,unresolved,not_assessed,,experiments/lab_001_xy_connection_20260626/runlog.md:5773,not inferred from log mention,7f5d641e5b296cc97994e9788939e1b14d8dc57613f7677ac21a061cd01db5ba,Only that the ID occurs in an official-state log.,"No execution, QA, or scientific completion implied.",Locate producer run or explicitly archive as historical/log-only.,reverse trace from official log to producer evidence.,historical/unknown,2026-07-31T11:36:30+09:00,experiments/lab_001_xy_connection_20260626/runlog.md,not_assessed
R09-TRAIN-002,training_feature_selection,Historic official-log work ID; no matching direct result root identified in this cutoff.,unresolved; producer run/evidence must be located,log-provenance record only,,,unresolved_log_only,not inferred,no_result_root_or_qa_evidence_identified,unresolved,unresolved,unresolved,not_assessed,,experiments/lab_001_xy_connection_20260626/runlog.md:6285,not inferred from log mention,7f5d641e5b296cc97994e9788939e1b14d8dc57613f7677ac21a061cd01db5ba,Only that the ID occurs in an official-state log.,"No execution, QA, or scientific completion implied.",Locate producer run or explicitly archive as historical/log-only.,reverse trace from official log to producer evidence.,historical/unknown,2026-07-31T11:36:30+09:00,experiments/lab_001_xy_connection_20260626/runlog.md,not_assessed
R09-TRAIN-003,training_feature_selection,Historic official-log work ID; no matching direct result root identified in this cutoff.,unresolved; producer run/evidence must be located,log-provenance record only,,,unresolved_log_only,not inferred,no_result_root_or_qa_evidence_identified,unresolved,unresolved,unresolved,not_assessed,,experiments/lab_001_xy_connection_20260626/runlog.md:6470,not inferred from log mention,7f5d641e5b296cc97994e9788939e1b14d8dc57613f7677ac21a061cd01db5ba,Only that the ID occurs in an official-state log.,"No execution, QA, or scientific completion implied.",Locate producer run or explicitly archive as historical/log-only.,reverse trace from official log to producer evidence.,historical/unknown,2026-07-31T11:36:30+09:00,experiments/lab_001_xy_connection_20260626/runlog.md,not_assessed
R09-TRAIN-004,training_feature_selection,Historic official-log work ID; no matching direct result root identified in this cutoff.,unresolved; producer run/evidence must be located,log-provenance record only,,,unresolved_log_only,not inferred,no_result_root_or_qa_evidence_identified,unresolved,unresolved,unresolved,not_assessed,,experiments/lab_001_xy_connection_20260626/runlog.md:6478,not inferred from log mention,7f5d641e5b296cc97994e9788939e1b14d8dc57613f7677ac21a061cd01db5ba,Only that the ID occurs in an official-state log.,"No execution, QA, or scientific completion implied.",Locate producer run or explicitly archive as historical/log-only.,reverse trace from official log to producer evidence.,historical/unknown,2026-07-31T11:36:30+09:00,experiments/lab_001_xy_connection_20260626/runlog.md,not_assessed
R09-TRAIN-005,training_feature_selection,Historic official-log work ID; no matching direct result root identified in this cutoff.,unresolved; producer run/evidence must be located,log-provenance record only,,,unresolved_log_only,not inferred,no_result_root_or_qa_evidence_identified,unresolved,unresolved,unresolved,not_assessed,,experiments/lab_001_xy_connection_20260626/runlog.md:6491,not inferred from log mention,7f5d641e5b296cc97994e9788939e1b14d8dc57613f7677ac21a061cd01db5ba,Only that the ID occurs in an official-state log.,"No execution, QA, or scientific completion implied.",Locate producer run or explicitly archive as historical/log-only.,reverse trace from official log to producer evidence.,historical/unknown,2026-07-31T11:36:30+09:00,experiments/lab_001_xy_connection_20260626/runlog.md,not_assessed
R09-TRAIN-006,training_feature_selection,Historic official-log work ID; no matching direct result root identified in this cutoff.,unresolved; producer run/evidence must be located,log-provenance record only,,,unresolved_log_only,not inferred,no_result_root_or_qa_evidence_identified,unresolved,unresolved,unresolved,not_assessed,,experiments/lab_001_xy_connection_20260626/runlog.md:6506,not inferred from log mention,7f5d641e5b296cc97994e9788939e1b14d8dc57613f7677ac21a061cd01db5ba,Only that the ID occurs in an official-state log.,"No execution, QA, or scientific completion implied.",Locate producer run or explicitly archive as historical/log-only.,reverse trace from official log to producer evidence.,historical/unknown,2026-07-31T11:36:30+09:00,experiments/lab_001_xy_connection_20260626/runlog.md,not_assessed
R09-TRAIN-007,training_feature_selection,Historic official-log work ID; no matching direct result root identified in this cutoff.,unresolved; producer run/evidence must be located,log-provenance record only,,,unresolved_log_only,not inferred,no_result_root_or_qa_evidence_identified,unresolved,unresolved,unresolved,not_assessed,,experiments/lab_001_xy_connection_20260626/runlog.md:6521,not inferred from log mention,7f5d641e5b296cc97994e9788939e1b14d8dc57613f7677ac21a061cd01db5ba,Only that the ID occurs in an official-state log.,"No execution, QA, or scientific completion implied.",Locate producer run or explicitly archive as historical/log-only.,reverse trace from official log to producer evidence.,historical/unknown,2026-07-31T11:36:30+09:00,experiments/lab_001_xy_connection_20260626/runlog.md,not_assessed
R09-VALID-008,training_feature_selection,Historic official-log work ID; no matching direct result root identified in this cutoff.,unresolved; producer run/evidence must be located,log-provenance record only,,,unresolved_log_only,not inferred,no_result_root_or_qa_evidence_identified,unresolved,unresolved,unresolved,not_assessed,,experiments/lab_001_xy_connection_20260626/runlog.md:6564,not inferred from log mention,7f5d641e5b296cc97994e9788939e1b14d8dc57613f7677ac21a061cd01db5ba,Only that the ID occurs in an official-state log.,"No execution, QA, or scientific completion implied.",Locate producer run or explicitly archive as historical/log-only.,reverse trace from official log to producer evidence.,historical/unknown,2026-07-31T11:36:30+09:00,experiments/lab_001_xy_connection_20260626/runlog.md,not_assessed
R09-YDATA-001,training_feature_selection,Historic official-log work ID; no matching direct result root identified in this cutoff.,unresolved; producer run/evidence must be located,log-provenance record only,,,unresolved_log_only,not inferred,no_result_root_or_qa_evidence_identified,unresolved,unresolved,unresolved,not_assessed,,AI_START_HERE.md:4014,not inferred from log mention,53ccc7bd56ab05cc78c512506904061f2486a31c808aea8dd59437bb0a983343,Only that the ID occurs in an official-state log.,"No execution, QA, or scientific completion implied.",Locate producer run or explicitly archive as historical/log-only.,reverse trace from official log to producer evidence.,historical/unknown,2026-07-31T11:36:30+09:00,AI_START_HERE.md,not_assessed
STRICT-GEOM-001,strict_step_direct_step,Historic official-log work ID; no matching direct result root identified in this cutoff.,unresolved; producer run/evidence must be located,log-provenance record only,,,unresolved_log_only,not inferred,no_result_root_or_qa_evidence_identified,unresolved,unresolved,unresolved,not_assessed,,experiments/lab_001_xy_connection_20260626/runlog.md:8089,not inferred from log mention,7f5d641e5b296cc97994e9788939e1b14d8dc57613f7677ac21a061cd01db5ba,Only that the ID occurs in an official-state log.,"No execution, QA, or scientific completion implied.",Locate producer run or explicitly archive as historical/log-only.,reverse trace from official log to producer evidence.,historical/unknown,2026-07-31T11:36:30+09:00,experiments/lab_001_xy_connection_20260626/runlog.md,not_assessed
STRICT-GEOM-002,strict_step_direct_step,Historic official-log work ID; no matching direct result root identified in this cutoff.,unresolved; producer run/evidence must be located,log-provenance record only,,,unresolved_log_only,not inferred,no_result_root_or_qa_evidence_identified,unresolved,unresolved,unresolved,not_assessed,,experiments/lab_001_xy_connection_20260626/runlog.md:8109,not inferred from log mention,7f5d641e5b296cc97994e9788939e1b14d8dc57613f7677ac21a061cd01db5ba,Only that the ID occurs in an official-state log.,"No execution, QA, or scientific completion implied.",Locate producer run or explicitly archive as historical/log-only.,reverse trace from official log to producer evidence.,historical/unknown,2026-07-31T11:36:30+09:00,experiments/lab_001_xy_connection_20260626/runlog.md,not_assessed
STRICT-GEOM-003,strict_step_direct_step,Historic official-log work ID; no matching direct result root identified in this cutoff.,unresolved; producer run/evidence must be located,log-provenance record only,,,unresolved_log_only,not inferred,no_result_root_or_qa_evidence_identified,unresolved,unresolved,unresolved,not_assessed,,experiments/lab_001_xy_connection_20260626/runlog.md:8116,not inferred from log mention,7f5d641e5b296cc97994e9788939e1b14d8dc57613f7677ac21a061cd01db5ba,Only that the ID occurs in an official-state log.,"No execution, QA, or scientific completion implied.",Locate producer run or explicitly archive as historical/log-only.,reverse trace from official log to producer evidence.,historical/unknown,2026-07-31T11:36:30+09:00,experiments/lab_001_xy_connection_20260626/runlog.md,not_assessed
STRICT-GEOM-004,strict_step_direct_step,Historic official-log work ID; no matching direct result root identified in this cutoff.,unresolved; producer run/evidence must be located,log-provenance record only,,,unresolved_log_only,not inferred,no_result_root_or_qa_evidence_identified,unresolved,unresolved,unresolved,not_assessed,,experiments/lab_001_xy_connection_20260626/runlog.md:8122,not inferred from log mention,7f5d641e5b296cc97994e9788939e1b14d8dc57613f7677ac21a061cd01db5ba,Only that the ID occurs in an official-state log.,"No execution, QA, or scientific completion implied.",Locate producer run or explicitly archive as historical/log-only.,reverse trace from official log to producer evidence.,historical/unknown,2026-07-31T11:36:30+09:00,experiments/lab_001_xy_connection_20260626/runlog.md,not_assessed
STRICT-GEOM-005,strict_step_direct_step,Historic official-log work ID; no matching direct result root identified in this cutoff.,unresolved; producer run/evidence must be located,log-provenance record only,,,unresolved_log_only,not inferred,no_result_root_or_qa_evidence_identified,unresolved,unresolved,unresolved,not_assessed,,experiments/lab_001_xy_connection_20260626/runlog.md:8129,not inferred from log mention,7f5d641e5b296cc97994e9788939e1b14d8dc57613f7677ac21a061cd01db5ba,Only that the ID occurs in an official-state log.,"No execution, QA, or scientific completion implied.",Locate producer run or explicitly archive as historical/log-only.,reverse trace from official log to producer evidence.,historical/unknown,2026-07-31T11:36:30+09:00,experiments/lab_001_xy_connection_20260626/runlog.md,not_assessed
STRICT-GEOM-006,strict_step_direct_step,Historic official-log work ID; no matching direct result root identified in this cutoff.,unresolved; producer run/evidence must be located,log-provenance record only,,,unresolved_log_only,not inferred,no_result_root_or_qa_evidence_identified,unresolved,unresolved,unresolved,not_assessed,,experiments/lab_001_xy_connection_20260626/runlog.md:8135,not inferred from log mention,7f5d641e5b296cc97994e9788939e1b14d8dc57613f7677ac21a061cd01db5ba,Only that the ID occurs in an official-state log.,"No execution, QA, or scientific completion implied.",Locate producer run or explicitly archive as historical/log-only.,reverse trace from official log to producer evidence.,historical/unknown,2026-07-31T11:36:30+09:00,experiments/lab_001_xy_connection_20260626/runlog.md,not_assessed
STRICT-GEOM-007,strict_step_direct_step,Historic official-log work ID; no matching direct result root identified in this cutoff.,unresolved; producer run/evidence must be located,log-provenance record only,,,unresolved_log_only,not inferred,no_result_root_or_qa_evidence_identified,unresolved,unresolved,unresolved,not_assessed,,experiments/lab_001_xy_connection_20260626/runlog.md:8143,not inferred from log mention,7f5d641e5b296cc97994e9788939e1b14d8dc57613f7677ac21a061cd01db5ba,Only that the ID occurs in an official-state log.,"No execution, QA, or scientific completion implied.",Locate producer run or explicitly archive as historical/log-only.,reverse trace from official log to producer evidence.,historical/unknown,2026-07-31T11:36:30+09:00,experiments/lab_001_xy_connection_20260626/runlog.md,not_assessed
STRICT-GEOM-008,strict_step_direct_step,Historic official-log work ID; no matching direct result root identified in this cutoff.,unresolved; producer run/evidence must be located,log-provenance record only,,,unresolved_log_only,not inferred,no_result_root_or_qa_evidence_identified,unresolved,unresolved,unresolved,not_assessed,,experiments/lab_001_xy_connection_20260626/runlog.md:8165,not inferred from log mention,7f5d641e5b296cc97994e9788939e1b14d8dc57613f7677ac21a061cd01db5ba,Only that the ID occurs in an official-state log.,"No execution, QA, or scientific completion implied.",Locate producer run or explicitly archive as historical/log-only.,reverse trace from official log to producer evidence.,historical/unknown,2026-07-31T11:36:30+09:00,experiments/lab_001_xy_connection_20260626/runlog.md,not_assessed
STRICT-GEOM-009,strict_step_direct_step,Historic official-log work ID; no matching direct result root identified in this cutoff.,unresolved; producer run/evidence must be located,log-provenance record only,,,unresolved_log_only,not inferred,no_result_root_or_qa_evidence_identified,unresolved,unresolved,unresolved,not_assessed,,experiments/lab_001_xy_connection_20260626/runlog.md:8174,not inferred from log mention,7f5d641e5b296cc97994e9788939e1b14d8dc57613f7677ac21a061cd01db5ba,Only that the ID occurs in an official-state log.,"No execution, QA, or scientific completion implied.",Locate producer run or explicitly archive as historical/log-only.,reverse trace from official log to producer evidence.,historical/unknown,2026-07-31T11:36:30+09:00,experiments/lab_001_xy_connection_20260626/runlog.md,not_assessed
STRICT-GEOM-010,strict_step_direct_step,Historic official-log work ID; no matching direct result root identified in this cutoff.,unresolved; producer run/evidence must be located,log-provenance record only,,,unresolved_log_only,not inferred,no_result_root_or_qa_evidence_identified,unresolved,unresolved,unresolved,not_assessed,,experiments/lab_001_xy_connection_20260626/runlog.md:8182,not inferred from log mention,7f5d641e5b296cc97994e9788939e1b14d8dc57613f7677ac21a061cd01db5ba,Only that the ID occurs in an official-state log.,"No execution, QA, or scientific completion implied.",Locate producer run or explicitly archive as historical/log-only.,reverse trace from official log to producer evidence.,historical/unknown,2026-07-31T11:36:30+09:00,experiments/lab_001_xy_connection_20260626/runlog.md,not_assessed
STRICT-GEOM-011,strict_step_direct_step,Historic official-log work ID; no matching direct result root identified in this cutoff.,unresolved; producer run/evidence must be located,log-provenance record only,,,unresolved_log_only,not inferred,no_result_root_or_qa_evidence_identified,unresolved,unresolved,unresolved,not_assessed,,experiments/lab_001_xy_connection_20260626/runlog.md:8190,not inferred from log mention,7f5d641e5b296cc97994e9788939e1b14d8dc57613f7677ac21a061cd01db5ba,Only that the ID occurs in an official-state log.,"No execution, QA, or scientific completion implied.",Locate producer run or explicitly archive as historical/log-only.,reverse trace from official log to producer evidence.,historical/unknown,2026-07-31T11:36:30+09:00,experiments/lab_001_xy_connection_20260626/runlog.md,not_assessed
STRICT-GEOM-012,strict_step_direct_step,Historic official-log work ID; no matching direct result root identified in this cutoff.,unresolved; producer run/evidence must be located,log-provenance record only,,,unresolved_log_only,not inferred,no_result_root_or_qa_evidence_identified,unresolved,unresolved,unresolved,not_assessed,,experiments/lab_001_xy_connection_20260626/runlog.md:8199,not inferred from log mention,7f5d641e5b296cc97994e9788939e1b14d8dc57613f7677ac21a061cd01db5ba,Only that the ID occurs in an official-state log.,"No execution, QA, or scientific completion implied.",Locate producer run or explicitly archive as historical/log-only.,reverse trace from official log to producer evidence.,historical/unknown,2026-07-31T11:36:30+09:00,experiments/lab_001_xy_connection_20260626/runlog.md,not_assessed
STRICT-GEOM-013,strict_step_direct_step,Historic official-log work ID; no matching direct result root identified in this cutoff.,unresolved; producer run/evidence must be located,log-provenance record only,,,unresolved_log_only,not inferred,no_result_root_or_qa_evidence_identified,unresolved,unresolved,unresolved,not_assessed,,experiments/lab_001_xy_connection_20260626/runlog.md:8208,not inferred from log mention,7f5d641e5b296cc97994e9788939e1b14d8dc57613f7677ac21a061cd01db5ba,Only that the ID occurs in an official-state log.,"No execution, QA, or scientific completion implied.",Locate producer run or explicitly archive as historical/log-only.,reverse trace from official log to producer evidence.,historical/unknown,2026-07-31T11:36:30+09:00,experiments/lab_001_xy_connection_20260626/runlog.md,not_assessed
STRICT-GEOM-014,strict_step_direct_step,Historic official-log work ID; no matching direct result root identified in this cutoff.,unresolved; producer run/evidence must be located,log-provenance record only,,,unresolved_log_only,not inferred,no_result_root_or_qa_evidence_identified,unresolved,unresolved,unresolved,not_assessed,,experiments/lab_001_xy_connection_20260626/runlog.md:8216,not inferred from log mention,7f5d641e5b296cc97994e9788939e1b14d8dc57613f7677ac21a061cd01db5ba,Only that the ID occurs in an official-state log.,"No execution, QA, or scientific completion implied.",Locate producer run or explicitly archive as historical/log-only.,reverse trace from official log to producer evidence.,historical/unknown,2026-07-31T11:36:30+09:00,experiments/lab_001_xy_connection_20260626/runlog.md,not_assessed
STRICT-GEOM-015,strict_step_direct_step,Historic official-log work ID; no matching direct result root identified in this cutoff.,unresolved; producer run/evidence must be located,log-provenance record only,,,unresolved_log_only,not inferred,no_result_root_or_qa_evidence_identified,unresolved,unresolved,unresolved,not_assessed,,experiments/lab_001_xy_connection_20260626/runlog.md:8224,not inferred from log mention,7f5d641e5b296cc97994e9788939e1b14d8dc57613f7677ac21a061cd01db5ba,Only that the ID occurs in an official-state log.,"No execution, QA, or scientific completion implied.",Locate producer run or explicitly archive as historical/log-only.,reverse trace from official log to producer evidence.,historical/unknown,2026-07-31T11:36:30+09:00,experiments/lab_001_xy_connection_20260626/runlog.md,not_assessed
STRICT-GEOM-016,strict_step_direct_step,Historic official-log work ID; no matching direct result root identified in this cutoff.,unresolved; producer run/evidence must be located,log-provenance record only,,,unresolved_log_only,not inferred,no_result_root_or_qa_evidence_identified,unresolved,unresolved,unresolved,not_assessed,,experiments/lab_001_xy_connection_20260626/runlog.md:8232,not inferred from log mention,7f5d641e5b296cc97994e9788939e1b14d8dc57613f7677ac21a061cd01db5ba,Only that the ID occurs in an official-state log.,"No execution, QA, or scientific completion implied.",Locate producer run or explicitly archive as historical/log-only.,reverse trace from official log to producer evidence.,historical/unknown,2026-07-31T11:36:30+09:00,experiments/lab_001_xy_connection_20260626/runlog.md,not_assessed
STRICT-GEOM-017,strict_step_direct_step,Historic official-log work ID; no matching direct result root identified in this cutoff.,unresolved; producer run/evidence must be located,log-provenance record only,,,unresolved_log_only,not inferred,no_result_root_or_qa_evidence_identified,unresolved,unresolved,unresolved,not_assessed,,experiments/lab_001_xy_connection_20260626/runlog.md:8240,not inferred from log mention,7f5d641e5b296cc97994e9788939e1b14d8dc57613f7677ac21a061cd01db5ba,Only that the ID occurs in an official-state log.,"No execution, QA, or scientific completion implied.",Locate producer run or explicitly archive as historical/log-only.,reverse trace from official log to producer evidence.,historical/unknown,2026-07-31T11:36:30+09:00,experiments/lab_001_xy_connection_20260626/runlog.md,not_assessed
STRICT-GEOM-018,strict_step_direct_step,Historic official-log work ID; no matching direct result root identified in this cutoff.,unresolved; producer run/evidence must be located,log-provenance record only,,,unresolved_log_only,not inferred,no_result_root_or_qa_evidence_identified,unresolved,unresolved,unresolved,not_assessed,,experiments/lab_001_xy_connection_20260626/runlog.md:8248,not inferred from log mention,7f5d641e5b296cc97994e9788939e1b14d8dc57613f7677ac21a061cd01db5ba,Only that the ID occurs in an official-state log.,"No execution, QA, or scientific completion implied.",Locate producer run or explicitly archive as historical/log-only.,reverse trace from official log to producer evidence.,historical/unknown,2026-07-31T11:36:30+09:00,experiments/lab_001_xy_connection_20260626/runlog.md,not_assessed
STRICT-GEOM-019,strict_step_direct_step,Historic official-log work ID; no matching direct result root identified in this cutoff.,unresolved; producer run/evidence must be located,log-provenance record only,,,unresolved_log_only,not inferred,no_result_root_or_qa_evidence_identified,unresolved,unresolved,unresolved,not_assessed,,experiments/lab_001_xy_connection_20260626/runlog.md:8256,not inferred from log mention,7f5d641e5b296cc97994e9788939e1b14d8dc57613f7677ac21a061cd01db5ba,Only that the ID occurs in an official-state log.,"No execution, QA, or scientific completion implied.",Locate producer run or explicitly archive as historical/log-only.,reverse trace from official log to producer evidence.,historical/unknown,2026-07-31T11:36:30+09:00,experiments/lab_001_xy_connection_20260626/runlog.md,not_assessed
STRICT-GEOM-020,strict_step_direct_step,Historic official-log work ID; no matching direct result root identified in this cutoff.,unresolved; producer run/evidence must be located,log-provenance record only,,,unresolved_log_only,not inferred,no_result_root_or_qa_evidence_identified,unresolved,unresolved,unresolved,not_assessed,,experiments/lab_001_xy_connection_20260626/runlog.md:8264,not inferred from log mention,7f5d641e5b296cc97994e9788939e1b14d8dc57613f7677ac21a061cd01db5ba,Only that the ID occurs in an official-state log.,"No execution, QA, or scientific completion implied.",Locate producer run or explicitly archive as historical/log-only.,reverse trace from official log to producer evidence.,historical/unknown,2026-07-31T11:36:30+09:00,experiments/lab_001_xy_connection_20260626/runlog.md,not_assessed
STRICT-GEOM-021,strict_step_direct_step,Historic official-log work ID; no matching direct result root identified in this cutoff.,unresolved; producer run/evidence must be located,log-provenance record only,,,unresolved_log_only,not inferred,no_result_root_or_qa_evidence_identified,unresolved,unresolved,unresolved,not_assessed,,experiments/lab_001_xy_connection_20260626/decision_log.md:7038,not inferred from log mention,cd5900fcab1e0a5427cf1610eff053cd156f0e85bfc320f8e410802b9183ff87,Only that the ID occurs in an official-state log.,"No execution, QA, or scientific completion implied.",Locate producer run or explicitly archive as historical/log-only.,reverse trace from official log to producer evidence.,historical/unknown,2026-07-31T11:36:30+09:00,experiments/lab_001_xy_connection_20260626/decision_log.md,not_assessed
TOUR-C001,training_feature_selection,Historic official-log work ID; no matching direct result root identified in this cutoff.,unresolved; producer run/evidence must be located,log-provenance record only,,,unresolved_log_only,not inferred,no_result_root_or_qa_evidence_identified,unresolved,unresolved,unresolved,not_assessed,,experiments/lab_001_xy_connection_20260626/runlog.md:6715,not inferred from log mention,7f5d641e5b296cc97994e9788939e1b14d8dc57613f7677ac21a061cd01db5ba,Only that the ID occurs in an official-state log.,"No execution, QA, or scientific completion implied.",Locate producer run or explicitly archive as historical/log-only.,reverse trace from official log to producer evidence.,historical/unknown,2026-07-31T11:36:30+09:00,experiments/lab_001_xy_connection_20260626/runlog.md,not_assessed
TOUR-C001-DATASET-XRV1-T3,training_feature_selection,Historic official-log work ID; no matching direct result root identified in this cutoff.,unresolved; producer run/evidence must be located,log-provenance record only,,,unresolved_log_only,not inferred,no_result_root_or_qa_evidence_identified,unresolved,unresolved,unresolved,not_assessed,,outputs/URP4-1_ROADMAP_LOG.md:7683,not inferred from log mention,bd3c4fb6da9e2e13aae70329b6279201395209e11da9a1543f1a5cd73bb90f47,Only that the ID occurs in an official-state log.,"No execution, QA, or scientific completion implied.",Locate producer run or explicitly archive as historical/log-only.,reverse trace from official log to producer evidence.,historical/unknown,2026-07-31T11:36:30+09:00,outputs/URP4-1_ROADMAP_LOG.md,not_assessed
TOUR-C001-PD-001,training_feature_selection,Historic official-log work ID; no matching direct result root identified in this cutoff.,unresolved; producer run/evidence must be located,log-provenance record only,,,unresolved_log_only,not inferred,no_result_root_or_qa_evidence_identified,unresolved,unresolved,unresolved,not_assessed,,experiments/lab_001_xy_connection_20260626/runlog.md:6938,not inferred from log mention,7f5d641e5b296cc97994e9788939e1b14d8dc57613f7677ac21a061cd01db5ba,Only that the ID occurs in an official-state log.,"No execution, QA, or scientific completion implied.",Locate producer run or explicitly archive as historical/log-only.,reverse trace from official log to producer evidence.,historical/unknown,2026-07-31T11:36:30+09:00,experiments/lab_001_xy_connection_20260626/runlog.md,not_assessed
TOUR-C001-STAGING,training_feature_selection,Historic official-log work ID; no matching direct result root identified in this cutoff.,unresolved; producer run/evidence must be located,log-provenance record only,,,unresolved_log_only,not inferred,no_result_root_or_qa_evidence_identified,unresolved,unresolved,unresolved,not_assessed,,experiments/lab_001_xy_connection_20260626/runlog.md:6781,not inferred from log mention,7f5d641e5b296cc97994e9788939e1b14d8dc57613f7677ac21a061cd01db5ba,Only that the ID occurs in an official-state log.,"No execution, QA, or scientific completion implied.",Locate producer run or explicitly archive as historical/log-only.,reverse trace from official log to producer evidence.,historical/unknown,2026-07-31T11:36:30+09:00,experiments/lab_001_xy_connection_20260626/runlog.md,not_assessed
TOUR-C001-T3-001,training_feature_selection,Historic official-log work ID; no matching direct result root identified in this cutoff.,unresolved; producer run/evidence must be located,log-provenance record only,,,unresolved_log_only,not inferred,no_result_root_or_qa_evidence_identified,unresolved,unresolved,unresolved,not_assessed,,experiments/lab_001_xy_connection_20260626/decision_log.md:5767,not inferred from log mention,cd5900fcab1e0a5427cf1610eff053cd156f0e85bfc320f8e410802b9183ff87,Only that the ID occurs in an official-state log.,"No execution, QA, or scientific completion implied.",Locate producer run or explicitly archive as historical/log-only.,reverse trace from official log to producer evidence.,historical/unknown,2026-07-31T11:36:30+09:00,experiments/lab_001_xy_connection_20260626/decision_log.md,not_assessed
TOUR-C001-T3B,training_feature_selection,Historic official-log work ID; no matching direct result root identified in this cutoff.,unresolved; producer run/evidence must be located,log-provenance record only,,,unresolved_log_only,not inferred,no_result_root_or_qa_evidence_identified,unresolved,unresolved,unresolved,not_assessed,,experiments/lab_001_xy_connection_20260626/decision_log.md:5963,not inferred from log mention,cd5900fcab1e0a5427cf1610eff053cd156f0e85bfc320f8e410802b9183ff87,Only that the ID occurs in an official-state log.,"No execution, QA, or scientific completion implied.",Locate producer run or explicitly archive as historical/log-only.,reverse trace from official log to producer evidence.,historical/unknown,2026-07-31T11:36:30+09:00,experiments/lab_001_xy_connection_20260626/decision_log.md,not_assessed
TOUR-C001-T3C-GM-001,training_feature_selection,Historic official-log work ID; no matching direct result root identified in this cutoff.,unresolved; producer run/evidence must be located,log-provenance record only,,,unresolved_log_only,not inferred,no_result_root_or_qa_evidence_identified,unresolved,unresolved,unresolved,not_assessed,,experiments/lab_001_xy_connection_20260626/decision_log.md:5982,not inferred from log mention,cd5900fcab1e0a5427cf1610eff053cd156f0e85bfc320f8e410802b9183ff87,Only that the ID occurs in an official-state log.,"No execution, QA, or scientific completion implied.",Locate producer run or explicitly archive as historical/log-only.,reverse trace from official log to producer evidence.,historical/unknown,2026-07-31T11:36:30+09:00,experiments/lab_001_xy_connection_20260626/decision_log.md,not_assessed
TOUR-C001-T3D-GM-NESTED-001,training_feature_selection,Historic official-log work ID; no matching direct result root identified in this cutoff.,unresolved; producer run/evidence must be located,log-provenance record only,,,unresolved_log_only,not inferred,no_result_root_or_qa_evidence_identified,unresolved,unresolved,unresolved,not_assessed,,experiments/lab_001_xy_connection_20260626/decision_log.md:6000,not inferred from log mention,cd5900fcab1e0a5427cf1610eff053cd156f0e85bfc320f8e410802b9183ff87,Only that the ID occurs in an official-state log.,"No execution, QA, or scientific completion implied.",Locate producer run or explicitly archive as historical/log-only.,reverse trace from official log to producer evidence.,historical/unknown,2026-07-31T11:36:30+09:00,experiments/lab_001_xy_connection_20260626/decision_log.md,not_assessed
TOUR-C001-T3E-L-DOMAIN-ANGLE-001,training_feature_selection,Historic official-log work ID; no matching direct result root identified in this cutoff.,unresolved; producer run/evidence must be located,log-provenance record only,,,unresolved_log_only,not inferred,no_result_root_or_qa_evidence_identified,unresolved,unresolved,unresolved,not_assessed,,experiments/lab_001_xy_connection_20260626/decision_log.md:6020,not inferred from log mention,cd5900fcab1e0a5427cf1610eff053cd156f0e85bfc320f8e410802b9183ff87,Only that the ID occurs in an official-state log.,"No execution, QA, or scientific completion implied.",Locate producer run or explicitly archive as historical/log-only.,reverse trace from official log to producer evidence.,historical/unknown,2026-07-31T11:36:30+09:00,experiments/lab_001_xy_connection_20260626/decision_log.md,not_assessed
TOUR-C001-T3F,training_feature_selection,Historic official-log work ID; no matching direct result root identified in this cutoff.,unresolved; producer run/evidence must be located,log-provenance record only,,,unresolved_log_only,not inferred,no_result_root_or_qa_evidence_identified,unresolved,unresolved,unresolved,not_assessed,,AI_START_HERE.md:4873,not inferred from log mention,53ccc7bd56ab05cc78c512506904061f2486a31c808aea8dd59437bb0a983343,Only that the ID occurs in an official-state log.,"No execution, QA, or scientific completion implied.",Locate producer run or explicitly archive as historical/log-only.,reverse trace from official log to producer evidence.,historical/unknown,2026-07-31T11:36:30+09:00,AI_START_HERE.md,not_assessed
TOUR-C001-T3F-ARCH-001,training_feature_selection,Historic official-log work ID; no matching direct result root identified in this cutoff.,unresolved; producer run/evidence must be located,log-provenance record only,,,unresolved_log_only,not inferred,no_result_root_or_qa_evidence_identified,unresolved,unresolved,unresolved,not_assessed,,experiments/lab_001_xy_connection_20260626/decision_log.md:6036,not inferred from log mention,cd5900fcab1e0a5427cf1610eff053cd156f0e85bfc320f8e410802b9183ff87,Only that the ID occurs in an official-state log.,"No execution, QA, or scientific completion implied.",Locate producer run or explicitly archive as historical/log-only.,reverse trace from official log to producer evidence.,historical/unknown,2026-07-31T11:36:30+09:00,experiments/lab_001_xy_connection_20260626/decision_log.md,not_assessed
TOUR-C001-T3F-E1,training_feature_selection,Historic official-log work ID; no matching direct result root identified in this cutoff.,unresolved; producer run/evidence must be located,log-provenance record only,,,unresolved_log_only,not inferred,no_result_root_or_qa_evidence_identified,unresolved,unresolved,unresolved,not_assessed,,AI_START_HERE.md:4913,not inferred from log mention,53ccc7bd56ab05cc78c512506904061f2486a31c808aea8dd59437bb0a983343,Only that the ID occurs in an official-state log.,"No execution, QA, or scientific completion implied.",Locate producer run or explicitly archive as historical/log-only.,reverse trace from official log to producer evidence.,historical/unknown,2026-07-31T11:36:30+09:00,AI_START_HERE.md,not_assessed
TOUR-C001-T3F-E1-ARCH-001,training_feature_selection,Historic official-log work ID; no matching direct result root identified in this cutoff.,unresolved; producer run/evidence must be located,log-provenance record only,,,unresolved_log_only,not inferred,no_result_root_or_qa_evidence_identified,unresolved,unresolved,unresolved,not_assessed,,experiments/lab_001_xy_connection_20260626/decision_log.md:6050,not inferred from log mention,cd5900fcab1e0a5427cf1610eff053cd156f0e85bfc320f8e410802b9183ff87,Only that the ID occurs in an official-state log.,"No execution, QA, or scientific completion implied.",Locate producer run or explicitly archive as historical/log-only.,reverse trace from official log to producer evidence.,historical/unknown,2026-07-31T11:36:30+09:00,experiments/lab_001_xy_connection_20260626/decision_log.md,not_assessed
TOUR-C001-T3G,training_feature_selection,Historic official-log work ID; no matching direct result root identified in this cutoff.,unresolved; producer run/evidence must be located,log-provenance record only,,,unresolved_log_only,not inferred,no_result_root_or_qa_evidence_identified,unresolved,unresolved,unresolved,not_assessed,,AI_START_HERE.md:4950,not inferred from log mention,53ccc7bd56ab05cc78c512506904061f2486a31c808aea8dd59437bb0a983343,Only that the ID occurs in an official-state log.,"No execution, QA, or scientific completion implied.",Locate producer run or explicitly archive as historical/log-only.,reverse trace from official log to producer evidence.,historical/unknown,2026-07-31T11:36:30+09:00,AI_START_HERE.md,not_assessed
TOUR-C001-T3G-DECISION-001,training_feature_selection,Historic official-log work ID; no matching direct result root identified in this cutoff.,unresolved; producer run/evidence must be located,log-provenance record only,,,unresolved_log_only,not inferred,no_result_root_or_qa_evidence_identified,unresolved,unresolved,unresolved,not_assessed,,experiments/lab_001_xy_connection_20260626/decision_log.md:6065,not inferred from log mention,cd5900fcab1e0a5427cf1610eff053cd156f0e85bfc320f8e410802b9183ff87,Only that the ID occurs in an official-state log.,"No execution, QA, or scientific completion implied.",Locate producer run or explicitly archive as historical/log-only.,reverse trace from official log to producer evidence.,historical/unknown,2026-07-31T11:36:30+09:00,experiments/lab_001_xy_connection_20260626/decision_log.md,not_assessed
TOUR-C001-T3H,training_feature_selection,Historic official-log work ID; no matching direct result root identified in this cutoff.,unresolved; producer run/evidence must be located,log-provenance record only,,,unresolved_log_only,not inferred,no_result_root_or_qa_evidence_identified,unresolved,unresolved,unresolved,not_assessed,,AI_START_HERE.md:4984,not inferred from log mention,53ccc7bd56ab05cc78c512506904061f2486a31c808aea8dd59437bb0a983343,Only that the ID occurs in an official-state log.,"No execution, QA, or scientific completion implied.",Locate producer run or explicitly archive as historical/log-only.,reverse trace from official log to producer evidence.,historical/unknown,2026-07-31T11:36:30+09:00,AI_START_HERE.md,not_assessed
TOUR-C001-T3H-GX-PREREG-001,training_feature_selection,Historic official-log work ID; no matching direct result root identified in this cutoff.,unresolved; producer run/evidence must be located,log-provenance record only,,,unresolved_log_only,not inferred,no_result_root_or_qa_evidence_identified,unresolved,unresolved,unresolved,not_assessed,,experiments/lab_001_xy_connection_20260626/decision_log.md:6079,not inferred from log mention,cd5900fcab1e0a5427cf1610eff053cd156f0e85bfc320f8e410802b9183ff87,Only that the ID occurs in an official-state log.,"No execution, QA, or scientific completion implied.",Locate producer run or explicitly archive as historical/log-only.,reverse trace from official log to producer evidence.,historical/unknown,2026-07-31T11:36:30+09:00,experiments/lab_001_xy_connection_20260626/decision_log.md,not_assessed
TOUR-C001-T3H-GX-TARGET-TRANSFER-001,training_feature_selection,Historic official-log work ID; no matching direct result root identified in this cutoff.,unresolved; producer run/evidence must be located,log-provenance record only,,,unresolved_log_only,not inferred,no_result_root_or_qa_evidence_identified,unresolved,unresolved,unresolved,not_assessed,,experiments/lab_001_xy_connection_20260626/decision_log.md:6090,not inferred from log mention,cd5900fcab1e0a5427cf1610eff053cd156f0e85bfc320f8e410802b9183ff87,Only that the ID occurs in an official-state log.,"No execution, QA, or scientific completion implied.",Locate producer run or explicitly archive as historical/log-only.,reverse trace from official log to producer evidence.,historical/unknown,2026-07-31T11:36:30+09:00,experiments/lab_001_xy_connection_20260626/decision_log.md,not_assessed
TOUR-C001-T3I,training_feature_selection,Historic official-log work ID; no matching direct result root identified in this cutoff.,unresolved; producer run/evidence must be located,log-provenance record only,,,unresolved_log_only,not inferred,no_result_root_or_qa_evidence_identified,unresolved,unresolved,unresolved,not_assessed,,outputs/URP4-1_ROADMAP_LOG.md:8318,not inferred from log mention,bd3c4fb6da9e2e13aae70329b6279201395209e11da9a1543f1a5cd73bb90f47,Only that the ID occurs in an official-state log.,"No execution, QA, or scientific completion implied.",Locate producer run or explicitly archive as historical/log-only.,reverse trace from official log to producer evidence.,historical/unknown,2026-07-31T11:36:30+09:00,outputs/URP4-1_ROADMAP_LOG.md,not_assessed
TOUR-C001-T3I-REPRESENTATION-SOURCE-001,training_feature_selection,Historic official-log work ID; no matching direct result root identified in this cutoff.,unresolved; producer run/evidence must be located,log-provenance record only,,,unresolved_log_only,not inferred,no_result_root_or_qa_evidence_identified,unresolved,unresolved,unresolved,not_assessed,,experiments/lab_001_xy_connection_20260626/decision_log.md:6096,not inferred from log mention,cd5900fcab1e0a5427cf1610eff053cd156f0e85bfc320f8e410802b9183ff87,Only that the ID occurs in an official-state log.,"No execution, QA, or scientific completion implied.",Locate producer run or explicitly archive as historical/log-only.,reverse trace from official log to producer evidence.,historical/unknown,2026-07-31T11:36:30+09:00,experiments/lab_001_xy_connection_20260626/decision_log.md,not_assessed
TOUR-C001-T3J,training_feature_selection,Historic official-log work ID; no matching direct result root identified in this cutoff.,unresolved; producer run/evidence must be located,log-provenance record only,,,unresolved_log_only,not inferred,no_result_root_or_qa_evidence_identified,unresolved,unresolved,unresolved,not_assessed,,AI_START_HERE.md:5097,not inferred from log mention,53ccc7bd56ab05cc78c512506904061f2486a31c808aea8dd59437bb0a983343,Only that the ID occurs in an official-state log.,"No execution, QA, or scientific completion implied.",Locate producer run or explicitly archive as historical/log-only.,reverse trace from official log to producer evidence.,historical/unknown,2026-07-31T11:36:30+09:00,AI_START_HERE.md,not_assessed
TOUR-C001-T3J-GM-REPRESENTATION-PREREG-001,training_feature_selection,Historic official-log work ID; no matching direct result root identified in this cutoff.,unresolved; producer run/evidence must be located,log-provenance record only,,,unresolved_log_only,not inferred,no_result_root_or_qa_evidence_identified,unresolved,unresolved,unresolved,not_assessed,,experiments/lab_001_xy_connection_20260626/decision_log.md:6114,not inferred from log mention,cd5900fcab1e0a5427cf1610eff053cd156f0e85bfc320f8e410802b9183ff87,Only that the ID occurs in an official-state log.,"No execution, QA, or scientific completion implied.",Locate producer run or explicitly archive as historical/log-only.,reverse trace from official log to producer evidence.,historical/unknown,2026-07-31T11:36:30+09:00,experiments/lab_001_xy_connection_20260626/decision_log.md,not_assessed
TOUR-C001-T3J-GM-REPRESENTATION-REPLAY-001,training_feature_selection,Historic official-log work ID; no matching direct result root identified in this cutoff.,unresolved; producer run/evidence must be located,log-provenance record only,,,unresolved_log_only,not inferred,no_result_root_or_qa_evidence_identified,unresolved,unresolved,unresolved,not_assessed,,experiments/lab_001_xy_connection_20260626/decision_log.md:6120,not inferred from log mention,cd5900fcab1e0a5427cf1610eff053cd156f0e85bfc320f8e410802b9183ff87,Only that the ID occurs in an official-state log.,"No execution, QA, or scientific completion implied.",Locate producer run or explicitly archive as historical/log-only.,reverse trace from official log to producer evidence.,historical/unknown,2026-07-31T11:36:30+09:00,experiments/lab_001_xy_connection_20260626/decision_log.md,not_assessed
TOUR-C001-T3JX,training_feature_selection,Historic official-log work ID; no matching direct result root identified in this cutoff.,unresolved; producer run/evidence must be located,log-provenance record only,,,unresolved_log_only,not inferred,no_result_root_or_qa_evidence_identified,unresolved,unresolved,unresolved,not_assessed,,outputs/URP4-1_ROADMAP_LOG.md:8378,not inferred from log mention,bd3c4fb6da9e2e13aae70329b6279201395209e11da9a1543f1a5cd73bb90f47,Only that the ID occurs in an official-state log.,"No execution, QA, or scientific completion implied.",Locate producer run or explicitly archive as historical/log-only.,reverse trace from official log to producer evidence.,historical/unknown,2026-07-31T11:36:30+09:00,outputs/URP4-1_ROADMAP_LOG.md,not_assessed
TOUR-C001-T3K,training_feature_selection,Historic official-log work ID; no matching direct result root identified in this cutoff.,unresolved; producer run/evidence must be located,log-provenance record only,,,unresolved_log_only,not inferred,no_result_root_or_qa_evidence_identified,unresolved,unresolved,unresolved,not_assessed,,outputs/URP4-1_ROADMAP_LOG.md:8408,not inferred from log mention,bd3c4fb6da9e2e13aae70329b6279201395209e11da9a1543f1a5cd73bb90f47,Only that the ID occurs in an official-state log.,"No execution, QA, or scientific completion implied.",Locate producer run or explicitly archive as historical/log-only.,reverse trace from official log to producer evidence.,historical/unknown,2026-07-31T11:36:30+09:00,outputs/URP4-1_ROADMAP_LOG.md,not_assessed
TOUR-C001-T3K-ORDERING-GENERALIZATION-001,training_feature_selection,Historic official-log work ID; no matching direct result root identified in this cutoff.,unresolved; producer run/evidence must be located,log-provenance record only,,,unresolved_log_only,not inferred,no_result_root_or_qa_evidence_identified,unresolved,unresolved,unresolved,not_assessed,,experiments/lab_001_xy_connection_20260626/decision_log.md:6126,not inferred from log mention,cd5900fcab1e0a5427cf1610eff053cd156f0e85bfc320f8e410802b9183ff87,Only that the ID occurs in an official-state log.,"No execution, QA, or scientific completion implied.",Locate producer run or explicitly archive as historical/log-only.,reverse trace from official log to producer evidence.,historical/unknown,2026-07-31T11:36:30+09:00,experiments/lab_001_xy_connection_20260626/decision_log.md,not_assessed
TOUR-C001-T3L,training_feature_selection,Historic official-log work ID; no matching direct result root identified in this cutoff.,unresolved; producer run/evidence must be located,log-provenance record only,,,unresolved_log_only,not inferred,no_result_root_or_qa_evidence_identified,unresolved,unresolved,unresolved,not_assessed,,outputs/URP4-1_ROADMAP_LOG.md:8435,not inferred from log mention,bd3c4fb6da9e2e13aae70329b6279201395209e11da9a1543f1a5cd73bb90f47,Only that the ID occurs in an official-state log.,"No execution, QA, or scientific completion implied.",Locate producer run or explicitly archive as historical/log-only.,reverse trace from official log to producer evidence.,historical/unknown,2026-07-31T11:36:30+09:00,outputs/URP4-1_ROADMAP_LOG.md,not_assessed
TOUR-C001-T3L-L-SIGN-SOURCE-001,training_feature_selection,Historic official-log work ID; no matching direct result root identified in this cutoff.,unresolved; producer run/evidence must be located,log-provenance record only,,,unresolved_log_only,not inferred,no_result_root_or_qa_evidence_identified,unresolved,unresolved,unresolved,not_assessed,,experiments/lab_001_xy_connection_20260626/decision_log.md:6134,not inferred from log mention,cd5900fcab1e0a5427cf1610eff053cd156f0e85bfc320f8e410802b9183ff87,Only that the ID occurs in an official-state log.,"No execution, QA, or scientific completion implied.",Locate producer run or explicitly archive as historical/log-only.,reverse trace from official log to producer evidence.,historical/unknown,2026-07-31T11:36:30+09:00,experiments/lab_001_xy_connection_20260626/decision_log.md,not_assessed
TOUR-C001-T3M,training_feature_selection,Historic official-log work ID; no matching direct result root identified in this cutoff.,unresolved; producer run/evidence must be located,log-provenance record only,,,unresolved_log_only,not inferred,no_result_root_or_qa_evidence_identified,unresolved,unresolved,unresolved,not_assessed,,outputs/URP4-1_ROADMAP_LOG.md:8463,not inferred from log mention,bd3c4fb6da9e2e13aae70329b6279201395209e11da9a1543f1a5cd73bb90f47,Only that the ID occurs in an official-state log.,"No execution, QA, or scientific completion implied.",Locate producer run or explicitly archive as historical/log-only.,reverse trace from official log to producer evidence.,historical/unknown,2026-07-31T11:36:30+09:00,outputs/URP4-1_ROADMAP_LOG.md,not_assessed
TOUR-C001-T3M-DOMAIN-CONDITIONAL-PREREG-001,training_feature_selection,Historic official-log work ID; no matching direct result root identified in this cutoff.,unresolved; producer run/evidence must be located,log-provenance record only,,,unresolved_log_only,not inferred,no_result_root_or_qa_evidence_identified,unresolved,unresolved,unresolved,not_assessed,,experiments/lab_001_xy_connection_20260626/decision_log.md:6142,not inferred from log mention,cd5900fcab1e0a5427cf1610eff053cd156f0e85bfc320f8e410802b9183ff87,Only that the ID occurs in an official-state log.,"No execution, QA, or scientific completion implied.",Locate producer run or explicitly archive as historical/log-only.,reverse trace from official log to producer evidence.,historical/unknown,2026-07-31T11:36:30+09:00,experiments/lab_001_xy_connection_20260626/decision_log.md,not_assessed
TOUR-C001-T3M-LANE-K-EXEC-001,training_feature_selection,Historic official-log work ID; no matching direct result root identified in this cutoff.,unresolved; producer run/evidence must be located,log-provenance record only,,,unresolved_log_only,not inferred,no_result_root_or_qa_evidence_identified,unresolved,unresolved,unresolved,not_assessed,,experiments/lab_001_xy_connection_20260626/decision_log.md:6150,not inferred from log mention,cd5900fcab1e0a5427cf1610eff053cd156f0e85bfc320f8e410802b9183ff87,Only that the ID occurs in an official-state log.,"No execution, QA, or scientific completion implied.",Locate producer run or explicitly archive as historical/log-only.,reverse trace from official log to producer evidence.,historical/unknown,2026-07-31T11:36:30+09:00,experiments/lab_001_xy_connection_20260626/decision_log.md,not_assessed
TOUR-C001-T3MK,training_feature_selection,Historic official-log work ID; no matching direct result root identified in this cutoff.,unresolved; producer run/evidence must be located,log-provenance record only,,,unresolved_log_only,not inferred,no_result_root_or_qa_evidence_identified,unresolved,unresolved,unresolved,not_assessed,,outputs/URP4-1_ROADMAP_LOG.md:8491,not inferred from log mention,bd3c4fb6da9e2e13aae70329b6279201395209e11da9a1543f1a5cd73bb90f47,Only that the ID occurs in an official-state log.,"No execution, QA, or scientific completion implied.",Locate producer run or explicitly archive as historical/log-only.,reverse trace from official log to producer evidence.,historical/unknown,2026-07-31T11:36:30+09:00,outputs/URP4-1_ROADMAP_LOG.md,not_assessed
TOUR-C001-T3N,training_feature_selection,Historic official-log work ID; no matching direct result root identified in this cutoff.,unresolved; producer run/evidence must be located,log-provenance record only,,,unresolved_log_only,not inferred,no_result_root_or_qa_evidence_identified,unresolved,unresolved,unresolved,not_assessed,,outputs/URP4-1_ROADMAP_LOG.md:8518,not inferred from log mention,bd3c4fb6da9e2e13aae70329b6279201395209e11da9a1543f1a5cd73bb90f47,Only that the ID occurs in an official-state log.,"No execution, QA, or scientific completion implied.",Locate producer run or explicitly archive as historical/log-only.,reverse trace from official log to producer evidence.,historical/unknown,2026-07-31T11:36:30+09:00,outputs/URP4-1_ROADMAP_LOG.md,not_assessed
TOUR-C001-T3N-LANE-K-INSTABILITY-001,training_feature_selection,Historic official-log work ID; no matching direct result root identified in this cutoff.,unresolved; producer run/evidence must be located,log-provenance record only,,,unresolved_log_only,not inferred,no_result_root_or_qa_evidence_identified,unresolved,unresolved,unresolved,not_assessed,,AI_START_HERE.md:305,not inferred from log mention,53ccc7bd56ab05cc78c512506904061f2486a31c808aea8dd59437bb0a983343,Only that the ID occurs in an official-state log.,"No execution, QA, or scientific completion implied.",Locate producer run or explicitly archive as historical/log-only.,reverse trace from official log to producer evidence.,historical/unknown,2026-07-31T11:36:30+09:00,AI_START_HERE.md,not_assessed
TOUR-C001-T3O,training_feature_selection,Historic official-log work ID; no matching direct result root identified in this cutoff.,unresolved; producer run/evidence must be located,log-provenance record only,,,unresolved_log_only,not inferred,no_result_root_or_qa_evidence_identified,unresolved,unresolved,unresolved,not_assessed,,outputs/URP4-1_ROADMAP_LOG.md:8575,not inferred from log mention,bd3c4fb6da9e2e13aae70329b6279201395209e11da9a1543f1a5cd73bb90f47,Only that the ID occurs in an official-state log.,"No execution, QA, or scientific completion implied.",Locate producer run or explicitly archive as historical/log-only.,reverse trace from official log to producer evidence.,historical/unknown,2026-07-31T11:36:30+09:00,outputs/URP4-1_ROADMAP_LOG.md,not_assessed
TOUR-C001-T3P,training_feature_selection,Historic official-log work ID; no matching direct result root identified in this cutoff.,unresolved; producer run/evidence must be located,log-provenance record only,,,unresolved_log_only,not inferred,no_result_root_or_qa_evidence_identified,unresolved,unresolved,unresolved,not_assessed,,outputs/URP4-1_ROADMAP_LOG.md:8600,not inferred from log mention,bd3c4fb6da9e2e13aae70329b6279201395209e11da9a1543f1a5cd73bb90f47,Only that the ID occurs in an official-state log.,"No execution, QA, or scientific completion implied.",Locate producer run or explicitly archive as historical/log-only.,reverse trace from official log to producer evidence.,historical/unknown,2026-07-31T11:36:30+09:00,outputs/URP4-1_ROADMAP_LOG.md,not_assessed
TOUR-C001-T3P-EXEC,training_feature_selection,Historic official-log work ID; no matching direct result root identified in this cutoff.,unresolved; producer run/evidence must be located,log-provenance record only,,,unresolved_log_only,not inferred,no_result_root_or_qa_evidence_identified,unresolved,unresolved,unresolved,not_assessed,,outputs/URP4-1_ROADMAP_LOG.md:8625,not inferred from log mention,bd3c4fb6da9e2e13aae70329b6279201395209e11da9a1543f1a5cd73bb90f47,Only that the ID occurs in an official-state log.,"No execution, QA, or scientific completion implied.",Locate producer run or explicitly archive as historical/log-only.,reverse trace from official log to producer evidence.,historical/unknown,2026-07-31T11:36:30+09:00,outputs/URP4-1_ROADMAP_LOG.md,not_assessed
TOUR-C001-T3P-MESH-NATIVE-GROUPED-EXEC-001,training_feature_selection,Historic official-log work ID; no matching direct result root identified in this cutoff.,unresolved; producer run/evidence must be located,log-provenance record only,,,unresolved_log_only,not inferred,no_result_root_or_qa_evidence_identified,unresolved,unresolved,unresolved,not_assessed,,experiments/lab_001_xy_connection_20260626/decision_log.md:6188,not inferred from log mention,cd5900fcab1e0a5427cf1610eff053cd156f0e85bfc320f8e410802b9183ff87,Only that the ID occurs in an official-state log.,"No execution, QA, or scientific completion implied.",Locate producer run or explicitly archive as historical/log-only.,reverse trace from official log to producer evidence.,historical/unknown,2026-07-31T11:36:30+09:00,experiments/lab_001_xy_connection_20260626/decision_log.md,not_assessed
TOUR-C001-T3Q,training_feature_selection,Historic official-log work ID; no matching direct result root identified in this cutoff.,unresolved; producer run/evidence must be located,log-provenance record only,,,unresolved_log_only,not inferred,no_result_root_or_qa_evidence_identified,unresolved,unresolved,unresolved,not_assessed,,outputs/URP4-1_ROADMAP_LOG.md:8655,not inferred from log mention,bd3c4fb6da9e2e13aae70329b6279201395209e11da9a1543f1a5cd73bb90f47,Only that the ID occurs in an official-state log.,"No execution, QA, or scientific completion implied.",Locate producer run or explicitly archive as historical/log-only.,reverse trace from official log to producer evidence.,historical/unknown,2026-07-31T11:36:30+09:00,outputs/URP4-1_ROADMAP_LOG.md,not_assessed
TOUR-C001-T3R,training_feature_selection,Historic official-log work ID; no matching direct result root identified in this cutoff.,unresolved; producer run/evidence must be located,log-provenance record only,,,unresolved_log_only,not inferred,no_result_root_or_qa_evidence_identified,unresolved,unresolved,unresolved,not_assessed,,outputs/URP4-1_ROADMAP_LOG.md:8687,not inferred from log mention,bd3c4fb6da9e2e13aae70329b6279201395209e11da9a1543f1a5cd73bb90f47,Only that the ID occurs in an official-state log.,"No execution, QA, or scientific completion implied.",Locate producer run or explicitly archive as historical/log-only.,reverse trace from official log to producer evidence.,historical/unknown,2026-07-31T11:36:30+09:00,outputs/URP4-1_ROADMAP_LOG.md,not_assessed
TOUR-C001-T4-GM-001,training_feature_selection,Historic official-log work ID; no matching direct result root identified in this cutoff.,unresolved; producer run/evidence must be located,log-provenance record only,,,unresolved_log_only,not inferred,no_result_root_or_qa_evidence_identified,unresolved,unresolved,unresolved,not_assessed,,experiments/lab_001_xy_connection_20260626/decision_log.md:5800,not inferred from log mention,cd5900fcab1e0a5427cf1610eff053cd156f0e85bfc320f8e410802b9183ff87,Only that the ID occurs in an official-state log.,"No execution, QA, or scientific completion implied.",Locate producer run or explicitly archive as historical/log-only.,reverse trace from official log to producer evidence.,historical/unknown,2026-07-31T11:36:30+09:00,experiments/lab_001_xy_connection_20260626/decision_log.md,not_assessed
TOUR-C001-T4-GM-002,training_feature_selection,Historic official-log work ID; no matching direct result root identified in this cutoff.,unresolved; producer run/evidence must be located,log-provenance record only,,,unresolved_log_only,not inferred,no_result_root_or_qa_evidence_identified,unresolved,unresolved,unresolved,not_assessed,,experiments/lab_001_xy_connection_20260626/decision_log.md:5821,not inferred from log mention,cd5900fcab1e0a5427cf1610eff053cd156f0e85bfc320f8e410802b9183ff87,Only that the ID occurs in an official-state log.,"No execution, QA, or scientific completion implied.",Locate producer run or explicitly archive as historical/log-only.,reverse trace from official log to producer evidence.,historical/unknown,2026-07-31T11:36:30+09:00,experiments/lab_001_xy_connection_20260626/decision_log.md,not_assessed
TOUR-C001-T4-GM-003,training_feature_selection,Historic official-log work ID; no matching direct result root identified in this cutoff.,unresolved; producer run/evidence must be located,log-provenance record only,,,unresolved_log_only,not inferred,no_result_root_or_qa_evidence_identified,unresolved,unresolved,unresolved,not_assessed,,experiments/lab_001_xy_connection_20260626/runlog.md:6979,not inferred from log mention,7f5d641e5b296cc97994e9788939e1b14d8dc57613f7677ac21a061cd01db5ba,Only that the ID occurs in an official-state log.,"No execution, QA, or scientific completion implied.",Locate producer run or explicitly archive as historical/log-only.,reverse trace from official log to producer evidence.,historical/unknown,2026-07-31T11:36:30+09:00,experiments/lab_001_xy_connection_20260626/runlog.md,not_assessed
TOUR-C001-T4-GM-FAILURE-ANATOMY,training_feature_selection,Historic official-log work ID; no matching direct result root identified in this cutoff.,unresolved; producer run/evidence must be located,log-provenance record only,,,unresolved_log_only,not inferred,no_result_root_or_qa_evidence_identified,unresolved,unresolved,unresolved,not_assessed,,outputs/URP4-1_ROADMAP_LOG.md:7810,not inferred from log mention,bd3c4fb6da9e2e13aae70329b6279201395209e11da9a1543f1a5cd73bb90f47,Only that the ID occurs in an official-state log.,"No execution, QA, or scientific completion implied.",Locate producer run or explicitly archive as historical/log-only.,reverse trace from official log to producer evidence.,historical/unknown,2026-07-31T11:36:30+09:00,outputs/URP4-1_ROADMAP_LOG.md,not_assessed
TOUR-C001-T4-GM-PREREG,training_feature_selection,Historic official-log work ID; no matching direct result root identified in this cutoff.,unresolved; producer run/evidence must be located,log-provenance record only,,,unresolved_log_only,not inferred,no_result_root_or_qa_evidence_identified,unresolved,unresolved,unresolved,not_assessed,,outputs/URP4-1_ROADMAP_LOG.md:7744,not inferred from log mention,bd3c4fb6da9e2e13aae70329b6279201395209e11da9a1543f1a5cd73bb90f47,Only that the ID occurs in an official-state log.,"No execution, QA, or scientific completion implied.",Locate producer run or explicitly archive as historical/log-only.,reverse trace from official log to producer evidence.,historical/unknown,2026-07-31T11:36:30+09:00,outputs/URP4-1_ROADMAP_LOG.md,not_assessed
TOUR-C001-T4-GM-REPLAY,training_feature_selection,Historic official-log work ID; no matching direct result root identified in this cutoff.,unresolved; producer run/evidence must be located,log-provenance record only,,,unresolved_log_only,not inferred,no_result_root_or_qa_evidence_identified,unresolved,unresolved,unresolved,not_assessed,,outputs/URP4-1_ROADMAP_LOG.md:7770,not inferred from log mention,bd3c4fb6da9e2e13aae70329b6279201395209e11da9a1543f1a5cd73bb90f47,Only that the ID occurs in an official-state log.,"No execution, QA, or scientific completion implied.",Locate producer run or explicitly archive as historical/log-only.,reverse trace from official log to producer evidence.,historical/unknown,2026-07-31T11:36:30+09:00,outputs/URP4-1_ROADMAP_LOG.md,not_assessed
TOUR-C001-T4R-001,training_feature_selection,Historic official-log work ID; no matching direct result root identified in this cutoff.,unresolved; producer run/evidence must be located,log-provenance record only,,,unresolved_log_only,not inferred,no_result_root_or_qa_evidence_identified,unresolved,unresolved,unresolved,not_assessed,,experiments/lab_001_xy_connection_20260626/runlog.md:6988,not inferred from log mention,7f5d641e5b296cc97994e9788939e1b14d8dc57613f7677ac21a061cd01db5ba,Only that the ID occurs in an official-state log.,"No execution, QA, or scientific completion implied.",Locate producer run or explicitly archive as historical/log-only.,reverse trace from official log to producer evidence.,historical/unknown,2026-07-31T11:36:30+09:00,experiments/lab_001_xy_connection_20260626/runlog.md,not_assessed
TOUR-C001-T4R-SLICE-001,training_feature_selection,Historic official-log work ID; no matching direct result root identified in this cutoff.,unresolved; producer run/evidence must be located,log-provenance record only,,,unresolved_log_only,not inferred,no_result_root_or_qa_evidence_identified,unresolved,unresolved,unresolved,not_assessed,,experiments/lab_001_xy_connection_20260626/decision_log.md:5885,not inferred from log mention,cd5900fcab1e0a5427cf1610eff053cd156f0e85bfc320f8e410802b9183ff87,Only that the ID occurs in an official-state log.,"No execution, QA, or scientific completion implied.",Locate producer run or explicitly archive as historical/log-only.,reverse trace from official log to producer evidence.,historical/unknown,2026-07-31T11:36:30+09:00,experiments/lab_001_xy_connection_20260626/decision_log.md,not_assessed
TOUR-C001-T4R-SLICE-002,training_feature_selection,Historic official-log work ID; no matching direct result root identified in this cutoff.,unresolved; producer run/evidence must be located,log-provenance record only,,,unresolved_log_only,not inferred,no_result_root_or_qa_evidence_identified,unresolved,unresolved,unresolved,not_assessed,,experiments/lab_001_xy_connection_20260626/decision_log.md:5907,not inferred from log mention,cd5900fcab1e0a5427cf1610eff053cd156f0e85bfc320f8e410802b9183ff87,Only that the ID occurs in an official-state log.,"No execution, QA, or scientific completion implied.",Locate producer run or explicitly archive as historical/log-only.,reverse trace from official log to producer evidence.,historical/unknown,2026-07-31T11:36:30+09:00,experiments/lab_001_xy_connection_20260626/decision_log.md,not_assessed
TOUR-C001-T4R-SLICE-003A,training_feature_selection,Historic official-log work ID; no matching direct result root identified in this cutoff.,unresolved; producer run/evidence must be located,log-provenance record only,,,unresolved_log_only,not inferred,no_result_root_or_qa_evidence_identified,unresolved,unresolved,unresolved,not_assessed,,experiments/lab_001_xy_connection_20260626/decision_log.md:5929,not inferred from log mention,cd5900fcab1e0a5427cf1610eff053cd156f0e85bfc320f8e410802b9183ff87,Only that the ID occurs in an official-state log.,"No execution, QA, or scientific completion implied.",Locate producer run or explicitly archive as historical/log-only.,reverse trace from official log to producer evidence.,historical/unknown,2026-07-31T11:36:30+09:00,experiments/lab_001_xy_connection_20260626/decision_log.md,not_assessed
TOUR-C001-T4R-SLICE-004,training_feature_selection,Historic official-log work ID; no matching direct result root identified in this cutoff.,unresolved; producer run/evidence must be located,log-provenance record only,,,unresolved_log_only,not inferred,no_result_root_or_qa_evidence_identified,unresolved,unresolved,unresolved,not_assessed,,experiments/lab_001_xy_connection_20260626/decision_log.md:5945,not inferred from log mention,cd5900fcab1e0a5427cf1610eff053cd156f0e85bfc320f8e410802b9183ff87,Only that the ID occurs in an official-state log.,"No execution, QA, or scientific completion implied.",Locate producer run or explicitly archive as historical/log-only.,reverse trace from official log to producer evidence.,historical/unknown,2026-07-31T11:36:30+09:00,experiments/lab_001_xy_connection_20260626/decision_log.md,not_assessed
TRAIN-004,training_feature_selection,Historic official-log work ID; no matching direct result root identified in this cutoff.,unresolved; producer run/evidence must be located,log-provenance record only,,,unresolved_log_only,not inferred,no_result_root_or_qa_evidence_identified,unresolved,unresolved,unresolved,not_assessed,,experiments/lab_001_xy_connection_20260626/runlog.md:6539,not inferred from log mention,7f5d641e5b296cc97994e9788939e1b14d8dc57613f7677ac21a061cd01db5ba,Only that the ID occurs in an official-state log.,"No execution, QA, or scientific completion implied.",Locate producer run or explicitly archive as historical/log-only.,reverse trace from official log to producer evidence.,historical/unknown,2026-07-31T11:36:30+09:00,experiments/lab_001_xy_connection_20260626/runlog.md,not_assessed
TRAIN-007,training_feature_selection,Historic official-log work ID; no matching direct result root identified in this cutoff.,unresolved; producer run/evidence must be located,log-provenance record only,,,unresolved_log_only,not inferred,no_result_root_or_qa_evidence_identified,unresolved,unresolved,unresolved,not_assessed,,experiments/lab_001_xy_connection_20260626/runlog.md:6548,not inferred from log mention,7f5d641e5b296cc97994e9788939e1b14d8dc57613f7677ac21a061cd01db5ba,Only that the ID occurs in an official-state log.,"No execution, QA, or scientific completion implied.",Locate producer run or explicitly archive as historical/log-only.,reverse trace from official log to producer evidence.,historical/unknown,2026-07-31T11:36:30+09:00,experiments/lab_001_xy_connection_20260626/runlog.md,not_assessed
POSTRUN-GATE-001,global_reconciliation,Lifecycle-aware adjudication of C1 completion and TRAIN-REPLAY gaps,S5 independent QA → S6 bounded decision,Read-only post-run evidence review; no rerun,POSTRUN-GATE-001-20260801-001,,completed_with_evidence,No research calculation,C1_9_of_9_PASS; Training_QA015_remains_failed; QA018_corrected,confirmed_bounded_status_adjudication,not_applicable,evidence_replay_only,evidence_ready,,experiments/lab_001_xy_connection_20260626/results/POSTRUN-GATE-001/POSTRUN-GATE-001-20260801-001/REPORT.md; experiments/lab_001_xy_connection_20260626/results/POSTRUN-GATE-001/POSTRUN-GATE-001-20260801-001/MERGE_PACKET.md,,8628e65c8d688bc52ac8f7fabc7396e756c5a5d4dbb1f38ae4982aa2f71af334,C1 is terminal and QA-passed; one Training replay is accepted with an explicit 13/16 final-refit gap.,Does not establish numerical adapter parity or complete Training production readiness.,Training exact numerical parity blocked in later controlled execution.,Submission close with blocker preserved.,research control tower,2026-08-01T13:27:44+09:00,experiments/lab_001_xy_connection_20260626/results/POSTRUN-GATE-001/POSTRUN-GATE-001-20260801-001/REPORT.md,evidence_ready
TRAIN-AUDIT-001,training_feature_selection,Read-only audit of nine professor Training notebooks,S0-S1 source/contract audit,,TRAIN-AUDIT-001-20260731-001,,completed_9_of_9_source_audit,No model fit,evidence_packet_present,confirmed_source_inventory_only,not_integrated,not_applicable,evidence_ready,,experiments/lab_001_xy_connection_20260626/results/TRAIN-AUDIT-001/TRAIN-AUDIT-001-20260731-001/REPORT.md; experiments/lab_001_xy_connection_20260626/results/TRAIN-AUDIT-001/TRAIN-AUDIT-001-20260731-001/MERGE_PACKET.md,,f8a025a2ff3eef24eeda18a72180f0c0cc71893e82bfeb3acada44f15454ee08,Nine source notebooks were inventoried and contract-audited.,"Audit is not replay, model comparison, or method selection.",Eight notebooks were not replayed.,Closed for this submission.,research control tower,2026-08-01T13:27:44+09:00,experiments/lab_001_xy_connection_20260626/results/TRAIN-AUDIT-001/TRAIN-AUDIT-001-20260731-001/REPORT.md,evidence_ready
TRAIN-REPLAY-001,training_feature_selection,Clean KMK312 replay of TRAIN-2ND-NEWFEATURE,S4 replay → S5 QA → bounded S6 adjudication,,TRAIN-REPLAY-001-20260731-001,,one_of_nine_replayed,16/16 outer-CV targets; 13/16 final refits,original_16_of_18_with_QA015_gap; lifecycle_QA018_corrected,completed_with_declared_refit_gap,not_integrated_into_HQ_production,source/input/code identity confirmed,closed_for_submission_as_blocked_with_evidence,experiments/lab_001_xy_connection_20260626/data/raw/professor_training_20260709,experiments/lab_001_xy_connection_20260626/results/TRAIN-REPLAY-001/TRAIN-REPLAY-001-20260731-001/REPORT.md; experiments/lab_001_xy_connection_20260626/results/TRAIN-REPLAY-001/TRAIN-REPLAY-001-20260731-001/MERGE_PACKET.md; experiments/lab_001_xy_connection_20260626/results/TRAIN-REPLAY-001/TRAIN-REPLAY-001-20260731-001/independent_qa.json,canonical KMK312; clean kernel; declared path-only compatibility delta,b64ed97cbe64c6f0e0da89b6d8fe9af83f2ec90719f7891d1d8628282ff0ab90,TRAIN-2ND-NEWFEATURE replayed 11/11 code cells and 16/16 outer targets; final refit is 13/16.,Not all nine notebooks; no exact historical numerical parity or best-method claim.,GC/HE/HK canonical holds and source-order nondeterminism/refit gap.,No retry in submission close.,research control tower,2026-08-01T13:27:44+09:00,experiments/lab_001_xy_connection_20260626/results/TRAIN-REPLAY-001/TRAIN-REPLAY-001-20260731-001/REPORT.md,closed_for_submission_as_blocked_with_evidence
TRAIN-PARITY-001,training_feature_selection,Controlled source↔adapter parity lane: TRAIN-PARITY-001,S1-S6 controlled parity lane,,TRAIN-PARITY-001-20260801-001,,preregistration_completed,No broad training; authorized sentinel only where applicable,contract_evidence_present,technical_contract_confirmed,not_integrated_into_HQ_production,protected_assets_unchanged,closed_for_submission_as_blocked_with_evidence,,experiments/lab_001_xy_connection_20260626/results/TRAIN-PARITY-001/TRAIN-PARITY-001-20260801-001/REPORT.md; experiments/lab_001_xy_connection_20260626/results/TRAIN-PARITY-001/TRAIN-PARITY-001-20260801-001/MERGE_PACKET.md,,3da824020eecc3fcb9326c90ac8705045b84c465a78b6f84023055be69780077,No fit; source/adapter parity contract frozen.,"No best method, production Training, universal replay, or inverse-design claim.",Depends on later controlled execution; no promotion.,Closed for submission; future diagnostic requires new authorization.,research control tower,2026-08-01T13:27:44+09:00,experiments/lab_001_xy_connection_20260626/results/TRAIN-PARITY-001/TRAIN-PARITY-001-20260801-001/REPORT.md,closed_for_submission_as_blocked_with_evidence
TRAIN-PARITY-002,training_feature_selection,Controlled source↔adapter parity lane: TRAIN-PARITY-002,S1-S6 controlled parity lane,,TRAIN-PARITY-002-20260801-001,,no_fit_implementation_completed,No broad training; authorized sentinel only where applicable,independent_QA_PASS,technical_contract_confirmed,not_integrated_into_HQ_production,protected_assets_unchanged,closed_for_submission_as_blocked_with_evidence,,experiments/lab_001_xy_connection_20260626/results/TRAIN-PARITY-002/TRAIN-PARITY-002-20260801-001/REPORT.md; experiments/lab_001_xy_connection_20260626/results/TRAIN-PARITY-002/TRAIN-PARITY-002-20260801-001/MERGE_PACKET.md; experiments/lab_001_xy_connection_20260626/results/TRAIN-PARITY-002/TRAIN-PARITY-002-20260801-001/INDEPENDENT_QA.json,,8c43dfb2e4c125c362c8a6e569e40579c61557ca97a40f9c045e3b63b31142fb,Dataset/group/fold and ledger implementation created without fit.,"No best method, production Training, universal replay, or inverse-design claim.",Depends on later controlled execution; no promotion.,Closed for submission; future diagnostic requires new authorization.,research control tower,2026-08-01T13:27:44+09:00,experiments/lab_001_xy_connection_20260626/results/TRAIN-PARITY-002/TRAIN-PARITY-002-20260801-001/REPORT.md,closed_for_submission_as_blocked_with_evidence
TRAIN-PARITY-002A,training_feature_selection,Controlled source↔adapter parity lane: TRAIN-PARITY-002A,S1-S6 controlled parity lane,,TRAIN-PARITY-002A-20260801-001,,ten_of_ten_branches_implemented_no_fit,No broad training; authorized sentinel only where applicable,independent_QA_PASS,technical_contract_confirmed,not_integrated_into_HQ_production,protected_assets_unchanged,closed_for_submission_as_blocked_with_evidence,,experiments/lab_001_xy_connection_20260626/results/TRAIN-PARITY-002A/TRAIN-PARITY-002A-20260801-001/REPORT.md; experiments/lab_001_xy_connection_20260626/results/TRAIN-PARITY-002A/TRAIN-PARITY-002A-20260801-001/MERGE_PACKET.md; experiments/lab_001_xy_connection_20260626/results/TRAIN-PARITY-002A/TRAIN-PARITY-002A-20260801-001/INDEPENDENT_QA.json,,2273f23c72009eb69050e0f0effabd1cdfdad3f49fdf73a73a45e93aeea6c582,Exact numerical branch shapes implemented under no-fit QA.,"No best method, production Training, universal replay, or inverse-design claim.",Depends on later controlled execution; no promotion.,Closed for submission; future diagnostic requires new authorization.,research control tower,2026-08-01T13:27:44+09:00,experiments/lab_001_xy_connection_20260626/results/TRAIN-PARITY-002A/TRAIN-PARITY-002A-20260801-001/REPORT.md,closed_for_submission_as_blocked_with_evidence
TRAIN-PARITY-003,training_feature_selection,Controlled source↔adapter parity lane: TRAIN-PARITY-003,S1-S6 controlled parity lane,,TRAIN-PARITY-003-20260801-001,,sentinel_preregistration_completed,No broad training; authorized sentinel only where applicable,independent_QA_PASS,technical_contract_confirmed,not_integrated_into_HQ_production,protected_assets_unchanged,closed_for_submission_as_blocked_with_evidence,,experiments/lab_001_xy_connection_20260626/results/TRAIN-PARITY-003/TRAIN-PARITY-003-20260801-001/REPORT.md; experiments/lab_001_xy_connection_20260626/results/TRAIN-PARITY-003/TRAIN-PARITY-003-20260801-001/MERGE_PACKET.md; experiments/lab_001_xy_connection_20260626/results/TRAIN-PARITY-003/TRAIN-PARITY-003-20260801-001/PREREGISTRATION_QA.json,,7dfac375559eb2ee28b661c1803225ede3e5bed4a88478f5399251e31f69e112,HI repeat 0 sentinel contract preregistered.,"No best method, production Training, universal replay, or inverse-design claim.",Depends on later controlled execution; no promotion.,Closed for submission; future diagnostic requires new authorization.,research control tower,2026-08-01T13:27:44+09:00,experiments/lab_001_xy_connection_20260626/results/TRAIN-PARITY-003/TRAIN-PARITY-003-20260801-001/REPORT.md,closed_for_submission_as_blocked_with_evidence
TRAIN-PARITY-003A,training_feature_selection,Controlled source↔adapter parity lane: TRAIN-PARITY-003A,S1-S6 controlled parity lane,,TRAIN-PARITY-003A-20260801-001,,adapter_v0_1_1_and_crosswalk_completed,No broad training; authorized sentinel only where applicable,independent_QA_PASS,technical_contract_confirmed,not_integrated_into_HQ_production,protected_assets_unchanged,closed_for_submission_as_blocked_with_evidence,,experiments/lab_001_xy_connection_20260626/results/TRAIN-PARITY-003A/TRAIN-PARITY-003A-20260801-001/REPORT.md; experiments/lab_001_xy_connection_20260626/results/TRAIN-PARITY-003A/TRAIN-PARITY-003A-20260801-001/MERGE_PACKET.md; experiments/lab_001_xy_connection_20260626/results/TRAIN-PARITY-003A/TRAIN-PARITY-003A-20260801-001/INDEPENDENT_QA.json,,70806f4b7f0f6d6470a2998043a5b15b3c8d6e9f18507feccbba45ead9732057,Target crosswalk 16/16 and adapter branch QA completed.,"No best method, production Training, universal replay, or inverse-design claim.",Depends on later controlled execution; no promotion.,Closed for submission; future diagnostic requires new authorization.,research control tower,2026-08-01T13:27:44+09:00,experiments/lab_001_xy_connection_20260626/results/TRAIN-PARITY-003A/TRAIN-PARITY-003A-20260801-001/REPORT.md,closed_for_submission_as_blocked_with_evidence
TRAIN-PARITY-004,training_feature_selection,Controlled source↔adapter parity lane: TRAIN-PARITY-004,S1-S6 controlled parity lane,,TRAIN-PARITY-004-20260801-001,,blocked_by_source_runtime,No broad training; authorized sentinel only where applicable,independent_QA_PASS,blocked_with_evidence,not_integrated_into_HQ_production,protected_assets_unchanged,closed_for_submission_as_blocked_with_evidence,,experiments/lab_001_xy_connection_20260626/results/TRAIN-PARITY-004/TRAIN-PARITY-004-20260801-001/REPORT.md; experiments/lab_001_xy_connection_20260626/results/TRAIN-PARITY-004/TRAIN-PARITY-004-20260801-001/MERGE_PACKET.md; experiments/lab_001_xy_connection_20260626/results/TRAIN-PARITY-004/TRAIN-PARITY-004-20260801-001/INDEPENDENT_QA.json,,3e3fdefb97105e06312717b5c20b0927b9fafef90289a09ee164b6530fb2313b,Native source crashed before first branch checkpoint; no numerical comparison.,"No best method, production Training, universal replay, or inverse-design claim.",Native crash 0xC06D007F at KERNELBASE.dll; parity comparison has zero rows.,Closed for submission; future diagnostic requires new authorization.,research control tower,2026-08-01T13:27:44+09:00,experiments/lab_001_xy_connection_20260626/results/TRAIN-PARITY-004/TRAIN-PARITY-004-20260801-001/REPORT.md,closed_for_submission_as_blocked_with_evidence
COMP-FACTORY-001,compression_pilot,AI Lattice compression data intake and exact x-y join,S3 intake pilot,,COMP-FACTORY-001-AI-LATTICE-20260731-142459,,completed_with_evidence,149 exact joins; AI092 x-only missing target; 16 finite targets; 45 x columns,independent_QA_22_of_22_PASS,technical_intake_confirmed,not_integrated,source/hash/row identity verified,evidence_ready,,experiments/lab_001_xy_connection_20260626/data/processed/COMP-FACTORY-001/COMP-FACTORY-001-AI-LATTICE-20260731-142459/REPORT.md,,0a74819b3dc792948dbb9a887a42b17cb2af42b5010f632f9aa6b1d5784de6c4,149 exact x-y joins established; no feature or model promoted.,Target units/directions and leakage-safe grouping remain unresolved.,AI092 lacks y; scientific group policy unresolved.,Future input clarification; no new analysis in submission close.,research control tower,2026-08-01T13:27:44+09:00,experiments/lab_001_xy_connection_20260626/data/processed/COMP-FACTORY-001/COMP-FACTORY-001-AI-LATTICE-20260731-142459/REPORT.md,evidence_ready
COMP-FACTORY-002,compression_pilot,AI Lattice technical four-method source-block OOF pilot,S3 technical modeling pilot,,COMP-FACTORY-002-AI-LATTICE-PILOT-20260731-144749,,technical_pilot_completed_with_scientific_caution,"149 rows; 16 targets; 4 methods; 9,536 OOF predictions",independent_QA_36_of_36_PASS,technical_pilot_only,not_integrated,metric_reproduction_error_3.78e-15,evidence_ready_with_caution,,experiments/lab_001_xy_connection_20260626/data/processed/COMP-FACTORY-002/COMP-FACTORY-002-AI-LATTICE-PILOT-20260731-144749/REPORT.md,,3e172b200e3e87936b476635af10726f933eac665c9ec1f7184686acfb906623,Technical source-block OOF pilot completed; Method-01 used Ridge surrogate after BayesianRidge native crash.,"No feature/method promotion, production prediction, or inverse-design claim; source blocks may confound geometry.","True generator-lineage groups, target units and objective directions unresolved.",Future scientific preregistration only.,research control tower,2026-08-01T13:27:44+09:00,experiments/lab_001_xy_connection_20260626/data/processed/COMP-FACTORY-002/COMP-FACTORY-002-AI-LATTICE-PILOT-20260731-144749/REPORT.md,evidence_ready_with_caution
COMP-BCL-INTAKE,compression_data_intake,B/C/L compression exact-ID intake and grouped four-method technical pilot,S3 intake → S4 grouped technical pilot → S5 independent QA → bounded S6 screening decision,,COMP-FACTORY-004-BCL-FS4-20260802-001,,technical_pipeline_complete_with_warnings,"137 exact x-y joins; 16 targets; 4 methods; 8,768 OOF predictions",10/10 PASS_WITH_WARNINGS,technical_screening_only_no_promotion,not_integrated,source_hash_and_metric_reproduction_checked,evidence_ready_with_caution,experiments/lab_001_xy_connection_20260626/data/raw/doctor_compression_data_20260802/SOURCE_MANIFEST.csv,experiments/lab_001_xy_connection_20260626/results/COMP-FACTORY-004_BCL_VORONOI_20260802/REPORT.md,KMK312 / Python 3.12.12; compression_groups_v0_2.json; grouped holdout; fold-local feature selection,183742bc6fad23921a14ce513570b27995d0800b0cd4387b684da0445187f6e6,B/C/L exact-ID intake and grouped technical pilot completed with independent QA warnings retained.,"No feature, method, target, production prediction, physical optimum, or inverse-design promotion.","Target units/semantics, fold stability, warning diagnosis, and target-specific nested review remain unresolved.","Target-specific nested stability preregistration, one y at a time.",019f403b-4486-7ee0-b1a0-e0754e134c1b,2026-08-02T02:36:11+09:00,experiments/lab_001_xy_connection_20260626/results/COMP-FACTORY-004_BCL_VORONOI_20260802/REPORT.md,evidence_ready_with_caution
COMP-VORONOI-INTAKE,compression_data_intake,Voronoi compression exact-ID intake and grouped four-method technical pilot,S3 intake → S4 grouped technical pilot → S5 independent QA → bounded S6 screening decision,,COMP-FACTORY-004-VORONOI-FS4-20260802-001,,technical_pipeline_complete_with_warnings,"30 exact x-y joins; 16 targets; 4 methods; 1,920 OOF predictions",10/10 PASS_WITH_WARNINGS,technical_screening_only_no_promotion,not_integrated,source_hash_and_metric_reproduction_checked,evidence_ready_with_caution,experiments/lab_001_xy_connection_20260626/data/raw/doctor_compression_data_20260802/SOURCE_MANIFEST.csv,experiments/lab_001_xy_connection_20260626/results/COMP-FACTORY-004_BCL_VORONOI_20260802/REPORT.md,KMK312 / Python 3.12.12; compression_groups_v0_2.json; grouped holdout; fold-local feature selection,183742bc6fad23921a14ce513570b27995d0800b0cd4387b684da0445187f6e6,Voronoi exact-ID intake and grouped technical pilot completed with independent QA warnings retained.,"No feature, method, target, production prediction, physical optimum, or inverse-design promotion.","Target units/semantics, fold stability, warning diagnosis, and target-specific nested review remain unresolved.","Target-specific nested stability preregistration, one y at a time.",019f403b-4486-7ee0-b1a0-e0754e134c1b,2026-08-02T02:36:11+09:00,experiments/lab_001_xy_connection_20260626/results/COMP-FACTORY-004_BCL_VORONOI_20260802/REPORT.md,evidence_ready_with_caution
COMP-FACTORY-003,compression_data_intake,B/C/L and Voronoi explicit model-ID intake and exact x-y crosswalk,S3 intake → S5 independent QA,11 protected Excel sources; explicit IDs only,COMP-FACTORY-003-BCL-VORONOI-20260802-001,,completed_with_evidence,228 y rows; 167 exact x-y joins; 61 y-only missing x; 3 x-only missing y; 16 targets; 45 x columns,independent_QA_15_of_15_PASS,technical_intake_confirmed,not_integrated,source_copy_hash_11_of_11_PASS,evidence_ready,experiments/lab_001_xy_connection_20260626/data/raw/doctor_compression_data_20260802/SOURCE_MANIFEST.csv,experiments/lab_001_xy_connection_20260626/data/processed/COMP-FACTORY-003/COMP-FACTORY-003-BCL-VORONOI-20260802-001/REPORT.md,KMK312 / Python 3.12.12; compression_groups_v0_2.json,183742bc6fad23921a14ce513570b27995d0800b0cd4387b684da0445187f6e6,Eleven sources were preserved 11/11 by SHA and 167 exact-ID joins were established without row-order inference.,"Intake identity does not establish model quality, feature validity, or inverse design.",61 performance rows lack exact structural factors; target units and semantics remain unresolved.,Use only exact-join rows under grouped target-specific validation.,019f403b-4486-7ee0-b1a0-e0754e134c1b,2026-08-02T02:36:11+09:00,experiments/lab_001_xy_connection_20260626/results/COMP-FACTORY-004_BCL_VORONOI_20260802/REPORT.md,evidence_ready
COMP-FACTORY-004,compression_pilot,B/C/L and Voronoi grouped four-method technical screening pilots,S4 technical pilot → S5 QA → bounded S6 screening,B/C/L leave-one-family-out and Voronoi leave-one-VF-out,COMP-FACTORY-004-BCL-FS4-20260802-001; COMP-FACTORY-004-VORONOI-FS4-20260802-001,,technical_pipeline_complete_with_warnings,"B/C/L 8,768 OOF + Voronoi 1,920 OOF; 16 targets × 4 methods per cohort",both_independent_QA_v2_10_of_10_PASS_WITH_WARNINGS,technical_screening_only_no_promotion,not_integrated,producer_and_independent_metric_recalculation_passed,evidence_ready_with_caution,COMP-FACTORY-003 exact-join dataset,experiments/lab_001_xy_connection_20260626/results/COMP-FACTORY-004_BCL_VORONOI_20260802/REPORT.md,KMK312 / Python 3.12.12; grouped outer splits; fold-local feature selection,183742bc6fad23921a14ce513570b27995d0800b0cd4387b684da0445187f6e6,"Both technical pilots completed and retained full OOF, selection, metric, warning, and manifest artifacts.",Pooled R2 is screening evidence only; no promotion or production claim.,"B/C/L LCC instability, held-group instability, Voronoi n=30, and target semantics require controlled review.",Target-specific nested stability preregistration.,019f403b-4486-7ee0-b1a0-e0754e134c1b,2026-08-02T02:36:11+09:00,experiments/lab_001_xy_connection_20260626/results/COMP-FACTORY-004_BCL_VORONOI_20260802/REPORT.md,evidence_ready_with_caution
