model_key,structural_model_id,source_group,family_group,structural_excel_row,x__Type,x__Source,x__Target VF,x__Actual VF,x__Node 개수,x__Strut 개수,x__Global: Strut No. at Nodes-AVG,x__Global: Strut No. at Nodes-STDEV,x__Node: Strut count - AVG,x__Node: Strut count - STDEV,x__Global: Length - AVG,x__Global: Length - STDEV,x__Global: Angle-Z (weighted with length)-AVG,x__Global: Angle-Z (weighted with length)-STDEV,x__Node: Length - AVG,x__Node: Length - STDEV,x__Node: Angle-Z (weighted with length)-AVG,x__Node: Angle-Z (weighted with length)-STDEV,x__Global: l/d AVG,x__Global: l/d STDEV,x__Node: l/d AVG,x__Node: l/d STDEV,x__Global: Angle-X (weighted with length)-AVG,x__Global: Angle-X (weighted with length)-STDEV,x__Node: Angle-X (weighted with length)-AVG,x__Node: Angle-X (weighted with length)-STDEV,x__Global: Angle-Y (weighted with length)-AVG,x__Global: Angle-Y (weighted with length)-STDEV,x__Node: Angle-Y (weighted with length)-AVG,x__Node: Angle-Y (weighted with length)-STDEV,x__connected_components,x__maxwell_index_M_3D,x__total_strut_length_mm,x__mean_radius_mm,x__std_radius_mm,x__mean_diameter_mm,x__surface_area_mm2,x__surface_to_solid_volume_1_per_mm,x__solid_volume_mm3_approx,x__bbox_x_mm,x__bbox_y_mm,x__bbox_z_mm,x__mass_center_x_mm,x__mass_center_y_mm,x__mass_center_z_mm
VF30_B1,VF30_B1. SC,bcl,B,152,Imported,"B, C, L model_30 mm_merge.xlsx",0.3,0.5735343440118909,216,540,5,0.8183932073645682,5,0.8183932073645682,6,0,30,42.42640687119285,6,0,30,7.567371821119256,2.432243769199524,0,2.432243769199524,0,30,42.42640687119285,30,7.567371821119256,30,42.42640687119285,30,7.567371821119256,1,-102,3240,1.233429,0,2.466858,25109.55602360744,1.621495846133016,15485.42728832105,30,30,30,-4.649058915617843e-16,9.71445146547012e-17,2.775557561562891e-17
VF45_B1,VF45_B1. SC,bcl,B,153,Imported,"B, C, L model_30 mm_merge.xlsx",0.45,0.9492986671658945,216,540,5,0.8183932073645682,5,0.8183932073645682,6,0,30,42.42640687119285,6,0,30,7.567371821119256,1.890537858020607,0,1.890537858020607,0,30,42.42640687119285,30,7.567371821119256,30,42.42640687119285,30,7.567371821119256,1,-102,3240,1.58685,0,3.1737,32304.3312392213,1.260358572013738,25631.06401347915,30,30,30,-5.689893001203927e-16,-3.854555563620465e-15,6.83481049534862e-16
VF60_B1,VF60_B1. SC,bcl,B,154,Imported,"B, C, L model_30 mm_merge.xlsx",0.6,1.408805353962757,216,540,5,0.8183932073645682,5,0.8183932073645682,6,0,30,42.42640687119285,6,0,30,7.567371821119256,1.551891367604268,0,1.551891367604268,0,30,42.42640687119285,30,7.567371821119256,30,42.42640687119285,30,7.567371821119256,1,-102,3240,1.933125,0,3.86625,39353.63161409058,1.034594245069511,38037.74455699444,30,30,30,-6.106226635438361e-16,-3.882311139236094e-15,6.696032617270475e-16
VF30_B2,VF30_B2. SC8,bcl,B,155,Imported,"B, C, L model_30 mm_merge.xlsx",0.3,0.4815929826681151,1331,3630,5.454545454545454,0.6682937537889932,5.454545454545454,0.6682937537889932,3,0,30,42.42640687119285,3,0,30,5.953579829141026,2.4330900243309,0,2.4330900243309,0,30,42.42640687119285,30,5.953579829141026,30,42.42640687119285,30,5.953579829141026,1,-357,10890,0.6165,0,1.233,42183.32694903199,3.244120032441202,13003.01053203911,30,30,30,-9.540979117872439e-17,1.734723475976807e-18,1.058181320345852e-16
VF45_B2,VF45_B2. SC8,bcl,B,156,Imported,"B, C, L model_30 mm_merge.xlsx",0.45,0.7980667115105651,1331,3630,5.454545454545454,0.6682937537889932,5.454545454545454,0.6682937537889932,3,0,30,42.42640687119285,3,0,30,5.953579829141026,1.890073334845392,0,1.890073334845392,0,30,42.42640687119285,30,5.953579829141026,30,42.42640687119285,30,5.953579829141026,1,-357,10890,0.79362,0,1.58724,54302.56599073926,2.520097779793855,21547.80121078526,30,30,30,-3.243932900076629e-16,-5.204170427930421e-18,-6.245004513516506e-17
VF60_B2,VF60_B2. SC8,bcl,B,157,Imported,"B, C, L model_30 mm_merge.xlsx",0.6,1.183512281668442,1331,3630,5.454545454545454,0.6682937537889932,5.454545454545454,0.6682937537889932,3,0,30,42.42640687119285,3,0,30,5.953579829141026,1.552072016141549,0,1.552072016141549,0,30,42.42640687119285,30,5.953579829141026,30,42.42640687119285,30,5.953579829141026,1,-357,10890,0.9664499999999999,0,1.9329,66128.26655294719,2.069429354855397,31954.83160504793,30,30,30,-1.023486850826316e-16,-5.204170427930421e-18,2.038300084272748e-17
VF30_B3,VF30_B3. BCC,bcl,B,158,Imported,"B, C, L model_30 mm_merge.xlsx",0.3,0.3966485379524625,341,1000,5.865102639296188,2.486312365856443,5.865102639296188,2.486312365856443,5.196152422706632,0,35.26438968275545,7.958078640513121e-13,5.196152422706632,0,35.26438968275465,0,3.207620296249634,0,3.207620296249634,0,35.26438968275545,7.958078640513121e-13,35.26438968275465,0,35.26438968275545,7.958078640513121e-13,35.26438968275465,0,1,-17,5196.152422706627,0.80997,0,1.61994,26444.21527887822,2.469227255330446,10709.51052471649,30,30,30,7.979727989493313e-17,8.673617379884035e-17,2.081668171172169e-17
VF45_B3,VF45_B3. BCC,bcl,B,159,Imported,"B, C, L model_30 mm_merge.xlsx",0.45,0.6546269758342406,341,1000,5.865102639296188,2.486312365856443,5.865102639296188,2.486312365856443,5.196152422706632,0,35.26438968275545,7.958078640513121e-13,5.196152422706632,0,35.26438968275465,0,2.496829764406627,0,2.496829764406627,0,35.26438968275545,7.958078640513121e-13,35.26438968275465,0,35.26438968275545,7.958078640513121e-13,35.26438968275465,0,1,-17,5196.152422706627,1.04055,0,2.0811,33972.28071217047,1.922060448801114,17674.9283475245,30,30,30,7.979727989493313e-17,8.673617379884035e-17,2.081668171172169e-17
VF60_B3,VF60_B3. BCC,bcl,B,160,Imported,"B, C, L model_30 mm_merge.xlsx",0.6,0.9670062737998243,341,1000,5.865102639296188,2.486312365856443,5.865102639296188,2.486312365856443,5.196152422706632,0,35.26438968275545,7.958078640513121e-13,5.196152422706632,0,35.26438968275465,0,2.054334860481162,0,2.054334860481162,0,35.26438968275545,7.958078640513121e-13,35.26438968275465,0,35.26438968275545,7.958078640513121e-13,35.26438968275465,0,1,-17,5196.152422706627,1.26468,0,2.52936,41289.76403927515,1.581427712939241,26109.16939259526,30,30,30,-7.979727989493313e-17,6.938893903907228e-18,6.938893903907228e-18
VF30_B4,VF30_B4. BCC2,bcl,B,161,Imported,"B, C, L model_30 mm_merge.xlsx",0.3,0.4003600725703719,881,2500,5.675368898978434,6.05984881159924,5.675368898978434,6.05984881159924,4.624045381354223,0.4672168959143087,32.36628916441202,15.95579391949858,4.530534128284136,0.4010610537484269,31.62644076847501,16.76561613782406,4.237803495195148,0.4281907358660089,4.152103143572639,0.3675608250332467,32.36628916441202,15.95579391949858,31.62644076847501,16.76561613782406,32.36628916441202,15.95579391949858,31.62644076847501,16.76561613782406,1,-137,11560.11345338552,0.545571,0,1.091142,39627.18678008927,3.665884000432575,10809.72195940004,30,30,30,7.806255641895632e-18,-2.34187669256869e-17,-8.673617379884035e-18
VF45_B4,VF45_B4. BCC2,bcl,B,162,Imported,"B, C, L model_30 mm_merge.xlsx",0.45,0.6662645861448088,881,2500,5.675368898978434,6.05984881159924,5.675368898978434,6.05984881159924,4.624045381354223,0.4672168959143087,32.36628916441202,15.95579391949858,4.530534128284136,0.4010610537484269,31.62644076847501,16.76561613782406,3.285056394823973,0.3319244784841637,3.218623279542581,0.2849254431290331,32.36628916441202,15.95579391949858,31.62644076847501,16.76561613782406,32.36628916441202,15.95579391949858,31.62644076847501,16.76561613782406,1,-137,11560.11345338552,0.7038,0,1.4076,51120.04497274749,2.84171639670361,17989.14382590984,30,30,30,3.642919299551295e-17,-5.204170427930421e-18,6.938893903907228e-18
VF60_B4,VF60_B4. BCC2,bcl,B,163,Imported,"B, C, L model_30 mm_merge.xlsx",0.6,0.9932487895117695,881,2500,5.675368898978434,6.05984881159924,5.675368898978434,6.05984881159924,4.624045381354223,0.4672168959143087,32.36628916441202,15.95579391949858,4.530534128284136,0.4010610537484269,31.62644076847501,16.76561613782406,2.690525870079961,0.2718526834673397,2.636115840597296,0.2333595481010723,32.36628916441202,15.95579391949858,31.62644076847501,16.76561613782406,32.36628916441202,15.95579391949858,31.62644076847501,16.76561613782406,1,-137,11560.11345338552,0.85932,0,1.71864,62416.13675189169,2.327421682260392,26817.71731681778,30,30,30,5.290906601729262e-17,2.51534904016637e-17,-8.673617379884035e-19
VF30_B5,VF30_B5. FCC,bcl,B,164,Imported,"B, C, L model_30 mm_merge.xlsx",0.3,0.4502881257440824,666,2800,8.408408408408409,2.308830030479394,8.408408408408409,2.308830030479394,4.242640687119285,0,35.35714285714099,18.46466564958602,4.242640687119285,0,36.1936936936937,8.5248432626002,3.71664606886871,0,3.71664606886871,0,27.32142857142728,21.97734803224887,26.90315315315316,5.535922113947847,27.32142857142728,21.97734803224884,26.90315315315316,5.535922113947847,1,808,11879.39392393435,0.570762,0,1.141524,42601.92302602564,3.504087518089852,12157.77939509023,30,30,30,3.642919299551295e-17,0,0
VF45_B5,VF45_B5. FCC,bcl,B,165,Imported,"B, C, L model_30 mm_merge.xlsx",0.45,0.7495524957277798,666,2800,8.408408408408409,2.308830030479394,8.408408408408409,2.308830030479394,4.242640687119285,0,35.35714285714099,18.46466564958602,4.242640687119285,0,36.1936936936937,8.5248432626002,2.880682709089065,0,2.880682709089065,0,27.32142857142728,21.97734803224887,26.90315315315316,5.535922113947847,27.32142857142728,21.97734803224884,26.90315315315316,5.535922113947847,1,808,11879.39392393435,0.736395,0,1.47279,54964.84192491818,2.715933704058284,20237.91738465006,30,30,30,5.377642775528102e-17,3.816391647148976e-17,3.408731630294426e-16
VF60_B5,VF60_B5. FCC,bcl,B,166,Imported,"B, C, L model_30 mm_merge.xlsx",0.6,1.119822968134756,666,2800,8.408408408408409,2.308830030479394,8.408408408408409,2.308830030479394,4.242640687119285,0,35.35714285714099,18.46466564958602,4.242640687119285,0,36.1936936936937,8.5248432626002,2.356794780459714,0,2.356794780459714,0,27.32142857142728,21.97734803224887,26.90315315315316,5.535922113947847,27.32142857142728,21.97734803224884,26.90315315315316,5.535922113947847,1,808,11879.39392393435,0.900087,0,1.800174,67182.88374265691,2.222007428170833,30235.22013963841,30,30,30,5.030698080332741e-17,2.949029909160572e-17,-6.071532165918825e-18
VF30_C1,VF30_C1. SC+FCC,bcl,C,167,Imported,"B, C, L model_30 mm_merge.xlsx",0.3,0.4689480572526327,666,3340,10.03003003003003,3.497668267198523,10.03003003003003,3.497668267198523,4.526764647884431,0.6470755942755623,34.20913765637215,25.66015210277854,4.463207075045331,0.3218293948774661,36.1936936936937,8.841568619718874,4.383851101960517,0.6266469051671146,4.322300092044675,0.3116689859359542,27.89543117181107,27.68459197936368,26.90315315315316,6.012222272753585,27.89543117181105,27.68459197936368,26.90315315315316,6.012222272753585,1,1348,15119.39392393467,0.5163,0,1.0326,49047.44352438927,3.873716831299634,12661.59754582108,30,30,30,7.308390004290288e-15,1.465841337200402e-16,-1.48318857196017e-16
VF45_C1,VF45_C1. SC+FCC,bcl,C,168,Imported,"B, C, L model_30 mm_merge.xlsx",0.45,0.7775037860020123,666,3340,10.03003003003003,3.497668267198523,10.03003003003003,3.497668267198523,4.526764647884431,0.6470755942755623,34.20913765637215,25.66015210277854,4.463207075045331,0.3218293948774661,36.1936936936937,8.841568619718874,3.404606383787929,0.4866693699425106,3.356804358487764,0.242049785557661,27.89543117181107,27.68459197936368,26.90315315315316,6.012222272753585,27.89543117181105,27.68459197936368,26.90315315315316,6.012222272753585,1,1348,15119.39392393467,0.6648000000000001,0,1.3296,63154.63965720314,3.008423586040914,20992.60222205433,30,30,30,6.95450641519102e-15,1.821459649775647e-16,-8.673617379884035e-18
VF60_C1,VF60_C1. SC+FCC,bcl,C,169,Imported,"B, C, L model_30 mm_merge.xlsx",0.6,1.154652668513701,666,3340,10.03003003003003,3.497668267198523,10.03003003003003,3.497668267198523,4.526764647884431,0.6470755942755623,34.20913765637215,25.66015210277854,4.463207075045331,0.3218293948774661,36.1936936936937,8.841568619718874,2.793781798361063,0.3993554244742099,2.754555992745375,0.1986233381950665,27.89543117181107,27.68459197936368,26.90315315315316,6.012222272753585,27.89543117181105,27.68459197936368,26.90315315315316,6.012222272753585,1,1348,15119.39392393467,0.8101499999999999,0,1.6203,76962.59223568458,2.46867863975807,31175.62204986993,30,30,30,7.306655280814311e-15,2.55871712706579e-16,-4.336808689942018e-18
VF30_C2,VF30_C2. SC2+FCC,bcl,C,170,Imported,"B, C, L model_30 mm_merge.xlsx",0.3,0.4600548699315015,791,4090,10.34134007585335,3.484838441221803,10.34134007585335,3.484838441221803,4.24679558042396,0.8312987609941442,33.66389354662838,28.43090408566867,4.115528072680853,0.6173907124052705,34.05212968020859,5.341094515439157,4.450532035966432,0.8711796217171099,4.312967079653219,0.6470095139341482,28.16805322668272,30.01369685441088,27.97393515989571,5.10348667531884,28.16805322668271,30.01369685441078,27.97393515989571,5.103486675318841,1,1723,17369.39392393488,0.477111,0,0.954222,52069.5665710937,4.191896644596332,12421.48148815054,30,30,30,-6.973588373426765e-16,-3.920475055707584e-16,-1.474514954580286e-16
VF45_C2,VF45_C2. SC2+FCC,bcl,C,171,Imported,"B, C, L model_30 mm_merge.xlsx",0.45,0.7639531860381203,791,4090,10.34134007585335,3.484838441221803,10.34134007585335,3.484838441221803,4.24679558042396,0.8312987609941442,33.66389354662838,28.43090408566867,4.115528072680853,0.6173907124052705,34.05212968020859,5.341094515439157,3.453690169825283,0.6760505196595298,3.346937374093925,0.5020906219749446,28.16805322668272,30.01369685441088,27.97393515989571,5.10348667531884,28.16805322668271,30.01369685441078,27.97393515989571,5.103486675318841,1,1723,17369.39392393488,0.6148199999999999,0,1.22964,67098.45490722249,3.252984613382781,20626.73602302925,30,30,30,-6.453171330633722e-16,-1.431146867680866e-16,-4.336808689942018e-18
VF60_C2,VF60_C2. SC2+FCC,bcl,C,172,Imported,"B, C, L model_30 mm_merge.xlsx",0.6,1.137679226430498,791,4090,10.34134007585335,3.484838441221803,10.34134007585335,3.484838441221803,4.24679558042396,0.8312987609941442,33.66389354662838,28.43090408566867,4.115528072680853,0.6173907124052705,34.05212968020859,5.341094515439157,2.830132923636686,0.5539908734276873,2.742654143829156,0.4114391071658861,28.16805322668272,30.01369685441088,27.97393515989571,5.10348667531884,28.16805322668271,30.01369685441078,27.97393515989571,5.103486675318841,1,1723,17369.39392393488,0.750282,0,1.500564,81882.11662714405,2.665664376860967,30717.33911362344,30,30,30,-6.973588373426765e-16,-1.97758476261356e-16,1.214306433183765e-17
VF30_C3,VF30_C3. SC8+FCC,bcl,C,173,Imported,"B, C, L model_30 mm_merge.xlsx",0.3,0.5169650717817174,1331,6430,9.66190833959429,4.680294537420224,9.66190833959429,4.680294537420224,3.541118806210575,0.61617021083459,32.79496285756844,32.34088897438314,3.37221086565787,0.3742455800588115,32.015555085964,6.784612512449792,4.008193607265187,0.697443275758758,3.817006650659185,0.4236087021164402,28.60251857121288,33.38680318599222,28.992222457018,5.764613374742616,28.60251857121288,33.38680318599218,28.992222457018,5.764613374742616,1,2443,22769.39392393512,0.441735,0,0.88347,63196.51799430143,4.527601389973627,13958.05693810637,30,30,30,-3.131175874138137e-16,5.056718932472393e-16,-6.505213034913027e-19
VF45_C3,VF45_C3. SC8+FCC,bcl,C,174,Imported,"B, C, L model_30 mm_merge.xlsx",0.45,0.8220817771870659,1331,6430,9.66190833959429,4.680294537420224,9.66190833959429,4.680294537420224,3.541118806210575,0.61617021083459,32.79496285756844,32.34088897438314,3.37221086565787,0.3742455800588115,32.015555085964,6.784612512449792,3.178496818208446,0.5530723937241738,3.026885595598428,0.3359216254928358,28.60251857121288,33.38680318599222,28.992222457018,5.764613374742616,28.60251857121288,33.38680318599218,28.992222457018,5.764613374742616,1,2443,22769.39392393512,0.557043,0,1.114086,79692.97876124746,3.590387097584927,22196.20798405078,30,30,30,-3.131175874138137e-16,5.056718932472393e-16,-6.505213034913027e-19
VF60_C3,VF60_C3. SC8+FCC,bcl,C,175,Imported,"B, C, L model_30 mm_merge.xlsx",0.6,1.197841754312316,1331,6430,9.66190833959429,4.680294537420224,9.66190833959429,4.680294537420224,3.541118806210575,0.61617021083459,32.79496285756844,32.34088897438314,3.37221086565787,0.3742455800588115,32.015555085964,6.784612512449792,2.633174058945557,0.4581838407169711,2.507574204280062,0.2782888140769413,28.60251857121288,33.38680318599222,28.992222457018,5.764613374742616,28.60251857121288,33.38680318599218,28.992222457018,5.764613374742616,1,2443,22769.39392393512,0.672405,0,1.34481,96197.16500154676,2.974397870331124,32341.72736643253,30,30,30,-3.209238430557093e-16,4.891920202254596e-16,7.806255641895632e-18
VF30_C4,VF30_C4. SC+DGR,bcl,C,176,Imported,"B, C, L model_30 mm_merge.xlsx",0.3,0.5391206835127981,666,2340,7.027027027027027,4.819994932377068,7.027027027027027,4.819994932377068,4.648185143937911,0.7405777502547625,29.99999999999934,29.19147245931232,4.463207075045331,0.3218293948774661,30,17.75868969538651,3.560845394326401,0.567336022441903,3.419138839128923,0.2465445508346097,29.99999999999934,29.19147245931247,30,17.75868969538651,29.99999999999934,29.19147245931232,30,17.75868969538651,1,348,10876.75323681482,0.65268,0,1.30536,44604.5794412133,3.064288778574492,14556.25845484555,30,30,30,-6.012551567735613e-15,1.474514954580286e-16,1.734723475976807e-18
VF45_C4,VF45_C4. SC+DGR,bcl,C,177,Imported,"B, C, L model_30 mm_merge.xlsx",0.45,0.8582475873935881,666,2340,7.027027027027027,4.819994932377068,7.027027027027027,4.819994932377068,4.648185143937911,0.7405777502547625,29.99999999999934,29.19147245931232,4.463207075045331,0.3218293948774661,30,17.75868969538651,2.822213202148094,0.4496525502457575,2.709901077744584,0.195403397011212,29.99999999999934,29.19147245931247,30,17.75868969538651,29.99999999999934,29.19147245931232,30,17.75868969538651,1,348,10876.75323681482,0.8235,0,1.647,56278.53032089102,2.428658166363084,23172.68485962688,30,30,30,-6.012551567735613e-15,1.474514954580286e-16,1.734723475976807e-18
VF60_C4,VF60_C4. SC+DGR,bcl,C,178,Imported,"B, C, L model_30 mm_merge.xlsx",0.6,1.273070955280351,666,2340,7.027027027027027,4.819994932377068,7.027027027027027,4.819994932377068,4.648185143937911,0.7405777502547625,29.99999999999934,29.19147245931232,4.463207075045331,0.3218293948774661,30,17.75868969538651,2.317233560629492,0.3691960548051579,2.225017485764802,0.160439795643628,29.99999999999934,29.19147245931247,30,17.75868969538651,29.99999999999934,29.19147245931232,30,17.75868969538651,1,348,10876.75323681482,1.00296,0,2.00592,68542.94446950925,1.994097471484407,34372.91579256949,30,30,30,-6.00908212078366e-15,-1.387778780781446e-17,1.387778780781446e-16
VF30_C5,VF30_C5. SC+DGR2,bcl,C,179,Imported,"B, C, L model_30 mm_merge.xlsx",0.3,0.6329181306857149,3096,7020,4.534883720930233,0.7781824144493177,4.534883720930233,0.7781824144493177,1.912013910126251,0.5867297897740104,29.99999999999882,27.85452711902544,1.944144469661688,0.2271043299810052,30,22.21203850363801,1.501738854953072,0.460830811949427,1.526974921192026,0.1783728636357251,29.99999999999878,27.85452711902542,30,22.21203850363801,29.99999999999883,27.85452711902543,30,22.21203850363801,1,-2262,13422.33764908687,0.6365999999999999,0,1.2732,53687.68309303897,3.141690229343387,17088.7895285143,30,30,30,-1.675742877793596e-15,3.122502256758253e-16,2.424276057677588e-16
VF45_C5,VF45_C5. SC+DGR2,bcl,C,180,Imported,"B, C, L model_30 mm_merge.xlsx",0.45,1.038783487656025,3096,7020,4.534883720930233,0.7781824144493177,4.534883720930233,0.7781824144493177,1.912013910126251,0.5867297897740104,29.99999999999882,27.85452711902544,1.944144469661688,0.2271043299810052,30,22.21203850363801,1.172210661721746,0.3597102047638555,1.191909150448764,0.1392323118137407,29.99999999999878,27.85452711902542,30,22.21203850363801,29.99999999999883,27.85452711902543,30,22.21203850363801,1,-2262,13422.33764908687,0.8155589999999999,0,1.631118,68780.19656876494,2.452305719144783,28047.15416671268,30,30,30,-1.647987302177967e-15,2.844946500601964e-16,-2.47198095326695e-17
VF60_C5,VF60_C5. SC+DGR2,bcl,C,181,Imported,"B, C, L model_30 mm_merge.xlsx",0.6,1.562853325186619,3096,7020,4.534883720930233,0.7781824144493177,4.534883720930233,0.7781824144493177,1.912013910126251,0.5867297897740104,29.99999999999882,27.85452711902544,1.944144469661688,0.2271043299810052,30,22.21203850363801,0.9556724696987311,0.2932622530984207,0.9717321285858387,0.1135124356380293,29.99999999999878,27.85452711902542,30,22.21203850363801,29.99999999999883,27.85452711902543,30,22.21203850363801,1,-2262,13422.33764908687,1.00035,0,2.0007,84364.55196688899,1.99930024491428,42197.0397800387,30,30,30,-1.633242152632164e-15,2.576064361825559e-16,-1.140580685454751e-16
VF30_C6,VF30_C6. SC+OR,bcl,C,182,Imported,"B, C, L model_30 mm_merge.xlsx",0.3,0.8454594729115935,1296,3420,5.277777777777778,0.7051930922075863,5.277777777777778,0.7051930922075863,2.436014276182205,0.4136999483961163,30.0000000000022,31.22525209354294,2.426997931582141,0.1950995691583066,30,19.01021887422926,1.304215802646004,0.2214904959825014,1.299388548871475,0.1044542077086982,30.0000000000022,31.22525209354293,30,19.01021887422926,30.0000000000022,31.22525209354294,30,19.01021887422926,1,-462,8331.16882454279,0.9339,0,1.8678,48886.18860394695,2.141556911874933,22827.40576861303,30,30,30,1.035629915158154e-15,-5.633514488234681e-16,3.543172699682628e-16
VF45_C6,VF45_C6. SC+OR,bcl,C,183,Imported,"B, C, L model_30 mm_merge.xlsx",0.45,1.559568699905661,1296,3420,5.277777777777778,0.7051930922075863,5.277777777777778,0.7051930922075863,2.436014276182205,0.4136999483961163,30.0000000000022,31.22525209354294,2.426997931582141,0.1950995691583066,30,19.01021887422926,0.9602705282963597,0.163079449856558,0.9567163085706959,0.07690774564739301,30.0000000000022,31.22525209354293,30,19.01021887422926,30.0000000000022,31.22525209354294,30,19.01021887422926,1,-462,8331.16882454279,1.2684,0,2.5368,66396.01844442268,1.576789656259856,42108.35489745285,30,30,30,8.673617379884035e-16,2.349249267341591e-15,1.929879867024198e-16
VF60_C6,VF60_C6. SC+OR,bcl,C,184,Imported,"B, C, L model_30 mm_merge.xlsx",0.6,2.526627637695103,1296,3420,5.277777777777778,0.7051930922075863,5.277777777777778,0.7051930922075863,2.436014276182205,0.4136999483961163,30.0000000000022,31.22525209354294,2.426997931582141,0.1950995691583066,30,19.01021887422926,0.7544409167772943,0.1281241129784497,0.7516485278522536,0.06042292085797224,30.0000000000022,31.22525209354293,30,19.01021887422926,30.0000000000022,31.22525209354294,30,19.01021887422926,1,-462,8331.16882454279,1.61445,0,3.2289,84510.4477906009,1.238811979311841,68218.94621776778,30,30,30,8.673617379884035e-16,2.349249267341591e-15,1.929879867024198e-16
VF30_C7,VF30_C7. SC+FCC+BCC,bcl,C,185,Imported,"B, C, L model_30 mm_merge.xlsx",0.3,0.4577189856887216,791,4340,10.97345132743363,5.507008478026737,10.97345132743363,5.507008478026737,4.681001462359592,0.6337838102415162,34.47904181153895,22.14145076179776,4.598125880265186,0.4144631709077064,36.40879095878663,7.635165684174551,5.318836313016535,0.7201434076919331,5.224668075930809,0.4709380634802593,29.7802060612535,24.09854527280385,28.58641422048069,6.147151600981585,29.78020606125354,24.09854527280384,28.58641422048069,6.147151600981585,1,1973,20315.54634664178,0.44004,0,0.88008,56169.49647120936,4.545041359876375,12358.41261359548,30,30,30,-1.578598363138894e-15,-7.546047120499111e-17,8.239936510889834e-18
VF45_C7,VF45_C7. SC+FCC+BCC,bcl,C,186,Imported,"B, C, L model_30 mm_merge.xlsx",0.45,0.723400755056079,791,4340,10.97345132743363,5.507008478026737,10.97345132743363,5.507008478026737,4.681001462359592,0.6337838102415162,34.47904181153895,22.14145076179776,4.598125880265186,0.4144631709077064,36.40879095878663,7.635165684174551,4.230840078054584,0.5728342464221947,4.155934454325005,0.3746051797791995,29.7802060612535,24.09854527280385,28.58641422048069,6.147151600981585,29.78020606125354,24.09854527280384,28.58641422048069,6.147151600981585,1,1973,20315.54634664178,0.5532,0,1.1064,70613.9565672962,3.615328994938539,19531.82038651413,30,30,30,-1.585537257042802e-15,-8.673617379884035e-17,-1.734723475976807e-18
VF60_C7,VF60_C7. SC+FCC+BCC,bcl,C,187,Imported,"B, C, L model_30 mm_merge.xlsx",0.6,1.034056596101397,791,4340,10.97345132743363,5.507008478026737,10.97345132743363,5.507008478026737,4.681001462359592,0.6337838102415162,34.47904181153895,22.14145076179776,4.598125880265186,0.4144631709077064,36.40879095878663,7.635165684174551,3.538701530810803,0.4791222044126908,3.476049991053223,0.3133221532078924,29.7802060612535,24.09854527280385,28.58641422048069,6.147151600981585,29.78020606125354,24.09854527280384,28.58641422048069,6.147151600981585,1,1973,20315.54634664178,0.661401,0,1.322802,84425.41845185516,3.023884148950486,27919.52809473773,30,30,30,-2.128505705023542e-15,-1.275021754842953e-16,2.862293735361732e-17
VF30_C8,VF30_C8. SC+BCC,bcl,C,188,Imported,"B, C, L model_30 mm_merge.xlsx",0.3,0.4574000185987346,341,1540,9.03225806451613,2.632737985047641,9.03225806451613,2.632737985047641,5.478021053705605,0.3836992203682345,33.24254112935414,26.41715992035668,5.476112743579368,0.2216750138410127,33.31739315678119,4.144715053626725,4.012461475028497,0.281046444442663,4.011063703682081,0.1623693016681261,33.24254112935412,26.41715992035672,33.31739315678119,4.144715053626725,33.24254112935414,26.41715992035668,33.31739315678119,4.144715053626725,1,523,8436.152422706498,0.682626,0,1.365252,36183.21160391148,2.929862032796877,12349.80050216583,30,30,30,2.071259830316308e-15,3.295974604355933e-17,-2.792904796322659e-16
VF45_C8,VF45_C8. SC+BCC,bcl,C,189,Imported,"B, C, L model_30 mm_merge.xlsx",0.45,0.7513931213511071,341,1540,9.03225806451613,2.632737985047641,9.03225806451613,2.632737985047641,5.478021053705605,0.3836992203682345,33.24254112935414,26.41715992035668,5.476112743579368,0.2216750138410127,33.31739315678119,4.144715053626725,3.130583969794727,0.2192767455128665,3.129493407156865,0.1266830189280234,33.24254112935412,26.41715992035672,33.31739315678119,4.144715053626725,33.24254112935414,26.41715992035668,33.31739315678119,4.144715053626725,1,523,8436.152422706498,0.8749199999999999,0,1.74984,46375.92985982695,2.285923284414575,20287.61427647989,30,30,30,2.040034807748725e-15,-1.908195823574488e-17,1.734723475976807e-18
VF60_C8,VF60_C8. SC+BCC,bcl,C,190,Imported,"B, C, L model_30 mm_merge.xlsx",0.6,1.126555873652519,341,1540,9.03225806451613,2.632737985047641,9.03225806451613,2.632737985047641,5.478021053705605,0.3836992203682345,33.24254112935414,26.41715992035668,5.476112743579368,0.2216750138410127,33.31739315678119,4.144715053626725,2.556716631058343,0.1790811259069516,2.555825979454573,0.1034607550830825,33.24254112935412,26.41715992035672,33.31739315678119,4.144715053626725,33.24254112935414,26.41715992035668,33.31739315678119,4.144715053626725,1,523,8436.152422706498,1.0713,0,2.1426,56785.23025971815,1.866890693549893,30417.00858861802,30,30,30,2.144118216307334e-15,-1.856154119295184e-16,-2.029626466892864e-16
VF30_C9,VF30_C9. SC2+BCC,bcl,C,191,Imported,"B, C, L model_30 mm_merge.xlsx",0.3,0.4404961064036458,491,1990,8.10590631364562,5.451922123451925,8.10590631364562,5.451922123451925,5.369925840556096,0.7787247600912321,32.5598148072456,30.52329258828244,4.741903974515265,1.169920739240689,31.71779094353187,23.73534428293076,4.510980938159307,0.6541640710033436,3.983414124282404,0.9827864128055573,32.5598148072456,30.52329258828243,31.71779094353187,23.73534428293076,32.5598148072456,30.52329258828244,31.71779094353187,23.73534428293076,1,523,10686.15242270646,0.5952059999999999,0,1.190412,39963.96162974982,3.360181180969278,11893.39487289844,30,30,30,1.085936895961481e-15,1.07032438467769e-15,-4.683753385137379e-17
VF45_C9,VF45_C9. SC2+BCC,bcl,C,192,Imported,"B, C, L model_30 mm_merge.xlsx",0.45,0.7181633345841649,491,1990,8.10590631364562,5.451922123451925,8.10590631364562,5.451922123451925,5.369925840556096,0.7787247600912321,32.5598148072456,30.52329258828244,4.741903974515265,1.169920739240689,31.71779094353187,23.73534428293076,3.532892433161026,0.5123256622397875,3.119714716322099,0.7696948244323537,32.5598148072456,30.52329258828243,31.71779094353187,23.73534428293076,32.5598148072456,30.52329258828244,31.71779094353187,23.73534428293076,1,523,10686.15242270646,0.75999,0,1.51998,51028.0662476413,2.631613573862814,19390.41003377245,30,30,30,1.280225925270884e-15,7.112366251504909e-16,-6.626643678231403e-16
VF60_C9,VF60_C9. SC2+BCC,bcl,C,193,Imported,"B, C, L model_30 mm_merge.xlsx",0.6,1.059096634118552,491,1990,8.10590631364562,5.451922123451925,8.10590631364562,5.451922123451925,5.369925840556096,0.7787247600912321,32.5598148072456,30.52329258828244,4.741903974515265,1.169920739240689,31.71779094353187,23.73534428293076,2.909204395048377,0.4218809648134357,2.568968044096598,0.6338148156073599,32.5598148072456,30.52329258828243,31.71779094353187,23.73534428293076,32.5598148072456,30.52329258828244,31.71779094353187,23.73534428293076,1,523,10686.15242270646,0.92292,0,1.84584,61967.68760282781,2.167035062627314,28595.60912120091,30,30,30,1.280225925270884e-15,7.112366251504909e-16,-3.989863994746656e-16
VF30_C10,VF30_C10. SC8+BCC,bcl,C,194,Imported,"B, C, L model_30 mm_merge.xlsx",0.3,0.4597279237092271,1331,4630,6.95717505634861,3.053724335044834,6.95717505634861,3.053724335044834,3.474330976826487,0.9038194965820315,31.70050428998286,34.99462836546444,3.278300307009656,0.4860153843005604,30.84188422820155,5.512555544720079,3.505176530293066,0.9118437213297335,3.307405475191341,0.4903302908601297,31.70050428998285,34.99462836546432,30.84188422820155,5.512555544720079,31.70050428998286,34.99462836546445,30.84188422820155,5.512555544720079,1,643,16086.15242270639,0.4955999999999999,0,0.9911999999999997,50091.42025887463,4.035512510088782,12412.65394014913,30,30,30,-1.39645239816133e-16,1.994931997373328e-17,-1.127570259384925e-17
VF45_C10,VF45_C10. SC8+BCC,bcl,C,195,Imported,"B, C, L model_30 mm_merge.xlsx",0.45,0.7287284203594353,1331,4630,6.95717505634861,3.053724335044834,6.95717505634861,3.053724335044834,3.474330976826487,0.9038194965820315,31.70050428998286,34.99462836546444,3.278300307009656,0.4860153843005604,30.84188422820155,5.512555544720079,2.784052900641447,0.7242491598811094,2.626969491329436,0.3894541278431339,31.70050428998285,34.99462836546432,30.84188422820155,5.512555544720079,31.70050428998286,34.99462836546445,30.84188422820155,5.512555544720079,1,643,16086.15242270639,0.6239699999999999,0,1.24794,63066.06839977804,3.205282305239034,19675.66734970475,30,30,30,-1.327063459122257e-16,2.688821387764051e-17,-2.602085213965211e-18
VF60_C10,VF60_C10. SC8+BCC,bcl,C,196,Imported,"B, C, L model_30 mm_merge.xlsx",0.6,1.046419508684068,1331,4630,6.95717505634861,3.053724335044834,6.95717505634861,3.053724335044834,3.474330976826487,0.9038194965820315,31.70050428998286,34.99462836546444,3.278300307009656,0.4860153843005604,30.84188422820155,5.512555544720079,2.323311397603142,0.6043909321797002,2.192224206284016,0.325002162801243,31.70050428998285,34.99462836546432,30.84188422820155,5.512555544720079,31.70050428998286,34.99462836546445,30.84188422820155,5.512555544720079,1,643,16086.15242270639,0.747711,0,1.495422,75572.85297252506,2.674830248585349,28253.32673446984,30,30,30,-1.327063459122257e-16,2.688821387764051e-17,-2.602085213965211e-18
VF30_C11,VF30_C11. SC+DGR+BCC,bcl,C,197,Imported,"B, C, L model_30 mm_merge.xlsx",0.3,0.4907320673479409,791,3340,8.445006321112515,6.75009214892266,8.445006321112515,6.75009214892266,4.812247203449505,0.6687310106600088,31.70190579000287,24.13957546141946,4.598125880265186,0.4144631709077064,31.19387313324934,16.28862054634562,4.697166621229385,0.6527389074280223,4.488165817730781,0.4045516553515924,31.70190579000283,24.13957546141942,31.19387313324934,16.28862054634562,31.70190579000287,24.13957546141947,31.19387313324934,16.28862054634562,1,973,16072.9056595216,0.51225,0,1.0245,51731.63813916802,3.904343582235238,13249.7658183944,30,30,30,3.903127820947816e-16,-1.304512053934559e-15,-6.938893903907228e-17
VF45_C11,VF45_C11. SC+DGR+BCC,bcl,C,198,Imported,"B, C, L model_30 mm_merge.xlsx",0.45,0.7789051799077963,791,3340,8.445006321112515,6.75009214892266,8.445006321112515,6.75009214892266,4.812247203449505,0.6687310106600088,31.70190579000287,24.13957546141946,4.598125880265186,0.4144631709077064,31.19387313324934,16.28862054634562,3.728343252951457,0.5181069563189604,3.562450322506187,0.321110055556361,31.70190579000283,24.13957546141942,31.19387313324934,16.28862054634562,31.70190579000287,24.13957546141947,31.19387313324934,16.28862054634562,1,973,16072.9056595216,0.6453599999999999,0,1.29072,65174.28987700045,3.099045493987852,21030.4398575105,30,30,30,3.469446951953614e-16,-1.400789206851272e-15,-1.448494102440634e-16
VF60_C11,VF60_C11. SC+DGR+BCC,bcl,C,199,Imported,"B, C, L model_30 mm_merge.xlsx",0.6,1.127331280158724,791,3340,8.445006321112515,6.75009214892266,8.445006321112515,6.75009214892266,4.812247203449505,0.6687310106600088,31.70190579000287,24.13957546141946,4.598125880265186,0.4144631709077064,31.19387313324934,16.28862054634562,3.099077281974179,0.430661392748589,2.961183591103288,0.2669134279415936,31.70190579000283,24.13957546141942,31.19387313324934,16.28862054634562,31.70190579000287,24.13957546141947,31.19387313324934,16.28862054634562,1,973,16072.9056595216,0.7764,0,1.5528,78407.89429233782,2.575991756826378,30437.94456428555,30,30,30,3.469446951953614e-16,-1.400789206851272e-15,1.951563910473908e-16
VF30_C12,VF30_C12. SC2+DGR+BCC,bcl,C,200,Imported,"B, C, L model_30 mm_merge.xlsx",0.3,0.4850842926808512,791,4090,10.34134007585335,6.331140455537716,10.34134007585335,6.331140455537716,4.479928034112798,0.9257995123020916,31.49291666466051,27.06491625963296,4.245162148317644,0.4809892780913193,30.9424923037586,6.408107441449696,4.695941335548007,0.9704397403585865,4.449855501381179,0.5041816332194122,31.49291666466048,27.06491625963295,30.9424923037586,6.408107441449696,31.49291666466051,27.06491625963295,30.9424923037586,6.408107441449696,1,1723,18322.90565952183,0.477,0,0.954,54915.20294500203,4.19287211740042,13097.27590238298,30,30,30,-3.694961003830599e-15,-4.77048955893622e-17,8.673617379884035e-19
VF45_C12,VF45_C12. SC2+DGR+BCC,bcl,C,201,Imported,"B, C, L model_30 mm_merge.xlsx",0.45,0.7763597961253236,791,4090,10.34134007585335,6.331140455537716,10.34134007585335,6.331140455537716,4.479928034112798,0.9257995123020916,31.49291666466051,27.06491625963296,4.245162148317644,0.4809892780913193,30.9424923037586,6.408107441449696,3.711929765608417,0.7670888327964964,3.517410016006003,0.3985328346104229,31.49291666466048,27.06491625963295,30.9424923037586,6.408107441449696,31.49291666466051,27.06491625963295,30.9424923037586,6.408107441449696,1,1723,18322.90565952183,0.6034499999999999,0,1.2069,69472.91240495066,3.314276244925015,20961.71449538374,30,30,30,-3.694961003830599e-15,-4.77048955893622e-17,8.673617379884035e-19
VF60_C12,VF60_C12. SC2+DGR+BCC,bcl,C,202,Imported,"B, C, L model_30 mm_merge.xlsx",0.6,1.132082281267759,791,4090,10.34134007585335,6.331140455537716,10.34134007585335,6.331140455537716,4.479928034112798,0.9257995123020916,31.49291666466051,27.06491625963296,4.245162148317644,0.4809892780913193,30.9424923037586,6.408107441449696,3.073917959457114,0.6352405052162012,2.912832543102542,0.3300324400242345,31.49291666466048,27.06491625963295,30.9424923037586,6.408107441449696,31.49291666466051,27.06491625963295,30.9424923037586,6.408107441449696,1,1723,18322.90565952183,0.7286999999999999,0,1.4574,83892.47041094964,2.744613695622342,30566.22159422949,30,30,30,-3.694961003830599e-15,-4.77048955893622e-17,8.673617379884035e-19
VF30_C13,VF30_C13. SC8+DGR+BCC2,bcl,C,203,Imported,"B, C, L model_30 mm_merge.xlsx",0.3,0.4853804827582909,1331,7430,11.16453794139745,5.751297087492261,11.16453794139745,5.751297087492261,3.763868956479223,0.8047634011106486,33.25379595245317,29.19786807751992,3.580985888407077,0.3828470556421007,32.82432006575667,8.246093047896274,4.872681811446572,1.041841794295047,4.635922506135829,0.4956314649004533,29.84033088808686,30.23704962645375,29.3071851298972,8.96865444793552,29.84033088808686,30.23704962645374,29.3071851298972,8.96865444793552,1,3443,27965.54634664239,0.3862214999999999,0,0.7724429999999998,67864.02639145598,5.178375621243251,13105.27303447385,30,30,30,-2.545706700995964e-16,-9.454242944073599e-17,3.469446951953614e-18
VF45_C13,VF45_C13. SC8+DGR+BCC2,bcl,C,204,Imported,"B, C, L model_30 mm_merge.xlsx",0.45,0.777894235513443,1331,7430,11.16453794139745,5.751297087492261,11.16453794139745,5.751297087492261,3.763868956479223,0.8047634011106486,33.25379595245317,29.19786807751992,3.580985888407077,0.3828470556421007,32.82432006575667,8.246093047896274,3.849009036363587,0.8229674409034328,3.661989087011778,0.3915071947908751,29.84033088808686,30.23704962645375,29.3071851298972,8.96865444793552,29.84033088808686,30.23704962645374,29.3071851298972,8.96865444793552,1,3443,27965.54634664239,0.4889399999999999,0,0.9778799999999997,85912.97238459924,4.090481449666629,21003.14435886296,30,30,30,-2.467644144577008e-16,-8.716985466783456e-17,-5.854691731421724e-17
VF60_C13,VF60_C13. SC8+DGR+BCC2,bcl,C,205,Imported,"B, C, L model_30 mm_merge.xlsx",0.6,1.124387128270701,1331,7430,11.16453794139745,5.751297087492261,11.16453794139745,5.751297087492261,3.763868956479223,0.8047634011106486,33.25379595245317,29.19786807751992,3.580985888407077,0.3828470556421007,32.82432006575667,8.246093047896274,3.201483550129308,0.6845181966196536,3.045926292211956,0.3256432583136855,29.84033088808686,30.23704962645375,29.3071851298972,8.96865444793552,29.84033088808686,30.23704962645374,29.3071851298972,8.96865444793552,1,3443,27965.54634664239,0.587832,0,1.175664,103289.5536932625,3.402332639257474,30358.45246330894,30,30,30,-2.589074787895385e-16,-1.014813233446432e-16,-7.112366251504909e-17
VF30_C14,VF30_C14. SC8+FCC+BCC,bcl,C,206,Imported,"B, C, L model_30 mm_merge.xlsx",0.3,0.4749175572444034,1331,8430,12.6671675432006,5.902054900316013,12.6671675432006,5.902054900316013,3.820662756080654,0.7712181777321188,34.80107097166095,27.49541757304076,3.655301962978384,0.3852872814382757,34.83987515172068,5.483992517658941,5.366310411196864,1.083214196249457,5.134052972558449,0.5411551036252489,28.87342187051017,29.43966420029827,28.2994075869152,6.301502641635454,28.87342187051017,29.4396642002983,28.2994075869152,6.301502641635454,1,4443,32208.18703376242,0.355986,0,0.711972,72040.88950463722,5.618198468479098,12822.77404559889,30,30,30,6.375108774214766e-17,3.317658647805644e-17,3.410900034639397e-16
VF45_C14,VF45_C14. SC8+FCC+BCC,bcl,C,207,Imported,"B, C, L model_30 mm_merge.xlsx",0.45,0.7807982133176415,1331,8430,12.6671675432006,5.902054900316013,12.6671675432006,5.902054900316013,3.820662756080654,0.7712181777321188,34.80107097166095,27.49541757304076,3.655301962978384,0.3852872814382757,34.83987515172068,5.483992517658941,4.185193072714047,0.8448002823223997,4.004055168121792,0.4220476300123515,28.87342187051017,29.43966420029827,28.2994075869152,6.301502641635454,28.87342187051017,29.4396642002983,28.2994075869152,6.301502641635454,1,4443,32208.18703376242,0.45645,0,0.9129,92371.78994227767,4.381640924526234,21081.55175957632,30,30,30,1.301042606982605e-18,-2.233456475320139e-17,-6.505213034913027e-19
VF60_C14,VF60_C14. SC8+FCC+BCC,bcl,C,208,Imported,"B, C, L model_30 mm_merge.xlsx",0.6,1.146876703272227,1331,8430,12.6671675432006,5.902054900316013,12.6671675432006,5.902054900316013,3.820662756080654,0.7712181777321188,34.80107097166095,27.49541757304076,3.655301962978384,0.3852872814382757,34.83987515172068,5.483992517658941,3.453238210485045,0.6970518598446481,3.303779793002878,0.348235069991211,28.87342187051017,29.43966420029827,28.2994075869152,6.301502641635454,28.87342187051017,29.4396642002983,28.2994075869152,6.301502641635454,1,4443,32208.18703376242,0.5532,0,1.1064,111951.0881719093,3.615328994938539,30965.67098835013,30,30,30,-1.431146867680866e-17,2.168404344971009e-18,4.336808689942018e-19
VF30_L1,VF30_L1. Octahedron,bcl,L,209,Imported,"B, C, L model_30 mm_merge.xlsx",0.3,0.4244448415253612,450,1500,6.666666666666667,1.887716712732035,6.666666666666667,1.887716712732035,4.242640687119285,0,30.00000000000083,21.21320343559688,4.242640687119285,0,30,10.6184065091177,2.801898747405752,0,2.801898747405752,0,30.00000000000083,21.21320343559693,30,10.6184065091177,30.00000000000083,21.21320343559693,30,10.6184065091177,1,156,6363.961030678743,0.757101,0,1.514202,30273.40003826374,2.641655472651602,11460.01072118475,30,30,30,2.844946500601964e-16,1.734723475976807e-18,-2.844946500601964e-16
VF45_L1,VF45_L1. Octahedron,bcl,L,210,Imported,"B, C, L model_30 mm_merge.xlsx",0.45,0.7722096640073345,450,1500,6.666666666666667,1.887716712732035,6.666666666666667,1.887716712732035,4.242640687119285,0,30.00000000000083,21.21320343559688,4.242640687119285,0,30,10.6184065091177,2.077281965882924,0,2.077281965882924,0,30.00000000000083,21.21320343559693,30,10.6184065091177,30.00000000000083,21.21320343559693,30,10.6184065091177,1,156,6363.961030678743,1.0212,0,2.0424,40833.6485080259,1.958480219349784,20849.66092819803,30,30,30,1.838806884535416e-16,2.602085213965211e-17,3.469446951953614e-18
VF60_L1,VF60_L1. Octahedron,bcl,L,211,Imported,"B, C, L model_30 mm_merge.xlsx",0.6,1.364917939209671,450,1500,6.666666666666667,1.887716712732035,6.666666666666667,1.887716712732035,4.242640687119285,0,30.00000000000083,21.21320343559688,4.242640687119285,0,30,10.6184065091177,1.562463195266357,0,1.562463195266357,0,30.00000000000083,21.21320343559693,30,10.6184065091177,30.00000000000083,21.21320343559693,30,10.6184065091177,1,156,6363.961030678743,1.357677,0,2.715354,54287.99980947032,1.473104427636323,36852.78435866111,30,30,30,2.844946500601964e-16,1.734723475976807e-18,-2.844946500601964e-16
VF30_L2,VF30_L2. Cuboctahedron,bcl,L,212,Imported,"B, C, L model_30 mm_merge.xlsx",0.3,0.5078535085886559,540,1800,6.666666666666667,1.334569618562611,6.666666666666667,1.334569618562611,4.242640687119285,0,30.00000000000071,21.21320343559699,4.242640687119285,0,30,11.37568934077125,2.805979290422807,0,2.805979290422807,0,30.00000000000071,21.21320343559698,30,11.37568934077125,30.00000000000071,21.213203435597,30,11.37568934077125,1,186,7636.75323681447,0.756,0,1.512,36275.25061347542,2.645502645502646,13712.04473189371,30,30,30,-9.367506770274758e-17,1.023486850826316e-16,-2.125036258071589e-16
VF45_L2,VF45_L2. Cuboctahedron,bcl,L,213,Imported,"B, C, L model_30 mm_merge.xlsx",0.45,0.8457482744923704,540,1800,6.666666666666667,1.334569618562611,6.666666666666667,1.334569618562611,4.242640687119285,0,30.00000000000071,21.21320343559699,4.242640687119285,0,30,11.37568934077125,2.17436840964987,0,2.17436840964987,0,30.00000000000071,21.21320343559698,30,11.37568934077125,30.00000000000071,21.213203435597,30,11.37568934077125,1,186,7636.75323681447,0.9756029999999999,0,1.951206,46812.49116965405,2.05001419634831,22835.203411294,30,30,30,-2.775557561562891e-17,-2.949029909160572e-17,8.673617379884035e-18
VF60_L2,VF60_L2. Cuboctahedron,bcl,L,214,Imported,"B, C, L model_30 mm_merge.xlsx",0.6,1.316497930529973,540,1800,6.666666666666667,1.334569618562611,6.666666666666667,1.334569618562611,4.242640687119285,0,30.00000000000071,21.21320343559699,4.242640687119285,0,30,11.37568934077125,1.742784142286689,0,1.742784142286689,0,30.00000000000071,21.21320343559698,30,11.37568934077125,30.00000000000071,21.213203435597,30,11.37568934077125,1,186,7636.75323681447,1.217202,0,2.434404,58405.16877939619,1.643112646873733,35545.44412430928,30,30,30,3.122502256758253e-16,1.040834085586084e-17,1.734723475976807e-18
VF30_L3,VF30_L3. Cubic+Octet,bcl,L,215,Imported,"B, C, L model_30 mm_merge.xlsx",0.3,0.5379217260929261,990,3600,7.272727272727272,3.334466823243571,7.272727272727272,3.334466823243571,3.621320343559642,0.6214066560339853,29.99999999999892,31.76772433152333,3.451869340770649,0.4127068754534204,30,14.9031341702566,3.040571237245711,0.5217520201796685,2.898294996448907,0.3465213060062304,29.99999999999893,31.76772433152331,30,14.9031341702566,29.99999999999893,31.76772433152329,30,14.9031341702566,1,636,13036.75323681501,0.5955,0,1.191,48778.79632076912,3.358522250209908,14523.886604509,30,30,30,5.030698080332741e-17,-2.671474153004283e-16,2.602085213965211e-18
VF45_L3,VF45_L3. Cubic+Octet,bcl,L,216,Imported,"B, C, L model_30 mm_merge.xlsx",0.45,0.8837468345751505,990,3600,7.272727272727272,3.334466823243571,7.272727272727272,3.334466823243571,3.621320343559642,0.6214066560339853,29.99999999999892,31.76772433152333,3.451869340770649,0.4127068754534204,30,14.9031341702566,2.372197205469813,0.4070612354208822,2.261195924957584,0.270349486857723,29.99999999999893,31.76772433152331,30,14.9031341702566,29.99999999999893,31.76772433152329,30,14.9031341702566,1,636,13036.75323681501,0.763284,0,1.526568,62522.37576977654,2.620256680344406,23861.16453352906,30,30,30,5.030698080332741e-17,-2.671474153004283e-16,7.19910242530375e-17
VF60_L3,VF60_L3. Cubic+Octet,bcl,L,217,Imported,"B, C, L model_30 mm_merge.xlsx",0.6,1.380602614269313,990,3600,7.272727272727272,3.334466823243571,7.272727272727272,3.334466823243571,3.621320343559642,0.6214066560339853,29.99999999999892,31.76772433152333,3.451869340770649,0.4127068754534204,30,14.9031341702566,1.897930827070161,0.3256786853256361,1.809121704606542,0.2162993127244037,29.99999999999893,31.76772433152331,30,14.9031341702566,29.99999999999893,31.76772433152329,30,14.9031341702566,1,636,13036.75323681501,0.954018,0,1.908036,78145.84333895467,2.096396504049189,37276.27058527144,30,30,30,4.510281037539698e-17,-2.758210326803123e-16,1.960237527853792e-16
VF30_L4,VF30_L4. Isotropic,bcl,L,218,Imported,"B, C, L model_30 mm_merge.xlsx",0.3,0.4374181181787145,522,2001,7.666666666666667,5.548598757937313,7.666666666666667,5.548598757937313,5.310421000852889,0.8434029334176196,32.74366205606355,30.51085365578954,4.539300812969893,1.183684319267388,33.12426079401479,26.60401635050556,4.46407669941147,0.7089862334229606,3.815853204019783,0.995035532635099,32.48957196845757,30.40755171118834,30.86224755896784,25.56031121389458,32.48957196845757,30.40755171118827,30.86224755896784,25.56031121389458,1,441,10626.15242270646,0.594795,0,1.18959,39712.13339327092,3.362503047268387,11810.28919082529,30,30,30,-2.376571162088226e-16,5.39499001028787e-16,-2.112025832001763e-16
VF45_L4,VF45_L4. Isotropic,bcl,L,219,Imported,"B, C, L model_30 mm_merge.xlsx",0.45,0.7141874126159647,522,2001,7.666666666666667,5.548598757937313,7.666666666666667,5.548598757937313,5.310421000852889,0.8434029334176196,32.74366205606355,30.51085365578954,4.539300812969893,1.183684319267388,33.12426079401479,26.60401635050556,3.493606089874536,0.5548557494655534,2.986303526861065,0.7787191911182519,32.48957196845757,30.40755171118834,30.86224755896784,25.56031121389458,32.48957196845757,30.40755171118827,30.86224755896784,25.56031121389458,1,441,10626.15242270646,0.7600199999999999,0,1.52004,50743.55975008828,2.631509697113234,19283.06014063105,30,30,30,-2.376571162088226e-16,5.39499001028787e-16,-2.112025832001763e-16
VF60_L4,VF60_L4. Isotropic,bcl,L,220,Imported,"B, C, L model_30 mm_merge.xlsx",0.6,1.052876230884169,522,2001,7.666666666666667,5.548598757937313,7.666666666666667,5.548598757937313,5.310421000852889,0.8434029334176196,32.74366205606355,30.51085365578954,4.539300812969893,1.183684319267388,33.12426079401479,26.60401635050556,2.877341244501999,0.4569803497061225,2.459525798098122,0.6413547460269764,32.48957196845757,30.40755171118834,30.86224755896784,25.56031121389458,32.48957196845757,30.40755171118827,30.86224755896784,25.56031121389458,1,441,10626.15242270646,0.9228,0,1.8456,61611.74302963275,2.167316861725184,28427.65823387255,30,30,30,-2.376571162088226e-16,5.39499001028787e-16,-2.112025832001763e-16
VF30_L5,VF30_L5. Octet,bcl,L,221,Imported,"B, C, L model_30 mm_merge.xlsx",0.3,0.4567680037255854,791,3550,8.975979772439949,2.744970917204623,8.975979772439949,2.744970917204623,3.98011096448845,0.5073270752458298,34.50405804023604,24.02352939154686,3.929817308636925,0.4137242778180321,34.05212968020859,4.888478432418184,3.775479951136834,0.4812436684175962,3.727772062831461,0.3924533084974693,27.74797097987912,26.33792274372097,27.97393515989571,4.627689164855441,27.74797097987912,26.337922743721,27.97393515989571,4.627689164855441,1,1183,14129.39392393463,0.5270999999999999,0,1.0542,46794.67311929731,3.794346423828495,12332.73610059081,30,30,30,-2.0643209364124e-16,-2.949029909160572e-17,-4.336808689942018e-18
VF45_L5,VF45_L5. Octet,bcl,L,222,Imported,"B, C, L model_30 mm_merge.xlsx",0.45,0.7510598302207404,791,3550,8.975979772439949,2.744970917204623,8.975979772439949,2.744970917204623,3.98011096448845,0.5073270752458298,34.50405804023604,24.02352939154686,3.929817308636925,0.4137242778180321,34.05212968020859,4.888478432418184,2.944304604592728,0.3752974369328522,2.907099651307091,0.3060543555393046,27.74797097987912,26.33792274372097,27.97393515989571,4.627689164855441,27.74797097987912,26.337922743721,27.97393515989571,4.627689164855441,1,1183,14129.39392393463,0.6759000000000001,0,1.3518,60004.78004426688,2.959017606154757,20278.61541595999,30,30,30,-2.0643209364124e-16,-2.949029909160572e-17,-4.336808689942018e-18
VF60_L5,VF60_L5. Octet,bcl,L,223,Imported,"B, C, L model_30 mm_merge.xlsx",0.6,1.130389796530713,791,3550,8.975979772439949,2.744970917204623,8.975979772439949,2.744970917204623,3.98011096448845,0.5073270752458298,34.50405804023604,24.02352939154686,3.929817308636925,0.4137242778180321,34.05212968020859,4.888478432418184,2.399970432035968,0.3059135764868727,2.369643818522024,0.2494719475506705,27.74797097987912,26.33792274372097,27.97393515989571,4.627689164855441,27.74797097987912,26.337922743721,27.97393515989571,4.627689164855441,1,1183,14129.39392393463,0.8291999999999999,0,1.6584,73614.38617059635,2.41196333815726,30520.52450632924,30,30,30,-2.012279232133096e-16,-1.561251128379126e-17,-8.673617379884035e-19
VF30_L6,VF30_L6. Snap-fit Modified Octe,bcl,L,224,Imported,"B, C, L model_30 mm_merge.xlsx",0.3,0.4213102586200488,666,2100,6.306306306306307,3.348776796885494,6.306306306306307,3.348776796885494,4.242640687119285,0,21.42857142857175,22.47447531793199,4.242640687119285,0,16.32882882882883,11.60836401123229,3.327561323230812,0,3.327561323230812,0,34.2857142857143,19.16629694999875,36.83558558558559,9.528084456803077,34.2857142857143,19.16629694999875,36.83558558558559,9.528084456803077,1,108,8909.545442950352,0.6375,0,1.275,35687.45720075707,3.137254901960783,11375.37698274132,30,30,30,-2.949029909160572e-17,9.540979117872439e-18,-5.898059818321144e-17
VF45_L6,VF45_L6. Snap-fit Modified Octe,bcl,L,225,Imported,"B, C, L model_30 mm_merge.xlsx",0.45,0.7086676233119205,666,2100,6.306306306306307,3.348776796885494,6.306306306306307,3.348776796885494,4.242640687119285,0,21.42857142857175,22.47447531793199,4.242640687119285,0,16.32882882882883,11.60836401123229,2.565699496322742,0,2.565699496322742,0,34.2857142857143,19.16629694999875,36.83558558558559,9.528084456803077,34.2857142857143,19.16629694999875,36.83558558558559,9.528084456803077,1,108,8909.545442950352,0.8267999999999999,0,1.6536,46284.53272719363,2.418964683115626,19134.02582942185,30,30,30,-1.908195823574488e-17,1.214306433183765e-17,0
VF60_L6,VF60_L6. Snap-fit Modified Octe,bcl,L,226,Imported,"B, C, L model_30 mm_merge.xlsx",0.6,1.083921973085412,666,2100,6.306306306306307,3.348776796885494,6.306306306306307,3.348776796885494,4.242640687119285,0,21.42857142857175,22.47447531793199,4.242640687119285,0,16.32882882882883,11.60836401123229,2.074569910623737,0,2.074569910623737,0,34.2857142857143,19.16629694999875,36.83558558558559,9.528084456803077,34.2857142857143,19.16629694999875,36.83558558558559,9.528084456803077,1,108,8909.545442950352,1.022535,0,2.04507,57241.84164513905,1.955923269130152,29265.89327330613,30,30,30,-2.949029909160572e-17,5.204170427930421e-18,1.734723475976807e-18
VF30_L7,VF30_L7. 3D Chiral Metamaterial,bcl,L,227,Imported,"B, C, L model_30 mm_merge.xlsx",0.3,0.4926289916005956,2016,3600,3.571428571428572,1.879458541650697,3.571428571428572,1.879458541650697,2.770187705353509,0.7590916533975167,30.00000000000071,25.28180344839768,2.657522268244215,0.3630447702452155,29.91013173707566,21.67949256041912,2.125779045500491,0.5825096715606279,2.039322151299335,0.278592300324766,30.00000000000069,25.28180344839774,29.99909588119801,21.7382579846369,30.00000000000082,25.28180344839776,30.09077238172632,21.80062837527972,1,-2442,9972.675739272516,0.65157,0,1.30314,40827.48675726655,3.069509032030327,13300.98277321608,30,30,30,0.04392779060765765,0.1043305525611172,-0.01647497134589313
VF45_L7,VF45_L7. 3D Chiral Metamaterial,bcl,L,228,Imported,"B, C, L model_30 mm_merge.xlsx",0.45,0.7841202167339525,2016,3600,3.571428571428572,1.879458541650697,3.571428571428572,1.879458541650697,2.770187705353509,0.7590916533975167,30.00000000000071,25.28180344839768,2.657522268244215,0.3630447702452155,29.91013173707566,21.67949256041912,1.684949075015607,0.4617126762827047,1.616421038566427,0.2208196753713726,30.00000000000069,25.28180344839774,29.99909588119801,21.7382579846369,30.00000000000082,25.28180344839776,30.09077238172632,21.80062837527972,1,-2442,9972.675739272516,0.8220390000000001,0,1.644078,51509.10322215057,2.432974591229856,21171.24585181672,30,30,30,0.04392779060765765,0.1043305525611176,-0.01647497134589329
VF60_L7,VF60_L7. 3D Chiral Metamaterial,bcl,L,229,Imported,"B, C, L model_30 mm_merge.xlsx",0.6,1.146260133205612,2016,3600,3.571428571428572,1.879458541650697,3.571428571428572,1.879458541650697,2.770187705353509,0.7590916533975167,30.00000000000071,25.28180344839768,2.657522268244215,0.3630447702452155,29.91013173707566,21.67949256041912,1.393594780839878,0.381875265820262,1.336916323696657,0.1826364675748142,30.00000000000069,25.28180344839774,29.99909588119801,21.7382579846369,30.00000000000082,25.28180344839776,30.09077238172632,21.80062837527972,1,-2442,9972.675739272516,0.9939,0,1.9878,62277.94264322672,2.012274876748164,30949.02359655152,30,30,30,0.04392779060765762,0.1043305525611177,-0.01647497134589331
VF30_L8,VF30_L8. 3D chiral,bcl,L,230,Imported,"B, C, L model_30 mm_merge.xlsx",0.3,0.4896311802705618,726,1820,5.013774104683195,2.518308753482471,5.013774104683195,2.518308753482471,4.506945432483123,2.449169454637682,23.27528880061441,22.48663886123596,3.896871927699193,1.410554964112068,10.29118770462183,15.92861356819762,3.146209725991709,1.709716896780231,2.72032944342003,0.9846806032195935,33.36235559969351,36.95769520408713,39.85440614768908,10.2300342036438,33.36235559969351,36.95769520408711,39.85440614768908,10.2300342036438,1,-352,8202.640687119203,0.71625,0,1.4325,36914.60207275439,2.792321116928447,13220.04186730517,30,30,30,2.541369892306022e-16,-3.209238430557093e-17,-1.222980050563649e-16
VF45_L8,VF45_L8. 3D chiral,bcl,L,231,Imported,"B, C, L model_30 mm_merge.xlsx",0.45,0.7927894185288439,726,1820,5.013774104683195,2.518308753482471,5.013774104683195,2.518308753482471,4.506945432483123,2.449169454637682,23.27528880061441,22.48663886123596,3.896871927699193,1.410554964112068,10.29118770462183,15.92861356819762,2.472539736933906,1.343630378888348,2.137849422700897,0.773839677480836,33.36235559969351,36.95769520408713,39.85440614768908,10.2300342036438,33.36235559969351,36.95769520408711,39.85440614768908,10.2300342036438,1,-352,8202.640687119203,0.9113999999999999,0,1.8228,46972.38161132056,2.194426157559798,21405.31430027878,30,30,30,8.500145032286355e-17,-5.204170427930421e-18,1.734723475976807e-18
VF60_L8,VF60_L8. 3D chiral,bcl,L,232,Imported,"B, C, L model_30 mm_merge.xlsx",0.6,1.17956756171462,726,1820,5.013774104683195,2.518308753482471,5.013774104683195,2.518308753482471,4.506945432483123,2.449169454637682,23.27528880061441,22.48663886123596,3.896871927699193,1.410554964112068,10.29118770462183,15.92861356819762,2.027032873898374,1.101532528554066,1.752647690359533,0.6344077880526702,33.36235559969351,36.95769520408713,39.85440614768908,10.2300342036438,33.36235559969351,36.95769520408711,39.85440614768908,10.2300342036438,1,-352,8202.640687119203,1.11171,0,2.22342,57296.1009009449,1.799030322656088,31848.32416629473,30,30,30,1.97758476261356e-16,-3.642919299551295e-16,-1.040834085586084e-17
VF30_L9,VF30_L9. Honeycomb Auxetic,bcl,L,233,Imported,"B, C, L model_30 mm_merge.xlsx",0.3,0.4392057884489304,1332,2866,4.303303303303303,1.171110252170517,4.303303303303303,1.171110252170517,3.600660675647872,0.5742239850013297,45.24361331491303,27.34859749376971,3.499625138203285,0.4435487157662441,48.8256701575321,13.38527026584204,2.976736669682434,0.4747222098225278,2.89320861293261,0.3666904065527812,22.37819334254288,29.57628153967875,20.58716492123395,7.746943172549872,22.37819334254288,29.57628153967852,20.58716492123395,7.746943172549872,1,-1124,10319.49349640676,0.6048,0,1.2096,39214.80254008307,3.306878306878307,11858.55628812112,30,30,30,2.818925648462312e-16,-3.729655473350135e-17,0
VF45_L9,VF45_L9. Honeycomb Auxetic,bcl,L,234,Imported,"B, C, L model_30 mm_merge.xlsx",0.45,0.706255114308501,1332,2866,4.303303303303303,1.171110252170517,4.303303303303303,1.171110252170517,3.600660675647872,0.5742239850013297,45.24361331491303,27.34859749376971,3.499625138203285,0.4435487157662441,48.8256701575321,13.38527026584204,2.347435360003046,0.3743628762550475,2.281565672581956,0.2891696921944129,22.37819334254288,29.57628153967875,20.58716492123395,7.746943172549872,22.37819334254288,29.57628153967852,20.58716492123395,7.746943172549872,1,-1124,10319.49349640676,0.7669349999999999,0,1.53387,49727.52081031515,2.60778292814906,19068.88808632953,30,30,30,1.986258379993444e-16,-3.729655473350135e-17,3.469446951953614e-18
VF60_L9,VF60_L9. Honeycomb Auxetic,bcl,L,235,Imported,"B, C, L model_30 mm_merge.xlsx",0.6,1.032822050225472,1332,2866,4.303303303303303,1.171110252170517,4.303303303303303,1.171110252170517,3.600660675647872,0.5742239850013297,45.24361331491303,27.34859749376971,3.499625138203285,0.4435487157662441,48.8256701575321,13.38527026584204,1.941161612835125,0.3095713973806296,1.886692079466971,0.2391227105322358,22.37819334254288,29.57628153967875,20.58716492123395,7.746943172549872,22.37819334254288,29.57628153967852,20.58716492123395,7.746943172549872,1,-1124,10319.49349640676,0.9274499999999999,0,1.8549,60135.19943088631,2.156450482505796,27886.19535608774,30,30,30,-9.84455572616838e-17,2.992397996059992e-17,4.336808689942018e-19
VF30_L10,VF30_L10. Lattice Auxetic,bcl,L,236,Imported,"B, C, L model_30 mm_merge.xlsx",0.3,0.4844744375397967,951,3220,6.771819137749737,3.010417833019144,6.771819137749737,3.010417833019144,3.803796614717657,0.8248702592472493,15.58746915337626,21.41184058633141,3.629648761103765,0.4354186618592559,12.06607287221617,12.22227646826788,3.261981489338527,0.7073752330394043,3.112639362922361,0.3733973603115135,37.20626542331055,34.53517016399343,38.96696356389192,17.16734651978976,37.20626542331055,34.53517016399341,38.96696356389192,17.16734651978976,1,373,12248.2250993911,0.58305,0,1.1661,44870.28492779182,3.430237543949918,13080.80981357451,30,30,30,5.192894725336572e-15,-8.443766519317109e-16,1.214306433183765e-17
VF45_L10,VF45_L10. Lattice Auxetic,bcl,L,237,Imported,"B, C, L model_30 mm_merge.xlsx",0.45,0.8132296956079147,951,3220,6.771819137749737,3.010417833019144,6.771819137749737,3.010417833019144,3.803796614717657,0.8248702592472493,15.58746915337626,21.41184058633141,3.629648761103765,0.4354186618592559,12.06607287221617,12.22227646826788,2.517736705531942,0.5459824326497548,2.402468070627327,0.288204038826619,37.20626542331055,34.53517016399343,38.96696356389192,17.16734651978976,37.20626542331055,34.53517016399341,38.96696356389192,17.16734651978976,1,373,12248.2250993911,0.7554,0,1.5108,58133.97347475164,2.647603918453799,21957.2017814137,30,30,30,5.324733709510809e-15,-1.798474563718955e-15,-2.34187669256869e-16
VF60_L10,VF60_L10. Lattice Auxetic,bcl,L,238,Imported,"B, C, L model_30 mm_merge.xlsx",0.6,1.282770940172842,951,3220,6.771819137749737,3.010417833019144,6.771819137749737,3.010417833019144,3.803796614717657,0.8248702592472493,15.58746915337626,21.41184058633141,3.629648761103765,0.4354186618592559,12.06607287221617,12.22227646826788,2.004667591433676,0.4347211071833807,1.912888615421464,0.2294732785547365,37.20626542331055,34.53517016399343,38.96696356389192,17.16734651978976,37.20626542331055,34.53517016399341,38.96696356389192,17.16734651978976,1,373,12248.2250993911,0.948735,0,1.89747,73012.62288134565,2.108070219819022,34634.81538466673,30,30,30,5.309988559965007e-15,-1.712172070789109e-15,6.938893903907228e-18
VF30_L11,VF30_L11. FBCCz,bcl,L,239,Imported,"B, C, L model_30 mm_merge.xlsx",0.3,0.46010163711311,641,2380,7.425897035881436,4.384049588637408,7.425897035881436,4.384049588637408,4.776185398004107,0.5753688235270721,44.82513777052256,15.3521720669698,4.638136242771757,0.3893187334122299,44.61870412770346,5.33172616726425,4.048987282133017,0.4877660423254257,3.931956801264629,0.3300430089964649,26.19706401889443,18.32062925085336,25.29243541253733,16.27011753499244,26.19706401889447,18.32062925085333,25.29243541253733,16.27011753499244,1,463,11367.32124724974,0.5898,0,1.1796,42125.27705003042,3.39097999321804,12422.74420205397,30,30,30,-5.551115123125783e-17,-2.775557561562891e-17,-2.602085213965211e-18
VF45_L11,VF45_L11. FBCCz,bcl,L,240,Imported,"B, C, L model_30 mm_merge.xlsx",0.45,0.758943623522381,641,2380,7.425897035881436,4.384049588637408,7.425897035881436,4.384049588637408,4.776185398004107,0.5753688235270721,44.82513777052256,15.3521720669698,4.638136242771757,0.3893187334122299,44.61870412770346,5.33172616726425,3.152597622444955,0.3797814016680345,3.061476067836143,0.2569760616582377,26.19706401889443,18.32062925085336,25.29243541253733,16.27011753499244,26.19706401889447,18.32062925085333,25.29243541253733,16.27011753499244,1,463,11367.32124724974,0.7575,0,1.515,54102.9117758529,2.64026402640264,20491.47783510429,30,30,30,-3.816391647148976e-17,-3.469446951953614e-18,1.734723475976807e-18
VF60_L11,VF60_L11. FBCCz,bcl,L,241,Imported,"B, C, L model_30 mm_merge.xlsx",0.6,1.147318691689052,641,2380,7.425897035881436,4.384049588637408,7.425897035881436,4.384049588637408,4.776185398004107,0.5753688235270721,44.82513777052256,15.3521720669698,4.638136242771757,0.3893187334122299,44.61870412770346,5.33172616726425,2.564078206720301,0.3088847141169531,2.489967006904789,0.209004382498929,26.19706401889443,18.32062925085336,25.29243541253733,16.27011753499244,26.19706401889447,18.32062925085333,25.29243541253733,16.27011753499244,1,463,11367.32124724974,0.931365,0,1.86273,66520.8692093957,2.147385826179855,30977.60467560441,30,30,30,-3.816391647148976e-17,-3.469446951953614e-18,3.469446951953614e-18
VF30_L12,VF30_L12. Weaire-Phelean,bcl,L,242,Imported,"B, C, L model_30 mm_merge.xlsx",0.3,0.3987524342795261,6310,11450,3.629160063391442,0.6360335545946396,3.629160063391442,0.6360335545946396,1.373567661121869,0.2645736504195207,31.24927631471181,24.31279702995051,1.3697219635694,0.1194225676261154,30.56299450594003,7.373340537231641,1.471259277122825,0.2833907995067703,1.467140063806127,0.1279162035412548,33.83168306438198,25.60201550882874,34.74575734381288,9.437536261454541,31.5104269286832,24.45865735567489,31.13122929834251,7.646288363250187,1,-7474,15727.34971984504,0.4668,0,0.9336,46128.17363130764,4.284490145672665,10766.3157255472,30,30,30,-3.04639126424977e-15,5.182486384480711e-17,-9.085614205428527e-17
VF45_L12,VF45_L12. Weaire-Phelean,bcl,L,243,Imported,"B, C, L model_30 mm_merge.xlsx",0.45,0.6754916726030035,6310,11450,3.629160063391442,0.6360335545946396,3.629160063391442,0.6360335545946396,1.373567661121869,0.2645736504195207,31.24927631471181,24.31279702995051,1.3697219635694,0.1194225676261154,30.56299450594003,7.373340537231641,1.130396718942878,0.2177345862297721,1.127231848351932,0.09828047240282067,33.83168306438198,25.60201550882874,34.74575734381288,9.437536261454541,31.5104269286832,24.45865735567489,31.13122929834251,7.646288363250187,1,-7474,15727.34971984504,0.60756,0,1.21512,60037.77457462996,3.291855948383698,18238.27516028109,30,30,30,-2.019434966471501e-15,2.183583175385806e-16,-3.361026734705064e-17
VF60_L12,VF60_L12. Weaire-Phelean,bcl,L,244,Imported,"B, C, L model_30 mm_merge.xlsx",0.6,1.176744235559002,6310,11450,3.629160063391442,0.6360335545946396,3.629160063391442,0.6360335545946396,1.373567661121869,0.2645736504195207,31.24927631471181,24.31279702995051,1.3697219635694,0.1194225676261154,30.56299450594003,7.373340537231641,0.8564457295933842,0.1649667355153515,0.8540478635549321,0.07446225690617,33.83168306438198,25.60201550882874,34.74575734381288,9.437536261454541,31.5104269286832,24.45865735567489,31.13122929834251,7.646288363250187,1,-7474,15727.34971984504,0.8019,0,1.6038,79242.03606457924,2.494076568150642,31772.09436009305,30,30,30,-3.04639126424977e-15,-3.144186300207963e-17,-5.616167253474913e-17
VF30_L13,VF30_L13. Diamond,bcl,L,245,Imported,"B, C, L model_30 mm_merge.xlsx",0.3,0.3925690429238566,1162,2000,3.442340791738382,0.9692235777720628,3.442340791738382,0.9692235777720628,2.598076211353316,0,35.26438968275683,2.174260771425972e-12,2.598076211353316,0,35.26438968275465,0,1.612121839671998,0,1.612121839671998,0,35.26438968275683,2.174260771425972e-12,35.26438968275465,0,35.26438968275683,2.174260771425972e-12,35.26438968275465,0,1,-1480,5196.152422706459,0.8057939999999999,0,1.611588,26307.87560826745,2.482023941602941,10599.36415894413,30,30,30,-1.994931997373328e-16,-1.214306433183765e-17,1.361757928641794e-16
VF45_L13,VF45_L13. Diamond,bcl,L,246,Imported,"B, C, L model_30 mm_merge.xlsx",0.45,0.655873218695272,1162,2000,3.442340791738382,0.9692235777720628,3.442340791738382,0.9692235777720628,2.598076211353316,0,35.26438968275683,2.174260771425972e-12,2.598076211353316,0,35.26438968275465,0,1.247228244404111,0,1.247228244404111,0,35.26438968275683,2.174260771425972e-12,35.26438968275465,0,35.26438968275683,2.174260771425972e-12,35.26438968275465,0,1,-1480,5196.152422706459,1.04154,0,2.08308,34004.60261684112,1.920233500393648,17708.57690477234,30,30,30,-1.856154119295184e-16,1.734723475976807e-18,1.734723475976807e-18
VF60_L13,VF60_L13. Diamond,bcl,L,247,Imported,"B, C, L model_30 mm_merge.xlsx",0.6,0.9878540807902536,1162,2000,3.442340791738382,0.9692235777720628,3.442340791738382,0.9692235777720628,2.598076211353316,0,35.26438968275683,2.174260771425972e-12,2.598076211353316,0,35.26438968275465,0,1.016270892537128,0,1.016270892537128,0,35.26438968275683,2.174260771425972e-12,35.26438968275465,0,35.26438968275683,2.174260771425972e-12,35.26438968275465,0,1,-1480,5196.152422706459,1.27824,0,2.55648,41732.47618809744,1.564651395669044,26672.06018133685,30,30,30,1.023486850826316e-16,5.533767888366015e-16,-3.209238430557093e-17
VF30_L14,VF30_L14. Fluorite,bcl,L,248,Imported,"B, C, L model_30 mm_merge.xlsx",0.3,0.3946906527246729,1666,4000,4.801920768307323,1.73579759921204,4.801920768307323,1.73579759921204,2.598076211353316,0,35.26438968275491,2.557953848736298e-13,2.598076211353316,0,35.26438968275465,0,2.273748697186617,0,2.273748697186617,0,35.26438968275491,2.557953848736298e-13,35.26438968275465,0,35.26438968275491,2.557953848736298e-13,35.26438968275465,0,1,-992,10392.30484541352,0.57132,0,1.14264,37305.35469987456,3.500665126374011,10656.64762356617,30,30,30,2.333203075188806e-16,4.336808689942018e-18,0
VF45_L14,VF45_L14. Fluorite,bcl,L,249,Imported,"B, C, L model_30 mm_merge.xlsx",0.45,0.6549473778691544,1666,4000,4.801920768307323,1.73579759921204,4.801920768307323,1.73579759921204,2.598076211353316,0,35.26438968275491,2.557953848736298e-13,2.598076211353316,0,35.26438968275465,0,1.765093355177806,0,1.765093355177806,0,35.26438968275491,2.557953848736298e-13,35.26438968275465,0,35.26438968275491,2.557953848736298e-13,35.26438968275465,0,1,-992,10392.30484541352,0.73596,0,1.47192,48055.81608366534,2.717538996684603,17683.57920246717,30,30,30,2.333203075188806e-16,4.336808689942018e-18,0
VF60_L14,VF60_L14. Fluorite,bcl,L,250,Imported,"B, C, L model_30 mm_merge.xlsx",0.6,0.9912403368263555,1666,4000,4.801920768307323,1.73579759921204,4.801920768307323,1.73579759921204,2.598076211353316,0,35.26438968275491,2.557953848736298e-13,2.598076211353316,0,35.26438968275465,0,1.43476707055076,0,1.43476707055076,0,35.26438968275491,2.557953848736298e-13,35.26438968275465,0,35.26438968275491,2.557953848736298e-13,35.26438968275465,0,1,-992,10392.30484541352,0.9053999999999999,0,1.8108,59119.7019975958,2.208968411751714,26763.4890943116,30,30,30,2.402592014227878e-16,1.127570259384925e-17,-1.5482407023093e-16
VF30_L15,VF30_L15. Truncated octahedron,bcl,L,251,Imported,"B, C, L model_30 mm_merge.xlsx",0.3,0.4598920552236442,2416,4900,4.056291390728477,0.9281305083457407,4.056291390728477,0.9281305083457407,2.050247194129657,0.02383676936986978,38.32129256229791,17.90396307966512,2.049323777151447,0.01437670938536689,37.55853175593236,10.76130266024841,1.634340279741133,0.01900131478371097,1.633604184324538,0.01146029381525968,31.88082188276467,20.009809904353,32.14195072812736,6.651581081841041,31.88082188276471,20.00980990435304,32.14195072812736,6.651581081841042,1,-2342,10046.21125123607,0.62724,0,1.25448,39592.77307263055,3.188572157387921,12417.0854910384,30,30,30,1.74426445509468e-15,1.344410693882025e-16,-7.112366251504909e-17
VF45_L15,VF45_L15. Truncated octahedron,bcl,L,252,Imported,"B, C, L model_30 mm_merge.xlsx",0.45,0.7743949763578576,2416,4900,4.056291390728477,0.9281305083457407,4.056291390728477,0.9281305083457407,2.050247194129657,0.02383676936986978,38.32129256229791,17.90396307966512,2.049323777151447,0.01437670938536689,37.55853175593236,10.76130266024841,1.259473906926675,0.01464300945404995,1.25890664869918,0.008831662050401734,31.88082188276467,20.009809904353,32.14195072812736,6.651581081841041,31.88082188276471,20.00980990435304,32.14195072812736,6.651581081841042,1,-2342,10046.21125123607,0.8139299999999999,0,1.62786,51377.05788375453,2.457213765311514,20908.66436166215,30,30,30,1.74426445509468e-15,1.344410693882025e-16,-7.112366251504909e-17
VF60_L15,VF60_L15. Truncated octahedron,bcl,L,253,Imported,"B, C, L model_30 mm_merge.xlsx",0.6,1.211159119148365,2416,4900,4.056291390728477,0.9281305083457407,4.056291390728477,0.9281305083457407,2.050247194129657,0.02383676936986978,38.32129256229791,17.90396307966512,2.049323777151447,0.01437670938536689,37.55853175593236,10.76130266024841,1.007093600337978,0.01170876270620569,1.006640012433133,0.007061925048539474,31.88082188276467,20.009809904353,32.14195072812736,6.651581081841041,31.88082188276471,20.00980990435304,32.14195072812736,6.651581081841042,1,-2342,10046.21125123607,1.017903,0,2.035806,64252.28379719066,1.964823760220768,32701.29621700587,30,30,30,9.71445146547012e-16,-3.469446951953614e-18,-2.602085213965211e-16
VF30_L16,VF30_L16. Voronoi,bcl,L,254,Imported,"B, C, L model_30 mm_merge.xlsx",0.3,0.5213355356264474,626,1199,3.830670926517572,0.5685787448870914,3.830670926517572,0.5685787448870914,3.297648686364119,1.550531778142029,31.54850341860999,29.90799597432448,3.334888621339374,0.8990943797716502,31.75887892907056,12.59987982336315,1.548889962783282,0.728277429330604,1.566381383787704,0.4223003700126114,31.28114786963141,29.61342699971078,31.5852744503398,12.27985413888529,31.36802193598353,29.54935245259452,31.27740321452866,11.94206654833975,1,-673,3953.88077495058,1.06452,0,2.12904,26445.83373147349,1.878781046856799,14076.05946191408,30,30,30,0.02856549351564247,-0.03766007775709707,0.06376731106447407
VF45_L16,VF45_L16. Voronoi,bcl,L,255,Imported,"B, C, L model_30 mm_merge.xlsx",0.45,0.8599763014365827,626,1199,3.830670926517572,0.5685787448870914,3.830670926517572,0.5685787448870914,3.297648686364119,1.550531778142029,31.54850341860999,29.90799597432448,3.334888621339374,0.8990943797716502,31.75887892907056,12.59987982336315,1.205968566274674,0.5670381424138138,1.219587418754617,0.3288038427508558,31.28114786963141,29.61342699971078,31.5852744503398,12.27985413888529,31.36802193598353,29.54935245259452,31.27740321452866,11.94206654833975,1,-673,3953.88077495058,1.36722,0,2.73444,33965.79941602336,1.462822369479674,23219.36013878773,30,30,30,0.02856549351564273,-0.03766007775709711,0.06376731106447402
VF60_L16,VF60_L16. Voronoi,bcl,L,256,Imported,"B, C, L model_30 mm_merge.xlsx",0.6,1.318013597063338,626,1199,3.830670926517572,0.5685787448870914,3.830670926517572,0.5685787448870914,3.297648686364119,1.550531778142029,31.54850341860999,29.90799597432448,3.334888621339374,0.8990943797716502,31.75887892907056,12.59987982336315,0.9741353070874028,0.4580317351859914,0.9851360955106937,0.2655951749381427,31.28114786963141,29.61342699971078,31.5852744503398,12.27985413888529,31.36802193598353,29.54935245259452,31.27740321452866,11.94206654833975,1,-673,3953.88077495058,1.692603,0,3.385206,42049.27808908543,1.181611990525835,35586.36712071013,30,30,30,0.02856549351564274,-0.03766007775709698,0.06376731106447407
VF30_L17,VF30_L17. Compact Voronoi,bcl,L,257,Imported,"B, C, L model_30 mm_merge.xlsx",0.3,0.5050896106325466,2155,4245,3.940603248259861,0.4202384783984886,3.940603248259861,0.4202384783984886,2.10179356370281,0.9474168582918755,31.65247987953174,27.23562799903547,2.115264742807804,0.5312818511186189,31.80712953522023,10.10784859455186,1.50632034247888,0.6793259429759207,1.516273160813656,0.3808357390807007,31.84505384223903,27.37681089809936,31.91690815235102,10.04838508458085,31.93886834224758,27.09213327834949,32.18630651503103,10.20305027065635,1,-2214,8922.11367791844,0.6975210000000001,0,1.395042,39102.53451029792,2.867297185317717,13637.41948707876,30,30,30,0.08456612380361173,0.05709986907409255,0.07862525510959902
VF45_L17,VF45_L17. Compact Voronoi,bcl,L,258,Imported,"B, C, L model_30 mm_merge.xlsx",0.45,0.8329478235242199,2155,4245,3.940603248259861,0.4202384783984886,3.940603248259861,0.4202384783984886,2.10179356370281,0.9474168582918755,31.65247987953174,27.23562799903547,2.115264742807804,0.5312818511186189,31.80712953522023,10.10784859455186,1.172985544472962,0.5289973776659603,1.180735895911651,0.2965603027210011,31.84505384223903,27.37681089809936,31.91690815235102,10.04838508458085,31.93886834224758,27.09213327834949,32.18630651503103,10.20305027065635,1,-2214,8922.11367791844,0.8957399999999999,0,1.79148,50214.55162246621,2.232790765177396,22489.59123515394,30,30,30,0.08456612380361185,0.05709986907409264,0.07862525510959902
VF60_L17,VF60_L17. Compact Voronoi,bcl,L,259,Imported,"B, C, L model_30 mm_merge.xlsx",0.6,1.252879579960712,2155,4245,3.940603248259861,0.4202384783984886,3.940603248259861,0.4202384783984886,2.10179356370281,0.9474168582918755,31.65247987953174,27.23562799903547,2.115264742807804,0.5312818511186189,31.80712953522023,10.10784859455186,0.9564161333426278,0.4313281002307611,0.962735530192798,0.2418060984364305,31.84505384223903,27.37681089809936,31.91690815235102,10.04838508458085,31.93886834224758,27.09213327834949,32.18630651503103,10.20305027065635,1,-2214,8922.11367791844,1.09857,0,2.19714,61585.05813728617,1.820548531272472,33827.74865893924,30,30,30,0.08456612380361127,0.05709986907409255,0.07862525510959913
VF45_L18,VF45_L18. Radial-RTC (C),bcl,L,260,Imported,"B, C, L model_30 mm_merge.xlsx",0.45,0.823670535038625,1118,2122,3.796064400715564,0.6538246977054223,3.796064400715564,0.6538246977054223,2.639991033280002,1.302588592459101,31.89411494475882,28.4476197304645,2.633783286856841,0.7563684990717254,32.49418946833621,13.36324914001167,1.250244341690588,0.736059137027997,1.258359269970566,0.5265059938558876,31.55885648260779,28.19042903091127,31.14120558758372,13.70040316566131,31.52094650921402,28.48733481983283,31.53111047688552,12.78282812745332,1,-1226,5602.060972620166,1.116417246636225,0.2153564583685554,2.23283449327245,38791.65869112135,1.744299496647391,22239.10444604287,30,30,30,0.006354311361580452,0.1197501195416536,0.02873148385172986
VF45_L18-2,VF45_L18-2. Radial-RTE (E),bcl,L,261,Imported,"B, C, L model_30 mm_merge.xlsx",0.45,0.9180344549050385,1096,2092,3.817518248175182,0.6262912868006449,3.817518248175182,0.6262912868006449,2.664734488600552,1.250766517770194,31.90641423592334,28.28564295265448,2.665184355988502,0.7400706225813273,32.26714182949149,12.58366066409518,1.186700460064992,0.5842626167802214,1.178749764771682,0.3593302877119218,31.25449167168382,28.3686846945401,31.33947380244499,12.30953408986647,31.77892942509006,28.28309769640832,31.60557844069401,11.75783226294143,1,-1190,5574.624550152362,1.152413064076137,0.2203274262831004,2.304826128152274,40900.65560103263,1.650089588948202,24786.93028243604,30,30,30,0.08517735582955199,0.05592499548042373,-0.07146868421965115
VF30_L19,VF30_L19. Aligned Voronoi,bcl,L,262,Imported,"B, C, L model_30 mm_merge.xlsx",0.3,0.4619978321871194,1669,2923,3.502696225284601,1.092057072351218,3.502696225284601,1.092057072351218,2.824870000584248,1.844896025466467,60.62838534942583,27.01915466830713,2.731653393007659,1.019868004922788,59.72493505888705,14.36033318909885,2.036831942876852,1.330235782595113,1.969619446769298,0.7353611775108899,16.83416594566538,20.32839989516519,17.3310685234706,10.55399507599746,16.68922103633034,20.26162207713837,17.18749648062359,9.96791049514198,1,-2078,8257.095011707774,0.693447,0,1.386894,35976.62537743252,2.884142551629756,12473.94146905222,30,30,30,-0.06812702806423523,0.08317041860651062,0.2704729356216007
VF45_L19,VF45_L19. Aligned Voronoi,bcl,L,263,Imported,"B, C, L model_30 mm_merge.xlsx",0.45,0.7479036514488393,1669,2923,3.502696225284601,1.092057072351218,3.502696225284601,1.092057072351218,2.824870000584248,1.844896025466467,60.62838534942583,27.01915466830713,2.731653393007659,1.019868004922788,59.72493505888705,14.36033318909885,1.60085626266463,1.045504166819091,1.548030330854504,0.5779600769006201,16.83416594566538,20.32839989516519,17.3310685234706,10.55399507599746,16.68922103633034,20.26162207713837,17.18749648062359,9.96791049514198,1,-2078,8257.095011707774,0.8822997,0,1.7645994,45774.46549991722,2.266803445586573,20193.39858911866,30,30,30,-0.06812702806423523,0.0831704186065107,0.2704729356216008
VF60_L19,VF60_L19. Aligned Voronoi,bcl,L,264,Imported,"B, C, L model_30 mm_merge.xlsx",0.6,1.098507895195616,1669,2923,3.502696225284601,1.092057072351218,3.502696225284601,1.092057072351218,2.824870000584248,1.844896025466467,60.62838534942583,27.01915466830713,2.731653393007659,1.019868004922788,59.72493505888705,14.36033318909885,1.320911054679934,0.8626745847666307,1.277322908180374,0.4768909442693848,16.83416594566538,20.32839989516519,17.3310685234706,10.55399507599746,16.68922103633034,20.26162207713837,17.18749648062359,9.96791049514198,1,-2078,8257.095011707774,1.0692885,0,2.138577,55475.60489106846,1.870402608837558,29659.71317028164,30,30,30,-0.06812702806423512,0.08317041860651064,0.2704729356216006
VF30_L20,VF30_L20. Aligned compact Voron,bcl,L,265,Imported,"B, C, L model_30 mm_merge.xlsx",0.3,0.4128894730029947,6042,11181,3.701092353525323,0.922791012553753,3.701092353525323,0.922791012553753,1.809220460919228,1.141261468260651,60.9819401733211,25.97851556856099,1.774794163887831,0.5602697750514508,59.91346594281228,12.4139099283414,2.159850608742483,1.362439973570006,2.118752434027924,0.6688510553821967,16.71371688502435,19.81321316855397,17.15774896384259,8.672447209197855,16.5233827776836,19.28743599448823,17.30088532904471,9.059773495633493,1,-6939,20228.89397353789,0.41883,0,0.83766,53234.08433531913,4.77520712460903,11148.01577108086,30,30,30,-0.006168933432057464,-0.001678935711400459,0.06848815752555934
VF45_L20,VF45_L20. Aligned compact Voron,bcl,L,266,Imported,"B, C, L model_30 mm_merge.xlsx",0.45,0.6948259427424505,6042,11181,3.701092353525323,0.922791012553753,3.701092353525323,0.922791012553753,1.809220460919228,1.141261468260651,60.9819401733211,25.97851556856099,1.774794163887831,0.5602697750514508,59.91346594281228,12.4139099283414,1.664955404987841,1.050258656216779,1.63327421933122,0.5155945394013984,16.71371688502435,19.81321316855397,17.15774896384259,8.672447209197855,16.5233827776836,19.28743599448823,17.30088532904471,9.059773495633493,1,-6939,20228.89397353789,0.543324,0,1.086648,69057.50695366363,3.681044827763914,18760.30045404616,30,30,30,-0.006168933432059116,-0.001678935711400452,0.06848815752555941
VF60_L20,VF60_L20. Aligned compact Voron,bcl,L,267,Imported,"B, C, L model_30 mm_merge.xlsx",0.6,1.050988506498965,6042,11181,3.701092353525323,0.922791012553753,3.701092353525323,0.922791012553753,1.809220460919228,1.141261468260651,60.9819401733211,25.97851556856099,1.774794163887831,0.5602697750514508,59.91346594281228,12.4139099283414,1.35375986681586,0.8539556160500372,1.328000187279344,0.4192251593646251,16.71371688502435,19.81321316855397,17.15774896384259,8.672447209197855,16.5233827776836,19.28743599448823,17.30088532904471,9.059773495633493,1,-6939,20228.89397353789,0.6682206,0,1.3364412,84932.10079267854,2.993023561380777,28376.68967547207,30,30,30,-0.006168933432058672,-0.001678935711400443,0.06848815752555935
VF30_L21,VF30_L21. Octet,bcl,L,268,Imported,"B, C, L model_30 mm_merge.xlsx",0.3,0.4347555197830016,666,3300,9.90990990990991,2.460696947117987,9.90990990990991,2.460696947117987,4.242640687119285,0,29.99999999999779,21.21320343559533,4.242640687119285,0,30,3.421020821136084,4.106311156716304,0,4.106311156716304,0,29.99999999999779,21.21320343559529,30,3.421020821136084,29.99999999999779,21.21320343559532,30,3.421020821136084,1,1308,14000.71426749435,0.5166,0,1.0332,45444.82785188171,3.871467286101433,11738.39903414104,30,30,30,-1.817990202823694e-14,8.638922910364499e-16,-2.949029909160572e-17
VF45_L21,VF45_L21. Octet,bcl,L,269,Imported,"B, C, L model_30 mm_merge.xlsx",0.45,0.7415795093549024,666,3300,9.90990990990991,2.460696947117987,9.90990990990991,2.460696947117987,4.242640687119285,0,29.99999999999779,21.21320343559533,4.242640687119285,0,30,3.421020821136084,3.144094180464862,0,3.144094180464862,0,29.99999999999779,21.21320343559529,30,3.421020821136084,29.99999999999779,21.21320343559532,30,3.421020821136084,1,1308,14000.71426749435,0.6747,0,1.3494,59352.7397438339,2.96428042092782,20022.64675258236,30,30,30,-1.817990202823694e-14,8.638922910364499e-16,-2.949029909160572e-17
VF60_L21,VF60_L21. Octet,bcl,L,270,Imported,"B, C, L model_30 mm_merge.xlsx",0.6,1.142085146683681,666,3300,9.90990990990991,2.460696947117987,9.90990990990991,2.460696947117987,4.242640687119285,0,29.99999999999779,21.21320343559533,4.242640687119285,0,30,3.421020821136084,2.533524834061438,0,2.533524834061438,0,29.99999999999779,21.21320343559529,30,3.421020821136084,29.99999999999779,21.21320343559532,30,3.421020821136084,1,1308,14000.71426749435,0.8372999999999999,0,1.6746,73656.51250557599,2.388630120625822,30836.29896045938,30,30,30,-1.817729994302297e-14,8.647596527744383e-16,3.816391647148976e-17
VF30_L22,VF30_L22. Kelvin Cell,bcl,L,271,Imported,"B, C, L model_30 mm_merge.xlsx",0.3,0.4711652660596422,1800,3300,3.666666666666667,0.4715355210772317,3.666666666666667,0.4715355210772317,2.121320343559642,0,29.99999999999779,21.21320343559532,2.121320343559642,0,30,11.1834468320879,1.39457790546416,0,1.39457790546416,0,29.99999999999779,21.21320343559529,30,11.1834468320879,29.99999999999779,21.21320343559532,30,11.1834468320879,1,-2094,7000.357133747177,0.76056,0,1.52112,33452.8825697127,2.629641316924372,12721.46218361034,30,30,30,-5.290906601729262e-16,-7.832276494035284e-16,3.599551212651875e-17
VF45_L22,VF45_L22. Kelvin Cell,bcl,L,272,Imported,"B, C, L model_30 mm_merge.xlsx",0.45,0.8419609557178375,1800,3300,3.666666666666667,0.4715355210772317,3.666666666666667,0.4715355210772317,2.121320343559642,0,29.99999999999779,21.21320343559532,2.121320343559642,0,30,11.1834468320879,1.043238095583576,0,1.043238095583576,0,29.99999999999779,21.21320343559529,30,11.1834468320879,29.99999999999779,21.21320343559532,30,11.1834468320879,1,-2094,7000.357133747177,1.0167,0,2.0334,44719.08292393354,1.967148618078096,22732.94580438161,30,30,30,-6.158268339717665e-16,-7.919012667834124e-16,-8.673617379884035e-19
VF60_L22,VF60_L22. Kelvin Cell,bcl,L,273,Imported,"B, C, L model_30 mm_merge.xlsx",0.6,1.385249796786276,1800,3300,3.666666666666667,0.4715355210772317,3.666666666666667,0.4715355210772317,2.121320343559642,0,29.99999999999779,21.21320343559532,2.121320343559642,0,30,11.1834468320879,0.8133273305573354,0,0.8133273305573354,0,29.99999999999779,21.21320343559529,30,11.1834468320879,29.99999999999779,21.21320343559532,30,11.1834468320879,1,-2094,7000.357133747177,1.3041,0,2.6082,57360.24003255801,1.533624722030519,37401.74451322946,30,30,30,-9.315465065995454e-16,-5.464378949326942e-16,-8.456776945386935e-17
VF30_L23,VF30_L23. Isotruss,bcl,L,274,Imported,"B, C, L model_30 mm_merge.xlsx",0.3,0.4312556804205684,491,1990,8.10590631364562,5.451922123451925,8.10590631364562,5.451922123451925,5.369925840556096,0.7787247600912321,32.55981480724569,30.52329258828253,4.741903974515265,1.169920739240689,31.71779094353187,23.73534428293076,4.559052723206575,0.6611352453527858,4.025863833151024,0.9932595887802362,32.55981480724567,30.52329258828252,31.71779094353187,23.73534428293076,32.55981480724568,30.52329258828253,31.71779094353187,23.73534428293076,1,523,10686.15242270645,0.58893,0,1.17786,39542.57168544769,3.395989336593485,11643.90337135535,30,30,30,6.876443858772063e-15,6.210310043996969e-16,4.336808689942018e-16
VF45_L23,VF45_L23. Isotruss,bcl,L,275,Imported,"B, C, L model_30 mm_merge.xlsx",0.45,0.7310914104414755,491,1990,8.10590631364562,5.451922123451925,8.10590631364562,5.451922123451925,5.369925840556096,0.7787247600912321,32.55981480724569,30.52329258828253,4.741903974515265,1.169920739240689,31.71779094353187,23.73534428293076,3.501516588782013,0.5077756651612103,3.092008329756954,0.7628591153108301,32.55981480724567,30.52329258828252,31.71779094353187,23.73534428293076,32.55981480724568,30.52329258828253,31.71779094353187,23.73534428293076,1,523,10686.15242270645,0.7668,0,1.5336,51485.31059447009,2.608242044861762,19739.46808191984,30,30,30,6.893791093531831e-15,5.741934705483231e-16,2.619432448724979e-16
VF60_L23,VF60_L23. Isotruss,bcl,L,276,Imported,"B, C, L model_30 mm_merge.xlsx",0.6,1.110378617574399,491,1990,8.10590631364562,5.451922123451925,8.10590631364562,5.451922123451925,5.369925840556096,0.7787247600912321,32.55981480724569,30.52329258828253,4.741903974515265,1.169920739240689,31.71779094353187,23.73534428293076,2.841230603468834,0.4120236825879536,2.508943901859928,0.6190056821379307,32.55981480724567,30.52329258828252,31.71779094353187,23.73534428293076,32.55981480724568,30.52329258828253,31.71779094353187,23.73534428293076,1,523,10686.15242270645,0.945,0,1.89,63450.20671853708,2.116402116402117,29980.22267450877,30,30,30,7.025630077706069e-15,6.019490461639521e-16,-2.92300905702092e-16
VF30_L24,VF30_L24. Re-entrant,bcl,L,277,Imported,"B, C, L model_30 mm_merge.xlsx",0.3,0.4315043975478035,1330,2740,4.120300751879699,1.117866356791942,4.120300751879699,1.117866356791942,3.158613976598892,0.5480398295172763,31.63956485770963,29.52835269305576,3.049614633277375,0.5376481749337662,36.009671580012,18.94546341344536,2.41262906859066,0.4186066525490959,2.329372619368603,0.4106692445262498,29.18021757114301,35.88101035202287,26.995164209994,10.54839473593523,29.18021757114301,35.88101035202284,26.995164209994,10.54839473593523,1,-1244,8654.6022958813,0.6546,0,1.3092,35596.14645215611,3.055300947143294,11650.61873379069,30,30,30,-3.4555691641458e-15,-2.262079412673756e-15,1.743397093356691e-16
VF45_L24,VF45_L24. Re-entrant,bcl,L,278,Imported,"B, C, L model_30 mm_merge.xlsx",0.45,0.7382163693733843,1330,2740,4.120300751879699,1.117866356791942,4.120300751879699,1.117866356791942,3.158613976598892,0.5480398295172763,31.63956485770963,29.52835269305576,3.049614633277375,0.5376481749337662,36.009671580012,18.94546341344536,1.844553828894471,0.3200419466931069,1.780900860358196,0.3139734728648483,29.18021757114301,35.88101035202287,26.995164209994,10.54839473593523,29.18021757114301,35.88101035202284,26.995164209994,10.54839473593523,1,-1244,8654.6022958813,0.8562,0,1.7124,46558.84600112445,2.33590282644242,19931.84197308138,30,30,30,-3.4555691641458e-15,-1.984523656517467e-15,-6.418476861114186e-17
VF60_L24,VF60_L24. Re-entrant,bcl,L,279,Imported,"B, C, L model_30 mm_merge.xlsx",0.6,1.153463077145913,1330,2740,4.120300751879699,1.117866356791942,4.120300751879699,1.117866356791942,3.158613976598892,0.5480398295172763,31.63956485770963,29.52835269305576,3.049614633277375,0.5376481749337662,36.009671580012,18.94546341344536,1.475643063115577,0.2560335573544855,1.424720688286557,0.2511787782918786,29.18021757114301,35.88101035202287,26.995164209994,10.54839473593523,29.18021757114301,35.88101035202284,26.995164209994,10.54839473593523,1,-1244,8654.6022958813,1.07025,0,2.1405,58198.55750140556,1.868722261153936,31143.50308293965,30,30,30,-3.462508058049707e-15,-1.904726376622534e-15,-5.377642775528102e-17
VF30_L25,VF30_L25. Cuboctahedron,bcl,L,280,Imported,"B, C, L model_30 mm_merge.xlsx",0.3,0.5090634033561411,540,1800,6.666666666666667,1.334569618562611,6.666666666666667,1.334569618562611,4.242640687119285,0,30.00000000000071,21.21320343559701,4.242640687119285,0,30,11.37568934077125,2.802642810886038,0,2.802642810886038,0,30.00000000000071,21.21320343559698,30,11.37568934077125,30.00000000000071,21.21320343559699,30,11.37568934077125,1,186,7636.75323681447,0.7569,0,1.5138,36318.43543563432,2.642356982428326,13744.71189061581,30,30,30,-1.214306433183765e-16,-6.071532165918825e-18,-9.194034422677078e-17
VF45_L25,VF45_L25. Cuboctahedron,bcl,L,281,Imported,"B, C, L model_30 mm_merge.xlsx",0.45,0.8767095495604275,540,1800,6.666666666666667,1.334569618562611,6.666666666666667,1.334569618562611,4.242640687119285,0,30.00000000000071,21.21320343559701,4.242640687119285,0,30,11.37568934077125,2.135629058249917,0,2.135629058249917,0,30.00000000000071,21.21320343559698,30,11.37568934077125,30.00000000000071,21.21320343559699,30,11.37568934077125,1,186,7636.75323681447,0.9933,0,1.9866,47661.64872270518,2.013490385583408,23671.15783813154,30,30,30,-1.214306433183765e-16,-6.071532165918825e-18,-9.194034422677078e-17
VF60_L25,VF60_L25. Cuboctahedron,bcl,L,282,Imported,"B, C, L model_30 mm_merge.xlsx",0.6,1.397969546272634,540,1800,6.666666666666667,1.334569618562611,6.666666666666667,1.334569618562611,4.242640687119285,0,30.00000000000071,21.21320343559701,4.242640687119285,0,30,11.37568934077125,1.691238414701142,0,1.691238414701142,0,30.00000000000071,21.21320343559698,30,11.37568934077125,30.00000000000071,21.21320343559699,30,11.37568934077125,1,186,7636.75323681447,1.2543,0,2.5086,60185.247148786,1.594514868851153,37745.17774936113,30,30,30,-7.632783294297951e-17,2.34187669256869e-17,5.030698080332741e-17
VF30_L26,VF30_L26. Octahedron+Cross,bcl,L,283,Imported,"B, C, L model_30 mm_merge.xlsx",0.3,0.4558117279514646,575,2250,7.826086956521739,2.298540930795851,7.826086956521739,2.298540930795851,3.82842712474619,0.5859166557984871,30.00000000000014,28.33064120702308,3.778001125848596,0.4103996211742203,30,13.62364129526154,2.838521230738459,0.4344177942364629,2.801133743974817,0.3042837175246676,30.00000000000013,28.3306412070231,30,13.62364129526154,30.00000000000014,28.33064120702308,30,13.62364129526154,1,531,8613.961030678809,0.67437,0,1.34874,36499.00397315877,2.965730978542936,12306.91665468954,30,30,30,2.602085213965211e-17,-5.204170427930421e-18,1.734723475976807e-18
VF45_L26,VF45_L26. Octahedron+Cross,bcl,L,284,Imported,"B, C, L model_30 mm_merge.xlsx",0.45,0.8407853372383461,575,2250,7.826086956521739,2.298540930795851,7.826086956521739,2.298540930795851,3.82842712474619,0.5859166557984871,30.00000000000014,28.33064120702308,3.778001125848596,0.4103996211742203,30,13.62364129526154,2.089980961210935,0.3198584211150164,2.062452847389778,0.2240417191692435,30.00000000000013,28.3306412070231,30,13.62364129526154,30.00000000000014,28.33064120702308,30,13.62364129526154,1,531,8613.961030678809,0.9158999999999999,0,1.8318,49571.35954893623,2.183644502674965,22701.20410543535,30,30,30,-1.214306433183765e-17,-2.159730727591125e-16,6.071532165918825e-18
VF60_L26,VF60_L26. Octahedron+Cross,bcl,L,285,Imported,"B, C, L model_30 mm_merge.xlsx",0.6,1.469379023938292,575,2250,7.826086956521739,2.298540930795851,7.826086956521739,2.298540930795851,3.82842712474619,0.5859166557984871,30.00000000000014,28.33064120702308,3.778001125848596,0.4103996211742203,30,13.62364129526154,1.580949423829778,0.2419543507592035,1.560126001754458,0.1694745710167742,30.00000000000013,28.3306412070231,30,13.62364129526154,30.00000000000014,28.33064120702308,30,13.62364129526154,1,531,8613.961030678809,1.2108,0,2.4216,65532.26568604869,1.651800462504129,39673.23364633388,30,30,30,-1.214306433183765e-17,-2.159730727591125e-16,6.071532165918825e-18
VF30_L27,VF30_L27. V-Octet,bcl,L,286,Imported,"B, C, L model_30 mm_merge.xlsx",0.3,0.4413445506530861,666,3300,9.90990990990991,2.460696947117987,9.90990990990991,2.460696947117987,4.242640687119285,0,29.99999999999779,21.21320343559531,4.242640687119285,0,30,3.421020821136084,4.075543407415259,0,4.075543407415259,0,29.99999999999779,21.21320343559532,30,3.421020821136084,29.99999999999779,21.21320343559531,30,3.421020821136084,1,1308,14000.71426749435,0.5205,0,1.041,45787.9072723663,3.842459173871279,11916.30286763333,30,30,30,2.602085213965211e-17,-6.245004513516506e-17,8.673617379884035e-19
VF45_L27,VF45_L27. V-Octet,bcl,L,287,Imported,"B, C, L model_30 mm_merge.xlsx",0.45,0.7317203744700792,666,3300,9.90990990990991,2.460696947117987,9.90990990990991,2.460696947117987,4.242640687119285,0,29.99999999999779,21.21320343559531,4.242640687119285,0,30,3.421020821136084,3.165204929214626,0,3.165204929214626,0,29.99999999999779,21.21320343559532,30,3.421020821136084,29.99999999999779,21.21320343559531,30,3.421020821136084,1,1308,14000.71426749435,0.6702,0,1.3404,58956.87887404398,2.984183825723664,19756.45011069214,30,30,30,2.081668171172169e-17,-6.418476861114186e-17,7.28583859910259e-17
VF60_L27,VF60_L27. V-Octet,bcl,L,288,Imported,"B, C, L model_30 mm_merge.xlsx",0.6,1.092707954243416,666,3300,9.90990990990991,2.460696947117987,9.90990990990991,2.460696947117987,4.242640687119285,0,29.99999999999779,21.21320343559531,4.242640687119285,0,30,3.421020821136084,2.590134729621053,0,2.590134729621053,0,29.99999999999779,21.21320343559532,30,3.421020821136084,29.99999999999779,21.21320343559531,30,3.421020821136084,1,1308,14000.71426749435,0.819,0,1.638,72046.67830176368,2.442002442002442,29503.11476457222,30,30,30,2.602085213965211e-17,-6.245004513516506e-17,8.673617379884035e-19
VF30_SC2,VF30_SC2,bcl,SC,289,Imported,"B, C, L model_30 mm_merge.xlsx",0.3,0.4333550466458127,491,990,4.032586558044806,2.123473576656352,4.032586558044806,2.123473576656352,5.545454545454546,1.076194539575292,30,42.42640687119285,4.930753564154786,1.32183053437058,30,24.06467924815495,3.366390181178016,0.6533081646180366,2.993233511901164,0.8024224697205005,30,42.42640687119285,30,24.06467924815495,30,42.42640687119285,30,24.06467924815495,2,-477,5490,0.8236499999999999,0,1.6473,28411.54922463897,2.4282158683907,11700.58625943694,30,30,30,-1.949829186997931e-15,-1.398187121637307e-15,1.734723475976807e-17
VF45_SC2,VF45_SC2,bcl,SC,290,Imported,"B, C, L model_30 mm_merge.xlsx",0.45,0.672832731862873,491,990,4.032586558044806,2.123473576656352,4.032586558044806,2.123473576656352,5.545454545454546,1.076194539575292,30,42.42640687119285,4.930753564154786,1.32183053437058,30,24.06467924815495,2.701673265835791,0.524307970172119,2.402198949700276,0.6439786292363735,30,42.42640687119285,30,24.06467924815495,30,42.42640687119285,30,24.06467924815495,2,-477,5490,1.0263,0,2.0526,35401.89761336366,1.948747929455324,18166.48376029757,30,30,30,-2.005340338229189e-15,-1.35308431126191e-15,-6.245004513516506e-17
VF60_SC2,VF60_SC2,bcl,SC,291,Imported,"B, C, L model_30 mm_merge.xlsx",0.6,0.9418346786813261,491,990,4.032586558044806,2.123473576656352,4.032586558044806,2.123473576656352,5.545454545454546,1.076194539575292,30,42.42640687119285,4.930753564154786,1.32183053437058,30,24.06467924815495,2.2834896213525,0.4431519619416477,2.030370007887496,0.5442991700105333,30,42.42640687119285,30,24.06467924815495,30,42.42640687119285,30,24.06467924815495,2,-477,5490,1.21425,0,2.4285,41885.17409824303,1.647107267860819,25429.53632439581,30,30,30,-1.949829186997931e-15,-1.398187121637307e-15,1.734723475976807e-17
VF30_VF30_C50_R,VF30_VF30_C50_R,voronoi,VORONOI,292,Imported,Voronoi_30 mm_merge.xlsx,0.3,0.5587900249927582,275,503,3.687272727272727,0.7856037116585766,3.687272727272727,0.7856037116585766,4.206597593622343,3.029122245655693,32.35993020624092,26.15473625986212,4.235579157857293,1.697634046484019,32.48052937979013,17.72493696256499,1.58742192788286,1.155137346793075,1.610486370166399,0.6454882299439865,29.98214094385808,24.80356891315923,29.52025377296581,15.81145650548239,32.47029545593287,25.01393471561659,32.7045770736712,16.20429259459481,2,-316,2115.91858959204,1.315000001341105,0,2.63000000268221,17482.541818036,1.520912545977412,11494.77125708163,27.4,27.4,27.4,-0.4078230765493938,0.4846184685930248,0.2973598105236847
VF30_VF30_C50_U,VF30_VF30_C50_U,voronoi,VORONOI,293,Imported,Voronoi_30 mm_merge.xlsx,0.3,0.5281373512189436,272,482,3.544117647058823,0.8579357966226532,3.544117647058823,0.8579357966226532,4.071295395324984,2.017663648326178,30.45740659416427,30.12110818718835,3.950115543486058,1.289866744706255,31.38786448343246,19.0733701127649,1.533444616321945,0.7599486548254504,1.487802486885091,0.4858255231771591,31.05707697556665,30.7065543780151,29.95487565310794,18.82329884145242,32.15988923218046,31.1920199968399,32.25067331509015,17.91562541984206,1,-328,1962.364380546641,1.32749998010695,0,2.6549999602139,16367.94073454644,1.506591359676608,10864.22049975107,27.4,27.4,27.4,-0.1858887366827393,-0.008960854754509813,-0.01292933905063547
VF30_VF30_C100_R,VF30_VF30_C100_R,voronoi,VORONOI,294,Imported,Voronoi_30 mm_merge.xlsx,0.3,0.5369331984580017,567,1079,3.809523809523809,0.6558092826766223,3.809523809523809,0.6558092826766223,3.245954021129658,2.371164769718549,30.83248609167294,24.59709936422646,3.267651128335872,1.273689384192333,31.17222688075232,14.78095893027992,1.5666865754414,1.145892893998155,1.578575478066572,0.6153089022033034,32.97112807102171,25.80330378022404,32.1870226740999,14.90984057908171,31.50380811699608,24.5119968975474,32.12358720538572,15.89827783550791,1,-616,3502.384388798905,1.034999964758754,0,2.069999929517508,22776.34391088584,1.932367215554617,11786.75757255005,28,28,28,-0.8226952614086547,0.2239666769800431,0.4339004866799415
VF30_VF30_C100_U,VF30_VF30_C100_U,voronoi,VORONOI,295,Imported,Voronoi_30 mm_merge.xlsx,0.3,0.5031929019553136,519,980,3.780346820809249,0.6471791144065475,3.780346820809249,0.6471791144065475,3.301265903946299,1.46881459184693,31.87590047802366,29.70404016578839,3.325900324479157,0.8452865982902183,31.94578448222452,12.9909252614395,1.581811601767967,0.705735316852231,1.595155997465303,0.405413228086095,30.62353565207997,29.06322450280069,30.85665041127902,13.59548612052121,32.27092912350547,30.443041273917,32.44102937490591,12.84253835894615,1,-571,3235.240585867374,1.042500021867454,0,2.085000043734908,21191.54024368447,1.918465187576068,11046.09058372304,28,28,28,-0.06355062680404187,0.06678065209330003,0.06575718621514845
VF30_VF30_C200_R,VF30_VF30_C200_R,voronoi,VORONOI,296,Imported,Voronoi_30 mm_merge.xlsx,0.3,0.5258838770744352,1219,2339,3.857260049220673,0.6591301730525166,3.857260049220673,0.6591301730525166,2.442484807707741,1.879604727032855,32.15599914644888,24.00911101923276,2.429671045190637,1.061218727829476,32.2589203963705,14.80805830321739,1.483720577173047,1.14839067332075,1.482862994000532,0.6476769697501097,32.01973696045179,24.52152080781272,31.68551735826901,16.01925867794121,31.68262627147573,24.16187936083949,32.0129298246929,15.38372706711296,1,-1312,5712.971965228408,0.8192500099539757,0,1.638500019907951,29407.521051217,2.441257217820915,12046.05595696564,28.4,28.4,28.4,-0.1835557969019764,-0.04779506827023523,0.2438377535432684
VF30_VF30_C200_U,VF30_VF30_C200_U,voronoi,VORONOI,297,Imported,Voronoi_30 mm_merge.xlsx,0.3,0.486010636130649,1092,2077,3.805860805860806,0.6385438944036606,3.805860805860806,0.6385438944036606,2.537386957832317,1.132750171057525,32.07929740357463,28.38132524672647,2.517723309469709,0.6697568335232131,32.47728343418427,13.72466009072236,1.546471927374354,0.6913042502992149,1.535197110592962,0.4083883053222765,31.23607377766665,27.81740672911836,30.88966282976127,13.81382088516001,32.11154879391796,28.71869912795693,32.35445244558276,13.34879113793838,1,-1193,5270.152711417727,0.8200000156648457,0,1.640000031329691,27152.9443067529,2.439024343650074,11132.70737844203,28.4,28.4,28.4,0.01114761337239325,-0.09696615510856817,-0.03659133655420606
VF30_VF30_C400_R,VF30_VF30_C400_R,voronoi,VORONOI,298,Imported,Voronoi_30 mm_merge.xlsx,0.3,0.5158560037566543,2406,4753,3.966749792186201,0.5314789248475704,3.966749792186201,0.5314789248475704,1.932990755284367,1.44199926501105,31.84090321514355,23.3645686458914,1.932023065100632,0.7620390604266325,32.18597640272557,14.23193951163027,1.481939760532091,1.109874268374993,1.486171584493102,0.5861838910400866,31.59680713190743,23.29753263586833,31.78547524549835,14.10130328573329,33.0581253031213,23.36763170967595,32.68230869891633,14.38690975519442,1,-2459,9187.505059866606,0.6500000017695129,0,1.300000003539026,37522.41802331305,3.076923068546684,12194.78589077495,28.7,28.6,28.6,0.1082330418681898,-0.01954779320066418,0.2917249155605718
VF30_VF30_C400_U,VF30_VF30_C400_U,voronoi,VORONOI,299,Imported,Voronoi_30 mm_merge.xlsx,0.3,0.468448344625662,2155,4226,3.924825986078886,0.4308344183960264,3.924825986078886,0.4308344183960264,2.010389855517882,0.8103098522614258,32.47874150678926,28.32866317716748,2.017171654708313,0.4731631002713773,32.460998298617,9.59756465210454,1.551496567484401,0.6264951305081353,1.55766155096504,0.3653769211498839,31.68099078446819,27.81973889445894,31.93674325785506,10.44133296968686,31.54191057057688,27.57821878700727,31.83747337300261,10.77960260247881,1,-2233,8495.907529418597,0.6474999827332795,0,1.294999965466559,34564.43055887842,3.088803171171431,11190.2340950297,28.8,28.8,28.8,-0.02661675955523244,-0.03753362819722908,0.02536375618894108
VF30_VF30_C800_R,VF30_VF30_C800_R,voronoi,VORONOI,300,Imported,Voronoi_30 mm_merge.xlsx,0.3,0.5012343057346702,4780,9530,4.014644351464435,0.5144846692261046,4.014644351464435,0.5144846692261046,1.548499590731609,1.130622057747857,32.42977131007703,23.74786069974524,1.545872928511195,0.6014845181808278,32.25589562735095,14.00374651550117,1.498894654216022,1.1025054411066,1.505231643639745,0.5856713790810338,31.55397775956315,23.60269758937267,31.67033896204607,13.79781786536976,32.47267535046201,23.73662625670002,32.70846711542772,14.17256230984786,1,-4804,14757.20109967223,0.5135000101290643,0,1.027000020258129,47612.86559464841,3.894839261049508,12224.60348256287,29,29,29,-0.05416133225524124,0.146113170658107,0.2767236136086724
VF30_VF30_C800_U,VF30_VF30_C800_U,voronoi,VORONOI,301,Imported,Voronoi_30 mm_merge.xlsx,0.3,0.461392627098026,4372,8643,3.956541628545288,0.364189415440413,3.956541628545288,0.364189415440413,1.577838375749519,0.6338803219208544,31.63376805639128,26.51013995487748,1.583148190171863,0.3520784892691137,31.85391290085625,9.745730513903505,1.538413364746456,0.6192426509680151,1.544534812101638,0.343491207357705,32.0962982313618,27.26226024810478,32.21644392644159,9.053821637624532,32.46144223428961,27.29710663990604,32.61238972596103,9.014528570797754,1,-4467,13637.257081603,0.512500002514571,0,1.025000005029142,43913.7745447087,3.902439005243005,11252.90478229376,29,29,29,-0.03715293541097996,0.03096995380688503,0.03831368298609075
VF45_VF45_C50_R,VF45_VF45_C50_R,voronoi,VORONOI,302,Imported,Voronoi_30 mm_merge.xlsx,0.45,0.9710955129645633,281,505,3.608540925266904,0.8596916012222046,3.608540925266904,0.8596916012222046,4.025229592532161,3.086488410638434,31.21894095723959,25.59113517213779,3.883411144666788,1.70222546367127,31.22461871226283,17.37713171132571,1.185108687333484,0.9132852586814468,1.147746301937528,0.5030945496656216,32.41115983595271,25.86622070695049,30.9345583035088,18.83879124127538,31.49222543751609,24.79925544818845,32.49337166853135,17.06745576704254,1,-332,2032.740944228741,1.691755023784935,0,3.38351004756987,21607.24409587894,1.182204262367393,18277.08187467529,26.6,26.6,26.6,-0.02929016004739999,0.3283837532474258,0.7064727944621633
VF45_VF45_C50_U,VF45_VF45_C50_U,voronoi,VORONOI,303,Imported,Voronoi_30 mm_merge.xlsx,0.45,0.9090799714040465,268,481,3.58955223880597,0.8454565645284992,3.58955223880597,0.8454565645284992,3.964410965923443,2.027116886564164,30.32216568330077,29.26300454946264,3.857666446100149,1.249618659087446,30.67679863033996,18.73552060293797,1.172902689844633,0.5997387428593095,1.141321469960243,0.3697096741791256,31.56151785760737,30.98571811564353,31.17724623173777,18.83527608106105,32.26830454179881,31.27595747213629,32.35226780659992,17.30971879395187,1,-317,1906.881674609175,1.689999946393073,0,3.379999892786146,20248.38101325391,1.183431990201274,17109.88141347282,26.6,26.6,26.6,0.02329146548928313,0.1286116129885234,0.02450638904191902
VF45_VF45_C100_R,VF45_VF45_C100_R,voronoi,VORONOI,304,Imported,Voronoi_30 mm_merge.xlsx,0.45,0.9282844420601833,595,1111,3.741176470588235,0.7084639528652166,3.741176470588235,0.7084639528652166,3.078991680704796,2.265493038575814,32.34076957203887,25.09432699106428,3.036752905604437,1.29958088424098,32.3601997393018,15.79262551431906,1.15294433703878,0.8502733508159218,1.139067087590348,0.4874646897245071,31.97898039164416,24.56677173837614,30.95367874808371,16.12018093693404,31.01991912969561,25.08380060624033,31.97763581351704,16.08830557284082,1,-668,3420.759757263024,1.333000021986663,0,2.666000043973326,28650.52597838484,1.500375069026076,19095.57587955823,27.4,27.4,27.4,-0.7049539271408076,0.06447215374709392,0.4806253650805389
VF45_VF45_C100_U,VF45_VF45_C100_U,voronoi,VORONOI,305,Imported,Voronoi_30 mm_merge.xlsx,0.45,0.8618195807022375,543,1007,3.70902394106814,0.7058346485447454,3.70902394106814,0.7058346485447454,3.153758174229538,1.473728195888777,30.82417322639335,29.3003959273147,3.118854577200934,0.8926745864744502,31.22769172465722,16.16220068540008,1.182955034587798,0.5527862609080745,1.169862912887536,0.3348366735748567,31.64026361954219,30.25377705504631,31.28499425613256,16.02830285376124,32.07313867211793,30.52265694587552,32.25664718345703,15.31044996419411,1,-616,3175.834481449137,1.333000021986663,0,2.666000043973326,26599.15772237984,1.500375069026076,17728.33891437952,27.4,27.4,27.4,-0.07533997054919589,0.05583343913274073,0.003851761790835588
VF45_VF45_C200_R,VF45_VF45_C200_R,voronoi,VORONOI,306,Imported,Voronoi_30 mm_merge.xlsx,0.45,0.9289033588217146,1207,2320,3.860811930405965,0.6658056655925656,3.860811930405965,0.6658056655925656,2.402875740475445,1.841445446267945,32.68008124737221,24.30349959869675,2.384247415785174,1.015528353436643,32.89066234657419,15.8143533555811,1.120847764493399,0.8635246734109464,1.116743541825254,0.4756573175805801,31.99502378598702,23.76562553203867,31.39489717606518,15.87407393638843,31.37278470509438,23.58317957425888,31.75927086931819,15.41262706103721,1,-1295,5574.671717903038,1.067499979399145,0,2.13499995879829,37390.9966502418,1.873536335921733,19957.44407692332,27.8,27.8,27.8,-0.07624365149700785,0.007785703945925934,0.2489244469464528
VF45_VF45_C200_U,VF45_VF45_C200_U,voronoi,VORONOI,307,Imported,Voronoi_30 mm_merge.xlsx,0.45,0.8320236716567242,1059,2046,3.867799811142588,0.5194623998320608,3.867799811142588,0.5194623998320608,2.522528031189369,1.093521681526017,31.40069974645239,28.95648269577876,2.535566105661995,0.6292361398364773,31.6100593578471,11.60178006513905,1.200086950614772,0.5216954326472008,1.207412474319538,0.2996362677489247,32.05297112730261,29.36874446340202,32.15738123985498,11.43692086128395,31.48017326210523,28.67924978003791,31.68647698315886,11.70659438005938,1,-1125,5161.092351813451,1.049999962560833,0,2.099999925121666,34049.50340152571,1.904761972678763,17875.98864840848,27.8,27.8,27.8,0.0307174252121164,-0.04716106823550185,-0.01639612836014998
VF45_VF45_C400_R,VF45_VF45_C400_R,voronoi,VORONOI,308,Imported,Voronoi_30 mm_merge.xlsx,0.45,0.8901563556152315,2425,4752,3.932371134020618,0.5573203457736638,3.932371134020618,0.5573203457736638,1.910591372170513,1.415696070314585,31.65298656516633,23.48561974508963,1.901509866094584,0.7567599719039364,31.96516666348998,14.29383103103941,1.126531542970977,0.8378060053529289,1.124488419759044,0.4475221717838973,32.28456817498681,24.17951776560045,31.95838028018282,15.00316117256268,32.36001822411455,24.12152093329215,32.49899746560548,14.579165016544,1,-2517,9079.13020055431,0.845499977003783,0,1.690999954007566,48232.27118588878,2.365464286690396,20390.1920892546,28.4,28.4,28.4,0.1815121135088148,0.1256404493347917,0.2265200097532496
VF45_VF45_C400_U,VF45_VF45_C400_U,voronoi,VORONOI,309,Imported,Voronoi_30 mm_merge.xlsx,0.45,0.7930175758167606,2195,4263,3.886104783599089,0.5157174980401228,3.886104783599089,0.5157174980401228,1.968867402187098,0.8137819192489394,32.39599023267035,27.88357602639579,1.958538066004752,0.4682957335142547,32.72266435129468,11.86239669245334,1.185567340234007,0.4906549345205607,1.179842243413294,0.282105871925898,31.73358714172485,27.6744070106436,31.5066524091927,11.83059094403345,31.48118778373314,27.67718009596498,31.73313102462799,11.73242349670986,1,-2316,8393.281735523606,0.8299999753944576,0,1.659999950788915,43771.33062050706,2.409638625651163,18165.10166900176,28.4,28.4,28.4,0.03439074856073497,-0.0299548104758099,0.04710757426259084
VF45_VF45_C800_R,VF45_VF45_C800_R,voronoi,VORONOI,310,Imported,Voronoi_30 mm_merge.xlsx,0.45,0.8779261784059114,4859,9624,3.987240172875077,0.5491879724929986,3.987240172875077,0.5491879724929986,1.513216376890355,1.107537762690563,31.98460797049801,23.68257147361055,1.50103305625704,0.5863392210412869,32.30640992859688,14.32915632075765,1.122667873089394,0.82786717716308,1.120173956960197,0.4375665962964014,32.33209877769866,23.70236656099107,31.96947671512185,14.4115821633063,32.17067805490048,23.34203696461871,32.34017434632251,14.25901929560731,1,-4947,14563.19441119278,0.6699999794363976,0,1.339999958872795,61307.17504886779,2.985074718483418,20537.90301102252,28.6,28.6,28.6,-0.06398555276556701,0.1239386637072702,0.296571960039307
VF45_VF45_C800_U,VF45_VF45_C800_U,voronoi,VORONOI,311,Imported,Voronoi_30 mm_merge.xlsx,0.45,0.7814599159860857,4388,8670,3.953965360072926,0.3491175507194714,3.953965360072926,0.3491175507194714,1.55018682820929,0.6142737619774098,32.21433507910157,26.79423651241062,1.554515510998778,0.3419474578052064,32.37131072350559,9.15403466271586,1.177390570777923,0.4672358020975189,1.181242781474196,0.2598384920047092,31.62922262022533,26.48962952999954,31.77494208256829,9.43721953353771,32.46810285334018,26.90938518081429,32.65496239371539,9.071642383746942,1,-4488,13440.11980057442,0.6580000044777989,0,1.316000008955598,55565.97060170446,3.039513657127156,18281.20445236739,28.6,28.6,28.6,-0.01386517001232501,0.0140467853500211,0.04488440709321304
VF60_VF60_C50_R,VF60_VF60_C50_R,voronoi,VORONOI,312,Imported,Voronoi_30 mm_merge.xlsx,0.6,1.458386288224497,266,486,3.654135338345865,0.767697982891168,3.654135338345865,0.767697982891168,4.003617997391412,2.684087076056244,31.19480118135429,25.29172026325,4.007934311882503,1.444781329665295,31.45439709390719,16.2172255373418,0.9775651629901613,0.6553747189902509,0.9786190793932118,0.3527728911548592,30.53300039650448,23.80079145554522,30.73927301924034,15.56223655467032,33.51236589791712,25.29086174595249,32.99337541242426,15.99989047961901,1,-306,1945.758346732226,2.047749934718013,0,4.095499869436026,25034.89021511167,0.9766817549797222,25632.59740183377,26,26,26,-0.2145140320015981,0.7462433557493012,0.3761656445096372
VF60_VF60_C50_U,VF60_VF60_C50_U,voronoi,VORONOI,313,Imported,Voronoi_30 mm_merge.xlsx,0.6,1.386121871184146,255,468,3.670588235294117,0.74328863779399,3.670588235294117,0.74328863779399,3.98167150963327,1.89811393542008,31.28678617174753,30.84603202977807,4.016996735237147,1.13238588409526,31.51341035312108,15.00276486546516,0.9758999114267602,0.4652240188505572,0.9845580552376065,0.2775455688184739,30.97443683655785,30.99666962338528,31.20105527092375,15.52207554515974,31.34795079777445,31.33507621297838,31.24744750465657,14.42364700006566,1,-291,1863.422266508372,2.03999993391335,0,4.0799998678267,23884.78313447569,0.9803921886229584,24362.47800793256,26,26,26,-0.1372337805289366,0.04617998932827051,0.01405564581810717
VF60_VF60_C100_R,VF60_VF60_C100_R,voronoi,VORONOI,314,Imported,Voronoi_30 mm_merge.xlsx,0.6,1.492566048236031,591,1119,3.807106598984772,0.6739840468416575,3.807106598984772,0.6739840468416575,3.030810296793727,2.324582296385953,32.03124019023328,25.19030725155605,3.028504198029187,1.26284383132514,31.65420743728417,15.78283270723477,0.9181246359919683,0.7088574351642203,0.9221436303383714,0.3845209776913637,32.0234405494516,25.2761779964133,32.25351207982638,16.16056398072025,31.36675825926683,24.61411963516496,31.67961911436988,15.88969747503441,1,-648,3391.476722112179,1.642100047320127,0,3.284200094640254,34991.96429387633,1.217952586545478,28730.15311139925,26.8,26.8,26.8,-0.6529981402743781,0.2282524968413928,0.5263009742329435
VF60_VF60_C100_U,VF60_VF60_C100_U,voronoi,VORONOI,315,Imported,Voronoi_30 mm_merge.xlsx,0.6,1.331234427262389,552,1015,3.677536231884058,0.7556219410135795,3.677536231884058,0.7556219410135795,3.062054956314153,1.487467943791167,31.84443132145697,30.19014569010379,3.015843478496497,0.8927551960973441,31.95529712053785,16.3923420343308,0.9450786928718031,0.4590950456679651,0.9308158910362165,0.2755417279635611,31.15750380794947,29.72566351747536,30.7522657794123,17.31819766118028,31.34710926510438,30.29650588406694,31.77949918101945,16.21120499590361,1,-635,3107.985780658863,1.619999995455146,0,3.239999990910292,31635.44187022121,1.234567904698106,25624.70784298995,26.8,26.8,26.8,-0.1468353937955897,-0.03398233921437646,0.1081233008020283
VF60_VF60_C200_R,VF60_VF60_C200_R,voronoi,VORONOI,316,Imported,Voronoi_30 mm_merge.xlsx,0.6,1.449062876441719,1183,2301,3.908706677937447,0.5847326613879004,3.908706677937447,0.5847326613879004,2.398288387264121,1.822258235803546,32.20205714565593,24.38230104812455,2.4035617607776,0.994217890554424,32.69490257521095,14.92094528033173,0.9104154690302199,0.6957209422257352,0.9165154257250261,0.3791107214695115,32.27202299401577,24.1525894656033,31.70842005903529,14.81451557029967,31.52717461724767,24.1988067424146,31.86735952033336,14.73508592645841,1,-1242,5518.461579094749,1.311250030994415,0,2.62250006198883,45465.64986329949,1.525262118379709,29808.41739621634,27.4,27.4,27.4,-0.2617938604704443,-0.1058881103867273,0.1792800605735726
VF60_VF60_C200_U,VF60_VF60_C200_U,voronoi,VORONOI,317,Imported,Voronoi_30 mm_merge.xlsx,0.6,1.272236858920709,1054,2042,3.874762808349146,0.5133254621645469,3.874762808349146,0.5133254621645469,2.489970113254671,1.054627404307466,32.04849569559715,28.66142907145342,2.510346499117265,0.6261095901742856,32.11920945994672,10.17150773385725,0.9726446000611755,0.4119638402146859,0.9806041259898259,0.2445740648402909,31.42615912013436,28.45883060106683,31.63245601738767,11.20601882929322,31.86740907335506,28.50760625803915,32.14365542161857,11.10162848787454,1,-1114,5084.51897126605,1.27999996766448,0,2.55999993532896,40892.12683172629,1.562500039472071,26170.96051117074,27.4,27.4,27.4,0.01695451151480493,-0.01674214937604966,0.05560762569071599
VF60_VF60_C400_R,VF60_VF60_C400_R,voronoi,VORONOI,318,Imported,Voronoi_30 mm_merge.xlsx,0.6,1.402440949981884,2429,4777,3.948126801152738,0.5123933476624029,3.948126801152738,0.5123933476624029,1.869586433059335,1.383568676498842,31.77449862690382,23.79039018925743,1.872646356882924,0.7483512371560664,32.25595726014002,14.37052213709538,0.8894043681648443,0.660995978173495,0.8938646576828895,0.35720824701815,31.87670541338029,23.55372185488183,31.8868028318468,14.27769600989771,32.69080348659914,23.91512330191211,32.43634364738207,14.6880719113976,1,-2504,8931.014390724476,1.047499943524599,0,2.094999887049198,58780.68810278524,1.909307978834304,30786.38373400231,28,28,28,0.1222539851431695,-0.006639646446290668,0.2445288710600307
VF60_VF60_C400_U,VF60_VF60_C400_U,voronoi,VORONOI,319,Imported,Voronoi_30 mm_merge.xlsx,0.6,1.220568407484888,2151,4220,3.930264993026499,0.4572616923900691,3.930264993026499,0.4572616923900691,1.96174146521212,0.8175192978110911,31.84743141930813,28.30443438063592,1.970927094115533,0.4687202156106168,32.04167754208186,10.17810121776257,0.964986108612599,0.4038807066604507,0.9709000030309879,0.2308966476313288,31.06967204778132,27.64074146058414,31.2598019546971,10.86960960993389,32.55440650410277,28.26306569936955,32.67151810284273,9.71747591862739,1,-2227,8278.548983195184,1.01500004529953,0,2.03000009059906,52795.89455230276,1.970443261812656,26793.91768110825,28,28,28,-0.003309842614111781,0.0119685310000502,0.04149721363992455
VF60_VF60_C800_R,VF60_VF60_C800_R,voronoi,VORONOI,320,Imported,Voronoi_30 mm_merge.xlsx,0.6,1.367393402215464,4844,9583,3.977291494632535,0.5608726837137594,3.977291494632535,0.5608726837137594,1.50477873753777,1.108804597085587,31.91458703482751,23.52801438861309,1.496102847835524,0.5714984913465682,32.19005691846108,14.17178756055521,0.9007111988799641,0.6675113944422394,0.8996409329867108,0.3436551415561823,32.10474323769533,23.4771844315993,31.80841538443521,14.26020323322056,32.50521581692476,23.67533975392939,32.63762016055138,14.14044239758874,1,-4943,14420.29464182445,0.8314999868161976,0,1.662999973632395,75338.37511813546,2.405291679748514,31321.9289587417,28.4,28.4,28.4,-0.088674942259227,0.1948463605768941,0.3038852151828906
VF60_VF60_C800_U,VF60_VF60_C800_U,voronoi,VORONOI,321,Imported,Voronoi_30 mm_merge.xlsx,0.6,1.186593260206852,4368,8639,3.959249084249084,0.3788386726119007,3.959249084249084,0.3788386726119007,1.545438654692224,0.6184915522935979,32.14191204535709,27.3820577098478,1.550011257162025,0.3455612162112717,32.41580819588957,9.83341837813375,0.9591724778767405,0.3847403878970027,0.9627398899177814,0.2146342910207125,32.52028040657499,27.61091649171405,32.49733410547295,8.927418371282245,31.48624116564331,26.98418191223046,31.74697945951402,9.82205686240827,1,-4459,13351.04453788612,0.805000017862767,0,1.610000035725534,67529.1064335923,2.484471994559572,27180.46594264925,28.4,28.4,28.4,0.007323216596707056,0.008157884448498569,0.03422439427374718
