model_id,model_family,LIT-X001::solid_chord_x_count,LIT-X001::solid_chord_x_mean_mm,LIT-X001::solid_chord_x_population_std_mm,LIT-X001::solid_chord_x_q10_mm,LIT-X001::solid_chord_x_q50_mm,LIT-X001::solid_chord_x_q90_mm,LIT-X001::solid_chord_x_spanning_line_fraction,LIT-X001::solid_chord_y_count,LIT-X001::solid_chord_y_mean_mm,LIT-X001::solid_chord_y_population_std_mm,LIT-X001::solid_chord_y_q10_mm,LIT-X001::solid_chord_y_q50_mm,LIT-X001::solid_chord_y_q90_mm,LIT-X001::solid_chord_y_spanning_line_fraction,LIT-X001::solid_chord_z_count,LIT-X001::solid_chord_z_mean_mm,LIT-X001::solid_chord_z_population_std_mm,LIT-X001::solid_chord_z_q10_mm,LIT-X001::solid_chord_z_q50_mm,LIT-X001::solid_chord_z_q90_mm,LIT-X001::solid_chord_z_spanning_line_fraction,LIT-X002::C2_x_efold_mm,LIT-X002::C2_x_positive_auc_0_20_mm,LIT-X002::C2_y_efold_mm,LIT-X002::C2_y_positive_auc_0_20_mm,LIT-X002::C2_z_efold_mm,LIT-X002::C2_z_positive_auc_0_20_mm,LIT-X002::S2_x_r10p0_probability,LIT-X002::S2_x_r20p0_probability,LIT-X002::S2_x_r2p5_probability,LIT-X002::S2_x_r5p0_probability,LIT-X002::S2_y_r10p0_probability,LIT-X002::S2_y_r20p0_probability,LIT-X002::S2_y_r2p5_probability,LIT-X002::S2_y_r5p0_probability,LIT-X002::S2_z_r10p0_probability,LIT-X002::S2_z_r20p0_probability,LIT-X002::S2_z_r2p5_probability,LIT-X002::S2_z_r5p0_probability,LIT-X003::L_x_auc_mm,LIT-X003::L_x_half_decay_mm,LIT-X003::L_x_k0,LIT-X003::L_x_k1,LIT-X003::L_y_auc_mm,LIT-X003::L_y_half_decay_mm,LIT-X003::L_y_k0,LIT-X003::L_y_k1,LIT-X003::L_z_auc_mm,LIT-X003::L_z_half_decay_mm,LIT-X003::L_z_k0,LIT-X003::L_z_k1,LIT-X004::chi_solid_26,LIT-X004::chi_solid_26_per_mm3,LIT-X004::chi_void_6,LIT-X004::chi_void_6_per_mm3,LIT-X005::A_xx,LIT-X005::A_xy,LIT-X005::A_xz,LIT-X005::A_yy,LIT-X005::A_yz,LIT-X005::A_zz,LIT-X005::DA,LIT-X005::FA,LIT-X005::lambda1,LIT-X005::lambda2,LIT-X005::lambda3,LIT-X005::trace,LIT-X005::v1_z_alignment,LIT-X009::C2_x_10mm,LIT-X009::C2_x_2p5mm,LIT-X009::C2_y_10mm,LIT-X009::C2_y_2p5mm,LIT-X009::C2_z_10mm,LIT-X009::C2_z_2p5mm,LIT-X012::lacunarity_10mm,LIT-X012::lacunarity_2p5mm,LIT-X012::lacunarity_5mm,LIT-X012::loglog_slope_2p5_to_10mm,LIT-X012::logscale_auc_2p5_to_10mm,LIT-X016::void_chord_x_count,LIT-X016::void_chord_x_mean_mm,LIT-X016::void_chord_x_population_std_mm,LIT-X016::void_chord_x_q10_mm,LIT-X016::void_chord_x_q50_mm,LIT-X016::void_chord_x_q90_mm,LIT-X016::void_chord_x_spanning_line_fraction,LIT-X016::void_chord_y_count,LIT-X016::void_chord_y_mean_mm,LIT-X016::void_chord_y_population_std_mm,LIT-X016::void_chord_y_q10_mm,LIT-X016::void_chord_y_q50_mm,LIT-X016::void_chord_y_q90_mm,LIT-X016::void_chord_y_spanning_line_fraction,LIT-X016::void_chord_z_count,LIT-X016::void_chord_z_mean_mm,LIT-X016::void_chord_z_population_std_mm,LIT-X016::void_chord_z_q10_mm,LIT-X016::void_chord_z_q50_mm,LIT-X016::void_chord_z_q90_mm,LIT-X016::void_chord_z_spanning_line_fraction,LIT-X017::beta0_count,LIT-X017::beta0_density,LIT-X023::axis_power_fraction_x,LIT-X023::axis_power_fraction_y,LIT-X023::axis_power_fraction_z,LIT-X023::peak_wavelength_x,LIT-X023::peak_wavelength_y,LIT-X023::peak_wavelength_z,LIT-X019::solid_void_chord_q50_geomean_ratio,LIT-X019::solid_void_chord_x_q50_ratio,LIT-X019::solid_void_chord_y_q50_ratio,LIT-X019::solid_void_chord_z_q50_ratio,LIT-X024::ect_abs_auc_direction_mean_per_mm3,LIT-X024::ect_total_variation_direction_mean_per_mm3
B1,B,47380,4.075242718446602,7.7887155389648814,1.5625,2.8125,2.8125,0.129150390625,47380,4.075242718446602,7.7887155389648814,1.5625,2.8125,2.8125,0.129150390625,47380,4.075242718446602,7.7887155389648814,1.5625,2.8125,2.8125,0.129150390625,2.187631466782618,9.5598265800273392,2.187631466782618,9.5598265800273392,2.187631466782618,9.5598265800273392,0.1675211588541666,0.129150390625,0.14449869791666661,0.129150390625,0.1675211588541666,0.129150390625,0.14449869791666661,0.129150390625,0.1675211588541666,0.129150390625,0.14449869791666661,0.129150390625,5.3405995424480661,2.5,0.29462432861328119,0.27417376660925191,5.3405995424480661,2.5,0.29462432861328119,0.27417376660925191,5.3405995424480661,2.5,0.29462432861328119,0.27417376660925191,-324,-0.0050625000000000002,-175,-0.0027343749999999998,0.33333333333345488,-1.3031459592733051e-20,-2.6259868196943177e-22,0.33333333333334669,-3.2824835246178974e-22,0.33333333333334608,1.0000000000003264,1.8792376065557802e-13,0.33333333333345488,0.33333333333334669,0.33333333333334608,1.0000000000001477,0,0.1675211588541666,0.14449869791666661,0.1675211588541666,0.14449869791666661,0.1675211588541666,0.14449869791666661,1.0430982698244891,2.2446951654553322,1.3357640869828822,-0.55282222859353503,2.0653434857492665,44444,10.40129151291513,12.497652019032254,5,5,40,0.410400390625,44444,10.40129151291513,12.497652019032254,5,5,40,0.410400390625,44444,10.40129151291513,12.497652019032254,5,5,40,0.410400390625,1,1.5625e-05,0.2348692403486923,0.2348692403486923,0.2348692403486923,8,8,8,0.5625,0.5625,0.5625,0.5625,0.0024144756610575998,0.0050865384615384002
B2,B,86784,2.3893805309734515,6.2213003055924183,0.625,1.5625,1.5625,0.140625,86784,2.3893805309734515,6.2213003055924183,0.625,1.5625,1.5625,0.140625,86784,2.3893805309734515,6.2213003055924183,0.625,1.5625,1.5625,0.140625,1.9445114846776921,9.8412698412698418,1.9445114846776921,9.8412698412698418,1.9445114846776921,9.8412698412698418,0.140625,0.31640625,0.140625,0.19921875,0.140625,0.31640625,0.140625,0.19921875,0.140625,0.31640625,0.140625,0.19921875,5.7107964723718698,1.5625,0.31640625,0.27718996062992118,5.7107964723718698,1.5625,0.31640625,0.27718996062992118,5.7107964723718698,1.5625,0.31640625,0.27718996062992118,-2299,-0.035921874999999999,-1700,-0.026562499999999999,0.33333333333211052,-7.4096303009374156e-21,-1.4931244938916706e-22,0.33333333333210341,-1.8664056173645881e-22,0.33333333333210258,1.0000000000000238,1.3210312794256687e-14,0.33333333333211052,0.33333333333210319,0.33333333333210258,0.99999999999631661,0,0.140625,0.140625,0.140625,0.140625,0.140625,0.140625,1.0195064350540837,1.3059080415904956,1.0398300560164175,-0.1785912141586169,1.5266825156490054,83200,5.384615384615385,9.9926008128973685,2.5,2.5,2.5,0.390625,83200,5.384615384615385,9.9926008128973685,2.5,2.5,2.5,0.390625,83200,5.384615384615385,9.9926008128973685,2.5,2.5,2.5,0.390625,1,1.5625e-05,0.23809523809523811,0.23809523809523811,0.23809523809523811,4,4,4,0.625,0.625,0.625,0.625,0.017612497182992699,0.035945913461538401
B3,B,80392,2.4203278933227188,1.1130886454162725,0.9375,2.1875,4.0625,0,80392,2.4203278933227188,1.1130886454162725,0.9375,2.1875,4.0625,0,80392,2.4203278933227188,1.1130886454162725,0.9375,2.1875,4.0625,0,1.7190474819711872,6.2243359067253712,1.7190474819711872,6.2243359067253712,1.7190474819711872,6.2243359067253712,0.1188151041666666,0.10906982421875,0.1049967447916666,0.1122523716517857,0.1188151041666666,0.10906982421875,0.1049967447916666,0.1122523716517857,0.1188151041666666,0.10906982421875,0.1049967447916666,0.1122523716517857,0.44796019216017191,1.5625,0.29689788818359369,0.26059993233267709,0.44796019216017191,1.5625,0.29689788818359369,0.26059993233267709,0.44796019216017191,1.5625,0.29689788818359369,0.26059993233267709,-659,-0.010296875,-810,-0.012656250000000001,0.33333333333321519,-3.2909385212213209e-20,-1.0647921622984132e-20,0.33333333333323861,-3.8507373418414426e-19,0.33333333333323789,1.0000000000000704,4.0010160460865877e-14,0.33333333333323861,0.333333333333238,0.33333333333321519,0.9999999999996918,0.0057888230530703999,0.1188151041666666,0.1049967447916666,0.1188151041666666,0.1049967447916666,0.1188151041666666,0.1049967447916666,1.005299730060256,1.5562955466686299,1.0624070616740566,-0.3152451774186274,1.6241857313064982,91640,5.0282082060235709,9.5558874416191557,0.625,2.5,5,0.380859375,91640,5.0282082060235709,9.5558874416191557,0.625,2.5,5,0.380859375,91640,5.0282082060235709,9.5558874416191557,0.625,2.5,5,0.380859375,1,1.5625e-05,0.036552833042148597,0.036552833042148597,0.036552833042148597,4,4,4,0.875,0.875,0.875,0.875,0.0049719473031849997,0.011582932692307601
B4,B,105928,1.9516322407673137,0.89650062690579047,1.25,1.875,3.4375,0,105928,1.9516322407673137,0.89650062690579047,1.25,1.875,3.4375,0,105928,1.9516322407673137,0.89650062690579047,1.25,1.875,3.4375,0,1.8494811887526199,5.2402903386709765,1.8494811887526199,5.2402903386709765,1.8494811887526199,5.2402903386709765,0.1230875651041666,0.10791778564453119,0.1309366861979166,0.125732421875,0.1230875651041666,0.10791778564453119,0.1309366861979166,0.125732421875,0.1230875651041666,0.10791778564453119,0.1309366861979166,0.125732421875,0.38194192438550922,1.25,0.31544876098632812,0.26702448326771649,0.38194192438550922,1.25,0.31544876098632812,0.26702448326771649,0.38194192438550922,1.25,0.31544876098632812,0.26702448326771649,-1619,-0.025296875,-2070,-0.032343749999999998,0.33333333333112269,3.1909421103972073e-20,4.4654583469115438e-22,0.3333333333312693,1.3805708722534855e-20,0.3333333333312683,1.0000000000004403,2.5326081095326524e-13,0.33333333333126958,0.3333333333312683,0.33333333333112269,0.9999999999936604,0.013992799011013199,0.1230875651041666,0.1309366861979166,0.1230875651041666,0.1309366861979166,0.1230875651041666,0.1309366861979166,1.0026776272079214,1.2888338063568188,1.0340019211644744,-0.18110420247410031,1.5108928610468615,116600,3.8475771869639792,8.2518669124757444,0.625,1.875,4.6875,0.34326171875,116600,3.8475771869639792,8.2518669124757444,0.625,1.875,4.6875,0.34326171875,116600,3.8475771869639792,8.2518669124757444,0.625,1.875,4.6875,0.34326171875,1,1.5625e-05,0.0281661774404783,0.0281661774404783,0.0281661774404783,2.6666666666666665,2.6666666666666665,2.6666666666666665,1,1,1,1,0.0122947951096754,0.028155048076923001
B5,B,111112,1.7221362229102166,0.77675677622178185,1.25,1.5625,3.125,0,111112,1.7221362229102166,0.77675677622178185,1.25,1.5625,3.125,0,111112,1.7221362229102166,0.77675677622178185,1.25,1.5625,3.125,0,1.3703191180612979,3.4923052489637878,1.3703191180612979,3.4923052489637878,1.3703191180612979,3.4923052489637878,0.05401611328125,0.08331298828125,0.0535725911458333,0.061959402901785698,0.05401611328125,0.08331298828125,0.0535725911458333,0.061959402901785698,0.05401611328125,0.08331298828125,0.0535725911458333,0.061959402901785698,0.3089647476587018,0.9375,0.2919769287109375,0.24087644562007871,0.3089647476587018,0.9375,0.2919769287109375,0.24087644562007871,0.3089647476587018,0.9375,0.2919769287109375,0.24087644562007871,-2634,-0.041156249999999998,-2335,-0.036484374999999999,0.33333333333260667,3.4445542820119056e-20,1.0092027446475132e-19,0.333333333332614,-2.2967028115475611e-19,0.33333333333261311,1.000000000000022,1.1997345553260855e-14,0.333333333332614,0.33333333333261311,0.33333333333260667,0.99999999999783395,0.051734828598975498,0.05401611328125,0.0535725911458333,0.05401611328125,0.0535725911458333,0.05401611328125,0.0535725911458333,1.0013480189376538,1.2985922287748195,1.0133214763695253,-0.18750250515220659,1.4994794734254997,115032,4.0337471312330484,4.1125706232058015,1.25,3.125,6.875,0.0703125,115032,4.0337471312330484,4.1125706232058015,1.25,3.125,6.875,0.0703125,115032,4.0337471312330484,4.1125706232058015,1.25,3.125,6.875,0.0703125,1,1.5625e-05,0.02500289297645,0.0250028929764501,0.0250028929764501,4,4,4,0.5,0.5,0.5,0.5,0.020209989107572102,0.044615384615384598
C1,C,120284,1.5976563799009011,2.131991967415181,0.625,1.25,2.8125,0.019775390625,120284,1.5976563799009011,2.131991967415181,0.625,1.25,2.8125,0.019775390625,120284,1.5976563799009011,2.131991967415181,0.625,1.25,2.8125,0.019775390625,1.6191918111659365,4.002186200950927,1.6191918111659365,4.002186200950927,1.6191918111659365,4.002186200950927,0.0876617431640625,0.1068878173828125,0.090962727864583301,0.096906389508928506,0.0876617431640625,0.1068878173828125,0.090962727864583301,0.096906389508928506,0.0876617431640625,0.1068878173828125,0.090962727864583301,0.096906389508928506,1.0457674389128719,0.9375,0.29323196411132812,0.2377333753690945,1.0457674389128719,0.9375,0.29323196411132812,0.2377333753690945,1.0457674389128719,0.9375,0.29323196411132812,0.2377333753690945,-3174,-0.049593749999999999,-2575,-0.040234375000000003,0.33333333333269721,-2.1494041663321758e-20,9.1119005615658161e-20,0.33333333333286208,-3.3007950540253863e-19,0.3333333333328618,1.0000000000004947,2.8531992474637973e-13,0.33333333333286208,0.3333333333328618,0.33333333333269721,0.99999999999842104,0.097877650326257004,0.0876617431640625,0.090962727864583301,0.0876617431640625,0.090962727864583301,0.0876617431640625,0.090962727864583301,1.0069338319624397,1.2627728074122599,1.0272454573484471,-0.16331310777598729,1.4986526713944686,118300,3.9153634826711752,4.9254569190195827,0.9375,2.8125,6.875,0.107421875,118300,3.9153634826711752,4.9254569190195827,0.9375,2.8125,6.875,0.107421875,118300,3.9153634826711752,4.9254569190195827,0.9375,2.8125,6.875,0.107421875,1,1.5625e-05,0.075955617795126898,0.075955617795126898,0.075955617795126898,4,4,4,0.44444444444444442,0.44444444444444442,0.44444444444444442,0.44444444444444442,0.024223275991586499,0.052692307692307698
C10,C,111484,1.6900182985899319,4.6334909975653291,0.625,1.25,1.25,0.09765625,111484,1.6900182985899319,4.6334909975653291,0.625,1.25,1.25,0.09765625,111484,1.6900182985899319,4.6334909975653291,0.625,1.25,1.25,0.09765625,1.8281806898918851,7.407555742405175,1.8281806898918851,7.407555742405175,1.8281806898918851,7.407555742405175,0.10711669921875,0.2422332763671875,0.1104248046875,0.13690185546875,0.10711669921875,0.2422332763671875,0.1104248046875,0.13690185546875,0.10711669921875,0.2422332763671875,0.1104248046875,0.13690185546875,3.9928335144924487,0.9375,0.2874908447265625,0.2361762579970472,3.9928335144924487,0.9375,0.2874908447265625,0.2361762579970472,3.9928335144924487,0.9375,0.2874908447265625,0.2361762579970472,-3299,-0.051546874999999999,-2700,-0.042187500000000003,0.33333333333233361,-6.3095190322521099e-21,7.8829255415542739e-21,0.33333333333240778,-4.1607861023768325e-20,0.33333333333240789,1.0000000000002229,1.2855018143338948e-13,0.33333333333240789,0.33333333333240778,0.33333333333233361,0.99999999999714917,0.8267825262326195,0.10711669921875,0.1104248046875,0.10711669921875,0.1104248046875,0.10711669921875,0.1104248046875,1.0109101700681391,1.2039805160561594,1.0281847490550498,-0.12607862041647669,1.4803059770700129,110516,4.2251800644250608,7.4071754392767959,1.875,2.8125,4.375,0.27392578125,110516,4.2251800644250608,7.4071754392767959,1.875,2.8125,4.375,0.27392578125,110516,4.2251800644250608,7.4071754392767959,1.875,2.8125,4.375,0.27392578125,1,1.5625e-05,0.13812561620839289,0.13812561620839289,0.138125616208393,4,4,4,0.44444444444444442,0.44444444444444442,0.44444444444444442,0.44444444444444442,0.0251895705003004,0.051570913461538401
C11,C,118112,1.6955093470604172,3.2060060363994061,0.9375,1.25,2.1875,0.0478515625,118112,1.6955093470604172,3.2060060363994061,0.9375,1.25,2.1875,0.0478515625,118112,1.6955093470604172,3.2060060363994061,0.9375,1.25,2.1875,0.0478515625,2.2025082363901411,7.5044240940088542,2.2025082363901411,7.5044240940088542,2.2025082363901411,7.5044240940088542,0.14368184407552079,0.14434051513671869,0.1533203125,0.15872628348214279,0.14368184407552079,0.14434051513671869,0.1533203125,0.15872628348214279,0.14368184407552079,0.14434051513671869,0.1533203125,0.15872628348214279,2.1316159699773904,0.9375,0.305572509765625,0.25121493602362199,2.1316159699773904,0.9375,0.305572509765625,0.25121493602362199,2.1316159699773904,0.9375,0.305572509765625,0.25121493602362199,-2549,-0.039828124999999999,-1950,-0.030468749999999999,0.33333333333168191,2.6392082742620207e-20,1.2788410777768726e-22,0.33333333333209197,-1.339586028971274e-20,0.3333333333320887,1.0000000000012299,7.0742698615103687e-13,0.33333333333209197,0.3333333333320887,0.33333333333168191,0.99999999999586264,0.0048454912685076002,0.14368184407552079,0.1533203125,0.14368184407552079,0.1533203125,0.14368184407552079,0.1533203125,1.0157392509566436,1.4028578161268557,1.0985988926640518,-0.23291934875858761,1.5997125939961057,114848,3.9626288659793816,8.94149799570455,0.3125,1.5625,4.375,0.400390625,114848,3.9626288659793816,8.94149799570455,0.3125,1.5625,4.375,0.400390625,114848,3.9626288659793816,8.94149799570455,0.3125,1.5625,4.375,0.400390625,1,1.5625e-05,0.1180384858067285,0.1180384858067285,0.1180384858067285,8,8,8,0.80000000000000004,0.80000000000000004,0.80000000000000004,0.80000000000000004,0.019277508075420599,0.039852163461538401
C12,C,137036,1.4377243935900057,2.9871459314425537,0.3125,0.9375,1.875,0.046630859375,137036,1.4377243935900057,2.9871459314425537,0.3125,0.9375,1.875,0.046630859375,137036,1.4377243935900057,2.9871459314425537,0.3125,0.9375,1.875,0.046630859375,1.9280599770174169,5.756554597743051,1.9280599770174169,5.756554597743051,1.9280599770174169,5.756554597743051,0.1218617757161458,0.11759185791015619,0.12829996744791661,0.13270350864955349,0.1218617757161458,0.11759185791015619,0.12829996744791661,0.13270350864955349,0.1218617757161458,0.11759185791015619,0.12829996744791661,0.13270350864955349,2.0710875280799579,0.9375,0.300628662109375,0.2371374415600393,2.0710875280799579,0.9375,0.300628662109375,0.2371374415600393,2.0710875280799579,0.9375,0.300628662109375,0.2371374415600393,-3299,-0.051546874999999999,-2700,-0.042187500000000003,0.33333333333366377,-1.2548338651148801e-19,-1.040216220702986e-20,0.33333333333384019,-1.1775481374811891e-20,0.33333333333383408,1.0000000000005285,3.0016254128171331e-13,0.33333333333384002,0.33333333333383408,0.33333333333366377,1.0000000000013385,0.00038051895809000001,0.1218617757161458,0.12829996744791661,0.1218617757161458,0.12829996744791661,0.1218617757161458,0.12829996744791661,1.0045971370239737,1.3165061367020154,1.0418087843414117,-0.1950485888424241,1.526559916534648,136492,3.3579990036046068,5.2574669483737404,0.3125,2.1875,6.5625,0.134765625,136492,3.3579990036046068,5.2574669483737404,0.3125,2.1875,6.5625,0.134765625,136492,3.3579990036046068,5.2574669483737404,0.3125,2.1875,6.5625,0.134765625,1,1.5625e-05,0.041334339572976699,0.041334339572976699,0.041334339572976699,8,8,8,0.42857142857142849,0.42857142857142849,0.42857142857142849,0.42857142857142849,0.0251664334810697,0.055724759615384603
C13,C,169408,1.1178338685304119,3.1920925578279125,0.3125,0.625,1.25,0.067626953125,169408,1.1178338685304119,3.1920925578279125,0.3125,0.625,1.25,0.067626953125,169408,1.1178338685304119,3.1920925578279125,0.3125,0.625,1.25,0.067626953125,2.0920806471878106,6.612430310969831,2.0920806471878106,6.612430310969831,2.0920806471878106,6.612430310969831,0.1318206787109375,0.157257080078125,0.13375651041666661,0.1317138671875,0.1318206787109375,0.157257080078125,0.13375651041666661,0.1317138671875,0.1318206787109375,0.157257080078125,0.13375651041666661,0.1317138671875,2.8114071189484919,0.625,0.2889556884765625,0.2098148375984252,2.8114071189484919,0.625,0.2889556884765625,0.2098148375984252,2.8114071189484919,0.625,0.2889556884765625,0.2098148375984252,-6599,-0.103109375,-5400,-0.084375000000000006,0.33333333333281251,-1.6430373683992275e-20,1.998007440249025e-20,0.33333333333290172,-1.3574425548914096e-20,0.33333333333290049,1.0000000000002676,1.5341631739338577e-13,0.33333333333290172,0.33333333333290038,0.33333333333281251,0.99999999999861477,0.055679967409834497,0.1318206787109375,0.13375651041666661,0.1318206787109375,0.13375651041666661,0.1318206787109375,0.13375651041666661,1.0070773050127086,1.2088207366061712,1.0282788114163697,-0.1317129415116092,1.4807202989410038,170320,2.7359675904180367,5.3921672497588906,0.3125,1.5625,5.9375,0.1845703125,170320,2.7359675904180367,5.3921672497588906,0.3125,1.5625,5.9375,0.1845703125,170320,2.7359675904180367,5.3921672497588906,0.3125,1.5625,5.9375,0.1845703125,1,1.5625e-05,0.085885566139641698,0.085885566139641698,0.085885566139641698,4,4,4,0.40000000000000002,0.40000000000000002,0.40000000000000002,0.40000000000000002,0.050555199256310003,0.1046045673076923
C14,C,157924,1.2813758516754894,2.8017971956495948,0.625,0.9375,2.1875,0.0478515625,157924,1.2813758516754894,2.8017971956495948,0.625,0.9375,2.1875,0.0478515625,157924,1.2813758516754894,2.8017971956495948,0.625,0.9375,2.1875,0.0478515625,2.1683091179912664,6.2479093358624826,2.1683091179912664,6.2479093358624826,2.1683091179912664,6.2479093358624826,0.15282185872395829,0.165496826171875,0.15322265625000001,0.14059884207589279,0.15282185872395829,0.165496826171875,0.15322265625000001,0.14059884207589279,0.15282185872395829,0.165496826171875,0.15322265625000001,0.14059884207589279,2.0886536650192955,0.9375,0.30877685546875,0.23531119279035431,2.0886536650192955,0.9375,0.30877685546875,0.23531119279035431,2.0886536650192955,0.9375,0.30877685546875,0.23531119279035431,-6599,-0.103109375,-5400,-0.084375000000000006,0.33333333333358589,-4.7229198105985575e-21,3.9972318800028104e-21,0.33333333333371268,8.0253947209818321e-20,0.33333333333371368,1.0000000000003832,2.2047277705245089e-13,0.33333333333371368,0.33333333333371268,0.33333333333358589,1.0000000000010123,0.9996622899534362,0.15282185872395829,0.15322265625000001,0.15282185872395829,0.15322265625000001,0.15282185872395829,0.15322265625000001,1.0058209624568264,1.1432934905553065,1.0174909634052305,-0.092411136819458006,1.4500973044325525,154660,2.9290055605845078,6.1686912616780925,0.3125,1.5625,5.625,0.234375,154660,2.9290055605845078,6.1686912616780925,0.3125,1.5625,5.625,0.234375,154660,2.9290055605845078,6.1686912616780925,0.3125,1.5625,5.625,0.234375,1,1.5625e-05,0.1178994531198523,0.11789945311985239,0.11789945311985239,4,4,4,0.59999999999999998,0.59999999999999998,0.59999999999999998,0.59999999999999998,0.050392751840444699,0.1031334134615384
C2,C,123160,1.5509905813575835,2.6032249103407112,0.625,0.9375,2.8125,0.03125,123160,1.5509905813575835,2.6032249103407112,0.625,0.9375,2.8125,0.03125,123160,1.5509905813575835,2.6032249103407112,0.625,0.9375,2.8125,0.03125,1.8657519637548183,5.1387673125155526,1.8657519637548183,5.1387673125155526,1.8657519637548183,5.1387673125155526,0.1125895182291666,0.1153564453125,0.11655273437499999,0.11325509207589279,0.1125895182291666,0.1153564453125,0.11655273437499999,0.11325509207589279,0.1125895182291666,0.1153564453125,0.11655273437499999,0.11325509207589279,1.4828471071278353,0.9375,0.291473388671875,0.23457877091535431,1.4828471071278353,0.9375,0.291473388671875,0.23457877091535431,1.4828471071278353,0.9375,0.291473388671875,0.23457877091535431,-3799,-0.059359374999999999,-3200,-0.050000000000000003,0.33333333333288162,2.4161298549303979e-20,4.2732278476055488e-20,0.33333333333304532,-1.0627459119627226e-19,0.33333333333304799,1.0000000000004992,2.8582948354645695e-13,0.33333333333304799,0.33333333333304521,0.33333333333288162,0.99999999999897482,0.99991321373399999,0.1125895182291666,0.11655273437499999,0.1125895182291666,0.11655273437499999,0.1125895182291666,0.11655273437499999,1.007487920573781,1.2374112192637554,1.0256204725532081,-0.14828123909419039,1.4889286935847326,121864,3.8103131359548348,5.323738343405652,0.625,2.5,7.1875,0.12890625,121864,3.8103131359548348,5.323738343405652,0.625,2.5,7.1875,0.12890625,121864,3.8103131359548348,5.323738343405652,0.625,2.5,7.1875,0.12890625,1,1.5625e-05,0.1049662066074132,0.1049662066074132,0.1049662066074132,4,4,4,0.375,0.375,0.375,0.375,0.029001957820012001,0.060825721153846102
C3,C,136280,1.5421191664220719,3.4155964428845027,0.625,0.9375,2.5,0.0625,136280,1.5421191664220719,3.4155964428845027,0.625,0.9375,2.5,0.0625,136280,1.5421191664220719,3.4155964428845027,0.625,0.9375,2.5,0.0625,2.2776365433286871,7.3034074237065774,2.2776365433286871,7.3034074237065774,2.2776365433286871,7.3034074237065774,0.16748046875,0.196533203125,0.16953124999999999,0.1569475446428571,0.16748046875,0.196533203125,0.16953124999999999,0.1569475446428571,0.16748046875,0.196533203125,0.16953124999999999,0.1569475446428571,2.6945524377757861,0.9375,0.3206787109375,0.25770869217519687,2.6945524377757861,0.9375,0.3206787109375,0.25770869217519687,2.6945524377757861,0.9375,0.3206787109375,0.25770869217519687,-5599,-0.087484375000000003,-4400,-0.068750000000000006,0.33333333333269782,2.1849487606400491e-20,0,0.3333333333327656,4.0496324697507881e-21,0.33333333333276438,1.0000000000002036,1.1640307214519013e-13,0.3333333333327656,0.33333333333276438,0.33333333333269782,0.99999999999822797,0,0.16748046875,0.16953124999999999,0.16748046875,0.16953124999999999,0.16748046875,0.16953124999999999,1.0105594088095926,1.1988046216224739,1.0294631524433102,-0.1232212067067586,1.479276705868706,131144,3.3947416580247665,5.9673494365400437,0.625,1.875,7.1875,0.177734375,131144,3.3947416580247665,5.9673494365400437,0.625,1.875,7.1875,0.177734375,131144,3.3947416580247665,5.9673494365400437,0.625,1.875,7.1875,0.177734375,1,1.5625e-05,0.17507615812160049,0.17507615812160049,0.17507615812160049,4,4,4,0.5,0.5,0.5,0.5,0.042910405085637003,0.087508413461538398
C4,C,94356,2.0614746280045786,3.7928469982727737,0.9375,1.5625,2.5,0.054931640625,94356,2.0614746280045786,3.7928469982727737,0.9375,1.5625,2.5,0.054931640625,94356,2.0614746280045786,3.7928469982727737,0.9375,1.5625,2.5,0.054931640625,2.1556730988081467,7.9818582996402867,2.1556730988081467,7.9818582996402867,2.1556730988081467,7.9818582996402867,0.13458251953125,0.139617919921875,0.143798828125,0.14988490513392849,0.13458251953125,0.139617919921875,0.143798828125,0.14988490513392849,0.13458251953125,0.139617919921875,0.143798828125,0.14988490513392849,2.4279935407713102,1.25,0.29680252075195312,0.2537928303395669,2.4279935407713102,1.25,0.29680252075195312,0.2537928303395669,2.4279935407713102,1.25,0.29680252075195312,0.2537928303395669,-1674,-0.026156249999999999,-1075,-0.016796874999999999,0.3333333333320313,3.176498009492902e-20,-3.0783748123492692e-22,0.33333333333173309,1.808545202255196e-21,0.33333333333173237,1.0000000000008968,5.1694238671034855e-13,0.3333333333320313,0.33333333333173337,0.33333333333173237,0.99999999999549682,0,0.13458251953125,0.143798828125,0.13458251953125,0.143798828125,0.13458251953125,0.143798828125,1.0247020142882566,1.6383665552109583,1.1723756605307951,-0.33852686931520443,1.7355781189471182,89828,5.1303324130560624,9.4836018908980488,0.625,1.875,6.25,0.36181640625,89828,5.1303324130560624,9.4836018908980488,0.625,1.875,6.25,0.36181640625,89828,5.1303324130560624,9.4836018908980488,0.625,1.875,6.25,0.36181640625,1,1.5625e-05,0.1730349133908537,0.1730349133908537,0.1730349133908537,8,8,8,0.83333333333333337,0.83333333333333337,0.83333333333333337,0.83333333333333337,0.0126915940504807,0.0263822115384615
C5,C,100264,1.9827654990824224,3.4831506260145697,0.9375,1.5625,2.5,0.0478515625,100264,1.9827654990824224,3.4831506260145697,0.9375,1.5625,2.5,0.0478515625,102072,1.9476447997491968,3.447641100441881,0.9375,1.5625,2.5,0.0478515625,2.0684227688335777,8.4719074370409402,2.0684227688335777,8.4719074370409402,2.0306294536080944,8.2451315380818802,0.134466807047526,0.199737548828125,0.14188842773437499,0.157867431640625,0.134466807047526,0.199737548828125,0.14188842773437499,0.157867431640625,0.1316986083984375,0.1966400146484375,0.13888346354166661,0.154296875,2.1776375544227493,1.25,0.3033447265625,0.25754721333661418,2.1776375544227493,1.25,0.3033447265625,0.25754721333661418,2.1694202240025509,1.25,0.3033447265625,0.25667830339566922,-3860,-0.060312499999999998,-2511,-0.039234375000000002,0.33095138189632672,0.0014964602198121999,0.0014996516917890001,0.33095138189619511,-0.0015042528448487001,0.33809723620358351,1.0292739189085889,0.0146259808017308,0.3385910698093178,0.3324478406370302,0.32896108954975728,0.99999999999610545,0.97402211052659959,0.134466807047526,0.14188842773437499,0.134466807047526,0.14188842773437499,0.1316986083984375,0.13888346354166661,1.0244638349073607,1.5474551686194378,1.1366994888685884,-0.29751427885014142,1.6792592488147653,94984,4.8067042870378165,8.736153253149336,0.3125,2.1875,6.25,0.31591796875,94984,4.8067042870378165,8.736153253149336,0.3125,2.1875,6.25,0.31591796875,96408,4.7357065803667746,8.5668085864441217,0.3125,2.1875,6.25,0.3070068359375,1,1.5625e-05,0.18028087263726031,0.18028087263726031,0.1912237751019874,4,4,4,0.7142857142857143,0.7142857142857143,0.7142857142857143,0.7142857142857143,0.029879488431490301,0.060567307692307601
C6,C,66148,2.8822488964141018,5.0691788993469373,0.9375,2.1875,4.0625,0.070556640625,66148,2.8822488964141018,5.0691788993469373,0.9375,2.1875,4.0625,0.070556640625,66148,2.8822488964141018,5.0691788993469373,0.9375,2.1875,4.0625,0.070556640625,2.1155622123758384,8.8084681902893731,2.1155622123758384,8.8084681902893731,2.1155622123758384,8.8084681902893731,0.1507364908854166,0.1149139404296875,0.13682454427083329,0.1371111188616071,0.1507364908854166,0.1149139404296875,0.13682454427083329,0.1371111188616071,0.1507364908854166,0.1149139404296875,0.13682454427083329,0.1371111188616071,3.1140185456534182,1.875,0.29091644287109369,0.26141693836122049,3.1140185456534182,1.875,0.29091644287109369,0.26141693836122049,3.1140185456534182,1.875,0.29091644287109369,0.26141693836122049,-2124,-0.033187500000000002,-1375,-0.021484375,0.33333333333283488,1.7339580133668262e-20,6.6371598597773263e-22,0.33333333333269299,8.3517594902198019e-21,0.33333333333269849,1.0000000000004257,2.411814670237008e-13,0.33333333333283488,0.33333333333269849,0.33333333333269299,0.99999999999822642,0,0.1507364908854166,0.13682454427083329,0.1507364908854166,0.13682454427083329,0.1507364908854166,0.13682454427083329,1.0404492037286432,2.2549969832825902,1.3468730730654823,-0.55795948558609043,2.0756958897743778,62636,7.4191359601507116,11.214795704056796,0.3125,4.6875,40,0.392822265625,62636,7.4191359601507116,11.214795704056796,0.3125,4.6875,40,0.392822265625,62636,7.4191359601507116,11.214795704056796,0.3125,4.6875,40,0.392822265625,1,1.5625e-05,0.20011951263401759,0.2001195126340177,0.20011951263401759,8,8,8,0.46666666666666667,0.46666666666666667,0.46666666666666667,0.46666666666666667,0.016543532151442299,0.033211538461538397
C7,C,149680,1.3984500267236772,1.7213995898716894,0.625,1.25,2.1875,0.015625,149680,1.3984500267236772,1.7213995898716894,0.625,1.25,2.1875,0.015625,149680,1.3984500267236772,1.7213995898716894,0.625,1.25,2.1875,0.015625,1.7281270425138071,3.7539118527342255,1.7281270425138071,3.7539118527342255,1.7281270425138071,3.7539118527342255,0.1187082926432291,0.1181488037109375,0.12060953776041659,0.11883544921875,0.1187082926432291,0.1181488037109375,0.12060953776041659,0.11883544921875,0.1187082926432291,0.1181488037109375,0.12060953776041659,0.11883544921875,0.87359563537200935,0.9375,0.31939697265625,0.24997693159448819,0.87359563537200935,0.9375,0.31939697265625,0.24997693159448819,0.87359563537200935,0.9375,0.31939697265625,0.24997693159448819,-4577,-0.071515624999999999,-3978,-0.062156250000000003,0.33333333333327259,4.6828403511217697e-20,6.7653687040807613e-20,0.33333333333335102,-9.6036839425817101e-20,0.33333333333335041,1.0000000000002351,1.3533059107119473e-13,0.33333333333335091,0.33333333333335041,0.33333333333327259,0.99999999999997402,0.060745345448009302,0.1187082926432291,0.12060953776041659,0.1187082926432291,0.12060953776041659,0.1187082926432291,0.12060953776041659,1.0015663727990196,1.1533699451384043,1.0130979681133794,-0.10179865177165399,1.4490700167610762,149088,2.9917900837089504,5.1662687637878184,0.625,1.875,5.3125,0.15234375,149088,2.9917900837089504,5.1662687637878184,0.625,1.875,5.3125,0.15234375,149088,2.9917900837089504,5.1662687637878184,0.625,1.875,5.3125,0.15234375,1,1.5625e-05,0.040630088679138497,0.040630088679138497,0.040630088679138497,2,2,2,0.66666666666666663,0.66666666666666663,0.66666666666666663,0.66666666666666663,0.034861905611478297,0.072412259615384597
C8,C,84352,2.358361390364188,4.4897737741083237,0.9375,1.875,2.8125,0.070556640625,84352,2.358361390364188,4.4897737741083237,0.9375,1.875,2.8125,0.070556640625,84352,2.358361390364188,4.4897737741083237,0.9375,1.875,2.8125,0.070556640625,1.6989546119170895,5.8298526388569574,1.6989546119170895,5.8298526388569574,1.6989546119170895,5.8298526388569574,0.1125742594401041,0.11052703857421869,0.1069051106770833,0.11048671177455351,0.1125742594401041,0.11052703857421869,0.1069051106770833,0.11048671177455351,0.1125742594401041,0.11052703857421869,0.1069051106770833,0.11048671177455351,3.0491960060627932,1.5625,0.30354690551757812,0.2653981606791338,3.0491960060627932,1.5625,0.30354690551757812,0.2653981606791338,3.0491960060627932,1.5625,0.30354690551757812,0.2653981606791338,-1199,-0.018734375000000001,-1050,-0.016406250000000001,0.3333333333321532,-8.7180731079489054e-21,-4.5676554318724748e-21,0.33333333333208159,-2.0247011097050104e-20,0.33333333333208293,1.0000000000002158,1.2323751250680585e-13,0.3333333333321532,0.33333333333208293,0.33333333333208132,0.99999999999631783,0,0.1125742594401041,0.1069051106770833,0.1125742594401041,0.1069051106770833,0.1125742594401041,0.1069051106770833,1.0085349924521867,1.5539073156749521,1.088521953370627,-0.31181965716237747,1.6425807535693768,85608,5.3315986823661339,7.6207546287816008,1.25,4.0625,5.9375,0.22705078125,85608,5.3315986823661339,7.6207546287816008,1.25,4.0625,5.9375,0.22705078125,85608,5.3315986823661339,7.6207546287816008,1.25,4.0625,5.9375,0.22705078125,1,1.5625e-05,0.059983314935614297,0.059983314935614297,0.059983314935614297,8,8,8,0.46153846153846151,0.46153846153846151,0.46153846153846151,0.46153846153846151,0.0091161499023437002,0.019292067307692298
C9,C,93476,2.1031267384141383,4.7055909413245782,0.9375,1.5625,1.875,0.08575439453125,93554,2.1013732710520125,4.7033998636371912,0.9375,1.5625,1.875,0.08575439453125,93566,2.1011037663253744,4.7031076250169868,0.9375,1.5625,1.875,0.08575439453125,1.7435871686626632,5.8105370358376867,1.7434008051664742,5.8044331897710029,1.7434567100321057,5.8145433738100962,0.1041781107584635,0.14112472534179679,0.1096506754557291,0.1205193655831473,0.1040484110514323,0.14112472534179679,0.1096303304036458,0.12051500592912941,0.1040484110514323,0.14045524597167969,0.1096364339192708,0.1205193655831473,3.5856447678815728,1.25,0.29997539520263672,0.25741360882135828,3.585207081489949,1.25,0.29997539520263672,0.25737612266240151,3.5851716057321594,1.25,0.29997539520263672,0.25737035556102361,-1499,-0.023421875000000002,-1500,-0.0234375,0.33311588092519151,-0.0001926372439834,0.00060156935318420003,0.33339965727769738,-0.00042718351293059999,0.33348446179446262,1.0046326812112223,0.0023598015345527002,0.33419517972798041,0.33315072093720288,0.33265409933216811,0.99999999999735156,0.71440547291007805,0.1041781107584635,0.1096506754557291,0.1040484110514323,0.1096303304036458,0.1040484110514323,0.1096364339192708,1.0054951777368095,1.3680866258428612,1.0393813609209688,-0.22212671023063399,1.5430650273387481,96370,4.760486925391719,5.8587687069936116,1.5625,3.4375,6.5625,0.1416015625,96448,4.756636996101526,5.8479928099376304,1.5625,3.4375,6.5625,0.14111328125,96460,4.7560452519178931,5.8449809248375173,1.5625,3.4375,6.5625,0.14111328125,1,1.5625e-05,0.057382654737036798,0.057384918566791503,0.051470489671733399,4,4,4,0.45454545454545447,0.45454545454545447,0.45454545454545447,0.45454545454545447,0.0113650277944711,0.026045673076923001
F1,F,87800,2.154114464692483,1.2283874669961563,0.625,1.875,4.0625,0,87208,2.1687373864783046,1.2335776923318686,0.625,1.875,4.0625,0,94248,2.0067401960784315,1.0528854557997085,0.625,1.875,3.4375,0,1.7385954685902374,5.6437458334195654,1.7395626884449318,5.6970296721563924,1.5542074676989777,4.6367615694790061,0.10323333740234369,0.098579406738281194,0.1019775390625,0.097898210797991006,0.1047032674153645,0.1014442443847656,0.102081298828125,0.098364693777901704,0.096590677897135394,0.064422607421875,0.079838053385416594,0.078162057059151704,0.42423298664429532,1.25,0.28859138488769531,0.24866779958169291,0.42665921748841917,1.25,0.28859138488769531,0.24895230991633849,0.37881748732948989,1.25,0.28859138488769531,0.24556894377460631,-1700,-0.026562499999999999,-1779,-0.027796874999999999,0.33134892775915331,-1.5734315124968757e-18,-0.0028076344784166,0.3290998761956872,-9.4068437481422006e-20,0.33955119604204981,1.034397787769749,0.018526063800562601,0.34042018389211709,0.33047993990908608,0.32909987619568709,0.99999999999689038,0.95528991455305201,0.10323333740234369,0.1019775390625,0.1047032674153645,0.102081298828125,0.096590677897135394,0.079838053385416594,1.0093187200271481,1.3903048664287982,1.0557725272572491,-0.23100972767085459,1.563451912259552,103896,4.4874562062062058,8.5275298387901657,0.9375,2.1875,5,0.320068359375,102896,4.5310677771730683,8.7112977007775854,0.625,2.1875,5,0.346435546875,107596,4.3331420313022786,6.6240754194903309,0.625,3.125,6.5625,0.182373046875,1,1.5625e-05,0.077705124291853403,0.076074013303843793,0.046087903188874499,4,4,8,0.76106057292222906,0.8571428571428571,0.8571428571428571,0.59999999999999998,0.0131210092397836,0.028502403846153799
F2,F,102203,1.9191645548565111,1.2781334756319604,1.25,1.25,4.0625,0,102194,1.9193335714425503,1.2779649000459627,1.25,1.25,4.0625,0,102196,1.919296009628557,1.2778130994170811,1.25,1.25,4.0625,0,1.5749969334816258,3.9807609246997862,1.5746886248676379,3.9798240698094181,1.5746011024482016,3.979189763097756,0.094437281290690095,0.085062026977538993,0.088869730631510394,0.0968475341796875,0.094403584798176995,0.085051536560058594,0.088828531901041605,0.096820831298828097,0.094410578409830706,0.085062980651855399,0.088816833496093706,0.096820831298828097,0.4286056890747062,1.25,0.29929256439208979,0.2525312769131397,0.42858384055269821,1.25,0.29929256439208979,0.25253560223917321,0.4285479355980909,1.25,0.29929256439208979,0.25253464105561019,-500,-0.0078125,-499,-0.007796875,0.33334653496430811,1.9822533164698261e-05,-4.8408550315810448e-06,0.33333754131198601,-1.0407014957495495e-05,0.3333159237160554,1.000159692354379,8.3366276338802089e-05,0.33336456322418501,0.33332410081595898,0.33331133595220558,0.99999999999234956,0.2091657853534889,0.094437281290690095,0.088869730631510394,0.094403584798176995,0.088828531901041605,0.094410578409830706,0.088816833496093706,1.0031314856463551,1.2845239037467944,1.0250306967653495,-0.17836150889072189,1.5033380790756112,111787,4.1079519532682696,6.1756564295468444,1.25,2.8125,5.9375,0.18267822265625,111776,4.1083562213713138,6.1787072777106191,1.25,2.8125,5.9375,0.182861328125,111778,4.1082827121616061,6.1786149303906646,1.25,2.8125,5.9375,0.182861328125,1,1.5625e-05,0.024059482861531901,0.024050227823329901,0.024065333422343401,4,4,4,0.44444444444444442,0.44444444444444442,0.44444444444444442,0.44444444444444442,0.0039177246093750001,0.0104603365384615
L1,L,78712,2.480720855778026,1.2660145252267889,1.25,2.1875,4.6875,0,78712,2.480720855778026,1.2660145252267889,1.25,2.1875,4.6875,0,78712,2.480720855778026,1.2660145252267889,1.25,2.1875,4.6875,0,1.6262121939216556,5.2502476798092674,1.6262121939216556,5.2502476798092674,1.6262121939216556,5.2502476798092674,0.1121826171875,0.084564208984375,0.094677734375000003,0.089516775948660698,0.1121826171875,0.084564208984375,0.094677734375000003,0.089516775948660698,0.1121826171875,0.084564208984375,0.094677734375000003,0.089516775948660698,0.4810131188848415,1.5625,0.29794692993164062,0.26246462844488189,0.4810131188848415,1.5625,0.29794692993164062,0.26246462844488189,0.4810131188848415,1.5625,0.29794692993164062,0.26246462844488189,-1050,-0.016406250000000001,-1199,-0.018734375000000001,0.33333333333383097,-3.8084312368993151e-20,-3.082122394394238e-21,0.3333333333339612,-1.7986194251112809e-19,0.33333333333396359,1.0000000000003979,2.277550016245936e-13,0.33333333333396359,0.3333333333339612,0.33333333333383097,1.0000000000017559,0.99999975796806395,0.1121826171875,0.094677734375000003,0.1121826171875,0.094677734375000003,0.1121826171875,0.094677734375000003,1.017401714635678,1.5775550469590751,1.1123211601245879,-0.31640045827996421,1.6703457575047105,91752,5.0145773389135933,7.3733954658844176,0.9375,3.4375,6.5625,0.22119140625,91752,5.0145773389135933,7.3733954658844176,0.9375,3.4375,6.5625,0.22119140625,91752,5.0145773389135933,7.3733954658844176,0.9375,3.4375,6.5625,0.22119140625,1,1.5625e-05,0.098152944044660503,0.098152944044660406,0.098152944044660503,8,8,8,0.63636363636363635,0.63636363636363635,0.63636363636363635,0.63636363636363635,0.0080943885216345993,0.0200985576923076
L10,L,73160,2.682135046473483,5.9900398586553392,0.9375,1.25,4.0625,0.10791015625,73160,2.682135046473483,5.9900398586553392,0.9375,1.25,4.0625,0.10791015625,106320,1.8456075996990216,0.82327226198495973,0.9375,2.1875,2.1875,0,,12.202796747674215,,12.202796747674215,1.472335174889345,4.4575576168352553,0.2034759521484375,0.206512451171875,0.20443522135416661,0.20892769949776779,0.2034759521484375,0.206512451171875,0.20443522135416661,0.20892769949776779,0.081797281901041602,0.0937957763671875,0.074267578124999997,0.084202357700892794,4.5364995155220562,2.1875,0.29941558837890619,0.2666130967027559,4.5364995155220562,2.1875,0.29941558837890619,0.2666130967027559,0.33859063238218567,1.25,0.29941558837890619,0.25067667322834641,-1934,-0.030218749999999999,-1635,-0.025546875,0.27996409744940459,5.6383143755913902e-21,4.9207107277888488e-22,0.27996409744928419,2.9934323594048829e-21,0.4400718050987561,1.5718865708431606,0.27046803570334998,0.4400718050987561,0.27996409744940459,0.27996409744928441,0.99999999999744515,1,0.2034759521484375,0.20443522135416661,0.2034759521484375,0.20443522135416661,0.081797281901041602,0.074267578124999997,1.0265205693862167,1.6230353745852546,1.1736677245514899,-0.3304659539121787,1.7317905903369069,79904,5.7460827993592307,9.974490852495796,0.625,2.5,6.875,0.361083984375,79904,5.7460827993592307,9.974490852495796,0.625,2.5,6.875,0.361083984375,95136,4.8260910696266404,6.3125086810500797,0.625,5.625,5.9375,0.15869140625,1,1.5625e-05,0.0516398061023986,0.0516398061023986,0.51678430334447534,4,4,8,0.45982069606352011,0.5,0.5,0.3888888888888889,0.0147862454927884,0.032343749999999998
L11,L,114515,1.7134927738724184,1.070396084094025,0.625,1.5625,3.4375,0,114252,1.7174371126982459,1.0769528143723257,0.625,1.5625,3.4375,0,95998,2.0440074272380682,2.8271556818218064,0.9375,1.875,3.125,0.030029296875,2.1455780884546178,6.9843827731925607,2.1368900244226121,6.9628660297358582,1.689665264326804,5.0988358268470817,0.13348070780436189,0.11945343017578119,0.14491017659505209,0.1522799900599888,0.13328679402669269,0.1185026168823242,0.1442820231119791,0.1512925284249442,0.098627726236979102,0.11083984375,0.10322265625,0.1118894304547991,0.36607170768411701,1.25,0.29940891265869141,0.2467314952940452,0.36773045820068068,1.25,0.29940891265869141,0.24685789093257871,1.4887104501240835,1.25,0.29940891265869141,0.25563061331200782,-1739,-0.027171875000000002,-1490,-0.02328125,0.36107993105139258,-5.0937339158154439e-05,-1.7437052874280464e-05,0.35991571962533858,-8.2896815665045316e-06,0.2790043493249677,1.2941811328767343,0.14023335127197289,0.36108215899056761,0.35991349624221441,0.27900434476891678,1.0000000000016991,0.0002078369951326,0.13348070780436189,0.14491017659505209,0.13328679402669269,0.1442820231119791,0.098627726236979102,0.10322265625,1.0072407119368092,1.3731653193540274,1.0610425376373709,-0.22354841207405499,1.5604445080060798,111539,4.1164021104725705,9.0746925487763566,0.625,1.5625,4.6875,0.40087890625,111276,4.1261311963046836,8.9989486150577687,0.625,1.5625,5,0.3927001953125,109306,4.2004956269555196,7.4539001322528762,0.625,2.5,5.3125,0.259765625,1,1.5625e-05,0.065618927438532398,0.066017305262845299,0.0521208316365845,8,8,4,0.90856029641606983,1,1,0.75,0.0132288677509014,0.0288677884615384
L12,L,117678,1.6485850158908206,1.6719287225655566,0.625,1.25,3.4375,0.007568359375,125617,1.5443943693926778,1.5716754681380951,0.625,1.25,2.5,0.0068359375,124720,1.5555018240859526,1.6102024308053269,0.625,1.25,2.5,0.007568359375,1.6748012358488991,4.6785968808688807,1.6573956063324911,4.5399053169244734,1.6615765498555732,4.5598381209537191,0.089983622233072894,0.1226530075073242,0.099388631184895798,0.12110355922154011,0.084575653076171806,0.14211845397949219,0.097323608398437497,0.1222147260393415,0.0852425893147786,0.14169502258300781,0.097823588053385396,0.12221363612583699,0.65488264435546073,0.9375,0.29602384567260742,0.24179966243233261,0.612778430469199,0.9375,0.29602384567260742,0.23798424427903539,0.63798279851562267,0.9375,0.29602384567260742,0.23841533510703741,-4954,-0.077406249999999996,-5539,-0.086546874999999995,0.31743511507711458,7.0812036712981865e-06,2.4565352635603392e-06,0.34271088110218861,2.6692702904481588e-06,0.3398540038242952,1.0796250059805199,0.0415026428664311,0.34271088558130869,0.33985400159803908,0.31743511282425069,1.0000000000035985,0.00093457051683560005,0.089983622233072894,0.099388631184895798,0.084575653076171806,0.097323608398437497,0.0852425893147786,0.097823588053385396,1.0040748424691652,1.1392237778507963,1.0145190407245157,-0.091092176832956895,1.4460217105889797,127548,3.6171309036597998,6.1138400267408288,0.9375,2.5,4.375,0.20166015625,135895,3.3949579638691638,5.8889182143747369,0.9375,2.5,4.0625,0.1993408203125,134898,3.4200493150380287,5.9795276376019215,0.9375,2.5,4.0625,0.205322265625,1,1.5625e-05,0.053156188545344298,0.046793275471662302,0.0454180054756496,4,4,4,0.5,0.5,0.5,0.5,0.038258793757511997,0.081028846153846104
L13,L,81088,2.41829863851618,0.67086695781718531,1.25,2.5,3.125,0,81088,2.41829863851618,0.67086695781718531,1.25,2.5,3.125,0,81088,2.41829863851618,0.6711038792242725,1.25,2.5,3.125,0,1.2173632003007575,4.5672572657406647,1.2173632003007575,4.5672572657406647,1.2173722992754683,4.5667628055549407,0.074216206868489495,0,0.027016194661458302,0.00048392159598209999,0.074216206868489495,0,0.027016194661458302,0.00048392159598209999,0.074239095052083301,0,0.027018229166666598,0.00048392159598209999,0.39860734175088641,1.5625,0.29921722412109369,0.26260303887795278,0.39860734175088641,1.5625,0.29921722412109369,0.26260303887795278,0.39862767654552961,1.5625,0.29921722412109369,0.26260303887795278,-838,-0.013093749999999999,-1135,-0.017734375,0.33333497235014398,-2.0882188903820823e-05,-2.0882188903823761e-05,0.33333497235016901,-3.431917055357252e-16,0.33333005529967641,1.0001779748172677,8.9004026627639347e-05,0.33336339449301111,0.33333253074576757,0.33330407476121099,0.99999999999998956,0.45061222411289309,0.074216206868489495,0.027016194661458302,0.074216206868489495,0.027016194661458302,0.074239095052083301,0.027018229166666598,1.0001159477957582,1.5497208499904391,1.0164052973233055,-0.315920549877511,1.5882245597825937,90120,5.0961495783399924,3.8252655247613454,2.1875,5.3125,6.25,0.0546875,90120,5.0961495783399924,3.8252655247613454,2.1875,5.3125,6.25,0.0546875,90116,5.0963757823250031,3.8251906700852558,2.1875,5.3125,6.25,0.0546875,1,1.5625e-05,0.0037677481065103999,0.0037677481065103999,0.0037621362653809999,2,2,2,0.47058823529411759,0.47058823529411759,0.47058823529411759,0.47058823529411759,0.0063798734224759001,0.0153942307692307
L14,L,107695,1.8146675797390777,0.7335349867332378,0.9375,1.875,2.8125,0,107699,1.8146001819886908,0.73356022674504018,0.9375,1.875,2.8125,0,107726,1.814145378088855,0.73389343123633344,0.9375,1.875,2.8125,0,1.4895805050133399,3.8145028243274761,1.4895736801973225,3.814510068741479,1.4896180426193462,3.8144310812597775,0.077337900797526005,0.070238113403320299,0.076179504394531194,0.076047624860491006,0.0773385365804036,0.070238113403320299,0.076178487141927001,0.076047624860491006,0.0773232777913411,0.070238113403320299,0.076185099283854099,0.076033455984932996,0.32105292955071368,1.25,0.29820346832275391,0.24879419522022639,0.32104739541378718,1.25,0.29820346832275391,0.2487922728531004,0.32103076232513089,1.25,0.29820346832275391,0.248779296875,-2334,-0.036468750000000001,-2635,-0.041171874999999997,0.33327998427098288,9.2603445662405313e-06,6.9442735980746633e-06,0.33329432157468769,-3.0562552474222297e-06,0.3334256941553278,1.0004531266867318,0.00024358444449460001,0.33342607641747912,0.33329886299001737,0.33327506059350198,1.0000000000009983,0.998733096109644,0.077337900797526005,0.076179504394531194,0.0773385365804036,0.076178487141927001,0.0773232777913411,0.076185099283854099,1.0010270534965351,1.293466227789315,1.012869781937527,-0.18488071068013209,1.4972786079928759,118519,3.880638336469258,6.4310216264046085,0.625,2.5,5.625,0.205078125,118523,3.8805073698775767,6.4309457009969631,0.625,2.5,5.625,0.205078125,118542,3.8798853992677702,6.4309471645809975,0.625,2.5,5.625,0.205078125,1,1.5625e-05,0.024841495727982402,0.024843684653438499,0.024852510445378999,2,2,2,0.75,0.75,0.75,0.75,0.0179227858323317,0.038570913461538403
L15,L,100190,1.947980087833117,1.0435455378074039,0.9375,1.875,3.4375,0,100193,1.947921761001268,1.0435684739050757,0.9375,1.875,3.4375,0,87929,2.2196104243196211,1.0756114500201708,0.9375,2.1875,3.75,0,1.4952573314989386,4.239625000279327,1.4952435670512421,4.2395310963996637,1.6268673792066664,5.2477994972515356,0.078008651733398396,0.098727226257324205,0.076792907714843706,0.087650299072265597,0.078006744384765597,0.098724365234375,0.076790873209635402,0.087646484375,0.1149171193440755,0.092875480651855399,0.094672139485677001,0.0899641854422433,0.38347575223168717,1.25,0.29780292510986328,0.25199733944389763,0.3834729531466346,1.25,0.29780292510986328,0.25199589766855313,0.41915084575623701,1.25,0.29780292510986328,0.25788987527682089,-2334,-0.036468750000000001,-2735,-0.042734374999999998,0.35129923850447181,-4.5722767415878879e-06,8.8387051351545076e-06,0.35131407144782328,-8.3026902194830759e-06,0.29738669004732621,1.1813419516796422,0.093121783117078902,0.35131536960239651,0.35129794307701812,0.29738668732020668,0.99999999999962141,0.00019282823534829999,0.078008651733398396,0.076792907714843706,0.078006744384765597,0.076790873209635402,0.1149171193440755,0.094672139485677001,1.0104028566324892,1.4646312172315894,1.0748302919669384,-0.26780341395061641,1.6027970315016471,106858,4.3065739111718351,7.0549382504697444,0.625,2.8125,5.9375,0.2291259765625,106861,4.3064530090491386,7.0548419232311073,0.625,2.8125,5.9375,0.2291259765625,94553,4.8670256364155549,6.9281068639743388,0.625,4.0625,6.875,0.192626953125,1,1.5625e-05,0.079220484172677602,0.079224334039918506,0.012082190079784699,8,8,4,0.62085577222145427,0.66666666666666663,0.66666666666666663,0.53846153846153844,0.0179934786283052,0.038062499999999999
L16,L,57977,2.8725291926108629,2.1471091783761431,1.25,2.1875,5.625,0,57297,2.9066203291620853,2.1688614592518536,1.25,2.1875,5.625,0,57096,2.916852756760544,2.1469582962420608,1.25,2.1875,5.625,0,1.8006276349975232,3.0079858632653518,1.8192788394594339,2.5716394431068785,1.7879230928329244,2.8351832091820874,0.080116907755533803,0.070748329162597601,0.0877700805664062,0.076218196323939696,0.071959177652994796,0.070631980895996094,0.089475504557291599,0.073537009102957504,0.080546696980794197,0.073233604431152302,0.086588033040364498,0.072562081473214204,0.60832484558216737,1.875,0.25412082672119141,0.2282585083968996,0.61409331274713241,1.875,0.25412082672119141,0.2285853108083169,0.61239827962313953,1.875,0.25412082672119141,0.2286819097563976,-463,-0.0072343750000000004,-391,-0.0061093750000000002,0.33542338271747407,-0.00050729938477669999,0.00058588826873619997,0.33062262597228248,-0.0014440796760598999,0.33395399130979098,1.0174527276160352,0.0088671466729680001,0.3358304410620821,0.33409973657927411,0.33006982235819138,0.99999999999954758,0.4322209745808645,0.080116907755533803,0.0877700805664062,0.071959177652994796,0.089475504557291599,0.080546696980794197,0.086588033040364498,1.0143449295912756,2.0801843022051552,1.2428449889940858,-0.51808151442098604,1.9339566060843216,68267,7.1604051005610323,6.2505762722998481,0.625,6.25,14.6875,0.03668212890625,67096,7.2853728240133542,6.3461475797547591,0.625,6.25,14.6875,0.037841796875,61386,7.9630432834848337,6.3610221147460679,2.1875,6.875,14.6875,0.046630859375,1,1.5625e-05,0.032121647993397701,0.031542129269359301,0.039730063781784501,8,8,8,0.33905525715301238,0.34999999999999998,0.34999999999999998,0.31818181818181818,0.0034914738581729998,0.0073762019230769003
L17,L,102453,1.8883018310835209,1.4122967297677969,0.9375,1.5625,3.75,0,102833,1.8813239670144799,1.4113120284875449,0.9375,1.5625,3.75,0,102812,1.8817082393105864,1.3841095835602384,0.625,1.5625,3.75,0,1.615134366337484,2.4168828167418401,1.6119204696496376,2.5317719064248694,1.5970109348655721,2.3185121650991607,0.10573768615722649,0.094258308410644503,0.091630045572916596,0.11161422729492181,0.10820070902506509,0.097514152526855399,0.091224161783854105,0.1157820565359933,0.1040299733479817,0.099691390991210896,0.089319864908854102,0.1168403625488281,0.45227930362526531,1.25,0.29519987106323242,0.24828620970718501,0.45229938913358708,1.25,0.29519987106323242,0.24810358483021649,0.4456364610426492,1.25,0.29519987106323242,0.2481136772576279,-2497,-0.039015624999999998,-2217,-0.034640625000000001,0.33113325036098418,9.6358136258355606e-05,0.0003688541587146,0.33239229555735528,-0.00042433645021800002,0.3364744540818238,1.0164490009666598,0.0085493590928100004,0.33654168822294411,0.33236281372184467,0.33109549805537458,1.0000000000001634,0.99280113463414199,0.10573768615722649,0.091630045572916596,0.10820070902506509,0.091224161783854105,0.1040299733479817,0.089319864908854102,1.0027753706657867,1.322420876022415,1.0096782489461504,-0.19959146858725549,1.505707242849974,110440,4.182341656102861,3.6712746452147655,0.625,3.4375,8.4375,0.00653076171875,110863,4.1663838476317618,3.6288523392779823,0.625,3.75,8.4375,0.0069580078125,104918,4.4024649011609069,3.8513474395323462,1.25,3.75,8.4375,0.01068115234375,1,1.5625e-05,0.0284285657311662,0.023591459866533701,0.029366210638309999,5,5,5,0.42892854100007449,0.45454545454545447,0.41666666666666669,0.41666666666666669,0.0192027587890625,0.039188701923076899
L18,L,102883,1.957545221270764,1.5011250991388625,0.9375,1.5625,4.0625,0,103015,1.9550368878318689,1.5008728306300634,0.9375,1.5625,4.0625,0,103135,1.9527621563969555,1.4719427538719918,0.9375,1.5625,4.0625,0,1.6388692507169915,2.0632804860027298,1.6239601368583314,2.1358224084224711,1.6266841356970465,2.1686926292336501,0.1002171834309895,0.10494899749755859,0.10204620361328121,0.11448124476841511,0.1033782958984375,0.10361480712890619,0.1001617431640625,0.11951610020228789,0.10531870524088539,0.1029529571533203,0.10050862630208331,0.11758858816964279,0.49892212396003449,1.25,0.30730915069580078,0.2602841835322342,0.49996420539331959,1.25,0.30730915069580078,0.26022074541707679,0.49105434895478178,1.25,0.30730915069580078,0.26016307440329722,-2421,-0.037828124999999997,-2073,-0.032390624999999999,0.33229394222989012,0.00033433965767120001,0.0005458348484155,0.33237116250963389,-0.00046609285849020003,0.33533489526082361,1.0109519368952908,0.0057181765970208999,0.33548266731867737,0.33266904684825122,0.3318482858334193,1.0000000000003475,0.97945704307390757,0.1002171834309895,0.10204620361328121,0.1033782958984375,0.1001617431640625,0.10531870524088539,0.10050862630208331,1.0284082153342371,1.3409766973395196,1.0448533450140762,-0.19143556352447141,1.5454033861356782,109872,4.1317339722586279,3.7673637004167189,0.625,3.4375,8.4375,0.0037841796875,109752,4.1362515033894596,3.8204173091781559,0.625,3.4375,8.4375,0.00372314453125,104720,4.3350064457601221,3.7863838887613488,0.9375,3.4375,8.75,0.00262451171875,1,1.5625e-05,0.030858474221109201,0.026106806877088901,0.028116638309974601,4.4444444444444446,5,4.4444444444444446,0.45454545454545447,0.45454545454545447,0.45454545454545447,0.45454545454545447,0.018627389761117701,0.037990384615384599
L19,L,75107,2.8394365704927642,3.0255745826688978,1.25,2.1875,4.6875,0.00067138671875,75267,2.8334005938857665,3.1856027228793047,1.25,2.1875,4.6875,0.00274658203125,48190,4.4254318842083418,4.7712018214517267,1.875,2.1875,10.3125,0.00335693359375,1.8114160220477089,4.1937786017372165,1.7656528594601073,4.2034141360181314,2.4360070157409202,3.1069636862277936,0.1362412770589192,0.1416292190551757,0.13390045166015621,0.14695521763392849,0.1393928527832031,0.13377952575683591,0.128936767578125,0.1540423801967076,0.1147054036458333,0.12156295776367181,0.18300374348958329,0.14536176409040169,1.1863923021733025,1.875,0.32541131973266602,0.29187780665600388,1.31297668278167,1.5625,0.32541131973266602,0.29180091197096458,1.9067275769468548,3.125,0.32541131973266602,0.30481389563853339,-482,-0.0075312499999999998,-335,-0.0052343750000000003,0.37700328230965691,0.00078524225858779995,-0.00069763196923209995,0.37871722040890199,-0.0016939446137315,0.24427949727997289,1.5518540076987239,0.2274343097729791,0.37904747063245742,0.37669793534369289,0.24425459402238139,0.99999999999853184,0.0135896991221974,0.1362412770589192,0.13390045166015621,0.1393928527832031,0.128936767578125,0.1147054036458333,0.18300374348958329,1.023665525200508,1.7865559538466096,1.1600911765860262,-0.40171834804275153,1.7780624757183283,83438,5.2985263009659871,5.2366711219259061,0.625,4.375,11.5625,0.0172119140625,83956,5.265834931392634,5.0675064212032286,0.625,4.0625,10.9375,0.01165771484375,37773,11.704085921160615,8.6255628518358503,1.875,10,22.5,0.0079345703125,1,1.5625e-05,0.0306763855509803,0.035067066433443497,0.12737798829355029,6.6666666666666661,5.7142857142857135,40,0.38906687009858248,0.5,0.53846153846153844,0.21875,0.0036282442533051998,0.0077451923076923002
L2,L,84036,2.297675996001713,0.8505318700908896,1.5625,1.875,3.4375,0,84036,2.297675996001713,0.8505318700908896,1.5625,1.875,3.4375,0,84036,2.297675996001713,0.8505318700908896,1.5625,1.875,3.4375,0,1.4467077002839497,4.6706124270922773,1.4467077002839497,4.6706124270922773,1.4467077002839497,4.6706124270922773,0.079554239908854102,0.0652618408203125,0.067614746093749997,0.069771902901785698,0.079554239908854102,0.0652618408203125,0.067614746093749997,0.069771902901785698,0.079554239908854102,0.0652618408203125,0.067614746093749997,0.069771902901785698,0.39483711185678,1.25,0.29462814331054688,0.2565610390009842,0.39483711185678,1.25,0.29462814331054688,0.2565610390009842,0.39483711185678,1.25,0.29462814331054688,0.2565610390009842,-1260,-0.0196875,-959,-0.014984374999999999,0.33333333333177262,1.5120726739994881e-20,1.7736451851314174e-20,0.33333333333203491,-5.6788768864168939e-20,0.33333333333203941,1.0000000000008005,4.5829042767351499e-13,0.33333333333203941,0.33333333333203491,0.33333333333177262,0.99999999999584677,0.99997229994726278,0.079554239908854102,0.067614746093749997,0.079554239908854102,0.067614746093749997,0.079554239908854102,0.067614746093749997,1.0118152278175436,1.6509522789241518,1.1128288287952159,-0.35317628125604827,1.6941990600175507,86972,5.315187646598905,8.2274065373281289,0.9375,3.75,5.625,0.27099609375,86972,5.315187646598905,8.2274065373281289,0.9375,3.75,5.625,0.27099609375,86972,5.315187646598905,8.2274065373281289,0.9375,3.75,5.625,0.27099609375,1,1.5625e-05,0.053847991994892097,0.053847991994892097,0.053847991994892097,8,8,8,0.5,0.5,0.5,0.5,0.0096902231069710999,0.020336538461538399
L20,L,148838,1.327536062699042,1.0767993236906968,0.625,1.25,2.1875,0.00030517578125,149016,1.3259503174155796,1.0559063417930641,0.625,1.25,2.1875,0,67589,2.9233723312965125,2.937880202187896,0.9375,1.5625,6.875,0,1.6836194546372396,2.2483328761216672,1.6907148641023453,2.2722039254017261,2.1699707775974133,2.6149994679372028,0.10354677836100259,0.1008558273315429,0.1038228352864583,0.097076960972377196,0.1052589416503906,0.10305213928222649,0.10465240478515619,0.0969679696219308,0.097592671712239495,0.10357666015625,0.148126729329427,0.10557992117745529,0.3658093259290463,0.9375,0.30149507522583008,0.23233873262180119,0.36135184599334602,0.9375,0.30149507522583008,0.2322531872846948,0.97218330251191964,2.1875,0.30149507522583008,0.27138633427657483,-2987,-0.046671875000000002,-2819,-0.044046874999999999,0.41392045060092508,-0.0010920431799030001,-0.00043352556563169999,0.4144907107958774,-0.00052486818026399997,0.17158883860289509,2.420547705288433,0.39749435313604992,0.41533432648384372,0.4130787530943239,0.17158692042153009,0.99999999999969758,0.00061739758826049999,0.10354677836100259,0.1038228352864583,0.1052589416503906,0.10465240478515619,0.097592671712239495,0.148126729329427,1.0023738597386065,1.1652541212448126,1.0210123553447712,-0.10861195911403231,1.458954447184849,155602,2.9419428252850222,3.0406814394290715,0.625,2.1875,5.9375,0.01702880859375,155775,2.9386755737441823,3.1214555203151786,0.625,2.1875,5.9375,0.017333984375,83973,5.4514211413192335,5.6291514890212673,0.3125,4.0625,11.5625,0.00299072265625,1,1.5625e-05,0.023805938420582599,0.022295825759464101,0.037607385834765597,3.0769230769230766,3.0769230769230766,40,0.5007837003421215,0.5714285714285714,0.5714285714285714,0.38461538461538458,0.022828843336838898,0.046867788461538398
L3,L,171568,1.1852297631259909,2.3676556882167588,0.3125,0.9375,1.875,0.03515625,171568,1.1852297631259909,2.3676556882167588,0.3125,0.9375,1.875,0.03515625,171568,1.1852297631259909,2.3676556882167588,0.3125,0.9375,1.875,0.03515625,1.8002654331316867,4.6432155724246043,1.8002654331316867,4.6432155724246043,1.8002654331316867,4.6432155724246043,0.1218363444010416,0.12435150146484369,0.12242431640625,0.11926705496651779,0.1218363444010416,0.12435150146484369,0.12242431640625,0.11926705496651779,0.1218363444010416,0.12435150146484369,0.12242431640625,0.11926705496651779,1.6137263282148486,0.9375,0.31028366088867188,0.2302726685531496,1.6137263282148486,0.9375,0.31028366088867188,0.2302726685531496,1.6137263282148486,0.9375,0.31028366088867188,0.2302726685531496,-3767,-0.058859374999999999,-3016,-0.047125,0.33333333334025028,8.2047787051313361e-20,8.9790647449217691e-20,0.33333333334021059,-2.277389920461488e-19,0.33333333334020848,1.0000000000001257,7.055537201285768e-14,0.33333333334025028,0.3333333333402107,0.33333333334020848,1.0000000000206697,0,0.1218363444010416,0.12242431640625,0.1218363444010416,0.12242431640625,0.1218363444010416,0.12242431640625,1.0055397760773224,1.1967065741306273,1.0196422612047995,-0.1255496516897017,1.4700025828064094,174728,2.5869494299711562,3.3511285446986321,0.3125,1.875,6.5625,0.0458984375,174728,2.5869494299711562,3.3511285446986321,0.3125,1.875,6.5625,0.0458984375,174728,2.5869494299711562,3.3511285446986321,0.3125,1.875,6.5625,0.0458984375,1,1.5625e-05,0.091594645075764203,0.091594645075764203,0.091594645075764203,4,4,4,0.5,0.5,0.5,0.5,0.029053734412560001,0.1063930288461538
L4,L,102108,1.9032390948799311,3.821009999547663,0.625,1.5625,2.5,0.059326171875,102052,1.904283478030808,3.822470521781459,0.625,1.5625,2.5,0.059326171875,102108,1.9032390948799311,3.8206585611745241,0.625,1.5625,2.5,0.0592041015625,1.6815611208697578,5.1151528485052697,1.6816701984594975,5.1170229724524043,1.68150876865265,5.1145121043643478,0.096591949462890597,0.12268829345703119,0.10049336751302081,0.1088720049176897,0.096605300903320299,0.1226835250854492,0.1005060831705729,0.1088883536202567,0.096584320068359306,0.12267494201660149,0.1004872639973958,0.1088681902204241,2.6018460984549838,1.25,0.2965331077575683,0.24979574849286409,2.6030012918316219,1.25,0.2965331077575683,0.2498226616326279,2.601031774814063,1.25,0.2965331077575683,0.24979574849286409,-1479,-0.023109375000000001,-1480,-0.023125,0.33336952568131728,3.4455145978316299e-06,-1.2415127396066749e-06,0.33326598724791517,-1.2415127396082243e-06,0.333364487067076,1.0003123157161748,0.00017551724039049999,0.33336994228884248,0.33336419958378,0.33326585812368598,0.9999999999963084,0.2293343671775907,0.096591949462890597,0.10049336751302081,0.096605300903320299,0.1005060831705729,0.096584320068359306,0.1004872639973958,1.0017921837556489,1.3901681519055118,1.0380591857909487,-0.23633806924286629,1.5485180792227258,105962,4.3508433447839794,5.0734734524702132,0.9375,3.125,6.875,0.1025390625,105903,4.3532672587178833,5.0881746844628326,0.9375,3.125,6.875,0.103515625,105966,4.3506791093369568,5.0734315845869222,0.9375,3.125,6.875,0.1025390625,1,1.5625e-05,0.016789277736762798,0.016751811867317699,0.0167865964609599,4,4,4,0.5,0.5,0.5,0.5,0.011214078463040801,0.031914663461538401
L5,L,121584,1.6014031451506778,2.3019574157840998,0.625,1.25,2.8125,0.02294921875,111468,1.7467344888219041,2.4228772425983829,0.625,1.5625,3.125,0.02294921875,121584,1.6014031451506778,2.3019574157840998,0.625,1.25,2.8125,0.02294921875,1.5251951880647254,3.692397859918108,1.7803855561342985,5.0474700415409686,1.5251951880647254,3.692397859918108,0.082265218098958301,0.1063079833984375,0.080721028645833304,0.082933698381696397,0.1113535563151041,0.094947814941406194,0.1117350260416666,0.105499267578125,0.082265218098958301,0.1063079833984375,0.080721028645833304,0.082933698381696397,1.1870659774739569,0.9375,0.29709625244140619,0.24100332185039369,1.2176295330039382,1.25,0.29709625244140619,0.24586498831200779,1.1870659774739569,0.9375,0.29709625244140619,0.24100332185039369,-2759,-0.043109374999999998,-2460,-0.038437499999999999,0.3477313684594372,-4.0502060244678145e-21,1.0253686137893201e-20,0.30453726308735329,-2.7244044068382243e-19,0.34773136845978159,1.141835205762779,0.0746751910208419,0.34773136845978159,0.3477313684594372,0.30453726308735329,1.0000000000065721,1,0.082265218098958301,0.080721028645833304,0.1113535563151041,0.1117350260416666,0.082265218098958301,0.080721028645833304,1.0059227766638112,1.3102910591314332,1.0288600349570751,-0.19068388108583439,1.5158899773490089,124112,3.7116072579605519,3.0894128317920302,0.9375,3.125,6.875,0.029296875,113804,4.0477926962145441,6.1498831843554242,0.625,2.5,6.875,0.17138671875,124112,3.7116072579605519,3.0894128317920302,0.9375,3.125,6.875,0.029296875,1,1.5625e-05,0.088333811654946498,0.0130722157391238,0.088333811654946498,4,2,4,0.46415888336127792,0.40000000000000002,0.625,0.40000000000000002,0.021153268667367699,0.047657451923076903
L6,L,87136,2.2724247153874404,4.1327235365695589,0.625,1.5625,3.4375,0.035400390625,87136,2.2724247153874404,4.1326345868491048,0.625,1.5625,3.4375,0.035400390625,100132,1.9774897135780769,1.130226966361183,0.9375,1.5625,4.0625,0,1.9098538958877715,6.9118932986626049,1.9096312100567008,6.9111515700019561,1.3723521651303854,3.9719238454444783,0.12892405192057291,0.1270942687988281,0.1276713053385416,0.13072640555245529,0.12891896565755209,0.12707138061523429,0.12765096028645831,0.13070460728236599,0.075383504231770801,0.073497772216796806,0.059338378906250003,0.058240618024553499,2.566835159269572,1.5625,0.3021392822265625,0.2626414862204724,2.566780780268231,1.5625,0.3021392822265625,0.2626414862204724,0.40759846068156658,1.25,0.3021392822265625,0.2563957154281496,-1210,-0.018906249999999999,-1169,-0.018265625000000001,0.29703954344072969,0.00026361880641789998,7.9569680364492033e-21,0.29703954344073108,5.1843032701311858e-19,0.40592091311837541,1.3677690116492822,0.18639291292538371,0.40592091311837541,0.2973031622471482,0.2967759246343124,0.99999999999983602,1,0.12892405192057291,0.1276713053385416,0.12891896565755209,0.12765096028645831,0.075383504231770801,0.059338378906250003,1.0035650017637243,1.4921282045391775,1.0529174167301327,-0.28611871690611368,1.594768093514686,96064,4.7608885742838112,7.539774489811542,0.9375,3.125,6.25,0.23828125,96064,4.7608885742838112,7.5397291873706207,0.9375,3.125,6.25,0.23828125,100948,4.5305503823750843,3.64350395698643,1.875,4.0625,6.5625,0.0467529296875,1,1.5625e-05,0.0054240413664005003,0.0054202913611621998,0.074039448608549496,4,4,4,0.45813016353708941,0.5,0.5,0.38461538461538458,0.0092225999098556992,0.021069711538461499
L7,L,72868,2.7530603282648074,5.9074159071147321,1.25,1.5625,3.125,0.1083984375,72868,2.7530603282648074,5.9074159071147321,1.25,1.5625,3.125,0.1083984375,108264,1.8529705165151851,0.88195769428551851,0.625,1.5625,3.4375,0,2.0741580480578681,7.7232823371188601,2.0741580480578681,7.7232823371188601,1.4515027928060056,4.1099948343228574,0.1365000406901041,0.14214706420898429,0.14427490234375001,0.1463732038225446,0.1365000406901041,0.14214706420898429,0.14427490234375001,0.1463732038225446,0.0819091796875,0.071380615234375,0.074853515625000006,0.080195835658482095,4.4990011118289708,1.5625,0.3061065673828125,0.2734970933809055,4.4990011118289708,1.5625,0.3061065673828125,0.2734970933809055,0.35563073953640639,1.25,0.3061065673828125,0.25648606668307089,-1194,-0.018656249999999999,-895,-0.013984375,0.28709470054872699,2.2852194431502945e-05,-2.285219443150324e-05,0.28709470054892861,5.4014277747097282e-05,0.42581059889912681,1.4832894890985002,0.23576918837247299,0.42581062369338479,0.28711754924408239,0.28707182705931528,0.99999999999678235,0.99999991063994798,0.1365000406901041,0.14427490234375001,0.1365000406901041,0.14427490234375001,0.0819091796875,0.074853515625000006,1.0154086092260388,1.4981870772738848,1.1117446393895003,-0.28057869291837417,1.6417485438779966,76372,5.9544073744304198,7.7726725713068561,1.25,5.9375,6.5625,0.213623046875,76372,5.9544073744304198,7.7726725713068561,1.25,5.9375,6.5625,0.213623046875,97712,4.6539831341084001,6.5028374757203746,0.9375,3.75,6.5625,0.177978515625,1,1.5625e-05,0.047526344265164402,0.047526344265164402,0.2891895880291882,8,8,8,0.30671888847284501,0.26315789473684209,0.26315789473684209,0.41666666666666669,0.0090312406099759008,0.0187043269230769
L8,L,103428,1.9120487198824303,1.0661038639810392,0.9375,1.5625,3.125,0,103440,1.9118269044856919,1.065799867848793,0.9375,1.5625,3.125,0,103416,1.9122705867564007,1.0662005704795774,0.9375,1.5625,3.125,0,1.5027855229756499,4.033077716741726,1.5028200213822924,4.0325036984086857,1.5027924225302678,4.0316179507504231,0.091617584228515597,0.0774078369140625,0.080189005533854094,0.074854169573102605,0.091588338216145801,0.0774078369140625,0.080194091796875006,0.074866158621651704,0.091562906901041602,0.0774078369140625,0.080190022786458301,0.074861798967633897,0.38844575496102129,1.25,0.30175685882568359,0.25442625030757871,0.38836735309764442,1.25,0.30175685882568359,0.25442048320620081,0.38848780794074728,1.25,0.30175685882568359,0.25443201740895671,-3120,-0.048750000000000002,-2671,-0.041734374999999997,0.33333333333204879,0.00015958194205820001,-0.00016613803175830001,0.3333660105038968,-0.00016071029517120001,0.33330065616044918,1.0015335451898393,0.00084833613615099997,0.3336588053646744,0.3331932866388535,0.33314790799286692,0.99999999999639477,0.54185870077592946,0.091617584228515597,0.080189005533854094,0.091588338216145801,0.080194091796875006,0.091562906901041602,0.080190022786458301,1.0078120487488922,1.3682311629830306,1.0701142370955363,-0.2205426925187195,1.5652204928701181,104956,4.3599282080109765,5.4215393500495157,0.9375,3.4375,6.875,0.121826171875,104972,4.3592636607857331,5.4213603902522891,0.9375,3.4375,6.875,0.121826171875,104940,4.3605929578806935,5.4216338287923662,0.9375,3.4375,6.875,0.121826171875,1,1.5625e-05,0.054330711385990299,0.054342811803201503,0.054355162787258403,8,8,8,0.45454545454545447,0.45454545454545447,0.45454545454545447,0.45454545454545447,0.023978581355168199,0.0498197115384615
L9,L,97712,2.0091698051416409,2.2389547587676044,0.625,1.5625,4.0625,0.01171875,97712,2.0091698051416409,2.2389547587676044,0.625,1.5625,4.0625,0.01171875,89472,2.194206008583691,1.7756791490562367,1.25,1.5625,6.875,0,2.0168888961329698,7.7892450231551029,2.0168888961329698,7.7892450231551029,2.1633848083082858,8.0217763854753468,0.124267578125,0.19775390625,0.13515625000000001,0.15799386160714279,0.124267578125,0.19775390625,0.13515625000000001,0.15799386160714279,0.122802734375,0.19775390625,0.14628906250000001,0.17808314732142849,0.92694408654542837,1.25,0.299560546875,0.2549597071850393,0.92694408654542837,1.25,0.299560546875,0.2549597071850393,0.57112372944551659,1.25,0.299560546875,0.2589197834645669,-1534,-0.02396875,-1435,-0.022421875000000001,0.34948947711167311,-3.2116684724482169e-20,-2.80398396216042e-21,0.34948947711167422,6.1798330744982925e-21,0.30102104577250821,1.1610134308542499,0.083753263972956599,0.34948947711167411,0.34948947711167311,0.30102104577250821,0.99999999999585565,1.1155754004565494e-16,0.124267578125,0.13515625000000001,0.124267578125,0.13515625000000001,0.122802734375,0.14628906250000001,1.0175267740598433,1.2665344503161495,1.0358498417542314,-0.1579097815482553,1.5095916962466691,95632,4.8000669232056206,8.143733650502373,0.625,2.5,6.5625,0.27734375,95632,4.8000669232056206,8.143733650502373,0.625,2.5,6.5625,0.27734375,103552,4.4329419035846724,9.1771602096015563,0.9375,2.1875,3.75,0.390625,1,1.5625e-05,0.19918085665758489,0.19918085665758489,0.15417228769554989,4,4,4,0.65344744821838774,0.625,0.625,0.7142857142857143,0.011552969125600899,0.026925480769230702
T1,T,102338,1.928273222068049,0.85457843357739116,1.25,1.5625,3.4375,0,102338,1.928273222068049,0.85457843357739116,1.25,1.5625,3.4375,0,102338,1.928273222068049,0.85464542904407692,1.25,1.5625,3.4375,0,1.3846127086569322,3.6483810301814814,1.3846127086569322,3.6483810301814814,1.3846127086569322,3.6484646932426599,0.064886093139648396,0.078020095825195299,0.060925292968750003,0.068589346749441907,0.064886093139648396,0.078020095825195299,0.060925292968750003,0.068589346749441907,0.064891815185546806,0.078022003173828097,0.060925292968750003,0.068584987095424099,0.35543017959123679,1.25,0.3011102676391601,0.25429841289370081,0.35543017959123679,1.25,0.3011102676391601,0.25429841289370081,0.35543960804893648,1.25,0.3011102676391601,0.25429841289370081,-500,-0.0078125,-499,-0.007796875,0.33333143177373159,1.2636341038091221e-06,1.2636341038085859e-06,0.33333143177396429,1.2636341038094742e-06,0.33333713645659269,1.0000227945258515,1.186351704364183e-05,0.33333776624287892,0.33333206562166567,0.33333016813974409,1.0000000000042886,0.94314538547954363,0.064886093139648396,0.060925292968750003,0.064886093139648396,0.060925292968750003,0.064891815185546806,0.060925292968750003,1.0023924494205634,1.3482363823974894,1.0303971249579404,-0.213813004814501,1.5288827356804708,111034,4.1250821820343324,5.8445540574747472,1.25,3.125,5.9375,0.1612548828125,111034,4.1250821820343324,5.8445540574747472,1.25,3.125,5.9375,0.1612548828125,111034,4.1250821820343324,5.8436130001663287,1.25,3.125,5.9375,0.1611328125,1,1.5625e-05,0.017819495180061099,0.017819495180061099,0.017821280054160601,4,4,4,0.5,0.5,0.5,0.5,0.0039181565504807,0.0087980769230768998
T10,T,139628,2.3688613673475234,1.5114882958399345,0.3125,2.5,5,0,139638,2.3686917243157306,1.5117489154635939,0.3125,2.5,5,0,139638,2.3686917243157306,1.5114731736505695,0.3125,2.5,5,0,1.3678921836072804,4.1711514323913006,1.3678801380428951,4.1708197052387153,1.367916275372502,4.1707640589485457,0.22683842976888019,0.31221103668212891,0.21590372721354159,0.2491580418178013,0.2268473307291666,0.31218051910400391,0.21590118408203121,0.2491460527692522,0.22686386108398429,0.31217765808105469,0.21590881347656249,0.2491422380719866,0.8710067610632517,1.5625,0.50469875335693359,0.4415686900221456,0.87106846814574335,1.5625,0.50469875335693359,0.44156388410433067,0.87097201564516424,1.5625,0.50469875335693359,0.44156388410433067,-2078,-0.032468749999999998,-2439,-0.038109375000000001,0.33331927074445489,-5.9936479197565509e-05,-2.3397248264972839e-05,0.33332758279124408,-2.739197765349456e-05,0.33335314647242431,1.0004005975643162,0.0002163710532277,0.33338431073601399,0.33336487799939762,0.33325081127271172,1.0000000000081233,0.19356829849442239,0.22683842976888019,0.21590372721354159,0.2268473307291666,0.21590118408203121,0.22686386108398429,0.21590881347656249,1.0002643623343761,1.0584867763509584,1.001965623378213,-0.040810951040087098,1.4080184204897546,149231,2.1751554636771182,3.0182840910548401,0.625,1.875,3.125,0.050537109375,149233,2.1751263125448124,3.0182477020349432,0.625,1.875,3.125,0.050537109375,149252,2.1748494157532225,3.0168272201990249,0.625,1.875,3.125,0.0504150390625,1,1.5625e-05,0.0256854059432217,0.0256656794874782,0.025690032463863002,2,2,2,1.3333333333333333,1.3333333333333333,1.3333333333333333,1.3333333333333333,0.0162632164588341,0.037867788461538397
T11,T,121428,1.6303771576572126,0.5944100092693414,0.9375,1.875,2.1875,0,121442,1.6301892055466809,0.59456446484216119,0.9375,1.875,2.1875,0,121430,1.6303503047022976,0.59398177657492357,0.9375,1.875,2.1875,0,1.457148778080787,5.2509068762346427,1.4572071260996151,5.2510962148526854,1.4571293297795247,5.2511366976806704,0.041725794474283803,0.19884777069091791,0.073435974121093706,0.1235918317522321,0.0417423248291015,0.19880580902099609,0.073445129394531197,0.12358529227120529,0.041730244954427002,0.19885349273681641,0.073432922363281194,0.12360109601702,0.28363413962937362,0.9375,0.30208349227905268,0.24610480361097439,0.28362654337661097,0.9375,0.30208349227905268,0.24609807532603339,0.28358072280184171,0.9375,0.30208349227905268,0.2461038424274114,-3671,-0.057359374999999997,-4270,-0.066718749999999993,0.33331402442203523,-1.5761844173311803e-05,-1.849953808535252e-05,0.33336481253487021,9.1472880950966195e-06,0.33332116304842829,1.00022562910313,0.0001134573869923,0.33337327663483401,0.33332864848137828,0.33329807488912178,1.0000000000053335,0.2746067970254335,0.041725794474283803,0.073435974121093706,0.0417423248291015,0.073445129394531197,0.041730244954427002,0.073432922363281194,1.0003477721555569,1.0912361084565851,1.001909347171652,-0.062730823190298102,1.4193583740441538,128186,3.5681475551152242,6.4758114137264169,1.25,2.1875,4.0625,0.228271484375,128197,3.5678413886440401,6.475589336298742,1.25,2.1875,4.0625,0.228271484375,128184,3.5682032273918742,6.4762700998830098,1.25,2.1875,4.0625,0.228271484375,1,1.5625e-05,0.0031547973652395001,0.0031472454927443999,0.0031542937782314999,1,1,1,0.8571428571428571,0.8571428571428571,0.8571428571428571,0.8571428571428571,0.0280889000525841,0.060670673076922997
T12,T,111479,1.7635216049659577,1.6255528319239232,0.625,1.5625,2.5,0.0087890625,111485,1.7634266941741039,1.6254721932160456,0.625,1.5625,2.5,0.0087890625,111470,1.7636639903112945,1.6258446108733744,0.625,1.5625,2.5,0.0089111328125,1.2798212521747965,3.5607664567186035,1.2797735551524441,3.5600680310926176,1.2797785757242195,3.5607411292918765,0.0452880859375,0.10690212249755859,0.040686035156250001,0.056387220110212001,0.0452823638916015,0.1068897247314453,0.040676371256510399,0.056375776018415098,0.045288721720377602,0.1068925857543945,0.040677388509114502,0.056370326450892801,0.6710715321807994,1.25,0.2999811172485351,0.24876728208046259,0.6710450172888861,1.25,0.2999811172485351,0.24876439852977361,0.67204861276465844,1.25,0.2999811172485351,0.24877160740649601,-970,-0.01515625,-969,-0.015140625,0.33332918719392751,-6.1651840979075207e-05,-8.2204991522527224e-05,0.333358654050532,-7.5486183740499732e-05,0.33331215875905579,1.0006921799665176,0.00038896152039700002,0.3334144232775767,0.33340177659997777,0.33318380012596122,1.0000000000035154,0.57149948416754526,0.041773478190104102,0.025675964355468699,0.0417728424072265,0.025669352213541601,0.041773478190104102,0.025665791829427,1.0001463758805065,1.1568685393715259,1.0031241540251477,-0.1050068864825628,1.4428770825804591,116310,3.9443244347003699,1.852849824660616,1.5625,3.125,6.25,0,116308,3.9443922602056607,1.8528284539936239,1.5625,3.125,6.25,0,116297,3.944765342184235,1.8530351149856108,1.5625,3.125,6.25,0,2,3.1250000000000001e-05,0.0064262181065961,0.0064293486826391003,0.0064318680562583004,2,2,2,0.5,0.5,0.5,0.5,0.0072121394230769001,0.017096153846153799
T13,T,204417,0.96634422528458996,0.78394577413620237,0.3125,0.625,2.1875,0,204373,0.96655227207116401,0.78454350961488895,0.3125,0.625,2.1875,0,204476,0.966065393982668,0.78272417032823838,0.3125,0.625,2.1875,0,1.5165752024341088,2.2750196124609259,1.516557624601335,2.2693594341157746,1.5161991257344929,2.2743315348915001,0.082942962646484306,0.10234832763671869,0.082004801432291594,0.083528791155133897,0.082944869995117104,0.1025066375732421,0.0820022583007812,0.083523341587611599,0.0829010009765625,0.1024208068847656,0.081950378417968706,0.083523341587611599,0.2463604932624715,0.625,0.30141782760620112,0.20555006612942911,0.2465268960569254,0.625,0.30141782760620112,0.2055712121678149,0.24602715435401959,0.625,0.30141782760620112,0.20552171121432081,-4270,-0.066718749999999993,-3669,-0.057328125000000001,0.33332637455145508,-3.0395815113368318e-05,5.8923834471082632e-05,0.33325282238344028,4.0809030646487587e-05,0.33342080308218658,1.0006868498458308,0.00034404647081929998,0.33345209618645522,0.33332468196273879,0.333223221867888,1.0000000000170819,0.90962686417599758,0.082942962646484306,0.082004801432291594,0.082944869995117104,0.0820022583007812,0.0829010009765625,0.081950378417968706,1.0011910896784315,1.0275014175083192,1.0030390250816394,-0.018711513796106399,1.3983449180167264,211475,2.1649027662844307,1.4196048173226097,0.9375,1.875,4.375,0.003662109375,211438,2.1652816073742658,1.4195068027720421,0.9375,1.875,4.375,0.003662109375,211532,2.1643194055745703,1.4240269834790746,0.9375,1.875,4.375,0.0037841796875,1,1.5625e-05,0.015604387719443299,0.0156130882483465,0.0156452694795935,4,4,4,0.33333333333333331,0.33333333333333331,0.33333333333333331,0.33333333333333331,0.0334560171274038,0.067361778846153797
T14,T,104164,1.886706299681272,1.3013260326919156,0.625,1.5625,4.375,0,104168,1.886633851086706,1.3013874225527138,0.625,1.5625,4.375,0,104158,1.8868149830065859,1.3016060265767937,0.625,1.5625,4.375,0,1.5659341261633366,4.8264049704072791,1.5659341261633366,4.826296099941767,1.565964199896678,4.8265795489189021,0.089928309122721303,0.141972541809082,0.087999471028645804,0.097205025809151704,0.089932759602864495,0.14196014404296869,0.087999471028645804,0.097211020333426296,0.089937845865885394,0.14196681976318359,0.088003540039062494,0.097209930419921806,0.43113250502418948,1.25,0.29987621307373041,0.25217708077017709,0.43114012686970737,1.25,0.29987621307373041,0.2521751584030511,0.4312035733293515,1.25,0.29987621307373041,0.25217996432086609,-1971,-0.030796875000000001,-1970,-0.03078125,0.33333765628883288,5.3002632333777884e-06,4.4487804267908378e-06,0.3333481080019951,5.2221382302363844e-06,0.33331423571139068,1.0001157445402318,5.8172478201412962e-05,0.3333514803291267,0.3333356184924659,0.33331290118062629,1.0000000000022189,0.17399726167294319,0.089928309122721303,0.087999471028645804,0.089932759602864495,0.087999471028645804,0.089937845865885394,0.088003540039062494,1.0116715256323561,1.2559773535692609,1.0249016824447403,-0.15603475321625279,1.4963149250969767,105414,4.3526773009277706,6.0903533009821214,1.25,2.8125,6.5625,0.1634521484375,105418,4.3525121421389139,6.0902602643096735,1.25,2.8125,6.5625,0.1634521484375,105415,4.3526360100554946,6.089567011840944,1.25,2.8125,6.5625,0.16351318359375,1,1.5625e-05,0.1027031123372675,0.1027108177999916,0.10270546392705,4,4,4,0.55555555555555558,0.55555555555555558,0.55555555555555558,0.55555555555555558,0.0150743502103365,0.031604567307692302
T15,T,98014,2.0053257697879894,0.99479828340604082,0.9375,1.875,3.125,0.00048828125,98020,2.0052030197918791,0.99490756743544762,0.9375,1.875,3.125,0.00048828125,98019,2.0052234770809743,1.0030342555908651,0.9375,1.875,3.125,0.0006103515625,1.2696567016196725,3.7575665329347809,1.2697975683663889,3.759248419533888,1.269723424077186,3.758367490471314,0.054531733194986901,0.077747344970703097,0.038575236002604103,0.052022116524832497,0.0544916788736979,0.077689170837402302,0.038604227701822903,0.0520172119140625,0.054575602213541602,0.077681541442871094,0.038588968912760403,0.052033015659877203,0.39564377907098802,1.25,0.2999114990234375,0.25516828401820868,0.3956460948678443,1.25,0.2999114990234375,0.25516540046751968,0.39896834359656352,1.25,0.2999114990234375,0.2551658810593011,-1700,-0.026562499999999999,-2299,-0.035921874999999999,0.33330828023051129,-1.2570793263772596e-05,-4.3150642660178944e-05,0.33333879169092739,-4.5675576179734938e-05,0.33335292808013262,1.0004079444277991,0.0002040653675022,0.33339987831674112,0.33333619652934238,0.33326392515548747,1.0000000000015714,0.79248872372598533,0.054531733194986901,0.038575236002604103,0.0544916788736979,0.038604227701822903,0.054575602213541602,0.038588968912760403,1.0043682467108714,1.2022328262434845,1.0110156019844356,-0.12971399712937409,1.4655322701870583,108912,4.2126671073894517,3.9812247081122241,1.5625,3.75,6.25,0.06201171875,108924,4.2122030039293454,3.9822587607871038,1.5625,3.75,6.25,0.06207275390625,108915,4.2125510719368311,3.9835318362700098,1.5625,3.75,6.25,0.06201171875,1,1.5625e-05,0.0409924344947067,0.040958648952223099,0.040935519148612501,4,4,4,0.5,0.5,0.5,0.5,0.0129566932091346,0.0297884615384615
T16,T,122208,1.5873372651544908,3.1449819870818501,0.625,0.9375,2.5,0.03564453125,122220,1.5871814146620848,3.1448102603670667,0.625,0.9375,2.5,0.03564453125,122220,1.5871814146620848,3.144680170862451,0.625,0.9375,2.5,0.0355224609375,1.6042344401183568,4.4093781418349405,1.6042026411384205,4.4089046416956004,1.604170843419092,4.4090285369700082,0.096895853678385394,0.089150428771972601,0.090723673502604102,0.090499332972935206,0.096885681152343694,0.089149475097656194,0.090719604492187494,0.090496063232421806,0.096881230672200502,0.089145660400390597,0.090715535481770804,0.090499332972935206,2.0056142468008167,1.25,0.2959980964660644,0.23959662970595469,2.0055792070204363,1.25,0.2959980964660644,0.23959086260457671,2.0053494935848097,1.25,0.2959980964660644,0.23959086260457671,-1970,-0.03078125,-1233,-0.019265625000000001,0.33331057075367732,9.4912900294298576e-06,-9.7538689480646802e-07,0.33334798855722259,2.9904791212108493e-06,0.33334144069658422,1.0001283958290028,6.7034992229820519e-05,0.3333510145038342,0.33334076638492288,0.33330821911872699,1.0000000000074842,0.27136517038024049,0.096895853678385394,0.090723673502604102,0.096885681152343694,0.090719604492187494,0.096881230672200502,0.090715535481770804,1.0028473139986449,1.4121033977708024,1.0406244496655137,-0.24687188074416541,1.5582640418345084,131549,3.5072458741609589,2.3489419300742611,0.625,3.125,6.25,0.00537109375,131558,3.507005940345703,2.3490369017579216,0.625,3.125,6.25,0.00537109375,131548,3.5072725355003498,2.3489685624838628,0.625,3.125,6.25,0.00537109375,1,1.5625e-05,0.0313163703727347,0.031320696354596701,0.031315447466808997,4,4,4,0.29999999999999999,0.29999999999999999,0.29999999999999999,0.29999999999999999,0.015629432091346099,0.032271634615384598
T17,T,83732,2.3626943701332825,3.5050479523192282,0.9375,1.875,3.125,0.040771484375,83734,2.3626379367998664,3.5136707222282562,0.9375,1.875,3.125,0.041015625,83718,2.3630894789650969,3.5101326246833882,0.9375,1.875,3.125,0.040771484375,1.4255053993233129,4.5784613256347892,1.4267291974063026,4.5797113052833041,1.425862382253106,4.5791633223740851,0.086360295613606697,0.054788589477539,0.068240356445312497,0.060744149344308003,0.086589177449544197,0.055054664611816399,0.068440755208333301,0.060910361153738803,0.086335500081380204,0.0549468994140625,0.068298848470052007,0.060840606689453097,1.9528909533980685,1.5625,0.30186939239501948,0.26400540569635828,1.9614162035931084,1.5625,0.30186939239501948,0.2640044445127952,1.9561181803966377,1.5625,0.30186939239501948,0.26401213398129919,-310,-0.00484375,-159,-0.002484375,0.33332761776800829,8.9285215344126953e-06,-1.3355307070998264e-05,0.33331477464549331,-2.0012027331519109e-05,0.3333576075896672,1.0001949427781822,0.0001013684864397,0.33337118372821012,0.3333226081849392,0.3333062080900196,1.0000000000031688,0.8679671920077594,0.086360295613606697,0.068240356445312497,0.086589177449544197,0.068440755208333301,0.086335500081380204,0.068298848470052007,1.0023517867500789,1.526032676043976,1.0399643946713759,-0.30319846323150201,1.5971196689278302,89865,5.0912688477160186,1.652527824031619,2.5,5.9375,6.5625,0,89862,5.0914388172976341,1.6548139626295817,2.5,5.9375,6.5625,0,89868,5.0910988894823523,1.6527824099121295,2.5,5.9375,6.5625,0,1,1.5625e-05,0.017326902439070799,0.017673502798070499,0.017411631071313001,4,4,4,0.31578947368421051,0.31578947368421051,0.31578947368421051,0.31578947368421051,0.0024085881159855,0.0052331730769229999
T2,T,57572,3.3877579378864726,4.6503654056697483,0.9375,2.5,5.625,0.048583984375,57572,3.3877579378864726,4.6503654056697483,0.9375,2.5,5.625,0.048583984375,57572,3.3877579378864726,4.650312880605517,0.9375,2.5,5.625,0.048583984375,2.0417174978977224,8.7887412716068489,2.0417174978977224,8.7887412716068489,2.0416661520195944,8.7884175857787969,0.15318806966145829,0.1176033020019531,0.1358113606770833,0.137115478515625,0.15318806966145829,0.1176033020019531,0.1358113606770833,0.137115478515625,0.1531829833984375,0.1175994873046875,0.13580729166666661,0.1371111188616071,2.4316288237648549,2.1875,0.297607421875,0.27228215735728339,2.4316288237648549,2.1875,0.297607421875,0.27228215735728339,2.4316048149389875,2.1875,0.297607421875,0.27228215735728339,-324,-0.0050625000000000002,-175,-0.0027343749999999998,0.33333333333252618,-5.1539023478026806e-20,-4.1202203146402851e-20,0.33333333333264598,-1.4630409071475341e-18,0.3333333333326467,1.0000000000003617,2.0802028271698562e-13,0.3333333333326467,0.33333333333264592,0.33333333333252618,0.99999999999781919,0.99999941130020076,0.15318806966145829,0.1358113606770833,0.15318806966145829,0.1358113606770833,0.1531829833984375,0.13580729166666661,1.0450728098105979,2.3764463952152028,1.3730894903348263,-0.59260120088396673,2.137561303979747,53404,8.6195790577484832,11.393736631085115,2.1875,5,40,0.372314453125,53404,8.6195790577484832,11.393736631085115,2.1875,5,40,0.372314453125,53404,8.6195790577484832,11.393723791520079,2.1875,5,40,0.372314453125,1,1.5625e-05,0.2015056033219606,0.20150560332196049,0.2015170216859519,8,8,8,0.5,0.5,0.5,0.5,0.0024129169170672999,0.0051826923076922996
T3,T,47969,4.0549495507515267,4.9895198115375923,1.5625,3.125,5.9375,0.049072265625,47970,4.0548650198040441,4.9894927687021111,1.5625,3.125,5.9375,0.049072265625,47971,4.0547804923808135,4.9892955837468991,1.5625,3.125,5.9375,0.049072265625,2.2351880848305488,8.9579300229482506,2.2351726759901882,8.9578568247030201,2.2352343126263654,8.9575147392170891,0.172641118367513,0.11699867248535149,0.1492411295572916,0.12579345703125,0.17264048258463541,0.1169977188110351,0.14924011230468751,0.1257923671177455,0.17263730367024741,0.1169919967651367,0.14924418131510411,0.12579454694475439,2.5047756815280176,2.5,0.29680156707763672,0.27608508012426181,2.5047718872767515,2.5,0.29680156707763672,0.27608459953248032,2.5046457513992646,2.5,0.29680156707763672,0.27608411894069879,-175,-0.0027343749999999998,-324,-0.0050625000000000002,0.33332587005861408,-1.3695362885517752e-06,-2.7390725771022141e-06,0.3333333333325314,-4.108608865654467e-06,0.33334079660648758,1.000054069810516,2.7159408235274451e-05,0.33334284602009451,0.33333233076747498,0.33332482321006329,0.99999999999763323,0.91772133725333715,0.172641118367513,0.1492411295572916,0.17264048258463541,0.14924011230468751,0.17263730367024741,0.14924418131510411,1.043763774885474,1.9823934931085323,1.2879915449932788,-0.46272405988004361,1.941553897117656,62741,7.3452467286144625,10.881593343400462,1.5625,4.0625,7.8125,0.373779296875,62742,7.3451296579643621,10.881261917967638,1.5625,4.0625,7.8125,0.373779296875,62747,7.3445443606865668,10.880733114678913,1.5625,4.0625,7.8125,0.373779296875,1,1.5625e-05,0.2012996725187424,0.20130229326690749,0.2013159824020502,8,8,8,0.76923076923076927,0.76923076923076927,0.76923076923076927,0.76923076923076927,0.0013135563777042999,0.0037560096153845999
T4,T,130058,1.5130845468944625,0.87854087043969786,0.9375,1.25,3.125,0,130063,1.5130263795237693,0.87840826105381931,0.9375,1.25,3.125,0,130042,1.5132707125390259,0.87903450055205035,0.9375,1.25,3.125,0,1.3619998464254159,2.8727609422355749,1.3619401750503426,2.8738712327391638,1.3619742723387038,2.8740695487787984,0.059486389160156201,0.088932991027832003,0.056489054361979103,0.060787200927734299,0.059475580851236901,0.088936805725097601,0.056478373209635398,0.060780661446707497,0.059490839640299401,0.088918685913085896,0.056484476725260399,0.060777391706194103,0.31056362162075812,0.9375,0.30027580261230469,0.24013537309301181,0.31053313123367371,0.9375,0.30027580261230469,0.24013297013410431,0.31067335687978381,0.9375,0.30027580261230469,0.24014306256151571,-971,-0.015171875,-970,-0.01515625,0.33334206895484769,3.5395455771444629e-05,4.5208388240023319e-05,0.33335433414050641,3.0040418863454355e-05,0.33330359691226419,1.0004110157091202,0.00020999706725429999,0.33341016920836042,0.33331664210687861,0.33327318869237921,1.0000000000076184,0.44610091912617189,0.059486389160156201,0.056489054361979103,0.059475580851236901,0.056478373209635398,0.059490839640299401,0.056484476725260399,1.0000610259820226,1.1207171612725499,1.0027143962630616,-0.082167093820338793,1.4300343672208784,138113,3.3202613077697247,3.4403079091299151,1.25,3.125,4.6875,0.0633544921875,138118,3.320141111223736,3.4400985224970202,1.25,3.125,4.6875,0.0633544921875,138096,3.3206700411308074,3.4406574370299912,1.25,3.125,4.6875,0.0633544921875,1,1.5625e-05,0.0073841422104025996,0.0073863983744965004,0.0073873624524736997,2,2,2,0.40000000000000002,0.40000000000000002,0.40000000000000002,0.40000000000000002,0.0075922804612379002,0.01590625
T5,T,66072,2.9715168679622228,2.7505049394076493,1.25,2.8125,4.375,0.0179443359375,66073,2.9714718947225038,2.7456119604828499,1.25,2.8125,4.375,0.017822265625,66085,2.9709323220095332,2.745634154617453,1.25,2.8125,4.375,0.017822265625,1.5524010871243905,5.8596495283983376,1.5525415678184455,5.861047268759938,1.5526229103679938,5.8602511681826872,0.1220175425211588,0.0424137115478515,0.085978190104166602,0.060100555419921799,0.1220455169677734,0.042446136474609299,0.085997517903645807,0.060130528041294602,0.1220531463623046,0.042454719543456997,0.086008707682291602,0.060127803257533398,1.1956459307054634,1.875,0.29958200454711909,0.27018725778174207,1.1921005502343305,1.875,0.29958200454711909,0.27018677718996059,1.1920965764740563,1.875,0.29958200454711909,0.2701810100885827,-485,-0.0075781249999999998,-484,-0.0075624999999999998,0.33330840208780421,-2.8882603218438679e-05,9.577105949711088e-06,0.33333257726239313,1.6131740439211241e-05,0.33335902064874501,1.0002453663312472,0.0001282354260701,0.3333670274125401,0.33334772215301989,0.33328525043338247,0.9999999999989424,0.86653801529392227,0.1220175425211588,0.085978190104166602,0.1220455169677734,0.085997517903645807,0.1220531463623046,0.086008707682291602,1.0015917141980306,1.8118476919317867,1.0739645050220821,-0.42758357584330348,1.7194792646950785,71795,6.3935641409568911,8.1297385458621818,2.1875,5,6.5625,0.23406982421875,71795,6.3935641409568911,8.1334075577146869,2.1875,5,6.5625,0.2347412109375,71805,6.392673734419609,8.1298671405161969,2.1875,5,6.5625,0.234375,1,1.5625e-05,0.0018587012149156,0.0018486765181885999,0.0018517071178825999,2,2,2,0.5625,0.5625,0.5625,0.5625,0.0036590857872595998,0.0083365384615384005
T6,T,66093,2.9705585311606373,2.7434024765542526,1.25,2.8125,4.375,0.017822265625,66095,2.9704686436190331,2.7458945391004681,1.25,2.8125,4.375,0.01788330078125,66107,2.9699294325865644,2.7387547058395758,1.25,2.8125,4.375,0.01776123046875,1.5524700856041596,5.8609544627539751,1.5524146346163441,5.8596625341236237,1.5525033580983267,5.8600838151987391,0.1220029195149739,0.042459487915039,0.085986836751302004,0.060150146484375,0.1220029195149739,0.042436599731445299,0.085979207356770795,0.0601179940359933,0.1220302581787109,0.042431831359863198,0.085991414388020798,0.060109274727957497,1.190851744864285,1.875,0.29958057403564448,0.27017572357898623,1.1926610533580706,1.875,0.29958057403564448,0.27017476239542321,1.188218339896955,1.875,0.29958057403564448,0.2701689952940452,-485,-0.0075781249999999998,-484,-0.0075624999999999998,0.33332322964898459,-5.0356476176414363e-05,-2.50560856628194e-05,0.33331964582478968,-2.9477540445338075e-05,0.33335712452533312,1.0003537419851569,0.0002003549492437,0.33337414832586948,0.33336959007891082,0.3332562615943272,0.9999999999991076,0.66749700634649056,0.1220029195149739,0.085986836751302004,0.1220029195149739,0.085979207356770795,0.1220302581787109,0.085991414388020798,1.0015923226244736,1.8118134412923368,1.0739373147941929,-0.4275695013823243,1.7194487583627314,71800,6.3931319637883011,8.1325769088336273,2.1875,5,6.5625,0.23480224609375,71805,6.3926867906134683,8.1263786494816586,2.1875,5,6.5625,0.23388671875,71828,6.3906397922815614,8.1259264535233449,2.1875,5,6.5625,0.23419189453125,1,1.5625e-05,0.0018494351357627001,0.0018557698692851,0.0018506074331819001,2,2,2,0.5625,0.5625,0.5625,0.5625,0.0036591937725359998,0.0083341346153845992
T7,T,159924,1.2326773186013356,2.6181670588443016,0.625,0.9375,1.5625,0.04296875,159920,1.2327081509504751,2.6182032726394331,0.625,0.9375,1.5625,0.04296875,159917,1.2327312762245417,2.61828046247724,0.625,0.9375,1.5625,0.04296875,1.3886700816769006,4.6436889391507794,1.3886317192442073,4.6449788986487111,1.3887320562381933,4.6448236437292643,0.056131362915039,0.29918670654296869,0.061459350585937503,0.085306440080915105,0.056134541829427002,0.29935359954833979,0.061452738444010398,0.085320608956473198,0.056178410847981697,0.29935073852539062,0.061470031738281201,0.085351671491350395,1.869754605021396,0.9375,0.30080366134643549,0.22631403404896649,1.8697617044967587,0.9375,0.30080366134643549,0.22631595641609251,1.8698004816391376,0.9375,0.30080366134643549,0.22631739819143701,-1971,-0.030796875000000001,-1970,-0.03078125,0.33333362654533338,-0.0003246189712189,-0.00026756310316279998,0.33333046988145182,-0.00027095342741749999,0.33333590358962711,1.0027038709504681,0.0015011705035224,0.3336566932432094,0.3335863454113856,0.33275696136181709,1.0000000000164122,0.015097943967098499,0.056131362915039,0.061459350585937503,0.056134541829427002,0.061452738444010398,0.056178410847981697,0.061470031738281201,1.0001961945882123,1.0419525271904837,1.0026460597365501,-0.029503263359992701,1.4027361037984281,168398,2.7210852415111817,0.72678211155675532,1.5625,3.125,3.4375,0,168396,2.7211175592056818,0.72691422688185381,1.5625,3.125,3.4375,0,168401,2.7210367664087505,0.72725002373873548,1.5625,3.125,3.4375,0,1,1.5625e-05,0.015532472819719201,0.015529686988442599,0.015542296016155701,2,2,2,0.29999999999999999,0.29999999999999999,0.29999999999999999,0.29999999999999999,0.015434678297776399,0.031323317307692299
T8,T,80387,2.4356744560687682,0.68373819772916333,1.25,2.8125,3.125,0,80387,2.4356744560687682,0.68373819772916333,1.25,2.8125,3.125,0,80383,2.4357956595300001,0.68376852845063996,1.25,2.8125,3.125,0,1.2171653159022475,4.6857892640085419,1.2171653159022475,4.6857892640085419,1.2172449802169636,4.685713007024412,0.074834187825520801,0,0.026754252115885401,0.00095748901367179997,0.074834187825520801,0,0.026754252115885401,0.00095748901367179997,0.074901580810546806,0,0.026772054036458302,0.00095367431640620002,0.40158565126995538,1.5625,0.29876184463500971,0.26248096856545278,0.40158565126995538,1.5625,0.29876184463500971,0.26248096856545278,0.4016057957584141,1.5625,0.29876184463500971,0.26248289093257871,-985,-0.015390625,-984,-0.015375,0.33334630451851732,5.022481389146634e-05,-2.7765350478106571e-05,0.33334630451875119,-3.2320166238659674e-05,0.33330739096477691,1.0003733893169111,0.0002087705693446,0.33341354788814292,0.3332973508156275,0.33328910129827521,1.0000000000020457,0.3718196878897444,0.074834187825520801,0.026754252115885401,0.074834187825520801,0.026754252115885401,0.074901580810546806,0.026772054036458302,1.0001289450910589,1.5645837732060413,1.0170426614780219,-0.32279644552978037,1.5938219481296081,85761,5.3586529716304616,4.5217009884288659,2.5,5.3125,5.9375,0.080078125,85761,5.3586529716304616,4.5217009884288659,2.5,5.3125,5.9375,0.080078125,85758,5.3588404288812708,4.5229537072325936,2.5,5.3125,5.9375,0.080078125,1,1.5625e-05,0.0047734580725114001,0.0047734580725114001,0.0047551366927176004,2,2,2,0.52941176470588236,0.52941176470588236,0.52941176470588236,0.52941176470588236,0.0074957744891826,0.0158353365384615
T9,T,80377,2.436428487004989,0.68373435066428012,1.25,2.8125,3.125,0,80377,2.436428487004989,0.68373435066428012,1.25,2.8125,3.125,0,80366,2.4367619702361694,0.68325959365101407,1.25,2.8125,3.125,0,1.2173771549006305,4.6861748524343616,1.2173771549006305,4.6861748524343616,1.2173384552102928,4.685340471801605,0.074932098388671806,0,0.026828002929687501,0.00096566336495529999,0.074932098388671806,0,0.026828002929687501,0.00096566336495529999,0.075003306070963505,0,0.026819356282552002,0.00095094953264500002,0.40176827827784539,1.5625,0.29881715774536127,0.26254152312992118,0.40176827827784539,1.5625,0.29881715774536127,0.26254152312992118,0.4017742869906637,1.5625,0.29881715774536127,0.26254680963951771,-985,-0.015390625,-984,-0.015375,0.33334606195330641,-2.7384449458835961e-05,3.5717828161409604e-06,0.33334606195354238,-1.6341093009960909e-06,0.333307876095216,1.000198465095308,0.0001061249422965,0.33337365252072509,0.3333188448658882,0.33330750261545161,1.0000000000020648,0.055905592605003301,0.074932098388671806,0.026828002929687501,0.074932098388671806,0.026828002929687501,0.075003306070963505,0.026819356282552002,1.000128672714242,1.5644775312867001,1.0170427996718918,-0.3227476577427168,1.5937851288762639,85767,5.3578554397378948,4.5219376581842381,2.5,5.3125,5.9375,0.0799560546875,85767,5.3578554397378948,4.5219376581842381,2.5,5.3125,5.9375,0.0799560546875,85766,5.357917910360749,4.5211952109126425,2.5,5.3125,5.9375,0.080078125,1,1.5625e-05,0.0047729174573954,0.0047729174573954,0.0047864430515310004,2,2,2,0.52941176470588236,0.52941176470588236,0.52941176470588236,0.52941176470588236,0.0074958730844349999,0.015814903846153801
