model_id,pair_index,slice_index_a,slice_index_b,red_pixel_count,blue_pixel_count,purple_pixel_count,union_pixel_count,red_area_mm2,blue_area_mm2,purple_area_mm2,union_area_mm2,overlay_sha256,component_count_raw,component_count_kept
F1,0,0,1,0,29002,0,29002,0.0,46.403200000000005,0.0,46.403200000000005,bc992600d1385002aa452059c2c8c82f673ae835906cb5f7a9595401694b5283,10,10
F1,1,1,2,0,28426,29002,57428,0.0,45.4816,46.403200000000005,91.8848,bb3786f1f781a7761a41c57cbaaeb697147204e74dc474bf5dec36e1bb7810e3,15,15
F1,2,2,3,0,31404,57428,88832,0.0,50.2464,91.8848,142.1312,a353e1ed88017692e6d72c0b53fb7bc1d0d479deb5016ac78e52b89b61edf586,20,20
F1,3,3,4,0,28899,88832,117731,0.0,46.238400000000006,142.1312,188.36960000000002,d83866175fe112d344e056cc4eaa257337647051ea7c53318fc79c5d44b0d818,25,25
F1,4,4,5,0,6597,117731,124328,0.0,10.555200000000001,188.36960000000002,198.9248,d1fa3f16910128de32e244cbb628c30240bd01d611476a292b07d4ee88e94620,25,25
F1,5,5,6,128,6408,124200,130736,0.2048,10.2528,198.72,209.1776,b4c40efd1efc010c169f0548975d04186937034ac027444bcc0e7fd97b62b9bd,25,25
F1,6,6,7,0,6782,130608,137390,0.0,10.8512,208.9728,219.824,5b9e6b4db07c69871e92dd82deb4efbddbc106ca337646a22372ebc4ce35d663,25,25
F1,7,7,8,0,6724,137390,144114,0.0,10.7584,219.824,230.5824,17621b42ae3f16b128ea95d925a0a853ea1334db37739fd1a0c8fd3649c17eb2,25,25
F1,8,8,9,0,7592,144114,151706,0.0,12.1472,230.5824,242.7296,a5933dfa4ec9e5669051dad6184e61db0920865302cab6fb8d809377ffd297e3,25,25
F1,9,9,10,0,7766,151706,159472,0.0,12.425600000000001,242.7296,255.1552,717a2830675ebbd20b406dbac025ca5b49af0134cf72509e7970db9d5fc2a9dd,25,25
F1,10,10,11,0,8018,159472,167490,0.0,12.828800000000001,255.1552,267.98400000000004,4928972c8c8adc80e98b2dd51c76a422a65be0c8036203cbb3f308a542191068,25,25
F1,11,11,12,0,6326,167490,173816,0.0,10.1216,267.98400000000004,278.10560000000004,fc629811e443e5957021b1d9c0d043aa8fc5bd9047ec45841d3f2d876750f64d,25,25
F1,12,12,13,0,7886,173816,181702,0.0,12.617600000000001,278.10560000000004,290.7232,4293f95be18570e3d258fd02e05f504f0c1560876c16b9f0953cae2913032932,25,25
F1,13,13,14,0,7544,181702,189246,0.0,12.070400000000001,290.7232,302.7936,e31af169d9dc1c55a48e958647a0ff6e6e80752ab62381c44b870a249b2ee68f,25,25
F1,14,14,15,0,8098,189246,197344,0.0,12.956800000000001,302.7936,315.7504,8f8eaf84a50046a2945c35b2e6e877472a80097c6d8ea342dc1750cb6affd744,25,25
F1,15,15,16,0,7842,197344,205186,0.0,12.5472,315.7504,328.2976,b5ecafcf2454b6529fcf5df9da132c9e3e64eef6a0293512471a0897328990fd,25,25
F1,16,16,17,0,8906,205186,214092,0.0,14.249600000000001,328.2976,342.54720000000003,ff0f92a9c90e670454827718fe5dc5ae8eb74aa08a11d67615288dc4df70d98c,25,25
F1,17,17,18,0,9118,214092,223210,0.0,14.5888,342.54720000000003,357.136,4d464e17e34c87d190f5721e3087972bb78357540944fd6793d4398befaca253,25,25
F1,18,18,19,0,9274,223210,232484,0.0,14.8384,357.136,371.9744,4fbc6b227ad2e5120b5404c8a9e8629c623985d7fae820b464067cbb4b7f9565,25,25
F1,19,19,20,0,8062,232484,240546,0.0,12.8992,371.9744,384.8736,e3cf031b12ca99f3c45ac0caf5dcb599ae35ab54f43bc420ef274183fc0c56ff,25,25
F1,20,20,21,0,8592,240546,249138,0.0,13.747200000000001,384.8736,398.62080000000003,6d5664f2e688873cc231ca7f16ad3652381d9f6b8d4c964442aa8a20a89e5ab9,25,25
F1,21,21,22,0,8722,249138,257860,0.0,13.955200000000001,398.62080000000003,412.576,b4b37dec06201eba45a7a935485b6b12e2250a30b7ff46cda08f42792692d2de,25,25
F1,22,22,23,0,8837,257860,266697,0.0,14.1392,412.576,426.71520000000004,f28b63603511e69fc2b286f011316dbc86ea94b84b7b55760f3a63170a87767a,25,25
F1,23,23,24,0,9211,266697,275908,0.0,14.7376,426.71520000000004,441.4528,9d016092c43268e1d18e3b192ca39becc4617c3bf953477fea46c3d4579361d6,25,25
F1,24,24,25,966,9350,274942,285258,1.5456,14.96,439.90720000000005,456.4128,13669066688639900fce26bfb4b1dacb042f7271a84d15df1ce254d283b704e3,25,25
F1,25,25,26,2446,8830,281846,293122,3.9136,14.128,450.9536,468.9952,175d00190c169f34e24a016d1aa810c088aff5723c03268a621d4d1bec6f95ce,25,25
F1,26,26,27,3852,7270,286824,297946,6.163200000000001,11.632,458.9184,476.71360000000004,5d9bb5efffa3b92ecab2262e93b3c55a037ba50fc474f1ca69241af4ac46db85,25,25
F1,27,27,28,4700,7302,289394,301396,7.5200000000000005,11.683200000000001,463.03040000000004,482.2336,baa9d704a7c6150bcfc75a2d3bd69248dff8e8f925299e2b09bcfa655e9bc4b4,25,25
F1,28,28,29,5610,6910,291086,303606,8.976,11.056000000000001,465.73760000000004,485.7696,577a6f798612f35f65baef086ae5fcda2b3272198b6d3af666876eb85f1d1274,25,25
F1,29,29,30,9708,7354,288288,305350,15.5328,11.7664,461.2608,488.56,01b8ec116fa8f6b5aff83986dd9b5e775295ed354819d19736241605523a470e,25,25
F1,30,30,31,10992,6054,284650,301696,17.5872,9.6864,455.44,482.71360000000004,b34a04400d08d31c35c3df4baff36377dd9b9b3300baf07914fbe6def1d47ce4,25,25
F1,31,31,32,10558,7684,280146,298388,16.8928,12.294400000000001,448.2336,477.42080000000004,29f756fe995f69a1fb073739e39555e3fd4fa38f8292908185747dd3e27f9d52,25,25
F1,32,32,33,11530,7744,276300,295574,18.448,12.390400000000001,442.08000000000004,472.9184,1d111fc3f426ebc1be199071ebbce77332624eb3e64b3ca0ed6bb30fe6e89784,25,25
F1,33,33,34,10412,7654,273632,291698,16.659200000000002,12.246400000000001,437.81120000000004,466.71680000000003,8661bc8d0015bc82e6c281f9954c35f5924f437fa43d5288989002109139d3a1,25,25
F1,34,34,35,10958,6534,270328,287820,17.5328,10.4544,432.5248,460.512,a6d6ed559f4704ffdc941682399b4b70c6a2aa2898776f2c8b81b3a823dcd82e,25,25
F1,35,35,36,11508,7714,265354,284576,18.4128,12.342400000000001,424.56640000000004,455.32160000000005,f7b2f0664426e97019fd12321fdd4c7913b73599376b5cbe155616597e619495,25,25
F1,36,36,37,12144,6876,260924,279944,19.430400000000002,11.0016,417.4784,447.91040000000004,3206366ea6959d29186cd1135592907b26a967236d488bacdf7353c85649d7c5,25,25
F1,37,37,38,12830,7381,254970,275181,20.528000000000002,11.809600000000001,407.952,440.2896,77ed0393af8895c55fde72c1105825abffe5e827c43bf45866ea5caf83ec5624,25,25
F1,38,38,39,12932,5976,249419,268327,20.691200000000002,9.5616,399.0704,429.32320000000004,8f43598b3a891d8d5f37ec09ee92e5d8dddfb8374414515f576bd7d6e20dc570,25,25
F1,39,39,40,13190,7773,242205,263168,21.104000000000003,12.4368,387.528,421.0688,98be3352af2e3aeaf346469186ea8552f90e6019337e96ac1c4041b4ce42befb,25,25
F1,40,40,41,12574,7784,237404,257762,20.1184,12.454400000000001,379.8464,412.41920000000005,65c0282f0bb22811854bef740481fb7de6f48663ca12c77be30bf0e6678c9d1e,25,25
F1,41,41,42,11882,7768,233306,252956,19.011200000000002,12.4288,373.2896,404.7296,44c7ac351d6f6bdaa97429076ebab6656d995fec453f135826ac311af23d082c,40,40
F1,42,42,43,9858,6854,231216,247928,15.7728,10.9664,369.9456,396.6848,5d9c9ccbc78b83469e34351635eee312ea679c5e04bd4552690853c5923403b3,59,59
F1,43,43,44,8564,8200,229506,246270,13.7024,13.120000000000001,367.2096,394.03200000000004,9c21524907c7f1736847de74c181a4e7f1da29e5ec486443c3792c46013b4efb,76,76
F1,44,44,45,6726,8178,230980,245884,10.761600000000001,13.084800000000001,369.56800000000004,393.4144,e6166c5d568336c85be351949213d5f82511171e4df65f808461bb5897dd1874,93,93
F1,45,45,46,6126,8086,233032,247244,9.8016,12.9376,372.8512,395.59040000000005,238347ef1d6535166f3feaf6d1de82a2528b793eedd2b23683841c939c056c7b,100,100
F1,46,46,47,5804,7418,235314,248536,9.2864,11.8688,376.5024,397.6576,f5c94494279022e8ccd12ad2aebfc1d6c2afffaae9feb5edc85a23a5c1d3b205,100,100
F1,47,47,48,5379,9534,237353,252266,8.6064,15.2544,379.76480000000004,403.6256,15eb2c817b8d83e0a4da622094d33a1cbfa8a090da5eb4b1d9961d6cc3622487,100,100
F1,48,48,49,5087,9766,241800,256653,8.1392,15.6256,386.88,410.64480000000003,0a71d085fc7126391fa6776dbf2379bd4e42dea2844fabd5fe42c97c100fb2e1,100,100
F1,49,49,50,4632,9240,246934,260806,7.4112,14.784,395.0944,417.2896,c80316b235a66fbe15530b05d102384f6d472ee150748a6adffdb21da2f1c8ae,100,100
F1,50,50,51,4330,10016,251844,266190,6.928,16.0256,402.9504,425.904,51e3123168579a0f1a102d153dc25a9e22e4c282b0feca2c5a49025cbc7b9298,100,100
F1,51,51,52,4504,10688,257356,272548,7.2064,17.1008,411.7696,436.07680000000005,7888617e18c11858d9b6198693ac16fadafd1e0891d7cbd7b8dc38598749b599,100,100
F1,52,52,53,3996,10626,264048,278670,6.3936,17.0016,422.4768,445.872,6cbef77396b6b0e85c3992f22fd5d527ea4eb4d6ea52b52b946806a64ef483c3,100,100
F1,53,53,54,3634,9652,271040,284326,5.8144,15.443200000000001,433.66400000000004,454.9216,951ea023f8b0c413ae7b0f215ebb081817a35f7f52956e23e1606794aa31fd3e,100,100
F1,54,54,55,3390,11190,277302,291882,5.424,17.904,443.6832,467.01120000000003,bee9b4fb9406278b7bcb54824919fc3d746d939b4b5f7bc45feb47496b30b5e1,100,100
F1,55,55,56,2938,11678,285554,300170,4.7008,18.6848,456.88640000000004,480.27200000000005,9e444ec16367124a2cd597225622a0b6d20f43d2302a69bf64130a34bc2d0390,95,95
F1,56,56,57,2674,13573,294558,310805,4.2784,21.716800000000003,471.2928,497.288,482c8ff2eeb4064b6c1ffd325543573d3d632be843d3c8934d86d37de50ff7a0,80,80
F1,57,57,58,2146,13873,305985,322004,3.4336,22.1968,489.576,515.2064,6f2cbb981d97d3b858c97cd6e1f996cf6da9ae15128869254c70e5678e7d95b9,65,65
F1,58,58,59,2442,17042,317416,336900,3.9072,27.267200000000003,507.86560000000003,539.0400000000001,c5c15aa6a435aa6aab1c2c30ae60c099bf9b72c554fca5cb78991e43361e762d,46,46
F1,59,59,60,2702,18266,331756,352724,4.3232,29.2256,530.8096,564.3584000000001,f018cbaa044de9b98067862af4a9f1d6ae1c5d62d7eb2a4a7e53c360d5190e64,31,31
F1,60,60,61,2826,18990,347196,369012,4.5216,30.384,555.5136,590.4192,21e70d93c3655ff1a534fb89777fae8b9c2ae2b294217e493234474a26d26130,25,25
F1,61,61,62,2896,17260,363290,383446,4.6336,27.616,581.264,613.5136,09f3b6dd6db1e69caa3f684f455d7247f3ea4229c464ff6e6fc3b22542d41579,25,25
F1,62,62,63,3474,17236,377076,397786,5.558400000000001,27.5776,603.3216,636.4576000000001,a031024f00f75d8d22216a5278164ef5da1714c5eb907e9f223d8d4203921ab2,25,25
F1,63,63,64,3378,17154,390934,411466,5.4048,27.4464,625.4944,658.3456,3573c25e095c20a6a79dd8c00dc2e4c23a8467d50ac14c34d78ecf35f57e8687,25,25
F1,64,64,65,3722,17590,404366,425678,5.9552000000000005,28.144000000000002,646.9856,681.0848000000001,2c1558308ac8db5bbcea5e1bd67e9075975a363ca1a2333d856eb28e788754bb,25,25
F1,65,65,66,4340,15386,417616,437342,6.944,24.6176,668.1856,699.7472,6fbdb90e7a811b9429ea57ab66fa5be23e192c57744c57b38fc09d23eb3d433f,25,25
F1,66,66,67,7212,16564,425790,449566,11.539200000000001,26.5024,681.264,719.3056,7b376828eb55be80978473a992dd79e509b7ade95c2a55fdbde50ca1f2c456e9,40,40
F1,67,67,68,9394,15760,432960,458114,15.0304,25.216,692.736,732.9824,2e1c1340fb766a5ac7cf0454f43742f64767d456ea8e332c6f753166ef3aacbc,55,55
F1,68,68,69,11190,15186,437530,463906,17.904,24.297600000000003,700.048,742.2496,8fee19746b60cc26e13993c62f6471d7edb9469a2abe66399aac2d6c9d52e69a,71,71
F1,69,69,70,12304,13790,440412,466506,19.686400000000003,22.064,704.6592,746.4096000000001,15ef92e9098c8e90f5f6227ca83ca5afefe86829549c29e626d5b9b5028796dc,86,86
F1,70,70,71,12514,13446,441688,467648,20.0224,21.5136,706.7008000000001,748.2368,7234cff8ae83d7fc419f5d8fb85013033789f88b8032ab134c10fc2871e96254,100,100
F1,71,71,72,12372,13618,442762,468752,19.7952,21.788800000000002,708.4192,750.0032,cbaebf957ff2296130fc6c8b3f2e6f597568479fba8a7b3a99899496af6eba8e,100,100
F1,72,72,73,12502,12982,443878,469362,20.0032,20.7712,710.2048,750.9792,dd233feea815b6a0d4a3340ef262eeeea029b5f6c42a41c8d4ff7c54eeec1da2,96,96
F1,73,73,74,11816,10108,445044,466968,18.9056,16.172800000000002,712.0704000000001,747.1488,dd1ceffe51e5550f5e1c670d258e01f783a94eca6c6a1a298431d26237ba7a45,87,87
F1,74,74,75,13402,7846,441750,462998,21.4432,12.553600000000001,706.8000000000001,740.7968000000001,dc0e3d4cb137ad22fe1144704718aeebbd3f5ea295872ff0d46d7649f2b47aad,73,73
F1,75,75,76,14032,4604,435564,454200,22.4512,7.3664000000000005,696.9024000000001,726.72,f5d44a8d00385a1de536de50ab594176c04956d5580655f4dfad2b8e88811d20,64,64
F1,76,76,77,14444,2046,425724,442214,23.110400000000002,3.2736,681.1584,707.5424,6549544e6aabab452773e2aed51eeda3887328fe2dca0cf5e918fbb0ea8389f2,60,60
F1,77,77,78,14228,1060,413542,428830,22.7648,1.6960000000000002,661.6672,686.128,cd8953cfb05cfa4bda293e71f6d8064f8cd428ec7e2ef527f6477bac3a0ad2c6,60,60
F1,78,78,79,14618,1418,399984,416020,23.3888,2.2688,639.9744000000001,665.6320000000001,10216cb36f95160b052b6107136dad2c9251de0fd700d01c5862df9c67f2bf08,60,60
F1,79,79,80,13486,1257,387916,402659,21.5776,2.0112,620.6656,644.2544,716c7c86d21663db8b3df2773fcb22d7bb049dccda58d114fa9a1cbfd0b139d0,59,59
F1,80,80,81,9360,3936,379813,393109,14.976,6.2976,607.7008000000001,628.9744000000001,29d55ee869456476ede484fbfc9a00c9c29c28099a22e08ceba70509ed976fb8,58,58
F1,81,81,82,6883,6856,376866,390605,11.0128,10.9696,602.9856,624.9680000000001,e32133d3c5a7730f1a34a782ffb185e7a04e980b5bdf7e2fdbc63cf0d9e91fe3,58,58
F1,82,82,83,4608,10238,379114,393960,7.372800000000001,16.3808,606.5824,630.336,98f5fefa7a06223e81ed48701e71d5fdb1760f518d1dd87d7ab17ae3c9ba1768,58,58
F1,83,83,84,1420,12394,387932,401746,2.2720000000000002,19.8304,620.6912,642.7936000000001,dc4a7ad8ff95ec201231df07e4181ba7fb9c73dec1f89fa5ed74254fdfa02603,59,59
F1,84,84,85,1060,13144,399266,413470,1.6960000000000002,21.0304,638.8256,661.552,e4c358ed62b7c85ff20b7c3a390f3c99f3e735e49696813e470035a7902d3311,60,60
F1,85,85,86,1456,14442,410954,426852,2.3296,23.107200000000002,657.5264000000001,682.9632,69ee7019bd60069f69bfb029935c07f7b9917f6341c33217a0ebc876347a55d0,60,60
F1,86,86,87,1900,14340,423496,439736,3.04,22.944000000000003,677.5936,703.5776000000001,6621b2e2e84c58a9ff41f2e08f8f29027d4b5773bef069547133f03c7636fad3,60,60
F1,87,87,88,4572,14176,433264,452012,7.3152,22.6816,693.2224,723.2192,8562fbdfdfd9f92b232f98745b712acd45ffc9ed5aff852f78ed16d88db56060,62,62
F1,88,88,89,6106,12930,441334,460370,9.7696,20.688000000000002,706.1344,736.592,15255ae4f1569b9946651fc5d3ad7e5e75ab11a5b75c58290c9a1a3ceaead501,71,71
F1,89,89,90,9284,13106,444980,467370,14.8544,20.9696,711.9680000000001,747.792,c66c9a593b2899ef3f9fefffef3bc2b27cfcb6a1cb39c103a63024dc752a7cfd,82,82
F1,90,90,91,13004,12674,445082,470760,20.8064,20.2784,712.1312,753.216,ac2a6fd2d5f6b9477a35567808b62694c225ccf567b5a92cb00049673d832e3c,91,91
F1,91,91,92,14338,12280,443418,470036,22.9408,19.648,709.4688,752.0576,67bc7f0bc8c1baf78d785f75a06599ac16001aa1d5eef50baf1881c0bee3695f,100,100
F1,92,92,93,13144,11964,442554,467662,21.0304,19.142400000000002,708.0864,748.2592000000001,cc94fcbec9e80aa725b2ffba0e0eb784f6f6ebee1b6669b05b248e73ef080a06,100,100
F1,93,93,94,14684,12062,439834,466580,23.494400000000002,19.299200000000003,703.7344,746.528,d2ce36dc35d93137d1cacb3ae42cf8c352f65b84587cc1192e732aead49a9c31,90,90
F1,94,94,95,14944,11446,436952,463342,23.910400000000003,18.3136,699.1232,741.3472,8fa358bff5955b15fe60e9fe927a3949b3fda8a1f39e8334c09102e32c05db51,75,75
F1,95,95,96,15828,9758,432570,458156,25.3248,15.6128,692.1120000000001,733.0496,c5218b18c6ae3d779df7235b3141714ff622058f052e13849a7336460f271662,56,56
F1,96,96,97,14374,7134,427954,449462,22.9984,11.4144,684.7264,719.1392000000001,2f059da3dd55455e52077f736ea95c2c5d75f264beb4d4634a4c574d14ae15d3,41,41
F1,97,97,98,16110,5794,418978,440882,25.776,9.2704,670.3648000000001,705.4112,84917e1364d98a7063b6160ea5b032321488751a799e34d9be9562bda68b4bd9,25,25
F1,98,98,99,17388,3998,407384,428770,27.820800000000002,6.396800000000001,651.8144,686.032,29d90eb04234bf022e6cddf0574d43b7b5c610765eb2b72b58fc3cbdecab3012,25,25
F1,99,99,100,17540,3188,393842,414570,28.064,5.1008000000000004,630.1472,663.312,ed15c244e31f46037a56a810c912d33bbbe5cb29651d61ab67bd1f5de19cd2fa,25,25
F1,100,100,101,17008,2930,380022,399960,27.2128,4.688000000000001,608.0352,639.936,0b62ffccf608a358014ead214f03bb0d6d34b3e306d7415914792814c541aa78,25,25
F1,101,101,102,18552,2848,364400,385800,29.683200000000003,4.5568,583.0400000000001,617.2800000000001,9002a25a591f54e4134eeec6043b4c86e24b2094a7cebeec5f0037b4187c5776,25,25
F1,102,102,103,19362,2878,347886,370126,30.979200000000002,4.6048,556.6176,592.2016,01a531b74b1e3ebae7479b30df7af511c1dfdce43000ad4dab839bc92174b192,25,25
F1,103,103,104,17092,2476,333672,353240,27.3472,3.9616000000000002,533.8752000000001,565.1840000000001,d3008eeb07c8e60bf6178e143cafb29007da3e32f05a278b63f7c9633bce5e25,25,25
F1,104,104,105,15900,2576,320248,338724,25.44,4.1216,512.3968,541.9584,ef151ae038ef9ddb6244476057ce9db2ab62341882bf266cc007753625ea99aa,44,44
F1,105,105,106,15126,2690,307698,325514,24.201600000000003,4.304,492.3168,520.8224,271dd330f8e4ec2c1c52133c1341531ba120fed1a692ac2de22997aaba691f6c,61,61
F1,106,106,107,13946,2772,296442,313160,22.3136,4.4352,474.3072,501.05600000000004,dd239c298b5e6010378c0863d21237aaa36a6a8bb9a9536f767d221643ba0126,80,80
F1,107,107,108,10893,2758,288321,301972,17.428800000000003,4.4128,461.3136,483.15520000000004,438ecbfc09dbf4b2cc1f25f8ce6c3a60de62ef280791607826b542deb04c8e08,95,95
F1,108,108,109,11663,3200,279416,294279,18.660800000000002,5.12,447.0656,470.8464,46ff670f2f15e5eaff9df1649858565af80a0d7c036faa940d88d45fc985ef57,100,100
F1,109,109,110,11428,3400,271188,286016,18.2848,5.44,433.9008,457.6256,69f1af22164d193b4f11038ae53c160cad75358635ae3ef1c0117e8dafa9c7e3,100,100
F1,110,110,111,11052,4020,263536,278608,17.6832,6.432,421.6576,445.7728,fb0593b9086a0feb18f665a1dd1405158fb8cf492bec674d0ffdea160e3ebcf4,100,100
F1,111,111,112,9092,4034,258464,271590,14.5472,6.454400000000001,413.54240000000004,434.54400000000004,1f49c0137242e49270a717f5da48f691a4fe0b06c3064c182ec19c97a274f007,100,100
F1,112,112,113,10066,4602,252432,267100,16.1056,7.3632,403.8912,427.36,d35e76ae2902e16439cd10c64b1c1a4b241b0dc8dfed0fe6ab36f95492e22304,100,100
F1,113,113,114,9282,5050,247752,262084,14.8512,8.08,396.4032,419.3344,bb873511f625a84c4420c2381d70530d87c4db62ec39e422a1d2462b611f97b1,100,100
F1,114,114,115,9918,5162,242884,257964,15.8688,8.2592,388.61440000000005,412.74240000000003,9a47a1ae2b528172dd0d29ec7eca52252cdc1bd0792bf8a9ae0247bc0ad352e6,100,100
F1,115,115,116,8254,5304,239792,253350,13.2064,8.4864,383.66720000000004,405.36,447937789a5c5c73eba27817ece6cf095feb8e37b81eb5abe011e5fe39954432,100,100
F1,116,116,117,9246,5564,235850,250660,14.793600000000001,8.9024,377.36,401.05600000000004,2701b46a84f62c467d01fe5a681a4ab84e96f984a994de55f35ab6d02df0e2e7,100,100
F1,117,117,118,8960,5960,232454,247374,14.336,9.536,371.9264,395.7984,7c3df6b4c34450705e780e7559e8436782c5e8fab5c576403c25289b0e797d99,100,100
F1,118,118,119,8538,6392,229876,244806,13.6608,10.2272,367.8016,391.68960000000004,e1c00590fee98a5a536008368326751c2489b0249d3dc9d1c9c19d5171dff602,100,100
F1,119,119,120,6716,7904,229552,244172,10.745600000000001,12.6464,367.2832,390.6752,b8f910b9cf81b6e022373c6014c0ca11a2d89a76834c4b20d2e3919fdda05d36,85,85
F1,120,120,121,7616,10030,229840,247486,12.1856,16.048000000000002,367.744,395.9776,c21460cb98a4df600f873b55bf8db4eaa1b6588c79c9f7271e8a9b8758d4378a,61,61
F1,121,121,122,7057,11710,232813,251580,11.2912,18.736,372.5008,402.528,e75dc42cd3006cc711b17715d38a3d9c1e169ed5acc830fc8651971fd2b848ee,46,46
F1,122,122,123,7851,13184,236672,257707,12.5616,21.0944,378.6752,412.3312,ceaeb005b5b7cd9225f3ef9a5cc1b6b2545f0c0ee5f81dfcff7e40abcec9970d,27,27
F1,123,123,124,6384,13154,243472,263010,10.214400000000001,21.046400000000002,389.5552,420.81600000000003,cd0a501447fcbd5cb4d73dd66c5ef66797733444e3d9c888b03a0b96f02580b8,25,25
F1,124,124,125,7770,12792,248856,269418,12.432,20.467200000000002,398.1696,431.0688,997f53dcad4e043ba1b7c2acedec3505e99a50e05d11f265ffb82ba23d3ac338,25,25
F1,125,125,126,7714,12372,253934,274020,12.342400000000001,19.7952,406.2944,438.432,f07f7333b7a0ced92183f356d61b1f2fe8a2ce22a675b1209a1edba9ce86ebb7,25,25
F1,126,126,127,7668,11850,258638,278156,12.2688,18.96,413.8208,445.0496,85e8f962549b029ef62000a8c348eed829b2bcc8e5a0fe47588c999d5ad0db2c,25,25
F1,127,127,128,6544,11642,263944,282130,10.4704,18.627200000000002,422.3104,451.408,88e07ba168996d713017101699439dcea6415edda50c440bf30a280ef426db23,25,25
F1,128,128,129,6850,11104,268736,286690,10.96,17.7664,429.9776,458.704,e691281aae6d3e510e994588e1bd986b4ddd98b10203a299dbe0fd9f8905cf7f,25,25
F1,129,129,130,6914,11000,272926,290840,11.0624,17.6,436.6816,465.344,bb8ce6add9f3fe1933d054accb3245d869d1735144f76405016fded02e6bf889,25,25
F1,130,130,131,6898,11862,277028,295788,11.036800000000001,18.979200000000002,443.2448,473.2608,de48e9a4a6df0cf43fcb8a6ff84692a21ae285ef7097349bf2eccd80033f7d92,25,25
F1,131,131,132,7296,10796,281594,299686,11.6736,17.273600000000002,450.5504,479.49760000000003,1a271dcbe3baad346e3ea2f4177b69430c07e261dd034aef5211d0bfecc9a86c,25,25
F1,132,132,133,7772,9654,284618,302044,12.4352,15.4464,455.3888,483.2704,88de390c8ad93e2b7663bb8281ccb68fd41fbb9df66b0cd3a812ebd6923ab34f,25,25
F1,133,133,134,7684,9502,286588,303774,12.294400000000001,15.2032,458.54080000000005,486.0384,041c8948ef84fae9be6f64d4880714ec3022939787cfb61ba3181849a8bd1ff2,25,25
F1,134,134,135,6862,7530,289228,303620,10.9792,12.048,462.76480000000004,485.79200000000003,548404e50955305bacaffbfe2f20fc0cc47a181fedbeff3df1140527a26f8af8,25,25
F1,135,135,136,7298,4838,289460,301596,11.6768,7.7408,463.136,482.5536,84bdbb1f2c115f756d6ba2c178f92349a626c7d65046f313aebab3453f244fec,25,25
F1,136,136,137,7433,3640,286865,297938,11.892800000000001,5.824,458.98400000000004,476.7008,372e1bf8463c7e73808672d7298fdc8f2ac46e12e05d1e76009822656b89d306,25,25
F1,137,137,138,8199,2592,282306,293097,13.118400000000001,4.1472,451.68960000000004,468.95520000000005,5b50eb4636bb4a2449822768922bfbc441a1e135883db88c6b59ca175e761a9f,25,25
F1,138,138,139,7124,1340,277774,286238,11.3984,2.144,444.4384,457.98080000000004,79a2d680c9187306edf0cfb7c0da1aa3ddfeaa57361ea05541eb9fb15fdacbe8,25,25
F1,139,139,140,9713,178,269401,279292,15.5408,0.2848,431.0416,446.8672,87ebd73d2d1222a1c64d4028f6993770a4f06af1727cd50173969def665df22d,25,25
F1,140,140,141,9993,0,259586,269579,15.988800000000001,0.0,415.3376,431.32640000000004,663381410887e76ff8408afd8145fde01e1e2c5ff626fd100fbb8c822ea7d9dd,25,25
F1,141,141,142,9754,0,249832,259586,15.6064,0.0,399.7312,415.3376,0554d1b5ae934b3f1cc9113553f0d028ab995fba2e090e108fd847ec5b3b856d,25,25
F1,142,142,143,8596,0,241236,249832,13.7536,0.0,385.9776,399.7312,24adf7eaf02746c55be606908e49e86cd1853fd764f776156fd64a8b24a9cbfe,25,25
F1,143,143,144,8918,0,232318,241236,14.2688,0.0,371.7088,385.9776,0cd1d128351a58c475ea15a59f2d2e60815dc18bb1b94aaf824e3a3ca3e6acb3,25,25
F1,144,144,145,8292,0,224026,232318,13.2672,0.0,358.4416,371.7088,25054e959a0192db0a0ca5d405d37ba377c59f3515502647490044e52d6223c2,25,25
F1,145,145,146,8632,0,215394,224026,13.811200000000001,0.0,344.6304,358.4416,5a8fab09ea419a1db3b4de4aea80256f0fd6cdb42af9823542c6cded80fc9bcc,25,25
F1,146,146,147,7082,0,208312,215394,11.3312,0.0,333.29920000000004,344.6304,4bef9b2bf40515ca67989ab1c44b6a37d0e33608615c95842975045338b838d7,25,25
F1,147,147,148,8808,0,199504,208312,14.0928,0.0,319.20640000000003,333.29920000000004,a80d15504d13c2b7ac5e6cd0678f7d472a02375743fc618e937b20a5264cafd3,25,25
F1,148,148,149,8748,0,190756,199504,13.9968,0.0,305.2096,319.20640000000003,5ce5fed9608d093d30a6736def87f87def41af67213df21ebbfb610e2058ce1c,25,25
F1,149,149,150,8498,0,182258,190756,13.5968,0.0,291.6128,305.2096,f85e291f35d52d93ed2bb3795e3379c007db346fd03a401dd6408826343fdd11,25,25
F1,150,150,151,7340,0,174918,182258,11.744,0.0,279.8688,291.6128,f68d4abccb03f7a2a859bec7a41484c4a70eeefbed2eac9c25ebd77c56311485,25,25
F1,151,151,152,7720,0,167198,174918,12.352,0.0,267.5168,279.8688,5fa97e1c3c0b8f705cb727d44ee304caa12e3a7fe288bb97e971f32d6185b2c5,25,25
F1,152,152,153,7554,0,159644,167198,12.086400000000001,0.0,255.43040000000002,267.5168,733d89d37191f375a9aed8d494de59f1ab822449ace89525ca3ad85a2ebc004a,25,25
F1,153,153,154,6494,0,153150,159644,10.3904,0.0,245.04000000000002,255.43040000000002,150e73b6e3cd47b9ce7470f44851e16b7cd828d837eaf3cbcc803cf073b123ed,25,25
F1,154,154,155,6528,0,146622,153150,10.4448,0.0,234.5952,245.04000000000002,3af2f72fbfe362e8d92cd983c9ab7714b5c70971fac30a7321cd0324083e28b2,25,25
F1,155,155,156,7430,0,139192,146622,11.888,0.0,222.7072,234.5952,20e11ee2383853419c4e3db8917a05ce080bbe138c2a29beb989645ea131aac0,25,25
F1,156,156,157,7342,0,131850,139192,11.747200000000001,0.0,210.96,222.7072,f813cf26550f3787bcf8b1aa350ab32d78e676e8c4215c37182960b9b3e25266,25,25
F1,157,157,158,6422,0,125428,131850,10.2752,0.0,200.6848,210.96,f39cb54167c501afcc0407fe5ae2b04ca7a525438f188eabcef639d7d38855d5,25,25
F1,158,158,159,6900,0,118528,125428,11.040000000000001,0.0,189.6448,200.6848,2c52415a99c05998a581cddc3e35e9781ddb4160f2cf965ee4defa2b0943a8f3,25,25
F1,159,159,160,5584,506,112944,119034,8.9344,0.8096,180.71040000000002,190.45440000000002,6d7c669e21e5b0107b42d23856460713113b4e547c88e1ffd2522aa6b9646439,25,25
F1,160,160,161,3308,1596,110142,115046,5.292800000000001,2.5536000000000003,176.2272,184.0736,f8040782e3a8aa7489ccbb15464cc26868795d56bb4c9abd6d07003e822f60e7,25,25
F1,161,161,162,2318,4006,109420,115744,3.7088,6.4096,175.072,185.1904,9a29af08a9dc09f3cf1a69d26b4a08653852c43e52ac75bca7bed229089c45a4,25,25
F1,162,162,163,1282,4940,112144,118366,2.0512,7.904000000000001,179.43040000000002,189.3856,6b16e6b025a9418975181ddf9287c5cc1401b503bb45d8577015eb7eb13559a7,25,25
F1,163,163,164,0,6198,117084,123282,0.0,9.9168,187.33440000000002,197.2512,6704499b3ba602ddeeb66ae10e4f5a0b9fe5e2a93ff6a39598ac4a4a28ea0259,25,25
F1,164,164,165,0,5566,123282,128848,0.0,8.9056,197.2512,206.1568,8a0261f6898ff857b7739a88ebdf7a3506a628d1a6d20bf25d6b16d8dd574932,25,25
F1,165,165,166,0,7176,128848,136024,0.0,11.4816,206.1568,217.63840000000002,37e57ed446823570653e1cf3a84fabb2065160515f1566832ceca2270690dd59,25,25
F1,166,166,167,0,7496,136024,143520,0.0,11.9936,217.63840000000002,229.632,15d3ade03afc04dd01fb22b7bbb02a8621bf108d2668a26d8c04a723aad51d28,25,25
F1,167,167,168,0,7534,143520,151054,0.0,12.054400000000001,229.632,241.68640000000002,0f48b227c0439ecc8e866b5c1c92ec5361bce72bb4926da7030e2383f8cbfaef,25,25
F1,168,168,169,0,6526,151054,157580,0.0,10.441600000000001,241.68640000000002,252.12800000000001,f7a606b934132aa72adf05744f78161a9cdbad15ee70db456d7bb1b74e6c63b9,25,25
F1,169,169,170,128,7966,157452,165546,0.2048,12.745600000000001,251.9232,264.8736,2985b9013f98e3635d45093ad6da96999362812bbcc4d81132d97fe2a5695170,25,25
F1,170,170,171,0,7176,165418,172594,0.0,11.4816,264.66880000000003,276.1504,68f57358beeafe4591e62a7561cc5374805aa681670917062b01a3c803d6bab0,25,25
F1,171,171,172,0,7416,172594,180010,0.0,11.8656,276.1504,288.016,84282ea54e125b25992e90b1d15f63c62643bbc0843c87125e25812697dba1b1,25,25
F1,172,172,173,0,7002,180010,187012,0.0,11.2032,288.016,299.2192,7725c8b6ad269e12a2d95f23af6f10a82a80180780db4a76155c211e786e2c78,25,25
F1,173,173,174,0,8558,187012,195570,0.0,13.6928,299.2192,312.91200000000003,b79cf720d5de351f60c18e15934d64e9fb9e8bf4b2f771039a553f43ec646bb0,25,25
F1,174,174,175,0,8756,195570,204326,0.0,14.0096,312.91200000000003,326.9216,bbebd97a674d699990b8da5708ed242f1e480b8613915f97d1333d2d026ee790,25,25
F1,175,175,176,0,7936,204326,212262,0.0,12.697600000000001,326.9216,339.61920000000003,851f1ace86b164285b0e6ef7eaeebc22c89ee0fa0ee94b883684e4caca41a44d,25,25
F1,176,176,177,0,8576,212262,220838,0.0,13.7216,339.61920000000003,353.3408,71154f45489fe045bc0785d5253ce1451b31d3a9d61a22dd1856facb34c22d47,25,25
F1,177,177,178,0,9228,220838,230066,0.0,14.764800000000001,353.3408,368.10560000000004,c4700fc5e18294bab6819fa86bd086d54386f4f4c6626e141a21dc819fbad64f,25,25
F1,178,178,179,0,8930,230066,238996,0.0,14.288,368.10560000000004,382.3936,6adb885babd82859e4497c43d206b41eef96a2cc5e362c3ece457acd610352ba,25,25
F1,179,179,180,0,7516,238996,246512,0.0,12.0256,382.3936,394.41920000000005,e608ec22a8858ce4fab8e2d58640c22b6dbce56bead3b09fbec33cbb921f31d0,25,25
F1,180,180,181,0,8674,246512,255186,0.0,13.878400000000001,394.41920000000005,408.29760000000005,29411479adc5dac0f75016d4571242ac19abb334748f13372a99f36579e63254,25,25
F1,181,181,182,0,9858,255186,265044,0.0,15.7728,408.29760000000005,424.0704,2e846bf8274a55790e15fde646dca94ee7dd5a4dd844b0d1e7bbed7b094384c5,25,25
F1,182,182,183,0,9864,265044,274908,0.0,15.7824,424.0704,439.8528,d8c1a40b77675443e0bc7274b0aa46e2f42b0923a6ed6fe3f4c675fa4a8f4d03,25,25
F1,183,183,184,916,7984,273992,282892,1.4656,12.7744,438.3872,452.6272,14163e4a406ca00c23ba8b59233053645fc89f0d7cfc41cac352a9c2a31d45dc,25,25
F1,184,184,185,2088,8932,279888,290908,3.3408,14.2912,447.8208,465.4528,ad183e911dbd0182828b5d1b903df6c64a81ffd30e79384ae0669b120bfd23c2,25,25
F1,185,185,186,3144,8418,285676,297238,5.0304,13.4688,457.08160000000004,475.5808,402563befcbc3d83891e90381c911697f1600ad3fb720dc867cb4372b8bc7c54,25,25
F1,186,186,187,4500,7318,289594,301412,7.2,11.7088,463.35040000000004,482.2592,2fd83dab5ff6d7355fced546292333bdc1042182f6cb3d556d464de3b385936f,25,25
F1,187,187,188,5978,6074,290934,302986,9.5648,9.7184,465.49440000000004,484.7776,b14ea473d24d9966486b8757b1044f2e9e92acdef9d088f3da047cb04848f5d7,25,25
F1,188,188,189,8428,7342,288580,304350,13.4848,11.747200000000001,461.728,486.96000000000004,35dd55bde8cc6dccec21a85cef42592af5667fa8698b8a3679001b9b431f97e9,25,25
F1,189,189,190,9364,7298,286558,303220,14.9824,11.6768,458.49280000000005,485.15200000000004,1650722f4b21a4ac535070c2f8bb1df3cf8127c8db08ef4bedff2df764b29e36,25,25
F1,190,190,191,11184,7706,282672,301562,17.8944,12.329600000000001,452.27520000000004,482.49920000000003,d602a352cdb3971fa0d2ff7c456d71044f24f12dcdf7a9807e34baf121faff15,25,25
F1,191,191,192,11954,6470,278424,296848,19.1264,10.352,445.4784,474.95680000000004,3e0ee3e79492da2abea86e25b128cd6497363960265c6597d44a33e34f61ad31,25,25
F1,192,192,193,10878,7658,274016,292552,17.4048,12.2528,438.42560000000003,468.08320000000003,577b7a1b55174107a5d4b3fb071623482137555d01d0840079f40e40d2d84b18,25,25
F1,193,193,194,11008,7790,270666,289464,17.6128,12.464,433.0656,463.1424,dff92af31f6e36552d22de53e27f0b5cb5cb3c527bff69c49361490a51c44db3,25,25
F1,194,194,195,11714,7304,266742,285760,18.7424,11.6864,426.78720000000004,457.216,1590c5d897a31b423b767afddbcdcdbca24dac1caadc49e628d18418c3c5a3f5,25,25
F1,195,195,196,11954,6494,262092,280540,19.1264,10.3904,419.34720000000004,448.86400000000003,af47cf68228fc689e3f2490d674e8ffabcef2ba807c16a1f0e5963663f9aef05,25,25
F1,196,196,197,12576,6948,256010,275534,20.1216,11.116800000000001,409.61600000000004,440.8544,19ead1c92b8a2d5397a4189bafb2f9c8df5710e53b25a1c4d4ae4d8261e715bd,25,25
F1,197,197,198,12662,7210,250296,270168,20.2592,11.536000000000001,400.47360000000003,432.2688,4002c9390e82633764a8c05792cbeb433432aa91fde9ae47b753bffb04b9cffb,25,25
F1,198,198,199,13172,6956,244334,264462,21.075200000000002,11.1296,390.93440000000004,423.1392,71a9df7203049572915477e308fde5bdb64bc358e9222ea5e742c644f5b642eb,25,25
F1,199,199,200,12650,7308,238640,258598,20.240000000000002,11.6928,381.824,413.7568,87e92a321419804ab9d957d69b87c311dcfe6db4dceb3f01326368af7bdcfdb3,25,25
F1,200,200,201,12101,7782,233847,253730,19.3616,12.4512,374.15520000000004,405.968,51e87de1679fb994c87ca89deb129708feb3e29f0315e20a71d3a178d8a988a5,40,40
F1,201,201,202,10637,8052,230992,249681,17.0192,12.8832,369.5872,399.4896,3951b51c5c817f08ff4590abe0c106cbd73f0f87b968d5984802ec251c9d7fa8,55,55
F1,202,202,203,8800,6888,230244,245932,14.08,11.020800000000001,368.3904,393.4912,f31a46398a663a467460fa14ef5f47169ba3327bfc29e85bfed8252d6fbfcddd,70,70
F1,203,203,204,6958,8138,230174,245270,11.132800000000001,13.020800000000001,368.27840000000003,392.432,ab2821e0b98c1fbaadbed531d27adf0fa225d1ac90a74a8052274f152aaa3fc4,85,85
F1,204,204,205,6228,7972,232084,246284,9.9648,12.7552,371.3344,394.05440000000004,b1feb519516efc292802b01b9e460fbc7ec4d7786497c47970bcbbc71f5a90ac,100,100
F1,205,205,206,5952,8648,234104,248704,9.523200000000001,13.8368,374.56640000000004,397.9264,77120b9de9d7c630f63257334283ff52791a2bf5f6c3a242cb74656c30fea580,100,100
F1,206,206,207,5080,8238,237672,250990,8.128,13.180800000000001,380.27520000000004,401.584,7ee97f7674fc7a36fb5815e91feb63d5c9e1177aadcf9d846812b1c9a1292d56,100,100
F1,207,207,208,5204,9678,240706,255588,8.3264,15.4848,385.12960000000004,408.9408,51aa84f0b7f264c7d3adba89331ca2ca7413b7f94f6fa7a78e1f843221e46790,100,100
F1,208,208,209,4880,10016,245504,260400,7.808000000000001,16.0256,392.8064,416.64000000000004,3f42d76a6b0b96fba78e9a50a1a4eac37913806b15a5b8c97da668d42589b5f4,100,100
F1,209,209,210,4668,10354,250852,265874,7.468800000000001,16.5664,401.3632,425.39840000000004,192284f916e2f91db7e7d3176342696eda9734e7c6600f5db750a02df76942c3,100,100
F1,210,210,211,4312,9794,256894,271000,6.8992,15.6704,411.03040000000004,433.6,091f9c820bfd0bb3bfbf54a879a6b39b7a502d8357a71aa6953de2af20a8a1f9,100,100
F1,211,211,212,4038,10174,262650,276862,6.4608,16.2784,420.24,442.97920000000005,0ddf7016131c5db9cbf3afc7eb32cc261b30f98f968282da8ac7c2e5641e0915,100,100
F1,212,212,213,3892,10390,268932,283214,6.227200000000001,16.624000000000002,430.2912,453.1424,f50df4b552862a648f824628c51dad6cae5bb8539025cdc5df5183b831b2f281,100,100
F1,213,213,214,3528,11124,275794,290446,5.6448,17.7984,441.2704,464.71360000000004,8491365d0d21a8577786c985f180a09453db38e7d137a5c5e18da494164e76c3,100,100
F1,214,214,215,2538,10642,284380,297560,4.0608,17.0272,455.00800000000004,476.096,4338478e61a164e48bba69508f06ac745ff2a1af9c6e127486d92afd12443c56,100,100
F1,215,215,216,2720,13238,292302,308260,4.352,21.1808,467.6832,493.216,3e39faef57e4d401a8460202ef8d4f16a33231460b23dfed6c8f2c89cfbb955b,80,80
F1,216,216,217,2512,14748,303028,320288,4.0192000000000005,23.5968,484.8448,512.4608000000001,fb6beb6747727409544e1aab4c40f7f7e774ff15c38ccdb91dbf53328961b9c4,70,70
F1,217,217,218,2618,16812,315158,334588,4.1888000000000005,26.8992,504.25280000000004,535.3408000000001,5d0d257cd450bcfef17c72c0b26a647d357f72467c9522129be6773828fecac7,50,50
F1,218,218,219,2396,17208,329574,349178,3.8336,27.5328,527.3184,558.6848,2fd42abe93bd3bdc7c66ffd9bba840a5437beb0af1278150f481c40a6c246100,35,35
F1,219,219,220,2789,18374,343993,365156,4.462400000000001,29.398400000000002,550.3888000000001,584.2496,ee7c44f8c58e5a2991f119d22a145c9610b3728f7b94a5a5beb5e91c132099ed,25,25
F1,220,220,221,3195,18132,359172,380499,5.112,29.011200000000002,574.6752,608.7984,669bd43978d2df4c563df8b4a66d754b6c2ae59511149495c1055f72a86dd1ea,25,25
F1,221,221,222,3402,16826,373902,394130,5.4432,26.9216,598.2432,630.6080000000001,42fa4a3ebd10c1aebb63fa742f92d66e325d1fcfd02f5a7a601f7bab6eea4cf2,25,25
F1,222,222,223,2638,17206,388090,407934,4.2208000000000006,27.529600000000002,620.9440000000001,652.6944000000001,393032453e2f7898adbc51284c63bebf6679540273817c961a6af6a570769398,25,25
F1,223,223,224,3533,17417,401763,422713,5.6528,27.8672,642.8208000000001,676.3408000000001,adccd3388373ebeeb1efb3bf59bedc550da5a8e81f2e81180fae172ab6c48c48,25,25
F1,224,224,225,4534,16942,414646,436122,7.2544,27.107200000000002,663.4336000000001,697.7952,ea908d1c1a2da844b42cd32bf09a9a3ba00dcbdb2889720d4ebc37ae69f75c22,25,25
F1,225,225,226,6894,15982,424694,447570,11.0304,25.5712,679.5104,716.1120000000001,0ffe94ae2b8039e739e89159aaf27734f7f92dd69d513de5d9878bf017ab2118,34,34
F1,226,226,227,8724,16006,431952,456682,13.958400000000001,25.6096,691.1232,730.6912,690dd7e9d8da163feed2e0cf8f8b4b569fde52d186f4a8c72b9cf756f410672a,53,53
F1,227,227,228,10800,14390,437158,462348,17.28,23.024,699.4528,739.7568,2f0046e4597967972f2d5c9e0316e49816e19ba8f72320ef19cf24fb768147a2,70,70
F1,228,228,229,12582,14468,438966,466016,20.1312,23.1488,702.3456,745.6256000000001,1533b5220336a05486ebe6601bdcf9e8d8f1acc7476d85b260ef3501bb5daa6c,85,85
F1,229,229,230,12066,12492,441368,465926,19.305600000000002,19.9872,706.1888,745.4816000000001,2a5c77ae53158ccb992db4a255c2fa678839c1536a32d00a695ab0aebe4eb35c,100,100
F1,230,230,231,12242,14618,441618,468478,19.5872,23.3888,706.5888,749.5648,67957e3a6b45fb7a8ff0310118a5609b07445ecd4287a141eb4f78ca30206189,100,100
F1,231,231,232,12230,13542,444006,469778,19.568,21.6672,710.4096000000001,751.6448,29f352d7e3ae76b359ff3710ca147b49b8c12deb478753f4bacf1f86cc30d5ff,96,96
F1,232,232,233,12408,11042,445140,468590,19.852800000000002,17.6672,712.224,749.744,6074bf8aa4759458666fc143d8db9d01542f8845a902b547e10ae5bc56b421ab,87,87
F1,233,233,234,13100,7950,443082,464132,20.96,12.72,708.9312,742.6112,808dd13a0551cc6051379cb3b7910082b8ba14f206db5d80b7d8bea24ad9fea2,78,78
F1,234,234,235,13844,5718,437188,456750,22.1504,9.1488,699.5008,730.8000000000001,dead273b5b8dc5a62b7fc84d269ff274195c914f59def217cd3798a192c46f0c,64,64
F1,235,235,236,14462,1894,428444,444800,23.139200000000002,3.0304,685.5104,711.6800000000001,a26e5a69e4ac786c038852da2a4c83c6a2bee3e82626e0174f6cef513209c48c,60,60
F1,236,236,237,14904,1480,415434,431818,23.846400000000003,2.3680000000000003,664.6944000000001,690.9088,dd80fe0bc80ab673d4d76323d9a52eed1ddd6bfe07d50075bd50ecfc5ebe9f2c,60,60
F1,237,237,238,13738,1060,403176,417974,21.980800000000002,1.6960000000000002,645.0816,668.7584,998c3c0fa810e0aab0336f0ebb846d4dfb5411c62a4c58e309dd45bac56117a1,60,60
F1,238,238,239,13730,1235,390506,405471,21.968,1.9760000000000002,624.8096,648.7536,99d2bce0db4393ea5dd1b219b059e6517dd3ced9d5c99b7871a44cd6e873c8bc,60,60
F1,239,239,240,10122,3441,381619,395182,16.1952,5.5056,610.5904,632.2912,bc5e57af36ad53d96a6b9ce8f417c80d4e821bde4fb2040442b887f50d9a8493,59,59
F1,240,240,241,8094,6359,376966,391419,12.9504,10.1744,603.1456000000001,626.2704,5bcf72a3c28ad30432ad03dc13c970d9910ddc4f92564a4d30dd87a87f8f1f91,58,58
F1,241,241,242,5155,9130,378170,392455,8.248000000000001,14.608,605.072,627.928,9f7e7976c332dfc73f6ae96e4e9266aca5e9be7303954844115881e22b940b05,58,58
F1,242,242,243,2104,12002,385196,399302,3.3664,19.203200000000002,616.3136000000001,638.8832,338bd28904f79232bc4674ef42eef8180ccfb9a9c9a992c6108f7bd68a7879ec,59,59
F1,243,243,244,1428,14052,395770,411250,2.2848,22.4832,633.2320000000001,658.0,5cde5c9be90cff3cb6d95112fa5b877d8b5ce5b9cadb68be798c521a1f9765a8,60,60
F1,244,244,245,1452,14408,408370,424230,2.3232,23.0528,653.392,678.768,a0311f9d00e4f313cfbb6d2f436b046ea087ae9d4f7c090b97bc0b0e56b67a8f,60,60
F1,245,245,246,1616,14036,421162,436814,2.5856000000000003,22.4576,673.8592,698.9024000000001,cfcbb96bdf619fc6b17416b846b97b6e122b017db0c49c8dbf5ea88b9b7bb388,60,60
F1,246,246,247,3966,14306,431232,449504,6.3456,22.8896,689.9712000000001,719.2064,a3eaa11914a869c5758b4cd954410a2b0e6ee8c56dd0c8de6f4e8076004e9aa4,60,60
F1,247,247,248,5410,13670,440128,459208,8.656,21.872,704.2048,734.7328,b6f38767f291f4470735b8ccdc24eb4dabd00a1ced811b5cca21c7485fb621d6,69,69
F1,248,248,249,9442,12816,444356,466614,15.1072,20.5056,710.9696,746.5824,ae78dae4e5eb8ca663c757d69d769579a70ae4f517dd7dac526645f484347031,80,80
F1,249,249,250,11728,12522,445444,469694,18.7648,20.0352,712.7104,751.5104,5c1913cb0f8b7b7a6c613f404d0c23775731820eb988a814ca6f3f80ee3a3088,89,89
F1,250,250,251,13804,12072,444162,470038,22.0864,19.3152,710.6592,752.0608000000001,2bc0372eeddc88ffec6677dc39d7eb44b11acb9c8236047bf5838d49375fa187,100,100
F1,251,251,252,14504,12554,441730,468788,23.206400000000002,20.0864,706.768,750.0608000000001,36f773073e7e6d36b60d3e35c115ff62d34074e0ecf43315cb23446e85312612,100,100
F1,252,252,253,14312,11664,439972,465948,22.8992,18.6624,703.9552,745.5168,d1e4ced9e76b0576412c848e50258eeaf95d434a9e6a4e30cc163f01b9e64a89,92,92
F1,253,253,254,14040,12032,437596,463668,22.464000000000002,19.2512,700.1536,741.8688000000001,1427f11d4bccaeb81348f66e61a7dc86a8c97bdbc96ddc35658c1ae9a75713af,75,75
F1,254,254,255,15286,10064,434342,459692,24.457600000000003,16.1024,694.9472000000001,735.5072,af97d4491a3ec9b4f55b65ff7cfe792d765a996aaa2db3fb28c1f0fe042783b4,60,60
F1,255,255,256,15388,8062,429018,452468,24.620800000000003,12.8992,686.4288,723.9488,578fd78b525198a3b8c62b35a2f5237595e40465368cfeab8f3ab603f447c94a,45,45
F1,256,256,257,15222,5676,421858,442756,24.3552,9.0816,674.9728,708.4096000000001,fc60599ab034ee72d3ef18788e0f6ea93ab2c1f56cd76a2b246045f41be894e2,28,28
F1,257,257,258,17236,4136,410298,431670,27.5776,6.6176,656.4768,690.672,8cdf0c80d0442acc3a08f5e0fd9dcc2f318c65d007376962c30f705b08f01f04,25,25
F1,258,258,259,17492,3458,396942,417892,27.9872,5.5328,635.1072,668.6272,f6032130f47f40cb31f476d07eb57c6d311316312af960c2bf6dd07fd0976c6f,25,25
F1,259,259,260,18232,3134,382168,403534,29.171200000000002,5.0144,611.4688,645.6544,20c8f925242e3aabac92f2bb3af1f33c10cab54f37eeebd56504974c12c77441,25,25
F1,260,260,261,17692,2568,367610,387870,28.3072,4.1088000000000005,588.176,620.592,859d6e2b5a6efe805a6d543541055220878315d0b670d86e5a31dea338dab348,25,25
F1,261,261,262,18606,3080,351572,373258,29.7696,4.928,562.5152,597.2128,db65c40bd4566e518a38d96fbabcdf19dfa13a479bf5300ebcaba79f2512544a,25,25
F1,262,262,263,17692,2766,336960,357418,28.3072,4.4256,539.1360000000001,571.8688000000001,25d9eab85ab73085bbbac5541aa712ead503a430d299c5318fa28e360d73894a,25,25
F1,263,263,264,16712,2616,323014,342342,26.7392,4.1856,516.8224,547.7472,d1ccd33347eac4e3909a40ea23adf1e2a79a587da8fb59edeb343b715ef2065a,40,40
F1,264,264,265,14624,2274,311006,327904,23.398400000000002,3.6384000000000003,497.6096,524.6464,fe86e163e05219d11884771dd0ddec57fd3345ee8d89b5b520fdb403bb9bd040,55,55
F1,265,265,266,14254,2686,299026,315966,22.8064,4.2976,478.44160000000005,505.54560000000004,046960e1d3f09b098674abee7d54011951d3676a3f86e8665e6bdc19de27b98e,74,74
F1,266,266,267,12510,2963,289202,304675,20.016000000000002,4.7408,462.7232,487.48,a80a4c0af55a7ed89772b2948c18bab08684ddf70e9ba5547e0bbd84dca57dd6,91,91
F1,267,267,268,11760,3135,280405,295300,18.816000000000003,5.016,448.648,472.48,c49b81945923d3353a0abecd571703e324b7ed7dbd3a0d786e20a012fa97f38d,100,100
F1,268,268,269,10608,3216,272932,286756,16.9728,5.1456,436.69120000000004,458.80960000000005,d37cd610bcd2452690efbcd19141d9144236f620735ffdbb6a60f4f435486a3e,100,100
F1,269,269,270,10706,3960,265442,280108,17.1296,6.336,424.7072,448.1728,b49972ec889da5787b5e1164a30576f934f30207a6443a9606253ab5371d8828,100,100
F1,270,270,271,10040,4192,259362,273594,16.064,6.7072,414.9792,437.7504,3916845c09539d1a3959451c436712d277513301e4ace2025e15e51c39d71714,100,100
F1,271,271,272,10088,4484,253466,268038,16.140800000000002,7.1744,405.54560000000004,428.86080000000004,449febbaf2561fa2d33d9b329cd83b8c34745159eaed723c4d76b3836c03aabd,100,100
F1,272,272,273,8548,4652,249402,262602,13.6768,7.4432,399.0432,420.1632,03f40446986c77b49fb5f5cf4eda1c03c9fd9439204ac339e96d3f8568c935df,100,100
F1,273,273,274,9960,5100,244094,259154,15.936,8.16,390.5504,414.6464,4068a54b2db3fa421fbdfc1d15f44c0b6d547e0ac5f1cbe2e4ea518def4884c9,100,100
F1,274,274,275,9522,5502,239672,254696,15.2352,8.8032,383.47520000000003,407.5136,67e757634bc05e13df5161cf7c5f80a1c335401ee4f5571fa01fdbe812d963c2,100,100
F1,275,275,276,9350,5360,235824,250534,14.96,8.576,377.3184,400.8544,a477a121e1313c91e74aae995a4c39434ed89db5db9e7f42b2d8d4c6ca2af1ce,100,100
F1,276,276,277,8170,5836,233014,247020,13.072000000000001,9.3376,372.8224,395.232,58ef6fbe618cdeafb7708b80691c892bfe24812a55a46bbf5358b5890999e885,100,100
F1,277,277,278,8194,6358,230656,245208,13.1104,10.1728,369.0496,392.3328,2f4a1a12f78d296cbe39c9c5053dc1ac964f6946309ef45d85e122a906a2b839,100,100
F1,278,278,279,7616,7760,229398,244774,12.1856,12.416,367.0368,391.63840000000005,3a51bccdb3a6b1d0d712d905e762961f18ee0f0c65a6aff8efe470edabe84db5,85,85
F1,279,279,280,6788,9362,230370,246520,10.860800000000001,14.9792,368.59200000000004,394.432,5ef01861d9d9b71d38126aeb3ddd988827f9cad3047ddc152b0004d1ee7eded9,70,70
F1,280,280,281,7142,11397,232590,251129,11.427200000000001,18.235200000000003,372.144,401.8064,2cc35db9d6f0030534ca0bfb4fdaa5925f51b7fc40857797c3ceba6723ccdf1e,50,50
F1,281,281,282,7864,12613,236123,256600,12.5824,20.1808,377.7968,410.56,ccf4d60888376ce1074a7b61dc66a4557b8bfc6f80e642206f80cf407ec4b75b,33,33
F1,282,282,283,7616,13464,241120,262200,12.1856,21.5424,385.79200000000003,419.52000000000004,825d211d851c8269a89ae8c98002a7252ca87288744c7793bd5b7881e3639b45,25,25
F1,283,283,284,6954,12864,247630,267448,11.1264,20.5824,396.208,427.9168,5d07bcd0c2902c70eff7d0c3531bf79ace49638c07e22c1dd43cfda3a7529b3c,25,25
F1,284,284,285,7680,12494,252814,272988,12.288,19.9904,404.5024,436.7808,da055b4b7131c3e041a036bc318d830e57d138d633e8e6ccdb5f89fc9911a0c0,25,25
F1,285,285,286,7292,11970,258016,277278,11.667200000000001,19.152,412.8256,443.64480000000003,f857fb714ffa8fb903c954a746b224eec384ddf5c4503b9dcf5bc6801c06b50a,25,25
F1,286,286,287,7356,11888,262630,281874,11.7696,19.0208,420.208,450.9984,2f35967ad51f5c68d73e06ec0350be0c808290d007f7cc21eac6975d92dd63fd,25,25
F1,287,287,288,5604,11062,268914,285580,8.9664,17.6992,430.2624,456.928,1faa7415cda77c7e2b830fa1e85e2c757da36bdf05a74f20745bdd6c6bf12d3b,25,25
F1,288,288,289,7360,10984,272616,290960,11.776,17.5744,436.1856,465.536,8094ae30bc1054801fd1c1b3276c486312a3ea05123fd5986063a09f86ae5151,25,25
F1,289,289,290,7710,12082,275890,295682,12.336,19.331200000000003,441.42400000000004,473.0912,25ef5293ef200dfaf3a2d60b6e85e650329bfab15e19d3253518eae66c57c471,25,25
F1,290,290,291,7694,11224,280278,299196,12.310400000000001,17.9584,448.44480000000004,478.71360000000004,88157ade34051fa504a61b8ed86ed5ea377ab59c7c77ca0725a27721efe74be0,25,25
F1,291,291,292,6934,9762,284568,301264,11.0944,15.619200000000001,455.3088,482.0224,59584757bfb7e167ed7d3aa8ad8b451997dd66880ed6ada351ba0d21024d1c00,25,25
F1,292,292,293,7700,9064,286630,303394,12.32,14.502400000000002,458.608,485.4304,f6cd819b498d6ce85cd1f5b86eeb5d55b38295305d76949712a8ebaa0b84252c,25,25
F1,293,293,294,7694,7840,288000,303534,12.310400000000001,12.544,460.8,485.6544,a5ceb7fb993cdcc2bbcea22fc6b23d664e5d4079a05f0a946bdf53d1010868f2,25,25
F1,294,294,295,6862,5470,288978,301310,10.9792,8.752,462.3648,482.096,df5f13ddf55e95040ea577b0d2232e3b119e82f4470fd49c36661fe981fba637,25,25
F1,295,295,296,6054,4276,288394,298724,9.6864,6.841600000000001,461.4304,477.95840000000004,886ccc01704d8065c80695913c16760f45061df3656716760b894e17355ceb10,25,25
F1,296,296,297,8242,2920,284428,295590,13.1872,4.672000000000001,455.08480000000003,472.944,3e414e73059e3094ff0bfa77d3605d5ba6da396a6808d407d9fe1d52ace42e5d,25,25
F1,297,297,298,9178,1512,278170,288860,14.684800000000001,2.4192,445.072,462.17600000000004,9fc50121a8ccab3b5ab1a690c379ac9fcff8e5b61bbc7348e6d41b43b9926f03,25,25
F1,298,298,299,9586,326,270096,280008,15.3376,0.5216000000000001,432.15360000000004,448.0128,33f0a7994b95770e45be6f51b2e1a8a795708ba2b886f5006017eade90fc724d,25,25
F1,299,299,300,8930,0,261492,270422,14.288,0.0,418.3872,432.6752,52742f44fa4b050255f73f2ef2e071790beb9d89ab3ad557f7439ec465b64558,25,25
F1,300,300,301,9792,0,251700,261492,15.667200000000001,0.0,402.72,418.3872,c4cdae521ea0f74da1562e278225e3c608335cf14e00ec0f4df64168679b910a,25,25
F1,301,301,302,9656,0,242044,251700,15.4496,0.0,387.2704,402.72,5193a17705650c432af5d4ffcb79bbfe80a335e12a0d3b12917e7d8fb4e44026,25,25
F1,302,302,303,7906,0,234138,242044,12.649600000000001,0.0,374.62080000000003,387.2704,2ff7950af368f3c0c01f0481f67a321d160da806ca3b903113bc9ac47159c9c1,25,25
F1,303,303,304,7848,0,226290,234138,12.5568,0.0,362.064,374.62080000000003,237e64c503079e96bbedbc8fd9630df3f2923e40398ab6f8d066df4ffbad3433,25,25
F1,304,304,305,8216,128,218074,226418,13.1456,0.2048,348.9184,362.2688,7b17183014fade5fa16ba9e10fad46e48eaf579e5571d089b970a4ab34f9b91d,25,25
F1,305,305,306,9016,0,209186,218202,14.425600000000001,0.0,334.6976,349.1232,e5fbe2a3a360e712baf9460de4435ab9cd45d6a5be271c08bae8ea9f787e215e,25,25
F1,306,306,307,7868,0,201318,209186,12.5888,0.0,322.10880000000003,334.6976,2f1c3eccbb34ab38930096ada29a2f9de8c1bc3140506d1f30c98ae292507f58,25,25
F1,307,307,308,8684,0,192634,201318,13.894400000000001,0.0,308.2144,322.10880000000003,f985e152382742e83a402fc9c01c10982cf8c575d099491aa564462390832dc6,25,25
F1,308,308,309,8532,0,184102,192634,13.651200000000001,0.0,294.5632,308.2144,109778c5f5061984c2fec6b98e989bceac14049e4aa515ced3b1ea43205d595f,25,25
F1,309,309,310,8254,0,175848,184102,13.2064,0.0,281.3568,294.5632,049cc85a8faf3d534b6bda3da47fe91c8a4896f5c193aab3fcbabec2daa47abc,25,25
F1,310,310,311,6007,0,169841,175848,9.6112,0.0,271.7456,281.3568,dc6af67f0d70f65922db5a98577f12093da85fced5dd25c3f1c5f9902fa5aef7,25,25
F1,311,311,312,7703,0,162138,169841,12.3248,0.0,259.4208,271.7456,27e099c2724926b47eaf2469c8fc819b105bb6ebd02e9646d3d6c03009d7054c,25,25
F1,312,312,313,7028,0,155110,162138,11.2448,0.0,248.17600000000002,259.4208,755dc31833b14de06bc295c88ad4b49b981ccc717ed243c9dc0a673708175cfd,25,25
F1,313,313,314,7756,0,147354,155110,12.409600000000001,0.0,235.7664,248.17600000000002,612f6c1968c87fb630301c7eeb54c2b19a4c22dc2f593924cc0e6715f54a2c81,25,25
F1,314,314,315,6622,0,140732,147354,10.5952,0.0,225.1712,235.7664,a58c529b4ab6ed46ddf70b737d2ca7957e16ace6ed56477352f53f5f7e196a79,25,25
F1,315,315,316,7410,0,133322,140732,11.856,0.0,213.3152,225.1712,2032ee058cbc70ff8c7725ff4cb983f70d0ad9fe0a8d7f458e46fb40bc3c4bf4,25,25
F1,316,316,317,7182,0,126140,133322,11.491200000000001,0.0,201.824,213.3152,5a5b929b442ff144e5c99ea4bd9fea4287292fe5b7249ecf3b044f07b759d23e,25,25
F1,317,317,318,6948,0,119192,126140,11.116800000000001,0.0,190.7072,201.824,36f9837d6c9aaaa4148282b997762d241144c82ddd92b2ff2b123708d7a16f5c,25,25
F1,318,318,319,4586,0,114606,119192,7.3376,0.0,183.36960000000002,190.7072,d4b2bf46cadf9354916c520a132977fc374ae3c5a5ac564500928e2790700a50,25,25
F1,319,319,320,3368,1734,111238,116340,5.388800000000001,2.7744,177.98080000000002,186.144,89bfa2ea7a1a3343352da697ffa33b9c966faea354733e4135e738829532e625,25,25
F1,320,320,321,2722,2884,110250,115856,4.3552,4.6144,176.4,185.36960000000002,60b7fa2da8c44555598941aff85a5227d8874bd28b5510324028d502109caaf4,25,25
F1,321,321,322,1336,3588,111798,116722,2.1376,5.7408,178.8768,186.7552,a9a0ef3c6cfc277d5fc6b2b029d15c8137566648f5e8233f7d2a6f16281f238a,25,25
F1,322,322,323,0,5974,115386,121360,0.0,9.5584,184.6176,194.17600000000002,36b6ed00bf2a673adf26079c4d5877df02105593537e444906f61a1feaf98a91,25,25
F1,323,323,324,0,6640,121360,128000,0.0,10.624,194.17600000000002,204.8,047b9bb6e407a8395042bb57cd59b89b81af42a6d4e020c8c59bb425bf389494,25,25
F1,324,324,325,0,6016,128000,134016,0.0,9.6256,204.8,214.4256,a08ce83859e8539c2761e85673346c5a1cf4fe459d76068439fe1bbba21aed67,25,25
F1,325,325,326,0,7450,134016,141466,0.0,11.92,214.4256,226.34560000000002,ba2042bfddf3174db48eab93e0885716489a9e94d3f897d0be4b53b03e43c53a,25,25
F1,326,326,327,0,7456,141466,148922,0.0,11.9296,226.34560000000002,238.2752,c269822c0a611909b5fd6282fa1924cce8ff3d1d8c19f556a6f3cf8121c1b810,25,25
F1,327,327,328,0,7772,148922,156694,0.0,12.4352,238.2752,250.71040000000002,e3eb627be33294567edd91e86aff782a5138968050a0506d283e0d658f82ee12,25,25
F1,328,328,329,0,6664,156694,163358,0.0,10.6624,250.71040000000002,261.37280000000004,1e301975db0c18c8973de8f158e6535864b09825253ff918097267b8928d9b45,25,25
F1,329,329,330,0,7576,163358,170934,0.0,12.1216,261.37280000000004,273.49440000000004,691ec1ae2eb78d99907f4e9362c460f70064728e5c2d983762326657f20fad3e,25,25
F1,330,330,331,0,7370,170934,178304,0.0,11.792,273.49440000000004,285.2864,50813d497b7ab43d0d8d73a02af81c8baac2d85c0d0cad48948b34af54853528,25,25
F1,331,331,332,0,7851,178304,186155,0.0,12.5616,285.2864,297.848,2f35702a971c0b378c146dc424625fe4b84a5f7225d261aa98f4389ee301b173,25,25
F1,332,332,333,0,7189,186155,193344,0.0,11.5024,297.848,309.35040000000004,e28197b2dde347fe36ea80364dab548cb2da867c87f456ff82ee7c00cfe569a0,25,25
F1,333,333,334,0,8712,193344,202056,0.0,13.939200000000001,309.35040000000004,323.2896,0acc01457e6af944c3c7f891ada626d0b30139c84f64227a8af4938ae7612447,25,25
F1,334,334,335,0,8832,202056,210888,0.0,14.131200000000002,323.2896,337.42080000000004,320b192f39f5867652e2b6db11c5959531da0c54131b56043782530e76e2ec35,25,25
F1,335,335,336,0,9054,210888,219942,0.0,14.486400000000001,337.42080000000004,351.9072,240545490dc0c1fe0b8fac11902f79d93e58f2029bd9dbbe119771edc5a2c4ac,25,25
F1,336,336,337,0,7732,219942,227674,0.0,12.3712,351.9072,364.27840000000003,19b881934b772e8964f427ea839025c0a880093393be37839c9b9581df7f58b6,25,25
F1,337,337,338,0,8880,227674,236554,0.0,14.208,364.27840000000003,378.4864,ebce92722bc231a8b10d682765365b1ed7de0b2baf7a7665ea425602c42da158,25,25
F1,338,338,339,0,8494,236554,245048,0.0,13.5904,378.4864,392.0768,5a16d715207b23c046ae482677f8ce3000bc39575bfd98e9a43fda9cbf6f3746,25,25
F1,339,339,340,0,9180,245048,254228,0.0,14.688,392.0768,406.76480000000004,f8ef9ae0110bf975288b9c49285ed8b434788f48d002d5b3a74f074aeccec0a5,25,25
F1,340,340,341,0,8238,254228,262466,0.0,13.180800000000001,406.76480000000004,419.9456,9cf06afb4265bd462a6feb9a3f93abad2432dd571eeaed9624290321eaa8c211,25,25
F1,341,341,342,0,9998,262466,272464,0.0,15.9968,419.9456,435.9424,89ff3e6c1b9503312d3e5485d86b38b6a0369c673fe878d9eb3d60ba2d0aee3d,25,25
F1,342,342,343,618,9502,271846,281966,0.9888,15.2032,434.9536,451.1456,20b684eb5bd4818fd71e9f85778f85e027c7c13a03e11a35d69a1a0e10ed22f7,25,25
F1,343,343,344,1708,9064,279640,290412,2.7328,14.502400000000002,447.42400000000004,464.6592,524c319e57847d8ea9089e98851e743fa39d4961914cba8231aa71ec7caa9330,25,25
F1,344,344,345,3102,7762,285602,296466,4.9632000000000005,12.4192,456.96320000000003,474.34560000000005,1930aecd00e69834083b217ecaa4103b6eb3038f9c9899ff73ecd7558f8a3c4d,25,25
F1,345,345,346,4538,7151,288826,300515,7.260800000000001,11.441600000000001,462.1216,480.824,515d00440e2e298011029a96bd43f7e963fdae40f482ed208d0c65edf24d1a7c,25,25
F1,346,346,347,5612,6885,290365,302862,8.9792,11.016,464.584,484.5792,8d661285c7ae85c472335b461e12b57891f5ab22c5f6c5d2e37466e8ece102b2,25,25
F1,347,347,348,8298,6488,288952,303738,13.276800000000001,10.3808,462.32320000000004,485.98080000000004,7aec7d7b025471f9fdda8ac9babd97ce414976dff61073ce4c023ba75c15e2d3,25,25
F1,348,348,349,9172,7292,286268,302732,14.6752,11.667200000000001,458.02880000000005,484.37120000000004,b52553524032f00e32c92123d0ac5670315b77758e76cfab7bb3c390e66810a1,25,25
F1,349,349,350,10044,7714,283516,301274,16.0704,12.342400000000001,453.6256,482.0384,512990d2515a39ef82d559ac0075b28a5d84b01739f8719447c8ede66f604a74,25,25
F1,350,350,351,11236,7684,279994,298914,17.977600000000002,12.294400000000001,447.9904,478.2624,7d069e24f20e0956bc66bd08baf9b36d7cb910fcfd625a9769e2784436aff0bc,25,25
F1,351,351,352,12348,6884,275330,294562,19.756800000000002,11.0144,440.528,471.29920000000004,c0ecf04fc6aaa53c42163646a5565dde417a38273cf9e1234016d816f1852bce,25,25
F1,352,352,353,10999,7794,271215,290008,17.5984,12.470400000000001,433.944,464.0128,8085574154ed9a4fc1d35d5d3abcb20402fb8b746aa36c12528430b1c8b28b94,25,25
F1,353,353,354,11445,6846,267564,285855,18.312,10.9536,428.10240000000005,457.368,65b853b42346a83dc75d3e72fba5c6801bdd071ea8119e8a56fb1c964c99f7d8,25,25
F1,354,354,355,12010,7348,262400,281758,19.216,11.7568,419.84000000000003,450.81280000000004,0ac9cfd448402779102c79c02a738fe4c7748bb34b977b199b3ebd64806b7da4,25,25
F1,355,355,356,11972,5682,257776,275430,19.1552,9.0912,412.4416,440.68800000000005,45dec7491c3a996936fdb0f91f60f6f6f527526b18db98a701f8832bdf3e18e0,25,25
F1,356,356,357,12416,7626,251042,271084,19.8656,12.201600000000001,401.66720000000004,433.7344,7b2038172a859ddea6d53d2a063e3e8b26c1b8b5bbc7e3acace18bda03f3b8b6,25,25
F1,357,357,358,13276,7768,245392,266436,21.241600000000002,12.4288,392.6272,426.29760000000005,593bfc741c0a9e3bd34602752e16c1ef474d10b45dae8aaca92b9a1037614cff,25,25
F1,358,358,359,13242,7660,239918,260820,21.1872,12.256,383.8688,417.312,3e59ccb8a9f5c7f746d1c24e4da6cdab16aa0fddb8cc684ee3f8ee26d7f4f5d1,25,25
F1,359,359,360,12228,7012,235350,254590,19.5648,11.2192,376.56,407.344,6456980c6a0ce7ac6d041958cc4c22fd22314f119a3514bb17f435f2f38f90f9,35,35
F1,360,360,361,10794,8012,231568,250374,17.270400000000002,12.8192,370.5088,400.5984,6d2ebb779491adbd7bd66c965133765f31761e9383dd6910b113cdefbecd64b6,55,55
F1,361,361,362,9400,7224,230180,246804,15.040000000000001,11.5584,368.288,394.88640000000004,25b0303cbf436c2fc2143e1de2018c62dd9db645eeda4aa43b6a0dd25706fbdd,70,70
F1,362,362,363,7398,8088,230006,245492,11.8368,12.940800000000001,368.00960000000003,392.78720000000004,b7d87c03d92f5a8c01b560a668ab95297281ccc6ed0a19b98cfb0580abb0954b,85,85
F1,363,363,364,6014,6646,232080,244740,9.6224,10.633600000000001,371.32800000000003,391.584,b906bfb9dca4bfcf9fbb1a0cc81061488c5bbb4ed01f1ba586ebb70e0f7e06f8,100,100
F1,364,364,365,5940,9020,232786,247746,9.504000000000001,14.432,372.4576,396.3936,b83b3779fbbf7b509ea1e3513f6b951d3c4ed1baa5592dd3fc0ea90df319ffcb,100,100
F1,365,365,366,5370,9408,236436,251214,8.592,15.052800000000001,378.29760000000005,401.9424,d25fbde2e90bb370dac1cceaa2f880ce138398738633b8646629a867d494ebf2,100,100
F1,366,366,367,5344,9594,240500,255438,8.5504,15.3504,384.8,408.7008,168fcf25212858803dbf6e13ae5e3af91b631fa978c604ce757f7405961b7162,100,100
F1,367,367,368,4794,9168,245300,259262,7.670400000000001,14.668800000000001,392.48,414.8192,c0c58c5669e83241c054766180bf80678c74f764ce1840676156aef5f0cb4128,100,100
F1,368,368,369,4764,10270,249704,264738,7.622400000000001,16.432000000000002,399.5264,423.5808,d506abc1d2d2a5e0a335968e7775f7fea4ecaa6ac510fc5f72659da27b681e48,100,100
F1,369,369,370,4602,10158,255372,270132,7.3632,16.2528,408.59520000000003,432.2112,af7561e11c04d1190b355a0f05662178f820a85cf47684039486189fd6a3f082,100,100
F1,370,370,371,4104,9714,261426,275244,6.566400000000001,15.5424,418.2816,440.3904,07d76da86e01f9c9d9a85ef4a42db19e3f994b0db79f08d61ff9dfb571f0fdb5,100,100
F1,371,371,372,3632,9532,267508,280672,5.8112,15.2512,428.0128,449.0752,d31a459599b5bf46efbe52a91a4d5c4ff446336bae460b8f6145ac9cd2bc7913,100,100
F1,372,372,373,3440,11492,273600,288532,5.5040000000000004,18.3872,437.76000000000005,461.6512,be898975b424371fe114a133e6fa6498f033da0756f88cb1976148129a8baa03,100,100
F1,373,373,374,3018,11780,282074,296872,4.8288,18.848000000000003,451.3184,474.9952,c6ecee17325bf7d1cc019ecfa2b19f5935e5f64b61ac8f9c85c961c5dbd32054,100,100
F1,374,374,375,2672,12304,291182,306158,4.2752,19.686400000000003,465.8912,489.8528,f764d46babcfe91f59f6f6d254350c50578f6759dc0ddb5960c281029f688679,85,85
F1,375,375,376,2516,14230,300970,317716,4.0256,22.768,481.552,508.34560000000005,d876a10708a60815fb00fda2e046d05ca3dde587bbee9a94a7b258c3161ccb39,70,70
F1,376,376,377,2630,16510,312570,331710,4.208,26.416,500.112,530.736,b77b4c867745866c465f60bcca76a91cddc5775aef578b21475b69c20434e36f,55,55
F1,377,377,378,2654,17452,326426,346532,4.2464,27.9232,522.2816,554.4512,633504358ddfc22ae4b65e7a744079f839df3cad2e594fc10cddce0b72f088eb,35,35
F1,378,378,379,2488,16306,341390,360184,3.9808000000000003,26.0896,546.224,576.2944,5c54ec3751124fc2d670c84d94fd51d0a23b73eebfa7d441d27be20c62ac84a4,25,25
F1,379,379,380,2936,18563,354760,376259,4.6976,29.7008,567.616,602.0144,06cca4859afa72bef813927fcf69c5848528ccf1ad3bc47bc8f487beee7f5a30,25,25
F1,380,380,381,3166,18123,370157,391446,5.0656,28.9968,592.2512,626.3136000000001,9c2fd87819511a687a02adb3553bb06cf0a16deaff632c24f1c2f5dcf45dfb1e,25,25
F1,381,381,382,3168,17848,385112,406128,5.0688,28.556800000000003,616.1792,649.8048,17dc7bf5f119bae74dbddea998fbcb0ac32fb458d25dc8adea09fa158f3b5cd5,25,25
F1,382,382,383,3106,16630,399854,419590,4.9696,26.608,639.7664,671.344,c838c1f6156abc02653156189f8d0744d37bea40e096d446c53edc218bfe6461,25,25
F1,383,383,384,4306,17198,412178,433682,6.889600000000001,27.5168,659.4848000000001,693.8912,ec142d71e6acbcb12c8402784ce481675baca6038b5306e8507bc12dfc6497dc,25,25
F1,384,384,385,6644,16726,422732,446102,10.6304,26.7616,676.3712,713.7632,2f87b3d2525cf4c0fbe332df4b122bb09df9b50b9b05cb43f116b4b4ce06c380,30,30
F1,385,385,386,8452,15444,431006,454902,13.523200000000001,24.7104,689.6096,727.8432,eca101ba980838bb5b4bce929ccf039234ba44b52c97c129540adb51c3f8d833,45,45
F1,386,386,387,9874,13776,436576,460226,15.7984,22.041600000000003,698.5216,736.3616000000001,04d85d52a550bb559a56face08c78f415102538ce67d9dc55a7dc527c70183ac,64,64
F1,387,387,388,12376,14576,437976,464928,19.8016,23.3216,700.7616,743.8848,89a86ec597467ff24955171c7e6c338fbb09ebbfded00f55d6f75b9ec147f709,81,81
F1,388,388,389,12242,14372,440310,466924,19.5872,22.9952,704.496,747.0784,24a5d0625aad555cd4b6810a6dd2cffc944de38b31d2568660e3feadcdbb0ff9,100,100
F1,389,389,390,12518,14104,442164,468786,20.0288,22.5664,707.4624,750.0576,cf9d7a7ec8a832aca6e1a2ab0731f6260fd813a43be9d010d118e35a3425edcc,100,100
F1,390,390,391,11748,12900,444520,469168,18.7968,20.64,711.2320000000001,750.6688,b4f3ff7ceb69fe7a8a18781f98d68949bf977515c9525692acd9c06e809af96a,98,98
F1,391,391,392,12500,12298,444920,469718,20.0,19.6768,711.8720000000001,751.5488,070895568b5c3e62758b181b85426e1a2a388a4b648b9b1f3d6ec3f575538bf9,87,87
F1,392,392,393,13494,8770,443724,465988,21.590400000000002,14.032,709.9584,745.5808000000001,de03a0f269cac2bf26bf80b08f9b9bcd2d04cceb8fd6152501c8b6c2923258db,78,78
F1,393,393,394,13786,5446,438708,457940,22.0576,8.7136,701.9328,732.7040000000001,b95c51c7fc8bd1c349e60a71fbb7002adec30e118c9a8ce3f1cd6e08a84047a8,64,64
F1,394,394,395,13556,2614,430598,446768,21.689600000000002,4.1824,688.9568,714.8288,46861073d8eadada74bf858de3507b9c7e4dc8b4e5fa5dcacb4ca22fe51bbb5b,60,60
F1,395,395,396,14930,1512,418282,434724,23.888,2.4192,669.2512,695.5584,4bdc4b5e99bee275132be8e7eeebebd16aa7745cdb8acbd37adf47d76982749b,60,60
F1,396,396,397,14323,1438,405471,421232,22.916800000000002,2.3008,648.7536,673.9712000000001,9ae108d789fe5c6f1faa623fb85ac14be91d66a03bb8c96f609ed00f5d7d7eab,60,60
F1,397,397,398,14207,1430,392702,408339,22.7312,2.2880000000000003,628.3232,653.3424,d7c19aee0b3bd69a0cd9620a8c56a2911861d9e5c72062f7240d534a67b72a59,60,60
F1,398,398,399,10588,2645,383544,396777,16.9408,4.232,613.6704000000001,634.8432,2e0343d1e5fa64d9b7234ad740a7e7e95e93eb174580498c2b3e3a0f74512f83,60,60
F1,399,399,400,8638,5599,377551,391788,13.8208,8.958400000000001,604.0816,626.8608,f6149663a37327498bbf853258c98993aeedb1e203ac9c9ecfd0f3a4c38a7d1c,59,59
F1,400,400,401,5599,8638,377551,391788,8.958400000000001,13.8208,604.0816,626.8608,c7b77cf0c41c3bd6aef786942d17b80f1ac68333152612636b0538211de6b200,59,59
F1,401,401,402,2614,10605,383575,396794,4.1824,16.968,613.72,634.8704,f4d5f32de228eac61163bc8a645461bf3bde43883ed3fa1cc2afadccc7924ba1,59,59
F1,402,402,403,1478,14205,392702,408385,2.3648000000000002,22.728,628.3232,653.416,c3ebfcdee9531d4f6a8dbaac4c911f7f0c28a714dd26bd24d5141ad5d71451a0,60,60
F1,403,403,404,1438,14325,405469,421232,2.3008,22.92,648.7504,673.9712000000001,903ce264c1d8071ff90c8869d10d89c521034a8e7ab3f66f809057b8db3405f8,60,60
F1,404,404,405,1512,14930,418282,434724,2.4192,23.888,669.2512,695.5584,99e16d4bc69596e27fc67e7bf65e7ec14f5ffa30f7e3b3c052a455909685d806,60,60
F1,405,405,406,2614,13556,430598,446768,4.1824,21.689600000000002,688.9568,714.8288,85a1d62e1b89f7ae89840d6e5d68a8f8e0f02fcc9d1788b684124d99f6561609,60,60
F1,406,406,407,5446,13786,438708,457940,8.7136,22.0576,701.9328,732.7040000000001,09ce1fe19ba86ffeb5a785d6dce75bc7ba4e536d985b33fbae7bc4642fb6fb43,64,64
F1,407,407,408,8770,13494,443724,465988,14.032,21.590400000000002,709.9584,745.5808000000001,8b5d3ec46ad39ee274e7fa97c618902d1d74286738c982c52c11b04b8b5ee470,78,78
F1,408,408,409,12298,12502,444920,469720,19.6768,20.0032,711.8720000000001,751.552,b957589a74ce84e3c0781bcde58eddcb15931b1dfd567ffcd694dfdbd272cb6f,87,87
F1,409,409,410,12900,11746,444522,469168,20.64,18.7936,711.2352000000001,750.6688,710a5c878c135181f59ee8a787a9e67e313b478d474ff9d502a483dae04b2155,98,98
F1,410,410,411,14104,12518,442164,468786,22.5664,20.0288,707.4624,750.0576,c7efa00ce009a7b75beb6192c97628f28fde018887dd592fd2f68decb59d6681,100,100
F1,411,411,412,14372,12242,440310,466924,22.9952,19.5872,704.496,747.0784,0a1a02859405162399d357517c51011f8be826e8e53441176480d16a2751aaaa,100,100
F1,412,412,413,14576,12376,437976,464928,23.3216,19.8016,700.7616,743.8848,d5270fca39c299f331788a460b8f70481cd8dd54fba95ad2713a2b469839be27,81,81
F1,413,413,414,13776,9874,436576,460226,22.041600000000003,15.7984,698.5216,736.3616000000001,b4f910ecfc032232acdbb2307893882437fc3f74f5fd8dfa03a4ac2ed0dc56ec,64,64
F1,414,414,415,15444,8452,431006,454902,24.7104,13.523200000000001,689.6096,727.8432,b01010dc14b3ef76b1a3773455dc05388234a164f27f0b17449dba3d29d171aa,45,45
F1,415,415,416,16726,6644,422732,446102,26.7616,10.6304,676.3712,713.7632,93a914662d81b1861deccf42192e0503b26dab706aeefd851d3ecf5281d107d3,30,30
F1,416,416,417,17198,4306,412178,433682,27.5168,6.889600000000001,659.4848000000001,693.8912,5f73dec507afe78b85da173db30a041510b3f3e64892e4baef5e41dc36da116a,25,25
F1,417,417,418,16630,3106,399854,419590,26.608,4.9696,639.7664,671.344,8312c9140c8e40c4e8d65017d98ccdb53fc63373efe734f1dfa3702a3b2cdb6c,25,25
F1,418,418,419,17848,3168,385112,406128,28.556800000000003,5.0688,616.1792,649.8048,ddcf70063ef4c4997a7ea8e3510b0ab9a390a037f59b2873e11585134a2f5e6f,25,25
F1,419,419,420,18123,3166,370157,391446,28.9968,5.0656,592.2512,626.3136000000001,d98600936740c03abc99a6ea8321ba71217cfd5d01df2328e0f068a266ce3424,25,25
F1,420,420,421,18563,2936,354760,376259,29.7008,4.6976,567.616,602.0144,86fb7ddaefb7fd47a24df0a75ca372301cb7e1df09b2da5ff407a03a45349d04,25,25
F1,421,421,422,16306,2488,341390,360184,26.0896,3.9808000000000003,546.224,576.2944,eac6527e6c2838c6302180c12dfbdbfec7458874bd9f374596a9f9fdfaa32b49,25,25
F1,422,422,423,17452,2654,326426,346532,27.9232,4.2464,522.2816,554.4512,4cb337be47be9b80f9abb81dd76b07e487fa7e5af3d672b7f1e7c4e413a9bdf9,35,35
F1,423,423,424,16510,2630,312570,331710,26.416,4.208,500.112,530.736,861787e22506f7b0a24c7cc4970095cf34bef207fe5cf35c69bd8cee20613e58,55,55
F1,424,424,425,14230,2516,300970,317716,22.768,4.0256,481.552,508.34560000000005,6ab9f3568f9db6b9fd6136ff4157021fdf5cfee8092732128284f5390a7814e6,70,70
F1,425,425,426,12304,2672,291182,306158,19.686400000000003,4.2752,465.8912,489.8528,e31b674b5f67178ed4184f9ef13deced144245f18e6b98483c90e7f70a80c911,85,85
F1,426,426,427,11778,3018,282076,296872,18.8448,4.8288,451.32160000000005,474.9952,51b83e6c9617809f80135fd292b5d97920f23316236fd66b729ec32a138650db,100,100
F1,427,427,428,11494,3440,273600,288534,18.3904,5.5040000000000004,437.76000000000005,461.6544,c396a3b7123707260e1c35a08605cdeaded7a5f63c00e3f44297b5674d7d869e,100,100
F1,428,428,429,9532,3632,267508,280672,15.2512,5.8112,428.0128,449.0752,19b30fb5b88dec60033e025d7c0dc635aee2bfb197c146b7225006b848ce6d9c,100,100
F1,429,429,430,9714,4104,261426,275244,15.5424,6.566400000000001,418.2816,440.3904,4402299311535b60229dab630d34c0d6bd69f11b214d966c8171415bcc64b87d,100,100
F1,430,430,431,10158,4602,255372,270132,16.2528,7.3632,408.59520000000003,432.2112,42557373f4158675e344868c62dff408334931e76148465719bee2409d2d64af,100,100
F1,431,431,432,10270,4764,249704,264738,16.432000000000002,7.622400000000001,399.5264,423.5808,bd5eaf623e0446e6def67a005f7011becf57e8b19448acb4d077e899e872145c,100,100
F1,432,432,433,9168,4794,245300,259262,14.668800000000001,7.670400000000001,392.48,414.8192,a0ba023e05a8b9ec75652d96a7e5bf3645ddcd16858afd26efa24c6d2c025ef0,100,100
F1,433,433,434,9594,5344,240500,255438,15.3504,8.5504,384.8,408.7008,a3c55f3c51fd09572bc2607b20df0d8cf428040e8d67df796c1ef9f762258273,100,100
F1,434,434,435,9408,5370,236436,251214,15.052800000000001,8.592,378.29760000000005,401.9424,850a1007b38c678dd12f1c2c3b0f8f0fc8eb57bf74638e75e242f1af30f89680,100,100
F1,435,435,436,9020,5940,232786,247746,14.432,9.504000000000001,372.4576,396.3936,097292a5b9f780f9154bfedade8adbea3e881fe90edd4624b2a5a91f86c2709d,100,100
F1,436,436,437,6646,6014,232080,244740,10.633600000000001,9.6224,371.32800000000003,391.584,00bb49ddb077911114a2e8c70128282ec1bb2f6d1d0c930e0ff09aa1ae7ca0ca,100,100
F1,437,437,438,8088,7398,230006,245492,12.940800000000001,11.8368,368.00960000000003,392.78720000000004,296668e14fcdb82acfe8b8fdcff60089f4a5ffc3aec8be1828e7eeeb458b3907,85,85
F1,438,438,439,7224,9400,230180,246804,11.5584,15.040000000000001,368.288,394.88640000000004,bea44ea557725d18692d17effa03b3a10b083811e10e8d9ef277a72cf987bbad,70,70
F1,439,439,440,8012,10794,231568,250374,12.8192,17.270400000000002,370.5088,400.5984,765bc20eeda34eacfdda97591aa47d64446b90a59df8b3bfb811b55a413e577a,55,55
F1,440,440,441,7012,12228,235350,254590,11.2192,19.5648,376.56,407.344,72dd7f66c7e026e0f2b157372a3f86b4a80f98e31905695b85e00670511dc494,35,35
F1,441,441,442,7660,13242,239918,260820,12.256,21.1872,383.8688,417.312,8cf3a3eff020a8c4c57f22203ed81c30533a07fe531e17390cd714fc6cac4705,25,25
F1,442,442,443,7768,13274,245392,266434,12.4288,21.238400000000002,392.6272,426.2944,99cf4603477a96aee6d881925383a0713be444533c06667bc5e63168e694f872,25,25
F1,443,443,444,7626,12418,251040,271084,12.201600000000001,19.8688,401.66400000000004,433.7344,b1f3f19ac4841d1008b8f27625048f7686dc1a48cac2f56b62e4232148a42647,25,25
F1,444,444,445,5682,11972,257776,275430,9.0912,19.1552,412.4416,440.68800000000005,888b582dc4cfae1edd429364b86b5095c4501702a98b4de6c60c936df1e85ad2,25,25
F1,445,445,446,7348,12010,262400,281758,11.7568,19.216,419.84000000000003,450.81280000000004,921feb33bd8d1b2d98be02f5b19990e1d35e8e2e473ddc60fc20f83ef9b7b3a3,25,25
F1,446,446,447,6846,11445,267564,285855,10.9536,18.312,428.10240000000005,457.368,8867c753c963e42772fbcf2ce1fddcd17692d6413aa7a87c472eda3054b3c030,25,25
F1,447,447,448,7794,10999,271215,290008,12.470400000000001,17.5984,433.944,464.0128,80f9ce85722c15295dd2e85eb3b8921167bd2f78c3b5921c9e342c28e962b789,25,25
F1,448,448,449,6884,12348,275330,294562,11.0144,19.756800000000002,440.528,471.29920000000004,02c92e00a96b9d979b0323916f4ffff51677f01768720523ca251688976fe185,25,25
F1,449,449,450,7684,11236,279994,298914,12.294400000000001,17.977600000000002,447.9904,478.2624,9353b9daa5076e2d0a4ac8b2e4bd7c0a91b43a1c02fa26e40e8dccfddd52f8f6,25,25
F1,450,450,451,7714,10044,283516,301274,12.342400000000001,16.0704,453.6256,482.0384,2e2c46cc3edc77b5fc65d3dc9b851bf0e9250a89eadfd06b532cea98ddd10014,25,25
F1,451,451,452,7292,9172,286268,302732,11.667200000000001,14.6752,458.02880000000005,484.37120000000004,9236ae0aba089c35aaee2012dad4ea0517b433a203423ad5bb26ec5423c8d0b1,25,25
F1,452,452,453,6488,8300,288952,303740,10.3808,13.280000000000001,462.32320000000004,485.98400000000004,89b75102108afb6c12260f2782c3b1461544304f7eda4e68b940fed6bf9ab930,25,25
F1,453,453,454,6885,5610,290367,302862,11.016,8.976,464.5872,484.5792,834118b639da7a2b4b999c8daac4a0da51c7062cec91d427d8f8294fcadba61c,25,25
F1,454,454,455,7151,4538,288826,300515,11.441600000000001,7.260800000000001,462.1216,480.824,aeb863e01eb02c4d581b0387ec8812310ff69b77f5310b7c8c78d613fe9302b2,25,25
F1,455,455,456,7762,3102,285602,296466,12.4192,4.9632000000000005,456.96320000000003,474.34560000000005,677d3f18843e0820f0364e6e6f75fd052679b89e1a4f413b91c46ff98f8241a7,25,25
F1,456,456,457,9064,1708,279640,290412,14.502400000000002,2.7328,447.42400000000004,464.6592,0ea948e36771ec09b1d7373488582f3ce864368fdc3c06da3f93e663503d5361,25,25
F1,457,457,458,9502,618,271846,281966,15.2032,0.9888,434.9536,451.1456,4cc51b790b1cd84bb87e33bb5bb0c85e8020596c02399fa503c673db434c88c6,25,25
F1,458,458,459,9998,0,262466,272464,15.9968,0.0,419.9456,435.9424,f22e3273055fced427acf393068a2968323bdc977564e4df9026f712dd1847ca,25,25
F1,459,459,460,8238,0,254228,262466,13.180800000000001,0.0,406.76480000000004,419.9456,cddd503a29cc0403dcfe10ac80f7db151b2287dccc75271df7f07a538f9f5603,25,25
F1,460,460,461,9180,0,245048,254228,14.688,0.0,392.0768,406.76480000000004,8e83decfd5474fae1e1554a22a9d6bcb7eb8049f8752bc46f6d7d2caa111bd0b,25,25
F1,461,461,462,8494,0,236554,245048,13.5904,0.0,378.4864,392.0768,12af34343ba9736344caaecbd298fd05bd117d08176cc3211db267b829fd97e8,25,25
F1,462,462,463,8880,0,227674,236554,14.208,0.0,364.27840000000003,378.4864,10625ba7178ec547f3c7d6c29bd2517e483020767fa294bc2c09030ab41f4364,25,25
F1,463,463,464,7732,0,219942,227674,12.3712,0.0,351.9072,364.27840000000003,e9a5f2cf735287aaa3424d4a0cc45368f0d59fa405a3fbbd269c759bab9b5c22,25,25
F1,464,464,465,9054,0,210888,219942,14.486400000000001,0.0,337.42080000000004,351.9072,dd051504858bbd57ca2ade6662c9c185dc024460295c6173cd3f392d1c329684,25,25
F1,465,465,466,8832,0,202056,210888,14.131200000000002,0.0,323.2896,337.42080000000004,7a8383fd2dc4951205f07ac6e4c04579dcaef300f1188be481c396292b27bd32,25,25
F1,466,466,467,8712,0,193344,202056,13.939200000000001,0.0,309.35040000000004,323.2896,9394f98968263163a60928c641b9c787584771ec94493d6e7afb95031d1d58a2,25,25
F1,467,467,468,7189,0,186155,193344,11.5024,0.0,297.848,309.35040000000004,141fdd40aacd74a441f873b717a735754fe2575d32d28b10e30256a0caab9d3a,25,25
F1,468,468,469,7851,0,178304,186155,12.5616,0.0,285.2864,297.848,69b57611138a30f7acf6d3585d9efd55d7bbcd7ce19aeefa2358e1bddca57ce0,25,25
F1,469,469,470,7370,0,170934,178304,11.792,0.0,273.49440000000004,285.2864,35bc78ab2513872efc6b39967021703a2626357dc304a28c8396df247a1f0afd,25,25
F1,470,470,471,7576,0,163358,170934,12.1216,0.0,261.37280000000004,273.49440000000004,a0b54486dba0c3a90ba568f51bcfe824ae64bd9ed4a22182fa3348a2071a98c9,25,25
F1,471,471,472,6664,0,156694,163358,10.6624,0.0,250.71040000000002,261.37280000000004,f6155cabffea4d40e90db0737574e330b6fa32fdadd3c41f120ad17f9767cc3c,25,25
F1,472,472,473,7772,0,148922,156694,12.4352,0.0,238.2752,250.71040000000002,5ca88359a366e29f08c098d0ecb342866c3455f65f2bcea280d7acdb7641d9ef,25,25
F1,473,473,474,7456,0,141466,148922,11.9296,0.0,226.34560000000002,238.2752,cc3a005a6ad8a202adf1b7abc5befebd3df122748711275ddd5fa3ef33a30ed6,25,25
F1,474,474,475,7450,0,134016,141466,11.92,0.0,214.4256,226.34560000000002,17df4fee5ed8ac46d08e7337a51f13eda54e6531b5af7f6b5c7d09cee4901445,25,25
F1,475,475,476,6016,0,128000,134016,9.6256,0.0,204.8,214.4256,3d2b5700583f7c106f94123d0237d5d1f1c9814ed0caa4d6cfcb234d2ed74605,25,25
F1,476,476,477,6640,0,121360,128000,10.624,0.0,194.17600000000002,204.8,3a9d20aedce8db32604ce18d3954a0f88de82da8eedb0d7894f0a7b470f2ff54,25,25
F1,477,477,478,5974,0,115386,121360,9.5584,0.0,184.6176,194.17600000000002,a92ed2359ddde1ffc08d44a5f9550f4e19d778ec5ba91dca937680197fdd1ca0,25,25
F1,478,478,479,3588,1336,111798,116722,5.7408,2.1376,178.8768,186.7552,efd3f19ae98c1a558391787cc99c2900aa6d34edf7641230275186620bed1eca,25,25
F1,479,479,480,2884,2722,110250,115856,4.6144,4.3552,176.4,185.36960000000002,f8b58a9a8d06edf5a65d91da1cf23f6c83e54ea4d234c09140ff7e7bdd2b2786,25,25
F1,480,480,481,1734,3368,111238,116340,2.7744,5.388800000000001,177.98080000000002,186.144,0e848698872786110b57bf5c47929cf629d9de932ab07712ba942b84a1ca8688,25,25
F1,481,481,482,0,4586,114606,119192,0.0,7.3376,183.36960000000002,190.7072,d5fbeacf821a979ee1fa3ad00b318942b8ac6fad5dabf12ac3e89086189df770,25,25
F1,482,482,483,0,6948,119192,126140,0.0,11.116800000000001,190.7072,201.824,f1085f24db45167199a6a92137e0de7ac03895e7efc705206ae976799f73befc,25,25
F1,483,483,484,0,7182,126140,133322,0.0,11.491200000000001,201.824,213.3152,447cf50b11936a28f0005456a6050f60ff3a78d4deb5084bf922513c19648683,25,25
F1,484,484,485,0,7410,133322,140732,0.0,11.856,213.3152,225.1712,d65d437c6e0882a3b942ac0729a9c50772de37aaae777f174b211733d5585e1d,25,25
F1,485,485,486,0,6622,140732,147354,0.0,10.5952,225.1712,235.7664,3557536a3035e29c895d4e61e8612a12b2c90217ccfed07e3ae7dae6e27484a4,25,25
F1,486,486,487,0,7756,147354,155110,0.0,12.409600000000001,235.7664,248.17600000000002,fb0695161317299ada6c2ab59d65a19e4045afd4526e1db62dc4f0a707eb1803,25,25
F1,487,487,488,0,7028,155110,162138,0.0,11.2448,248.17600000000002,259.4208,92bcb6dd97c6f002293ae28c80b7b4f0f2f90dadfdd7a43fcf84fd870fe42ce1,25,25
F1,488,488,489,0,7703,162138,169841,0.0,12.3248,259.4208,271.7456,655a72fb48c34f0218d1b69c3cfe7d5bb7821f4e1c71bc244d05ea76252ce062,25,25
F1,489,489,490,0,6007,169841,175848,0.0,9.6112,271.7456,281.3568,73210e5565cf23e3d09d9607d6e184f7e027104dc5bdd498e4e5b7f8fef1c941,25,25
F1,490,490,491,0,8254,175848,184102,0.0,13.2064,281.3568,294.5632,eb0a585e3a22c7b9d830d2b6c16d248844b799039ab0119b3cfbab9b95a18d41,25,25
F1,491,491,492,0,8532,184102,192634,0.0,13.651200000000001,294.5632,308.2144,a8b868cdf20d36c83f70560ce881cece7e3eb5849fbec94609b87a2bf32edc7a,25,25
F1,492,492,493,0,8684,192634,201318,0.0,13.894400000000001,308.2144,322.10880000000003,4ef0fabfd5ff3278be7c770bf42aed9eafc09518d5ecb1b34c9698947481a7e9,25,25
F1,493,493,494,0,7868,201318,209186,0.0,12.5888,322.10880000000003,334.6976,c4ee960a5e141b6f58bf155397ec795355c58802c9c8e0a8aae38f3a67765971,25,25
F1,494,494,495,0,9016,209186,218202,0.0,14.425600000000001,334.6976,349.1232,591bc2fdf1ca3ce6d3b6ec9b659002e30b7ad774cb8ccbf503271fc73e83fb64,25,25
F1,495,495,496,128,8216,218074,226418,0.2048,13.1456,348.9184,362.2688,a90fdb6a7638f82754c288523c21f5c0eecf142c3b78e1c1b39c5a72c4e5dd1a,25,25
F1,496,496,497,0,7848,226290,234138,0.0,12.5568,362.064,374.62080000000003,3eb7c047ba6d2e36beb67d704a09b2b04e35d60bbc38314a4834d006f5a2a274,25,25
F1,497,497,498,0,7906,234138,242044,0.0,12.649600000000001,374.62080000000003,387.2704,f47a9810cc1474408374493b7cce1c8a40902a365836ca24aa3bb6a196869fe8,25,25
F1,498,498,499,0,9656,242044,251700,0.0,15.4496,387.2704,402.72,2df408d2fbf25f0edcf6a9c338da0e3ccc015f2f430222a66652dd939d8e037e,25,25
F1,499,499,500,0,9792,251700,261492,0.0,15.667200000000001,402.72,418.3872,67c210f8f7492b25929c6b5b4e8935db31a4d1a0b2cfead79076aedb1309a830,25,25
F1,500,500,501,0,8930,261492,270422,0.0,14.288,418.3872,432.6752,f92f0324842d4ed04fd08d250c4b8f8efde6d2cebf17379d91c72ed25e2e45cc,25,25
F1,501,501,502,326,9586,270096,280008,0.5216000000000001,15.3376,432.15360000000004,448.0128,33b0015baf14d0c01155f7393b55e31b12d254ff495fb593e3a6b1d480c2a92f,25,25
F1,502,502,503,1512,9178,278170,288860,2.4192,14.684800000000001,445.072,462.17600000000004,7501e1c51e33cc00a6db0ab2a8ee6e3a3d249ebc0b3244a65b927624c4e9f744,25,25
F1,503,503,504,2920,8242,284428,295590,4.672000000000001,13.1872,455.08480000000003,472.944,ca8b8562844ae667b80fd06e1c5abe1a5c16a71181a311285b310fc477d4b1bc,25,25
F1,504,504,505,4276,6054,288394,298724,6.841600000000001,9.6864,461.4304,477.95840000000004,fb4eb6ed6fbc00c0183b034b63008d562e85a99fd048f3c324d8cf7c7936ae8e,25,25
F1,505,505,506,5470,6862,288978,301310,8.752,10.9792,462.3648,482.096,d74691c825745b1950cd700621db630f1bd1d1cadca1d6456a09f9bc91e4f6f7,25,25
F1,506,506,507,7840,7694,288000,303534,12.544,12.310400000000001,460.8,485.6544,5b6c1bee88217a1826dc55dce75f6137cf8366fcd36eb75a78b9b78dc4b7d6f7,25,25
F1,507,507,508,9064,7700,286630,303394,14.502400000000002,12.32,458.608,485.4304,f25655e8b691f10226791d09eca2797dcd268424a68736ef305f0a1dc273e7d9,25,25
F1,508,508,509,9762,6934,284568,301264,15.619200000000001,11.0944,455.3088,482.0224,3758be3500470b5997a7f94bf106841e23f1e368877c428abca669371682b50f,25,25
F1,509,509,510,11224,7694,280278,299196,17.9584,12.310400000000001,448.44480000000004,478.71360000000004,af2e94f1c991a29adc7415529d0c023fb54fd98dd7e6cc0ae28578457ae8b682,25,25
F1,510,510,511,12082,7710,275890,295682,19.331200000000003,12.336,441.42400000000004,473.0912,3469657c2eea0697ee5dfdf3d7d50984098e4cf4c25867c4a7e13a1022d514fe,25,25
F1,511,511,512,10984,7360,272616,290960,17.5744,11.776,436.1856,465.536,24531d5fbc651613f1e7ffb452610f391663d3d77e81b4edde4a18140179f8d3,25,25
F1,512,512,513,11062,5604,268914,285580,17.6992,8.9664,430.2624,456.928,238c9ab90cdd7de911acb347d7d3d58fa3326995e21706b4809552cac0b01db7,25,25
F1,513,513,514,11888,7356,262630,281874,19.0208,11.7696,420.208,450.9984,a8e9534be43bb44e76bdc397531554d08c12a507168abd6eb059bde9e0b325e4,25,25
F1,514,514,515,11970,7292,258016,277278,19.152,11.667200000000001,412.8256,443.64480000000003,cae589bd1ea6805374a216f6e93c77535b5b1592da61ee36f9480ea73f91a42a,25,25
F1,515,515,516,12494,7680,252814,272988,19.9904,12.288,404.5024,436.7808,723dd56af12557297bd901fa537ecd71563a98b66ed7eef84933bf40046e00c8,25,25
F1,516,516,517,12864,6954,247630,267448,20.5824,11.1264,396.208,427.9168,bcbc48cb6ecd5f8e0055b584e4c2f3463fc699e7cb41f36cee41b0cb139766f0,25,25
F1,517,517,518,13464,7616,241120,262200,21.5424,12.1856,385.79200000000003,419.52000000000004,ce9a4cb45340217714a7ef4b28e09ccc96ec3405b1241df7733eedc5cc7f9058,25,25
F1,518,518,519,12612,7864,236124,256600,20.1792,12.5824,377.7984,410.56,3367d850b9c0d07049bd7543e84d1ebdff444e283fc62fe79155e1660092779e,33,33
F1,519,519,520,11398,7142,232590,251130,18.236800000000002,11.427200000000001,372.144,401.808,7a62152cd5373fde552b74fbfee7c7c38177db66e17e2d6602a34303a1e462e5,50,50
F1,520,520,521,9362,6788,230370,246520,14.9792,10.860800000000001,368.59200000000004,394.432,32a1c99101c07a0c819cc1056c58508d9470a3d1cbe5e0d7da078b2e7cccf65c,70,70
F1,521,521,522,7760,7616,229398,244774,12.416,12.1856,367.0368,391.63840000000005,a917769f592e04aa92da786c8071612902c86f3df9f9fc024776a76ea0ce2459,85,85
F1,522,522,523,6358,8194,230656,245208,10.1728,13.1104,369.0496,392.3328,483780668359e53f97fceb0d12d8cf3b54e6d840d57ab1d80ee7f70e9aa22f09,100,100
F1,523,523,524,5836,8170,233014,247020,9.3376,13.072000000000001,372.8224,395.232,4e4164b2711808163e078506b147523436d6007ddd2000be8653449f788df9bd,100,100
F1,524,524,525,5360,9350,235824,250534,8.576,14.96,377.3184,400.8544,ab304ca9f604fb8dd2ef040dd4152dcc7e5631b3c98504693f275c5e5b135ca2,100,100
F1,525,525,526,5502,9522,239672,254696,8.8032,15.2352,383.47520000000003,407.5136,0a62dbc5f94155c7a7a289d78ce4fa6111ee4ebcda0b77060156b2239c2f0611,100,100
F1,526,526,527,5100,9960,244094,259154,8.16,15.936,390.5504,414.6464,15ffa17f9ffcd48d8929ff07816b0890d69500e2a07afe811d45e087048b787a,100,100
F1,527,527,528,4652,8548,249402,262602,7.4432,13.6768,399.0432,420.1632,259d43b486759f3d260ab4e18e85f3d33f454055cf3033e92b489f99db6dd2de,100,100
F1,528,528,529,4484,10088,253466,268038,7.1744,16.140800000000002,405.54560000000004,428.86080000000004,a724a10838322e46abe8f2791ff0072f542c9bcb25cf0cc84ee7c8571208ddf2,100,100
F1,529,529,530,4192,10040,259362,273594,6.7072,16.064,414.9792,437.7504,9e4621316316c7e084b957c4fa4bba692b4bff8629c292c3c02f6521d4ae4c39,100,100
F1,530,530,531,3960,10706,265442,280108,6.336,17.1296,424.7072,448.1728,4941e8d0a6f731a23d32300ee65267342f5dc51001ca2a9cf9674de5d1aa3f1b,100,100
F1,531,531,532,3216,10610,272932,286758,5.1456,16.976,436.69120000000004,458.81280000000004,44007dbeec11ab08d73b2ba00c07c582e14950a24e7ec40102319c134b51e9d3,100,100
F1,532,532,533,3134,11758,280408,295300,5.0144,18.8128,448.6528,472.48,62bd9232500cb18133fda3a428dc64077491421dbad863f591a696301007c069,100,100
F1,533,533,534,2964,12510,289202,304676,4.7424,20.016000000000002,462.7232,487.4816,7b7cda5a37962076cf8c0dbdeb729dbfe430e54baca31fe0f1003dcb0e5d9eec,91,91
F1,534,534,535,2686,14254,299026,315966,4.2976,22.8064,478.44160000000005,505.54560000000004,1a86db1c5341439a6cf8e14bf60c869e04671df319c418fb5e1c4338d54af1a0,74,74
F1,535,535,536,2274,14622,311006,327902,3.6384000000000003,23.395200000000003,497.6096,524.6432,99a62d042272e6b964db6c3e4d3bedad74be149a63c74e7362405b13f62b0113,55,55
F1,536,536,537,2616,16714,323012,342342,4.1856,26.7424,516.8192,547.7472,468ff578070eeaaf38d242ae08435d357d752cfdca4267dcc781092145bb4cf2,40,40
F1,537,537,538,2766,17692,336960,357418,4.4256,28.3072,539.1360000000001,571.8688000000001,65a06cfc4229a289ad23763d9bf81124e91ac003ea1bc0a853be412e78a60768,25,25
F1,538,538,539,3080,18606,351572,373258,4.928,29.7696,562.5152,597.2128,f34574c6284ecd0491bf52d59642051dcf6e4f572f0d6d17ee62a9ca40c62892,25,25
F1,539,539,540,2568,17692,367610,387870,4.1088000000000005,28.3072,588.176,620.592,4028248274a22110283c0c5e2f32f2eb3f29486c83b598fe238f0f4730ae5d44,25,25
F1,540,540,541,3134,18232,382168,403534,5.0144,29.171200000000002,611.4688,645.6544,ba8636e62f3554471fc11d39f79cebabcb6c4257e6d58709906e604ef0cc0d6b,25,25
F1,541,541,542,3458,17492,396942,417892,5.5328,27.9872,635.1072,668.6272,25d18ba30e0da21b2a2ea538e1514f4b4b22e66896594ed4c1dcfe1db41ff7f0,25,25
F1,542,542,543,4136,17236,410298,431670,6.6176,27.5776,656.4768,690.672,370ce2a3524838b01adb672f03794004a11cfc25a89db077fdca27bdcb92b49e,25,25
F1,543,543,544,5676,15222,421858,442756,9.0816,24.3552,674.9728,708.4096000000001,6bb4772830b19d147bbe7466b6d97339f81a5a405a7e85ac9e1c1c929988d0b3,28,28
F1,544,544,545,8064,15388,429016,452468,12.9024,24.620800000000003,686.4256,723.9488,1e23b7bcc832946a2b28f8778b111b814929c1b8667825efebad6820ef9277b0,45,45
F1,545,545,546,10064,15288,434340,459692,16.1024,24.460800000000003,694.9440000000001,735.5072,1d71d91a0772488dc8c464788807b94b1c8a94767ef6d761d64f4f91a37eb6e2,60,60
F1,546,546,547,12032,14040,437596,463668,19.2512,22.464000000000002,700.1536,741.8688000000001,17a94c95021abf38c14235a7801e981a3c9a9a47d5d1fffb0454147d64039e3b,75,75
F1,547,547,548,11664,14312,439972,465948,18.6624,22.8992,703.9552,745.5168,df230aecd0dd474910056f211045ef62931a9341518a8f56db6044d529f14abb,92,92
F1,548,548,549,12554,14504,441730,468788,20.0864,23.206400000000002,706.768,750.0608000000001,bc4dcc7ed25b411a80728fbb82a0a1047a585b116fd9a26e6ff9c5fd1de7071e,100,100
F1,549,549,550,12072,13804,444162,470038,19.3152,22.0864,710.6592,752.0608000000001,43fc7b633a5b45b41ac12123409e25782dd5047a51a544c614dc2ecf9e19af1b,100,100
F1,550,550,551,12522,11728,445444,469694,20.0352,18.7648,712.7104,751.5104,1e1992a7047364261a5d4e0707775ced2d4645be9f721e5fb3dc1a1d6b91f9d7,89,89
F1,551,551,552,12816,9442,444356,466614,20.5056,15.1072,710.9696,746.5824,f915620802e874e1e1b9c3b54541f7c1023867e6445a605fd5b37ae894e8c394,80,80
F1,552,552,553,13668,5410,440130,459208,21.8688,8.656,704.2080000000001,734.7328,81478b6cfc8d58044fc38097ae76db5314cb09986dbd83f16467d03668786ab7,69,69
F1,553,553,554,14308,3966,431232,449506,22.8928,6.3456,689.9712000000001,719.2096,c5c49a3e81ea9c24f34215c148743845099d36b0ea4c61f6aa3224ba57bcbad7,60,60
F1,554,554,555,14036,1616,421162,436814,22.4576,2.5856000000000003,673.8592,698.9024000000001,ebaa6f005257fcbf60562dd91ac696be3319431bd31a42998a08a3806cb80ee9,60,60
F1,555,555,556,14408,1452,408370,424230,23.0528,2.3232,653.392,678.768,cf9aafe1fc79733fbc3f4c77cf765d6803d02f1150cfa9c24fdc2642955dbc5c,60,60
F1,556,556,557,14052,1426,395770,411248,22.4832,2.2816,633.2320000000001,657.9968,f1cce8b8a4dbfb8a74ceda6f2798ec211c8a0c1f62cfccd0aa79832be1bd5d1c,60,60
F1,557,557,558,12002,2106,385194,399302,19.203200000000002,3.3696,616.3104000000001,638.8832,6614c8313bf989cd6056e01af1b3d07177bd71ce5c8ec5ae5efdab2e102447c7,59,59
F1,558,558,559,9130,5155,378170,392455,14.608,8.248000000000001,605.072,627.928,83618a32739f7690b10193a6fd5efc000256ff5be83517bedbc6cb628b331292,58,58
F1,559,559,560,6359,8094,376966,391419,10.1744,12.9504,603.1456000000001,626.2704,22b89c63595db2307af240cff14731df2fad52be16a1e8482e42bc10d78b85af,58,58
F1,560,560,561,3441,10122,381619,395182,5.5056,16.1952,610.5904,632.2912,0467fe1ab93b8a9b8e4b78cce34fc56ff3897d8266f2c9920cea6c17ce420329,59,59
F1,561,561,562,1235,13730,390506,405471,1.9760000000000002,21.968,624.8096,648.7536,ac4c637b29133b70e046fd1db5990a131bba08a72e47ebdfffa43fde41b591e9,60,60
F1,562,562,563,1060,13738,403176,417974,1.6960000000000002,21.980800000000002,645.0816,668.7584,8805e3f2ce7c539bee53b1578264350fab31d032284351d7c6906de6561ad433,60,60
F1,563,563,564,1480,14904,415434,431818,2.3680000000000003,23.846400000000003,664.6944000000001,690.9088,b4e3e710860a2c852e642401f5c3abc4f962083f6793aedb1a2518473c922a2a,60,60
F1,564,564,565,1894,14462,428444,444800,3.0304,23.139200000000002,685.5104,711.6800000000001,69cada9e22ea7b16c4d6367c00043d228f36925385fcd1e74680943af84c400a,60,60
F1,565,565,566,5718,13844,437188,456750,9.1488,22.1504,699.5008,730.8000000000001,a3a655072768ce6aad0f50b0133a97ab2e0a28fd0a523e97c89f996bbf04a7c6,64,64
F1,566,566,567,7950,13100,443082,464132,12.72,20.96,708.9312,742.6112,2573f995e23fa45eb7c162e4daf13579aad90d4ff269b2d965c70d72f6e71901,78,78
F1,567,567,568,11042,12408,445140,468590,17.6672,19.852800000000002,712.224,749.744,4213fe428fcc95a91db029e219f85c66fdda4c389cedfc8fd53e8a1461e35d5d,87,87
F1,568,568,569,13540,12230,444008,469778,21.664,19.568,710.4128000000001,751.6448,2a6b562cfd9545c824ab74d318ecfb199e537764c2a4b10470dda9975926c949,96,96
F1,569,569,570,14620,12242,441618,468480,23.392,19.5872,706.5888,749.568,eac9a051ea5d42558ba32599f165fd40af577e7e3d97e80ae4398a59d945fbea,100,100
F1,570,570,571,12492,12066,441368,465926,19.9872,19.305600000000002,706.1888,745.4816000000001,97b0c9a707d3f46f88cca4bbdb4b0f2806ae9091fdee8acad4e9c1369e35c216,100,100
F1,571,571,572,14468,12582,438966,466016,23.1488,20.1312,702.3456,745.6256000000001,1858577c1506a66060bddfaa553be53927f40bf90014b872d6f48cc9438a0ec0,85,85
F1,572,572,573,14390,10800,437158,462348,23.024,17.28,699.4528,739.7568,fe273b01c066a50db0acdb84757efe89ed51d25c8453a251947f6c6e53762400,70,70
F1,573,573,574,16006,8724,431952,456682,25.6096,13.958400000000001,691.1232,730.6912,e8a65fe95c15c34731623af02b3f7bc150c3422e5312a862f565c570e47b39e8,53,53
F1,574,574,575,15982,6894,424694,447570,25.5712,11.0304,679.5104,716.1120000000001,5c5c2f5508f5d3ea64208d87466c96ca5385f36a50176bacbda1bef25611c9ad,34,34
F1,575,575,576,16942,4536,414646,436124,27.107200000000002,7.2576,663.4336000000001,697.7984,6b36bc9dddb301bff4c31c343a008e1678c4111e5be4822d2ef6d7df588c4ef3,25,25
F1,576,576,577,17416,3531,401766,422713,27.8656,5.6496,642.8256,676.3408000000001,32b5ebd97ee8d5ab901a761eb6b7f2ddd8e5704d0ebf5177a45224ecef7bcdc2,25,25
F1,577,577,578,17205,2637,388092,407934,27.528000000000002,4.2192,620.9472000000001,652.6944000000001,87b5a11228b127c59c75ccfe6f35cbe68cae8b80494281fe720ac11d3afa533a,25,25
F1,578,578,579,16827,3402,373902,394131,26.9232,5.4432,598.2432,630.6096,0b4c3609e6959d8c1a320fe36597a8ba2fa3bc0fe1c2c219e20e0c4cbf867672,25,25
F1,579,579,580,18132,3194,359172,380498,29.011200000000002,5.1104,574.6752,608.7968000000001,07b551947cca0e100234f9aec88bcfe9c473bc258ac8c450cc5c78bfc7f2589a,25,25
F1,580,580,581,18374,2790,343992,365156,29.398400000000002,4.464,550.3872,584.2496,f019b33fa712a10a655c769b50e089428a44e7cfad06c8d8a1d8b59ebb2bef6b,25,25
F1,581,581,582,17208,2396,329574,349178,27.5328,3.8336,527.3184,558.6848,1d01e8c1c31c4e717e9c000ec83f4808e5fa28dc9d16ece9cf0000a4e557eeb1,35,35
F1,582,582,583,16810,2618,315160,334588,26.896,4.1888000000000005,504.25600000000003,535.3408000000001,a5de596f0bc1a38ba4c6d45024a430a9002538026313652846a515cc604a672f,50,50
F1,583,583,584,14748,2512,303030,320290,23.5968,4.0192000000000005,484.848,512.464,e8ce150a43bc519c8b7a310340b5bd1a96cf6a1d04e73dc16c9f9b37fb2da662,70,70
F1,584,584,585,13240,2720,292302,308262,21.184,4.352,467.6832,493.2192,4c46edffdbada291fa547ca2960038eccef21680e255fca365f53f3c249bac69,80,80
F1,585,585,586,10644,2538,284378,297560,17.0304,4.0608,455.00480000000005,476.096,8a8663f8002ddecde8ccb192b6ad8780580ad9f22d0c0cd8744363557cc50ad2,100,100
F1,586,586,587,11122,3528,275794,290444,17.7952,5.6448,441.2704,464.71040000000005,a3e5fc53f9dc1fb56ef7ee45aae7baadf19b423b48d0a447c7af99e279a7a999,100,100
F1,587,587,588,10390,3892,268932,283214,16.624000000000002,6.227200000000001,430.2912,453.1424,fdf74d2005e243edbd3688a4eb7ab49c5e929a1ce2f251e18cc2ed97f7908571,100,100
F1,588,588,589,10174,4038,262650,276862,16.2784,6.4608,420.24,442.97920000000005,868ad967a917735c97cc54425bfb25ad1c1cfc24ffe47af8cbf8ac0a4c0afd55,100,100
F1,589,589,590,9794,4312,256894,271000,15.6704,6.8992,411.03040000000004,433.6,f73d738715c92072572c6fcc41f4b127906208fbf3f9fbc7bbfeed8c8ee0ccea,100,100
F1,590,590,591,10354,4668,250852,265874,16.5664,7.468800000000001,401.3632,425.39840000000004,55386227776afe26eeb2a5024178247c04ed303d85e379ea2ea1d24c3cff8d99,100,100
F1,591,591,592,10016,4880,245504,260400,16.0256,7.808000000000001,392.8064,416.64000000000004,4a9670cdf6a85c4e0a03fa77544b2c3075a6436c55a2c52197b39e8d1e236934,100,100
F1,592,592,593,9678,5204,240706,255588,15.4848,8.3264,385.12960000000004,408.9408,9c50f333c168589e8ba1ce33435263cdc0118f0776924371415e95d382d11893,100,100
F1,593,593,594,8238,5080,237672,250990,13.180800000000001,8.128,380.27520000000004,401.584,3c07d69f28a14c7546d39360b32e34398a8f7dc2d48329442895921fee1227b4,100,100
F1,594,594,595,8648,5952,234104,248704,13.8368,9.523200000000001,374.56640000000004,397.9264,13dbf5067ffc990cb68b87f1e9e65f17c20cbf38ad648f9a0c320597a129480c,100,100
F1,595,595,596,7972,6228,232084,246284,12.7552,9.9648,371.3344,394.05440000000004,91342c4d305488d99ce6a12ade960888249b786e3713c8db2e2ee82a7316515f,100,100
F1,596,596,597,8138,6958,230174,245270,13.020800000000001,11.132800000000001,368.27840000000003,392.432,02a521353cf343b17dd605c024bde33933567f8af6b60ed8e844f1ca7605fed4,85,85
F1,597,597,598,6888,8800,230244,245932,11.020800000000001,14.08,368.3904,393.4912,838ddaf2d782463283fdd4140854016adac62fd4872cff60f186ea2bf0e296ff,70,70
F1,598,598,599,8052,10636,230992,249680,12.8832,17.0176,369.5872,399.488,b30d60b402676671f241cf81d97a999b2f51978abbc9a354070b32a1990fe3d6,55,55
F1,599,599,600,7782,12102,233846,253730,12.4512,19.363200000000003,374.15360000000004,405.968,d35b20b8e47f764aacdc56ac6eacf79db769b16da87d6a722319f15c97d0b87d,40,40
F1,600,600,601,7308,12650,238640,258598,11.6928,20.240000000000002,381.824,413.7568,443ca714b1442c338d8805d9b4033832ca28a105a6404a227dafaac982804964,25,25
F1,601,601,602,6956,13172,244334,264462,11.1296,21.075200000000002,390.93440000000004,423.1392,7b4cd994fb1f078602f1384b0703dbee3ad518d3a0bf17e7b8bbcde5cb9de1ff,25,25
F1,602,602,603,7210,12662,250296,270168,11.536000000000001,20.2592,400.47360000000003,432.2688,7a6e627788564efbc9b0c5209f282860f9fa890334c0097b63da17b56d737d0c,25,25
F1,603,603,604,6949,12576,256009,275534,11.118400000000001,20.1216,409.61440000000005,440.8544,a21e94e21306de7dcdce03687ac76e87de92d129f5bf99de63243db950231770,25,25
F1,604,604,605,6493,11954,262092,280539,10.3888,19.1264,419.34720000000004,448.86240000000004,1f947ec914b468f3861639006ba662462e8a8b5c7eadc2c07711ec31a56bd4be,25,25
F1,605,605,606,7304,11714,266742,285760,11.6864,18.7424,426.78720000000004,457.216,ab4c7791b438ffda577d6a542fcb0bea0b283a38a8a2aa966062b1afdecf5d30,25,25
F1,606,606,607,7790,11008,270666,289464,12.464,17.6128,433.0656,463.1424,02f1b5cc96c843678232f3a899632b94611a695898dff8f42e49f579f45efb49,25,25
F1,607,607,608,7658,10878,274016,292552,12.2528,17.4048,438.42560000000003,468.08320000000003,1135f71337fa152a0bc170602bc9112689faa0eb7e0ce2fb43f583a347b59ae0,25,25
F1,608,608,609,6470,11954,278424,296848,10.352,19.1264,445.4784,474.95680000000004,33cf36abdaf86b0b6f3f2a1401d58ce85e6845f8c8a493d672e0f6448d774fc5,25,25
F1,609,609,610,7706,11184,282672,301562,12.329600000000001,17.8944,452.27520000000004,482.49920000000003,6f4b6796df4e6534fda18776b123ca39a948e31dcdf15ea78001d0036f29c664,25,25
F1,610,610,611,7298,9364,286558,303220,11.6768,14.9824,458.49280000000005,485.15200000000004,99af368d5fc8353abb6e5dee80e6f6a3760cb202f830d8c8514134f3725d1b6c,25,25
F1,611,611,612,7342,8428,288580,304350,11.747200000000001,13.4848,461.728,486.96000000000004,9b88430c407909c700f4b60c9fbb05128d494579723767c30c940f8dc1825f4a,25,25
F1,612,612,613,6074,5978,290934,302986,9.7184,9.5648,465.49440000000004,484.7776,33ae918d61d75332b933e1e53a1fd0653536479201b59bb8654b06ef7eee73ff,25,25
F1,613,613,614,7318,4500,289594,301412,11.7088,7.2,463.35040000000004,482.2592,e2b1f76677af2d4fbe94c84d5b820702fab4f4950982c5c3d2e78d1a5f2d34f3,25,25
F1,614,614,615,8418,3144,285676,297238,13.4688,5.0304,457.08160000000004,475.5808,d7aedb3fd57ba56a34a6fbbabf67fea44ea5d3ee520e000ef6650d4a071b26e9,25,25
F1,615,615,616,8932,2088,279888,290908,14.2912,3.3408,447.8208,465.4528,85bf41cf5f4216847ab20be712e74dacf46c4dd69364cbe0f83b02d381ac995b,25,25
F1,616,616,617,7984,916,273992,282892,12.7744,1.4656,438.3872,452.6272,ef9ea187da4e6bd168442343c31da21db8753118131d2bc133947b5af0987d13,25,25
F1,617,617,618,9864,0,265044,274908,15.7824,0.0,424.0704,439.8528,d0eea45a56ac4da3963a310fb18bdcc43287b12c9eb37bead1fc4895e14f8955,25,25
F1,618,618,619,9858,0,255186,265044,15.7728,0.0,408.29760000000005,424.0704,e0ea4dfdedaaa7af9f1974e21abaa5e5ffcd1048e42bcab4bd6bce33745911ab,25,25
F1,619,619,620,8676,0,246510,255186,13.8816,0.0,394.416,408.29760000000005,2cc2844fbcbf8a39363fde3be19461dbd8b1da50e3b5ae74875e8cfbe1f9aa96,25,25
F1,620,620,621,7514,0,238996,246510,12.022400000000001,0.0,382.3936,394.416,01d61b2e3645d701446fe4a45efccaab337a85e4602e3a4a46e95be7f15c81a4,25,25
F1,621,621,622,8930,0,230066,238996,14.288,0.0,368.10560000000004,382.3936,51ef7d9c77fec3fa8f9d6aa1731595186c29fc3041e0661f730f65e90ee20914,25,25
F1,622,622,623,9228,0,220838,230066,14.764800000000001,0.0,353.3408,368.10560000000004,5ee90b5152c03f24c8acfdec799ab36cc154d9416c32b443f93dfa43f8d3a9b9,25,25
F1,623,623,624,8576,0,212262,220838,13.7216,0.0,339.61920000000003,353.3408,b98bb3ac40c800fb6cecc22e76604a2193c0115aec5cb9ab9473142b74affc95,25,25
F1,624,624,625,7936,0,204326,212262,12.697600000000001,0.0,326.9216,339.61920000000003,f466485e72cdecae22fdab38e8ba8ed38fb55ab9f28f38254b4ffb1c30d46b76,25,25
F1,625,625,626,8756,0,195570,204326,14.0096,0.0,312.91200000000003,326.9216,a6db5084369e36cf45dc9761a31cc359b42e45213b942a40336bedee758902ce,25,25
F1,626,626,627,8558,0,187012,195570,13.6928,0.0,299.2192,312.91200000000003,6cf734dc828b65721bd2429ab13d0e57ef137995c0b586c0958b9b7d63f80444,25,25
F1,627,627,628,7002,0,180010,187012,11.2032,0.0,288.016,299.2192,8906e17b709b1f38d915d377bace9c4d2a5f581cbd5580b5b9e0ffd73d8c9518,25,25
F1,628,628,629,7416,0,172594,180010,11.8656,0.0,276.1504,288.016,ea506eb25716fce3faa79593dc96d5cbe56bf17365a339fbff5d9ab1b1f59561,25,25
F1,629,629,630,7176,0,165418,172594,11.4816,0.0,264.66880000000003,276.1504,8a45ef3cf16afaacfdb24e5afc36e98dc03698cb8f84efa3b05631326e735894,25,25
F1,630,630,631,7966,128,157452,165546,12.745600000000001,0.2048,251.9232,264.8736,eb5a986c839a3fc9a188fdcd2b602d2eb50fdebcb887c6b882262b1ab772de84,25,25
F1,631,631,632,6526,0,151054,157580,10.441600000000001,0.0,241.68640000000002,252.12800000000001,cc3c940f25ee010c29df41fc3cc883bc4af80ff6adb184e48679d479fd3959ff,25,25
F1,632,632,633,7534,0,143520,151054,12.054400000000001,0.0,229.632,241.68640000000002,e3ce661eca6eb5821c4bdcc031a94fe52b29e0336287bd497ce24a1fdb478696,25,25
F1,633,633,634,7496,0,136024,143520,11.9936,0.0,217.63840000000002,229.632,468c07150677df49c5caa64566cb7ccec1087aa37a5d300b63f92508dc76106b,25,25
F1,634,634,635,7176,0,128848,136024,11.4816,0.0,206.1568,217.63840000000002,b64047bbb11087f67591f9c886664c6598f86f48e1ffce47fa66bb88d66d71c9,25,25
F1,635,635,636,5566,0,123282,128848,8.9056,0.0,197.2512,206.1568,2fd689775cc560df86bef393c5333cf9ddb5c5313429a5dfacaede2a49764c83,25,25
F1,636,636,637,6198,0,117084,123282,9.9168,0.0,187.33440000000002,197.2512,7dd1e1461092c3d166788f1096681f6c258772a71a043d6b48a21d03daf687d8,25,25
F1,637,637,638,4940,1282,112144,118366,7.904000000000001,2.0512,179.43040000000002,189.3856,b51c3a8c37b9742cab2f4aae04c0f59df1e91211355a0a75307826fbd23c5cce,25,25
F1,638,638,639,4006,2318,109420,115744,6.4096,3.7088,175.072,185.1904,81243f8b68832d0a3c1af15fc5e3722f606379e4b330f1edf0b70b26faf6286e,25,25
F1,639,639,640,1596,3308,110142,115046,2.5536000000000003,5.292800000000001,176.2272,184.0736,4ff25df8cfa200971f0e261016a492e30833dfc2b6c080df804af4ae7f7309de,25,25
F1,640,640,641,506,5584,112944,119034,0.8096,8.9344,180.71040000000002,190.45440000000002,55bde889e6ae90d91cfa54c56346e42b0f8a09ed27e0a00bd8ac75775a84c099,25,25
F1,641,641,642,0,6900,118528,125428,0.0,11.040000000000001,189.6448,200.6848,ed57cebd039869dd39e93564c2d8d638f6de8b9ae5aaba86e8b0783e02818c74,25,25
F1,642,642,643,0,6422,125428,131850,0.0,10.2752,200.6848,210.96,1632c34fdc90d21bf14376a73fc42bc61a1659e91327f1548d3515c4914db0d2,25,25
F1,643,643,644,0,7342,131850,139192,0.0,11.747200000000001,210.96,222.7072,df58cf58451f2474eb98dc34336c61f90a5d937ddb607195576146c2d4d11d55,25,25
F1,644,644,645,0,7430,139192,146622,0.0,11.888,222.7072,234.5952,6cd2582fe6d277e66746bb2fe6bf57bff65634adae275a6a4ebb2bb61ee7aa91,25,25
F1,645,645,646,0,6528,146622,153150,0.0,10.4448,234.5952,245.04000000000002,1501abee2d05189267de4194d97154194f56df060ba0682e78b126c7eb958c67,25,25
F1,646,646,647,0,6494,153150,159644,0.0,10.3904,245.04000000000002,255.43040000000002,2cb4bcd1393016bb2d443008a11359818a49f73b56f3b1234ddffb368aee78ae,25,25
F1,647,647,648,0,7554,159644,167198,0.0,12.086400000000001,255.43040000000002,267.5168,e43b92de85c0a8a34a05aaceb26a7180048308e58e567afca8f38867b61ba29e,25,25
F1,648,648,649,0,7720,167198,174918,0.0,12.352,267.5168,279.8688,106ab7c92d706e63b10caba5fca7c6b12bbab084e525daf213405e454f4e3ea2,25,25
F1,649,649,650,0,7340,174918,182258,0.0,11.744,279.8688,291.6128,8dad1002f719c0ef3e6a4265c76f74625a3bf947a6928279fa74548c940a1755,25,25
F1,650,650,651,0,8498,182258,190756,0.0,13.5968,291.6128,305.2096,d1539e74011e57ce89d87c65542a37cdfb797866b2cfab93cdf702520e3a9939,25,25
F1,651,651,652,0,8748,190756,199504,0.0,13.9968,305.2096,319.20640000000003,bb4c9ed4ed419f4927dc65e53319f12517bad451932d6080bf44a56e2831f5bd,25,25
F1,652,652,653,0,8808,199504,208312,0.0,14.0928,319.20640000000003,333.29920000000004,44fdab9efd4e2a8b25e2a8c212c28b09cd09798dd0329f66399625f373c5d1ac,25,25
F1,653,653,654,0,7082,208312,215394,0.0,11.3312,333.29920000000004,344.6304,481e916fb6b7439b8b1edf3b2c89d60c07e849a3c6eb95ec3d4ed4d064a928ae,25,25
F1,654,654,655,0,8632,215394,224026,0.0,13.811200000000001,344.6304,358.4416,3413e6af054ed441f1c616af7714d728dee45f94043392b425f016bf265e72b2,25,25
F1,655,655,656,0,8292,224026,232318,0.0,13.2672,358.4416,371.7088,a945f1afdcd25169a64bd9041e46ab3a0c5e7b6f463c325f7448ceb9a4300f2d,25,25
F1,656,656,657,0,8918,232318,241236,0.0,14.2688,371.7088,385.9776,ce5f03b48adda4c237781babae684760faf45e0c5348e0af3a46f963e8faf59b,25,25
F1,657,657,658,0,8596,241236,249832,0.0,13.7536,385.9776,399.7312,11cabafbfac6338918774500046fe945d8bc77245bcebeaaecb9003903e65df5,25,25
F1,658,658,659,0,9754,249832,259586,0.0,15.6064,399.7312,415.3376,88a2df99c8e7662a8fa4580697667d3a7a6e9203deb08380a71692548c27ad48,25,25
F1,659,659,660,0,9993,259586,269579,0.0,15.988800000000001,415.3376,431.32640000000004,553fbb9a113f4910286c53b3d025f29929b935757fc5575cc8fa55b66ac74612,25,25
F1,660,660,661,178,9713,269401,279292,0.2848,15.5408,431.0416,446.8672,063dbce81025809dd9f8db341ab77c0db1bd98fd63fd4923fb996675f30c5199,25,25
F1,661,661,662,1340,7124,277774,286238,2.144,11.3984,444.4384,457.98080000000004,196bb45c164b8d67fdd8775d8461fc46f687905e20f5271186f0282c3e848bb3,25,25
F1,662,662,663,2592,8198,282306,293096,4.1472,13.116800000000001,451.68960000000004,468.9536,965d4060fc1caf9667c025c7e5a15102f0452e90fb3620b26393fd67be7e3013,25,25
F1,663,663,664,3640,7434,286864,297938,5.824,11.894400000000001,458.98240000000004,476.7008,b8fc64d0092c3f948ab9fc428d21ca504c8fd41ace39e7b0098dca8f32eee46c,25,25
F1,664,664,665,4838,7298,289460,301596,7.7408,11.6768,463.136,482.5536,3c4144d061254586f222301e2273e6fe63229fff2119f131f172a3c67d3d5585,25,25
F1,665,665,666,7530,6862,289228,303620,12.048,10.9792,462.76480000000004,485.79200000000003,e7073a26342bb092738646191b4d6dc7958b1ffe8170c1c54f25e00bad90709e,25,25
F1,666,666,667,9502,7684,286588,303774,15.2032,12.294400000000001,458.54080000000005,486.0384,096ee773856f34d43d6eaa115bda8bec9fa1bb9d0e22fa5113d9be4566a5727b,25,25
F1,667,667,668,9655,7772,284617,302044,15.448,12.4352,455.3872,483.2704,1171b91b0259196b76a40d64df82316d477930d7310b198be376031d0d1788a9,25,25
F1,668,668,669,10795,7296,281594,299685,17.272000000000002,11.6736,450.5504,479.49600000000004,ce0faed1c5fdbf39da253a7c3aeece5d502437cfafc138dae5d32f395485cb7d,25,25
F1,669,669,670,11862,6898,277028,295788,18.979200000000002,11.036800000000001,443.2448,473.2608,aa8c21027459708475f4a8800e46052b1fd10e0ab01c1f1eb709e8c54f24dde6,25,25
F1,670,670,671,11000,6914,272926,290840,17.6,11.0624,436.6816,465.344,56fb0d7b13a08606530c195c5ecb5242707dcb1d754cc160c503109c91d0aa67,25,25
F1,671,671,672,11104,6850,268736,286690,17.7664,10.96,429.9776,458.704,1f29e3f4b5980de8f206ca15c6e64e90db1ee18fc19f5b0fe45155496e861650,25,25
F1,672,672,673,11642,6544,263944,282130,18.627200000000002,10.4704,422.3104,451.408,f495a604cbfdedcfcef92581a197693ccb8092d434c7c4c415c68b9b834afe0a,25,25
F1,673,673,674,11850,7668,258638,278156,18.96,12.2688,413.8208,445.0496,365e5cb17fb64236db778a8508d4abf97b90824ec10343e35aa4fec9e3d8576f,25,25
F1,674,674,675,12372,7714,253934,274020,19.7952,12.342400000000001,406.2944,438.432,91ff8ed0c11c5558ccbe50beee950671d3a9c40e86cbb397f85792d50fddb5d1,25,25
F1,675,675,676,12792,7770,248856,269418,20.467200000000002,12.432,398.1696,431.0688,886c34e1044d57132581ca4e940f7d1c7d4dee96bb80d28abdb6b914cca1bc35,25,25
F1,676,676,677,13154,6384,243472,263010,21.046400000000002,10.214400000000001,389.5552,420.81600000000003,4e6d963b41c8a044b573f2f298c64c965f2c97af064e4830143afdaac6ca30d7,25,25
F1,677,677,678,13184,7851,236672,257707,21.0944,12.5616,378.6752,412.3312,1abe3a67b843b83e9be13b1b890b08887b6f37abe891bbd3b8ba83e5eeafd799,27,27
F1,678,678,679,11710,7057,232813,251580,18.736,11.2912,372.5008,402.528,b7bc1368ec236240f2f673a05ac8df7c127665fe48a4ab6436f14a5aeb362e45,46,46
F1,679,679,680,10030,7616,229840,247486,16.048000000000002,12.1856,367.744,395.9776,0794ab9be7954281b821bba22966e0771ab3a8fcc341f0f23cad8a1d51f75bfe,61,61
F1,680,680,681,7904,6716,229552,244172,12.6464,10.745600000000001,367.2832,390.6752,72244956be351ee9072cc885cf3492cd6e4f3f7c874a843232c07cd748ccc633,85,85
F1,681,681,682,6392,8538,229876,244806,10.2272,13.6608,367.8016,391.68960000000004,d9bb1f046ef0a21eed1033c49f434a6f9f6d380692881cad2125605bb5dd47f6,100,100
F1,682,682,683,5960,8960,232454,247374,9.536,14.336,371.9264,395.7984,94e6a7c161c64c7c1140d275f3dc21b0d3a8fa3eb2557a5f9b87cbec439064f3,100,100
F1,683,683,684,5564,9246,235850,250660,8.9024,14.793600000000001,377.36,401.05600000000004,cb57cd620690e1d1bb99787f756544e1175e0d2f063af946e81a845bc7c34d8c,100,100
F1,684,684,685,5304,8254,239792,253350,8.4864,13.2064,383.66720000000004,405.36,73cd0e54c60217d246cb577a16e176201a23a07db7dc87161d48b74e5451cf09,100,100
F1,685,685,686,5162,9918,242884,257964,8.2592,15.8688,388.61440000000005,412.74240000000003,6ae4b3661ae0d572c4826cc767d2754e54a691464744cc071801676b946dde50,100,100
F1,686,686,687,5050,9282,247752,262084,8.08,14.8512,396.4032,419.3344,0844ed453b48f448389dacf11841dde9c84a0a0d9c9ca5e3d5c5044e3c56ab00,100,100
F1,687,687,688,4602,10066,252432,267100,7.3632,16.1056,403.8912,427.36,6e496653d7fe94ff1b42f6094e1e9088c6880747d5c8dbb7bea7933a33eb6ce9,100,100
F1,688,688,689,4034,9092,258464,271590,6.454400000000001,14.5472,413.54240000000004,434.54400000000004,d3b495b63711289bc51c9f5d5674c0b10ff9ed4f770d09efc139a1b4beefc4cd,100,100
F1,689,689,690,4022,11052,263534,278608,6.4352,17.6832,421.6544,445.7728,9455198915ee4b89f3232bf4c56f393c53d7c1ca526ee669bb6cf7e5d4f43999,100,100
F1,690,690,691,3398,11426,271188,286012,5.4368,18.2816,433.9008,457.61920000000003,2612732a7492add71d07b3fbc18675a9d7f6d143bf96cb251b60edb1332a9058,100,100
F1,691,691,692,3200,11664,279414,294278,5.12,18.6624,447.0624,470.8448,64b8ffe8319e799e7928137229391f7066db201359c9f72dd2679869e7502c9d,100,100
F1,692,692,693,2758,10894,288320,301972,4.4128,17.430400000000002,461.312,483.15520000000004,113ddb314d223547bb9cb9748f4fd882b34ce7ce736062330cb84772e083a6a1,95,95
F1,693,693,694,2772,13946,296442,313160,4.4352,22.3136,474.3072,501.05600000000004,4b99834d8597fdc192bf42c682b5435ce2ed3a1f40c37f297ed6ae3786e94dd2,80,80
F1,694,694,695,2690,15126,307698,325514,4.304,24.201600000000003,492.3168,520.8224,e9c7418374a795b5c2273ec48eb7af5cf047874caacee1e37954b8550871f650,61,61
F1,695,695,696,2576,15900,320248,338724,4.1216,25.44,512.3968,541.9584,43303356410c7b79eb254eeb1155c61c37c1297b5fde7766cef11f382d95a0c1,44,44
F1,696,696,697,2476,17092,333672,353240,3.9616000000000002,27.3472,533.8752000000001,565.1840000000001,4c19b0eccb9f152f3a1db7cdddced735614ee32489c3c3a5a907934b8aea3415,25,25
F1,697,697,698,2878,19362,347886,370126,4.6048,30.979200000000002,556.6176,592.2016,6464c34a1b9dc68aa1dc1872c5af3332df60b799ccdc15f72832303f4d3a0937,25,25
F1,698,698,699,2848,18552,364400,385800,4.5568,29.683200000000003,583.0400000000001,617.2800000000001,6c25c68954fc19f6c986407646e39a3f4ddf3ee2eafb30e816766e32559eba4a,25,25
F1,699,699,700,2930,17008,380022,399960,4.688000000000001,27.2128,608.0352,639.936,5c1e1180929c8f8ce2896a0377f155cb5630fd4759ca52d5dad324d46d222374,25,25
F1,700,700,701,3188,17540,393842,414570,5.1008000000000004,28.064,630.1472,663.312,a2dbf4329833df50ce34ce6cbb81fd0c76ec16b02e185d8ea305130b8a6e7e50,25,25
F1,701,701,702,3998,17388,407384,428770,6.396800000000001,27.820800000000002,651.8144,686.032,ef1ab4fccd0b3f34163bd0c5d26926146fa193bde21a524de73e5fa1fb11414f,25,25
F1,702,702,703,5794,16110,418978,440882,9.2704,25.776,670.3648000000001,705.4112,873e55ecb2a9870156f04bf1dde5dd693f84dbf903e03ff724139e8ecee41f6c,25,25
F1,703,703,704,7134,14374,427954,449462,11.4144,22.9984,684.7264,719.1392000000001,2a5ad6ab4021cfeec7e62be8468e2afde6ae864a7a55744ebac043074d29df54,41,41
F1,704,704,705,9758,15828,432570,458156,15.6128,25.3248,692.1120000000001,733.0496,7f6f360ac5c3a8f6c636540c42028b0e03228ce1a3a9d3d3d8d449b9beceb25a,56,56
F1,705,705,706,11446,14944,436952,463342,18.3136,23.910400000000003,699.1232,741.3472,534c8543be3339b30df1f1629b1990af2046e858d6a24df1855f9f6c60fa7e5a,75,75
F1,706,706,707,12062,14686,439834,466582,19.299200000000003,23.497600000000002,703.7344,746.5312,a395d4cfb67f0b3450bd5f401a08d9f7e99e175e4858625e7b905135dd6d0c44,90,90
F1,707,707,708,11964,13142,442556,467662,19.142400000000002,21.0272,708.0896,748.2592000000001,f5dd57d54ea8d8206df199280b5462caf42cc4f29a3eb306393ea78162a13eae,100,100
F1,708,708,709,12280,14338,443418,470036,19.648,22.9408,709.4688,752.0576,102692bd058f20d3166ffa3c1b05408042bec73eb71356c1eaf34ebbd6b180ef,100,100
F1,709,709,710,12674,13004,445082,470760,20.2784,20.8064,712.1312,753.216,756fa26a262749bd32f38cb6055501415977cc9cd5de658537437ce1e7655f75,91,91
F1,710,710,711,13106,9284,444980,467370,20.9696,14.8544,711.9680000000001,747.792,e7963576c9c7a016c00b5c4d571cc61c80cbc3ff252bb10e61e9ded068efa571,82,82
F1,711,711,712,12930,6106,441334,460370,20.688000000000002,9.7696,706.1344,736.592,8a6fb4fd029994fd658c07bae5c3f554ec344b501936bfa774f817b8a08e5e8a,71,71
F1,712,712,713,14176,4572,433264,452012,22.6816,7.3152,693.2224,723.2192,e9addf64980f6a2373318268aeceb615f775df352e672f75942272e42f8b6f1b,62,62
F1,713,713,714,14340,1900,423496,439736,22.944000000000003,3.04,677.5936,703.5776000000001,871c694b75faf138fd9a8943a99d58d19f39e3071917f9b35d2c061e3f4eb65c,60,60
F1,714,714,715,14442,1456,410954,426852,23.107200000000002,2.3296,657.5264000000001,682.9632,2e7b27cf012eec78d99ff7c4229282697e1878e67eef97f40f038be9e82f5ec3,60,60
F1,715,715,716,13144,1060,399266,413470,21.0304,1.6960000000000002,638.8256,661.552,c2a24361856e6d0ee2517c1e12ad2628c0c0b95b317a7195c83d1dd3f6ef86cb,60,60
F1,716,716,717,12394,1420,387932,401746,19.8304,2.2720000000000002,620.6912,642.7936000000001,a053e9d6d485e278eb3b6eb6f257085c83480dd55021faebb48180e92ee355ec,59,59
F1,717,717,718,10238,4608,379114,393960,16.3808,7.372800000000001,606.5824,630.336,9515e3e3a57b2dcc2b0acd25bd8107aac58ad16130c2ede009da84e471feb1f6,58,58
F1,718,718,719,6856,6883,376866,390605,10.9696,11.0128,602.9856,624.9680000000001,ac3c5807e5382be2032f4e9926fac6efb12f33b094b147157364fd8c7ae58e2b,58,58
F1,719,719,720,3936,9360,379813,393109,6.2976,14.976,607.7008000000001,628.9744000000001,2d0f042eb354f1dba77e6f1cb7d551fa3968b9be8b78c2fc12c471fbaa3d89f5,58,58
F1,720,720,721,1257,13486,387916,402659,2.0112,21.5776,620.6656,644.2544,eec0721e673adcc2286d28e9d8f5f11217f3e1ab3f6e447ff59a621ff757aeb5,59,59
F1,721,721,722,1418,14618,399984,416020,2.2688,23.3888,639.9744000000001,665.6320000000001,c88362ec53476bc20c59455e9ff2a27a829e0f7cb16bd32af1463b266a5ea0ef,60,60
F1,722,722,723,1060,14228,413542,428830,1.6960000000000002,22.7648,661.6672,686.128,cac9caf124a869bad3207d88c890ce87948827e213c0693e7e15494c662468e9,60,60
F1,723,723,724,2046,14444,425724,442214,3.2736,23.110400000000002,681.1584,707.5424,d9e1f5245b463892546339b732559c70710cc9945f0f0c62274d9f9cb3b94b05,60,60
F1,724,724,725,4604,14032,435564,454200,7.3664000000000005,22.4512,696.9024000000001,726.72,bf91b7e840c2b20e64b86589db740722be459c38a20eefa9db03b015c4525e5f,64,64
F1,725,725,726,7846,13403,441750,462999,12.553600000000001,21.4448,706.8000000000001,740.7984,ddb6be50420eadcd337ad94e014e6d43b6f71d99933deef90eda6c65f34e60b1,73,73
F1,726,726,727,10108,11815,445045,466968,16.172800000000002,18.904,712.072,747.1488,d085b19effbb9402082a9ae3a89e82a8309d8d5392fd4cb0fe555efe6b52ddf6,87,87
F1,727,727,728,12982,12502,443878,469362,20.7712,20.0032,710.2048,750.9792,80f9683151120512375bef4e512734d8fc78f5d14cb648a0ad8d7ca6a3073c8e,96,96
F1,728,728,729,13618,12372,442762,468752,21.788800000000002,19.7952,708.4192,750.0032,05fabd2ead9f2d44765549e07eb5fb4211721c1522dabb38853cd053379fa9c4,100,100
F1,729,729,730,13446,12514,441688,467648,21.5136,20.0224,706.7008000000001,748.2368,3abea5fd43d7ae761eb01b7c771888a359782bd4b2da3fc0261922ee32d956aa,100,100
F1,730,730,731,13790,12302,440412,466504,22.064,19.6832,704.6592,746.4064000000001,e5111d931932acf94d7886d0a3d2f4e0d16fc1931b237a0ddc0e73439bae0cf0,86,86
F1,731,731,732,15186,11192,437528,463906,24.297600000000003,17.9072,700.0448,742.2496,5db4c53966303db59962871036352afe79932abc130ef60baf0e8e77b2f80697,71,71
F1,732,732,733,15760,9394,432960,458114,25.216,15.0304,692.736,732.9824,bd595a512584c84574be505bf17881baab8acfb7098cc4fd038077c5a5c6da62,55,55
F1,733,733,734,16563,7212,425791,449566,26.5008,11.539200000000001,681.2656000000001,719.3056,72038cfd85b0476884165c742027aa296f5ee905d4205080c2055636ae6dc30c,40,40
F1,734,734,735,15387,4342,417616,437345,24.619200000000003,6.9472000000000005,668.1856,699.7520000000001,3e4d23770e91774709a35224b1947f0d6316ae520bee270a4835998f9690451b,25,25
F1,735,735,736,17590,3720,404368,425678,28.144000000000002,5.952,646.9888000000001,681.0848000000001,1fd79283bc317832ede3ea32ac6da9f2c92d888b91fe8f867c06b5e05dec0c46,25,25
F1,736,736,737,17154,3378,390934,411466,27.4464,5.4048,625.4944,658.3456,e42e4ac747af437133dc0c9b15360ce3538870986650587c041cc1a1e0378824,25,25
F1,737,737,738,17236,3474,377076,397786,27.5776,5.558400000000001,603.3216,636.4576000000001,88f3320b4668b864a845e163d0207a1b6fbabd1482ec7e9a9499f6294bab3455,25,25
F1,738,738,739,17260,2896,363290,383446,27.616,4.6336,581.264,613.5136,2eea55963739152efa32dc66cee528822aa9e9a3840715bbc1db4559302ab975,25,25
F1,739,739,740,18990,2826,347196,369012,30.384,4.5216,555.5136,590.4192,05917dd3d99fca7f4505f04fed7522d707f9636a5a861a3201fdeff7c90102c6,25,25
F1,740,740,741,18266,2702,331756,352724,29.2256,4.3232,530.8096,564.3584000000001,1c6cd0fb082c33ac0025d5d3bcf6769a36a3361eb04f2592a0b7cfe9cb3573cc,31,31
F1,741,741,742,17042,2442,317416,336900,27.267200000000003,3.9072,507.86560000000003,539.0400000000001,4884ada24b7cac18a7db9da2283c629e2983819e2cd18ff10b7798f894bce0f3,46,46
F1,742,742,743,13875,2146,305983,322004,22.2,3.4336,489.57280000000003,515.2064,98a385e5c9c237c20fcfef764d78b8eeffa3eeec47171124cb789810bb8c296d,65,65
F1,743,743,744,13571,2674,294558,310803,21.7136,4.2784,471.2928,497.2848,44c211770f673f7a82d1310432832eb414e26b88414859da9372c6c0f102f62f,80,80
F1,744,744,745,11678,2938,285554,300170,18.6848,4.7008,456.88640000000004,480.27200000000005,8b210679e40ce44a13270b5410cbb2a2fca28383edd1bdcba2f9d76abce61540,95,95
F1,745,745,746,11190,3390,277302,291882,17.904,5.424,443.6832,467.01120000000003,89d84e56b128cde719712a58ddcf8c88758c57d9d99d3e7bc60e1e92ee0fe738,100,100
F1,746,746,747,9650,3634,271042,284326,15.440000000000001,5.8144,433.66720000000004,454.9216,e908efb900c584d92f208c0cd488f7fa36745ee21d29f8e7d643f3af43934a46,100,100
F1,747,747,748,10628,3996,264048,278672,17.0048,6.3936,422.4768,445.8752,952ceefc9844776e8246422b66e38d8ee36229df89fa2cc3f2288853f7737d59,100,100
F1,748,748,749,10688,4504,257356,272548,17.1008,7.2064,411.7696,436.07680000000005,a0e7e3c4e5a5885cf6caf50bb04621c0c82f2176c0fb2b5e4b7fd039c2a18ccb,100,100
F1,749,749,750,10016,4330,251844,266190,16.0256,6.928,402.9504,425.904,dd53837b5a775c51cfa5ff825b244da014030c196d27f1cf57b242925676579b,100,100
F1,750,750,751,9240,4632,246934,260806,14.784,7.4112,395.0944,417.2896,9c452e430e1c6b9282993400a9e6a2079dc3dd92e2feab474964e48efdd65f77,100,100
F1,751,751,752,9766,5087,241800,256653,15.6256,8.1392,386.88,410.64480000000003,83a4392d388c2e4df91e4e639f4bcc92677a4c182814edcdb80b8fd78c8c8f3a,100,100
F1,752,752,753,9534,5379,237353,252266,15.2544,8.6064,379.76480000000004,403.6256,ae09458761b92155e751b309291a499e0fc172923f75bfd93cee051bd653070c,100,100
F1,753,753,754,7418,5804,235314,248536,11.8688,9.2864,376.5024,397.6576,e8f029d11c484b7d54b5b4fedf2d0ffa623ff5f6e039437cdee6f47aa2aac144,100,100
F1,754,754,755,8086,6126,233032,247244,12.9376,9.8016,372.8512,395.59040000000005,0ab2872655ef903b937c323d61060d2c7ae07dc6b54784496930d99c3d1b966c,100,100
F1,755,755,756,8179,6726,230979,245884,13.086400000000001,10.761600000000001,369.56640000000004,393.4144,9a31891410ed896e3db0c9d45d5b8060572d171f193a3bfb947ac898e10eee9f,93,93
F1,756,756,757,8199,8564,229506,246269,13.118400000000001,13.7024,367.2096,394.03040000000004,17ecdd13a0134d9abc4f89d3c600b873df37be010f74f6cba5227c69f8ded61f,76,76
F1,757,757,758,6855,9858,231215,247928,10.968,15.7728,369.944,396.6848,a3ee6c9378d4dc179db5eecfb6be21ec4c729838e50df88ced3bb3efb8783c5b,59,59
F1,758,758,759,7767,11882,233306,252955,12.427200000000001,19.011200000000002,373.2896,404.728,cc2d4a24ae83b6c6f89566f17a832ea52c83627b03ee72ff83327a6cb9492ddb,40,40
F1,759,759,760,7784,12574,237404,257762,12.454400000000001,20.1184,379.8464,412.41920000000005,785963f5ce1ade9b15dd7a06fac4a87f04c8ba98e66ee31862863a93198ff1e9,25,25
F1,760,760,761,7773,13190,242205,263168,12.4368,21.104000000000003,387.528,421.0688,a9fae747a01e6dcb11be6f46d4910ae5241ab073c3504efd3cdecc608ccdce3d,25,25
F1,761,761,762,5976,12932,249419,268327,9.5616,20.691200000000002,399.0704,429.32320000000004,090b0e45ffe71c58ad92c042c943573262520f5381af9be26b8fe422833fe96c,25,25
F1,762,762,763,7381,12830,254970,275181,11.809600000000001,20.528000000000002,407.952,440.2896,3d2383be482fee8aab29332354023bad9da00bdf3dba39a650126903c883d876,25,25
F1,763,763,764,6876,12144,260924,279944,11.0016,19.430400000000002,417.4784,447.91040000000004,b12ee13ae4255aef03640ebbbd06c447c7af99690afb5fb703c62d7f258338cf,25,25
F1,764,764,765,7714,11508,265354,284576,12.342400000000001,18.4128,424.56640000000004,455.32160000000005,afda174e1913f174fac01c2e1ba63b22b7f08aa814aa4c25e19bcc812618fbaf,25,25
F1,765,765,766,6534,10958,270328,287820,10.4544,17.5328,432.5248,460.512,dac3f404db3ae6d80b5376f31241066d90c9b35701ea8979298f9cda1795e2ce,25,25
F1,766,766,767,7654,10412,273632,291698,12.246400000000001,16.659200000000002,437.81120000000004,466.71680000000003,27809a6db2a95cddbc8909e35057265a632d60976605b87cf6921432c42dfe0c,25,25
F1,767,767,768,7744,11530,276300,295574,12.390400000000001,18.448,442.08000000000004,472.9184,4c24a15f0544a06c44f2d0f130e704bceafb8ac69b23841c01f3ebfa1d9ef75b,25,25
F1,768,768,769,7684,10558,280146,298388,12.294400000000001,16.8928,448.2336,477.42080000000004,121dd45a9579fda7ed2308ba814b57b79b96ba75299ba6a190c7f91974c21daa,25,25
F1,769,769,770,6054,10992,284650,301696,9.6864,17.5872,455.44,482.71360000000004,3f5e7c37918e4127c17797c485fb2f240e4a8a067d3083bbc0e01a355624fffb,25,25
F1,770,770,771,7354,9708,288288,305350,11.7664,15.5328,461.2608,488.56,9d85a4e4af4f2e912c25079445ac008e892c6f6194b5c522f72ad8cbfc634906,25,25
F1,771,771,772,6910,5610,291086,303606,11.056000000000001,8.976,465.73760000000004,485.7696,2c590c4a5423bb60ec1fd0c43e509f022908fa3eb1721c381023efd69de8d931,25,25
F1,772,772,773,7302,4700,289394,301396,11.683200000000001,7.5200000000000005,463.03040000000004,482.2336,400ec54f4ad814edc3676fc787bd6c182a9620ea9c8b92db3761a277333d40c0,25,25
F1,773,773,774,7270,3852,286824,297946,11.632,6.163200000000001,458.9184,476.71360000000004,5a6c72631400c784bb12aa5c8c77978e95faf448251c9962e084f67141bf3de4,25,25
F1,774,774,775,8830,2446,281846,293122,14.128,3.9136,450.9536,468.9952,a8ab12b1bd0b8c83b1cf84d813f17a58d298ae8088693db6e597757e03d5db41,25,25
F1,775,775,776,9350,966,274942,285258,14.96,1.5456,439.90720000000005,456.4128,1f76ffa6751ad2c45e09bd7c6445e425ce3ff36e76ad79a13a36e24c85a57b3f,25,25
F1,776,776,777,9212,0,266696,275908,14.7392,0.0,426.71360000000004,441.4528,2810d9e753b34b66002426b350e3cefd151b7b05cdd01dec44b471740d3c7440,25,25
F1,777,777,778,8836,0,257860,266696,14.1376,0.0,412.576,426.71360000000004,b769c885a19dc46cc36ca0954333250ec0b99e63d9450fe3d0ee11167e1bdfd3,25,25
F1,778,778,779,8722,0,249138,257860,13.955200000000001,0.0,398.62080000000003,412.576,81bd5a08d20bdbb0216759e37a98e0e1a01b16ee0271f80df6f6442a3db1da8e,25,25
F1,779,779,780,8590,0,240548,249138,13.744,0.0,384.8768,398.62080000000003,c3c29ce872b045b0ccd3bfc19ec7a18328bcdb19f5a9754e3ee9fd572220d9c2,25,25
F1,780,780,781,8064,0,232484,240548,12.9024,0.0,371.9744,384.8768,f5f604352fd72a5dd8794b7b179b2e8167e88e3cba26618bc7fc4c61b87c3e52,25,25
F1,781,781,782,9274,0,223210,232484,14.8384,0.0,357.136,371.9744,cfe8d2edec4c1cb2c140325e6a00210d7b4bd40c6b27fb458d3a62e33b3532ec,25,25
F1,782,782,783,9118,0,214092,223210,14.5888,0.0,342.54720000000003,357.136,158d9978cc4bc65e985e29524122f71c3fc93ebe63fbc5957d43f816f057758f,25,25
F1,783,783,784,8906,0,205186,214092,14.249600000000001,0.0,328.2976,342.54720000000003,00788cd5a0995fa433677bde6caf94b8dfb8c1d0460df3f720bb357d3973d418,25,25
F1,784,784,785,7842,0,197344,205186,12.5472,0.0,315.7504,328.2976,83128987678b901ab3123333b1a9a8ac40a71b1df73c28cbdb1ab3b189e5b704,25,25
F1,785,785,786,8098,0,189246,197344,12.956800000000001,0.0,302.7936,315.7504,05c3963d478ab6e4e3585899297c32a4afde8927f6525b1ef03cd491ae1fd5b0,25,25
F1,786,786,787,7544,0,181702,189246,12.070400000000001,0.0,290.7232,302.7936,7056a5418b837368e9d999f8d09b6b2ecd18a18a52c84cf90947bb429a7647c9,25,25
F1,787,787,788,7886,0,173816,181702,12.617600000000001,0.0,278.10560000000004,290.7232,b2648f0e82e41794c2ba74b4af4921486d890b28c39dc480bd816d4aaf1ba4f6,25,25
F1,788,788,789,6326,0,167490,173816,10.1216,0.0,267.98400000000004,278.10560000000004,98f8decec6101a4560734f8f5e4ab2e8d3f6509193ad3d9602564490b5950b1e,25,25
F1,789,789,790,8018,0,159472,167490,12.828800000000001,0.0,255.1552,267.98400000000004,b3a939dc9b042a917fcff911ebba2f0e16f3a8bbddd99c2c0e5adb9586922c43,25,25
F1,790,790,791,7766,0,151706,159472,12.425600000000001,0.0,242.7296,255.1552,34a4d1af3e1ec443d202486a2ada44aa6196a0abb35b9f11a509e891d7302f4a,25,25
F1,791,791,792,7592,0,144114,151706,12.1472,0.0,230.5824,242.7296,c7a94d38d44920d38fa8b839c595dc0c1f63efe423f6efebbc051c9eb4571e5a,25,25
F1,792,792,793,6724,0,137390,144114,10.7584,0.0,219.824,230.5824,980295b9ff92b84021cb8e6f36a97de78b8cfa74134a1493b4ca8af172005105,25,25
F1,793,793,794,6782,0,130608,137390,10.8512,0.0,208.9728,219.824,a1810843b312bab33b04e5b1500945ae2c66b69db04ccc52da81630180fe2d8e,25,25
F1,794,794,795,6408,128,124200,130736,10.2528,0.2048,198.72,209.1776,f4a42046f4531d3db80cb31d5e4320226741970ceeaf624ca2df037c5f94b8bd,25,25
F1,795,795,796,6597,0,117731,124328,10.555200000000001,0.0,188.36960000000002,198.9248,d00139f30d359af0c478dcf32a7643d82505e9fe1e80ec8b3101081c163cd596,25,25
F1,796,796,797,28899,0,88832,117731,46.238400000000006,0.0,142.1312,188.36960000000002,cebcf060a57694859b8a27074088e932a71d4fb4f2ea3661a6ff7ebddc96c379,25,25
F1,797,797,798,31404,0,57428,88832,50.2464,0.0,91.8848,142.1312,7024a4d9068e8e02ca262d8c46592a014393473077a9159c7d0e87d68140c839,20,20
F1,798,798,799,28426,0,29002,57428,45.4816,0.0,46.403200000000005,91.8848,1371744f134422185bf90cea01964c814a2dd1df05727864474dc677fade8fcb,15,15
F1,799,799,800,29002,0,0,29002,46.403200000000005,0.0,0.0,46.403200000000005,7f33273546dbf9927f8e56caeb8eb350adbdaf6de836e504fdd80a78b4220808,10,10
