relative_path,physical_path,runtime_alias_path,size_bytes,sha256
01_RawData\group_size_summary.csv,C:\Users\chuck\Documents\Codex\2026-06-22\a2f23dee1d9a824b840a0175ca9a1f4b-https-app-notion-com-p\experiments\lab_001_xy_connection_20260626\results\TRAIN-REPLAY-001\TRAIN-REPLAY-001-20260731-001\generated_outputs\01_RawData\group_size_summary.csv,C:\Users\chuck\Documents\Codex\_runlinks\TR1\01_RawData\group_size_summary.csv,845,0f74f0bac1ace4557036fb8cb6d75473721914b09bf093b5bc67cdf5b871a586
01_RawData\group_size_summary.xlsx,C:\Users\chuck\Documents\Codex\2026-06-22\a2f23dee1d9a824b840a0175ca9a1f4b-https-app-notion-com-p\experiments\lab_001_xy_connection_20260626\results\TRAIN-REPLAY-001\TRAIN-REPLAY-001-20260731-001\generated_outputs\01_RawData\group_size_summary.xlsx,C:\Users\chuck\Documents\Codex\_runlinks\TR1\01_RawData\group_size_summary.xlsx,6892,4f2c9c5ee8fb5973d43722d82110ac5e9a074700ba8f4aa4dc54c8e3f234a128
01_RawData\input_raw.csv,C:\Users\chuck\Documents\Codex\2026-06-22\a2f23dee1d9a824b840a0175ca9a1f4b-https-app-notion-com-p\experiments\lab_001_xy_connection_20260626\results\TRAIN-REPLAY-001\TRAIN-REPLAY-001-20260731-001\generated_outputs\01_RawData\input_raw.csv,C:\Users\chuck\Documents\Codex\_runlinks\TR1\01_RawData\input_raw.csv,516979,b501a990b34a4ce6c007df93a07d0f0e43ce4b820e9ab46fa7cabf544dbb7e06
01_RawData\input_raw.xlsx,C:\Users\chuck\Documents\Codex\2026-06-22\a2f23dee1d9a824b840a0175ca9a1f4b-https-app-notion-com-p\experiments\lab_001_xy_connection_20260626\results\TRAIN-REPLAY-001\TRAIN-REPLAY-001-20260731-001\generated_outputs\01_RawData\input_raw.xlsx,C:\Users\chuck\Documents\Codex\_runlinks\TR1\01_RawData\input_raw.xlsx,280781,6ef48f6c623132a32b08396743660c6861b2681831e2242fcf2d81fca72fa82f
01_RawData\master_numeric_with_group.csv,C:\Users\chuck\Documents\Codex\2026-06-22\a2f23dee1d9a824b840a0175ca9a1f4b-https-app-notion-com-p\experiments\lab_001_xy_connection_20260626\results\TRAIN-REPLAY-001\TRAIN-REPLAY-001-20260731-001\generated_outputs\01_RawData\master_numeric_with_group.csv,C:\Users\chuck\Documents\Codex\_runlinks\TR1\01_RawData\master_numeric_with_group.csv,911010,688e6db63aad70f406f1d27f687cc72dde5038ca8b19b90d3be545fd3b8e8b7a
01_RawData\master_numeric_with_group.xlsx,C:\Users\chuck\Documents\Codex\2026-06-22\a2f23dee1d9a824b840a0175ca9a1f4b-https-app-notion-com-p\experiments\lab_001_xy_connection_20260626\results\TRAIN-REPLAY-001\TRAIN-REPLAY-001-20260731-001\generated_outputs\01_RawData\master_numeric_with_group.xlsx,C:\Users\chuck\Documents\Codex\_runlinks\TR1\01_RawData\master_numeric_with_group.xlsx,396327,0497a908e4e2ec30760e3bb6de25b8710b4846fc8549a80a6cbf1ed764b2efe0
01_RawData\output_raw_selected.csv,C:\Users\chuck\Documents\Codex\2026-06-22\a2f23dee1d9a824b840a0175ca9a1f4b-https-app-notion-com-p\experiments\lab_001_xy_connection_20260626\results\TRAIN-REPLAY-001\TRAIN-REPLAY-001-20260731-001\generated_outputs\01_RawData\output_raw_selected.csv,C:\Users\chuck\Documents\Codex\_runlinks\TR1\01_RawData\output_raw_selected.csv,28758,3224e5bca02bcd147615a4db5bea4a85a17e14edc2064b35edd704739cbdbd54
01_RawData\output_raw_selected.xlsx,C:\Users\chuck\Documents\Codex\2026-06-22\a2f23dee1d9a824b840a0175ca9a1f4b-https-app-notion-com-p\experiments\lab_001_xy_connection_20260626\results\TRAIN-REPLAY-001\TRAIN-REPLAY-001-20260731-001\generated_outputs\01_RawData\output_raw_selected.xlsx,C:\Users\chuck\Documents\Codex\_runlinks\TR1\01_RawData\output_raw_selected.xlsx,24437,75d314e63aa1a5a56c324e17b18c580eaa5014e627b2c0b8397f58fff5b4a742
02_ModelComparison\all_output_method_comparison_folds.csv,C:\Users\chuck\Documents\Codex\2026-06-22\a2f23dee1d9a824b840a0175ca9a1f4b-https-app-notion-com-p\experiments\lab_001_xy_connection_20260626\results\TRAIN-REPLAY-001\TRAIN-REPLAY-001-20260731-001\generated_outputs\02_ModelComparison\all_output_method_comparison_folds.csv,C:\Users\chuck\Documents\Codex\_runlinks\TR1\02_ModelComparison\all_output_method_comparison_folds.csv,1122223,8fa2865d8930efed3c954685aef805206926606b633ad94b95fae667cd62eb39
02_ModelComparison\all_output_method_comparison_folds.xlsx,C:\Users\chuck\Documents\Codex\2026-06-22\a2f23dee1d9a824b840a0175ca9a1f4b-https-app-notion-com-p\experiments\lab_001_xy_connection_20260626\results\TRAIN-REPLAY-001\TRAIN-REPLAY-001-20260731-001\generated_outputs\02_ModelComparison\all_output_method_comparison_folds.xlsx,C:\Users\chuck\Documents\Codex\_runlinks\TR1\02_ModelComparison\all_output_method_comparison_folds.xlsx,192699,6bca16e2a388fdd6dea9c362712d4050bcbb246e8fdfa7fe56527cf6b8e9277c
02_ModelComparison\all_output_method_comparison_summary.csv,C:\Users\chuck\Documents\Codex\2026-06-22\a2f23dee1d9a824b840a0175ca9a1f4b-https-app-notion-com-p\experiments\lab_001_xy_connection_20260626\results\TRAIN-REPLAY-001\TRAIN-REPLAY-001-20260731-001\generated_outputs\02_ModelComparison\all_output_method_comparison_summary.csv,C:\Users\chuck\Documents\Codex\_runlinks\TR1\02_ModelComparison\all_output_method_comparison_summary.csv,3318,c2215f4be999de242ed315f151e053f07cb5861a067e69a1ca0b43001d370e23
02_ModelComparison\all_output_method_comparison_summary.xlsx,C:\Users\chuck\Documents\Codex\2026-06-22\a2f23dee1d9a824b840a0175ca9a1f4b-https-app-notion-com-p\experiments\lab_001_xy_connection_20260626\results\TRAIN-REPLAY-001\TRAIN-REPLAY-001-20260731-001\generated_outputs\02_ModelComparison\all_output_method_comparison_summary.xlsx,C:\Users\chuck\Documents\Codex\_runlinks\TR1\02_ModelComparison\all_output_method_comparison_summary.xlsx,7405,eafe1e736ccfc87eefee20abdf513635cda82a5181d16fce4e7de37ddd09ff69
02_ModelComparison\dataset_summary_by_output.csv,C:\Users\chuck\Documents\Codex\2026-06-22\a2f23dee1d9a824b840a0175ca9a1f4b-https-app-notion-com-p\experiments\lab_001_xy_connection_20260626\results\TRAIN-REPLAY-001\TRAIN-REPLAY-001-20260731-001\generated_outputs\02_ModelComparison\dataset_summary_by_output.csv,C:\Users\chuck\Documents\Codex\_runlinks\TR1\02_ModelComparison\dataset_summary_by_output.csv,747,fc3fe1125c19a019fbd7d9ebb46e45fa4baff50c71c4301d637ff2a78374061f
02_ModelComparison\dataset_summary_by_output.xlsx,C:\Users\chuck\Documents\Codex\2026-06-22\a2f23dee1d9a824b840a0175ca9a1f4b-https-app-notion-com-p\experiments\lab_001_xy_connection_20260626\results\TRAIN-REPLAY-001\TRAIN-REPLAY-001-20260731-001\generated_outputs\02_ModelComparison\dataset_summary_by_output.xlsx,C:\Users\chuck\Documents\Codex\_runlinks\TR1\02_ModelComparison\dataset_summary_by_output.xlsx,5931,d3e9b06567a7c318480bca63b7cc31af5b114b059db0f84efd0bfbf0a7984b83
02_ModelComparison\final_refit_summary.csv,C:\Users\chuck\Documents\Codex\2026-06-22\a2f23dee1d9a824b840a0175ca9a1f4b-https-app-notion-com-p\experiments\lab_001_xy_connection_20260626\results\TRAIN-REPLAY-001\TRAIN-REPLAY-001-20260731-001\generated_outputs\02_ModelComparison\final_refit_summary.csv,C:\Users\chuck\Documents\Codex\_runlinks\TR1\02_ModelComparison\final_refit_summary.csv,2178,b45e23db4efc087d5567a2321f0920d00952d320e3e8f65a4aa5692d8013afc1
02_ModelComparison\final_refit_summary.xlsx,C:\Users\chuck\Documents\Codex\2026-06-22\a2f23dee1d9a824b840a0175ca9a1f4b-https-app-notion-com-p\experiments\lab_001_xy_connection_20260626\results\TRAIN-REPLAY-001\TRAIN-REPLAY-001-20260731-001\generated_outputs\02_ModelComparison\final_refit_summary.xlsx,C:\Users\chuck\Documents\Codex\_runlinks\TR1\02_ModelComparison\final_refit_summary.xlsx,6969,674dd3cd09d1dba4174b095924aad5ff5550d11a47712542e8d249531cedce5d
02_ModelComparison\final_summary_merged.csv,C:\Users\chuck\Documents\Codex\2026-06-22\a2f23dee1d9a824b840a0175ca9a1f4b-https-app-notion-com-p\experiments\lab_001_xy_connection_20260626\results\TRAIN-REPLAY-001\TRAIN-REPLAY-001-20260731-001\generated_outputs\02_ModelComparison\final_summary_merged.csv,C:\Users\chuck\Documents\Codex\_runlinks\TR1\02_ModelComparison\final_summary_merged.csv,5246,3355df1342c08e967e406005e4057de97b59d488801d47ed7aede731021fea28
02_ModelComparison\final_summary_merged.xlsx,C:\Users\chuck\Documents\Codex\2026-06-22\a2f23dee1d9a824b840a0175ca9a1f4b-https-app-notion-com-p\experiments\lab_001_xy_connection_20260626\results\TRAIN-REPLAY-001\TRAIN-REPLAY-001-20260731-001\generated_outputs\02_ModelComparison\final_summary_merged.xlsx,C:\Users\chuck\Documents\Codex\_runlinks\TR1\02_ModelComparison\final_summary_merged.xlsx,8498,7b78e7aa936f1e3fc396bb94c3926d0588c5b837d3b2ec814904774585290f72
02_ModelComparison\per_output\APS\method_comparison_fold_metrics.csv,C:\Users\chuck\Documents\Codex\2026-06-22\a2f23dee1d9a824b840a0175ca9a1f4b-https-app-notion-com-p\experiments\lab_001_xy_connection_20260626\results\TRAIN-REPLAY-001\TRAIN-REPLAY-001-20260731-001\generated_outputs\02_ModelComparison\per_output\APS\method_comparison_fold_metrics.csv,C:\Users\chuck\Documents\Codex\_runlinks\TR1\02_ModelComparison\per_output\APS\method_comparison_fold_metrics.csv,65668,2802939306ed1ea17a0d7dd5eaa18b8918ba85b1859a224dc98c61f37243b30f
02_ModelComparison\per_output\APS\method_comparison_fold_metrics.xlsx,C:\Users\chuck\Documents\Codex\2026-06-22\a2f23dee1d9a824b840a0175ca9a1f4b-https-app-notion-com-p\experiments\lab_001_xy_connection_20260626\results\TRAIN-REPLAY-001\TRAIN-REPLAY-001-20260731-001\generated_outputs\02_ModelComparison\per_output\APS\method_comparison_fold_metrics.xlsx,C:\Users\chuck\Documents\Codex\_runlinks\TR1\02_ModelComparison\per_output\APS\method_comparison_fold_metrics.xlsx,16990,ebaa55b6cdb52f07bc537ff9b50a6e8b33a96eb226ab4f765e31ac83be2d5f0b
02_ModelComparison\per_output\APS\method_comparison_fold_metrics_ok_only.csv,C:\Users\chuck\Documents\Codex\2026-06-22\a2f23dee1d9a824b840a0175ca9a1f4b-https-app-notion-com-p\experiments\lab_001_xy_connection_20260626\results\TRAIN-REPLAY-001\TRAIN-REPLAY-001-20260731-001\generated_outputs\02_ModelComparison\per_output\APS\method_comparison_fold_metrics_ok_only.csv,C:\Users\chuck\Documents\Codex\_runlinks\TR1\02_ModelComparison\per_output\APS\method_comparison_fold_metrics_ok_only.csv,65668,2802939306ed1ea17a0d7dd5eaa18b8918ba85b1859a224dc98c61f37243b30f
02_ModelComparison\per_output\APS\method_comparison_fold_metrics_ok_only.xlsx,C:\Users\chuck\Documents\Codex\2026-06-22\a2f23dee1d9a824b840a0175ca9a1f4b-https-app-notion-com-p\experiments\lab_001_xy_connection_20260626\results\TRAIN-REPLAY-001\TRAIN-REPLAY-001-20260731-001\generated_outputs\02_ModelComparison\per_output\APS\method_comparison_fold_metrics_ok_only.xlsx,C:\Users\chuck\Documents\Codex\_runlinks\TR1\02_ModelComparison\per_output\APS\method_comparison_fold_metrics_ok_only.xlsx,16990,ebaa55b6cdb52f07bc537ff9b50a6e8b33a96eb226ab4f765e31ac83be2d5f0b
02_ModelComparison\per_output\APS\method_comparison_summary.csv,C:\Users\chuck\Documents\Codex\2026-06-22\a2f23dee1d9a824b840a0175ca9a1f4b-https-app-notion-com-p\experiments\lab_001_xy_connection_20260626\results\TRAIN-REPLAY-001\TRAIN-REPLAY-001-20260731-001\generated_outputs\02_ModelComparison\per_output\APS\method_comparison_summary.csv,C:\Users\chuck\Documents\Codex\_runlinks\TR1\02_ModelComparison\per_output\APS\method_comparison_summary.csv,4756,70af556e1f8f43bce998cd6aa521f3d6d2be700aeb3d07637b0303cee8275416
02_ModelComparison\per_output\APS\method_comparison_summary.xlsx,C:\Users\chuck\Documents\Codex\2026-06-22\a2f23dee1d9a824b840a0175ca9a1f4b-https-app-notion-com-p\experiments\lab_001_xy_connection_20260626\results\TRAIN-REPLAY-001\TRAIN-REPLAY-001-20260731-001\generated_outputs\02_ModelComparison\per_output\APS\method_comparison_summary.xlsx,C:\Users\chuck\Documents\Codex\_runlinks\TR1\02_ModelComparison\per_output\APS\method_comparison_summary.xlsx,8725,ecef7059b607c7c0448875832c9a0104534aaffdebe6474ee304cc5dce8df6d0
02_ModelComparison\per_output\AS\method_comparison_fold_metrics.csv,C:\Users\chuck\Documents\Codex\2026-06-22\a2f23dee1d9a824b840a0175ca9a1f4b-https-app-notion-com-p\experiments\lab_001_xy_connection_20260626\results\TRAIN-REPLAY-001\TRAIN-REPLAY-001-20260731-001\generated_outputs\02_ModelComparison\per_output\AS\method_comparison_fold_metrics.csv,C:\Users\chuck\Documents\Codex\_runlinks\TR1\02_ModelComparison\per_output\AS\method_comparison_fold_metrics.csv,67909,8baffde43db5dc24ad0eaa480fdfd6ec286af9188e2150c0411ac1d3f52473ef
02_ModelComparison\per_output\AS\method_comparison_fold_metrics.xlsx,C:\Users\chuck\Documents\Codex\2026-06-22\a2f23dee1d9a824b840a0175ca9a1f4b-https-app-notion-com-p\experiments\lab_001_xy_connection_20260626\results\TRAIN-REPLAY-001\TRAIN-REPLAY-001-20260731-001\generated_outputs\02_ModelComparison\per_output\AS\method_comparison_fold_metrics.xlsx,C:\Users\chuck\Documents\Codex\_runlinks\TR1\02_ModelComparison\per_output\AS\method_comparison_fold_metrics.xlsx,17113,54047907af9ce79294d298d8e3c06bd8c9fcd38ba4c0bf5603c421418e833fc3
02_ModelComparison\per_output\AS\method_comparison_fold_metrics_ok_only.csv,C:\Users\chuck\Documents\Codex\2026-06-22\a2f23dee1d9a824b840a0175ca9a1f4b-https-app-notion-com-p\experiments\lab_001_xy_connection_20260626\results\TRAIN-REPLAY-001\TRAIN-REPLAY-001-20260731-001\generated_outputs\02_ModelComparison\per_output\AS\method_comparison_fold_metrics_ok_only.csv,C:\Users\chuck\Documents\Codex\_runlinks\TR1\02_ModelComparison\per_output\AS\method_comparison_fold_metrics_ok_only.csv,67909,8baffde43db5dc24ad0eaa480fdfd6ec286af9188e2150c0411ac1d3f52473ef
02_ModelComparison\per_output\AS\method_comparison_fold_metrics_ok_only.xlsx,C:\Users\chuck\Documents\Codex\2026-06-22\a2f23dee1d9a824b840a0175ca9a1f4b-https-app-notion-com-p\experiments\lab_001_xy_connection_20260626\results\TRAIN-REPLAY-001\TRAIN-REPLAY-001-20260731-001\generated_outputs\02_ModelComparison\per_output\AS\method_comparison_fold_metrics_ok_only.xlsx,C:\Users\chuck\Documents\Codex\_runlinks\TR1\02_ModelComparison\per_output\AS\method_comparison_fold_metrics_ok_only.xlsx,17113,54047907af9ce79294d298d8e3c06bd8c9fcd38ba4c0bf5603c421418e833fc3
02_ModelComparison\per_output\AS\method_comparison_summary.csv,C:\Users\chuck\Documents\Codex\2026-06-22\a2f23dee1d9a824b840a0175ca9a1f4b-https-app-notion-com-p\experiments\lab_001_xy_connection_20260626\results\TRAIN-REPLAY-001\TRAIN-REPLAY-001-20260731-001\generated_outputs\02_ModelComparison\per_output\AS\method_comparison_summary.csv,C:\Users\chuck\Documents\Codex\_runlinks\TR1\02_ModelComparison\per_output\AS\method_comparison_summary.csv,4777,6d38778e9b049f8266259e903c8b5a4fb73a1d6cd59d3c2584a5f0804cce0e79
02_ModelComparison\per_output\AS\method_comparison_summary.xlsx,C:\Users\chuck\Documents\Codex\2026-06-22\a2f23dee1d9a824b840a0175ca9a1f4b-https-app-notion-com-p\experiments\lab_001_xy_connection_20260626\results\TRAIN-REPLAY-001\TRAIN-REPLAY-001-20260731-001\generated_outputs\02_ModelComparison\per_output\AS\method_comparison_summary.xlsx,C:\Users\chuck\Documents\Codex\_runlinks\TR1\02_ModelComparison\per_output\AS\method_comparison_summary.xlsx,8759,1a8b9f12e3ba3ded2da6be7773bdb016201f678292ffb2c7892b0bc8c8b8c009
02_ModelComparison\per_output\Com. Strength\method_comparison_fold_metrics.csv,C:\Users\chuck\Documents\Codex\2026-06-22\a2f23dee1d9a824b840a0175ca9a1f4b-https-app-notion-com-p\experiments\lab_001_xy_connection_20260626\results\TRAIN-REPLAY-001\TRAIN-REPLAY-001-20260731-001\generated_outputs\02_ModelComparison\per_output\Com. Strength\method_comparison_fold_metrics.csv,C:\Users\chuck\Documents\Codex\_runlinks\TR1\02_ModelComparison\per_output\Com. Strength\method_comparison_fold_metrics.csv,70595,c1074c04cef6c88f7dc55557bfd617eb33b05d6e3f37024e46390a311a0a3586
02_ModelComparison\per_output\Com. Strength\method_comparison_fold_metrics.xlsx,C:\Users\chuck\Documents\Codex\2026-06-22\a2f23dee1d9a824b840a0175ca9a1f4b-https-app-notion-com-p\experiments\lab_001_xy_connection_20260626\results\TRAIN-REPLAY-001\TRAIN-REPLAY-001-20260731-001\generated_outputs\02_ModelComparison\per_output\Com. Strength\method_comparison_fold_metrics.xlsx,C:\Users\chuck\Documents\Codex\_runlinks\TR1\02_ModelComparison\per_output\Com. Strength\method_comparison_fold_metrics.xlsx,17314,1857c5f893355ec4382b3f124bcdfdf3b380e2a2f959db0993083fbb5133444a
02_ModelComparison\per_output\Com. Strength\method_comparison_fold_metrics_ok_only.csv,C:\Users\chuck\Documents\Codex\2026-06-22\a2f23dee1d9a824b840a0175ca9a1f4b-https-app-notion-com-p\experiments\lab_001_xy_connection_20260626\results\TRAIN-REPLAY-001\TRAIN-REPLAY-001-20260731-001\generated_outputs\02_ModelComparison\per_output\Com. Strength\method_comparison_fold_metrics_ok_only.csv,C:\Users\chuck\Documents\Codex\_runlinks\TR1\02_ModelComparison\per_output\Com. Strength\method_comparison_fold_metrics_ok_only.csv,70595,c1074c04cef6c88f7dc55557bfd617eb33b05d6e3f37024e46390a311a0a3586
02_ModelComparison\per_output\Com. Strength\method_comparison_fold_metrics_ok_only.xlsx,C:\Users\chuck\Documents\Codex\2026-06-22\a2f23dee1d9a824b840a0175ca9a1f4b-https-app-notion-com-p\experiments\lab_001_xy_connection_20260626\results\TRAIN-REPLAY-001\TRAIN-REPLAY-001-20260731-001\generated_outputs\02_ModelComparison\per_output\Com. Strength\method_comparison_fold_metrics_ok_only.xlsx,C:\Users\chuck\Documents\Codex\_runlinks\TR1\02_ModelComparison\per_output\Com. Strength\method_comparison_fold_metrics_ok_only.xlsx,17314,1857c5f893355ec4382b3f124bcdfdf3b380e2a2f959db0993083fbb5133444a
02_ModelComparison\per_output\Com. Strength\method_comparison_summary.csv,C:\Users\chuck\Documents\Codex\2026-06-22\a2f23dee1d9a824b840a0175ca9a1f4b-https-app-notion-com-p\experiments\lab_001_xy_connection_20260626\results\TRAIN-REPLAY-001\TRAIN-REPLAY-001-20260731-001\generated_outputs\02_ModelComparison\per_output\Com. Strength\method_comparison_summary.csv,C:\Users\chuck\Documents\Codex\_runlinks\TR1\02_ModelComparison\per_output\Com. Strength\method_comparison_summary.csv,4985,57366c9d376cacdf971a50a331fb8baa7c8c01a408096298074c99e0991e7817
02_ModelComparison\per_output\Com. Strength\method_comparison_summary.xlsx,C:\Users\chuck\Documents\Codex\2026-06-22\a2f23dee1d9a824b840a0175ca9a1f4b-https-app-notion-com-p\experiments\lab_001_xy_connection_20260626\results\TRAIN-REPLAY-001\TRAIN-REPLAY-001-20260731-001\generated_outputs\02_ModelComparison\per_output\Com. Strength\method_comparison_summary.xlsx,C:\Users\chuck\Documents\Codex\_runlinks\TR1\02_ModelComparison\per_output\Com. Strength\method_comparison_summary.xlsx,8834,67b35e392f9a1d044c3023044f468db24671c86987dacb9b749dba6f77c5b15f
02_ModelComparison\per_output\Densif. strength\method_comparison_fold_metrics.csv,C:\Users\chuck\Documents\Codex\2026-06-22\a2f23dee1d9a824b840a0175ca9a1f4b-https-app-notion-com-p\experiments\lab_001_xy_connection_20260626\results\TRAIN-REPLAY-001\TRAIN-REPLAY-001-20260731-001\generated_outputs\02_ModelComparison\per_output\Densif. strength\method_comparison_fold_metrics.csv,C:\Users\chuck\Documents\Codex\_runlinks\TR1\02_ModelComparison\per_output\Densif. strength\method_comparison_fold_metrics.csv,61538,36cdc3492563c0505bb7f84d149fc4a471ce0061168d02d487a2660b9162d190
02_ModelComparison\per_output\Densif. strength\method_comparison_fold_metrics.xlsx,C:\Users\chuck\Documents\Codex\2026-06-22\a2f23dee1d9a824b840a0175ca9a1f4b-https-app-notion-com-p\experiments\lab_001_xy_connection_20260626\results\TRAIN-REPLAY-001\TRAIN-REPLAY-001-20260731-001\generated_outputs\02_ModelComparison\per_output\Densif. strength\method_comparison_fold_metrics.xlsx,C:\Users\chuck\Documents\Codex\_runlinks\TR1\02_ModelComparison\per_output\Densif. strength\method_comparison_fold_metrics.xlsx,16813,5406d513de5c62a6b5b23a3a46a0a70640abea0ddca10b2fe3ac8263f4cd5934
02_ModelComparison\per_output\Densif. strength\method_comparison_fold_metrics_ok_only.csv,C:\Users\chuck\Documents\Codex\2026-06-22\a2f23dee1d9a824b840a0175ca9a1f4b-https-app-notion-com-p\experiments\lab_001_xy_connection_20260626\results\TRAIN-REPLAY-001\TRAIN-REPLAY-001-20260731-001\generated_outputs\02_ModelComparison\per_output\Densif. strength\method_comparison_fold_metrics_ok_only.csv,C:\Users\chuck\Documents\Codex\_runlinks\TR1\02_ModelComparison\per_output\Densif. strength\method_comparison_fold_metrics_ok_only.csv,61538,36cdc3492563c0505bb7f84d149fc4a471ce0061168d02d487a2660b9162d190
02_ModelComparison\per_output\Densif. strength\method_comparison_fold_metrics_ok_only.xlsx,C:\Users\chuck\Documents\Codex\2026-06-22\a2f23dee1d9a824b840a0175ca9a1f4b-https-app-notion-com-p\experiments\lab_001_xy_connection_20260626\results\TRAIN-REPLAY-001\TRAIN-REPLAY-001-20260731-001\generated_outputs\02_ModelComparison\per_output\Densif. strength\method_comparison_fold_metrics_ok_only.xlsx,C:\Users\chuck\Documents\Codex\_runlinks\TR1\02_ModelComparison\per_output\Densif. strength\method_comparison_fold_metrics_ok_only.xlsx,16813,5406d513de5c62a6b5b23a3a46a0a70640abea0ddca10b2fe3ac8263f4cd5934
02_ModelComparison\per_output\Densif. strength\method_comparison_summary.csv,C:\Users\chuck\Documents\Codex\2026-06-22\a2f23dee1d9a824b840a0175ca9a1f4b-https-app-notion-com-p\experiments\lab_001_xy_connection_20260626\results\TRAIN-REPLAY-001\TRAIN-REPLAY-001-20260731-001\generated_outputs\02_ModelComparison\per_output\Densif. strength\method_comparison_summary.csv,C:\Users\chuck\Documents\Codex\_runlinks\TR1\02_ModelComparison\per_output\Densif. strength\method_comparison_summary.csv,4727,4f3b50ddd40fd506d4247751ab24e66c6c53d5a84a8b916f6816e4849241194e
02_ModelComparison\per_output\Densif. strength\method_comparison_summary.xlsx,C:\Users\chuck\Documents\Codex\2026-06-22\a2f23dee1d9a824b840a0175ca9a1f4b-https-app-notion-com-p\experiments\lab_001_xy_connection_20260626\results\TRAIN-REPLAY-001\TRAIN-REPLAY-001-20260731-001\generated_outputs\02_ModelComparison\per_output\Densif. strength\method_comparison_summary.xlsx,C:\Users\chuck\Documents\Codex\_runlinks\TR1\02_ModelComparison\per_output\Densif. strength\method_comparison_summary.xlsx,8712,09c65b9054cd6b4c3b8e2c03825be3cbbe1822537495dc416d120ac11465746b
02_ModelComparison\per_output\Modulus\method_comparison_fold_metrics.csv,C:\Users\chuck\Documents\Codex\2026-06-22\a2f23dee1d9a824b840a0175ca9a1f4b-https-app-notion-com-p\experiments\lab_001_xy_connection_20260626\results\TRAIN-REPLAY-001\TRAIN-REPLAY-001-20260731-001\generated_outputs\02_ModelComparison\per_output\Modulus\method_comparison_fold_metrics.csv,C:\Users\chuck\Documents\Codex\_runlinks\TR1\02_ModelComparison\per_output\Modulus\method_comparison_fold_metrics.csv,68705,2776e3e438fe7d4bf55ce6cd43c935d189891e7bf0d0ba4e5607985dc697018c
02_ModelComparison\per_output\Modulus\method_comparison_fold_metrics.xlsx,C:\Users\chuck\Documents\Codex\2026-06-22\a2f23dee1d9a824b840a0175ca9a1f4b-https-app-notion-com-p\experiments\lab_001_xy_connection_20260626\results\TRAIN-REPLAY-001\TRAIN-REPLAY-001-20260731-001\generated_outputs\02_ModelComparison\per_output\Modulus\method_comparison_fold_metrics.xlsx,C:\Users\chuck\Documents\Codex\_runlinks\TR1\02_ModelComparison\per_output\Modulus\method_comparison_fold_metrics.xlsx,16805,cf8252086a1ab628560ae73d4585733b6715bbb61fad4aa87afb6ee0d4b6e2b1
02_ModelComparison\per_output\Modulus\method_comparison_fold_metrics_ok_only.csv,C:\Users\chuck\Documents\Codex\2026-06-22\a2f23dee1d9a824b840a0175ca9a1f4b-https-app-notion-com-p\experiments\lab_001_xy_connection_20260626\results\TRAIN-REPLAY-001\TRAIN-REPLAY-001-20260731-001\generated_outputs\02_ModelComparison\per_output\Modulus\method_comparison_fold_metrics_ok_only.csv,C:\Users\chuck\Documents\Codex\_runlinks\TR1\02_ModelComparison\per_output\Modulus\method_comparison_fold_metrics_ok_only.csv,68705,2776e3e438fe7d4bf55ce6cd43c935d189891e7bf0d0ba4e5607985dc697018c
02_ModelComparison\per_output\Modulus\method_comparison_fold_metrics_ok_only.xlsx,C:\Users\chuck\Documents\Codex\2026-06-22\a2f23dee1d9a824b840a0175ca9a1f4b-https-app-notion-com-p\experiments\lab_001_xy_connection_20260626\results\TRAIN-REPLAY-001\TRAIN-REPLAY-001-20260731-001\generated_outputs\02_ModelComparison\per_output\Modulus\method_comparison_fold_metrics_ok_only.xlsx,C:\Users\chuck\Documents\Codex\_runlinks\TR1\02_ModelComparison\per_output\Modulus\method_comparison_fold_metrics_ok_only.xlsx,16805,cf8252086a1ab628560ae73d4585733b6715bbb61fad4aa87afb6ee0d4b6e2b1
02_ModelComparison\per_output\Modulus\method_comparison_summary.csv,C:\Users\chuck\Documents\Codex\2026-06-22\a2f23dee1d9a824b840a0175ca9a1f4b-https-app-notion-com-p\experiments\lab_001_xy_connection_20260626\results\TRAIN-REPLAY-001\TRAIN-REPLAY-001-20260731-001\generated_outputs\02_ModelComparison\per_output\Modulus\method_comparison_summary.csv,C:\Users\chuck\Documents\Codex\_runlinks\TR1\02_ModelComparison\per_output\Modulus\method_comparison_summary.csv,5002,843fbabb9e113818968c70ef9a7b81af811f4dffb5a718a1ecd1922d5cf6dcb4
02_ModelComparison\per_output\Modulus\method_comparison_summary.xlsx,C:\Users\chuck\Documents\Codex\2026-06-22\a2f23dee1d9a824b840a0175ca9a1f4b-https-app-notion-com-p\experiments\lab_001_xy_connection_20260626\results\TRAIN-REPLAY-001\TRAIN-REPLAY-001-20260731-001\generated_outputs\02_ModelComparison\per_output\Modulus\method_comparison_summary.xlsx,C:\Users\chuck\Documents\Codex\_runlinks\TR1\02_ModelComparison\per_output\Modulus\method_comparison_summary.xlsx,8922,b0efd65b4cd94dffcfc693839be20c588c13c54216951d03d5d4b693ce909269
02_ModelComparison\per_output\Thermal characteristics _ Cooling rate _ °C_s\method_comparison_fold_metrics.csv,C:\Users\chuck\Documents\Codex\2026-06-22\a2f23dee1d9a824b840a0175ca9a1f4b-https-app-notion-com-p\experiments\lab_001_xy_connection_20260626\results\TRAIN-REPLAY-001\TRAIN-REPLAY-001-20260731-001\generated_outputs\02_ModelComparison\per_output\Thermal characteristics _ Cooling rate _ °C_s\method_comparison_fold_metrics.csv,C:\Users\chuck\Documents\Codex\_runlinks\TR1\02_ModelComparison\per_output\Thermal characteristics _ Cooling rate _ °C_s\method_comparison_fold_metrics.csv,75087,ff9e0f0a11a7969de7fee48470db98abd79698d7c4e2db5d80b50ce259b08c6e
02_ModelComparison\per_output\Thermal characteristics _ Cooling rate _ °C_s\method_comparison_fold_metrics.xlsx,C:\Users\chuck\Documents\Codex\2026-06-22\a2f23dee1d9a824b840a0175ca9a1f4b-https-app-notion-com-p\experiments\lab_001_xy_connection_20260626\results\TRAIN-REPLAY-001\TRAIN-REPLAY-001-20260731-001\generated_outputs\02_ModelComparison\per_output\Thermal characteristics _ Cooling rate _ °C_s\method_comparison_fold_metrics.xlsx,C:\Users\chuck\Documents\Codex\_runlinks\TR1\02_ModelComparison\per_output\Thermal characteristics _ Cooling rate _ °C_s\method_comparison_fold_metrics.xlsx,18576,b0b645bd2b33bf7ff447155dc05f84d87e6c0c71fa6ed175a719d1a18412f328
02_ModelComparison\per_output\Thermal characteristics _ Cooling rate _ °C_s\method_comparison_fold_metrics_ok_only.csv,C:\Users\chuck\Documents\Codex\2026-06-22\a2f23dee1d9a824b840a0175ca9a1f4b-https-app-notion-com-p\experiments\lab_001_xy_connection_20260626\results\TRAIN-REPLAY-001\TRAIN-REPLAY-001-20260731-001\generated_outputs\02_ModelComparison\per_output\Thermal characteristics _ Cooling rate _ °C_s\method_comparison_fold_metrics_ok_only.csv,C:\Users\chuck\Documents\Codex\_runlinks\TR1\02_ModelComparison\per_output\Thermal characteristics _ Cooling rate _ °C_s\method_comparison_fold_metrics_ok_only.csv,75087,ff9e0f0a11a7969de7fee48470db98abd79698d7c4e2db5d80b50ce259b08c6e
02_ModelComparison\per_output\Thermal characteristics _ Cooling rate _ °C_s\method_comparison_fold_metrics_ok_only.xlsx,C:\Users\chuck\Documents\Codex\2026-06-22\a2f23dee1d9a824b840a0175ca9a1f4b-https-app-notion-com-p\experiments\lab_001_xy_connection_20260626\results\TRAIN-REPLAY-001\TRAIN-REPLAY-001-20260731-001\generated_outputs\02_ModelComparison\per_output\Thermal characteristics _ Cooling rate _ °C_s\method_comparison_fold_metrics_ok_only.xlsx,C:\Users\chuck\Documents\Codex\_runlinks\TR1\02_ModelComparison\per_output\Thermal characteristics _ Cooling rate _ °C_s\method_comparison_fold_metrics_ok_only.xlsx,18576,0ca77b3c1452e1e7c7f114d546528c5984c9b711e0a12e40ae0c34aef752c132
02_ModelComparison\per_output\Thermal characteristics _ Cooling rate _ °C_s\method_comparison_summary.csv,C:\Users\chuck\Documents\Codex\2026-06-22\a2f23dee1d9a824b840a0175ca9a1f4b-https-app-notion-com-p\experiments\lab_001_xy_connection_20260626\results\TRAIN-REPLAY-001\TRAIN-REPLAY-001-20260731-001\generated_outputs\02_ModelComparison\per_output\Thermal characteristics _ Cooling rate _ °C_s\method_comparison_summary.csv,C:\Users\chuck\Documents\Codex\_runlinks\TR1\02_ModelComparison\per_output\Thermal characteristics _ Cooling rate _ °C_s\method_comparison_summary.csv,7125,8d7c0b9d3f21d914b2bef5132af62f9ded21c001c1044a84d178eb7eb05935a5
02_ModelComparison\per_output\Thermal characteristics _ Cooling rate _ °C_s\method_comparison_summary.xlsx,C:\Users\chuck\Documents\Codex\2026-06-22\a2f23dee1d9a824b840a0175ca9a1f4b-https-app-notion-com-p\experiments\lab_001_xy_connection_20260626\results\TRAIN-REPLAY-001\TRAIN-REPLAY-001-20260731-001\generated_outputs\02_ModelComparison\per_output\Thermal characteristics _ Cooling rate _ °C_s\method_comparison_summary.xlsx,C:\Users\chuck\Documents\Codex\_runlinks\TR1\02_ModelComparison\per_output\Thermal characteristics _ Cooling rate _ °C_s\method_comparison_summary.xlsx,9969,fb4fc41146836d896a9b8693057b18d21549019cd36060e0333790049cbf25dd
02_ModelComparison\per_output\Thermal characteristics _ h _ W_m.K\method_comparison_fold_metrics.csv,C:\Users\chuck\Documents\Codex\2026-06-22\a2f23dee1d9a824b840a0175ca9a1f4b-https-app-notion-com-p\experiments\lab_001_xy_connection_20260626\results\TRAIN-REPLAY-001\TRAIN-REPLAY-001-20260731-001\generated_outputs\02_ModelComparison\per_output\Thermal characteristics _ h _ W_m.K\method_comparison_fold_metrics.csv,C:\Users\chuck\Documents\Codex\_runlinks\TR1\02_ModelComparison\per_output\Thermal characteristics _ h _ W_m.K\method_comparison_fold_metrics.csv,70422,76ee5335a916b30fb2f378acf9462d6245491081cb37998a6661059a447fb8b4
02_ModelComparison\per_output\Thermal characteristics _ h _ W_m.K\method_comparison_fold_metrics.xlsx,C:\Users\chuck\Documents\Codex\2026-06-22\a2f23dee1d9a824b840a0175ca9a1f4b-https-app-notion-com-p\experiments\lab_001_xy_connection_20260626\results\TRAIN-REPLAY-001\TRAIN-REPLAY-001-20260731-001\generated_outputs\02_ModelComparison\per_output\Thermal characteristics _ h _ W_m.K\method_comparison_fold_metrics.xlsx,C:\Users\chuck\Documents\Codex\_runlinks\TR1\02_ModelComparison\per_output\Thermal characteristics _ h _ W_m.K\method_comparison_fold_metrics.xlsx,18890,c5995ead0b431c315b88030eb338e31611bd44851ed945bfdfda57ce1c537556
02_ModelComparison\per_output\Thermal characteristics _ h _ W_m.K\method_comparison_fold_metrics_ok_only.csv,C:\Users\chuck\Documents\Codex\2026-06-22\a2f23dee1d9a824b840a0175ca9a1f4b-https-app-notion-com-p\experiments\lab_001_xy_connection_20260626\results\TRAIN-REPLAY-001\TRAIN-REPLAY-001-20260731-001\generated_outputs\02_ModelComparison\per_output\Thermal characteristics _ h _ W_m.K\method_comparison_fold_metrics_ok_only.csv,C:\Users\chuck\Documents\Codex\_runlinks\TR1\02_ModelComparison\per_output\Thermal characteristics _ h _ W_m.K\method_comparison_fold_metrics_ok_only.csv,70422,76ee5335a916b30fb2f378acf9462d6245491081cb37998a6661059a447fb8b4
02_ModelComparison\per_output\Thermal characteristics _ h _ W_m.K\method_comparison_fold_metrics_ok_only.xlsx,C:\Users\chuck\Documents\Codex\2026-06-22\a2f23dee1d9a824b840a0175ca9a1f4b-https-app-notion-com-p\experiments\lab_001_xy_connection_20260626\results\TRAIN-REPLAY-001\TRAIN-REPLAY-001-20260731-001\generated_outputs\02_ModelComparison\per_output\Thermal characteristics _ h _ W_m.K\method_comparison_fold_metrics_ok_only.xlsx,C:\Users\chuck\Documents\Codex\_runlinks\TR1\02_ModelComparison\per_output\Thermal characteristics _ h _ W_m.K\method_comparison_fold_metrics_ok_only.xlsx,18890,c5995ead0b431c315b88030eb338e31611bd44851ed945bfdfda57ce1c537556
02_ModelComparison\per_output\Thermal characteristics _ h _ W_m.K\method_comparison_summary.csv,C:\Users\chuck\Documents\Codex\2026-06-22\a2f23dee1d9a824b840a0175ca9a1f4b-https-app-notion-com-p\experiments\lab_001_xy_connection_20260626\results\TRAIN-REPLAY-001\TRAIN-REPLAY-001-20260731-001\generated_outputs\02_ModelComparison\per_output\Thermal characteristics _ h _ W_m.K\method_comparison_summary.csv,C:\Users\chuck\Documents\Codex\_runlinks\TR1\02_ModelComparison\per_output\Thermal characteristics _ h _ W_m.K\method_comparison_summary.csv,6629,4788d1c62cb32e5cf99cba673b53497d5c1596186ee2947e21913dfed1e32370
02_ModelComparison\per_output\Thermal characteristics _ h _ W_m.K\method_comparison_summary.xlsx,C:\Users\chuck\Documents\Codex\2026-06-22\a2f23dee1d9a824b840a0175ca9a1f4b-https-app-notion-com-p\experiments\lab_001_xy_connection_20260626\results\TRAIN-REPLAY-001\TRAIN-REPLAY-001-20260731-001\generated_outputs\02_ModelComparison\per_output\Thermal characteristics _ h _ W_m.K\method_comparison_summary.xlsx,C:\Users\chuck\Documents\Codex\_runlinks\TR1\02_ModelComparison\per_output\Thermal characteristics _ h _ W_m.K\method_comparison_summary.xlsx,9728,3409c1f9633d8e072a57b6be5edffe6e99a3a4ad1902a68dc701d868cc7fb41c
02_ModelComparison\per_output\Thermal characteristics _ Heating rate _ °C_s\method_comparison_fold_metrics.csv,C:\Users\chuck\Documents\Codex\2026-06-22\a2f23dee1d9a824b840a0175ca9a1f4b-https-app-notion-com-p\experiments\lab_001_xy_connection_20260626\results\TRAIN-REPLAY-001\TRAIN-REPLAY-001-20260731-001\generated_outputs\02_ModelComparison\per_output\Thermal characteristics _ Heating rate _ °C_s\method_comparison_fold_metrics.csv,C:\Users\chuck\Documents\Codex\_runlinks\TR1\02_ModelComparison\per_output\Thermal characteristics _ Heating rate _ °C_s\method_comparison_fold_metrics.csv,70793,16d127c508d499cecce6c056713a3d193861d7d03514abc9a934ed18af8e31bd
02_ModelComparison\per_output\Thermal characteristics _ Heating rate _ °C_s\method_comparison_fold_metrics.xlsx,C:\Users\chuck\Documents\Codex\2026-06-22\a2f23dee1d9a824b840a0175ca9a1f4b-https-app-notion-com-p\experiments\lab_001_xy_connection_20260626\results\TRAIN-REPLAY-001\TRAIN-REPLAY-001-20260731-001\generated_outputs\02_ModelComparison\per_output\Thermal characteristics _ Heating rate _ °C_s\method_comparison_fold_metrics.xlsx,C:\Users\chuck\Documents\Codex\_runlinks\TR1\02_ModelComparison\per_output\Thermal characteristics _ Heating rate _ °C_s\method_comparison_fold_metrics.xlsx,18243,83e9eef542a60cfa846f90464b5e2368d5d56e4e28e4859f26582c149abc99f4
02_ModelComparison\per_output\Thermal characteristics _ Heating rate _ °C_s\method_comparison_fold_metrics_ok_only.csv,C:\Users\chuck\Documents\Codex\2026-06-22\a2f23dee1d9a824b840a0175ca9a1f4b-https-app-notion-com-p\experiments\lab_001_xy_connection_20260626\results\TRAIN-REPLAY-001\TRAIN-REPLAY-001-20260731-001\generated_outputs\02_ModelComparison\per_output\Thermal characteristics _ Heating rate _ °C_s\method_comparison_fold_metrics_ok_only.csv,C:\Users\chuck\Documents\Codex\_runlinks\TR1\02_ModelComparison\per_output\Thermal characteristics _ Heating rate _ °C_s\method_comparison_fold_metrics_ok_only.csv,70793,16d127c508d499cecce6c056713a3d193861d7d03514abc9a934ed18af8e31bd
02_ModelComparison\per_output\Thermal characteristics _ Heating rate _ °C_s\method_comparison_fold_metrics_ok_only.xlsx,C:\Users\chuck\Documents\Codex\2026-06-22\a2f23dee1d9a824b840a0175ca9a1f4b-https-app-notion-com-p\experiments\lab_001_xy_connection_20260626\results\TRAIN-REPLAY-001\TRAIN-REPLAY-001-20260731-001\generated_outputs\02_ModelComparison\per_output\Thermal characteristics _ Heating rate _ °C_s\method_comparison_fold_metrics_ok_only.xlsx,C:\Users\chuck\Documents\Codex\_runlinks\TR1\02_ModelComparison\per_output\Thermal characteristics _ Heating rate _ °C_s\method_comparison_fold_metrics_ok_only.xlsx,18243,83e9eef542a60cfa846f90464b5e2368d5d56e4e28e4859f26582c149abc99f4
02_ModelComparison\per_output\Thermal characteristics _ Heating rate _ °C_s\method_comparison_summary.csv,C:\Users\chuck\Documents\Codex\2026-06-22\a2f23dee1d9a824b840a0175ca9a1f4b-https-app-notion-com-p\experiments\lab_001_xy_connection_20260626\results\TRAIN-REPLAY-001\TRAIN-REPLAY-001-20260731-001\generated_outputs\02_ModelComparison\per_output\Thermal characteristics _ Heating rate _ °C_s\method_comparison_summary.csv,C:\Users\chuck\Documents\Codex\_runlinks\TR1\02_ModelComparison\per_output\Thermal characteristics _ Heating rate _ °C_s\method_comparison_summary.csv,6757,cf086e2204592ddb5d69e7d8d15b9fcbcc94fcb87cbaf329b2d904077899f849
02_ModelComparison\per_output\Thermal characteristics _ Heating rate _ °C_s\method_comparison_summary.xlsx,C:\Users\chuck\Documents\Codex\2026-06-22\a2f23dee1d9a824b840a0175ca9a1f4b-https-app-notion-com-p\experiments\lab_001_xy_connection_20260626\results\TRAIN-REPLAY-001\TRAIN-REPLAY-001-20260731-001\generated_outputs\02_ModelComparison\per_output\Thermal characteristics _ Heating rate _ °C_s\method_comparison_summary.xlsx,C:\Users\chuck\Documents\Codex\_runlinks\TR1\02_ModelComparison\per_output\Thermal characteristics _ Heating rate _ °C_s\method_comparison_summary.xlsx,9794,4d21c34022140a6c3a3183d90d480c0fbe48cf872885d3bd02fba12aae98a533
02_ModelComparison\per_output\Thermal characteristics _ Heating Temp _ °C_s\method_comparison_fold_metrics.csv,C:\Users\chuck\Documents\Codex\2026-06-22\a2f23dee1d9a824b840a0175ca9a1f4b-https-app-notion-com-p\experiments\lab_001_xy_connection_20260626\results\TRAIN-REPLAY-001\TRAIN-REPLAY-001-20260731-001\generated_outputs\02_ModelComparison\per_output\Thermal characteristics _ Heating Temp _ °C_s\method_comparison_fold_metrics.csv,C:\Users\chuck\Documents\Codex\_runlinks\TR1\02_ModelComparison\per_output\Thermal characteristics _ Heating Temp _ °C_s\method_comparison_fold_metrics.csv,67109,25c34f5c646b75ba7652d16832844af04c52439d6f8d364b0027112272f460e9
02_ModelComparison\per_output\Thermal characteristics _ Heating Temp _ °C_s\method_comparison_fold_metrics.xlsx,C:\Users\chuck\Documents\Codex\2026-06-22\a2f23dee1d9a824b840a0175ca9a1f4b-https-app-notion-com-p\experiments\lab_001_xy_connection_20260626\results\TRAIN-REPLAY-001\TRAIN-REPLAY-001-20260731-001\generated_outputs\02_ModelComparison\per_output\Thermal characteristics _ Heating Temp _ °C_s\method_comparison_fold_metrics.xlsx,C:\Users\chuck\Documents\Codex\_runlinks\TR1\02_ModelComparison\per_output\Thermal characteristics _ Heating Temp _ °C_s\method_comparison_fold_metrics.xlsx,18345,d3ed3c4e39e068ae49513edbe239fe8a7de2bc6bfdff136049d1dbf526161821
02_ModelComparison\per_output\Thermal characteristics _ Heating Temp _ °C_s\method_comparison_fold_metrics_ok_only.csv,C:\Users\chuck\Documents\Codex\2026-06-22\a2f23dee1d9a824b840a0175ca9a1f4b-https-app-notion-com-p\experiments\lab_001_xy_connection_20260626\results\TRAIN-REPLAY-001\TRAIN-REPLAY-001-20260731-001\generated_outputs\02_ModelComparison\per_output\Thermal characteristics _ Heating Temp _ °C_s\method_comparison_fold_metrics_ok_only.csv,C:\Users\chuck\Documents\Codex\_runlinks\TR1\02_ModelComparison\per_output\Thermal characteristics _ Heating Temp _ °C_s\method_comparison_fold_metrics_ok_only.csv,67109,25c34f5c646b75ba7652d16832844af04c52439d6f8d364b0027112272f460e9
02_ModelComparison\per_output\Thermal characteristics _ Heating Temp _ °C_s\method_comparison_fold_metrics_ok_only.xlsx,C:\Users\chuck\Documents\Codex\2026-06-22\a2f23dee1d9a824b840a0175ca9a1f4b-https-app-notion-com-p\experiments\lab_001_xy_connection_20260626\results\TRAIN-REPLAY-001\TRAIN-REPLAY-001-20260731-001\generated_outputs\02_ModelComparison\per_output\Thermal characteristics _ Heating Temp _ °C_s\method_comparison_fold_metrics_ok_only.xlsx,C:\Users\chuck\Documents\Codex\_runlinks\TR1\02_ModelComparison\per_output\Thermal characteristics _ Heating Temp _ °C_s\method_comparison_fold_metrics_ok_only.xlsx,18345,d3ed3c4e39e068ae49513edbe239fe8a7de2bc6bfdff136049d1dbf526161821
02_ModelComparison\per_output\Thermal characteristics _ Heating Temp _ °C_s\method_comparison_summary.csv,C:\Users\chuck\Documents\Codex\2026-06-22\a2f23dee1d9a824b840a0175ca9a1f4b-https-app-notion-com-p\experiments\lab_001_xy_connection_20260626\results\TRAIN-REPLAY-001\TRAIN-REPLAY-001-20260731-001\generated_outputs\02_ModelComparison\per_output\Thermal characteristics _ Heating Temp _ °C_s\method_comparison_summary.csv,C:\Users\chuck\Documents\Codex\_runlinks\TR1\02_ModelComparison\per_output\Thermal characteristics _ Heating Temp _ °C_s\method_comparison_summary.csv,6694,f7da9045a481764d97e06a0a0312b91adf6f656d688fd7d8ae7a621a3b8dfefb
02_ModelComparison\per_output\Thermal characteristics _ Heating Temp _ °C_s\method_comparison_summary.xlsx,C:\Users\chuck\Documents\Codex\2026-06-22\a2f23dee1d9a824b840a0175ca9a1f4b-https-app-notion-com-p\experiments\lab_001_xy_connection_20260626\results\TRAIN-REPLAY-001\TRAIN-REPLAY-001-20260731-001\generated_outputs\02_ModelComparison\per_output\Thermal characteristics _ Heating Temp _ °C_s\method_comparison_summary.xlsx,C:\Users\chuck\Documents\Codex\_runlinks\TR1\02_ModelComparison\per_output\Thermal characteristics _ Heating Temp _ °C_s\method_comparison_summary.xlsx,9853,c5fa21fe3e8afe9f67bbfe7802a030e7be91a0c2e49ecd8046470c85e240b4ac
02_ModelComparison\per_output\Thermal characteristics _ Thermal conductivity _ W_m.K\method_comparison_fold_metrics.csv,C:\Users\chuck\Documents\Codex\2026-06-22\a2f23dee1d9a824b840a0175ca9a1f4b-https-app-notion-com-p\experiments\lab_001_xy_connection_20260626\results\TRAIN-REPLAY-001\TRAIN-REPLAY-001-20260731-001\generated_outputs\02_ModelComparison\per_output\Thermal characteristics _ Thermal conductivity _ W_m.K\method_comparison_fold_metrics.csv,C:\Users\chuck\Documents\Codex\_runlinks\TR1\02_ModelComparison\per_output\Thermal characteristics _ Thermal conductivity _ W_m.K\method_comparison_fold_metrics.csv,74327,7f3903508f0c450e363ff4a1efa0d1f0324863f1d1b12f02c28fec5fa9703a3c
02_ModelComparison\per_output\Thermal characteristics _ Thermal conductivity _ W_m.K\method_comparison_fold_metrics.xlsx,C:\Users\chuck\Documents\Codex\2026-06-22\a2f23dee1d9a824b840a0175ca9a1f4b-https-app-notion-com-p\experiments\lab_001_xy_connection_20260626\results\TRAIN-REPLAY-001\TRAIN-REPLAY-001-20260731-001\generated_outputs\02_ModelComparison\per_output\Thermal characteristics _ Thermal conductivity _ W_m.K\method_comparison_fold_metrics.xlsx,C:\Users\chuck\Documents\Codex\_runlinks\TR1\02_ModelComparison\per_output\Thermal characteristics _ Thermal conductivity _ W_m.K\method_comparison_fold_metrics.xlsx,18331,e6054826bcbedc691cffd12bc8af4781df6e88ed656a60ad2bb0a4c5f6cac770
02_ModelComparison\per_output\Thermal characteristics _ Thermal conductivity _ W_m.K\method_comparison_fold_metrics_ok_only.csv,C:\Users\chuck\Documents\Codex\2026-06-22\a2f23dee1d9a824b840a0175ca9a1f4b-https-app-notion-com-p\experiments\lab_001_xy_connection_20260626\results\TRAIN-REPLAY-001\TRAIN-REPLAY-001-20260731-001\generated_outputs\02_ModelComparison\per_output\Thermal characteristics _ Thermal conductivity _ W_m.K\method_comparison_fold_metrics_ok_only.csv,C:\Users\chuck\Documents\Codex\_runlinks\TR1\02_ModelComparison\per_output\Thermal characteristics _ Thermal conductivity _ W_m.K\method_comparison_fold_metrics_ok_only.csv,74327,7f3903508f0c450e363ff4a1efa0d1f0324863f1d1b12f02c28fec5fa9703a3c
02_ModelComparison\per_output\Thermal characteristics _ Thermal conductivity _ W_m.K\method_comparison_fold_metrics_ok_only.xlsx,C:\Users\chuck\Documents\Codex\2026-06-22\a2f23dee1d9a824b840a0175ca9a1f4b-https-app-notion-com-p\experiments\lab_001_xy_connection_20260626\results\TRAIN-REPLAY-001\TRAIN-REPLAY-001-20260731-001\generated_outputs\02_ModelComparison\per_output\Thermal characteristics _ Thermal conductivity _ W_m.K\method_comparison_fold_metrics_ok_only.xlsx,C:\Users\chuck\Documents\Codex\_runlinks\TR1\02_ModelComparison\per_output\Thermal characteristics _ Thermal conductivity _ W_m.K\method_comparison_fold_metrics_ok_only.xlsx,18331,e6054826bcbedc691cffd12bc8af4781df6e88ed656a60ad2bb0a4c5f6cac770
02_ModelComparison\per_output\Thermal characteristics _ Thermal conductivity _ W_m.K\method_comparison_summary.csv,C:\Users\chuck\Documents\Codex\2026-06-22\a2f23dee1d9a824b840a0175ca9a1f4b-https-app-notion-com-p\experiments\lab_001_xy_connection_20260626\results\TRAIN-REPLAY-001\TRAIN-REPLAY-001-20260731-001\generated_outputs\02_ModelComparison\per_output\Thermal characteristics _ Thermal conductivity _ W_m.K\method_comparison_summary.csv,C:\Users\chuck\Documents\Codex\_runlinks\TR1\02_ModelComparison\per_output\Thermal characteristics _ Thermal conductivity _ W_m.K\method_comparison_summary.csv,6219,410c951d3f5b9887bc535bf9592478e8a184b6e17918da7305b868fd73aee8c0
02_ModelComparison\per_output\Thermal characteristics _ Thermal conductivity _ W_m.K\method_comparison_summary.xlsx,C:\Users\chuck\Documents\Codex\2026-06-22\a2f23dee1d9a824b840a0175ca9a1f4b-https-app-notion-com-p\experiments\lab_001_xy_connection_20260626\results\TRAIN-REPLAY-001\TRAIN-REPLAY-001-20260731-001\generated_outputs\02_ModelComparison\per_output\Thermal characteristics _ Thermal conductivity _ W_m.K\method_comparison_summary.xlsx,C:\Users\chuck\Documents\Codex\_runlinks\TR1\02_ModelComparison\per_output\Thermal characteristics _ Thermal conductivity _ W_m.K\method_comparison_summary.xlsx,9492,ed5f4de6c2afb1f451667ff94b43bf350a37d24b07372668dfac2febc890cc05
02_ModelComparison\per_output\Total energy\method_comparison_fold_metrics.csv,C:\Users\chuck\Documents\Codex\2026-06-22\a2f23dee1d9a824b840a0175ca9a1f4b-https-app-notion-com-p\experiments\lab_001_xy_connection_20260626\results\TRAIN-REPLAY-001\TRAIN-REPLAY-001-20260731-001\generated_outputs\02_ModelComparison\per_output\Total energy\method_comparison_fold_metrics.csv,C:\Users\chuck\Documents\Codex\_runlinks\TR1\02_ModelComparison\per_output\Total energy\method_comparison_fold_metrics.csv,68635,4e29b13591a052012bc23fa61097aef7ff2a872f1e7ff6efd87776c0bf723d33
02_ModelComparison\per_output\Total energy\method_comparison_fold_metrics.xlsx,C:\Users\chuck\Documents\Codex\2026-06-22\a2f23dee1d9a824b840a0175ca9a1f4b-https-app-notion-com-p\experiments\lab_001_xy_connection_20260626\results\TRAIN-REPLAY-001\TRAIN-REPLAY-001-20260731-001\generated_outputs\02_ModelComparison\per_output\Total energy\method_comparison_fold_metrics.xlsx,C:\Users\chuck\Documents\Codex\_runlinks\TR1\02_ModelComparison\per_output\Total energy\method_comparison_fold_metrics.xlsx,17338,81448152db4ee0115a9208d3a0f9bf2ea1ce988bc3310e886a07caae40237806
02_ModelComparison\per_output\Total energy\method_comparison_fold_metrics_ok_only.csv,C:\Users\chuck\Documents\Codex\2026-06-22\a2f23dee1d9a824b840a0175ca9a1f4b-https-app-notion-com-p\experiments\lab_001_xy_connection_20260626\results\TRAIN-REPLAY-001\TRAIN-REPLAY-001-20260731-001\generated_outputs\02_ModelComparison\per_output\Total energy\method_comparison_fold_metrics_ok_only.csv,C:\Users\chuck\Documents\Codex\_runlinks\TR1\02_ModelComparison\per_output\Total energy\method_comparison_fold_metrics_ok_only.csv,68635,4e29b13591a052012bc23fa61097aef7ff2a872f1e7ff6efd87776c0bf723d33
02_ModelComparison\per_output\Total energy\method_comparison_fold_metrics_ok_only.xlsx,C:\Users\chuck\Documents\Codex\2026-06-22\a2f23dee1d9a824b840a0175ca9a1f4b-https-app-notion-com-p\experiments\lab_001_xy_connection_20260626\results\TRAIN-REPLAY-001\TRAIN-REPLAY-001-20260731-001\generated_outputs\02_ModelComparison\per_output\Total energy\method_comparison_fold_metrics_ok_only.xlsx,C:\Users\chuck\Documents\Codex\_runlinks\TR1\02_ModelComparison\per_output\Total energy\method_comparison_fold_metrics_ok_only.xlsx,17338,81448152db4ee0115a9208d3a0f9bf2ea1ce988bc3310e886a07caae40237806
02_ModelComparison\per_output\Total energy\method_comparison_summary.csv,C:\Users\chuck\Documents\Codex\2026-06-22\a2f23dee1d9a824b840a0175ca9a1f4b-https-app-notion-com-p\experiments\lab_001_xy_connection_20260626\results\TRAIN-REPLAY-001\TRAIN-REPLAY-001-20260731-001\generated_outputs\02_ModelComparison\per_output\Total energy\method_comparison_summary.csv,C:\Users\chuck\Documents\Codex\_runlinks\TR1\02_ModelComparison\per_output\Total energy\method_comparison_summary.csv,4598,e4615519477819f43ad161bcebb912fcf6d2969562b15a4f038ceabb980ef408
02_ModelComparison\per_output\Total energy\method_comparison_summary.xlsx,C:\Users\chuck\Documents\Codex\2026-06-22\a2f23dee1d9a824b840a0175ca9a1f4b-https-app-notion-com-p\experiments\lab_001_xy_connection_20260626\results\TRAIN-REPLAY-001\TRAIN-REPLAY-001-20260731-001\generated_outputs\02_ModelComparison\per_output\Total energy\method_comparison_summary.xlsx,C:\Users\chuck\Documents\Codex\_runlinks\TR1\02_ModelComparison\per_output\Total energy\method_comparison_summary.xlsx,8653,6dec254088291221d90e8b3910a3e04bd2ce5b8bc682f6d6f82d58fe6f04764d
02_ModelComparison\per_output\Vibrational response _ FRF (g_N) _ 300-3000 Hz _ AVG\method_comparison_fold_metrics.csv,C:\Users\chuck\Documents\Codex\2026-06-22\a2f23dee1d9a824b840a0175ca9a1f4b-https-app-notion-com-p\experiments\lab_001_xy_connection_20260626\results\TRAIN-REPLAY-001\TRAIN-REPLAY-001-20260731-001\generated_outputs\02_ModelComparison\per_output\Vibrational response _ FRF (g_N) _ 300-3000 Hz _ AVG\method_comparison_fold_metrics.csv,C:\Users\chuck\Documents\Codex\_runlinks\TR1\02_ModelComparison\per_output\Vibrational response _ FRF (g_N) _ 300-3000 Hz _ AVG\method_comparison_fold_metrics.csv,77080,e3cd90ef65a98b2140939d965e54100a7764f1b73db2fa5089173d206e2d1c2e
02_ModelComparison\per_output\Vibrational response _ FRF (g_N) _ 300-3000 Hz _ AVG\method_comparison_fold_metrics.xlsx,C:\Users\chuck\Documents\Codex\2026-06-22\a2f23dee1d9a824b840a0175ca9a1f4b-https-app-notion-com-p\experiments\lab_001_xy_connection_20260626\results\TRAIN-REPLAY-001\TRAIN-REPLAY-001-20260731-001\generated_outputs\02_ModelComparison\per_output\Vibrational response _ FRF (g_N) _ 300-3000 Hz _ AVG\method_comparison_fold_metrics.xlsx,C:\Users\chuck\Documents\Codex\_runlinks\TR1\02_ModelComparison\per_output\Vibrational response _ FRF (g_N) _ 300-3000 Hz _ AVG\method_comparison_fold_metrics.xlsx,18772,f568c52dc8082f87669be8869e1afa0bccb12af8223ca9fc27002557b19fde28
02_ModelComparison\per_output\Vibrational response _ FRF (g_N) _ 300-3000 Hz _ AVG\method_comparison_fold_metrics_ok_only.csv,C:\Users\chuck\Documents\Codex\2026-06-22\a2f23dee1d9a824b840a0175ca9a1f4b-https-app-notion-com-p\experiments\lab_001_xy_connection_20260626\results\TRAIN-REPLAY-001\TRAIN-REPLAY-001-20260731-001\generated_outputs\02_ModelComparison\per_output\Vibrational response _ FRF (g_N) _ 300-3000 Hz _ AVG\method_comparison_fold_metrics_ok_only.csv,C:\Users\chuck\Documents\Codex\_runlinks\TR1\02_ModelComparison\per_output\Vibrational response _ FRF (g_N) _ 300-3000 Hz _ AVG\method_comparison_fold_metrics_ok_only.csv,77080,e3cd90ef65a98b2140939d965e54100a7764f1b73db2fa5089173d206e2d1c2e
02_ModelComparison\per_output\Vibrational response _ FRF (g_N) _ 300-3000 Hz _ AVG\method_comparison_fold_metrics_ok_only.xlsx,C:\Users\chuck\Documents\Codex\2026-06-22\a2f23dee1d9a824b840a0175ca9a1f4b-https-app-notion-com-p\experiments\lab_001_xy_connection_20260626\results\TRAIN-REPLAY-001\TRAIN-REPLAY-001-20260731-001\generated_outputs\02_ModelComparison\per_output\Vibrational response _ FRF (g_N) _ 300-3000 Hz _ AVG\method_comparison_fold_metrics_ok_only.xlsx,C:\Users\chuck\Documents\Codex\_runlinks\TR1\02_ModelComparison\per_output\Vibrational response _ FRF (g_N) _ 300-3000 Hz _ AVG\method_comparison_fold_metrics_ok_only.xlsx,18772,a2dfe08beafbc5391a588f8671b439ceb197fcc306ce92b2936744f98f25fa0c
02_ModelComparison\per_output\Vibrational response _ FRF (g_N) _ 300-3000 Hz _ AVG\method_comparison_summary.csv,C:\Users\chuck\Documents\Codex\2026-06-22\a2f23dee1d9a824b840a0175ca9a1f4b-https-app-notion-com-p\experiments\lab_001_xy_connection_20260626\results\TRAIN-REPLAY-001\TRAIN-REPLAY-001-20260731-001\generated_outputs\02_ModelComparison\per_output\Vibrational response _ FRF (g_N) _ 300-3000 Hz _ AVG\method_comparison_summary.csv,C:\Users\chuck\Documents\Codex\_runlinks\TR1\02_ModelComparison\per_output\Vibrational response _ FRF (g_N) _ 300-3000 Hz _ AVG\method_comparison_summary.csv,5916,1e266ec174e5b51b307f78b532ecc11638f8df5fd8b4cec9d40b87cfb1850fb8
02_ModelComparison\per_output\Vibrational response _ FRF (g_N) _ 300-3000 Hz _ AVG\method_comparison_summary.xlsx,C:\Users\chuck\Documents\Codex\2026-06-22\a2f23dee1d9a824b840a0175ca9a1f4b-https-app-notion-com-p\experiments\lab_001_xy_connection_20260626\results\TRAIN-REPLAY-001\TRAIN-REPLAY-001-20260731-001\generated_outputs\02_ModelComparison\per_output\Vibrational response _ FRF (g_N) _ 300-3000 Hz _ AVG\method_comparison_summary.xlsx,C:\Users\chuck\Documents\Codex\_runlinks\TR1\02_ModelComparison\per_output\Vibrational response _ FRF (g_N) _ 300-3000 Hz _ AVG\method_comparison_summary.xlsx,9236,5d6eb7a09a2b9c12d1fb3ed45169bd8c0c8ba5c67477b3a6e870852f6d4a1243
02_ModelComparison\per_output\Vibrational response _ FRF (g_N) _ 300-8000 Hz _ AVG\method_comparison_fold_metrics.csv,C:\Users\chuck\Documents\Codex\2026-06-22\a2f23dee1d9a824b840a0175ca9a1f4b-https-app-notion-com-p\experiments\lab_001_xy_connection_20260626\results\TRAIN-REPLAY-001\TRAIN-REPLAY-001-20260731-001\generated_outputs\02_ModelComparison\per_output\Vibrational response _ FRF (g_N) _ 300-8000 Hz _ AVG\method_comparison_fold_metrics.csv,C:\Users\chuck\Documents\Codex\_runlinks\TR1\02_ModelComparison\per_output\Vibrational response _ FRF (g_N) _ 300-8000 Hz _ AVG\method_comparison_fold_metrics.csv,71396,9032fe37dceb8e25f4ee68738db09d82c40d4bcb5006172b85a15b59e9d54ef1
02_ModelComparison\per_output\Vibrational response _ FRF (g_N) _ 300-8000 Hz _ AVG\method_comparison_fold_metrics.xlsx,C:\Users\chuck\Documents\Codex\2026-06-22\a2f23dee1d9a824b840a0175ca9a1f4b-https-app-notion-com-p\experiments\lab_001_xy_connection_20260626\results\TRAIN-REPLAY-001\TRAIN-REPLAY-001-20260731-001\generated_outputs\02_ModelComparison\per_output\Vibrational response _ FRF (g_N) _ 300-8000 Hz _ AVG\method_comparison_fold_metrics.xlsx,C:\Users\chuck\Documents\Codex\_runlinks\TR1\02_ModelComparison\per_output\Vibrational response _ FRF (g_N) _ 300-8000 Hz _ AVG\method_comparison_fold_metrics.xlsx,18127,4af659a10534afc3a3120dca757fba5042a9c4bf9652cb961730a9038981a7fa
02_ModelComparison\per_output\Vibrational response _ FRF (g_N) _ 300-8000 Hz _ AVG\method_comparison_fold_metrics_ok_only.csv,C:\Users\chuck\Documents\Codex\2026-06-22\a2f23dee1d9a824b840a0175ca9a1f4b-https-app-notion-com-p\experiments\lab_001_xy_connection_20260626\results\TRAIN-REPLAY-001\TRAIN-REPLAY-001-20260731-001\generated_outputs\02_ModelComparison\per_output\Vibrational response _ FRF (g_N) _ 300-8000 Hz _ AVG\method_comparison_fold_metrics_ok_only.csv,C:\Users\chuck\Documents\Codex\_runlinks\TR1\02_ModelComparison\per_output\Vibrational response _ FRF (g_N) _ 300-8000 Hz _ AVG\method_comparison_fold_metrics_ok_only.csv,71396,9032fe37dceb8e25f4ee68738db09d82c40d4bcb5006172b85a15b59e9d54ef1
02_ModelComparison\per_output\Vibrational response _ FRF (g_N) _ 300-8000 Hz _ AVG\method_comparison_fold_metrics_ok_only.xlsx,C:\Users\chuck\Documents\Codex\2026-06-22\a2f23dee1d9a824b840a0175ca9a1f4b-https-app-notion-com-p\experiments\lab_001_xy_connection_20260626\results\TRAIN-REPLAY-001\TRAIN-REPLAY-001-20260731-001\generated_outputs\02_ModelComparison\per_output\Vibrational response _ FRF (g_N) _ 300-8000 Hz _ AVG\method_comparison_fold_metrics_ok_only.xlsx,C:\Users\chuck\Documents\Codex\_runlinks\TR1\02_ModelComparison\per_output\Vibrational response _ FRF (g_N) _ 300-8000 Hz _ AVG\method_comparison_fold_metrics_ok_only.xlsx,18127,4af659a10534afc3a3120dca757fba5042a9c4bf9652cb961730a9038981a7fa
02_ModelComparison\per_output\Vibrational response _ FRF (g_N) _ 300-8000 Hz _ AVG\method_comparison_summary.csv,C:\Users\chuck\Documents\Codex\2026-06-22\a2f23dee1d9a824b840a0175ca9a1f4b-https-app-notion-com-p\experiments\lab_001_xy_connection_20260626\results\TRAIN-REPLAY-001\TRAIN-REPLAY-001-20260731-001\generated_outputs\02_ModelComparison\per_output\Vibrational response _ FRF (g_N) _ 300-8000 Hz _ AVG\method_comparison_summary.csv,C:\Users\chuck\Documents\Codex\_runlinks\TR1\02_ModelComparison\per_output\Vibrational response _ FRF (g_N) _ 300-8000 Hz _ AVG\method_comparison_summary.csv,5559,99f058c204966184ce419c469372c8409b157e460950b7abd7c1315541690945
02_ModelComparison\per_output\Vibrational response _ FRF (g_N) _ 300-8000 Hz _ AVG\method_comparison_summary.xlsx,C:\Users\chuck\Documents\Codex\2026-06-22\a2f23dee1d9a824b840a0175ca9a1f4b-https-app-notion-com-p\experiments\lab_001_xy_connection_20260626\results\TRAIN-REPLAY-001\TRAIN-REPLAY-001-20260731-001\generated_outputs\02_ModelComparison\per_output\Vibrational response _ FRF (g_N) _ 300-8000 Hz _ AVG\method_comparison_summary.xlsx,C:\Users\chuck\Documents\Codex\_runlinks\TR1\02_ModelComparison\per_output\Vibrational response _ FRF (g_N) _ 300-8000 Hz _ AVG\method_comparison_summary.xlsx,9023,d2aced064c636fcc732e68db3316ba60f0224738ad720e7a9656470b79a234be
02_ModelComparison\per_output\Vibrational response _ FRF (g_N) _ 3000-6500 Hz _ AVG\method_comparison_fold_metrics.csv,C:\Users\chuck\Documents\Codex\2026-06-22\a2f23dee1d9a824b840a0175ca9a1f4b-https-app-notion-com-p\experiments\lab_001_xy_connection_20260626\results\TRAIN-REPLAY-001\TRAIN-REPLAY-001-20260731-001\generated_outputs\02_ModelComparison\per_output\Vibrational response _ FRF (g_N) _ 3000-6500 Hz _ AVG\method_comparison_fold_metrics.csv,C:\Users\chuck\Documents\Codex\_runlinks\TR1\02_ModelComparison\per_output\Vibrational response _ FRF (g_N) _ 3000-6500 Hz _ AVG\method_comparison_fold_metrics.csv,71983,941e2777240812ae7d3dfa4c5b0c475fdb7aac98cbdba76676246a85d3de0c04
02_ModelComparison\per_output\Vibrational response _ FRF (g_N) _ 3000-6500 Hz _ AVG\method_comparison_fold_metrics.xlsx,C:\Users\chuck\Documents\Codex\2026-06-22\a2f23dee1d9a824b840a0175ca9a1f4b-https-app-notion-com-p\experiments\lab_001_xy_connection_20260626\results\TRAIN-REPLAY-001\TRAIN-REPLAY-001-20260731-001\generated_outputs\02_ModelComparison\per_output\Vibrational response _ FRF (g_N) _ 3000-6500 Hz _ AVG\method_comparison_fold_metrics.xlsx,C:\Users\chuck\Documents\Codex\_runlinks\TR1\02_ModelComparison\per_output\Vibrational response _ FRF (g_N) _ 3000-6500 Hz _ AVG\method_comparison_fold_metrics.xlsx,18007,f0d6e45031af6f016050c7b0085076388383e605586e5783caa1ec51398c7db7
02_ModelComparison\per_output\Vibrational response _ FRF (g_N) _ 3000-6500 Hz _ AVG\method_comparison_fold_metrics_ok_only.csv,C:\Users\chuck\Documents\Codex\2026-06-22\a2f23dee1d9a824b840a0175ca9a1f4b-https-app-notion-com-p\experiments\lab_001_xy_connection_20260626\results\TRAIN-REPLAY-001\TRAIN-REPLAY-001-20260731-001\generated_outputs\02_ModelComparison\per_output\Vibrational response _ FRF (g_N) _ 3000-6500 Hz _ AVG\method_comparison_fold_metrics_ok_only.csv,C:\Users\chuck\Documents\Codex\_runlinks\TR1\02_ModelComparison\per_output\Vibrational response _ FRF (g_N) _ 3000-6500 Hz _ AVG\method_comparison_fold_metrics_ok_only.csv,71983,941e2777240812ae7d3dfa4c5b0c475fdb7aac98cbdba76676246a85d3de0c04
02_ModelComparison\per_output\Vibrational response _ FRF (g_N) _ 3000-6500 Hz _ AVG\method_comparison_fold_metrics_ok_only.xlsx,C:\Users\chuck\Documents\Codex\2026-06-22\a2f23dee1d9a824b840a0175ca9a1f4b-https-app-notion-com-p\experiments\lab_001_xy_connection_20260626\results\TRAIN-REPLAY-001\TRAIN-REPLAY-001-20260731-001\generated_outputs\02_ModelComparison\per_output\Vibrational response _ FRF (g_N) _ 3000-6500 Hz _ AVG\method_comparison_fold_metrics_ok_only.xlsx,C:\Users\chuck\Documents\Codex\_runlinks\TR1\02_ModelComparison\per_output\Vibrational response _ FRF (g_N) _ 3000-6500 Hz _ AVG\method_comparison_fold_metrics_ok_only.xlsx,18007,694f7002d4ef00d8b1c6c5aa14640a6da5585fdf4e27059a2a3f769c7c9636e8
02_ModelComparison\per_output\Vibrational response _ FRF (g_N) _ 3000-6500 Hz _ AVG\method_comparison_summary.csv,C:\Users\chuck\Documents\Codex\2026-06-22\a2f23dee1d9a824b840a0175ca9a1f4b-https-app-notion-com-p\experiments\lab_001_xy_connection_20260626\results\TRAIN-REPLAY-001\TRAIN-REPLAY-001-20260731-001\generated_outputs\02_ModelComparison\per_output\Vibrational response _ FRF (g_N) _ 3000-6500 Hz _ AVG\method_comparison_summary.csv,C:\Users\chuck\Documents\Codex\_runlinks\TR1\02_ModelComparison\per_output\Vibrational response _ FRF (g_N) _ 3000-6500 Hz _ AVG\method_comparison_summary.csv,5311,f9800306f8ad576c417a9e1c73ca7d1adbd19d1346735dfdcd1f938c7e6f7565
02_ModelComparison\per_output\Vibrational response _ FRF (g_N) _ 3000-6500 Hz _ AVG\method_comparison_summary.xlsx,C:\Users\chuck\Documents\Codex\2026-06-22\a2f23dee1d9a824b840a0175ca9a1f4b-https-app-notion-com-p\experiments\lab_001_xy_connection_20260626\results\TRAIN-REPLAY-001\TRAIN-REPLAY-001-20260731-001\generated_outputs\02_ModelComparison\per_output\Vibrational response _ FRF (g_N) _ 3000-6500 Hz _ AVG\method_comparison_summary.xlsx,C:\Users\chuck\Documents\Codex\_runlinks\TR1\02_ModelComparison\per_output\Vibrational response _ FRF (g_N) _ 3000-6500 Hz _ AVG\method_comparison_summary.xlsx,8853,88c3e88bb8ac1dbc57fec01f44e54d2b65b5420062ad9b27549ed74f8da18dc4
02_ModelComparison\per_output\Vibrational response _ FRF (g_N) _ 6500-8000 Hz _ AVG\method_comparison_fold_metrics.csv,C:\Users\chuck\Documents\Codex\2026-06-22\a2f23dee1d9a824b840a0175ca9a1f4b-https-app-notion-com-p\experiments\lab_001_xy_connection_20260626\results\TRAIN-REPLAY-001\TRAIN-REPLAY-001-20260731-001\generated_outputs\02_ModelComparison\per_output\Vibrational response _ FRF (g_N) _ 6500-8000 Hz _ AVG\method_comparison_fold_metrics.csv,C:\Users\chuck\Documents\Codex\_runlinks\TR1\02_ModelComparison\per_output\Vibrational response _ FRF (g_N) _ 6500-8000 Hz _ AVG\method_comparison_fold_metrics.csv,76661,41e2081f3b1c9821fbafb1d5a072e59cbaf8084f8410f14f731b3aa5bbb81824
02_ModelComparison\per_output\Vibrational response _ FRF (g_N) _ 6500-8000 Hz _ AVG\method_comparison_fold_metrics.xlsx,C:\Users\chuck\Documents\Codex\2026-06-22\a2f23dee1d9a824b840a0175ca9a1f4b-https-app-notion-com-p\experiments\lab_001_xy_connection_20260626\results\TRAIN-REPLAY-001\TRAIN-REPLAY-001-20260731-001\generated_outputs\02_ModelComparison\per_output\Vibrational response _ FRF (g_N) _ 6500-8000 Hz _ AVG\method_comparison_fold_metrics.xlsx,C:\Users\chuck\Documents\Codex\_runlinks\TR1\02_ModelComparison\per_output\Vibrational response _ FRF (g_N) _ 6500-8000 Hz _ AVG\method_comparison_fold_metrics.xlsx,18526,998b029bfffe9727c5a50bf7e65032e09702c909d14924e369fcb51f8088c049
02_ModelComparison\per_output\Vibrational response _ FRF (g_N) _ 6500-8000 Hz _ AVG\method_comparison_fold_metrics_ok_only.csv,C:\Users\chuck\Documents\Codex\2026-06-22\a2f23dee1d9a824b840a0175ca9a1f4b-https-app-notion-com-p\experiments\lab_001_xy_connection_20260626\results\TRAIN-REPLAY-001\TRAIN-REPLAY-001-20260731-001\generated_outputs\02_ModelComparison\per_output\Vibrational response _ FRF (g_N) _ 6500-8000 Hz _ AVG\method_comparison_fold_metrics_ok_only.csv,C:\Users\chuck\Documents\Codex\_runlinks\TR1\02_ModelComparison\per_output\Vibrational response _ FRF (g_N) _ 6500-8000 Hz _ AVG\method_comparison_fold_metrics_ok_only.csv,76661,41e2081f3b1c9821fbafb1d5a072e59cbaf8084f8410f14f731b3aa5bbb81824
02_ModelComparison\per_output\Vibrational response _ FRF (g_N) _ 6500-8000 Hz _ AVG\method_comparison_fold_metrics_ok_only.xlsx,C:\Users\chuck\Documents\Codex\2026-06-22\a2f23dee1d9a824b840a0175ca9a1f4b-https-app-notion-com-p\experiments\lab_001_xy_connection_20260626\results\TRAIN-REPLAY-001\TRAIN-REPLAY-001-20260731-001\generated_outputs\02_ModelComparison\per_output\Vibrational response _ FRF (g_N) _ 6500-8000 Hz _ AVG\method_comparison_fold_metrics_ok_only.xlsx,C:\Users\chuck\Documents\Codex\_runlinks\TR1\02_ModelComparison\per_output\Vibrational response _ FRF (g_N) _ 6500-8000 Hz _ AVG\method_comparison_fold_metrics_ok_only.xlsx,18526,998b029bfffe9727c5a50bf7e65032e09702c909d14924e369fcb51f8088c049
02_ModelComparison\per_output\Vibrational response _ FRF (g_N) _ 6500-8000 Hz _ AVG\method_comparison_summary.csv,C:\Users\chuck\Documents\Codex\2026-06-22\a2f23dee1d9a824b840a0175ca9a1f4b-https-app-notion-com-p\experiments\lab_001_xy_connection_20260626\results\TRAIN-REPLAY-001\TRAIN-REPLAY-001-20260731-001\generated_outputs\02_ModelComparison\per_output\Vibrational response _ FRF (g_N) _ 6500-8000 Hz _ AVG\method_comparison_summary.csv,C:\Users\chuck\Documents\Codex\_runlinks\TR1\02_ModelComparison\per_output\Vibrational response _ FRF (g_N) _ 6500-8000 Hz _ AVG\method_comparison_summary.csv,5798,44fe53f7c61631a0f04f46dc03609217065733035b7bb4152dc360637d4d6f9d
02_ModelComparison\per_output\Vibrational response _ FRF (g_N) _ 6500-8000 Hz _ AVG\method_comparison_summary.xlsx,C:\Users\chuck\Documents\Codex\2026-06-22\a2f23dee1d9a824b840a0175ca9a1f4b-https-app-notion-com-p\experiments\lab_001_xy_connection_20260626\results\TRAIN-REPLAY-001\TRAIN-REPLAY-001-20260731-001\generated_outputs\02_ModelComparison\per_output\Vibrational response _ FRF (g_N) _ 6500-8000 Hz _ AVG\method_comparison_summary.xlsx,C:\Users\chuck\Documents\Codex\_runlinks\TR1\02_ModelComparison\per_output\Vibrational response _ FRF (g_N) _ 6500-8000 Hz _ AVG\method_comparison_summary.xlsx,9220,bb852af45ee514d176eb62e6e244e651747b5bf514b6b3a5fe84ed88c3fd69bb
02_ModelComparison\per_output\Yield strength\method_comparison_fold_metrics.csv,C:\Users\chuck\Documents\Codex\2026-06-22\a2f23dee1d9a824b840a0175ca9a1f4b-https-app-notion-com-p\experiments\lab_001_xy_connection_20260626\results\TRAIN-REPLAY-001\TRAIN-REPLAY-001-20260731-001\generated_outputs\02_ModelComparison\per_output\Yield strength\method_comparison_fold_metrics.csv,C:\Users\chuck\Documents\Codex\_runlinks\TR1\02_ModelComparison\per_output\Yield strength\method_comparison_fold_metrics.csv,67825,0d482fc660ae02af7b8857f1bba85946319e3110eaf53cdac6cef1bef23995fc
02_ModelComparison\per_output\Yield strength\method_comparison_fold_metrics.xlsx,C:\Users\chuck\Documents\Codex\2026-06-22\a2f23dee1d9a824b840a0175ca9a1f4b-https-app-notion-com-p\experiments\lab_001_xy_connection_20260626\results\TRAIN-REPLAY-001\TRAIN-REPLAY-001-20260731-001\generated_outputs\02_ModelComparison\per_output\Yield strength\method_comparison_fold_metrics.xlsx,C:\Users\chuck\Documents\Codex\_runlinks\TR1\02_ModelComparison\per_output\Yield strength\method_comparison_fold_metrics.xlsx,16810,270e092b1e3f3d928f23c051078c0e31d14464c4d5224662b7bb6b6db5c3c8fb
02_ModelComparison\per_output\Yield strength\method_comparison_fold_metrics_ok_only.csv,C:\Users\chuck\Documents\Codex\2026-06-22\a2f23dee1d9a824b840a0175ca9a1f4b-https-app-notion-com-p\experiments\lab_001_xy_connection_20260626\results\TRAIN-REPLAY-001\TRAIN-REPLAY-001-20260731-001\generated_outputs\02_ModelComparison\per_output\Yield strength\method_comparison_fold_metrics_ok_only.csv,C:\Users\chuck\Documents\Codex\_runlinks\TR1\02_ModelComparison\per_output\Yield strength\method_comparison_fold_metrics_ok_only.csv,67825,0d482fc660ae02af7b8857f1bba85946319e3110eaf53cdac6cef1bef23995fc
02_ModelComparison\per_output\Yield strength\method_comparison_fold_metrics_ok_only.xlsx,C:\Users\chuck\Documents\Codex\2026-06-22\a2f23dee1d9a824b840a0175ca9a1f4b-https-app-notion-com-p\experiments\lab_001_xy_connection_20260626\results\TRAIN-REPLAY-001\TRAIN-REPLAY-001-20260731-001\generated_outputs\02_ModelComparison\per_output\Yield strength\method_comparison_fold_metrics_ok_only.xlsx,C:\Users\chuck\Documents\Codex\_runlinks\TR1\02_ModelComparison\per_output\Yield strength\method_comparison_fold_metrics_ok_only.xlsx,16810,270e092b1e3f3d928f23c051078c0e31d14464c4d5224662b7bb6b6db5c3c8fb
02_ModelComparison\per_output\Yield strength\method_comparison_summary.csv,C:\Users\chuck\Documents\Codex\2026-06-22\a2f23dee1d9a824b840a0175ca9a1f4b-https-app-notion-com-p\experiments\lab_001_xy_connection_20260626\results\TRAIN-REPLAY-001\TRAIN-REPLAY-001-20260731-001\generated_outputs\02_ModelComparison\per_output\Yield strength\method_comparison_summary.csv,C:\Users\chuck\Documents\Codex\_runlinks\TR1\02_ModelComparison\per_output\Yield strength\method_comparison_summary.csv,5539,1bf0dd924b952149b8b9439f7bcddcd36428ab8ebeb79308506de5be663c5b55
02_ModelComparison\per_output\Yield strength\method_comparison_summary.xlsx,C:\Users\chuck\Documents\Codex\2026-06-22\a2f23dee1d9a824b840a0175ca9a1f4b-https-app-notion-com-p\experiments\lab_001_xy_connection_20260626\results\TRAIN-REPLAY-001\TRAIN-REPLAY-001-20260731-001\generated_outputs\02_ModelComparison\per_output\Yield strength\method_comparison_summary.xlsx,C:\Users\chuck\Documents\Codex\_runlinks\TR1\02_ModelComparison\per_output\Yield strength\method_comparison_summary.xlsx,9107,d10220a059fa1edfb88d3abbeee0f9fede30eb917b8881e852be71dc8971f2ab
02_ModelComparison\repeated_group_target_variance_diag.csv,C:\Users\chuck\Documents\Codex\2026-06-22\a2f23dee1d9a824b840a0175ca9a1f4b-https-app-notion-com-p\experiments\lab_001_xy_connection_20260626\results\TRAIN-REPLAY-001\TRAIN-REPLAY-001-20260731-001\generated_outputs\02_ModelComparison\repeated_group_target_variance_diag.csv,C:\Users\chuck\Documents\Codex\_runlinks\TR1\02_ModelComparison\repeated_group_target_variance_diag.csv,1207,a98600466bf4413e5a6e20b5341c1d559a94960170176b503896f7fd8756af74
02_ModelComparison\repeated_group_target_variance_diag.xlsx,C:\Users\chuck\Documents\Codex\2026-06-22\a2f23dee1d9a824b840a0175ca9a1f4b-https-app-notion-com-p\experiments\lab_001_xy_connection_20260626\results\TRAIN-REPLAY-001\TRAIN-REPLAY-001-20260731-001\generated_outputs\02_ModelComparison\repeated_group_target_variance_diag.xlsx,C:\Users\chuck\Documents\Codex\_runlinks\TR1\02_ModelComparison\repeated_group_target_variance_diag.xlsx,6260,5ce397c8e2462aecb6ee6f2974ae0a5d48a2dbc2c3e53f25b858105835fd5a80
02_ModelComparison\target_variance_diagnostics.csv,C:\Users\chuck\Documents\Codex\2026-06-22\a2f23dee1d9a824b840a0175ca9a1f4b-https-app-notion-com-p\experiments\lab_001_xy_connection_20260626\results\TRAIN-REPLAY-001\TRAIN-REPLAY-001-20260731-001\generated_outputs\02_ModelComparison\target_variance_diagnostics.csv,C:\Users\chuck\Documents\Codex\_runlinks\TR1\02_ModelComparison\target_variance_diagnostics.csv,1435,e842a80d5350714f9fb7ced6e4d3c0109a47b9340d61eae9fc23d838c03007ac
02_ModelComparison\target_variance_diagnostics.xlsx,C:\Users\chuck\Documents\Codex\2026-06-22\a2f23dee1d9a824b840a0175ca9a1f4b-https-app-notion-com-p\experiments\lab_001_xy_connection_20260626\results\TRAIN-REPLAY-001\TRAIN-REPLAY-001-20260731-001\generated_outputs\02_ModelComparison\target_variance_diagnostics.xlsx,C:\Users\chuck\Documents\Codex\_runlinks\TR1\02_ModelComparison\target_variance_diagnostics.xlsx,6348,726d8dd1ae1e585331067a7d95b5d56d84a442eba3eb0250d75290e975da34bd
03_FinalModelBackup\APS_model_backup.joblib,C:\Users\chuck\Documents\Codex\2026-06-22\a2f23dee1d9a824b840a0175ca9a1f4b-https-app-notion-com-p\experiments\lab_001_xy_connection_20260626\results\TRAIN-REPLAY-001\TRAIN-REPLAY-001-20260731-001\generated_outputs\03_FinalModelBackup\APS_model_backup.joblib,C:\Users\chuck\Documents\Codex\_runlinks\TR1\03_FinalModelBackup\APS_model_backup.joblib,123249,25a9e1051f1d68ffb16e26b9f20dfc505483bae71cb0c385858458d4a2d5e1cd
03_FinalModelBackup\AS_model_backup.joblib,C:\Users\chuck\Documents\Codex\2026-06-22\a2f23dee1d9a824b840a0175ca9a1f4b-https-app-notion-com-p\experiments\lab_001_xy_connection_20260626\results\TRAIN-REPLAY-001\TRAIN-REPLAY-001-20260731-001\generated_outputs\03_FinalModelBackup\AS_model_backup.joblib,C:\Users\chuck\Documents\Codex\_runlinks\TR1\03_FinalModelBackup\AS_model_backup.joblib,111405,4b266bf976e450e683102720f5ff81ae85f44e1b65b87d89e053f50cadf16aed
03_FinalModelBackup\Com. Strength_model_backup.joblib,C:\Users\chuck\Documents\Codex\2026-06-22\a2f23dee1d9a824b840a0175ca9a1f4b-https-app-notion-com-p\experiments\lab_001_xy_connection_20260626\results\TRAIN-REPLAY-001\TRAIN-REPLAY-001-20260731-001\generated_outputs\03_FinalModelBackup\Com. Strength_model_backup.joblib,C:\Users\chuck\Documents\Codex\_runlinks\TR1\03_FinalModelBackup\Com. Strength_model_backup.joblib,111945,5c6ccf6512ce4c14235ac84a747dbc6e8d8b18338dc6a5f6570bc09ff6937754
03_FinalModelBackup\Densif. strength_model_backup.joblib,C:\Users\chuck\Documents\Codex\2026-06-22\a2f23dee1d9a824b840a0175ca9a1f4b-https-app-notion-com-p\experiments\lab_001_xy_connection_20260626\results\TRAIN-REPLAY-001\TRAIN-REPLAY-001-20260731-001\generated_outputs\03_FinalModelBackup\Densif. strength_model_backup.joblib,C:\Users\chuck\Documents\Codex\_runlinks\TR1\03_FinalModelBackup\Densif. strength_model_backup.joblib,112885,338fd6adf2f641e83753837f8802f22e158c9b97f4a609e9d427de796874cf93
03_FinalModelBackup\Modulus_model_backup.joblib,C:\Users\chuck\Documents\Codex\2026-06-22\a2f23dee1d9a824b840a0175ca9a1f4b-https-app-notion-com-p\experiments\lab_001_xy_connection_20260626\results\TRAIN-REPLAY-001\TRAIN-REPLAY-001-20260731-001\generated_outputs\03_FinalModelBackup\Modulus_model_backup.joblib,C:\Users\chuck\Documents\Codex\_runlinks\TR1\03_FinalModelBackup\Modulus_model_backup.joblib,129392,a7e3c47f6b85130708d5d532245b3713e869890b9dd22c0dea1b065708d7884b
03_FinalModelBackup\Thermal characteristics _ Cooling rate _ °C_s_model_backup.joblib,C:\Users\chuck\Documents\Codex\2026-06-22\a2f23dee1d9a824b840a0175ca9a1f4b-https-app-notion-com-p\experiments\lab_001_xy_connection_20260626\results\TRAIN-REPLAY-001\TRAIN-REPLAY-001-20260731-001\generated_outputs\03_FinalModelBackup\Thermal characteristics _ Cooling rate _ °C_s_model_backup.joblib,C:\Users\chuck\Documents\Codex\_runlinks\TR1\03_FinalModelBackup\Thermal characteristics _ Cooling rate _ °C_s_model_backup.joblib,132881,c88054ae425339b763a3cfd5d71f13e62b5c9331424809493826aa2c2a9e3279
03_FinalModelBackup\Thermal characteristics _ h _ W_m.K_model_backup.joblib,C:\Users\chuck\Documents\Codex\2026-06-22\a2f23dee1d9a824b840a0175ca9a1f4b-https-app-notion-com-p\experiments\lab_001_xy_connection_20260626\results\TRAIN-REPLAY-001\TRAIN-REPLAY-001-20260731-001\generated_outputs\03_FinalModelBackup\Thermal characteristics _ h _ W_m.K_model_backup.joblib,C:\Users\chuck\Documents\Codex\_runlinks\TR1\03_FinalModelBackup\Thermal characteristics _ h _ W_m.K_model_backup.joblib,54460,2a7245db29e80500d3abbb3c72edfda7d5f41fc32da4f6bdf095108e583ae752
03_FinalModelBackup\Thermal characteristics _ Heating rate _ °C_s_model_backup.joblib,C:\Users\chuck\Documents\Codex\2026-06-22\a2f23dee1d9a824b840a0175ca9a1f4b-https-app-notion-com-p\experiments\lab_001_xy_connection_20260626\results\TRAIN-REPLAY-001\TRAIN-REPLAY-001-20260731-001\generated_outputs\03_FinalModelBackup\Thermal characteristics _ Heating rate _ °C_s_model_backup.joblib,C:\Users\chuck\Documents\Codex\_runlinks\TR1\03_FinalModelBackup\Thermal characteristics _ Heating rate _ °C_s_model_backup.joblib,131380,915145d8db36c6875e5d7778a5cee3a11335a603ae09fa48b42330960a3fcb30
03_FinalModelBackup\Thermal characteristics _ Heating Temp _ °C_s_model_backup.joblib,C:\Users\chuck\Documents\Codex\2026-06-22\a2f23dee1d9a824b840a0175ca9a1f4b-https-app-notion-com-p\experiments\lab_001_xy_connection_20260626\results\TRAIN-REPLAY-001\TRAIN-REPLAY-001-20260731-001\generated_outputs\03_FinalModelBackup\Thermal characteristics _ Heating Temp _ °C_s_model_backup.joblib,C:\Users\chuck\Documents\Codex\_runlinks\TR1\03_FinalModelBackup\Thermal characteristics _ Heating Temp _ °C_s_model_backup.joblib,145358,1715828c56b7b598bf358449589522b2aa5d47af9a75917bf65c09b3cd4b566c
03_FinalModelBackup\Thermal characteristics _ Thermal conductivity _ W_m.K_model_backup.joblib,C:\Users\chuck\Documents\Codex\2026-06-22\a2f23dee1d9a824b840a0175ca9a1f4b-https-app-notion-com-p\experiments\lab_001_xy_connection_20260626\results\TRAIN-REPLAY-001\TRAIN-REPLAY-001-20260731-001\generated_outputs\03_FinalModelBackup\Thermal characteristics _ Thermal conductivity _ W_m.K_model_backup.joblib,C:\Users\chuck\Documents\Codex\_runlinks\TR1\03_FinalModelBackup\Thermal characteristics _ Thermal conductivity _ W_m.K_model_backup.joblib,130395,ffd211d8a40243652e8e67ede39a974fa1af375f521dd41786ec5f8c0731ab31
03_FinalModelBackup\Total energy_model_backup.joblib,C:\Users\chuck\Documents\Codex\2026-06-22\a2f23dee1d9a824b840a0175ca9a1f4b-https-app-notion-com-p\experiments\lab_001_xy_connection_20260626\results\TRAIN-REPLAY-001\TRAIN-REPLAY-001-20260731-001\generated_outputs\03_FinalModelBackup\Total energy_model_backup.joblib,C:\Users\chuck\Documents\Codex\_runlinks\TR1\03_FinalModelBackup\Total energy_model_backup.joblib,127091,c9ad857587afe88c626fbffcf3968b03f03efcf9c975b62f3cdcb468f85b68c1
03_FinalModelBackup\Vibrational response _ FRF (g_N) _ 300-3000 Hz _ AVG_model_backup.joblib,C:\Users\chuck\Documents\Codex\2026-06-22\a2f23dee1d9a824b840a0175ca9a1f4b-https-app-notion-com-p\experiments\lab_001_xy_connection_20260626\results\TRAIN-REPLAY-001\TRAIN-REPLAY-001-20260731-001\generated_outputs\03_FinalModelBackup\Vibrational response _ FRF (g_N) _ 300-3000 Hz _ AVG_model_backup.joblib,C:\Users\chuck\Documents\Codex\_runlinks\TR1\03_FinalModelBackup\Vibrational response _ FRF (g_N) _ 300-3000 Hz _ AVG_model_backup.joblib,275158,f44c58615296588e8edbfb490aeb600b820404c9705beb305e22fef33c6729a8
03_FinalModelBackup\Vibrational response _ FRF (g_N) _ 3000-6500 Hz _ AVG_model_backup.joblib,C:\Users\chuck\Documents\Codex\2026-06-22\a2f23dee1d9a824b840a0175ca9a1f4b-https-app-notion-com-p\experiments\lab_001_xy_connection_20260626\results\TRAIN-REPLAY-001\TRAIN-REPLAY-001-20260731-001\generated_outputs\03_FinalModelBackup\Vibrational response _ FRF (g_N) _ 3000-6500 Hz _ AVG_model_backup.joblib,C:\Users\chuck\Documents\Codex\_runlinks\TR1\03_FinalModelBackup\Vibrational response _ FRF (g_N) _ 3000-6500 Hz _ AVG_model_backup.joblib,254261,6d8c56b0f53797e5c4e18cb794922b8fac9bf12d0e496cc3225ed54546b7354f
04_FinalSelectedDatasets\APS_candidate_repeated_rows.csv,C:\Users\chuck\Documents\Codex\2026-06-22\a2f23dee1d9a824b840a0175ca9a1f4b-https-app-notion-com-p\experiments\lab_001_xy_connection_20260626\results\TRAIN-REPLAY-001\TRAIN-REPLAY-001-20260731-001\generated_outputs\04_FinalSelectedDatasets\APS_candidate_repeated_rows.csv,C:\Users\chuck\Documents\Codex\_runlinks\TR1\04_FinalSelectedDatasets\APS_candidate_repeated_rows.csv,268118,871c6a0a2251c92804e6ccd52ef6fce0e9568cc2872b7210eef5d3caf3129931
04_FinalSelectedDatasets\APS_candidate_repeated_rows.xlsx,C:\Users\chuck\Documents\Codex\2026-06-22\a2f23dee1d9a824b840a0175ca9a1f4b-https-app-notion-com-p\experiments\lab_001_xy_connection_20260626\results\TRAIN-REPLAY-001\TRAIN-REPLAY-001-20260731-001\generated_outputs\04_FinalSelectedDatasets\APS_candidate_repeated_rows.xlsx,C:\Users\chuck\Documents\Codex\_runlinks\TR1\04_FinalSelectedDatasets\APS_candidate_repeated_rows.xlsx,151739,ccb626250bb51a7972d2b6cee17badadaf3ccb7715fc7b362ecb18e6a5a250c8
04_FinalSelectedDatasets\APS_feature_rank.csv,C:\Users\chuck\Documents\Codex\2026-06-22\a2f23dee1d9a824b840a0175ca9a1f4b-https-app-notion-com-p\experiments\lab_001_xy_connection_20260626\results\TRAIN-REPLAY-001\TRAIN-REPLAY-001-20260731-001\generated_outputs\04_FinalSelectedDatasets\APS_feature_rank.csv,C:\Users\chuck\Documents\Codex\_runlinks\TR1\04_FinalSelectedDatasets\APS_feature_rank.csv,19942,351a8a396cf3d4c0b8cbfba49adfb1000e71edba69f8cf3e200339ed3ea51cfa
04_FinalSelectedDatasets\APS_feature_rank.xlsx,C:\Users\chuck\Documents\Codex\2026-06-22\a2f23dee1d9a824b840a0175ca9a1f4b-https-app-notion-com-p\experiments\lab_001_xy_connection_20260626\results\TRAIN-REPLAY-001\TRAIN-REPLAY-001-20260731-001\generated_outputs\04_FinalSelectedDatasets\APS_feature_rank.xlsx,C:\Users\chuck\Documents\Codex\_runlinks\TR1\04_FinalSelectedDatasets\APS_feature_rank.xlsx,12929,a19b08bd61b189979ec9da811835c7b2949cfd0a3c12e3185a8b44152ef166c2
04_FinalSelectedDatasets\APS_final_selected_input_output.csv,C:\Users\chuck\Documents\Codex\2026-06-22\a2f23dee1d9a824b840a0175ca9a1f4b-https-app-notion-com-p\experiments\lab_001_xy_connection_20260626\results\TRAIN-REPLAY-001\TRAIN-REPLAY-001-20260731-001\generated_outputs\04_FinalSelectedDatasets\APS_final_selected_input_output.csv,C:\Users\chuck\Documents\Codex\_runlinks\TR1\04_FinalSelectedDatasets\APS_final_selected_input_output.csv,114825,a27e8c2cda06b95b663e25b37343bc320720042f0e5e2ee832972465f9b46895
04_FinalSelectedDatasets\APS_final_selected_input_output.xlsx,C:\Users\chuck\Documents\Codex\2026-06-22\a2f23dee1d9a824b840a0175ca9a1f4b-https-app-notion-com-p\experiments\lab_001_xy_connection_20260626\results\TRAIN-REPLAY-001\TRAIN-REPLAY-001-20260731-001\generated_outputs\04_FinalSelectedDatasets\APS_final_selected_input_output.xlsx,C:\Users\chuck\Documents\Codex\_runlinks\TR1\04_FinalSelectedDatasets\APS_final_selected_input_output.xlsx,55149,1cf6fa36640b6a3bba16e7287c3866af6c63b3c305ede40c2237473f7a8a5d68
04_FinalSelectedDatasets\AS_candidate_repeated_rows.csv,C:\Users\chuck\Documents\Codex\2026-06-22\a2f23dee1d9a824b840a0175ca9a1f4b-https-app-notion-com-p\experiments\lab_001_xy_connection_20260626\results\TRAIN-REPLAY-001\TRAIN-REPLAY-001-20260731-001\generated_outputs\04_FinalSelectedDatasets\AS_candidate_repeated_rows.csv,C:\Users\chuck\Documents\Codex\_runlinks\TR1\04_FinalSelectedDatasets\AS_candidate_repeated_rows.csv,268118,3942dc2f303e2dc9a30341d72f85249b989fc09160a2205253f300ee6ea7648e
04_FinalSelectedDatasets\AS_candidate_repeated_rows.xlsx,C:\Users\chuck\Documents\Codex\2026-06-22\a2f23dee1d9a824b840a0175ca9a1f4b-https-app-notion-com-p\experiments\lab_001_xy_connection_20260626\results\TRAIN-REPLAY-001\TRAIN-REPLAY-001-20260731-001\generated_outputs\04_FinalSelectedDatasets\AS_candidate_repeated_rows.xlsx,C:\Users\chuck\Documents\Codex\_runlinks\TR1\04_FinalSelectedDatasets\AS_candidate_repeated_rows.xlsx,151746,1f186dd14281713b3aaa1640069e74a196739495ad9b1f4327a4c1b3091e318e
04_FinalSelectedDatasets\AS_feature_rank.csv,C:\Users\chuck\Documents\Codex\2026-06-22\a2f23dee1d9a824b840a0175ca9a1f4b-https-app-notion-com-p\experiments\lab_001_xy_connection_20260626\results\TRAIN-REPLAY-001\TRAIN-REPLAY-001-20260731-001\generated_outputs\04_FinalSelectedDatasets\AS_feature_rank.csv,C:\Users\chuck\Documents\Codex\_runlinks\TR1\04_FinalSelectedDatasets\AS_feature_rank.csv,19911,b7a70d5d050edc09eca52fa640b006894e23c4ad2b83c6c6639b659425e7ce70
04_FinalSelectedDatasets\AS_feature_rank.xlsx,C:\Users\chuck\Documents\Codex\2026-06-22\a2f23dee1d9a824b840a0175ca9a1f4b-https-app-notion-com-p\experiments\lab_001_xy_connection_20260626\results\TRAIN-REPLAY-001\TRAIN-REPLAY-001-20260731-001\generated_outputs\04_FinalSelectedDatasets\AS_feature_rank.xlsx,C:\Users\chuck\Documents\Codex\_runlinks\TR1\04_FinalSelectedDatasets\AS_feature_rank.xlsx,12915,9e8a05dab4ffebd0609563ebb53fad7fb289e099b6d0243da339d295bc30f02b
04_FinalSelectedDatasets\AS_final_selected_input_output.csv,C:\Users\chuck\Documents\Codex\2026-06-22\a2f23dee1d9a824b840a0175ca9a1f4b-https-app-notion-com-p\experiments\lab_001_xy_connection_20260626\results\TRAIN-REPLAY-001\TRAIN-REPLAY-001-20260731-001\generated_outputs\04_FinalSelectedDatasets\AS_final_selected_input_output.csv,C:\Users\chuck\Documents\Codex\_runlinks\TR1\04_FinalSelectedDatasets\AS_final_selected_input_output.csv,108722,ec180462a09a8d9a4dfc0b2c37611649b8abe3d63ab8c982a12dc35a2e9a6df8
04_FinalSelectedDatasets\AS_final_selected_input_output.xlsx,C:\Users\chuck\Documents\Codex\2026-06-22\a2f23dee1d9a824b840a0175ca9a1f4b-https-app-notion-com-p\experiments\lab_001_xy_connection_20260626\results\TRAIN-REPLAY-001\TRAIN-REPLAY-001-20260731-001\generated_outputs\04_FinalSelectedDatasets\AS_final_selected_input_output.xlsx,C:\Users\chuck\Documents\Codex\_runlinks\TR1\04_FinalSelectedDatasets\AS_final_selected_input_output.xlsx,50892,099f27b87472df18e6d7075dab49edcbf552218bf98492ea1012351a5a30a8f8
04_FinalSelectedDatasets\Com. Strength_candidate_repeated_rows.csv,C:\Users\chuck\Documents\Codex\2026-06-22\a2f23dee1d9a824b840a0175ca9a1f4b-https-app-notion-com-p\experiments\lab_001_xy_connection_20260626\results\TRAIN-REPLAY-001\TRAIN-REPLAY-001-20260731-001\generated_outputs\04_FinalSelectedDatasets\Com. Strength_candidate_repeated_rows.csv,C:\Users\chuck\Documents\Codex\_runlinks\TR1\04_FinalSelectedDatasets\Com. Strength_candidate_repeated_rows.csv,268114,c4b1f8d18db9d765638b508790647c3a40948a8934d04ba654504d3c1b1b9302
04_FinalSelectedDatasets\Com. Strength_candidate_repeated_rows.xlsx,C:\Users\chuck\Documents\Codex\2026-06-22\a2f23dee1d9a824b840a0175ca9a1f4b-https-app-notion-com-p\experiments\lab_001_xy_connection_20260626\results\TRAIN-REPLAY-001\TRAIN-REPLAY-001-20260731-001\generated_outputs\04_FinalSelectedDatasets\Com. Strength_candidate_repeated_rows.xlsx,C:\Users\chuck\Documents\Codex\_runlinks\TR1\04_FinalSelectedDatasets\Com. Strength_candidate_repeated_rows.xlsx,151739,7b3bb30bd8b0dc75bcd83f3dff375fe09357dd739ac08af485b3dce8bb7399dd
04_FinalSelectedDatasets\Com. Strength_feature_rank.csv,C:\Users\chuck\Documents\Codex\2026-06-22\a2f23dee1d9a824b840a0175ca9a1f4b-https-app-notion-com-p\experiments\lab_001_xy_connection_20260626\results\TRAIN-REPLAY-001\TRAIN-REPLAY-001-20260731-001\generated_outputs\04_FinalSelectedDatasets\Com. Strength_feature_rank.csv,C:\Users\chuck\Documents\Codex\_runlinks\TR1\04_FinalSelectedDatasets\Com. Strength_feature_rank.csv,19989,95a0d70bfaf35f5962137a2d9b035e4dbcac29a7f145bd90df2f37cd02548df3
04_FinalSelectedDatasets\Com. Strength_feature_rank.xlsx,C:\Users\chuck\Documents\Codex\2026-06-22\a2f23dee1d9a824b840a0175ca9a1f4b-https-app-notion-com-p\experiments\lab_001_xy_connection_20260626\results\TRAIN-REPLAY-001\TRAIN-REPLAY-001-20260731-001\generated_outputs\04_FinalSelectedDatasets\Com. Strength_feature_rank.xlsx,C:\Users\chuck\Documents\Codex\_runlinks\TR1\04_FinalSelectedDatasets\Com. Strength_feature_rank.xlsx,12977,fecbd49bc35479d8b1e5c2632eb8f66f814419c960ef3eec04d4eaf3a46b2071
04_FinalSelectedDatasets\Com. Strength_final_selected_input_output.csv,C:\Users\chuck\Documents\Codex\2026-06-22\a2f23dee1d9a824b840a0175ca9a1f4b-https-app-notion-com-p\experiments\lab_001_xy_connection_20260626\results\TRAIN-REPLAY-001\TRAIN-REPLAY-001-20260731-001\generated_outputs\04_FinalSelectedDatasets\Com. Strength_final_selected_input_output.csv,C:\Users\chuck\Documents\Codex\_runlinks\TR1\04_FinalSelectedDatasets\Com. Strength_final_selected_input_output.csv,109717,c9d7287f35638412499258b9a441cee42e68005a47387247ccb3614ff0d23fe5
04_FinalSelectedDatasets\Com. Strength_final_selected_input_output.xlsx,C:\Users\chuck\Documents\Codex\2026-06-22\a2f23dee1d9a824b840a0175ca9a1f4b-https-app-notion-com-p\experiments\lab_001_xy_connection_20260626\results\TRAIN-REPLAY-001\TRAIN-REPLAY-001-20260731-001\generated_outputs\04_FinalSelectedDatasets\Com. Strength_final_selected_input_output.xlsx,C:\Users\chuck\Documents\Codex\_runlinks\TR1\04_FinalSelectedDatasets\Com. Strength_final_selected_input_output.xlsx,51685,fc79c4041a841789e196d999a0d5172f514d7e98457762b37dfe8d1147db849c
04_FinalSelectedDatasets\Densif. strength_candidate_repeated_rows.csv,C:\Users\chuck\Documents\Codex\2026-06-22\a2f23dee1d9a824b840a0175ca9a1f4b-https-app-notion-com-p\experiments\lab_001_xy_connection_20260626\results\TRAIN-REPLAY-001\TRAIN-REPLAY-001-20260731-001\generated_outputs\04_FinalSelectedDatasets\Densif. strength_candidate_repeated_rows.csv,C:\Users\chuck\Documents\Codex\_runlinks\TR1\04_FinalSelectedDatasets\Densif. strength_candidate_repeated_rows.csv,268112,9ad63a4aed71ad2b03052600a6516619c2a71911c4094350443c5361b36af16e
04_FinalSelectedDatasets\Densif. strength_candidate_repeated_rows.xlsx,C:\Users\chuck\Documents\Codex\2026-06-22\a2f23dee1d9a824b840a0175ca9a1f4b-https-app-notion-com-p\experiments\lab_001_xy_connection_20260626\results\TRAIN-REPLAY-001\TRAIN-REPLAY-001-20260731-001\generated_outputs\04_FinalSelectedDatasets\Densif. strength_candidate_repeated_rows.xlsx,C:\Users\chuck\Documents\Codex\_runlinks\TR1\04_FinalSelectedDatasets\Densif. strength_candidate_repeated_rows.xlsx,151734,4806059d78bee984e112e436301d5dce23e60e7df9b8bc4d8bbdb18fb07dbc8c
04_FinalSelectedDatasets\Densif. strength_feature_rank.csv,C:\Users\chuck\Documents\Codex\2026-06-22\a2f23dee1d9a824b840a0175ca9a1f4b-https-app-notion-com-p\experiments\lab_001_xy_connection_20260626\results\TRAIN-REPLAY-001\TRAIN-REPLAY-001-20260731-001\generated_outputs\04_FinalSelectedDatasets\Densif. strength_feature_rank.csv,C:\Users\chuck\Documents\Codex\_runlinks\TR1\04_FinalSelectedDatasets\Densif. strength_feature_rank.csv,19997,986afeac222affa03f0205de44dc58c153649d126557ae54eda180a760e4e649
04_FinalSelectedDatasets\Densif. strength_feature_rank.xlsx,C:\Users\chuck\Documents\Codex\2026-06-22\a2f23dee1d9a824b840a0175ca9a1f4b-https-app-notion-com-p\experiments\lab_001_xy_connection_20260626\results\TRAIN-REPLAY-001\TRAIN-REPLAY-001-20260731-001\generated_outputs\04_FinalSelectedDatasets\Densif. strength_feature_rank.xlsx,C:\Users\chuck\Documents\Codex\_runlinks\TR1\04_FinalSelectedDatasets\Densif. strength_feature_rank.xlsx,12922,b3aa85720f6b2a2048769b6be5b25e607a76e18c74f785d5bbc179f11524284e
04_FinalSelectedDatasets\Densif. strength_final_selected_input_output.csv,C:\Users\chuck\Documents\Codex\2026-06-22\a2f23dee1d9a824b840a0175ca9a1f4b-https-app-notion-com-p\experiments\lab_001_xy_connection_20260626\results\TRAIN-REPLAY-001\TRAIN-REPLAY-001-20260731-001\generated_outputs\04_FinalSelectedDatasets\Densif. strength_final_selected_input_output.csv,C:\Users\chuck\Documents\Codex\_runlinks\TR1\04_FinalSelectedDatasets\Densif. strength_final_selected_input_output.csv,109880,440c1e80197236b9c5b88b115c1381452576b2a8a3ab3f3fff53a3817019cbc6
04_FinalSelectedDatasets\Densif. strength_final_selected_input_output.xlsx,C:\Users\chuck\Documents\Codex\2026-06-22\a2f23dee1d9a824b840a0175ca9a1f4b-https-app-notion-com-p\experiments\lab_001_xy_connection_20260626\results\TRAIN-REPLAY-001\TRAIN-REPLAY-001-20260731-001\generated_outputs\04_FinalSelectedDatasets\Densif. strength_final_selected_input_output.xlsx,C:\Users\chuck\Documents\Codex\_runlinks\TR1\04_FinalSelectedDatasets\Densif. strength_final_selected_input_output.xlsx,51583,198cbe4714c05bf8548b5faf4bd4c7815ee057579296c4918dfc683caebbbb5f
04_FinalSelectedDatasets\Modulus_candidate_repeated_rows.csv,C:\Users\chuck\Documents\Codex\2026-06-22\a2f23dee1d9a824b840a0175ca9a1f4b-https-app-notion-com-p\experiments\lab_001_xy_connection_20260626\results\TRAIN-REPLAY-001\TRAIN-REPLAY-001-20260731-001\generated_outputs\04_FinalSelectedDatasets\Modulus_candidate_repeated_rows.csv,C:\Users\chuck\Documents\Codex\_runlinks\TR1\04_FinalSelectedDatasets\Modulus_candidate_repeated_rows.csv,266970,d90487328b2335c08b2473e4886b01566d5dc663dace47cfb922e44a59a654fd
04_FinalSelectedDatasets\Modulus_candidate_repeated_rows.xlsx,C:\Users\chuck\Documents\Codex\2026-06-22\a2f23dee1d9a824b840a0175ca9a1f4b-https-app-notion-com-p\experiments\lab_001_xy_connection_20260626\results\TRAIN-REPLAY-001\TRAIN-REPLAY-001-20260731-001\generated_outputs\04_FinalSelectedDatasets\Modulus_candidate_repeated_rows.xlsx,C:\Users\chuck\Documents\Codex\_runlinks\TR1\04_FinalSelectedDatasets\Modulus_candidate_repeated_rows.xlsx,151386,986b9e23872b6802f3648eccb685ac51fad4f39467c8087116cab2afe2171c9f
04_FinalSelectedDatasets\Modulus_feature_rank.csv,C:\Users\chuck\Documents\Codex\2026-06-22\a2f23dee1d9a824b840a0175ca9a1f4b-https-app-notion-com-p\experiments\lab_001_xy_connection_20260626\results\TRAIN-REPLAY-001\TRAIN-REPLAY-001-20260731-001\generated_outputs\04_FinalSelectedDatasets\Modulus_feature_rank.csv,C:\Users\chuck\Documents\Codex\_runlinks\TR1\04_FinalSelectedDatasets\Modulus_feature_rank.csv,19898,f7be5feb0dcc2ae17b62451b60ceeeaf99c689f76703a7341c26dadb1c7d0c8e
04_FinalSelectedDatasets\Modulus_feature_rank.xlsx,C:\Users\chuck\Documents\Codex\2026-06-22\a2f23dee1d9a824b840a0175ca9a1f4b-https-app-notion-com-p\experiments\lab_001_xy_connection_20260626\results\TRAIN-REPLAY-001\TRAIN-REPLAY-001-20260731-001\generated_outputs\04_FinalSelectedDatasets\Modulus_feature_rank.xlsx,C:\Users\chuck\Documents\Codex\_runlinks\TR1\04_FinalSelectedDatasets\Modulus_feature_rank.xlsx,12987,ebbbf7b919dc5d59b7f92f1ce96d623c3d7d81fc9b18a11771f81c12385359a8
04_FinalSelectedDatasets\Modulus_final_selected_input_output.csv,C:\Users\chuck\Documents\Codex\2026-06-22\a2f23dee1d9a824b840a0175ca9a1f4b-https-app-notion-com-p\experiments\lab_001_xy_connection_20260626\results\TRAIN-REPLAY-001\TRAIN-REPLAY-001-20260731-001\generated_outputs\04_FinalSelectedDatasets\Modulus_final_selected_input_output.csv,C:\Users\chuck\Documents\Codex\_runlinks\TR1\04_FinalSelectedDatasets\Modulus_final_selected_input_output.csv,117194,7ddd64be030277a68544a121b6918d2ca0c60edfa95caa88bfad6646f8827d86
04_FinalSelectedDatasets\Modulus_final_selected_input_output.xlsx,C:\Users\chuck\Documents\Codex\2026-06-22\a2f23dee1d9a824b840a0175ca9a1f4b-https-app-notion-com-p\experiments\lab_001_xy_connection_20260626\results\TRAIN-REPLAY-001\TRAIN-REPLAY-001-20260731-001\generated_outputs\04_FinalSelectedDatasets\Modulus_final_selected_input_output.xlsx,C:\Users\chuck\Documents\Codex\_runlinks\TR1\04_FinalSelectedDatasets\Modulus_final_selected_input_output.xlsx,57121,5b52160bec962b112bcae6ef4691e791caf9cc01e62bd0b94ae8c0c327d8ffa3
04_FinalSelectedDatasets\Thermal characteristics _ Cooling rate _ °C_s_candidate_repeated_rows.csv,C:\Users\chuck\Documents\Codex\2026-06-22\a2f23dee1d9a824b840a0175ca9a1f4b-https-app-notion-com-p\experiments\lab_001_xy_connection_20260626\results\TRAIN-REPLAY-001\TRAIN-REPLAY-001-20260731-001\generated_outputs\04_FinalSelectedDatasets\Thermal characteristics _ Cooling rate _ °C_s_candidate_repeated_rows.csv,C:\Users\chuck\Documents\Codex\_runlinks\TR1\04_FinalSelectedDatasets\Thermal characteristics _ Cooling rate _ °C_s_candidate_repeated_rows.csv,309913,5b0578721fdcc33ac22d4973ce52ea402b404f473e2fb528b18353f1427967c2
04_FinalSelectedDatasets\Thermal characteristics _ Cooling rate _ °C_s_candidate_repeated_rows.xlsx,C:\Users\chuck\Documents\Codex\2026-06-22\a2f23dee1d9a824b840a0175ca9a1f4b-https-app-notion-com-p\experiments\lab_001_xy_connection_20260626\results\TRAIN-REPLAY-001\TRAIN-REPLAY-001-20260731-001\generated_outputs\04_FinalSelectedDatasets\Thermal characteristics _ Cooling rate _ °C_s_candidate_repeated_rows.xlsx,C:\Users\chuck\Documents\Codex\_runlinks\TR1\04_FinalSelectedDatasets\Thermal characteristics _ Cooling rate _ °C_s_candidate_repeated_rows.xlsx,172138,45909317dcb6f122ce447f0c69f82b17706bbaa67733fae83f3750229abad277
04_FinalSelectedDatasets\Thermal characteristics _ Cooling rate _ °C_s_feature_rank.csv,C:\Users\chuck\Documents\Codex\2026-06-22\a2f23dee1d9a824b840a0175ca9a1f4b-https-app-notion-com-p\experiments\lab_001_xy_connection_20260626\results\TRAIN-REPLAY-001\TRAIN-REPLAY-001-20260731-001\generated_outputs\04_FinalSelectedDatasets\Thermal characteristics _ Cooling rate _ °C_s_feature_rank.csv,C:\Users\chuck\Documents\Codex\_runlinks\TR1\04_FinalSelectedDatasets\Thermal characteristics _ Cooling rate _ °C_s_feature_rank.csv,20102,e3572decb99f1ce700f63c2686473086d826c59a0bb427ba83df4b0bb08cbfb2
04_FinalSelectedDatasets\Thermal characteristics _ Cooling rate _ °C_s_feature_rank.xlsx,C:\Users\chuck\Documents\Codex\2026-06-22\a2f23dee1d9a824b840a0175ca9a1f4b-https-app-notion-com-p\experiments\lab_001_xy_connection_20260626\results\TRAIN-REPLAY-001\TRAIN-REPLAY-001-20260731-001\generated_outputs\04_FinalSelectedDatasets\Thermal characteristics _ Cooling rate _ °C_s_feature_rank.xlsx,C:\Users\chuck\Documents\Codex\_runlinks\TR1\04_FinalSelectedDatasets\Thermal characteristics _ Cooling rate _ °C_s_feature_rank.xlsx,12864,867aa52aaddf1f1b1a9e226d97c3839d241e1c1d6aac3e50a9be52841f671741
04_FinalSelectedDatasets\Thermal characteristics _ Cooling rate _ °C_s_final_selected_input_output.csv,C:\Users\chuck\Documents\Codex\2026-06-22\a2f23dee1d9a824b840a0175ca9a1f4b-https-app-notion-com-p\experiments\lab_001_xy_connection_20260626\results\TRAIN-REPLAY-001\TRAIN-REPLAY-001-20260731-001\generated_outputs\04_FinalSelectedDatasets\Thermal characteristics _ Cooling rate _ °C_s_final_selected_input_output.csv,C:\Users\chuck\Documents\Codex\_runlinks\TR1\04_FinalSelectedDatasets\Thermal characteristics _ Cooling rate _ °C_s_final_selected_input_output.csv,130718,32a05f2d19f3752f7067850f7563f5217e2fd7a12c8696d0be50c7b13589f489
04_FinalSelectedDatasets\Thermal characteristics _ Cooling rate _ °C_s_final_selected_input_output.xlsx,C:\Users\chuck\Documents\Codex\2026-06-22\a2f23dee1d9a824b840a0175ca9a1f4b-https-app-notion-com-p\experiments\lab_001_xy_connection_20260626\results\TRAIN-REPLAY-001\TRAIN-REPLAY-001-20260731-001\generated_outputs\04_FinalSelectedDatasets\Thermal characteristics _ Cooling rate _ °C_s_final_selected_input_output.xlsx,C:\Users\chuck\Documents\Codex\_runlinks\TR1\04_FinalSelectedDatasets\Thermal characteristics _ Cooling rate _ °C_s_final_selected_input_output.xlsx,60237,7bb124a3e8bd5bd12318e4a52b03fe4c64bcaf65c2d601c3ced40f5e2ac79b74
04_FinalSelectedDatasets\Thermal characteristics _ h _ W_m.K_candidate_repeated_rows.csv,C:\Users\chuck\Documents\Codex\2026-06-22\a2f23dee1d9a824b840a0175ca9a1f4b-https-app-notion-com-p\experiments\lab_001_xy_connection_20260626\results\TRAIN-REPLAY-001\TRAIN-REPLAY-001-20260731-001\generated_outputs\04_FinalSelectedDatasets\Thermal characteristics _ h _ W_m.K_candidate_repeated_rows.csv,C:\Users\chuck\Documents\Codex\_runlinks\TR1\04_FinalSelectedDatasets\Thermal characteristics _ h _ W_m.K_candidate_repeated_rows.csv,126949,dee481266215b67583bef538e1478f91dfada47ad2604a038c13baa0645365b2
04_FinalSelectedDatasets\Thermal characteristics _ h _ W_m.K_candidate_repeated_rows.xlsx,C:\Users\chuck\Documents\Codex\2026-06-22\a2f23dee1d9a824b840a0175ca9a1f4b-https-app-notion-com-p\experiments\lab_001_xy_connection_20260626\results\TRAIN-REPLAY-001\TRAIN-REPLAY-001-20260731-001\generated_outputs\04_FinalSelectedDatasets\Thermal characteristics _ h _ W_m.K_candidate_repeated_rows.xlsx,C:\Users\chuck\Documents\Codex\_runlinks\TR1\04_FinalSelectedDatasets\Thermal characteristics _ h _ W_m.K_candidate_repeated_rows.xlsx,73488,7776d455f7a9d9e029d8db276c30deb7cad93fabee4aecda767534fc6d9ccf8b
04_FinalSelectedDatasets\Thermal characteristics _ h _ W_m.K_feature_rank.csv,C:\Users\chuck\Documents\Codex\2026-06-22\a2f23dee1d9a824b840a0175ca9a1f4b-https-app-notion-com-p\experiments\lab_001_xy_connection_20260626\results\TRAIN-REPLAY-001\TRAIN-REPLAY-001-20260731-001\generated_outputs\04_FinalSelectedDatasets\Thermal characteristics _ h _ W_m.K_feature_rank.csv,C:\Users\chuck\Documents\Codex\_runlinks\TR1\04_FinalSelectedDatasets\Thermal characteristics _ h _ W_m.K_feature_rank.csv,20117,a7344843ae172ed99bab143a9938a58c7f7c5cf33c7424054cd767184a61bf82
04_FinalSelectedDatasets\Thermal characteristics _ h _ W_m.K_feature_rank.xlsx,C:\Users\chuck\Documents\Codex\2026-06-22\a2f23dee1d9a824b840a0175ca9a1f4b-https-app-notion-com-p\experiments\lab_001_xy_connection_20260626\results\TRAIN-REPLAY-001\TRAIN-REPLAY-001-20260731-001\generated_outputs\04_FinalSelectedDatasets\Thermal characteristics _ h _ W_m.K_feature_rank.xlsx,C:\Users\chuck\Documents\Codex\_runlinks\TR1\04_FinalSelectedDatasets\Thermal characteristics _ h _ W_m.K_feature_rank.xlsx,12921,80c0bcf6ac34c35d0cf1566e09679c1653b965e4f703f00a139d922e288b0e75
04_FinalSelectedDatasets\Thermal characteristics _ h _ W_m.K_final_selected_input_output.csv,C:\Users\chuck\Documents\Codex\2026-06-22\a2f23dee1d9a824b840a0175ca9a1f4b-https-app-notion-com-p\experiments\lab_001_xy_connection_20260626\results\TRAIN-REPLAY-001\TRAIN-REPLAY-001-20260731-001\generated_outputs\04_FinalSelectedDatasets\Thermal characteristics _ h _ W_m.K_final_selected_input_output.csv,C:\Users\chuck\Documents\Codex\_runlinks\TR1\04_FinalSelectedDatasets\Thermal characteristics _ h _ W_m.K_final_selected_input_output.csv,49200,27ae59b9cee50a185f9c67a2c2ae638af4aa114884eee4d32915ce01afd6e985
04_FinalSelectedDatasets\Thermal characteristics _ h _ W_m.K_final_selected_input_output.xlsx,C:\Users\chuck\Documents\Codex\2026-06-22\a2f23dee1d9a824b840a0175ca9a1f4b-https-app-notion-com-p\experiments\lab_001_xy_connection_20260626\results\TRAIN-REPLAY-001\TRAIN-REPLAY-001-20260731-001\generated_outputs\04_FinalSelectedDatasets\Thermal characteristics _ h _ W_m.K_final_selected_input_output.xlsx,C:\Users\chuck\Documents\Codex\_runlinks\TR1\04_FinalSelectedDatasets\Thermal characteristics _ h _ W_m.K_final_selected_input_output.xlsx,26776,3ae534db7d65de7fa7b41816660711122ecc3af94c7ffb2245b10d7ef5e8b160
04_FinalSelectedDatasets\Thermal characteristics _ Heating rate _ °C_s_candidate_repeated_rows.csv,C:\Users\chuck\Documents\Codex\2026-06-22\a2f23dee1d9a824b840a0175ca9a1f4b-https-app-notion-com-p\experiments\lab_001_xy_connection_20260626\results\TRAIN-REPLAY-001\TRAIN-REPLAY-001-20260731-001\generated_outputs\04_FinalSelectedDatasets\Thermal characteristics _ Heating rate _ °C_s_candidate_repeated_rows.csv,C:\Users\chuck\Documents\Codex\_runlinks\TR1\04_FinalSelectedDatasets\Thermal characteristics _ Heating rate _ °C_s_candidate_repeated_rows.csv,310139,844c7eb76fa6f901622e2c4408d3e6e3a95c3f909e5ee8b05696c61baf594f49
04_FinalSelectedDatasets\Thermal characteristics _ Heating rate _ °C_s_candidate_repeated_rows.xlsx,C:\Users\chuck\Documents\Codex\2026-06-22\a2f23dee1d9a824b840a0175ca9a1f4b-https-app-notion-com-p\experiments\lab_001_xy_connection_20260626\results\TRAIN-REPLAY-001\TRAIN-REPLAY-001-20260731-001\generated_outputs\04_FinalSelectedDatasets\Thermal characteristics _ Heating rate _ °C_s_candidate_repeated_rows.xlsx,C:\Users\chuck\Documents\Codex\_runlinks\TR1\04_FinalSelectedDatasets\Thermal characteristics _ Heating rate _ °C_s_candidate_repeated_rows.xlsx,172108,e11b34c270e03b4d04e50c9607e59a71cac9d894dc67437e431300a534f43dff
04_FinalSelectedDatasets\Thermal characteristics _ Heating rate _ °C_s_feature_rank.csv,C:\Users\chuck\Documents\Codex\2026-06-22\a2f23dee1d9a824b840a0175ca9a1f4b-https-app-notion-com-p\experiments\lab_001_xy_connection_20260626\results\TRAIN-REPLAY-001\TRAIN-REPLAY-001-20260731-001\generated_outputs\04_FinalSelectedDatasets\Thermal characteristics _ Heating rate _ °C_s_feature_rank.csv,C:\Users\chuck\Documents\Codex\_runlinks\TR1\04_FinalSelectedDatasets\Thermal characteristics _ Heating rate _ °C_s_feature_rank.csv,19964,b3eb186639801a4a8509b1ba83c8137ed77856d3cae4e7ae980cb63159908fe2
04_FinalSelectedDatasets\Thermal characteristics _ Heating rate _ °C_s_feature_rank.xlsx,C:\Users\chuck\Documents\Codex\2026-06-22\a2f23dee1d9a824b840a0175ca9a1f4b-https-app-notion-com-p\experiments\lab_001_xy_connection_20260626\results\TRAIN-REPLAY-001\TRAIN-REPLAY-001-20260731-001\generated_outputs\04_FinalSelectedDatasets\Thermal characteristics _ Heating rate _ °C_s_feature_rank.xlsx,C:\Users\chuck\Documents\Codex\_runlinks\TR1\04_FinalSelectedDatasets\Thermal characteristics _ Heating rate _ °C_s_feature_rank.xlsx,12907,f45cac26fcafd1b3aba6119bd927ba9e3910a0944a0eac270f7bbe3a7f576ddf
04_FinalSelectedDatasets\Thermal characteristics _ Heating rate _ °C_s_final_selected_input_output.csv,C:\Users\chuck\Documents\Codex\2026-06-22\a2f23dee1d9a824b840a0175ca9a1f4b-https-app-notion-com-p\experiments\lab_001_xy_connection_20260626\results\TRAIN-REPLAY-001\TRAIN-REPLAY-001-20260731-001\generated_outputs\04_FinalSelectedDatasets\Thermal characteristics _ Heating rate _ °C_s_final_selected_input_output.csv,C:\Users\chuck\Documents\Codex\_runlinks\TR1\04_FinalSelectedDatasets\Thermal characteristics _ Heating rate _ °C_s_final_selected_input_output.csv,130333,1d71894f43f8554316d808aa8363dbfc5ba29d5c58168f236d2a3cc84bce9cb6
04_FinalSelectedDatasets\Thermal characteristics _ Heating rate _ °C_s_final_selected_input_output.xlsx,C:\Users\chuck\Documents\Codex\2026-06-22\a2f23dee1d9a824b840a0175ca9a1f4b-https-app-notion-com-p\experiments\lab_001_xy_connection_20260626\results\TRAIN-REPLAY-001\TRAIN-REPLAY-001-20260731-001\generated_outputs\04_FinalSelectedDatasets\Thermal characteristics _ Heating rate _ °C_s_final_selected_input_output.xlsx,C:\Users\chuck\Documents\Codex\_runlinks\TR1\04_FinalSelectedDatasets\Thermal characteristics _ Heating rate _ °C_s_final_selected_input_output.xlsx,59562,9a3ff929648a3be881a775e554715d43e9da5713bf87815a7b8a8100f6e0bcdd
04_FinalSelectedDatasets\Thermal characteristics _ Heating Temp _ °C_s_candidate_repeated_rows.csv,C:\Users\chuck\Documents\Codex\2026-06-22\a2f23dee1d9a824b840a0175ca9a1f4b-https-app-notion-com-p\experiments\lab_001_xy_connection_20260626\results\TRAIN-REPLAY-001\TRAIN-REPLAY-001-20260731-001\generated_outputs\04_FinalSelectedDatasets\Thermal characteristics _ Heating Temp _ °C_s_candidate_repeated_rows.csv,C:\Users\chuck\Documents\Codex\_runlinks\TR1\04_FinalSelectedDatasets\Thermal characteristics _ Heating Temp _ °C_s_candidate_repeated_rows.csv,309741,24d082266ce611f0fe97beba647dbd5b47d5f1291af3c2138a0c88267f8b4911
04_FinalSelectedDatasets\Thermal characteristics _ Heating Temp _ °C_s_candidate_repeated_rows.xlsx,C:\Users\chuck\Documents\Codex\2026-06-22\a2f23dee1d9a824b840a0175ca9a1f4b-https-app-notion-com-p\experiments\lab_001_xy_connection_20260626\results\TRAIN-REPLAY-001\TRAIN-REPLAY-001-20260731-001\generated_outputs\04_FinalSelectedDatasets\Thermal characteristics _ Heating Temp _ °C_s_candidate_repeated_rows.xlsx,C:\Users\chuck\Documents\Codex\_runlinks\TR1\04_FinalSelectedDatasets\Thermal characteristics _ Heating Temp _ °C_s_candidate_repeated_rows.xlsx,172119,0f91698d0fae22fcdf7e218bdcf56cf108ef886c932bcde853bcff71d22ec08b
04_FinalSelectedDatasets\Thermal characteristics _ Heating Temp _ °C_s_feature_rank.csv,C:\Users\chuck\Documents\Codex\2026-06-22\a2f23dee1d9a824b840a0175ca9a1f4b-https-app-notion-com-p\experiments\lab_001_xy_connection_20260626\results\TRAIN-REPLAY-001\TRAIN-REPLAY-001-20260731-001\generated_outputs\04_FinalSelectedDatasets\Thermal characteristics _ Heating Temp _ °C_s_feature_rank.csv,C:\Users\chuck\Documents\Codex\_runlinks\TR1\04_FinalSelectedDatasets\Thermal characteristics _ Heating Temp _ °C_s_feature_rank.csv,20072,449793ca593758ec9ec548d41fb63d58e082533d6c5b62a838c8823b47075391
04_FinalSelectedDatasets\Thermal characteristics _ Heating Temp _ °C_s_feature_rank.xlsx,C:\Users\chuck\Documents\Codex\2026-06-22\a2f23dee1d9a824b840a0175ca9a1f4b-https-app-notion-com-p\experiments\lab_001_xy_connection_20260626\results\TRAIN-REPLAY-001\TRAIN-REPLAY-001-20260731-001\generated_outputs\04_FinalSelectedDatasets\Thermal characteristics _ Heating Temp _ °C_s_feature_rank.xlsx,C:\Users\chuck\Documents\Codex\_runlinks\TR1\04_FinalSelectedDatasets\Thermal characteristics _ Heating Temp _ °C_s_feature_rank.xlsx,12924,1747a12d6aa375b27ce1ab9f8b310ad69f79f42dc0af88d748c1c72ffbed8a52
04_FinalSelectedDatasets\Thermal characteristics _ Heating Temp _ °C_s_final_selected_input_output.csv,C:\Users\chuck\Documents\Codex\2026-06-22\a2f23dee1d9a824b840a0175ca9a1f4b-https-app-notion-com-p\experiments\lab_001_xy_connection_20260626\results\TRAIN-REPLAY-001\TRAIN-REPLAY-001-20260731-001\generated_outputs\04_FinalSelectedDatasets\Thermal characteristics _ Heating Temp _ °C_s_final_selected_input_output.csv,C:\Users\chuck\Documents\Codex\_runlinks\TR1\04_FinalSelectedDatasets\Thermal characteristics _ Heating Temp _ °C_s_final_selected_input_output.csv,134437,4a6e70dcfb8c88f9be3d71749cf16a6e5d87509a194bb6aabea7f7afdfcc57b0
04_FinalSelectedDatasets\Thermal characteristics _ Heating Temp _ °C_s_final_selected_input_output.xlsx,C:\Users\chuck\Documents\Codex\2026-06-22\a2f23dee1d9a824b840a0175ca9a1f4b-https-app-notion-com-p\experiments\lab_001_xy_connection_20260626\results\TRAIN-REPLAY-001\TRAIN-REPLAY-001-20260731-001\generated_outputs\04_FinalSelectedDatasets\Thermal characteristics _ Heating Temp _ °C_s_final_selected_input_output.xlsx,C:\Users\chuck\Documents\Codex\_runlinks\TR1\04_FinalSelectedDatasets\Thermal characteristics _ Heating Temp _ °C_s_final_selected_input_output.xlsx,62728,b14eb0574a84920671fcc637b6fdeccb5ac8d191d1dc6996ed58281404b072ef
04_FinalSelectedDatasets\Thermal characteristics _ Thermal conductivity _ W_m.K_candidate_repeated_rows.csv,C:\Users\chuck\Documents\Codex\2026-06-22\a2f23dee1d9a824b840a0175ca9a1f4b-https-app-notion-com-p\experiments\lab_001_xy_connection_20260626\results\TRAIN-REPLAY-001\TRAIN-REPLAY-001-20260731-001\generated_outputs\04_FinalSelectedDatasets\Thermal characteristics _ Thermal conductivity _ W_m.K_candidate_repeated_rows.csv,C:\Users\chuck\Documents\Codex\_runlinks\TR1\04_FinalSelectedDatasets\Thermal characteristics _ Thermal conductivity _ W_m.K_candidate_repeated_rows.csv,309813,aa16cb0b945a9cf2d11e00473fa7204e1bc2dd35df466decf769092ecb10cdac
04_FinalSelectedDatasets\Thermal characteristics _ Thermal conductivity _ W_m.K_candidate_repeated_rows.xlsx,C:\Users\chuck\Documents\Codex\2026-06-22\a2f23dee1d9a824b840a0175ca9a1f4b-https-app-notion-com-p\experiments\lab_001_xy_connection_20260626\results\TRAIN-REPLAY-001\TRAIN-REPLAY-001-20260731-001\generated_outputs\04_FinalSelectedDatasets\Thermal characteristics _ Thermal conductivity _ W_m.K_candidate_repeated_rows.xlsx,C:\Users\chuck\Documents\Codex\_runlinks\TR1\04_FinalSelectedDatasets\Thermal characteristics _ Thermal conductivity _ W_m.K_candidate_repeated_rows.xlsx,172149,7ae9308b821cdae6bf3ee80f8eb41d6c143088a1aaf3abcd7dd741c275245d89
04_FinalSelectedDatasets\Thermal characteristics _ Thermal conductivity _ W_m.K_feature_rank.csv,C:\Users\chuck\Documents\Codex\2026-06-22\a2f23dee1d9a824b840a0175ca9a1f4b-https-app-notion-com-p\experiments\lab_001_xy_connection_20260626\results\TRAIN-REPLAY-001\TRAIN-REPLAY-001-20260731-001\generated_outputs\04_FinalSelectedDatasets\Thermal characteristics _ Thermal conductivity _ W_m.K_feature_rank.csv,C:\Users\chuck\Documents\Codex\_runlinks\TR1\04_FinalSelectedDatasets\Thermal characteristics _ Thermal conductivity _ W_m.K_feature_rank.csv,20099,f8a04a3472dddf5c3d9f8f89916f5c4d62338a6d37670630566e23614e49e9bf
04_FinalSelectedDatasets\Thermal characteristics _ Thermal conductivity _ W_m.K_feature_rank.xlsx,C:\Users\chuck\Documents\Codex\2026-06-22\a2f23dee1d9a824b840a0175ca9a1f4b-https-app-notion-com-p\experiments\lab_001_xy_connection_20260626\results\TRAIN-REPLAY-001\TRAIN-REPLAY-001-20260731-001\generated_outputs\04_FinalSelectedDatasets\Thermal characteristics _ Thermal conductivity _ W_m.K_feature_rank.xlsx,C:\Users\chuck\Documents\Codex\_runlinks\TR1\04_FinalSelectedDatasets\Thermal characteristics _ Thermal conductivity _ W_m.K_feature_rank.xlsx,12857,b53025ed8990adb980427e5eb64da2a845976689278868b7d48f2b8c827f6a95
04_FinalSelectedDatasets\Thermal characteristics _ Thermal conductivity _ W_m.K_final_selected_input_output.csv,C:\Users\chuck\Documents\Codex\2026-06-22\a2f23dee1d9a824b840a0175ca9a1f4b-https-app-notion-com-p\experiments\lab_001_xy_connection_20260626\results\TRAIN-REPLAY-001\TRAIN-REPLAY-001-20260731-001\generated_outputs\04_FinalSelectedDatasets\Thermal characteristics _ Thermal conductivity _ W_m.K_final_selected_input_output.csv,C:\Users\chuck\Documents\Codex\_runlinks\TR1\04_FinalSelectedDatasets\Thermal characteristics _ Thermal conductivity _ W_m.K_final_selected_input_output.csv,127546,e5cfa771dd781d1e58c5ad5d21295c32e4b4c4494870d6416b17080f6c49527e
04_FinalSelectedDatasets\Thermal characteristics _ Thermal conductivity _ W_m.K_final_selected_input_output.xlsx,C:\Users\chuck\Documents\Codex\2026-06-22\a2f23dee1d9a824b840a0175ca9a1f4b-https-app-notion-com-p\experiments\lab_001_xy_connection_20260626\results\TRAIN-REPLAY-001\TRAIN-REPLAY-001-20260731-001\generated_outputs\04_FinalSelectedDatasets\Thermal characteristics _ Thermal conductivity _ W_m.K_final_selected_input_output.xlsx,C:\Users\chuck\Documents\Codex\_runlinks\TR1\04_FinalSelectedDatasets\Thermal characteristics _ Thermal conductivity _ W_m.K_final_selected_input_output.xlsx,57952,067129aa93247a631c08ad3a02227f9512c185ff01842f9ae0e51132558863cb
04_FinalSelectedDatasets\Total energy_candidate_repeated_rows.csv,C:\Users\chuck\Documents\Codex\2026-06-22\a2f23dee1d9a824b840a0175ca9a1f4b-https-app-notion-com-p\experiments\lab_001_xy_connection_20260626\results\TRAIN-REPLAY-001\TRAIN-REPLAY-001-20260731-001\generated_outputs\04_FinalSelectedDatasets\Total energy_candidate_repeated_rows.csv,C:\Users\chuck\Documents\Codex\_runlinks\TR1\04_FinalSelectedDatasets\Total energy_candidate_repeated_rows.csv,268136,6ddccb1f0a15f8f13533bfb3e31c169b6a11d22f6538234c8e888b5d5c183f0d
04_FinalSelectedDatasets\Total energy_candidate_repeated_rows.xlsx,C:\Users\chuck\Documents\Codex\2026-06-22\a2f23dee1d9a824b840a0175ca9a1f4b-https-app-notion-com-p\experiments\lab_001_xy_connection_20260626\results\TRAIN-REPLAY-001\TRAIN-REPLAY-001-20260731-001\generated_outputs\04_FinalSelectedDatasets\Total energy_candidate_repeated_rows.xlsx,C:\Users\chuck\Documents\Codex\_runlinks\TR1\04_FinalSelectedDatasets\Total energy_candidate_repeated_rows.xlsx,151746,4a606efe189c9cbf24c4236d274477ba63606f25b491f582a42dbf99f23d9125
04_FinalSelectedDatasets\Total energy_feature_rank.csv,C:\Users\chuck\Documents\Codex\2026-06-22\a2f23dee1d9a824b840a0175ca9a1f4b-https-app-notion-com-p\experiments\lab_001_xy_connection_20260626\results\TRAIN-REPLAY-001\TRAIN-REPLAY-001-20260731-001\generated_outputs\04_FinalSelectedDatasets\Total energy_feature_rank.csv,C:\Users\chuck\Documents\Codex\_runlinks\TR1\04_FinalSelectedDatasets\Total energy_feature_rank.csv,19876,fda17c5e72a471044c8ac290c8bc75c42c90dda394f65bf010bbe88197168969
04_FinalSelectedDatasets\Total energy_feature_rank.xlsx,C:\Users\chuck\Documents\Codex\2026-06-22\a2f23dee1d9a824b840a0175ca9a1f4b-https-app-notion-com-p\experiments\lab_001_xy_connection_20260626\results\TRAIN-REPLAY-001\TRAIN-REPLAY-001-20260731-001\generated_outputs\04_FinalSelectedDatasets\Total energy_feature_rank.xlsx,C:\Users\chuck\Documents\Codex\_runlinks\TR1\04_FinalSelectedDatasets\Total energy_feature_rank.xlsx,12929,546b7b93f0534dbe105ff66b5382224adc003790ae1919c27e64c0603b37b364
04_FinalSelectedDatasets\Total energy_final_selected_input_output.csv,C:\Users\chuck\Documents\Codex\2026-06-22\a2f23dee1d9a824b840a0175ca9a1f4b-https-app-notion-com-p\experiments\lab_001_xy_connection_20260626\results\TRAIN-REPLAY-001\TRAIN-REPLAY-001-20260731-001\generated_outputs\04_FinalSelectedDatasets\Total energy_final_selected_input_output.csv,C:\Users\chuck\Documents\Codex\_runlinks\TR1\04_FinalSelectedDatasets\Total energy_final_selected_input_output.csv,114606,d6627a58eed0c90d072dbe1dbdf3db443d9cc3102065fd89476d72b8c5cef97d
04_FinalSelectedDatasets\Total energy_final_selected_input_output.xlsx,C:\Users\chuck\Documents\Codex\2026-06-22\a2f23dee1d9a824b840a0175ca9a1f4b-https-app-notion-com-p\experiments\lab_001_xy_connection_20260626\results\TRAIN-REPLAY-001\TRAIN-REPLAY-001-20260731-001\generated_outputs\04_FinalSelectedDatasets\Total energy_final_selected_input_output.xlsx,C:\Users\chuck\Documents\Codex\_runlinks\TR1\04_FinalSelectedDatasets\Total energy_final_selected_input_output.xlsx,55045,a5453778dbe05ffcf77c13d39753a2ea6618b6ccf4a7bede00b8e5016daab8a1
04_FinalSelectedDatasets\Vibrational response _ FRF (g_N) _ 300-3000 Hz _ AVG_candidate_repeated_rows.csv,C:\Users\chuck\Documents\Codex\2026-06-22\a2f23dee1d9a824b840a0175ca9a1f4b-https-app-notion-com-p\experiments\lab_001_xy_connection_20260626\results\TRAIN-REPLAY-001\TRAIN-REPLAY-001-20260731-001\generated_outputs\04_FinalSelectedDatasets\Vibrational response _ FRF (g_N) _ 300-3000 Hz _ AVG_candidate_repeated_rows.csv,C:\Users\chuck\Documents\Codex\_runlinks\TR1\04_FinalSelectedDatasets\Vibrational response _ FRF (g_N) _ 300-3000 Hz _ AVG_candidate_repeated_rows.csv,878769,c0668ae98482625f1e1076a95fccf124d91d3e76d7f98a16a128754d41a555d2
04_FinalSelectedDatasets\Vibrational response _ FRF (g_N) _ 300-3000 Hz _ AVG_candidate_repeated_rows.xlsx,C:\Users\chuck\Documents\Codex\2026-06-22\a2f23dee1d9a824b840a0175ca9a1f4b-https-app-notion-com-p\experiments\lab_001_xy_connection_20260626\results\TRAIN-REPLAY-001\TRAIN-REPLAY-001-20260731-001\generated_outputs\04_FinalSelectedDatasets\Vibrational response _ FRF (g_N) _ 300-3000 Hz _ AVG_candidate_repeated_rows.xlsx,C:\Users\chuck\Documents\Codex\_runlinks\TR1\04_FinalSelectedDatasets\Vibrational response _ FRF (g_N) _ 300-3000 Hz _ AVG_candidate_repeated_rows.xlsx,374006,d6fc548ded2c0f90ba73f52ca3ec61b73db06406b8274fd1afb74f387e0e4cbb
04_FinalSelectedDatasets\Vibrational response _ FRF (g_N) _ 300-3000 Hz _ AVG_feature_rank.csv,C:\Users\chuck\Documents\Codex\2026-06-22\a2f23dee1d9a824b840a0175ca9a1f4b-https-app-notion-com-p\experiments\lab_001_xy_connection_20260626\results\TRAIN-REPLAY-001\TRAIN-REPLAY-001-20260731-001\generated_outputs\04_FinalSelectedDatasets\Vibrational response _ FRF (g_N) _ 300-3000 Hz _ AVG_feature_rank.csv,C:\Users\chuck\Documents\Codex\_runlinks\TR1\04_FinalSelectedDatasets\Vibrational response _ FRF (g_N) _ 300-3000 Hz _ AVG_feature_rank.csv,18542,0d7e56fe73da24463d7e557643e8a22844ce24ec5688c41320cf2e7f0f075c5c
04_FinalSelectedDatasets\Vibrational response _ FRF (g_N) _ 300-3000 Hz _ AVG_feature_rank.xlsx,C:\Users\chuck\Documents\Codex\2026-06-22\a2f23dee1d9a824b840a0175ca9a1f4b-https-app-notion-com-p\experiments\lab_001_xy_connection_20260626\results\TRAIN-REPLAY-001\TRAIN-REPLAY-001-20260731-001\generated_outputs\04_FinalSelectedDatasets\Vibrational response _ FRF (g_N) _ 300-3000 Hz _ AVG_feature_rank.xlsx,C:\Users\chuck\Documents\Codex\_runlinks\TR1\04_FinalSelectedDatasets\Vibrational response _ FRF (g_N) _ 300-3000 Hz _ AVG_feature_rank.xlsx,12197,6dd216e7733f866c4a52de98691716ad68983d8a6d7a1779cbe379f5c2f5e464
04_FinalSelectedDatasets\Vibrational response _ FRF (g_N) _ 300-3000 Hz _ AVG_final_selected_input_output.csv,C:\Users\chuck\Documents\Codex\2026-06-22\a2f23dee1d9a824b840a0175ca9a1f4b-https-app-notion-com-p\experiments\lab_001_xy_connection_20260626\results\TRAIN-REPLAY-001\TRAIN-REPLAY-001-20260731-001\generated_outputs\04_FinalSelectedDatasets\Vibrational response _ FRF (g_N) _ 300-3000 Hz _ AVG_final_selected_input_output.csv,C:\Users\chuck\Documents\Codex\_runlinks\TR1\04_FinalSelectedDatasets\Vibrational response _ FRF (g_N) _ 300-3000 Hz _ AVG_final_selected_input_output.csv,254933,e0a76a4194bc8f39db00b0ebb0226d7bd69e2e27c185c6606ba56ef6233e67f4
04_FinalSelectedDatasets\Vibrational response _ FRF (g_N) _ 300-3000 Hz _ AVG_final_selected_input_output.xlsx,C:\Users\chuck\Documents\Codex\2026-06-22\a2f23dee1d9a824b840a0175ca9a1f4b-https-app-notion-com-p\experiments\lab_001_xy_connection_20260626\results\TRAIN-REPLAY-001\TRAIN-REPLAY-001-20260731-001\generated_outputs\04_FinalSelectedDatasets\Vibrational response _ FRF (g_N) _ 300-3000 Hz _ AVG_final_selected_input_output.xlsx,C:\Users\chuck\Documents\Codex\_runlinks\TR1\04_FinalSelectedDatasets\Vibrational response _ FRF (g_N) _ 300-3000 Hz _ AVG_final_selected_input_output.xlsx,107012,caac6b819ca544ebfd57f1292ba44bde7ca666d8720a9593b89d005b3a55e245
04_FinalSelectedDatasets\Vibrational response _ FRF (g_N) _ 3000-6500 Hz _ AVG_candidate_repeated_rows.csv,C:\Users\chuck\Documents\Codex\2026-06-22\a2f23dee1d9a824b840a0175ca9a1f4b-https-app-notion-com-p\experiments\lab_001_xy_connection_20260626\results\TRAIN-REPLAY-001\TRAIN-REPLAY-001-20260731-001\generated_outputs\04_FinalSelectedDatasets\Vibrational response _ FRF (g_N) _ 3000-6500 Hz _ AVG_candidate_repeated_rows.csv,C:\Users\chuck\Documents\Codex\_runlinks\TR1\04_FinalSelectedDatasets\Vibrational response _ FRF (g_N) _ 3000-6500 Hz _ AVG_candidate_repeated_rows.csv,878164,bd0c37cff4028027e4fe9c77b16965b0bb8da42e149197020d5a043c410a6755
04_FinalSelectedDatasets\Vibrational response _ FRF (g_N) _ 3000-6500 Hz _ AVG_candidate_repeated_rows.xlsx,C:\Users\chuck\Documents\Codex\2026-06-22\a2f23dee1d9a824b840a0175ca9a1f4b-https-app-notion-com-p\experiments\lab_001_xy_connection_20260626\results\TRAIN-REPLAY-001\TRAIN-REPLAY-001-20260731-001\generated_outputs\04_FinalSelectedDatasets\Vibrational response _ FRF (g_N) _ 3000-6500 Hz _ AVG_candidate_repeated_rows.xlsx,C:\Users\chuck\Documents\Codex\_runlinks\TR1\04_FinalSelectedDatasets\Vibrational response _ FRF (g_N) _ 3000-6500 Hz _ AVG_candidate_repeated_rows.xlsx,373681,111e8e29b4fc7af0a114a2481318693a1e680e7625af74668cd9331ee4c9abea
04_FinalSelectedDatasets\Vibrational response _ FRF (g_N) _ 3000-6500 Hz _ AVG_feature_rank.csv,C:\Users\chuck\Documents\Codex\2026-06-22\a2f23dee1d9a824b840a0175ca9a1f4b-https-app-notion-com-p\experiments\lab_001_xy_connection_20260626\results\TRAIN-REPLAY-001\TRAIN-REPLAY-001-20260731-001\generated_outputs\04_FinalSelectedDatasets\Vibrational response _ FRF (g_N) _ 3000-6500 Hz _ AVG_feature_rank.csv,C:\Users\chuck\Documents\Codex\_runlinks\TR1\04_FinalSelectedDatasets\Vibrational response _ FRF (g_N) _ 3000-6500 Hz _ AVG_feature_rank.csv,18531,40d941ad5e4ebda5a48054dca1f7ef37edab762554872219bb8f905e4271254c
04_FinalSelectedDatasets\Vibrational response _ FRF (g_N) _ 3000-6500 Hz _ AVG_feature_rank.xlsx,C:\Users\chuck\Documents\Codex\2026-06-22\a2f23dee1d9a824b840a0175ca9a1f4b-https-app-notion-com-p\experiments\lab_001_xy_connection_20260626\results\TRAIN-REPLAY-001\TRAIN-REPLAY-001-20260731-001\generated_outputs\04_FinalSelectedDatasets\Vibrational response _ FRF (g_N) _ 3000-6500 Hz _ AVG_feature_rank.xlsx,C:\Users\chuck\Documents\Codex\_runlinks\TR1\04_FinalSelectedDatasets\Vibrational response _ FRF (g_N) _ 3000-6500 Hz _ AVG_feature_rank.xlsx,12242,8e326a5578caa6c93d0523b3db3943331d129adaf69d4730548227f3f1569ba8
04_FinalSelectedDatasets\Vibrational response _ FRF (g_N) _ 3000-6500 Hz _ AVG_final_selected_input_output.csv,C:\Users\chuck\Documents\Codex\2026-06-22\a2f23dee1d9a824b840a0175ca9a1f4b-https-app-notion-com-p\experiments\lab_001_xy_connection_20260626\results\TRAIN-REPLAY-001\TRAIN-REPLAY-001-20260731-001\generated_outputs\04_FinalSelectedDatasets\Vibrational response _ FRF (g_N) _ 3000-6500 Hz _ AVG_final_selected_input_output.csv,C:\Users\chuck\Documents\Codex\_runlinks\TR1\04_FinalSelectedDatasets\Vibrational response _ FRF (g_N) _ 3000-6500 Hz _ AVG_final_selected_input_output.csv,248414,21c0162546804f8df888a26a2dc2ff68ee1eb58246e549c78812b12079fc3c62
04_FinalSelectedDatasets\Vibrational response _ FRF (g_N) _ 3000-6500 Hz _ AVG_final_selected_input_output.xlsx,C:\Users\chuck\Documents\Codex\2026-06-22\a2f23dee1d9a824b840a0175ca9a1f4b-https-app-notion-com-p\experiments\lab_001_xy_connection_20260626\results\TRAIN-REPLAY-001\TRAIN-REPLAY-001-20260731-001\generated_outputs\04_FinalSelectedDatasets\Vibrational response _ FRF (g_N) _ 3000-6500 Hz _ AVG_final_selected_input_output.xlsx,C:\Users\chuck\Documents\Codex\_runlinks\TR1\04_FinalSelectedDatasets\Vibrational response _ FRF (g_N) _ 3000-6500 Hz _ AVG_final_selected_input_output.xlsx,104137,e9efa363f285ec745b20ddf45befbff033cc1b5508d685d2d59a42a4784bfe2d
